wvnmbr,Voltage,Current,DerivativeY1,DerivativeY1_1,DerivativeY2,DerivativeY2_1,DerivativeY2_2,Alpha
-4033,-0.5,-1.25978e-06,2.47000000000021e-09,3.21431981981985e-09,-2.01012567189072e-11,-2.10999571029567e-11,-2.10999571029567e-11,NaN
-4024.934,-0.499,-1.25731e-06,3.78499999999998e-09,3.19421856310094e-09,-1.93675627499191e-11,-1.95854835457154e-11,-1.95854835457154e-11,NaN
-4008.802,-0.497,-1.25221e-06,3.80999999999993e-09,3.17558469432001e-09,-1.79001748119429e-11,-1.80599165683878e-11,-1.80599165683878e-11,NaN
-4000.736,-0.496,-1.24969e-06,2.57187500000003e-09,3.15841821347706e-09,-1.64327868739663e-11,-1.65232561709741e-11,-1.65232561709741e-11,NaN
-3992.67,-0.495,-1.24706625e-06,2.54374999999997e-09,3.14271912057208e-09,-1.49653989359899e-11,-1.49755023534741e-11,-1.49755023534741e-11,NaN
-3984.604,-0.494,-1.2446025e-06,3.68875000000002e-09,3.12848741560508e-09,-1.34980109980137e-11,-1.3416655115888e-11,-1.3416655115888e-11,NaN
-3968.472,-0.492,-1.23968875e-06,3.79625000000002e-09,3.11572309857605e-09,-1.20306230600375e-11,-1.18467144582156e-11,-1.19935279855045e-11,NaN
-3960.406,-0.491,-1.23701e-06,2.50437499999996e-09,3.104426169485e-09,-1.05632351220611e-11,-1.0265680380457e-11,-1.02624370764674e-11,NaN
-3952.34,-0.49,-1.23468e-06,2.42749999999999e-09,3.09459662833193e-09,-9.09584718408448e-12,-8.67355288261228e-12,-8.44583655260511e-12,NaN
-3944.274,-0.489,-1.232155e-06,3.80250000000004e-09,3.08623447511683e-09,-7.62845924610828e-12,-7.07033196468133e-12,-6.88480587027088e-12,NaN
-3928.142,-0.487,-1.227075e-06,3.76812499999996e-09,3.07933970983971e-09,-6.16107130813208e-12,-5.45601762666417e-12,-5.27203990351522e-12,NaN
-3920.076,-0.486,-1.22461875e-06,2.4018750000001e-09,3.07391233250057e-09,-4.69368337015567e-12,-2.08108200170193e-12,-3.23970991796049e-12,NaN
-3912.01,-0.485,-1.22227125e-06,2.40812500000001e-09,3.0699523430994e-09,-3.22629543217926e-12,-1.79537609619996e-12,-1.17428424183729e-12,NaN
-3903.944,-0.484,-1.2198025e-06,3.73562500000002e-09,3.06745974163621e-09,-1.75890749420286e-12,-1.02213870553284e-12,4.34726607155167e-13,NaN
-3887.812,-0.482,-1.2148e-06,3.73625000000006e-09,3.066434528111e-09,-2.91519556226447e-13,2.6230167299826e-12,1.85520841841288e-12,NaN
-3879.746,-0.481,-1.21233e-06,2.52499999999982e-09,3.06687670252376e-09,1.17586838174996e-12,5.23241505430537e-12,3.44641268960057e-12,NaN
-3871.68,-0.48,-1.20975e-06,2.52500000000003e-09,3.0687862648745e-09,2.64325631972616e-12,4.22445693146951e-12,4.78820039098652e-12,NaN
-3863.614,-0.479,-1.20728e-06,3.76500000000006e-09,3.07216321516321e-09,2.4029363588233e-12,3.79128199964663e-12,5.74549496038511e-12,NaN
-3847.482,-0.477,-1.20222e-06,3.82937499999991e-09,3.07359213759214e-09,2.63882063882127e-11,6.6123199473765e-12,6.15219733555437e-12,NaN
-3839.416,-0.476,-1.19962125e-06,2.50875000000006e-09,3.12493962793964e-09,2.92409617409585e-11,8.30614833123122e-12,6.26529461111952e-12,NaN
-3831.35,-0.475,-1.1972025e-06,2.36312500000004e-09,3.13207406107406e-09,-1.44417997543042e-11,6.05056477299454e-12,6.27084784003623e-12,NaN
-3823.284,-0.474,-1.194895e-06,3.61124999999989e-09,3.09605602843103e-09,-1.6651566339065e-11,4.18832100334626e-12,5.90931121552373e-12,NaN
-3807.152,-0.472,-1.18998e-06,3.71249999999999e-09,3.09877092839593e-09,2.34768778518812e-11,5.32843493508175e-12,4.95517821460496e-12,NaN
-3799.086,-0.471,-1.18747e-06,2.54500000000005e-09,3.14300978413479e-09,2.33905098280125e-11,5.47880301907994e-12,3.75516664472487e-12,NaN
-3791.02,-0.47,-1.18489e-06,2.5350000000001e-09,3.14555194805196e-09,-2.09165496665522e-11,2.44473165378703e-12,2.56016110371712e-12,NaN
-3783.054825,-0.4690125,-1.1824e-06,3.70187499999999e-09,3.10117668480169e-09,-2.13624956125002e-11,3.59319042050869e-14,1.42424422919165e-12,NaN
-3766.822,-0.467,-1.17748625e-06,3.66999999999998e-09,3.10282695682696e-09,2.53748025622999e-11,7.09400626138202e-13,6.9542495003974e-13,NaN
-3758.756,-0.466,-1.17506e-06,2.4881250000001e-09,3.15192628992629e-09,2.44454852579855e-11,1.19816638950075e-12,5.30957527610339e-13,NaN
-3750.790825,-0.4650125,-1.17251e-06,2.57999999999996e-09,3.15171792734293e-09,-2.62185635310592e-11,-9.44438496109963e-13,6.09194689488911e-13,NaN
-3742.624,-0.464,-1.1699e-06,3.71999999999988e-09,3.09948916286417e-09,-2.77967927342919e-11,-4.7056575484933e-13,6.72635673487564e-13,NaN
-3726.592825,-0.4620125,-1.16507e-06,3.69999999999996e-09,3.09612434187434e-09,2.21366049491046e-11,3.51084651611803e-12,9.50172827413755e-13,NaN
-3718.426,-0.461,-1.1625e-06,2.56000000000004e-09,3.14376237276238e-09,2.42042383292408e-11,3.36445147990944e-12,1.47780284651337e-12,NaN
-3710.36,-0.46,-1.15995e-06,2.62000000000011e-09,3.14453281853282e-09,-2.00056818181841e-11,-5.85161531876809e-13,1.69906000317573e-12,NaN
-3702.294,-0.459,-1.15726e-06,3.89999999999998e-09,3.10375100912601e-09,-1.81512811512841e-11,-6.65776402966032e-13,1.36754308286695e-12,NaN
-3686.162,-0.457,-1.15215e-06,3.83499999999998e-09,3.10823025623026e-09,2.58762504387515e-11,3.10403974123735e-12,8.84298143843227e-13,NaN
-3678.096,-0.456,-1.14959e-06,2.48499999999999e-09,3.15550351000351e-09,2.80716698841694e-11,2.74549361418027e-12,7.41533466590217e-13,NaN
-3670.03,-0.455,-1.14718e-06,2.44499999999994e-09,3.1643735959986e-09,-1.30954282204262e-11,-1.7281760382648e-12,7.49476472239383e-13,NaN
-3661.964,-0.454,-1.1447e-06,3.67500000000012e-09,3.12931265356266e-09,-1.93624736749712e-11,-1.80419318054151e-12,2.64563950942037e-13,NaN
-3645.832,-0.452,-1.13983e-06,3.61312500000002e-09,3.12564864864865e-09,1.37220735345686e-11,2.20017653143225e-12,-5.91149963349059e-13,NaN
-3637.766,-0.451,-1.13747375e-06,2.50249999999994e-09,3.1567568006318e-09,1.15349684099643e-11,1.36007017884226e-12,-1.16670186518662e-12,NaN
-3629.7,-0.45,-1.134825e-06,2.5018749999999e-09,3.14871858546858e-09,-2.64474157599153e-11,-3.92870542745916e-12,-1.41318929577864e-12,NaN
-3621.634,-0.449,-1.13247e-06,3.76687499999998e-09,3.10386196911197e-09,-2.1266080203576e-11,-4.48525123690595e-12,-1.84694371544828e-12,NaN
-3605.502,-0.447,-1.12729125e-06,3.76500000000006e-09,3.10618642506143e-09,2.18054361179393e-11,-3.53275241187523e-13,-2.43502307276293e-12,NaN
-3597.436,-0.446,-1.12494e-06,2.42062500000004e-09,3.14747284134784e-09,1.88064891189872e-11,-1.67683669338291e-13,-2.38649377855583e-12,NaN
-3589.37,-0.445,-1.12245e-06,2.50000000000008e-09,3.1437994032994e-09,-2.56964943839912e-11,-3.8259928740273e-12,-1.5077593954621e-12,NaN
-3581.304,-0.444,-1.11994e-06,3.81999999999989e-09,3.09607985257986e-09,-2.33503202878182e-11,-3.16842963114223e-12,-6.33244919906317e-13,NaN
-3565.172,-0.442,-1.11481e-06,3.86499999999996e-09,3.09709876272377e-09,2.39292734292658e-11,1.71290555084251e-12,-1.49457603761409e-13,NaN
-3557.106,-0.441,-1.11221e-06,2.55000000000009e-09,3.14393839943839e-09,2.11890356265324e-11,2.99621011559156e-12,3.84014815976156e-13,NaN
-3549.04,-0.44,-1.10971e-06,2.49999999999998e-09,3.13947683397683e-09,-2.55507414882364e-11,-2.15987338800395e-13,9.59285017134143e-13,NaN
-3540.974,-0.439,-1.10721e-06,3.77062500000003e-09,3.09283691646192e-09,-1.92549798174755e-11,-8.85727268940276e-13,9.45554266134103e-13,NaN
-3524.842,-0.437,-1.10216875e-06,3.70499999999999e-09,3.10096687434188e-09,3.1535560723059e-11,2.09410717857087e-12,3.29449542958963e-13,NaN
-3516.776,-0.436,-1.0998e-06,2.46437500000003e-09,3.15590803790804e-09,2.79799491049452e-11,1.49970229800191e-12,-2.28397116549378e-13,NaN
-3508.71,-0.435,-1.09724e-06,2.53125000000004e-09,3.15692677255177e-09,-2.3914926289926e-11,-2.87700684221211e-12,-6.3212193346261e-13,NaN
-3500.644,-0.434,-1.0947375e-06,3.67999999999994e-09,3.10807818532819e-09,-2.38162074412077e-11,-3.29183600176949e-12,-1.21453036592236e-12,NaN
-3484.512,-0.432,-1.08988e-06,3.5387499999999e-09,3.10929435766936e-09,2.19356353106356e-11,3.30011442221374e-13,-1.81498804413306e-12,NaN
-3476.446,-0.431,-1.08766e-06,2.42562500000007e-09,3.15194945594946e-09,1.66747542997576e-11,7.33658217109133e-14,-2.04814171283087e-12,NaN
-3468.38,-0.43,-1.08502875e-06,2.65875000000007e-09,3.14264386626887e-09,-3.01148648648617e-11,-4.21058127075195e-12,-2.05335547915758e-12,NaN
-3460.314,-0.429,-1.0823425e-06,3.86812499999997e-09,3.09171972621973e-09,-3.09494340119353e-11,-4.21097030857193e-12,-2.27966391020655e-12,NaN
-3444.182,-0.427,-1.0772925e-06,3.75687500000002e-09,3.080744998245e-09,1.58542690417639e-11,-2.37927349238716e-13,-2.57046616431012e-12,NaN
-3436.116,-0.426,-1.07482875e-06,2.47374999999994e-09,3.12342826430326e-09,2.31030186030173e-11,-6.13838276330437e-13,-2.38083765566208e-12,NaN
-3428.05,-0.425,-1.072345e-06,2.55187500000001e-09,3.12695103545104e-09,-2.21655405405381e-11,-4.52642596474318e-12,-1.81396398380016e-12,NaN
-3419.984,-0.424,-1.069725e-06,3.73250000000001e-09,3.07909718322219e-09,-2.31515882765861e-11,-3.54241814571964e-12,-1.46989356375241e-12,NaN
-3403.852,-0.422,-1.06488e-06,3.73687499999989e-09,3.08064785889786e-09,2.51314496314476e-11,1.37927379358391e-12,-1.34740538197202e-12,NaN
-3395.786,-0.421,-1.06225125e-06,2.52000000000011e-09,3.12936008248508e-09,2.61514127764084e-11,1.51856641542769e-12,-8.4744350511377e-13,NaN
-3387.72,-0.42,-1.05984e-06,2.40562500000015e-09,3.13295068445068e-09,-2.17064320814322e-11,-2.51589680044694e-12,-8.21256270733511e-14,NaN
-3379.754825,-0.4190125,-1.05744e-06,3.73187499999986e-09,3.08594721832222e-09,-2.38183353808327e-11,-2.12997889236083e-12,1.87881507209198e-13,NaN
-3363.622825,-0.4170125,-1.05237625e-06,3.75312499999987e-09,3.08531401368901e-09,2.36149526149557e-11,2.40885287371046e-12,4.1400014436012e-14,NaN
-3355.456,-0.416,-1.04993375e-06,2.36312500000004e-09,3.13317712355213e-09,2.27201430326426e-11,2.64649349329843e-12,2.79785399144615e-13,NaN
-3347.39,-0.415,-1.04765e-06,2.37625000000011e-09,3.1307542997543e-09,-2.48080247455268e-11,-1.51333300048082e-12,9.03280637204976e-13,NaN
-3339.324,-0.414,-1.04518125e-06,3.77375000000004e-09,3.08356107406107e-09,-2.26514347139332e-11,-1.39836574138989e-12,1.13099531103436e-12,NaN
-3323.192,-0.412,-1.0401025e-06,3.79374999999995e-09,3.08545143032643e-09,2.30304492804495e-11,3.35593973574119e-12,9.6153584067629e-13,NaN
-3315.126,-0.411,-1.03759375e-06,2.39625000000002e-09,3.12962197262197e-09,1.91098631098597e-11,3.81751317915057e-12,1.15233572270205e-12,NaN
-3307.06,-0.41,-1.03531e-06,2.44687500000007e-09,3.12367115654615e-09,-2.58670147420147e-11,-4.83038243662745e-13,1.72586850393772e-12,NaN
-3298.994,-0.409,-1.0327e-06,3.74499999999993e-09,3.07788794313794e-09,-1.95242628992586e-11,-7.49664081246705e-13,2.02465786292195e-12,NaN
-3282.862,-0.407,-1.02782e-06,3.77499999999991e-09,3.08462263074764e-09,3.16226526851527e-11,3.90375634775375e-12,1.96965314538827e-12,NaN
-3274.796,-0.406,-1.02515e-06,2.69999999999999e-09,3.14113324850825e-09,3.09403299403304e-11,4.68310408347981e-12,2.11057546467772e-12,NaN
-3266.73,-0.405,-1.02242e-06,2.58000000000007e-09,3.1465032906283e-09,-2.01459503334486e-11,6.37294930425648e-13,2.53294248705323e-12,NaN
-3258.664,-0.404,-1.01999e-06,3.679375e-09,3.10084134784135e-09,-1.94724025974055e-11,4.61131688125726e-13,2.71694774822264e-12,NaN
-3242.532,-0.402,-1.01506125e-06,3.68624999999995e-09,3.10755848543349e-09,2.81572262197218e-11,4.45366089694281e-12,2.48344665136743e-12,NaN
-3234.466,-0.401,-1.0126175e-06,2.40250000000004e-09,3.1571558002808e-09,2.2816865566862e-11,4.23315926936348e-12,2.18534717032789e-12,NaN
-3226.4,-0.4,-1.01025625e-06,2.43375e-09,3.15319221656721e-09,-2.78350956475932e-11,-2.08727883624482e-14,1.90938668632632e-12,NaN
-3218.334,-0.399,-1.00775e-06,3.73125000000003e-09,3.10148560898561e-09,-2.71392813267728e-11,-2.72982469431532e-13,1.27355058978374e-12,NaN
-3202.202,-0.397,-1.00279375e-06,3.81312500000004e-09,3.09891365391366e-09,2.63486091611109e-11,2.70458420916075e-12,3.47767275950275e-13,NaN
-3194.136,-0.396,-1.00012375e-06,2.5306249999999e-09,3.15418282730783e-09,3.13501886626813e-11,1.34275271049925e-12,-2.52598833959093e-13,NaN
-3186.07,-0.395,-9.977325e-07,2.50687499999993e-09,3.16161403123903e-09,-2.34292514917549e-11,-3.18572497550526e-12,-4.36452238532083e-13,NaN
-3178.004,-0.394,-9.9511e-07,3.80625000000009e-09,3.10732432432432e-09,-2.98929229554212e-11,-2.96020852650863e-12,-6.90893773431275e-13,NaN
-3161.872,-0.392,-9.9012e-07,3.79937500000003e-09,3.10182818532818e-09,2.16162249912253e-11,1.38544207398443e-12,-9.90355496648101e-13,NaN
-3153.806,-0.391,-9.8751125e-07,2.56250000000001e-09,3.15055677430677e-09,2.52273385398391e-11,1.44673073408019e-12,-7.76312979812423e-13,NaN
-3145.74,-0.39,-9.84995e-07,2.56125000000003e-09,3.15228286240786e-09,-2.32656414531395e-11,-2.35577349393075e-12,-2.32520207825672e-13,NaN
-3137.674,-0.389,-9.8238875e-07,3.736875e-09,3.10402549140049e-09,-2.47233897858877e-11,-2.00235039140717e-12,-1.20141595447069e-13,NaN
-3121.542,-0.387,-9.7752125e-07,3.67999999999994e-09,3.10283608283609e-09,2.07167207792217e-11,1.93907111096111e-12,-3.6797470744036e-13,NaN
-3113.476,-0.386,-9.7502875e-07,2.5125e-09,3.14545893295894e-09,1.93527553527542e-11,1.70192479200719e-12,-2.93976397619714e-13,NaN
-3105.41,-0.385,-9.7249625e-07,2.41187500000006e-09,3.1415415935416e-09,-2.08288873288899e-11,-2.41507791628297e-12,5.99116981533012e-14,NaN
-3097.344,-0.384,-9.70205e-07,3.67062499999992e-09,3.10380115830116e-09,-1.66192084942073e-11,-2.25844781052716e-12,2.97307624847957e-14,NaN
-3081.212,-0.382,-9.65155e-07,3.74812499999994e-09,3.10830317655318e-09,2.38696253071282e-11,2.1666668268296e-12,-3.45371269440271e-13,NaN
-3073.146,-0.381,-9.6270875e-07,2.42437500000009e-09,3.15154040891541e-09,2.12010793260775e-11,2.18985878919664e-12,-3.79716937508423e-13,NaN
-3065.08,-0.38,-9.6030625e-07,2.41437500000013e-09,3.15070533520534e-09,-2.34057564057571e-11,-2.27388246720572e-12,-3.29667984652243e-14,NaN
-3057.014,-0.379,-9.5788e-07,3.85312499999998e-09,3.1047288961039e-09,-2.36502500877509e-11,-2.4887474855402e-12,9.71917180828143e-14,NaN
-3040.882,-0.377,-9.526e-07,3.98499999999989e-09,3.10340483502983e-09,2.08099552474535e-11,1.76573468223069e-12,-6.85255497399573e-14,NaN
-3032.816,-0.376,-9.4991e-07,2.58374999999996e-09,3.14634880659881e-09,2.29530537030564e-11,2.29182071219888e-12,9.81563720945404e-14,NaN
-3024.75,-0.375,-9.474325e-07,2.36000000000003e-09,3.14931094243595e-09,-1.93731133731128e-11,-1.14445954293535e-12,7.305251620275e-13,NaN
-3016.684,-0.374,-9.4519e-07,3.64125000000003e-09,3.10760257985258e-09,-2.27002237627266e-11,-9.40012538308171e-13,1.12338023411901e-12,NaN
-3000.552,-0.372,-9.4015e-07,3.85187499999994e-09,3.10391049491049e-09,1.80608327483328e-11,2.95809668682778e-12,1.0324900262882e-12,NaN
-2992.486,-0.371,-9.3748625e-07,2.53000000000006e-09,3.14372424534925e-09,2.09859819234834e-11,3.23779521493212e-12,9.72919402220978e-13,NaN
-2984.42,-0.37,-9.3509e-07,2.46812500000008e-09,3.14588245875746e-09,-1.93021893646895e-11,-5.99446229247826e-13,1.04525640806278e-12,NaN
-2976.354,-0.369,-9.3255e-07,3.77062499999993e-09,3.10511986661987e-09,-1.96801509301515e-11,-1.31924214847515e-12,7.40328693511133e-13,NaN
-2960.222,-0.367,-9.2754875e-07,3.70499999999999e-09,3.10652215689716e-09,2.53581519831536e-11,1.86673157658436e-12,8.81785969310919e-14,NaN
-2952.156,-0.366,-9.2514e-07,2.43937500000008e-09,3.15583617058617e-09,2.81478150228174e-11,1.61381091717869e-12,-2.48856691603431e-13,NaN
-2944.09,-0.365,-9.2267e-07,2.51999999999995e-09,3.16281778694279e-09,-1.73561995436999e-11,-2.32267718862565e-12,-2.23464322571601e-13,NaN
-2936.024,-0.364,-9.201e-07,3.82999999999995e-09,3.12112377149877e-09,-2.35429756054758e-11,-2.54879870158538e-12,-3.79644035669964e-13,NaN
-2919.892,-0.362,-9.1501e-07,3.76875000000006e-09,3.11573183573184e-09,1.6813158125658e-11,1.22108144080206e-12,-7.28628180576956e-13,NaN
-2911.826,-0.361,-9.125625e-07,2.52999999999996e-09,3.15475008775009e-09,1.83091216216182e-11,1.47768483570599e-12,-8.33324435313151e-13,NaN
-2903.76,-0.36,-9.0995e-07,2.55999999999999e-09,3.15235007897508e-09,-2.77240917865918e-11,-2.54182690834837e-12,-8.21530698221227e-13,NaN
-2895.694,-0.359,-9.074425e-07,3.76500000000001e-09,3.09930190417691e-09,-3.19560372060319e-11,-3.17201552313141e-12,-1.22641791411328e-12,NaN
-2879.562,-0.357,-9.0242e-07,3.68062499999998e-09,3.08843800456301e-09,1.77585117585142e-11,2.29386711222864e-13,-1.88988733818111e-12,NaN
-2871.596825,-0.3560125,-9.0008125e-07,2.44687500000007e-09,3.13481892769394e-09,2.77147464022432e-11,-1.82495290353551e-13,-2.156395368733e-12,NaN
-2863.43,-0.355,-8.9752625e-07,2.51062500000003e-09,3.1438674973675e-09,-1.5338605651111e-11,-4.53038735481961e-12,-2.00240366767814e-12,NaN
-2855.364,-0.354,-8.9506e-07,3.70312499999997e-09,3.10414171639171e-09,-2.06319761319778e-11,-4.33275305874628e-12,-1.90000526988266e-12,NaN
-2839.232,-0.352,-8.9012e-07,3.62999999999999e-09,3.10260354510354e-09,1.92512723762734e-11,4.17221066595725e-13,-1.76763164034523e-12,NaN
-2831.166,-0.351,-8.878e-07,2.53187499999998e-09,3.14264426114426e-09,2.08509345384327e-11,1.17482963603019e-12,-1.11473772970781e-12,NaN
-2823.1,-0.35,-8.8505625e-07,2.67499999999999e-09,3.14430541418041e-09,-2.26804141804134e-11,-2.32862534797393e-12,-1.40690180477934e-13,NaN
-2815.034,-0.349,-8.8245e-07,3.76812500000002e-09,3.09728343278343e-09,-2.63992848367793e-11,-1.77069803401933e-12,4.05734353791661e-13,NaN
-2798.902,-0.347,-8.7752e-07,3.72625000000005e-09,3.09150684450685e-09,1.8611640049142e-11,2.97519963503498e-12,4.60479968143457e-13,NaN
-2790.836,-0.346,-8.749975e-07,2.58812500000005e-09,3.13450671288172e-09,2.0835666023163e-11,3.16673706419058e-12,6.25167089346785e-13,NaN
-2782.77,-0.345,-8.7234375e-07,2.48374999999995e-09,3.13317817655318e-09,-2.32661679536685e-11,-1.3539379637576e-12,9.49696440587569e-13,NaN
-2774.704,-0.344,-8.7003e-07,3.55187499999992e-09,3.08797437697438e-09,-1.94758029133025e-11,-1.68225796494815e-12,8.5071853071263e-13,NaN
-2758.572,-0.342,-8.6524e-07,3.65000000000001e-09,3.09422657072657e-09,2.85256888381865e-11,2.49920782525422e-12,3.40359470771854e-13,NaN
-2750.506,-0.341,-8.6273e-07,2.50000000000003e-09,3.14502575465075e-09,2.45288259038261e-11,2.50881652440569e-12,4.16900826810994e-14,NaN
-2742.44,-0.34,-8.6024e-07,2.52499999999998e-09,3.14328422253422e-09,-2.25313267813261e-11,-1.74407166976266e-12,3.14743813523224e-13,NaN
-2734.374,-0.339,-8.5768e-07,3.74000000000001e-09,3.0999631010881e-09,-1.8903825903828e-11,-1.99891164360807e-12,7.99781716394769e-13,NaN
-2718.242,-0.337,-8.5276e-07,3.76687499999998e-09,3.10547657072657e-09,2.73666418041403e-11,2.14473092564312e-12,8.38103553798648e-13,NaN
-2710.176,-0.336,-8.5014625e-07,2.58312499999997e-09,3.15469638469638e-09,2.15153123903114e-11,2.59145445956846e-12,4.87509515097336e-13,NaN
-2702.11,-0.335,-8.4759375e-07,2.52312500000001e-09,3.14850719550719e-09,-2.84100342225329e-11,-1.57172598656635e-13,2.27008802874658e-13,NaN
-2694.044,-0.334,-8.451e-07,3.75687500000002e-09,3.09787631625132e-09,-2.56637855387819e-11,-4.05043733908865e-13,-5.65003384086296e-14,NaN
-2677.912,-0.332,-8.4008e-07,3.71500000000006e-09,3.09717962442963e-09,2.06747762372765e-11,-6.74948847345923e-14,-8.17754835253125e-13,NaN
-2669.846,-0.331,-8.3767e-07,2.39499999999999e-09,3.13922586872587e-09,1.75691690066678e-11,-2.08513678313808e-12,-1.85919476741953e-12,NaN
-2661.78,-0.33,-8.3529e-07,2.47500000000003e-09,3.13231796244296e-09,-2.67556379431393e-11,-3.98020691923863e-12,-2.58163044951399e-12,NaN
-2653.714,-0.329,-8.3272e-07,3.76000000000003e-09,3.08571459283959e-09,-1.92529396279393e-11,-2.9422606358895e-12,-2.92740857740488e-12,NaN
-2637.582,-0.327,-8.2777e-07,3.77999999999995e-09,3.09381208318708e-09,2.92166988417013e-11,-1.61642528316608e-12,-2.91350695953289e-12,NaN
-2629.516,-0.326,-8.2516e-07,2.59624999999993e-09,3.14414799052299e-09,2.64276281151301e-11,-2.46012423306797e-12,-2.37048658819674e-12,NaN
-2621.45,-0.325,-8.225775e-07,2.61062499999999e-09,3.14666733941734e-09,-2.29583625833602e-11,-3.13945054474991e-12,-1.51539714018492e-12,NaN
-2613.384,-0.324,-8.1993875e-07,3.77375000000004e-09,3.09823126535627e-09,-2.7150184275184e-11,-9.51116309341779e-13,-6.63170901095571e-13,NaN
-2597.252,-0.322,-8.1503e-07,3.68937500000001e-09,3.09236697086698e-09,-5.09808266058492e-12,1.73900395159384e-12,1.9648170254816e-13,NaN
-2589.186,-0.321,-8.1256e-07,2.35437500000001e-09,3.0880351000351e-09,3.72016497016409e-12,1.58349892732032e-12,1.07663243166716e-12,NaN
-2581.12,-0.32,-8.1032125e-07,2.43e-09,3.0998073008073e-09,1.16659354159364e-11,8.09812649976852e-13,1.67925489141198e-12,NaN
-2573.054,-0.319,-8.077e-07,3.78499999999998e-09,3.11136697086698e-09,4.22525447525456e-12,2.20427382800706e-12,1.88529043592525e-12,NaN
-2556.922,-0.317,-8.0275125e-07,3.70499999999999e-09,3.10825780975781e-09,-3.49675324675301e-12,3.41335880772796e-12,2.087758746922e-12,NaN
-2548.856,-0.316,-8.0029e-07,2.41562500000006e-09,3.10437346437347e-09,6.51520270270245e-12,2.04700536833183e-12,2.71593233843585e-12,NaN
-2540.79,-0.315,-7.9792e-07,2.41437500000002e-09,3.12128821516322e-09,1.68278343278318e-11,1.28193774023685e-12,3.79690672921326e-12,NaN
-2532.724,-0.314,-7.9546125e-07,3.79499999999999e-09,3.13802913302913e-09,5.92383292383181e-12,4.03958041717484e-12,4.81725372082239e-12,NaN
-2516.592,-0.312,-7.9033e-07,3.77687499999999e-09,3.13313588101088e-09,-2.17558792558724e-12,7.39943898749842e-12,5.35625398575992e-12,NaN
-2508.526,-0.311,-7.879075e-07,2.49999999999998e-09,3.13367795717796e-09,6.46924359424453e-12,7.59667571170504e-12,5.75229773504225e-12,NaN
-2500.46,-0.31,-7.8533e-07,2.51812500000003e-09,3.14607436819937e-09,8.25252281502333e-12,6.20844053005309e-12,6.19851941154566e-12,NaN
-2492.394,-0.309,-7.8287125e-07,3.74875000000004e-09,3.150183002808e-09,-2.94206300456242e-12,4.99932841349565e-12,6.07130997738988e-12,NaN
-2476.262,-0.307,-7.778325e-07,3.74625000000002e-09,3.14019024219025e-09,-7.98848280098053e-12,4.0724662829107e-12,5.03785594564837e-12,NaN
-2468.196,-0.306,-7.7537875e-07,2.46187499999996e-09,3.13420603720604e-09,5.03426640926658e-12,4.25155499667147e-12,3.81824693244029e-12,NaN
-2460.13,-0.305,-7.7290875e-07,2.40437499999996e-09,3.15025877500878e-09,1.77188925938898e-11,4.01430283401467e-12,3.09609416674785e-12,NaN
-2452.064,-0.304,-7.7057e-07,3.63437500000003e-09,3.16964382239382e-09,1.2502939627936e-11,2.27211444206337e-12,2.61509140926201e-12,NaN
-2435.932,-0.302,-7.6564e-07,3.88499999999999e-09,3.17526465426465e-09,1.39474376974304e-12,9.53679858305195e-13,1.99480276004599e-12,NaN
-2427.866,-0.301,-7.628e-07,2.67000000000001e-09,3.17243330993331e-09,7.26219726222213e-13,1.3231316230657e-12,1.24965277991502e-12,NaN
-2419.8,-0.3,-7.603e-07,3.68250000000001e-09,3.1767170937171e-09,5.86411898913067e-13,1.40028841924821e-12,5.37564240987282e-13,NaN
-2403.668,-0.298,-7.55435e-07,3.6975e-09,3.17360613373114e-09,-7.70094770094928e-12,-8.25736716352059e-14,-1.09129686745778e-13,NaN
-2395.602,-0.297,-7.52905e-07,2.52749999999999e-09,3.1613151983152e-09,-7.56250000000237e-12,-1.55955460620014e-12,-8.5468529556243e-13,NaN
-2387.536,-0.296,-7.5038e-07,2.54249999999998e-09,3.15848113373113e-09,-2.66475078977502e-13,-1.9224958394011e-12,-2.06636101957488e-12,NaN
-2379.47,-0.295,-7.4782e-07,3.78e-09,3.16078224815724e-09,1.56304843804817e-12,-2.42136142783826e-12,-3.81565959319196e-12,NaN
-2363.338,-0.293,-7.4282e-07,3.66562499999999e-09,3.16160723060723e-09,-6.08647771147493e-12,-4.63678245729131e-12,-5.3304603335342e-12,NaN
-2355.272,-0.292,-7.4048875e-07,2.47812500000003e-09,3.14860929273429e-09,-1.01181116181101e-11,-6.82338375038146e-12,-6.02275078971059e-12,NaN
-2347.206,-0.291,-7.3786375e-07,2.58187499999999e-09,3.14137100737101e-09,-1.33566602316611e-12,-8.0956760090052e-12,-6.22123868505978e-12,NaN
-2339.14,-0.29,-7.35325e-07,3.69124999999998e-09,3.14593796068796e-09,2.09266409266447e-12,-7.73798169462594e-12,-6.31294687828652e-12,NaN
-2323.008,-0.288,-7.3048125e-07,3.70687500000002e-09,3.14555633555634e-09,-8.09619603369505e-12,-4.79167469393022e-12,-5.91346561108623e-12,NaN
-2314.942,-0.287,-7.2791125e-07,2.555625e-09,3.12974556862057e-09,-1.5572657072656e-11,-2.69691177062826e-12,-4.72863780142743e-12,NaN
-2306.876,-0.286,-7.2537e-07,2.60312499999999e-09,3.11441102141102e-09,-5.87339856089821e-12,-3.46670278600584e-12,-3.39937926820667e-12,NaN
-2298.81,-0.285,-7.22705e-07,3.80624999999998e-09,3.11799877149877e-09,4.03806160056115e-12,-3.96902367399197e-12,-2.51843348050846e-12,NaN
-2282.678,-0.283,-7.177575e-07,3.66249999999998e-09,3.12248714461215e-09,-5.41260091260137e-12,-1.79780490100404e-12,-2.0217595922721e-12,NaN
-2274.612,-0.282,-7.1538e-07,2.38187500000002e-09,3.10717356967357e-09,-1.73584371709378e-11,-2.64602500995017e-13,-1.52320411820669e-12,NaN
-2266.546,-0.281,-7.1299375e-07,2.34500000000004e-09,3.08777027027027e-09,-4.47115215865276e-12,-1.25298548230885e-12,-8.17118289730677e-13,NaN
-2258.48,-0.28,-7.1069e-07,3.69187499999998e-09,3.09823126535627e-09,1.09664575289575e-11,-1.53959317521762e-12,-1.52315722780318e-13,NaN
-2242.348,-0.278,-7.0561e-07,3.79124999999994e-09,3.10970318532819e-09,2.71466523341542e-11,6.2730112341909e-13,2.80639043705853e-13,NaN
-2234.282,-0.277,-7.031075e-07,2.62000000000001e-09,3.15252457002457e-09,1.88046902421919e-11,2.24246947048514e-12,6.90576829514769e-13,NaN
-2226.216,-0.276,-7.0037e-07,2.53937500000003e-09,3.14731256581257e-09,-2.4889873639874e-11,1.02835067929869e-12,1.30815784460207e-12,NaN
-2218.15,-0.275,-6.9802875e-07,3.65562500000003e-09,3.10274482274483e-09,-2.23075640575649e-11,1.63503076158393e-13,1.85289139402378e-12,NaN
-2202.018,-0.273,-6.9305875e-07,3.79937500000003e-09,3.10269743769744e-09,1.96607581607575e-11,1.9147393440872e-12,1.94779772282269e-12,NaN
-2193.952,-0.272,-6.9043e-07,2.530625e-09,3.14206633906634e-09,1.70189320814311e-11,3.29073181077516e-12,1.72367718800385e-12,NaN
-2185.886,-0.271,-6.879975e-07,2.45999999999998e-09,3.1367353018603e-09,-2.32217664092663e-11,1.90333799297116e-12,1.246962478524e-12,NaN
-2177.82,-0.27,-6.8551e-07,3.67624999999999e-09,3.09562280624781e-09,-1.63782686907679e-11,7.08177487771381e-15,4.83456017171664e-13,NaN
-2161.688,-0.268,-6.80645e-07,3.73e-09,3.10397876447877e-09,2.49614338364333e-11,-2.40699666819455e-13,-1.76284036889666e-13,NaN
-2153.622,-0.267,-6.7805e-07,2.57249999999997e-09,3.14554567392067e-09,1.84783696033705e-11,-4.1294862124825e-13,-4.71867024340274e-13,NaN
-2145.556,-0.266,-6.755e-07,2.61374999999999e-09,3.14093550368551e-09,-2.36161811161805e-11,-2.37650110308711e-12,-6.538854400065e-13,NaN
-2137.49,-0.265,-6.728225e-07,3.85812500000001e-09,3.09831331168831e-09,-1.88019041769051e-11,-2.13507227004337e-12,-8.65253407977222e-13,NaN
-2121.358,-0.263,-6.6778375e-07,3.78125000000003e-09,3.1033316953317e-09,2.74839636714629e-11,1.56594559655166e-12,-7.80404563147732e-13,NaN
-2113.292,-0.262,-6.6526e-07,2.45687499999998e-09,3.15328123903124e-09,2.39717225342218e-11,1.770877369496e-12,-3.76031921407794e-13,NaN
-2105.226,-0.261,-6.6287e-07,2.45999999999998e-09,3.15127514040014e-09,-2.60016453141449e-11,-1.99237051426093e-12,-2.82466049932877e-13,NaN
-2097.16,-0.26,-6.6034e-07,3.73437500000004e-09,3.10127794840295e-09,-2.94075991575989e-11,-2.62836015711136e-12,-7.51160293828514e-13,NaN
-2081.028,-0.258,-6.5540125e-07,3.61687500000002e-09,3.09245994208494e-09,1.54907423657402e-11,4.55998330941198e-13,-1.31037655556205e-12,NaN
-2072.962,-0.257,-6.5310625e-07,2.37562500000001e-09,3.13225943313443e-09,2.17924052299037e-11,2.77315563171003e-13,-1.41262444830034e-12,NaN
-2064.896,-0.256,-6.5065e-07,2.47312499999995e-09,3.13604475254475e-09,-1.80501272376263e-11,-3.40634394121618e-12,-1.10759921813524e-12,NaN
-2056.83,-0.255,-6.4816e-07,3.77499999999997e-09,3.09615917865918e-09,-2.14323666198658e-11,-2.98828371241328e-12,-8.58387965161809e-13,NaN
-2040.698,-0.253,-6.431e-07,3.70000000000001e-09,3.09318001930502e-09,1.95256449631464e-11,1.64055749245764e-12,-5.69568087232314e-13,NaN
-2032.632,-0.252,-6.4076e-07,2.50500000000001e-09,3.13521046858547e-09,2.43214724464747e-11,2.35810002514618e-12,1.59940111474445e-13,NaN
-2024.566,-0.251,-6.3809e-07,2.685e-09,3.14182296419797e-09,-1.98606309231299e-11,-1.09370840835157e-12,1.10823220644441e-12,NaN
-2016.5,-0.25,-6.3539e-07,3.82500000000002e-09,3.09548920673921e-09,-2.66642637767637e-11,-4.02257231163583e-13,1.67531014036483e-12,NaN
-2000.368,-0.248,-6.3044e-07,3.6325e-09,3.08849443664444e-09,1.87659310284308e-11,4.2277594211296e-12,1.88127518889877e-12,NaN
-1992.302,-0.247,-6.28125e-07,2.38e-09,3.13302106879607e-09,2.79164355914347e-11,4.39423990093763e-12,2.24413931066488e-12,NaN
-1984.236,-0.246,-6.2568e-07,2.52812499999999e-09,3.14432730782731e-09,-1.46391584766597e-11,4.17081465357364e-13,2.72117058643585e-12,NaN
-1976.17,-0.245,-6.2306875e-07,3.80062499999996e-09,3.10374275184275e-09,-1.88570265882783e-11,5.94676293397304e-13,2.68432072093499e-12,NaN
-1960.038,-0.243,-6.1807875e-07,3.72437500000003e-09,3.10661325465075e-09,2.96942392067377e-11,4.61902292887684e-12,2.1621453239872e-12,NaN
-1951.972,-0.242,-6.1562e-07,2.50437500000002e-09,3.16313123025623e-09,2.91682717620237e-11,4.21331703033841e-12,1.90620338645134e-12,NaN
-1943.906,-0.241,-6.1307e-07,2.509375e-09,3.1649497981748e-09,-2.56812521937505e-11,-3.61342796076504e-13,1.99728463866899e-12,NaN
-1935.84,-0.24,-6.1060125e-07,3.75999999999998e-09,3.11176872586873e-09,-2.77919116356616e-11,-8.62928313083895e-13,1.77612696248296e-12,NaN
-1919.708,-0.238,-6.0555e-07,3.755e-09,3.10936597490348e-09,2.35268361705872e-11,3.23377673638149e-12,1.23603395947289e-12,NaN
-1911.642,-0.237,-6.0309125e-07,2.54812500000006e-09,3.1588223982099e-09,2.50711017023515e-11,3.56285832385452e-12,1.03405171012365e-12,NaN
-1903.576,-0.236,-6.0045375e-07,2.56687500000005e-09,3.15950817830818e-09,-2.05882941382951e-11,-6.55221931991066e-13,1.12765537295368e-12,NaN
-1895.51,-0.235,-5.979575e-07,3.68187499999996e-09,3.11764580993331e-09,-1.85205773955782e-11,-1.19786575449945e-12,9.8255167574825e-13,NaN
-1879.378,-0.233,-5.9309e-07,3.71624999999999e-09,3.12246702351702e-09,2.31327329764825e-11,2.58458526709627e-12,6.73443012487054e-13,NaN
-1871.312,-0.232,-5.90525e-07,2.63125e-09,3.16391127588628e-09,1.47145401895416e-11,2.50840830362561e-12,6.41023495523194e-13,NaN
-1863.246,-0.231,-5.878275e-07,2.53312499999996e-09,3.15189610389611e-09,-2.80447591260084e-11,-1.66879468398527e-12,8.40962386803623e-13,NaN
-1855.18,-0.23,-5.8545875e-07,3.66875e-09,3.10782175763426e-09,-1.66913895226416e-11,-1.09728010298454e-12,7.80874203915773e-13,NaN
-1839.048,-0.228,-5.8049e-07,3.823125e-09,3.11851332485082e-09,3.12666045103537e-11,3.25235754494689e-12,4.12336004544839e-13,NaN
-1830.982,-0.227,-5.778125e-07,2.68912499999998e-09,3.17035496665497e-09,2.76398582836109e-11,2.46598704333632e-12,1.78214975961826e-13,NaN
-1822.916,-0.226,-5.7511175e-07,2.53625000000002e-09,3.17379304141805e-09,-2.13012657950133e-11,-2.25199397157781e-12,2.00437782923958e-13,NaN
-1814.85,-0.225,-5.7274e-07,3.49587500000002e-09,3.12775243506494e-09,-2.40763469638469e-11,-2.40672983362987e-12,2.78884321503413e-14,NaN
-1798.718,-0.223,-5.6812e-07,3.68681249999998e-09,3.12564034749035e-09,1.88369844682327e-11,1.37167341324961e-12,-5.40490253182536e-13,NaN
-1790.652,-0.222,-5.65366375e-07,2.56000000000004e-09,3.16542640400141e-09,1.84761297823781e-11,1.11688859086502e-12,-9.4693935379796e-13,NaN
-1782.586,-0.221,-5.63e-07,2.40131250000002e-09,3.16259260705511e-09,-2.43719813969812e-11,-2.4505071325417e-12,-9.93242629557635e-13,NaN
-1774.52,-0.22,-5.6056375e-07,3.79399999999996e-09,3.11668244120744e-09,-2.19115522990526e-11,-2.46925478962294e-12,-1.16986940562925e-12,NaN
-1758.388,-0.218,-5.55412e-07,3.96968749999998e-09,3.118769502457e-09,2.25689913127395e-11,2.87989222516658e-13,-1.41659501198524e-12,NaN
-1750.322,-0.217,-5.52624375e-07,2.64968749999997e-09,3.16182042383292e-09,1.62088101088087e-11,-2.12460122332397e-13,-1.05582906767973e-12,NaN
-1742.256,-0.216,-5.50112625e-07,2.55306250000003e-09,3.15118712267462e-09,-2.53054624429603e-11,-2.90678450962254e-12,-1.15346101884387e-13,NaN
-1734.19,-0.215,-5.4751825e-07,3.73087500000005e-09,3.111209498947e-09,-1.76645423832878e-11,-1.15347176380635e-12,6.55027132464728e-13,NaN
-1718.058,-0.213,-5.42650875e-07,3.59387500000002e-09,3.11585803790804e-09,2.40968673218674e-11,4.00970663846173e-12,1.22941398251207e-12,NaN
-1709.992,-0.212,-5.403305e-07,2.35206250000004e-09,3.15940323359074e-09,2.14442063004538e-11,4.77494888607586e-12,2.06630505505987e-12,NaN
-1701.926,-0.211,-5.3794675e-07,2.60824999999995e-09,3.15874645050895e-09,-2.02698424885922e-11,1.00960709776307e-12,2.81461288914468e-12,NaN
-1693.86,-0.21,-5.35114e-07,4.00006249999995e-09,3.11886354861355e-09,-1.76776544401539e-11,5.79356749545315e-13,2.85882032176365e-12,NaN
-1677.728,-0.208,-5.29946625e-07,3.75406250000004e-09,3.12339114162864e-09,2.24424534924535e-11,4.22486025604913e-12,2.44498251559267e-12,NaN
-1669.662,-0.207,-5.27605875e-07,2.49506250000007e-09,3.16374845559846e-09,2.72241049491038e-11,4.12212218079551e-12,2.32222242993846e-12,NaN
-1661.596,-0.206,-5.249565e-07,2.52756250000001e-09,3.17783935152685e-09,-6.71600780976012e-12,9.30188738132526e-14,2.51027180027428e-12,NaN
-1653.53,-0.205,-5.2255075e-07,3.61518749999994e-09,3.15031643997894e-09,-1.29041878729384e-11,3.68838427791156e-13,2.38246354518763e-12,NaN
-1637.398,-0.203,-5.17726125e-07,3.61749999999996e-09,3.15203097578098e-09,1.82759674447186e-11,4.35623496860142e-12,1.87272409928529e-12,NaN
-1629.332,-0.202,-5.1531575e-07,2.52681249999999e-09,3.18686837486838e-09,1.38001996314507e-11,3.92404404325717e-12,1.42962602498994e-12,NaN
-1621.266,-0.201,-5.126725e-07,2.67556250000002e-09,3.17963137504388e-09,-2.764953053703e-11,-8.6663016413144e-13,1.07576728949621e-12,NaN
-1613.2,-0.2,-5.09964625e-07,3.80112500000003e-09,3.13156931379432e-09,-2.70105980168472e-11,-1.99314982052376e-12,2.92229833262825e-13,NaN
-1597.068,-0.198,-5.0507025e-07,3.76249999999999e-09,3.12561017901018e-09,2.11895094770094e-11,1.06568561934691e-12,-8.89710963681161e-13,NaN
-1589.002,-0.197,-5.02439625e-07,2.45681250000002e-09,3.17394833274833e-09,2.76695573008057e-11,3.32279885975939e-13,-1.65738832830752e-12,NaN
-1580.936,-0.196,-5.00156625e-07,2.56925000000004e-09,3.18094929361179e-09,-1.91333340645859e-11,-4.00118556421243e-12,-1.80528946350593e-12,NaN
-1572.87,-0.195,-4.97301125e-07,4.03775000000002e-09,3.13568166461916e-09,-2.13103742541252e-11,-4.30686970666693e-12,-1.91553132190676e-12,NaN
-1556.738,-0.193,-4.92081125e-07,3.72906249999993e-09,3.13832854510354e-09,2.50025293962799e-11,-4.31075286534043e-13,-2.1309043136199e-12,NaN
-1548.672,-0.192,-4.89843e-07,2.53187499999998e-09,3.18568672341172e-09,1.90937982625503e-11,1.76210786984579e-13,-1.99923889281051e-12,NaN
-1540.606,-0.191,-4.87017375e-07,2.55893750000005e-09,3.17651614162864e-09,-3.43716742716711e-11,-3.26977903543981e-12,-1.7025729873012e-12,NaN
-1532.54,-0.19,-4.84725125e-07,3.78893750000002e-09,3.11694337486838e-09,-3.28967137592124e-11,-3.61534314372054e-12,-1.97747417483403e-12,NaN
-1516.408,-0.188,-4.794395e-07,3.81199999999998e-09,3.11072271411022e-09,2.26817567567544e-11,-4.17510636148333e-13,-2.74336488282396e-12,NaN
-1508.342,-0.187,-4.77101125e-07,2.51824999999995e-09,3.16230688838189e-09,2.62753093190575e-11,-1.10409643169543e-12,-3.35200458006513e-12,NaN
-1500.276,-0.186,-4.74403e-07,2.63762499999999e-09,3.16327333274833e-09,-2.34185613373092e-11,-6.21894079691781e-12,-3.71856100132397e-12,NaN
-1492.21,-0.185,-4.71825875e-07,3.56131250000004e-09,3.11546976570727e-09,-2.29676026676013e-11,-6.9464386796134e-12,-4.20869822477203e-12,NaN
-1476.078,-0.183,-4.67280375e-07,3.54593750000004e-09,3.11733812741313e-09,2.03780427342911e-11,-2.69509343118166e-12,-4.63883100301202e-12,NaN
-1468.012,-0.182,-4.64734e-07,2.5281875e-09,3.15622585117585e-09,1.38234292734267e-11,-2.28854835967889e-12,-4.52214604225374e-12,NaN
-1459.946,-0.181,-4.62224e-07,2.49899999999998e-09,3.14498498595999e-09,-3.14037381537404e-11,-5.90072778141435e-12,-4.02975712533456e-12,NaN
-1451.88,-0.18,-4.59736e-07,3.80237499999998e-09,3.09341837486837e-09,-2.72636407511409e-11,-5.49686297739227e-12,-3.65279058084072e-12,NaN
-1435.748,-0.178,-4.5461925e-07,3.81062500000002e-09,3.0904577044577e-09,1.86110301860313e-11,-1.05203250029204e-12,-3.42500051058875e-12,NaN
-1427.682,-0.177,-4.5211475e-07,2.47612500000001e-09,3.13064043524043e-09,1.93536350473851e-11,-9.81016870621307e-13,-2.85410243448375e-12,NaN
-1419.616,-0.176,-4.49667e-07,2.38187499999997e-09,3.12916497455247e-09,-2.58392550017549e-11,-4.66598361035459e-12,-1.85798536801141e-12,NaN
-1411.55,-0.175,-4.47351e-07,3.70450000000001e-09,3.07896192523692e-09,-2.60142637767631e-11,-3.22083610271542e-12,-1.01330646496511e-12,NaN
-1395.418,-0.173,-4.42258e-07,3.83225000000001e-09,3.07713644699895e-09,2.58173240610758e-11,2.13009709608866e-12,-3.7286279747094e-13,NaN
-1387.352,-0.172,-4.396865e-07,2.46843750000002e-09,3.13059657335908e-09,2.58423262548263e-11,2.9173122876744e-12,6.13721698158088e-13,NaN
-1379.286,-0.171,-4.37321125e-07,2.4054375e-09,3.1288210995086e-09,-2.2711714636716e-11,-2.21129394259534e-13,1.91658996331686e-12,NaN
-1371.22,-0.17,-4.34875625e-07,3.71781249999999e-09,3.08517314408564e-09,-2.23097490347485e-11,4.72910692355787e-13,2.72835455267256e-12,NaN
-1355.088,-0.168,-4.298855e-07,3.78112499999998e-09,3.0842016014391e-09,2.49251776939289e-11,4.99543008644462e-12,2.89799448978239e-12,NaN
-1347.022,-0.167,-4.27313375e-07,2.62206249999997e-09,3.1350234994735e-09,3.16547801860304e-11,5.49585993063657e-12,3.18162078709463e-12,NaN
-1338.956,-0.166,-4.24641375e-07,2.55537500000002e-09,3.14751116181116e-09,-1.41680458055474e-11,1.66952836751797e-12,3.55672331983883e-12,NaN
-1330.89,-0.165,-4.22202625e-07,3.69975000000001e-09,3.10668740786241e-09,-1.60379014566527e-11,1.19422372640749e-12,3.37646163322175e-12,NaN
-1314.758,-0.163,-4.17241875e-07,3.74431249999998e-09,3.11543535889786e-09,2.466570945946e-11,4.72484746430076e-12,2.73680879006787e-12,NaN
-1306.692,-0.162,-4.14714e-07,2.42637500000001e-09,3.15601882678133e-09,1.62647880835393e-11,4.47839134511054e-12,2.23242425449615e-12,NaN
-1298.626,-0.161,-4.12389125e-07,2.43050000000002e-09,3.14796493506494e-09,-2.47958055458042e-11,-3.57043513659145e-13,1.8636908188447e-12,NaN
-1290.56,-0.16,-4.09853e-07,3.7250625e-09,3.10642721568972e-09,-2.03736223236221e-11,-1.02637806076817e-12,1.09692365416156e-12,NaN
-1274.428,-0.158,-4.04939e-07,3.72768750000002e-09,3.10721769041769e-09,2.55933989996485e-11,2.50564555493483e-12,8.3426627718601e-14,NaN
-1266.362,-0.157,-4.02397625e-07,2.597875e-09,3.15761401368902e-09,2.76719133906632e-11,1.68399090081227e-12,-5.29352253938603e-13,NaN
-1258.296,-0.156,-3.9974325e-07,2.5923125e-09,3.16256151719902e-09,-2.32532555282556e-11,-3.1157073811679e-12,-6.5281476743167e-13,NaN
-1250.23,-0.155,-3.97213e-07,3.71868749999999e-09,3.1111075026325e-09,-2.92857055107057e-11,-3.51811735600334e-12,-7.42238491094203e-13,NaN
-1234.098,-0.153,-3.92305875e-07,3.710125e-09,3.10399010617761e-09,1.82135179010183e-11,9.31754198694208e-13,-9.95307812588192e-13,NaN
-1226.032,-0.152,-3.8979275e-07,2.51056250000002e-09,3.14753453843454e-09,2.47755769568279e-11,1.47226428487666e-12,-9.49069291758196e-13,NaN
-1217.966,-0.151,-3.8728475e-07,2.57093749999999e-09,3.15354126009126e-09,-2.13850693225693e-11,-2.19720577645165e-12,-6.00726574698223e-13,NaN
-1209.9,-0.15,-3.84650875e-07,3.78137499999998e-09,3.1047643997894e-09,-2.79637372762383e-11,-2.18660553071129e-12,-6.18743534780952e-13,NaN
-1193.768,-0.148,-3.79722e-07,3.74618750000001e-09,3.09761378553879e-09,2.09766891891891e-11,1.03181869170932e-12,-9.90295902409619e-13,NaN
-1185.702,-0.147,-3.771585e-07,2.6285e-09,3.14671777816778e-09,2.44346196033694e-11,5.03951503489526e-13,-1.1035308992686e-12,NaN
-1177.636,-0.146,-3.74465e-07,2.50368750000001e-09,3.14648302474553e-09,-2.2325256669008e-11,-3.44290069088227e-12,-8.95309332419891e-13,NaN
-1169.57,-0.145,-3.72151125e-07,3.594125e-09,3.10206726482976e-09,-2.03333516146012e-11,-3.18422753775629e-12,-9.11710045395316e-13,NaN
-1153.438,-0.143,-3.6727675e-07,3.7085625e-09,3.10581632151632e-09,2.52257085819598e-11,1.40703818023798e-12,-1.13893505403634e-12,NaN
-1145.372,-0.142,-3.64734e-07,2.515375e-09,3.15251868199368e-09,2.19912600912588e-11,1.62593039619425e-12,-1.09059787252076e-12,NaN
-1137.306,-0.141,-3.62246e-07,2.518e-09,3.14979884169884e-09,-2.75701145138659e-11,-2.64663064763188e-12,-6.35488433248126e-13,NaN
-1129.24,-0.14,-3.59698e-07,3.7681875e-09,3.09737845296595e-09,-2.80536613724106e-11,-2.79050746070818e-12,-8.74275229150873e-14,NaN
-1113.108,-0.138,-3.54709625e-07,3.67999999999999e-09,3.09369151895402e-09,2.01604488416992e-11,1.30362288242311e-12,7.329013811688e-14,NaN
-1105.042,-0.137,-3.52338e-07,2.4743125e-09,3.13769935064935e-09,2.22855278167774e-11,1.71897847581282e-12,-2.03450589987194e-14,NaN
-1096.976,-0.136,-3.49761e-07,2.43768749999999e-09,3.13826257458757e-09,-1.99603588978585e-11,-4.18764340068307e-13,1.50219939573795e-13,NaN
-1088.91,-0.135,-3.47462625e-07,3.68687500000002e-09,3.09777863285363e-09,-1.94991926991922e-11,2.4770422219341e-13,4.84971925049429e-13,NaN
-1072.778,-0.133,-3.4238725e-07,3.86287500000001e-09,3.09926418918919e-09,2.32784068971573e-11,1.33714075604602e-12,5.44963397097911e-13,NaN
-1064.712,-0.132,-3.39736875e-07,2.56212499999997e-09,3.14433544664795e-09,2.31463868901373e-11,1.34166760995321e-13,4.82333476366886e-13,NaN
-1056.646,-0.131,-3.37263e-07,2.51143749999999e-09,3.14555696296946e-09,-2.18089154089159e-11,-8.84395737376751e-13,7.55165313466971e-13,NaN
-1048.58,-0.13,-3.34714e-07,3.69356250000001e-09,3.10071761583012e-09,-2.0026088101089e-11,1.06966485633942e-12,1.19739623806531e-12,NaN
-1032.448,-0.128,-3.29875875e-07,3.79181250000002e-09,3.10550478676729e-09,2.59815220252712e-11,3.25667984634352e-12,1.60046705420858e-12,NaN
-1024.382,-0.127,-3.27130375e-07,2.57643750000001e-09,3.15268065988066e-09,2.55005988943488e-11,2.54379574823136e-12,2.09721269322738e-12,NaN
-1016.316,-0.126,-3.24723e-07,2.37068749999999e-09,3.15650598455598e-09,-1.45652685152682e-11,1.39587930220689e-12,2.496691458655e-12,NaN
-1008.25,-0.125,-3.22389e-07,3.74300000000001e-09,3.12355012285012e-09,-1.63768800456298e-11,2.36542070960587e-12,2.55931542523842e-12,NaN
-992.118,-0.123,-3.17237e-07,3.82518750000002e-09,3.12375222446472e-09,-4.18841479466486e-12,3.45597187682833e-12,2.43045654252227e-12,NaN
-984.052,-0.122,-3.14738625e-07,2.49068749999997e-09,3.11517329326079e-09,3.82773999649031e-12,2.39638075637996e-12,2.39178913680201e-12,NaN
-975.986,-0.121,-3.12255625e-07,2.44606249999998e-09,3.13140770445771e-09,1.70075508950512e-11,1.17546275836371e-12,2.38161331097568e-12,NaN
-967.92,-0.12,-3.098465e-07,3.81756250000002e-09,3.1491883950509e-09,8.35965250965197e-12,2.19431611786967e-12,2.18740441507972e-12,NaN
-951.788,-0.118,-3.046205e-07,3.8504375e-09,3.14812700947701e-09,-1.72551114426087e-12,3.25644870848169e-12,1.93036303379559e-12,NaN
-943.722,-0.117,-3.02145625e-07,2.53499999999999e-09,3.14573737276237e-09,2.57251228501338e-12,1.96990860809721e-12,1.83377881257707e-12,NaN
-935.656,-0.116,-2.995505e-07,2.52912500000001e-09,3.15327203404704e-09,9.06447657072639e-12,5.26333202516261e-13,1.97579295097648e-12,NaN
-927.59,-0.115,-2.97087375e-07,3.71175000000002e-09,3.16386632590383e-09,-4.17394261144866e-13,1.33770523595215e-12,1.9691503768406e-12,NaN
-911.458,-0.113,-2.92127e-07,3.71506249999999e-09,3.15243724552475e-09,-1.26221590909089e-11,2.46527977519098e-12,1.40122726001278e-12,NaN
-903.392,-0.112,-2.8965725e-07,2.58099999999999e-09,3.13862200772201e-09,-5.81905931905731e-13,1.70424707842981e-12,6.84679790356375e-13,NaN
-895.326,-0.111,-2.86965e-07,2.53293749999997e-09,3.15127343366093e-09,1.09945682695678e-11,6.32701219069334e-13,2.62789722339757e-13,NaN
-887.26,-0.11,-2.84591375e-07,3.7125625e-09,3.16061114426114e-09,6.5665803790741e-13,-7.38670651861282e-13,-1.56123338634543e-13,NaN
-871.128,-0.108,-2.79539875e-07,3.75418750000001e-09,3.15258674973675e-09,-9.82223806598878e-12,-2.19418795727435e-12,-8.97493525482287e-13,NaN
-863.062,-0.107,-2.77083e-07,2.48443750000001e-09,3.14096666812917e-09,-1.67104685854689e-12,-1.70777190177927e-12,-1.5473163913955e-12,NaN
-854.996,-0.106,-2.74571e-07,2.542e-09,3.14924465601966e-09,9.24641321516468e-12,-7.98455072786949e-13,-1.65464392034662e-12,NaN
-846.93,-0.105,-2.71999e-07,3.69799999999999e-09,3.1594594945595e-09,-1.95761232011213e-12,-1.28503797608082e-12,-1.52686223851112e-12,NaN
-830.798,-0.103,-2.67175e-07,3.60787500000001e-09,3.14532943137943e-09,-1.25753071253079e-11,-2.09184937799263e-12,-1.46805491735775e-12,NaN
-822.732,-0.102,-2.6478325e-07,2.5339375e-09,3.13430888030888e-09,-8.20978852227783e-13,-1.48743084983262e-12,-1.54166067939481e-12,NaN
-814.666,-0.101,-2.62107125e-07,3.811625e-09,3.14368747367498e-09,7.61647288522378e-12,-8.39225612360115e-13,-1.73801898008329e-12,NaN
-798.534,-0.099,-2.5716e-07,3.66425000000001e-09,3.14954182607933e-09,-2.46452483327596e-12,-1.93091516557308e-12,-1.8684443281087e-12,NaN
-790.468,-0.098,-2.54778625e-07,2.3935e-09,3.13875842400842e-09,-1.05317414004917e-11,-2.8575765717764e-12,-1.80371421794413e-12,NaN
-782.402,-0.097,-2.52373e-07,2.45062500000002e-09,3.12847834327834e-09,-2.6012921200413e-12,-2.25673200013051e-12,-1.857755414784e-12,NaN
-774.336,-0.096,-2.49877375e-07,3.71737499999999e-09,3.13355583976834e-09,6.99752106002099e-12,-1.57430947651603e-12,-2.43039254982271e-12,NaN
-758.304825,-0.0940125,-2.4493825e-07,3.73374999999997e-09,3.14247338539839e-09,-6.82800982801725e-13,-2.04014900848426e-12,-3.07014591837337e-12,NaN
-750.138,-0.093,-2.42409875e-07,2.42262500000001e-09,3.13219023780274e-09,-1.20086038961038e-11,-2.82390952587307e-12,-3.23696073437169e-12,NaN
-742.072,-0.092,-2.40093e-07,2.5115625e-09,3.11845617760618e-09,-4.19131054755987e-12,-4.22281042231798e-12,-3.27917575293891e-12,NaN
-734.006,-0.091,-2.3738675e-07,3.798625e-09,3.12380761670762e-09,6.35003510003481e-12,-5.20604086276887e-12,-3.54864277304784e-12,NaN
-717.874,-0.089,-2.3249575e-07,3.71687500000002e-09,3.13115624780625e-09,-1.65040365040451e-12,-3.3905416263009e-12,-3.59517139257601e-12,NaN
-709.808,-0.088,-2.29953e-07,2.50637499999999e-09,3.12050680940681e-09,-1.12707879957878e-11,-1.48610117567907e-12,-2.99077265354489e-12,NaN
-701.742,-0.087,-2.27483e-07,2.508e-09,3.10861467181467e-09,-4.47269217269129e-12,-2.07402088013183e-12,-2.0728458045177e-12,NaN
-693.676,-0.086,-2.24937e-07,3.76343750000002e-09,3.11156142506143e-09,3.58429712179758e-12,-2.47386955712783e-12,-1.23581883266317e-12,NaN
-677.544,-0.084,-2.19956125e-07,3.7485e-09,3.11578326605827e-09,-1.38370919620899e-12,-3.91581445477593e-13,-5.53107194140619e-13,NaN
-669.478,-0.083,-2.1744e-07,2.49756249999999e-09,3.10879400666901e-09,-1.10745480870483e-11,1.26767552757068e-12,5.23745716130112e-14,NaN
-661.412,-0.082,-2.14961e-07,2.484e-09,3.09363416988417e-09,-1.06047911547913e-11,5.06872509994557e-13,7.19188225656219e-13,NaN
-653.346,-0.081,-2.12472e-07,3.75600000000001e-09,3.08758442435943e-09,-1.01949806949767e-12,1.66338479712948e-13,1.29623929928721e-12,NaN
-637.214,-0.079,-2.07449e-07,3.72e-09,3.09159517374518e-09,2.92002961565458e-11,1.87756489433101e-12,1.61634438630992e-12,NaN
-629.148,-0.078,-2.05032e-07,2.4605e-09,3.14598501667252e-09,2.93679997367492e-11,3.01971731849969e-12,1.84716503209956e-12,NaN
-621.082,-0.077,-2.02528e-07,2.413e-09,3.15033117321867e-09,-2.07568159880652e-11,1.88992267407191e-12,2.12643006964824e-12,NaN
-613.116825,-0.0760125,-2.00206e-07,3.75862499999999e-09,3.10447138469639e-09,-2.3116878729378e-11,9.84166642666023e-13,2.25221320532503e-12,NaN
-596.884,-0.074,-1.9501075e-07,3.822875e-09,3.10409741575992e-09,2.24183792558791e-11,2.27846536542171e-12,2.1036651458825e-12,NaN
-588.818,-0.073,-1.9256025e-07,2.43537500000001e-09,3.14930814320815e-09,2.23898034398024e-11,3.10615009570742e-12,1.88275831304681e-12,NaN
-580.752,-0.072,-1.9014e-07,2.519125e-09,3.14887702263952e-09,-2.30878488065996e-11,1.33864113696569e-12,1.38573509167201e-12,NaN
-572.686,-0.071,-1.87522e-07,3.786375e-09,3.10313244559495e-09,-2.29186337311339e-11,-1.66117779923406e-13,4.49797007555529e-13,NaN
-556.554,-0.069,-1.8256725e-07,3.68600000000001e-09,3.10303975517726e-09,2.18296332046337e-11,4.85790397943027e-13,-2.9796773151222e-13,NaN
-548.488,-0.068,-1.8015e-07,2.50068750000001e-09,3.14679171200421e-09,2.03820792383299e-11,2.08582527279378e-13,-5.34180557105295e-13,NaN
-540.422,-0.067,-1.77565875e-07,2.53356249999999e-09,3.14380391365392e-09,-2.29716786591791e-11,-2.91610840179406e-12,-6.87909466758791e-13,NaN
-532.356,-0.066,-1.75082875e-07,3.7439375e-09,3.10084835468586e-09,-2.14780449280457e-11,-2.86415173547814e-12,-9.5415748039844e-13,NaN
-516.224,-0.064,-1.70078e-07,3.79681250000001e-09,3.10084782379782e-09,2.16029681467186e-11,1.70022293226763e-12,-8.60820618465926e-13,NaN
-508.158,-0.063,-1.6748925e-07,2.50012499999999e-09,3.14405429097929e-09,2.21405054405059e-11,2.13365064260364e-12,-2.291638849477e-13,NaN
-500.092,-0.062,-1.6507775e-07,2.45662499999998e-09,3.14512883467884e-09,-2.12591040716037e-11,-1.85179256734094e-12,3.64647025849218e-13,NaN
-492.026,-0.061,-1.62576e-07,3.799875e-09,3.10153608283609e-09,-2.24269941207441e-11,-1.84782501625625e-12,5.14395814482134e-13,NaN
-475.894,-0.059,-1.57478e-07,3.84418750000001e-09,3.10027484643735e-09,2.10220428220425e-11,2.43008617681095e-12,2.90699501673222e-13,NaN
-467.828,-0.058,-1.54887625e-07,2.5333125e-09,3.14358016848017e-09,2.29295981045983e-11,2.51003020436038e-12,1.2846967510327e-13,NaN
-459.762,-0.057,-1.52411375e-07,2.47531250000001e-09,3.14613404264654e-09,-1.99667909792913e-11,-1.77938747283312e-12,1.78559865457832e-13,NaN
-451.696,-0.056,-1.49937e-07,3.6588125e-09,3.10364658652159e-09,-2.30327790452794e-11,-2.15533924072055e-12,-1.24674641717562e-13,NaN
-435.564,-0.054,-1.4509375e-07,3.69449999999998e-09,3.10006848455599e-09,2.20640882765879e-11,1.11610151861868e-12,-8.35141760303242e-13,NaN
-427.498,-0.053,-1.42548e-07,2.48250000000001e-09,3.14777476307476e-09,2.49276083713578e-11,6.70652243476223e-13,-1.3058276447033e-12,NaN
-419.432,-0.052,-1.4012875e-07,2.49500000000001e-09,3.1499237012987e-09,-2.40452680765178e-11,-3.37833752108852e-12,-1.38900637343222e-12,NaN
-411.366,-0.051,-1.37558e-07,3.75106249999999e-09,3.09968422692173e-09,-2.64163456475949e-11,-3.78235753791904e-12,-1.59963941035429e-12,NaN
-395.234,-0.049,-1.32626625e-07,3.6521875e-09,3.09709101000351e-09,2.15538500350997e-11,-8.85755811387928e-15,-1.93694088590521e-12,NaN
-387.168,-0.048,-1.30253625e-07,2.472625e-09,3.14279192699193e-09,2.18078558266059e-11,2.59513151526517e-13,-1.7920624568283e-12,NaN
-379.102,-0.047,-1.27681375e-07,2.57631249999999e-09,3.14070672165672e-09,-2.84178242365736e-11,-3.36335517251048e-12,-1.27655680524929e-12,NaN
-371.036,-0.046,-1.25101e-07,3.78550000000001e-09,3.08595627851878e-09,-2.83335073710076e-11,-3.05093988117848e-12,-1.0049085198021e-12,NaN
-354.904,-0.044,-1.20110375e-07,3.6815e-09,3.08403970691471e-09,2.09261758511755e-11,1.32207744230679e-12,-8.64974136968977e-13,NaN
-346.838,-0.043,-1.17738e-07,2.49625e-09,3.12780863022113e-09,2.1754484029484e-11,1.77407667559071e-12,-3.6463024886749e-13,NaN
-338.772,-0.042,-1.15117875e-07,2.5815e-09,3.12754867497368e-09,-1.92291154791155e-11,-1.98679068583449e-12,3.55619247870322e-13,NaN
-330.706,-0.041,-1.12575e-07,3.7444375e-09,3.0893503992629e-09,-1.98497389434883e-11,-1.56548352091221e-12,7.18837546003459e-13,NaN
-314.574,-0.039,-1.07629e-07,3.7106875e-09,3.0878491970867e-09,2.2702821165321e-11,3.16954257778254e-12,7.44911665078474e-13,NaN
-306.508,-0.038,-1.05153625e-07,2.5285e-09,3.13475604159354e-09,2.71733086170581e-11,3.31862677552645e-12,9.31185699510703e-13,NaN
-298.442,-0.037,-1.02572e-07,2.6005e-09,3.14219581432082e-09,-1.76770599333096e-11,-1.00154302892532e-12,1.22610981914806e-12,NaN
-290.376,-0.036,-9.9952625e-08,3.700125e-09,3.09940192172692e-09,-2.08905866093371e-11,-1.07749321980685e-12,1.0942233215739e-12,NaN
-274.244,-0.034,-9.517175e-08,3.63937500000001e-09,3.10041464110214e-09,2.23227865040367e-11,2.80740997067621e-12,5.15780808467473e-13,NaN
-266.178,-0.033,-9.2673875e-08,2.46749999999999e-09,3.144047494735e-09,2.07421068796069e-11,2.25666907408088e-12,1.28771479095621e-13,NaN
-258.112,-0.032,-9.023675e-08,2.4114375e-09,3.14189885486136e-09,-2.44047779922786e-11,-2.21069840880031e-12,6.23784686684145e-14,NaN
-250.046,-0.031,-8.7851e-08,3.71493750000001e-09,3.09523793875044e-09,-2.28668589856086e-11,-2.38070820273138e-12,-2.63029551509892e-13,NaN
-233.914,-0.029,-8.2806875e-08,3.7251875e-09,3.09616513689014e-09,2.29536131098639e-11,1.36853938401213e-12,-8.19980738770125e-13,NaN
-225.848,-0.028,-8.0400625e-08,2.51456249999999e-09,3.14114516497017e-09,1.98961565461569e-11,1.23511652015449e-12,-9.14049700651096e-13,NaN
-217.782,-0.027,-7.777775e-08,2.4888125e-09,3.13595744998245e-09,-2.77401346963848e-11,-2.77398742810025e-12,-4.74862598991115e-13,NaN
-209.716,-0.026,-7.5423e-08,3.670375e-09,3.0856648955774e-09,-2.42492124429625e-11,-2.56406154422251e-12,-1.20360371472967e-13,NaN
-193.584,-0.024,-7.0437e-08,3.8976875e-09,3.08745902509653e-09,2.44556423306421e-11,2.10835120869648e-12,7.0446639826683e-14,NaN
-185.518,-0.023,-6.7627625e-08,2.5566875e-09,3.13457618023868e-09,2.40143120393114e-11,2.85847377411207e-12,6.20296090819742e-13,NaN
-177.452,-0.022,-6.5323625e-08,2.54231250000001e-09,3.13548764917515e-09,-1.93330115830121e-11,-4.64661291259073e-13,1.46476382980068e-12,NaN
-169.386,-0.021,-6.2543e-08,3.826375e-09,3.09591015707266e-09,-1.80072196384696e-11,2.24612198541722e-14,1.95631758716489e-12,NaN
-153.254,-0.019,-5.7670875e-08,3.5918125e-09,3.09947320989821e-09,2.46009718322223e-11,4.11413793757292e-12,2.01516821391074e-12,NaN
-145.188,-0.018,-5.5359375e-08,2.484e-09,3.1451121007371e-09,2.27599925412432e-11,4.14079240322903e-12,2.14880823937947e-12,NaN
-137.122,-0.017,-5.2702875e-08,2.5245e-09,3.1449931949807e-09,-2.14776237276238e-11,2.52196070012329e-13,2.32341616598932e-12,NaN
-129.056,-0.016,-5.0310375e-08,3.689125e-09,3.10215685328185e-09,-1.7759950859951e-11,1.06322042420468e-13,2.04054484228155e-12,NaN
-112.924,-0.014,-4.5324625e-08,3.7435e-09,3.10947329326079e-09,2.80114469989468e-11,3.71811612107671e-12,1.42186726913116e-12,NaN
-104.858,-0.013,-4.2823375e-08,2.4895e-09,3.15817974727975e-09,2.35857537732539e-11,3.10832650657355e-12,1.05382095436932e-12,NaN
-96.792,-0.012,-4.0345625e-08,2.485375e-09,3.1566448008073e-09,-2.33013162513159e-11,-1.57493159853401e-12,9.23222899378472e-13,NaN
-88.726,-0.011,-3.7852625e-08,3.751125e-09,3.11157711477712e-09,-2.28931708494208e-11,-1.68399092806365e-12,5.20197274969038e-13,NaN
-72.594,-0.009,-3.2843375e-08,3.7516875e-09,3.11085845910846e-09,2.04348894348898e-11,2.25731864704577e-12,-8.0364619525818e-14,NaN
-64.528,-0.008,-3.034925e-08,2.47225e-09,3.1524468936469e-09,1.98853040540537e-11,1.78685481167097e-12,-3.3082782236002e-13,NaN
-56.462,-0.007,-2.7898875e-08,2.5244375e-09,3.15062906721657e-09,-2.29440439627944e-11,-2.46170213397655e-12,-2.55072664206441e-13,NaN
-48.396,-0.006,-2.5300375e-08,3.7714375e-09,3.10655880572131e-09,-2.36051443488942e-11,-2.49824022276415e-12,-4.36508082810325e-13,NaN
-32.264,-0.004,-2.0356e-08,3.82125e-09,3.10341877851878e-09,2.02309494559494e-11,1.29789146564852e-12,-9.26223716742374e-13,NaN
-24.198,-0.003,-1.7657875e-08,2.5575e-09,3.14702070463321e-09,2.3888904001404e-11,9.347469801233e-13,-1.09067718525709e-12,NaN
-16.132,-0.002,-1.5241e-08,2.564e-09,3.15119658652159e-09,-2.12844024219022e-11,-3.17892314176641e-12,-8.99992726890664e-13,NaN
-8.066,-0.001,-1.2529875e-08,3.7175e-09,3.1044518997894e-09,-2.28767242892242e-11,-3.10453817622217e-12,-1.02526526191536e-12,NaN
8.066,0.001,-7.806e-09,3.6243125e-09,3.10544313794314e-09,2.48899482274486e-11,7.77755362078183e-13,-1.47302044013523e-12,NaN
16.132,0.002,-5.28125e-09,2.521375e-09,3.1542317962443e-09,1.95366619866619e-11,6.19083610257114e-13,-1.60110650242252e-12,NaN
24.198,0.003,-2.76325e-09,2.545875e-09,3.14451646191646e-09,-2.88625131625136e-11,-3.53358500215325e-12,-1.4130557481887e-12,NaN
32.264,0.004,-1.895e-10,3.763e-09,3.09650676991927e-09,-2.20327154264658e-11,-3.80103770933085e-12,-1.54743987968716e-12,NaN
48.396,0.006,4.76275e-09,3.76025e-09,3.10045103106353e-09,2.33000570375568e-11,7.24549096791307e-14,-1.98751693741872e-12,NaN
56.462,0.007,7.331e-09,2.50575e-09,3.14310688399438e-09,1.85642111267109e-11,1.48825663438247e-13,-2.08228365421321e-12,NaN
64.528,0.008,9.77425e-09,2.46575e-09,3.13757945331695e-09,-2.75200465075464e-11,-3.87938433890142e-12,-1.82644209734264e-12,NaN
72.594,0.009,1.22625e-08,3.7275e-09,3.08806679097929e-09,-2.5554354598104e-11,-4.00374427673798e-12,-1.77607260124296e-12,NaN
88.726,0.011,1.722925e-08,3.72525e-09,3.08647074412075e-09,2.07827242014738e-11,5.01439005340845e-14,-1.94708654917729e-12,NaN
96.792,0.012,1.9713e-08,2.4246875e-09,3.12963223938224e-09,2.14650184275182e-11,3.08387641907587e-13,-1.85084294430934e-12,NaN
104.858,0.013,2.2078625e-08,2.5395e-09,3.12940078097578e-09,-2.31651259213755e-11,-3.46361715629244e-12,-1.45432300773767e-12,-6.9554578630932e-06
112.924,0.014,2.4792e-08,3.73725e-09,3.08330198753949e-09,-2.33098258160755e-11,-3.22260623268302e-12,-1.24541473311437e-12,-5.95633133228612e-06
129.056,0.016,2.9553125e-08,3.6785e-09,3.08278112934363e-09,2.31627391189895e-11,8.41070897165643e-13,-1.23721495769695e-12,-5.91711501507237e-06
137.122,0.017,3.2149e-08,2.510375e-09,3.12962746577747e-09,2.40522639522633e-11,9.02739472255705e-13,-9.06177472544195e-13,-4.33389225999398e-06
145.188,0.018,3.4573875e-08,2.3968125e-09,3.13088565724816e-09,-2.35133796946306e-11,-2.52005270441233e-12,-2.78421910443822e-13,-1.33158304994871e-06
153.254,0.019,3.6942625e-08,3.7155625e-09,3.08260070638821e-09,-2.43233459108455e-11,-1.86263238459011e-12,4.5155839514907e-14,2.15962710723468e-07
169.386,0.021,4.2005e-08,3.7721875e-09,3.08223896542647e-09,2.17124078624087e-11,2.47025860515971e-12,8.70887256099446e-14,4.16511296395387e-07
177.452,0.022,4.4487e-08,2.48475e-09,3.12602552211302e-09,2.15177452614955e-11,2.67528184086086e-12,4.92906077355296e-13,2.35737689169924e-06
185.518,0.023,4.69745e-08,2.4940625e-09,3.12527445594946e-09,-2.17124012811515e-11,-1.15227552701395e-12,1.18523299193325e-12,5.6685056135938e-06
193.584,0.024,4.9475125e-08,3.80325e-09,3.08260071955072e-09,-2.27458099333105e-11,-9.36617294070689e-13,1.48437489502161e-12,7.09918428053813e-06
209.716,0.026,5.4581e-08,3.7566875e-09,3.07978283608284e-09,2.24717444717443e-11,3.64218975166184e-12,1.48613526621387e-12,7.10760344710981e-06
217.782,0.027,5.69885e-08,2.3975e-09,3.12754420849421e-09,2.76068532818537e-11,4.22878902741816e-12,1.82867762965062e-12,8.74584953311166e-06
225.64635,0.027975,5.9376e-08,2.457625e-09,3.13499654264654e-09,-1.72657072657067e-11,2.63471157386754e-13,2.40642931462279e-12,1.15090097655873e-05
233.914,0.029,6.190375e-08,3.813125e-09,3.0930127939628e-09,-2.03293524043527e-11,2.24786679651519e-13,2.51607572566353e-12,1.20334056444778e-05
250.046,0.031,6.700225e-08,3.7793125e-09,3.09433783783784e-09,2.43911547911547e-11,4.4900919780987e-12,2.13951861030751e-12,1.02324803101664e-05
258.112,0.032,6.9462375e-08,2.4789375e-09,3.14179510354511e-09,2.4872064759565e-11,4.41996441072726e-12,1.96198231278862e-12,9.38339366985862e-06
266.178,0.033,7.1960125e-08,2.5223125e-09,3.14408196735697e-09,-2.01798723236222e-11,-2.05262371901869e-13,2.05886475967402e-12,9.84674450278879e-06
274.244,0.034,7.4507e-08,3.71656249999999e-09,3.10143535889786e-09,-2.06822525447524e-11,-8.03948845743568e-13,1.82917460005931e-12,8.74822634810974e-06
290.376,0.036,7.939325e-08,3.66999999999999e-09,3.10271746226746e-09,2.56593892593891e-11,3.15873464488211e-12,1.22723630700036e-12,5.86939103347998e-06
298.442,0.037,8.1847e-08,2.467125e-09,3.15275413741664e-09,2.58184275184278e-11,3.37665861578499e-12,8.07606665315826e-13,3.86246666020612e-06
306.508,0.038,8.43275e-08,2.42650000000001e-09,3.15435431730432e-09,-2.5178446384697e-11,-1.12341192062713e-12,6.23043320853968e-13,2.97977240408419e-06
314.574,0.039,8.67e-08,3.7250625e-09,3.10239724464725e-09,-2.80103698666206e-11,-1.98664631700352e-12,1.61537125400236e-13,7.72568860609824e-07
330.706,0.041,9.1777625e-08,3.83012500000001e-09,3.09833357757108e-09,2.21113263425762e-11,1.46065369971456e-12,-5.87385329772806e-13,-2.80923418586994e-06
338.772,0.042,9.436025e-08,2.58875e-09,3.1466198973324e-09,2.38344967532471e-11,8.77846915195641e-13,-1.04658202073124e-12,-5.00539227306245e-06
346.838,0.043,9.6955125e-08,2.566625e-09,3.14600257107757e-09,-2.52108568796066e-11,-3.50695530172903e-12,-1.10978280389177e-12,-5.30765688817803e-06
354.904,0.044,9.94935e-08,3.6740625e-09,3.09619818357318e-09,-2.46033652158653e-11,-3.36243276389782e-12,-1.22219747719532e-12,-5.84529228223849e-06
370.83435,0.045975,1.0430325e-07,3.70175e-09,3.09679584064584e-09,2.66288061600564e-11,8.43015113095097e-13,-1.3900406726463e-12,-6.64802060830839e-06
379.102,0.047,1.06897e-07,2.6455e-09,3.1494557958933e-09,2.79369625307125e-11,9.70440039008113e-13,-1.14654946975695e-12,-5.48349746405498e-06
387.168,0.048,1.0959425e-07,2.54400000000001e-09,3.15266976570727e-09,-2.6233090558091e-11,-2.79977076831445e-12,-5.92539353093403e-13,-2.83388386262062e-06
395.234,0.049,1.11985e-07,3.66325e-09,3.09698961477712e-09,-3.18658937346439e-11,-2.42654702199898e-12,-3.65711558772308e-13,-1.74905528108495e-06
411.366,0.051,1.1692075e-07,3.734e-09,3.08893797823798e-09,1.86086170586167e-11,1.96194343882928e-12,-4.70904226266017e-13,-2.25215064735921e-06
419.432,0.052,1.19453e-07,2.504e-09,3.13420684889435e-09,2.22153518778517e-11,1.9290039685185e-12,-3.03327441800143e-13,-1.45069646078329e-06
427.498,0.053,1.2192875e-07,2.509375e-09,3.13336868199368e-09,-2.09292800105295e-11,-2.2464053186593e-12,1.31068448327182e-13,6.26849100695218e-07
435.564,0.054,1.2447175e-07,3.73812499999999e-09,3.09234828887329e-09,-1.60840514215513e-11,-1.9501295532943e-12,2.87014258487659e-13,1.37267688841924e-06
451.696,0.056,1.29405e-07,3.638125e-09,3.10120057915058e-09,2.75142857142858e-11,2.42499654335232e-12,2.71679219705059e-13,1.29933539858941e-06
459.762,0.057,1.31748e-07,2.53800000000001e-09,3.14737686030186e-09,2.12917098104598e-11,2.61123495583705e-12,6.46674261687798e-13,3.09278994720251e-06
467.828,0.058,1.34481e-07,2.423e-09,3.1437839987715e-09,-2.41356484731482e-11,-1.07444974685281e-12,1.29251989947061e-12,6.18161691051161e-06
475.894,0.059,1.36594e-07,3.6409375e-09,3.09910556335556e-09,-2.21906260968759e-11,-4.69769027655502e-13,1.55042657410291e-12,7.41508361527479e-06
492.026,0.061,1.41762875e-07,3.904875e-09,3.09940274657775e-09,2.20804470866971e-11,4.03783686610396e-12,1.33085676520319e-12,6.3649671379283e-06
500.092,0.062,1.4440375e-07,2.50975000000001e-09,3.14326645752896e-09,2.24883731133732e-11,3.64522817590212e-12,1.08385559764847e-12,5.18365720614486e-06
508.158,0.063,1.46782375e-07,2.39925e-09,3.14437949280449e-09,-2.04599486661981e-11,-1.11636957735135e-12,1.13799490268064e-12,5.44258431716828e-06
515.921525,0.0639625,1.4920225e-07,3.76543749999999e-09,3.10234656019656e-09,-1.86203624078616e-11,-1.37286662941883e-12,1.26768408829293e-12,6.06283694400967e-06
532.356,0.066,1.5431325e-07,3.82143749999999e-09,3.10713876798877e-09,2.54010442260436e-11,2.28392340797137e-12,9.83203714955901e-13,4.70227863674561e-06
540.422,0.067,1.56845125e-07,2.4836875e-09,3.15314864864865e-09,2.29621051246041e-11,1.97430871490618e-12,4.76008413803848e-13,2.27656197906188e-06
548.488,0.068,1.59280625e-07,2.39175000000001e-09,3.15306297823798e-09,-2.13372433309934e-11,-4.19458145933164e-13,2.4641120708859e-13,1.17848838172804e-06
556.554,0.069,1.61628625e-07,3.66350000000001e-09,3.11047416198666e-09,-2.31797692172689e-11,-4.79655562402629e-14,2.36177035550729e-14,1.12954234393827e-07
572.585175,0.0709875,1.66607625e-07,3.85031250000001e-09,3.10670343980344e-09,1.80832748332751e-11,3.6195018502956e-13,-7.13956695399909e-13,-3.4145754997387e-06
580.752,0.072,1.6932925e-07,2.636875e-09,3.14664071165321e-09,1.82557388557395e-11,-1.64407956698339e-12,-1.64967624997871e-12,-7.88975597815905e-06
588.818,0.073,1.71881375e-07,2.60893750000001e-09,3.14321491751492e-09,-2.31661306598802e-11,-3.62396432378061e-12,-2.20705424209252e-12,-1.05554768100077e-05
596.884,0.074,1.74547125e-07,3.8765e-09,3.10030845033345e-09,-1.82961302211304e-11,-2.92502587967826e-12,-2.4701210080539e-12,-1.18136222124317e-05
613.016,0.076,1.79634375e-07,3.7049375e-09,3.10662265707266e-09,2.46755484380477e-11,-1.49720319257144e-12,-2.46210447203839e-12,-1.17752822575749e-05
621.082,0.077,1.81957e-07,2.3818125e-09,3.14965954720955e-09,1.90796573359063e-11,-1.88763407275388e-12,-1.93996795958994e-12,-9.27810763282145e-06
629.148,0.078,1.84398e-07,2.5080625e-09,3.14478197174447e-09,-2.40460797648291e-11,-2.32032879877567e-12,-1.20087051375939e-12,-5.74329376145795e-06
637.214,0.079,1.86973125e-07,3.7925e-09,3.10156738767989e-09,-2.32319388381885e-11,-5.20651386485962e-13,-6.35934411505696e-13,-3.04142544633159e-06
653.346,0.081,1.91983e-07,3.71106249999999e-09,3.0983180940681e-09,-4.48963452088642e-12,1.36951606701507e-12,-1.32968272751927e-13,-6.35935217509216e-07
661.412,0.082,1.9439525e-07,2.406e-09,3.09258811863812e-09,3.8564978939979e-12,8.50940756814649e-13,4.63582017544644e-13,2.21713138825699e-06
669.478,0.083,1.96795e-07,2.476375e-09,3.10603108985609e-09,1.38492234117242e-11,-3.76160436104603e-13,9.83580277480961e-13,4.70407958795242e-06
677.544,0.084,1.99348e-07,3.7638125e-09,3.12028656546157e-09,7.22021981397003e-12,8.18994256628982e-13,1.29376165799582e-12,6.18755575563218e-06
693.676,0.086,2.04322625e-07,3.732e-09,3.12047152948403e-09,-4.32493857492985e-13,2.89328367383077e-12,1.63726178961081e-12,7.8303824720517e-06
701.742,0.087,2.06812e-07,2.45256249999998e-09,3.11942157774658e-09,7.99992979992907e-12,2.54062147127901e-12,2.32986063122508e-12,1.11428117145547e-05
709.808,0.088,2.0922775e-07,2.39912500000002e-09,3.13647138908389e-09,1.37031546156534e-11,1.82974413577559e-12,3.40840279709772e-12,1.63010568556847e-05
717.773175,0.0889875,2.1161025e-07,3.63718750000003e-09,3.14682788697789e-09,-7.40444015443889e-13,3.6497709382783e-12,4.38288982096775e-12,2.09616469698458e-05
734.006,0.091,2.16502125e-07,3.75587499999998e-09,3.134990501053e-09,-1.10591106528599e-11,5.9940068031132e-12,4.73725349376828e-12,2.26564297528048e-05
742.072,0.092,2.19122e-07,2.61999999999999e-09,3.12470966567217e-09,3.65819147070145e-13,6.12967794383913e-12,4.82134191030753e-12,2.30585917449491e-05
750.138,0.093,2.21742125e-07,2.566e-09,3.13572213934714e-09,1.06280558968056e-11,5.34423512904245e-12,5.09774529675057e-12,2.43805209844592e-05
758.204,0.094,2.24254e-07,3.8389375e-09,3.14596577746578e-09,3.55968980343955e-12,4.26885597924344e-12,5.16129822842922e-12,2.46844697881397e-05
774.336,0.096,2.2942e-07,3.718625e-09,3.14284151895402e-09,1.60559406809406e-12,3.38330205473477e-12,4.56771300542559e-12,2.18455839389919e-05
782.402,0.097,2.3169125e-07,2.3795e-09,3.14917696560197e-09,9.43849815724825e-12,4.00793383783953e-12,3.77923419486179e-12,1.8074598323252e-05
790.468,0.098,2.34179e-07,2.56681250000002e-09,3.16171851526852e-09,9.20666461916496e-12,4.44822374990118e-12,3.32974755814574e-12,1.59248796259144e-05
798.534,0.099,2.36824875e-07,3.7599375e-09,3.1675902948403e-09,1.47505923130891e-12,3.08871397398495e-12,2.96447777225846e-12,1.41779371716709e-05
814.666,0.101,2.41698875e-07,3.72306249999998e-09,3.16466863373113e-09,-1.70204457703899e-13,1.46036939402018e-12,2.38510381481492e-12,1.1407018244767e-05
822.732,0.102,2.44271e-07,2.48600000000001e-09,3.16724988592489e-09,8.91894963144956e-12,1.49449686684272e-12,1.58298943275776e-12,7.57081902623277e-06
830.798,0.103,2.46670875e-07,3.71950000000002e-09,3.18250653299403e-09,8.40450377325331e-12,1.47697399258348e-12,6.14537458783688e-13,2.93909219418286e-06
846.93,0.105,2.5171e-07,3.909625e-09,3.1840588934714e-09,-6.92582704457666e-12,-2.20223366715395e-13,-3.21592356381918e-13,-1.53805040008743e-06
854.996,0.106,2.54490125e-07,2.53656249999999e-09,3.16865487890488e-09,-1.12619778869782e-11,-1.74940285979229e-12,-1.01346708840589e-12,-4.8470165097673e-06
862.86035,0.106975,2.56783125e-07,2.35743749999997e-09,3.16153493769744e-09,-8.1514566514605e-13,-1.99229909432389e-12,-1.7242061647799e-12,-8.24620339677344e-06
871.128,0.108,2.59205e-07,3.7029375e-09,3.16702458757459e-09,1.97777070902016e-12,-2.3983219789387e-12,-2.84848712032254e-12,-1.36231992711078e-05
887.26,0.11,2.64189e-07,3.68231250000002e-09,3.16549047911548e-09,-9.24180194805234e-12,-3.40790186456466e-12,-3.96389170346744e-12,-1.89577429296269e-05
895.326,0.111,2.66569625e-07,2.48925e-09,3.14854098367848e-09,-1.63791878729369e-11,-3.97632769554566e-12,-4.48489277269321e-12,-2.14494871737501e-05
903.392,0.112,2.691675e-07,2.53418750000001e-09,3.13273210336961e-09,-3.34309626184598e-12,-5.23254219605977e-12,-4.66156916955575e-12,-2.22944612457014e-05
911.458,0.113,2.71638e-07,3.73575e-09,3.14185479115479e-09,1.17435042997532e-11,-6.46019364427761e-12,-4.89326482417275e-12,-2.34025708982175e-05
927.59,0.115,2.76639e-07,3.7786875e-09,3.15621911196911e-09,2.09873201123253e-12,-4.96429220016183e-12,-4.81751426650107e-12,-2.30402856223964e-05
935.656,0.116,2.79195375e-07,2.62999999999999e-09,3.14605225517726e-09,-1.11416023166013e-11,-2.71756380182944e-12,-4.09942500483209e-12,-1.96059456752839e-05
943.722,0.117,2.81899e-07,2.616875e-09,3.13393590733591e-09,-4.99126009126059e-12,-2.92427000618801e-12,-3.12785792720276e-12,-1.49593205214045e-05
951.788,0.118,2.84429125e-07,3.69900000000001e-09,3.13606973499474e-09,2.86504036503381e-13,-3.51671827852963e-12,-2.28906751955516e-12,-1.09477142239595e-05
967.92,0.12,2.89297e-07,3.73493749999999e-09,3.13450891540892e-09,-6.05620612495615e-12,-1.50798290574353e-12,-1.69833370036432e-12,-8.12246552348153e-06
975.986,0.121,2.91899e-07,2.53950000000001e-09,3.12395732274482e-09,-1.10603698666194e-11,9.84042371159143e-14,-1.39141153437353e-12,-6.65457690352558e-06
984.052,0.122,2.94376e-07,2.49337500000001e-09,3.11238817567568e-09,-6.48909485784513e-12,-1.19599854938399e-12,-1.25257984804789e-12,-5.99059927327252e-06
992.118,0.123,2.9688575e-07,3.63043749999999e-09,3.11097913302913e-09,-2.72956519831518e-12,-2.3139850117457e-12,-1.23716049039753e-12,-5.91685451929253e-06
1007.745875,0.1249375,3.01636875e-07,3.5610625e-09,3.10692904527905e-09,1.60384696384703e-11,-1.26828048037585e-12,-1.35110270792991e-12,-6.46179555966479e-06
1016.316,0.126,3.04007875e-07,2.5270625e-09,3.14305607230607e-09,2.0869230431731e-11,-6.10460047118154e-13,-1.38620577160624e-12,-6.62967977724723e-06
1024.382,0.127,3.06691e-07,2.6345625e-09,3.14866750614251e-09,-1.56021959459453e-11,-1.65248224315725e-12,-1.1413743057981e-12,-5.45874667990396e-06
1032.448,0.128,3.09277e-07,3.73750000000002e-09,3.11185168041418e-09,-2.19605497543007e-11,-1.99201095834782e-12,-7.51662327049835e-13,-3.59490678154269e-06
1048.58,0.13,3.14166e-07,3.76e-09,3.10474640663391e-09,1.69838539838531e-11,-2.49837365436543e-14,-3.36236240087985e-13,-1.60808636563819e-06
1056.646,0.131,3.16797e-07,2.64743749999998e-09,3.14581938838189e-09,1.81218037030544e-11,1.50094449530142e-12,2.20530996669924e-13,1.05471346233442e-06
1064.51035,0.131975,3.19460875e-07,2.59712500000001e-09,3.14099001404002e-09,-2.66074302386798e-11,3.56995659167618e-13,6.27097746273224e-13,2.9991631343502e-06
1072.778,0.133,3.2199125e-07,3.7815625e-09,3.09260452790453e-09,-2.29770358020358e-11,-3.36986087551911e-13,5.26166880143698e-13,2.51645029633943e-06
1088.91,0.135,3.27024e-07,3.6339375e-09,3.09503594243594e-09,2.29339439276941e-11,1.24475342756043e-12,2.86806775035676e-13,1.37168457625758e-06
1096.976,0.136,3.29259125e-07,2.339875e-09,3.13847241575992e-09,1.98608678483681e-11,1.46632567433893e-12,2.21386070167275e-13,1.05880294427827e-06
1105.042,0.137,3.3170375e-07,2.48943749999999e-09,3.13475767813268e-09,-2.26516497016496e-11,-1.62263089177729e-12,-1.94826275076979e-14,-9.31777837324682e-08
1113.108,0.138,3.34238e-07,3.82962499999999e-09,3.09316911635662e-09,-1.70785955598451e-11,-2.38736982135354e-12,-6.03705184485004e-13,-2.88728566492828e-06
1129.24,0.14,3.39363e-07,3.74400000000001e-09,3.10060048701299e-09,2.75034463846965e-11,8.65308380744476e-13,-1.01125046341686e-12,-4.83641525981977e-06
1137.306,0.141,3.41726e-07,2.45100000000003e-09,3.14817600912601e-09,2.49100671288157e-11,9.87534576518084e-13,-9.53242325088902e-13,-4.55898503303388e-06
1145.372,0.142,3.44265e-07,2.4595e-09,3.15042062127062e-09,-2.10302211302212e-11,-2.97546666322805e-12,-8.74155622832875e-13,-4.18074428311375e-06
1152.83305,0.142925,3.46645e-07,3.65899999999999e-09,3.10611556686557e-09,-2.2281480343979e-11,-3.24460147490135e-12,-1.12097877602569e-12,-5.361202841862e-06
1169.36835,0.144975,3.51583e-07,3.7141875e-09,3.10585766058266e-09,1.89485850298348e-11,8.6048228512473e-13,-1.49477786616949e-12,-7.1489376208106e-06
1177.636,0.146,3.54073375e-07,2.523e-09,3.14401273692524e-09,1.30783410845901e-11,8.00513560328719e-13,-1.570766786217e-12,-7.51236289060304e-06
1185.702,0.147,3.56629e-07,2.66050000000001e-09,3.13201434275184e-09,-3.19103172165672e-11,-3.52699692693996e-12,-1.31383750156092e-12,-6.28357065963918e-06
1193.768,0.148,3.59394375e-07,3.7905e-09,3.0801921024921e-09,-2.58799271674265e-11,-3.59094123558226e-12,-1.13430689920688e-12,-5.42494603968508e-06
1209.0934,0.1499,3.6421e-07,3.60037499999999e-09,3.08025448841699e-09,2.13738395050898e-11,7.03961496930834e-13,-1.04417792452734e-12,-4.9938944216525e-06
1217.966,0.151,3.66595125e-07,2.51543750000002e-09,3.12293978150228e-09,2.1966905054405e-11,1.3718918023917e-12,-6.00966553229007e-13,-2.87418786326916e-06
1225.83035,0.151975,3.69240875e-07,2.54025e-09,3.1241882985258e-09,-1.86830335205341e-11,-1.67770862203307e-12,1.76571063355251e-13,8.44470303003374e-07
1234.098,0.153,3.71675625e-07,3.76056249999998e-09,3.08557371446122e-09,-1.78099486661995e-11,-1.01513305555313e-12,7.03433192575909e-13,3.36424570362391e-06
1250.23,0.155,3.76762e-07,3.7526875e-09,3.0885684011934e-09,2.70170410670401e-11,3.12794761050067e-12,8.70235988551174e-13,4.16199820611431e-06
1258.296,0.156,3.79181e-07,2.42506250000001e-09,3.1396077965953e-09,2.65618309055796e-11,3.0093981096981e-12,1.10255009801319e-12,5.27306568615004e-06
1266.362,0.157,3.81612125e-07,2.47906249999999e-09,3.14169206300456e-09,-2.40114667427172e-11,-9.42977500177819e-13,1.37731473860039e-12,6.58715744548013e-06
1274.428,0.158,3.84139125e-07,3.80875e-09,3.09158486310986e-09,-2.37490413302904e-11,-7.03659609664695e-13,1.20775377190561e-12,5.77621369172248e-06
1290.56,0.16,3.89229625e-07,3.75593750000001e-09,3.09419398034398e-09,2.89296024921032e-11,3.0503659729425e-12,6.60083671206314e-13,3.15692190576933e-06
1298.626,0.161,3.91651e-07,2.45118749999999e-09,3.14944406809407e-09,2.87788017725507e-11,2.33922412643171e-12,3.36080060097501e-13,1.60733941785761e-06
1306.692,0.162,3.94132e-07,2.41049999999999e-09,3.15175158388908e-09,-2.43819015444027e-11,-1.99340033354227e-12,2.29431004219755e-13,1.09727871583361e-06
1314.3547,0.16295,3.96472e-07,3.65250000000003e-09,3.10068026500526e-09,-3.02840272902771e-11,-2.19376187451746e-12,-1.86300970796916e-13,-8.91004642941772e-07
1330.89,0.165,4.01437e-07,3.71299999999998e-09,3.09118352930853e-09,1.37636824324332e-11,1.29891746684026e-12,-7.74172315548916e-13,-3.70256324827742e-06
1338.956,0.166,4.03898e-07,2.46112499999999e-09,3.12820762987013e-09,1.65293173043191e-11,9.82183210279047e-13,-8.99704083212966e-13,-4.3029325718881e-06
1347.022,0.167,4.0635925e-07,2.50700000000004e-09,3.12424216391717e-09,-2.2988601263601e-11,-3.00402474426216e-12,-6.32076157018048e-13,-3.02297292486893e-06
1354.2814,0.1679,4.08912e-07,3.749375e-09,3.08223042734293e-09,-1.70284770972286e-11,-2.64237382532749e-12,-6.22139034474656e-13,-2.97544755618314e-06
1370.514225,0.1699125,4.13858e-07,3.81393749999997e-09,3.09018520972271e-09,2.86251250438754e-11,1.7052988395362e-12,-8.34112557135883e-13,-3.98923396891074e-06
1379.286,0.171,4.16539875e-07,2.57843749999996e-09,3.13948067743068e-09,2.356504914005e-11,1.55341061843218e-12,-6.16000668086526e-13,-2.94609015171817e-06
1387.352,0.172,4.19014875e-07,2.54537500000001e-09,3.13731530800281e-09,-2.34663807476302e-11,-2.52752625661017e-12,-2.20440204667229e-14,-1.05427923971283e-07
1395.418,0.173,4.21630625e-07,3.71881250000002e-09,3.09254791593542e-09,-2.12315702878197e-11,-2.26218001481527e-12,2.23290775110784e-13,1.06791240270375e-06
1410.7434,0.1749,4.264525e-07,3.73568749999998e-09,3.09485216742717e-09,2.13803395928407e-11,2.08859782703405e-12,-4.69704520541625e-15,-2.24641292432951e-08
1419.2127,0.17595,4.29102e-07,2.58506250000001e-09,3.1353085951211e-09,1.89266540891554e-11,2.48886558384783e-12,-1.62715910045801e-13,-7.78206526306005e-07
1427.07705,0.176925,4.31622625e-07,2.50700000000004e-09,3.13270547560548e-09,-2.33299140049157e-11,-1.6878850103229e-12,-2.26661329923064e-13,-1.08403244745813e-06
1435.647175,0.1779875,4.34116e-07,3.66318750000002e-09,3.08864876711127e-09,-2.08774789399806e-11,-2.71085714853693e-12,-7.50660684192135e-13,-3.59011631570151e-06
1451.88,0.18,4.38949e-07,3.714e-09,3.09095051772552e-09,2.27649262899273e-11,1.57036848496789e-13,-1.65597598539594e-12,-7.9198851475458e-06
1459.1394,0.1809,4.41544e-07,2.41849999999998e-09,3.13417861969112e-09,1.88905778343291e-11,-6.37853306694867e-13,-2.28199920122759e-12,-1.09139092232624e-05
1468.012,0.182,4.43786e-07,2.33181249999998e-09,3.12873167339418e-09,-2.59763754826252e-11,-4.87827226861433e-12,-2.49519108608528e-12,-1.19335225856253e-05
1475.573875,0.1829375,4.46207625e-07,3.63912500000003e-09,3.08222586872587e-09,-2.46950245700255e-11,-4.63497192613959e-12,-2.62956469720679e-12,-1.25761789866412e-05
1492.21,0.185,4.5106425e-07,3.75756250000003e-09,3.07934162425413e-09,1.8204126447877e-11,-3.87037467537765e-13,-2.64809665818586e-12,-1.26648101043672e-05
1499.4694,0.1859,4.5372275e-07,2.63306250000001e-09,3.11863412162163e-09,2.17177233239734e-11,-2.1229745908583e-13,-2.15898082645221e-12,-1.03255604743367e-05
1508.342,0.187,4.56330375e-07,2.58768749999997e-09,3.12277707090207e-09,-2.04451583889105e-11,-3.53428516911098e-12,-1.22996361184874e-12,-5.88243466536354e-06
1515.6014,0.1879,4.58898125e-07,3.78249999999996e-09,3.0777438048438e-09,-2.75173065110559e-11,-2.43705871157883e-12,-4.28914202511192e-13,-2.05132879461874e-06
1532.1367,0.18995,4.63895375e-07,3.65143750000004e-09,3.06774245787996e-09,1.60933573183596e-11,2.23494512564454e-12,9.54786568104362e-14,4.56637054310782e-07
1540.505175,0.1909875,4.66201e-07,2.45531250000003e-09,3.10993051948052e-09,2.24716808529308e-11,2.71590573609587e-12,7.73917578253206e-13,3.70134493947186e-06
1548.571175,0.1919875,4.68806e-07,2.46637499999997e-09,3.11268581958582e-09,-2.05122784310317e-11,-3.69726771212558e-13,1.55306641611943e-12,7.42770894665814e-06
1555.9314,0.1929,4.7113375e-07,3.62675e-09,3.06890596261846e-09,-1.91462530712556e-11,2.5984818962272e-13,1.75454089559924e-12,8.39128254417028e-06
1572.164225,0.1949125,4.760595e-07,3.67781250000002e-09,3.07439331344331e-09,2.80851724289245e-11,3.71262323738189e-12,1.41704056495281e-12,6.77715052803518e-06
1580.633525,0.1959625,4.78489375e-07,2.42243749999999e-09,3.12507630747631e-09,2.75610784485795e-11,3.07993311114002e-12,1.30353294630446e-12,6.23428800406481e-06
1588.5987,0.19695,4.80904375e-07,2.59381249999993e-09,3.12951547034047e-09,-1.84730431730449e-11,-1.00709083602806e-12,1.44978452592054e-12,6.93375208048954e-06
1597.068,0.198,4.83677e-07,3.8043125e-09,3.08813022113022e-09,-1.66622872060373e-11,-1.21580084117881e-12,1.22923300039915e-12,5.87894043669159e-06
1613.2,0.2,4.88513e-07,3.61193750000006e-09,3.0961908959284e-09,2.618857932608e-11,2.76468742050418e-12,7.31209673866654e-13,3.49708974457965e-06
1620.66105,0.200925,4.90900875e-07,2.36375000000003e-09,3.14050737978238e-09,1.75131756756757e-11,2.96638061208968e-12,5.1065711663512e-13,2.44227316651579e-06
1628.9287,0.20195,4.932405e-07,2.56699999999997e-09,3.13121724727975e-09,-2.77292887855386e-11,-1.3260215871529e-12,3.33555083254884e-13,1.59526344165379e-06
1637.095525,0.2029625,4.96034875e-07,3.87849999999997e-09,3.0850488022113e-09,-2.48517922955417e-11,-2.19853817791451e-12,-3.86906083547888e-13,-1.85042039957686e-06
1653.53,0.205,5.009975e-07,3.73250000000001e-09,3.08151366268866e-09,1.49257524570025e-11,8.37748734494262e-13,-1.43825962612716e-12,-6.8786329945212e-06
1661.091875,0.2059375,5.03499875e-07,2.47981250000001e-09,3.11490030712531e-09,1.47589658652151e-11,-3.10767670125168e-13,-2.13276732159639e-12,-1.02001915380697e-05
1669.662,0.207,5.05957125e-07,2.54393749999996e-09,3.11103159441909e-09,-1.89807673745167e-11,-5.16634697001439e-12,-2.36845121111022e-12,-1.13273753574837e-05
1677.12305,0.207925,5.0858775e-07,3.57506250000002e-09,3.07693877237627e-09,-1.61773253773251e-11,-5.04588165444846e-12,-2.53549159516003e-12,-1.21262641507654e-05
1693.759175,0.2099875,5.1310725e-07,3.60168750000004e-09,3.07867694366444e-09,2.34193445068424e-11,-3.67714087839057e-13,-2.62554016146329e-12,-1.25569312069983e-05
1701.5227,0.21095,5.15791125e-07,2.65662499999999e-09,3.12377746138996e-09,2.13025162337654e-11,1.85039991980604e-13,-2.20083248343533e-12,-1.05257205729516e-05
1709.992,0.212,5.184205e-07,2.54087499999997e-09,3.12128197613197e-09,-2.50847687785169e-11,-3.38496370261638e-12,-1.30862885288915e-12,-6.25865973120898e-06
1717.6547,0.21295,5.20872875e-07,3.72512499999999e-09,3.07360792383292e-09,-2.62459064584047e-11,-2.75133203428373e-12,-6.71467803954511e-13,-3.21136775804331e-06
1733.887525,0.2149625,5.2587075e-07,3.78562500000007e-09,3.06879016321517e-09,1.57633160758166e-11,1.56157152934503e-12,-5.7406769458005e-13,-2.74554114799154e-06
1742.05435,0.215975,5.28444125e-07,2.450125e-09,3.10513455598456e-09,1.69256076693574e-11,1.7024419215761e-12,-4.63556702511839e-13,-2.21701031636097e-06
1750.322,0.217,5.30771e-07,2.37906249999993e-09,3.10264137855388e-09,-2.33091062653564e-11,-1.91252749469264e-12,-1.5839079534583e-13,-7.5752119513223e-07
1758.287175,0.2179875,5.3320225e-07,3.62581249999999e-09,3.05851634345385e-09,-1.65424161986661e-11,-2.01905394547782e-12,-1.76929767541828e-13,-8.46185844765264e-07
1774.31835,0.219975,5.38022625e-07,3.72768750000002e-09,3.06955654615655e-09,3.07896301333788e-11,1.17599686710111e-12,-5.05866784277542e-13,-2.41936288132737e-06
1782.38435,0.220975,5.40657625e-07,2.3180625e-09,3.1200956037206e-09,2.3800993769744e-11,1.10696987845588e-12,-5.09644874462399e-13,-2.43743200829843e-06
1790.652,0.222,5.4265875e-07,2.41812500000002e-09,3.11715853369604e-09,-2.78220252720227e-11,-2.23840339059533e-12,-1.4415479254097e-13,-6.89435964326378e-07
1798.51635,0.222975,5.45493875e-07,3.91081250000002e-09,3.06445155317656e-09,-2.63499122499123e-11,-1.93311569121882e-12,5.35631603534945e-15,2.56171636473235e-08
1814.85,0.225,5.50480375e-07,3.66749999999996e-09,3.06445870919621e-09,2.53960029835012e-11,2.16961034672471e-12,-7.0819798868381e-14,-3.38703385892257e-07
1822.815175,0.2259875,5.52828875e-07,2.35481249999995e-09,3.11524355914356e-09,2.48583011582999e-11,2.25361731019205e-12,1.21004038305579e-13,5.78714965809291e-07
1830.982,0.227,5.5519e-07,2.58800000000002e-09,3.11417531151281e-09,-2.34047670235158e-11,-1.50234108499268e-12,3.9415320989152e-13,1.8850805690464e-06
1838.947175,0.2279875,5.58004875e-07,3.77000000000004e-09,3.06843402509653e-09,-2.28065878378367e-11,-1.60071623965262e-12,3.02621267007542e-13,1.44731910307955e-06
1855.18,0.23,5.6273e-07,3.53818749999998e-09,3.06856213583714e-09,2.03126250438744e-11,2.04640713304078e-12,1.24405558883825e-13,5.9498310770525e-07
1863.246,0.231,5.6508125e-07,2.49437500000001e-09,3.10905927518428e-09,1.86422626360126e-11,2.00695888602879e-12,3.60702055729318e-13,1.72509678827065e-06
1871.312,0.232,5.6771875e-07,2.53937500000003e-09,3.10584666110916e-09,-2.06172472797469e-11,-1.7189150205088e-12,8.1681832973522e-13,3.90652244655975e-06
1879.378,0.233,5.7016e-07,3.70750000000001e-09,3.06782478062478e-09,-1.87527421902431e-11,-8.13024120316362e-13,9.74287069610561e-13,4.65963381118094e-06
1895.51,0.235,5.7513375e-07,3.73499999999997e-09,3.06834117672868e-09,2.27273560898538e-11,3.97474707808543e-12,1.00952592671504e-12,4.82816747559367e-06
1903.576,0.236,5.7763e-07,2.58312499999997e-09,3.11327949280449e-09,2.45930721305735e-11,3.58042897658789e-12,1.43064466159513e-12,6.84221359893323e-06
1911.642,0.237,5.803e-07,2.62687500000001e-09,3.11752732098982e-09,-1.81032248157227e-11,-8.88174462263262e-13,2.10140694077817e-12,1.00502071080695e-05
1919.708,0.238,5.8288375e-07,3.77000000000004e-09,3.07707304317305e-09,-1.76436227623744e-11,-8.84956128112626e-14,2.40455871843032e-12,1.15000634359711e-05
1935.84,0.24,5.8784e-07,3.64312500000001e-09,3.08224007546508e-09,2.39784990347482e-11,4.84819349132424e-12,2.28422001070644e-12,1.09245304859873e-05
1943.906,0.241,5.9017e-07,2.32312499999994e-09,3.12503004124254e-09,2.30636473323982e-11,4.92578542424274e-12,2.39381706489809e-12,1.14486903103822e-05
1951.972,0.242,5.9248625e-07,2.43375e-09,3.12836737012987e-09,-2.05458252895755e-11,7.88643109836773e-13,2.78545089733259e-12,1.3321721682895e-05
1960.038,0.243,5.950375e-07,3.64875000000003e-09,3.08393839066339e-09,-2.18927869427872e-11,6.0813131641433e-13,2.70603418673873e-12,1.29419026322287e-05
1976.17,0.245,5.9978375e-07,3.69625000000002e-09,3.0845817962443e-09,2.70041220603731e-11,4.16012961453891e-12,2.12169788704072e-12,1.01472507641078e-05
1984.236,0.246,6.0243e-07,2.48812499999999e-09,3.13794663478414e-09,2.42045761670764e-11,3.82785912318662e-12,1.81690012311286e-12,8.68952232793107e-06
1992.302,0.247,6.0476e-07,2.47625000000001e-09,3.13299094857845e-09,-2.51262482449996e-11,-3.23715423625451e-13,1.9593841170135e-12,9.37096751615152e-06
2000.368,0.248,6.073825e-07,3.75000000000002e-09,3.08769413829414e-09,-1.60750702000706e-11,-3.78232092614017e-13,1.97829180540949e-12,9.46139559108887e-06
2016.5,0.25,6.1226e-07,3.72999999999994e-09,3.10084080817831e-09,3.20285714285734e-11,3.88289360948718e-12,1.80453198494472e-12,8.6303703627791e-06
2024.566,0.251,6.148425e-07,2.57499999999998e-09,3.15175128115128e-09,2.1175046068796e-11,4.07234227746469e-12,1.94871059968135e-12,9.31992025934559e-06
2032.632,0.252,6.1741e-07,2.49375000000002e-09,3.1431909003159e-09,-2.84726702351705e-11,3.15192969585919e-13,2.27259516321068e-12,1.08689333892685e-05
2040.698,0.253,6.1983e-07,3.67875000000001e-09,3.09480594068094e-09,-2.19172736047732e-11,3.86052824921827e-13,2.18246209827321e-12,1.04378622091327e-05
2056.83,0.255,6.247675e-07,3.73e-09,3.09935635310635e-09,2.62779922779919e-11,3.86682562537228e-12,1.67799576973524e-12,8.02519715960332e-06
2064.896,0.256,6.2729e-07,2.59000000000003e-09,3.14736192523693e-09,2.40175061425058e-11,3.2475697607461e-12,1.20070434502002e-12,5.7424990414001e-06
2072.962,0.257,6.299475e-07,2.60500000000002e-09,3.14739136539137e-09,-2.16536284661297e-11,-1.40467885246416e-12,8.09660384703869e-13,3.87228879640981e-06
2081.028,0.258,6.325e-07,3.83874999999998e-09,3.10405466830467e-09,-1.84521103896099e-11,-1.79897095667156e-12,1.3641723153225e-13,6.52430237762935e-07
2097.16,0.26,6.37625e-07,3.75000000000002e-09,3.11048714461215e-09,2.76953755703766e-11,1.54295363855077e-12,-6.7750074880894e-13,-3.2402209725645e-06
2105.226,0.261,6.4e-07,2.41125000000001e-09,3.15944541944542e-09,2.29336828711843e-11,4.67066261126796e-13,-1.18626661249062e-12,-5.67344901625949e-06
2113.292,0.262,6.424475e-07,2.57499999999998e-09,3.15635451035451e-09,-2.71429229554226e-11,-3.71973666138433e-12,-1.27421527772852e-12,-6.09407306739727e-06
2121.358,0.263,6.4515e-07,3.78124999999998e-09,3.10515957353458e-09,-2.56820375570392e-11,-3.25310082175261e-12,-1.28033539296849e-12,-6.12334318376234e-06
2137.49,0.265,6.5001e-07,3.63187500000001e-09,3.10499043524044e-09,1.83196735696731e-11,5.17085989119455e-13,-1.68570659667807e-12,-8.06207502759077e-06
2145.556,0.266,6.5241375e-07,2.44625000000003e-09,3.14179892067392e-09,1.4877742190242e-11,-3.38334268397189e-13,-2.27872609146196e-12,-1.08982552200355e-05
2153.622,0.267,6.549025e-07,2.54812500000001e-09,3.13474591962092e-09,-2.57648955773962e-11,-3.69561504722091e-12,-2.62560777080973e-12,-1.25572545560465e-05
2161.688,0.268,6.5751e-07,3.88874999999998e-09,3.09026912951913e-09,-2.36359248859242e-11,-3.69886010800118e-12,-2.88997627417033e-12,-1.38216256590755e-05
2177.82,0.27,6.6268e-07,3.67999999999999e-09,3.08747406984907e-09,2.02172472797488e-11,-2.61198281664545e-12,-3.27727910266479e-12,-1.56739435344838e-05
2185.886,0.271,6.6487e-07,2.33499999999997e-09,3.13070362407863e-09,2.04876491751488e-11,-3.64467416347142e-12,-3.42844044023283e-12,-1.63968890619831e-05
2193.952,0.272,6.6735e-07,2.44750000000001e-09,3.12844936819937e-09,-2.27769612144619e-11,-4.49890168960949e-12,-2.99676213340628e-12,-1.433234063803e-05
2202.018,0.273,6.69765e-07,3.755e-09,3.0851497016497e-09,-2.08157248157242e-11,-2.23556789309477e-12,-2.28211186305599e-12,-1.09144480407026e-05
2218.15,0.275,6.7486e-07,3.80374999999997e-09,3.08681791856792e-09,2.26585205335204e-11,4.23557783275151e-13,-1.44967396704447e-12,-6.93322332064747e-06
2226.216,0.276,6.773725e-07,2.44500000000005e-09,3.13046674271674e-09,2.025647156897e-11,9.81516429376099e-14,-2.81413109491159e-13,-1.34588878452293e-06
2234.282,0.277,6.7975e-07,2.40375000000002e-09,3.12733086170586e-09,-2.44057125307128e-11,-6.97559476143256e-13,1.03030551883608e-12,4.92754813356386e-06
2242.348,0.278,6.8218e-07,3.70874999999999e-09,3.08165531765532e-09,-2.1262306949806e-11,1.5132593136434e-12,2.13690292340112e-12,1.02199705032227e-05
2258.48,0.28,6.871675e-07,3.76125000000001e-09,3.08480624780625e-09,5.62649175149145e-12,4.46592717735265e-12,3.13673416129668e-12,1.50017720757667e-05
2266.546,0.281,6.897025e-07,2.50624999999999e-09,3.0929083011583e-09,1.38931862056867e-11,4.93250552403893e-12,4.30534542532314e-12,2.05907824689368e-05
2274.612,0.282,6.9218e-07,2.51125000000002e-09,3.11259262021762e-09,1.66153036153058e-11,4.46603530875366e-12,5.52975906823735e-12,2.64466738046134e-05
2282.678,0.283,6.94725e-07,3.78124999999998e-09,3.12613890838891e-09,7.40525184275266e-12,6.06185694159735e-12,6.49262026279567e-12,3.10516621264141e-05
2298.81,0.285,6.997425e-07,3.73249999999996e-09,3.12740312390313e-09,5.69805194802884e-13,8.14294762527461e-12,7.16999275699964e-12,3.42912697073896e-05
2306.876,0.286,7.0219e-07,2.43375e-09,3.12727851877852e-09,7.12971656721488e-12,7.8304725819845e-12,7.72082422756119e-12,3.69256810883361e-05
2314.942,0.287,7.0461e-07,2.59062500000002e-09,3.14166255703756e-09,1.37767199017204e-11,6.90761919468204e-12,8.06151366847828e-12,3.85550653709831e-05
2323.008,0.288,7.0737125e-07,3.84875000000004e-09,3.15483195858196e-09,9.44724025974207e-12,7.83973867857503e-12,7.73907892197437e-12,3.70129861485731e-05
2339.14,0.29,7.123075e-07,3.69125000000004e-09,3.16055703755704e-09,7.7773341523365e-12,8.43601095215171e-12,6.65531241295735e-12,3.18297550184917e-05
2347.206,0.291,7.1475375e-07,2.51687499999999e-09,3.17038662688663e-09,1.0488065988066e-11,6.22644831677571e-12,5.37763202353135e-12,2.57191096777586e-05
2355.272,0.292,7.1734125e-07,2.54312499999998e-09,3.18153316953317e-09,6.27678571428323e-12,3.20787273621091e-12,4.27781178251263e-12,2.04590998294082e-05
2363.338,0.293,7.1984e-07,3.769375e-09,3.1829401983152e-09,-4.42986574236779e-12,1.35597325518422e-12,3.08109662469537e-12,1.47356795094126e-05
2379.47,0.295,7.2488e-07,3.76374999999997e-09,3.17267343804844e-09,-6.66174534924483e-12,1.16343488266466e-12,1.53000756164086e-12,7.31742746871716e-06
2387.536,0.296,7.273675e-07,2.45999999999998e-09,3.16961670761671e-09,3.81155668655531e-12,1.24830027592355e-12,3.93186285037725e-14,1.8804561458326e-07
2395.602,0.297,7.298e-07,2.46437500000003e-09,3.18029655142155e-09,6.46968234468181e-12,9.52593323466471e-14,-1.02082942244275e-12,-4.88222767255228e-06
2403.668,0.298,7.3229625e-07,3.77125000000002e-09,3.18255607230607e-09,-7.02209108458893e-12,-1.9275777427342e-12,-1.9219777329867e-12,-9.19206741863204e-06
2419.8,0.3,7.373425e-07,3.826875e-09,3.16625236925237e-09,-1.51887504387515e-11,-3.84028581858829e-12,-2.92253678821868e-12,-1.3977349856698e-05
2427.866,0.301,7.3995e-07,2.57250000000002e-09,3.15217857142857e-09,-4.59376096876279e-12,-4.38531141700147e-12,-3.8524954372756e-12,-1.84249781782746e-05
2435.932,0.302,7.424875e-07,3.71437500000001e-09,3.15706484731485e-09,5.94072481572557e-12,-4.28976945708384e-12,-4.34582726431901e-12,-2.07843912641344e-05
2452.064,0.304,7.4737875e-07,3.70624999999997e-09,3.16406002106002e-09,-1.7180150930142e-12,-4.51467244432705e-12,-4.38344347301e-12,-2.09642948709174e-05
2460.13,0.305,7.499e-07,2.48062499999994e-09,3.15362881712882e-09,-1.39143120393108e-12,-4.43145549197354e-12,-4.13313406490221e-12,-1.97671629190975e-05
2468.196,0.306,7.5234e-07,2.57e-09,3.16127715865216e-09,2.88682432432372e-12,-3.60190671703808e-12,-3.97328907408324e-12,-1.90026868760503e-05
2476.262,0.307,7.5504e-07,3.83750000000005e-09,3.15940246577746e-09,-1.24073578448587e-11,-3.3019673431979e-12,-4.31321001569544e-12,-2.06283957272391e-05
2492.394,0.309,7.60015e-07,3.69e-09,3.13646244296244e-09,-1.4706081081083e-11,-4.24652439802385e-12,-4.75057040985616e-12,-2.2720119351486e-05
2500.46,0.31,7.6242e-07,2.4875e-09,3.1299903036153e-09,-7.06489118989357e-12,-4.95180385953506e-12,-4.84840116495385e-12,-2.31880055715184e-05
2508.526,0.311,7.6499e-07,2.37499999999997e-09,3.12233266058265e-09,-2.29321691821483e-12,-6.01234160951385e-12,-4.89150697273504e-12,-2.33941637826458e-05
2516.592,0.312,7.6717e-07,3.59999999999995e-09,3.12540386977887e-09,5.46946296946596e-12,-6.44768330588844e-12,-5.20125975118112e-12,-2.48755901143445e-05
2532.724,0.314,7.7219e-07,3.69312500000001e-09,3.13327158652159e-09,-2.31857669356298e-13,-4.22709966539616e-12,-5.26673177357974e-12,-2.51887171779901e-05
2540.79,0.315,7.7455625e-07,2.53312500000007e-09,3.12494015444016e-09,-9.24243155492867e-12,-2.76589546655281e-12,-4.45123690771371e-12,-2.12885243412395e-05
2548.856,0.316,7.7725625e-07,2.53187499999998e-09,3.11478672341173e-09,-3.867212179712e-12,-3.94281429476704e-12,-3.17421734760618e-12,-1.51810394885513e-05
2556.922,0.317,7.7962e-07,3.64749999999994e-09,3.11720573008073e-09,2.90343102841405e-13,-4.28430414553294e-12,-1.98005640111598e-12,-9.46983496185903e-06
2573.054,0.319,7.8455125e-07,3.71625000000004e-09,3.11536740961741e-09,-9.74986837487003e-12,-9.46566822996678e-13,-9.3183381779206e-13,-4.45659651987507e-06
2581.12,0.32,7.870525e-07,2.54937499999999e-09,3.09770599333099e-09,-1.52623508248522e-11,2.44760937522089e-12,5.68405248377312e-14,2.71845988354367e-07
2589.186,0.321,7.8965e-07,2.57124999999998e-09,3.08484270796771e-09,-3.63335819585704e-12,1.68836630621571e-12,1.15063169721581e-12,5.50302116059735e-06
2597.252,0.322,7.92195e-07,3.81500000000007e-09,3.09043927693928e-09,7.5522332397346e-12,6.93747862185625e-13,2.10399397008408e-12,1.00625798569239e-05
2613.384,0.324,7.9728e-07,3.78250000000002e-09,3.09994717444718e-09,2.98400096525108e-11,2.45627733548615e-12,2.62166651939378e-12,1.25384050927529e-05
2621.45,0.325,7.9976e-07,2.46999999999994e-09,3.1501192962443e-09,2.24730168480192e-11,3.62993589223535e-12,2.88451579097283e-12,1.37955103046527e-05
2629.516,0.326,8.0222e-07,2.51187500000001e-09,3.14489320814322e-09,-2.7159419971921e-11,2.84888188488199e-12,3.19397066433005e-12,1.52755118728828e-05
2637.582,0.327,8.0478375e-07,3.295625e-09,3.09580045630046e-09,-2.02045235170281e-11,2.37839662259387e-12,3.41674072986478e-12,1.63409339254403e-05
2653.814825,0.3290125,8.0881125e-07,3.75812499999995e-09,3.10448416110916e-09,3.19505089505091e-11,3.75335682094446e-12,3.22926495592104e-12,1.54443106587528e-05
2661.78,0.33,8.123e-07,3.004375e-09,3.15970147420148e-09,2.95755747630775e-11,4.50037860333346e-12,2.74206786377293e-12,1.31142376093488e-05
2669.846,0.331,8.1482e-07,2.48500000000009e-09,3.16363531063531e-09,-1.87742190242177e-11,2.20173552978409e-12,2.00569512759152e-12,9.5924549580464e-06
2677.912,0.332,8.1727e-07,3.79000000000006e-09,3.12215303615304e-09,-2.44096174096172e-11,-2.23880436245642e-13,1.13181531985403e-12,5.41302979060623e-06
2694.044,0.334,8.224e-07,3.73937499999996e-09,3.11481607581608e-09,1.44370173745159e-11,2.74318435114374e-13,6.10160358570415e-13,2.91815823664111e-06
2702.11,0.335,8.2474875e-07,2.42500000000002e-09,3.15102707090207e-09,1.70615128115102e-11,6.79741403445921e-13,4.72356891059852e-13,2.25909817463407e-06
2710.176,0.336,8.2725e-07,2.45249999999994e-09,3.1489391014391e-09,-1.94612583362578e-11,-1.08728105220038e-12,2.29299793343209e-13,1.09665118555448e-06
2718.242,0.337,8.2965375e-07,3.70937499999993e-09,3.11210455422956e-09,-1.77683397683374e-11,-2.11625565642524e-13,-2.06322437252529e-13,-9.86759482512095e-07
2734.374,0.339,8.3466875e-07,3.761875e-09,3.11340242190243e-09,1.80600210600215e-11,2.6164224432655e-12,-3.42373365078523e-13,-1.63743783298424e-06
2742.44,0.34,8.371775e-07,2.555625e-09,3.1482245963496e-09,1.76637855387867e-11,1.06266932554118e-12,-5.17832593936917e-14,-2.47659066665482e-07
2750.506,0.341,8.3978e-07,2.56937500000007e-09,3.14872999298e-09,-2.0321582134084e-11,-3.1538155195401e-12,1.97416869654255e-13,9.44167637476872e-07
2758.572,0.342,8.4231625e-07,3.76500000000006e-09,3.10758143208143e-09,-1.90509389259423e-11,-2.5008447918105e-12,7.92400549541953e-14,3.78974175867891e-07
2774.704,0.344,8.4731e-07,3.75562499999993e-09,3.11062811512811e-09,2.84735214110233e-11,2.44080526525739e-12,-1.07243091470131e-13,-5.1290174181367e-07
2782.77,0.345,8.498275e-07,2.41125000000001e-09,3.16452847490348e-09,3.09565637065649e-11,3.08219564919048e-12,2.2805408669205e-13,1.09069345809241e-06
2790.836,0.346,8.521325e-07,2.40750000000002e-09,3.17254124254124e-09,-2.08485433485459e-11,-8.88106934281887e-13,8.31756811306715e-13,3.97796735842342e-06
2798.902,0.347,8.546425e-07,3.86624999999989e-09,3.12283138820639e-09,-2.58915847665851e-11,-1.47732067571032e-12,8.0744832865259e-13,3.86170939790369e-06
2815.034,0.349,8.59865e-07,3.87062500000004e-09,3.12075807300807e-09,1.08983415233431e-11,1.93114266534914e-12,1.39106373091885e-13,6.65291349569885e-07
2823.1,0.35,8.6238375e-07,2.45250000000009e-09,3.14462807125307e-09,8.73334942084853e-12,1.76338123577819e-12,-4.00772468042195e-13,-1.91673789063658e-06
2831.166,0.351,8.6477e-07,2.46812499999997e-09,3.13822477184977e-09,-1.53566382941395e-11,-2.50391406555604e-12,-6.64911206037931e-13,-3.18001011583358e-06
2839.232,0.352,8.6732e-07,3.69e-09,3.11391479466479e-09,-1.1456278518777e-11,-3.36153729634039e-12,-1.19198008717567e-12,-5.7007743299706e-06
2855.364,0.354,8.7215e-07,3.70499999999999e-09,3.11531221481222e-09,2.40263689013715e-11,5.78351677570181e-14,-1.88782800914468e-12,-9.02874265243108e-06
2863.43,0.355,8.7473e-07,2.60812499999997e-09,3.16196753246754e-09,2.11926991926999e-11,6.6717920673616e-14,-2.12093020772871e-12,-1.01435792543547e-05
2871.496,0.356,8.7736625e-07,2.63312500000002e-09,3.15769761319762e-09,-2.83506493506488e-11,-4.14395566839172e-12,-1.80789795458123e-12,-8.64646847843197e-06
2879.562,0.357,8.7999625e-07,3.79187500000004e-09,3.10526623376624e-09,-2.69446077571074e-11,-4.24781141843472e-12,-1.50496593276461e-12,-7.19766315670031e-06
2895.694,0.359,8.8495e-07,3.59937500000002e-09,3.1038083976834e-09,2.06278518778486e-11,4.46409473808123e-13,-1.51158613215811e-12,-7.22932497988661e-06
2903.76,0.36,8.87195e-07,2.51499999999997e-09,3.14652193752194e-09,2.01309450684424e-11,1.24511922767044e-12,-1.44424304664781e-12,-6.907249353533e-06
2911.826,0.361,8.8998e-07,2.68249999999993e-09,3.14407028782029e-09,-2.66447437697433e-11,-2.37325175376854e-12,-1.25202108703868e-12,-5.98792693801108e-06
2919.892,0.362,8.9256e-07,3.72999999999994e-09,3.09323244998245e-09,-2.56712662337661e-11,-3.05948381663517e-12,-1.43405542943629e-12,-6.85852596686921e-06
2936.024,0.364,8.9744e-07,3.70000000000012e-09,3.09272775535275e-09,2.48797385047411e-11,-6.11904489867294e-13,-1.92588339334741e-12,-9.21074666383544e-06
2944.09,0.365,8.9996e-07,2.51812500000003e-09,3.14299192699193e-09,2.57807564057575e-11,-8.15709526154227e-13,-2.14633911269608e-12,-1.02651001041986e-05
2952.156,0.366,9.0247625e-07,2.39999999999992e-09,3.14428926816427e-09,-2.51998288873314e-11,-4.27064116427481e-12,-1.9699503727485e-12,-9.42150178271022e-06
2960.222,0.367,9.0476e-07,3.59250000000006e-09,3.09259226921727e-09,-2.83705466830454e-11,-3.85711887575248e-12,-1.8398642779846e-12,-8.79935089470896e-06
2976.354,0.369,9.0966125e-07,3.78812500000004e-09,3.08754817479818e-09,2.14920366795346e-11,8.26769486686913e-13,-1.74759146157423e-12,-8.35804612057241e-06
2984.42,0.37,9.1233625e-07,2.54937499999999e-09,3.13557634257634e-09,2.60869822744791e-11,1.03476281114011e-12,-1.28722756859526e-12,-6.1563057628469e-06
2992.486,0.371,9.1476e-07,2.48624999999997e-09,3.13972213934714e-09,-2.22396454896412e-11,-2.85541976842171e-12,-7.21331335617534e-13,-3.44984551817081e-06
3000.552,0.372,9.1730875e-07,3.76624999999999e-09,3.09109705159706e-09,-2.77093058968044e-11,-2.60111985634979e-12,-5.31630570329505e-13,-2.54258098853241e-06
3016.684,0.374,9.222925e-07,3.67062499999997e-09,3.08430352755353e-09,1.68594462969458e-11,1.49380593817085e-12,-5.3071347475512e-13,-2.53819487926362e-06
3024.75,0.375,9.2465e-07,2.41624999999999e-09,3.12481594419095e-09,1.92488153738183e-11,1.72947625417781e-12,-1.00692616887308e-13,-4.81573385113212e-07
3032.816,0.376,9.27125e-07,2.47687500000005e-09,3.12280115830116e-09,-2.12749868374879e-11,-1.7677463006412e-12,7.12215035790766e-13,3.40624582334714e-06
3040.882,0.377,9.2960375e-07,3.805e-09,3.08226597051597e-09,-1.81533213408249e-11,-9.64770096778212e-13,1.15905390586842e-12,5.54330128893592e-06
3057.014,0.379,9.34735e-07,3.798125e-09,3.08649451561951e-09,2.81627325377324e-11,3.94083007136717e-12,1.24416377383403e-12,5.95034848355406e-06
3065.08,0.38,9.372e-07,2.43937499999997e-09,3.13859143559144e-09,2.66100605475626e-11,4.25701785557955e-12,1.63596490875348e-12,7.82417999838621e-06
3073.146,0.381,9.3961375e-07,2.46000000000004e-09,3.13971463671464e-09,-2.32931511056493e-11,-1.75458337153166e-13,2.25511728438262e-12,1.07853435340038e-05
3081.212,0.382,9.4212e-07,3.73437499999998e-09,3.09200513338014e-09,-2.19073139698145e-11,-4.25397817131245e-13,2.41283009379192e-12,1.15396221877005e-05
3097.344,0.384,9.470825e-07,3.85999999999998e-09,3.09590000877501e-09,2.50084459459413e-11,4.05756147583492e-12,2.02898019577917e-12,9.70381832763951e-06
3105.41,0.385,9.4984e-07,2.56375000000004e-09,3.14202202527202e-09,2.56195156195136e-11,4.45659394147428e-12,1.70509581011724e-12,8.1548060483868e-06
3113.476,0.386,9.5221e-07,2.40437499999996e-09,3.14713904001404e-09,-1.66249341874299e-11,1.79912780006509e-15,1.59790264109456e-12,7.64214306610442e-06
3121.542,0.387,9.5464875e-07,3.700625e-09,3.10877215689716e-09,-1.99178659178654e-11,-9.3973409887549e-13,1.18582448897396e-12,5.67133451248416e-06
3137.674,0.389,9.5961125e-07,3.75562500000004e-09,3.10730330817831e-09,2.04602711477707e-11,2.06514931972576e-12,3.76347561010992e-13,1.79992311787866e-06
3145.74,0.39,9.6216e-07,2.45437499999996e-09,3.1496926991927e-09,1.98487846612865e-11,1.44651332384235e-12,-2.75631406662637e-13,-1.31823716229957e-06
3153.806,0.391,9.6452e-07,2.49375000000007e-09,3.14700087750088e-09,-2.64063048438065e-11,-2.65135422137325e-12,-6.00481065974215e-13,-2.87186596770277e-06
3161.872,0.392,9.671475e-07,3.73499999999997e-09,3.09688008950509e-09,-2.57063662688677e-11,-2.81171423654688e-12,-1.0174919528281e-12,-4.86626586135178e-06
3178.004,0.394,9.7199e-07,3.73749999999994e-09,3.09558814496314e-09,2.416475078975e-11,7.67740032777607e-13,-1.49358674511352e-12,-7.14324095489075e-06
3186.07,0.395,9.746225e-07,2.6031250000001e-09,3.14520959108459e-09,2.54676640926633e-11,3.67002256488498e-13,-1.47042117403415e-12,-7.0324490932068e-06
3194.136,0.396,9.7719625e-07,2.55374999999992e-09,3.14652347314847e-09,-2.49534266409256e-11,-3.60849199681299e-12,-1.09374436577503e-12,-5.23095131457623e-06
3202.202,0.397,9.7973e-07,3.73124999999992e-09,3.09530273780274e-09,-2.82226219726217e-11,-3.21304107008188e-12,-1.00862251630841e-12,-4.82384681712718e-06
3218.334,0.399,9.8465875e-07,3.71500000000006e-09,3.09007822920323e-09,2.01217313092302e-11,1.32843447216996e-12,-1.11985298031871e-12,-5.35581860152426e-06
3226.4,0.4,9.8716e-07,2.55562500000006e-09,3.1355462004212e-09,2.30813443313452e-11,1.62327339008863e-12,-8.77693541240383e-13,-4.19766476245401e-06
3234.466,0.401,9.8977e-07,2.44750000000001e-09,3.13624091786592e-09,-2.09664794664768e-11,-2.66064335272003e-12,-4.36838012882246e-13,-2.08922527900205e-06
3242.532,0.402,9.92055e-07,3.58062499999997e-09,3.09361324148824e-09,-2.20879036504029e-11,-2.73734803801821e-12,-4.42781090885326e-13,-2.11764869553852e-06
3258.664,0.404,9.9693125e-07,3.78062499999999e-09,3.09206511056511e-09,1.91307476307464e-11,1.52116770065872e-12,-8.17288730777824e-13,-3.90877219067655e-06
3266.73,0.405,9.9961625e-07,2.62062499999994e-09,3.13187473674974e-09,2.24355914355908e-11,1.39065111310968e-12,-8.85423924685725e-13,-4.23463616154042e-06
3274.796,0.406,1.0021725e-06,2.55750000000008e-09,3.13693629343629e-09,-1.71809626184624e-11,-2.92062676109716e-12,-5.27769024680065e-13,-2.52411272673075e-06
3282.862,0.407,1.00473125e-06,3.65375000000001e-09,3.09751281151281e-09,-1.9453119515621e-11,-2.73646609800165e-12,-2.68045271804628e-13,-1.28195564776126e-06
3298.994,0.409,1.00948e-06,3.63749999999993e-09,3.09803005440505e-09,2.15421858546856e-11,1.80215653370656e-12,-2.40623033326761e-13,-1.15080581156277e-06
3307.06,0.41,1.01200625e-06,2.45062500000002e-09,3.14059718322218e-09,1.73672121797145e-11,2.29541471511869e-12,5.47852230071182e-14,2.62016283947087e-07
3315.126,0.411,1.01438125e-06,2.38749999999994e-09,3.13276447876448e-09,-3.08303790803807e-11,-1.16560532758632e-12,6.88670082881197e-13,3.29363952682312e-06
3323.192,0.412,1.01678125e-06,3.79375000000006e-09,3.07893642506142e-09,-2.39815286065298e-11,-8.21697307865207e-13,1.04262970194902e-12,4.98648987888662e-06
3339.324,0.414,1.02196875e-06,3.88437500000005e-09,3.08480142155142e-09,3.0373749561252e-11,3.0897077480317e-12,9.82612412900153e-13,4.69945067039204e-06
3347.39,0.415,1.02455e-06,2.53749999999995e-09,3.13968392418393e-09,2.64575070200076e-11,3.04714606537115e-12,1.17043676163396e-12,5.59774103390155e-06
3355.456,0.416,1.02704375e-06,2.45437500000007e-09,3.13771643559144e-09,-2.38691865566859e-11,-5.17672886318621e-13,1.75257789046303e-12,8.38189425873623e-06
3363.522,0.417,1.02945875e-06,3.63812499999997e-09,3.09194555107055e-09,-2.05202922077933e-11,-1.44046122122682e-13,2.10353615455581e-12,1.00603903043974e-05
3379.654,0.419,1.03432e-06,3.75437499999995e-09,3.09667585117585e-09,2.81998069498039e-11,4.04381468162575e-12,2.15322173103086e-12,1.02980169744954e-05
3387.72,0.42,1.0369675e-06,2.56062500000009e-09,3.14834516497016e-09,2.82695682695701e-11,4.72281949637745e-12,2.39426562169847e-12,1.14508355820362e-05
3395.786,0.421,1.03944125e-06,2.55062500000002e-09,3.15321498771499e-09,-1.71041374166326e-11,1.20613736276566e-12,2.75007637120778e-12,1.31525391666459e-05
3403.852,0.422,1.04206875e-06,3.79937499999992e-09,3.1141368901369e-09,-2.02700728325726e-11,7.64552107086601e-13,2.68737224269744e-12,1.28526498563791e-05
3419.984,0.424,1.04704e-06,3.62062499999991e-09,3.11267484204985e-09,1.78611793611774e-11,4.09864136817428e-12,2.26225007457948e-12,1.08194568784236e-05
3428.05,0.425,1.04931e-06,2.46937500000006e-09,3.14985924885925e-09,1.92064978939979e-11,3.61887114116223e-12,2.00448175535303e-12,9.58665187342753e-06
3436.116,0.426,1.05197875e-06,2.60500000000002e-09,3.15108783783784e-09,-1.78886451386478e-11,-4.63078964120993e-13,1.80853021228477e-12,8.64949231962281e-06
3444.182,0.427,1.05452e-06,3.75312499999997e-09,3.11408195858196e-09,-1.48693181818159e-11,-4.24988333455242e-13,1.21337252761273e-12,5.8030860016261e-06
3460.314,0.429,1.059485e-06,3.69500000000003e-09,3.12134920147421e-09,2.41624254124298e-11,2.98354994944934e-12,3.86652192164205e-13,1.8492061364375e-06
3468.38,0.43,1.06191e-06,2.40250000000004e-09,3.16240680940682e-09,1.86424183924141e-11,1.98024709380468e-12,-1.43498704914591e-13,-6.86298153939348e-07
3476.446,0.431,1.06429e-06,2.50999999999993e-09,3.15863403825904e-09,-2.390101790102e-11,-3.05359685142781e-12,-3.97068722482125e-13,-1.89902432491451e-06
3484.512,0.432,1.06693e-06,3.94687499999997e-09,3.11460477360478e-09,-2.61032818532809e-11,-3.49982234838471e-12,-9.72122080133032e-13,-4.64927951367972e-06
3500.644,0.434,1.07218375e-06,3.95000000000009e-09,3.10642747455248e-09,1.90998157248147e-11,4.90042401736672e-13,-1.84485403806252e-12,-8.82321496464684e-06
3508.71,0.435,1.07483e-06,2.42812500000003e-09,3.15280440505441e-09,2.81784178659181e-11,1.85157905981244e-13,-2.27357117647939e-12,-1.08736012788145e-05
3516.776,0.436,1.07704e-06,2.30437499999995e-09,3.16278431028431e-09,-1.78228983854007e-11,-4.19503826752958e-12,-2.2091369023899e-12,-1.0565437359256e-05
3524.842,0.437,1.07943875e-06,3.78499999999998e-09,3.1171586082836e-09,-2.78620349245382e-11,-4.78191783224118e-12,-2.40054909834894e-12,-1.14808869921036e-05
3540.974,0.439,1.08461e-06,3.89062500000006e-09,3.10706024043524e-09,1.12260222885215e-11,-1.21850678323438e-12,-3.03019247640038e-12,-1.44922248871323e-05
3549.04,0.44,1.08722e-06,2.53125000000004e-09,3.13961065286065e-09,1.49971261846256e-11,-9.89445118818046e-13,-3.36230932146696e-12,-1.60806097983202e-05
3557.106,0.441,1.0896725e-06,2.43499999999998e-09,3.13705449280449e-09,-2.52838057213032e-11,-4.92449381050649e-12,-3.25266814457994e-12,-1.55562389523388e-05
3565.172,0.442,1.09209e-06,3.6612499999999e-09,3.08904304141804e-09,-2.53691426816372e-11,-5.62916751959281e-12,-3.41635580127984e-12,-1.63390929626427e-05
3581.304,0.444,1.096995e-06,3.69062499999994e-09,3.08631620744121e-09,2.349172955423e-11,-2.03711138816531e-12,-3.8000130779798e-12,-1.81739755903382e-05
3589.37,0.445,1.09947125e-06,2.52312500000011e-09,3.1360265005265e-09,2.08988460863416e-11,-1.38897699834656e-12,-3.66862247323179e-12,-1.75455857415433e-05
3597.436,0.446,1.10204125e-06,2.55624999999999e-09,3.1281138996139e-09,-2.87560328185333e-11,-5.07492608224009e-12,-2.9851135187341e-12,-1.42766298722066e-05
3605.502,0.447,1.10458375e-06,3.765625e-09,3.07851443488943e-09,-2.26854159354151e-11,-5.14169907979124e-12,-2.32452722189942e-12,-1.11173041047364e-05
3621.634,0.449,1.1095725e-06,3.69312500000001e-09,3.08274306774306e-09,2.37774438399431e-11,1.47929465110258e-14,-1.7618574116406e-12,-8.42627457741157e-06
3629.7,0.45,1.11197e-06,2.4262499999999e-09,3.12606932256932e-09,2.01443488943516e-11,1.69344048587683e-12,-9.53864224054066e-13,-4.56195933243249e-06
3637.766,0.451,1.114425e-06,2.54750000000002e-09,3.12303176553177e-09,-2.81988416988389e-11,-1.56126361732758e-12,-9.23952525836815e-14,-4.41890338443694e-07
3645.832,0.452,1.117065e-06,3.73312500000005e-09,3.06967163917164e-09,-3.07804931554929e-11,-1.53042407990882e-12,3.5650985255385e-13,1.70504712090972e-06
3661.964,0.454,1.12189125e-06,3.62249999999994e-09,3.06147077922078e-09,2.26184845559819e-11,2.50235305202246e-12,4.20808155100457e-13,2.01256074178479e-06
3670.03,0.455,1.12431e-06,2.50249999999994e-09,3.11490860828361e-09,3.4314189189188e-11,2.44405969197607e-12,5.35322370615227e-13,2.56023742468152e-06
3678.096,0.456,1.12689625e-06,2.44000000000001e-09,3.13009915759916e-09,-1.44193357318353e-11,-1.68659828107284e-12,8.51971930327448e-13,4.07464836243562e-06
3686.162,0.457,1.12919e-06,3.55062499999999e-09,3.08606993681994e-09,-2.47628992628999e-11,-1.15236463824555e-12,1.06227706311911e-12,5.08045551926531e-06
3702.294,0.459,1.1339975e-06,3.67000000000009e-09,3.08057335907336e-09,2.24499824499824e-11,3.55221904739794e-12,1.20979686758819e-12,5.78598501890004e-06
3710.36,0.46,1.13653e-06,2.5850000000001e-09,3.1309699017199e-09,2.8700530888033e-11,3.77325710081567e-12,1.66586919791172e-12,7.9672005117517e-06
3718.426,0.461,1.1391675e-06,2.60500000000002e-09,3.13797442084942e-09,-2.10175938925885e-11,2.09687942444044e-13,2.47437711316084e-12,1.18339774977258e-05
3726.492,0.462,1.14174e-06,3.71999999999998e-09,3.08893471393472e-09,-2.60605914355878e-11,1.00614635004992e-12,3.18944480268192e-12,1.52538664476092e-05
3742.624,0.464,1.1466075e-06,3.77874999999996e-09,3.08585323797825e-09,2.21167734292733e-11,5.50684679454377e-12,3.41842022924151e-12,1.63489663137637e-05
3750.69,0.465,1.1492975e-06,2.56624999999995e-09,3.13316826079327e-09,2.30557213057177e-11,5.39944232940397e-12,3.46458095346883e-12,1.65697349948509e-05
3758.756,0.466,1.15174e-06,2.43125000000004e-09,3.13196468058968e-09,-2.19374341874364e-11,2.10196845116745e-12,3.60701291998154e-12,1.72509313564335e-05
3766.822,0.467,1.15416e-06,3.76000000000003e-09,3.0892933924184e-09,-1.64090689715679e-11,2.39787442580254e-12,3.5077820604509e-12,1.67763489847652e-05
3782.954,0.469,1.15926e-06,3.74249999999997e-09,3.09914654264655e-09,3.18034836784844e-11,4.30810443165393e-12,2.92831201682463e-12,1.40049705152482e-05
3791.02,0.47,1.161645e-06,2.45000000000008e-09,3.15290035977537e-09,2.89255001755005e-11,2.91496255729482e-12,2.19831355410823e-12,1.05136735196481e-05
3799.086,0.471,1.16416e-06,2.52249999999996e-09,3.15699754299755e-09,-2.02365084240101e-11,-1.77775519619644e-14,1.62213085597264e-12,7.75801713726045e-06
3807.152,0.472,1.16669e-06,3.72249999999995e-09,3.11242734292735e-09,-1.99233941733935e-11,2.85878370415438e-13,9.5722091687374e-13,4.5780130807005e-06
3823.284,0.474,1.171605e-06,3.76374999999997e-09,3.11715075465076e-09,2.7015290452794e-11,1.84196895922236e-12,8.82352413270164e-14,4.21994632433557e-07
3831.35,0.475,1.1742175e-06,2.65249999999995e-09,3.16645792383293e-09,2.3093102843101e-11,-7.40249500293974e-14,-7.54529805162525e-13,-3.60862080729903e-06
3839.416,0.476,1.17691e-06,2.53125000000004e-09,3.16333696033696e-09,-2.37929536679607e-11,-3.19063690033555e-12,-1.60383878273687e-12,-7.67053330874155e-06
3847.482,0.477,1.17928e-06,3.65875000000004e-09,3.11887201649701e-09,-2.25951210951221e-11,-2.94942223349412e-12,-2.59619872344508e-12,-1.24166025903895e-05
3863.614,0.479,1.1842275e-06,3.70187500000009e-09,3.11814671814672e-09,-2.18024513278983e-12,-1.87261245538658e-12,-3.53615245604092e-12,-1.69120334854131e-05
3871.68,0.48,1.18668375e-06,2.455e-09,3.11451152623143e-09,-3.48134321328984e-12,-3.98396856527376e-12,-4.10430221989338e-12,-1.96292714864466e-05
3879.746,0.481,1.1891375e-06,2.41875000000001e-09,3.11118403172014e-09,-3.17364580965855e-12,-6.32937615773661e-12,-4.36431470467401e-12,-2.08728094571366e-05
3887.812,0.482,1.19152125e-06,3.73499999999997e-09,3.10816423461212e-09,-2.86594840635669e-12,-4.91063375029778e-12,-4.31086715666934e-12,-2.06171907492881e-05
3903.944,0.484,1.1966075e-06,3.91624999999995e-09,3.10545213490743e-09,-2.55825100304821e-12,-2.56868189284864e-12,-4.3473987737573e-12,-2.07919071788393e-05
3912.01,0.485,1.19935375e-06,2.61062499999999e-09,3.10304773260602e-09,-2.25055359976619e-12,-3.47488482064777e-12,-4.14173530055935e-12,-1.98082992635447e-05
3920.076,0.486,1.20182875e-06,2.47812499999993e-09,3.10095102770789e-09,-1.94285619647095e-12,-4.91109871464713e-12,-3.46620722418413e-12,-1.65775128113154e-05
3928.142,0.487,1.20431e-06,3.80562500000004e-09,3.09916202021308e-09,-1.63515879316246e-12,-2.70943352737992e-12,-2.82088488617515e-12,-1.34911885860551e-05
3944.274,0.489,1.20944e-06,3.79687500000007e-09,3.09768071012157e-09,-1.32746138988045e-12,-2.34256162112143e-12,-2.54444969330301e-12,-1.21691072288405e-05
3952.34,0.49,1.21190375e-06,2.43687500000001e-09,3.09650709743332e-09,-1.0197639865852e-12,-1.93949997319722e-12,-2.22028781437818e-12,-1.06187678078956e-05
3960.406,0.491,1.21431375e-06,2.43812499999999e-09,3.0956411821484e-09,-7.12066583270105e-13,-1.50024858358816e-12,-1.52772850385584e-12,-7.30652762713663e-06
3968.472,0.492,1.21678e-06,3.68312500000005e-09,3.09508296426678e-09,-4.04369179988092e-13,-1.02480745229755e-12,-8.67801883957166e-13,-4.15035683631688e-06
3984.604,0.494,1.22168e-06,3.69999999999996e-09,3.09483244378842e-09,-9.6671776692845e-14,-5.13176579322099e-13,-5.13176579321002e-13,-2.45432277066566e-06
3992.67,0.495,1.22418e-06,2.4837499999999e-09,3.09488962071339e-09,2.11025626602402e-13,3.46440353348982e-14,3.46440353398613e-14,1.65688864668902e-07
4000.736,0.496,1.2266475e-06,2.44999999999997e-09,3.09525449504163e-09,5.1872302989765e-13,6.186543916784e-13,6.18654391683364e-13,2.95878187326826e-06
4008.802,0.497,1.22908e-06,3.71375000000008e-09,3.09592706677319e-09,8.2642043321275e-13,1.23885448970179e-12,1.23885448970675e-12,5.92495625511924e-06
4024.934,0.499,1.234075e-06,3.71500000000006e-09,3.09690733590805e-09,1.13411783649476e-12,1.89524432941334e-12,1.89524432941499e-12,9.0642120102456e-06
4033,0.5,1.23651e-06,2.43499999999988e-09,3.09819530244618e-09,1.28796653812253e-12,2.58782391080312e-12,2.58782391080478e-12,1.23765491386316e-05
