wvnmbr,Voltage,Current,DerivativeY1,DerivativeY1_1,DerivativeY2,DerivativeY2_1,DerivativeY2_2,Alpha
-4032.975802,-0.499997,-1.24513e-06,3.30000000000025e-09,3.23458515658517e-09,-1.09725439725454e-11,-1.22319744279222e-11,-1.22319744279222e-11,NaN
-4022.901368,-0.498748,-1.24183e-06,3.25750000000003e-09,3.22361261261263e-09,-1.07503756621414e-11,-1.14954992812378e-11,-1.14954992812378e-11,NaN
-4012.81349066667,-0.497497333333333,-1.238615e-06,3.19916666666498e-09,3.21308440526089e-09,-1.03060390413341e-11,-1.0781869508425e-11,-1.0781869508425e-11,NaN
-4002.728302,-0.496247,-1.23543166666667e-06,3.17750000000004e-09,3.20300053452996e-09,-9.86170242052706e-12,-1.00910851094837e-11,-1.00910851094837e-11,NaN
-3992.59068433334,-0.494990166666667,-1.23226e-06,3.17333333333496e-09,3.19336100041984e-09,-9.41736579971977e-12,-9.42314608441405e-12,-9.42314608441405e-12,NaN
-3982.48801933334,-0.493737666666667,-1.229085e-06,3.16833333333492e-09,3.18416580293052e-09,-8.97302917891248e-12,-8.77805243321594e-12,-8.77805243321594e-12,NaN
-3972.416274,-0.492489,-1.22592333333333e-06,3.18249999999997e-09,3.17541494206201e-09,-8.52869255810519e-12,-8.15580415588941e-12,-8.15580415588941e-12,NaN
-3962.29075533334,-0.491233666666667,-1.22272e-06,3.17083333333002e-09,3.16710841781431e-09,-8.0843559372981e-12,-7.55640125243446e-12,-7.55640125243446e-12,NaN
-3952.22438733334,-0.489985666666667,-1.21958166666667e-06,3.13416666666498e-09,3.15924623018742e-09,-7.6400193164906e-12,-6.97984372285108e-12,-6.97984372285108e-12,NaN
-3942.13785433334,-0.488735166666667,-1.21645166666667e-06,3.10166666667002e-09,3.15182837918133e-09,-7.19568269568331e-12,-6.42613156713928e-12,-6.42613156713928e-12,NaN
-3931.997548,-0.487478,-1.21337833333333e-06,3.1208333333351e-09,3.14485486479605e-09,-6.75134607487623e-12,-5.89526478529906e-12,-5.89526478529905e-12,NaN
-3921.93118,-0.48623,-1.21021e-06,3.14250000000003e-09,3.13832568703158e-09,-6.30700945406893e-12,-5.38724337733041e-12,-5.38724337733041e-12,NaN
-3911.80566133334,-0.484974666666667,-1.20709333333333e-06,3.12166666666496e-09,3.13224084588791e-09,-5.86267283326185e-12,-4.90206734323334e-12,-4.90206734323334e-12,NaN
-3901.741982,-0.483727,-1.20396666666667e-06,3.11666666666503e-09,3.12660034136505e-09,-5.41833621245435e-12,-4.43973668300784e-12,-4.44972108991921e-12,NaN
-3891.651416,-0.482476,-1.20086e-06,3.10833333333496e-09,3.121404173463e-09,-4.97399959164706e-12,-4.00025139665392e-12,-4.0130196610822e-12,NaN
-3881.585048,-0.481228,-1.19775e-06,3.13499999999993e-09,3.11665234218176e-09,-4.52966297083977e-12,-3.58361148417158e-12,-3.58410328072956e-12,NaN
-3871.413822,-0.479967,-1.19459e-06,3.1450000000001e-09,3.11234484752132e-09,-4.08532635003247e-12,-3.18981694556081e-12,-3.16530541752938e-12,NaN
-3861.290992,-0.478712,-1.19146e-06,3.09000000000006e-09,3.10848168948169e-09,-2.24443733263588e-12,-2.81886778082162e-12,-2.76001059724329e-12,NaN
-3851.248822,-0.477467,-1.18841e-06,3.06833333333502e-09,3.10785597285605e-09,-6.65642915614144e-13,-2.35178314092679e-12,-2.37125935333035e-12,NaN
-3841.15019,-0.476215,-1.18532333333333e-06,3.12333333333506e-09,3.10715040365047e-09,-6.83368433456778e-13,-1.96360520959751e-12,-2.0020901278342e-12,NaN
-3831.08113333334,-0.474966666666667,-1.18216333333333e-06,3.13666666666495e-09,3.10648923598914e-09,-7.61290511346163e-13,-1.64633582564413e-12,-1.66208597034234e-12,NaN
-3821.001322,-0.473717,-1.17905e-06,3.11166666666489e-09,3.10562782262777e-09,-8.44477594432707e-13,-1.35606209994293e-12,-1.35863481883834e-12,NaN
-3810.910756,-0.472466,-1.17594e-06,3.10666666666497e-09,3.10480028080027e-09,-1.77430677378846e-13,-1.08957355227913e-12,-1.08797742146827e-12,NaN
-3800.77986,-0.47121,-1.17283666666667e-06,3.12000000000004e-09,3.10527296127302e-09,5.95764595796366e-13,-8.55118084035185e-13,-8.51130821081068e-13,NaN
-3790.673162,-0.469957,-1.1697e-06,3.12333333333506e-09,3.10599180999187e-09,2.30694980586487e-13,-6.6691809770264e-13,-6.34740533108174e-13,NaN
-3780.590662,-0.468707,-1.16659e-06,3.07666666666499e-09,3.10573435123419e-09,-3.76828126983191e-13,-4.76407029193394e-13,-4.47214723516084e-13,NaN
-3770.540426,-0.467461,-1.16354666666667e-06,3.07999999999989e-09,3.1052381537379e-09,-1.0393705393529e-12,-2.71955621364489e-13,-2.99049194844972e-13,NaN
-3760.417596,-0.466206,-1.16043e-06,3.11083333333503e-09,3.10365561015548e-09,-1.51029601018905e-12,-1.41064882385708e-13,-1.91738473265738e-13,NaN
-3750.34181766667,-0.464956833333333,-1.157325e-06,3.11416666666507e-09,3.10221756171752e-09,-5.49023048995742e-13,-1.01075476863659e-13,-1.21974437985549e-13,NaN
-3740.17328033334,-0.463696166666667,-1.15420166666667e-06,3.11249999999994e-09,3.10255756405749e-09,4.28980928981082e-13,-1.04337385673836e-13,-8.96861065970068e-14,NaN
-3730.09212466666,-0.462446333333333,-1.1511e-06,3.09916666667005e-09,3.10307552357548e-09,-1.561074060691e-13,-1.22533034003814e-13,-9.7434312778735e-14,NaN
-3720.015002,-0.461197,-1.14800333333333e-06,3.08500000000003e-09,3.10224534924535e-09,-1.38335088334709e-12,-1.41052979901773e-13,-1.36373015706207e-13,NaN
-3709.948634,-0.459949,-1.14493e-06,3.10166666666493e-09,3.10030882180879e-09,-8.61179361235021e-13,-1.71713551855498e-13,-1.90416814104915e-13,NaN
-3699.83387,-0.458695,-1.1418e-06,3.09499999999999e-09,3.10052299052288e-09,5.3132678126666e-13,-2.34274041761767e-13,-2.4598805198192e-13,NaN
-3689.75674733334,-0.457445666666667,-1.13874e-06,3.08e-09,3.10137147537132e-09,-3.15169065176354e-13,-3.0467935412612e-13,-2.94415011736711e-13,NaN
-3679.67828033334,-0.456196166666667,-1.13564e-06,3.12666666666499e-09,3.09989265239253e-09,-1.58149058138692e-12,-3.63759109032704e-13,-3.43116721428185e-13,NaN
-3669.497644,-0.454934,-1.13248666666667e-06,3.13e-09,3.09820849420855e-09,-8.5471510453874e-13,-4.09356091548009e-13,-3.94046337694875e-13,NaN
-3659.42186566666,-0.453684833333333,-1.12938e-06,3.098333333335e-09,3.09818322218345e-09,7.91798292411056e-14,-4.08628099492804e-13,-4.27406035410427e-13,NaN
-3649.34339866667,-0.452435333333333,-1.12629e-06,3.09416666666494e-09,3.09836685386703e-09,8.84520883608366e-14,-4.0421242719935e-13,-4.31354315243726e-13,NaN
-3639.250144,-0.451184,-1.12319166666667e-06,3.10000000000002e-09,3.09836012636017e-09,-2.69977770670033e-14,-4.53098425102358e-13,-4.11998953015165e-13,NaN
-3629.191842,-0.449937,-1.12009e-06,3.0725e-09,3.0983128583129e-09,1.12320112137472e-14,-4.38711913714577e-13,-3.79528989121601e-13,NaN
-3619.09455433334,-0.448685166666667,-1.11704666666667e-06,3.09000000000006e-09,3.0983825903826e-09,4.22955422943357e-13,-3.28921726665557e-13,-3.45676458795611e-13,NaN
-3608.938116,-0.447426,-1.11391e-06,3.11833333333503e-09,3.09915876915878e-09,-3.6141336144742e-13,-2.58609081331174e-13,-3.19885195280817e-13,NaN
-3598.851583,-0.4461755,-1.11081e-06,3.09999999999992e-09,3.09765976365971e-09,-1.71849771854055e-12,-2.48314233241981e-13,-2.91463151567669e-13,NaN
-3588.78252633334,-0.444927166666667,-1.10771e-06,3.09250000000003e-09,3.0957217737217e-09,-1.12954837951827e-12,-2.55707293636582e-13,-2.46152389880864e-13,NaN
-3578.702715,-0.4436775,-1.104625e-06,3.10750000000012e-09,3.09540066690067e-09,1.54820404825098e-13,-2.62430722398778e-13,-2.0471142636835e-13,NaN
-3568.608116,-0.442426,-1.101495e-06,3.09333333333497e-09,3.09603141453135e-09,5.95793845751513e-13,-2.3029021326658e-13,-1.79394125182787e-13,NaN
-3558.51755,-0.441175,-1.09843833333333e-06,3.06916666666488e-09,3.09659225459217e-09,4.35474435545449e-13,-1.29761113193601e-13,-1.47220446242808e-13,NaN
-3548.39472,-0.43992,-1.09535666666667e-06,3.0933333333301e-09,3.09690236340244e-09,-1.44144144047481e-13,-3.32875353165224e-14,-1.01840759769935e-13,NaN
-3538.31356433334,-0.438670166666667,-1.09225166666667e-06,3.1133333333351e-09,3.09630396630408e-09,-5.49695799706997e-13,-5.31582824231107e-14,-6.06481305178474e-14,NaN
-3528.205522,-0.437417,-1.08913e-06,3.09583333333493e-09,3.09580297180303e-09,-4.93096993148658e-13,-8.15184496100547e-14,-3.76704488899271e-14,NaN
-3518.11226733334,-0.436165666666667,-1.08606e-06,3.10083333333497e-09,3.09531777231778e-09,-9.95904995882868e-13,-2.51461936835858e-14,-3.62089387811029e-14,NaN
-3508.032456,-0.434916,-1.08292833333333e-06,3.10500000000005e-09,3.09381116181126e-09,-2.34380484370475e-13,-8.23581852824633e-15,-4.98666877025648e-14,NaN
-3497.97953133334,-0.433669666666667,-1.07985e-06,3.07916666666495e-09,3.09484901134904e-09,9.44454194348513e-13,-6.22914331265602e-14,-5.87497858363243e-14,NaN
-3487.89434266666,-0.432419333333333,-1.07677e-06,3.08916666666501e-09,3.09570007019996e-09,-4.94325495869133e-15,-9.04868966567258e-14,-5.16871342389889e-14,NaN
-3477.720428,-0.431158,-1.07367166666667e-06,3.10500000000005e-09,3.09483912483912e-09,-2.17561717496936e-13,-6.74168575224591e-14,-3.99564537438655e-14,NaN
-3467.60028666666,-0.429903333333333,-1.07056e-06,3.0908333333349e-09,3.09526494676497e-09,9.93740493782082e-13,-3.16665128600326e-14,-2.36229257958012e-14,NaN
-3457.57156,-0.42866,-1.06749e-06,3.08666666666505e-09,3.09682660582669e-09,3.97946647967083e-13,6.33886429727276e-15,8.64430307725728e-16,NaN
-3447.464862,-0.427407,-1.06438666666667e-06,3.10000000000002e-09,3.0960608400609e-09,-9.10670410689629e-13,2.15833368428597e-14,1.20208563814678e-14,NaN
-3437.36623,-0.426155,-1.06129e-06,3.09333333333487e-09,3.09500526500531e-09,-2.4476424474359e-13,2.82902545860618e-14,-1.08415643588012e-14,NaN
-3427.299862,-0.424907,-1.0582e-06,3.10000000000002e-09,3.09557131157141e-09,7.61202761232567e-13,1.58293396643933e-14,-5.64775542558611e-14,NaN
-3417.128636,-0.423646,-1.05509e-06,3.11000000000009e-09,3.09652767052777e-09,6.6239616239524e-13,-8.58730202545588e-14,-9.87558265010023e-14,NaN
-3407.04882466667,-0.422396333333333,-1.05198e-06,3.10499999999995e-09,3.0968961038962e-09,3.88732888687336e-14,-2.13203533019079e-13,-1.25435140819212e-13,NaN
-3396.963636,-0.421146,-1.04888e-06,3.08999999999996e-09,3.09660541710551e-09,-1.00298350262634e-13,-2.40428507490252e-13,-1.35079301156957e-13,NaN
-3386.905334,-0.419899,-1.0458e-06,3.09250000000013e-09,3.09669550719568e-09,-7.49765999760381e-13,-1.51769171958651e-13,-1.32502842657129e-13,NaN
-3376.774438,-0.418643,-1.042695e-06,3.08499999999993e-09,3.09510588510599e-09,-1.39469989481631e-12,-5.40256233185598e-14,-1.29727555993067e-13,NaN
-3366.70672566666,-0.417394833333333,-1.03963e-06,3.08749999999999e-09,3.09390610740605e-09,-2.49385749447064e-13,-4.19662233120453e-14,-1.2948671393467e-13,NaN
-3356.62825866666,-0.416145333333333,-1.03652e-06,3.10000000000002e-09,3.0946071136071e-09,2.66701766756482e-13,-9.71282528688406e-14,-1.31119443205285e-13,NaN
-3346.486608,-0.414888,-1.03343e-06,3.09333333333497e-09,3.09443951093956e-09,-2.5070200063091e-13,-1.75177655176581e-13,-1.48912804459963e-13,NaN
-3336.40276366667,-0.413637833333333,-1.03033333333333e-06,3.09916666666497e-09,3.09410570960583e-09,-9.3687843641105e-14,-2.64145472259349e-13,-1.89016062999157e-13,NaN
-3326.289344,-0.412384,-1.02723166666667e-06,3.08749999999999e-09,3.09425213525228e-09,1.21592371568016e-13,-2.646984323054e-13,-2.24000404267533e-13,NaN
-3316.231042,-0.411137,-1.02415833333333e-06,3.10416666667009e-09,3.09434889434897e-09,-2.34000241048849e-15,-1.90344287128048e-13,-2.31556186634838e-13,NaN
-3306.15795233334,-0.409888166666667,-1.02102333333333e-06,3.12250000000001e-09,3.09424745524746e-09,-3.52258102307923e-13,-1.97618536352111e-13,-2.24042760356727e-13,NaN
-3296.057976,-0.408636,-1.01791333333333e-06,3.09166666666498e-09,3.09364437814435e-09,-6.9053469052912e-13,-2.34872541960046e-13,-2.17158134136819e-13,NaN
-3285.882717,-0.4073745,-1.01484e-06,3.06666666666503e-09,3.0928663858664e-09,-1.00789750792023e-12,-1.91232648192618e-13,-2.14410637097345e-13,NaN
-3275.80962733334,-0.406125666666667,-1.01178e-06,3.08500000000003e-09,3.09162858312851e-09,-5.70609570660131e-13,-1.70110178471525e-13,-2.11382179580935e-13,NaN
-3265.737882,-0.404877,-1.00867e-06,3.10499999999995e-09,3.09172516672508e-09,1.48853398870754e-13,-2.19064472985958e-13,-1.91709520215372e-13,NaN
-3255.647316,-0.403626,-1.00557e-06,3.10000000000002e-09,3.09192628992626e-09,-5.73008072805758e-14,-2.16943733955789e-13,-1.40060565433786e-13,NaN
-3245.55675,-0.402375,-1.00247e-06,3.0741666666665e-09,3.09161056511052e-09,5.30478530467594e-13,-1.27406928340994e-13,-7.43568170627548e-14,NaN
-3235.506514,-0.401129,-9.99421666666667e-07,3.07499999999997e-09,3.09298724698719e-09,1.69547794547426e-12,7.01103591304621e-15,-2.26038780990042e-14,NaN
-3225.343354,-0.399869,-9.9632e-07,3.10583333333352e-09,3.09500152100146e-09,9.22019422018854e-13,9.66914387395856e-14,2.01971902239015e-14,NaN
-3215.252788,-0.398618,-9.9321e-07,3.08500000000003e-09,3.09483128583123e-09,-1.24526149526125e-12,1.15725856776666e-13,5.18536445745794e-14,NaN
-3205.17297666666,-0.397368333333333,-9.9015e-07,3.09499999999999e-09,3.09251099801094e-09,-1.86904761905431e-12,6.39634896422861e-14,5.57847372705053e-14,NaN
-3195.087788,-0.396118,-9.8702e-07,3.10833333333348e-09,3.09109319059312e-09,-7.1057096058804e-13,-1.66985881106067e-14,3.68595494665864e-14,NaN
-3184.997222,-0.394867,-9.83933333333333e-07,3.08749999999999e-09,3.09108985608977e-09,3.84140634123471e-13,-2.40120995158432e-14,1.16707541758574e-14,NaN
-3174.918755,-0.3936175,-9.80845e-07,3.09166666666646e-09,3.09186147186137e-09,1.1088101088403e-12,-1.30761039157877e-14,2.79488996100212e-15,NaN
-3164.81609,-0.392365,-9.7775e-07,3.10249999999999e-09,3.09330747630745e-09,9.94354744359497e-13,9.62940945102542e-16,1.6970919881935e-14,NaN
-3154.677128,-0.391108,-9.7464e-07,3.10000000000002e-09,3.09385018135009e-09,-3.5892710896217e-13,4.16494113119069e-14,3.98128714131923e-14,NaN
-3144.578496,-0.389856,-9.7155e-07,3.0725e-09,3.09258962208952e-09,-9.85930735851683e-13,6.83670779566355e-14,4.95296351890874e-14,NaN
-3134.504062,-0.388607,-9.68495e-07,3.07916666666643e-09,3.09187831987838e-09,-3.89025379179112e-15,8.31294537570375e-14,3.33890972826028e-14,NaN
-3124.429628,-0.387358,-9.65391666666667e-07,3.10750000000002e-09,3.09258184158194e-09,5.76488826485369e-13,4.31679837139803e-14,1.94030357714901e-15,NaN
-3114.33234033334,-0.386106166666667,-9.6228e-07,3.10166666666705e-09,3.09303129753135e-09,1.68304668254467e-13,-5.59211401904977e-14,-4.15629218376058e-14,NaN
-3104.248496,-0.384856,-9.59188333333333e-07,3.10999999999998e-09,3.09291845091845e-09,4.25851175825958e-13,-1.34136827217271e-13,-9.25107835365313e-14,NaN
-3094.08802466667,-0.383596333333333,-9.5606e-07,3.09416666666658e-09,3.09388299988301e-09,9.04791154791599e-13,-1.52643194444517e-13,-1.28231737291526e-13,NaN
-3084.01627933334,-0.382347666666667,-9.53e-07,3.08416666666652e-09,3.09472803322803e-09,4.34743184736544e-13,-1.39663737799975e-13,-1.29435981195319e-13,NaN
-3073.940501,-0.3810985,-9.49891666666667e-07,3.1033333333335e-09,3.09475248625248e-09,-5.10939510939473e-13,-1.36231887000208e-13,-1.00569406711702e-13,NaN
-3063.853968,-0.379848,-9.46793333333333e-07,3.07583333333348e-09,3.09370615420615e-09,-1.73593073592925e-12,-1.00202226629422e-13,-7.23603005902446e-14,NaN
-3053.74727,-0.378595,-9.4374e-07,3.05166666666647e-09,3.09128062478062e-09,-1.635047385052e-12,-1.53073565117571e-14,-6.88307843385695e-14,NaN
-3043.68762366666,-0.377347833333333,-9.4069e-07,3.08166666666645e-09,3.09043605943605e-09,-3.31812331814016e-13,2.24456120940185e-14,-9.25065833904744e-14,NaN
-3033.62125566666,-0.376099833333333,-9.37576666666667e-07,3.1391666666665e-09,3.09061700011699e-09,6.86264186269069e-13,-7.98091698907017e-14,-1.27355271426122e-13,NaN
-3023.41911,-0.374835,-9.34411666666667e-07,3.12000000000004e-09,3.09180858780859e-09,6.75002925011252e-13,-2.33547921155777e-13,-1.53653250890248e-13,NaN
-3013.352742,-0.373587,-9.31336666666667e-07,3.09083333333353e-09,3.09196700596701e-09,3.20872820917709e-14,-2.83796724021357e-13,-1.73862578942442e-13,NaN
-3003.26889766666,-0.372336833333333,-9.2823e-07,3.08333333333353e-09,3.09187276237277e-09,1.99104949099962e-13,-2.44241202088082e-13,-1.94546342559816e-13,NaN
-2993.179676,-0.371086,-9.2517e-07,3.055e-09,3.09236521586521e-09,-3.73581373581274e-13,-1.60467028001191e-13,-2.07852807615741e-13,NaN
-2983.097176,-0.369836,-9.2212e-07,3.07499999999997e-09,3.09112559962561e-09,-1.04250029248693e-12,-1.01007964839508e-13,-2.07440400791199e-13,NaN
-2973.00661,-0.368585,-9.1902e-07,3.10499999999995e-09,3.09028021528024e-09,-6.89744939737128e-13,-1.48775773859267e-13,-2.05217743674729e-13,NaN
-2962.875714,-0.367329,-9.1591e-07,3.11500000000001e-09,3.08974610974613e-09,-6.39317889329326e-13,-2.41956044836096e-13,-2.07046278939997e-13,NaN
-2952.777082,-0.366077,-9.1279e-07,3.11250000000005e-09,3.08900157950158e-09,2.51784251771569e-13,-2.82273997680575e-13,-2.02940107622724e-13,NaN
-2942.67845,-0.364825,-9.09685e-07,3.09499999999999e-09,3.09024967824968e-09,1.44512694513395e-12,-2.48614123550059e-13,-1.88724705264169e-13,NaN
-2932.604016,-0.363576,-9.066e-07,3.07749999999998e-09,3.09189183339185e-09,7.50906750916386e-13,-1.63756176847516e-13,-1.51644126275307e-13,NaN
-2922.537648,-0.362328,-9.0353e-07,3.05916666666651e-09,3.09175149175151e-09,-3.54890604894819e-13,-5.18506860027385e-14,-9.51304439309578e-14,NaN
-2912.455148,-0.361078,-9.00481666666667e-07,3.07583333333348e-09,3.09118205218206e-09,-5.49198549204322e-13,6.74152292299358e-15,-5.10411323209055e-14,NaN
-2902.291988,-0.359818,-8.97378333333333e-07,3.09083333333353e-09,3.0906530946531e-09,-6.81584181577545e-13,-4.17514650608741e-15,-3.42102149690551e-14,NaN
-2892.189323,-0.3585655,-8.943e-07,3.08833333333303e-09,3.0898188838189e-09,-9.94325494321012e-13,-8.95276558692987e-15,-3.48410899118682e-14,NaN
-2882.12564366666,-0.357317833333333,-8.91201666666667e-07,3.11999999999999e-09,3.08866444366446e-09,-8.57376857383945e-13,-6.61888018855539e-14,-4.14398797871892e-14,NaN
-2872.03911066666,-0.356067333333333,-8.8806e-07,3.12166666666697e-09,3.08810413010414e-09,-2.31309231316103e-13,-1.2963318102023e-13,-4.80045931119066e-14,NaN
-2861.961988,-0.354818,-8.84958333333333e-07,3.08000000000005e-09,3.08820182520183e-09,1.01740376739664e-12,-8.2625593507724e-14,-4.21172491714216e-14,NaN
-2851.87411066666,-0.353567333333333,-8.819e-07,3.05916666666657e-09,3.09013893763893e-09,1.58558558558398e-12,6.82499587277417e-15,-2.56642983093836e-14,NaN
-2841.784889,-0.3523165,-8.7884e-07,3.09499999999999e-09,3.09137299637299e-09,2.6181701182327e-13,3.83529689421284e-14,-1.32733602493012e-14,NaN
-2831.617696,-0.351056,-8.7571e-07,3.08083333333346e-09,3.09066257166258e-09,-8.50824850818294e-13,1.74195618031759e-14,-4.12473068994561e-15,NaN
-2821.52847433334,-0.349805166666667,-8.72678333333333e-07,3.06583333333347e-09,3.08967134667136e-09,-1.20884520884466e-12,-7.52595356868964e-17,-1.15300050275205e-14,NaN
-2811.472861,-0.3485585,-8.69578333333333e-07,3.11916666666648e-09,3.08824488124489e-09,-6.69708669712742e-13,-3.97318722005306e-14,-4.27882711111843e-14,NaN
-2801.37154033334,-0.347306166666667,-8.6644e-07,3.11833333333296e-09,3.08833192933193e-09,6.29168129162766e-13,-8.46585208468573e-14,-6.27317135456689e-14,NaN
-2791.311894,-0.346059,-8.63341666666667e-07,3.08499999999998e-09,3.08950321750321e-09,1.19059319058805e-12,-8.4708858821989e-14,-5.05864205680686e-14,NaN
-2781.205196,-0.344806,-8.6027e-07,3.09083333333353e-09,3.09071311571311e-09,1.18003393003799e-12,-7.33938592307329e-14,-2.11021875050587e-14,NaN
-2771.08371033334,-0.343551166666667,-8.5716e-07,3.07000000000004e-09,3.09186328536329e-09,3.64572364581059e-13,-8.1642673432559e-15,1.79809530188571e-14,NaN
-2760.967602,-0.342297,-8.5413e-07,3.04999999999997e-09,3.09144226044227e-09,-1.22642447642187e-12,1.24447260687893e-13,6.14250822170887e-14,NaN
-2750.885102,-0.341047,-8.5106e-07,3.09999999999997e-09,3.08941043641045e-09,-1.91567216567804e-12,1.52267814623162e-13,8.72669806313491e-14,NaN
-2740.802602,-0.339797,-8.4793e-07,3.10083333333354e-09,3.08761091611091e-09,-2.40815490818166e-13,8.88916663923067e-14,8.73106996082128e-14,NaN
-2730.736234,-0.338549,-8.44858333333333e-07,3.09166666666656e-09,3.08892880542881e-09,1.34301509302184e-12,7.19080645188026e-14,6.78072116149491e-14,NaN
-2720.637602,-0.337297,-8.41746666666667e-07,3.12416666666646e-09,3.09029694629696e-09,6.04598104594825e-13,2.74488475608865e-14,3.01346261168745e-14,NaN
-2710.543003,-0.3360455,-8.3861e-07,3.11166666666701e-09,3.090138001638e-09,4.95904995896984e-13,-4.8591167053963e-14,-7.25224684569061e-15,NaN
-2700.391942,-0.334787,-8.35523333333333e-07,3.06500000000006e-09,3.09128875628875e-09,4.20439920443816e-13,-4.83467029279921e-14,-1.89265643754818e-14,NaN
-2690.33364,-0.33354,-8.3248e-07,3.06499999999996e-09,3.09097888147889e-09,-1.23206973206392e-12,-2.15753267008797e-14,-1.09711024920564e-14,NaN
-2680.226942,-0.332287,-8.29393333333333e-07,3.08e-09,3.08882461682462e-09,-1.52813852813992e-12,-1.11769608199794e-15,-3.76038090949613e-15,NaN
-2670.144442,-0.331037,-8.2632e-07,3.08666666666648e-09,3.08792260442261e-09,-2.05686205692311e-13,3.96045519237412e-14,8.88010134435885e-16,NaN
-2660.070008,-0.329788,-8.2322e-07,3.10999999999993e-09,3.08841324441324e-09,5.79677079676105e-13,4.48039915391647e-14,4.60452995404991e-15,NaN
-2649.979442,-0.328537,-8.201e-07,3.11500000000001e-09,3.08908195858196e-09,9.72124722132148e-13,1.02132847652288e-14,6.32441391734745e-16,NaN
-2639.812249,-0.3272765,-8.1699e-07,3.0950000000001e-09,3.0903574938575e-09,1.24116649116987e-12,-3.5293610952086e-14,5.65010633928495e-15,NaN
-2629.729749,-0.3260265,-8.1391e-07,3.07000000000004e-09,3.0915642915643e-09,7.95132795125652e-13,-4.3449547837075e-14,2.65814307569933e-14,NaN
-2619.643216,-0.324776,-8.1085e-07,3.06833333333349e-09,3.09194775944775e-09,-4.78530478616886e-14,1.48004983735381e-14,3.3512004331805e-14,NaN
-2609.55265,-0.323525,-8.07773333333333e-07,3.07833333333345e-09,3.09146858546857e-09,-5.63911313914873e-13,6.30778246250697e-14,2.19078184075696e-14,NaN
-2599.494348,-0.322278,-8.04693333333333e-07,3.0816666666665e-09,3.09081993681993e-09,-1.2643617643645e-12,1.0797998127497e-13,8.24284008374388e-15,NaN
-2589.38765,-0.321025,-8.0161e-07,3.1066666666665e-09,3.08893986193985e-09,-1.83383058383264e-12,5.58981557713504e-14,-2.05134827962325e-15,NaN
-2579.248688,-0.319768,-7.9848e-07,3.13499999999998e-09,3.08715227565226e-09,-2.51550251505043e-15,-1.19792284135765e-13,-1.76271302612382e-14,NaN
-2569.162155,-0.3185175,-7.9534e-07,3.11500000000001e-09,3.08893483093482e-09,1.30519480519862e-12,-1.55195161656764e-13,-4.1025986281296e-14,NaN
-2559.075622,-0.317267,-7.9225e-07,3.04999999999997e-09,3.08976266526266e-09,1.49935649940276e-13,-6.53770399604351e-14,-6.28466660796452e-14,NaN
-2549.001188,-0.316018,-7.8924e-07,3.04999999999997e-09,3.0892347022347e-09,6.09482859479854e-13,-3.30692292843885e-14,-9.65354038767278e-14,NaN
-2538.92137666666,-0.314768333333333,-7.8615e-07,3.07500000000002e-09,3.09098163098162e-09,1.02363402363842e-12,-8.7134229153518e-14,-1.52008568768626e-13,NaN
-2528.824089,-0.3135165,-7.8309e-07,3.07666666666657e-09,3.09128197028197e-09,-8.7820287819267e-13,-1.7409060026608e-13,-2.36212623562832e-13,NaN
-2518.761754,-0.312269,-7.79996666666667e-07,3.12500000000002e-09,3.08922522522523e-09,-1.3709488709465e-12,-3.00165788836916e-13,-3.59911425885734e-13,NaN
-2508.590528,-0.311008,-7.7684e-07,3.14249999999998e-09,3.08854007254008e-09,-8.28945828942136e-14,-5.04178238240455e-13,-4.80526903309251e-13,NaN
-2498.52684866666,-0.309760333333333,-7.73711666666667e-07,3.09499999999999e-09,3.08905943605944e-09,4.43635193628517e-13,-6.51697016676707e-13,-5.42701096413496e-13,NaN
-2488.425528,-0.308508,-7.7065e-07,3.0958333333335e-09,3.08942734292734e-09,3.40704340700819e-13,-6.42647727020484e-13,-5.30142811332235e-13,NaN
-2478.326896,-0.307256,-7.6752e-07,3.07500000000002e-09,3.08974084474084e-09,1.59646659655489e-13,-5.05040192968855e-13,-4.4831847263649e-13,NaN
-2468.24170733334,-0.306005666666667,-7.645e-07,3.03e-09,3.08974663624665e-09,-2.43594243593353e-13,-2.65137979235409e-13,-3.04782122885992e-13,NaN
-2458.186094,-0.304759,-7.6146e-07,3.07499999999997e-09,3.08925365625366e-09,-1.02512577513445e-12,-3.95335539204417e-14,-1.21408906847632e-13,NaN
-2448.006802,-0.303497,-7.5835e-07,3.10166666666652e-09,3.08769638469638e-09,-1.65259740259982e-12,1.01376854420909e-13,4.61049622048868e-14,NaN
-2437.93371233334,-0.302248166666667,-7.55256666666667e-07,3.09499999999999e-09,3.08594846144846e-09,-9.35562185556008e-13,2.0895864434001e-13,1.68198789967485e-13,NaN
-2427.84045766666,-0.300996833333333,-7.5216e-07,3.10833333333348e-09,3.08582526032527e-09,-6.94085644074696e-13,3.09840980865955e-13,2.75268766418666e-13,NaN
-2417.767368,-0.299748,-7.4904e-07,3.12083333333351e-09,3.08456029016031e-09,1.11322978823279e-12,3.78855842139206e-13,4.03210301153885e-13,NaN
-2407.668736,-0.298496,-7.45918333333333e-07,3.09499999999999e-09,3.08805171990173e-09,2.9208377208327e-12,4.28658960386841e-13,5.66634036085225e-13,NaN
-2397.590269,-0.2972465,-7.4285e-07,3.05249999999998e-09,3.09040196560197e-09,-1.19738212238774e-12,6.26189117485278e-13,7.61847257907092e-13,NaN
-2387.451307,-0.2959895,-7.39813333333333e-07,3.07000000000004e-09,3.08565695565696e-09,-3.36844506845536e-12,9.94893226818039e-13,9.61995339589719e-13,NaN
-2377.33251,-0.294735,-7.3671e-07,3.09166666666656e-09,3.08366507546506e-09,-8.35992160994971e-13,1.27768121003962e-12,1.13814177858762e-12,NaN
-2367.266142,-0.293487,-7.3363e-07,3.07499999999997e-09,3.08398497133497e-09,7.88782613787647e-13,1.37012003107259e-12,1.26734559992973e-12,NaN
-2357.191708,-0.292238,-7.3056e-07,3.10499999999995e-09,3.08524264069264e-09,2.0993974493971e-12,1.37760878988334e-12,1.3258469722049e-12,NaN
-2347.093076,-0.290986,-7.2742e-07,3.11999999999999e-09,3.08818376623376e-09,3.99025974026407e-12,1.31460063371526e-12,1.31634448799519e-12,NaN
-2337.01729766666,-0.289736833333333,-7.2432e-07,3.08499999999998e-09,3.09322316017317e-09,5.36275593775712e-12,1.22978504359975e-12,1.28176266020884e-12,NaN
-2326.944208,-0.288488,-7.2125e-07,3.06250000000005e-09,3.09890927810928e-09,4.69672692171777e-12,1.17780246532366e-12,1.27583927552572e-12,NaN
-2316.78642533334,-0.287228666666667,-7.18195e-07,3.06333333333351e-09,3.1026166140166e-09,3.04896454896441e-12,1.19808506577938e-12,1.31578046046214e-12,NaN
-2306.71468,-0.28598,-7.15123333333333e-07,3.08666666666643e-09,3.1050072072072e-09,1.27232069732477e-12,1.35933039157503e-12,1.37255186835209e-12,NaN
-2296.59722733334,-0.284725666666667,-7.12021666666667e-07,3.108333333333e-09,3.10516125541125e-09,-6.60565110557869e-13,1.51928682740958e-12,1.42651944560339e-12,NaN
-2286.51876033334,-0.283476166666667,-7.08906666666667e-07,3.11083333333355e-09,3.10368607698609e-09,-9.18304668252009e-14,1.55866107719091e-12,1.44861049625092e-12,NaN
-2276.442982,-0.282227,-7.058e-07,3.11583333333353e-09,3.1049775944776e-09,1.72697437696448e-12,1.49326704777721e-12,1.4165954475813e-12,NaN
-2266.368548,-0.280978,-7.02675e-07,3.12083333333351e-09,3.10714002574002e-09,2.06880776880691e-12,1.33060969709557e-12,1.37464045286732e-12,NaN
-2256.205388,-0.279718,-6.99558333333333e-07,3.09250000000003e-09,3.10911521001522e-09,1.9213027963088e-12,1.20161514862749e-12,1.33223072127981e-12,NaN
-2246.10541166666,-0.278465833333333,-6.9649e-07,3.12358333333295e-09,3.11098263133264e-09,1.94030361530639e-12,1.08281607639117e-12,1.24350531399241e-12,NaN
-2236.05383133334,-0.277219666666667,-6.93311166666667e-07,3.03499999999997e-09,3.11299581724583e-09,1.5057037557139e-12,1.04409553755697e-12,1.08509772761009e-12,NaN
-2225.95116633334,-0.275967166666667,-6.9042e-07,3.09025000000002e-09,3.11399403884406e-09,-6.32303732303378e-13,1.13487452486951e-12,8.53944499045789e-13,NaN
-2215.899586,-0.274721,-6.87130666666667e-07,3.2703333333335e-09,3.11173120978122e-09,-4.18975956476458e-12,8.17809522084863e-13,5.40457091050114e-13,NaN
-2205.817086,-0.273471,-6.83879333333333e-07,3.17491666666701e-09,3.10561451971453e-09,-4.73201708201508e-12,1.0655810275441e-13,1.40255160214264e-13,NaN
-2195.76012833334,-0.272224166666667,-6.80780833333333e-07,3.12241666666651e-09,3.10226717561719e-09,-7.76904176905078e-13,-4.54306223393118e-13,-3.06339062923136e-13,NaN
-2185.595624,-0.270964,-6.776345e-07,3.12149999999998e-09,3.10406071136072e-09,1.76363636362809e-12,-8.46718824531286e-13,-7.50676222218548e-13,NaN
-2175.496992,-0.269712,-6.74537833333333e-07,3.07650000000001e-09,3.10579444834445e-09,1.79593132091976e-12,-1.20534769896909e-12,-1.12848834308289e-12,NaN
-2165.414492,-0.268462,-6.714815e-07,3.06808333333306e-09,3.10765257400256e-09,1.72045747045279e-12,-1.43451400455309e-12,-1.36156229579893e-12,NaN
-2155.31317133334,-0.267209666666667,-6.68401666666667e-07,3.07208333333348e-09,3.10923536328535e-09,2.29497776997696e-12,-1.49409149943092e-12,-1.49070428315071e-12,NaN
-2145.27369,-0.265965,-6.65337333333333e-07,3.0688333333335e-09,3.11224252954252e-09,1.36402246402733e-12,-1.50396972875714e-12,-1.59410973901295e-12,NaN
-2135.16161466666,-0.264711333333333,-6.62264e-07,3.09575000000001e-09,3.11196340821341e-09,-2.40989820989592e-12,-1.52842960956467e-12,-1.65216648403476e-12,NaN
-2125.02803,-0.263455,-6.59145833333333e-07,3.12783333333344e-09,3.10742273312273e-09,-3.68285655786537e-12,-1.60985060473264e-12,-1.64220331727033e-12,NaN
-2114.925365,-0.2622025,-6.56008333333333e-07,3.114083333333e-09,3.10459769509768e-09,-2.44234819234853e-12,-1.74230767536077e-12,-1.59531028123907e-12,NaN
-2104.82404433334,-0.260950166666667,-6.52917666666667e-07,3.08050000000007e-09,3.10253803673803e-09,-1.81301041300589e-12,-1.68388737611512e-12,-1.5304212728097e-12,NaN
-2094.75095466666,-0.259701333333333,-6.49847333333333e-07,3.07733333333352e-09,3.10097167427167e-09,-1.21654966654577e-12,-1.39028964592646e-12,-1.43418493387233e-12,NaN
-2084.681898,-0.258453,-6.46763e-07,3.06658333333296e-09,3.10010493740494e-09,-2.38077395576883e-12,-1.17254955123461e-12,-1.29446611729003e-12,NaN
-2074.607464,-0.257204,-6.43714166666667e-07,3.07508333333346e-09,3.09621012636013e-09,-3.66589154089866e-12,-1.12387161436338e-12,-1.13533462413111e-12,NaN
-2064.43758233334,-0.255943166666667,-6.40612833333333e-07,3.08349999999999e-09,3.09277315432314e-09,-5.04119574120125e-12,-1.06746954598668e-12,-1.02990332376378e-12,NaN
-2054.37659166666,-0.254695833333333,-6.37547166666667e-07,3.07983333333301e-09,3.08612773487773e-09,-7.48970106469793e-12,-9.5822082041021e-13,-1.01711173602184e-12,NaN
-2044.279304,-0.253444,-6.34453166666667e-07,3.10508333333355e-09,3.07779375219374e-09,-3.34625599626001e-12,-8.94904028075933e-13,-1.05481654123741e-12,NaN
-2034.17395033334,-0.252191166666667,-6.31337e-07,3.21949999999999e-09,3.07943522288521e-09,3.07029952030448e-12,-1.01129718879725e-12,-1.0787614745184e-12,NaN
-2023.90996533334,-0.250918666666667,-6.28014166666667e-07,3.20166666666648e-09,3.08393435123435e-09,2.34233941734959e-12,-1.20748583503794e-12,-1.06016674757066e-12,NaN
-2013.854352,-0.249672,-6.24933666666667e-07,3.06799999999999e-09,3.0841199017199e-09,4.56376506373753e-13,-1.10265079185534e-12,-9.69274530823038e-13,NaN
-2003.77454066666,-0.248422333333333,-6.21878166666667e-07,3.08708333333353e-09,3.0848471042471e-09,1.70508658008218e-12,-7.67911702732415e-13,-7.38953472241884e-13,NaN
-1993.58314966666,-0.247158833333333,-6.187595e-07,3.09783333333356e-09,3.08753007488007e-09,2.00075465074878e-12,-4.14508507722467e-13,-3.47503866804809e-13,NaN
-1983.50468266666,-0.245909333333333,-6.156825e-07,3.06174999999997e-09,3.0888486135486e-09,1.28605943606499e-12,4.42200227661647e-14,1.65158877154908e-13,NaN
-1973.455791,-0.2446635,-6.12636e-07,2.97333333333346e-09,3.0901021937522e-09,1.38694278695238e-12,7.19150598863914e-13,7.2409402376939e-13,NaN
-1963.50638,-0.24343,-6.09735833333333e-07,3.00799999999997e-09,3.0916224991225e-09,1.7903270153217e-12,1.45044562342672e-12,1.24379263229116e-12,NaN
-1953.440012,-0.242182,-6.0662e-07,3.11174999999998e-09,3.09368284778284e-09,2.77687785188249e-12,1.87782082703202e-12,1.71158476228222e-12,NaN
-1943.34138,-0.24093,-6.03512333333333e-07,3.09366666666651e-09,3.09717625482627e-09,3.10518603019013e-12,2.10116043562064e-12,2.12849987038216e-12,NaN
-1933.22527166666,-0.239675833333333,-6.00432666666667e-07,3.07716666666653e-09,3.09989321984322e-09,-3.65514215516018e-13,2.34234587945115e-12,2.46074436087692e-12,NaN
-1923.127984,-0.238424,-5.97358e-07,3.06733333333351e-09,3.09644522639524e-09,-4.32364279862739e-12,2.58828393086645e-12,2.70332951637341e-12,NaN
-1913.021286,-0.237171,-5.94298e-07,3.05125e-09,3.09124593424597e-09,-2.45126360126289e-12,2.84953043200223e-12,2.85408736232612e-12,NaN
-1902.95760666666,-0.235923333333333,-5.912555e-07,3.08900000000004e-09,3.09154269919271e-09,2.10365625364544e-12,2.99512636464485e-12,2.89175395068613e-12,NaN
-1892.872418,-0.234673,-5.8812e-07,3.11500000000001e-09,3.09545324675326e-09,3.56805896806061e-12,2.95393239138672e-12,2.81373485382858e-12,NaN
-1882.781852,-0.233422,-5.850255e-07,3.09966666666647e-09,3.09867881712883e-09,3.67198139697527e-12,2.77725026891822e-12,2.6316564107303e-12,NaN
-1872.699352,-0.232172,-5.81920666666667e-07,3.19916666666651e-09,3.10279720954721e-09,4.02225634725695e-12,2.30964693849311e-12,2.34413864699935e-12,NaN
-1862.46628666666,-0.230903333333333,-5.78627166666667e-07,3.199416666667e-09,3.10672332982334e-09,5.41116181117201e-12,1.77154538797581e-12,1.9774331242068e-12,NaN
-1852.364966,-0.229651,-5.75521833333333e-07,3.08599999999995e-09,3.11361953316955e-09,7.21843336842973e-12,1.54602847743382e-12,1.59911775922923e-12,NaN
-1842.282466,-0.228401,-5.72455166666667e-07,3.15566666666653e-09,3.1211601965602e-09,4.93243828242586e-12,1.32935249675322e-12,1.25088752048027e-12,NaN
-1832.12468333334,-0.227141666666667,-5.692105e-07,3.16808333333349e-09,3.1234844097344e-09,3.12685445185297e-12,9.32626571518724e-13,9.49563593474383e-13,NaN
-1822.044872,-0.225892,-5.66119e-07,3.08658333333346e-09,3.12741390546391e-09,3.89854627355538e-12,6.57152625358082e-13,7.05710271501423e-13,NaN
-1811.990603,-0.2246455,-5.63037333333333e-07,3.10125e-09,3.13128150228152e-09,2.41535334035264e-12,4.9658513166964e-13,4.83094519708997e-13,NaN
-1801.78980166666,-0.223380833333333,-5.599165e-07,3.09883333333301e-09,3.13224461214462e-09,-1.72353749854226e-12,2.80865172743736e-13,2.73758403235642e-13,NaN
-1791.77048533334,-0.222138666666667,-5.56839666666667e-07,3.07783333333354e-09,3.12783442728443e-09,-4.65985725985323e-12,5.90138035902808e-14,1.18700590676182e-13,NaN
-1781.66782033334,-0.220886166666667,-5.53760833333333e-07,3.08141666666702e-09,3.12292489762491e-09,-2.8289224289156e-12,-1.36367938347255e-13,-4.03815627750782e-14,NaN
-1771.59741933334,-0.219637666666667,-5.50676833333333e-07,3.07816666666651e-09,3.1221765824266e-09,-9.98946998951073e-13,-3.03143136893415e-13,-3.06967377610452e-13,NaN
-1761.541806,-0.218391,-5.476045e-07,3.084e-09,3.12092700362701e-09,-1.67483327484368e-12,-4.42587129052524e-13,-6.80943874359528e-13,NaN
-1751.43241933334,-0.217137666666667,-5.44508833333333e-07,3.20675e-09,3.11882691587691e-09,-2.63861003860733e-12,-8.28326844530978e-13,-1.11953898384753e-12,NaN
-1741.239684,-0.215874,-5.41191e-07,3.27808333333303e-09,3.11564978354979e-09,-4.0261583011533e-12,-1.60172694595735e-12,-1.5922151424062e-12,NaN
-1731.096689,-0.2146165,-5.37952666666667e-07,3.16258333333349e-09,3.11077459927461e-09,-4.43377208377632e-12,-2.30975266364259e-12,-2.05887937660781e-12,NaN
-1721.006123,-0.2133655,-5.34865833333333e-07,3.07983333333349e-09,3.10678223938224e-09,-3.56515444015759e-12,-2.6416522221435e-12,-2.47061791143009e-12,NaN
-1710.935722,-0.212117,-5.31793e-07,3.08825000000002e-09,3.10364429039429e-09,-4.34064584065423e-12,-2.78872266303085e-12,-2.75852835538687e-12,NaN
-1700.845156,-0.210866,-5.28689333333333e-07,3.0435e-09,3.09810094770093e-09,-3.07771147772372e-12,-2.84340196238371e-12,-2.87126197828567e-12,NaN
-1690.81683263334,-0.209622716666667,-5.25706e-07,3.05116666666651e-09,3.09748886743884e-09,5.38671463677224e-13,-2.80247547915411e-12,-2.82010560001442e-12,NaN
-1680.7269388,-0.2083718,-5.22587e-07,3.10416666666649e-09,3.09917829062829e-09,-6.55358605350001e-13,-2.66538451191107e-12,-2.66724324975859e-12,NaN
-1670.6605708,-0.2071238,-5.19497666666667e-07,3.10149999999996e-09,3.09617815022814e-09,-1.36561366561516e-12,-2.41699111016711e-12,-2.44904992893029e-12,NaN
-1660.56247653334,-0.205871866666667,-5.16384e-07,3.09783333333351e-09,3.09644706329706e-09,1.07198432198521e-12,-2.20287708318435e-12,-2.16534913606608e-12,NaN
-1650.49126893334,-0.204623266666667,-5.13302e-07,3.06741666666653e-09,3.09832211887211e-09,-2.74491049488281e-13,-1.93155445743572e-12,-1.85452616312438e-12,NaN
-1640.39344353334,-0.203371366666667,-5.10249166666667e-07,3.06749999999997e-09,3.09589808119808e-09,-2.71359833859636e-12,-1.53322813610044e-12,-1.55235049209243e-12,NaN
-1630.2966936,-0.2021196,-5.07167e-07,3.0860833333335e-09,3.09289492219492e-09,-2.53102843103962e-12,-1.15875932484495e-12,-1.27103556388427e-12,NaN
-1620.213387,-0.2008695,-5.04077e-07,3.09533333333349e-09,3.090836024336e-09,-2.68918626419472e-12,-9.18094753708661e-13,-1.02081378149384e-12,NaN
-1610.122821,-0.1996185,-5.00976333333333e-07,3.1084166666665e-09,3.08751654966653e-09,-3.26591494090625e-12,-8.29365760393579e-13,-7.94624497750576e-13,NaN
-1600.02889416666,-0.198367083333333,-4.97860166666667e-07,3.10166666666652e-09,3.08430419445419e-09,-3.0855358605314e-12,-6.9092859345998e-13,-6.0737179226746e-13,NaN
-1589.9199108,-0.1971138,-4.94773e-07,3.09083333333347e-09,3.08134547794547e-09,-3.24936234935632e-12,-4.88604457387304e-13,-4.67124527888089e-13,NaN
-1579.851123,-0.1958655,-4.916785e-07,3.082e-09,3.07780546975547e-09,-9.14244764240227e-13,-3.27608561960475e-13,-3.37720767337214e-13,NaN
-1569.7395854,-0.1946119,-4.88609e-07,3.0796666666665e-09,3.07951698841699e-09,4.21980811980047e-12,-1.80564594761709e-13,-2.06367592938003e-13,NaN
-1559.6401468,-0.1933598,-4.85519166666667e-07,3.08149999999999e-09,3.08624508599508e-09,5.12226804727334e-12,-9.24449018345432e-14,-1.03244357928228e-13,NaN
-1549.5423214,-0.1921079,-4.82446e-07,3.08008333333349e-09,3.08976152451153e-09,1.98879723881129e-12,-4.49589540662357e-14,-4.20725152090131e-14,NaN
-1539.4453026,-0.1908561,-4.79359e-07,3.07599999999999e-09,3.0902226804727e-09,3.74824499828862e-13,4.3536492805587e-14,-1.22598786471372e-14,NaN
-1529.39331896666,-0.189609883333333,-4.76294e-07,3.11283333333352e-09,3.09051117351119e-09,-5.4574119573963e-13,2.32249868722773e-14,-8.61334576659616e-15,NaN
-1519.27479083334,-0.188355416666667,-4.73133333333333e-07,3.11150000000002e-09,3.08913119808122e-09,-1.4158184158244e-12,-6.46673935955002e-14,-3.91762282196209e-15,NaN
-1509.20089456666,-0.187106483333333,-4.70071e-07,3.08316666666652e-09,3.08767953667954e-09,-9.8738446239531e-13,2.76081118636896e-15,3.58780288819851e-14,NaN
-1499.08935696666,-0.185852883333333,-4.66967e-07,3.085e-09,3.08715642915643e-09,3.13191763186467e-13,6.45477031737899e-14,1.02913096910782e-13,NaN
-1489.00927676666,-0.184603183333333,-4.63901e-07,3.07891666666648e-09,3.08830592020592e-09,1.25235170235744e-12,1.07407789719484e-13,1.86549763262015e-13,NaN
-1478.9156188,-0.1833518,-4.60809166666667e-07,3.06400000000001e-09,3.08966113256114e-09,-1.38147888123308e-14,3.05097274571191e-13,2.91235492064968e-13,NaN
-1468.8444112,-0.1821032,-4.57773e-07,3.08450000000002e-09,3.08827829062829e-09,-6.90125190135077e-13,4.64661784858883e-13,3.80611983151761e-13,NaN
-1458.71566613334,-0.180847466666667,-4.54640166666667e-07,3.11249999999997e-09,3.08828088218087e-09,-1.80048555050206e-13,4.52857586177186e-13,4.16295048516854e-13,NaN
-1448.63370386666,-0.179597533333333,-4.51548e-07,3.09058333333349e-09,3.08791819351819e-09,-5.12975312970349e-13,4.16442730126571e-13,3.94717448991961e-13,NaN
-1438.5460954,-0.1783469,-4.48459e-07,3.09550000000003e-09,3.08725493155493e-09,-2.60647010647598e-13,3.4171795246981e-13,2.93566967529065e-13,NaN
-1428.4418172,-0.1770942,-4.45357e-07,3.09058333333352e-09,3.0873968994969e-09,-7.40873990883503e-14,1.68631996972248e-13,1.28074985161383e-13,NaN
-1418.3492347,-0.17584295,-4.42277833333333e-07,3.07199999999999e-09,3.08710675675676e-09,3.45164970168324e-13,-1.02082626733259e-14,-2.25821785077798e-14,NaN
-1408.267138,-0.174593,-4.39213e-07,3.08091666666648e-09,3.08808722943723e-09,9.86659061662055e-13,-1.97439009531182e-13,-1.16652646378217e-13,NaN
-1398.1668928,-0.1733408,-4.36116e-07,3.09308333333351e-09,3.08908007488008e-09,4.44448344444556e-13,-3.32990228129068e-13,-1.60545728204003e-13,NaN
-1388.1005248,-0.1720928,-4.33026833333333e-07,3.09000000000001e-09,3.08897612612612e-09,-6.20685621235383e-15,-2.27726827766454e-13,-1.55251004172645e-13,NaN
-1377.9744684,-0.1708374,-4.29936e-07,3.08633333333298e-09,3.08906766116765e-09,-3.30990405988727e-13,-1.54103821202947e-14,-1.06838083321501e-13,NaN
-1367.8714001,-0.16958485,-4.26854166666667e-07,3.084e-09,3.08831414531414e-09,-1.47966537966157e-12,6.8731761441935e-14,-4.8236892737999e-14,NaN
-1357.7812374,-0.1683339,-4.23768e-07,3.09699999999999e-09,3.08610833040833e-09,-9.07768807764051e-13,5.51924253581973e-14,-2.32259381916509e-15,NaN
-1347.68166436666,-0.167081783333333,-4.20660166666667e-07,3.08649999999999e-09,3.08649860769862e-09,1.13342693343256e-12,2.16841877330135e-14,2.80068868668641e-14,NaN
-1337.60763366666,-0.165832833333333,-4.17595e-07,3.08358333333351e-09,3.0883751842752e-09,1.30976365976305e-12,-1.16987702412728e-14,2.74867973859058e-14,NaN
-1327.5075229,-0.16458065,-4.14493e-07,3.11500000000001e-09,3.08911813501814e-09,6.66397566395191e-13,-5.72985436828765e-14,1.18135392062958e-14,NaN
-1317.42045216666,-0.163330083333333,-4.11365e-07,3.08e-09,3.08970797940799e-09,3.91561366556921e-13,-3.21098118992106e-14,1.3075896474082e-14,NaN
-1307.341313,-0.1620805,-4.08333e-07,3.07116666666648e-09,3.08990125775126e-09,-7.39674739676996e-13,8.09365128373997e-14,2.30580049610745e-14,NaN
-1297.20772833334,-0.160824166666667,-4.05222666666667e-07,3.10250000000001e-09,3.08822862992863e-09,-1.2361354861375e-12,8.14706705271367e-14,3.21796437418268e-14,NaN
-1287.1250939,-0.15957415,-4.02128e-07,3.06283333333352e-09,3.08742898677898e-09,-1.85173160182285e-13,3.18383406222041e-14,3.30002784039001e-14,NaN
-1277.04286276666,-0.158324183333333,-3.99097e-07,3.082e-09,3.08785828360827e-09,-1.10989235987012e-13,1.96224896150993e-14,1.50248193411141e-14,NaN
-1266.92917423334,-0.157070316666667,-3.95964e-07,3.0995833333335e-09,3.08720700830701e-09,-8.1604656592948e-14,-3.09305624229663e-14,-2.00361503237983e-14,NaN
-1256.8457332,-0.1558202,-3.92897833333333e-07,3.10125e-09,3.08769507429508e-09,9.18544518555514e-13,-5.61243723574801e-14,-5.76374224608326e-14,NaN
-1246.7483111,-0.15456835,-3.897615e-07,3.11491666666649e-09,3.08904409734412e-09,4.89367614366395e-13,-8.93287429377727e-14,-7.48809466758422e-14,NaN
-1236.6597616,-0.1533176,-3.86668e-07,3.07925000000001e-09,3.08867380952382e-09,-4.77144027158654e-13,-1.15612917987434e-13,-7.06518244076937e-14,NaN
-1226.57591726666,-0.152067433333333,-3.83603e-07,3.06500000000001e-09,3.0880898092898e-09,-1.64244764242272e-13,-6.97253638879025e-14,-6.17524451761206e-14,NaN
-1216.4673372,-0.1508142,-3.80538e-07,3.082e-09,3.08834531999533e-09,-3.63987363976162e-13,-3.98809110056888e-14,-6.35866942091151e-14,NaN
-1206.37246933334,-0.149562666666667,-3.77439e-07,3.07450000000001e-09,3.08736183456185e-09,-8.66824616830336e-13,-3.33381045071064e-14,-7.78389991224981e-14,NaN
-1196.2958844,-0.1483134,-3.74389e-07,3.08900000000001e-09,3.08661167076167e-09,-1.5114075114902e-13,-2.87593293632005e-14,-8.90501285334782e-14,NaN
-1186.1795072,-0.1470592,-3.71261e-07,3.12049999999998e-09,3.08705955305955e-09,1.00417105416938e-12,-1.11696103345885e-13,-9.6608615891629e-14,NaN
-1176.11461796666,-0.145811383333333,-3.68148e-07,3.10549999999999e-09,3.08862001287001e-09,8.22153972151562e-13,-1.93449583565549e-13,-9.86873179670024e-14,NaN
-1165.9757904,-0.1445544,-3.6505e-07,3.077e-09,3.08870386100385e-09,-2.2611150110942e-13,-1.35207896353664e-13,-8.59694502327528e-14,NaN
-1155.8989366,-0.1433051,-3.61994e-07,3.07399999999999e-09,3.08816778986779e-09,1.29144729145804e-13,-4.04756812439935e-14,-6.66668295327588e-14,NaN
-1145.799498,-0.142053,-3.58902e-07,3.07450000000001e-09,3.08896215046215e-09,-3.55209430207337e-13,4.28392068107147e-15,-3.94008430448039e-14,NaN
-1135.71108293334,-0.140802266666667,-3.55845e-07,3.07200000000002e-09,3.08745737100738e-09,-1.49808997308997e-12,3.46200631671399e-14,-3.32115106030404e-15,NaN
-1125.6175594,-0.1395509,-3.52758e-07,3.09466666666651e-09,3.08596597051597e-09,-1.86849186857475e-13,2.18632262478774e-14,1.47377943824063e-14,NaN
-1115.5104581,-0.13829785,-3.49655666666667e-07,3.09258333333349e-09,3.08708367263366e-09,2.45931320932309e-13,-1.7318341507052e-14,8.59168364997088e-15,NaN
-1105.4364274,-0.1370489,-3.46572833333333e-07,3.09683333333351e-09,3.08645783315783e-09,-2.03044928039297e-13,-3.50806925107591e-15,3.24983586311667e-17,NaN
-1095.35204533334,-0.135798666666667,-3.43462e-07,3.10791666666648e-09,3.08667758277758e-09,2.90028665039819e-13,-8.43649856696299e-15,-5.53004248105085e-15,NaN
-1085.24709496666,-0.134545883333333,-3.40357e-07,3.09091666666649e-09,3.08703789048791e-09,-1.18272493259205e-13,-3.29134807331628e-14,-3.54338045181468e-15,NaN
-1075.141338,-0.133293,-3.37280166666667e-07,3.0644166666665e-09,3.08644103779106e-09,2.31756756751884e-13,1.19207893617247e-14,1.18666415048105e-14,NaN
-1065.0636776,-0.1320436,-3.34228166666667e-07,3.07941666666702e-09,3.08750140400141e-09,6.60837135824982e-13,4.08923351299408e-14,2.23541944596067e-14,NaN
-1054.9626258,-0.1307913,-3.31121333333333e-07,3.08908333333353e-09,3.08776271206271e-09,-9.94208494250821e-14,1.83187292625676e-14,1.27846071467442e-14,NaN
-1044.8704466,-0.1295401,-3.2805e-07,3.08066666666647e-09,3.08730256230256e-09,-7.45407745416719e-14,3.53658678661185e-14,-6.72219758148294e-16,NaN
-1034.79493713334,-0.128290966666667,-3.2496e-07,3.10949999999999e-09,3.08761363051363e-09,1.06435006435727e-13,2.15489398675078e-14,-7.77943760527828e-15,NaN
-1024.6828618,-0.1270373,-3.21831e-07,3.10600000000003e-09,3.08751543231544e-09,-2.12185562186951e-13,-5.62499690461602e-14,-1.27442269396679e-14,NaN
-1014.5806001,-0.12578485,-3.18748e-07,3.07550000000001e-09,3.08718925938926e-09,4.64841464841603e-13,-7.16281098108144e-14,1.19120910025854e-15,NaN
-1004.5001166,-0.1245351,-3.1568e-07,3.057e-09,3.08844511524512e-09,8.46533871539967e-13,9.53855650693932e-15,3.4482885352949e-14,NaN
-994.4260859,-0.12328615,-3.12634e-07,3.07599999999999e-09,3.08888232713234e-09,-2.77688077689095e-13,8.86491531570018e-14,5.80223579400689e-14,NaN
-984.3230176,-0.1220336,-3.09528e-07,3.085e-09,3.08788973908974e-09,-7.61740961741807e-13,1.14766573472366e-13,7.21307911996676e-14,NaN
-974.2348714,-0.1207829,-3.06464e-07,3.0890833333335e-09,3.08735884520885e-09,-6.72311922255982e-14,1.39754158482562e-13,8.01153930301007e-14,NaN
-964.1193008,-0.1195288,-3.03349833333333e-07,3.11491666666649e-09,3.08775527670529e-09,1.89712764709674e-13,9.30649620040226e-14,6.83979322196857e-14,NaN
-954.0230886,-0.1182771,-3.00234166666667e-07,3.10949999999999e-09,3.08773827073827e-09,7.77846027713478e-14,-2.45298166118804e-14,4.31531455018956e-14,NaN
-943.9268764,-0.1170254,-2.97130833333333e-07,3.0820833333335e-09,3.08791084591083e-09,-6.61898911911797e-14,-4.27674470121628e-14,1.33978144114469e-14,NaN
-933.8427632,-0.1157752,-2.9407e-07,3.07924999999998e-09,3.08760589095589e-09,-5.26880776867099e-13,-1.00619659164126e-14,-1.61859013425065e-14,NaN
-923.7360652,-0.1145222,-2.90972333333333e-07,3.07049999999998e-09,3.0868570843571e-09,-1.50751725753194e-13,-6.15509115134127e-15,-3.82690103639329e-14,NaN
-913.651952,-0.113272,-2.87929e-07,3.08233333333303e-09,3.08730438750438e-09,3.37583362563424e-13,-9.61798558389647e-15,-4.97481373968042e-14,NaN
-903.518501766664,-0.112015683333333,-2.84807666666667e-07,3.11266666666651e-09,3.08753225108222e-09,-1.15277290291827e-13,-6.59806348988009e-14,-5.76654437447728e-14,NaN
-893.4377494,-0.1107659,-2.81703666666667e-07,3.09883333333348e-09,3.0870738329238e-09,2.76968527015773e-14,-9.6922174141209e-14,-7.09793716685029e-14,NaN
-883.3633154,-0.1095169,-2.7861e-07,3.08583333333349e-09,3.08758764478763e-09,3.3180940682334e-13,-8.25514789214333e-14,-8.32815720472458e-14,NaN
-873.2679098,-0.1082653,-2.75532e-07,3.08300000000003e-09,3.08773745173745e-09,-3.55066105059351e-13,-9.9098533194152e-14,-8.48416397419757e-14,NaN
-863.1571788,-0.1070118,-2.72444e-07,3.07550000000001e-09,3.08687751257751e-09,5.67918567928642e-14,-8.14550818723038e-14,-6.81348088502371e-14,NaN
-853.078039633336,-0.105762216666667,-2.69381e-07,3.07049999999998e-09,3.08785103545103e-09,1.02092547093041e-12,-3.44977559503713e-14,-3.96417534222113e-14,NaN
-842.9905656,-0.1045116,-2.66303e-07,3.08583333333352e-09,3.08891936351937e-09,3.14344214347775e-13,-2.41754840769017e-14,-2.68054023300677e-14,NaN
-832.8645092,-0.1032562,-2.63209333333333e-07,3.08491666666651e-09,3.08847972387973e-09,-7.33336258340985e-13,-3.05355890796543e-15,-2.87694245377491e-14,NaN
-822.819381666664,-0.102010833333333,-2.60133166666667e-07,3.09766666666649e-09,3.08745269100269e-09,-8.32839007842063e-13,2.42621627257144e-14,-2.77379413106146e-14,NaN
-812.6962828,-0.1007558,-2.57014e-07,3.10833333333351e-09,3.08681404586404e-09,-7.7342049841946e-13,-2.87241402113766e-14,-2.12379546227045e-14,NaN
-802.582459833334,-0.0995019166666667,-2.539165e-07,3.09541666666648e-09,3.08590585000585e-09,-5.61904761899115e-13,-9.18248289350505e-14,-3.73561533171555e-15,NaN
-792.498077766667,-0.0982516833333333,-2.50823166666667e-07,3.06891666666649e-09,3.08569023634025e-09,6.35957060959149e-13,-4.04752356646738e-14,1.61763220515284e-14,NaN
-782.393934,-0.096999,-2.47778666666667e-07,3.06608333333353e-09,3.08717776412777e-09,1.15393705393143e-12,5.0184994476213e-14,2.06514665379112e-14,NaN
-772.291269,-0.0957465,-2.44691e-07,3.07883333333351e-09,3.08799811044811e-09,8.85398385422612e-14,9.36907155098741e-14,1.27841016124802e-14,NaN
-762.2144152,-0.0944972,-2.41621e-07,3.08866666666648e-09,3.08735484380485e-09,-7.64037089027049e-13,6.90394807844318e-14,-5.15544321728995e-15,NaN
-752.1367548,-0.0932478,-2.38513666666667e-07,3.10866666666649e-09,3.08647003627005e-09,-7.5926348425464e-13,-4.47776235973236e-14,-3.89508029614114e-14,NaN
-742.002497966667,-0.0919913833333333,-2.35403666666667e-07,3.10133333333352e-09,3.08583631683634e-09,-2.15031590034091e-13,-1.39218928737233e-13,-7.65687342992201e-14,NaN
-731.908974433334,-0.0907400166666667,-2.32311e-07,3.09616666666701e-09,3.08603997308999e-09,7.10804960792941e-13,-1.57051770354903e-13,-1.02225141589519e-13,NaN
-721.829028666667,-0.0894903333333333,-2.29211333333333e-07,3.08349999999999e-09,3.08725792675793e-09,6.89110214105042e-13,-1.59023435260044e-13,-1.13859182562877e-13,NaN
-711.725960366666,-0.0882377833333333,-2.26144e-07,3.06800000000001e-09,3.0874181935182e-09,3.36182286181384e-13,-9.98110113425561e-14,-1.09696612463074e-13,NaN
-701.631226933334,-0.0869862666666667,-2.23075333333333e-07,3.0815e-09,3.08793029133029e-09,4.87732537732719e-13,-8.00206160973424e-15,-9.36585249306256e-14,NaN
-691.5360902,-0.0857347,-2.19981e-07,3.0961666666665e-09,3.08839365859366e-09,-2.84789984788314e-13,-3.15999369712237e-14,-8.03623280315684e-14,NaN
-681.427913433334,-0.0844815166666667,-2.16883e-07,3.08549999999999e-09,3.08736071136071e-09,-9.61729261729121e-13,-1.03172015469853e-13,-7.16483384183789e-14,NaN
-671.3436658,-0.0832313,-2.1381e-07,3.08516666666649e-09,3.0864702000702e-09,-6.6875511874994e-13,-1.13413601409367e-13,-6.37940107568363e-14,NaN
-661.2498734,-0.0819799,-2.10712666666667e-07,3.09125000000001e-09,3.08602320112321e-09,-3.2973850473561e-13,-9.56885189945655e-14,-6.58336973402356e-14,NaN
-651.1754394,-0.0807309,-2.076275e-07,3.08008333333349e-09,3.08581072306073e-09,9.21258921192556e-14,-5.73703051238546e-14,-6.93106226283658e-14,NaN
-641.059734366666,-0.0794767833333333,-2.045525e-07,3.08225000000001e-09,3.08620745290745e-09,1.12316017315962e-12,-1.42588792065364e-14,-5.45796689952374e-14,NaN
-631.0104394,-0.0782309,-2.01463e-07,3.09575e-09,3.08805704340705e-09,1.05551948051951e-12,-1.67392917484294e-14,-3.3589185651451e-14,NaN
-620.8593784,-0.0769724,-1.98361e-07,3.08399999999999e-09,3.08831849186849e-09,-1.02085819587066e-12,-5.20278323526565e-14,-2.66625505224568e-14,NaN
-610.800000933334,-0.0757252666666667,-1.95295e-07,3.0715e-09,3.08601532701531e-09,-2.09256756757533e-12,-4.9894461500305e-14,-3.55441221323015e-14,NaN
-600.7064774,-0.0744739,-1.92218e-07,3.0865833333335e-09,3.08413335673334e-09,-1.54947057446388e-12,-2.39444388255102e-14,-5.23390528668529e-14,NaN
-590.618868933334,-0.0732232666666667,-1.89121833333333e-07,3.09750000000001e-09,3.08291638586638e-09,-3.08687258680776e-13,-4.06667154548567e-14,-6.31907426206013e-14,NaN
-580.489182833334,-0.0719674166666667,-1.86023e-07,3.1024166666665e-09,3.08351598221598e-09,1.44532877033099e-12,-8.29380396700994e-14,-6.31128198322224e-14,NaN
-570.4081616,-0.0707176,-1.82917e-07,3.0864166666665e-09,3.08580704340704e-09,1.77646250146543e-12,-9.06634834740397e-14,-5.71493328625956e-14,NaN
-560.3095296,-0.0694656,-1.79850166666667e-07,3.07349999999999e-09,3.08706890721891e-09,9.10816660820639e-13,-4.7195716636423e-14,-4.18313414485418e-14,NaN
-550.2133174,-0.0682139,-1.7677e-07,3.08024999999999e-09,3.08762867672869e-09,2.95024570025267e-13,5.25366951914518e-15,-9.15781958462311e-15,NaN
-540.1521923,-0.06696655,-1.73689666666667e-07,3.09700000000001e-09,3.08765895635896e-09,-1.11218848718824e-12,2.38049279929714e-14,3.88261176434556e-14,NaN
-529.999786966667,-0.0657078833333333,-1.70576e-07,3.07783333333351e-09,3.08540429975431e-09,-1.93101673100684e-12,5.93866738060874e-14,8.49308165927701e-14,NaN
-519.9835626,-0.0644661,-1.67534e-07,3.0725e-09,3.08379692289695e-09,-2.04018954014584e-13,1.39599207454666e-13,1.09430488020333e-13,NaN
-509.8361313,-0.06320805,-1.64431e-07,3.09750000000001e-09,3.08499626184628e-09,1.50847665846906e-12,1.70871925610482e-13,1.06091891375513e-13,NaN
-499.7596808,-0.0619588,-1.61339e-07,3.08699999999999e-09,3.08681387621389e-09,1.68394465893651e-12,1.33341476319681e-13,9.53961689357697e-14,NaN
-489.6392706,-0.0607041,-1.58257e-07,3.09e-09,3.08836415116415e-09,9.00236925231422e-13,7.54074435648563e-14,1.08203751264771e-13,NaN
-479.576129,-0.0594565,-1.55159e-07,3.083e-09,3.08861435006435e-09,-6.43728793727455e-13,3.79884885275973e-14,1.39834148583041e-13,NaN
-469.4758838,-0.0582043,-1.52091e-07,3.0815e-09,3.0870766935767e-09,-1.35965543465229e-12,6.64884355302612e-14,1.65465188681596e-13,NaN
-459.3691858,-0.0569513,-1.48996e-07,3.0585e-09,3.08589503919504e-09,-7.64929214928821e-13,1.9404518294831e-13,1.69203566720423e-13,NaN
-449.277141033334,-0.0557001166666667,-1.45974e-07,3.08299999999999e-09,3.08554683514684e-09,-9.59400959404792e-14,3.10929907197017e-13,1.3953703741569e-13,NaN
-439.1848274,-0.0544489,-1.4283e-07,3.11983333333351e-09,3.08570315900316e-09,2.74570024568845e-13,2.28268337488331e-13,8.44274075520005e-14,NaN
-429.0958746,-0.0531981,-1.39734333333333e-07,3.11008333333351e-09,3.08609597519598e-09,6.33581958585072e-13,7.58964892529045e-15,2.44206161672535e-14,NaN
-418.9907898,-0.0519453,-1.36609833333333e-07,3.10950000000001e-09,3.08697032292033e-09,9.78764478769001e-13,-1.78543751823879e-13,-3.01570901623618e-14,NaN
-408.880596533334,-0.0506918666666667,-1.33515333333333e-07,3.0774166666665e-09,3.08805350415352e-09,8.89765414763116e-13,-2.26382910789452e-13,-6.7682626143813e-14,NaN
-398.7902994,-0.0494409,-1.30455e-07,3.055083333333e-09,3.08874985374986e-09,-2.24318474386581e-14,-1.09622436229224e-13,-6.93382880874116e-14,NaN
-388.6811816,-0.0481876,-1.27405166666667e-07,3.07e-09,3.08800864045864e-09,-9.80215280220416e-13,4.24176458183039e-14,-4.08572610087448e-14,NaN
-378.5244744,-0.0469284,-1.24315e-07,3.0820833333335e-09,3.08678942318942e-09,-4.13656838659804e-13,9.82447879810674e-14,-1.66985017899583e-14,NaN
-368.458913,-0.0456805,-1.21241e-07,3.08208333333349e-09,3.08718132678132e-09,5.64116064112928e-13,7.3312481932387e-14,-2.19556747670518e-14,NaN
-358.4715918,-0.0444423,-1.18150833333333e-07,3.1215e-09,3.08791765531764e-09,4.61097461118577e-14,-2.85710129733075e-14,-5.77282481418876e-14,NaN
-348.3205308,-0.0431838,-1.14998e-07,3.127333333333e-09,3.08727354627354e-09,-8.28015678012687e-13,-1.90013582731982e-13,-1.01108522870182e-13,NaN
-338.207245566666,-0.0419299833333333,-1.11896166666667e-07,3.08199999999999e-09,3.08626162396162e-09,-6.22601497601551e-13,-2.55199216619955e-13,-1.22382025986345e-13,NaN
-328.1236701,-0.04067985,-1.08834e-07,3.0520833333335e-09,3.08602834327834e-09,6.44085644089157e-14,-1.77914823832155e-13,-1.11048823930309e-13,NaN
-318.057570966666,-0.0394318833333333,-1.05792e-07,3.047e-09,3.08639044109044e-09,7.20922545922274e-13,-4.58606791845283e-14,-7.68876199735764e-14,NaN
-307.9510074,-0.0381789,-1.0274e-07,3.07725e-09,3.08747018837018e-09,6.23166023165632e-13,6.60669770023105e-14,-3.62418982624209e-14,NaN
-297.886118166666,-0.0369310833333333,-9.96375e-08,3.11000000000001e-09,3.08763677313677e-09,-5.27325377325853e-13,7.32710185535774e-14,-8.00066185514e-15,NaN
-287.7501137,-0.03567445,-9.652e-08,3.10924999999999e-09,3.08641553761553e-09,-1.99054054054086e-12,-2.86974552312935e-15,-1.41455510893989e-14,NaN
-277.6583378,-0.0344233,-9.3419e-08,3.11066666666665e-09,3.08365569205569e-09,-2.04045279045374e-12,-8.25513442218402e-14,-5.41424242019508e-14,NaN
-267.5685784,-0.0331724,-9.02986666666667e-08,3.09200000000001e-09,3.08233463203462e-09,3.50468000471328e-13,-1.43647035738694e-13,-9.7273845686539e-14,NaN
-257.4320362,-0.0319157,-8.7235e-08,3.06933333333335e-09,3.08435662805663e-09,2.49731777232692e-12,-1.54981812415731e-13,-1.13941618275217e-13,NaN
-247.365533766666,-0.0306676833333333,-8.416e-08,3.06516666666665e-09,3.08732926757928e-09,2.40800865801632e-12,-1.27731102437554e-13,-1.01449673757752e-13,NaN
-237.2630032,-0.0294152,-8.11046666666667e-08,3.06683333333335e-09,3.08917264537266e-09,5.24017199017795e-13,-7.55624586575361e-14,-7.20011471840474e-14,NaN
-227.1619514,-0.0281629,-7.80263333333333e-08,3.08133333333335e-09,3.08837730197731e-09,-1.61528899029821e-12,1.48188845177683e-14,-3.08428378267209e-14,NaN
-217.084559866666,-0.0269135333333333,-7.4942e-08,3.10316666666665e-09,3.08594206739207e-09,-2.2298642798723e-12,6.27717719913301e-14,1.33195007252758e-14,NaN
-206.974232166666,-0.0256600833333333,-7.182e-08,3.10483333333335e-09,3.08391757341757e-09,-9.08385983384461e-13,2.09359163380903e-14,4.52769512272427e-14,NaN
-196.9039656,-0.0244116,-6.87323333333333e-08,3.072e-09,3.0841252954253e-09,5.14370539376621e-13,1.53755114443955e-14,5.51221961225918e-14,NaN
-186.7819422,-0.0231567,-6.5676e-08,3.07816666666665e-09,3.08494631449632e-09,1.04395986896476e-12,6.71042588083081e-14,3.87821334457095e-14,NaN
-176.690031866666,-0.0219055333333333,-6.2576e-08,3.091e-09,3.08621321516323e-09,1.55600795600212e-12,6.24294107165101e-14,1.2865977330834e-14,NaN
-166.619362,-0.020657,-5.9494e-08,3.09258333333335e-09,3.08805833040833e-09,1.08616181115383e-12,1.09407322745457e-14,6.51265628157639e-15,NaN
-156.4949188,-0.0194018,-5.63908333333333e-08,3.102e-09,3.08838553878553e-09,-2.57549432547277e-13,-3.86963616167433e-14,2.55873996123507e-14,NaN
-146.412687666666,-0.0181518333333333,-5.329e-08,3.08041666666665e-09,3.08754323154323e-09,-1.12596232595885e-12,-4.28147737432504e-14,4.7961149158299e-14,NaN
-136.2847492,-0.0168962,-5.023e-08,3.063e-09,3.08613361413362e-09,-1.4272727272727e-12,4.43735990733824e-14,4.7440758945937e-14,NaN
-126.228329266666,-0.0156494333333333,-4.7164e-08,3.072e-09,3.08468868608869e-09,-7.73996723997322e-13,1.23653128861807e-13,1.6378950246731e-14,NaN
-116.085872,-0.014392,-4.4086e-08,3.102e-09,3.08458562068562e-09,1.12238212237872e-13,9.77729083166976e-14,-3.08479212053196e-14,NaN
-106.031603,-0.0131455,-4.096e-08,3.1165e-09,3.08491316251316e-09,6.19053469052853e-13,-2.97504049525987e-14,-6.85061261991211e-14,NaN
-95.9322988333336,-0.0118934166666667,-3.7853e-08,3.11e-09,3.08582372762373e-09,9.66666666666343e-13,-2.16400421586923e-13,-8.86599517596957e-14,NaN
-85.8246598,-0.0106403,-3.474e-08,3.074e-09,3.0868464958465e-09,3.9261436761484e-13,-2.82368048077429e-13,-9.70792522259783e-14,NaN
-75.7377235,-0.00938975,-3.1705e-08,3.04166666666665e-09,3.08660895635896e-09,3.50590850588837e-14,-1.38963749593756e-13,-9.15210104394229e-14,NaN
-65.6322354,-0.0081369,-2.86566666666667e-08,3.065e-09,3.08691661401661e-09,3.96484146488238e-14,4.59075991477609e-14,-7.68517741594863e-14,NaN
-55.5533651,-0.00688735,-2.5575e-08,3.0955e-09,3.08668825318825e-09,-7.58815958815137e-13,8.56733161669929e-14,-6.20408037975557e-14,NaN
-45.4454572,-0.0056342,-2.24656666666667e-08,3.11116666666665e-09,3.08539898209898e-09,-7.40604890604791e-13,-3.11694985068525e-15,-5.95075068425496e-14,NaN
-35.3132168666667,-0.00437803333333333,-1.93526666666667e-08,3.11783333333335e-09,3.08520704340704e-09,2.11951561952891e-13,-1.29458086997685e-13,-8.58836248603732e-14,NaN
-25.2393206,-0.0031291,-1.623e-08,3.07783333333335e-09,3.08582288522289e-09,-2.31341406340302e-13,-2.26970863274934e-13,-1.3222411206937e-13,NaN
-15.1794054,-0.0018819,-1.3197e-08,3.05625e-09,3.08474436059436e-09,-6.56657306658449e-13,-2.26882342152481e-13,-1.64085880423331e-13,NaN
-5.069481,-0.0006285,-1.01175e-08,3.085e-09,3.08450957060957e-09,2.00049725048964e-13,-1.67102905852955e-13,-1.54881097730424e-13,NaN
5.02175716666667,0.000622583333333333,-7.027e-09,3.08875e-09,3.08514446004446e-09,4.33225108225997e-13,-9.08895978024712e-14,-1.15419026402109e-13,NaN
15.0937713666666,0.00187128333333333,-3.94e-09,3.08483333333333e-09,3.08537602082602e-09,5.54466479467223e-13,-2.73477128903256e-14,-7.10049066779798e-14,NaN
25.2174079666666,0.00312638333333333,-8.57333333333333e-10,3.07566666666667e-09,3.0862533930034e-09,2.24795249795293e-13,-5.9392021150933e-15,-3.77235614811333e-14,NaN
35.280684,0.004374,2.21133333333333e-09,3.06991666666667e-09,3.08582561132561e-09,-1.26540599040655e-12,-1.05940086492289e-14,-2.91904794283097e-14,NaN
45.3889952,0.0056272,5.2825e-09,3.09283333333334e-09,3.08372258102258e-09,-1.32181467181513e-12,-5.09475315459175e-14,-3.89720980145795e-14,NaN
55.4788890333334,0.00687811666666667,8.397e-09,3.09925e-09,3.08318198198198e-09,-1.70387270387204e-13,-8.15901428817819e-14,-5.65559086545813e-14,NaN
65.5775210333334,0.00813011666666667,1.1481e-08,3.09883333333335e-09,3.08338180648181e-09,4.63340938341286e-13,-7.52394483981969e-14,-7.36782588777025e-14,NaN
75.6865044,0.0093834,1.45946666666667e-08,3.097e-09,3.08410866385867e-09,1.51033988533911e-12,-7.80468563495949e-14,-7.21904385727213e-14,NaN
85.7593252,0.0106322,1.7675e-08,3.08125e-09,3.08640248625249e-09,1.21928454428298e-12,-5.73225096111065e-14,-4.89665578768551e-14,NaN
95.8539242,0.0118837,2.07571666666667e-08,3.086e-09,3.08654723294723e-09,-1.10998303498411e-12,-3.09905909979532e-14,-1.38133959948466e-14,NaN
105.951480733334,0.0131355666666667,2.3847e-08,3.06041666666665e-09,3.08418252018252e-09,-1.8787674037674e-12,6.90282127927727e-15,2.58490023079501e-14,1.23625663211935e-07
116.050919333334,0.0143876666666667,2.6878e-08,3.062e-09,3.0827896981397e-09,-2.06704106702682e-13,8.87497007743857e-14,6.02505373439743e-14,2.88154743819007e-07
126.1578862,0.0156407,2.9971e-08,3.096e-09,3.08376911196911e-09,6.22525447525724e-13,1.13874946545497e-13,7.84415271517128e-14,3.75155129856018e-07
136.2597446,0.0168931,3.307e-08,3.09733333333335e-09,3.08403474903475e-09,5.50005850004888e-13,9.14813533062748e-14,7.98562915440047e-14,3.81921394340892e-07
146.3244994,0.0181409,3.61656666666667e-08,3.08741666666665e-09,3.08486912366912e-09,9.83988533988546e-13,9.1503352121193e-14,7.38371742254928e-14,3.53134311513226e-07
156.4251479,0.01939315,3.92448333333333e-08,3.09666666666665e-09,3.08600272610273e-09,2.43369018369371e-13,5.42708504662044e-14,6.61028543889423e-14,3.16144086207985e-07
166.5326525,0.02064625,4.2359e-08,3.08108333333335e-09,3.08535586170586e-09,-4.32438282437916e-13,1.02508640205258e-14,6.81117586600886e-14,3.25751889243902e-07
176.6066832,0.0218952,4.5407e-08,3.0705e-09,3.08513784953785e-09,1.49379899413569e-14,5.06461954651552e-14,8.66033747861348e-14,4.14190053324992e-07
186.7327396,0.0231506,4.85e-08,3.08041666666665e-09,3.08538573768574e-09,2.87396162398123e-13,1.11082206524419e-13,1.08058507887919e-13,5.1680155946396e-07
196.799242033334,0.0243986166666667,5.15678333333333e-08,3.0765e-09,3.08571264186265e-09,1.40920790915903e-13,1.5517951674147e-13,1.22135191247733e-13,5.84124827706549e-07
206.876230266666,0.0256479333333333,5.4653e-08,3.08625e-09,3.08566757926758e-09,-3.07733707737826e-13,1.85308675178722e-13,1.22443982319971e-13,5.85601654573774e-07
216.994489533334,0.0269023666666667,5.77403333333333e-08,3.1075e-09,3.08509717444717e-09,-1.93395343392144e-13,1.34293319088086e-13,1.04238231639913e-13,4.98530673060453e-07
227.0917772,0.0281542,6.0868e-08,3.077e-09,3.08528078858079e-09,-1.18535743536092e-13,5.86366681488749e-14,8.07668196745115e-14,3.8627609409549e-07
237.172664,0.029404,6.38943333333333e-08,3.08941666666665e-09,3.0848601029601e-09,-2.40642915649685e-13,1.85260958514986e-14,6.66327108041034e-14,3.18678182106581e-07
247.3019468,0.0306598,6.70468333333333e-08,3.10125e-09,3.08479950274949e-09,6.37147537146066e-13,-1.48682286694258e-14,5.33892187512759e-14,2.55339741853928e-07
257.3521828,0.0319058,7.00968333333333e-08,3.06608333333335e-09,3.08613439803439e-09,8.79595179598133e-13,2.88499488080008e-14,4.14626083820063e-14,1.98299431392204e-07
267.4540412,0.0331582,7.3179e-08,3.0789166666667e-09,3.08655869310869e-09,5.75699075704544e-13,1.19190259808029e-13,3.89730553755564e-14,1.8639287353527e-07
277.5615458,0.0344113,7.62546666666667e-08,3.09858333333336e-09,3.0872857961858e-09,1.04969579973652e-13,9.75945870381699e-14,3.0987468187438e-14,1.48200934809486e-07
287.6521118,0.0356623,7.93761666666667e-08,3.09316666666665e-09,3.08676863226864e-09,-1.03334503334185e-12,-9.14487123662774e-15,1.29409944001085e-14,6.1891712348345e-08
297.7676824,0.0369164,8.2441e-08,3.06491666666665e-09,3.08521910611912e-09,-8.80186030183761e-13,-4.93200531419677e-14,-1.10318256398134e-14,-5.27609052338902e-08
307.867793166667,0.0381685833333333,8.5506e-08,3.1015e-09,3.08500826020827e-09,-9.95378495426287e-14,-6.03652684921928e-14,-4.65861280945653e-14,-2.22803221321834e-07
317.9520408,0.0394188,8.8644e-08,3.109e-09,3.08502003042003e-09,2.90993915987038e-13,-9.31144868522251e-14,-8.14887777224737e-14,-3.8972893693357e-07
328.0329276,0.0406686,9.1724e-08,3.0665e-09,3.08559024804024e-09,8.76541476539101e-13,-7.96894336815859e-14,-9.4234193926285e-14,-4.50685275299624e-07
338.1323662,0.0419207,9.4777e-08,3.0775e-09,3.08677311337311e-09,6.90215865220944e-13,-7.21442493164356e-14,-8.71245048630374e-14,-4.16682414562353e-07
348.2447104,0.0431744,9.7879e-08,3.09199999999999e-09,3.08697067977068e-09,-4.77980577975992e-13,-9.17475688183058e-14,-7.91626445329222e-14,-3.78603952113976e-07
358.338771666666,0.0444258333333333,1.00961e-07,3.08641666666651e-09,3.08581715221716e-09,-8.29995904999247e-13,-8.75813172369385e-14,-6.86734945392187e-14,-3.28438452144089e-07
368.4258424,0.0456764,1.04051833333333e-07,3.08050000000001e-09,3.08531068796069e-09,-3.65022815022405e-13,-5.8725911845253e-14,-5.42329027250599e-14,-2.5937475216333e-07
378.5188282,0.0469277,1.07122e-07,3.0765833333335e-09,3.08508710658711e-09,-3.52658827655285e-13,-3.30920137127691e-14,-5.49420077422533e-14,-2.6276612398469e-07
388.6134272,0.0481792,1.10205e-07,3.077e-09,3.08460537030538e-09,-1.67339417342817e-13,-4.34902629745708e-14,-6.56493968672274e-14,-3.13975376321522e-07
398.7084295,0.04943075,1.13276e-07,3.0791666666665e-09,3.08475242775243e-09,-5.07078507073257e-14,-5.23508179719626e-14,-7.65089810715609e-14,-3.65912518168335e-07
408.7743942,0.0506787,1.16363333333333e-07,3.1045833333335e-09,3.08450395460396e-09,4.61653211683747e-14,-7.75229814468447e-14,-8.70201781167545e-14,-4.16183460558391e-07
418.912011866667,0.0519355333333333,1.19485166666667e-07,3.1053333333335e-09,3.08484475839476e-09,6.41192816192268e-13,-1.38034284689611e-13,-8.30214290689672e-14,-3.97059008590713e-07
428.985101533334,0.0531843666666667,1.22574e-07,3.07625e-09,3.08578634023635e-09,2.91122616122501e-13,-1.1353431440203e-13,-5.96865552979434e-14,-2.85457438381468e-07
439.095025933334,0.0544377666666667,1.25637666666667e-07,3.081e-09,3.08542700362701e-09,-7.63800163796317e-13,-4.06345584924437e-14,-2.77999891756404e-14,-1.32956469970454e-07
449.202530533334,0.0556908666666667,1.28736e-07,3.07666666666649e-09,3.08425873990875e-09,-6.63264888261798e-13,2.11061833346092e-14,-2.58364393954409e-15,-1.23565579717326e-08
459.2852994,0.0569409,1.31791e-07,3.07400000000001e-09,3.08410047385049e-09,4.49777699725473e-14,8.82068691018179e-14,1.16225190531423e-14,5.55859606889414e-08
469.380570566666,0.0581924833333333,1.34884e-07,3.0921666666665e-09,3.0843486954487e-09,-1.46396396401242e-13,6.92112479620617e-14,1.72119386540297e-14,8.23179674757942e-08
479.474766266667,0.0594439333333333,1.37975333333333e-07,3.09549999999999e-09,3.08380768105768e-09,3.96103896099801e-14,-1.10971124371979e-14,1.28020908077679e-14,6.12273908197595e-08
489.573801566667,0.0606959833333333,1.41075e-07,3.09783333333351e-09,3.08442791622792e-09,7.43980343980459e-13,-6.28731448507559e-14,4.7644214403897e-15,2.27863634105594e-08
499.6693416,0.0619476,1.44171e-07,3.07733333333351e-09,3.08529564174564e-09,4.97174447171909e-13,-5.60028080442537e-14,-3.219524649496e-15,-1.53977265845461e-08
509.7558746,0.0631981,1.47229666666667e-07,3.071e-09,3.08542226512226e-09,1.6209196208992e-13,4.55819170549592e-15,-5.14808394695793e-15,-2.46212710506684e-08
519.821301566667,0.0644459833333333,1.50313e-07,3.07616666666649e-09,3.08561982566982e-09,1.32122382129837e-13,5.8543989394478e-14,6.4069867031163e-15,3.06421103192519e-08
529.950449933334,0.0657017666666667,1.53382e-07,3.0945e-09,3.08568650988652e-09,-2.07382707397977e-14,4.58998224787392e-14,1.98488087913133e-14,9.49290855236723e-08
540.0921006,0.0669591,1.56502e-07,3.0883333333335e-09,3.08557834912834e-09,-3.33011583025692e-13,9.36075719056156e-15,1.89268512685431e-14,9.05197234582496e-08
550.1568554,0.0682069,1.59558666666667e-07,3.07466666666649e-09,3.08502048672047e-09,-4.51509301504123e-13,-1.23672942982169e-15,-1.98194119096415e-15,-9.47884917417637e-09
560.2458082,0.0694577,1.62651333333333e-07,3.08800000000001e-09,3.08467533052534e-09,-1.63738738725384e-13,-2.73213663039862e-14,-3.26009496381126e-14,-1.55917585225756e-07
570.3170158,0.0707063,1.65734666666667e-07,3.10033333333351e-09,3.08469300924302e-09,-1.9603077103713e-13,-6.04504516835456e-14,-5.04945012089407e-14,-2.41495440564499e-07
580.4398458,0.0719613,1.68852e-07,3.0826666666665e-09,3.08428326898326e-09,2.27916227909734e-13,-7.98209764748036e-14,-4.86257573530827e-14,-2.32557969949526e-07
590.4965346,0.0732081,1.719e-07,3.0795e-09,3.08514884169884e-09,1.06172341172981e-12,-7.7741424443625e-14,-4.44671419639437e-14,-2.12668939827557e-07
600.6016194,0.0744609,1.75011e-07,3.0785e-09,3.08640671580672e-09,1.91099216104421e-13,-3.7534337932616e-14,-4.8559656221803e-14,-2.32241834104275e-07
610.6897656,0.0757116,1.78057e-07,3.07024999999999e-09,3.08553104013105e-09,-5.2687492687334e-13,3.74135902399693e-15,-5.81637399661311e-14,-2.78174408533671e-07
620.8045296,0.0769656,1.811515e-07,3.09816666666651e-09,3.08535296595297e-09,-4.96396396398661e-13,-2.96624758114765e-14,-7.29793443865124e-14,-3.49031647065929e-07
630.8789636,0.0782146,1.84253333333333e-07,3.09925e-09,3.08453824733825e-09,-1.20403065403405e-12,-1.12546765652002e-13,-9.24400884886604e-14,-4.42104771032724e-07
640.9812253,0.07946705,1.8735e-07,3.09008333333351e-09,3.08294490464491e-09,-6.98865098873538e-13,-1.52269012343329e-13,-1.12353004837106e-13,-5.37340457916594e-07
651.0818738,0.0807193,1.904335e-07,3.07800000000001e-09,3.0831405171405e-09,6.40993915985904e-13,-1.5173599919355e-13,-1.24799995714145e-13,-5.96869544719824e-07
661.1522748,0.0819678,1.93506e-07,3.08599999999999e-09,3.08422689247688e-09,8.58406458409752e-13,-1.28535012540118e-13,-1.21934185697084e-13,-5.83163496812141e-07
671.2783312,0.0832232,1.966055e-07,3.095e-09,3.08485733005732e-09,5.66046566102077e-14,-9.34417003267381e-14,-9.76189927767335e-14,-4.66873443714812e-07
681.4003546,0.0844781,1.99696e-07,3.0698333333335e-09,3.0843401017901e-09,-4.83716508711147e-13,-5.07745485760086e-14,-6.05110103510702e-14,-2.89400484287727e-07
691.453817,0.0857245,2.02745166666667e-07,3.0715e-09,3.0838898970399e-09,-3.85064935064124e-13,-1.14107134070004e-14,-3.03417675925702e-14,-1.45112801529684e-07
701.5419632,0.0869752,2.05839e-07,3.08758333333301e-09,3.08356997191997e-09,1.78191178219826e-14,-6.40697403399197e-16,-9.57787421607463e-15,-4.58072245116613e-08
711.6276896,0.0882256,2.08920333333333e-07,3.0883333333335e-09,3.08392553527554e-09,9.13975664066981e-14,1.12130700679448e-14,5.86503147503624e-15,2.8050150532782e-08
721.7158358,0.0894763,2.12015666666667e-07,3.09441666666698e-09,3.08375276705278e-09,-2.01535626538621e-13,1.86369141401939e-14,1.52831961141122e-14,7.30935466327105e-08
731.8152744,0.0907284,2.15109166666667e-07,3.08508333333298e-09,3.08352246402247e-09,7.45466245480456e-14,1.07096576590246e-14,2.86020114368014e-14,1.36792228610789e-07
741.9010008,0.0919788,2.18185833333333e-07,3.0729166666665e-09,3.08390186030188e-09,4.40642915657812e-13,3.84816581893077e-14,5.34186677107974e-14,2.55480584703814e-07
751.997213,0.0932305,2.21255e-07,3.08058333333351e-09,3.08440374985378e-09,3.25283725279443e-13,7.85998071575752e-14,8.71794653598217e-14,4.16945269112191e-07
762.0668074,0.0944789,2.24347e-07,3.07650000000002e-09,3.08455242775244e-09,-3.05926056032036e-14,1.08276953567886e-13,1.26636700743432e-13,6.0565378616424e-07
772.1525338,0.0957293,2.27408e-07,3.071e-09,3.08434256464258e-09,-2.57540657536786e-13,1.77568684181417e-13,1.64192649524194e-13,7.8526919337658e-07
782.2479394,0.0969809,2.30489e-07,3.09299999999999e-09,3.08403734643736e-09,-6.03992628987783e-13,2.14923499623553e-13,1.88060770653188e-13,8.99421077036986e-07
792.3441516,0.0982326,2.33594e-07,3.081e-09,3.0831345793846e-09,-5.91932841944855e-14,2.05917753804821e-13,1.89631585382454e-13,9.06933669220432e-07
802.421812,0.099482,2.36651e-07,3.09049999999998e-09,3.08391895986898e-09,1.16175851175299e-12,1.99117274978822e-13,1.77376633638978e-13,8.48323030447286e-07
812.571394233336,0.100740316666667,2.39775e-07,3.1075e-09,3.08545809640811e-09,1.09584649584418e-12,1.50009352616846e-13,1.5790644618177e-13,7.55204742608465e-07
822.6924766,0.1019951,2.42866e-07,3.08708333333353e-09,3.08611065286066e-09,1.03562653557528e-13,9.3761423988518e-14,1.27029383679973e-13,6.07531834991175e-07
832.781563833336,0.103245916666667,2.45949166666667e-07,3.0705e-09,3.08566522171522e-09,-3.08815958826579e-13,7.60174030776595e-14,9.66421171613964e-14,4.62201429902331e-07
842.865408166664,0.104496083333333,2.49007e-07,3.085e-09,3.08549302094301e-09,1.91263016258481e-13,9.03595381949963e-14,7.6600624942552e-14,3.6635081494264e-07
852.9617548,0.1057478,2.52119166666667e-07,3.0935833333335e-09,3.08604774774774e-09,-4.89118989121262e-14,8.1664486617753e-14,6.48818549986291e-14,3.10304523906487e-07
863.066033,0.1070005,2.55194166666667e-07,3.084e-09,3.08539519714519e-09,-2.6422721422587e-13,4.25523717175651e-14,5.89645830188412e-14,2.82004527481414e-07
873.1703112,0.1082532,2.58287166666667e-07,3.08249999999999e-09,3.08551929331929e-09,4.34664209663424e-13,3.85482642703896e-14,4.95780951512292e-14,2.3711262898414e-07
883.2862851,0.10950735,2.61359166666667e-07,3.08491666666648e-09,3.08626452556451e-09,3.85234585233863e-13,5.15041381429223e-14,2.96837738484058e-14,1.41965874927158e-07
893.357896,0.110756,2.64457e-07,3.09425000000002e-09,3.08628976248975e-09,1.97575172587214e-13,2.69541711470762e-14,3.96437524362131e-15,1.89600555129715e-08
903.4883887,0.11201195,2.67547666666667e-07,3.08183333333352e-09,3.08665967590969e-09,3.86814086816813e-13,-1.89002904816737e-14,-1.4799705988212e-14,-7.07812025523183e-08
913.5253158,0.1132563,2.70620666666667e-07,3.078583333333e-09,3.08706339066339e-09,-2.5275242776902e-13,-5.05004865848804e-14,-2.44690345231989e-14,-1.17025817284864e-07
923.678527733336,0.114515066666667,2.73704833333333e-07,3.09066666666648e-09,3.08615417105415e-09,-8.03328653330921e-13,-6.78979222645533e-14,-4.05754701448433e-14,-1.94056596344903e-07
933.7354854,0.1157619,2.76802e-07,3.08391666666701e-09,3.08545673335673e-09,-3.13355563349212e-13,-6.05424575521596e-14,-6.656299412132e-14,-3.1834475449327e-07
943.829143366664,0.117013283333333,2.79872666666667e-07,3.0885e-09,3.08552745992745e-09,-3.1497601498112e-13,-4.3495145029882e-14,-8.81568204764e-14,-4.21619576191478e-07
953.926431033336,0.118265116666667,2.82979e-07,3.0891666666665e-09,3.08482678132676e-09,-3.53650403656104e-13,-6.5507349098387e-14,-1.00171476756147e-13,-4.79080975790268e-07
964.0192824,0.1195164,2.86051e-07,3.09341666666653e-09,3.08482015912014e-09,-9.10026910036712e-14,-1.39669182681844e-13,-1.07236209503088e-13,-5.12868828058247e-07
974.127324733336,0.120769566666667,2.89165833333333e-07,3.08241666666649e-09,3.08464477594476e-09,-3.01269451270054e-13,-1.70735930323838e-13,-1.13819716975044e-13,-5.44355168141515e-07
984.233485,0.1220225,2.92215833333333e-07,3.06674999999998e-09,3.0842176202176e-09,-3.56657306658977e-13,-1.19987616219577e-13,-1.17971291064761e-13,-5.64210522483639e-07
994.324051,0.1232735,2.95299333333333e-07,3.07749999999998e-09,3.08393146133144e-09,-1.50081900087416e-14,-8.10235996894674e-14,-1.14086019954315e-13,-5.45628791085854e-07
1004.38289073334,0.124520566666667,2.98370833333333e-07,3.0908333333335e-09,3.08418760383758e-09,4.74265824268497e-13,-8.25242456952433e-14,-1.00714055522351e-13,-4.81675917715592e-07
1014.49604153334,0.125774366666667,3.01481e-07,3.09408333333351e-09,3.08487999297998e-09,2.51620451628262e-13,-9.21016081320322e-14,-8.16445881583057e-14,-3.90474117278853e-07
1024.6102678,0.1270283,3.04559e-07,3.09000000000001e-09,3.08469084474084e-09,1.68892593906288e-13,-7.67491770041246e-14,-7.18384309525078e-14,-3.43575104555472e-07
1034.6786523,0.12827655,3.07661e-07,3.09433333333352e-09,3.08521777816779e-09,3.38118638127483e-13,-6.62729333462074e-14,-7.58265613240563e-14,-3.62648771549834e-07
1044.805112,0.129532,3.10747666666667e-07,3.07349999999998e-09,3.08536708201709e-09,-5.48274248275663e-13,-7.10441531491574e-14,-7.58912251169516e-14,-3.62958033168029e-07
1054.8815625,0.13078125,3.13808e-07,3.06966666666649e-09,3.08412122967124e-09,-7.97978822986027e-13,-6.17286026013453e-14,-6.2034251273913e-14,-2.96685549570888e-07
1064.98772276666,0.132034183333333,3.16887e-07,3.08600000000003e-09,3.08377112437112e-09,4.95290745275728e-14,-6.06508656125214e-14,-4.23932699543879e-14,-2.02750421520986e-07
1075.0776166,0.1332851,3.1998e-07,3.0864166666665e-09,3.08422028782029e-09,2.78027378037466e-13,-4.64450173556521e-14,-1.90374973312787e-14,-9.10489002800286e-08
1085.16912363334,0.134536216666667,3.23059833333333e-07,3.077e-09,3.0843271791272e-09,2.74350649351237e-13,1.31947555468335e-14,1.19825191779744e-14,5.73077004163993e-08
1095.2486661,0.13578585,3.26134e-07,3.09408333333351e-09,3.08476898911899e-09,4.78413478404421e-13,6.10696289105907e-14,3.77049803574908e-14,1.8032816692713e-07
1105.352541,0.1370385,3.29248e-07,3.09766666666649e-09,3.08528400608401e-09,-5.49286299228169e-14,6.03921799581828e-14,5.0923684623765e-14,2.43548056896267e-07
1115.45628146666,0.138291133333333,3.32329333333333e-07,3.07399999999999e-09,3.08465913185915e-09,-7.09974259959849e-13,7.36136884484004e-14,5.87095816089902e-14,2.80784955521257e-07
1125.52990886666,0.139540033333333,3.35396e-07,3.08083333333349e-09,3.08386405756409e-09,-2.00280800278492e-13,6.56124368875281e-14,5.13311742151554e-14,2.45496920159439e-07
1135.65018463334,0.140794716666667,3.38491e-07,3.085e-09,3.08425857025859e-09,5.96089271083412e-13,2.89818078227472e-15,2.17648961689207e-14,1.04092981677447e-07
1145.7575548,0.1420478,3.41566e-07,3.07599999999999e-09,3.08505623610625e-09,1.35875160867283e-13,-1.21631627611567e-14,-5.60091776777666e-15,-2.67869980198014e-08
1155.83709726666,0.143297433333333,3.44643e-07,3.09099999999999e-09,3.08453032058033e-09,-4.44375219381946e-13,-1.92830894816618e-15,-1.82930304293049e-14,-8.74884064010234e-08
1165.93088966666,0.144548833333333,3.47748e-07,3.11350000000002e-09,3.08416748566749e-09,2.99988299952603e-14,-5.11990068504319e-14,-2.53672555667017e-14,-1.21321657058139e-07
1176.02589196666,0.145800383333333,3.5087e-07,3.08833333333354e-09,3.08459031824032e-09,2.0030420030378e-13,-6.92935336645101e-14,-2.31039956533558e-14,-1.10497370516049e-07
1186.1270782,0.1470527,3.53924666666667e-07,3.056e-09,3.0845680940681e-09,-5.34983034613461e-15,5.89725332101601e-15,-1.88429585744902e-14,-9.01184975301705e-08
1196.2176442,0.1483037,3.56982e-07,3.08466666666648e-09,3.08457961857963e-09,-9.71978471964535e-14,2.7345922568908e-14,-2.3417109957829e-14,-1.11994873711356e-07
1206.3380544,0.1495584,3.60094e-07,3.07666666666649e-09,3.0843736983737e-09,-2.29741429738043e-13,-9.62962912848737e-15,-2.44915062679766e-14,-1.17133290846845e-07
1216.40979973334,0.150807066666667,3.63135333333333e-07,3.07450000000001e-09,3.08412013572015e-09,-1.69486369480317e-13,-2.51291241463039e-14,-1.4260950962809e-14,-6.82045480829996e-08
1226.5014412,0.1520582,3.66243e-07,3.10683333333352e-09,3.08403472563474e-09,2.63378963373657e-13,-5.07792049684205e-14,-7.32177893994176e-16,-3.50172036258084e-09
1236.5811181,0.15330785,3.69349e-07,3.09233333333349e-09,3.0846468936469e-09,6.80551655544312e-13,-2.70453698453908e-14,1.46889506765291e-14,7.0251503235574e-08
1246.7099976,0.1545636,3.72427666666667e-07,3.08549999999997e-09,3.08539582894583e-09,4.53536328536709e-13,3.7253159833273e-14,3.92855220797457e-14,1.87887279511827e-07
1256.80607536666,0.155815283333333,3.7552e-07,3.08150000000001e-09,3.08555396630397e-09,-2.85532935532418e-13,6.78936206916204e-14,4.60687547020663e-14,2.20328826835969e-07
1266.8967758,0.1570663,3.78590666666667e-07,3.06600000000004e-09,3.08482476307477e-09,-7.5443137943049e-13,7.10287554570753e-14,-1.10580832087755e-16,-5.2886484911535e-10
1276.94163446666,0.158311633333333,3.81652e-07,3.07200000000002e-09,3.08404510354511e-09,-4.70238095240795e-13,1.93211775569546e-14,-7.77159933085838e-14,-3.71685185388879e-07
1287.0730682,0.1595677,3.84734666666667e-07,3.09199999999999e-09,3.08388428688428e-09,-5.80098280100059e-13,-1.10688081837841e-13,-1.44059535804668e-13,-6.88980388631021e-07
1297.1587946,0.1608181,3.87836e-07,3.10516666666649e-09,3.08288490698491e-09,-2.65894465892016e-13,-3.06454109815504e-13,-1.89786242673136e-13,-9.07673334523694e-07
1307.2517804,0.1620694,3.90945e-07,3.082e-09,3.0833524979525e-09,1.00518603018266e-12,-4.13899860712535e-13,-2.29355832015723e-13,-1.09691919659694e-06
1317.34140536666,0.163320283333333,3.94e-07,3.07750000000001e-09,3.08489527904527e-09,2.98443898438915e-13,-2.58983566103626e-13,-2.55545149758712e-13,-1.22217245536775e-06
1327.4442048,0.1645728,3.971e-07,3.09950000000001e-09,3.08394938574938e-09,-5.89355914358642e-13,-5.69715310262886e-14,-2.45773356837321e-13,-1.1754377935698e-06
1337.5581622,0.1658267,4.00199e-07,3.07849999999998e-09,3.08371656721656e-09,6.58450333449117e-13,-9.55211283372678e-14,-1.9547350854535e-13,-9.3487330173863e-07
1347.61014583334,0.167072916666667,4.03257e-07,3.06349999999997e-09,3.08526628641628e-09,3.64358839364241e-13,-2.06373697183624e-13,-1.11605679895932e-13,-5.33766295154457e-07
1357.74184843334,0.168329016666667,4.06326e-07,3.08399999999998e-09,3.08444528489529e-09,-1.40025447524553e-12,-1.25660733007599e-13,-1.36339644017997e-14,-6.52059167042594e-08
1367.8169546,0.1695781,4.09425e-07,3.08950000000002e-09,3.08246577746579e-09,-5.33263133260736e-13,5.06953903390881e-14,8.41847491159586e-14,4.0262271316328e-07
1377.9171998,0.1708303,4.12505e-07,3.09500000000004e-09,3.08337875862876e-09,8.74765999755766e-13,2.09457897062367e-13,2.02188687256452e-13,9.66989373835205e-07
1387.981148,0.172078,4.15615e-07,3.10749999999999e-09,3.0842153094653e-09,8.88501813487947e-13,3.84058535293985e-13,3.51361321339216e-13,1.68042371075277e-06
1398.0902658,0.1733313,4.1872e-07,3.08599999999995e-09,3.08515576225574e-09,4.00222300216678e-13,5.30108170900073e-13,4.86635947921915e-13,2.32738931614829e-06
1408.2018034,0.1745849,4.21787e-07,3.05858333333351e-09,3.08501575406573e-09,-1.32012109511668e-12,5.88393593732902e-13,5.56357689891662e-13,2.66084112556882e-06
1418.2786572,0.1758342,4.24837166666667e-07,3.06300000000006e-09,3.08251552006551e-09,-1.98471978471008e-12,5.81219022125041e-13,5.68764100086125e-13,2.72017613084668e-06
1428.3643836,0.1770846,4.27913e-07,3.07316666666648e-09,3.08104631449631e-09,-1.37187317187123e-12,5.43337238402667e-13,5.40554656238056e-13,2.5852613993994e-06
1438.43868316666,0.178333583333333,4.309835e-07,3.08199999999998e-09,3.07977177372176e-09,-9.24046449043582e-13,4.49552489131491e-13,4.58366952347355e-13,2.19218977209605e-06
1448.5479354,0.1795869,4.34077e-07,3.10325000000003e-09,3.07919822159822e-09,7.07818532832124e-13,3.09372399504372e-13,3.3769249600044e-13,1.61505106782819e-06
1458.65544,0.18084,4.3719e-07,3.10099999999997e-09,3.08118741078743e-09,2.59493096993578e-12,2.16450749091056e-13,1.97646861168135e-13,9.45267596891081e-07
1468.741973,0.1820905,4.40279e-07,3.10216666666648e-09,3.08438808353809e-09,4.38005733004441e-12,8.08270657791084e-14,4.0444334592711e-14,1.93429426312966e-07
1478.8341522,0.1833417,4.43394333333333e-07,3.07375000000004e-09,3.08994752544752e-09,3.83724406223246e-12,-1.53283173176277e-13,-1.13808064097329e-13,-5.44299436987226e-07
1488.9303644,0.1845934,4.464265e-07,3.04533333333349e-09,3.09206257166256e-09,-1.10682403182007e-12,-3.04205569409766e-13,-2.67664075988028e-13,-1.28013253733405e-06
1499.009638,0.185843,4.49485e-07,3.08825000000002e-09,3.08773387738388e-09,-3.25871065869808e-12,-4.45037578022555e-13,-4.40721800547046e-13,-2.10779991565979e-06
1509.140534,0.187099,4.52603e-07,3.08775000000003e-09,3.08554515034516e-09,1.38887621388464e-12,-6.03938661918838e-13,-6.21541066126522e-13,-2.97258770756163e-06
1519.2020624,0.1883464,4.556605e-07,3.07324999999997e-09,3.09051162981165e-09,4.21450801450324e-12,-7.15696237553249e-13,-7.90432872359884e-13,-3.78033112867771e-06
1529.26708606666,0.189594233333333,4.587495e-07,3.11075000000003e-09,3.09397416637417e-09,5.30838305829484e-13,-9.51977174464205e-13,-9.45492716229106e-13,-4.52192168631312e-06
1539.3912604,0.1908494,4.61882e-07,3.10966666666651e-09,3.0915733064233e-09,-2.23622031122536e-12,-1.18150512190714e-12,-1.087310214488e-12,-5.20017928668174e-06
1549.5157036,0.1921046,4.64968833333333e-07,3.06841666666648e-09,3.08950172575172e-09,-2.73974201474212e-12,-1.24821909169198e-12,-1.21184870424676e-12,-5.79579815074537e-06
1559.59309513334,0.193353966666667,4.68018833333333e-07,3.05458333333348e-09,3.08609382239382e-09,-4.34668889668027e-12,-1.34214204339818e-12,-1.33634022698957e-12,-6.39119238995012e-06
1569.67761163334,0.194604216666667,4.71078e-07,3.03683333333349e-09,3.08080834795836e-09,-4.99791739791698e-12,-1.45013682935745e-12,-1.47751892162019e-12,-7.06639484253134e-06
1579.7890148,0.1958578,4.740925e-07,3.09108333333353e-09,3.07609798759799e-09,-3.65993915994423e-12,-1.53278286544217e-12,-1.64051786378407e-12,-7.84595500070642e-06
1589.89557836666,0.197110783333333,4.77260166666667e-07,3.14650000000001e-09,3.07348846963847e-09,-2.28337135837288e-12,-1.74259740793725e-12,-1.84173346614584e-12,-8.80829049026271e-06
1599.9862788,0.1983618,4.803855e-07,3.13316666666649e-09,3.07153124488124e-09,-2.0514508014506e-12,-2.02697737610434e-12,-2.06944509012843e-12,-9.89734608322293e-06
1610.0720052,0.1996122,4.835265e-07,3.13858333333352e-09,3.06938556803557e-09,-1.77246987245984e-12,-2.26700014718529e-12,-2.25031508179494e-12,-1.07623764781497e-05
1620.164991,0.2008635,4.86662666666667e-07,3.1144166666665e-09,3.06798630513632e-09,-1.51461038960826e-12,-2.42904312528314e-12,-2.29747623090416e-12,-1.09879297999764e-05
1630.28365356666,0.202117983333333,4.89755333333333e-07,3.054583333333e-09,3.06635634725635e-09,-2.83630513631476e-12,-2.39410638316707e-12,-2.18807193070259e-12,-1.04646918424906e-05
1640.3646748,0.2033678,4.92771833333333e-07,3.0323333333335e-09,3.06231369486369e-09,-2.55465660466805e-12,-2.12968656411824e-12,-1.97985835506509e-12,-9.46888778509391e-06
1650.4633068,0.2046198,4.9582e-07,2.97041666666698e-09,3.06124703404702e-09,-1.09038259048657e-13,-1.61773617545405e-12,-1.71481050822059e-12,-8.20126764801152e-06
1660.57390336666,0.205873283333333,4.98712666666667e-07,3.00308333333349e-09,3.06209561834559e-09,-3.79077454074341e-13,-1.01551458593983e-12,-1.36128120809159e-12,-6.51047534304673e-06
1670.64551426666,0.207121933333333,5.01826166666667e-07,3.14616666666648e-09,3.06048887913887e-09,-9.52357552345529e-13,-7.63742344223831e-13,-9.22710620549385e-13,-4.4129638374101e-06
1680.740651,0.2083735,5.05005e-07,3.13758333333302e-09,3.0601909032409e-09,-1.40754650753979e-12,-7.39423081826778e-13,-4.49919506036589e-13,-2.15178894191412e-06
1690.81642933334,0.209622666666667,5.08101333333333e-07,2.94016666666651e-09,3.05767378612379e-09,-1.20830993331162e-12,-2.88024831661054e-13,4.09023210176084e-14,1.95619796171171e-07
1700.921783,0.2108755,5.10885333333333e-07,2.91458333333353e-09,3.05777428337428e-09,2.08437463437894e-12,5.5972714537995e-13,5.30116206764219e-13,2.5353383801767e-06
1711.016382,0.212127,5.139305e-07,3.04325000000004e-09,3.06184253539255e-09,8.38697788708789e-13,1.17695741462785e-12,9.95894432813392e-13,4.76297337432492e-06
1721.07199533334,0.213373666666667,5.16971833333333e-07,3.03508333333347e-09,3.0594516789517e-09,-2.15368550368559e-12,1.56584753792455e-12,1.43632884242196e-12,6.86939881158329e-06
1731.116854,0.214619,5.20000666666667e-07,3.07199999999994e-09,3.05753516438517e-09,2.72025271918529e-14,1.92022363100195e-12,1.80155455586573e-12,8.61613048457523e-06
1741.239684,0.215874,5.23115833333333e-07,3.14733333333302e-09,3.05950608400608e-09,1.20280507779524e-12,2.05116190992976e-12,2.01805321559382e-12,9.65155885718783e-06
1751.38133466666,0.217131333333333,5.26295333333333e-07,3.1395833333335e-09,3.05994077454077e-09,1.03471100971336e-12,2.01483312576152e-12,2.11068856635188e-12,1.00945974912481e-05
1761.461146,0.218381,5.29395e-07,3.07208333333348e-09,3.06157550602551e-09,3.11142213643683e-12,2.06153720392326e-12,2.17457649202626e-12,1.04001484401256e-05
1771.52482533334,0.219628666666667,5.324395e-07,3.05433333333358e-09,3.06616361881364e-09,5.20878963379516e-12,2.19064518213563e-12,2.22311304012736e-12,1.06322797571309e-05
1781.61808,0.22088,5.35503666666667e-07,3.06266666666645e-09,3.0719930852931e-09,6.13720018720202e-12,2.25482736302171e-12,2.2332825061397e-12,1.06809163337116e-05
1791.716712,0.222132,5.38564833333333e-07,3.05033333333294e-09,3.07843801918804e-09,6.30740318241233e-12,2.2643692784066e-12,2.22974730269601e-12,1.06640088389809e-05
1801.815344,0.223384,5.41604333333333e-07,3.08033333333355e-09,3.08460789165792e-09,4.91144261142961e-12,2.27452459842317e-12,2.20494147447943e-12,1.05453722692494e-05
1811.938174,0.224639,5.447255e-07,3.15533333333351e-09,3.0882609044109e-09,2.97698900197222e-12,2.1464417800394e-12,2.13861052877634e-12,1.0228137311539e-05
1821.738364,0.225854,5.47915e-07,3.11258333333349e-09,3.09056186966187e-09,3.96914121921649e-13,1.93475556133411e-12,2.02622559597233e-12,9.69064415465027e-06
1832.07763166666,0.227135833333333,5.50950666666667e-07,3.04508333333353e-09,3.08905473265475e-09,-1.22798350296731e-12,1.82922837786104e-12,1.85356682518325e-12,8.8648848160938e-06
1842.145344,0.228384,5.54005166666667e-07,3.06424999999999e-09,3.08810590265593e-09,2.55485550486428e-12,1.70231790331954e-12,1.65518558455698e-12,7.91610496962034e-06
1852.227844,0.229634,5.57079166666667e-07,3.07341666666648e-09,3.09416444366447e-09,6.28274833273554e-12,1.50881354098967e-12,1.45466878638738e-12,6.95711158707008e-06
1862.294212,0.230882,5.60152e-07,3.13750000000005e-09,3.1006713993214e-09,1.74664209662434e-12,1.18892650462338e-12,1.21751871072585e-12,5.82291557303667e-06
1872.304118,0.232123,5.63354166666667e-07,3.0725833333335e-09,3.09765772785772e-09,-4.3561717561711e-12,8.18097013218072e-13,9.29702830175175e-13,4.44640483996823e-06
1882.531806,0.233391,5.66297166666667e-07,3.01416666666649e-09,3.09195905580906e-09,-3.13701298700748e-12,6.75227941606079e-13,5.96469178070576e-13,2.85267867772884e-06
1892.59145233334,0.234638166666667,5.693825e-07,3.18058333333299e-09,3.09138370188371e-09,-1.50366795366917e-12,3.56429085999267e-13,2.16582629440054e-13,1.03582996688721e-06
1902.63496666666,0.235883333333333,5.72658333333333e-07,3.15991666666649e-09,3.08895171990172e-09,-2.47545922546242e-12,-2.43230432776653e-13,-2.00990528337656e-13,-9.61259048571398e-07
1912.68385833334,0.237129166666667,5.75702333333333e-07,3.061416666667e-09,3.08643278343278e-09,-3.13370188383448e-13,-6.35254656976108e-13,-6.26542799056588e-13,-2.99650903896629e-06
1922.724684,0.238374,5.78781166666667e-07,3.06666666666699e-09,3.08832497952496e-09,1.71336726335867e-12,-9.84632034427982e-13,-1.05135065318246e-12,-5.02819877609003e-06
1932.807184,0.239624,5.81835666666667e-07,3.08925000000004e-09,3.0898595179595e-09,-3.54802854745654e-14,-1.4675896440009e-12,-1.44026748122567e-12,-6.88823577977494e-06
1942.970344,0.240884,5.84959666666667e-07,3.09158333333302e-09,3.08825401895401e-09,-1.92080262079664e-12,-1.78364774476356e-12,-1.69500032342865e-12,-8.10652328596311e-06
1953.004448,0.242128,5.88018833333333e-07,3.06875000000001e-09,3.08601791271791e-09,-1.53080905580868e-12,-1.90111823939911e-12,-1.78986483019608e-12,-8.56022310093777e-06
1963.095014,0.243379,5.91097166666667e-07,3.07699999999997e-09,3.08519240084239e-09,-1.15938633439378e-12,-1.91334294344166e-12,-1.77685806850842e-12,-8.49801684938809e-06
1973.14525,0.244625,5.94172833333333e-07,3.075583333333e-09,3.08369914004912e-09,-2.10282555282372e-12,-1.71269962842012e-12,-1.69475128624041e-12,-8.10533223854109e-06
1983.179354,0.245869,5.97248333333333e-07,3.07941666666702e-09,3.08098674973674e-09,-1.61933426932621e-12,-1.4358285973739e-12,-1.58770743674093e-12,-7.5933833931088e-06
1993.277986,0.247121,6.00331666666667e-07,3.08283333333346e-09,3.08046047151047e-09,-7.75950625946205e-13,-1.27150592045657e-12,-1.48558848103685e-12,-7.10498838756754e-06
2003.400816,0.248376,6.03414e-07,3.09249999999997e-09,3.07943484848485e-09,-1.83181233180455e-12,-1.28443072708081e-12,-1.37739310076598e-12,-6.58753222105469e-06
2013.483316,0.249626,6.06516666666667e-07,3.09066666666648e-09,3.07679684684686e-09,-2.56917339416808e-12,-1.4386828088629e-12,-1.27331161762729e-12,-6.08975121473921e-06
2023.525486,0.250871,6.09595333333333e-07,3.07041666666651e-09,3.07429650169651e-09,-2.78295015794887e-12,-1.42579425523117e-12,-1.18591447753551e-12,-5.67176489256113e-06
2033.57841066666,0.252117333333333,6.126575e-07,3.06733333333357e-09,3.07123094653096e-09,-1.4526354276322e-12,-1.13846947543215e-12,-1.09967912871079e-12,-5.25933496339943e-06
2043.658222,0.253367,6.1573e-07,3.07925000000003e-09,3.07139123084125e-09,-9.95401895396567e-13,-8.85020759615203e-13,-1.03705752150238e-12,-4.95984032022877e-06
2053.70173633334,0.254612166666667,6.18816e-07,3.07141666666648e-09,3.06924014274017e-09,-3.73044928045325e-12,-8.532494959116e-13,-1.01439184550125e-12,-4.85143926109293e-06
2063.78961366666,0.255862833333333,6.21872833333333e-07,3.04424999999997e-09,3.06393033228034e-09,-1.31647654149746e-12,-8.90829297772964e-13,-1.01688769454059e-12,-4.86337593041152e-06
2074.13829166666,0.257145833333333,6.249045e-07,3.05683333333349e-09,3.06660718965717e-09,2.03084708082513e-12,-1.03009152969578e-12,-1.05170331780793e-12,-5.02988543299445e-06
2084.24902266666,0.258399333333333,6.279865e-07,3.08275000000002e-09,3.06799202644199e-09,-8.74757224756235e-13,-1.29303377812621e-12,-1.10497421318056e-12,-5.28465928042876e-06
2094.28984833334,0.259644166666667,6.3107e-07,3.0590833333335e-09,3.06485767520766e-09,-8.90704340685892e-13,-1.30748966495556e-12,-1.11524678940171e-12,-5.33378899279079e-06
2104.36159366666,0.260892833333333,6.34104666666667e-07,3.07225e-09,3.06621061776062e-09,2.48276295777956e-12,-1.04643603188088e-12,-1.04005299647027e-12,-4.97416650485781e-06
2114.43468333334,0.262141666666667,6.372145e-07,3.084e-09,3.06982320112322e-09,1.77332104832465e-12,-8.22363595585085e-13,-8.99010530561705e-13,-4.29961558094728e-06
2124.49701833334,0.263389166666667,6.40272666666667e-07,3.07558333333353e-09,3.06975725985727e-09,7.14973089969887e-13,-6.75997959870794e-13,-7.15879954466167e-13,-3.42377369527297e-06
2134.62522566666,0.264644833333333,6.43365666666667e-07,3.03775e-09,3.07125314730316e-09,1.04799637299695e-12,-4.96262230035297e-13,-5.21157791871098e-13,-2.4924937872096e-06
2144.87173433334,0.265915166666667,6.46348166666667e-07,3.01916666666647e-09,3.07185325260326e-09,-2.01757049258408e-12,-3.19050909344014e-13,-3.69505072090432e-13,-1.76719817086728e-06
2154.900461,0.2671585,6.49404e-07,3.06216666666649e-09,3.06721800631799e-09,-4.28391540892654e-12,-2.51456683285053e-13,-2.56134533109576e-13,-1.22499124530667e-06
2164.98833833334,0.268409166666667,6.524725e-07,3.09775000000001e-09,3.06328542178541e-09,-3.21388791388378e-12,-1.9594399731393e-13,-1.48620072512636e-13,-7.1079165114739e-07
2174.69711366666,0.269612833333333,6.555995e-07,3.08674999999997e-09,3.06079023049022e-09,-1.42719082718801e-12,-8.18230692123592e-14,-4.65213810338585e-14,-2.2249356146628e-07
2185.107631,0.2709035,6.58646e-07,3.05550000000001e-09,3.06043104013104e-09,4.33760383762139e-13,3.08980584426897e-14,4.9121610744336e-14,2.34929442690303e-07
2195.315154,0.272169,6.617105e-07,3.05950000000002e-09,3.06165775125775e-09,1.21934304433844e-12,1.4709261546922e-13,1.22166692049958e-13,5.8427548371719e-07
2205.75121366666,0.273462833333333,6.64765e-07,3.07691666666647e-09,3.06286972621971e-09,5.76471276470384e-13,2.10124298558757e-13,1.64919801617519e-13,7.88746877301178e-07
2215.84581266666,0.274714333333333,6.67864333333333e-07,3.07391666666655e-09,3.06281069381069e-09,-1.62083479582695e-12,2.35825357593181e-13,1.93975116537614e-13,9.27707079092937e-07
2225.90814766666,0.275961833333333,6.70912833333333e-07,3.06999999999999e-09,3.05962805662806e-09,-3.0053322803331e-12,2.44712877443526e-13,1.99888822095893e-13,9.55990018719488e-07
2236.024256,0.277216,6.74004333333333e-07,3.07483333333345e-09,3.05680002925002e-09,-1.25787995788939e-12,1.29068292424237e-13,1.75918561671178e-13,8.41349642775199e-07
2246.07180333334,0.278461666666667,6.770625e-07,3.059416666667e-09,3.05711229671228e-09,2.86097168596977e-12,1.13442658835169e-13,1.7012574036536e-13,8.13644845225635e-07
2256.17043533334,0.279713666666667,6.80123166666667e-07,3.0975833333335e-09,3.06252197262196e-09,5.92855972856213e-12,2.64484732346665e-13,2.18970025589197e-13,1.04724794847007e-06
2266.328218,0.280973,6.83257666666667e-07,3.12616666666656e-09,3.0689694161694e-09,3.66344331344357e-12,2.80096880325915e-13,3.17410881883956e-13,1.51805204379283e-06
2276.418784,0.282224,6.863755e-07,3.02549999999998e-09,3.06984885924885e-09,3.7958640458873e-13,3.57175453317808e-13,4.8648610415938e-13,2.3266726720666e-06
2286.541614,0.283479,6.89308666666667e-07,2.97716666666647e-09,3.06972858897858e-09,1.08108108114245e-13,7.11674741893156e-13,7.23670464953185e-13,3.46103265847175e-06
2296.616048,0.284728,6.92329833333333e-07,3.05566666666652e-09,3.07006507546508e-09,8.13297063401228e-14,9.85435396491577e-13,9.58509367385349e-13,4.58417523532123e-06
2306.698548,0.285978,6.9542e-07,2.98674999999997e-09,3.06989124839126e-09,-5.84430209421346e-13,1.15880742323004e-12,1.15253228125928e-12,5.51211091037047e-06
2316.84019866666,0.287235333333333,6.98303333333333e-07,2.99666666666654e-09,3.06889621504623e-09,-4.15835965836598e-13,1.41922340032953e-12,1.30691474408806e-12,6.25046181955159e-06
2326.99394833334,0.288494166666667,7.01413333333333e-07,3.11833333333354e-09,3.06905957645959e-09,1.05627120626438e-12,1.49287075207883e-12,1.38293853170906e-12,6.6140538473042e-06
2337.099302,0.289747,7.0454e-07,3.12583333333349e-09,3.07100875745876e-09,1.91221188721067e-12,1.35671252504528e-12,1.36729490068385e-12,6.53923648153146e-06
2347.15625966666,0.290993833333333,7.07665e-07,3.11583333333347e-09,3.07288400023401e-09,1.71723119222941e-12,1.24201860765892e-12,1.32218628324382e-12,6.32349961551392e-06
2357.240104,0.292244,7.10771666666667e-07,3.09249999999997e-09,3.07444321984322e-09,7.80174330169329e-13,1.17753194721228e-12,1.26005948469289e-12,6.02637144853121e-06
2367.346802,0.293497,7.1385e-07,3.06416666666649e-09,3.07444434889435e-09,-5.74295074288608e-13,1.10236158391297e-12,1.147048486453e-12,5.48588406564478e-06
2377.41317,0.294745,7.169e-07,3.04500000000004e-09,3.07329462969464e-09,-4.34740259730772e-13,1.02941817862315e-12,9.83761317435249e-13,4.70494543121206e-06
2387.50239166666,0.295995833333333,7.1994e-07,3.07000000000004e-09,3.07357486837489e-09,1.26446413946146e-12,9.74709869893991e-13,7.80440402676645e-13,3.73254105627961e-06
2397.674962,0.297257,7.2304e-07,3.17216666666651e-09,3.07582355797357e-09,2.20032175030945e-12,7.42653285040323e-13,5.84183845816671e-13,2.79392274086234e-06
2407.67949066666,0.298497333333333,7.26284333333333e-07,3.19024999999997e-09,3.07797551187551e-09,2.19320814319687e-12,3.36643036462657e-13,4.48097111148492e-13,2.1430731402754e-06
2417.75795766666,0.299746833333333,7.294205e-07,3.10858333333343e-09,3.08020997425996e-09,1.96245173745402e-12,5.86148091672747e-14,3.779248953117e-13,1.80746689062117e-06
2427.833736,0.300996,7.325015e-07,2.98975e-09,3.08190041535041e-09,1.83777056278232e-12,1.39086309371592e-13,3.6014378422342e-13,1.72242679411201e-06
2437.98883,0.302255,7.354e-07,2.96425000000003e-09,3.08388551538553e-09,2.60980460980992e-12,5.01786612730001e-13,3.88900088730473e-13,1.85995694610226e-06
2448.063264,0.303504,7.3843e-07,3.0533333333335e-09,3.08712002457003e-09,1.14399789399784e-12,7.14836035361528e-13,4.59210904683503e-13,2.19622606587762e-06
2458.250622,0.304767,7.41506666666667e-07,3.09000000000001e-09,3.08617351117352e-09,-2.16492336492619e-12,6.45074031627887e-13,5.26500164863374e-13,2.51804426673788e-06
2468.304891,0.3060135,7.4461e-07,3.10166666666652e-09,3.08279017784018e-09,-1.13773253773954e-12,5.17777461834238e-13,5.36194067692476e-13,2.56440641070315e-06
2478.383358,0.307263,7.4771e-07,3.11999999999999e-09,3.08389804609804e-09,1.15499590490391e-13,4.14891860721833e-13,4.71754702424583e-13,2.25621814203061e-06
2488.490056,0.308516,7.5085e-07,3.10999999999998e-09,3.08302117702116e-09,-1.75957060958181e-12,3.0632584335512e-13,3.6679289961252e-13,1.75422691119031e-06
2498.548358,0.309763,7.5393e-07,3.05500000000005e-09,3.08037890487888e-09,-1.23034398034024e-12,2.26786625256867e-13,2.87023673121388e-13,1.37272191492838e-06
2508.638924,0.311014,7.5696e-07,3.04000000000001e-09,3.08056048906048e-09,1.28963378979447e-13,2.32804578840336e-13,2.45365742783366e-13,1.17348833505088e-06
2518.818216,0.312276,7.6001e-07,3.07499999999997e-09,3.08063683163684e-09,-6.93225693216768e-13,2.45731971869658e-13,2.03045426940814e-13,9.71086824499545e-07
2528.89265,0.313525,7.6311e-07,3.0783333333335e-09,3.07917403767405e-09,-1.30226980226616e-12,2.03956065943135e-13,1.4707005120237e-13,7.03378505750465e-07
2538.97515,0.314775,7.66166666666667e-07,3.08583333333349e-09,3.07803229203231e-09,2.18292968291159e-13,1.38896521137356e-13,8.78981085073487e-14,4.20382258078624e-07
2549.049584,0.316024,7.69281666666667e-07,3.12083333333303e-09,3.07961062361063e-09,1.08359658359153e-12,2.77435198914789e-14,2.76304762961949e-14,1.32145756199193e-07
2559.14015,0.317275,7.72408333333333e-07,3.115833333333e-09,3.08019948519949e-09,1.64853164854052e-13,-9.96547149537396e-14,-3.059750159499e-14,-1.4633587719343e-07
2569.206518,0.318523,7.75513333333333e-07,3.07249999999995e-09,3.07994032994034e-09,1.94336609336391e-12,-1.22780936929621e-13,-6.99745460788656e-14,-3.34660872551096e-07
2579.289018,0.319773,7.78553333333333e-07,3.06833333333349e-09,3.08408621738622e-09,4.50619223118674e-12,-6.51319068503381e-14,-6.87366409465381e-14,-3.28740456700834e-07
2589.452178,0.321033,7.8165e-07,3.06833333333354e-09,3.08895271440271e-09,3.34132736633245e-12,-1.48944411715609e-14,-2.0715812480655e-14,-9.90756249074804e-08
2599.554843,0.3222855,7.8469e-07,3.06000000000003e-09,3.09076887211888e-09,-7.79352404347762e-13,3.48991708681112e-14,4.83105967653729e-14,2.31050680182218e-07
2609.657508,0.323538,7.8777e-07,3.09249999999997e-09,3.08739400959402e-09,-4.17366034866032e-12,1.06308356786255e-13,1.11141809928404e-13,5.31547786614106e-07
2619.71581,0.324785,7.90875e-07,3.10999999999998e-09,3.08242155142156e-09,-2.93334503334243e-12,2.14697954075728e-13,1.61615237612718e-13,7.72942440756477e-07
2629.80906466666,0.326036333333333,7.9399e-07,3.11750000000003e-09,3.08152731952733e-09,3.28419328421502e-13,2.61017484187842e-13,1.99227225977307e-13,9.52825863369729e-07
2639.888876,0.327286,7.9711e-07,3.11500000000001e-09,3.0830783900784e-09,1.51684801684672e-12,1.81827700963037e-13,2.24964670332079e-13,1.07591798854473e-06
2650.052036,0.328546,8.0022e-07,3.07500000000002e-09,3.08456101556103e-09,1.09749034748649e-12,1.72300127845981e-13,2.43323908297854e-13,1.16372303968539e-06
2660.150668,0.329798,8.0326e-07,3.02583333333353e-09,3.08527337077338e-09,4.72095472091854e-13,2.4716980987883e-13,2.4797666621286e-13,1.18597536014846e-06
2670.22644633334,0.331047166666667,8.06271666666667e-07,3.03583333333349e-09,3.08550520650521e-09,-4.26728676728651e-13,2.38028079040406e-13,2.13887858962229e-13,1.02294193416718e-06
2680.307602,0.332297,8.09331666666667e-07,3.07666666666647e-09,3.08441991341992e-09,-1.35696735696462e-12,1.96061198656418e-13,1.47257937886159e-13,7.04277094238152e-07
2690.365904,0.333544,8.12425e-07,3.09916666666651e-09,3.08279127179128e-09,-7.60442260445147e-13,1.58500647811781e-13,7.54176169653379e-14,3.6069295070379e-07
2700.440338,0.334793,8.1553e-07,3.14750000000006e-09,3.08289902889903e-09,6.31127881127742e-13,1.71945306201018e-14,-1.16030061459095e-14,-5.54926380891324e-08
2710.643828,0.336058,8.1872e-07,3.13999999999996e-09,3.08405352755354e-09,6.0415935417243e-13,-1.97867887443372e-13,-1.03933774233457e-13,-4.97074572420881e-07
2720.685998,0.337303,8.2181e-07,3.04999999999997e-09,3.08410734760737e-09,3.20638820646634e-13,-2.47792666922819e-13,-1.59062769818116e-13,-7.60734986086642e-07
2730.808828,0.338558,8.2482e-07,3.03333333333347e-09,3.08469480519483e-09,6.61196911183356e-13,-1.4694310192824e-13,-1.53021415945411e-13,-7.31841554521531e-07
2740.875196,0.339806,8.27876666666667e-07,3.05999999999998e-09,3.08542974142974e-09,-3.47490347684371e-14,-1.08557090411215e-13,-8.16247349137376e-14,-3.90379166978745e-07
2750.98996,0.34106,8.3094e-07,3.06500000000006e-09,3.08462530712529e-09,-7.55996256001952e-13,-3.65518808878523e-14,2.65461920833431e-14,1.2696004909425e-07
2761.03213,0.342305,8.34006666666667e-07,3.09499999999999e-09,3.08391774891774e-09,-2.26424476420321e-13,1.43609104743135e-13,1.17912493764224e-13,5.6392931800281e-07
2771.122696,0.343556,8.3713e-07,3.11166666666648e-09,3.08417245817245e-09,3.63870363905144e-14,2.99166910912016e-13,1.59245850489051e-13,7.61610589295461e-07
2781.27241266666,0.344814333333333,8.4023e-07,3.11500000000001e-09,3.08399052299052e-09,-1.07610857611776e-13,2.94335349192227e-13,1.64717876470813e-13,7.87781148338671e-07
2791.37104466666,0.346066333333333,8.4336e-07,3.10499999999995e-09,3.08395723645723e-09,4.75576225573148e-13,1.19669125393123e-13,1.57795098826453e-13,7.54672211778688e-07
2801.458922,0.347317,8.4644e-07,3.08000000000005e-09,3.08494167544166e-09,1.24110799110531e-12,-1.30148811092568e-14,1.32495906133882e-13,6.33676072814218e-07
2811.533356,0.348566,8.4952e-07,3.05000000000002e-09,3.08643945243944e-09,1.03024453024568e-12,1.80842756481695e-14,9.1728282771652e-14,4.38700482820944e-07
2821.611823,0.3498155,8.5254e-07,3.05749999999996e-09,3.08700216450216e-09,9.99765999782585e-14,9.00958066278009e-14,5.52775910026749e-14,2.64371087404097e-07
2831.69029,0.351065,8.55635e-07,3.10000000000007e-09,3.08663940563939e-09,-9.18187668183887e-13,1.12120306592177e-13,3.75270209997486e-14,1.79477056955319e-07
2841.845384,0.352324,8.5874e-07,3.11750000000003e-09,3.08516578916579e-09,-1.46048321046744e-12,9.30248094868314e-14,4.58569344497101e-14,2.19315773455135e-07
2851.968214,0.353579,8.6187e-07,3.09999999999997e-09,3.08371843921846e-09,-9.89440739437637e-13,4.55604944196748e-14,6.01119446852728e-14,2.87491909364348e-07
2862.026516,0.354826,8.6494e-07,3.08999999999996e-09,3.08318690768691e-09,-9.07043407208019e-14,-8.25551018603743e-15,5.97575463587276e-14,2.85796960846088e-07
2872.117082,0.356077,8.6805e-07,3.07583333333348e-09,3.08353703053702e-09,1.57391482390399e-12,-4.52435427903658e-15,5.6529759077741e-14,2.70359717328327e-07
2882.191516,0.357326,8.71091666666667e-07,3.04500000000004e-09,3.08633473733472e-09,2.94951444951573e-12,8.77102588398775e-14,5.65753152851814e-14,2.70577594842172e-07
2892.282082,0.358577,8.7414e-07,3.06916666666647e-09,3.08943605943605e-09,8.88937638945515e-13,1.23876592515126e-13,4.99669610398529e-14,2.38972422364514e-07
2902.336351,0.3598235,8.7723e-07,3.09666666666644e-09,3.08811261261261e-09,-1.84825084824871e-12,6.61458888395321e-14,3.80013224077125e-14,1.81745454993408e-07
2912.531775,0.3610875,8.80333333333333e-07,3.10250000000009e-09,3.08573955773955e-09,-1.77269802269931e-12,1.90564607916184e-14,2.47664849538194e-14,1.18448406300875e-07
2922.626374,0.362339,8.83435e-07,3.1033333333335e-09,3.08456721656721e-09,-9.40914940910395e-13,-3.74423248763338e-14,2.93304312879482e-16,1.4027597572497e-09
2932.692742,0.363587,8.8654e-07,3.09749999999995e-09,3.08385772785773e-09,-1.56019656016922e-13,-8.71532146721676e-14,-3.83339251355883e-14,-1.83336163691944e-07
2942.77255333334,0.364836666666667,8.8963e-07,3.07000000000004e-09,3.08425517725518e-09,4.45273195270861e-13,-6.16141712320781e-14,-6.91111524606614e-14,-3.30531598724902e-07
2952.857742,0.366087,8.9268e-07,3.05999999999998e-09,3.08474827424827e-09,6.42535392538282e-13,-3.45427014073211e-14,-8.22337552021827e-14,-3.93291872706091e-07
2962.916044,0.367334,8.9575e-07,3.08250000000002e-09,3.08554024804026e-09,7.34438984438501e-13,-8.02767186221769e-14,-8.89252421167806e-14,-4.2529463621069e-07
2973.095336,0.368596,8.98845e-07,3.08e-09,3.08621715221715e-09,9.49163449094652e-14,-1.30698984736743e-13,-9.48488097320727e-14,-4.53624742196869e-07
2983.18455766666,0.369846833333333,9.0191e-07,3.08333333333342e-09,3.08573008073007e-09,-9.97484497483189e-13,-1.26150162692004e-13,-1.07667100306821e-13,-5.14929610163057e-07
2993.25227,0.371095,9.05011666666667e-07,3.11666666666651e-09,3.08422218322218e-09,-7.91330291329377e-13,-1.13664295414105e-13,-1.34750446237608e-13,-6.44458655918995e-07
3003.350902,0.372347,9.08143333333333e-07,3.11000000000003e-09,3.08414742014742e-09,2.32479232471303e-13,-1.43817997592218e-13,-1.73693751628202e-13,-8.30709246917488e-07
3013.44012366666,0.373597833333333,9.11231666666667e-07,3.08e-09,3.08468714168713e-09,9.59459459455501e-13,-1.94030158351366e-13,-2.18699552533108e-13,-1.04595438168008e-06
3023.507836,0.374846,9.14303333333333e-07,3.07083333333297e-09,3.08606633906633e-09,1.00280800281088e-12,-2.42498699097593e-13,-2.547316789532e-13,-1.21828194281965e-06
3033.670996,0.376106,9.17373333333333e-07,3.0783333333335e-09,3.08669275769275e-09,9.97133497152262e-14,-2.96775981488279e-13,-2.68895382913242e-13,-1.28602139654159e-06
3043.761562,0.377357,9.2046e-07,3.07833333333355e-09,3.08626576576576e-09,-1.1297531297461e-12,-3.43269265395865e-13,-2.63002913302673e-13,-1.25784002014322e-06
3053.860194,0.378609,9.2353e-07,3.07833333333355e-09,3.08443325143326e-09,-2.33862758861912e-12,-3.04043417677511e-13,-2.44504344443377e-13,-1.16936860385963e-06
3063.92925066666,0.379857333333333,9.26616666666667e-07,3.07916666666648e-09,3.08158851058852e-09,-1.41897741898203e-12,-1.63742563110357e-13,-2.22681906862604e-13,-1.0650004241255e-06
3074.000996,0.381106,9.29688333333333e-07,3.09666666666644e-09,3.08159529659529e-09,5.13864513854976e-13,-9.50622583111264e-14,-1.99998523191413e-13,-9.56514676132845e-07
3084.099628,0.382358,9.3281e-07,3.09583333333356e-09,3.08261623961623e-09,1.00026325026065e-12,-1.52731295656866e-13,-1.77480036783193e-13,-8.48817567223967e-07
3094.174062,0.383607,9.3588e-07,3.08499999999998e-09,3.08359582309581e-09,9.15233415239203e-13,-2.08869077031765e-13,-1.62071130344096e-13,-7.7512279729785e-07
3104.337222,0.384867,9.3898e-07,3.06999999999994e-09,3.08444670644671e-09,8.26898327002944e-14,-2.1200270894711e-13,-1.58138429469371e-13,-7.56314227896992e-07
3114.419722,0.386117,9.4202e-07,3.06750000000008e-09,3.08376120276121e-09,-1.46238446237943e-12,-1.70702086530101e-13,-1.56193053902964e-13,-7.47010257796784e-07
3124.49684466667,0.387366333333333,9.45115e-07,3.08416666666657e-09,3.08152193752195e-09,-1.68696618699761e-12,-1.26257142436214e-13,-1.41763305092972e-13,-6.7799841566204e-07
3134.584722,0.388617,9.48188333333333e-07,3.08916666666644e-09,3.08038727038722e-09,-4.02304902322532e-13,-9.28169443412429e-14,-1.15323374536531e-13,-5.51546573870366e-07
3144.659156,0.389866,9.51293333333333e-07,3.09083333333342e-09,3.0807173277173e-09,3.96454896508896e-13,-5.58407185265335e-14,-8.85990879358953e-14,-4.23734768389065e-07
3154.749722,0.391117,9.5437e-07,3.09833333333347e-09,3.08118018018024e-09,2.87966538006835e-13,-4.05112843499392e-14,-6.02812773387201e-14,-2.88301761185183e-07
3164.89675,0.392375,9.5749e-07,3.0891666666665e-09,3.08129326079332e-09,3.84228384222177e-13,-5.32896334386192e-14,-1.5475207603745e-14,-7.40118624526935e-08
3174.98193866666,0.393625333333333,9.60548333333333e-07,3.05000000000002e-09,3.08194863694868e-09,8.61413361405387e-13,-1.2275162340729e-14,5.39574674045886e-14,2.58057452804554e-07
3185.053684,0.394874,9.6359e-07,3.069166666667e-09,3.08301608751613e-09,4.47759447759006e-13,8.82845039591734e-14,1.38724651730407e-13,6.63465725667164e-07
3195.160382,0.396127,9.66686666666667e-07,3.07000000000004e-09,3.0828441558442e-09,-4.20937170914231e-13,2.16825278004178e-13,2.10195591420552e-13,1.00528326331568e-06
3205.234816,0.397376,9.6973e-07,3.07416666666661e-09,3.0821742131743e-09,-2.24025974046392e-13,3.39257469372508e-13,2.48202894668894e-13,1.18705732232949e-06
3215.321349,0.3986265,9.72835e-07,3.09250000000003e-09,3.08239610389611e-09,3.82502632433358e-13,3.67202530485693e-13,2.57166007805324e-13,1.2299243851559e-06
3225.399816,0.399876,9.75915e-07,3.11749999999987e-09,3.08293921843917e-09,3.96074646093782e-13,2.87501560033397e-13,2.45553916601587e-13,1.1743882967902e-06
3235.567009,0.4011365,9.7907e-07,3.11250000000005e-09,3.08318825318829e-09,1.89072189114435e-13,1.40533557083601e-13,2.27920613840672e-13,1.09005510967278e-06
3245.64009866666,0.402385333333333,9.8214e-07,3.06333333333351e-09,3.08331736281739e-09,5.05791505779004e-13,7.6190174348536e-14,2.19751747850839e-13,1.05098662015619e-06
3255.727976,0.403636,9.85196666666667e-07,3.05999999999998e-09,3.08419983619985e-09,8.27454077448381e-13,1.66953548980772e-13,2.22757315311705e-13,1.06536107322989e-06
3265.818542,0.404887,9.8826e-07,3.06500000000011e-09,3.08497227097229e-09,5.92722592726093e-13,2.83604002360698e-13,2.30265853005248e-13,1.10127147089466e-06
3275.89566466666,0.406136333333333,9.91326666666667e-07,3.06999999999994e-09,3.0853852813853e-09,-1.21387621389813e-13,3.39886060609635e-13,2.33925054956811e-13,1.11877200196736e-06
3285.96741,0.407385,9.944e-07,3.10666666666645e-09,3.08472949572951e-09,-6.43237393238598e-13,3.15957863203219e-13,2.27819917641869e-13,1.08957351915676e-06
3296.138636,0.408646,9.9754e-07,3.12500000000008e-09,3.08409880659883e-09,-1.99163449164112e-13,1.92937566578753e-13,1.99078050287875e-13,9.52112414420272e-07
3306.237268,0.409898,1.00065e-06,3.09083333333501e-09,3.08433116883118e-09,4.47379197368915e-13,5.68846848210248e-14,1.44515591634671e-13,6.91161525209296e-07
3316.29557,0.411145,1.00372166666667e-06,3.07499999999986e-09,3.08499356499356e-09,8.4471159470006e-13,1.78433781906761e-14,8.8831546124719e-14,4.24846524944308e-07
3326.386136,0.412396,1.0068e-06,3.06416666666496e-09,3.08602059202058e-09,1.10766935769547e-12,5.61756821802367e-14,5.50275252717811e-14,2.6317512086504e-07
3336.46057,0.413645,1.00985e-06,3.07000000000004e-09,3.08720890370896e-09,7.97970047953202e-13,8.05432973717043e-14,4.32926146642708e-14,2.0705163535086e-07
3346.54307,0.414895,1.01294e-06,3.0950000000001e-09,3.08761653211649e-09,-4.91107991185521e-13,6.12221284359623e-14,4.30650872685945e-14,2.059634608498e-07
3356.70623,0.416155,1.01604e-06,3.09000000000006e-09,3.08622668772658e-09,-1.21133146131482e-12,5.66767026369092e-14,4.08385642337679e-14,1.95314872422368e-07
3366.796796,0.417406,1.01912e-06,3.09499999999988e-09,3.08519386919386e-09,-1.34722709717887e-12,5.00505063475281e-14,2.83927587092336e-14,1.35791454696335e-07
3376.879296,0.418656,1.02223e-06,3.09916666666497e-09,3.08353223353223e-09,-1.23402948402869e-12,-4.22546600227628e-15,1.14044873118849e-14,5.45432001872756e-08
3386.95373,0.419905,1.02531833333333e-06,3.08583333333508e-09,3.0827258102258e-09,9.76658476955911e-14,-3.81056198538231e-14,1.89277680045899e-15,9.05241078480387e-09
3397.03623,0.421155,1.02840166666667e-06,3.07583333333502e-09,3.08372756522762e-09,1.49192699194041e-12,-9.65607428132795e-15,2.88893568381889e-15,1.38166489226121e-08
3407.126796,0.422406,1.03147e-06,3.07916666666495e-09,3.08570966420968e-09,1.8291798291217e-12,2.66176107969901e-14,1.23562691478378e-14,5.90952002722677e-08
3417.23887133334,0.423659666666667,1.03456e-06,3.08e-09,3.08738592488586e-09,5.8865683862005e-13,4.15766773903559e-14,3.2743140844051e-14,1.56597630123722e-07
3427.372456,0.424916,1.03763e-06,3.08000000000011e-09,3.08688697788692e-09,-1.4027436527076e-12,5.33585008784734e-14,5.6224814108045e-14,2.68901284864563e-07
3437.45226733334,0.426165666666667,1.04072e-06,3.08500000000003e-09,3.08458043758045e-09,-1.8168655668101e-12,6.59851379002796e-14,6.52715137722871e-14,3.12168109345721e-07
3447.537456,0.427416,1.0438e-06,3.08499999999993e-09,3.0832532467533e-09,-5.87399087423426e-13,8.23181406858652e-14,5.7616495921159e-14,2.75557154405543e-07
3457.623989,0.4286665,1.04689e-06,3.09499999999999e-09,3.0834056394056e-09,5.89885339795352e-13,7.41747066736902e-14,4.55627944804606e-14,2.17909017080464e-07
3467.718588,0.429918,1.04999e-06,3.08999999999996e-09,3.08443301743289e-09,1.43254943251114e-12,2.8646985839776e-14,3.84919134647391e-14,1.84091760048752e-07
3477.784956,0.431166,1.05307e-06,3.08499999999993e-09,3.08627073827062e-09,1.42392067396574e-12,2.38970993840816e-15,4.47965409143524e-14,2.1424432611212e-07
3487.972314,0.432429,1.05616e-06,3.08e-09,3.08728085878083e-09,3.19644319695051e-13,2.75813484529559e-14,6.62332401561909e-14,3.16767670312217e-07
3498.038682,0.433677,1.05923e-06,3.07250000000011e-09,3.08691002691001e-09,-8.55651105671433e-13,7.8071490235567e-14,9.63122237660169e-14,4.6062367888095e-07
3508.10639433334,0.434925166666667,1.062305e-06,3.07666666666509e-09,3.08556955656948e-09,-8.75745875768653e-13,1.32611057816353e-13,1.23480089977804e-13,5.90556952067758e-07
3518.17813966666,0.436173833333333,1.06538333333333e-06,3.08833333333504e-09,3.08515853515847e-09,1.58125658135035e-13,1.82402330264994e-13,1.27524630721959e-13,6.09900407800673e-07
3528.27005,0.437425,1.06848166666667e-06,3.08833333333494e-09,3.08588580788575e-09,5.00702000708948e-13,1.66516714320817e-13,9.82206676845345e-14,4.69751019360817e-07
3538.344484,0.438674,1.07156e-06,3.09416666666494e-09,3.08615993915989e-09,3.90487890495202e-13,8.55462268929484e-14,4.7051856398153e-14,2.25030617556384e-07
3548.44446033334,0.439926166666667,1.07467e-06,3.10999999999998e-09,3.08666678366674e-09,7.31279981245925e-13,-3.05980644312345e-14,1.00302910278259e-16,4.79709570896021e-10
3558.606276,0.441186,1.07778e-06,3.09499999999988e-09,3.08762249912238e-09,4.58260208225679e-13,-1.31018753566149e-13,-2.23885417749401e-14,-1.070756345758e-07
3568.688776,0.442436,1.08086e-06,3.06916666666499e-09,3.0875833040832e-09,-4.3886743880975e-13,-1.21655339740889e-13,-2.83339247685732e-14,-1.35510074980133e-07
3578.76321,0.443685,1.08391833333333e-06,3.07250000000011e-09,3.08674476424476e-09,-7.35725985659135e-13,-2.86799606442224e-14,-3.53639419213535e-14,-1.69131896145604e-07
3588.857809,0.4449365,1.087005e-06,3.08083333333505e-09,3.08611185211188e-09,-6.12583362568575e-13,6.4573555526278e-14,-4.96590813015592e-14,-2.37499954050935e-07
3598.920144,0.446184,1.09008e-06,3.08249999999996e-09,3.08551959751963e-09,-2.94079794072543e-13,6.21488071526132e-14,-7.18848093304465e-14,-3.43796914189092e-07
3609.034908,0.447438,1.09317e-06,3.11916666666499e-09,3.08552369252373e-09,1.48180648189278e-13,-9.24045610164539e-14,-1.05984402924486e-13,-5.0688192703015e-07
3619.19134633334,0.448697166666667,1.09631833333333e-06,3.10166666666504e-09,3.08581595881601e-09,3.84930384995285e-14,-2.53981878642507e-13,-1.4570643317382e-13,-6.96856854309574e-07
3629.26981333334,0.449946666666667,1.09937333333333e-06,3.06583333333495e-09,3.08560067860073e-09,-5.27670527326771e-14,-2.7363665807306e-13,-1.70481071317994e-13,-8.15344254129537e-07
3639.346936,0.451196,1.10245e-06,3.07833333333487e-09,3.08571042471054e-09,1.91967941987523e-13,-2.1293783925583e-13,-1.75368350950055e-13,-8.38718200195915e-07
3649.445568,0.452448,1.10553e-06,3.08500000000003e-09,3.08598461448471e-09,8.66093365268489e-14,-1.34960312563947e-13,-1.61325224877887e-13,-7.71555423329025e-07
3659.528068,0.453698,1.10862e-06,3.07500000000007e-09,3.08588364338359e-09,-5.10471510528016e-13,-4.22243915195328e-14,-1.2900100626775e-13,-6.16961334324022e-07
3669.60384633334,0.454947166666667,1.11168e-06,3.09000000000006e-09,3.08496367146365e-09,-6.9930969924978e-13,-1.67721454087406e-14,-1.00632432930464e-13,-4.81285548797871e-07
3679.757596,0.456206,1.1148e-06,3.10000000000002e-09,3.08448502398509e-09,-3.95431145421013e-13,-1.05204166430148e-13,-9.37376656341886e-14,-4.48310574772206e-07
3689.84681766666,0.457456833333333,1.11788e-06,3.07999999999989e-09,3.08417280917281e-09,-4.00315900317209e-13,-1.66520684056585e-13,-9.58097182076884e-14,-4.58220391428075e-07
3699.93200633334,0.458707166666667,1.12096e-06,3.07500000000007e-09,3.08368439218446e-09,-1.46952146873355e-13,-1.29073650480578e-13,-8.91278662530543e-14,-4.26263708166781e-07
3710.01181766667,0.459956833333333,1.12403e-06,3.08000000000011e-09,3.08387890487906e-09,4.98040248054203e-13,-7.22700732675473e-14,-6.49726123018108e-14,-3.10738580573878e-07
3720.07953,0.461205,1.12712e-06,3.07999999999989e-09,3.08468047268057e-09,1.05674505671716e-12,-1.46087041148927e-14,-1.5545585544855e-14,-7.43484526058283e-08
3730.170096,0.462456,1.13019e-06,3.07499999999997e-09,3.0859923949925e-09,6.68538668540585e-13,6.44163609832403e-14,5.18560706521533e-14,2.48007294423342e-07
3740.268728,0.463708,1.13327e-06,3.08583333333508e-09,3.08601755001765e-09,-7.62168012210392e-13,1.38583026721283e-13,1.11547708145216e-13,5.33489038955381e-07
3750.415756,0.464966,1.13636166666667e-06,3.09499999999999e-09,3.08446805896807e-09,-1.42000117004882e-12,1.73470347259715e-13,1.54136857212765e-13,7.37176273626267e-07
3760.514388,0.466218,1.13946e-06,3.09416666666494e-09,3.08317754767755e-09,-9.37668187641447e-13,1.86825828965462e-13,1.86084257517882e-13,8.89968188129001e-07
3770.580756,0.467466,1.14255e-06,3.09499999999999e-09,3.08259272259279e-09,3.5682110685481e-13,1.94708167769843e-13,2.079230092752e-13,9.94414392185739e-07
3780.679388,0.468718,1.14565e-06,3.08e-09,3.08389118989126e-09,2.1968234467865e-12,2.07377695010291e-13,2.21714709421751e-13,1.06037469723446e-06
3790.76457666666,0.469968333333333,1.14871e-06,3.07499999999997e-09,3.08698636948636e-09,2.10372060362973e-12,2.34226246552764e-13,2.36261188437811e-13,1.12994481426779e-06
3800.840355,0.4712175,1.1518e-06,3.08499999999993e-09,3.08809863109852e-09,-6.1863811897359e-14,2.53171613882034e-13,2.54618301041598e-13,1.21773970063373e-06
3810.991416,0.472476,1.15488e-06,3.08916666666501e-09,3.08686264186257e-09,-9.56066456020387e-13,2.63463914495458e-13,2.70283057074047e-13,1.29265809904979e-06
3821.086015,0.4737275,1.15797833333333e-06,3.08250000000017e-09,3.08618649818648e-09,-4.70983970958618e-13,2.80229359818612e-13,2.75928066772453e-13,1.31965597152043e-06
3831.15910466667,0.474976333333333,1.161045e-06,3.08666666667003e-09,3.08592067392065e-09,-5.75231075230635e-13,2.89076357618087e-13,2.69500619676554e-13,1.28891600714874e-06
3841.238916,0.476226,1.16415166666667e-06,3.10249999999999e-09,3.08503603603602e-09,7.56113255831432e-14,2.64290594863039e-13,2.50825840055235e-13,1.19960184374243e-06
3851.337548,0.477478,1.16725e-06,3.08416666666498e-09,3.08607189657182e-09,1.74347724339417e-12,2.18153256391e-13,2.2296882910068e-13,1.0663726609163e-06
3861.411982,0.478727,1.17032e-06,3.08e-09,3.08852299052281e-09,1.25939786230729e-12,1.70940169808058e-13,1.87212299329209e-13,8.95363170704913e-07
3871.502548,0.479978,1.17341e-06,3.09499999999999e-09,3.08859069229643e-09,3.80646116317699e-14,1.38489236461067e-13,1.4468568958766e-13,6.91975037158374e-07
3881.673774,0.481239,1.17651e-06,3.07999999999989e-09,3.08859911974607e-09,-2.12097123495746e-14,1.00918105008619e-13,9.95543313090927e-14,4.76129410608704e-07
3891.736109,0.4824865,1.17957e-06,3.07000000000004e-09,3.08854827287173e-09,-8.04840363232677e-14,5.82267754533847e-14,5.49675951877203e-14,2.6288849872388e-07
3901.80651,0.483735,1.18265e-06,3.07499999999997e-09,3.08843815167342e-09,-1.39758360296961e-13,1.04152477951573e-14,8.74679873229502e-15,4.18325156761936e-08
3911.88901,0.484985,1.18572e-06,3.09499999999999e-09,3.08826875615114e-09,-1.99032684273963e-13,-4.25164779656494e-14,-4.25164779652565e-14,-2.0333967722514e-07
3921.979576,0.486236,1.18884e-06,3.11000000000009e-09,3.08804008630488e-09,-2.58307008247656e-13,-1.00568401829035e-13,-1.00568401829024e-13,-4.80979313095332e-07
3932.05401,0.487485,1.19194e-06,3.10999999999998e-09,3.08775214213465e-09,-3.1758133221804e-13,-1.63740523795208e-13,-1.63740523795326e-13,-7.83106852934168e-07
3942.229269,0.4887465,1.19506e-06,3.10500000000005e-09,3.08740492364044e-09,-3.76855656191733e-13,-2.32032843864166e-13,-2.32032843864395e-13,-1.10972229674276e-06
3952.331934,0.489999,1.19815e-06,3.05999999999998e-09,3.08699843082226e-09,-4.36129980165426e-13,-3.05445362036324e-13,-3.05445362036156e-13,-1.46082564452075e-06
3962.398302,0.491247,1.20118e-06,3.04999999999991e-09,3.08653266368011e-09,-4.95404304140774e-13,-3.83978078310855e-13,-3.83978078310755e-13,-1.83641689626883e-06
3972.472736,0.492496,1.20425e-06,3.08000000000011e-09,3.08600762221398e-09,-5.54678628114467e-13,-4.67630992688171e-13,-4.6763099268816e-13,-2.23649605198685e-06
3982.54985866667,0.493745333333333,1.20734e-06,3.10000000000002e-09,3.08542330642388e-09,-6.13952952086506e-13,-5.56404105168274e-13,-5.56404105168323e-13,-2.66106311167459e-06
3992.653868,0.494998,1.21045e-06,3.10000000000002e-09,3.08477971630981e-09,-6.73227276058544e-13,-6.50297415750956e-13,-6.50297415751783e-13,-3.11011807533461e-06
4002.800896,0.496256,1.21354e-06,3.10000000000002e-09,3.08407685187176e-09,-7.32501600032238e-13,-7.49310924437045e-13,-7.49310924437459e-13,-3.58366094296176e-06
4012.891462,0.497507,1.21665e-06,3.10749999999991e-09,3.08331471310974e-09,-7.9177592400924e-13,-8.534446312253e-13,-8.53444631225506e-13,-4.08169171455677e-06
4022.973962,0.498757,1.219755e-06,3.07833333333498e-09,3.08249330002375e-09,-8.51050247982933e-13,-9.6269853611634e-13,-9.62698536116754e-13,-4.60421039012361e-06
4033.032264,0.500004,1.22280666666667e-06,3.05166666667001e-09,3.08161261261378e-09,-8.80687409968125e-13,-1.07707263911017e-12,-1.07707263911099e-12,-5.15121696966126e-06
