wvnmbr,Voltage,Current,DerivativeY1,DerivativeY1_1,DerivativeY2,DerivativeY2_1,DerivativeY2_2,Alpha
-4032.93009466666,-0.499991333333333,-1.20511e-06,3.13e-09,3.12083998284007e-09,-9.16643954881945e-12,-9.03311743976825e-12,-9.03311743976825e-12,NaN
-4022.869104,-0.498744,-1.20198e-06,3.15166666666504e-09,3.11167354329125e-09,-8.99591761359085e-12,-8.81587096602189e-12,-8.81587096602188e-12,NaN
-4012.770472,-0.497492,-1.19880666666667e-06,3.13499999999993e-09,3.10284814761289e-09,-8.65487374313325e-12,-8.58039179585987e-12,-8.58039179585987e-12,NaN
-4002.71217,-0.496245,-1.19571e-06,3.08333333333501e-09,3.09436379580499e-09,-8.31382987267565e-12,-8.32667992928221e-12,-8.32667992928221e-12,NaN
-3992.52615633334,-0.494982166666667,-1.19264e-06,3.09250000000013e-09,3.08622048786754e-09,-7.97278600221805e-12,-8.05473536628891e-12,-8.0547353662889e-12,NaN
-3982.44768933334,-0.493732666666667,-1.189525e-06,3.05999999999987e-09,3.07841822380055e-09,-7.63174213176045e-12,-7.76455810687995e-12,-7.76455810687995e-12,NaN
-3972.36922233334,-0.492483166666667,-1.18652e-06,3.02749999999993e-09,3.07095700360402e-09,-7.29069826130285e-12,-7.45614815105535e-12,-7.45614815105535e-12,NaN
-3962.277312,-0.491232,-1.18347e-06,3.048333333335e-09,3.06383682727795e-09,-6.94965439084504e-12,-7.12950549881511e-12,-7.12950549881511e-12,NaN
-3952.20153366667,-0.489982833333333,-1.18042333333333e-06,3.05083333333496e-09,3.05705769482233e-09,-6.60861052038765e-12,-6.78463015015922e-12,-6.78463015015922e-12,NaN
-3942.128444,-0.488734,-1.17736833333333e-06,3.05416666666511e-09,3.05061960623717e-09,-6.26756664993005e-12,-6.42152210508768e-12,-6.42299802575407e-12,NaN
-3931.949152,-0.487472,-1.174315e-06,3.05083333332999e-09,3.04452256152247e-09,-5.92652277947224e-12,-6.0401813636005e-12,-6.03041553558073e-12,NaN
-3921.89085,-0.486225,-1.17126666666667e-06,3.0225e-09,3.03876656067823e-09,-5.58547890901464e-12,-5.62338885125645e-12,-5.64528689123116e-12,NaN
-3911.800284,-0.484974,-1.16827e-06,3.00833333333506e-09,3.03335160370444e-09,-5.24443503855725e-12,-5.26786015384497e-12,-5.25013760355791e-12,NaN
-3901.72047266666,-0.483724333333333,-1.16525e-06,2.99749999999995e-09,3.02827769060111e-09,-4.90339116809965e-12,-4.81483372411719e-12,-4.81562621816048e-12,NaN
-3891.627218,-0.482473,-1.162275e-06,2.99999999999991e-09,3.02354482136824e-09,-4.56234729764184e-12,-4.31231110150657e-12,-4.32115803484674e-12,NaN
-3881.536652,-0.481222,-1.15925e-06,3.02750000000003e-09,3.01915299600583e-09,-4.22130342718424e-12,-3.79904806160816e-12,-3.78460945577791e-12,NaN
-3871.381558,-0.479963,-1.15622e-06,3.04000000000006e-09,3.01510221451387e-09,-3.88025955672664e-12,-3.21058615771501e-12,-3.21361793417044e-12,NaN
-3861.31250133334,-0.478714666666667,-1.15317e-06,3.03416666666498e-09,3.01139247689237e-09,-3.28967049551125e-12,-2.65091734447309e-12,-2.65970788712252e-12,NaN
-3851.208492,-0.477462,-1.15015166666667e-06,3.00500000000005e-09,3.00852287352285e-09,-2.14367614371088e-12,-2.18866285121494e-12,-2.18409864436824e-12,NaN
-3841.12464766666,-0.476211833333333,-1.14716e-06,2.98583333333497e-09,3.00710512460495e-09,-8.45793845873806e-13,-1.78988757636301e-12,-1.79281981201713e-12,NaN
-3831.043492,-0.474962,-1.14418e-06,2.98166666666501e-09,3.0068312858311e-09,-1.3692231191308e-12,-1.47390549821792e-12,-1.47799480235827e-12,NaN
-3820.98519,-0.473715,-1.14119666666667e-06,2.99750000000005e-09,3.00436667836669e-09,-1.16529191523457e-12,-1.22582117911553e-12,-1.22118840565468e-12,NaN
-3810.88790233334,-0.472463166666667,-1.138185e-06,3.02499999999996e-09,3.00450070200063e-09,4.01193401117124e-13,-9.83030633087637e-13,-9.78860244765658e-13,NaN
-3800.715332,-0.471202,-1.13514666666667e-06,3.03166666666501e-09,3.00516906516892e-09,-8.01158301463231e-14,-7.36978897875999e-13,-7.38578996796088e-13,NaN
-3790.67181766666,-0.469956833333333,-1.13212166666667e-06,3.02333333333505e-09,3.00434047034034e-09,-2.90306540284354e-13,-5.27765541645482e-13,-5.26915127673627e-13,NaN
-3780.57990733334,-0.468705666666667,-1.1291e-06,3.01083333333492e-09,3.00458845208836e-09,-1.96062946007768e-13,-3.76822311826575e-13,-3.74865815642294e-13,NaN
-3770.46917633334,-0.467452166666667,-1.1261e-06,2.98833333333504e-09,3.00394834444832e-09,-1.4424066923251e-12,-3.15502452188072e-13,-3.2200224707473e-13,NaN
-3760.385332,-0.466202,-1.12312333333333e-06,2.99000000000006e-09,3.00170363870371e-09,-1.7462852462308e-12,-3.97984995315378e-13,-4.1078012979285e-13,NaN
-3750.310898,-0.464953,-1.12012e-06,2.9891666666649e-09,3.00045577395586e-09,-1.1240201240223e-12,-6.02618033449553e-13,-6.01539302535618e-13,NaN
-3740.155804,-0.463694,-1.117145e-06,2.99916666666496e-09,2.99945559845566e-09,-8.57991108036633e-13,-7.58473089927814e-13,-7.31477164608225e-13,NaN
-3730.07195966667,-0.462443833333333,-1.11412166666667e-06,3.02166666666506e-09,2.99873979173979e-09,-2.09985960035515e-13,-7.07206882083289e-13,-7.11240379837535e-13,NaN
-3719.990804,-0.461194,-1.11110166666667e-06,3.0375000000001e-09,2.99903562653559e-09,4.24622674659962e-13,-6.05428589310977e-13,-6.21896799454898e-13,NaN
-3709.908304,-0.459944,-1.10804666666667e-06,3.00083333333496e-09,2.99958903708911e-09,1.66988417091714e-13,-5.62689917206344e-13,-5.47466530555691e-13,NaN
-3699.805639,-0.4586915,-1.1051e-06,2.95083333333496e-09,2.99936960336977e-09,-5.28869778813692e-13,-4.96413453019117e-13,-5.07348265484457e-13,NaN
-3689.727172,-0.457442,-1.102145e-06,2.95499999999994e-09,2.99853129753148e-09,-1.00102375105303e-12,-5.01627961589976e-13,-5.09785661836284e-13,NaN
-3679.660804,-0.456194,-1.09919e-06,3.00166666666493e-09,2.99736755586767e-09,-1.39850239854166e-12,-5.45789395663963e-13,-5.28341371147888e-13,NaN
-3669.47882333334,-0.454931666666667,-1.09614166666667e-06,3.01833333333502e-09,2.9957342927344e-09,-1.45477945474697e-12,-5.01180538445861e-13,-5.07074120050259e-13,NaN
-3659.39632333334,-0.453681666666667,-1.09315333333333e-06,3.00750000000001e-09,2.99445799695817e-09,-5.28782028783435e-13,-4.43644459161334e-13,-4.52345254302306e-13,NaN
-3649.332644,-0.452434,-1.09012666666667e-06,3.03333333333003e-09,2.99467672867683e-09,9.94676494603134e-13,-3.80265774984743e-13,-3.67545456205716e-13,NaN
-3639.238045,-0.4511825,-1.08708666666667e-06,3.00333333333503e-09,2.99644734994738e-09,1.40441090437602e-12,-2.16619826445781e-13,-2.06762044780061e-13,NaN
-3629.17571,-0.449935,-1.08412e-06,2.96833333333501e-09,2.99748555048558e-09,-2.55060255440895e-14,-6.68567316279154e-15,-1.69006570663972e-14,NaN
-3619.07438933334,-0.448682666666667,-1.08115e-06,2.96750000000007e-09,2.99639633789629e-09,-1.72256347256759e-12,8.05501724791479e-14,6.30823579904282e-14,NaN
-3608.905852,-0.447422,-1.078185e-06,2.95833333333506e-09,2.99404042354045e-09,-1.62867087856341e-12,-4.72398969630488e-15,-4.81460509342043e-15,NaN
-3598.831418,-0.446173,-1.07523333333333e-06,2.98333333333501e-09,2.99313899613917e-09,-6.02813852702771e-13,-1.0852869083043e-13,-9.02527723289919e-14,NaN
-3588.740852,-0.444922,-1.07221833333333e-06,3.0391666666649e-09,2.99283479583504e-09,4.68292968341281e-13,-7.58272824314906e-14,-6.82415055620096e-14,NaN
-3578.67313966666,-0.443673833333333,-1.069155e-06,3.03583333332989e-09,2.99407558207585e-09,1.7249034748811e-12,3.51978348088084e-14,2.67462109029696e-14,NaN
-3568.60005,-0.442425,-1.06614666666667e-06,3.01749999999997e-09,2.99628460278481e-09,1.71285246278e-12,7.78635300548192e-14,6.71122940665999e-14,NaN
-3558.501418,-0.441173,-1.06312e-06,3.00166666667001e-09,2.99750128700141e-09,8.32631332538147e-13,4.08895137234582e-15,3.70913237401744e-15,NaN
-3548.322126,-0.439911,-1.06014333333333e-06,2.96083333333513e-09,2.99794986544988e-09,1.61489411387734e-13,-1.08775666643582e-13,-1.02138334917478e-13,NaN
-3538.23424866666,-0.438660333333333,-1.05719833333333e-06,2.94166666666507e-09,2.99782426582418e-09,-1.4142389142611e-12,-1.78948867750772e-13,-1.72096559168296e-13,NaN
-3528.18401266667,-0.437414333333333,-1.05426e-06,2.97916666666494e-09,2.99512138762136e-09,-3.16780741771011e-12,-2.02084732511573e-13,-2.03250020729038e-13,NaN
-3518.082692,-0.436162,-1.05124e-06,3.015e-09,2.99148865098876e-09,-2.06019656013401e-12,-2.53780941617225e-13,-2.71576206994884e-13,NaN
-3508.00288066667,-0.434912333333333,-1.04823e-06,3.03500000000003e-09,2.99100099450109e-09,1.1030771030191e-12,-3.96040146555209e-13,-3.85127027165215e-13,NaN
-3497.92441366666,-0.433662833333333,-1.04517e-06,3.03249999999996e-09,2.9936948051948e-09,2.36407511404881e-12,-4.83253569406984e-13,-4.740699516717e-13,NaN
-3487.839225,-0.4324125,-1.042165e-06,3.00999999999997e-09,2.99572914472919e-09,6.31946881959254e-13,-4.97132158470611e-13,-5.11919205936665e-13,NaN
-3477.663966,-0.431151,-1.03915e-06,2.96250000000004e-09,2.99495869895872e-09,-1.2570492571446e-12,-5.26529068955806e-13,-5.16284291902411e-13,NaN
-3467.589532,-0.429902,-1.03624e-06,2.92333333333504e-09,2.9932150462149e-09,-1.83637533643953e-12,-4.87781902301652e-13,-4.86026934969448e-13,NaN
-3457.498966,-0.428651,-1.03330333333333e-06,2.95500000000004e-09,2.99128594828584e-09,-1.57906282902331e-12,-4.16750658903505e-13,-4.27770312710881e-13,NaN
-3447.424532,-0.427402,-1.03033e-06,3.01750000000007e-09,2.99005692055685e-09,-9.89323739312853e-13,-3.69769958032436e-13,-3.56130027513358e-13,NaN
-3437.358164,-0.426154,-1.02726833333333e-06,3.05999999999987e-09,2.98930730080721e-09,5.94068094323965e-14,-2.74611791206795e-13,-2.68871862616096e-13,NaN
-3427.26222066666,-0.424902333333333,-1.02421e-06,3.03416666666487e-09,2.99017573417572e-09,8.66912366998732e-13,-2.18180672667501e-13,-2.44290313157233e-13,NaN
-3417.112504,-0.423644,-1.0212e-06,3.00500000000005e-09,2.99104112554121e-09,8.36375336399106e-13,-3.5434695021362e-13,-3.66658243676284e-13,NaN
-3407.013872,-0.422392,-1.0182e-06,2.96500000000011e-09,2.99184848484852e-09,5.36650286534379e-13,-5.32368499264014e-13,-4.98680861515454e-13,NaN
-3396.931372,-0.421142,-1.01527e-06,2.92499999999996e-09,2.99211442611428e-09,-8.35410085514339e-13,-4.57871438173139e-13,-4.38003711850681e-13,NaN
-3386.87307,-0.419895,-1.01235e-06,2.93999999999995e-09,2.99017766467749e-09,-1.8616473615924e-12,-2.29504325695317e-13,-2.62434393287414e-13,NaN
-3376.774438,-0.418643,-1.00939e-06,2.97500000000007e-09,2.9883911313911e-09,-1.1519831518622e-12,-1.77705861013551e-13,-1.89914502489306e-13,NaN
-3366.691938,-0.417393,-1.0064e-06,3.01583333333495e-09,2.98787369837376e-09,-4.51327951299716e-13,-2.48730621403042e-13,-2.2999696323237e-13,NaN
-3356.59465033334,-0.416141166666667,-1.00335833333333e-06,3.05999999999998e-09,2.9874884754885e-09,1.7225342219871e-13,-2.46399033588515e-13,-2.44279622884265e-13,NaN
-3346.438212,-0.414882,-1.00028e-06,3.04333333333147e-09,2.98821820521816e-09,8.67936117895329e-13,-1.93090869619202e-13,-2.01728312419617e-13,NaN
-3336.363778,-0.413633,-9.97271666666667e-07,2.965e-09,2.98922434772429e-09,4.93623493609788e-13,-1.35912359760583e-13,-1.3066255309097e-13,NaN
-3326.281278,-0.412383,-9.9435e-07,2.91750000000007e-09,2.98920545220538e-09,-4.47466947468655e-13,-2.11995682732897e-14,-1.55194661202375e-14,NaN
-3316.198778,-0.411133,-9.91436666666667e-07,2.93500000000002e-09,2.98832941382935e-09,-5.24979524978681e-13,1.43463696103225e-13,1.41551844908459e-13,NaN
-3306.108212,-0.409882,-9.8848e-07,2.98666666666695e-09,2.98815549315542e-09,4.00432900330324e-14,2.84225766177235e-13,2.87179832534736e-13,NaN
-3296.03512233334,-0.408633166666667,-9.85463333333333e-07,3.05166666666652e-09,2.98840950040942e-09,-4.38808938782203e-13,3.49539905362617e-13,3.31874778777016e-13,NaN
-3285.862552,-0.407372,-9.82376666666667e-07,3.05083333333306e-09,2.98727787527786e-09,-4.84789984750118e-13,2.53395269569066e-13,2.47050209196188e-13,NaN
-3275.76392,-0.40612,-9.79361666666667e-07,3.00833333333347e-09,2.98743992043992e-09,1.46206271208533e-12,1.15874158204951e-13,1.40373394235036e-13,NaN
-3265.705618,-0.404873,-9.7636e-07,2.99083333333352e-09,2.99020200070203e-09,2.27758277761055e-12,1.31084575028884e-13,1.33158322737063e-13,NaN
-3255.623118,-0.403623,-9.7338e-07,2.92500000000006e-09,2.99199508599514e-09,8.31666081643868e-13,2.07310103448486e-13,1.96140475795504e-13,NaN
-3245.540618,-0.402373,-9.7051e-07,2.92416666666639e-09,2.99186533286532e-09,-2.63133263167383e-13,2.28640603609295e-13,2.34492455463875e-13,NaN
-3235.450052,-0.401122,-9.67531666666667e-07,2.97499999999996e-09,2.9914688194688e-09,-5.69907569906875e-13,2.0947825827497e-13,2.03775621320594e-13,NaN
-3225.303024,-0.399864,-9.6456e-07,2.99666666666712e-09,2.9907255177255e-09,-9.46618696618457e-13,9.59536452390674e-14,7.98670227848548e-14,NaN
-3215.22859,-0.398615,-9.61538333333333e-07,3.05000000000002e-09,2.98957558207557e-09,-1.1055341055368e-12,-9.92718932371409e-14,-8.40162087502882e-14,NaN
-3205.133991,-0.3973635,-9.5846e-07,3.05416666666648e-09,2.98851444951443e-09,-7.8235053235524e-13,-1.75859752926569e-13,-1.58363526307759e-13,NaN
-3195.039392,-0.396112,-9.5543e-07,2.98999999999995e-09,2.98801088101085e-09,3.02825552863905e-13,-1.11454315282078e-13,-1.22612077637327e-13,NaN
-3184.973024,-0.394864,-9.5248e-07,2.94999999999996e-09,2.98912010062016e-09,1.69182169187476e-12,-8.78226056426408e-14,-9.93002736815377e-14,NaN
-3174.89859,-0.393615,-9.4953e-07,2.93916666666654e-09,2.9913945243946e-09,1.3534573534285e-12,-1.56557755202658e-13,-1.58507721727992e-13,NaN
-3164.799958,-0.392363,-9.46601666666667e-07,2.95833333333352e-09,2.99182701532701e-09,-6.81408681449202e-13,-2.35346768036065e-13,-2.21234452480509e-13,NaN
-3154.628732,-0.391102,-9.43613333333333e-07,3.01083333333354e-09,2.99003170703171e-09,-1.93135018134925e-12,-2.19127038754571e-13,-2.16272827922204e-13,NaN
-3144.55564233334,-0.389853166666667,-9.4058e-07,3.05333333333297e-09,2.98796431496432e-09,-1.48291798291497e-12,-1.67479643451378e-13,-1.85989165776221e-13,NaN
-3134.46238766666,-0.388601833333333,-9.37506666666667e-07,3.0399999999999e-09,2.98706587106588e-09,-4.20703170698577e-13,-1.73284784597298e-13,-1.58262008914658e-13,NaN
-3124.38392066666,-0.387352333333333,-9.345e-07,2.9883333333335e-09,2.98712290862292e-09,1.03293553292857e-12,-1.13478237539967e-13,-1.03213813123108e-13,NaN
-3114.298732,-0.386102,-9.3153e-07,2.96333333333361e-09,2.98913174213173e-09,1.97648297647157e-12,-4.02614939244869e-14,-6.09592648534174e-14,NaN
-3104.224298,-0.384853,-9.28573333333333e-07,2.93833333333355e-09,2.99107587457586e-09,5.89797589801698e-13,-1.25587663592648e-13,-1.31686844231115e-13,NaN
-3094.045006,-0.383591,-9.25653333333333e-07,2.92166666666648e-09,2.99031133731134e-09,-1.12399087398154e-12,-2.99935862215385e-13,-2.97975041774742e-13,NaN
-3083.98401533334,-0.382343666666667,-9.2273e-07,2.9916666666665e-09,2.9888278928279e-09,-1.90833040832143e-12,-4.22628098014848e-13,-4.09862739134237e-13,NaN
-3073.904204,-0.381094,-9.1967e-07,3.03499999999992e-09,2.98649467649469e-09,-1.76076401076871e-12,-3.7586261768736e-13,-3.6407481765271e-13,NaN
-3063.809605,-0.3798425,-9.1666e-07,3.03500000000003e-09,2.98530636480636e-09,2.67813267792731e-13,-1.90766854869705e-13,-1.9767534596549e-13,NaN
-3053.739204,-0.378594,-9.136e-07,3.01249999999999e-09,2.98703030303028e-09,1.1018193518231e-12,-3.59925769362479e-14,-4.79282370781561e-14,NaN
-3043.66477,-0.377345,-9.10635e-07,2.96999999999998e-09,2.98751000351001e-09,4.33251433271946e-13,4.07511522813061e-16,-2.11514470337898e-15,NaN
-3033.574204,-0.376094,-9.0766e-07,2.95916666666661e-09,2.98789680589682e-09,7.17854217857958e-13,-3.03699257604578e-14,-2.46068976650027e-14,NaN
-3023.407011,-0.3748335,-9.04716666666667e-07,2.9633333333335e-09,2.98894571194572e-09,-4.81981981986903e-13,-4.7697235748422e-14,-5.30992365506011e-14,NaN
-3013.308379,-0.3735815,-9.01733333333333e-07,2.95999999999992e-09,2.98693284193285e-09,-1.79112554113287e-12,-3.81820931837502e-14,-3.27485682457921e-14,NaN
-3003.233945,-0.3723325,-8.98796666666667e-07,2.98666666666652e-09,2.98536346086346e-09,-6.58476658483072e-13,7.45911698829762e-14,9.14027310836612e-14,NaN
-2993.17429866666,-0.371085333333333,-8.9576e-07,3.03833333333356e-09,2.98561588861588e-09,5.80408330413666e-13,3.03647097124997e-13,3.02795953647799e-13,NaN
-2983.072978,-0.369833,-8.9272e-07,3.02999999999994e-09,2.98652427752429e-09,1.41207441208504e-12,4.65875351540894e-13,4.47582799329785e-13,NaN
-2972.98778933334,-0.368582666666667,-8.897e-07,2.97999999999999e-09,2.98844003744005e-09,1.73891423891346e-12,3.88095603363224e-13,3.70277343388329e-13,NaN
-2962.84345,-0.367325,-8.8676e-07,2.94416666666652e-09,2.99000210600211e-09,8.85398385388077e-13,1.10540631954141e-13,1.22770204280004e-13,NaN
-2952.73944066666,-0.366072333333333,-8.83811666666667e-07,2.95333333333349e-09,2.99021083421083e-09,-3.93822393830391e-13,-1.18677083617094e-13,-1.10009773905743e-13,NaN
-2942.686516,-0.364826,-8.80853333333333e-07,2.97416666666703e-09,2.98921446121445e-09,-8.82765882762511e-13,-1.94123408082962e-13,-1.8964152061382e-13,NaN
-2932.56637466666,-0.363571333333333,-8.77863333333333e-07,2.9916666666665e-09,2.9884453024453e-09,-6.75383175375081e-13,-1.11482819475031e-13,-9.46956011074156e-14,NaN
-2922.497318,-0.362323,-8.7487e-07,3.0316666666665e-09,2.9878636948637e-09,-5.64203814200467e-13,8.12715170351458e-14,6.33902579640616e-14,NaN
-2912.41616233334,-0.361073166666667,-8.718e-07,3.05000000000002e-09,2.9873168948169e-09,6.68070668075155e-13,1.40315555320501e-13,1.2505124048363e-13,NaN
-2902.251658,-0.359813,-8.6877e-07,3.00666666666644e-09,2.98919983619985e-09,1.38063063063047e-12,3.04399384166124e-14,4.31965333520985e-14,NaN
-2892.161092,-0.358562,-8.65786666666667e-07,2.95833333333347e-09,2.99007815607816e-09,-8.49128349132687e-13,-1.05481017544112e-13,-1.13935750997654e-13,NaN
-2882.07321466666,-0.357311333333333,-8.62853333333333e-07,2.91416666666706e-09,2.98750157950159e-09,-2.4676787176799e-12,-2.73399937343272e-13,-2.76769859535823e-13,NaN
-2872.004158,-0.356063,-8.59958333333333e-07,2.94666666666653e-09,2.9851427986428e-09,-1.45565695565834e-12,-3.80630888804475e-13,-3.56994081274652e-13,NaN
-2861.929724,-0.354814,-8.5696e-07,3.00916666666646e-09,2.98459026559027e-09,4.5410670410282e-13,-2.95172180838236e-13,-2.94479666144937e-13,NaN
-2851.831092,-0.353562,-8.5394e-07,3.02499999999996e-09,2.98605101205101e-09,2.09517959517849e-12,-1.60784876869666e-13,-1.80701117560835e-13,NaN
-2841.764724,-0.352314,-8.5091e-07,3.05750000000007e-09,2.98878062478063e-09,2.0685035685005e-12,-1.29309378412364e-13,-1.23641543979093e-13,NaN
-2831.597531,-0.3510535,-8.47825e-07,3.01583333333352e-09,2.99018801918801e-09,-2.13817713863038e-14,-1.20229945582954e-13,-1.12978765663162e-13,NaN
-2821.48545566666,-0.349799833333333,-8.44878333333333e-07,2.94749999999994e-09,2.98873786123785e-09,-1.38182988182146e-12,-1.19155573552886e-13,-1.38158998597378e-13,NaN
-2811.420432,-0.348552,-8.4193e-07,2.92416666666649e-09,2.98742435942437e-09,-1.31429156428927e-12,-1.96292356557851e-13,-1.88319525292963e-13,NaN
-2801.34734233334,-0.347303166666667,-8.3903e-07,2.93500000000002e-09,2.98610927810928e-09,-1.43992043993105e-12,-2.0013976331447e-13,-1.76230748152317e-13,NaN
-2791.26618666666,-0.346053333333333,-8.3606e-07,2.9916666666665e-09,2.98454451854451e-09,-1.08181233181921e-12,-7.22136272963907e-14,-8.34039300877459e-14,NaN
-2781.164866,-0.344801,-8.33046666666667e-07,3.03500000000003e-09,2.98394565344564e-09,4.94383994388524e-13,-3.29682922023812e-14,-5.92852069819033e-14,NaN
-2771.009772,-0.343542,-8.2999e-07,3.03333333333353e-09,2.98553328653328e-09,1.48885573886784e-12,-1.72304569165398e-13,-1.66067237359505e-13,NaN
-2760.93399366666,-0.342292833333333,-8.2698e-07,3.01000000000003e-09,2.98692336492337e-09,4.23979173982229e-13,-2.73092596890637e-13,-2.54021387126864e-13,NaN
-2750.844772,-0.341042,-8.2397e-07,2.97083333333355e-09,2.98638124488125e-09,-3.50590850592973e-13,-1.90971385152043e-13,-1.91314001031822e-13,NaN
-2740.762272,-0.339792,-8.21038333333333e-07,2.9249999999999e-09,2.98622218322219e-09,-2.34292734251709e-14,-4.07739096758297e-15,3.6848146790138e-15,NaN
-2730.687838,-0.338543,-8.1812e-07,2.9091666666664e-09,2.9863343863344e-09,-4.67327717330989e-13,2.13450113908863e-13,1.97930489877962e-13,NaN
-2720.605338,-0.337293,-8.1522e-07,2.97000000000003e-09,2.98528752778752e-09,-6.41862641872109e-13,2.96912791846455e-13,2.83348870696154e-13,NaN
-2710.522838,-0.336043,-8.1218e-07,3.07500000000002e-09,2.98505066105065e-09,3.02445302452721e-13,2.62674585574867e-13,2.82721323223004e-13,NaN
-2700.367744,-0.334784,-8.0907e-07,3.08499999999998e-09,2.98589241839243e-09,9.4348894349642e-13,2.85345184577291e-13,2.78344621498204e-13,NaN
-2690.269112,-0.333532,-8.0601e-07,3.01999999999998e-09,2.98693763893765e-09,8.33655083647743e-13,3.05655672441991e-13,3.0383327101363e-13,NaN
-2680.18795633334,-0.332282166666667,-8.0303e-07,2.95500000000004e-09,2.98755972855973e-09,3.20580320574833e-13,3.46010368679912e-13,3.71330107903312e-13,NaN
-2670.116211,-0.3310335,-8.001e-07,2.90500000000004e-09,2.9875787995788e-09,6.49643149644908e-13,4.50074942799544e-13,4.26973571692165e-13,NaN
-2660.013546,-0.329781,-7.9722e-07,2.90083333333352e-09,2.98885901485902e-09,3.66239616246171e-13,3.66118106703038e-13,3.36515351468988e-13,NaN
-2649.94583366666,-0.328532833333333,-7.94298333333333e-07,2.97666666666651e-09,2.98831127881129e-09,-7.0978120977847e-13,1.11924568545304e-13,1.50170178290954e-13,NaN
-2639.77729633334,-0.327272166666667,-7.91266666666667e-07,3.03916666666644e-09,2.98743945243946e-09,-2.41692991698317e-13,5.06445142118337e-14,7.54349725921568e-14,NaN
-2629.70823966666,-0.326023833333333,-7.8822e-07,3.06333333333351e-09,2.98782789282789e-09,2.92617292611276e-13,9.92293492222049e-14,3.87454645936144e-14,NaN
-2619.619018,-0.324773,-7.8514e-07,3.04333333333354e-09,2.98802468702468e-09,8.58663858659586e-13,-1.14591535341109e-13,-1.23069584837052e-13,NaN
-2609.536518,-0.323523,-7.82133333333333e-07,2.98499999999997e-09,2.98954522054521e-09,1.3221598221645e-12,-2.57443427728745e-13,-1.66992683725912e-13,NaN
-2599.462084,-0.322274,-7.7917e-07,2.92166666666648e-09,2.99066900666901e-09,2.58014508022445e-13,1.02958961261334e-13,8.10346890831518e-14,NaN
-2589.355386,-0.321021,-7.7629e-07,2.92083333333349e-09,2.99006124956126e-09,-7.61553761556256e-13,3.43642240798118e-13,2.71404908696897e-13,NaN
-2579.212391,-0.3197635,-7.73328333333333e-07,2.97000000000003e-09,2.9891458991459e-09,-2.14400374399977e-12,9.7416195462727e-14,1.20752352251028e-13,NaN
-2569.13257966666,-0.318513833333333,-7.7035e-07,3.00916666666651e-09,2.98577324207326e-09,-2.90841230840249e-12,-1.60140515649473e-13,-1.34559262231819e-13,NaN
-2559.043358,-0.317263,-7.6731e-07,3.0491666666665e-09,2.98332907452909e-09,5.88908388900734e-13,-2.25704395973291e-13,-2.34829993661924e-13,NaN
-2548.93666,-0.31601,-7.64251666666667e-07,3.06500000000001e-09,2.98695105885106e-09,3.25496665495396e-12,-1.94399905482826e-13,-1.93561897513139e-13,NaN
-2538.85953733334,-0.314760666666667,-7.6118e-07,3.01083333333349e-09,2.989839007839e-09,7.10863460859986e-13,-5.48861977847911e-14,-5.25694668734377e-14,NaN
-2528.78913633334,-0.313512166666667,-7.5823e-07,2.91999999999998e-09,2.98837278577278e-09,-6.6921434421708e-13,1.94400813867756e-13,2.05935493523548e-13,NaN
-2518.721424,-0.312264,-7.5534e-07,2.91000000000002e-09,2.98850057915057e-09,2.75693518193299e-12,5.27996688922637e-13,5.40314575792506e-13,NaN
-2508.550198,-0.311003,-7.5241e-07,2.96500000000005e-09,2.99388665613664e-09,2.29679712180448e-12,7.85865724176772e-13,7.49273794565626e-13,NaN
-2498.475764,-0.309754,-7.4941e-07,3.00249999999998e-09,2.99309417339417e-09,-4.65215572714921e-12,6.64263536278613e-13,6.52353582039585e-13,NaN
-2488.37982066666,-0.308502333333333,-7.46405e-07,3.02999999999994e-09,2.98458234468234e-09,-4.34360594360901e-12,2.86351587339978e-13,3.07095249437818e-13,NaN
-2478.302698,-0.307253,-7.4335e-07,3.06249999999999e-09,2.98440696150696e-09,2.21389668889272e-12,-8.57591944053213e-14,-1.09996096644449e-13,NaN
-2468.21885366666,-0.306002833333333,-7.4028e-07,3.01500000000006e-09,2.98901013806013e-09,3.49135954135649e-12,-4.31967271864944e-13,-4.18833690782761e-13,NaN
-2458.121566,-0.304751,-7.3732e-07,2.94500000000003e-09,2.99138968058967e-09,2.77476599976628e-12,-4.49407248490052e-13,-3.90129607802557e-13,NaN
-2447.966472,-0.303492,-7.3439e-07,2.92833333333349e-09,2.99455967005966e-09,2.40906750907399e-12,1.1561159642732e-14,-1.33398372932005e-14,NaN
-2437.900104,-0.302244,-7.31463333333333e-07,2.92999999999994e-09,2.99620781560782e-09,4.31467181498593e-14,4.09005761769346e-13,3.61049913279633e-13,NaN
-2427.817604,-0.300994,-7.2853e-07,2.98083333333298e-09,2.99464596349596e-09,-2.0160114660192e-12,4.91505998044942e-13,4.9234449072393e-13,NaN
-2417.710906,-0.299741,-7.25501666666667e-07,3.04000000000006e-09,2.99217579267578e-09,-4.38596583596417e-12,5.6712620767132e-13,6.11665343292428e-13,NaN
-2407.644538,-0.298493,-7.2245e-07,3.05083333333353e-09,2.98587403182403e-09,-4.69538434537031e-12,9.34148315262092e-13,9.52124051176568e-13,NaN
-2397.545906,-0.297241,-7.194e-07,3.09366666666651e-09,2.98278502398504e-09,7.4570317070974e-13,1.37123099651795e-12,1.29618953034975e-12,NaN
-2387.42038733334,-0.295985666666667,-7.16262666666667e-07,3.03516666666649e-09,2.98736543816545e-09,5.17723470223045e-12,1.44731600813734e-12,1.44931712034602e-12,NaN
-2377.316378,-0.294733,-7.13329666666667e-07,2.84133333333347e-09,2.9931394933895e-09,6.77186147185022e-12,1.60682887878103e-12,1.67655061211861e-12,NaN
-2367.233878,-0.293483,-7.1058e-07,2.86483333333348e-09,3.00090916110915e-09,7.33374575874532e-12,2.27084882800853e-12,2.25579872599907e-12,NaN
-2357.159444,-0.292234,-7.076e-07,3.07475000000001e-09,3.00780698490699e-09,2.41713466713946e-12,3.04703485310756e-12,3.03320041203781e-12,NaN
-2347.076944,-0.290984,-7.044305e-07,3.10208333333347e-09,3.00574343044343e-09,-2.09757517257808e-12,3.71863047480952e-12,3.7350218318902e-12,NaN
-2337.00251,-0.289735,-7.01395833333333e-07,2.94274999999997e-09,3.00361183456183e-09,1.27298467298831e-12,4.23028102632617e-12,4.20034324319965e-12,NaN
-2326.887746,-0.288481,-6.98545e-07,3.01908333333303e-09,3.00828939978941e-09,4.55439627939962e-12,4.33539934159466e-12,4.3188477339128e-12,NaN
-2316.732652,-0.287222,-6.95357666666667e-07,3.15950000000002e-09,3.01272062712063e-09,4.43162220661961e-12,4.13667239102815e-12,4.16602271032737e-12,NaN
-2306.625954,-0.285969,-6.92226e-07,2.95291666666697e-09,3.01715264420265e-09,5.5092371592331e-12,3.92988923466154e-12,3.93645939710423e-12,NaN
-2296.55017566666,-0.284719833333333,-6.89451833333333e-07,2.87799999999998e-09,3.0237391014391e-09,6.87831402831375e-12,3.6684185407055e-12,3.64962260976549e-12,NaN
-2286.460954,-0.283469,-6.8647e-07,2.97641666666651e-09,3.03090927225928e-09,5.77556452557299e-12,3.22897708220604e-12,3.20459777706075e-12,NaN
-2276.402652,-0.282222,-6.83499e-07,2.99700000000004e-09,3.03529023049025e-09,2.88256405756877e-12,2.70756749317596e-12,2.75567500478172e-12,NaN
-2266.31343033334,-0.280971166666667,-6.80476e-07,3.03725000000004e-09,3.03667440037441e-09,5.33426933425963e-13,2.48461763432307e-12,2.54092346725799e-12,NaN
-2256.156992,-0.279712,-6.774245e-07,3.07883333333346e-09,3.0363570843571e-09,-6.36977886981496e-13,2.37930106428794e-12,2.27249139996151e-12,NaN
-2246.066426,-0.278461,-6.74318333333333e-07,3.04433333333351e-09,3.03540044460045e-09,-8.41166491172437e-13,1.55388995747046e-12,1.51442827747815e-12,NaN
-2235.983926,-0.277211,-6.71335833333333e-07,3.13716666666655e-09,3.03467475137475e-09,1.57300807300252e-13,4.16769238745614e-13,5.20124501063481e-13,NaN
-2225.93369,-0.275965,-6.68044e-07,3.13291666666649e-09,3.03571504621505e-09,2.8587340587371e-12,-1.6328990043469e-13,-1.60723528494082e-13,NaN
-2215.863289,-0.2747165,-6.6507e-07,3.0069166666665e-09,3.04039221949223e-09,4.25969930969777e-12,-5.23327662326998e-13,-5.61971690747013e-13,NaN
-2205.76869,-0.273465,-6.62030166666667e-07,3.02799999999999e-09,3.04423444483445e-09,-9.03463203464311e-13,-1.03032525516162e-12,-1.03009608920783e-12,NaN
-2195.694256,-0.272216,-6.59014e-07,3.01591666666696e-09,3.0385852930853e-09,-6.73591903591866e-12,-1.60041688893537e-12,-1.59898489159374e-12,NaN
-2185.514964,-0.270954,-6.55998333333333e-07,2.99016666666652e-09,3.03076260676261e-09,-4.73345325845128e-12,-2.1524103764393e-12,-2.1268588080653e-12,NaN
-2175.432464,-0.269704,-6.53033666666667e-07,3.10775000000002e-09,3.0291183865684e-09,-1.18680531179954e-12,-2.62182016611679e-12,-2.64474245401956e-12,NaN
-2165.38760533334,-0.268458666666667,-6.49782833333333e-07,3.09833333333347e-09,3.02838899613901e-09,-3.75340470340186e-12,-3.24226233744126e-12,-3.27965803794016e-12,NaN
-2155.31586,-0.26721,-6.46837e-07,2.9799166666665e-09,3.02161157716159e-09,-4.73341523342029e-12,-3.97992627768718e-12,-3.92776521870177e-12,NaN
-2145.209162,-0.265957,-6.43823e-07,3.00725000000006e-09,3.01892216567217e-09,8.79048204036216e-13,-4.36471820164184e-12,-4.36377697009631e-12,NaN
-2135.134728,-0.264708,-6.408225e-07,3.036e-09,3.02336967356966e-09,3.51866151866414e-13,-4.53509001225561e-12,-4.57493401208146e-12,NaN
-2124.97828966666,-0.263448833333333,-6.37751e-07,3.03183333333349e-09,3.0196258979759e-09,-6.22870597869881e-12,-4.64047464717666e-12,-4.5917367293183e-12,NaN
-2114.90385566666,-0.262199833333333,-6.34758833333333e-07,2.97349999999997e-09,3.01091226161227e-09,-8.45625658126426e-12,-4.3654583794182e-12,-4.34404687042928e-12,NaN
-2104.830766,-0.260951,-6.31804e-07,2.94191666666645e-09,3.00271338481337e-09,-8.20543173043685e-12,-3.96323652367432e-12,-4.03078461304193e-12,NaN
-2094.748266,-0.259701,-6.28875e-07,2.95333333333354e-09,2.99450139815139e-09,-6.69976599975931e-12,-3.93680533284325e-12,-3.95199642764309e-12,NaN
-2084.641568,-0.258448,-6.25897333333333e-07,2.95200000000007e-09,2.98931385281386e-09,-3.87590675090463e-12,-4.00110001720109e-12,-3.95430572719153e-12,NaN
-2074.583266,-0.257201,-6.22971e-07,2.98716666666649e-09,2.98674958464958e-09,-2.99172516672274e-12,-3.69382634769251e-12,-3.66469222251325e-12,NaN
-2064.420106,-0.255941,-6.19923e-07,3.03833333333345e-09,2.98333040248041e-09,-4.39440739437055e-13,-3.09862347870702e-12,-3.14823058329306e-12,NaN
-2054.353738,-0.254693,-6.16894333333333e-07,3.02033333333349e-09,2.98587070317071e-09,2.37088159587775e-12,-2.63902869172552e-12,-2.66918271503329e-12,NaN
-2044.263172,-0.253442,-6.13882333333333e-07,2.99266666666653e-09,2.98807216567217e-09,-1.15000585001314e-12,-2.15982971472505e-12,-2.07073351374611e-12,NaN
-2034.184705,-0.2521925,-6.10909e-07,2.95766666666652e-09,2.98357069147068e-09,-3.48525213526117e-12,-1.15401733709196e-12,-1.15851344701694e-12,NaN
-2024.08472866666,-0.250940333333333,-6.07967e-07,2.94649999999997e-09,2.98110166140164e-09,-2.61085761085606e-12,-1.54038026300146e-13,-2.12503168382004e-13,NaN
-2014.01298333334,-0.249691666666667,-6.05016e-07,2.95733333333349e-09,2.97834897624897e-09,-3.31833391832659e-12,3.60116365967922e-13,3.74373953262531e-13,NaN
-2003.929139,-0.2484415,-6.02052333333333e-07,3.00066666666654e-09,2.97446499356499e-09,-9.83678483291126e-15,5.90547312318132e-13,5.78768004776468e-13,NaN
-1993.78748833334,-0.247184166666667,-5.99014666666667e-07,3.02825e-09,2.97832930267931e-09,4.84342751843183e-12,5.73017766919258e-13,5.74222097430702e-13,NaN
-1983.68885633334,-0.245932166666667,-5.95995833333333e-07,3.01474999999995e-09,2.98415184860185e-09,2.99057271556619e-12,4.80715938592823e-13,5.08908406528078e-13,NaN
-1973.621144,-0.244684,-5.92985166666667e-07,2.98291666666653e-09,2.98431044811044e-09,2.25775125769096e-13,4.72779513526837e-13,4.41037201992607e-13,NaN
-1963.54671,-0.243435,-5.9003e-07,2.96958333333357e-09,2.98460339885339e-09,6.91441441443207e-13,3.79434051998003e-13,3.8539373814976e-13,NaN
-1953.456144,-0.242184,-5.87046e-07,2.95349999999995e-09,2.98569333099332e-09,1.22058617058934e-12,4.0123208218238e-13,4.55853999333924e-13,NaN
-1943.365578,-0.240933,-5.84123e-07,2.95199999999996e-09,2.98704457119457e-09,-7.97940797730256e-15,6.69196460485526e-13,6.23152268700427e-13,NaN
-1933.210484,-0.239674,-5.81142e-07,3.00658333333353e-09,2.98567737217737e-09,-1.29837662338567e-12,6.77094343211647e-13,6.58259823788374e-13,NaN
-1923.13067266666,-0.238424333333333,-5.78109833333333e-07,3.02191666666654e-09,2.9844478179478e-09,-1.92266292273081e-13,4.5587512415777e-13,4.94820808800137e-13,NaN
-1913.04413966666,-0.237173833333333,-5.75098166666667e-07,2.99291666666649e-09,2.98529283959282e-09,1.1728384228918e-13,2.56224257059109e-13,2.1290277547225e-13,NaN
-1902.946852,-0.235922,-5.72124e-07,2.98108333333351e-09,2.98468238563238e-09,-3.84345384339517e-13,-1.25539125176737e-13,-1.23632912641278e-13,NaN
-1892.88855,-0.234675,-5.69136e-07,2.97350000000002e-09,2.98452414882414e-09,3.26597051602067e-13,-3.87678604462146e-13,-3.28672972654612e-13,NaN
-1882.838314,-0.233429,-5.66177e-07,2.93899999999997e-09,2.98533557973558e-09,5.63618813679323e-14,-2.50696908956511e-13,-2.72798685961142e-13,NaN
-1872.747748,-0.232178,-5.63258e-07,2.96824999999999e-09,2.98463687258688e-09,-5.69556569550099e-13,-1.23495804573789e-13,-1.52252891890268e-13,NaN
-1862.536192,-0.230912,-5.602405e-07,3.0185e-09,2.98419646659648e-09,-1.32847782844274e-13,-1.57122992173902e-13,-1.52627920595467e-13,NaN
-1852.47789,-0.229665,-5.57221e-07,3.0035833333335e-09,2.98437117702119e-09,5.24628524610118e-14,-1.67126820591186e-13,-1.42126976068476e-13,NaN
-1842.38597966666,-0.228413833333333,-5.54233333333333e-07,3.00950000000001e-09,2.9843013923014e-09,-3.73844623828176e-14,-2.14981404083872e-14,-2.00117988265766e-14,NaN
-1832.296758,-0.227163,-5.51202e-07,3.01816666666649e-09,2.98429640809643e-09,5.21217971222058e-13,1.201073450268e-13,8.58171681204762e-14,NaN
-1822.23711166666,-0.225915833333333,-5.48197e-07,2.97191666666649e-09,2.98534382824385e-09,5.23157248159866e-13,8.06932805788906e-14,1.05133322488644e-13,NaN
-1812.143857,-0.2246645,-5.45258166666667e-07,2.93900000000002e-09,2.98534272259275e-09,-4.46057096063303e-13,8.33153750195076e-14,8.8056719659512e-14,NaN
-1801.95918766666,-0.223401833333333,-5.42319e-07,2.9555833333335e-09,2.98445171405172e-09,-5.09661284677424e-13,6.58955148398148e-14,3.46903735016576e-14,NaN
-1791.88475366666,-0.222152833333333,-5.39347e-07,2.97649999999995e-09,2.98432340002339e-09,-1.26793026796187e-13,-8.89601009357423e-14,-6.42737554754932e-14,NaN
-1781.835862,-0.220907,-5.36366e-07,2.99799999999996e-09,2.98419812799813e-09,2.2955422958744e-14,-1.34585291004217e-13,-1.26921707965083e-13,NaN
-1771.729164,-0.219654,-5.33351e-07,3.00750000000001e-09,2.98436931086931e-09,1.75149175124738e-14,-1.1232123776557e-13,-1.32511136446581e-13,NaN
-1761.65473,-0.218405,-5.30351e-07,3.02750000000003e-09,2.98423315783315e-09,2.75046800049936e-13,-1.52917592409658e-13,-1.4631672805013e-13,NaN
-1751.57357433334,-0.217155166666667,-5.27296e-07,2.99233333333351e-09,2.98491940446941e-09,9.04595179600312e-13,-1.51575188181212e-13,-1.42666820582458e-13,NaN
-1741.40907,-0.215895,-5.24366333333333e-07,2.93908333333352e-09,2.98604234819235e-09,-6.48619398674072e-14,-8.05049425194536e-14,-8.75190425444499e-14,NaN
-1731.32657,-0.214645,-5.21417833333333e-07,2.95050000000002e-09,2.98478968058967e-09,-1.21045688545987e-12,-1.58487281823952e-14,-1.53448749890898e-14,NaN
-1721.260202,-0.213397,-5.18465333333333e-07,2.96241666666649e-09,2.98362143442143e-09,-6.77079677080126e-13,4.80827490302432e-14,5.77374656100305e-14,NaN
-1711.165603,-0.2121455,-5.15493e-07,2.99775000000001e-09,2.98343552123551e-09,-7.67043992055151e-13,1.11100496063511e-13,9.43660155267982e-14,NaN
-1701.087136,-0.210896,-5.12469833333333e-07,3.03733333333348e-09,2.98208734643732e-09,-3.74613899615541e-13,6.03771597649401e-14,5.39143197816305e-14,NaN
-1690.9997964,-0.2096454,-5.09418333333333e-07,3.02316666666647e-09,2.98268629343628e-09,1.26839534340747e-12,-2.16790067562876e-14,3.47425375319644e-15,NaN
-1680.87118576666,-0.208389683333333,-5.064235e-07,2.97516666666653e-09,2.98462413712414e-09,1.06014976015923e-12,2.27400494142888e-14,1.51724456206601e-14,NaN
-1670.7779311,-0.20713835,-5.03468e-07,2.95425000000002e-09,2.9848065929566e-09,2.73572598573027e-13,5.79876752471493e-14,2.35121916126058e-14,NaN
-1660.6716364,-0.2058854,-5.00515e-07,2.94349999999999e-09,2.98517128232129e-09,5.90253890249004e-13,3.67059286384423e-14,7.90930894348258e-14,NaN
-1650.6088981,-0.20463785,-4.97581e-07,2.94966666666646e-09,2.9859871007371e-09,4.89604539594025e-13,3.13750843220658e-13,3.53293654895675e-13,NaN
-1640.4921176,-0.2033836,-4.94615666666667e-07,3.0089166666665e-09,2.98615049140047e-09,-3.43974493979133e-13,7.49461576668477e-13,6.85154597462391e-13,NaN
-1630.4043747,-0.20213295,-4.91563166666667e-07,3.03833333333356e-09,2.98529915174914e-09,-6.34450684441911e-13,7.42844483781382e-13,7.22477261650827e-13,NaN
-1620.3093724,-0.2008814,-4.88539e-07,3.0035833333335e-09,2.98488159003159e-09,-1.78697203696596e-13,4.43154010096519e-13,4.84357595185121e-13,NaN
-1610.22297383334,-0.199630916666667,-4.85556e-07,2.99149999999999e-09,2.98494175734175e-09,4.57441207384242e-14,2.37262192674173e-13,2.25762659442143e-13,NaN
-1600.1177546,-0.1983781,-4.82556e-07,2.95899999999999e-09,2.98497307827307e-09,8.87989937988259e-13,3.13325758742644e-14,2.3014161380892e-14,NaN
-1590.0175094,-0.1971259,-4.79638e-07,2.94600000000001e-09,2.98671773721772e-09,1.56175266175501e-12,-1.34310074902936e-13,-1.04544504304617e-13,NaN
-1579.92828773334,-0.195875066666667,-4.76664e-07,2.9725e-09,2.98809658359658e-09,3.86650286656756e-13,-1.22292825167813e-13,-1.32664639415139e-13,NaN
-1569.83852833334,-0.194624166666667,-4.73693e-07,2.9846666666665e-09,2.98749103779104e-09,7.45366795372104e-13,-1.42507730744471e-13,-1.64345057924727e-13,NaN
-1559.76261556666,-0.193374983333333,-4.70694666666667e-07,3.02350000000003e-09,2.98958731718732e-09,1.97075289575643e-12,-2.83842347904871e-13,-2.70431650463942e-13,NaN
-1549.6471794,-0.1921209,-4.67646e-07,3.02149999999997e-09,2.99143254358255e-09,-2.09252954252718e-12,-3.80415415817989e-13,-3.74438187516976e-13,NaN
-1539.57086333334,-0.190871666666667,-4.64651666666667e-07,2.99558333333352e-09,2.98540225810227e-09,-5.25539663039481e-12,-4.22803810463637e-13,-4.32660409452951e-13,NaN
-1529.4660474,-0.1896189,-4.61654833333333e-07,2.98016666666703e-09,2.98092175032176e-09,-1.44331929331484e-12,-4.7131873800011e-13,-4.65821931614576e-13,NaN
-1519.3577362,-0.1883657,-4.58691333333333e-07,2.94841666666647e-09,2.98251561951564e-09,1.24054931554988e-12,-4.71277749710368e-13,-4.66338163963761e-13,NaN
-1509.293788,-0.187118,-4.55758e-07,2.960583333333e-09,2.98340284895286e-09,5.14847314838066e-13,-4.32127804708593e-13,-4.41465539105229e-13,NaN
-1499.1733778,-0.1858633,-4.52770166666667e-07,2.99125000000001e-09,2.98354531414531e-09,2.73882648880844e-13,-4.20944362486047e-13,-4.20093251874663e-13,NaN
-1489.0811986,-0.1846121,-4.497755e-07,3.00283333333348e-09,2.98395061425062e-09,-1.73920673919864e-13,-3.95862647906571e-13,-3.88587345134218e-13,NaN
-1478.9769204,-0.1833594,-4.467645e-07,3.01674999999997e-09,2.98319747279747e-09,-1.10643208144329e-12,-3.24947509633488e-13,-3.41689263678182e-13,NaN
-1468.8984534,-0.1821099,-4.43742e-07,2.99483333333352e-09,2.98173775008774e-09,-6.97048672060063e-13,-2.6114232867424e-13,-2.57851406394504e-13,NaN
-1458.7998214,-0.1808579,-4.40774833333333e-07,2.97741666666651e-09,2.98180337545335e-09,5.95252720253045e-13,-6.20700221814955e-14,-1.01474911537078e-14,NaN
-1448.710062,-0.179607,-4.37787166666667e-07,2.96941666666653e-09,2.98292825552824e-09,9.92541242553242e-13,3.76252399428493e-13,3.44604274354656e-13,NaN
-1438.59193716666,-0.178352583333333,-4.34836e-07,2.96858333333349e-09,2.98378845793846e-09,9.62551187563096e-13,5.52045063748618e-13,4.95339550616869e-13,NaN
-1428.4998924,-0.1771014,-4.3185e-07,2.98899999999998e-09,2.98485335790337e-09,7.20612495616111e-13,3.32756224233209e-13,3.79255463721449e-13,NaN
-1418.41806456666,-0.175851483333333,-4.28858e-07,2.96050000000001e-09,2.98522968292969e-09,-3.4560957061467e-13,2.47398454207004e-13,2.72074950003817e-13,NaN
-1408.3365056,-0.1746016,-4.25929e-07,2.99666666666651e-09,2.98416213876214e-09,-8.88346788350581e-13,2.82493199631942e-13,2.40877475743705e-13,NaN
-1398.2475528,-0.1733508,-4.22864666666667e-07,3.02224999999999e-09,2.98345298935299e-09,-6.16435591439396e-13,1.36669455507147e-13,1.19315689411903e-13,NaN
-1388.1093974,-0.1720939,-4.198845e-07,2.89358333333348e-09,2.98292926757926e-09,2.47221247217445e-13,-5.92700447216025e-15,5.02416952336963e-14,NaN
-1378.0301238,-0.1708443,-4.170775e-07,2.87125000000001e-09,2.98394743184743e-09,1.35261202761515e-12,2.41310197833757e-13,2.59405867254934e-13,NaN
-1367.9201994,-0.1695909,-4.14142e-07,3.05316666666651e-09,2.98563449163449e-09,1.52566105066599e-12,6.09685943996309e-13,5.46893443935919e-13,NaN
-1357.8538314,-0.1683429,-4.10971166666667e-07,3.07450000000001e-09,2.98699875394876e-09,9.45475020485838e-13,6.19388972339836e-13,6.28224382828349e-13,NaN
-1347.7551994,-0.1670909,-4.07993e-07,2.99675e-09,2.98752544167546e-09,-2.43708318705955e-13,5.23187188559895e-13,5.49296282708134e-13,NaN
-1337.6646334,-0.1658399,-4.04977666666667e-07,3.0185e-09,2.98651133731135e-09,-8.40973440992299e-13,4.7076870931939e-13,4.35693975897617e-13,NaN
-1327.5692278,-0.1645883,-4.01956e-07,2.9988333333335e-09,2.98584349479348e-09,-5.48663273671489e-13,3.07215552885104e-13,3.24269938941176e-13,NaN
-1317.45271616666,-0.163334083333333,-3.9898e-07,2.96516666666651e-09,2.985414010764e-09,-4.99865449856455e-13,2.86814960777842e-13,3.38316695445292e-13,NaN
-1307.3711572,-0.1620842,-3.96025666666667e-07,2.9650833333335e-09,2.98484376389376e-09,2.84620334627673e-13,4.64886337197569e-13,4.17338472891425e-13,NaN
-1297.2886572,-0.1608342,-3.93049833333333e-07,2.97133333333351e-09,2.98598325143326e-09,3.14272551773989e-12,2.95895515224003e-13,2.49109569935029e-13,NaN
-1287.180346,-0.159581,-3.90083e-07,2.99175e-09,2.99112921492924e-09,4.64474376975045e-12,-2.10966588491457e-13,-1.59995084743581e-13,NaN
-1277.09556063334,-0.158330716666667,-3.87066333333333e-07,3.01174999999999e-09,2.99527273897276e-09,-5.84316134328803e-13,-5.00673028926053e-13,-4.9014236460385e-13,NaN
-1267.00835546666,-0.157080133333333,-3.840595e-07,2.99891666666652e-09,2.98996058266059e-09,-5.25084825085672e-12,-6.12864404782244e-13,-6.35479500744647e-13,NaN
-1256.9030018,-0.1558273,-3.810685e-07,2.98791666666648e-09,2.98477104247105e-09,-2.36387036387102e-12,-7.10039065188186e-13,-6.9298372807223e-13,NaN
-1246.8067896,-0.1545756,-3.78083666666667e-07,2.96624999999998e-09,2.98523284193284e-09,-4.52012402015239e-13,-6.90852573043993e-13,-6.92856193545477e-13,NaN
-1236.7267094,-0.1533259,-3.75136e-07,2.97283333333352e-09,2.98386701766701e-09,-6.33780858785025e-13,-6.5293942426926e-13,-6.63589776629701e-13,NaN
-1226.6159784,-0.1520724,-3.72138e-07,2.98075000000001e-09,2.98396528021527e-09,1.49356206856127e-12,-6.70558542266265e-13,-6.62421879009843e-13,NaN
-1216.51344783334,-0.150819916666667,-3.691745e-07,2.98550000000001e-09,2.98685414180414e-09,-1.33087633018532e-14,-6.93714739565473e-13,-7.06857021646549e-13,NaN
-1206.4485586,-0.1495721,-3.66167e-07,2.99475e-09,2.98393866268867e-09,-4.87111559610596e-12,-7.67340566688942e-13,-7.77156792933971e-13,NaN
-1196.35261526666,-0.148320433333333,-3.63185e-07,2.98966666666648e-09,2.97711191061193e-09,-2.49791154791604e-12,-7.83041949879508e-13,-7.62926181233196e-13,NaN
-1186.2347593,-0.14706605,-3.60187666666667e-07,2.97774999999998e-09,2.97894283959284e-09,2.24384579383701e-12,-5.1790217585466e-13,-4.74523347271933e-13,NaN
-1176.14567206666,-0.145815233333333,-3.572295e-07,2.98150000000001e-09,2.9815996021996e-09,9.23186498187514e-13,1.63115011278103e-14,-1.52280353746346e-14,NaN
-1166.0556438,-0.1445643,-3.54224666666667e-07,2.9785833333335e-09,2.98078921258921e-09,3.81674856674694e-13,3.01745493344965e-13,2.44007450957243e-13,NaN
-1155.95875943334,-0.143312516666667,-3.51272333333333e-07,2.971166666667e-09,2.98236295191295e-09,1.64526734526486e-12,1.88507472269057e-13,2.3791491391262e-13,NaN
-1145.8495072,-0.1420592,-3.48282333333333e-07,2.99266666666651e-09,2.98407974727974e-09,7.55326430322938e-13,2.0031560389576e-13,2.06302878153669e-13,NaN
-1135.76122656666,-0.140808483333333,-3.45287e-07,3.01625000000001e-09,2.98387360477359e-09,-2.62574587574313e-13,2.84467901712511e-13,2.5209824413478e-13,NaN
-1125.6562762,-0.1395557,-3.42249833333333e-07,3.00441666666651e-09,2.98355459810459e-09,-3.50813150806013e-13,3.18410846197805e-13,3.6450355038508e-13,NaN
-1115.57875023334,-0.138306316666667,-3.39278166666667e-07,2.883833333333e-09,2.98317197847198e-09,-3.47191997189743e-13,5.57236922903669e-13,5.68027364859147e-13,NaN
-1105.4557858,-0.1370513,-3.36482166666667e-07,2.85924999999999e-09,2.98286021411022e-09,2.37115362116368e-13,7.18290401863925e-13,6.3896327378247e-13,NaN
-1095.3692528,-0.1358008,-3.33559666666667e-07,3.06358333333349e-09,2.98364620919622e-09,4.15449865454609e-13,3.93027063631819e-13,4.10267348738281e-13,NaN
-1085.2778802,-0.1345497,-3.30355e-07,3.0823333333335e-09,2.98369111384112e-09,5.36501111501822e-13,9.8385849710902e-14,1.63312368304565e-13,NaN
-1075.18785193334,-0.133298766666667,-3.27395e-07,2.98400000000002e-09,2.98471921141922e-09,6.6100093599724e-13,1.50169042029331e-13,1.05510321393659e-13,NaN
-1065.0943284,-0.1320474,-3.24387e-07,2.99658333333349e-09,2.98501311571312e-09,4.16836316833846e-13,1.0670287225586e-13,8.39098008547859e-14,NaN
-1055.01895336666,-0.130798283333333,-3.21401833333333e-07,3.00049999999998e-09,2.98555288405289e-09,3.42719667719831e-13,4.73319794754226e-14,9.64121706223965e-14,NaN
-1044.8994842,-0.1295437,-3.18386e-07,2.96775e-09,2.98569855504856e-09,-1.46536796535598e-13,3.17320169118818e-13,3.46203949973385e-13,NaN
-1034.83257846666,-0.128295633333333,-3.15466333333333e-07,2.96016666666651e-09,2.98525981045982e-09,7.57254007259373e-14,6.89329016568814e-13,6.34560080707905e-13,NaN
-1024.728838,-0.127043,-3.12465666666667e-07,2.99666666666651e-09,2.98585000585001e-09,3.90710190709897e-13,5.99042653904902e-13,5.58803102353341e-13,NaN
-1014.6229466,-0.1257901,-3.09473e-07,2.96833333333351e-09,2.98604123084124e-09,-1.08751608751031e-13,1.21116131583838e-13,1.61251618489791e-13,NaN
-1004.54461403334,-0.124540616666667,-3.06529e-07,2.99e-09,2.98563250263251e-09,-3.24286299289001e-13,-2.00334065169409e-13,-1.76578952506698e-13,NaN
-994.441276866664,-0.123288033333333,-3.03493e-07,3.01141666666652e-09,2.98539265824266e-09,3.20621270615519e-13,-2.89438798365995e-13,-3.11145654815964e-13,NaN
-984.350442,-0.122037,-3.00506166666667e-07,2.98850000000001e-09,2.98627374517374e-09,4.98692523697345e-13,-3.47471911082039e-13,-3.43238190024353e-13,NaN
-974.2485836,-0.1207846,-2.97516e-07,2.97108333333348e-09,2.98639004329005e-09,2.41672516677354e-13,-3.22460587810687e-13,-3.05726753034077e-13,NaN
-964.144977566664,-0.119531983333333,-2.94564e-07,2.97899999999999e-09,2.98675709020709e-09,9.71624546620806e-13,-2.1182542538476e-13,-2.32173657221163e-13,NaN
-954.0642252,-0.1182822,-2.91558e-07,2.97400000000001e-09,2.98833329238329e-09,1.17421317421011e-12,-2.08215093030862e-13,-2.09893726187379e-13,NaN
-943.971911566664,-0.117030983333333,-2.88616e-07,2.97425000000002e-09,2.98910551655551e-09,-2.14054054054979e-12,-2.66882221884229e-13,-2.634781803855e-13,NaN
-933.8758338,-0.1157793,-2.856095e-07,2.99183333333349e-09,2.98405221130219e-09,-5.90243360244666e-12,-3.23495389587391e-13,-3.28657844574995e-13,NaN
-923.784192333336,-0.114528166666667,-2.82632333333333e-07,2.99374999999997e-09,2.97730064935062e-09,-2.24292149292366e-12,-3.53436991268049e-13,-3.40315894442226e-13,NaN
-913.6729236,-0.1132746,-2.79622e-07,3.00916666666651e-09,2.97956636831635e-09,3.31945419446288e-12,-2.71860780531861e-13,-2.67406098663588e-13,NaN
-903.5718718,-0.1120223,-2.76614e-07,2.98116666666651e-09,2.98393955773955e-09,2.44313209313849e-12,-1.46999973952418e-13,-1.62016225483389e-13,NaN
-893.502949566664,-0.110773983333333,-2.73659666666667e-07,2.9725e-09,2.98445263250262e-09,4.47797472807569e-13,-9.90590765664949e-14,-9.8645760662741e-14,NaN
-883.405124166664,-0.109522083333333,-2.70669e-07,2.96483333333352e-09,2.98483515268516e-09,5.19032994045094e-13,-7.3052992216206e-14,-6.66083709592322e-14,NaN
-873.3106596,-0.1082706,-2.6773e-07,2.97599999999999e-09,2.98549069849071e-09,-2.84737334736328e-13,-1.88186436207932e-14,-2.59602542395046e-14,NaN
-863.213775233336,-0.107018816666667,-2.64717e-07,2.99449999999999e-09,2.98426567801569e-09,-1.50027202528039e-12,3.86197985024742e-14,4.30843074952987e-14,NaN
-853.106673933336,-0.105765766666667,-2.61741e-07,2.98300000000002e-09,2.98249015444015e-09,-4.08116883122553e-13,1.57556953987959e-13,1.7529551649179e-13,NaN
-842.9986316,-0.1045126,-2.58751e-07,2.99041666666647e-09,2.98344944424944e-09,7.26959751960959e-13,3.44201504420406e-13,3.45391118012803e-13,NaN
-832.93549,-0.103265,-2.55760166666667e-07,2.99491666666649e-09,2.98394407394407e-09,6.70164970166459e-13,3.97812235506529e-13,3.4662035958185e-13,NaN
-822.840218833336,-0.102013416666667,-2.52761166666667e-07,2.99675000000003e-09,2.98478977418978e-09,9.38349713354714e-13,1.03769107708416e-13,1.10538318314491e-13,NaN
-812.7479052,-0.1007622,-2.49766666666667e-07,2.96558333333351e-09,2.98582077337078e-09,8.90926640987648e-14,-1.55309366057254e-13,-9.97174755896619e-14,NaN
-802.6291082,-0.0995077,-2.4683e-07,2.96825000000001e-09,2.98496795951797e-09,-1.16451678951755e-12,-7.57787966113502e-14,-9.84555729395904e-14,NaN
-792.5498346,-0.0982581,-2.43830166666667e-07,2.98050000000001e-09,2.98349173979175e-09,-8.2423949924623e-13,-2.56685022998738e-15,-2.41558351134726e-14,NaN
-782.4528158,-0.0970063,-2.40869e-07,2.98108333333347e-09,2.98331948051948e-09,2.70328770293513e-14,-1.60388026931461e-14,9.53508681494222e-15,NaN
-772.347058833334,-0.0957534166666667,-2.37868e-07,2.9975e-09,2.98354580554581e-09,1.63329238333409e-13,5.53115605265207e-14,5.32875505977304e-14,NaN
-762.261198,-0.094503,-2.34874e-07,3.00625000000001e-09,2.98364613899615e-09,2.57672282679469e-13,8.46284096953298e-14,5.32999000854554e-14,NaN
-752.1601462,-0.0932507,-2.318555e-07,2.9920833333335e-09,2.98406115011117e-09,8.01371826369442e-13,-3.13306357511813e-14,-6.73566610928585e-15,NaN
-742.0663538,-0.0919993,-2.28889833333333e-07,2.97825000000001e-09,2.98524888264889e-09,1.17484497483456e-12,-3.03086775956071e-14,-1.25392490916304e-14,NaN
-731.962344466667,-0.0907466333333333,-2.25899e-07,2.96849999999999e-09,2.98641084006084e-09,-1.8407335907317e-13,6.30098698906776e-14,3.28099966395196e-14,NaN
-721.862637,-0.0894945,-2.22952833333333e-07,2.96899999999999e-09,2.98488073593074e-09,-1.40958815957849e-12,1.66305932232358e-14,2.05325217449984e-14,NaN
-711.776104,-0.088244,-2.19961e-07,2.98441666666652e-09,2.98359166374168e-09,-8.26497601494075e-13,-4.91090664855268e-14,-3.46816829143049e-14,NaN
-701.6831182,-0.0869927,-2.16984e-07,2.98691666666649e-09,2.98322774072775e-09,-8.17041067087445e-14,-5.93941675437682e-14,-7.04220200191015e-14,NaN
-691.5796466,-0.0857401,-2.13987166666667e-07,3.00108333333348e-09,2.98342825552826e-09,5.12899262896384e-13,-1.07729243257236e-13,-1.07510661653194e-13,NaN
-681.495398966667,-0.0844898833333333,-2.10981833333333e-07,3.0060833333335e-09,2.98425353925355e-09,6.78916578917046e-13,-1.58960548052787e-13,-1.51288074441878e-13,NaN
-671.385071266666,-0.0832364333333333,-2.07975e-07,2.97941666666651e-09,2.9847860886861e-09,-2.43857493894022e-14,-1.80484455071097e-13,-1.85254928986328e-13,NaN
-661.303109,-0.0819865,-2.05023e-07,2.95633333333351e-09,2.98420476775477e-09,-2.27000702010384e-13,-2.29209529580111e-13,-2.37979861246313e-13,NaN
-651.2141562,-0.0807357,-2.02062333333333e-07,2.961e-09,2.98433208728207e-09,1.31341406337583e-13,-3.06388807836748e-13,-3.04925802950872e-13,NaN
-641.116465233334,-0.0794838166666667,-1.99101e-07,2.979083333333e-09,2.98446745056744e-09,-1.09887094887052e-12,-3.10954789992237e-13,-2.84426150024115e-13,NaN
-631.008288466666,-0.0782306333333333,-1.96104166666667e-07,3.0076666666665e-09,2.98213434538433e-09,-1.86260676261182e-12,-1.58908366533022e-13,-1.73405985908878e-13,NaN
-620.9239064,-0.0769804,-1.93085666666667e-07,3.01108333333351e-09,2.98074223704222e-09,-2.04896454921826e-14,-7.57512275736374e-14,-9.6388298374137e-14,NaN
-610.822048,-0.075728,-1.90082e-07,2.99083333333351e-09,2.98209336609335e-09,1.33009243009598e-12,-1.17846170510301e-13,-9.79034836563524e-14,NaN
-600.7185764,-0.0744754,-1.87104e-07,2.9735e-09,2.98340242190241e-09,5.09798759802079e-13,-1.00790166733403e-13,-1.04958159029122e-13,NaN
-590.6683404,-0.0732294,-1.84135e-07,2.9699166666665e-09,2.98311296361295e-09,-3.40207090204969e-13,-7.284486759607e-14,-7.56607438570094e-14,NaN
-580.534755733334,-0.0719730666666667,-1.81164166666667e-07,2.9765e-09,2.982722007722e-09,-5.86384111374779e-13,-3.36453476680416e-14,-1.98297729693124e-14,NaN
-570.435048266666,-0.0707209333333333,-1.78182e-07,2.95816666666701e-09,2.9819401953902e-09,-5.47168597156038e-13,5.00252081919009e-14,3.11945882445023e-14,NaN
-560.3522794,-0.0694709,-1.75247833333333e-07,2.97458333333351e-09,2.98162767052769e-09,-6.35486135439557e-14,5.02019103064691e-14,4.68573492126135e-14,NaN
-550.2617134,-0.0682199,-1.72232833333333e-07,3.01633333333299e-09,2.98181309816312e-09,7.68690768690821e-13,5.86104350513577e-14,8.99643429697628e-14,NaN
-540.1566286,-0.0669671,-1.69215166666667e-07,3.008583333333e-09,2.98316505206507e-09,1.05729203228466e-12,2.05996338230576e-13,1.90207221562684e-13,NaN
-530.0700956,-0.0657166,-1.66215666666667e-07,2.97758333333351e-09,2.98392768222769e-09,6.45869895721889e-14,2.57309583266741e-13,2.37709098970461e-13,NaN
-520.0005012,-0.0644682,-1.6326e-07,2.96833333333348e-09,2.98329422604421e-09,-5.58675558410439e-15,1.61706494707876e-13,1.73378781893436e-13,NaN
-509.884124,-0.063214,-1.60279e-07,2.968e-09,2.98391650871652e-09,2.59874809888169e-13,9.70157138919399e-14,1.04109685388313e-13,NaN
-499.7621006,-0.0619591,-1.57324e-07,2.95900000000001e-09,2.98381397566399e-09,-5.41412191418324e-13,1.04889198325363e-13,1.05682071039658e-13,NaN
-489.707025,-0.0607125,-1.54361e-07,2.99099999999999e-09,2.98283368433368e-09,-3.69009594013763e-13,1.44215904723556e-13,1.43347753719835e-13,NaN
-479.6035534,-0.0594599,-1.51342e-07,2.98300000000001e-09,2.98307595647596e-09,1.3444483445565e-13,1.6463460813515e-13,1.61249249008569e-13,NaN
-469.5194402,-0.0582097,-1.48395e-07,2.98941666666651e-09,2.98310257400259e-09,4.83122733106306e-14,1.25912511985522e-13,1.19280453377472e-13,NaN
-459.419732733334,-0.0569575666666667,-1.45363166666667e-07,3.02158333333349e-09,2.98317258102258e-09,9.34146484133735e-13,2.73126761768309e-14,3.15086412970937e-14,NaN
-449.3399214,-0.0557079,-1.42351833333333e-07,3.00608333333349e-09,2.98497086697086e-09,1.04326371826068e-12,-5.45278222948473e-14,-5.24877378677604e-14,NaN
-439.2291904,-0.0544544,-1.39351e-07,2.94975e-09,2.98525910845911e-09,-4.12802737797289e-13,-9.19248328365032e-14,-9.19426963496793e-14,NaN
-429.1107967,-0.05319995,-1.36452333333333e-07,2.93900000000001e-09,2.98414526149526e-09,-8.70287820284857e-13,-8.0995189837808e-14,-8.14519064034079e-14,NaN
-419.033270733334,-0.0519505666666667,-1.33473e-07,2.98875000000001e-09,2.98351853281854e-09,-7.14999415003222e-13,-1.76473200347113e-14,-7.27378791324486e-15,NaN
-408.945527833334,-0.0506999166666667,-1.30474833333333e-07,3.01e-09,2.98271526266526e-09,2.43506493453701e-14,1.07538709768836e-13,1.11378897275036e-13,NaN
-398.861817933334,-0.0494497666666667,-1.27453e-07,3.0184166666665e-09,2.98356723411723e-09,8.07727857734501e-13,1.82958291351776e-13,1.5931789530082e-13,NaN
-388.755523233334,-0.0481968166666667,-1.24438e-07,3.00166666666649e-09,2.98433071838073e-09,1.63539838552521e-13,5.2204628920714e-14,4.08891866279966e-14,NaN
-378.635650766666,-0.0469421833333333,-1.21449666666667e-07,2.97899999999999e-09,2.98389431379433e-09,-5.06692406694163e-13,-1.6532445272326e-13,-1.50551573538005e-13,NaN
-368.5419928,-0.0456908,-1.1848e-07,2.94100000000001e-09,2.98331733356734e-09,-4.06347256361308e-13,-2.18217635364021e-13,-1.93322844658171e-13,NaN
-358.4699786,-0.0444421,-1.15567666666667e-07,2.95833333333351e-09,2.98308161928161e-09,6.77401427348165e-14,-2.74138579467496e-14,-2.28536568953323e-14,NaN
-348.359113166666,-0.0431885833333333,-1.12563333333333e-07,2.99158333333351e-09,2.98345281385281e-09,1.67386217390705e-13,1.95708715681792e-13,1.71952621306542e-13,NaN
-338.284948033334,-0.0419396166666667,-1.095845e-07,2.980583333333e-09,2.98341639171639e-09,6.79118404120496e-13,1.86569576074974e-13,1.68541309851077e-13,NaN
-328.1644034,-0.0406849,-1.06602166666667e-07,3.01225e-09,2.98481105066105e-09,1.07441792441806e-12,-4.22573518359189e-14,-3.71865046943318e-14,NaN
-318.0778704,-0.0394344,-1.0356e-07,3.017916666667e-09,2.98556522756523e-09,-2.52612027611917e-13,-2.67868370507466e-13,-2.64430588438356e-13,NaN
-307.9913374,-0.0381839,-1.00566333333333e-07,2.96400000000001e-09,2.98430582660583e-09,-1.66500526500637e-12,-3.26519665714762e-13,-2.98210877708916e-13,NaN
-297.8818163,-0.03693055,-9.7632e-08,2.96016666666649e-09,2.98223521703521e-09,-1.35249502749967e-12,-9.45748807058426e-14,-8.02455838081386e-14,NaN
-287.7985097,-0.03568045,-9.4646e-08,2.9675e-09,2.98160083655083e-09,4.85374985373833e-13,2.21333147869728e-13,1.80374757500053e-13,NaN
-277.6954414,-0.0344279,-9.1697e-08,2.95200000000001e-09,2.98320596700596e-09,2.33537206037794e-12,2.47396452889174e-13,2.39367115206847e-13,NaN
-267.5835005,-0.03317425,-8.8742e-08,2.99575e-09,2.98627158067158e-09,1.30590265590697e-12,8.76549548759317e-14,1.01483030714136e-13,NaN
-257.4763992,-0.0319212,-8.57055e-08,3.02100000000001e-09,2.98581777231778e-09,-2.48099333099061e-12,-6.01758193527405e-14,-6.31937648912229e-14,NaN
-247.389597333334,-0.0306706666666667,-8.27e-08,3.00025000000001e-09,2.9813095940096e-09,-3.14804317304032e-12,-1.597078944253e-13,-1.55013234405479e-13,NaN
-237.3025266,-0.0294201,-7.9705e-08,3.00258333333335e-09,2.9795216859717e-09,3.73756873781168e-14,-1.39343930354579e-13,-1.26618280755921e-13,NaN
-227.207121,-0.0281685,-7.66948333333333e-08,2.968e-09,2.98138434538436e-09,2.55338422838281e-12,1.77423792820123e-14,1.60666854440112e-14,NaN
-217.111580966666,-0.0269168833333333,-7.3769e-08,2.93816666666665e-09,2.98462845442846e-09,3.17101907101154e-12,1.79911428922714e-13,1.75587358017563e-13,NaN
-207.020611666666,-0.0256658333333333,-7.08185e-08,2.969e-09,2.98772638352638e-09,1.71050076049511e-12,2.35073374449113e-13,2.23225127540436e-13,NaN
-196.9426824,-0.0244164,-6.7831e-08,3.02075e-09,2.98804945594945e-09,-1.96233766233955e-12,1.21585865636218e-13,1.06049413160456e-13,NaN
-186.826036333334,-0.0231621666666667,-6.4777e-08,3.0245e-09,2.9838017082017e-09,-3.55276705276477e-12,-8.3963900473066e-14,-6.63794811021223e-14,NaN
-176.734126,-0.021911,-6.1782e-08,2.9885e-09,2.98094392184392e-09,-1.00088627587916e-12,-1.23730114618614e-13,-1.00239118040629e-13,NaN
-166.645442066666,-0.0206602333333333,-5.88e-08,2.98641666666665e-09,2.98179993564994e-09,8.87285012282171e-13,5.49814731320206e-14,5.42206448334653e-14,NaN
-156.530678066666,-0.0194062333333333,-5.58091666666667e-08,2.9425e-09,2.98271849186849e-09,1.14862232361444e-12,2.30803485968119e-13,2.09552274297281e-13,NaN
-146.466461,-0.0181585,-5.2915e-08,2.92875e-09,2.98409718029717e-09,1.49340411840986e-12,1.91244877228773e-13,1.81695555827548e-13,NaN
-136.359763,-0.0169055,-4.99516666666667e-08,2.99966666666665e-09,2.98570530010531e-09,3.72469872477816e-13,-2.82545969204831e-14,-2.32313752958767e-14,NaN
-126.2522584,-0.0156524,-4.69156666666667e-08,3.01883333333335e-09,2.98484212004213e-09,-1.02344682344936e-12,-2.80846430633152e-13,-2.87159364141251e-13,NaN
-116.158466,-0.014401,-4.3914e-08,2.99958333333336e-09,2.98365840645841e-09,-6.95758745761899e-13,-4.78286370349809e-13,-4.67341818373469e-13,NaN
-106.0711264,-0.0131504,-4.09165e-08,2.9885e-09,2.9834506025506e-09,-5.95349245349008e-13,-4.58679271583204e-13,-4.25625430837277e-13,NaN
-95.9817703,-0.01189955,-3.7937e-08,2.94258333333335e-09,2.98246770796771e-09,-2.63150813151142e-13,-1.87816429570051e-13,-2.02385299082888e-13,NaN
-85.8782987,-0.01064695,-3.50313333333333e-08,2.9575e-09,2.9829243009243e-09,7.37785187785195e-13,-1.71172815828815e-14,-5.05311515995128e-14,NaN
-75.7916312666667,-0.00939643333333333,-3.2022e-08,3.03366666666665e-09,2.98394327834328e-09,2.72393822395135e-13,-1.28031120577794e-13,-1.22942271820957e-13,NaN
-65.7026784666667,-0.00814563333333333,-2.8964e-08,3.0275e-09,2.98346908856909e-09,-2.60860535859039e-13,-3.12178755983518e-13,-3.03923705143015e-13,NaN
-55.5852258,-0.0068913,-2.5967e-08,2.972e-09,2.98342155727156e-09,-5.21305721306288e-13,-4.20550899391879e-13,-4.17242423160524e-13,NaN
-45.5029946666666,-0.00564133333333333,-2.302e-08,2.95e-09,2.98242647712648e-09,-2.11630396630503e-12,-4.0044718886723e-13,-3.91393698777254e-13,NaN
-35.401674,-0.004389,-2.0067e-08,2.9325e-09,2.97918894933895e-09,-2.63573768573843e-12,-2.3776615183973e-13,-2.33799344149464e-13,NaN
-25.2906741333334,-0.00313546666666667,-1.7155e-08,2.968e-09,2.977155001755e-09,-3.22610272610295e-13,-2.4030366789255e-14,-2.7381469491606e-14,NaN
-15.212476,-0.001886,-1.4131e-08,3.036e-09,2.97854372879373e-09,2.72882590382664e-12,1.02958164751217e-13,9.01915013198269e-14,NaN
-5.1114242,-0.0006337,-1.1083e-08,3.025e-09,2.98261265356266e-09,3.22844272844292e-12,4.44936394428021e-14,2.59957714507312e-14,NaN
4.9702692,0.0006162,-8.081e-09,2.97333333333334e-09,2.98500061425062e-09,4.44565344564791e-13,-1.4918533935383e-13,-1.37169363272825e-13,NaN
15.0822101,0.00186985,-5.13633333333333e-09,2.9555e-09,2.98350178425179e-09,-2.15574763074773e-12,-2.12031708370516e-13,-1.83977343328799e-13,NaN
25.1587950333334,0.00311911666666667,-2.17e-09,2.97466666666667e-09,2.98068911898912e-09,-1.98967766467819e-12,-1.81847919508203e-14,-1.95233628438707e-14,NaN
35.24842,0.00437,8.13e-10,2.983e-09,2.97952242892243e-09,1.6853866853795e-13,2.30915160074991e-13,2.16045649655834e-13,NaN
45.3564623333334,0.00562316666666667,3.796e-09,2.99016666666667e-09,2.9810261963262e-09,1.41367146367222e-12,3.4944455829557e-13,3.48996077116661e-13,NaN
55.4626226,0.0068761,6.79333333333333e-09,2.99e-09,2.98234977184977e-09,9.83462033462481e-13,3.25057434856402e-13,3.22896108600602e-13,NaN
65.5386698,0.0081253,9.776e-09,2.96783333333334e-09,2.98299312039312e-09,3.41640341639124e-13,1.50640102323574e-13,1.28190398618339e-13,NaN
75.642948,0.009378,1.2729e-08,2.95758333333335e-09,2.98303305253305e-09,-1.14369954369926e-12,-1.55705653752492e-13,-1.49912929221154e-13,NaN
85.7310942,0.0106287,1.56911666666667e-08,2.95783333333335e-09,2.98070572130572e-09,-2.11942494442299e-12,-3.13964837926966e-13,-2.73801440321588e-13,NaN
95.8161484333336,0.0118790166666667,1.86446666666667e-08,2.97241666666665e-09,2.97879420264421e-09,6.03662103660036e-14,-1.11704240953956e-13,-1.09616653539683e-13,NaN
105.9412638,0.0131343,2.1636e-08,2.9953333333333e-09,2.98082645372646e-09,2.47007137007124e-12,1.94936374349686e-13,1.69656464806184e-13,8.11400483855663e-07
116.0197308,0.0143838,2.46353333333333e-08,2.998e-09,2.98373434538435e-09,1.85663975663928e-12,3.25462058667254e-13,3.15332099283355e-13,1.50811004005083e-06
126.114195366666,0.0156352833333333,2.7632e-08,2.99033333333335e-09,2.98453973323973e-09,-2.25585000586251e-13,2.9431014068956e-13,2.97548593883733e-13,1.42305849248742e-06
136.2073156,0.0168866,3.0616e-08,3.0095e-09,2.98328317538318e-09,-1.67858312858342e-12,2.34100808586237e-13,2.44192145473597e-13,1.16787547835199e-06
146.302049033334,0.0181381166666667,3.3651e-08,3.01158333333335e-09,2.98118256698257e-09,-9.80803205803168e-13,2.39672296594896e-13,2.41234286923771e-13,1.15372919833108e-06
156.395707,0.0193895,3.66391666666667e-08,2.99175e-09,2.98132156897157e-09,5.21282321283275e-13,2.88130575267277e-13,2.86005709494663e-13,1.36785339323534e-06
166.492053633334,0.0206412166666667,3.96345e-08,2.93916666666665e-09,2.98222513162513e-09,6.98049023050073e-13,3.38358394651576e-13,3.47948006263907e-13,1.6640991603926e-06
176.5655466,0.0218901,4.25175e-08,2.93675e-09,2.98271766701767e-09,1.25156780156769e-12,3.74028605476487e-13,3.64274786251656e-13,1.74218376033401e-06
186.671438,0.023143,4.5508e-08,3.02725e-09,2.98472826722827e-09,1.16138411138374e-12,2.66935256326846e-13,2.4475514910173e-13,1.17056810439958e-06
196.7829756,0.0243966,4.8572e-08,3.02116666666665e-09,2.98504043524044e-09,-2.59155259155496e-13,2.66695341051017e-15,1.58667604216504e-14,7.5884506364415e-08
206.840605433334,0.0256435166666667,5.15503333333333e-08,2.95733333333335e-09,2.98420995670996e-09,-4.02012402016051e-14,-1.7441977943831e-13,-1.56429296362109e-13,-7.48140113036173e-07
216.9693505,0.02689925,5.44866666666667e-08,2.95233333333335e-09,2.98496003276003e-09,5.29197379200601e-13,-1.73966166848705e-13,-1.80489766790745e-13,-8.6321192812965e-07
227.0437845,0.02814825,5.7455e-08,2.9780833333333e-09,2.98526835146836e-09,-2.28109278107243e-13,-1.15502402672106e-13,-1.11700698085321e-13,-5.34220729973274e-07
237.1549188,0.0294018,6.04428333333333e-08,2.98183333333335e-09,2.98450381420382e-09,-1.06722826723378e-12,-4.24500147694666e-14,-4.0439474825442e-14,-1.93406183947766e-07
247.233923533334,0.0306513666666667,6.34186666666667e-08,2.98958333333335e-09,2.98313389493389e-09,-8.54723879727696e-13,-4.25837511808898e-14,-6.68257871259129e-14,-3.19601590602192e-07
257.353796,0.031906,6.6422e-08,2.99741666666665e-09,2.98279436644436e-09,-1.9087399087589e-13,-2.27134659293431e-13,-2.31909600419001e-13,-1.10913287156914e-06
267.4516214,0.0331579,6.94135e-08,2.9975e-09,2.98275214695214e-09,-2.29527904529083e-13,-4.24510033802212e-13,-4.09428373069695e-13,-1.95813569728985e-06
277.557243933334,0.0344107666666667,7.2417e-08,2.98816666666665e-09,2.98233531063531e-09,-5.34620334615756e-13,-4.07409522937377e-13,-3.80675627510623e-13,-1.82062256635515e-06
287.643373633334,0.0356612166666667,7.53898333333333e-08,2.97500000000001e-09,2.98168290628291e-09,-4.37913887913949e-13,-1.24485483475108e-13,-1.26739818922882e-13,-6.06146960065957e-07
297.735687266666,0.0369124333333333,7.8367e-08,2.97108333333335e-09,2.98145948285948e-09,-1.5481162981378e-13,1.6371428116295e-13,1.32796397377941e-13,6.35113204851022e-07
307.818456133334,0.0381624666666667,8.1332e-08,2.991e-09,2.98137328302328e-09,3.09953784959442e-13,2.22942547779187e-13,2.30822247568106e-13,1.1039324883692e-06
317.8996118,0.0394123,8.4349e-08,2.98258333333335e-09,2.9820793904294e-09,1.13864513865297e-12,1.79660737334431e-13,1.79780299154672e-13,8.59818822044083e-07
327.9853382,0.0406627,8.72971666666667e-08,2.95199999999999e-09,2.98365057330059e-09,1.29250029250272e-12,6.84004399187944e-14,6.00919620483162e-14,2.87396340231077e-07
338.1001022,0.0419167,9.0253e-08,3.00641666666665e-09,2.9846643910144e-09,-3.96770796776972e-13,-7.77016422804265e-14,-7.27892946724305e-14,-3.48122713650755e-07
348.2124464,0.0431704,9.331e-08,3.02850000000001e-09,2.98285703170703e-09,-1.80607523108263e-12,-1.2857656525369e-13,-1.18642142964243e-13,-5.67418944611597e-07
358.319278833334,0.0444234166666667,9.631e-08,2.94800000000001e-09,2.98105224055224e-09,4.95752895750708e-13,-1.14661070847403e-14,6.65356044697176e-15,3.18213760507345e-08
368.383361466666,0.0456711333333333,9.9206e-08,2.95599999999999e-09,2.98384853749853e-09,2.78167193167628e-12,2.30486360765797e-13,2.18424514497439e-13,1.04463898237906e-06
378.4897906,0.0469241,1.02222e-07,2.995e-09,2.98661558441559e-09,1.05611033111134e-12,3.42741345633992e-13,3.18019668029129e-13,1.52096362970453e-06
388.5601916,0.0481726,1.05196e-07,2.96500000000001e-09,2.98596075816076e-09,-1.95186615186794e-12,2.11480894653428e-13,2.23109515792053e-13,1.06704551030982e-06
398.6709226,0.0494261,1.08152e-07,2.98116666666651e-09,2.98271185211185e-09,-2.65767813267727e-12,1.13066270144175e-14,8.5763616948202e-15,4.10173820187053e-08
408.770226766666,0.0506781833333333,1.11158333333333e-07,3.0125e-09,2.9806454018954e-09,-1.58574061073954e-12,-2.18847084710023e-13,-2.40389633474762e-13,-1.14968955140104e-06
418.8931912,0.0519332,1.14177e-07,3.0118333333335e-09,2.97954037089037e-09,-2.66333216324544e-13,-4.08192772551573e-13,-3.69688363442616e-13,-1.76807478168208e-06
428.9643988,0.0531818,1.17182e-07,2.97450000000001e-09,2.98011273546275e-09,1.95880425881e-12,-2.34613232953287e-13,-2.01312829008655e-13,-9.62800486563132e-07
439.061955333334,0.0544336666666667,1.20126e-07,2.9548333333335e-09,2.98345797940799e-09,3.08215455714543e-12,1.74790631370616e-13,1.32844466625117e-13,6.35343101250559e-07
449.1576298,0.0556853,1.23091666666667e-07,2.966e-09,2.98627704457704e-09,1.77784895283888e-12,3.04413205018542e-13,2.74377164332722e-13,1.31223861202606e-06
459.235827933334,0.0569347666666667,1.26058e-07,2.99316666666651e-09,2.98701367731367e-09,-6.13180063177741e-13,1.28020794619723e-13,1.48951048081418e-13,7.12374577780695e-07
469.3468278,0.0581883,1.29078e-07,2.9920833333335e-09,2.98505068445069e-09,-2.85575055574193e-12,-3.01998185287107e-14,-1.80889449055913e-14,-8.6512345200654e-08
479.417094366667,0.0594367833333333,1.32042166666667e-07,2.98574999999999e-09,2.98130217620219e-09,-2.49230724230351e-12,-9.02481435160634e-14,-9.63535684132123e-14,-4.60821414150146e-07
489.5327994,0.0606909,1.350495e-07,2.9929166666665e-09,2.98006606996608e-09,-1.91069966070278e-13,-1.13417215034698e-13,-1.14258551549344e-13,-5.46453942192515e-07
499.6515964,0.0619454,1.38028e-07,2.9844166666665e-09,2.98092003627005e-09,8.40868140867027e-13,-8.97701106435733e-14,-7.74923910452176e-14,-3.70615783259736e-07
509.7042522,0.0631917,1.41018333333333e-07,2.98350000000001e-09,2.98174780624782e-09,2.09540774540307e-12,4.456847692233e-16,-2.34228030023162e-15,-1.12022101315425e-08
519.8278888,0.0644468,1.43995e-07,2.99333333333351e-09,2.98511085176085e-09,3.18942318942043e-12,3.37426243347882e-14,1.24066217291142e-14,5.93360169653288e-08
529.9232944,0.0656984,1.47005e-07,2.9785833333335e-09,2.98812665262666e-09,-1.02734877733516e-13,-8.08405796721417e-14,-7.47629540096319e-14,-3.57561953959109e-07
540.045855533334,0.0669533666666667,1.49952166666667e-07,2.95699999999999e-09,2.98490538200539e-09,-3.65046800046386e-12,-1.85345184577299e-13,-1.74691785285765e-13,-8.35482451366702e-07
550.113836733334,0.0682015666666667,1.52919e-07,2.9559166666665e-09,2.98082571662573e-09,-2.74435766935236e-12,-1.92718080435698e-13,-1.92765448107544e-13,-9.21921708340428e-07
560.189615066666,0.0694507333333333,1.55864e-07,2.96833333333351e-09,2.97941666666668e-09,-1.2606821106847e-12,-1.40195815703587e-13,-1.35864819208878e-13,-6.4978826578159e-07
570.2774924,0.0707014,1.58855666666667e-07,3.0195e-09,2.97830435240436e-09,4.27322452313226e-13,-6.44623159990052e-14,-7.44699882407719e-14,-3.56160813325431e-07
580.3987092,0.0719562,1.61903e-07,3.02375000000001e-09,2.98027131157131e-09,3.11242833741812e-12,-5.27297993782613e-14,-5.50280702742821e-14,-2.63177727398741e-07
590.5114567,0.07320995,1.64903166666667e-07,3.01375000000001e-09,2.9845292090792e-09,3.45236925236711e-12,-7.54543077437184e-14,-6.22795243217092e-14,-2.97858594582087e-07
600.598393,0.0744605,1.679305e-07,2.987083333333e-09,2.98717605007604e-09,5.53735228744551e-13,-7.62787225441634e-14,-9.61022256573247e-14,-4.59619340100249e-07
610.677935466666,0.0757101333333333,1.70877333333333e-07,2.92475e-09,2.98563667953668e-09,-2.75586755585904e-12,-1.52551731818491e-13,-1.55864153341137e-13,-7.45437255109786e-07
620.7690392,0.0769612,1.7378e-07,2.92441666666699e-09,2.98166431496432e-09,-3.44692874693263e-12,-1.70347820618712e-13,-1.24515680549612e-13,-5.95509776541623e-07
630.881114533334,0.0782148666666667,1.76726166666667e-07,2.9548333333335e-09,2.97874282204282e-09,-1.76865566866136e-12,4.29034437673634e-14,2.36059321293374e-14,1.12897936270744e-07
640.9679164,0.0794654,1.79689666666667e-07,3.0044166666665e-09,2.978127003627e-09,4.74327249337591e-13,1.25064193245753e-13,8.71289898974321e-14,4.16703864726849e-07
651.0705814,0.0807179,1.82735e-07,3.05316666666648e-09,2.97969147654149e-09,2.2120978121054e-12,-6.08658045005573e-14,-3.60961250200865e-14,-1.72633641400414e-07
661.141789,0.0819665,1.85796e-07,3.03100000000001e-09,2.98255119925121e-09,2.50537615536866e-12,-2.09309409391504e-13,-2.09919671931716e-13,-1.00396364836908e-06
671.257897333334,0.0832206666666667,1.88797e-07,2.98100000000002e-09,2.98470222885223e-09,1.03752778751353e-12,-3.03669075285849e-13,-3.14208977360725e-13,-1.50273858737738e-06
681.3257441,0.08446885,1.91758e-07,2.93924999999999e-09,2.98462625482624e-09,-1.09659237160668e-12,-3.20227526406546e-13,-2.97435244113203e-13,-1.42251638488923e-06
691.4352652,0.0857222,1.946755e-07,2.91783333333349e-09,2.98250904410902e-09,-2.34333976834187e-12,-1.12301962769663e-13,-9.51441029967842e-14,-4.55037014332446e-07
701.5492226,0.0869761,1.97593666666667e-07,2.94375e-09,2.97993957528956e-09,-2.02167719667105e-12,2.00880455519731e-13,1.79690509171209e-13,8.59389391688391e-07
711.629974966667,0.0882258833333333,2.00563e-07,3.00950000000001e-09,2.97846568971568e-09,-2.89642564642113e-13,2.99917537672979e-13,2.70139357666461e-13,1.29197084101351e-06
721.715970233334,0.0894763166666667,2.03612666666667e-07,3.04191666666649e-09,2.97936029016027e-09,1.16918801918741e-12,1.12623133634184e-13,1.27573035722585e-13,6.1013190997758e-07
731.7854302,0.0907247,2.06646833333333e-07,3.03216666666648e-09,2.98080406575405e-09,1.00210307711513e-12,-8.57768065765095e-14,-7.53038723296212e-14,-3.60148954619928e-07
741.9135031,0.09198035,2.09677e-07,3.00358333333351e-09,2.9813644963145e-09,9.30905580911279e-13,-1.94471857303637e-13,-2.04896857373413e-13,-9.79941491785888e-07
752.0028592,0.0932312,2.12654e-07,2.94125000000001e-09,2.98266587691587e-09,7.72317772307675e-13,-2.34835825772096e-13,-2.17959479328934e-13,-1.04241490113838e-06
762.1216562,0.0944857,2.155595e-07,2.90583333333349e-09,2.98290913185912e-09,-1.98499473502639e-13,-1.06617518392729e-13,-9.60815763618105e-14,-4.59520582599963e-07
772.2057694,0.0957359,2.18465666666667e-07,2.93375e-09,2.98226887796887e-09,-7.22630747631175e-13,9.35435499200671e-14,7.40430945769971e-14,3.54119147976943e-07
782.2910925,0.09698625,2.21427e-07,2.99283333333303e-09,2.98146387036386e-09,-7.83514683518542e-13,1.46088540557842e-13,1.37305776187939e-13,6.56679799159708e-07
792.3828684,0.0982374,2.24451333333333e-07,3.03500000000001e-09,2.98070184860183e-09,-7.89116064109999e-13,5.89639272479617e-14,6.47740815621728e-14,3.09789085732131e-07
802.4532694,0.0994859,2.27497e-07,3.030166666667e-09,2.97988563823564e-09,-5.73584298575319e-13,-5.74182319666725e-14,-6.20154957408015e-14,-2.96595849195138e-07
812.566285766664,0.100739683333333,2.30511666666667e-07,3.01366666666649e-09,2.97955468000468e-09,7.05039780041014e-13,-1.60431012708955e-13,-1.53613379118945e-13,-7.3467268274278e-07
822.676210166664,0.101993083333333,2.33524333333333e-07,2.96608333333299e-09,2.98129571779572e-09,1.60808470808197e-12,-1.53812746570276e-13,-1.3823161273183e-13,-6.61107713065274e-07
832.7624743,0.10324355,2.36443833333333e-07,2.91975000000001e-09,2.98277084942084e-09,8.11483561472963e-14,-2.08408236921399e-14,-2.87866787610008e-14,-1.37675420161308e-07
842.8534436,0.1044946,2.39363833333333e-07,2.92925000000001e-09,2.98145801450801e-09,-9.93234468229212e-13,7.3427471002078e-14,5.94080418631451e-14,2.84125417606346e-07
852.956780766664,0.105747183333333,2.42302333333333e-07,2.96558333333348e-09,2.98078438048439e-09,-4.48338598334161e-13,5.66364950590459e-14,5.94413945470642e-14,2.84284930442481e-07
863.0273162,0.1069957,2.45295e-07,3.01658333333349e-09,2.98056133731134e-09,-7.46443196435872e-13,1.99906126463162e-14,2.72464061559942e-14,1.30308899006929e-07
873.157674466664,0.108251633333333,2.483355e-07,3.05500000000002e-09,2.97929149409151e-09,-5.90215865208712e-13,2.19703605712278e-14,2.17210794269157e-14,1.03883423346119e-07
883.2378891,0.10950135,2.51405e-07,3.03375000000002e-09,2.97938090558093e-09,1.10819585819299e-12,3.64053513615426e-14,3.6227508369827e-14,1.73261996551347e-07
893.333698,0.110753,2.54403e-07,2.95608333333351e-09,2.9815078858079e-09,1.72650930150358e-12,4.00334775619967e-14,3.93713448152606e-14,1.88297736072985e-07
903.43233,0.112005,2.57317166666667e-07,2.92191666666648e-09,2.98283392418393e-09,7.06072306065148e-13,1.16674666206744e-14,1.23057773120191e-15,5.88537175792218e-09
913.529214366664,0.113256783333333,2.60246833333333e-07,2.93333333333299e-09,2.98292003042003e-09,-1.15903240904323e-13,-6.21550719690856e-14,-5.47867434489739e-14,-2.62023555625527e-07
923.6408864,0.1145104,2.63183833333333e-07,2.96108333333352e-09,2.98260211770212e-09,-8.0216157715523e-13,-7.31328250034324e-14,-5.19933356314054e-14,-2.48663779106721e-07
933.711152966664,0.115758883333333,2.66169e-07,3.00216666666698e-09,2.98131570726572e-09,-1.55641453140818e-12,1.07168798684787e-15,-2.46022213766774e-14,-1.17662797888457e-07
943.8212118,0.1170123,2.69188166666667e-07,3.03499999999997e-09,2.97948928863931e-09,-1.39023341523304e-12,-6.38314285360131e-14,-7.77962814886723e-14,-3.72069172337128e-07
953.893226,0.118261,2.72239e-07,3.03341666666652e-09,2.97853524043525e-09,3.64423189414085e-13,-1.92603127535322e-13,-1.57740268140961e-13,-7.54409978065466e-07
964.026004066664,0.119517233333333,2.75255e-07,2.96850000000002e-09,2.98021813501814e-09,1.41331461330473e-12,-1.47081077526696e-13,-1.50527465685944e-13,-7.1991396632408e-07
974.085381533336,0.120764366666667,2.78176e-07,2.94575e-09,2.98136186966186e-09,6.14279864285822e-13,-9.58363066266306e-14,-1.24409585846431e-13,-5.95002367091627e-07
984.190063033336,0.122017116666667,2.811465e-07,2.9413333333335e-09,2.98144669474671e-09,-1.29911079898032e-13,-1.67231981093728e-13,-1.54432282764359e-13,-7.38589178438239e-07
994.2909804,0.1232694,2.84058666666667e-07,2.9285e-09,2.98110204750207e-09,-5.23727623730528e-13,-1.56276342955585e-13,-1.36277625378294e-13,-6.51762556157058e-07
1004.370254,0.124519,2.870035e-07,2.99124999999998e-09,2.98039923949925e-09,-7.43693693706201e-13,-7.30744808244111e-15,-1.93621857453664e-14,-9.26017579126219e-08
1014.4858246,0.1257731,2.90041166666667e-07,3.06575e-09,2.97961466011466e-09,-5.07078507090628e-13,1.02018275920395e-13,9.19532094743404e-14,4.39776219225106e-07
1024.59279146666,0.127026133333333,2.93135e-07,3.02741666666651e-09,2.97938508248507e-09,-2.18240318247652e-13,1.34683007515074e-13,1.49489057241211e-13,7.14947665066661e-07
1034.645985,0.1282725,2.96096e-07,2.97499999999999e-09,2.97917817947816e-09,8.12770562794513e-14,1.71094700367718e-13,1.66331080245178e-13,7.95496470737808e-07
1044.75402733334,0.129525666666667,2.99085e-07,2.95816666666651e-09,2.97954763659762e-09,1.2987188487272e-12,1.18924061339515e-13,9.19296017128093e-14,4.39663312539523e-07
1054.8359896,0.1307756,3.02012333333333e-07,2.92600000000001e-09,2.98177561717561e-09,1.63941148941403e-12,-5.85826346120478e-14,-3.5235223617926e-14,-1.68516286868342e-07
1064.9523668,0.1320298,3.04937e-07,2.9268333333335e-09,2.98282645957645e-09,-2.71250146247833e-13,-8.32437502179168e-14,-5.90575757502669e-14,-2.82449275327363e-07
1075.05530066666,0.133282333333333,3.07866e-07,2.98349999999998e-09,2.98123311688312e-09,-1.37597987597474e-12,5.07358901928739e-14,2.0660243494908e-14,9.88098601930383e-08
1085.147211,0.1345335,3.10904e-07,3.0265e-09,2.9800744998245e-09,-2.75702000712085e-13,6.69794268353748e-14,6.39151377929793e-14,3.0568109379251e-07
1095.1990602,0.1357797,3.13919e-07,3.03300000000003e-09,2.98068171288169e-09,3.99786474778962e-13,3.99925447342386e-14,6.10214537511164e-14,2.91841735331426e-07
1105.3339892,0.1370362,3.1697e-07,3.0019166666665e-09,2.98087407277406e-09,-1.64686439672713e-13,8.00309677420658e-14,6.44272206652827e-14,3.08130185790482e-07
1115.39645863334,0.138283716666667,3.19922833333333e-07,2.963e-09,2.98035234000235e-09,-5.24277524176001e-14,5.20131478478829e-14,4.90029554456076e-14,2.34361960826819e-07
1125.5143146,0.1395381,3.22896e-07,2.94458333333349e-09,2.98076921726923e-09,5.29065754061433e-13,2.90125293651974e-15,1.61163902523311e-14,7.70783881633226e-08
1135.61684516666,0.140790583333333,3.25812e-07,2.92300000000001e-09,2.98141047151047e-09,-2.94179244181722e-13,1.47763622526845e-14,9.62535425466564e-16,4.60343029570965e-09
1145.70015176666,0.142040683333333,3.28742e-07,2.97833333333352e-09,2.98018085878086e-09,-5.32096057094764e-13,1.55429530232856e-14,2.29927819630801e-14,1.09965478953861e-07
1155.8118238,0.1432943,3.31768666666667e-07,3.01849999999997e-09,2.98034627939628e-09,7.03954603954967e-13,9.42668154594404e-14,1.12282923462596e-13,5.37005286125459e-07
1165.90494403334,0.144545616666667,3.34779e-07,3.038083333333e-09,2.98158876798877e-09,2.66052416051283e-13,2.53099068807997e-13,2.35226686785263e-13,1.12499719766865e-06
1175.986503,0.1457955,3.37844833333333e-07,3.01491666666654e-09,2.98087838422839e-09,-6.00362700358747e-13,2.84002905612316e-13,2.72652975605253e-13,1.30399249202512e-06
1186.0625502,0.1470447,3.40808833333333e-07,2.96158333333348e-09,2.98038804258805e-09,7.24485199495694e-13,1.87452642014327e-13,1.93940064971392e-13,9.27539441167527e-07
1196.20366313334,0.148301966666667,3.43768e-07,2.9315833333335e-09,2.98232735462738e-09,1.12145197145361e-12,9.63384442383671e-14,1.0278328236037e-13,4.91572219984378e-07
1206.2767528,0.1495508,3.46672e-07,2.94483333333352e-09,2.98263094653096e-09,-1.7480402480701e-13,6.78638773430121e-14,6.89190361477418e-14,3.29612781576156e-07
1216.3947432,0.1508052,3.49657666666667e-07,2.9795e-09,2.98197774657776e-09,1.67830817827331e-13,8.40427282968029e-14,8.28570976967876e-14,3.96273075941158e-07
1226.47657103334,0.152055116666667,3.52631e-07,2.99191666666648e-09,2.98296660816662e-09,4.29320229311462e-13,1.14578598013102e-13,1.22322000888942e-13,5.85018265121027e-07
1236.5613564,0.1533054,3.556415e-07,3.02483333333348e-09,2.98283638703639e-09,-4.42146367147978e-13,1.43007444405448e-13,1.27345679411644e-13,6.09044553707863e-07
1246.660795,0.1545575,3.58680666666667e-07,3.02625000000002e-09,2.98208231543232e-09,-3.51327951320985e-13,6.25255251692396e-14,5.69313120475544e-14,2.72280188053521e-07
1256.7441016,0.1558076,3.61694e-07,2.97591666666652e-09,2.98213373113374e-09,-1.07256932257294e-13,-5.09503104057467e-14,-2.37697048661196e-14,-1.13681197185789e-07
1266.86424293334,0.157062266666667,3.646325e-07,2.92133333333348e-09,2.98186780156781e-09,-3.37129987132643e-13,-5.62373932767383e-14,-7.08549221453273e-14,-3.38871366782e-07
1276.9268468,0.1583098,3.67536666666667e-07,2.93325e-09,2.98145947115948e-09,-2.95586170585231e-13,-1.29260119029946e-13,-1.55223760963542e-13,-7.4237450895607e-07
1287.0601626,0.1595661,3.70499e-07,2.9846666666665e-09,2.98127662922664e-09,-1.08005733007152e-13,-2.75405046451375e-13,-2.38904915160071e-13,-1.1425887246786e-06
1297.1212877,0.16081345,3.73506e-07,3.01150000000001e-09,2.98124345969346e-09,6.23964548966046e-13,-1.97149578435079e-13,-1.82836120811624e-13,-8.74433621272984e-07
1307.220323,0.1620655,3.76522e-07,3.03200000000002e-09,2.98252455832457e-09,7.19454194458769e-13,-2.2805982940321e-14,-6.34189205612485e-14,-3.03307880945101e-07
1317.33764123334,0.163319816666667,3.7957e-07,3.03099999999997e-09,2.98268236808238e-09,-4.09930384928395e-13,-4.76768668666703e-14,-4.16673843329128e-14,-1.9927879463567e-07
1327.4071012,0.1645682,3.82584e-07,2.97499999999999e-09,2.98170469755471e-09,-9.30823680826804e-13,-9.32472315362085e-14,-6.91209612050121e-14,-3.30578510110927e-07
1337.52253736666,0.165822283333333,3.8552e-07,2.92533333333351e-09,2.98082072072073e-09,-5.99379899387031e-13,-5.11127078315206e-14,-6.87460036694244e-14,-3.28785234940725e-07
1347.598719,0.1670715,3.88434666666667e-07,2.92858333333352e-09,2.98050593775594e-09,1.93342692068161e-15,-9.43420804991491e-14,-1.03298916979488e-13,-4.94038298597551e-07
1357.6989642,0.1683237,3.91377166666667e-07,2.97066666666651e-09,2.98082458757457e-09,3.63285363245033e-14,-1.90282349510091e-13,-1.74730267085433e-13,-8.35666494756419e-07
1367.78092646666,0.169573633333333,3.94376e-07,3.0039166666665e-09,2.98057859482859e-09,-2.34052884042296e-13,-2.01784089231395e-13,-1.98256714785617e-13,-9.48184288105125e-07
1377.89434613334,0.170827466666667,3.97385e-07,3.03350000000001e-09,2.98035648180648e-09,5.88648063653813e-13,-1.73138835651115e-13,-1.81533866261125e-13,-8.68205447335815e-07
1387.9658226,0.1720761,4.00443e-07,3.02299999999999e-09,2.98175589095589e-09,1.03348835848921e-12,-1.89790826624712e-13,-1.96780708969668e-13,-9.41125129854934e-07
1398.0830064,0.1733304,4.03431e-07,2.96799999999998e-09,2.98242345852346e-09,-6.61653211657339e-13,-2.39242276224194e-13,-2.32599898651729e-13,-1.11243429789957e-06
1408.1675229,0.17458065,4.06379e-07,2.94308333333352e-09,2.98043258453258e-09,-1.70537615537813e-12,-2.27446771163751e-13,-2.17931036494806e-13,-1.04227887019255e-06
1418.2746242,0.1758337,4.09317166666667e-07,2.9295e-09,2.97901270621271e-09,-4.31203931200198e-13,-1.37852303169661e-13,-1.45280220855341e-13,-6.94818447569022e-07
1428.3579308,0.1770838,4.12238e-07,2.9474166666665e-09,2.97957017667018e-09,2.96194571191221e-13,-6.49237684392257e-14,-6.83713194416777e-14,-3.2699326689498e-07
1438.486407,0.1783395,4.15212e-07,3.00283333333353e-09,2.97960509535509e-09,-3.97080847081481e-13,-1.64670235034876e-14,-1.54022773882965e-14,-7.36630657701137e-08
1448.54215476666,0.179586183333333,4.18243666666667e-07,3.038e-09,2.97877601497602e-09,-3.97829647788739e-14,3.99335034684488e-14,4.20257851207942e-14,2.0099288536032e-07
1458.6497938,0.1808393,4.21288e-07,3.0269166666665e-09,2.97952552942553e-09,9.47303147302548e-13,1.24271346296916e-13,1.33393646339485e-13,6.37969612927972e-07
1468.7548786,0.1820921,4.242975e-07,2.99299999999998e-09,2.98067062127062e-09,3.14221364215996e-13,2.32130086191551e-13,2.19938990555821e-13,1.05188212874523e-06
1478.83791633334,0.183342166666667,4.27274e-07,2.93024999999999e-09,2.98015397215396e-09,-5.55010530021714e-13,2.52666470532025e-13,2.44810390855183e-13,1.17083230409001e-06
1488.90307443334,0.184590016666667,4.30158e-07,2.9024166666665e-09,2.97956060021058e-09,-1.19811044817598e-13,2.17266695781532e-13,2.40823337850585e-13,1.15176378972019e-06
1499.0144776,0.1858436,4.33078833333333e-07,2.9613333333335e-09,2.97991435006433e-09,6.09983034988714e-13,2.48971221299753e-13,2.36128191810449e-13,1.12930874344128e-06
1509.11566383334,0.187095916666667,4.36080666666667e-07,3.00508333333349e-09,2.98078056628055e-09,1.05736808238075e-12,1.95993015640753e-13,1.77852027620237e-13,8.50596653835916e-07
1519.214968,0.188348,4.39089e-07,3.0366666666665e-09,2.98202908622909e-09,8.80174330189625e-13,5.63803914004784e-14,8.30653835596119e-14,3.97269225719883e-07
1529.29800573334,0.189598066666667,4.42154e-07,3.02658333333353e-09,2.98254091494093e-09,3.56294606302896e-13,3.98265214142287e-14,4.15039358307154e-14,1.98497084407769e-07
1539.39475566666,0.190849833333333,4.45142166666667e-07,2.9974166666665e-09,2.9827416754417e-09,-1.05791505798527e-13,4.46996699940768e-14,2.50275229759877e-14,1.19696849015593e-07
1549.5044112,0.1921032,4.48148833333333e-07,2.95541666666651e-09,2.98232933192934e-09,-4.23885573897829e-13,-5.02017334069158e-14,-4.32269386841755e-14,-2.06737532837361e-07
1559.5885244,0.1933534,4.51053e-07,2.90358333333347e-09,2.9818939042939e-09,-6.66128466131575e-13,-1.36570877457981e-13,-1.28364887001787e-13,-6.13919024791155e-07
1569.6706211,0.19460335,4.53956e-07,2.93174999999998e-09,2.98099707499707e-09,-1.4848426348417e-12,-1.87473555926987e-13,-1.95887519951369e-13,-9.36853356289156e-07
1579.78726716666,0.195857583333333,4.569165e-07,3.00400000000002e-09,2.97892421902422e-09,-1.20525623025714e-12,-2.71712117904067e-13,-2.73614004610046e-13,-1.30858871770022e-06
1589.8634488,0.1971068,4.59964e-07,3.04424999999999e-09,2.97858656253656e-09,3.39586989587473e-13,-3.59925998861567e-13,-3.54502658884021e-13,-1.69544749901054e-06
1599.951595,0.1983575,4.63005e-07,3.02850000000001e-09,2.97960339300339e-09,5.4181291680994e-13,-4.00565956035414e-13,-4.02078179897541e-13,-1.92298259950998e-06
1610.0687788,0.1996118,4.66021e-07,3.00650000000001e-09,2.97967018837018e-09,4.31408681406525e-13,-4.05355046399577e-13,-4.0572905200167e-13,-1.9404432921819e-06
1620.1666042,0.2008637,4.69018e-07,2.96349999999999e-09,2.9804662103662e-09,2.34740259740637e-13,-3.68373715203214e-13,-3.6308417925426e-13,-1.73648955295516e-06
1630.2660428,0.2021158,4.71948e-07,2.90999999999999e-09,2.98013966888966e-09,-8.47042822041741e-13,-2.79339009004393e-13,-2.79357134378551e-13,-1.33605586007133e-06
1640.3477362,0.2033657,4.74838e-07,2.92766666666651e-09,2.97877212472212e-09,-8.5080730080517e-13,-1.89679227098979e-13,-1.9743160562116e-13,-9.4423811384033e-07
1650.4262032,0.2046152,4.77803333333333e-07,2.9920833333335e-09,2.97843805428805e-09,-4.68015093014855e-13,-1.50611206084327e-13,-1.50677858613532e-13,-7.20633236847327e-07
1660.5538728,0.2058708,4.80822166666667e-07,3.03591666666704e-09,2.97783609453609e-09,-5.1354861354823e-13,-1.22907366465683e-13,-1.09222127755537e-13,-5.22366697961264e-07
1670.6355662,0.2071207,4.83875166666667e-07,3.04475000000003e-09,2.97741095706095e-09,1.94734994739003e-13,-6.6562515907562e-14,-7.84332364773365e-14,-3.75115478804653e-07
1680.7382312,0.2083732,4.86911666666667e-07,2.99441666666647e-09,2.97822556452557e-09,6.03834678843198e-13,-1.01232580359515e-13,-1.18222623836965e-13,-5.65412548785485e-07
1690.81898356666,0.209622983333333,4.89864e-07,2.9204166666665e-09,2.97861862641864e-09,-4.79173979136007e-14,-2.08081745790392e-13,-1.82597187781213e-13,-8.73290898084062e-07
1700.925816,0.210876,4.927525e-07,2.90616666666653e-09,2.97812972972974e-09,-4.80022230020479e-13,-1.70057024265462e-13,-1.65725273168548e-13,-7.9259913254523e-07
1711.016382,0.212127,4.95676333333333e-07,2.92891666666647e-09,2.9776585819586e-09,-2.03963378964684e-13,-6.74252712904143e-14,-8.23352674766089e-14,-3.93777366192477e-07
1721.08275,0.213375,4.98610333333333e-07,2.97033333333343e-09,2.97772180297181e-09,1.75611325605094e-13,-3.0990438501605e-14,-3.07691796038527e-14,-1.47156945931469e-07
1731.18407066666,0.214627333333333,5.01617e-07,3.01633333333353e-09,2.97800980460981e-09,-7.75096525156274e-14,-1.76065220297854e-14,-1.98236830439037e-14,-9.48089189056264e-08
1741.26522633334,0.215877166666667,5.04643e-07,3.04616666666653e-09,2.97756678366678e-09,-1.78422253429502e-13,1.32911281871827e-14,1.89429454939535e-14,9.05966958406472e-08
1751.418976,0.217136,5.07709333333333e-07,3.04199999999996e-09,2.97765296010295e-09,3.84240084237406e-13,1.28134040709484e-13,1.38564481670175e-13,6.62699694944315e-07
1761.509542,0.218387,5.10727e-07,2.97833333333349e-09,2.97833526383526e-09,5.10673335671289e-13,3.27415875518309e-13,3.25468549076904e-13,1.5565887129765e-06
1771.59069766666,0.219636833333333,5.13666e-07,2.91000000000002e-09,2.97867430677429e-09,-1.28454428455753e-13,4.89941814720116e-13,4.74935856582239e-13,2.27143235756723e-06
1781.682608,0.220888,5.16547e-07,2.919e-09,2.97807835497834e-09,-1.30150930140946e-13,5.17235848904422e-13,5.19656291789126e-13,2.48531269986104e-06
1791.75166466666,0.222136333333333,5.19504e-07,2.9420833333335e-09,2.97841400491401e-09,7.20913770919641e-13,4.85891480269312e-13,4.92617708371637e-13,2.35599773569044e-06
1801.819377,0.2233845,5.22431166666667e-07,3.01533333333351e-09,2.97952018252018e-09,3.12928512918265e-13,4.44263710691331e-13,4.3738406389749e-13,2.09183682733582e-06
1812.002702,0.224647,5.25534666666667e-07,3.06116666666652e-09,2.97903986193985e-09,-1.26573651583542e-13,3.62234880853235e-13,3.60233232628587e-13,1.72285459083237e-06
1822.07175866666,0.225895333333333,5.285535e-07,3.03150000000004e-09,2.97926703521702e-09,1.1626564876601e-12,2.89949877365926e-13,2.99602899593841e-13,1.43288343284011e-06
1832.159636,0.227146,5.31597666666667e-07,2.97675000000001e-09,2.98136517491517e-09,2.22189657191084e-12,3.00906149461194e-13,3.09876646318814e-13,1.48201874326389e-06
1842.226004,0.228394,5.34507e-07,2.9166666666665e-09,2.98371082836084e-09,1.54031531532811e-12,3.55982553711823e-13,3.41215270976953e-13,1.63189912206369e-06
1852.324636,0.229646,5.37431e-07,2.91399999999997e-09,2.98444580554582e-09,1.87928512930117e-13,3.11402150018365e-13,3.07720158221361e-13,1.47170510453694e-06
1862.415202,0.230897,5.40335e-07,2.95549999999995e-09,2.9840866853867e-09,-1.4428425178476e-12,1.95672963521523e-13,2.07439465443346e-13,9.92101791250785e-07
1872.554164,0.232154,5.43342e-07,3.02241666666651e-09,2.98156012051013e-09,-2.30620100620627e-12,8.02595903270452e-14,6.37000011697251e-14,3.04652179507381e-07
1882.660862,0.233407,5.46379833333333e-07,3.04250000000002e-09,2.97947428337429e-09,-6.44503919511888e-13,-1.00649229213929e-13,-9.33350320028778e-14,-4.46384935665937e-07
1892.711098,0.234653,5.49427e-07,3.02625e-09,2.98027111267111e-09,6.68456768452182e-13,-2.19669547914859e-13,-2.06251151021379e-13,-9.86418548363117e-07
1902.801664,0.235904,5.52432333333333e-07,2.98566666666655e-09,2.98081119691119e-09,4.57774657779386e-13,-2.34749719384798e-13,-2.50937079579147e-13,-1.20013385885679e-06
1912.859966,0.237151,5.55398333333333e-07,2.92983333333353e-09,2.98118666198666e-09,5.81244881245687e-13,-2.60386060990056e-13,-2.52549107005143e-13,-1.20784355524199e-06
1922.96397533334,0.238403666666667,5.58292e-07,2.91033333333347e-09,2.98197368667368e-09,6.99104949099288e-13,-2.22222354496205e-13,-2.20086063222035e-13,-1.05258551975756e-06
1933.033032,0.239652,5.61219e-07,2.95099999999999e-09,2.98258487188486e-09,-1.41675441674823e-13,-1.37333511492803e-13,-1.46440163472913e-13,-7.0036599921828e-07
1943.20560233334,0.240913166666667,5.64194e-07,3.01283333333349e-09,2.98169033579033e-09,-1.56845676845701e-12,-4.77178417680543e-14,-3.95844437018461e-14,-1.89316904661003e-07
1953.310956,0.242166,5.67244666666667e-07,3.05049999999998e-09,2.97944795834795e-09,-1.12188779688885e-12,1.10870617991122e-13,1.18763560654535e-13,5.67999637912993e-07
1963.38539,0.243415,5.70295e-07,3.03633333333297e-09,2.97944656019655e-09,1.53156078165757e-13,3.07788186992045e-13,3.03953173762186e-13,1.45368909190611e-06
1973.443692,0.244662,5.73317333333333e-07,2.98600000000005e-09,2.97975427050428e-09,5.87618462627799e-13,4.20306853368878e-13,4.10468874953824e-13,1.96311201064872e-06
1983.53560233334,0.245913166666667,5.76267e-07,2.953916666667e-09,2.98062179712181e-09,1.30363870364282e-12,3.704404262708e-13,3.73184104203101e-13,1.78479354184092e-06
1993.616758,0.247163,5.79225166666667e-07,2.92549999999997e-09,2.98236154791157e-09,7.33204633210916e-13,1.94979129689281e-13,1.88427619703632e-13,9.01175572495631e-07
2003.771852,0.248422,5.82118e-07,2.92441666666655e-09,2.98208820638823e-09,3.85102960101313e-13,-1.01296388261059e-13,-1.09374194661002e-13,-5.23093974465662e-07
2013.83822,0.24967,5.85074e-07,2.96200000000002e-09,2.98313175383177e-09,3.81537381526671e-13,-4.371711962997e-13,-4.27681348173201e-13,-2.0454325347414e-06
2023.92206433334,0.250920166666667,5.88042e-07,3.03149999999998e-09,2.98285128115129e-09,-1.25976658476612e-12,-6.37189288480118e-13,-6.20077784587329e-13,-2.9655894045481e-06
2034.019352,0.252172,5.91137e-07,3.03450000000001e-09,2.98061222066224e-09,-1.01680414179225e-12,-6.36609553664945e-13,-6.25049016480502e-13,-2.98936486142849e-06
2044.089753,0.2534205,5.94111e-07,3.0185e-09,2.9808176728677e-09,6.74523224523356e-13,-5.70325092799351e-13,-5.75797260396232e-13,-2.75381298450372e-06
2054.176286,0.254671,5.97174e-07,2.97999999999999e-09,2.98196126711128e-09,1.86249561240056e-13,-7.08101940647009e-13,-7.56295303335581e-13,-3.61706449421365e-06
2064.234588,0.255918,6.00071e-07,2.90600000000001e-09,2.98119017199018e-09,-1.47569322569969e-12,-1.25586417667465e-12,-1.29413190486817e-12,-6.18932650154342e-06
2074.381616,0.257176,6.02986e-07,2.92500000000001e-09,2.97900988065988e-09,-3.14510647012116e-12,-1.85727998231565e-12,-1.78891836812604e-12,-8.55569654321149e-06
2084.480248,0.258428,6.05921e-07,2.96849999999999e-09,2.97489995904994e-09,-4.10768398268802e-12,-1.709560710079e-12,-1.63206434093197e-12,-7.80552510880507e-06
2094.56946966666,0.259678833333333,6.08923e-07,3.00550000000001e-09,2.97079451269451e-09,-2.66870831869129e-12,-8.07469878019062e-13,-8.46908431131499e-13,-4.05043162715065e-06
2104.66138,0.26093,6.11932e-07,3.036e-09,2.96956254241256e-09,1.44170469177802e-13,-4.9895310905518e-14,-1.08495535914428e-13,-5.18891693503786e-07
2114.735814,0.262179,6.14995e-07,3.032e-09,2.97108285363286e-09,1.60906165906055e-12,1.24391619470401e-13,1.1806206651425e-13,5.64644665937717e-07
2124.82638,0.26343,6.17996e-07,2.9940833333335e-09,2.97278066573068e-09,1.17737510237144e-12,-3.97111669119192e-14,-4.41328486326814e-14,-2.11070145634563e-07
2134.965342,0.264687,6.20983166666667e-07,2.92549999999997e-09,2.97343760383761e-09,-6.45630045650822e-13,-2.2346096558466e-13,-1.78085937945669e-13,-8.5171535539233e-07
2145.019611,0.2659335,6.23847e-07,2.90791666666652e-09,2.97148940563938e-09,-2.571206271218e-12,-5.65287853377752e-14,-3.47320916159427e-14,-1.66110003380596e-07
2155.11421,0.267185,6.26799e-07,2.95283333333348e-09,2.96829519129517e-09,-2.17335614834399e-12,3.02039042583889e-13,2.75549695705885e-13,1.31784637076728e-06
2165.20208733334,0.268435666666667,6.29752666666667e-07,2.99316666666649e-09,2.96714269334269e-09,4.33547443547696e-12,4.38901426847443e-13,4.31938818785558e-13,2.06579435071354e-06
2175.303408,0.269688,6.32785333333333e-07,3.04066666666653e-09,2.97696614016612e-09,9.75882765882527e-12,2.49759656363381e-13,2.35761925383131e-13,1.12755703444106e-06
2185.353644,0.270934,6.35834e-07,2.97066666666698e-09,2.98666034866034e-09,3.01577161578259e-12,-2.88454552569146e-13,-2.98546333677827e-13,-1.42783029150265e-06
2195.573266,0.272201,6.38726666666667e-07,2.92358333333351e-09,2.98299768339769e-09,-7.38221013220492e-12,-1.03550262221473e-12,-1.02659456548857e-12,-4.9098000958149e-06
2205.60737,0.273445,6.41681166666667e-07,2.93441666666646e-09,2.97189592839593e-09,-9.21358956359924e-12,-1.73340852857003e-12,-1.71289259132976e-12,-8.1920950020119e-06
2215.73154433334,0.274700166666667,6.445955e-07,2.88758333333294e-09,2.96457050427049e-09,-3.73009828010061e-12,-2.22812357610362e-12,-2.22690108817192e-12,-1.06503965086483e-05
2225.804634,0.275949,6.47456333333333e-07,2.91475000000004e-09,2.96443573183573e-09,1.32249912250667e-12,-2.60495167042052e-12,-2.60308488801144e-12,-1.24495364209243e-05
2235.879068,0.277198,6.50425e-07,2.98975000000005e-09,2.9672155025155e-09,1.07503217503414e-12,-2.96345907632883e-12,-2.97969217557524e-12,-1.42507017092729e-05
2245.961568,0.278448,6.53435833333333e-07,3.03525000000003e-09,2.9665857961858e-09,-4.05224640224709e-12,-3.42499118674259e-12,-3.43512096196325e-12,-1.64288393833025e-05
2256.01987,0.279695,6.564955e-07,3.07191666666703e-09,2.95911100971101e-09,-6.81828126828519e-12,-3.92150723670107e-12,-3.93989619754396e-12,-1.88429818143407e-05
2266.199162,0.280957,6.59579666666667e-07,3.03316666666648e-09,2.95294923364923e-09,-5.92978822978975e-12,-4.26678575033584e-12,-4.25212659973969e-12,-2.03362576509289e-05
2276.253431,0.2822035,6.62561833333333e-07,2.93208333333296e-09,2.94725143325143e-09,-4.46643851643353e-12,-4.06006737527801e-12,-3.96446172386905e-12,-1.89604691141563e-05
2286.33324233334,0.283453166666667,6.65443833333333e-07,2.87399999999998e-09,2.94401635661636e-09,-2.54952614952753e-12,-3.07161618278036e-12,-3.08683136592802e-12,-1.47631065326992e-05
2296.398266,0.284701,6.68309833333333e-07,2.90925e-09,2.94215238095237e-09,-1.88332455832797e-12,-2.18709551053351e-12,-2.28634712247894e-12,-1.09347036292471e-05
2306.496898,0.285953,6.71262333333333e-07,2.97933333333352e-09,2.9402497074997e-09,-2.2679010178995e-12,-2.11465822617205e-12,-2.12910478116841e-12,-1.01826750403707e-05
2316.563266,0.287201,6.742685e-07,3.05966666666706e-09,2.93761657891658e-09,-2.56671054171143e-12,-2.40452172463392e-12,-2.37022029040739e-12,-1.13358361715136e-05
2326.734492,0.288462,6.77381666666667e-07,3.07666666666652e-09,2.93511628641628e-09,-1.8129694629712e-12,-2.43836025923285e-12,-2.41513018575604e-12,-1.15506226275289e-05
2336.776662,0.289707,6.80421833333333e-07,3.01649999999994e-09,2.93399063999063e-09,-7.76804726804791e-13,-1.99803148259214e-12,-1.96563346320904e-12,-9.40085569360845e-06
2346.86185066666,0.290957333333333,6.83414666666667e-07,2.68841666666697e-09,2.93356267696267e-09,6.69907569905251e-13,-1.13641057123122e-12,-1.14691439549272e-12,-5.48524276105214e-06
2357.12852433334,0.292230166666667,6.85798666666667e-07,2.58266666666649e-09,2.93533045513044e-09,4.25903825909791e-13,-2.84349594472389e-13,-3.15032056816195e-13,-1.50667505433832e-06
2367.282274,0.293489,6.8858e-07,2.85633333333298e-09,2.93441448461449e-09,-9.06771381752516e-13,2.49843994746152e-13,2.40753836159904e-13,1.15143139032998e-06
2377.356708,0.294738,6.91511333333333e-07,3.11800000000004e-09,2.93351691236694e-09,-1.93333918326151e-13,5.15824804163931e-13,5.11320484669672e-13,2.44544579624626e-06
2387.302086,0.295971,6.94816e-07,3.09666666666702e-09,2.93402781677784e-09,-6.42046917058713e-13,6.69299291693367e-13,6.76358779490985e-13,3.23475938017428e-06
2397.54725033334,0.297241166666667,6.97704666666667e-07,2.95066666666648e-09,2.93223281853282e-09,-1.22139639640416e-12,9.18524309346568e-13,9.00900780721058e-13,4.30865590779636e-06
2407.592109,0.2984865,7.00717333333333e-07,2.83766666666649e-09,2.93158502398503e-09,7.19717444721595e-13,1.38939601816344e-12,1.42934791064175e-12,6.8360117465475e-06
2417.81307533334,0.299753666666667,7.0338e-07,2.80050000000001e-09,2.93367225342226e-09,2.77490639991201e-12,2.41341841314815e-12,2.48525673154805e-12,1.18860104552298e-05
2427.90633,0.301005,7.06318333333333e-07,2.94499999999998e-09,2.93713483678485e-09,5.01173803674396e-12,3.85599007705793e-12,3.80880611109119e-12,1.82160292269579e-05
2437.980764,0.302254,7.0927e-07,2.95583333333351e-09,2.94369572949575e-09,6.88009828009579e-12,4.74439587798453e-12,4.64612232950892e-12,2.22205850541731e-05
2448.07133,0.303505,7.1223e-07,2.99916666666655e-09,2.95089503334504e-09,5.06455188953362e-12,4.65640028696493e-12,4.67050968836312e-12,2.23372202486932e-05
2458.24524466666,0.304766333333333,7.15268333333333e-07,3.00666666666649e-09,2.95382483327482e-09,1.58021528020592e-12,4.31629250725146e-12,4.36942896692009e-12,2.08972689722265e-05
2468.333122,0.306017,7.18243333333333e-07,3.01083333333349e-09,2.95405546390546e-09,1.80506903007467e-12,4.28375205911757e-12,4.29363927355669e-12,2.05347965257059e-05
2478.40083433334,0.307265166666667,7.2129e-07,3.00833333333352e-09,2.95743497133497e-09,4.97552942552623e-12,4.49853310003608e-12,4.53232301136823e-12,2.16763274456741e-05
2488.490056,0.308516,7.2426e-07,2.96999999999998e-09,2.96400652275651e-09,8.14301509301731e-12,4.78503895235677e-12,4.7422986096896e-12,2.26805585680807e-05
2498.56717866666,0.309765333333333,7.2723e-07,2.94e-09,2.973721001521e-09,1.04231835731936e-11,4.57345730622099e-12,4.5265712030565e-12,2.16488187972267e-05
2508.655056,0.311016,7.3014e-07,2.94333333333353e-09,2.9848528899029e-09,1.02510354510328e-11,3.7926131828871e-12,3.81898942070924e-12,1.82647320120877e-05
2518.802084,0.312274,7.33116666666667e-07,2.97499999999996e-09,2.99422307242307e-09,2.04641102141517e-12,2.91833614053253e-12,2.92260465427663e-12,1.39776744334969e-05
2528.900716,0.313526,7.3609e-07,3.00000000000001e-09,2.98894571194573e-09,-9.13828243827659e-12,2.11873296274306e-12,2.12990661445017e-12,1.01865098951965e-05
2538.96842833334,0.314774166666667,7.39116666666667e-07,3.02500000000002e-09,2.97594650754652e-09,-7.89030069031071e-12,1.51211110608991e-12,1.52901928385372e-12,7.31270092277866e-06
2549.065716,0.316026,7.4214e-07,2.99166666666645e-09,2.9731651105651e-09,2.95137475136884e-12,1.08641875722804e-12,1.07830286721585e-12,5.1571006692932e-06
2559.148216,0.317276,7.451e-07,2.97000000000003e-09,2.98184925704925e-09,8.57434772435401e-12,6.32342028901304e-13,6.09997226240146e-13,2.91737803853983e-06
2569.238782,0.318527,7.4808e-07,2.96750000000002e-09,2.99031380601381e-09,5.33518778518894e-12,3.52524173291026e-14,3.11848476388945e-14,1.49144923490365e-07
2579.321282,0.319777,7.51035e-07,2.95249999999997e-09,2.99251963261963e-09,-1.00927225927451e-12,-5.58789216888998e-13,-5.5233840268012e-13,-2.64161844760057e-06
2589.46831,0.321035,7.53985e-07,2.96166666666652e-09,2.98829526149526e-09,-5.61804141803922e-12,-9.56267033434338e-13,-9.53566544543251e-13,-4.56053564781555e-06
2599.55618733334,0.322285666666667,7.56958333333333e-07,2.99666666666648e-09,2.98128354978355e-09,-3.9838890838898e-12,-1.03892469109184e-12,-1.03255609256371e-12,-4.93831174704383e-06
2609.63599866666,0.323535333333333,7.59978333333333e-07,3.00083333333348e-09,2.98032748332748e-09,-3.64016614017129e-13,-7.20011552375756e-13,-6.5977924548284e-13,-3.15546595665706e-06
2619.72118733334,0.324785666666667,7.6296e-07,2.98583333333349e-09,2.98055551655552e-09,6.28758628760245e-13,1.29227040381786e-14,8.21301819412633e-15,3.92796522327781e-08
2629.790244,0.326034,7.6595e-07,3.00333333333349e-09,2.981585000585e-09,6.05241605236161e-13,4.69618152390229e-13,3.56112330461133e-13,1.70314592829238e-06
2639.88081,0.327285,7.68966666666667e-07,3.00666666666649e-09,2.98176599976599e-09,1.32912132901356e-13,1.47612017679332e-14,6.53653729935238e-15,3.12617001273375e-08
2650.06144633334,0.328547166666667,7.71963333333333e-07,2.95583333333303e-09,2.98185082485081e-09,6.50228150231194e-13,-6.62727149568386e-13,-5.87521779448256e-13,-2.80988677127427e-06
2660.12915866666,0.329795333333333,7.74878333333333e-07,2.94416666666705e-09,2.98306645606645e-09,7.95191295201176e-13,-7.77971484558299e-13,-7.53204370332192e-13,-3.60228177115396e-06
2670.21434733334,0.331045666666667,7.77851666666667e-07,2.96750000000002e-09,2.98344120744121e-09,-4.78881478883086e-13,-4.23492370876221e-13,-4.27967961877858e-13,-2.04680329593758e-06
2680.283404,0.332294,7.80813333333333e-07,2.98916666666649e-09,2.98210869310869e-09,-1.18047268047155e-12,1.92399578321807e-14,9.14828974573553e-15,4.37526900883004e-08
2690.36321533334,0.333543666666667,7.8383e-07,3.00833333333347e-09,2.98108026208027e-09,-7.07675207668422e-13,2.20970496273676e-13,1.72927162835563e-13,8.27042952691823e-07
2700.464536,0.334796,7.8683e-07,3.00499999999999e-09,2.98069334269335e-09,2.14285714284835e-13,-2.98196331697734e-14,-3.06682603220827e-14,-1.46674288496917e-07
2710.635762,0.336057,7.8984e-07,2.99500000000004e-09,2.98150883350884e-09,1.12694512694691e-12,-3.84143751338214e-13,-3.47140113461147e-13,-1.66023532524896e-06
2720.726328,0.337308,7.9282e-07,2.96000000000002e-09,2.98294723294724e-09,3.62905112910363e-13,-4.83114528961419e-13,-4.77712462755657e-13,-2.28471177839662e-06
2730.792696,0.338556,7.9576e-07,2.95249999999992e-09,2.98223464373466e-09,-1.01444951445113e-12,-3.99553745334948e-13,-4.01691006027869e-13,-1.92113089839416e-06
2740.875196,0.339806,7.98725e-07,2.9708333333335e-09,2.98091833391834e-09,-1.54135954136458e-12,-2.69307285488247e-13,-2.82188552509649e-13,-1.34959742504615e-06
2750.957696,0.341056,8.01701666666667e-07,2.98750000000009e-09,2.97915192465193e-09,-1.96112671112878e-12,-2.0328632636668e-13,-2.02382055831651e-13,-9.67914180064418e-07
2761.040196,0.342306,8.047e-07,3.00916666666646e-09,2.97699608049608e-09,-7.75067275065677e-13,-1.62120596332585e-13,-1.51738093482672e-13,-7.2570392535191e-07
2771.11463,0.343555,8.0772e-07,2.99999999999991e-09,2.9776017901018e-09,1.24628524628234e-12,-1.16989646656972e-13,-1.30886868974644e-13,-6.25980677704819e-07
2781.285856,0.344816,8.107e-07,2.97500000000001e-09,2.97948865098865e-09,9.10348660345696e-13,-1.60202228526503e-13,-1.63023172761502e-13,-7.79676043641966e-07
2791.35491266666,0.346064333333333,8.1367e-07,2.94250000000007e-09,2.97942248742249e-09,-4.84117234114964e-13,-2.21932832754996e-13,-2.14373500163899e-13,-1.02526456600126e-06
2801.426658,0.347313,8.16585e-07,2.95666666666649e-09,2.97852041652042e-09,-7.59623259568761e-14,-1.99444934081272e-13,-1.96847349533685e-13,-9.41443845595885e-07
2811.51453533334,0.348563666666667,8.19583333333333e-07,2.98749999999999e-09,2.97927056277057e-09,1.26208026208123e-12,-7.81942208069506e-14,-6.21175900523423e-14,-2.97084126337289e-07
2821.631988,0.349818,8.2256e-07,3.00666666666702e-09,2.98104457704458e-09,9.03299403288744e-13,1.26058465711171e-13,1.07665634242344e-13,5.14922598550341e-07
2831.702389,0.3510665,8.25596666666667e-07,2.9916666666665e-09,2.98107716157715e-09,-4.64695214701494e-13,2.09991591979199e-13,1.99262400675051e-13,9.52994090185026e-07
2841.85210566666,0.352324833333333,8.28543333333333e-07,2.97666666666651e-09,2.98011518661518e-09,-1.2093424593401e-12,1.84866658306221e-13,2.03341062564863e-13,9.72500734005866e-07
2851.944016,0.353576,8.3155e-07,2.97833333333349e-09,2.97865847665847e-09,-1.05987480986877e-12,1.87119063549716e-13,1.72407982834418e-13,8.24559917903738e-07
2862.010384,0.354824,8.345e-07,2.96000000000002e-09,2.97799543699544e-09,-1.45869895866079e-13,1.37649490216341e-13,1.39131778648201e-13,6.6541285440444e-07
2872.109016,0.356076,8.3747e-07,2.96499999999995e-09,2.97836673686674e-09,5.77015327011433e-13,1.28987895824569e-13,1.54216706237581e-13,7.37558160266692e-07
2882.175384,0.357324,8.4043e-07,2.95833333333352e-09,2.97914946764946e-09,1.20647595647903e-12,2.36370872854505e-13,2.18702772773718e-13,1.04596978283083e-06
2892.26863866666,0.358575333333333,8.43386666666667e-07,2.97416666666655e-09,2.9807796887797e-09,1.01646776647261e-12,2.40698892301115e-13,2.19989480644651e-13,1.05212360308311e-06
2902.332318,0.359823,8.46378333333333e-07,3.00166666666646e-09,2.98118240318241e-09,2.08172458169289e-13,1.29000259435208e-13,1.43133800078615e-13,6.84552956897724e-07
2912.49682233334,0.361083166666667,8.4939e-07,3.00083333333348e-09,2.98119603369604e-09,-3.94904644904875e-13,1.29913082186341e-13,1.49591694016786e-13,7.1543853660202e-07
2922.577978,0.362333,8.5238e-07,3.0133333333335e-09,2.9803925938926e-09,-4.99619749614818e-13,3.07184160977657e-13,3.06233806996166e-13,1.46459646824253e-06
2932.67661,0.363585,8.55416666666667e-07,3.01000000000003e-09,2.98019679419681e-09,9.17836667836624e-13,4.94976491543774e-13,4.78837625556876e-13,2.29009299179375e-06
2942.75911,0.364835,8.584e-07,2.94666666666648e-09,2.98222826722827e-09,1.51269451269223e-12,5.385405327367e-13,5.35463974417992e-13,2.56091466025996e-06
2952.833544,0.366084,8.6131e-07,2.93999999999995e-09,2.98322218322219e-09,4.11255411255908e-13,4.71413513255587e-13,4.76646996843367e-13,2.27961607185958e-06
2962.932176,0.367336,8.6428e-07,2.99e-09,2.98305077805078e-09,-2.16303966306723e-13,3.63025842184505e-13,3.60375528083389e-13,1.72353513431186e-06
2973.079204,0.368594,8.6729e-07,3.00250000000003e-09,2.98278957528958e-09,-6.52392652396913e-13,2.21750620083415e-13,2.20725127143855e-13,1.05564191242713e-06
2983.16977,0.369845,8.70285e-07,2.99e-09,2.98174599274599e-09,-6.32853632858659e-13,8.6881278691961e-14,9.27831013382691e-14,4.43745267269983e-07
2993.24958133334,0.371094666666667,8.7327e-07,2.97749999999998e-09,2.98152386802386e-09,8.64455364459116e-13,9.67533404466145e-15,5.03846745488677e-15,2.40970182625019e-08
3003.318638,0.372343,8.7624e-07,2.965e-09,2.98347490347491e-09,1.60111735112108e-12,-2.7464295364225e-14,-1.82565380548918e-14,-8.73138776538303e-08
3013.425336,0.373596,8.792e-07,2.96333333333361e-09,2.9847261027261e-09,6.31332631321248e-13,1.19620858402643e-14,1.72066372577631e-14,8.22926129719105e-08
3023.491704,0.374844,8.82166666666667e-07,2.99000000000006e-09,2.98473756873755e-09,-3.64162864166751e-13,5.70303377575382e-14,3.14515055916025e-14,1.50420244133751e-07
3033.67368466666,0.376106333333333,8.8518e-07,2.99583333333292e-09,2.98399777699777e-09,-8.2631332630499e-13,-2.43701127171466e-14,-1.77817903954862e-14,-8.50433453697166e-08
3043.74543,0.377355,8.88158333333333e-07,3.00083333333348e-09,2.98308494208494e-09,-5.52006552002692e-13,-6.59301300859499e-14,-4.68853219807226e-14,-2.24234148603456e-07
3053.82793,0.378605,8.91181666666667e-07,3.00083333333348e-09,2.98289376389376e-09,-5.37995787992044e-13,2.17956607295972e-14,1.34767007948963e-14,6.44537864103736e-08
3063.92118466666,0.379856333333333,8.9416e-07,2.97916666666642e-09,2.98200895050896e-09,-8.1078156078402e-13,1.06063206913645e-13,1.09129759599521e-13,5.219249372151e-07
3073.984864,0.381104,8.9714e-07,2.97000000000003e-09,2.98127220077219e-09,-8.96513396682594e-14,1.51182988221852e-13,1.46706282241286e-13,7.01638741153977e-07
3084.07811866667,0.382355333333333,9.001e-07,2.96000000000002e-09,2.98182964782962e-09,6.20831870823762e-13,8.56890364079882e-14,6.24141757585285e-14,2.98502579714702e-07
3094.165996,0.383606,9.0306e-07,2.99000000000006e-09,2.98251386451384e-09,1.14116064116926e-12,-1.09656380334241e-13,-9.12904537556719e-14,-4.36606517961909e-07
3104.317057,0.3848645,9.0608e-07,2.99500000000004e-09,2.98411196911196e-09,1.36346086347212e-12,-1.82550952900765e-13,-1.64133189309414e-13,-7.84984818436328e-07
3114.41300033334,0.386116166666667,9.0905e-07,2.96999999999998e-09,2.98524078624079e-09,-6.55785655748688e-14,-9.49615156041524e-14,-1.1063770795378e-13,-5.29136864126774e-07
3124.47936833334,0.387364166666667,9.1202e-07,2.9916666666665e-09,2.98398081198081e-09,-1.25242775242996e-12,-2.37288113227369e-14,-2.08283998415152e-14,-9.96140861985509e-08
3134.584722,0.388617,9.15033333333333e-07,2.99999999999996e-09,2.98273593073593e-09,-3.20521820521229e-13,3.71953278108032e-14,3.83942907861171e-14,1.83624868977082e-07
3144.643024,0.389864,9.1802e-07,2.9633333333335e-09,2.98333976833977e-09,5.9058734058976e-13,6.0020935716204e-14,5.90710210392617e-14,2.82513578883426e-07
3154.73359,0.391115,9.2096e-07,2.98416666666651e-09,2.98391710541711e-09,2.2873522870547e-14,2.97014493453901e-15,-1.05766400516391e-15,-5.05839306817522e-09
3164.904816,0.392376,9.23988333333333e-07,2.99500000000004e-09,2.98338551538551e-09,-8.04288054295134e-13,-1.64652574095458e-13,-1.84086796214834e-13,-8.80415112331815e-07
3174.98059433334,0.393625166666667,9.2695e-07,2.96750000000002e-09,2.98230852930852e-09,-1.34128934129196e-12,-4.26551646638521e-13,-4.1074919136654e-13,-1.96445265436171e-06
3185.069816,0.394876,9.29923333333333e-07,2.96999999999998e-09,2.98070293670292e-09,-9.40095940085708e-13,-5.39698906566671e-13,-5.20130603395168e-13,-2.48758114667254e-06
3195.14425,0.396125,9.3289e-07,2.98333333333352e-09,2.98042833742834e-09,5.36036036050229e-13,-4.45428165925038e-13,-4.56781576594113e-13,-2.18460754023271e-06
3205.234816,0.397376,9.3589e-07,3.00499999999994e-09,2.98177500877503e-09,7.33970983966867e-13,-3.13370107092952e-13,-3.04348597326704e-13,-1.45558024808424e-06
3215.301184,0.398624,9.389e-07,2.9916666666665e-09,2.98189627939628e-09,7.23938223845269e-14,-1.80698954643864e-13,-1.90206423601038e-13,-9.09682895483225e-07
3225.407882,0.399877,9.41873333333333e-07,2.97416666666655e-09,2.98191979641979e-09,-4.44600444487021e-14,-1.89839880424116e-13,-2.1839290004124e-13,-1.04448778280593e-06
3235.56432033334,0.401136166666667,9.44848333333333e-07,2.97499999999996e-09,2.98180735930738e-09,-9.38721188678687e-13,-3.72297585113029e-13,-3.53017104524596e-13,-1.68834267381329e-06
3245.653542,0.402387,9.47823333333333e-07,2.98083333333351e-09,2.98004235404244e-09,-1.60179010180462e-12,-4.26458207190141e-13,-4.06183005406976e-13,-1.94261437368554e-06
3255.727976,0.403636,9.5081e-07,2.9783333333336e-09,2.97860377910377e-09,-9.74406224482002e-13,-2.75646825333375e-13,-2.78994138959256e-13,-1.33431979502253e-06
3265.818542,0.404887,9.5378e-07,2.97833333333344e-09,2.97809354159347e-09,3.60331110342536e-13,-7.97325390242398e-14,-8.10797858386684e-14,-3.87772888793631e-07
3275.892976,0.406136,9.56766666666667e-07,2.97499999999996e-09,2.97932444132446e-09,1.71630396634627e-12,4.04675445577051e-14,2.23203330142657e-14,1.06749418763879e-07
3285.951278,0.407383,9.5973e-07,2.99166666666656e-09,2.98152614952617e-09,8.46320346320668e-13,-2.01458022654313e-14,-2.66674954972394e-14,-1.27540195856362e-07
3296.134603,0.4086455,9.6275e-07,2.98499999999992e-09,2.9810170820171e-09,-1.2364572364624e-12,-1.54954339164747e-13,-1.350502866919e-13,-6.45892675483e-07
3306.221136,0.409896,9.657e-07,2.965e-09,2.97905323505324e-09,-1.32566982567683e-12,-1.81253404773579e-13,-1.86635190231618e-13,-8.92603083716434e-07
3316.287504,0.411144,9.6868e-07,2.96166666666658e-09,2.97836574236574e-09,-8.21925821922636e-13,-1.48552283241812e-13,-1.48168396585297e-13,-7.08631461929681e-07
3326.37807,0.412395,9.71623333333333e-07,2.97499999999996e-09,2.9774093834094e-09,1.37943137944692e-13,-4.35727617088707e-14,-3.24406559980635e-14,-1.55150963468999e-07
3336.468636,0.413646,9.7463e-07,2.99333333333348e-09,2.97864162864163e-09,1.75231075233801e-12,1.42484695026479e-13,1.41095126715016e-13,6.74802779941381e-07
3346.54307,0.414895,9.7761e-07,2.99833333333351e-09,2.98091400491407e-09,1.47768222773458e-12,2.88545055539389e-13,2.80047639144517e-13,1.33935827416943e-06
3356.70623,0.416155,9.80626666666667e-07,3.00000000000001e-09,2.9815969930971e-09,9.62910962310804e-14,2.89744918705416e-13,2.72037979590743e-13,1.30105120673834e-06
3366.796796,0.417406,9.8361e-07,2.96166666666658e-09,2.98110658710653e-09,-1.07195507206087e-12,1.40357408006955e-13,1.44978163790758e-13,6.93373826825364e-07
3376.867197,0.4186545,9.8655e-07,2.93999999999995e-09,2.97945308295298e-09,-1.49959049957395e-12,4.12366032642518e-14,6.76350572301103e-14,3.23472012839658e-07
3386.949697,0.4199045,9.8949e-07,2.97000000000003e-09,2.97810740610739e-09,-3.08617058579477e-13,1.39327766819848e-13,1.38726295352693e-13,6.63473586469401e-07
3397.044296,0.421156,9.9249e-07,2.98083333333356e-09,2.97883584883582e-09,8.30525330488483e-13,2.73594198081268e-13,2.54527619856493e-13,1.21730600800931e-06
3407.126796,0.422406,9.95451666666667e-07,2.99166666666635e-09,2.97976845676836e-09,1.27854802852148e-12,2.90016363572838e-13,2.97915889316581e-13,1.42481512281843e-06
3417.20391866666,0.423655333333333,9.98473333333333e-07,3.01833333333142e-09,2.98139294489287e-09,1.68725868730885e-12,2.57018142441255e-13,2.46156447808e-13,1.17726996777739e-06
3427.348258,0.424913,1.00148833333333e-06,3.00916666666852e-09,2.98314297414298e-09,7.87908037957521e-13,1.50862280156215e-13,1.51573232490225e-13,7.24915459735859e-07
3437.44554566666,0.426164833333333,1.00449166666667e-06,2.97583333333501e-09,2.98296876096878e-09,-3.89961389952801e-13,7.45312929087181e-14,9.55684628017313e-14,4.57066561225671e-07
3447.545522,0.427417,1.00744e-06,2.95916666666502e-09,2.98236305136307e-09,-1.43149643146501e-12,1.22713252992983e-13,1.08930943008008e-13,5.2097407525569e-07
3457.61189,0.428665,1.01041e-06,2.93500000000002e-09,2.98010576810585e-09,-1.3838188837999e-12,1.44662583951409e-13,1.48821534048974e-13,7.11755162842919e-07
3467.686324,0.429914,1.01331e-06,2.965e-09,2.97959541359547e-09,4.58523458471754e-13,1.50427325817768e-13,1.54027651307638e-13,7.3665398451479e-07
3477.809154,0.431169,1.01634e-06,3.02500000000007e-09,2.98102281502279e-09,1.28220428219523e-12,1.01534434154241e-13,8.35066796062243e-14,3.99379772029768e-07
3487.94005,0.432425,1.01936e-06,3.02000000000004e-09,2.98215982215987e-09,7.82906282928269e-13,-8.2492932858814e-14,-7.5956317233743e-14,-3.63269343291814e-07
3498.034649,0.4336765,1.02238e-06,2.99749999999995e-09,2.98258862758865e-09,1.52217152198313e-13,-2.71807813980848e-13,-2.71369629065045e-13,-1.29785474770239e-06
3508.10505,0.434925,1.025355e-06,2.965e-09,2.98246425646426e-09,-5.61600561614008e-13,-4.12823763597141e-13,-4.20406820224923e-13,-2.0106413141192e-06
3518.18486133334,0.436174666666667,1.02831e-06,2.946666666665e-09,2.98146542646542e-09,-1.03843453844272e-12,-4.5706649344401e-13,-4.31388046712834e-13,-2.06316022340921e-06
3528.27946033334,0.437426166666667,1.03124833333333e-06,2.946666666665e-09,2.98038738738738e-09,-4.97952497957564e-13,-2.67592721266978e-13,-2.60340804529975e-13,-1.24510819557814e-06
3538.360616,0.438676,1.03420333333333e-06,2.96666666667e-09,2.98046952146951e-09,-4.41265941306102e-13,-7.04104334195151e-15,-2.56970849142414e-14,-1.22899101763763e-07
3548.42832833334,0.439924166666667,1.03718166666667e-06,3.00833333333495e-09,2.97950485550476e-09,-3.63987364022277e-13,7.73442487901305e-14,6.03620861416088e-14,2.88688238068564e-07
3558.59821,0.441185,1.04022e-06,3.03916666666501e-09,2.97974154674146e-09,5.23546273556313e-13,-4.40273180682874e-14,-4.58673775357195e-14,-2.19365718649093e-07
3568.68071,0.442435,1.04326e-06,2.99250000000002e-09,2.98055194805188e-09,-1.22879372862476e-13,-2.02620986215342e-13,-1.82949451600621e-13,-8.74975638089926e-07
3578.771276,0.443686,1.046205e-06,2.97083333333498e-09,2.97949578799574e-09,-9.69375219335268e-13,-2.08434637495793e-13,-2.03461463459442e-13,-9.73076564371244e-07
3588.84571,0.444935,1.04920166666667e-06,2.94750000000005e-09,2.97861319761321e-09,-4.23979173973544e-13,-1.00967390926139e-13,-1.07143563628591e-13,-5.12425739093261e-07
3598.924177,0.4461845,1.0521e-06,2.939166666665e-09,2.97864782964779e-09,4.20498420460403e-13,2.2261270719696e-14,2.17496917640518e-14,1.04020264958509e-07
3609.018776,0.447436,1.05508e-06,2.97499999999996e-09,2.97945419445413e-09,1.42991692987937e-12,1.35787212863061e-13,1.37200035582116e-13,6.56174083218816e-07
3619.17387,0.448695,1.05805e-06,2.98500000000002e-09,2.98150766350755e-09,1.74093249089461e-12,2.20114722074487e-13,2.1411043266842e-13,1.02400641710983e-06
3629.264436,0.449946,1.06105e-06,3.02666666666509e-09,2.98293605943592e-09,-2.22300221948827e-14,2.39265153202189e-13,2.40773844933412e-13,1.15152708446414e-06
3639.33887,0.451195,1.06410333333333e-06,3.015e-09,2.98146320346316e-09,-1.71893646888064e-12,2.27309904165158e-13,2.26892201779723e-13,1.08513661720737e-06
3649.42405866667,0.452445333333333,1.06708e-06,2.96833333333501e-09,2.97949818649816e-09,-8.8972738968374e-13,2.00718969351453e-13,1.99849271850448e-13,9.55800865371708e-07
3659.50387,0.453695,1.07004e-06,2.946666666665e-09,2.97968374868379e-09,5.04007254072239e-13,1.80835537645871e-13,1.91876786999784e-13,9.17671589998967e-07
3669.59578033334,0.454946166666667,1.07297333333333e-06,2.94499999999998e-09,2.9805062010063e-09,7.43945243928569e-13,1.99149268778269e-13,1.88054503059195e-13,8.99391101587454e-07
3679.765662,0.456207,1.07593e-06,2.95999999999997e-09,2.98117163917165e-09,5.33783783708875e-13,1.58335246682851e-13,1.55309332044663e-13,7.42783761952736e-07
3689.82261966667,0.457453833333333,1.07889333333333e-06,3.00000000000001e-09,2.98157376857372e-09,3.83877383812255e-13,9.05074886830069e-14,9.96077198645701e-14,4.76384747178379e-07
3699.93738366666,0.458707833333333,1.08193e-06,3.02000000000004e-09,2.98193939393927e-09,3.09406809329282e-13,6.30823495476515e-14,5.39880710953205e-14,2.58203818281968e-07
3709.99703,0.459955,1.08493333333333e-06,3.00999999999987e-09,2.98219258219238e-09,1.53767403761802e-13,3.73068202607944e-14,4.40226406352349e-14,2.10543063907645e-07
3720.11044966666,0.461208833333333,1.08795e-06,3.00333333333503e-09,2.9822469287468e-09,-2.70211770091387e-13,8.05278070836402e-14,9.29680468278703e-14,4.44629789176771e-07
3730.166063,0.4624555,1.09094e-06,2.94250000000002e-09,2.98165215865219e-09,-3.83760383671548e-13,1.81740978575587e-13,1.68304475979449e-13,8.04934450336495e-07
3740.228398,0.463703,1.093835e-06,2.93999999999995e-09,2.98147940797945e-09,1.34374634349388e-13,1.84805872946681e-13,1.73692946707392e-13,8.30705397296223e-07
3750.427855,0.4649675,1.09682e-06,2.98749999999999e-09,2.98192090792089e-09,1.90066690083182e-13,9.03412253619127e-14,9.87419831700554e-14,4.72244267335048e-07
3760.494223,0.4662155,1.09981e-06,2.99916666666496e-09,2.98185954135962e-09,-7.07265706596505e-14,2.86165771113065e-14,3.54421563422356e-14,1.6950596511504e-07
3770.580756,0.467466,1.10281833333333e-06,3.01916666666509e-09,2.98177945477957e-09,2.83111033105698e-13,3.18926283898892e-14,3.02580902690699e-14,1.44712605634682e-07
3780.65519,0.468715,1.10584833333333e-06,3.01083333333513e-09,2.98242576342583e-09,6.78425178436048e-13,5.2798321698514e-14,5.02367445590592e-14,2.40262691369414e-07
3790.73769,0.469965,1.10884e-06,2.95166666667001e-09,2.98313630513644e-09,-2.47162746805465e-14,6.3032210947592e-14,6.2781702210703e-14,3.00260314920753e-07
3800.828256,0.471216,1.11175166666667e-06,2.93500000000002e-09,2.98237633087647e-09,-6.94073944143427e-13,6.41779166745067e-14,6.5190129773039e-14,3.1177888152323e-07
3810.967218,0.472473,1.11471e-06,2.95916666666492e-09,2.98174815724816e-09,-2.47776997846515e-13,6.07416613470127e-14,6.24737587415568e-14,2.98787541807446e-07
3821.06853866667,0.473725333333333,1.11767e-06,2.98999999999995e-09,2.98188077688078e-09,9.16403416822676e-14,4.54205146166533e-14,4.18549859916471e-14,2.00176019960051e-07
3831.172548,0.474978,1.12069e-06,3.00916666666503e-09,2.98193143793152e-09,4.07160407169282e-13,-9.29625680137653e-15,-1.26600507915084e-14,-6.05480690028663e-08
3841.23085,0.476225,1.12368833333333e-06,3.00916666666503e-09,2.98269509769512e-09,6.30776880741395e-13,-8.93215522334762e-14,-8.28615089622831e-14,-3.96294173297876e-07
3851.297218,0.477473,1.12670833333333e-06,3.00583333333499e-09,2.98319299169301e-09,-3.293553294357e-14,-1.4132400778784e-13,-1.41105654933947e-13,-6.7485313229279e-07
3861.39585,0.478725,1.1297e-06,2.9833333333349e-09,2.98262922662923e-09,-4.98085556926022e-13,-1.87339431069915e-13,-1.93533942980979e-13,-9.25597118604682e-07
3871.48910466666,0.479976333333333,1.132675e-06,2.95500000000004e-09,2.98219682057915e-09,-4.28537590313975e-13,-2.51951079647235e-13,-2.49423829504336e-13,-1.1928965758903e-06
3881.64151,0.481235,1.13561e-06,2.93749999999998e-09,2.9817721514486e-09,-4.20800670800806e-13,-2.87472905458259e-13,-2.78887733977744e-13,-1.33381090163269e-06
3891.732076,0.482486,1.13855e-06,2.94333333333496e-09,2.98135521923755e-09,-4.13063751298391e-13,-2.75703445441934e-13,-2.810287557085e-13,-1.34405057077978e-06
3901.80113266667,0.483734333333333,1.14149666666667e-06,2.99916666666518e-09,2.980946023946e-09,-4.05326831795561e-13,-2.98601570476554e-13,-3.0687802032632e-13,-1.46767748851718e-06
3911.88901,0.484985,1.14454833333333e-06,3.04416666666504e-09,2.98054456557396e-09,-3.97589912292526e-13,-3.75997531663813e-13,-3.69966748386065e-13,-1.76940618793335e-06
3921.97151,0.486235,1.147585e-06,3.00583333333489e-09,2.98015084412142e-09,-3.89852992789903e-13,-4.31162998524799e-13,-4.29166599046331e-13,-2.05253590848245e-06
3932.062076,0.487486,1.15056e-06,3.00249999999998e-09,2.97976485958838e-09,-3.82116073286868e-13,-4.57728778820991e-13,-4.59042678355182e-13,-2.19542150517696e-06
3942.209104,0.488744,1.15359e-06,2.97499999999996e-09,2.97938661197485e-09,-3.74379153783832e-13,-4.72617007562658e-13,-4.72753576743588e-13,-2.26099536703455e-06
3952.303703,0.4899955,1.15651e-06,2.93000000000009e-09,2.97901610128081e-09,-3.66642234281416e-13,-4.77420991861175e-13,-4.77420991861361e-13,-2.28331778716303e-06
3962.374104,0.491244,1.15945e-06,2.94416666666514e-09,2.97865332750628e-09,-3.58905314778587e-13,-4.72140731717062e-13,-4.72140731716885e-13,-2.25806436908075e-06
3972.440472,0.492492,1.16239833333333e-06,2.98249999999995e-09,2.97829829065126e-09,-3.51168395275758e-13,-4.56776227128666e-13,-4.5677622712863e-13,-2.18458195583258e-06
3982.54717,0.493745,1.165415e-06,3.03583333333497e-09,2.97795099071573e-09,-3.43431475773136e-13,-4.31327478096399e-13,-4.31327478096434e-13,-2.06287054741773e-06
3992.645802,0.494997,1.16847e-06,3.03249999999996e-09,2.97761142769971e-09,-3.35694556269893e-13,-3.95794484621089e-13,-3.95794484621302e-13,-1.89293014384101e-06
4002.784764,0.496254,1.17148e-06,2.99999999999991e-09,2.97727960160319e-09,-3.27957636767064e-13,-3.5017724670315e-13,-3.50177246702831e-13,-1.6747607451005e-06
4012.867264,0.497504,1.17447e-06,2.95249999999997e-09,2.97695551242618e-09,-3.20220717264649e-13,-2.94475764340514e-13,-2.94475764340656e-13,-1.40836235119444e-06
4022.965896,0.498756,1.177385e-06,2.93500000000002e-09,2.97663916016866e-09,-3.1248379776182e-13,-2.28690037534834e-13,-2.28690037535662e-13,-1.09373496212708e-06
4033.048396,0.500006,1.18034e-06,2.95500000000004e-09,2.97633054483065e-09,-3.08615338010509e-13,-1.52820066286112e-13,-1.52820066286112e-13,-7.30878577890101e-07
