wvnmbr,Voltage,Current,DerivativeY1,DerivativeY1_1,DerivativeY2,DerivativeY2_1,DerivativeY2_2,Alpha
-4032.967736,-0.499996,-1.72371875e-06,4.46624999999988e-09,4.41458124195622e-09,-9.67224998107031e-12,-9.9273134748098e-12,-9.9273134748098e-12,NaN
-4022.897335,-0.4987475,-1.7192525e-06,4.41937499999999e-09,4.40490899197514e-09,-9.4742251323101e-12,-9.52985406088003e-12,-9.52985406088002e-12,NaN
-4012.802736,-0.497496,-1.71488e-06,4.36125000000006e-09,4.39563279169159e-09,-9.07817543478926e-12,-9.12784341994059e-12,-9.12784341994058e-12,NaN
-4002.720236,-0.496246,-1.71053e-06,4.3800000000001e-09,4.38675264110557e-09,-8.68212573726926e-12,-8.72128155199148e-12,-8.72128155199147e-12,NaN
-3992.557076,-0.494986,-1.70612e-06,4.38625e-09,4.37826854021706e-09,-8.28607603975008e-12,-8.3101684570327e-12,-8.3101684570327e-12,NaN
-3982.458444,-0.493734,-1.7017575e-06,4.38499999999981e-09,4.37018048902607e-09,-7.89002634223007e-12,-7.89450413506426e-12,-7.89450413506426e-12,NaN
-3972.38300175,-0.492484875,-1.69735e-06,4.35374999999995e-09,4.3624884875326e-09,-7.49397664470924e-12,-7.47428858608615e-12,-7.47428858608615e-12,NaN
-3962.285378,-0.491233,-1.69305e-06,4.33437499999998e-09,4.35519253573665e-09,-7.09792694718923e-12,-7.04952181009837e-12,-7.04952181009837e-12,NaN
-3952.2089275,-0.48998375,-1.68868125e-06,4.34000000000005e-09,4.34829263363822e-09,-6.70187724966964e-12,-6.62020380710093e-12,-6.62020380710093e-12,NaN
-3942.13550175,-0.488734875,-1.68437e-06,4.31375000000012e-09,4.34178878123731e-09,-6.30582755214963e-12,-6.18633457709382e-12,-6.18633457709382e-12,NaN
-3931.965284,-0.487474,-1.68005375e-06,4.30500000000004e-09,4.33568097853392e-09,-5.90977785462921e-12,-5.74791412007704e-12,-5.74791412007704e-12,NaN
-3921.89387475,-0.486225375,-1.67576e-06,4.31187499999999e-09,4.32996922552805e-09,-5.51372815710879e-12,-5.30494243605059e-12,-5.28014985635283e-12,NaN
-3911.8143995,-0.48497575,-1.67143e-06,4.32624999999994e-09,4.3246535222197e-09,-5.1176784595892e-12,-4.85741952501448e-12,-4.93016113212516e-12,NaN
-3901.72585,-0.483725,-1.6671075e-06,4.318125e-09,4.31973386860887e-09,-4.72162876206919e-12,-4.69459215010929e-12,-4.71824757431932e-12,NaN
-3891.64335,-0.482475,-1.66279375e-06,4.33187500000001e-09,4.31521026469556e-09,-4.32557906454918e-12,-4.25705499151766e-12,-4.04031563791912e-12,NaN
-3881.5628665,-0.48122525,-1.65844375e-06,4.33687499999994e-09,4.31108271047977e-09,-3.92952936702876e-12,-2.70942278030524e-12,-2.8302396646917e-12,NaN
-3871.39769,-0.479965,-1.65412e-06,4.30187500000003e-09,4.30735120596151e-09,-3.53347966950876e-12,-1.74493603952068e-12,-1.84942893895587e-12,NaN
-3861.31519,-0.478715,-1.64984e-06,4.29500000000008e-09,4.30401575114076e-09,-1.98152172417297e-12,-1.64730497437063e-12,-1.55940060608558e-12,NaN
-3851.224624,-0.477464,-1.64553e-06,4.28187500000001e-09,4.30338816251316e-09,-9.89864864870671e-13,-1.48115596331778e-12,-1.48609461394091e-12,NaN
-3841.15019,-0.476215,-1.64127625e-06,4.28437499999987e-09,4.30203602141101e-09,-1.63629782379789e-12,-1.33666634815039e-12,-1.34562024294404e-12,NaN
-3831.083822,-0.474967,-1.63696125e-06,4.32437500000002e-09,4.30011556686556e-09,-7.22292909787758e-13,-1.24639588005356e-12,-1.23868617016814e-12,NaN
-3820.98418175,-0.473714875,-1.6326275e-06,4.33562500000006e-09,4.30059143559144e-09,6.83924183929718e-13,-1.13844220428648e-12,-1.13755773583187e-12,NaN
-3810.87546725,-0.472461625,-1.62829e-06,4.31874999999994e-09,4.30148341523342e-09,9.28154615652252e-13,-1.03084958143819e-12,-1.03711002889248e-12,NaN
-3800.727431,-0.4712035,-1.62399e-06,4.28500000000002e-09,4.30244774482274e-09,2.54343629339488e-13,-9.51981070734836e-13,-9.42223168791854e-13,NaN
-3790.64997225,-0.469954125,-1.61972e-06,4.27750000000002e-09,4.3019921024921e-09,-1.27974727975053e-12,-8.57161177769186e-13,-8.58827810750722e-13,NaN
-3780.57352175,-0.468704875,-1.615435e-06,4.28375000000003e-09,4.29988825026324e-09,7.67203404703076e-12,-8.15556597468779e-13,-8.29368668136236e-13,NaN
-3770.49102175,-0.467454875,-1.6111525e-06,4.28562499999995e-09,4.31733617058616e-09,5.35793260793519e-12,-8.76889973309907e-13,-8.69998709764632e-13,NaN
-3760.40953,-0.466205,-1.60686375e-06,4.31437499999995e-09,4.31060411547911e-09,-1.53794752544729e-11,-9.29743124315195e-13,-9.22859839305791e-13,NaN
-3750.318964,-0.464954,-1.60252375e-06,4.32937499999994e-09,4.28657722007722e-09,-1.12834327834327e-11,-9.43095944202138e-13,-9.53635628188139e-13,NaN
-3740.16487825,-0.463695125,-1.598205e-06,4.32687500000009e-09,4.28803724991225e-09,9.38004563005346e-13,-9.66233318464603e-13,-9.5659949914266e-13,NaN
-3730.08137,-0.462445,-1.59387e-06,4.29250000000001e-09,4.28845322920323e-09,-1.03852228849345e-13,-9.25477152759774e-13,-9.16681666028998e-13,NaN
-3720.0129855,-0.46119675,-1.58962e-06,4.26624999999997e-09,4.28782954545455e-09,7.19989469988707e-14,-8.59543911500835e-13,-8.82642158761798e-13,NaN
-3709.924436,-0.459946,-1.5853375e-06,4.27062500000007e-09,4.28859722709723e-09,8.97354334849771e-13,-9.09764070960022e-13,-9.08311607162755e-13,NaN
-3699.8358865,-0.45869525,-1.58107875e-06,4.29374999999989e-09,4.28962425412425e-09,5.39421726918594e-13,-9.47988556031667e-13,-9.37790631439403e-13,NaN
-3689.73422975,-0.457442875,-1.57675e-06,4.30999999999996e-09,4.28967607055106e-09,2.83191470691009e-13,-8.63013702578212e-13,-8.58801609707791e-13,NaN
-3679.660804,-0.456194,-1.57245875e-06,4.31812500000011e-09,4.29019063706563e-09,4.1575991576284e-13,-6.6261163337184e-13,-6.57851476707855e-13,NaN
-3669.50571,-0.454935,-1.56811375e-06,4.32312500000004e-09,4.29050759038259e-09,-3.54334854332957e-13,-4.03695554672978e-13,-4.69048860871078e-13,NaN
-3659.42421825,-0.453685125,-1.5638125e-06,4.296875e-09,4.28948196735696e-09,-9.83897858910124e-14,-1.98713833821873e-13,-8.83540402944032e-14,NaN
-3649.34071,-0.452435,-1.55952e-06,4.26624999999997e-09,4.29031081081081e-09,1.29835029835399e-12,6.02340400819057e-13,6.60144279191364e-13,NaN
-3639.25821,-0.451185,-1.55528e-06,4.27062499999996e-09,4.29207866795367e-09,1.06390400140721e-12,1.36194309640025e-12,1.13557934557991e-12,NaN
-3629.16461925,-0.449933625,-1.55097875e-06,4.27999999999998e-09,4.29243861881362e-09,6.17760617738371e-14,7.68191619061883e-13,8.21725291840881e-13,NaN
-3619.07002025,-0.448682125,-1.54672e-06,4.29437499999993e-09,4.29220222007722e-09,-3.89456826956583e-13,1.50093761181392e-13,2.68416735280801e-13,NaN
-3608.93005,-0.447425,-1.54239e-06,4.32625000000004e-09,4.29165970515971e-09,-7.72266584764158e-13,2.12097799381228e-13,1.56205221476222e-13,NaN
-3598.831418,-0.446173,-1.5380675e-06,3.82375000000004e-09,4.29065768690769e-09,-6.70432607929464e-13,2.78217312457411e-13,2.75358237281562e-13,NaN
-3588.708588,-0.444918,-1.5347425e-06,4.30374999999995e-09,4.29031883994385e-09,4.0246577746565e-13,3.24545954764367e-13,3.29567736770613e-13,NaN
-3578.66944275,-0.443673375,-1.52946e-06,4.77187500000009e-09,4.29146261846262e-09,1.31565900315457e-12,3.60533257708096e-13,3.53461620207877e-13,NaN
-3568.591984,-0.442424,-1.52519875e-06,4.25e-09,4.29295015795016e-09,1.51184626184932e-12,3.37041295955066e-13,2.83920974415513e-13,NaN
-3558.51755,-0.441175,-1.52096e-06,4.28437499999987e-09,4.29448631098632e-09,8.89895577398984e-13,2.87434581674306e-13,4.05814487957924e-13,NaN
-3548.338258,-0.439913,-1.51663e-06,4.30562499999998e-09,4.29472994910496e-09,-1.24648999652465e-13,8.64814711662954e-13,9.03151110254033e-13,NaN
-3538.2698735,-0.43866475,-1.51234875e-06,4.29500000000008e-09,4.29423701298702e-09,-9.43620568619458e-13,1.34118437607594e-12,1.11938017359156e-12,NaN
-3528.177291,-0.4374135,-1.50804e-06,4.30500000000004e-09,4.29284270796772e-09,-5.67414004912779e-13,5.4128828150559e-13,6.20496535536835e-13,NaN
-3518.098824,-0.436164,-1.50373875e-06,4.30062500000005e-09,4.29310218497719e-09,9.51386451384699e-13,-1.22413169804667e-13,-1.6165737448441e-14,NaN
-3508.016324,-0.434914,-1.49943875e-06,4.28187500000011e-09,4.29474548087049e-09,1.56006493506624e-12,-1.6155587264261e-13,-2.34984355776122e-13,NaN
-3497.94088175,-0.433664875,-1.495175e-06,4.26437499999995e-09,4.29622231484732e-09,1.47286328536444e-12,-3.27329099285315e-13,-3.21411083302132e-13,NaN
-3487.851324,-0.432414,-1.49091e-06,4.28874999999996e-09,4.29769120744122e-09,5.92861530360458e-13,-5.1425648545222e-13,-5.13647285100781e-13,NaN
-3477.704296,-0.431156,-1.4865975e-06,4.28562500000006e-09,4.29740803790804e-09,-6.59332221830689e-13,-6.85905186666572e-13,-6.90032166312114e-13,NaN
-3467.6197795,-0.42990575,-1.48233875e-06,4.2818749999999e-09,4.29637254299755e-09,-7.14658652157755e-13,-8.12949695885071e-13,-7.98720945758833e-13,NaN
-3457.53123,-0.428655,-1.47803375e-06,4.3075e-09,4.29597872060373e-09,9.77755352728589e-14,-8.17916410199762e-13,-8.19660583630354e-13,NaN
-3447.436631,-0.4274035,-1.47372375e-06,4.29187500000007e-09,4.2965680940681e-09,9.88175675673231e-13,-7.89333811508798e-13,-7.98772501993933e-13,NaN
-3437.382362,-0.426157,-1.46945e-06,4.28687500000004e-09,4.29795507195508e-09,1.59340996840696e-12,-7.95381691686753e-13,-7.90378793935431e-13,NaN
-3427.2736475,-0.42490375,-1.46515e-06,4.30000000000001e-09,4.29975491400491e-09,-1.04587135837127e-11,-7.94121786948293e-13,-7.92076422878193e-13,NaN
-3417.1185535,-0.42364475,-1.46085e-06,4.28312499999988e-09,4.27703764478765e-09,-1.44279133029127e-11,-8.0198297394017e-13,-8.14984356866928e-13,NaN
-3407.030004,-0.422394,-1.45658375e-06,4.27500000000006e-09,4.27089908739909e-09,5.38989557739623e-12,-8.59256710126964e-13,-8.5431272520473e-13,NaN
-3396.939438,-0.421143,-1.4523e-06,4.28687500000004e-09,4.28781743594244e-09,7.72183222183498e-12,-8.54551652161077e-13,-8.42724323622615e-13,NaN
-3386.87307,-0.419895,-1.44801e-06,4.29312499999984e-09,4.28634275184276e-09,-7.84266409272104e-13,-7.34156280787643e-13,-7.43404682573284e-13,NaN
-3376.78149575,-0.418643875,-1.44371375e-06,4.29500000000008e-09,4.2862489031239e-09,6.82498244989933e-13,-5.8234457636719e-13,-5.7439092658119e-13,NaN
-3366.700004,-0.417394,-1.43942e-06,4.28187500000011e-09,4.28770774833274e-09,1.01989733239757e-12,-3.75492498427764e-13,-3.73749599281194e-13,NaN
-3356.609438,-0.416143,-1.43515e-06,4.30062499999994e-09,4.28828869778869e-09,6.02360477365462e-13,-1.8276858733408e-13,-2.01386297808948e-13,NaN
-3346.454344,-0.414884,-1.43081875e-06,4.28249999999995e-09,4.28891246928747e-09,-1.4068532818268e-13,-9.36752068274958e-14,-9.00739010770548e-14,NaN
-3336.387976,-0.413636,-1.426585e-06,4.26437499999995e-09,4.28800732713233e-09,-1.35532204281963e-12,1.94919015574227e-14,2.8827653377613e-14,NaN
-3326.28026975,-0.412382875,-1.42229e-06,4.27750000000002e-09,4.28620182520183e-09,-9.98310810809897e-13,2.42421762530966e-13,2.420637901357e-13,NaN
-3316.20986875,-0.411134375,-1.41803e-06,4.29000000000005e-09,4.28601070551071e-09,4.01061776057986e-13,5.51886296234538e-13,6.26905139793746e-13,NaN
-3306.108212,-0.409882,-1.41371e-06,4.31437500000006e-09,4.28700394875395e-09,5.52474552472465e-13,9.28833767420978e-13,8.279056912445e-13,NaN
-3296.05091825,-0.408635125,-1.40940125e-06,4.30499999999993e-09,4.28711565461565e-09,2.34226921726897e-13,4.78992599319037e-13,3.66474825111801e-13,NaN
-3285.8726345,-0.40737325,-1.4051e-06,4.29062499999999e-09,4.2874724025974e-09,3.59643734644195e-13,-5.14414562783623e-13,-3.10535998731131e-13,NaN
-3275.788118,-0.406123,-1.40082e-06,4.27000000000003e-09,4.28783494208494e-09,-4.01895401893128e-13,-4.55457707848258e-13,-4.59491983068825e-13,NaN
-3265.72275825,-0.404875125,-1.39656e-06,4.2575e-09,4.28666861179361e-09,-7.51886626883571e-13,-1.267900721152e-13,-2.39253713783911e-13,NaN
-3255.63925,-0.403625,-1.392305e-06,4.28000000000009e-09,4.28633116883117e-09,-9.30809055777059e-14,-2.63998347584834e-13,-2.15054262740144e-13,NaN
-3245.548684,-0.402374,-1.388e-06,4.28249999999995e-09,4.28648244998246e-09,-2.656195156212e-13,-2.90593406789251e-13,-2.82898503488681e-13,NaN
-3235.486349,-0.4011265,-1.38374e-06,4.30999999999996e-09,4.28579992979993e-09,-2.67462267463666e-13,-2.0110044544859e-13,-2.03798348603002e-13,NaN
-3225.29193325,-0.399862625,-1.37938e-06,4.315e-09,4.28594752544753e-09,6.03654791157187e-13,-7.98185311229729e-14,-7.41648997954536e-14,NaN
-3215.22859,-0.398615,-1.37511e-06,4.28562499999995e-09,4.28700723938225e-09,4.12644787642985e-13,2.04288054289458e-14,5.90856004846512e-15,NaN
-3205.13701575,-0.397363875,-1.37080875e-06,4.28000000000009e-09,4.28677281502282e-09,-4.0086433836733e-13,-1.91409987058802e-14,-2.75787135846052e-14,NaN
-3195.06359,-0.396115,-1.36655e-06,4.26187500000009e-09,4.28620551070551e-09,-6.0358897858812e-13,-1.47907643668222e-13,-1.33525386118302e-13,NaN
-3184.973024,-0.394864,-1.362285e-06,4.26874999999994e-09,4.28556563706564e-09,-4.4000087750013e-13,-2.16810822680395e-13,-2.20048820539469e-13,NaN
-3174.886491,-0.3936135,-1.3580125e-06,4.27749999999991e-09,4.28532550895051e-09,-4.35262372762241e-13,-2.44583233713785e-13,-2.44226622807455e-13,NaN
-3164.8140735,-0.39236475,-1.35373e-06,4.31624999999998e-09,4.28469511232012e-09,-4.95700245701203e-13,-2.12180933050577e-13,-2.02854484193116e-13,NaN
-3154.63578975,-0.391102875,-1.34938e-06,4.32999999999999e-09,4.28433410845911e-09,-2.02285889788883e-13,-1.04720437546812e-13,-1.11177123522158e-13,NaN
-3144.562364,-0.389854,-1.34507e-06,4.27500000000006e-09,4.28429054054054e-09,1.32217444717537e-13,-1.61268340622482e-14,-1.51645807707795e-14,NaN
-3134.4818805,-0.38860425,-1.34083e-06,4.26312500000007e-09,4.28459854334854e-09,9.37412249915592e-13,3.50027935890551e-14,3.67204247073737e-14,NaN
-3124.389298,-0.387353,-1.33654375e-06,4.27500000000006e-09,4.28616536504037e-09,9.78106353108112e-13,1.8845073192573e-14,4.48585667182273e-15,NaN
-3114.3128475,-0.38610375,-1.33228e-06,4.25874999999998e-09,4.28655475605476e-09,-4.74289224290683e-14,-1.14462397179937e-13,-1.21112228910563e-13,NaN
-3104.232364,-0.384854,-1.32802625e-06,4.2818749999999e-09,4.28607050719551e-09,-7.7439452439516e-13,-2.47257826714631e-13,-2.24535983955466e-13,NaN
-3094.07727,-0.383595,-1.32371625e-06,4.30812500000005e-09,4.28500596700597e-09,-1.41826079326319e-12,-1.84298054407033e-13,-1.74075630280889e-13,NaN
-3083.986704,-0.382344,-1.31941e-06,4.28812500000002e-09,4.28323398560899e-09,-9.71810284312157e-13,4.57191522373396e-15,-9.0367989595561e-15,NaN
-3073.90924525,-0.381094625,-1.31514e-06,4.29312499999995e-09,4.28306234643735e-09,3.92681642682864e-13,1.30245462853532e-13,1.26112730581067e-13,NaN
-3063.82977,-0.379845,-1.31082375e-06,4.30000000000001e-09,4.28401934889435e-09,1.06113987364041e-12,1.62384301296607e-13,1.64789910907222e-13,NaN
-3053.73012975,-0.378592875,-1.30654e-06,4.27000000000003e-09,4.28518462618463e-09,1.24379168128928e-12,1.18865353212632e-13,1.10360698279398e-13,NaN
-3043.652671,-0.3773435,-1.30228375e-06,4.25187499999992e-09,4.28650693225693e-09,4.72929097924514e-13,-1.0499904195891e-14,-9.87200054005997e-15,NaN
-3033.574204,-0.376094,-1.29803625e-06,4.28437499999997e-09,4.28613048438048e-09,-4.8703492453589e-13,-1.36679019505394e-13,-1.2867508692073e-13,NaN
-3023.41911,-0.374835,-1.293715e-06,4.29812500000009e-09,4.28553286240786e-09,-1.22983941733492e-12,-1.77965083943671e-13,-1.82117381397186e-13,NaN
-3013.328544,-0.373584,-1.28944e-06,4.29000000000005e-09,4.28367080554581e-09,-1.6878948753915e-12,-1.46030402226263e-13,-1.34749853023355e-13,NaN
-3003.25411,-0.372335,-1.285135e-06,4.30437499999999e-09,4.28215707265707e-09,-3.90948578450546e-13,-4.10380877770307e-15,1.62673559260365e-15,NaN
-2993.163544,-0.371084,-1.28083125e-06,4.30187499999993e-09,4.2828889083889e-09,1.66187697437254e-12,1.52979454610212e-13,1.37753915446801e-13,NaN
-2983.07196975,-0.369832875,-1.27653125e-06,4.27437500000001e-09,4.28548082660582e-09,2.41582572832549e-12,1.63527795158777e-13,1.58610215200772e-13,NaN
-2972.990478,-0.368583,-1.2722825e-06,4.27187500000005e-09,4.28772055984556e-09,7.4596349596576e-13,4.34809103290841e-14,4.1642187359901e-14,NaN
-2962.82630975,-0.367322875,-1.2679875e-06,4.27125000000001e-09,4.28697275359775e-09,-1.48240610740598e-12,-1.33849736241054e-13,-1.32191122961257e-13,NaN
-2952.76095,-0.366075,-1.26374e-06,4.26624999999997e-09,4.28475574763074e-09,-1.8931862056843e-12,-2.73700912940024e-13,-2.65073940561487e-13,NaN
-2942.662318,-0.364823,-1.259455e-06,4.2893749999999e-09,4.28318638118638e-09,-1.31675587925191e-12,-3.0065987642051e-13,-2.99747390691282e-13,NaN
-2932.579818,-0.363573,-1.25516125e-06,4.30249999999997e-09,4.28212223587224e-09,-3.45866970866986e-13,-2.39961894418126e-13,-2.36857444198767e-13,NaN
-2922.501351,-0.3623235,-1.25085e-06,4.29875000000002e-09,4.28249464724465e-09,1.15288259038159e-12,-1.27487901509483e-13,-1.29723691990668e-13,NaN
-2912.42792525,-0.361074625,-1.24656375e-06,4.30062500000005e-09,4.284428001053e-09,1.41319322569362e-12,-3.5337418163707e-14,-3.60328995610134e-14,NaN
-2902.251658,-0.359813,-1.24224875e-06,4.28250000000005e-09,4.28532103369604e-09,5.54207616706437e-13,-9.5257425694293e-15,-1.309977384836e-14,NaN
-2892.18529,-0.358565,-1.23799875e-06,4.25187499999992e-09,4.28553641628642e-09,-3.13969813971708e-13,-8.79542232800389e-14,-1.02292274770305e-13,NaN
-2882.086658,-0.357313,-1.233745e-06,4.27062499999996e-09,4.28469309406809e-09,-1.47707528957544e-12,-2.668271772614e-13,-2.61286282813691e-13,NaN
-2872.00113325,-0.356062625,-1.2294575e-06,4.27687500000008e-09,4.28258226570727e-09,-1.92398648648885e-12,-3.75071654092939e-13,-3.60842215773481e-13,NaN
-2861.93779,-0.354815,-1.22519125e-06,4.29187500000007e-09,4.28084512109511e-09,-7.42585117588663e-13,-3.06258471910689e-13,-3.00973436734336e-13,NaN
-2851.83008375,-0.353561875,-1.22087375e-06,4.29374999999999e-09,4.28109709547209e-09,6.63346788349789e-13,-1.19968562577693e-13,-1.17642216186064e-13,NaN
-2841.77279,-0.352315,-1.21660375e-06,4.30562499999998e-09,4.28217181467181e-09,9.72512285017436e-13,6.25583983188823e-14,4.65829287377776e-14,NaN
-2831.593498,-0.351053,-1.2122625e-06,4.30437499999999e-09,4.28304212004212e-09,7.12486837486085e-13,9.29420272895337e-14,8.57887182573633e-14,NaN
-2821.510998,-0.349803,-1.207995e-06,4.25562499999997e-09,4.28359678834679e-09,3.07081432080208e-13,9.18241929097911e-15,1.76767466020868e-14,NaN
-2811.44463,-0.348555,-1.20375125e-06,4.24437500000003e-09,4.28365628290628e-09,-1.44831519830401e-13,-6.72650586780755e-14,-6.93663607949638e-14,NaN
-2801.354064,-0.347304,-1.19950625e-06,4.26999999999992e-09,4.28330712530713e-09,-4.33989996488575e-13,-1.1404552491518e-13,-1.08246342171873e-13,NaN
-2791.263498,-0.346053,-1.19521125e-06,4.289375e-09,4.28278830291331e-09,-6.5931028430808e-13,-8.42889063541872e-14,-8.47050601460712e-14,NaN
-2781.18805575,-0.344803875,-1.1909275e-06,4.31312500000008e-09,4.28198850473851e-09,-6.73372235873412e-13,1.21773806579759e-15,2.68489446150557e-15,NaN
-2771.0400195,-0.34354575,-1.186585e-06,4.31437499999995e-09,4.28144155844156e-09,-6.16005616049619e-14,1.26542476977649e-13,1.37346330641701e-13,NaN
-2760.96256075,-0.342296375,-1.18229875e-06,4.28562499999995e-09,4.2818653036153e-09,7.87052474550347e-13,2.58636554397649e-13,2.47040435531373e-13,NaN
-2750.86796175,-0.341044875,-1.17801375e-06,4.26874999999994e-09,4.28301566339066e-09,8.53742541241288e-13,2.3840625492814e-13,2.17274724995409e-13,NaN
-2740.774371,-0.3397935,-1.17376125e-06,4.25500000000003e-09,4.28357278869778e-09,4.97345559847223e-13,4.20459166113509e-14,5.28703964512779e-14,NaN
-2730.70397,-0.338545,-1.16950375e-06,4.25500000000003e-09,4.28401035451035e-09,3.03220428224746e-13,-1.07715606628624e-13,-9.22807655198383e-14,NaN
-2720.62247825,-0.337295125,-1.16525125e-06,4.27249999999999e-09,4.28417922955423e-09,-6.7225342225263e-13,-1.14435059000172e-13,-1.21186280779269e-13,NaN
-2710.53897,-0.336045,-1.16095875e-06,4.31062500000001e-09,4.28266584766585e-09,-6.98051948053363e-13,-6.17423309808488e-14,-5.69435177690513e-14,NaN
-2700.359678,-0.334783,-1.15663e-06,4.32000000000003e-09,4.28278312565812e-09,6.97613197593745e-14,4.54969410412582e-14,4.81182370973183e-14,NaN
-2690.285244,-0.333534,-1.15231875e-06,4.29312500000005e-09,4.28280537030537e-09,-7.29641979626329e-14,1.46430966540424e-13,1.34918777817044e-13,NaN
-2680.2168595,-0.33228575,-1.14804375e-06,4.27437500000001e-09,4.2826371972622e-09,8.15198315240015e-14,1.49626167670222e-13,1.53705100963483e-13,NaN
-2670.120244,-0.331034,-1.14377e-06,4.26687499999991e-09,4.28296840996842e-09,6.05080730082496e-13,9.79578350236593e-14,9.65250454138729e-14,NaN
-2660.037744,-0.329784,-1.13951e-06,4.260625e-09,4.28384735872236e-09,7.24333099331634e-13,-1.32862958942969e-14,-2.54007834156693e-14,NaN
-2649.9491945,-0.32853325,-1.13524875e-06,4.2831250000001e-09,4.28441707616708e-09,-2.8808353808509e-13,-1.72102610797837e-13,-1.6226559886456e-13,NaN
-2639.792084,-0.327274,-1.13094375e-06,4.30062499999994e-09,4.28327119164619e-09,-1.52954984204733e-12,-2.25151807651808e-13,-2.09801956590763e-13,NaN
-2629.709584,-0.326024,-1.1266475e-06,4.28749999999998e-09,4.28135797648298e-09,-9.5173745173403e-13,-1.33859723642624e-13,-1.39948906800124e-13,NaN
-2619.63515,-0.324775,-1.12236875e-06,4.28749999999998e-09,4.28136771674273e-09,8.73113373111654e-13,-3.87337916688961e-14,-4.58047675006949e-14,NaN
-2609.544584,-0.323524,-1.1180725e-06,4.29187499999997e-09,4.28310420322921e-09,1.14520445770389e-12,-9.24097445839906e-15,-5.17106834194196e-15,NaN
-2599.4600675,-0.32227375,-1.113785e-06,4.27687500000008e-09,4.28365812565813e-09,4.23569673570816e-13,-3.23535167012544e-14,-4.56357725798111e-14,NaN
-2589.379584,-0.321024,-1.10951875e-06,4.27312500000003e-09,4.28395134257635e-09,1.21468058965198e-13,-1.42525901112916e-13,-1.38970391461118e-13,NaN
-2579.216424,-0.319764,-1.10523875e-06,4.26937499999998e-09,4.28390106177606e-09,-8.9439276939769e-13,-2.19252958492344e-13,-2.02248288661614e-13,NaN
-2569.14199,-0.318515,-1.10098e-06,4.28250000000005e-09,4.28216255703755e-09,-1.44963144963365e-12,-1.83510465576146e-13,-1.93053630988823e-13,NaN
-2559.063523,-0.3172655,-1.09667375e-06,4.29374999999999e-09,4.2810017988768e-09,-6.09314671812793e-13,-1.54662013792774e-13,-1.60146443329999e-13,NaN
-2548.960858,-0.316013,-1.0923925e-06,4.28687499999994e-09,4.28094392769393e-09,-1.92567567568132e-13,-1.40734264756117e-13,-1.3246447847394e-13,NaN
-2538.882391,-0.3147635,-1.0881e-06,4.29312499999995e-09,4.28061666374166e-09,4.69441031940991e-13,-8.57688688124372e-14,-8.18650756104964e-14,NaN
-2528.795858,-0.313513,-1.08380625e-06,4.26687500000002e-09,4.28188280975781e-09,1.37269656020003e-12,-3.02883162667268e-14,-3.89533758169068e-14,NaN
-2518.72949,-0.312265,-1.07956625e-06,4.26812500000011e-09,4.28336205686206e-09,4.3295893296195e-13,-6.0359351446622e-14,-7.23363950789339e-14,NaN
-2508.558264,-0.311004,-1.07527e-06,4.28625e-09,4.28274872762373e-09,-1.12346437346168e-12,-1.60956357260992e-13,-1.5131845881558e-13,NaN
-2498.4616485,-0.30975225,-1.07099375e-06,4.27937499999994e-09,4.28111512811514e-09,-1.24835468585623e-12,-1.77321540908398e-13,-1.64147325917456e-13,NaN
-2488.37410725,-0.308501625,-1.06671125e-06,4.28312499999999e-09,4.28025201825202e-09,-5.30120217625754e-13,-6.7139258117199e-14,-7.32309375194369e-14,NaN
-2478.32387125,-0.307255625,-1.0624275e-06,4.29812500000009e-09,4.28005488767989e-09,3.83467883467637e-13,5.82069604899305e-14,5.85065443764659e-14,NaN
-2468.228264,-0.306004,-1.058115e-06,4.29250000000001e-09,4.28101895401896e-09,1.18671024921225e-12,1.58403177316426e-13,1.57530439288386e-13,NaN
-2458.137698,-0.304753,-1.0538425e-06,4.29249999999991e-09,4.28242830817831e-09,7.85385222886268e-13,1.89640309422811e-13,1.73675318037973e-13,NaN
-2447.982604,-0.303494,-1.04953e-06,4.26437499999995e-09,4.28258972446473e-09,-3.16295191295022e-13,1.18291217530076e-13,1.30881177466623e-13,NaN
-2437.90817,-0.302245,-1.04531375e-06,4.23250000000005e-09,4.28179571779572e-09,-4.86552299055043e-13,9.69869951823189e-14,1.13914365724603e-13,NaN
-2427.817604,-0.300994,-1.041065e-06,4.28187500000001e-09,4.28161661986662e-09,-1.86863811864827e-13,1.31475869997252e-13,1.04328409335775e-13,NaN
-2417.7330875,-0.29974375,-1.03675e-06,4.30124999999999e-09,4.28142199017199e-09,-2.4534924534828e-13,3.00200799326042e-14,2.75100103284536e-14,NaN
-2407.652604,-0.298494,-1.0324625e-06,4.29000000000005e-09,4.28112592137592e-09,1.84362934362299e-13,-8.23977626699935e-14,-5.85787468080832e-14,NaN
-2397.574137,-0.2972445,-1.02817e-06,4.31750000000007e-09,4.28179071604072e-09,9.76307476307968e-13,-5.1510900087151e-14,-5.16403748147846e-14,NaN
-2387.41501,-0.295985,-1.0238275e-06,4.29062499999999e-09,4.28307853632854e-09,9.59788522290702e-13,-9.41092984431199e-16,-1.29884997967328e-14,NaN
-2377.340576,-0.294736,-1.01958875e-06,4.25374999999995e-09,4.2837102930853e-09,-2.24025974027367e-13,-5.27995635383384e-14,-5.98092841769613e-14,NaN
-2367.25001,-0.293485,-1.01532e-06,4.2650000000001e-09,4.28263048438048e-09,-7.38395050899447e-13,-1.88644454448525e-13,-1.859654847109e-13,NaN
-2357.159444,-0.292234,-1.01105875e-06,4.26312499999997e-09,4.2822335029835e-09,-5.83230958232624e-13,-3.08253834297375e-13,-3.06980205869344e-13,NaN
-2347.068878,-0.290983,-1.00679375e-06,4.27312499999993e-09,4.28146402246402e-09,-8.0874868374444e-13,-3.4266041860623e-13,-3.34439020411234e-13,NaN
-2336.9964605,-0.28973425,-1.0025125e-06,4.30437499999999e-09,4.28061600561601e-09,6.93883818928115e-14,-2.37755921223458e-13,-2.27085669011903e-13,NaN
-2326.903878,-0.288483,-9.98185e-07,4.31874999999994e-09,4.2816027992278e-09,8.55607230606363e-13,-3.53483682723807e-14,-5.0086224495955e-14,NaN
-2316.75180875,-0.287224375,-9.93875e-07,4.29750000000004e-09,4.28232722007722e-09,-9.7460073710278e-13,9.82679383222037e-14,9.4324733812515e-14,NaN
-2306.66930875,-0.285974375,-9.8959e-07,4.27062500000007e-09,4.2796535977536e-09,-2.03468322218199e-12,1.68740352577198e-13,1.7834280423839e-13,NaN
-2296.599916,-0.284726,-9.8533375e-07,4.2575e-09,4.27825785363286e-09,1.42058617060346e-13,2.2772028112254e-13,2.15750717830919e-13,NaN
-2286.501284,-0.283474,-9.81075e-07,4.260625e-09,4.27993771498772e-09,1.39691777816676e-12,2.14830527874257e-13,2.11189024153837e-13,NaN
-2276.42180875,-0.282224375,-9.768125e-07,4.27624999999993e-09,4.28105168918919e-09,7.67170498417881e-13,2.09338801817287e-13,2.22846835256092e-13,NaN
-2266.336284,-0.280974,-9.725225e-07,4.30249999999997e-09,4.28147205598456e-09,7.15536153012885e-14,3.32997022008128e-13,3.41595551549217e-13,NaN
-2256.173124,-0.279714,-9.682075e-07,4.30062500000005e-09,4.28119479641979e-09,1.58597314846927e-13,5.49963384050548e-13,5.36068144683529e-13,NaN
-2246.1007065,-0.27846525,-9.6392125e-07,4.29062499999999e-09,4.28178925061425e-09,1.23058090558173e-12,7.24079905568938e-13,7.3165549651036e-13,NaN
-2236.02526425,-0.277216125,-9.5962625e-07,4.289375e-09,4.28365595823096e-09,1.88220866970882e-12,8.81299730136244e-13,8.91597638886346e-13,NaN
-2225.917558,-0.275963,-9.553425e-07,4.25750000000005e-09,4.28555366795367e-09,1.99647464022514e-12,9.59194107008825e-13,9.23100163872387e-13,NaN
-2215.843124,-0.274714,-9.5111125e-07,4.24562500000001e-09,4.28764890751141e-09,1.28319366444544e-12,7.75192016691854e-13,7.77946708105835e-13,NaN
-2205.76869,-0.273465,-9.4685125e-07,4.26687499999997e-09,4.28812005528256e-09,-3.33998771497174e-13,5.67818442948941e-13,6.03554257593104e-13,NaN
-2195.694256,-0.272216,-9.425775e-07,4.30375e-09,4.28698090996841e-09,-5.49144436642212e-13,5.43460303047248e-13,5.28081384288207e-13,NaN
-2185.510931,-0.2709535,-9.3824375e-07,4.30312500000007e-09,4.28702176640927e-09,-1.29593717093776e-13,4.91586676738695e-13,4.77546498062815e-13,NaN
-2175.43750525,-0.269704625,-9.3397125e-07,4.289375e-09,4.28672172253423e-09,4.46428571392445e-14,3.81087362630683e-13,4.01135642074955e-13,NaN
-2165.35097225,-0.268454125,-9.29665e-07,4.29062499999993e-09,4.28711105212355e-09,1.14373244998007e-12,3.44654243882552e-13,3.41980170309085e-13,NaN
-2155.283596,-0.267206,-9.2539e-07,4.26312499999997e-09,4.28900918743419e-09,1.81006712881568e-12,2.81082610137136e-13,2.66876439979709e-13,NaN
-2145.1910135,-0.26595475,-9.2113875e-07,4.25625000000002e-09,4.29073118638118e-09,1.00449061073913e-12,1.20365276061047e-13,1.20976889558057e-13,NaN
-2135.09137325,-0.264702625,-9.168775e-07,4.344e-09,4.29101816865566e-09,-2.83709196207616e-13,-4.17662918424516e-14,-3.77742603861378e-14,NaN
-2124.931238,-0.263443,-9.1245075e-07,4.34975e-09,4.29016376798877e-09,-1.12635573885176e-12,-1.16716117868541e-13,-1.10086625954242e-13,NaN
-2114.848738,-0.262193,-9.08178e-07,4.28543750000001e-09,4.28876545717796e-09,-2.46521367146209e-12,-6.24619266360666e-14,-5.52743302108908e-14,NaN
-2104.77329575,-0.260943875,-9.03879875e-07,4.30381249999997e-09,4.28523334064584e-09,-2.37416198666386e-12,8.56744849026341e-14,9.34825855619636e-14,NaN
-2094.691804,-0.259694,-8.99570375e-07,4.29406250000001e-09,4.28401713320463e-09,1.07496709371404e-12,2.08516028168171e-13,1.88135712275125e-13,NaN
-2084.63249375,-0.258446875,-8.9529175e-07,4.26631250000004e-09,4.28738327483327e-09,2.81235301860316e-12,9.5791106888976e-14,6.61907787799401e-14,NaN
-2074.53487,-0.257195,-8.9103775e-07,4.28399999999999e-09,4.28964183924184e-09,1.37469287469372e-12,-2.2500152312098e-13,-1.94926356141435e-13,NaN
-2064.3575945,-0.25593325,-8.8672375e-07,4.27312499999993e-09,4.29013266058266e-09,-8.15637065568111e-15,-3.81025944775641e-13,-3.65017003713911e-13,NaN
-2054.2831605,-0.25468425,-8.824915e-07,4.25831250000003e-09,4.28962552650053e-09,-1.22971656721452e-12,-3.50323189083645e-13,-3.68919527852051e-13,NaN
-2044.210743,-0.2534355,-8.78207125e-07,4.28256250000007e-09,4.28767322744823e-09,-1.48849376974356e-12,-2.97705266107141e-13,-2.87751680344249e-13,NaN
-2034.12521825,-0.252185125,-8.73926375e-07,4.30137499999996e-09,4.28664853896104e-09,-4.24732362245915e-14,-1.71026900276874e-13,-1.69041341615853e-13,NaN
-2024.033644,-0.250934,-8.69604375e-07,4.30362499999992e-09,4.28758828097578e-09,1.4110959985951e-12,-3.42679832573299e-14,-4.73070063208564e-14,NaN
-2013.951144,-0.249684,-8.65319125e-07,4.28224999999999e-09,4.28947073095823e-09,1.18968278343329e-12,2.5426742241758e-14,3.05012245889142e-14,NaN
-2003.86965225,-0.248434125,-8.61039875e-07,4.28075000000006e-09,4.28996764654265e-09,-1.71843190591068e-13,7.30344692518003e-14,8.41396723051181e-14,NaN
-1993.705484,-0.247174,-8.56757625e-07,4.26581250000003e-09,4.28912704457705e-09,-1.53796946296894e-12,1.14330096754051e-13,9.85522306327169e-14,NaN
-1983.622984,-0.245924,-8.5250825e-07,4.25556250000001e-09,4.28689170761671e-09,-2.84554448929637e-12,2.55278214410581e-14,8.83294095923645e-15,NaN
-1973.54552525,-0.244674625,-8.482465e-07,4.27618749999997e-09,4.28343595559846e-09,-2.65547999298158e-12,-1.3308305524573e-13,-1.06290044403983e-13,NaN
-1963.46605,-0.243425,-8.43955875e-07,4.29575000000005e-09,4.28158074763075e-09,9.33413039662938e-13,-1.0643962624361e-13,-9.28910287915983e-14,NaN
-1953.375484,-0.242174,-8.39655e-07,4.29937500000002e-09,4.28530278167778e-09,4.04390575640646e-12,4.79358890230696e-14,2.89307653263172e-14,NaN
-1943.309116,-0.240926,-8.35357125e-07,4.29693749999991e-09,4.28966855914356e-09,2.18772376272399e-12,1.14454300856491e-13,1.1361629107937e-13,NaN
-1933.14696425,-0.239666125,-8.31061125e-07,4.35312500000002e-09,4.28967822920323e-09,-3.00897244647283e-13,9.92528626876144e-14,9.89055530726299e-14,NaN
-1923.047324,-0.238414,-8.26650875e-07,4.32381250000004e-09,4.28906676465426e-09,-8.00377325377948e-13,1.82456086804827e-14,1.04013789663486e-14,NaN
-1912.989022,-0.237167,-8.224135e-07,4.24206250000001e-09,4.28807747455247e-09,-1.11196253071013e-12,-1.08601481492709e-13,-1.03185331079994e-13,NaN
-1902.89039,-0.235915,-8.1816675e-07,4.25912500000002e-09,4.28684283959284e-09,-2.83193664440581e-13,-1.69806414828199e-13,-1.49351079404821e-13,NaN
-1892.8058735,-0.23466475,-8.1389525e-07,4.28899999999997e-09,4.28751108722359e-09,9.50366356614621e-13,-1.17075619803899e-13,-1.28528668928688e-13,NaN
-1882.73043125,-0.233415625,-8.0958875e-07,4.31637499999996e-09,4.28874357230607e-09,3.47367497365856e-13,-1.40761104837135e-13,-1.58672761755007e-13,NaN
-1872.659022,-0.232167,-8.052625e-07,4.3231875e-09,4.28820582221832e-09,-6.67396454893895e-13,-2.97595971889358e-13,-2.77864295851776e-13,NaN
-1862.499895,-0.2309075,-8.00942375e-07,4.28306250000003e-09,4.28740877939629e-09,-8.27386802385734e-13,-4.35343992213517e-13,-4.42323437327783e-13,NaN
-1852.413362,-0.229657,-7.96696375e-07,4.241125e-09,4.28655104861355e-09,-8.89454633207991e-13,-6.3197182416768e-13,-6.53365087867755e-13,NaN
-1842.330862,-0.228407,-7.92460125e-07,4.24118750000001e-09,4.28562987012987e-09,-1.19587574587981e-12,-8.84019266443469e-13,-8.64044849536408e-13,NaN
-1832.24130425,-0.227156125,-7.88214e-07,4.26756250000002e-09,4.28415929712179e-09,-1.24069410319413e-12,-9.38438041231631e-13,-9.1664312328797e-13,NaN
-1822.1678785,-0.22590725,-7.83925e-07,4.28437499999997e-09,4.28314848192348e-09,-6.23030010527526e-13,-7.75214734638624e-13,-7.93517566622844e-13,NaN
-1812.091428,-0.224658,-7.7964525e-07,4.32381249999999e-09,4.28291323710074e-09,-3.75184275183721e-13,-6.28609975446949e-13,-6.44147475038169e-13,NaN
-1801.90407,-0.223395,-7.75277375e-07,4.33312500000005e-09,4.28239811337311e-09,-7.58141014391326e-13,-5.19351352623206e-13,-4.90009110312349e-13,NaN
-1791.83467725,-0.222146625,-7.70979e-07,4.28643749999999e-09,4.28139695507196e-09,-9.22411372410733e-13,-2.86895626569769e-13,-2.78240503890393e-13,NaN
-1781.7572185,-0.22089725,-7.667045e-07,4.24012500000002e-09,4.28055329062829e-09,-1.05129650754555e-12,-1.13025717982349e-13,-1.54413455752355e-13,NaN
-1771.672702,-0.219647,-7.6249875e-07,4.23343750000001e-09,4.27929436205686e-09,-1.46609336609503e-12,-2.80500978816037e-13,-2.90134609046298e-13,NaN
-1761.590202,-0.218397,-7.58237625e-07,4.27024999999998e-09,4.2776211038961e-09,1.37080993329125e-13,-5.89223820375849e-13,-5.7534322277416e-13,NaN
-1751.51274325,-0.217147625,-7.5395825e-07,4.30756250000002e-09,4.27956852404352e-09,1.92158871533948e-12,-7.26704301280424e-13,-7.02087723998893e-13,NaN
-1741.344542,-0.215887,-7.496225e-07,4.31925000000001e-09,4.28146428132678e-09,7.11539136540823e-13,-5.42392785501448e-13,-5.33264954080423e-13,NaN
-1731.262042,-0.214637,-7.4531975e-07,4.30356249999996e-09,4.2809916023166e-09,-1.77985696732485e-13,-1.72933038628475e-13,-1.92506150402883e-13,NaN
-1721.179542,-0.213387,-7.41015375e-07,4.27531249999997e-09,4.28110830993332e-09,-9.16681291672025e-14,1.3853980717032e-13,1.48017544446179e-13,NaN
-1711.093009,-0.2121365,-7.36769125e-07,4.24181250000005e-09,4.28080826605827e-09,-6.80304492832463e-14,3.77243590428188e-13,3.68825635706542e-13,NaN
-1701.022608,-0.210888,-7.3253175e-07,4.25193749999999e-09,4.28097224903475e-09,6.55907774655494e-13,4.17822548126685e-13,3.9085744806253e-13,NaN
-1690.89997965,-0.209633025,-7.2826525e-07,4.27187499999994e-09,4.28212008160758e-09,7.79369954369778e-13,2.33130388999902e-13,2.54480517154983e-13,NaN
-1680.81989945,-0.208383325,-7.23988e-07,4.29406250000001e-09,4.28253098894349e-09,-4.18524043523437e-13,1.10613655863736e-13,1.25125931719494e-13,NaN
-1670.71058,-0.20713,-7.19677125e-07,4.30800000000002e-09,4.28128303352053e-09,-3.74509038259002e-12,8.86340630581403e-14,6.96861230232208e-14,NaN
-1660.634230325,-0.2058807625,-7.15372e-07,4.30887500000001e-09,4.27504080817831e-09,-4.84658871533882e-12,3.62434399392253e-14,4.87703143937555e-14,NaN
-1650.5302546,-0.2046281,-7.11059375e-07,4.30168749999999e-09,4.27158985608986e-09,9.88846963846031e-13,4.35529162704948e-14,4.24655625660889e-14,NaN
-1640.449065325,-0.2033782625,-7.06768625e-07,4.2648125e-09,4.277018502106e-09,6.57847709722599e-12,5.45267531792667e-14,3.99379509988118e-14,NaN
-1630.35174405,-0.202126425,-7.0252975e-07,4.24550000000004e-09,4.28474681028431e-09,6.18100429975553e-12,2.58150050109273e-14,4.2930596402903e-14,NaN
-1620.2504906,-0.2008741,-6.98277625e-07,4.26325e-09,4.28938051070551e-09,1.36401807652032e-12,8.42704182161696e-14,7.83090246939242e-14,NaN
-1610.1595213,-0.19962305,-6.9400325e-07,4.2751875e-09,4.28747484643735e-09,-2.34248201123186e-12,1.57063839672636e-13,1.46318355368495e-13,NaN
-1600.060990125,-0.1983710625,-6.8972725e-07,4.29218749999999e-09,4.28469554668305e-09,-2.77989645489563e-12,2.40915707350833e-13,2.5051854696545e-13,NaN
-1589.9562078,-0.1971183,-6.85418875e-07,4.30806250000003e-09,4.28191505352756e-09,-3.45208845208744e-12,4.5791044276958e-13,4.63337564486732e-13,NaN
-1579.875623475,-0.1958685375,-6.81111125e-07,4.29737500000001e-09,4.27779136977887e-09,-1.56365830115787e-12,8.18099338610496e-13,8.22072314526661e-13,NaN
-1569.7734626,-0.1946161,-6.76824125e-07,4.28806250000001e-09,4.27878773692524e-09,2.79347358722392e-12,1.26821726752176e-12,1.27088986660305e-12,NaN
-1559.6732174,-0.1933639,-6.72535e-07,4.25931250000001e-09,4.28337831695332e-09,3.04134564759486e-12,1.70864771646294e-12,1.71466710414538e-12,NaN
-1549.575392,-0.192112,-6.683055e-07,4.24537499999995e-09,4.28487042822043e-09,1.67196165321031e-12,2.00859384977856e-12,1.9742871604604e-12,NaN
-1539.492892,-0.190862,-6.6404425e-07,4.27693749999999e-09,4.28672224025974e-09,2.34596349596501e-12,1.96703264218473e-12,1.94594222867287e-12,NaN
-1529.4031326,-0.1896111,-6.59751625e-07,4.30200000000001e-09,4.28956235521236e-09,1.35231002106121e-12,1.78318577710948e-12,1.82438040142646e-12,NaN
-1519.2899818,-0.1883573,-6.5544025e-07,4.30331250000001e-09,4.28942686030187e-09,4.28051509297699e-13,1.90232976228589e-12,1.91559669463727e-12,NaN
-1509.19760095,-0.187106075,-6.51145e-07,4.29162500000001e-09,4.29041845823096e-09,2.66903299403066e-12,2.28913715508219e-12,2.29608047481155e-12,NaN
-1499.0967508,-0.1858538,-6.46857e-07,4.28506249999998e-09,4.29476492628993e-09,4.38543348543504e-12,2.75349963543378e-12,2.74378810747043e-12,NaN
-1489.0029584,-0.1846024,-6.42574875e-07,4.40750000000001e-09,4.29918932520183e-09,4.7497521060026e-12,3.02430348643351e-12,2.99968078172503e-12,NaN
-1478.9027132,-0.1833502,-6.38042e-07,4.39237500000004e-09,4.30426443050193e-09,5.08257502632393e-12,2.94373615074665e-12,2.95166548075022e-12,NaN
-1468.846528525,-0.1821034625,-6.33790125e-07,4.20162500000002e-09,4.30935447525448e-09,3.89321691821656e-12,2.64124995930401e-12,2.628843922316e-12,NaN
-1458.724001,-0.1808485,-6.2963875e-07,4.16243750000001e-09,4.31205086433836e-09,1.70213013337986e-12,2.15378839299473e-12,2.16335373959484e-12,NaN
-1448.620428575,-0.1795958875,-6.2546525e-07,4.23181249999999e-09,4.31275873552124e-09,5.06015268514162e-13,1.66303203090141e-12,1.67913845849543e-12,NaN
-1438.5291568,-0.1783448,-6.21175125e-07,4.34756249999996e-09,4.31306289487539e-09,2.22992716742897e-13,1.23906574177209e-12,1.2048534418986e-12,NaN
-1428.4527063,-0.17709555,-6.16770125e-07,4.3326875e-09,4.31320472095472e-09,5.84316865567218e-13,7.64066072424523e-13,7.80571374528246e-13,NaN
-1418.350747075,-0.1758431375,-6.1250975e-07,4.32500000000001e-09,4.31423152860653e-09,1.42412469287389e-12,5.19353068200499e-13,5.66529314778645e-13,NaN
-1408.275506475,-0.1745940375,-6.08120125e-07,4.40493749999998e-09,4.31605297034047e-09,8.04010179015651e-14,5.93684916565039e-13,5.75643994647742e-13,NaN
-1398.1628598,-0.1733403,-6.03699875e-07,4.3473125e-09,4.31439233064233e-09,-1.40983459108377e-12,5.25430261571466e-13,4.76242910083437e-13,NaN
-1388.1045578,-0.1720933,-5.994255e-07,4.28925000000003e-09,4.3132333011583e-09,-3.03066865565658e-13,6.34351696415622e-14,7.33544423223451e-14,NaN
-1378.0083456,-0.1708416,-5.95121375e-07,4.36049999999998e-09,4.3137861969112e-09,-6.72382853632092e-13,-4.69601858775887e-13,-4.40250576570857e-13,NaN
-1367.903764925,-0.1695888625,-5.907045e-07,4.33906249999999e-09,4.31188853545104e-09,-2.20722183222383e-12,-8.66707171174564e-13,-8.90226482915951e-13,NaN
-1357.818341,-0.1683385,-5.8644325e-07,4.27599999999998e-09,4.30937175324675e-09,-1.85202922078024e-12,-1.2633387407735e-12,-1.25725009294603e-12,NaN
-1347.708719075,-0.1670851375,-5.821525e-07,4.3453125e-09,4.30818447700948e-09,-9.35648473149553e-13,-1.52056257047555e-12,-1.48831193805721e-12,NaN
-1337.6323694,-0.1658359,-5.77752625e-07,4.34156250000006e-09,4.30750045630045e-09,-9.61955949457437e-13,-1.57047888783743e-12,-1.59643793256417e-12,NaN
-1327.5321242,-0.1645837,-5.73469375e-07,4.28475000000001e-09,4.30626056511056e-09,-1.32223806598783e-12,-1.72144529862982e-12,-1.74139700312532e-12,NaN
-1317.4391384,-0.1633324,-5.69183125e-07,4.29406249999996e-09,4.30485598016848e-09,1.31781326781353e-12,-1.97896388681141e-12,-1.95554508238546e-12,NaN
-1307.344035275,-0.1620808375,-5.6488125e-07,4.2785e-09,4.30889619164619e-09,3.74379606879705e-12,-2.11576685055998e-12,-2.11909316999062e-12,NaN
-1297.260930325,-0.1608307625,-5.60626125e-07,4.26506250000001e-09,4.31234357230607e-09,-7.07480694978574e-13,-2.17780577302273e-12,-2.17800223104408e-12,NaN
-1287.163306575,-0.1595788875,-5.56351125e-07,4.27093749999998e-09,4.30748123025623e-09,-6.7030734468213e-12,-2.17222517732269e-12,-2.1677625184187e-12,NaN
-1277.0680018,-0.1583273,-5.5208425e-07,4.27887500000003e-09,4.29893742541243e-09,-8.0193774131265e-12,-2.10387757633384e-12,-2.11772112090689e-12,NaN
-1266.96755495,-0.157075075,-5.47793375e-07,4.28900000000002e-09,4.29144247542998e-09,-4.86562170937218e-12,-2.02967983681002e-12,-2.01474152428598e-12,NaN
-1256.87093945,-0.155823325,-5.4350625e-07,4.29362499999996e-09,4.28920618199368e-09,-2.27265707265837e-12,-1.84504080548609e-12,-1.83701182299468e-12,NaN
-1246.78158335,-0.154572475,-5.39206125e-07,4.28187500000001e-09,4.28689716128466e-09,-2.11336872586809e-12,-1.61964964187741e-12,-1.64050882725869e-12,NaN
-1236.690513225,-0.1533214125,-5.349425e-07,4.273e-09,4.28497944454195e-09,-1.98622323602571e-14,-1.51686696789922e-12,-1.5206765991526e-12,NaN
-1226.59198205,-0.152069425,-5.30660125e-07,4.34712500000001e-09,4.28685743681994e-09,5.876184626187e-13,-1.45669624268512e-12,-1.44239951825239e-12,NaN
-1216.51835465,-0.150820525,-5.2624825e-07,4.33568750000003e-09,4.28615468146719e-09,-1.82576342576346e-12,-1.31469522741255e-12,-1.311896764547e-12,NaN
-1206.428292775,-0.1495695875,-5.2198875e-07,4.25793749999994e-09,4.28320590996841e-09,-9.82447788698571e-13,-1.13321680164076e-12,-1.15756183186094e-12,NaN
-1196.3216956,-0.1483166,-5.17732375e-07,4.27693749999999e-09,4.28418978588979e-09,9.00184275183158e-13,-9.87262578360487e-13,-9.67929046672004e-13,NaN
-1186.2270966,-0.1470651,-5.13434875e-07,4.30818750000001e-09,4.28500627851878e-09,-1.78009828010456e-13,-6.67808817993756e-13,-6.32038633547783e-13,NaN
-1176.11898705,-0.145811925,-5.09116e-07,4.2984375e-09,4.28383376623377e-09,-1.02733415247588e-14,-1.91389650661553e-13,-2.28967622955059e-13,NaN
-1166.020859175,-0.1445599875,-5.04838e-07,4.28450000000005e-09,4.28498573183573e-09,1.30338495963531e-12,8.14197497879056e-15,-7.82023074955532e-15,NaN
-1155.942392175,-0.1433104875,-5.00547e-07,4.27800000000003e-09,4.28644053615304e-09,5.22685591436394e-13,-6.46572129724893e-14,-5.66073962847825e-14,NaN
-1145.839828,-0.142058,-4.96282e-07,4.26199999999996e-09,4.2860311030186e-09,-3.79802123551191e-13,-2.19004752917789e-13,-2.12977338118958e-13,NaN
-1135.74180095,-0.140806075,-4.92023e-07,4.25937499999997e-09,4.28568093190594e-09,-7.64434889435227e-13,-3.58032711282749e-13,-3.49837280973034e-13,NaN
-1125.663434775,-0.1395565875,-4.8776325e-07,4.27900000000001e-09,4.28450223323973e-09,-1.55395972271057e-12,-4.55192993812702e-13,-4.73682045544924e-13,NaN
-1115.562786275,-0.1383043375,-4.83465e-07,4.27662500000002e-09,4.28257301246051e-09,-1.28109643734609e-12,-5.79550859866324e-13,-5.64926403280996e-13,NaN
-1105.48300855,-0.137054675,-4.7921e-07,4.28574999999998e-09,4.28194004036504e-09,-4.80795893295409e-13,-5.84465965259707e-13,-5.69792335196616e-13,NaN
-1095.3878046,-0.1358031,-4.748935e-07,4.29949999999999e-09,4.28161142067392e-09,-8.7075289575134e-13,-4.939166259711e-13,-5.21549471246804e-13,NaN
-1085.293709725,-0.1345516625,-4.70611e-07,4.28768750000002e-09,4.28019853457354e-09,-1.54531853281909e-12,-5.03073508714812e-13,-4.99703508889247e-13,NaN
-1075.18872575,-0.133298875,-4.66318125e-07,4.28137500000002e-09,4.27852078360829e-09,-1.50796551421627e-12,-4.84724085321939e-13,-4.60806415978796e-13,NaN
-1065.0652908,-0.1320438,-4.6204825e-07,4.26606249999998e-09,4.27718260354511e-09,-1.41559538434586e-12,-3.50972492255171e-13,-3.6974690596467e-13,NaN
-1054.997612075,-0.1307956375,-4.57786e-07,4.26906249999996e-09,4.27568959283959e-09,1.53189715688705e-13,-2.92962341647205e-13,-3.00237980733103e-13,NaN
-1044.8962578,-0.1295433,-4.53510125e-07,4.291e-09,4.27748898297648e-09,2.43674534924529e-12,-2.82802419019918e-13,-2.6667578481532e-13,NaN
-1034.8040786,-0.1282921,-4.49204e-07,4.2925625e-09,4.28056308353808e-09,1.12449104949082e-12,-2.07719053893038e-13,-2.18559430706099e-13,NaN
-1024.7110928,-0.1270408,-4.44925e-07,4.28081250000002e-09,4.27973796507547e-09,-1.01892769392845e-12,-1.43082641506596e-13,-1.40223773987773e-13,NaN
-1014.618107,-0.1257895,-4.40642375e-07,4.27750000000002e-09,4.27852522815023e-09,-4.51195594945915e-13,-3.77925142815736e-14,-2.37838726965399e-14,NaN
-1004.527541,-0.1245385,-4.3637e-07,4.26087499999999e-09,4.27883557388557e-09,3.99842049841476e-13,1.2589854097478e-13,1.1292197849634e-13,NaN
-994.4539136,-0.1232896,-4.32120625e-07,4.27800000000001e-09,4.27932491224991e-09,6.23442435943883e-13,2.02303585629823e-13,1.96360255653901e-13,NaN
-984.31192685,-0.122032225,-4.27814e-07,4.28231250000003e-09,4.28008245875746e-09,8.18440680943437e-13,1.97128909966053e-13,2.05953470361723e-13,NaN
-974.268446125,-0.1207870625,-4.23556e-07,4.27575e-09,4.2809617936118e-09,3.81225868725273e-13,1.85419653985063e-13,1.81685870346628e-13,NaN
-964.1560011,-0.11953335,-4.192625e-07,4.28449999999998e-09,4.28084491049491e-09,-4.84964022464911e-13,1.39267753072293e-13,1.39769807950421e-13,NaN
-954.0682582,-0.1182827,-4.14987e-07,4.29025e-09,4.27999186556687e-09,-7.6082836082755e-13,7.43259517282574e-14,7.64227413104628e-14,NaN
-943.9631734,-0.1170299,-4.10682e-07,4.29325000000001e-09,4.27932325377326e-09,-1.01014829764764e-12,3.89687541982192e-16,-1.31614462327429e-14,NaN
-933.86232325,-0.115777625,-4.064005e-07,4.26274999999998e-09,4.27797156897157e-09,-8.90917865917393e-13,-9.72081470232372e-14,-8.56436690945054e-14,NaN
-923.7642962,-0.1145257,-4.021565e-07,4.25375e-09,4.27754141804142e-09,7.37012987007775e-14,-7.50380987989792e-14,-5.29894668282788e-14,NaN
-913.690164675,-0.1132767375,-3.97893e-07,4.28525e-09,4.27811897156897e-09,9.99820112319879e-13,7.54103762146398e-14,5.79759585591145e-14,NaN
-903.579635325,-0.1120232625,-3.93586e-07,4.3011875e-09,4.27954105826606e-09,1.45709459459516e-12,1.05413782359332e-13,8.30155793285006e-14,NaN
-893.482616525,-0.1107714625,-3.89290625e-07,4.28568750000002e-09,4.28103316075816e-09,4.9043962793929e-13,-3.03498367087282e-14,-1.74469986928286e-14,NaN
-883.4109048,-0.1095228,-3.85014625e-07,4.27825000000001e-09,4.28052193752194e-09,-1.02340075465208e-12,-1.15890068640333e-13,-1.02699378543151e-13,NaN
-873.28021045,-0.108266825,-3.80734125e-07,4.2828125e-09,4.27898635924886e-09,-1.08996358371479e-12,-8.57496112717687e-14,-9.49146944399343e-14,NaN
-863.18299,-0.107015,-3.76449e-07,4.2551875e-09,4.27834201035451e-09,-1.2727053352169e-13,-2.83625469064444e-14,-1.32859296341529e-14,NaN
-853.1214616,-0.1057676,-3.7222375e-07,4.26743749999999e-09,4.27873181818182e-09,6.53284047033388e-13,7.47630124474969e-14,6.01488224770586e-14,NaN
-843.0155702,-0.1045147,-3.67914125e-07,4.29187499999999e-09,4.27964857844858e-09,9.6258555633666e-13,6.62250866051775e-14,3.45940587918475e-14,NaN
-832.918450575,-0.1032628875,-3.6364e-07,4.29518750000002e-09,4.28065698929449e-09,4.1417822042887e-13,-4.08794216298336e-14,1.13022170912725e-14,NaN
-822.83302665,-0.102012525,-3.5932375e-07,4.29187499999999e-09,4.28047693488944e-09,4.73806598801564e-14,1.35575048368216e-13,1.48546496778796e-13,NaN
-812.7345963,-0.10076055,-3.5505625e-07,4.27637499999999e-09,4.28075175061425e-09,-1.61453580204548e-13,3.68928272145507e-13,3.17170309815173e-13,NaN
-802.6218488,-0.0995068,-3.50771e-07,4.26512500000002e-09,4.28015402772903e-09,-1.20531546156487e-12,2.81186460458124e-13,2.82242173043329e-13,NaN
-792.547717275,-0.0982578375,-3.46526e-07,4.26575000000001e-09,4.27834111969112e-09,-1.04229334854282e-12,9.81987179160487e-14,1.2024581053582e-13,NaN
-782.430533475,-0.0970035375,-3.422395e-07,4.27199999999997e-09,4.27806944103194e-09,1.82153825903228e-13,3.34975023018779e-14,3.79353162673571e-14,NaN
-772.347731,-0.0957535,-3.37982e-07,4.28399999999999e-09,4.27870542734293e-09,1.08568576693555e-12,4.3399190834214e-14,4.37320361099002e-14,NaN
-762.2482924,-0.0945014,-3.336715e-07,4.30049999999999e-09,4.28024081256581e-09,9.26105651105123e-13,3.24456644677343e-14,2.0648181823337e-14,NaN
-752.1803112,-0.0932532,-3.29381e-07,4.29325000000001e-09,4.28055763864514e-09,-1.87785187739945e-15,-9.87043907258898e-14,-1.08367976546921e-13,NaN
-742.063429875,-0.0919989375,-3.25085e-07,4.29031250000002e-09,4.28023705686206e-09,-8.05567743065031e-14,-3.11754991157018e-13,-3.02534178107938e-13,NaN
-731.971049025,-0.0907477125,-3.20800375e-07,4.26149999999998e-09,4.28039652509652e-09,-4.80784924534311e-13,-4.55668318657316e-13,-4.49283810344857e-13,NaN
-721.868384025,-0.0894952125,-3.16562e-07,4.24793750000001e-09,4.27927548701299e-09,1.34395621270701e-12,-4.86982707297717e-13,-4.84906762558085e-13,NaN
-711.793143425,-0.0882461125,-3.123045e-07,4.27237500000001e-09,4.28308443752194e-09,2.907371007372e-12,-4.36722421461185e-13,-4.37198756407119e-13,NaN
-701.7008634,-0.0869949,-3.0801725e-07,4.29768749999998e-09,4.28509022902773e-09,-2.25303615303605e-12,-3.60131080826386e-13,-3.63577967642212e-13,NaN
-691.5913423,-0.08574155,-3.03709125e-07,4.305375e-09,4.27857836521587e-09,-5.36447657072732e-12,-3.0689506403609e-13,-3.03830618409527e-13,NaN
-681.5035994,-0.0844909,-2.994065e-07,4.29162500000001e-09,4.27436127588628e-09,-1.68193225693175e-12,-2.86487070215094e-13,-2.91683859978956e-13,NaN
-671.3888354,-0.0832369,-2.95125875e-07,4.26981250000001e-09,4.275214500702e-09,5.53654791155724e-13,-3.44131664131433e-13,-3.52849352732362e-13,NaN
-661.308856025,-0.0819872125,-2.90866875e-07,4.26006249999998e-09,4.27546858546859e-09,-7.38307300806531e-14,-4.64424196641414e-13,-4.6306070518351e-13,NaN
-651.2117364,-0.0807354,-2.8660575e-07,4.26312499999999e-09,4.27506683924184e-09,-3.18291505792854e-13,-5.30253651590497e-13,-5.17190863041675e-13,NaN
-641.1010054,-0.0794819,-2.82340625e-07,4.26225000000002e-09,4.274832002457e-09,-5.62333274833775e-13,-4.40416413166349e-13,-4.34709736456584e-13,NaN
-631.0330242,-0.0782337,-2.7808125e-07,4.28581250000002e-09,4.27394217269217e-09,-1.48486310984922e-13,-2.46108065292893e-13,-2.5453471116114e-13,NaN
-620.904447175,-0.0769779875,-2.73769e-07,4.31331249999999e-09,4.27453502983503e-09,1.06631274131437e-12,-6.51020868413064e-14,-5.9793428723643e-14,NaN
-610.825576875,-0.0757284375,-2.69454625e-07,4.29306249999999e-09,4.2760747981748e-09,1.21156546156563e-12,8.31389117801204e-14,5.94274443879148e-14,NaN
-600.741665325,-0.0744782625,-2.65182875e-07,4.28193750000002e-09,4.27695816075816e-09,6.90187346435763e-13,1.17217975457024e-13,1.24399357504532e-13,NaN
-590.640916,-0.073226,-2.6089075e-07,4.26575000000001e-09,4.27745517286767e-09,2.25903825901871e-13,2.32371935317439e-13,2.81653637916249e-13,NaN
-580.54490545,-0.071974325,-2.56651375e-07,4.25824999999999e-09,4.27740996840997e-09,-4.37328887328284e-13,5.40054831935139e-13,4.97162156069779e-13,NaN
-570.451415525,-0.0707229625,-2.5237425e-07,4.2511875e-09,4.27658051509302e-09,-3.77891365390912e-13,5.76767508897784e-13,5.44849780436878e-13,NaN
-560.345322475,-0.0694700375,-2.48149e-07,4.26262500000001e-09,4.27665418567919e-09,-2.37342049850887e-14,3.79425361555569e-13,4.23199280558085e-13,NaN
-550.2601002,-0.0682197,-2.43849e-07,4.31550000000001e-09,4.27653304668305e-09,7.4236574236299e-14,3.57317283969262e-13,3.65290155529995e-13,NaN
-540.1707441,-0.06696885,-2.39518e-07,4.18149999999999e-09,4.27680265882766e-09,1.14237012987094e-12,4.09036448503615e-13,3.81355565232699e-13,NaN
-530.079673975,-0.0657177875,-2.35486e-07,4.19231249999997e-09,4.27881778694279e-09,1.92282379782368e-12,3.40159192648164e-13,3.44613047947343e-13,NaN
-519.99102365,-0.064467025,-2.31133375e-07,4.403e-09,4.28064830642331e-09,1.07549578799547e-12,2.79205492053139e-13,2.95948439198865e-13,NaN
-509.884124,-0.063214,-2.2668e-07,4.34818750000001e-09,4.28096877851878e-09,-2.8484336609319e-13,3.0273367721168e-13,2.7588778184469e-13,NaN
-499.777426,-0.061961,-2.22437e-07,4.24249999999999e-09,4.28007861969112e-09,-1.08731353106349e-12,2.91967695250118e-13,3.13182543473345e-13,NaN
-489.6892798,-0.0607103,-2.18195e-07,4.27549999999999e-09,4.27879415145665e-09,-1.03482800982884e-12,4.41333605909655e-13,4.82530894813491e-13,NaN
-479.576129,-0.0594565,-2.13886e-07,4.30125000000001e-09,4.27800896367146e-09,2.269546332036e-13,6.97750906327177e-13,6.32666073502872e-13,NaN
-469.4984686,-0.0582071,-2.095925e-07,4.3055e-09,4.27924806072306e-09,1.2172143734651e-12,5.27504056428145e-13,5.07047708336061e-13,NaN
-459.4264544,-0.0569584,-2.05275e-07,4.31574999999999e-09,4.28044339241839e-09,9.33112495612505e-13,1.56200565754913e-13,2.12585424631731e-13,NaN
-449.3189498,-0.0557053,-2.00961e-07,4.27150000000001e-09,4.28111428571429e-09,7.93912337662662e-13,4.81053382574774e-14,4.82518108129522e-14,NaN
-439.2364498,-0.0544553,-1.96732e-07,4.23899999999999e-09,4.28203121709372e-09,2.22110828360912e-13,9.65992432295222e-15,-1.56648958347941e-14,NaN
-429.1144264,-0.0532004,-1.92483e-07,4.24718749999999e-09,4.28155850737101e-09,-6.1140970516009e-13,-1.54402972142089e-13,-1.55173928570806e-13,NaN
-419.041303125,-0.0519515625,-1.88237625e-07,4.26100000000001e-09,4.2808083976834e-09,-1.67249473497847e-13,-3.43894412057366e-13,-3.38846740795706e-13,NaN
-408.93914225,-0.050699125,-1.83961e-07,4.294e-09,4.28122400842401e-09,1.32860433485407e-12,-4.49630964674235e-13,-4.42286189383521e-13,NaN
-398.831738475,-0.0494460375,-1.79649625e-07,4.3184375e-09,4.28346560635311e-09,1.1415101790095e-12,-4.21318697296759e-13,-4.13241676919115e-13,NaN
-388.7481294,-0.0481959,-1.75324125e-07,4.30831250000001e-09,4.28350702878203e-09,-8.81842313091498e-13,-2.94352722287329e-13,-3.00332351440547e-13,NaN
-378.66300795,-0.046945575,-1.71033e-07,4.2886875e-09,4.28170192172692e-09,-6.00377325376646e-13,-1.98360056414187e-13,-2.01528021818486e-13,NaN
-368.56679575,-0.045693875,-1.6674675e-07,4.257e-09,4.28230627413128e-09,-2.73773473148422e-12,-1.93205376324696e-13,-2.03913481162621e-13,NaN
-358.461106,-0.044441,-1.62519e-07,4.2241875e-09,4.27622645226395e-09,-5.69278474903682e-12,-3.01793762282723e-13,-3.02403176613591e-13,NaN
-348.3673136,-0.0431896,-1.58298375e-07,4.24275e-09,4.2709207046332e-09,1.57739557738777e-13,-4.22102404776337e-13,-4.1306703851143e-13,NaN
-338.2594057,-0.04193645,-1.540335e-07,4.2891875e-09,4.27654193137943e-09,4.13289092664196e-12,-4.44998660433483e-13,-4.45515920530569e-13,NaN
-328.189408,-0.040688,-1.4972e-07,4.31724999999999e-09,4.27918648648649e-09,-1.05337399085904e-13,-3.66762492306018e-13,-3.55859553204942e-13,NaN
-318.08271,-0.039435,-1.45399e-07,4.31681249999999e-09,4.27633125658126e-09,-1.73948753948637e-12,-1.77639162313131e-13,-1.78865641031101e-13,NaN
-307.984078,-0.038183,-1.41086375e-07,4.30006250000002e-09,4.27570751140751e-09,3.36596174095872e-13,4.92511144676963e-15,-7.10597653443015e-15,NaN
-297.8838328,-0.0369308,-1.36798875e-07,4.24968749999999e-09,4.27700444892945e-09,1.16706958581855e-12,7.77930292515911e-14,7.10765076287733e-14,NaN
-287.7847975,-0.03567875,-1.32587e-07,4.23443749999998e-09,4.27804165057915e-09,1.62926026675927e-12,7.81899844932368e-14,8.8261775285379e-14,NaN
-277.7027008,-0.0344288,-1.2833e-07,4.25987500000001e-09,4.28026296946297e-09,1.3697415759917e-12,1.21700789496486e-13,1.28201163853251e-13,NaN
-267.60144735,-0.033176475,-1.2406725e-07,4.2865e-09,4.28078113373114e-09,-3.18567918567797e-13,2.06406030677792e-13,1.8575788604167e-13,NaN
-257.4933378,-0.0319233,-1.19757e-07,4.312125e-09,4.27962583362583e-09,-1.31957485082544e-12,2.54548593624686e-13,2.89921473658869e-13,NaN
-247.4213236,-0.0306746,-1.15443e-07,4.3213125e-09,4.27814198402948e-09,-1.38835556335626e-12,4.29266384679459e-13,4.30857112601895e-13,NaN
-237.316541275,-0.0294218375,-1.11114375e-07,4.2834375e-09,4.27684912249912e-09,-1.29819673569821e-13,4.81013709785595e-13,4.09102949335655e-13,NaN
-227.223253,-0.0281705,-1.06876125e-07,4.2210625e-09,4.27788234468234e-09,1.46062872938009e-12,1.4168638245816e-13,1.82388418805241e-13,NaN
-217.1302672,-0.0269192,-1.0267225e-07,4.2454375e-09,4.27977037995788e-09,1.77358722358787e-12,-1.78609118718117e-14,2.89400683130441e-14,NaN
-207.0316352,-0.0256672,-9.838525e-08,4.29075e-09,4.28142951912952e-09,7.28358634608522e-13,9.83694215107713e-14,4.96086288313309e-14,NaN
-196.9402626,-0.0244161,-9.409075e-08,4.2946875e-09,4.2812270972271e-09,-9.4859599859573e-13,4.03635418310143e-14,3.25119983015076e-14,NaN
-186.855443625,-0.0231658125,-8.9795875e-08,4.314375e-09,4.27953232713233e-09,-1.6980146542642e-12,-7.30164770925059e-14,-4.80965162911589e-14,NaN
-176.7228336,-0.0219096,-8.5462e-08,4.28525000000001e-09,4.27783106791857e-09,-1.30571604071554e-12,-3.13072202636345e-14,-3.0856933395336e-14,NaN
-166.6443666,-0.0206601,-8.1225375e-08,4.2405e-09,4.2769208950509e-09,4.35479554227588e-14,8.5221851298069e-14,8.54577479513312e-14,NaN
-156.551481625,-0.0194088125,-7.6981e-08,4.2754375e-09,4.27791816382942e-09,1.47762943137854e-12,1.91047929776229e-13,1.83606433104946e-13,NaN
-146.45174055,-0.018156675,-7.26745e-08,4.30550000000001e-09,4.27987615391365e-09,1.87823381010823e-12,1.97896079733079e-13,1.91871932980046e-13,NaN
-136.361880325,-0.0169057625,-6.837e-08,4.28537500000001e-09,4.28167463144963e-09,1.20219375219465e-12,1.04308826895821e-13,1.06691778343668e-13,NaN
-126.28270755,-0.015656175,-6.410375e-08,4.2680625e-09,4.28228054141804e-09,-7.83261670761029e-13,-2.08895908896293e-14,-2.30206386147766e-14,NaN
-116.1657254,-0.0144019,-5.9833875e-08,4.284375e-09,4.28010810810811e-09,-2.1129299754308e-12,-1.36676036002243e-13,-1.30350283259093e-13,NaN
-106.07415115,-0.013150775,-5.5535e-08,4.2769375e-09,4.27805468146718e-09,-9.17993155493418e-13,-1.7716514736094e-13,-1.74854588318385e-13,NaN
-95.981367,-0.0118995,-5.128e-08,4.2765e-09,4.27827212179712e-09,6.98176991926649e-13,-1.50272012554727e-13,-1.51453121868459e-13,NaN
-85.87325745,-0.010646325,-4.6982e-08,4.276e-09,4.27945103545104e-09,1.21653650403531e-12,-9.08682413357539e-14,-8.43791040335725e-14,NaN
-75.7929756,-0.0093966,-4.2728e-08,4.28175e-09,4.28070519480519e-09,1.00373595998621e-12,-2.00458347959621e-14,-2.62360572560481e-14,NaN
-65.6862776,-0.0081436,-3.84185e-08,4.2849375e-09,4.28145850737101e-09,7.38197613385807e-15,-3.46033958860774e-14,-4.39437935992839e-14,NaN
-55.5997446,-0.0068931,-3.4158125e-08,4.26125e-09,4.28071995875746e-09,-1.11925456300481e-12,-1.59120265522488e-13,-1.63225923662671e-13,NaN
-45.49224,-0.00564,-2.9896e-08,4.2695625e-09,4.279219998245e-09,-1.93840821340924e-12,-3.09204477967509e-13,-3.02725509803165e-13,NaN
-35.414680425,-0.0043906125,-2.5619e-08,4.272875e-09,4.27684314233064e-09,-1.43013338013298e-12,-3.52564722514652e-13,-3.36018537837608e-13,NaN
-25.32724,-0.00314,-2.135025e-08,4.306e-09,4.27635973148473e-09,4.05883643383443e-13,-2.32497650374776e-13,-2.38568700505341e-13,NaN
-15.2229618,-0.0018873,-1.7007e-08,4.31725e-09,4.27765490961741e-09,9.53997016496962e-13,-8.5338733990922e-14,-8.17229693006591e-14,NaN
-5.12332155,-0.000635175,-1.271575e-08,4.279e-09,4.27826772551773e-09,5.07583801334153e-13,2.34054723837928e-14,1.13220324168519e-14,NaN
4.973394775,0.0006165875,-8.449e-09,4.26304375e-09,4.27867007722008e-09,-1.72474991224827e-13,-1.39555068901499e-14,-3.21012334790887e-14,NaN
15.0410735,0.00186475,-4.1896625e-09,4.2545625e-09,4.27792277553528e-09,-6.3512197262257e-13,-1.6413868117129e-13,-1.4003663105307e-13,NaN
25.141722,0.003117,6.0125e-11,4.26039375e-09,4.27739983327483e-09,-2.67703580202436e-14,-1.82160916280549e-13,-1.8210338804971e-13,NaN
35.2451936,0.0043696,4.331125e-09,4.2708125e-09,4.27786923481924e-09,5.31357493858283e-13,-1.04229662751413e-13,-1.04845941126686e-13,NaN
45.33092,0.00562,8.60175e-09,4.2915625e-09,4.27846254826255e-09,-2.88368725867009e-14,3.27764661895104e-14,4.26543665170414e-14,NaN
55.449212875,0.0068744375,1.291425e-08,4.3118125e-09,4.27781156107406e-09,-3.16167953668441e-13,1.99168771693795e-13,1.86493487430759e-13,NaN
65.5531886,0.0081271,1.7225375e-08,4.2895e-09,4.27783021235521e-09,2.89570902071222e-13,2.50016384425152e-13,2.4476964408473e-13,NaN
75.6332688,0.0093768,2.149325e-08,4.2498125e-09,4.27839070287821e-09,7.25368550368571e-13,1.88266751449371e-13,1.89939184321451e-13,NaN
85.7331107,0.01062895,2.5725e-08,4.2425e-09,4.27928094945595e-09,2.13840382589734e-13,7.80792904704958e-14,7.82616740099903e-14,NaN
95.8555374,0.0118839,2.997825e-08,4.265e-09,4.27881838364338e-09,-9.23635486135901e-13,-3.58982976483641e-14,-3.34597094546271e-14,NaN
105.913940225,0.0131309125,3.4255e-08,4.298e-09,4.27743367848368e-09,-5.75063618813363e-13,-1.1114612000487e-13,-1.10790769793023e-13,-5.2986889901011e-07
116.0261836,0.0143846,3.857425e-08,4.3095e-09,4.27766825640576e-09,-2.805370305418e-14,-1.33594479290279e-13,-1.2841644122962e-13,-6.14165588489487e-07
126.1324783,0.01563755,4.2874e-08,4.2594375e-09,4.27737757107757e-09,7.50232537731817e-13,-9.33194306674013e-14,-9.24960088427118e-14,-4.42372216204274e-07
136.2081222,0.0168867,4.7093125e-08,4.29e-09,4.27916872148122e-09,1.17048306423472e-12,-4.08074733400682e-14,-4.80221974777942e-14,-2.29671379241624e-07
146.3075608,0.0181388,5.1454e-08,4.2910625e-09,4.27971853720604e-09,-2.2744164619021e-13,-3.6151694466823e-14,-3.60698842788097e-14,-1.72508142203003e-07
156.396211125,0.0193895625,5.567525e-08,4.2555e-09,4.27871383818884e-09,-3.82991839242538e-13,-5.52733995994045e-14,-5.45604733392587e-14,-2.60941394231237e-07
166.4911126,0.0206411,5.9965e-08,4.2975625e-09,4.27895255352756e-09,-6.60029835031447e-13,-7.50483464830401e-14,-7.0294688012933e-14,-3.3619198614881e-07
176.589442125,0.0218930625,6.4270375e-08,4.2826875e-09,4.27739377851878e-09,-1.22880155317763e-12,-8.06697658979916e-14,-8.51933010892336e-14,-4.07446222600682e-07
186.679403175,0.0231439875,6.8530375e-08,4.2578125e-09,4.2764949504212e-09,-3.01672516672078e-13,-1.12790237442436e-13,-1.22508792207558e-13,-5.85911614905712e-07
196.771380725,0.0243951625,7.2786e-08,4.2785625e-09,4.27679043348543e-09,3.48529966655699e-13,-1.59287763483394e-13,-1.38726830004136e-13,-6.63476143498042e-07
206.869811075,0.0256471375,7.70875e-08,4.2905e-09,4.27719201035451e-09,-1.47625482624642e-13,-9.46572074614682e-14,-9.54489047044233e-14,-4.56494761629851e-07
216.96027625,0.026898125,8.1367e-08,4.27325e-09,4.27649518252019e-09,-2.9439496314501e-13,-3.32709900752698e-14,-5.69288394750383e-14,-2.72268362706705e-07
227.0554802,0.0281497,8.5634e-08,4.28450000000001e-09,4.27660322042822e-09,8.06570287819917e-13,-8.02650641889339e-14,-6.28817681357577e-14,-3.00738891084059e-07
237.1500792,0.0294012,8.9936e-08,4.28656250000001e-09,4.27810832309582e-09,1.13076737451911e-12,-6.47671396692962e-14,-6.45181042662347e-14,-3.08564846490688e-07
247.240947675,0.0306522375,9.4207125e-08,4.26649999999999e-09,4.27886475517726e-09,1.9007765882877e-13,-1.87100470035814e-14,-2.68613236492662e-14,-1.28467200061708e-07
257.3441168,0.0319048,9.8469e-08,4.25256249999999e-09,4.27848847841348e-09,-7.39794664796386e-13,2.30679702852685e-14,3.80271261257971e-14,1.81868864079899e-07
267.4354894,0.0331559,1.0271225e-07,4.27962500000001e-09,4.27738516584767e-09,-8.88658301160251e-13,1.20826896207301e-13,1.08618794021897e-13,5.19481188800377e-07
277.529382625,0.0344073125,1.0702825e-07,4.312125e-09,4.27671116181116e-09,-2.22001140751591e-13,1.60303229966399e-13,1.5952172535939e-13,7.62929990849256e-07
287.6166214,0.0356579,1.113365e-07,4.28475e-09,4.27694116356616e-09,5.34283959284117e-13,1.6966132959616e-13,1.73439988346042e-13,8.29495596437592e-07
297.72150455,0.036910675,1.1559775e-07,4.27143750000001e-09,4.27777972972973e-09,-3.38517901007735e-14,1.86183106878613e-13,1.83113354174032e-13,8.75759519962762e-07
307.83889,0.038165,1.19879375e-07,4.2179375e-09,4.27687345998596e-09,7.99425236933127e-14,2.03066121513824e-13,2.11516435299405e-13,1.01160034273628e-06
317.9205834,0.0394149,1.24033625e-07,4.23343749999998e-09,4.27793961477712e-09,1.17870085995081e-12,2.49321714755304e-13,2.46698745917281e-13,1.17986356743047e-06
328.0022768,0.0406648,1.2834625e-07,4.3040625e-09,4.27923086170586e-09,2.63403825903072e-13,2.55374233691453e-13,2.45387486381941e-13,1.1735923261745e-06
338.11078965,0.041918025,1.3264175e-07,4.30450000000001e-09,4.27846642242892e-09,5.35231660228138e-14,1.82249328520939e-13,1.7358576777497e-13,8.3019280240203e-07
348.1991375,0.04316875,1.3695525e-07,4.32518750000001e-09,4.27933790803791e-09,7.08849596349237e-13,1.07484701386741e-13,1.29165226470175e-13,6.17746735292141e-07
358.295853825,0.0444205125,1.41292125e-07,4.3025625e-09,4.27988412162162e-09,-2.13419182168882e-13,2.09692929801481e-13,2.2596530898073e-13,1.08070365164697e-06
368.390352,0.045672,1.45560375e-07,4.26193749999999e-09,4.27891106967357e-09,-4.83777202526731e-13,4.1454713197106e-13,3.91188156390634e-13,1.87089987838999e-06
378.4793048,0.0469228,1.49816e-07,4.2533125e-09,4.27891656721657e-09,4.5870700245634e-13,4.57876002343471e-13,4.52664393025029e-13,2.16491666229362e-06
388.561502325,0.0481727625,1.54067e-07,4.28250000000001e-09,4.27982848367848e-09,4.95375570375694e-13,3.48029617138339e-13,3.47235399850936e-13,1.66069104276535e-06
398.68402985,0.049427725,1.58381e-07,4.28699999999999e-09,4.27990731835732e-09,4.05203580202426e-13,1.54160161290442e-13,1.48993602394698e-13,7.12578098409425e-07
408.747877225,0.0506754125,1.62641e-07,4.2833125e-09,4.28063889083889e-09,8.34906984907684e-13,-4.53143119124075e-14,-2.57830984976281e-14,-1.23310471075613e-07
418.8738328,0.0519308,1.66947625e-07,4.286875e-09,4.28157713232713e-09,4.07827307829082e-13,-1.11699228732047e-13,-1.14145164613098e-13,-5.45911656845251e-07
428.9708516,0.0531826,1.7121475e-07,4.27149999999999e-09,4.28145454545455e-09,-7.06074499826301e-13,-1.34164171936075e-13,-1.45266227649921e-13,-6.947515235431e-07
439.0573846,0.0544331,1.75490625e-07,4.26962500000001e-09,4.28016498332748e-09,-1.03042953668042e-12,-1.73342805679835e-13,-1.61509820440024e-13,-7.7243827166968e-07
449.1495638,0.0556843,1.79754e-07,4.27268750000001e-09,4.27939368638119e-09,-1.87763250252492e-14,-1.60344810790469e-13,-1.64841005416174e-13,-7.88370025903441e-07
459.23024895,0.056934075,1.84036e-07,4.28525e-09,4.28012743067743e-09,9.12932169182074e-13,-1.64331362559573e-13,-1.71967421486909e-13,-8.22452885372174e-07
469.339669225,0.0581874125,1.883245e-07,4.2925e-09,4.28121955071955e-09,9.53924622674628e-13,-2.02008032312182e-13,-1.91160137769283e-13,-9.1424413715744e-07
479.4527192,0.0594412,1.92621e-07,4.2878125e-09,4.28203527992278e-09,-8.95919620919968e-13,-2.0099303722108e-13,-2.04772674622456e-13,-9.79347574281311e-07
489.533606,0.060691,1.96900125e-07,4.2715e-09,4.27942771147771e-09,-2.68869559494655e-12,-2.15463364126202e-13,-2.15844750570298e-13,-1.03230098098838e-06
499.6148961,0.06194085,2.01164e-07,4.26812499999999e-09,4.27665788873289e-09,-1.54241400491339e-12,-2.55500230184755e-13,-2.62258248035656e-13,-1.25427857756183e-06
509.7167545,0.06319325,2.05436375e-07,4.27718750000001e-09,4.27634288346788e-09,-3.80712530712774e-13,-3.26735344039486e-13,-3.34221729876787e-13,-1.59845175158463e-06
519.82930035,0.064446975,2.09718375e-07,4.28081250000002e-09,4.27589646367146e-09,6.33742102493291e-13,-3.55956872739298e-13,-3.25902730208461e-13,-1.55866523143177e-06
529.924101,0.0656985,2.13998e-07,4.27699999999999e-09,4.27761036767287e-09,1.63012679887853e-12,-1.82611815231246e-13,-1.86971718164745e-13,-8.94212565135737e-07
540.02495115,0.066950775,2.18272375e-07,4.28599999999999e-09,4.27915671726922e-09,6.71941909441513e-13,3.22116667785177e-15,-1.12684630058509e-14,-5.38926491584174e-08
550.100695875,0.0681999375,2.2257e-07,4.28256249999999e-09,4.27895425149175e-09,-5.46292558791593e-13,6.23289454053276e-14,6.35477451439693e-14,3.03923998514636e-07
560.198117975,0.0694517875,2.268375e-07,4.275e-09,4.27806413215164e-09,-3.67780361529735e-13,2.45440730117107e-14,1.28255045117664e-14,6.13393694041002e-08
570.291507075,0.0707031375,2.3112e-07,4.27725000000001e-09,4.27821869076869e-09,3.5334766585279e-14,-9.45202287266229e-14,-8.61763392575453e-14,-4.12147709492608e-07
580.389735775,0.0719550875,2.35392e-07,4.27231250000001e-09,4.27813480168481e-09,-3.68807037557216e-13,-1.42534105533947e-13,-1.33956537871915e-13,-6.4066170286568e-07
590.4787894,0.0732059,2.39664625e-07,4.26949999999998e-09,4.27748107669358e-09,-4.20981046183821e-15,-6.45130802737727e-14,-5.31567421376329e-14,-2.54227897179983e-07
600.5838742,0.0744587,2.43931e-07,4.27149999999999e-09,4.27812638206388e-09,2.51254826254208e-13,9.44557014666828e-14,8.80762945773508e-14,4.2123445232646e-07
610.6720204,0.0757094,2.48207625e-07,4.27843750000003e-09,4.27798358634609e-09,-2.74072042821552e-13,1.56794482511906e-13,1.29565741832832e-13,6.19662243548327e-07
620.7682326,0.0769611,2.52487875e-07,4.2916875e-09,4.27757823797824e-09,-3.32009038259226e-13,1.9351919395257e-14,3.35520382484987e-14,1.60466269884124e-07
630.8684778,0.0782133,2.56791e-07,4.29868749999998e-09,4.27731956826957e-09,1.36912074412111e-12,-1.03354690094043e-13,-9.75983386591218e-14,-4.66774663152322e-07
640.97739395,0.079466575,2.6108525e-07,4.27025000000001e-09,4.28031647946648e-09,1.48953141453214e-12,-1.6247610145459e-13,-1.67713974247107e-13,-8.02110311616599e-07
651.063826125,0.0807170625,2.653315e-07,4.25943750000001e-09,4.28029863109863e-09,-1.82529176904205e-12,-1.76320503592391e-13,-1.64258836718627e-13,-7.85585740828216e-07
661.152577275,0.0819678375,2.69604125e-07,4.27225000000001e-09,4.2766658959284e-09,-2.06955949455943e-12,-1.02087569500757e-13,-1.05276009162509e-13,-5.03493956864173e-07
671.238102025,0.0832182125,2.73876e-07,4.2744375e-09,4.27615951210951e-09,-5.39961389961533e-13,-3.76964190335788e-14,-4.9816699296056e-14,-2.38253779242007e-07
681.3338101,0.08446985,2.78153e-07,4.2845e-09,4.27558597314847e-09,-6.45511583021497e-14,-4.38677093243128e-14,-3.9403730717183e-14,-1.88452625169136e-07
691.416007625,0.0857198125,2.82445e-07,4.298e-09,4.27603040979291e-09,9.30319849070242e-13,-3.99188277775151e-14,-3.041040620356e-14,-1.45441073147461e-07
701.53450215,0.086974275,2.86749e-07,4.281375e-09,4.27744661284662e-09,1.05922692172684e-12,2.75308778574525e-15,-7.7409124700613e-15,-3.70217552915975e-08
711.608633675,0.0882232375,2.9100775e-07,4.27206249999999e-09,4.27814886363636e-09,4.64917514916396e-13,1.8193145149229e-15,3.84261970279445e-15,1.83777464046691e-08
721.7327744,0.0894784,2.95293125e-07,4.2714375e-09,4.27837644787645e-09,-3.53540716040579e-13,-2.61886745611774e-15,2.75336031334268e-15,1.31682449768563e-08
731.8176942,0.0907287,2.99550625e-07,4.27093749999998e-09,4.27744178220428e-09,-6.97216128466168e-13,5.93459481465302e-15,-2.82019786621119e-15,-1.34879028384013e-08
741.9203592,0.0919812,3.03835e-07,4.2706875e-09,4.27698201561952e-09,6.26776939284448e-14,-1.870023637444e-14,-2.62770316177201e-14,-1.25672759910835e-07
751.9911635,0.09322975,3.08092e-07,4.28200000000001e-09,4.27756713759214e-09,2.06811600562638e-13,-2.05640507816563e-14,4.94258421506685e-15,2.36384462459719e-08
762.1018945,0.09448325,3.12399e-07,4.29668750000001e-09,4.27739563882064e-09,-5.67874692885493e-14,1.44698406339679e-13,1.54648397146797e-13,7.39622768962942e-07
772.2001232,0.0957352,3.16685375e-07,4.274e-09,4.27745356265356e-09,2.65025008773601e-13,3.23864981441137e-13,2.84162867917583e-13,1.35903980308409e-06
782.2543922,0.0969817,3.20947e-07,4.2763125e-09,4.27792568883819e-09,3.59163302914162e-13,2.47630294891245e-13,2.5337204006066e-13,1.21177932202924e-06
792.378936225,0.0982369125,3.25238e-07,4.27800000000001e-09,4.27817188925939e-09,1.24958318708633e-13,1.09880291499991e-13,1.2544752249234e-13,5.99966411919887e-07
802.476761625,0.0994888125,3.29503e-07,4.275e-09,4.27817560547561e-09,1.76728676727333e-13,3.75138891008608e-14,2.49402969719929e-14,1.19279681170401e-07
812.5813423,0.10074155,3.33788e-07,4.20074999999999e-09,4.27852534661285e-09,6.01175851163205e-14,-2.41876893833962e-14,-1.32112031730164e-14,-6.31840151752958e-08
822.671505,0.1019925,3.379045e-07,4.26974999999999e-09,4.27829584064584e-09,-2.92308704809239e-13,1.67486871400936e-14,2.3910079463263e-14,1.14352553954736e-07
832.7628776,0.1032436,3.423275e-07,4.36474999999999e-09,4.27794072920323e-09,-1.28843453842067e-13,1.24237143976439e-13,1.16808434109822e-13,5.58649032699149e-07
842.849511425,0.1044941125,3.46634e-07,4.29087499999999e-09,4.27803815373815e-09,2.34523078275703e-13,1.78642229327107e-13,1.64329728082635e-13,7.85924786482167e-07
852.9367502,0.1057447,3.5090925e-07,4.290125e-09,4.27840977535978e-09,4.47648297649901e-13,1.46996773170766e-13,1.58426602350597e-13,7.57692446024594e-07
863.068956925,0.1070008625,3.5521425e-07,4.27487500000003e-09,4.27893345033345e-09,6.62559231309437e-13,1.6331278667159e-13,1.84432024797349e-13,8.82066205552539e-07
873.1348208,0.1082488,3.59459e-07,4.25162500000002e-09,4.2797348938224e-09,2.40773078272732e-13,2.28254273895727e-13,1.94045609855386e-13,9.28044221047498e-07
883.2370825,0.10950125,3.637175e-07,4.25799999999999e-09,4.27941499649e-09,-7.65220252722283e-13,9.60941274421345e-14,9.24117156482298e-14,4.4196907483936e-07
893.31615445,0.110750825,3.67975e-07,4.2761875e-09,4.27820445331695e-09,-5.71022727273337e-13,-7.97936796195922e-14,-5.47183389203532e-14,-2.61696403532124e-07
903.418516975,0.1120032875,3.72269875e-07,4.30556249999999e-09,4.27827295103545e-09,2.36093804843612e-13,-1.0307370329097e-13,-1.07789622028902e-13,-5.15515583616488e-07
913.5366082,0.1132577,3.76586125e-07,4.2934375e-09,4.27867664092664e-09,3.44526588275921e-13,-6.99561410646388e-14,-7.19510730701577e-14,-3.44113827726841e-07
923.6199148,0.1145078,3.8085675e-07,4.272125e-09,4.278962004212e-09,3.4505089505324e-13,-2.16321384906952e-14,-1.86159309223087e-14,-8.90327131066938e-08
933.709775025,0.1157587125,3.85130375e-07,4.283625e-09,4.27936674271675e-09,6.10799842051007e-13,2.39813656118162e-14,2.32682469191973e-14,1.11282920048335e-07
943.807802075,0.1170106375,3.89424e-07,4.2733125e-09,4.28018360389611e-09,1.10883204631804e-13,1.37783441260084e-14,6.99400295478329e-16,3.34495793489636e-09
953.905325,0.1182625,3.93677e-07,4.25999999999999e-09,4.27958850912601e-09,-6.6779352404422e-13,-9.70275119844511e-14,-9.67745572227556e-14,-4.6283483889144e-07
964.0075867,0.11951495,3.97944e-07,4.267e-09,4.27884801684802e-09,-3.32689101439002e-13,-2.00634833733044e-13,-1.84896097683124e-13,-8.84285684571463e-07
974.08827185,0.120764725,4.02211e-07,4.2876875e-09,4.27892313092313e-09,2.45309757810066e-13,-1.92193391019698e-13,-1.97026281932737e-13,-9.42299609243525e-07
984.20101935,0.122018475,4.06519375e-07,4.29550000000001e-09,4.27933863636364e-09,-1.35096086346152e-12,-1.50471540993405e-13,-1.51939766523113e-13,-7.26668448588801e-07
994.2893672,0.1232692,4.10802e-07,4.28606250000003e-09,4.27622120919621e-09,-2.24463408213419e-12,-9.78539134843697e-14,-9.08770925882741e-14,-4.34629573248267e-07
1004.3879992,0.1245212,4.150915e-07,4.27500000000003e-09,4.27484936819937e-09,9.9304141804225e-13,-3.95958404762066e-14,-4.95220941397846e-14,-2.36844798059839e-07
1014.451644925,0.1257688625,4.19352e-07,4.27225000000001e-09,4.27820729203229e-09,2.12411811161753e-12,-6.23488977403138e-14,-6.63929733194372e-14,-3.17531611527743e-07
1024.5860698,0.1270253,4.23636e-07,4.26349999999995e-09,4.2790976044226e-09,4.56282906281908e-13,-1.36958368306346e-13,-1.32254120584388e-13,-6.32519707142725e-07
1034.65183285,0.128273225,4.27879e-07,4.26656249999997e-09,4.27911985784486e-09,-2.56368462619813e-13,-1.8708865344752e-13,-1.8523933942435e-13,-8.85927275507761e-07
1044.7462302,0.1295247,4.32169125e-07,4.27550000000002e-09,4.27858486749737e-09,-8.9830203580165e-13,-1.91287044526562e-13,-1.90297103230052e-13,-9.10116580665466e-07
1054.83780445,0.130775825,4.3643e-07,4.28993750000001e-09,4.27732325377325e-09,-1.13891497016534e-12,-1.4967616317651e-13,-1.47444975523568e-13,-7.05171622069238e-07
1064.9402678,0.1320283,4.40749e-07,4.30700000000001e-09,4.27630703755703e-09,-5.86142067392011e-13,-7.39279461563455e-14,-7.26465163277406e-14,-3.4743986069789e-07
1075.0534186,0.1332821,4.45044e-07,4.27900000000001e-09,4.27615096963847e-09,7.71428571430699e-13,-1.74485284270675e-15,-9.1939077942304e-15,-4.39708633637106e-08
1085.1447912,0.1345332,4.49307e-07,4.267e-09,4.2778498946999e-09,1.14931774306749e-12,1.42206427207108e-14,1.26087095808125e-14,6.03025240821467e-08
1095.22224995,0.135782575,4.53578e-07,4.26349999999998e-09,4.27844960512461e-09,-1.01842751843324e-13,8.22170759132141e-15,2.65919620556717e-14,1.27178948961908e-07
1105.3210836,0.1370346,4.57834e-07,4.26787499999997e-09,4.27764620919621e-09,-3.91641804141405e-13,3.33173954586857e-14,1.5225303213184e-14,7.28166675413148e-08
1115.4172958,0.1382863,4.6211375e-07,4.2743125e-09,4.27766632151632e-09,-2.25614250615017e-13,-7.17528754050558e-14,-9.45029401911464e-14,-4.51970583522874e-07
1125.504534575,0.1395368875,4.66382625e-07,4.28762500000001e-09,4.27719498069498e-09,-6.80045630047069e-13,-2.57175277196909e-13,-2.20515030166742e-13,-1.05463710079746e-06
1135.6210126,0.1407911,4.70689e-07,4.29668750000003e-09,4.27630623025623e-09,-6.31423306422417e-13,-2.07718559609489e-13,-1.99453074135368e-13,-9.53906006734369e-07
1145.694942475,0.1420400375,4.74976e-07,4.282375e-09,4.27593213408213e-09,1.35725254474923e-13,-3.58543543540216e-14,-5.68767618022051e-14,-2.72019295575764e-07
1155.7896423,0.14329155,4.7925375e-07,4.27037499999998e-09,4.27657768076518e-09,7.04247104246559e-13,4.95150429935219e-14,5.2947015891682e-14,2.53224858612392e-07
1165.8894842,0.1445437,4.8351675e-07,4.26312500000002e-09,4.27734062829063e-09,4.51239469991959e-13,8.47487570859771e-14,8.56847386188394e-14,4.09796576003145e-07
1175.978437,0.1457945,4.8778e-07,4.27599999999998e-09,4.27748015970516e-09,-3.61310986284699e-14,6.6166228764312e-14,5.82361949069255e-14,2.78520932163557e-07
1186.0948142,0.1470487,4.9206875e-07,4.26999999999997e-09,4.27726836609337e-09,-1.13963232713417e-13,-2.08328856805651e-14,-2.37006133420599e-14,-1.13350759462026e-07
1196.155536,0.148296,4.9632e-07,4.26462500000001e-09,4.27725223323974e-09,-4.43076518078048e-13,-9.83318682882363e-14,-8.4183519225286e-14,-4.02616831077455e-07
1206.2525548,0.1495478,5.00598e-07,4.28768750000002e-09,4.27638221305721e-09,-4.99398911900528e-13,-5.49571783808432e-14,-4.63804108252007e-14,-2.21819356120525e-07
1216.350481025,0.1507997125,5.04895375e-07,4.29050000000001e-09,4.27625343541593e-09,-1.1490873990042e-14,5.56006523183863e-14,4.57491345870597e-14,2.18800208894633e-07
1226.44558415,0.152051275,5.09179e-07,4.28281250000002e-09,4.27635923130923e-09,1.47951035453537e-13,7.95888039370624e-14,6.90887279596573e-14,3.30424351111404e-07
1236.54058645,0.153302825,5.13461e-07,4.27750000000002e-09,4.27654933748684e-09,7.25587925588868e-13,-2.18111698650606e-14,-2.76794114550474e-14,-1.32379793915444e-07
1246.6293376,0.1545536,5.17734e-07,4.27131249999997e-09,4.27781040716041e-09,7.48681554931154e-13,-1.64916829025168e-13,-1.58703867047321e-13,-7.59018494574144e-07
1256.727163,0.1558055,5.22003625e-07,4.25724999999999e-09,4.2780467005967e-09,-5.20489645514877e-14,-1.975829149306e-13,-1.79808060399498e-13,-8.5995159321499e-07
1266.801697825,0.1570545125,5.262485e-07,4.27362499999999e-09,4.27770630923131e-09,-4.54299754298882e-13,-4.01487253769125e-14,-4.58655460331908e-14,-2.19356959289173e-07
1276.919486575,0.1583088875,5.30550875e-07,4.28774999999999e-09,4.27713810108811e-09,-3.03316953315125e-13,1.79673138977483e-13,1.65294914298014e-13,7.90540894468763e-07
1286.990795,0.1595575,5.34824e-07,4.28281250000002e-09,4.27709967532468e-09,-1.8834020709193e-13,4.00866318464087e-13,4.22726538424319e-13,2.02173561855109e-06
1297.115339025,0.1608127125,5.391165e-07,4.28650000000006e-09,4.27676142067392e-09,-1.90404527904265e-13,7.30160408008203e-13,7.32821869405063e-13,3.50480024498074e-06
1307.2098372,0.1620642,5.43397e-07,4.28174999999998e-09,4.27671886626887e-09,3.59615215866665e-13,1.0192491029991e-12,1.00176377710291e-12,4.79104415136174e-06
1317.294757,0.1633145,5.4768e-07,4.27249999999999e-09,4.27748065110566e-09,5.94897332397331e-13,1.08877571586268e-12,1.08418725040278e-12,5.18524337149156e-06
1327.394296425,0.1645666125,5.51942e-07,4.26700000000005e-09,4.27790866093367e-09,9.71832221843451e-14,9.63379027813745e-13,9.64782479462521e-13,4.61417707569032e-06
1337.485467375,0.1658176875,5.56214e-07,4.27412499999995e-09,4.27767501755002e-09,-3.14548964549966e-13,7.21229917099246e-13,7.28640192580032e-13,3.48480092103494e-06
1347.5761342,0.1670687,5.6049025e-07,4.28362499999995e-09,4.27727956300457e-09,2.58862758841364e-14,4.24125659397074e-13,4.20485267940852e-13,2.01101649884755e-06
1357.671438975,0.1683202875,5.6478125e-07,4.28368750000002e-09,4.27772679010179e-09,2.14166593541516e-12,4.74103164426255e-14,4.46843462682166e-14,2.13707743021905e-07
1367.795983,0.1695755,5.69057625e-07,4.27625000000004e-09,4.2815628948754e-09,4.02883029133011e-12,-3.91100816372778e-13,-3.81666163735964e-13,-1.82535991351983e-06
1377.856603975,0.1708227875,5.7333375e-07,4.28568750000002e-09,4.28578445068445e-09,2.72318576693642e-12,-8.41789458289714e-13,-8.46874396595806e-13,-4.05026885328429e-06
1387.953017825,0.1720745125,5.77629e-07,4.26762499999999e-09,4.28700926640927e-09,-4.64401983151429e-13,-1.36510827597826e-12,-1.37819644345116e-12,-6.59137429476642e-06
1398.03945,0.173325,5.81869e-07,4.26606249999998e-09,4.28485564671815e-09,-1.52363109863156e-12,-1.96218565587075e-12,-1.95033324770311e-12,-9.32768074988444e-06
1408.150483475,0.1745785375,5.86161125e-07,4.2785e-09,4.28396200421201e-09,-1.71028211653391e-12,-2.48145469721571e-12,-2.47509851910091e-12,-1.18374277000478e-05
1418.23086615,0.175828275,5.90426e-07,4.27693749999999e-09,4.28143508248508e-09,-5.0233546858548e-12,-2.90962659455079e-12,-2.92207730879649e-12,-1.3975152346418e-05
1428.318709875,0.1770789375,5.94715e-07,4.27762500000005e-09,4.2739152948403e-09,-7.19855431730304e-12,-3.30756795375299e-12,-3.29880210343463e-12,-1.57768796251221e-05
1438.413107225,0.1783304125,5.9898125e-07,4.27850000000005e-09,4.26703797385048e-09,-6.12561425061476e-12,-3.59088704783278e-12,-3.58103523316829e-12,-1.71266902455875e-05
1448.502866625,0.1795813125,6.03272e-07,4.27737499999994e-09,4.26166406633907e-09,-5.20281239031359e-12,-3.77746040351484e-12,-3.79203957193465e-12,-1.81358414309918e-05
1458.60321265,0.180833525,6.07536e-07,4.26449999999998e-09,4.25663234906985e-09,-4.98993506493556e-12,-4.00010238527625e-12,-4.00665642501413e-12,-1.91622698587632e-05
1468.6919638,0.1820843,6.11801e-07,4.27400000000003e-09,4.2516841962092e-09,-4.97313311688264e-12,-4.22153705936298e-12,-4.223731723867e-12,-2.02004560706683e-05
1478.7930156,0.1833366,6.16084e-07,4.28187499999996e-09,4.24668608283608e-09,-4.49728194103061e-12,-4.32802469507901e-12,-4.32222225348278e-12,-2.06714977340481e-05
1488.8698694,0.1845859,6.2036475e-07,4.27750000000002e-09,4.24268963232713e-09,-3.26353545103551e-12,-4.18022114251474e-12,-4.16040042055858e-12,-1.98975672287584e-05
1498.97112285,0.185838225,6.24639e-07,4.27462500000002e-09,4.24015901193401e-09,-2.82061030185953e-12,-3.70647740371656e-12,-3.70065441577338e-12,-1.76987819884814e-05
1509.035676,0.187086,6.28914e-07,4.27812499999996e-09,4.23704841172341e-09,-2.00068006317956e-12,-3.06638623688607e-12,-3.09173901832769e-12,-1.47865779137411e-05
1519.124527975,0.1883367875,6.3319525e-07,4.27150000000001e-09,4.23615765180765e-09,-4.75805107055999e-13,-2.48747525956198e-12,-2.48935723565763e-12,-1.19056215618408e-05
1529.208641175,0.1895869875,6.37457e-07,4.25981250000002e-09,4.2360968015093e-09,-6.69085644086373e-13,-1.90148963913076e-12,-1.87348352914483e-12,-8.96013861764919e-06
1539.3202796,0.1908406,6.41714875e-07,4.15500000000003e-09,4.23481948051948e-09,-1.19441909441829e-12,-1.21821815519625e-12,-1.23758734252506e-12,-5.91889598598942e-06
1549.4479492,0.1920962,6.45767e-07,4.09749999999998e-09,4.23370796332047e-09,-8.12600912600785e-13,-6.74187537198179e-13,-6.90979972559239e-13,-3.30468682528332e-06
1559.585298,0.193353,6.49909875e-07,4.15143749999997e-09,4.23319427869428e-09,-1.11990610740705e-12,-2.79950662406883e-13,-2.65674536498796e-13,-1.2706173484725e-06
1569.7218402,0.1946097,6.54069875e-07,4.2168125e-09,4.23146815110565e-09,-1.35339812214703e-12,1.49851337786319e-13,1.44143519198995e-13,6.8938204834302e-07
1579.810490525,0.1958604625,6.583435e-07,4.1670625e-09,4.23048748244998e-09,1.12510968761391e-13,6.34022529729101e-13,6.40098119689492e-13,3.06133883329757e-06
1589.982019,0.1971215,6.62404e-07,4.18168750000006e-09,4.23169317304317e-09,1.42217225342086e-12,1.25795819662125e-12,1.27833973847204e-12,6.1137987492141e-06
1600.068451175,0.1983719875,6.66706875e-07,4.2906875e-09,4.23333182695683e-09,1.90412644787734e-12,2.03617173879133e-12,2.0294085246092e-12,9.70586685682661e-06
1610.1764599,0.19962515,6.70985375e-07,4.27087499999997e-09,4.23550142593893e-09,2.52043041418315e-12,2.74539190164202e-12,2.72576066864242e-12,1.30362466761159e-05
1620.26480775,0.200875875,6.75248625e-07,4.25687500000001e-09,4.23837268778519e-09,2.66449192699128e-12,3.24125159603419e-12,3.24117924065471e-12,1.55012920205225e-05
1630.367976875,0.2021284375,6.79499125e-07,4.2723125e-09,4.24083040979291e-09,2.36016365391182e-12,3.60841478449073e-12,3.62932982089523e-12,1.73576643608033e-05
1640.4606602,0.2033797,6.8379325e-07,4.27943750000001e-09,4.24309301509302e-09,3.11695989821004e-12,3.93238957562851e-12,3.91874644640583e-12,1.87418308306366e-05
1650.559191375,0.2046316875,6.88058e-07,4.30243750000001e-09,4.24706432958933e-09,4.31501404001519e-12,4.05467532001185e-12,4.03899065901787e-12,1.93169118474768e-05
1660.6627638,0.2058843,6.92398125e-07,4.29437499999998e-09,4.25172304317305e-09,4.80934538434449e-12,3.97594120913631e-12,3.99417153999961e-12,1.91025595391286e-05
1670.742339875,0.2071339375,6.9664675e-07,4.26331250000001e-09,4.25668302035802e-09,5.36495042119871e-12,3.87984414609384e-12,3.88748353342019e-12,1.859231255114e-05
1680.8471222,0.2083867,7.0092475e-07,4.27925000000002e-09,4.26245294401544e-09,6.06348280098211e-12,3.73735384057119e-12,3.72777486796296e-12,1.78284884989533e-05
1690.9473674,0.2096389,7.0520525e-07,4.23968749999997e-09,4.26880998595999e-09,6.56976570726631e-12,3.43031381678105e-12,3.41824107395675e-12,1.6348109484141e-05
1701.04579775,0.210890875,7.09404125e-07,4.23068749999999e-09,4.27559247542998e-09,6.74555765180823e-12,2.95232227936542e-12,2.95648640803799e-12,1.413971760366e-05
1711.129306,0.212141,7.13666625e-07,4.26550000000001e-09,4.2823011012636e-09,4.18446604071503e-12,2.43782609924979e-12,2.44779804109562e-12,1.17068601965443e-05
1721.1936575,0.21338875,7.17935125e-07,4.26493749999998e-09,4.28396140751141e-09,-4.89250614251951e-13,1.97269064617964e-12,1.96332028645151e-12,9.38979267433331e-06
1731.270108,0.214638,7.221965e-07,4.27275000000005e-09,4.2813226000351e-09,-2.38827878203095e-12,1.52644196836581e-12,1.5332835786944e-12,7.33309537636452e-06
1741.384872,0.215892,7.26480625e-07,4.29875000000002e-09,4.27918484994734e-09,-9.88504738504502e-13,1.17792697751401e-12,1.19288951324082e-12,5.70512375897783e-06
1751.54097425,0.217151125,7.30794e-07,4.29593749999993e-09,4.27934559055809e-09,-1.29081256581106e-12,9.26173798163059e-13,9.06693706423319e-13,4.33636120463326e-06
1761.6204495,0.21840075,7.350725e-07,4.27087500000002e-09,4.27660322481572e-09,-2.76986881361788e-12,5.95647638039009e-13,5.94812386194463e-13,2.84475489049526e-06
1771.692867,0.2196495,7.3933575e-07,4.27043750000002e-09,4.27380585293085e-09,-2.48881186377847e-13,2.38081441831563e-13,2.47667941943872e-13,1.18449885277504e-06
1781.7814165,0.22090025,7.43613375e-07,4.26981249999998e-09,4.27610546244297e-09,1.68134652509899e-12,-8.50472409165476e-14,-1.00377770716406e-13,-4.80067599078463e-07
1791.86089175,0.222149875,7.47875375e-07,4.26499999999999e-09,4.27716854598105e-09,1.24118111616089e-13,-4.24103361972866e-13,-4.25632185533029e-13,-2.0356321916797e-06
1801.95145775,0.223400875,7.52143375e-07,4.28656250000002e-09,4.2763536986662e-09,-5.65009652513864e-13,-6.50595692106595e-13,-6.34858610845264e-13,-3.03628031273822e-06
1812.10756,0.22466,7.564485e-07,4.29318750000002e-09,4.27603852667602e-09,-2.85187785185946e-14,-6.18196727218365e-13,-6.13575097784632e-13,-2.93448959810041e-06
1822.19006,0.22591,7.6072975e-07,4.27562499999994e-09,4.27629666110916e-09,8.1929624430036e-13,-3.64178244591006e-13,-3.5510240569653e-13,-1.69831585333123e-06
1832.264494,0.227159,7.6499975e-07,4.28075e-09,4.27767711916462e-09,1.67372981747963e-12,2.02689684324401e-14,2.24457628036366e-14,1.07349300365219e-07
1842.371192,0.228412,7.6929125e-07,4.28431250000001e-09,4.27964412074412e-09,1.62308704808455e-12,3.38069337406713e-13,3.09125986138204e-13,1.47842862935663e-06
1852.445626,0.229661,7.73568375e-07,4.27575000000003e-09,4.28092329326079e-09,1.5732252544749e-12,3.66751353555928e-13,3.56381513969582e-13,1.70443332768061e-06
1862.51300225,0.230909125,7.7784275e-07,4.277875e-09,4.28279057125307e-09,3.37877325378168e-13,2.21515939570144e-13,2.46281741271728e-13,1.17786919738653e-06
1872.66809625,0.232168125,7.82124125e-07,4.27274999999994e-09,4.28159904791155e-09,-1.80273999649021e-12,1.38545479980129e-13,1.36665236176601e-13,6.5361634693157e-07
1882.7677365,0.23342025,7.8638825e-07,4.27043750000002e-09,4.27918509126009e-09,-1.83266935766932e-12,6.50880061315072e-14,5.35280043655512e-14,2.56003499139593e-07
1892.840154,0.234669,7.90665e-07,4.27350000000002e-09,4.27793370919621e-09,-1.33479949104974e-12,-2.9672272922269e-14,-1.62652632344845e-14,-7.77903893823172e-08
1902.934753,0.2359205,7.9493525e-07,4.28337500000005e-09,4.27651549227799e-09,-6.39301070551515e-13,-4.1684460858262e-14,-4.27505684314966e-14,-2.04459240324549e-07
1913.01322,0.23717,7.9923175e-07,4.29281250000003e-09,4.27665510705511e-09,1.16635003510387e-12,-2.33127743776864e-14,-2.70274495352241e-14,-1.29261715168463e-07
1923.08462925,0.238418625,8.03520875e-07,4.28731249999993e-09,4.2788481923482e-09,1.71566558441747e-12,-1.44835084940201e-14,-1.48299707302784e-14,-7.09259469708967e-08
1933.194352,0.239672,8.07806375e-07,4.287375e-09,4.28008643822394e-09,1.75612056860673e-13,-1.17850813828011e-14,-1.65271735556261e-14,-7.904300396169e-08
1943.34138,0.24093,8.12095625e-07,4.27756250000004e-09,4.27919941646192e-09,-1.07234775359935e-12,-7.76385179655455e-15,3.32062828301327e-16,1.58812657013678e-09
1953.42388,0.24218,8.163615e-07,4.25418749999995e-09,4.27794174271674e-09,-1.01319980695131e-12,6.03582301951534e-14,6.4178564670088e-14,3.06940961465638e-07
1963.490248,0.243428,8.20604e-07,4.25924999999994e-09,4.27717301684802e-09,-5.89312039313218e-13,1.60906877232771e-13,1.52596753561453e-13,7.29810560511297e-07
1973.57577275,0.244678375,8.2488e-07,4.28468750000005e-09,4.27676311863812e-09,3.61473323974337e-13,2.1763723308251e-13,2.2580825193558e-13,1.07995250925712e-06
1983.66230575,0.245928875,8.29173375e-07,4.2884375000001e-09,4.27789596349597e-09,1.22843980344295e-12,2.51255884342628e-13,2.47868230943473e-13,1.18545675668618e-06
1993.737748,0.247178,8.33456875e-07,4.28518749999995e-09,4.279219998245e-09,1.54018295893212e-12,1.87140864325563e-13,1.72460618196501e-13,8.24811652244135e-07
2003.92409775,0.248440875,8.3774375e-07,4.28943749999991e-09,4.28097632941383e-09,1.13357537732286e-12,-9.80717066610234e-15,3.68781591526488e-15,1.76373804643103e-08
2013.991474,0.249689,8.4203575e-07,4.27606250000005e-09,4.28148714899965e-09,-8.46935328185715e-13,-2.03418026157397e-13,-2.05769907751812e-13,-9.84116950117362e-07
2024.0800235,0.25093975,8.46295875e-07,4.25968750000004e-09,4.27928245875746e-09,-7.64687170936335e-13,-4.14963017789298e-13,-4.2413016542824e-13,-2.0284486172655e-06
2034.140342,0.252187,8.50555125e-07,4.25581250000002e-09,4.27995777465778e-09,8.12581168831058e-13,-6.38274842601266e-13,-6.2181002373702e-13,-2.97387402656836e-06
2044.2208255,0.25343675,8.548075e-07,4.28087499999998e-09,4.28090762109512e-09,-2.36692699195319e-13,-7.60236141845099e-13,-7.58726589257917e-13,-3.62869238340743e-06
2054.3113915,0.25468775,8.59116875e-07,4.29149999999998e-09,4.27948438925939e-09,-1.33228106353285e-12,-8.59819110188797e-13,-8.71653656762465e-13,-4.16877835842918e-06
2064.395908,0.255938,8.633905e-07,4.29549999999999e-09,4.27824305896806e-09,-1.60061863811779e-12,-1.03360738915082e-12,-1.03737789538344e-12,-4.96137254313819e-06
2074.542936,0.257196,8.67707875e-07,4.30056250000004e-09,4.27628315198315e-09,-2.49328711828517e-12,-1.24011491022349e-12,-1.23287053800182e-12,-5.89633735566088e-06
2084.649634,0.258449,8.71991625e-07,4.27106250000001e-09,4.27325648473149e-09,-2.61941251315936e-12,-1.39386636551856e-12,-1.39436439969858e-12,-6.66869930290625e-06
2094.724068,0.259698,8.7625e-07,4.24524999999992e-09,4.27104432695683e-09,-2.00870700245537e-12,-1.49390412306729e-12,-1.49460219042154e-12,-7.14809743245084e-06
2104.790436,0.260946,8.80482125e-07,4.26331249999996e-09,4.26923907072657e-09,-1.40011846262128e-12,-1.53346015213402e-12,-1.52824892124916e-12,-7.30901657988729e-06
2114.881002,0.262197,8.84776625e-07,4.28900000000002e-09,4.26824409003159e-09,-6.42797911549871e-13,-1.49762230285016e-12,-1.5034858599299e-12,-7.19058454749083e-06
2124.94737,0.263445,8.89060125e-07,4.30000000000006e-09,4.26795347490347e-09,-7.1749078623906e-13,-1.43227611900385e-12,-1.42710103312507e-12,-6.82526581059816e-06
2135.126662,0.264707,8.93376625e-07,4.29050000000001e-09,4.26680910845911e-09,-1.5613811863814e-12,-1.31489897845291e-12,-1.32080566024962e-12,-6.31689663597644e-06
2145.19605475,0.265955375,8.97641125e-07,4.27518750000005e-09,4.26483071253071e-09,-1.62405888031068e-12,-1.18334426097423e-12,-1.18477845836429e-12,-5.66633175739443e-06
2155.27553,0.267205,9.01927e-07,4.25618749999995e-09,4.26356099069849e-09,-1.29116575991493e-12,-1.00655405871638e-12,-9.93211206551499e-13,-4.75014055307239e-06
2165.3600465,0.26845525,9.061535e-07,4.25518749999997e-09,4.26224838101088e-09,-1.07952571077274e-12,-7.36738160943914e-13,-7.46184188390304e-13,-3.56870698795363e-06
2175.464728,0.269708,9.10437375e-07,4.21806250000003e-09,4.26140193927694e-09,-4.41448753927782e-14,-4.81772965511666e-13,-4.82881946578685e-13,-2.30943539668067e-06
2185.571426,0.270961,9.14589625e-07,4.23937499999995e-09,4.2621600912601e-09,6.97654878903452e-13,-2.39331216733234e-13,-2.3340648694173e-13,-1.11629189406914e-06
2195.72752825,0.272220125,9.18916125e-07,4.30781250000002e-09,4.26279724903475e-09,6.12256493505487e-13,5.85245352633749e-15,-6.18057320915663e-16,-2.95592631742274e-09
2205.817086,0.273471,9.2320525e-07,4.23256250000001e-09,4.26338460424711e-09,6.05256230471815e-15,1.99921565834461e-13,1.97551710333312e-13,9.44812527681057e-07
2215.939916,0.274726,9.2738125e-07,4.21487500000001e-09,4.26280935415936e-09,-3.85363285361469e-13,3.64508933976501e-13,3.65607934025178e-13,1.74855968446824e-06
2226.01435,0.275975,9.31635e-07,4.25500000000003e-09,4.26261387767638e-09,-1.20011407511545e-13,5.4889568591789e-13,5.5749311246029e-13,2.66627140741878e-06
2236.1190315,0.27722775,9.3589125e-07,4.24187500000002e-09,4.26256933134434e-09,3.34977184976569e-13,7.89541282389486e-13,7.82325742848202e-13,3.74155790057836e-06
2246.195482,0.278477,9.4011875e-07,4.25562499999997e-09,4.26328383204634e-09,1.58744515619433e-12,1.02260187446081e-12,1.02438620022402e-12,4.89923834889749e-06
2256.269916,0.279726,9.444025e-07,4.29374999999999e-09,4.26574422165673e-09,2.07691953317027e-12,1.26841490784971e-12,1.27940962772889e-12,6.1189156108773e-06
2266.43811725,0.280986625,9.4870625e-07,4.29625000000001e-09,4.26743767111268e-09,9.92800105299758e-13,1.52650069436993e-12,1.51849519158555e-12,7.26236830758306e-06
2276.523642,0.282237,9.52995e-07,4.29374999999994e-09,4.26772982186733e-09,7.68451649698109e-13,1.6681078139115e-12,1.66381219738264e-12,7.95736268313436e-06
2286.598076,0.283486,9.5729375e-07,4.28500000000007e-09,4.26897457441207e-09,1.66943664443477e-12,1.65788237884893e-12,1.64712851221314e-12,7.87757114536719e-06
2296.680576,0.284736,9.61565e-07,4.26312500000007e-09,4.2710686951562e-09,2.04330905581033e-12,1.5105860277268e-12,1.51610599550453e-12,7.25094171763036e-06
2306.763076,0.285986,9.6582e-07,4.25499999999993e-09,4.2730611925237e-09,1.87656633906675e-12,1.36644217650716e-12,1.37801382679735e-12,6.59050091076994e-06
2316.84658425,0.287236125,9.70075e-07,4.27374999999997e-09,4.27482182783433e-09,1.88303571428739e-12,1.30127461707852e-12,1.30167265227598e-12,6.22539094566773e-06
2327.01377725,0.288496625,9.743675e-07,4.28562500000006e-09,4.27682726395227e-09,1.79124473499771e-12,1.25590455461053e-12,1.25282097386923e-12,5.9917524837224e-06
2337.10837625,0.289748125,9.7864625e-07,4.30125000000009e-09,4.27840431730432e-09,1.74649219024005e-12,1.16650945030253e-12,1.16506946478579e-12,5.57207135332334e-06
2347.173736,0.290996,9.8297e-07,4.2999999999999e-09,4.28032024833275e-09,1.53760310634986e-12,1.00524187400238e-12,1.00321928066211e-12,4.79800525534053e-06
2357.264302,0.292247,9.8724625e-07,4.27624999999993e-09,4.28147952351702e-09,6.38144963142091e-13,7.61054226586629e-13,7.4754913083188e-13,3.57523497354377e-06
2367.33772775,0.293495875,9.915225e-07,4.26937500000009e-09,4.28159653825903e-09,1.04252588627254e-12,4.46495831234983e-13,4.61252052516277e-13,2.20598807725176e-06
2377.42627725,0.294746625,9.95785e-07,4.25e-09,4.28356457528957e-09,2.95175938927545e-13,2.31675461599204e-13,2.41770433610031e-13,1.15629337813493e-06
2387.503736,0.295996,1.0000225e-06,4.26562499999993e-09,4.28218689013689e-09,-2.03777202526893e-12,1.14545976382619e-13,9.98044014811763e-14,4.77325398388234e-07
2397.66790425,0.297256125,1.00431625e-06,4.28187500000001e-09,4.27948903123903e-09,-2.12073534573343e-12,-2.47144391710915e-14,-1.96689861517623e-14,-9.40690642040806e-08
2407.77258575,0.298508875,1.00858625e-06,4.29875000000002e-09,4.27794541944542e-09,-9.41865566862876e-13,-1.33942559301415e-13,-1.33079419352617e-13,-6.36466788208168e-07
2417.831896,0.299756,1.01291375e-06,4.29937499999996e-09,4.27760530010531e-09,4.87012987010386e-13,-2.19838776806678e-13,-2.21694211353064e-13,-1.06027666299291e-06
2427.910363,0.3010055,1.017185e-06,4.27625000000004e-09,4.27891944541944e-09,1.0270270270237e-12,-2.99173450554515e-13,-2.99506470967024e-13,-1.43242225245098e-06
2437.996896,0.302256,1.02146625e-06,4.26937499999998e-09,4.27965935415935e-09,3.1348718848838e-13,-3.67070203038057e-13,-3.6735346508125e-13,-1.75690787647554e-06
2448.08443725,0.303506625,1.02572375e-06,4.27249999999999e-09,4.27954641979642e-09,-3.96323271323406e-13,-4.147674186045e-13,-4.18434712384511e-13,-2.00120949401288e-06
2458.24961375,0.304766875,1.03001125e-06,4.26250000000003e-09,4.27886670761671e-09,-9.31818181819126e-13,-4.30198757763787e-13,-4.26092888790905e-13,-2.03783555508694e-06
2468.341188,0.306018,1.03424875e-06,4.268125e-09,4.27768278343278e-09,-1.1038083538065e-12,-3.58512786925732e-13,-3.45596458287644e-13,-1.65285262659308e-06
2478.431754,0.307269,1.0385475e-06,4.29062499999999e-09,4.27665909090909e-09,-3.18532818534518e-13,-1.92759877183766e-13,-2.06454376179778e-13,-9.87390494772851e-07
2488.490056,0.308516,1.04283e-06,4.30062500000005e-09,4.27704571779571e-09,1.02031414530976e-12,-7.66809004090154e-14,-7.44251012364876e-14,-3.55946136348419e-07
2498.568523,0.3097655,1.04714875e-06,4.28999999999994e-09,4.27869971919971e-09,9.30348367850254e-13,5.75242648087213e-15,9.7778873414579e-15,4.67638090243639e-08
2508.6570725,0.31101625,1.05141e-06,4.28374999999993e-09,4.27890641453141e-09,3.42620217624301e-13,4.42507295554254e-14,3.15401071438658e-14,1.50843990688054e-07
2518.81015,0.312275,1.05571625e-06,4.27187500000005e-09,4.27938495963496e-09,-1.25263250264828e-13,-1.8439075155994e-14,-1.41104190295424e-14,-6.74846127499854e-08
2528.900716,0.313526,1.05995375e-06,4.23687500000004e-09,4.27865588803088e-09,-1.09817041067309e-12,-9.12794768224963e-14,-9.04489700230008e-14,-4.32582030544786e-07
2538.983216,0.314776,1.06419e-06,4.26312500000007e-09,4.27718861881361e-09,-7.70445770442232e-13,-1.33733952755127e-13,-1.31417130173138e-13,-6.28516709523703e-07
2549.06067475,0.316025375,1.06848e-06,4.289375e-09,4.27711499649e-09,-1.83726746222364e-13,-1.14955226259047e-13,-1.0687207805474e-13,-5.11127329827017e-07
2559.1421665,0.31727525,1.07276875e-06,4.29624999999996e-09,4.27682116532117e-09,5.81563706563168e-14,-3.11256174292908e-14,-3.83011899122946e-14,-1.83179603928365e-07
2569.230716,0.318526,1.0770725e-06,4.30124999999999e-09,4.27723130923131e-09,4.88614426112843e-13,2.72691579221897e-14,2.65692316103979e-14,1.27070238136686e-07
2579.3111995,0.31977575,1.08137125e-06,4.3106249999999e-09,4.2777983941734e-09,7.96441733942721e-13,5.34583962851531e-14,5.52647498275349e-14,2.6430967308821e-07
2589.48746675,0.321037375,1.08569375e-06,4.26312499999997e-09,4.2788241926992e-09,1.98644261147927e-13,4.88372011202622e-14,4.12754821051899e-14,1.97404479633517e-07
2599.55383475,0.322285375,1.0898975e-06,4.21875000000015e-09,4.27819568269569e-09,-1.04282204281969e-12,-6.27344877294147e-15,-5.58988394654313e-15,-2.67342275704237e-08
2609.641376,0.323536,1.09413125e-06,4.2575e-09,4.27673854861356e-09,-9.90479115480966e-13,-4.33325194190732e-14,-2.94190555398497e-14,-1.40699830842759e-07
2619.71581,0.324785,1.0984125e-06,4.28249999999995e-09,4.27621472446473e-09,3.27878202874644e-13,-1.77389981739531e-15,-1.13080169787698e-14,-5.40818203332469e-08
2629.810409,0.3260365,1.10269625e-06,4.30249999999997e-09,4.27739430501931e-09,1.01533432783186e-12,1.66447757752224e-14,8.84255139232059e-15,4.22904631806637e-08
2639.913074,0.327289,1.1070175e-06,4.318125e-09,4.27824539312039e-09,4.4682344682339e-13,2.13972399846132e-14,4.07266381897251e-14,1.94779573950859e-07
2650.04397,0.328545,1.1113325e-06,4.30000000000001e-09,4.27828795191295e-09,-1.53913653911217e-13,1.12983176570465e-13,1.05394804419881e-13,5.04062108095083e-07
2660.142602,0.329797,1.1156175e-06,4.25250000000007e-09,4.27793756581257e-09,-1.14075114071897e-13,1.66392623566158e-13,1.6111433370099e-13,7.70546813352561e-07
2670.20392875,0.331044375,1.1198375e-06,4.22625000000004e-09,4.27805980168481e-09,2.37736925237991e-13,1.45146627428556e-13,1.45280344028185e-13,6.94819036656537e-07
2680.299536,0.332296,1.12407e-06,4.26249999999992e-09,4.27841303966305e-09,7.30738855690588e-14,7.434628304148e-14,7.18601341111751e-14,3.43678902270837e-07
2690.390102,0.333547,1.1283625e-06,4.27375000000008e-09,4.27820594945595e-09,1.09512109509087e-13,-2.24673417069132e-14,-2.39550109120155e-14,-1.14567443492248e-07
2700.45647,0.334795,1.1326175e-06,4.3118750000001e-09,4.27863206388207e-09,-3.6460161458501e-14,-9.27481080749092e-14,-8.68999153633324e-14,-4.15608290868112e-07
2710.631729,0.3360565,1.13698625e-06,4.31937499999999e-09,4.27813302913303e-09,-3.87570200068486e-13,-6.65937365946007e-14,-4.98550022161226e-14,-2.38436967120586e-07
2720.69910525,0.337304625,1.14125625e-06,4.28562499999995e-09,4.27785692348193e-09,-2.52610565110065e-13,5.76691372335238e-14,4.19991912934403e-14,2.00865697490367e-07
2730.80781975,0.338557875,1.1455575e-06,4.26499999999999e-09,4.27762780800281e-09,-1.41343453843983e-13,8.64286434933976e-14,7.40189832079766e-14,3.54003832733801e-07
2740.8610805,0.33980425,1.14978625e-06,4.25249999999997e-09,4.27757423657424e-09,-5.90119340057949e-15,8.88894823659436e-15,2.19224353414022e-14,1.04846429893663e-07
2750.9597125,0.34105625,1.1540625e-06,4.25687500000006e-09,4.27761600561601e-09,8.45164970163514e-13,-4.09664124887348e-14,-4.17742209021234e-14,-1.9978975214059e-07
2761.040196,0.342306,1.1583e-06,4.26124999999994e-09,4.27926456651457e-09,1.13816251315661e-12,-8.12112521905302e-14,-8.50935686038373e-14,-4.06969241148787e-07
2771.11463,0.343555,1.162585e-06,4.30874999999988e-09,4.27989233064232e-09,-6.22521060026166e-13,-1.20494952887199e-13,-1.1934073437895e-13,-5.70760033986283e-07
2781.269724,0.344814,1.1669175e-06,4.318125e-09,4.27801952439451e-09,-1.66214022463722e-12,-1.22173205108563e-13,-1.17142676798516e-13,-5.60247584688555e-07
2791.36331475,0.346065375,1.17122125e-06,4.29625000000006e-09,4.27656805019305e-09,-9.84402421898277e-13,-6.3067581980685e-14,-5.9364675799508e-14,-2.83918014693299e-07
2801.4609385,0.34731725,1.17551e-06,4.25687500000006e-09,4.27605071955072e-09,7.20866970851695e-14,2.13108464198286e-14,1.37964023555937e-14,6.59827938745786e-08
2811.52529,0.348565,1.179735e-06,4.24312500000005e-09,4.27671222358722e-09,9.33595121092939e-13,5.22504379026378e-14,5.2468355707551e-14,2.50935614253505e-07
2821.60779,0.349815,1.18399625e-06,4.25562499999997e-09,4.2779179097929e-09,1.51259213759278e-12,3.87080643601441e-14,3.72239632953697e-14,1.78027650543072e-07
2831.698356,0.351066,1.18824625e-06,4.28562499999995e-09,4.2797374078624e-09,9.36819936821701e-13,-1.29017767059055e-14,-1.93117382121808e-14,-9.23604871017342e-08
2841.869582,0.352327,1.1925675e-06,4.29312499999995e-09,4.27979154966655e-09,-1.16418041417681e-12,-7.8850075371396e-14,-6.99144196220867e-14,-3.34373311236067e-07
2851.93595,0.353575,1.1968325e-06,4.28562499999995e-09,4.27740904703405e-09,-1.54615654615793e-12,-6.06249374723342e-14,-5.06707971579704e-14,-2.42338595103337e-07
2862.026516,0.354826,1.20113875e-06,4.29937500000007e-09,4.27669923657423e-09,-5.56467181472265e-13,3.60362140799986e-14,2.25595374356635e-14,1.07893439909695e-07
2872.109016,0.356076,1.20543125e-06,4.275625e-09,4.27629611267111e-09,8.18488943523782e-14,8.92643193734105e-14,8.80354994831338e-14,4.21039345354118e-07
2882.199582,0.357327,1.20969e-06,4.25124999999998e-09,4.27686293436294e-09,1.12370568621162e-12,1.34418212679618e-13,1.48981245947524e-13,7.12519002357723e-07
2892.274016,0.358576,1.21393375e-06,4.2575e-09,4.27854352404353e-09,1.31609775359847e-12,2.21192960323567e-13,2.12769709856847e-13,1.01759426453275e-06
2902.364582,0.359827,1.218205e-06,4.27937500000005e-09,4.27949512987013e-09,4.90610740609434e-13,2.29381573837973e-13,2.16603948184663e-13,1.03593192610056e-06
2912.519676,0.361086,1.2224925e-06,4.28812500000002e-09,4.27952474552475e-09,-5.82046332048979e-13,1.37048320200623e-13,1.42505355359487e-13,6.81547351719286e-07
2922.602176,0.362336,1.22678125e-06,4.30187499999993e-09,4.27833103720604e-09,-9.54018954020811e-13,7.13297656779152e-14,8.26874197746599e-14,3.9546157283533e-07
2932.672577,0.3635845,1.23109625e-06,4.28687499999994e-09,4.27761670761671e-09,-4.504870129853e-13,9.56970663495006e-14,8.92398749482404e-14,4.26799401926367e-07
2942.75911,0.364835,1.235355e-06,4.26562500000014e-09,4.27743006318006e-09,3.58415233415333e-13,1.41115413833009e-13,1.42533425455977e-13,6.81681600006847e-07
2952.853709,0.3660865,1.2396275e-06,4.26562500000014e-09,4.27833353808354e-09,1.17139785889462e-12,2.1388389942744e-13,2.26986158983091e-13,1.08558597774522e-06
2962.932176,0.367336,1.24388625e-06,4.2818749999999e-09,4.27977285889785e-09,1.47433309933166e-12,3.03758145497165e-13,2.83134421143693e-13,1.35412114460027e-06
2973.0933195,0.36859575,1.24819125e-06,4.28374999999993e-09,4.2812822042822e-09,3.91080203581235e-13,2.47634079590627e-13,2.42773625121479e-13,1.16109125058099e-06
2983.177836,0.369846,1.25245375e-06,4.28125000000007e-09,4.28055501930502e-09,-1.10418129167803e-12,1.23017746713441e-13,1.39017781958706e-13,6.64867652845985e-07
2993.27142675,0.371097375,1.25675375e-06,4.29624999999996e-09,4.27907384169884e-09,-7.16282028779925e-13,6.4120494011279e-14,5.81389128092387e-14,2.78055669957229e-07
3003.35191025,0.372347125,1.26104625e-06,4.27499999999995e-09,4.27912245524746e-09,3.04207616706981e-13,1.84865907683894e-14,1.91152331238271e-14,9.14206801574339e-08
3013.433402,0.373597,1.26530375e-06,4.26624999999997e-09,4.27968225693226e-09,4.20476482978533e-13,3.44542029282603e-15,8.03310279663719e-15,3.84191872882648e-08
3023.507836,0.374846,1.26957875e-06,4.28499999999991e-09,4.27996340821341e-09,1.57752720252342e-13,2.89922050792027e-14,3.01342613889142e-14,1.44120380555677e-07
3033.679062,0.376107,1.27387375e-06,4.27250000000009e-09,4.27999776237276e-09,3.90487890485276e-13,5.15992050776699e-14,4.63086200262055e-14,2.21476008820983e-07
3043.7514795,0.37735575,1.27812375e-06,4.27125000000011e-09,4.28074438399438e-09,1.08766233766448e-13,1.44146899584108e-14,1.11641480153602e-14,5.33937513778097e-08
3053.844062,0.378607,1.28241625e-06,4.29124999999992e-09,4.2802152948403e-09,-7.52895752896687e-13,-7.76895783413063e-14,-7.75616943065968e-14,-3.70947233640246e-07
3063.918496,0.379856,1.28670625e-06,4.28624999999989e-09,4.27923859248859e-09,-3.64930677434066e-13,-1.81918848548622e-13,-1.83157397252997e-13,-8.75970160775203e-07
3073.99293,0.381105,1.29098875e-06,4.27750000000002e-09,4.27948543348543e-09,1.4075114075092e-13,-2.56970349795621e-13,-2.53494424568169e-13,-1.21236463923907e-06
3084.083496,0.382356,1.29526125e-06,4.27750000000002e-09,4.27952009477009e-09,-2.79198841696586e-13,-2.47091576330016e-13,-2.34989233929564e-13,-1.12386155357618e-06
3094.165996,0.383606,1.29954375e-06,4.28937500000011e-09,4.27892703580204e-09,-8.56221481215417e-14,-1.37082483386466e-13,-1.41404945882828e-13,-6.76284523787438e-07
3104.353354,0.384869,1.30384e-06,4.27687500000008e-09,4.27934885047385e-09,1.05914355912107e-13,-5.29370208715721e-14,-6.69096439341873e-14,-3.20002644902635e-07
3114.42476325,0.386117625,1.3080975e-06,4.25999999999986e-09,4.27913886451386e-09,-5.57805370303003e-13,-7.02204095677117e-14,-6.26728105046014e-14,-2.99739528500268e-07
3124.494156,0.387366,1.31236e-06,4.28124999999997e-09,4.27823323973324e-09,-5.12438574930494e-13,-1.01483934526751e-13,-1.01606765755282e-13,-4.85945401438305e-07
3134.576656,0.388616,1.31666e-06,4.29000000000005e-09,4.278113987364e-09,1.42659705162867e-13,-1.47334203203508e-13,-1.53774796939028e-13,-7.35444681012743e-07
3144.65814775,0.389865875,1.32094e-06,4.27625000000004e-09,4.27851855914357e-09,2.01342576340699e-13,-2.06944792053271e-13,-2.02649848929163e-13,-9.69194929661214e-07
3154.7436725,0.39111625,1.3252125e-06,4.29000000000005e-09,4.27851667251668e-09,-2.02307827307356e-13,-2.0434901728359e-13,-1.93933530246994e-13,-9.27508188137797e-07
3164.91590675,0.392377375,1.32952e-06,4.28874999999996e-09,4.27811394348895e-09,-3.92264829764466e-13,-1.13687864883271e-13,-1.15694283175342e-13,-5.53320484751636e-07
3174.99235725,0.393626625,1.33379e-06,4.25500000000003e-09,4.27773214285715e-09,-2.66321516324825e-13,-3.06163362680682e-14,-4.36597880041364e-14,-2.08807681758913e-07
3185.069816,0.394876,1.33803e-06,4.26499999999999e-09,4.27758130045631e-09,1.43603018601952e-13,-2.7381219446232e-14,-2.00201309236561e-14,-9.57484522435727e-08
3195.1664315,0.39612775,1.34232e-06,4.27999999999988e-09,4.27801934889435e-09,5.92773780271678e-13,-2.40556988385485e-14,-1.76745317151491e-14,-8.45303690724522e-08
3205.22675,0.397375,1.34659e-06,4.28187500000001e-09,4.27876684801685e-09,5.19963144960688e-13,-2.6592324962523e-14,-4.50285366440255e-14,-2.15353870906209e-07
3215.325382,0.398627,1.35088375e-06,4.28437500000008e-09,4.27905927518428e-09,-2.34358546857172e-13,-1.15390598108654e-13,-1.08582089874669e-13,-5.19305647226678e-07
3225.41493975,0.399877875,1.35515875e-06,4.29624999999996e-09,4.27829813092313e-09,-6.3807476307388e-13,-1.55760882283243e-13,-1.42700258781714e-13,-6.82479498521241e-07
3235.56600075,0.401136375,1.35947625e-06,4.28062500000003e-09,4.27778312565813e-09,-8.05699368203165e-13,-9.24461375557422e-14,-9.90925414008523e-14,-4.73920850177989e-07
3245.66664925,0.402388625,1.36372e-06,4.2468750000001e-09,4.27668673218673e-09,-7.81853281855874e-13,-2.2563264846773e-14,-2.24156045220376e-14,-1.07205065105397e-07
3255.727976,0.403636,1.36797e-06,4.26375000000001e-09,4.27621941909442e-09,4.0555896806331e-13,3.43122131159937e-14,3.4555751039593e-14,1.65266635406749e-07
3265.8003935,0.40488475,1.3722475e-06,4.28749999999998e-09,4.27749785012285e-09,1.31195156195447e-12,5.68820698163074e-14,5.30510172585189e-14,2.53722256453786e-07
3275.892976,0.406136,1.376545e-06,4.28437499999997e-09,4.27884332221833e-09,5.68269568270528e-13,2.10068029625924e-14,1.46391340918666e-14,7.00132500045794e-08
3285.963377,0.4073845,1.38081625e-06,4.29125000000003e-09,4.2786343892594e-09,-4.7755791506094e-13,-5.27574765625282e-14,-4.65560401499225e-14,-2.22659322456151e-07
3296.122504,0.408644,1.3851275e-06,4.28874999999996e-09,4.2778882063882e-09,-7.02856265361146e-13,-6.95651877179634e-14,-6.17481889817078e-14,-2.95317425564689e-07
3306.229202,0.409897,1.38939375e-06,4.26624999999997e-09,4.27722867672867e-09,-5.35275535275423e-13,-6.92084094302237e-15,-1.16235091270393e-14,-5.55906958249706e-08
3316.29557,0.411145,1.39366e-06,4.26499999999999e-09,4.27681765531765e-09,-4.87056862056431e-13,6.64727347333369e-14,6.59412384471305e-14,3.1537114039932e-07
3326.394202,0.412397,1.39792375e-06,4.27499999999995e-09,4.27625456300456e-09,7.91286416312077e-14,1.36777172429021e-13,1.42826528310703e-13,6.8308339626858e-07
3336.476702,0.413647,1.40221e-06,4.28312499999999e-09,4.27697591260092e-09,1.43890400140392e-12,1.96354895267678e-13,1.86763322691651e-13,8.93215891133983e-07
3346.54609475,0.414895375,1.40649e-06,4.30500000000004e-09,4.27913237100737e-09,1.35674798174494e-12,1.66992507753329e-13,1.62268661458065e-13,7.7606751132118e-07
3356.73345275,0.416158375,1.41082e-06,4.28500000000002e-09,4.27968940856441e-09,1.39325201823543e-13,8.23782944436493e-14,9.23760765283264e-14,4.41798626874604e-07
3366.80183725,0.417406625,1.41506e-06,4.25812499999994e-09,4.27941102141102e-09,-8.77610565113255e-13,3.13120800077292e-14,2.87340234886762e-14,1.37423590598017e-07
3376.863164,0.418654,1.41933625e-06,4.26375000000001e-09,4.27793418743418e-09,-1.25243506493571e-12,-1.40471018732393e-14,-1.85251556306923e-14,-8.85985704076588e-08
3386.96280425,0.419906125,1.4235875e-06,4.25687500000006e-09,4.27690615128114e-09,-4.14158476655834e-13,-5.14628914624466e-14,-4.37962433269418e-14,-2.0946029417233e-07
3397.0463125,0.42115625,1.42785e-06,4.27500000000006e-09,4.27710587048087e-09,7.86635661638567e-13,-2.64549685194644e-14,-2.30361934888566e-14,-1.10173099294532e-07
3407.12578775,0.422405875,1.4321375e-06,4.29187499999997e-09,4.27847942260442e-09,1.47534222534519e-12,2.60127589485795e-14,1.98190612580212e-14,9.47868147122753e-08
3417.20123,0.423655,1.43643375e-06,4.31000000000007e-09,4.28005655493156e-09,6.17826430329772e-13,3.10906742441329e-14,2.53244673660324e-14,1.21117017837546e-07
3427.388588,0.424918,1.4407575e-06,4.29437499999993e-09,4.27971507546508e-09,-7.85297472798729e-13,-1.38110329405095e-14,-7.04765477646259e-15,-3.37061750178646e-08
3437.463022,0.426167,1.4450225e-06,4.25187499999982e-09,4.27848595998596e-09,-9.69353281853605e-13,-4.40097593352145e-14,-4.31253372831162e-14,-2.06251613093164e-07
3447.521324,0.427414,1.44926125e-06,4.25687500000006e-09,4.27777636890137e-09,-6.56129343627017e-13,-7.37289802503966e-14,-8.60840316395556e-14,-4.11706238276135e-07
3457.63507975,0.428667875,1.45353625e-06,4.27937500000005e-09,4.27717370129871e-09,-5.40518603019249e-13,-1.2751042827095e-13,-1.13481285794614e-13,-5.4273658423511e-07
3467.70548075,0.429916375,1.45782e-06,4.27187500000005e-09,4.27669533169533e-09,2.19748157248544e-13,-8.57535697749152e-14,-8.14363145105167e-14,-3.89478025919862e-07
3477.784956,0.431166,1.46208e-06,4.28999999999994e-09,4.2776131976132e-09,7.997542997553e-13,7.468799969078e-15,4.42400091856132e-16,2.11582652626846e-09
3487.95114075,0.432426375,1.4664e-06,4.30000000000001e-09,4.27829484029485e-09,-5.35933660918528e-14,5.77159076077491e-14,6.01545014406863e-14,2.87695441672847e-07
3498.030616,0.433676,1.47068e-06,4.296875e-09,4.27750601088102e-09,-5.85556335556351e-13,5.25216450220732e-14,4.32626812506324e-14,2.06908475546503e-07
3508.121182,0.434927,1.47499375e-06,4.28562499999995e-09,4.27712372762373e-09,3.16382941380493e-13,-4.90303572912417e-14,-5.39755692612269e-14,-2.5814402690152e-07
3518.203682,0.436177,1.47925125e-06,4.25125000000009e-09,4.27813877676378e-09,7.19901719902408e-13,-1.79835224835344e-13,-1.73598744707543e-13,-8.30254865992597e-07
3528.290215,0.4374275,1.48349625e-06,4.24437500000003e-09,4.27856353106354e-09,4.38531063518022e-14,-2.15093943463556e-13,-2.00078325764765e-13,-9.56896340614093e-07
3538.35255,0.438675,1.48774e-06,4.26187500000009e-09,4.27822648297648e-09,-2.33327483333442e-13,-1.02766433853543e-13,-1.02998217262314e-13,-4.92600169515415e-07
3548.443116,0.439926,1.49202e-06,4.30500000000004e-09,4.27809687609687e-09,1.05080730079448e-13,3.40051768311334e-14,1.80466261210427e-14,8.63099510136825e-08
3558.60930075,0.441186375,1.49635e-06,4.30499999999993e-09,4.27843664443664e-09,-2.68624956121808e-13,7.47829011959083e-14,7.83329983205052e-14,3.74636078924155e-07
3568.67566875,0.442434375,1.50063e-06,4.28500000000002e-09,4.27755962618463e-09,-6.42111267106489e-13,8.53118434639431e-14,9.1472494798566e-14,4.3747714903662e-07
3578.779342,0.443687,1.50492e-06,4.27312499999993e-09,4.27715242190243e-09,1.05694980698428e-13,8.99193080714342e-14,8.19511346466624e-14,3.9194020917969e-07
3588.84571,0.444935,1.50917625e-06,4.25124999999988e-09,4.27777101614602e-09,2.40961740963444e-13,4.10583338839772e-14,3.90834700146839e-14,1.86920943548488e-07
3598.94736675,0.446187375,1.5134225e-06,4.25062500000005e-09,4.27763434538436e-09,-9.06239031228763e-14,-1.58560169438285e-14,-8.44160797963464e-15,-4.03729077286874e-08
3609.018776,0.447436,1.5176775e-06,4.27812500000017e-09,4.27758976833978e-09,-3.33845208851321e-13,-1.23686037822951e-14,-1.17030228186166e-14,-5.59709786977316e-08
3619.17387,0.448695,1.52197875e-06,4.29124999999992e-09,4.27696665496665e-09,-7.25495788000115e-13,3.34742760826702e-14,3.08743140168631e-14,1.47659762689345e-07
3629.25637,0.449945,1.52626e-06,4.29187499999997e-09,4.27613877676378e-09,-2.28150228132213e-14,9.58612141222439e-14,1.02544205575487e-13,4.90428809274068e-07
3639.346936,0.451196,1.5305625e-06,4.3043750000001e-09,4.27692102492103e-09,1.23310810810808e-12,1.79313692575351e-13,1.77580033167728e-13,8.49295810802177e-07
3649.429436,0.452446,1.53486875e-06,4.27624999999993e-09,4.27860499297999e-09,1.44752544752319e-12,2.10384960059748e-13,1.97982898968166e-13,9.46874734195577e-07
3659.4978205,0.45369425,1.539115e-06,4.25562499999997e-09,4.27981607581607e-09,5.05484380486057e-13,1.35854291615466e-13,1.33995660458758e-13,6.40848810889712e-07
3669.58536175,0.454944875,1.54338e-06,4.28249999999995e-09,4.27961596174097e-09,-3.14737627235715e-13,4.71916750176592e-14,6.15195972772983e-14,2.94224160891427e-07
3679.773728,0.456208,1.54768e-06,4.28187500000001e-09,4.2791866005616e-09,-2.78694278698093e-13,5.75511282030774e-14,5.92022676460831e-14,2.83141280046484e-07
3689.844129,0.4574565,1.55194375e-06,4.25500000000003e-09,4.27905857318357e-09,-4.61521586523693e-13,1.12927576079346e-13,1.04517367855521e-13,4.99865672352492e-07
3699.92158775,0.458705875,1.55619e-06,4.29437499999993e-09,4.27826355738856e-09,-6.00320287820758e-13,1.40052650052358e-13,1.47632140367855e-13,7.06066758281046e-07
3710.005096,0.459956,1.5605325e-06,4.30312500000012e-09,4.27785793260793e-09,2.21568971618446e-14,1.63777077472627e-13,1.58583894291865e-13,7.58444711830659e-07
3720.095662,0.461207,1.56479625e-06,4.27250000000009e-09,4.27830787118288e-09,1.02127939628841e-12,1.20524198676536e-13,1.11156220356214e-13,5.31616706051458e-07
3730.16203,0.462455,1.5690775e-06,4.25874999999998e-09,4.27990049140051e-09,1.18844331344498e-12,7.30449110935229e-15,1.78041111970415e-14,8.51500970293289e-08
3740.24453,0.463705,1.57331375e-06,4.27125000000001e-09,4.28068475780977e-09,-6.30045630039403e-14,-6.95784873798963e-14,-7.17276285304368e-14,-3.43045179928176e-07
3750.423822,0.464967,1.57762e-06,4.27312499999993e-09,4.2797744822745e-09,-1.34586697087019e-12,-1.2631674663189e-13,-1.30433676243576e-13,-6.23813234208407e-07
3760.5083385,0.46621725,1.58186e-06,4.26499999999999e-09,4.27799302386803e-09,-1.44546332047531e-12,-1.54028983064338e-13,-1.4540034067354e-13,-6.95392933656061e-07
3770.580756,0.467466,1.58615e-06,4.30999999999996e-09,4.27688355563355e-09,-3.21362758865837e-13,-9.58030476252814e-14,-9.29649499534607e-14,-4.4461497803829e-07
3780.66829725,0.468716625,1.59048e-06,4.30812500000005e-09,4.2773502983503e-09,1.07430238680898e-12,4.60571417792852e-15,-8.49476921722374e-16,-4.06271571258527e-09
3790.729624,0.469964,1.59476625e-06,4.28250000000005e-09,4.27903216040716e-09,1.50974025973927e-12,7.03308173333674e-14,6.56137679811543e-14,3.13804977301173e-07
3800.82019,0.471215,1.599045e-06,4.28687499999994e-09,4.28036977886978e-09,5.59691997188619e-13,8.81496729917043e-14,9.30997652102748e-14,4.45259746657836e-07
3810.98435825,0.472475125,1.60334e-06,4.268125e-09,4.28015154440154e-09,-6.69818357316273e-13,9.98719347460938e-14,9.87069689770279e-14,4.72076808151003e-07
3821.1001305,0.47372925,1.60758125e-06,4.23000000000009e-09,4.27903014215514e-09,-1.17657511407393e-12,8.9556180306367e-14,8.49950034515996e-14,4.06497842594607e-07
3831.164482,0.474977,1.6118e-06,4.24875000000002e-09,4.27779839417339e-09,-9.30128992628303e-13,5.48522546881229e-14,5.55787160806567e-14,2.65811250820532e-07
3841.238916,0.476226,1.61607875e-06,4.29499999999987e-09,4.27716988416989e-09,2.33744296243154e-13,4.66237328792457e-14,5.32429360496682e-14,2.54640128933196e-07
3851.2992345,0.47747325,1.62039e-06,4.31062500000001e-09,4.27826588276588e-09,1.40340909090587e-12,1.07258806954725e-13,1.12624142035727e-13,5.38637201040433e-07
3861.39585,0.478725,1.6247e-06,4.30500000000004e-09,4.2799767023517e-09,8.85723576921645e-13,2.01921632001287e-13,1.96378516403772e-13,9.39201600191953e-07
3871.4884325,0.47997625,1.629e-06,4.28875000000007e-09,4.28003732991972e-09,5.33279651145602e-14,2.33180787160634e-13,2.2585093516145e-13,1.08015664642433e-06
3881.649576,0.481236,1.6332775e-06,4.26312500000007e-09,4.28008335828193e-09,3.87287593149635e-14,1.68274533545468e-13,1.65585653243014e-13,7.91931385075284e-07
3891.7340925,0.48248625,1.63752625e-06,4.24624999999985e-09,4.28011478743835e-09,2.4129553538528e-14,5.99560722589732e-14,6.32256988861859e-14,3.02383777281759e-07
3901.830708,0.483738,1.64177e-06,4.25624999999991e-09,4.280131617389e-09,9.5303477620924e-15,-7.65112540036904e-15,6.92228036896139e-15,3.31065582863371e-08
3911.88901,0.484985,1.64603875e-06,4.27999999999998e-09,4.28013384813388e-09,-5.06885801351599e-15,1.14307678817745e-14,-2.46408532228637e-15,-1.17847558891957e-08
3921.98663375,0.486236875,1.65033e-06,4.30937499999992e-09,4.28012147967298e-09,-1.9668063789538e-14,-6.84348788911819e-15,-3.58108382752788e-15,-1.71269226533942e-08
3932.062076,0.487486,1.6546575e-06,4.33000000000009e-09,4.2800945120063e-09,-3.42672695663871e-14,-2.44125119935257e-14,-2.44125119934383e-14,-1.16755492142531e-07
3942.22422775,0.488745875,1.65899e-06,4.29750000000015e-09,4.28005294513384e-09,-4.88664753428227e-14,-4.12763044304802e-14,-4.1276304430478e-14,-1.9740841249359e-07
3952.307736,0.489996,1.6632525e-06,4.2499999999999e-09,4.27999677905561e-09,-6.34656811192583e-14,-5.74348652000335e-14,-5.7434865200049e-14,-2.74688485739365e-07
3962.39931025,0.491247125,1.66749e-06,4.23375000000003e-09,4.27992601377161e-09,-7.80648868948667e-14,-7.28881943022631e-14,-7.28881943022542e-14,-3.48595711880346e-07
3972.472736,0.492496,1.67172e-06,4.24500000000008e-09,4.27984064928182e-09,-9.26640926713023e-14,-8.76362917370656e-14,-8.76362917370567e-14,-4.19130090916358e-07
3982.539104,0.493744,1.67598e-06,4.28124999999997e-09,4.27974068558626e-09,-1.07263298448151e-13,-1.01679157504441e-13,-1.01679157504459e-13,-4.86291622847413e-07
3992.62967,0.494995,1.6802825e-06,4.32812500000007e-09,4.27962612268493e-09,-1.21862504224173e-13,-1.15016791604493e-13,-1.15016791604482e-13,-5.5008030767361e-07
4002.800896,0.496256,1.68463625e-06,4.31874999999994e-09,4.27949696057781e-09,-1.36461709999782e-13,-1.27649194037117e-13,-1.27649194037115e-13,-6.10496145394898e-07
4012.87533,0.497505,1.68892e-06,4.28687499999994e-09,4.27935319926493e-09,-1.51060915776217e-13,-1.39576364802341e-13,-1.39576364802354e-13,-6.67539136011258e-07
4022.97497025,0.498757125,1.69321e-06,4.27000000000003e-09,4.27919483874626e-09,-1.6566012155348e-13,-1.50798303900214e-13,-1.50798303900163e-13,-7.21209279522519e-07
4033.06150325,0.500007625,1.69746e-06,4.25e-09,4.27902187902182e-09,-1.72959724441698e-13,-1.61315011330635e-13,-1.61315011330583e-13,-7.71506575928875e-07
