wvnmbr,Voltage,Current,DerivativeY1,DerivativeY1_1,DerivativeY2,DerivativeY2_1,DerivativeY2_2,Alpha
-4032.927406,-0.499991,-8.3785e-07,2.11999999999997e-09,2.14520592020593e-09,-3.31178237060837e-12,-3.72695343217842e-12,-3.72695343217842e-12,NaN
-4022.844906,-0.498741,-8.3573e-07,2.15000000000006e-09,2.14189413783532e-09,-3.24595833419614e-12,-3.49613117638087e-12,-3.49613117638087e-12,NaN
-4012.75702866667,-0.497490333333333,-8.3355e-07,2.17333333333356e-09,2.13871400353753e-09,-3.11431026137126e-12,-3.27348005717414e-12,-3.27348005717414e-12,NaN
-4002.679906,-0.496241,-8.31383333333333e-07,2.17999999999998e-09,2.13566551731258e-09,-2.98266218854618e-12,-3.05900007455824e-12,-3.05900007455824e-12,NaN
-3992.50733566666,-0.494979833333333,-8.2919e-07,2.16166666666652e-09,2.13274867916044e-09,-2.85101411572151e-12,-2.85269122853315e-12,-2.85269122853315e-12,NaN
-3982.422147,-0.4937295,-8.2706e-07,2.10999999999996e-09,2.12996348908113e-09,-2.71936604289704e-12,-2.65455351909889e-12,-2.65455351909889e-12,NaN
-3972.363845,-0.4924825,-8.2497e-07,2.08500000000001e-09,2.12730994707465e-09,-2.58771797007238e-12,-2.46458694625544e-12,-2.46458694625544e-12,NaN
-3962.285378,-0.491233,-8.2289e-07,2.07916666666651e-09,2.12478805314099e-09,-2.4560698972475e-12,-2.28279151000282e-12,-2.28279151000282e-12,NaN
-3952.202878,-0.489983,-8.20811666666667e-07,2.09166666666644e-09,2.12239780728015e-09,-2.32442182442262e-12,-2.10916721034102e-12,-2.10916721034102e-12,NaN
-3942.104246,-0.488731,-8.18706666666667e-07,2.11250000000003e-09,2.12013920949214e-09,-2.19277375159795e-12,-1.94371404727004e-12,-1.94371404727004e-12,NaN
-3931.949152,-0.487472,-8.16586666666667e-07,2.12833333333348e-09,2.11801225977696e-09,-2.06112567877328e-12,-1.78643202078988e-12,-1.78643202078988e-12,NaN
-3921.83707666666,-0.486218333333333,-8.1445e-07,2.13999999999999e-09,2.1160169581346e-09,-1.92947760594841e-12,-1.63732113090054e-12,-1.63732113090054e-12,NaN
-3911.784152,-0.484972,-8.12306666666667e-07,2.13500000000001e-09,2.11415330456506e-09,-1.79782953312353e-12,-1.49638137760203e-12,-1.49638137760203e-12,NaN
-3901.693586,-0.483721,-8.1018e-07,2.12833333333348e-09,2.11242129906835e-09,-1.66618146029907e-12,-1.36361276089433e-12,-1.36361276089433e-12,NaN
-3891.611086,-0.482471,-8.0805e-07,2.10500000000008e-09,2.11082094164446e-09,-1.53453338747419e-12,-1.23901528077746e-12,-1.23901528077746e-12,NaN
-3881.52052,-0.48122,-8.0597e-07,2.08999999999999e-09,2.1093522322934e-09,-1.40288531464932e-12,-1.1225889372514e-12,-1.1225889372514e-12,NaN
-3871.36677033334,-0.479961166666667,-8.0387e-07,2.09083333333345e-09,2.10801517101516e-09,-1.27123724182465e-12,-1.01433373031617e-12,-1.01684499271214e-12,NaN
-3861.290992,-0.478712,-8.01788333333333e-07,2.08000000000003e-09,2.10680975780975e-09,-7.24503724500195e-13,-9.14249659971759e-13,-9.06883889633101e-13,NaN
-3851.204459,-0.4774615,-7.9971e-07,2.09916666666648e-09,2.10656616356616e-09,-8.38832338825191e-13,-7.93038664931895e-13,-7.97897513989807e-13,NaN
-3841.11254866667,-0.476210333333333,-7.9759e-07,2.11416666666647e-09,2.1051320931321e-09,-6.06294606284568e-13,-7.07336671194642e-13,-7.10920305117299e-13,NaN
-3831.039459,-0.4749615,-7.95481666666667e-07,2.13749999999998e-09,2.10535357435359e-09,2.39089739092832e-13,-6.5709303241576e-13,-6.54046773963417e-13,NaN
-3820.94486,-0.47371,-7.93315e-07,2.13833333333354e-09,2.10561027261029e-09,4.75663975659654e-13,-6.00448039820006e-13,-5.94298059522999e-13,NaN
-3810.86101566667,-0.472459833333333,-7.91205e-07,2.12500000000005e-09,2.10630490230491e-09,4.63320463319495e-13,-5.3108166657614e-13,-5.42034213546859e-13,NaN
-3800.70861033334,-0.471201166666667,-7.89065e-07,2.10916666666644e-09,2.10653691353693e-09,-4.72621972617505e-13,-5.14423655984661e-13,-5.12033520166932e-13,NaN
-3790.632832,-0.469952,-7.86986666666667e-07,2.07249999999998e-09,2.10535965835968e-09,-1.12665262665469e-12,-4.88124036687679e-13,-4.81339295937035e-13,NaN
-3780.530167,-0.4686995,-7.8492e-07,2.07250000000003e-09,2.10428360828362e-09,-1.01728676730185e-12,-4.17717755200802e-13,-4.20765521739606e-13,NaN
-3770.46245466667,-0.467451333333333,-7.82841666666667e-07,2.08916666666647e-09,2.10332508482507e-09,-6.9155844156551e-13,-3.47895066797148e-13,-3.4819169635131e-13,NaN
-3760.385332,-0.466202,-7.80741666666667e-07,2.09666666666705e-09,2.10290049140049e-09,1.86351936356041e-13,-2.87788950463786e-13,-2.88438036607664e-13,NaN
-3750.2867,-0.46495,-7.78648333333333e-07,2.11583333333351e-09,2.10369778869779e-09,1.2320697320968e-13,-2.43071707055888e-13,-2.44845692036074e-13,NaN
-3740.12354,-0.46369,-7.7651e-07,2.13416666666644e-09,2.1031469053469e-09,-7.08230958227596e-13,-2.11842965750048e-13,-2.08723689456587e-13,NaN
-3730.03835133334,-0.462439666666667,-7.7438e-07,2.10500000000003e-09,2.10228132678133e-09,-2.93904293897257e-13,-1.71505864287357e-13,-1.69247953661714e-13,NaN
-3719.978705,-0.4611925,-7.723e-07,2.10250000000002e-09,2.10255909675911e-09,-1.94980694979192e-13,-1.35855097165947e-13,-1.42183887190993e-13,NaN
-3709.892172,-0.459942,-7.70175e-07,2.11499999999999e-09,2.10189136539137e-09,-5.53483678492198e-13,-1.45027649516447e-13,-1.48529719313848e-13,NaN
-3699.79622866667,-0.458690333333333,-7.6807e-07,2.12083333333348e-09,2.10145212940213e-09,-5.17538317542258e-13,-1.65324622843949e-13,-1.56166949147899e-13,NaN
-3689.70566266666,-0.457439333333333,-7.65933333333333e-07,2.06499999999999e-09,2.10085628875629e-09,-8.76614601603572e-13,-1.22189637683873e-13,-1.15540678379246e-13,NaN
-3679.63929466667,-0.456191333333333,-7.6394e-07,2.05166666666655e-09,2.09969890019892e-09,-7.47662922657345e-13,-4.79058410255607e-14,-6.59443558751638e-14,NaN
-3669.46806866666,-0.454930333333333,-7.6183e-07,2.10666666666653e-09,2.09936096291097e-09,-2.13765063777138e-13,-5.23275717456648e-14,-5.02746671591858e-14,NaN
-3659.374814,-0.453679,-7.59726666666667e-07,2.10499999999998e-09,2.09927137007136e-09,5.47750672747719e-13,-3.48598288088008e-14,-2.09328447139621e-14,NaN
-3649.292314,-0.452429,-7.5762e-07,2.13333333333351e-09,2.10045646425647e-09,4.06598806605596e-13,8.11418353114939e-14,7.76318563712557e-14,NaN
-3639.22325733334,-0.451180666666667,-7.5546e-07,2.12999999999998e-09,2.10008456768458e-09,2.75974025973614e-14,2.09840387035231e-13,2.09880208476588e-13,NaN
-3629.13538,-0.44993,-7.5336e-07,2.1e-09,2.10051165906166e-09,1.27733415232996e-12,3.06348547085201e-13,2.99279242969797e-13,NaN
-3619.069012,-0.448682,-7.5126e-07,2.10416666666652e-09,2.10263923598924e-09,1.2270709020667e-12,3.25314452701701e-13,3.2327333963605e-13,NaN
-3608.934083,-0.4474255,-7.49151666666667e-07,2.08583333333347e-09,2.1029658008658e-09,2.01693576693338e-13,3.03861455804744e-13,3.10748621995885e-13,NaN
-3598.82469633334,-0.446172166666667,-7.47088333333333e-07,2.08333333333351e-09,2.10304262314262e-09,3.5468585468022e-14,3.02925894080268e-13,2.97633429387205e-13,NaN
-3588.72203133334,-0.444919666666667,-7.44985e-07,2.08416666666655e-09,2.10303673803673e-09,5.94887094920557e-14,3.03093832984225e-13,3.10655324407129e-13,NaN
-3578.64356433334,-0.443670166666667,-7.4292e-07,2.0675e-09,2.10316160056161e-09,2.45480870484966e-13,3.46696759391634e-13,3.49726679254279e-13,NaN
-3568.55972,-0.44242,-7.4085e-07,2.11549999999995e-09,2.1035276997777e-09,4.4179536679265e-13,3.8784876024364e-13,3.71629466020316e-13,NaN
-3558.481253,-0.4411705,-7.38689e-07,2.13366666666648e-09,2.10404519129519e-09,9.2254592253065e-14,3.45314857417192e-13,3.55095096489988e-13,NaN
-3548.334225,-0.4399125,-7.36582666666667e-07,2.11466666666654e-09,2.10371220896221e-09,6.86790686453921e-15,3.2708517206135e-13,3.30414124018066e-13,NaN
-3538.255758,-0.438663,-7.34459666666667e-07,2.1215833333335e-09,2.10405892710892e-09,9.8798993798312e-13,3.27047036142555e-13,3.22110691357582e-13,NaN
-3528.165192,-0.437412,-7.323395e-07,2.10216666666694e-09,2.10568818883818e-09,1.38098455598722e-12,3.00250008798899e-13,3.03671066641045e-13,NaN
-3518.082692,-0.436162,-7.30255333333333e-07,2.10258333333346e-09,2.1068208962209e-09,-1.16327366319986e-13,2.59334338326489e-13,2.56463649228559e-13,NaN
-3508.016324,-0.434914,-7.28134333333333e-07,2.09858333333303e-09,2.10545553410554e-09,-6.64513864513486e-13,1.77027931529727e-13,1.68549827286409e-13,NaN
-3497.92441366666,-0.433662833333333,-7.26058166666667e-07,2.09200000000004e-09,2.10549186849187e-09,8.69296244293758e-13,5.95500680221965e-14,7.12706308396761e-14,NaN
-3487.835192,-0.432412,-7.23950333333333e-07,2.09958333333353e-09,2.10719412659412e-09,5.89089739087149e-13,1.20312435895225e-14,2.9108509832243e-14,NaN
-3477.68278666666,-0.431153333333333,-7.21859e-07,2.09833333333302e-09,2.10667004797004e-09,-9.81391131385505e-13,2.86205448006568e-15,-3.13934618776466e-14,NaN
-3467.605664,-0.429904,-7.19753666666667e-07,2.15158333333343e-09,2.10523134433135e-09,-1.26386451385397e-12,-1.98801675889551e-13,-2.01251494218082e-13,NaN
-3457.40082966667,-0.428638833333333,-7.17555833333333e-07,2.14008333333349e-09,2.10414231894233e-09,-6.4900257400314e-13,-4.24156433262729e-13,-3.93886079074692e-13,NaN
-3447.456796,-0.427406,-7.154735e-07,2.09241666666656e-09,2.10393333918335e-09,1.80463905451863e-13,-4.7581748955001e-13,-4.86462867856837e-13,NaN
-3437.382362,-0.426157,-7.13371e-07,2.09075000000001e-09,2.10450324675324e-09,3.36062361061995e-13,-5.09554248855705e-13,-5.15410757860062e-13,NaN
-3427.28373,-0.424905,-7.11292e-07,2.08299999999995e-09,2.10460546390547e-09,-3.28837603829551e-13,-5.56940035037807e-13,-5.54125789358534e-13,NaN
-3417.12057,-0.423645,-7.09205e-07,2.09016666666645e-09,2.10384557154558e-09,-3.79056979055239e-13,-5.81222233570142e-13,-5.78979324061481e-13,NaN
-3407.021938,-0.422393,-7.07111666666667e-07,2.08725000000002e-09,2.10384734994736e-09,-7.50751725747175e-13,-5.78481096184724e-13,-5.78205721018068e-13,NaN
-3396.95557,-0.421145,-7.050305e-07,2.09858333333356e-09,2.10234406809409e-09,-9.5191295191097e-13,-5.70964152214612e-13,-5.73989089871743e-13,NaN
-3386.87307,-0.419895,-7.029145e-07,2.12166666666652e-09,2.10194352404354e-09,-5.15970516045674e-14,-5.8413164127052e-13,-5.84735170173009e-13,NaN
-3376.782504,-0.418644,-7.00787166666667e-07,2.12249999999999e-09,2.10224087399088e-09,-3.95711945725914e-13,-6.08152863629971e-13,-6.11943674883294e-13,NaN
-3366.659674,-0.417389,-6.986695e-07,2.1078333333335e-09,2.10115210015209e-09,-9.69653094661487e-13,-6.26155949041446e-13,-6.18730272842246e-13,NaN
-3356.577174,-0.416139,-6.965715e-07,2.09108333333351e-09,2.10030156780155e-09,-1.08267228266411e-12,-5.77042895964656e-13,-5.72042674906295e-13,NaN
-3346.430146,-0.414881,-6.94487333333333e-07,2.11249999999997e-09,2.09898675558676e-09,-1.15778928277682e-12,-4.86348591849975e-13,-5.01056829685511e-13,NaN
-3336.33958,-0.41363,-6.923465e-07,2.11499999999999e-09,2.097985989236e-09,-1.02393237393639e-12,-4.37943836495323e-13,-4.35017714333942e-13,NaN
-3326.265146,-0.412381,-6.90257333333333e-07,2.05025e-09,2.09693889083889e-09,-4.7994325494736e-13,-3.44103321617369e-13,-3.26195995583662e-13,NaN
-3316.21491,-0.411135,-6.88246e-07,2.04349999999998e-09,2.0970261027261e-09,-2.01515736514593e-12,-1.51239830815561e-13,-1.55525283404369e-13,NaN
-3306.12703266666,-0.409884333333333,-6.86170333333333e-07,2.08350000000002e-09,2.09290857610859e-09,-2.69227506727772e-12,-1.4684951415923e-14,-3.18289282996439e-14,NaN
-3296.07276366666,-0.408637833333333,-6.84079e-07,2.14116666666653e-09,2.09164155259155e-09,1.74608049607224e-12,-3.9773323875055e-14,-4.40603500779074e-14,NaN
-3285.80071266667,-0.407364333333333,-6.81888e-07,2.15091666666648e-09,2.09640073710074e-09,2.7124692874744e-12,-1.31826525006146e-13,-1.21261362943044e-13,NaN
-3275.76392,-0.40612,-6.79777166666667e-07,2.11258333333347e-09,2.0970664911665e-09,6.65982215980092e-13,-1.46150825922438e-13,-1.37930439502587e-13,NaN
-3265.70292933334,-0.404872666666667,-6.77662833333333e-07,2.09958333333353e-09,2.0977327015327e-09,8.38656838660038e-13,-6.13127218066976e-14,-6.04499859999447e-14,NaN
-3255.623118,-0.403623,-6.75578e-07,2.08741666666648e-09,2.09874380484382e-09,6.12776412782627e-13,4.82167839267199e-14,3.53094589842683e-14,NaN
-3245.51642,-0.40237,-6.73488e-07,2.09683333333351e-09,2.09895825435826e-09,1.16748566736495e-13,9.79014367846737e-14,1.02328689924577e-13,NaN
-3235.31293,-0.401105,-6.71384333333333e-07,2.06891666666655e-09,2.09897730197729e-09,-4.52767052779949e-13,1.53790439935958e-13,1.57992624727203e-13,NaN
-3225.327222,-0.399867,-6.69350166666667e-07,2.07016666666648e-09,2.0980527202527e-09,-3.7750380250459e-13,2.30281709917159e-13,2.22477200691677e-13,NaN
-3215.23800033334,-0.398616166666667,-6.67244e-07,2.08199999999998e-09,2.09822229437228e-09,4.9678834679116e-13,2.92747674033668e-13,3.03486358575523e-13,NaN
-3205.142057,-0.3973645,-6.65186166666667e-07,2.08550000000002e-09,2.09904629694629e-09,7.32882882882907e-13,3.97613367221505e-13,3.94998208349985e-13,NaN
-3195.079722,-0.396117,-6.63073e-07,2.10383333333349e-09,2.09968806013805e-09,8.15759915765651e-13,4.76019171428376e-13,4.70806090842269e-13,NaN
-3184.99587766667,-0.394866833333333,-6.609785e-07,2.11283333333348e-09,2.10067781677782e-09,6.54103779113447e-13,4.89615655436379e-13,4.91401058718301e-13,NaN
-3174.922788,-0.393618,-6.58847333333333e-07,2.11116666666655e-09,2.10099626769627e-09,6.76228501232895e-13,4.60872661532196e-13,4.59506608206572e-13,NaN
-3164.824156,-0.392366,-6.56756166666667e-07,2.10775e-09,2.10203027378028e-09,5.95223470230483e-13,3.91430327046749e-13,3.86975745036425e-13,NaN
-3154.677128,-0.391108,-6.54631833333333e-07,2.10708333333348e-09,2.10218671463674e-09,-1.12542705042871e-12,2.98866078109903e-13,3.2257001819312e-13,NaN
-3144.594628,-0.389858,-6.52542e-07,2.06941666666651e-09,2.09977941967943e-09,-2.26301626302812e-12,2.52727464305298e-13,2.31899611875941e-13,NaN
-3134.50675066666,-0.388607333333333,-6.50493e-07,2.1804166666665e-09,2.09766068211068e-09,-1.43449455949668e-12,4.60160675790397e-14,1.07152864495006e-14,NaN
-3123.816612,-0.387282,-6.48181166666667e-07,2.1270833333335e-09,2.09691043056043e-09,7.3800456300239e-13,-2.85274918446937e-13,-2.27940820268634e-13,NaN
-3114.347128,-0.386108,-6.46238833333333e-07,2.04199999999999e-09,2.09913669123668e-09,2.23803088802336e-12,-2.93309853639411e-13,-2.96498428511753e-13,NaN
-3104.28076,-0.38486,-6.44097166666667e-07,2.13525000000002e-09,2.10138649233648e-09,1.36630981631428e-12,-1.99150909945361e-13,-2.2626430963518e-13,NaN
-3094.109534,-0.383599,-6.41968333333333e-07,2.09708333333352e-09,2.10186931086931e-09,7.8761553775361e-14,-1.8666021913444e-13,-1.67600238836364e-13,NaN
-3084.039133,-0.3823505,-6.39903e-07,2.08233333333295e-09,2.10154401544403e-09,-2.46735696733928e-13,-1.23376916595073e-13,-1.32004096915999e-13,NaN
-3073.92168033334,-0.381096166666667,-6.37803666666667e-07,2.08500000000001e-09,2.10137583947584e-09,5.70767520773282e-13,-9.92065745265725e-14,-9.87293279049391e-14,NaN
-3063.878166,-0.379851,-6.35733e-07,2.08958333333352e-09,2.10268555048558e-09,4.58268983275462e-13,-1.03404328050775e-13,-1.04075292475606e-13,NaN
-3053.76071333334,-0.378596666666667,-6.336245e-07,2.10483333333347e-09,2.1022923774424e-09,-5.40487890499591e-13,-1.30793189541904e-13,-1.34189232268531e-13,NaN
-3043.68762366666,-0.377347833333333,-6.31523333333333e-07,2.08783333333347e-09,2.10160457470458e-09,-8.36170586184094e-13,-1.68368253084491e-13,-1.60865091098028e-13,NaN
-3033.60781233334,-0.376098166666667,-6.29448833333333e-07,2.09666666666652e-09,2.10062003627003e-09,-1.35446940447427e-12,-1.63504114285743e-13,-1.68276930219498e-13,NaN
-3023.443308,-0.374838,-6.2733e-07,2.1095e-09,2.09889563589563e-09,-1.5205861705793e-12,-1.51112258594929e-13,-1.49935130420512e-13,NaN
-3013.36215233334,-0.373588166666667,-6.25229833333333e-07,2.0921666666665e-09,2.09757886392887e-09,-1.10587340586325e-12,-1.10421318900839e-13,-1.07276013819522e-13,NaN
-3003.29175133334,-0.372339666666667,-6.23145666666667e-07,2.08925000000002e-09,2.0966838890839e-09,-7.33883233882636e-13,-3.43930901271229e-14,-3.21535017545781e-14,NaN
-2993.203874,-0.371089,-6.21051333333333e-07,2.09324999999997e-09,2.0961110974611e-09,-2.76450801455118e-13,4.73154068538648e-14,4.74462896101407e-14,NaN
-2983.125407,-0.3698395,-6.18959166666667e-07,2.12383333333298e-09,2.09613098748099e-09,9.5015795017817e-14,7.89186201567453e-14,6.8433063751537e-14,NaN
-2973.026775,-0.3685875,-6.16803666666667e-07,2.12116666666699e-09,2.09630112905114e-09,-7.17494442494413e-13,3.10403240625458e-15,1.80860500458224e-15,NaN
-2962.85823766666,-0.367326833333333,-6.14716833333333e-07,2.09508333333357e-09,2.094695998596e-09,1.20180765179777e-12,-1.15109382378774e-13,-1.15773652945276e-13,NaN
-2952.781115,-0.3660775,-6.126135e-07,2.09024999999999e-09,2.09870474435473e-09,3.35892125891846e-12,-1.95589330493332e-13,-1.85047467035543e-13,NaN
-2942.694582,-0.364827,-6.10536333333333e-07,2.07708333333349e-09,2.10141384111384e-09,6.20668070673631e-13,-1.50453694956556e-13,-1.41734203743213e-13,NaN
-2932.612082,-0.363577,-6.08459333333333e-07,2.09575000000004e-09,2.09994608049608e-09,-1.9142974142948e-13,-1.48087657951195e-14,-2.44762216243013e-14,NaN
-2922.521516,-0.362326,-6.06344833333333e-07,2.10916666666644e-09,2.10103098163098e-09,5.15941265977617e-14,7.45117694753044e-14,6.88702536860006e-14,NaN
-2912.44170466666,-0.361076333333333,-6.04241e-07,2.12224999999998e-09,2.10004926874928e-09,-9.10489060489151e-13,9.34612080128295e-14,9.02830422198078e-14,NaN
-2902.26779,-0.359815,-6.02100333333333e-07,2.11000000000001e-09,2.09921000351e-09,-2.0616005616763e-13,8.38105311841143e-14,9.51899952471941e-14,NaN
-2892.205455,-0.3585675,-6.00021e-07,2.08233333333306e-09,2.09963694863694e-09,2.268339767881e-14,1.24409321274403e-13,1.23594466576365e-13,NaN
-2882.126988,-0.357318,-5.97935666666667e-07,2.08500000000001e-09,2.09925537030536e-09,-7.27623727610438e-14,1.61346746499675e-13,1.5458182053212e-13,NaN
-2872.052554,-0.356069,-5.95851e-07,2.07983333333346e-09,2.09949142389142e-09,1.11822861827944e-13,1.50218613219681e-13,1.56848538235679e-13,NaN
-2861.929724,-0.354814,-5.93776e-07,2.08733333333351e-09,2.09947901602902e-09,1.73335673335026e-14,1.25544864082318e-13,1.19502618146177e-13,NaN
-2851.83781366666,-0.353562833333333,-5.91676333333333e-07,2.102e-09,2.09952609102609e-09,2.825435825497e-13,4.4496316548845e-14,4.37319343390207e-14,NaN
-2841.740526,-0.352311,-5.89572e-07,2.1111666666665e-09,2.10004410319412e-09,-4.19591669554794e-14,-6.5263342664496e-14,-6.15226656944385e-14,NaN
-2831.520904,-0.351044,-5.87454e-07,2.11649999999998e-09,2.09944217269218e-09,-9.45767520773914e-13,-1.67152634393513e-13,-1.6970715505472e-13,NaN
-2821.438404,-0.349794,-5.85339e-07,2.11499999999999e-09,2.09815256815257e-09,-1.12759740260432e-12,-2.6823131079135e-13,-2.66316278836572e-13,NaN
-2811.24835733334,-0.348530666666667,-5.83224e-07,2.10275000000002e-09,2.09718697788697e-09,3.95401895264654e-14,-3.45756382963737e-13,-3.3822157393878e-13,NaN
-2801.16048,-0.34728,-5.811335e-07,2.10100000000003e-09,2.09823164853162e-09,9.40344565343663e-13,-3.99326901488821e-13,-4.17543833961838e-13,NaN
-2791.005386,-0.346021,-5.79022e-07,2.10124999999998e-09,2.09906766701765e-09,5.52448227453813e-13,-5.16448022235914e-13,-5.13155896328614e-13,NaN
-2780.92960766666,-0.344771833333333,-5.76931e-07,2.08708333333345e-09,2.09933654498653e-09,6.14777114800077e-14,-5.72094022222463e-13,-5.47927645292847e-13,NaN
-2770.816188,-0.343518,-5.74847833333333e-07,2.07449999999998e-09,2.09919062244061e-09,-9.27509652496243e-13,-4.79647314051084e-13,-4.97749696645142e-13,NaN
-2760.822414,-0.342279,-5.72782e-07,2.07641666666654e-09,2.09748152568154e-09,-1.44090909090562e-12,-4.34431374503247e-13,-4.34347127907046e-13,NaN
-2750.75066866666,-0.341030333333333,-5.70695e-07,2.10600000000006e-09,2.0963088042588e-09,-1.02380367381147e-12,-4.20575216763078e-13,-4.1759367577703e-13,NaN
-2740.66682433334,-0.339780166666667,-5.6857e-07,2.12649999999999e-09,2.09543391833391e-09,-6.16997191995844e-13,-4.23190730970385e-13,-4.33004743323943e-13,NaN
-2730.42703733334,-0.338510666666667,-5.66442e-07,2.11216666666647e-09,2.09507480987481e-09,-3.34959634953106e-13,-4.62174452102206e-13,-4.49307626260744e-13,NaN
-2720.37949,-0.337265,-5.64345666666667e-07,2.08049999999999e-09,2.09476399906401e-09,-6.71115596115218e-13,-4.42926104344068e-13,-4.45120016065856e-13,NaN
-2710.385716,-0.336026,-5.62281e-07,2.09783333333354e-09,2.09373257868258e-09,-6.07985257989237e-13,-4.20958380031887e-13,-4.27756043791229e-13,NaN
-2700.18357033334,-0.334761166666667,-5.6015e-07,2.098e-09,2.09354802854803e-09,-5.23034398035532e-13,-4.26188334747379e-13,-4.22285639232548e-13,NaN
-2690.13199,-0.333515,-5.58085e-07,2.08383333333347e-09,2.09268650988651e-09,-7.36504036500418e-13,-4.0922694687994e-13,-4.10222141785081e-13,NaN
-2680.065622,-0.332267,-5.55982333333333e-07,2.08550000000002e-09,2.09207502047503e-09,-2.61518661519101e-13,-3.66216642491993e-13,-3.61170393166356e-13,NaN
-2669.962957,-0.3310145,-5.53914e-07,2.08508333333297e-09,2.09216347256347e-09,-9.90230490288979e-14,-2.81689240419313e-13,-2.81222986604709e-13,NaN
-2659.908688,-0.329768,-5.51812166666667e-07,2.09199999999999e-09,2.09187697437697e-09,-1.78249678252337e-13,-1.9904946829677e-13,-2.06388768859095e-13,NaN
-2649.80199,-0.328515,-5.4973e-07,2.10300000000003e-09,2.09180697320697e-09,-3.0267930271904e-14,-1.67141681596285e-13,-1.69944927304912e-13,NaN
-2639.76116433334,-0.327270166666667,-5.47606166666667e-07,2.0983333333335e-09,2.09181643851643e-09,-2.23098748101414e-13,-1.49185062562655e-13,-1.41631594181084e-13,NaN
-2629.766046,-0.326031,-5.45533333333333e-07,2.08325000000001e-09,2.09136077571076e-09,-4.54516204509064e-13,-7.56942601733581e-14,-7.27650073624797e-14,NaN
-2619.691612,-0.324782,-5.43439666666667e-07,2.08966666666649e-09,2.09090740610741e-09,1.55314730320967e-13,3.4692278809136e-14,3.0255421832715e-14,NaN
-2609.61180066666,-0.323532333333333,-5.41354e-07,2.07641666666702e-09,2.09167140517141e-09,9.45592020595113e-13,1.29161491495443e-13,1.31941370028367e-13,NaN
-2599.542744,-0.322284,-5.39286833333333e-07,2.0746666666665e-09,2.0927985901486e-09,6.18544518546944e-13,2.06663646387758e-13,2.02329829354848e-13,NaN
-2589.452178,-0.321033,-5.37204666666667e-07,2.09091666666647e-09,2.0929084942085e-09,-2.98265473271092e-13,2.33717095770836e-13,2.32260140042154e-13,NaN
-2579.276919,-0.3197715,-5.35105e-07,2.09366666666702e-09,2.09220205920206e-09,-2.72730197733185e-13,2.27401390646718e-13,2.3033976964238e-13,NaN
-2569.18366433334,-0.318520166666667,-5.33017333333333e-07,2.10300000000003e-09,2.09236303381303e-09,4.96808821814812e-13,2.21793898852075e-13,2.21006426968771e-13,NaN
-2559.11729633334,-0.317272166666667,-5.30899e-07,2.11366666666651e-09,2.09319567684568e-09,5.2578390078733e-13,2.16690899940858e-13,2.1932501930812e-13,NaN
-2549.041518,-0.316023,-5.2879e-07,2.11124999999994e-09,2.09341460161461e-09,-1.15221715220834e-13,2.21075845438896e-13,2.1764264206579e-13,NaN
-2538.942886,-0.314771,-5.266765e-07,2.10416666666646e-09,2.09296523341524e-09,1.27644202646934e-13,2.13200794253962e-13,2.17480430001393e-13,NaN
-2528.868452,-0.313522,-5.24581666666667e-07,2.08325000000001e-09,2.0936698900199e-09,9.00231075227943e-13,2.11371844646738e-13,2.10255293222797e-13,NaN
-2518.777886,-0.312271,-5.2251e-07,2.08700000000001e-09,2.0947656955657e-09,9.19190944185872e-13,1.83966011157887e-13,1.75097136039689e-13,NaN
-2508.614726,-0.311011,-5.20407666666667e-07,2.08200000000003e-09,2.09550827190827e-09,5.14677664679287e-13,1.12386741607386e-13,1.20458835280734e-13,NaN
-2498.55507966666,-0.309763833333333,-5.18346e-07,2.0753333333335e-09,2.09579505089506e-09,-3.04492804978177e-15,8.15076935275252e-14,8.3651476826912e-14,NaN
-2488.449726,-0.308511,-5.16257e-07,2.09349999999998e-09,2.09550218205217e-09,-2.13194688201514e-13,8.20280982615373e-14,7.96693197759386e-14,NaN
-2478.375292,-0.307262,-5.14159e-07,2.1e-09,2.09536866151865e-09,-5.08365508384468e-14,7.96363819931437e-14,8.12928089524055e-14,NaN
-2468.292792,-0.306012,-5.12057e-07,2.10533333333353e-09,2.0954005089505e-09,-1.82218907214648e-13,6.75400532380504e-14,6.55590373884354e-14,NaN
-2458.202226,-0.304761,-5.09948333333333e-07,2.11250000000003e-09,2.09500422370423e-09,-5.13905463896076e-13,1.96216393205761e-14,1.47718096367977e-14,NaN
-2448.04175466666,-0.303501333333333,-5.07832e-07,2.11916666666645e-09,2.09437269802271e-09,-4.09965484969945e-13,-6.71244808561188e-14,-6.74056245868396e-14,NaN
-2437.95387733334,-0.302250666666667,-5.0571e-07,2.09699999999997e-09,2.09418429273429e-09,-2.38414063417992e-13,-1.39122582078125e-13,-1.29519942970241e-13,NaN
-2427.88750933334,-0.301002666666667,-5.03638e-07,2.07150000000001e-09,2.09389586989587e-09,-2.32505557504637e-13,-1.39516928939792e-13,-1.38425158936081e-13,NaN
-2417.799632,-0.299752,-5.01567e-07,2.07250000000003e-09,2.09371928161928e-09,-1.41570141577675e-13,-1.23482575627445e-13,-1.34219786119312e-13,NaN
-2407.709066,-0.298501,-4.99493e-07,2.08358333333351e-09,2.09361272961271e-09,-1.90745290742287e-13,-1.58931893037363e-13,-1.57873677562036e-13,NaN
-2397.610434,-0.297249,-4.97399833333333e-07,2.09024999999999e-09,2.09333779103779e-09,-1.30525330515772e-13,-1.88509796327378e-13,-1.79618058102572e-13,NaN
-2387.479538,-0.295993,-4.953125e-07,2.10241666666652e-09,2.09335167895168e-09,6.27647127624735e-14,-1.6720704786747e-13,-1.70599811047368e-13,NaN
-2377.388972,-0.294742,-4.93195e-07,2.11416666666647e-09,2.09346332046332e-09,3.35878085844372e-14,-1.53751355983693e-13,-1.60169475880929e-13,NaN
-2367.31319366666,-0.293492833333333,-4.91084166666667e-07,2.1034166666665e-09,2.09341885456885e-09,-1.55107055107421e-13,-1.67288191903293e-13,-1.63410463437906e-13,NaN
-2357.215906,-0.292241,-4.88988166666667e-07,2.09425e-09,2.0931531063531e-09,-4.89788814790556e-13,-1.52084961385758e-13,-1.47953941436308e-13,NaN
-2347.12399566666,-0.290989833333333,-4.86895666666667e-07,2.08558333333352e-09,2.09243927693927e-09,-3.44974844951978e-14,-9.76492356200958e-14,-9.84550731133876e-14,NaN
-2337.050906,-0.289741,-4.84817e-07,2.0753333333335e-09,2.09308411138411e-09,6.94989469993973e-13,-4.16838185388904e-14,-4.48784471158304e-14,NaN
-2326.95765133334,-0.288489666666667,-4.82745e-07,2.081e-09,2.09382925587926e-09,1.95208845211427e-13,-1.24900766529879e-14,-1.46885459761081e-14,NaN
-2316.805246,-0.287231,-4.80655e-07,2.08974999999998e-09,2.09347452907453e-09,-4.8657423657517e-13,-1.09870974226832e-15,1.79375387381119e-15,NaN
-2306.72409033334,-0.285981166666667,-4.785655e-07,2.09099999999996e-09,2.09285610740611e-09,-7.29270504276921e-13,2.71083911831244e-14,2.9773721984494e-14,NaN
-2296.640246,-0.284731,-4.76473e-07,2.10025000000006e-09,2.09201598806598e-09,-5.82458757458926e-13,7.30039262587854e-14,7.2158042270762e-14,NaN
-2286.557746,-0.283481,-4.74365e-07,2.11141666666653e-09,2.09169118989119e-09,-7.66263016214506e-14,1.06365069604331e-13,1.04105147851739e-13,NaN
-2276.52229766666,-0.282236833333333,-4.72250166666667e-07,2.10541666666647e-09,2.09186273546274e-09,5.59886509880122e-13,1.06837641866315e-13,1.05288968688119e-13,NaN
-2266.39005733334,-0.280980666666667,-4.70154166666667e-07,2.10233333333345e-09,2.09281096291095e-09,9.86094536089081e-13,8.04332174715261e-14,8.00035676623872e-14,NaN
-2256.237652,-0.279722,-4.680455e-07,2.08858333333349e-09,2.09383492453492e-09,4.46285246290161e-13,5.12312245923764e-14,5.40317622322024e-14,NaN
-2246.147086,-0.278471,-4.65977e-07,2.07525e-09,2.09370353340353e-09,-1.25775122660934e-16,4.8323672507899e-14,4.96459224399358e-14,NaN
-2236.072652,-0.277222,-4.63895e-07,2.08200000000001e-09,2.09383467298467e-09,3.5581198081357e-13,6.81296313658236e-14,6.64351103875114e-14,NaN
-2225.982086,-0.275971,-4.61813e-07,2.08500000000004e-09,2.09441515736516e-09,2.20749970754261e-13,9.16419221067836e-14,9.29693373216569e-14,NaN
-2215.899586,-0.274721,-4.59725e-07,2.08650000000002e-09,2.09427617292618e-09,-1.83675558673677e-13,1.19622777085054e-13,1.17765130757143e-13,NaN
-2205.825152,-0.273472,-4.5764e-07,2.09883333333346e-09,2.09404780624781e-09,1.44208494201343e-13,1.37347917814721e-13,1.39245687057279e-13,NaN
-2195.734586,-0.272221,-4.55527333333333e-07,2.10849999999997e-09,2.09456458991458e-09,2.22086697076117e-13,1.51765606302167e-13,1.55422995498459e-13,NaN
-2185.595624,-0.270964,-4.53423e-07,2.11616666666653e-09,2.09449197964196e-09,-2.19863694864652e-13,1.47683463390593e-13,1.35679544851707e-13,NaN
-2175.488926,-0.269711,-4.51295e-07,2.1115e-09,2.09412486252485e-09,-2.99002573996415e-13,6.72395692997898e-14,6.60860619548401e-14,NaN
-2165.406426,-0.268461,-4.492e-07,2.08191666666648e-09,2.09389397449397e-09,-1.1181116180527e-13,-7.38227946344634e-15,6.89688607764044e-15,NaN
-2155.348124,-0.267214,-4.47131166666667e-07,2.06616666666653e-09,2.09390124020124e-09,3.62951912956803e-13,1.94592992987609e-14,2.11401858767245e-14,NaN
-2145.257558,-0.265963,-4.45067666666667e-07,2.074e-09,2.09461987831988e-09,4.71156546158118e-13,7.6815423138275e-14,6.82139866152498e-14,NaN
-2135.166992,-0.264712,-4.42983166666667e-07,2.09274999999998e-09,2.09484355329356e-09,-8.98034398035751e-14,7.41268661973837e-14,6.94561488966107e-14,NaN
-2124.991733,-0.2634505,-4.40882166666667e-07,2.1070833333335e-09,2.09444027144028e-09,-4.36249561243442e-13,2.11844953870023e-14,2.49000393732835e-14,NaN
-2114.929398,-0.262203,-4.38769e-07,2.10675e-09,2.09397105417107e-09,-4.1212121211897e-13,-1.77291205396023e-14,-1.47226719750965e-14,NaN
-2104.84152066666,-0.260952333333333,-4.36668666666667e-07,2.11100000000004e-09,2.09361602901604e-09,-1.36740961753506e-13,-2.1679426002444e-14,-2.18222523275036e-14,NaN
-2094.74288866666,-0.259700333333333,-4.34547e-07,2.1108333333335e-09,2.09369757224756e-09,5.30656955649479e-13,-4.80709867410537e-15,-3.60985448183425e-15,NaN
-2084.6577,-0.25845,-4.32447e-07,2.09349999999995e-09,2.09467734292734e-09,8.76269451274677e-13,2.04134908985259e-14,1.66322310507784e-14,NaN
-2074.583266,-0.257201,-4.3036e-07,2.09191666666652e-09,2.09545011115011e-09,3.66757341758436e-13,2.75401232587327e-14,3.17526026931154e-14,NaN
-2064.41204,-0.25594,-4.28263166666667e-07,2.07800000000003e-09,2.09541085761085e-09,-1.11199836200953e-13,3.42452771735187e-14,3.0667779251033e-14,NaN
-2054.345672,-0.254692,-4.26204e-07,2.06808333333348e-09,2.09522771147771e-09,-3.91757341751516e-13,9.05583800875539e-15,-3.07883608969518e-15,NaN
-2044.26048333334,-0.253441666666667,-4.24127e-07,2.0845e-09,2.09462734292735e-09,-6.52705627699335e-13,-3.77638331073529e-14,-2.07687834389767e-14,NaN
-2034.172606,-0.252191,-4.22035e-07,2.09899999999997e-09,2.09392230022231e-09,-3.9586989586719e-13,4.56218227686549e-14,5.52926834403789e-14,NaN
-2024.106238,-0.250943,-4.19929e-07,2.0993333333335e-09,2.09383560313562e-09,-4.64818064815488e-13,2.12772785115851e-13,2.00702670564831e-13,NaN
-2014.00491733334,-0.249690666666667,-4.17836333333333e-07,2.11000000000001e-09,2.09299266409268e-09,-3.59360009356064e-13,3.04422325576529e-13,2.97931057368162e-13,NaN
-2003.933172,-0.248442,-4.15709e-07,2.11466666666649e-09,2.09311688311691e-09,1.08907218907501e-12,3.02121718888216e-13,3.03143839408032e-13,NaN
-1993.761946,-0.247181,-4.13607e-07,2.10650000000002e-09,2.09517080847083e-09,1.71129343628977e-12,2.63153702219386e-13,2.64890476895524e-13,NaN
-1983.67138,-0.24593,-4.11496e-07,2.08750000000002e-09,2.09653946998948e-09,4.42330642322588e-13,2.32876273340664e-13,2.37269634662652e-13,NaN
-1973.596946,-0.244681,-4.09432e-07,2.06699999999999e-09,2.09605546975548e-09,-7.23204048209469e-13,2.3638505880106e-13,2.38974953144889e-13,NaN
-1963.522512,-0.243432,-4.07362e-07,2.07850000000001e-09,2.09509306189307e-09,-2.22408447409296e-13,2.47519803059724e-13,2.4252974554108e-13,NaN
-1953.448078,-0.242183,-4.05275e-07,2.0905e-09,2.09561065286066e-09,5.33865683866969e-13,2.09904816564466e-13,2.10272053484631e-13,NaN
-1943.353479,-0.2409315,-4.03181e-07,2.10241666666647e-09,2.0961607932608e-09,2.20752895751554e-13,1.25381747480612e-13,1.22623451975459e-13,NaN
-1933.19569633334,-0.239672166666667,-4.01070166666667e-07,2.11899999999999e-09,2.09605215865216e-09,-2.49473499476287e-13,-8.49218676177691e-15,-1.31102635492619e-14,NaN
-1923.11454066666,-0.238422333333333,-3.98943e-07,2.11308333333351e-09,2.09566184626185e-09,-1.49128349130197e-13,-1.61979654505851e-13,-1.54079095687808e-13,NaN
-1913.01322,-0.23717,-3.96844e-07,2.09450000000001e-09,2.0957539019539e-09,2.65408915407466e-13,-2.51465761574102e-13,-2.47432843961024e-13,NaN
-1902.954918,-0.235923,-3.94754e-07,2.0845e-09,2.09619266409266e-09,3.99447174442999e-13,-2.85508799999524e-13,-2.88930297810979e-13,NaN
-1892.85494166666,-0.234670833333333,-3.92675e-07,2.08358333333349e-09,2.09655279630279e-09,4.74493974450687e-14,-3.19717767301023e-13,-3.20202778963016e-13,NaN
-1882.797984,-0.233424,-3.90586833333333e-07,2.08650000000002e-09,2.09628756288755e-09,1.34732362232591e-12,-3.69784186530535e-13,-3.70966169995596e-13,NaN
-1872.691286,-0.232171,-3.88502e-07,2.09491666666653e-09,2.09924744354744e-09,2.24656019656608e-12,-4.45741111350077e-13,-4.47713697488672e-13,NaN
-1862.53753633334,-0.230912166666667,-3.86397e-07,2.09649999999998e-09,2.10078068328068e-09,-1.09433134433052e-12,-5.43831788329283e-13,-5.38359074386991e-13,NaN
-1852.469824,-0.229664,-3.84309e-07,2.09383333333351e-09,2.09705878085878e-09,-3.43138235638362e-12,-6.3728595908751e-13,-6.41925127805126e-13,NaN
-1842.367159,-0.2284115,-3.82209333333333e-07,2.128e-09,2.09391791856792e-09,-2.40261495261277e-12,-7.63181694570862e-13,-7.7269230007725e-13,NaN
-1832.087042,-0.227137,-3.80053e-07,2.12716666666649e-09,2.09225355095355e-09,-1.15174037674255e-12,-9.04473430686586e-13,-8.92868490284905e-13,NaN
-1821.996476,-0.225886,-3.77955e-07,2.08600000000001e-09,2.09161443781443e-09,-6.77486252489283e-13,-9.33158539100736e-13,-9.22956642301457e-13,NaN
-1811.98657,-0.224645,-3.75881e-07,2.0675e-09,2.09089857844857e-09,-9.34225459223398e-13,-8.56625362832313e-13,-8.65272307238124e-13,NaN
-1801.94171133334,-0.223399666666667,-3.7382e-07,2.08324999999999e-09,2.08974598689599e-09,-1.49261436761311e-12,-8.01284374225234e-13,-8.11916786621632e-13,NaN
-1791.8619,-0.22215,-3.717145e-07,2.09299999999999e-09,2.08791334971335e-09,-1.82584532584545e-12,-7.92665027555619e-13,-7.83730045394124e-13,NaN
-1781.795532,-0.220902,-3.69634e-07,2.0699166666665e-09,2.08609429624429e-09,-1.56013806014043e-12,-7.32251965808276e-13,-7.25909514690956e-13,NaN
-1771.729164,-0.219654,-3.67574666666667e-07,2.079e-09,2.08479307359307e-09,-1.12851585352205e-12,-6.25771290518792e-13,-6.3110645901692e-13,NaN
-1761.666829,-0.2184065,-3.65476e-07,2.09550000000001e-09,2.08383726453725e-09,-9.62501462511918e-14,-5.52944366258148e-13,-5.57224698814156e-13,NaN
-1751.56550833334,-0.217154166666667,-3.63383666666667e-07,2.1135e-09,2.08460057330056e-09,8.12402012404348e-13,-5.31248925119153e-13,-5.36050224688165e-13,NaN
-1741.38621633334,-0.215892166666667,-3.61249e-07,2.11233333333349e-09,2.08546206856206e-09,3.61600561601332e-13,-5.28225486041187e-13,-5.2170547610836e-13,NaN
-1731.31312666666,-0.214643333333333,-3.59159e-07,2.0915e-09,2.08532377442377e-09,-2.11752661747768e-13,-4.55399406325158e-13,-4.48132413964773e-13,NaN
-1721.236004,-0.213394,-3.57066e-07,2.0905e-09,2.08503856323856e-09,-4.78243828239024e-13,-3.00362825821624e-13,-3.2062728366838e-13,NaN
-1711.113174,-0.212139,-3.54978e-07,2.08700000000001e-09,2.08436728676729e-09,-5.20571545567505e-13,-1.35489461918966e-13,-1.19303083091026e-13,NaN
-1701.054872,-0.210892,-3.52892e-07,1.97899999999999e-09,2.08399742014743e-09,-1.94079794075614e-13,2.0326564287326e-13,2.38582191403865e-13,NaN
-1690.9489806,-0.2096391,-3.5102e-07,1.9941666666665e-09,2.08397912717914e-09,6.86468936437345e-14,6.91106359719536e-13,6.51437858879586e-13,NaN
-1680.8386529,-0.20838565,-3.48903666666667e-07,2.12225000000003e-09,2.08413471393472e-09,2.85459810460916e-13,8.91210160260619e-13,8.70443010598621e-13,NaN
-1670.74916236666,-0.207134783333333,-3.467755e-07,2.12083333333348e-09,2.08455004680006e-09,1.21292851293901e-12,8.29553692603351e-13,8.48568638938636e-13,NaN
-1660.632113,-0.2058805,-3.44662e-07,2.10824999999999e-09,2.08656057096059e-09,2.16550544050711e-12,7.74397017577887e-13,7.79833333454353e-13,NaN
-1650.5625186,-0.2046321,-3.42559e-07,2.09925000000001e-09,2.08888105768107e-09,1.75562185561916e-12,7.7215915543605e-13,7.74467843287042e-13,NaN
-1640.471146,-0.203381,-3.404635e-07,2.10174999999999e-09,2.09007181467183e-09,7.76611676612246e-13,8.05835441204228e-13,8.03283939167233e-13,NaN
-1630.37990783334,-0.202129916666667,-3.383555e-07,2.09774999999999e-09,2.0904342810343e-09,5.89502164501853e-13,8.31486518313902e-13,8.31933462603457e-13,NaN
-1620.26850466666,-0.200876333333333,-3.36268e-07,2.0905e-09,2.09125081900084e-09,7.43477243476374e-13,8.34940553961495e-13,8.33828193386451e-13,NaN
-1610.16704956666,-0.199623983333333,-3.341745e-07,2.09750000000001e-09,2.09192123552125e-09,9.51591201511203e-14,7.9681136529862e-13,7.95480088463888e-13,NaN
-1600.0762147,-0.19837295,-3.32073e-07,2.0973333333335e-09,2.09144113724114e-09,-1.13428688436162e-13,7.10690309519068e-13,7.05524301330706e-13,NaN
-1590.0013774,-0.1971239,-3.29979833333333e-07,2.10549999999999e-09,2.09169437814438e-09,5.98759798762297e-13,5.85700306888497e-13,5.88768459318961e-13,NaN
-1579.89172186666,-0.195870533333333,-3.27862e-07,2.08941666666651e-09,2.09263865683866e-09,1.6984058734067e-12,4.9123437320345e-13,4.996938762585e-13,NaN
-1569.82091756666,-0.194621983333333,-3.25801e-07,2.08783333333353e-09,2.09509118989119e-09,2.85372645373104e-12,4.60890412571723e-13,4.57049939529561e-13,NaN
-1559.6933824,-0.1933664,-3.23686333333333e-07,2.097e-09,2.09834610974612e-09,2.39970749971225e-12,4.29572126792192e-13,4.2778076891269e-13,NaN
-1549.6229814,-0.1921179,-3.21607e-07,2.09141666666651e-09,2.09989060489062e-09,1.18395928395281e-12,3.76988736488948e-13,3.76169601656244e-13,NaN
-1539.51614896666,-0.190864883333333,-3.195035e-07,2.09908333333349e-09,2.10071402831403e-09,9.00286650284667e-13,3.03748637546931e-13,3.04259073282082e-13,NaN
-1529.4120052,-0.1896122,-3.17408833333333e-07,2.09524999999997e-09,2.10169117819119e-09,-1.8366532116516e-12,2.20016798899301e-13,2.22087445943748e-13,NaN
-1519.3141798,-0.1883603,-3.15313e-07,2.0969166666665e-09,2.09704072189073e-09,-4.85403650404878e-12,1.3000310590245e-13,1.26678020264686e-13,NaN
-1509.2187742,-0.1871087,-3.13215e-07,2.0975833333335e-09,2.09198310518309e-09,-2.29934187435326e-12,1.37598950608924e-14,1.02041972117723e-14,NaN
-1499.1257884,-0.1858574,-3.11117833333333e-07,2.09100000000002e-09,2.09244203814202e-09,6.53322803325329e-13,-1.09867831346947e-13,-1.0515349510233e-13,NaN
-1489.0408686,-0.1846071,-3.09033e-07,2.09441666666651e-09,2.09328975078974e-09,9.76614601621387e-13,-1.80551929469576e-13,-1.75623890349709e-13,NaN
-1478.9438498,-0.1833553,-3.06929e-07,2.099e-09,2.09439526734526e-09,7.27407277413698e-13,-1.92964844976039e-13,-1.97348877358878e-13,NaN
-1468.8734488,-0.1821068,-3.04835e-07,2.09049999999998e-09,2.09474456534457e-09,1.99350649345734e-13,-1.99272813267164e-13,-2.01441286254721e-13,NaN
-1458.744166,-0.180851,-3.02748e-07,2.0875e-09,2.09479396864395e-09,-1.50971100978867e-13,-2.00495025277323e-13,-1.94704778989791e-13,NaN
-1448.64808823334,-0.179599316666667,-3.0066e-07,2.08800000000001e-09,2.09444262314261e-09,-7.36615186615313e-13,-1.7235182041939e-13,-1.71848019933616e-13,NaN
-1438.55926986666,-0.178348533333333,-2.98572e-07,2.102e-09,2.09332073827072e-09,-8.9294781794996e-13,-1.58116411460771e-13,-1.65494794274501e-13,NaN
-1428.4680317,-0.17709745,-2.96456e-07,2.1070833333335e-09,2.09265672750671e-09,-2.58859833850481e-13,-2.06939683502906e-13,-2.07662039743747e-13,NaN
-1418.3645601,-0.17584485,-2.94357833333333e-07,2.09749999999998e-09,2.09280301860302e-09,6.23587223602613e-13,-2.81891388820385e-13,-2.8298610609684e-13,NaN
-1408.267138,-0.174593,-2.92261e-07,2.09841666666652e-09,2.09390390195391e-09,8.35939510938642e-13,-3.37613790211322e-13,-3.36287613380322e-13,NaN
-1398.1741522,-0.1733417,-2.90161e-07,2.08500000000001e-09,2.0944748976249e-09,3.72124722123485e-13,-3.1597744891519e-13,-3.04816375764022e-13,NaN
-1388.0843928,-0.1720908,-2.88091e-07,2.06716666666647e-09,2.09464815139816e-09,1.02989352979647e-14,-1.74324989199792e-13,-1.75832305567363e-13,NaN
-1378.0131852,-0.1708422,-2.86026666666667e-07,2.0855e-09,2.0944954954955e-09,-2.29952029959429e-13,-2.11555429888218e-16,-9.89904242683635e-15,NaN
-1367.8964047,-0.16958795,-2.8392e-07,2.10283333333352e-09,2.09418824733824e-09,-3.47364572364427e-13,1.36393065651418e-13,1.51340555643516e-13,NaN
-1357.802209,-0.1683365,-2.81821e-07,2.09841666666652e-09,2.09380076635077e-09,-5.70279045275101e-13,2.78539768932085e-13,2.73459332158465e-13,NaN
-1347.72522076666,-0.167087183333333,-2.79723166666667e-07,2.10799999999998e-09,2.09304768924769e-09,-5.02682227685582e-13,2.94892066058925e-13,2.67090489797275e-13,NaN
-1337.62511,-0.165835,-2.77605e-07,2.10566666666698e-09,2.0927954018954e-09,1.54647829651034e-13,1.13385231037645e-13,1.307653399183e-13,NaN
-1327.5414001,-0.16458485,-2.75511833333333e-07,2.09600000000002e-09,2.09335698490699e-09,5.45738270745852e-13,-1.36937390734686e-14,-3.21839969476202e-15,NaN
-1317.407681,-0.1633285,-2.73413e-07,2.09200000000002e-09,2.09388687843689e-09,4.51974376967296e-13,-3.68257841570989e-14,-4.34291248258008e-14,NaN
-1307.3396998,-0.1620803,-2.71327833333333e-07,2.07541666666649e-09,2.09426093366093e-09,5.38642213635637e-13,-2.87041368475045e-14,-2.51848027790393e-14,NaN
-1297.2676856,-0.1608316,-2.69262166666667e-07,2.08191666666648e-09,2.09496416286416e-09,5.93936468937057e-13,1.50169446892447e-14,1.26946912193458e-14,NaN
-1287.13773063334,-0.159575716666667,-2.67164e-07,2.090916666667e-09,2.0954488065988e-09,-1.76553176549979e-13,5.76243048216517e-14,6.01751945659873e-14,NaN
-1277.045417,-0.1583245,-2.65080333333333e-07,2.09800000000002e-09,2.09461105651106e-09,-1.10952088451844e-12,8.94977450670402e-14,8.50785804410173e-14,NaN
-1266.9496081,-0.15707285,-2.62968e-07,2.11175000000001e-09,2.09322976482977e-09,-7.59939159947472e-13,7.12566865921517e-14,6.75603842116854e-14,NaN
-1256.8739642,-0.1558237,-2.60856833333333e-07,2.11308333333351e-09,2.09309117819116e-09,4.28600678582306e-14,1.50774712006612e-14,1.80274635156076e-14,NaN
-1246.7390352,-0.1545672,-2.58741833333333e-07,2.09783333333298e-09,2.09331548496548e-09,4.86977886988481e-13,-2.37400315316492e-14,-2.06874998224259e-14,NaN
-1236.6537121,-0.15331685,-2.56661166666667e-07,2.08466666666648e-09,2.09406513396514e-09,1.00003217503402e-12,-2.43125290367058e-14,-2.30996378991722e-14,NaN
-1226.58344553334,-0.152068366666667,-2.545725e-07,2.078e-09,2.09531554931555e-09,8.59172809170045e-13,-1.36959868737332e-15,-3.03784747508064e-15,NaN
-1216.49812243334,-0.150818016666667,-2.52505166666667e-07,2.07975e-09,2.09578347958348e-09,-2.47455247492242e-14,1.62087855389245e-14,1.47895072684578e-14,NaN
-1206.3767712,-0.1495632,-2.50413e-07,2.09408333333351e-09,2.09526605826605e-09,-5.44767169769926e-13,1.90055521880159e-14,1.87251830586827e-14,NaN
-1196.2841887,-0.14831195,-2.48317e-07,2.09200000000002e-09,2.09469394524394e-09,-4.58327483323275e-13,1.41618762945078e-14,1.67010391987492e-14,NaN
-1186.20276416666,-0.147062083333333,-2.46229e-07,2.103e-09,2.09434940329941e-09,-6.35556335561743e-13,1.20899060685607e-14,1.06617999887159e-14,NaN
-1176.0970072,-0.1458092,-2.44111e-07,2.11249999999997e-09,2.09342283257282e-09,-6.59485784498255e-13,-6.4217774958142e-15,-1.0324074384227e-14,NaN
-1166.0096676,-0.1445586,-2.42004e-07,2.10750000000002e-09,2.09303043173041e-09,-4.9918099911198e-14,-4.39233558064164e-14,-3.97009830654169e-14,NaN
-1155.8973234,-0.1433049,-2.39896e-07,2.09141666666651e-09,2.093322996373e-09,2.83008658023834e-13,-5.74382132395626e-14,-5.40483080645175e-14,NaN
-1145.8180498,-0.1420553,-2.37821166666667e-07,2.08349999999999e-09,2.09359644904646e-09,7.17988767990076e-13,-5.32507494832297e-14,-6.13560795618495e-14,NaN
-1135.6976396,-0.1408006,-2.35729e-07,2.08758333333352e-09,2.09475897390898e-09,7.34895284888702e-13,-7.71942579342536e-14,-7.66023883047824e-14,NaN
-1125.62750746666,-0.139552133333333,-2.33646e-07,2.08275e-09,2.09506623961623e-09,-1.03574353681117e-14,-8.05398477389054e-14,-6.94963282537147e-14,NaN
-1115.523767,-0.1382995,-2.315635e-07,2.07549999999998e-09,2.09473825903824e-09,-4.5202117701994e-13,-2.14637737206195e-14,-2.44672884233877e-14,NaN
-1105.4485264,-0.1370504,-2.29495e-07,2.10041666666649e-09,2.09416219726219e-09,-7.06563706546767e-13,1.30166486366115e-14,2.57241088477933e-15,NaN
-1095.3232766,-0.1357951,-2.27362666666667e-07,2.116e-09,2.09332513162515e-09,-4.01921726912193e-13,-2.90748912855764e-14,-2.54296040951207e-14,NaN
-1085.23701246666,-0.134544633333333,-2.25263e-07,2.10616666666701e-09,2.09335835380837e-09,4.6340821346349e-14,-7.78652636675053e-14,-7.58736031070046e-14,NaN
-1075.1429512,-0.1332932,-2.23150333333333e-07,2.10949999999998e-09,2.09341781326784e-09,1.34023634021357e-13,-1.06009689244814e-13,-1.07229833503794e-13,NaN
-1065.0390763,-0.13204055,-2.21044e-07,2.09166666666649e-09,2.09362640107641e-09,2.20749970734615e-13,-1.09399428625649e-13,-1.05055493690309e-13,NaN
-1054.95845836666,-0.130790783333333,-2.18967e-07,2.07950000000002e-09,2.09385931320931e-09,1.41529191523547e-13,-6.96907260633918e-14,-6.94025052130665e-14,NaN
-1044.8527014,-0.1295379,-2.16885e-07,2.07949999999999e-09,2.09390945945946e-09,-1.53270153196055e-15,-1.92190667237213e-14,-2.29151084278319e-14,NaN
-1034.7621354,-0.1282869,-2.14808e-07,2.07474999999999e-09,2.09385624780624e-09,5.11963261939261e-14,6.31748764055392e-15,5.9170727656163e-15,NaN
-1024.6739892,-0.1270362,-2.127355e-07,2.08541666666651e-09,2.09401185211185e-09,-3.00895050896056e-14,1.43413618245824e-14,1.65864810357246e-14,NaN
-1014.56957656666,-0.125783483333333,-2.10637166666667e-07,2.09675e-09,2.09379606879607e-09,-3.39089739085005e-13,1.69464874977851e-14,1.48327650735425e-14,NaN
-1004.483178,-0.124533,-2.08542e-07,2.11058333333349e-09,2.09333367263368e-09,-4.11738036731999e-13,3.37388662571515e-17,3.18278885569465e-16,NaN
-994.3780932,-0.1232802,-2.06416e-07,2.11583333333351e-09,2.0929725927226e-09,-1.29750204752639e-13,-2.5835914914409e-14,-2.4050585746834e-14,NaN
-984.2923668,-0.1220298,-2.04310333333333e-07,2.1059166666665e-09,2.09307417222417e-09,-1.13238563250422e-13,-5.34211382472647e-14,-5.96937133135008e-14,NaN
-974.2018008,-0.1207788,-2.02204166666667e-07,2.1011666666665e-09,2.0927461155961e-09,-5.32496782575716e-14,-9.63094358237363e-14,-9.3271111224955e-14,NaN
-964.098060333336,-0.119526166666667,-2.00108e-07,2.0745833333335e-09,2.09296767286766e-09,7.58579033586266e-13,-9.4908269895829e-14,-8.64383354792268e-14,NaN
-954.036935233336,-0.118278816666667,-1.98055e-07,2.06850000000002e-09,2.09426327366327e-09,7.28164853172599e-13,-2.50722230346627e-14,-2.87386127156382e-14,NaN
-943.9131642,-0.1170237,-1.95971e-07,2.0798333333335e-09,2.094424002574e-09,-4.57335907339413e-13,3.85282206616169e-14,3.67375219790398e-14,NaN
-933.8153388,-0.1157718,-1.93895333333333e-07,2.08999999999999e-09,2.09334860184859e-09,-7.4934772435502e-13,6.39971233729122e-14,6.03015457328893e-14,NaN
-923.7038012,-0.1145182,-1.91791e-07,2.104333333333e-09,2.09292530712529e-09,-1.96718146722443e-13,4.03300319091915e-14,4.08968180992085e-14,NaN
-913.627754,-0.113269,-1.89686666666667e-07,2.10399999999999e-09,2.09295516555515e-09,3.50824850903753e-14,-3.6243445264288e-16,1.36998036021632e-15,NaN
-903.5234758,-0.1120163,-1.87583e-07,2.11449999999999e-09,2.09299547209547e-09,3.10211185217548e-13,-3.25821619858875e-14,-3.34248707082082e-14,NaN
-893.433447533336,-0.110765366666667,-1.85457666666667e-07,2.10350000000002e-09,2.09357558792558e-09,3.49131274130447e-13,-5.10425431138627e-14,-4.91214628404019e-14,NaN
-883.3496032,-0.1095152,-1.83376e-07,2.0898333333335e-09,2.09369373464373e-09,1.47645372651275e-13,-4.06253684994801e-14,-4.09432407920144e-14,NaN
-873.2429052,-0.1082622,-1.81278e-07,2.0814166666665e-09,2.09387087867089e-09,6.73072423078351e-14,-8.62503199602716e-15,-6.81545164880211e-15,NaN
-863.165782533336,-0.107012866666667,-1.79213166666667e-07,2.077e-09,2.09382834912835e-09,-9.75810225844584e-14,4.1372582622775e-14,4.12715704311614e-14,NaN
-853.033004466664,-0.105756633333333,-1.77124e-07,2.0800833333335e-09,2.09367571662572e-09,-3.24450099455675e-13,8.46698208655799e-14,8.36770941919372e-14,NaN
-842.9639478,-0.1045083,-1.75053e-07,2.08300000000002e-09,2.09317944892944e-09,-3.21858546863971e-13,9.77475038098666e-14,9.61772108900158e-14,NaN
-832.861551666664,-0.103255833333333,-1.72958e-07,2.10041666666649e-09,2.09303199953199e-09,-2.63019188011561e-13,6.86682637256126e-14,6.53970694636491e-14,NaN
-822.7755564,-0.1020054,-1.70852166666667e-07,2.1159166666665e-09,2.09265341055341e-09,-3.31291681276954e-13,3.81481694772187e-15,6.73846911762968e-15,NaN
-812.6793442,-0.1007537,-1.68726166666667e-07,2.11058333333351e-09,2.09236941616944e-09,2.11758511766343e-13,-5.22661871326608e-14,-5.21130141031203e-14,NaN
-802.5758726,-0.0995011,-1.66631e-07,2.11108333333351e-09,2.09307692757695e-09,1.13012460511557e-12,-8.91373744399816e-14,-9.3135737940208e-14,NaN
-792.4861132,-0.0982502,-1.64504e-07,2.0905e-09,2.09462966537967e-09,9.75295425285979e-13,-9.81483895766589e-14,-8.80841231071441e-14,NaN
-782.3963538,-0.0969993,-1.6245e-07,2.06216666666648e-09,2.09502751842752e-09,-2.99616824619325e-13,-2.40013029758035e-14,-1.91925848613632e-14,NaN
-772.3025614,-0.0957479,-1.60379666666667e-07,2.07400000000001e-09,2.09403043173043e-09,-9.72110097106598e-13,7.11853727851338e-14,5.83843843519681e-14,NaN
-762.208769,-0.0944965,-1.58302e-07,2.0878333333335e-09,2.09308329823331e-09,-8.31549081537488e-13,6.91914137935655e-14,6.61335039277185e-14,NaN
-752.1052974,-0.0932439,-1.56204e-07,2.09549999999999e-09,2.09236733356735e-09,-2.37565812565779e-13,1.14146119050432e-15,5.77396084858037e-15,NaN
-742.008413033334,-0.0919921166666667,-1.54111e-07,2.10700000000001e-09,2.09260816660817e-09,3.38241488231758e-13,-6.61642287814882e-14,-6.80084349620669e-14,NaN
-731.897816466667,-0.0907386333333333,-1.5199e-07,2.10575e-09,2.09304381654382e-09,6.95150345146604e-13,-1.19971229224071e-13,-1.16338819573366e-13,NaN
-721.796226933334,-0.0894862666666667,-1.498995e-07,2.1040833333335e-09,2.09399846729847e-09,6.83918333921896e-13,-1.26009374465485e-13,-1.23889023145577e-13,NaN
-711.6720526,-0.0882311,-1.47781833333333e-07,2.10191666666649e-09,2.09441165321166e-09,2.78460278467756e-13,-9.23866114255296e-14,-9.36395033326247e-14,NaN
-701.616977,-0.0869845,-1.45695666666667e-07,2.0864166666665e-09,2.0945553878554e-09,-2.57882882879762e-13,-5.19483190895946e-14,-5.34664686133214e-14,NaN
-691.510279,-0.0857315,-1.43609e-07,2.08533333333351e-09,2.0938958874459e-09,-9.78939978942633e-13,-2.2922804193625e-14,-2.19611318021839e-14,NaN
-681.407614,-0.084479,-1.41525e-07,2.0745e-09,2.09259750789752e-09,-1.04088276588251e-12,-5.8266290300867e-15,-6.87158036003791e-15,NaN
-671.3194678,-0.0832283,-1.3946e-07,2.0853333333335e-09,2.09181412191414e-09,-6.29100854098879e-13,-1.23958671249248e-14,-1.4868309760602e-14,NaN
-661.1974444,-0.0819734,-1.37354333333333e-07,2.08550000000001e-09,2.09133930618932e-09,-7.75623025703018e-14,-4.21754931546535e-14,-3.71187036104276e-14,NaN
-651.150300366667,-0.0807277833333333,-1.35289e-07,2.10866666666651e-09,2.091658997309e-09,6.91897741885137e-13,-6.58653177128856e-14,-7.15933408589065e-14,NaN
-641.0356708,-0.0794738,-1.33137e-07,2.12391666666649e-09,2.09272310167309e-09,9.4175149174924e-13,-1.13161029409202e-13,-1.16751973304448e-13,NaN
-630.905043666666,-0.0782178333333333,-1.31041166666667e-07,2.10141666666648e-09,2.09354250029249e-09,7.12527787533595e-13,-1.46931380149607e-13,-1.34658157872002e-13,NaN
-620.8206616,-0.0769676,-1.28934166666667e-07,2.07908333333351e-09,2.09414815724816e-09,2.21671346675287e-13,-8.81507763955619e-14,-8.58637531318061e-14,NaN
-610.814923033334,-0.0757271166666667,-1.26883e-07,2.07308333333352e-09,2.09398584298584e-09,-9.08061308065362e-13,-9.81217847248484e-16,-1.02142245452974e-14,NaN
-600.6782464,-0.0744704,-1.24788e-07,2.0900833333335e-09,2.09233203463203e-09,-1.55708435708947e-12,2.37333577180031e-14,2.18801818177807e-14,NaN
-590.587411533334,-0.0732193666666667,-1.22702833333333e-07,2.09450000000001e-09,2.09087167427167e-09,-7.36463086460765e-13,2.86742400009989e-15,2.79117436866922e-15,NaN
-580.5076002,-0.0719697,-1.20599e-07,2.0974166666665e-09,2.09085910845911e-09,3.18418743421502e-13,-2.50841597984563e-14,-2.17150897565531e-14,NaN
-570.3940461,-0.07071585,-1.18508e-07,2.09049999999999e-09,2.09150851175851e-09,9.28296478296732e-13,-2.07369554418057e-14,-1.81973537335949e-14,NaN
-560.324855,-0.0694675,-1.16418e-07,2.0873333333335e-09,2.0927157014157e-09,1.13089973090021e-12,1.59876581503742e-14,1.46628877847682e-14,NaN
-550.2254164,-0.0682154,-1.14333333333333e-07,2.089e-09,2.09377031122031e-09,5.89835614839921e-13,5.55396154626133e-14,5.2338914099113e-14,NaN
-540.1050062,-0.0669607,-1.1224e-07,2.0951666666665e-09,2.09389537264538e-09,-1.40417690416574e-13,8.38245052448444e-14,8.59994366512411e-14,NaN
-530.0104072,-0.0657092,-1.10143e-07,2.08900000000001e-09,2.09348947583948e-09,-5.24479349486364e-13,1.24089432154503e-13,1.29649011738673e-13,NaN
-519.941888266667,-0.0644609333333333,-1.08062e-07,2.0976666666665e-09,2.09284641394641e-09,-4.36799461799964e-13,1.74207301107731e-13,1.6774149949975e-13,NaN
-509.823763433334,-0.0632065166666667,-1.05947666666667e-07,2.10699999999999e-09,2.09261587691588e-09,-4.35775710771845e-13,1.67189255205358e-13,1.65386579186299e-13,NaN
-499.7427422,-0.0619567,-1.03848e-07,2.09625e-09,2.09197486252486e-09,-2.48552123547609e-13,1.11480789641334e-13,1.12594852572647e-13,NaN
-489.6715346,-0.0607081,-1.01755166666667e-07,2.08800000000001e-09,2.09211877266878e-09,2.17330642335857e-13,3.65586198319662e-14,3.49104433308766e-14,NaN
-479.5624168,-0.0594548,-9.9672e-08,2.0840833333335e-09,2.09240952380953e-09,1.12668187667147e-13,-4.10979396717609e-14,-3.84226214680719e-14,NaN
-469.466876766667,-0.0582031833333333,-9.7587e-08,2.08375e-09,2.09234410904412e-09,6.17626067619695e-13,-8.57808484728177e-14,-8.53433021994363e-14,NaN
-459.360985366666,-0.0569502833333333,-9.55045e-08,2.08799999999999e-09,2.09364477594477e-09,1.06151573650654e-12,-9.29941118838793e-14,-9.20243192894589e-14,NaN
-449.2487756,-0.0556966,-9.3411e-08,2.09925e-09,2.09446714051713e-09,1.84087984084658e-13,-6.33464417404028e-14,-5.82155957387554e-14,NaN
-439.162108166667,-0.0544460833333333,-9.1306e-08,2.10150000000001e-09,2.09401295191294e-09,-3.59711009706635e-13,-8.76079681274974e-15,-1.2648411280609e-14,NaN
-429.087270866667,-0.0531970333333333,-8.9208e-08,2.10666666666665e-09,2.09374771849772e-09,-1.50207675200357e-13,-1.02000589050121e-15,-1.05254551467631e-14,NaN
-418.996436,-0.051946,-8.70926666666667e-08,2.11133333333335e-09,2.09371253656254e-09,5.01725751784217e-14,-6.6551395638214e-14,-6.33405607784704e-14,NaN
-408.8631202,-0.0506897,-8.49853333333333e-08,2.08958333333335e-09,2.09384806364807e-09,1.18687843686297e-13,-1.20885384730723e-13,-1.1522433503886e-13,NaN
-398.789627233334,-0.0494408166666667,-8.29135e-08,2.07816666666665e-09,2.09394991224991e-09,-2.20352755356129e-13,-1.17012131873206e-13,-1.18646294818524e-13,NaN
-388.694624933334,-0.0481892666666667,-8.0829e-08,2.07375e-09,2.09340735813736e-09,-5.01542646538917e-13,-7.39673755092416e-14,-7.13027893009676e-14,NaN
-378.573945866666,-0.0469345333333333,-7.8766e-08,2.0745e-09,2.09294682695684e-09,-1.63393588387183e-13,8.27838027963875e-15,9.80917347904706e-15,NaN
-368.4944034,-0.0456849,-7.668e-08,2.09608333333334e-09,2.09308057096059e-09,3.11483561482529e-13,9.86677923153761e-14,9.31910179767497e-14,NaN
-358.4223892,-0.0444362,-7.45738333333333e-08,2.113e-09,2.0935697940798e-09,-2.04990932494723e-13,1.48284263426814e-13,1.4726260885934e-13,NaN
-348.2967361,-0.04318085,-7.2454e-08,2.10891666666665e-09,2.0926705890956e-09,-1.13475225225672e-12,1.72106897060105e-13,1.75187897916111e-13,NaN
-338.192726766666,-0.0419281833333333,-7.0356e-08,2.09958333333335e-09,2.09130028957529e-09,-9.72462852466836e-13,1.97034099948597e-13,1.94828233017246e-13,NaN
-328.0974556,-0.0406766,-6.82548333333333e-08,2.09574999999999e-09,2.09072566339066e-09,-3.45775418277113e-13,2.14019268838908e-13,2.15401888263547e-13,NaN
-318.017913133334,-0.0394269666666667,-6.61645e-08,2.08325e-09,2.09060873873873e-09,2.90404235401237e-13,2.39750914676759e-13,2.43845156718695e-13,NaN
-307.9308424,-0.0381764,-6.40883333333333e-08,2.07325e-09,2.09130647186146e-09,9.97984087986345e-13,2.74786988453744e-13,2.66400536345656e-13,NaN
-297.8390665,-0.03692525,-6.2018e-08,2.10441666666666e-09,2.09260470691471e-09,1.42929127179537e-12,2.71919284005531e-13,2.72645685594384e-13,NaN
-287.7497104,-0.0356744,-5.98795e-08,2.09666666666665e-09,2.09416505440506e-09,1.43149175149175e-12,2.8178153642881e-13,2.90963372890145e-13,NaN
-277.651885,-0.0344225,-5.78246666666667e-08,2.09141666666664e-09,2.09546769041769e-09,8.86517491517088e-13,3.46532795616982e-13,3.40550620968222e-13,NaN
-267.5355078,-0.0331683,-5.56966666666667e-08,2.0989166666667e-09,2.09593808938809e-09,5.49716274720929e-14,4.01210686081207e-13,4.00724551211092e-13,NaN
-257.430154133334,-0.0319154666666667,-5.36268333333333e-08,2.08333333333335e-09,2.09557763367263e-09,-1.25697320697427e-13,4.5064486990152e-13,4.54675698394536e-13,NaN
-247.3551824,-0.0306664,-5.153e-08,2.08991666666665e-09,2.09568669474669e-09,5.97520475020144e-13,5.05336582642633e-13,5.03265726131569e-13,NaN
-237.2283194,-0.0294109,-4.9447e-08,2.08916666666665e-09,2.09677267462267e-09,9.82345852346067e-13,5.28760727450744e-13,5.28001177834328e-13,NaN
-227.1651778,-0.0281633,-4.73516666666667e-08,2.09325e-09,2.09765138645139e-09,7.77767930267615e-13,5.08552200101129e-13,5.06403031168305e-13,NaN
-217.0867108,-0.0269138,-4.52605e-08,2.1031166666667e-09,2.09832821048321e-09,7.67386802386253e-13,4.41207308560577e-13,4.38095239249084e-13,NaN
-206.9606544,-0.0256584,-4.31454333333333e-08,2.09911666666665e-09,2.09918616005616e-09,4.15692933193119e-13,3.48295998345481e-13,3.50819815995922e-13,NaN
-196.8846072,-0.0244092,-4.10622666666667e-08,2.0851333333333e-09,2.0991595963496e-09,-1.24116649116098e-13,2.87695690272977e-13,2.99872557378561e-13,NaN
-186.800494,-0.023159,-3.89751666666667e-08,2.079575e-09,2.09893792675793e-09,5.91865566865871e-14,2.87839265905056e-13,2.82357801409381e-13,NaN
-176.6873432,-0.0219052,-3.69031166666667e-08,2.1051416666667e-09,2.09927796946297e-09,1.1423803673808e-13,2.35096157238565e-13,2.21703184528544e-13,NaN
-166.6459798,-0.0206603,-3.47648833333333e-08,2.13183333333335e-09,2.0991664028314e-09,-4.94556569554936e-14,7.97862153865575e-14,8.68439033177003e-14,NaN
-156.513605033334,-0.0194041166666667,-3.263945e-08,2.1363083333333e-09,2.09917905814906e-09,-1.16986954486242e-13,-7.15193602543307e-14,-6.9710467002264e-14,NaN
-146.3749119,-0.01814715,-3.04922666666667e-08,2.12718333333335e-09,2.09893242892243e-09,-4.14927459927526e-13,-1.94589062817462e-13,-1.99339234582057e-13,NaN
-136.325616933334,-0.0169012666666667,-2.83850833333333e-08,2.10458333333335e-09,2.0983492032292e-09,-3.90448110448346e-13,-2.86295140043645e-13,-2.79928742762902e-13,NaN
-126.225909466666,-0.0156491333333333,-2.62831e-08,2.08299166666665e-09,2.09815153270153e-09,3.22059202059323e-13,-2.88091169086745e-13,-2.83098153041546e-13,NaN
-116.158466,-0.014401,-2.42191e-08,2.06686666666665e-09,2.09899332163332e-09,6.77681057681156e-13,-2.15705362042636e-13,-2.16559726824356e-13,NaN
-106.0299898,-0.0131453,-2.21493666666667e-08,2.06573333333335e-09,2.0995068948169e-09,9.86708786708476e-14,-1.43117784867847e-13,-1.46252638364923e-13,NaN
-95.9607987,-0.01189695,-2.00876333333333e-08,2.090875e-09,2.09919066339066e-09,-5.13511173511368e-13,-1.34340914398835e-13,-1.40794089475346e-13,NaN
-85.7972354,-0.0106369,-1.79676166666667e-08,2.11621666666665e-09,2.09847987246987e-09,-1.29229027728931e-12,-2.1681393667283e-13,-2.19397677237623e-13,NaN
-75.7366480333334,-0.00938961666666667,-1.58552e-08,2.119225e-09,2.09660608283609e-09,-1.7720995670993e-12,-3.42688995167764e-13,-3.38265008103335e-13,NaN
-65.6136836,-0.0081346,-1.37291666666667e-08,2.11035e-09,2.09493567333568e-09,-1.33751140751232e-12,-4.3397459343899e-13,-4.29264254430863e-13,NaN
-55.5392496,-0.0068856,-1.16345e-08,2.09687500000002e-09,2.09393106002106e-09,-5.08157833158514e-13,-4.64292417460201e-13,-4.68462080592972e-13,NaN
-45.4139998,-0.0056303,-9.53541666666667e-09,2.0852e-09,2.09391935766936e-09,1.82547677548444e-13,-4.62218108299908e-13,-4.56513390922433e-13,NaN
-35.3403724,-0.0043814,-7.4641e-09,2.064725e-09,2.09429615537616e-09,4.77263659764024e-13,-4.07681237144295e-13,-4.05070129499438e-13,NaN
-25.3224004,-0.0031394,-5.40596666666667e-09,2.0718e-09,2.09487388498889e-09,2.10524160511461e-14,-3.47166411250089e-13,-3.56884477197491e-13,NaN
-15.1345046666666,-0.00187633333333333,-3.3205e-09,2.09065833333333e-09,2.09433826020826e-09,-1.06283286533295e-12,-3.5762116039735e-13,-3.54666845601942e-13,NaN
-5.0799668,-0.0006298,-1.22465e-09,2.09639166666667e-09,2.09274821925822e-09,-5.7680531180485e-13,-4.02615578313116e-13,-4.06372705863379e-13,NaN
4.94983533333334,0.000613666666666667,8.72283333333333e-10,2.109325e-09,2.09318464958465e-09,6.96235521235339e-13,-4.80186764670845e-13,-4.78440068151234e-13,NaN
15.1131297666666,0.00187368333333333,2.994e-09,2.10265833333333e-09,2.09414069030069e-09,6.27172107170681e-13,-5.4453866439093e-13,-5.39133617944671e-13,NaN
25.1604082333334,0.00311931666666667,5.0776e-09,2.1083e-09,2.09443899379899e-09,5.23283315782897e-13,-5.70253348455887e-13,-5.76076786676365e-13,NaN
35.3656458666666,0.00438453333333333,7.2106e-09,2.10485e-09,2.09518725693226e-09,5.04465309467173e-13,-5.94971763054589e-13,-5.9265431141676e-13,NaN
45.4433062666666,0.00563393333333333,9.2873e-09,2.07955e-09,2.09544792441793e-09,-7.98257575757523e-13,-5.88394741803663e-13,-5.86867793634231e-13,NaN
55.5479877666667,0.00688668333333333,1.13697e-08,2.0796e-09,2.09359074178074e-09,-2.20772083772149e-12,-5.47260054094405e-13,-5.45774607901641e-13,NaN
65.6515938,0.0081393,1.34465e-08,2.07555e-09,2.09103248274248e-09,-2.44790979290967e-12,-4.86119864628145e-13,-4.86638941015859e-13,NaN
75.7070727,0.00938595,1.55208e-08,2.08485e-09,2.08869492219492e-09,-1.69503071253058e-12,-4.36856543688455e-13,-4.3765498712871e-13,NaN
85.7905137333336,0.0106360666666667,1.76162e-08,2.10085e-09,2.08764242131742e-09,-4.65617175617058e-13,-4.25296570368908e-13,-4.27404412784714e-13,NaN
95.9387516333336,0.0118942166666667,1.97225e-08,2.1146e-09,2.08776368784369e-09,4.81232888732952e-13,-4.67951250293433e-13,-4.74139927694095e-13,NaN
106.0525746,0.0131481,2.18454e-08,2.1198e-09,2.08860488709489e-09,7.69855504855484e-13,-5.5674039423489e-13,-5.54359588003474e-13,-2.65128498610357e-06
116.19073,0.014405,2.39621e-08,2.1061e-09,2.0893033988534e-09,2.2836404586367e-13,-6.11382576625075e-13,-6.03869865908477e-13,-2.88807327173619e-06
126.2958148,0.0156578,2.60576e-08,2.0849e-09,2.08906161518661e-09,-3.64580554580883e-13,-5.79372444595636e-13,-5.80786750661004e-13,-2.77767576403089e-06
136.362854966666,0.0169058833333333,2.81319e-08,2.08219166666665e-09,2.08857423774424e-09,-1.48314233064156e-12,-4.95852936971857e-13,-4.94677480219528e-13,-2.36584881844122e-06
146.5019514,0.0181629,3.02219833333333e-08,2.06885e-09,2.08609533052533e-09,-2.13357786357662e-12,-3.79466755149729e-13,-3.76102640277718e-13,-1.79875175784996e-06
156.4795934,0.0193999,3.22696e-08,2.0725e-09,2.08430708201708e-09,-1.2423613548609e-12,-2.62570262635749e-13,-2.77810753128406e-13,-1.32866012365759e-06
166.590593266666,0.0206534333333333,3.43669833333333e-08,2.08259166666665e-09,2.08361060781561e-09,-2.3356353106389e-13,-2.16767829776547e-13,-2.11279523356018e-13,-1.01046728561574e-06
176.637334,0.021899,3.64347833333333e-08,2.05245e-09,2.08383995495496e-09,9.52171229670187e-13,-1.35858104504426e-13,-1.24238597318884e-13,-5.94184595872924e-07
186.712305733334,0.0231480666666667,3.84718833333333e-08,2.0639416666667e-09,2.08551495027495e-09,1.00649613899584e-12,2.23300236754739e-14,1.19894000937547e-14,5.73406091440442e-08
196.850595566666,0.0244049833333333,4.05626666666667e-08,2.09155833333335e-09,2.08585294723295e-09,4.46852696852776e-13,1.64406748093364e-13,1.66281904917529e-13,7.95261284388182e-07
206.933498866666,0.0256550333333333,4.2655e-08,2.08266666666665e-09,2.08640865566866e-09,3.77405522404957e-13,3.17622870532849e-13,3.26826732605146e-13,1.56308437332896e-06
217.035222833334,0.0269074166666667,4.4728e-08,2.076e-09,2.08660775827776e-09,-2.16978471978427e-13,4.87352363162274e-13,4.8094189503392e-13,2.30015688929266e-06
227.118126133334,0.0281574666666667,4.6807e-08,2.1055e-09,2.0859746987247e-09,-1.7548145548097e-13,5.71590807306519e-13,5.6278517077725e-13,2.69158125154337e-06
237.219312366666,0.0294097833333333,4.8939e-08,2.10625e-09,2.0862567953668e-09,4.2779337779787e-14,5.43122579121255e-13,5.44643520679112e-13,2.60481683803054e-06
247.2898478,0.0306583,5.10195e-08,2.09625e-09,2.08606025740026e-09,7.90259740264331e-14,4.77464480936961e-13,4.81467337199482e-13,2.30266987356274e-06
257.4207438,0.0319143,5.31315e-08,2.08825e-09,2.08641484731485e-09,5.88361998361891e-13,4.32388996909121e-13,4.32813266611217e-13,2.06997649248843e-06
267.500824,0.033164,5.5196e-08,2.08925e-09,2.08723698139698e-09,1.26638937638893e-12,4.18968621463804e-13,4.19768157635796e-13,2.00758684086685e-06
277.6147814,0.0344179,5.731e-08,2.082e-09,2.08894762606763e-09,2.04262723762751e-12,4.43326035835953e-13,4.47553922849945e-13,2.14047528319539e-06
287.6803428,0.0356658,5.936e-08,2.0815e-09,2.09132223587224e-09,1.89640341640343e-12,5.02255999253932e-13,4.98486322737929e-13,2.3840650217901e-06
297.7870408,0.0369188,6.1473e-08,2.09383333333335e-09,2.09274043290043e-09,8.93562068561496e-13,5.43227922449525e-13,5.46877915040777e-13,2.61550307193415e-06
307.8897058,0.0381713,6.35476666666667e-08,2.0895e-09,2.09310936000936e-09,5.70198022698355e-13,5.57690775507886e-13,5.52168030366565e-13,2.64080362349227e-06
317.9794652,0.0394222,6.5652e-08,2.11516666666665e-09,2.09388082894583e-09,3.36972036972756e-13,4.9451028161622e-13,4.88090916823149e-13,2.33434786306723e-06
328.0837434,0.0406749,6.7778e-08,2.10591666666665e-09,2.09378330408331e-09,-8.30700861629482e-17,3.66984190610471e-13,3.73702683012004e-13,1.78727370136176e-06
338.1702764,0.0419254,6.98638333333333e-08,2.10016666666665e-09,2.09388066280566e-09,4.96458698955632e-13,2.6330284157907e-13,2.60778493378354e-13,1.24720149007039e-06
348.241484,0.043174,7.19783333333333e-08,2.08558333333335e-09,2.09477622148122e-09,-6.18053117653803e-15,1.93274162259229e-13,2.03733334726618e-13,9.74376818257738e-07
358.360281,0.0444285,7.4035e-08,2.06383333333335e-09,2.0938683017433e-09,-6.15013747509966e-13,1.96156809396511e-13,1.93248444799254e-13,9.24231692518171e-07
368.4572998,0.0456803,7.6106e-08,2.089e-09,2.0935461939862e-09,-2.4621943371545e-13,1.89185760950281e-13,1.80327518119027e-13,8.62435956221433e-07
378.541413,0.0469305,7.8213e-08,2.09500000000001e-09,2.09337586287587e-09,-5.43112788110357e-13,1.23526915181232e-13,1.28808214666405e-13,6.1603928753498e-07
388.6271394,0.0481809,8.0296e-08,2.1085e-09,2.09245996840998e-09,-9.84362934371643e-13,5.36923367146961e-14,4.88870434329563e-14,2.33807599027182e-07
398.753733533334,0.0494363666666667,8.243e-08,2.109e-09,2.09140713700713e-09,-5.07347607353623e-13,-2.74210704843469e-14,-2.13886338841337e-14,-1.02293466402379e-07
408.829243,0.0506855,8.4514e-08,2.08733333333335e-09,2.09144527319527e-09,2.82622557627576e-13,-7.08546474972854e-14,-7.01265058140489e-14,-3.35387636501973e-07
418.907844433334,0.0519350166666667,8.66046666666667e-08,2.0905e-09,2.09197238212239e-09,3.39540189541033e-13,-9.80281624079958e-14,-1.03300986189606e-13,-4.94048194819855e-07
429.0208608,0.0531888,8.8695e-08,2.0830833333333e-09,2.09212435357435e-09,4.64782964759669e-14,-1.3885636960478e-13,-1.36867351133722e-13,-6.54582983683018e-07
439.1106202,0.0544397,9.07708333333333e-08,2.08750000000001e-09,2.09206533871534e-09,2.08584883589369e-13,-1.61737746023822e-13,-1.62509713364828e-13,-7.77220368266569e-07
449.223771,0.0556935,9.287e-08,2.08458333333335e-09,2.09254152334153e-09,2.77726102726905e-13,-1.58275984096989e-13,-1.52896351702457e-13,-7.31243421185664e-07
459.3111106,0.0569441,9.494e-08,2.08049999999999e-09,2.09262079092079e-09,-1.0245407745674e-13,-1.11068490611079e-13,-1.10994663520845e-13,-5.3084404292578e-07
469.4077261,0.05819585,9.7031e-08,2.09608333333335e-09,2.09233661518662e-09,-1.84474084472231e-13,-6.54750502891031e-14,-7.49076659622426e-14,-3.5825405460203e-07
479.499502,0.059447,9.91321666666667e-08,2.10500000000001e-09,2.09225184275185e-09,-3.03138528139651e-13,-6.77167639068049e-14,-6.33744722224409e-14,-3.03095301933413e-07
489.6150726,0.0607011,1.01241e-07,2.09491666666665e-09,2.09173033813034e-09,2.09108459128273e-14,-5.39675493866363e-14,-5.02522533781487e-14,-2.4033686398245e-07
499.6923297,0.06195045,1.03322e-07,2.10049999999999e-09,2.09229366444367e-09,3.17661167668598e-13,-1.10613943019618e-14,-1.7398963747714e-14,-8.32124353151539e-08
509.794725833334,0.0632029166666667,1.05442e-07,2.0968333333335e-09,2.09236566046567e-09,1.24075699077686e-13,3.08225936748316e-14,4.03732039249388e-14,1.93089236162751e-07
519.8722518,0.0644523,1.07515666666667e-07,2.08500000000001e-09,2.09254181584183e-09,2.77758277746967e-14,1.15443617071799e-13,1.12672709786077e-13,5.38869481585586e-07
529.971959266667,0.0657044333333333,1.09612e-07,2.0891666666665e-09,2.09242121212122e-09,-5.94620919618666e-13,1.75137092165745e-13,1.67774107295501e-13,8.02397904456744e-07
540.0493508,0.0669538,1.11694e-07,2.075e-09,2.09135257400259e-09,-2.74482274481306e-13,1.74565686900228e-13,1.81750287710702e-13,8.69240506442488e-07
550.166400166667,0.0682080833333333,1.13762e-07,2.0929166666665e-09,2.09187224757226e-09,6.94071019064656e-13,1.64293559371653e-13,1.61426052486071e-13,7.72037642324687e-07
560.258444933334,0.0694592666666667,1.15879833333333e-07,2.1015e-09,2.09274071604072e-09,9.75447525442594e-13,1.11064524887568e-13,1.04698826356651e-13,5.00733517357896e-07
570.358017966667,0.0707113833333333,1.17965e-07,2.096166666667e-09,2.09382314262315e-09,8.08453258452247e-13,1.50766457539753e-14,1.78802973543872e-14,8.55144656079388e-08
580.4704966,0.0719651,1.20072166666667e-07,2.1015e-09,2.09435762255762e-09,-1.04539604543963e-13,-4.92055328624212e-14,-4.27124801541071e-14,-2.04277078997904e-07
590.5465438,0.0732143,1.22168e-07,2.0964166666665e-09,2.09361406341406e-09,-4.9448636948569e-13,-4.00267344663905e-14,-3.84674665796152e-14,-1.83974840163377e-07
600.638185266666,0.0744654333333333,1.24265e-07,2.09908333333349e-09,2.09336864981865e-09,-3.66426816418075e-13,8.61603584030082e-15,3.66970944879552e-15,1.75507843203264e-08
610.7325154,0.0757169,1.26366166666667e-07,2.0975e-09,2.09288120978122e-09,-3.98166023167114e-13,4.45343142768417e-14,4.4943170619667e-14,2.14945598615799e-07
620.830475233334,0.0769688166666667,1.2846e-07,2.0844166666665e-09,2.09257231777232e-09,-2.54849654859271e-13,7.32467782966496e-14,7.62255711732641e-14,3.64557079524307e-07
630.9112276,0.0782186,1.30535e-07,2.0815833333335e-09,2.0923715104715e-09,-1.49242424246935e-13,9.5502114686847e-14,9.14777614260445e-14,4.37502337254995e-07
641.013086,0.079471,1.32623166666667e-07,2.08350000000001e-09,2.09227383292383e-09,2.85723060722708e-13,7.72964266740539e-14,7.68185909567399e-14,3.67393261097452e-07
651.1141378,0.0807233,1.34702e-07,2.08775000000001e-09,2.09294295659295e-09,9.53366678363607e-13,3.15766055275865e-14,3.01804791823143e-14,1.44341422176286e-07
661.1958312,0.0819732,1.36798666666667e-07,2.0925833333335e-09,2.09418056628055e-09,6.91488241484064e-13,-2.31357074479091e-14,-2.04311867699096e-14,-9.77143715082633e-08
671.29285,0.083225,1.38887166666667e-07,2.0964166666665e-09,2.09432593307592e-09,-1.85445185107772e-15,-5.20307302529444e-14,-4.98198102645914e-14,-2.38268657787176e-07
681.3826094,0.0844759,1.409915e-07,2.1064166666665e-09,2.09417685737685e-09,-3.19916344905088e-13,-5.18514221313585e-14,-5.40576525698977e-14,-2.58536599247337e-07
691.490114,0.085729,1.431e-07,2.10525e-09,2.09368610038611e-09,-9.19755469748712e-13,-4.51348088577749e-14,-4.1563668911708e-14,-1.98782764360343e-07
701.5903592,0.0869812,1.45202e-07,2.10074999999999e-09,2.09233734643735e-09,-1.03182403182843e-12,-2.86785610905261e-14,-3.43115305676605e-14,-1.64098624454028e-07
711.6776988,0.0882318,1.473015e-07,2.0976666666665e-09,2.09162245232245e-09,-5.1622499123018e-13,-4.09436488587245e-14,-4.06415962748482e-14,-1.94372851749274e-07
721.7674582,0.0894827,1.49397333333333e-07,2.07975000000001e-09,2.09130489645489e-09,-9.59254709345747e-14,-5.46730649582471e-14,-4.98912244982395e-14,-2.38610204122015e-07
731.8556044,0.0907334,1.51461e-07,2.07233333333351e-09,2.09143060138058e-09,5.93965718953415e-13,-4.61337489968606e-14,-5.02909121980758e-14,-2.40521753990797e-07
741.9598826,0.0919861,1.53542e-07,2.07849999999999e-09,2.0924928278928e-09,1.19503042003378e-12,-4.73807792824208e-14,-4.32371280194293e-14,-2.06786264440749e-07
752.042248166667,0.0932360833333333,1.55618e-07,2.09499999999999e-09,2.09382066222065e-09,1.02141102142654e-12,-4.19689967752726e-14,-4.56142545561331e-14,-2.18155130485854e-07
762.1627928,0.0944908,1.57732e-07,2.10758333333352e-09,2.09453564993565e-09,2.09553059557249e-13,-6.17958405039953e-14,-6.56771620281487e-14,-3.14108166221581e-07
772.2525522,0.0957417,1.59833166666667e-07,2.10191666666649e-09,2.09423976833976e-09,-6.66979641983769e-13,-9.6230742053796e-14,-8.98763965599368e-14,-4.29843635721437e-07
782.329137133334,0.0969909666666667,1.61935833333333e-07,2.10108333333299e-09,2.09320169065168e-09,-8.54077454077486e-13,-8.9361048561425e-14,-8.78012318659872e-14,-4.19918935011243e-07
792.4425568,0.0982448,1.64035333333333e-07,2.10158333333351e-09,2.09253161343161e-09,-7.26123201125216e-13,-5.94081379253231e-14,-6.17829014736658e-14,-2.95483441830576e-07
802.5395756,0.0994966,1.66139e-07,2.0955833333335e-09,2.09174944424943e-09,-6.28305253307337e-13,-4.27912494907048e-14,-4.54374278838661e-14,-2.17309437705447e-07
812.6297383,0.10074755,1.682265e-07,2.085e-09,2.09127500292499e-09,-1.38838188838794e-13,-4.82240478721199e-14,-4.90240330245514e-14,-2.34462766639159e-07
822.7356297,0.10200045,1.70309e-07,2.07774999999999e-09,2.09147176787176e-09,4.35225810231039e-13,-5.35481164305701e-14,-4.90015364241859e-14,-2.34355174202628e-07
832.8128868,0.1032498,1.72382e-07,2.07008333333351e-09,2.09214545454546e-09,6.12147537163532e-13,-2.72718784153568e-14,-2.63421672081372e-14,-1.25984277951961e-07
842.905603733336,0.104501066666667,1.74449166666667e-07,2.08300000000002e-09,2.09269606294608e-09,4.41350766354989e-13,9.05280951640321e-15,5.30405934470825e-15,2.53672403442568e-08
853.001547066664,0.105752733333333,1.76548e-07,2.0964166666665e-09,2.09302815607817e-09,1.8916578915851e-13,2.30274599566981e-14,2.60806576038427e-14,1.24733579844465e-07
863.119806333336,0.107007166666667,1.78642e-07,2.10516666666649e-09,2.0930743945244e-09,-9.0637065634994e-14,2.59890041672906e-14,2.18133901009695e-14,1.0432490917855e-07
873.197197866664,0.108256533333333,1.80758333333333e-07,2.11849999999999e-09,2.0928468819469e-09,-4.80139230132649e-13,-6.3462658067437e-15,-8.99585673388773e-15,-4.30236626403326e-08
883.283462,0.109507,1.82879e-07,2.11275000000001e-09,2.09211411606414e-09,-6.83856908859213e-13,-4.9546560479916e-14,-4.13380929179717e-14,-1.97703922651169e-07
893.382228433336,0.110759016666667,1.84983833333333e-07,2.088e-09,2.09147916812918e-09,-6.40133965146794e-13,-4.82681962167235e-14,-5.1825776633649e-14,-2.47862409987017e-07
903.5057306,0.1120141,1.87055e-07,2.09158333333348e-09,2.09083384813384e-09,-2.45861120867613e-13,-4.29329442710138e-14,-4.65465853736236e-14,-2.22614103960809e-07
913.6067824,0.1132664,1.89167e-07,2.07658333333349e-09,2.09098744588744e-09,5.67792792796055e-13,-3.24574710325029e-14,-2.60604444909895e-14,-1.24636908435167e-07
923.6852494,0.1145159,1.91208166666667e-07,2.05950000000001e-09,2.09196943371943e-09,7.11448461452061e-13,2.64007033062075e-14,2.81454554040716e-14,1.34608699758603e-07
933.7721857,0.11576645,1.93286e-07,2.07358333333301e-09,2.09241034281035e-09,7.16520416531327e-13,1.02252082234859e-13,1.01264374938332e-13,4.84307880139849e-07
943.8663814,0.1170179,1.95355333333333e-07,2.09149999999999e-09,2.0934024745525e-09,8.14721539730593e-13,1.43351728101443e-13,1.35947390868324e-13,6.50183173718071e-07
953.9585606,0.1182691,1.97469e-07,2.11683333333351e-09,2.09403978588981e-09,-2.73517023608947e-14,1.09477955046767e-13,1.07653829437351e-13,5.14866140787331e-07
964.0692916,0.1195226,1.99589e-07,2.1155e-09,2.09334777114777e-09,-8.33663858671262e-13,4.67930115980251e-14,5.41950387372431e-14,2.59193663525945e-07
974.1582444,0.1207734,2.017e-07,2.11049999999998e-09,2.09237245817246e-09,-6.93854568850545e-13,2.27406117256004e-14,2.23194805434791e-14,1.06745341729683e-07
984.2447774,0.1220239,2.0381e-07,2.10133333333352e-09,2.09196006201007e-09,-2.67011817009499e-13,1.84074861089974e-14,1.5329699253214e-14,7.33159529501539e-08
994.344216,0.123276,2.05902666666667e-07,2.08433333333351e-09,2.09183843453845e-09,1.79241254239921e-13,1.97935625524698e-14,2.30637510875256e-14,1.10304896505557e-07
1004.4605932,0.1245302,2.07978666666667e-07,2.07066666666649e-09,2.09231854451855e-09,3.79761904764636e-13,4.88062821777446e-14,5.04850119420951e-14,2.41450057114368e-07
1014.54040453334,0.125779866666667,2.10044e-07,2.07116666666649e-09,2.09259795834798e-09,2.22738972747176e-13,8.92008865308978e-14,8.67064661127973e-14,4.14683098800335e-07
1024.6538242,0.1270337,2.12121e-07,2.07508333333351e-09,2.09276402246405e-09,2.35369135368417e-13,1.05147436573916e-13,1.03218011879808e-13,4.93651361164299e-07
1034.71884786666,0.128281533333333,2.14194166666667e-07,2.092e-09,2.09306869661871e-09,2.11694161676587e-13,8.99175648132934e-14,9.08000066593322e-14,4.34260901414197e-07
1044.8099516,0.1295326,2.16305e-07,2.10291666666651e-09,2.0931874107874e-09,3.44670644657979e-13,5.92928585201164e-14,6.02488202697756e-14,2.88146531725014e-07
1054.92377456666,0.130786483333333,2.184e-07,2.11891666666651e-09,2.09375803790803e-09,2.89250614253544e-13,1.87597500950213e-14,1.76549502747909e-14,8.44367187055217e-08
1065.06139223334,0.132043316666667,2.20542833333333e-07,2.12399999999999e-09,2.09376591201591e-09,-5.04127179125661e-13,-3.73482151407139e-14,-4.01991718345393e-14,-1.92256908773884e-07
1075.11297256666,0.133289483333333,2.22648e-07,2.112416666667e-09,2.09274978354978e-09,-4.26140751140109e-13,-1.0180816062979e-13,-1.02151476743107e-13,-4.88550540945294e-07
1085.20300083334,0.134540416666667,2.24767666666667e-07,2.08258333333349e-09,2.09291363051363e-09,1.52968877974622e-13,-1.34136048386942e-13,-1.24451892030163e-13,-5.95204701013823e-07
1095.334569,0.1357965,2.26813166666667e-07,2.05749999999999e-09,2.09305572130573e-09,-1.2388557388202e-13,-8.98424857715379e-14,-9.25987990390299e-14,-4.42863821491013e-07
1105.39959266666,0.137044333333333,2.28882666666667e-07,2.07725000000001e-09,2.09266585936586e-09,-4.52886977894789e-13,-3.74199043053645e-14,-4.34037037638518e-14,-2.07582931044509e-07
1115.523767,0.1382995,2.30967666666667e-07,2.0746666666665e-09,2.09214994734994e-09,-3.74295074304677e-13,-1.32037473894712e-14,-5.57373206686404e-15,-2.66569794502193e-08
1125.61527403334,0.139550616666667,2.33032e-07,2.07616666666651e-09,2.09191726921725e-09,4.71358371358879e-13,1.62815352574448e-14,1.22517990173096e-14,5.85955605175677e-08
1135.67975996666,0.140798383333333,2.3512e-07,2.10950000000001e-09,2.09309266409265e-09,9.57739557741297e-13,-4.50535151373059e-15,-1.20381753090348e-14,-5.75738819127751e-08
1145.7898188,0.1420518,2.37251e-07,2.127e-09,2.09383274833274e-09,1.08897858899412e-13,-8.4092113383868e-14,-7.84472443910183e-14,-3.75182473174435e-07
1155.90364176666,0.143305683333333,2.39374e-07,2.11850000000001e-09,2.09331045981045e-09,-5.2454954954465e-13,-1.43123511755289e-13,-1.42237531217556e-13,-6.80266453649181e-07
1166.00590346666,0.144558133333333,2.41488e-07,2.10599999999998e-09,2.09278364923365e-09,-4.38323388317091e-13,-1.68101112946896e-13,-1.67948413150894e-13,-8.0323154115645e-07
1176.0784554,0.1458069,2.43586e-07,2.08149999999999e-09,2.09243381303382e-09,-6.34026559026455e-13,-1.55862922884473e-13,-1.51488141137726e-13,-7.24508501093472e-07
1186.1488564,0.1470554,2.45651e-07,2.0675e-09,2.0915155961156e-09,-7.74575874585712e-13,-1.05028445113826e-13,-1.07436641308949e-13,-5.13827414955843e-07
1196.25300016666,0.148308083333333,2.47721e-07,2.07141666666649e-09,2.09088466128465e-09,-3.73110448114001e-13,-6.52563035594747e-14,-6.81908096360694e-14,-3.26129959129028e-07
1206.35243876666,0.149560183333333,2.49793833333333e-07,2.07500000000002e-09,2.09076937521937e-09,1.93395343395659e-13,-5.81094998695016e-14,-6.04992338653837e-14,-2.89344161964879e-07
1216.457658,0.150813,2.51871e-07,2.08716666666703e-09,2.09127145197144e-09,4.01453726449038e-13,-7.09151314650493e-14,-6.66236452536857e-14,-3.18634825126323e-07
1226.5220095,0.15206075,2.53968166666667e-07,2.09550000000001e-09,2.09157228267227e-09,2.82335907334913e-13,-6.31200658153023e-14,-5.90070091177345e-14,-2.82207434910904e-07
1236.6412098,0.1533153,2.56062e-07,2.11341666666648e-09,2.09183612378611e-09,3.80437580434306e-13,-4.42385095220202e-14,-5.40444026496157e-14,-2.58473230063379e-07
1246.717257,0.1545645,2.58195e-07,2.12249999999999e-09,2.09233315783313e-09,5.57961857962073e-13,-7.17703306585868e-14,-7.0382774632192e-14,-3.36613269980049e-07
1256.83188656666,0.155818483333333,2.60307e-07,2.104e-09,2.09295204750203e-09,1.60635310649502e-13,-8.88133108097716e-14,-8.12869705152015e-14,-3.88763772029225e-07
1266.9314596,0.1570706,2.62403e-07,2.08799999999999e-09,2.09265442845443e-09,-8.87308412296706e-13,-5.4653385201617e-14,-5.79959382415663e-14,-2.77371878546621e-07
1277.02592416666,0.158322083333333,2.64483e-07,2.07250000000001e-09,2.09117743067744e-09,-1.02953960453463e-12,-1.63837924968162e-14,-1.56846001320713e-14,-7.50133049794714e-08
1287.111785,0.1595725,2.66548e-07,2.07650000000001e-09,2.09059534924536e-09,-3.42541242536705e-13,1.78986807746796e-14,1.39545275652552e-14,6.67390448773075e-08
1297.218483,0.1608255,2.68636e-07,2.08049999999999e-09,2.09049234819237e-09,-1.85252135253957e-13,3.19400038275625e-14,3.17486961929606e-14,1.51841590488072e-07
1307.2993698,0.1620753,2.70709e-07,2.07150000000001e-09,2.09022484497486e-09,3.22194922187752e-13,5.55012666531423e-14,6.71246488205571e-14,3.21030929141795e-07
1317.36640996666,0.163323383333333,2.72779e-07,2.08300000000001e-09,2.09113673803674e-09,9.89797589797891e-13,1.20575481646417e-13,1.19778398076917e-13,5.72853208193951e-07
1327.4788886,0.1645771,2.74875e-07,2.1159166666665e-09,2.09220444015445e-09,6.95656370663699e-13,1.23549535915877e-13,1.0366374282012e-13,4.95783117835357e-07
1337.5880064,0.1658304,2.77010833333333e-07,2.11850000000001e-09,2.09252805077807e-09,3.4203814203717e-13,-2.98903751191534e-14,-3.23065325437405e-14,-1.54509503470063e-07
1347.67023753334,0.167080366666667,2.79112e-07,2.10325000000001e-09,2.09288851643853e-09,-5.83099333147843e-14,-2.02057136588855e-13,-1.81941394614775e-13,-8.70154495983707e-07
1357.7501833,0.16833005,2.81217333333333e-07,2.10149999999999e-09,2.09241143091144e-09,-8.03366678367283e-13,-2.27075130336561e-13,-2.2643396494929e-13,-1.08294504975747e-06
1367.87597083334,0.169585416666667,2.83315e-07,2.08983333333348e-09,2.09128178308179e-09,-8.42795717801187e-13,-1.73752394569876e-13,-1.82488866892469e-13,-8.72772841659634e-07
1377.9906004,0.1708394,2.85397e-07,2.07250000000001e-09,2.09072583947584e-09,-1.19521469527849e-13,-1.18377230347902e-13,-1.14965710447079e-13,-5.4983600648603e-07
1388.04379393334,0.172085766666667,2.8746e-07,2.06533333333354e-09,2.09104274014274e-09,4.6413946414625e-13,-3.53124282994861e-14,-3.33935783381554e-14,-1.59708418139004e-07
1398.1547938,0.1733393,2.89527666666667e-07,2.076e-09,2.09165411840413e-09,3.4310284310825e-13,6.1278155436921e-14,5.69643540304387e-14,2.72438214928185e-07
1408.24912393334,0.174590766666667,2.91612e-07,2.09666666666647e-09,2.09172894582895e-09,2.31900081894907e-13,1.34844081840677e-13,1.35173926759898e-13,6.46483997547338e-07
1418.34547056666,0.175842483333333,2.93721e-07,2.1080833333335e-09,2.09211791856792e-09,6.35310635311421e-13,1.99162594966768e-13,2.00925816233616e-13,9.60949555899903e-07
1428.4466568,0.1770948,2.95828166666667e-07,2.1060833333335e-09,2.09299956709957e-09,5.12884637888205e-13,2.64162748145931e-13,2.6427449222227e-13,1.26392148454129e-06
1438.5194776,0.1783436,2.97933166666667e-07,2.1034166666665e-09,2.0931436878437e-09,-7.32713232719164e-14,3.19202679929006e-13,3.18007591793696e-13,1.52090587379594e-06
1448.6084304,0.1795944,3.00035e-07,2.103e-09,2.09285302445303e-09,-5.26605826606829e-13,3.52336847976203e-13,3.50721312760068e-13,1.67736280015685e-06
1458.7010129,0.18084565,3.02139166666667e-07,2.097e-09,2.09209047619048e-09,-1.0653123903165e-12,3.65562404859675e-13,3.6811754022474e-13,1.76056214890093e-06
1468.8020647,0.18209795,3.04229e-07,2.0766666666665e-09,2.0907223996724e-09,-8.98806598809656e-13,3.79724414006482e-13,3.78106201785751e-13,1.80833400854055e-06
1478.9035198,0.1833503,3.062925e-07,2.07150000000001e-09,2.09029286299286e-09,-4.22765297760306e-13,3.85858026251262e-13,3.84826696930986e-13,1.84047550706124e-06
1489.0005386,0.1846021,3.08372e-07,2.07133333333352e-09,2.08987686907688e-09,-8.33222183217453e-13,3.93877535003845e-13,3.9834940658409e-13,1.90514933583695e-06
1499.11073186666,0.185855533333333,3.10435166666667e-07,2.08941666666651e-09,2.08862641862643e-09,-1.66967941973143e-13,4.25729409077279e-13,4.25153110959195e-13,2.03334096545702e-06
1509.1978026,0.1871061,3.12550833333333e-07,2.10966666666648e-09,2.08954293319293e-09,3.27528665027599e-12,4.51188282181755e-13,4.4944440620318e-13,2.14951672531956e-06
1519.28621766666,0.188356833333333,3.146545e-07,2.10758333333349e-09,2.09517699192698e-09,4.82004212003699e-12,4.46752266071778e-13,4.44298398083218e-13,2.12490538213713e-06
1529.39802413334,0.189610466666667,3.16766e-07,2.10824999999999e-09,2.09918301743301e-09,1.95522113022616e-12,4.09264692251899e-13,4.0753113559235e-13,1.94906195283298e-06
1539.4654676,0.1908586,3.18871e-07,2.1095e-09,2.09908743418743e-09,-4.31993681939871e-14,3.64197352093205e-13,3.69758737615758e-13,1.76841135381449e-06
1549.587491,0.1921135,3.20985e-07,2.09650000000004e-09,2.09909661869662e-09,1.54440154396336e-14,3.57246864661524e-13,3.59880789529227e-13,1.72116899340065e-06
1559.6832999,0.19336515,3.23064e-07,2.07150000000001e-09,2.09911832221831e-09,-2.52702702702333e-13,3.69227017926229e-13,3.64921815790664e-13,1.74527824943361e-06
1569.7593471,0.19461435,3.25128e-07,2.06649999999997e-09,2.09859121329121e-09,-5.08634608632574e-13,3.50222476400153e-13,3.4823659193648e-13,1.66547935273969e-06
1579.863222,0.195867,3.27197e-07,2.08158333333351e-09,2.09810105300105e-09,-2.12712062720666e-13,3.00545262844384e-13,3.01471204005449e-13,1.44181880176519e-06
1589.9731464,0.1971204,3.29291166666667e-07,2.09450000000001e-09,2.09816578916577e-09,6.87024687083166e-14,2.43676052096197e-13,2.46214049551954e-13,1.17754545437891e-06
1600.0435474,0.1983689,3.31386e-07,2.10141666666649e-09,2.09823845793846e-09,3.19676494695054e-13,1.92292872113768e-13,1.92008609807536e-13,9.18302046905607e-07
1610.1575048,0.1996228,3.33494e-07,2.1105e-09,2.09880514215516e-09,2.38914238917133e-13,1.29463780538108e-13,1.27597322892262e-13,6.1024806600647e-07
1620.2472642,0.2008737,3.35607e-07,2.1115e-09,2.0987162864163e-09,-5.45764595769261e-13,4.15732285829383e-14,4.55849507591757e-14,2.1801498189171e-07
1630.3354104,0.2021244,3.37717e-07,2.10875e-09,2.09771361296362e-09,-7.92295542299136e-13,-6.32189933364829e-14,-6.82444733079446e-14,-3.26386611472779e-07
1640.4098444,0.2033734,3.398245e-07,2.12883333333352e-09,2.0971316953317e-09,-6.30484380490749e-13,-2.23556520194332e-13,-2.25488206528806e-13,-1.07842185731168e-06
1650.5197688,0.2046268,3.41974666666667e-07,2.11425e-09,2.09645264420264e-09,-6.45302445308374e-13,-4.19452387297734e-13,-4.10118841377545e-13,-1.96143793702304e-06
1660.6208206,0.2058791,3.44053e-07,2.10316666666646e-09,2.09584109044108e-09,-4.05452205446733e-13,-6.08383289384953e-13,-6.2038462032807e-13,-2.9670568798299e-06
1670.7178394,0.2071309,3.46181e-07,2.13499999999999e-09,2.09564173979175e-09,-2.82996957988546e-13,-8.5671729026312e-13,-8.76449441531078e-13,-4.19171472036603e-06
1680.80732993334,0.208381766666667,3.48323e-07,2.12775000000002e-09,2.0952750965251e-09,-3.39627939636638e-13,-1.09080692606966e-12,-1.05788723902617e-12,-5.05946070838603e-06
1690.9070374,0.2096339,3.504365e-07,2.01958333333352e-09,2.09496248391247e-09,6.19603369540306e-14,-1.0067963014825e-12,-9.79839661562742e-13,-4.68618968573485e-06
1701.014542,0.210887,3.52362166666667e-07,2.02574999999999e-09,2.09539901719901e-09,5.07698607700473e-13,-6.84892536686998e-13,-7.20365354910313e-13,-3.44522561044063e-06
1711.088976,0.212136,3.54488e-07,2.11508333333301e-09,2.09597788112788e-09,-1.88405288402936e-13,-5.19796884265701e-13,-5.3139940464287e-13,-2.54147541350938e-06
1721.171476,0.213386,3.56592333333333e-07,2.10650000000002e-09,2.09502220662221e-09,-1.66716976716692e-12,-4.92361050862469e-13,-4.78021061112584e-13,-2.28618768358192e-06
1731.24859866666,0.214635333333333,3.58701e-07,2.0858333333335e-09,2.09264354159354e-09,-2.10038902539399e-12,-4.48074005387524e-13,-4.48304911205089e-13,-2.14406696663303e-06
1741.344542,0.215887,3.60764e-07,2.081e-09,2.09082142857142e-09,-1.2391687141737e-12,-3.9972459716641e-13,-4.02279806346518e-13,-1.92394689991813e-06
1751.50635766666,0.217146833333333,3.62863e-07,2.07983333333349e-09,2.09016520416519e-09,-8.13478413473493e-13,-3.57407774319743e-13,-3.5548599841688e-13,-1.70015042721117e-06
1761.56869266666,0.218394333333333,3.64923666666667e-07,2.08108333333347e-09,2.08919447174447e-09,-8.8530478529892e-13,-3.01407711200214e-13,-3.02597068981369e-13,-1.44720337338916e-06
1771.672702,0.219647,3.67025166666667e-07,2.09233333333299e-09,2.0883945945946e-09,-6.53501228505559e-13,-2.34429301027252e-13,-2.32305092029708e-13,-1.11102435318556e-06
1781.74982466666,0.220896333333333,3.69108333333333e-07,2.08041666666652e-09,2.08788746928746e-09,-4.30063180067561e-13,-1.45301596240137e-13,-1.39926033415258e-13,-6.6921146415993e-07
1791.81215966666,0.222143833333333,3.71186e-07,2.09450000000003e-09,2.08753446823446e-09,-4.05379080378332e-13,-4.76360875828199e-14,-5.73929692480475e-14,-2.7448811379501e-07
1801.924235,0.2233975,3.73297333333333e-07,2.12250000000001e-09,2.0870767111267e-09,-6.03799578796271e-13,-1.77591654228421e-14,-1.97955345362777e-14,-9.46742956082847e-08
1812.08201766666,0.224656833333333,3.75431e-07,2.11583333333348e-09,2.08632686907687e-09,-8.78700128603528e-14,-1.8166934033422e-14,-1.18998457697782e-14,-5.6912305855461e-08
1822.15914033334,0.225906166666667,3.77529e-07,2.09949999999999e-09,2.08690097110098e-09,8.0171405171614e-13,1.240214196897e-14,9.53398354748509e-15,4.5597312618407e-08
1832.256428,0.227158,3.7963e-07,2.08633333333351e-09,2.0879302971803e-09,1.27400549899018e-12,6.20935682253528e-14,6.6550136415678e-14,3.1828326111846e-07
1842.330862,0.228407,3.81701666666667e-07,2.0641666666665e-09,2.08944898209896e-09,2.63871241370284e-12,1.52514698627402e-13,1.54544066988633e-13,7.39123798641288e-07
1852.417395,0.2296575,3.83758333333333e-07,2.0746666666665e-09,2.09320772200771e-09,3.70056745057326e-12,2.53279591513e-13,2.4366383905768e-13,1.16534879549325e-06
1862.503928,0.230908,3.85851e-07,2.0918333333335e-09,2.09685011700011e-09,7.60234585242767e-13,3.1032634100567e-13,3.1236320350511e-13,1.49391097328531e-06
1872.667088,0.232168,3.87942e-07,2.07325e-09,2.09472819117819e-09,-2.32859190358667e-12,3.81776819874341e-13,3.93289599495746e-13,1.88095025845792e-06
1882.556004,0.233394,3.899975e-07,2.0685e-09,2.09219293319294e-09,-1.01616649116887e-12,5.01989505061144e-13,4.99121712072139e-13,2.38710384034501e-06
1892.58741933334,0.234637666666667,3.92079e-07,2.1091666666665e-09,2.09269585819585e-09,4.74964899960353e-13,5.71007111258483e-13,5.59030071852417e-13,2.67362208277243e-06
1902.721004,0.235894,3.94215833333333e-07,2.14174999999999e-09,2.09314286299286e-09,3.58424008423756e-13,5.22329938030487e-13,5.19838476959201e-13,2.48618402023966e-06
1912.944659,0.2371615,3.963625e-07,2.11058333333352e-09,2.0934127062127e-09,1.26129051132026e-13,4.29190411345394e-13,4.40906818725968e-13,2.10868478521115e-06
1923.02850333334,0.238411666666667,3.98437e-07,2.07024999999997e-09,2.09339512109512e-09,9.40973441561223e-15,3.9388800300311e-13,3.97723916296784e-13,1.90215786054984e-06
1933.065296,0.239656,4.00503e-07,2.08149999999997e-09,2.09343152568153e-09,-3.77881127828939e-14,3.82030765363514e-13,3.72000212439942e-13,1.77913145079972e-06
1943.22980033334,0.240916166666667,4.026e-07,2.08550000000002e-09,2.09331954486956e-09,4.77974727927639e-14,3.14474429026951e-13,3.14671671212737e-13,1.50495147101744e-06
1953.30289,0.242165,4.04674e-07,2.08400000000003e-09,2.09352712062712e-09,-8.64952615054436e-14,2.29097842035435e-13,2.34640570683009e-13,1.12219403370135e-06
1963.373291,0.2434135,4.06768e-07,2.09125e-09,2.09314655434655e-09,-2.48882648882181e-13,1.61478693596813e-13,1.62794548011415e-13,7.78582620924159e-07
1973.431593,0.2446605,4.088565e-07,2.10049999999996e-09,2.09302935532935e-09,6.39379314382911e-13,8.25295053639042e-14,7.54987217900692e-14,3.61080843343809e-07
1983.59072,0.24592,4.10969e-07,2.11341666666651e-09,2.09442531297531e-09,1.24421434421198e-12,-5.21888358474935e-14,-5.57269512769901e-14,-2.66520201759518e-07
1993.729682,0.247177,4.13083333333333e-07,2.11641666666651e-09,2.09551778401778e-09,8.20132795131347e-13,-2.05089634860175e-13,-1.99985114090856e-13,-9.5645054565192e-07
2003.900908,0.248438,4.15201833333333e-07,2.10458333333351e-09,2.09606557856557e-09,3.66303966309664e-13,-2.97308183152806e-13,-2.98344486054572e-13,-1.42686493330447e-06
2013.96996466666,0.249686333333333,4.172925e-07,2.08791666666702e-09,2.0962503919504e-09,-5.05885105884084e-13,-3.09532514512777e-13,-3.04736636625787e-13,-1.45743608821029e-06
2024.065908,0.250938,4.19377666666667e-07,2.07224999999997e-09,2.09505380835381e-09,-9.22270972275757e-13,-2.10360462206879e-13,-1.93863796727713e-13,-9.27174680002106e-07
2034.140342,0.252187,4.21437e-07,2.0746666666665e-09,2.09440585000585e-09,-2.03866853860243e-13,-2.43417681834553e-14,-3.88273867523921e-14,-1.8569619751144e-07
2044.238974,0.253439,4.23527e-07,2.09450000000003e-09,2.09464607464608e-09,-2.26684801685233e-13,3.15127283522168e-14,9.75046712209418e-15,4.66326688447983e-08
2054.31475233334,0.254688166666667,4.25626e-07,2.0915e-09,2.09395248040248e-09,-9.86676611685932e-13,-9.08089285008778e-14,-7.64568954945465e-14,-3.65663413234788e-07
2064.403974,0.255939,4.2771e-07,2.10591666666651e-09,2.09267272142271e-09,-6.46051246050994e-13,-1.8542564695899e-13,-1.77839647411333e-13,-8.50537444141158e-07
2074.56041233334,0.257198166666667,4.29837833333333e-07,2.10799999999998e-09,2.09266037791037e-09,3.37463437468644e-13,-2.13896720312233e-13,-2.19467162992225e-13,-1.04962556213673e-06
2084.641568,0.258448,4.31926e-07,2.09508333333346e-09,2.09334764829765e-09,5.35196560203751e-13,-2.26284769906722e-13,-2.23975416680997e-13,-1.07118677543086e-06
2094.691804,0.259694,4.34028e-07,2.09491666666653e-09,2.09373077103078e-09,-4.31522756521816e-13,-2.07663919155334e-13,-2.05950262735304e-13,-9.84979517429715e-07
2104.82538866666,0.260950333333333,4.36115833333333e-07,2.0885e-09,2.09248460278461e-09,-1.10052065052396e-12,-1.70050745771077e-13,-1.73416990815561e-13,-8.29385608248335e-07
2114.889068,0.262198,4.38205e-07,2.08808333333348e-09,2.09152972972973e-09,-3.71890721883635e-13,-1.45454485700643e-13,-1.43286274990958e-13,-6.85282184739364e-07
2124.971568,0.263448,4.40292e-07,2.08850000000003e-09,2.09174082134084e-09,-5.29688779611496e-14,-1.26611516038419e-13,-1.27246914498637e-13,-6.0857219977609e-07
2135.11994033334,0.264706166666667,4.42382e-07,2.08650000000002e-09,2.09142379197381e-09,-5.3388323388671e-13,-1.31554005491787e-13,-1.39311673620884e-13,-6.66273221665097e-07
2145.217228,0.265958,4.44465e-07,2.09141666666648e-09,2.09067305487307e-09,-5.78042003045117e-13,-1.70901140732255e-13,-1.64764826349972e-13,-7.88005691238996e-07
2155.29703933334,0.267207666666667,4.46564833333333e-07,2.08749999999997e-09,2.09026770796772e-09,2.76494676488135e-13,-1.64765980258534e-13,-1.59111179450081e-13,-7.60966510413431e-07
2165.382228,0.268458,4.4864e-07,2.09508333333351e-09,2.09122604422604e-09,1.2688779688695e-12,-1.04851917029301e-13,-1.11346371310017e-13,-5.32526123656603e-07
2175.456662,0.269707,4.50755e-07,2.09700000000002e-09,2.09280546390546e-09,1.10527378027768e-12,-4.88350201018519e-14,-4.4765137433256e-14,-2.14094135550355e-07
2185.535129,0.2709565,4.52834e-07,2.09349999999998e-09,2.0934365917866e-09,9.99180999234143e-14,2.13772747415394e-14,1.94705213824914e-14,9.3119884872785e-08
2195.694256,0.272216,4.54942e-07,2.09983333333346e-09,2.09300530010531e-09,-7.18886743884574e-13,7.63955672516451e-14,7.06187190644306e-14,3.37741699873364e-07
2205.792888,0.273468,4.57033666666667e-07,2.09166666666652e-09,2.09199881829883e-09,-1.03406458406521e-12,1.09075913034797e-13,1.18613730810311e-13,5.67283060397139e-07
2215.859256,0.274716,4.59125333333333e-07,2.08366666666651e-09,2.09093717093718e-09,-4.85992160990107e-13,1.79670929881497e-13,1.81003798088942e-13,8.65670338686244e-07
2225.96326533334,0.275968666666667,4.61201e-07,2.08041666666703e-09,2.09102683397685e-09,3.90405990414243e-13,2.37158694867922e-13,2.27249215698768e-13,1.08684407508106e-06
2236.040388,0.277218,4.63286166666667e-07,2.07883333333354e-09,2.091717982918e-09,7.87521937515354e-13,2.1496715598339e-13,2.15459611640822e-13,1.03045901219524e-06
2246.09869,0.278465,4.65358666666667e-07,2.08541666666648e-09,2.09260187785188e-09,9.1792441791341e-13,1.6213485152402e-13,1.6912383743827e-13,8.08853135574335e-07
2256.19597766666,0.279716833333333,4.67457e-07,2.11266666666651e-09,2.09355383175383e-09,7.87507312514206e-13,1.21955003782561e-13,1.15358149501066e-13,5.51712888918142e-07
2266.360482,0.280977,4.69584e-07,2.10249999999999e-09,2.09417689247691e-09,1.03047853080606e-14,5.61826660521811e-14,5.75126391535642e-14,2.75060448125742e-07
2276.42685,0.282225,4.71662e-07,2.10233333333348e-09,2.09357444132445e-09,-6.21212121221298e-13,3.53619157682186e-15,8.04391838053114e-15,3.84709139938446e-08
2286.541614,0.283479,4.73788666666667e-07,2.10500000000003e-09,2.09293446823446e-09,-5.32634257636884e-13,-1.2782419249043e-14,-2.13340027747366e-14,-1.02032187183523e-07
2296.599916,0.284726,4.75872e-07,2.07858333333301e-09,2.09250917280917e-09,-4.40142740139853e-13,-2.21613120742153e-14,-1.24318330941936e-14,-5.94565930591868e-08
2306.678383,0.2859755,4.77945833333333e-07,2.08325000000001e-09,2.09205418275419e-09,-8.56499356496969e-14,4.57798419189285e-14,5.55625766615414e-14,2.65734062294328e-07
2316.764916,0.287226,4.800385e-07,2.09808333333349e-09,2.09233787293787e-09,5.9090031589818e-13,1.47910783447758e-13,1.31314804071223e-13,6.28027323818893e-07
2326.952274,0.288489,4.82142e-07,2.10174999999994e-09,2.09323598338598e-09,6.65552240547302e-13,1.26969347899158e-13,1.17598656521705e-13,5.6242835727772e-07
2337.01192033334,0.289736166666667,4.84242e-07,2.08708333333351e-09,2.09366897741897e-09,4.57654732647589e-13,1.93131300529268e-14,3.39997531625586e-14,1.6260751512528e-07
2347.101142,0.290987,4.86316166666667e-07,2.07916666666651e-09,2.09415129285128e-09,5.82327132325342e-13,-2.93755425741822e-14,-2.52222218261321e-14,-1.20628017429327e-07
2357.18229766666,0.292236833333333,4.88400333333333e-07,2.09291666666652e-09,2.09483363168362e-09,8.45384345468597e-14,-4.47582787444512e-14,-5.44728981054556e-14,-2.60522556156527e-07
2367.25942033334,0.293486166666667,4.90502e-07,2.10416666666699e-09,2.09432036972037e-09,-4.8743711243184e-13,-1.00952095947415e-13,-9.88908172666314e-14,-4.72956082579541e-07
2377.340576,0.294736,4.92608666666667e-07,2.10149999999999e-09,2.09385875745876e-09,-7.38803088810249e-13,-1.58736785794223e-13,-1.55556137073823e-13,-7.43964133831327e-07
2387.43786366666,0.295987833333333,4.94705e-07,2.10225000000001e-09,2.09284276354275e-09,-1.32962442963117e-12,-2.02940391171829e-13,-2.05030749958034e-13,-9.8058184762538e-07
2397.57817,0.297245,4.96813166666667e-07,2.09416666666651e-09,2.09119950859949e-09,-1.4672019421954e-12,-2.55498523371843e-13,-2.57644798803511e-13,-1.23221425514723e-06
2407.684868,0.298498,4.98893333333333e-07,2.07441666666649e-09,2.08990835965836e-09,-8.19890019873975e-13,-3.13959274513484e-13,-3.12568833378005e-13,-1.4948944205035e-06
2417.747203,0.2997455,5.00962e-07,2.08166666666695e-09,2.08955972855975e-09,-7.06973206933364e-14,-3.50830856679848e-13,-3.479258919566e-13,-1.66399339631417e-06
2427.866,0.301,5.03056666666667e-07,2.08350000000002e-09,2.08976696501697e-09,7.16760266748392e-13,-3.5484329520128e-13,-3.52469283110043e-13,-1.68572265835238e-06
2437.93371233334,0.302248166666667,5.05129e-07,2.07783333333304e-09,2.09099324909324e-09,2.06960044459309e-12,-3.48617870512682e-13,-3.53672756738431e-13,-1.6914784017925e-06
2448.01755666666,0.303498333333333,5.07212333333333e-07,2.10749999999999e-09,2.09390616590616e-09,1.312314262318e-12,-3.82472670780053e-13,-3.86638234827974e-13,-1.84913938395988e-06
2458.16458466666,0.304756333333333,5.09344e-07,2.10633333333351e-09,2.09361787761788e-09,-2.78975078968872e-13,-4.47752111535651e-13,-4.42762630405128e-13,-2.11756040628539e-06
2468.25111766666,0.306006833333333,5.11425e-07,2.10349999999999e-09,2.09334821574822e-09,1.87521937474845e-14,-4.87202361085991e-13,-4.88609570896839e-13,-2.3368283825501e-06
2478.347061,0.3072585,5.13551e-07,2.10699999999998e-09,2.09365538200537e-09,-1.79504797005619e-12,-5.01780200927019e-13,-4.99531632943627e-13,-2.38906433146952e-06
2488.44031566666,0.308509833333333,5.15639e-07,2.08750000000002e-09,2.08975811980811e-09,-3.97263074762948e-12,-4.7602496476145e-13,-4.72769765224357e-13,-2.26107279020345e-06
2498.508028,0.309758,5.17726e-07,2.07341666666651e-09,2.08571012051011e-09,-2.14190066689549e-12,-4.20709279431576e-13,-4.25988786433594e-13,-2.03733767424762e-06
2508.582462,0.311007,5.19785833333333e-07,2.07400000000002e-09,2.08547431847432e-09,5.26248976255674e-13,-3.84583099712445e-13,-3.87645714722098e-13,-1.85395776606221e-06
2518.75099933334,0.312267666666667,5.21874e-07,2.07516666666699e-09,2.08676261846263e-09,6.10372060369237e-13,-3.54802132022225e-13,-3.47592763648119e-13,-1.66240017396926e-06
2528.82140033334,0.313516166666667,5.23936166666667e-07,2.06799999999996e-09,2.08669506259506e-09,2.16965016956633e-13,-2.82791574333134e-13,-2.84939073047519e-13,-1.36275208848813e-06
2538.882391,0.3147635,5.2601e-07,2.09008333333301e-09,2.08719654849654e-09,5.34640809646025e-13,-2.04085922315298e-13,-2.0505748840049e-13,-9.80709727132778e-07
2548.985056,0.316016,5.28116333333333e-07,2.09783333333348e-09,2.08776434421435e-09,-1.93588393584483e-13,-1.29165519971021e-13,-1.2207928165079e-13,-5.83857433982039e-07
2559.067556,0.317266,5.30205666666667e-07,2.10733333333348e-09,2.08680937170937e-09,-1.18329238329239e-12,-5.71757736420389e-14,-6.61743899335182e-14,-3.16486212725522e-07
2569.16349933334,0.318517666666667,5.32331e-07,2.11916666666651e-09,2.08539775944776e-09,-8.6148941148597e-13,-6.9934870072776e-14,-7.64362999199201e-14,-3.65564912660487e-07
2579.24734366666,0.319767833333333,5.34444e-07,2.1115e-09,2.0850863928864e-09,1.26731601727506e-13,-1.4427713927373e-13,-1.37739342600984e-13,-6.5875337765688e-07
2589.41722533334,0.321028666666667,5.36554e-07,2.08591666666649e-09,2.08565122265122e-09,3.58113958110562e-13,-1.8118689637205e-13,-1.7938736792662e-13,-8.57939585736009e-07
2599.48090466666,0.322276333333333,5.38615833333333e-07,2.07250000000003e-09,2.08580262080262e-09,1.46770796770691e-13,-1.57922751010256e-13,-1.65583052068052e-13,-7.91918944673292e-07
2609.568782,0.323527,5.40699e-07,2.07208333333352e-09,2.08594476424476e-09,1.86243711238232e-13,-7.27378113608841e-14,-5.13790404080573e-14,-2.45725845429839e-07
2619.651282,0.324777,5.4276e-07,2.01349999999999e-09,2.0861751082251e-09,7.03346203346082e-13,1.65484993411152e-13,1.59732264349547e-13,7.63936916454355e-07
2629.71765,0.326025,5.44726e-07,2.079e-09,2.08735145665145e-09,1.08156663157178e-12,3.98677073024629e-13,3.75383710370439e-13,1.79531339742384e-06
2639.711424,0.327264,5.46918e-07,2.08349999999997e-09,2.08833824148824e-09,7.57686907686148e-13,5.3588500958372e-13,5.71626020816344e-13,2.7338635778173e-06
2649.221238,0.328443,5.48893e-07,2.03700000000001e-09,2.08886683046682e-09,3.62404937407293e-13,7.5791128282482e-13,7.49480774126964e-13,3.58447326756374e-06
2659.247276,0.329686,5.50992e-07,2.13750000000003e-09,2.08906305136305e-09,-2.16710541699129e-13,8.28579908103707e-13,7.86890820775601e-13,3.76339088197027e-06
2669.579822,0.330967,5.53168e-07,2.17600000000003e-09,2.08843340938343e-09,-1.48356148357326e-13,6.10070835584472e-13,6.27796528730994e-13,3.0025051374091e-06
2680.013193,0.3322605,5.55344e-07,2.10891666666649e-09,2.08876633906634e-09,6.94732069717462e-13,4.50936700925775e-13,4.77746731819925e-13,2.28487567392138e-06
2690.04998566666,0.333504833333333,5.57385833333333e-07,2.05799999999995e-09,2.08982287352286e-09,1.11871709372013e-12,4.92930386410183e-13,4.82542507842721e-13,2.3078119940304e-06
2700.141896,0.334756,5.5946e-07,2.07258333333353e-09,2.09100377325378e-09,7.34090909102593e-13,5.65021080555183e-13,5.58771942607575e-13,2.67238755160145e-06
2710.28354666666,0.336013333333333,5.61531e-07,2.06641666666653e-09,2.09129105534107e-09,3.9035334035047e-13,6.17369888498657e-13,6.26314435107451e-13,2.99541686355737e-06
2720.306896,0.337256,5.63592833333333e-07,2.07350000000001e-09,2.09178447993448e-09,-5.41154791133955e-14,6.73044524767251e-13,6.68448870588921e-13,3.19692938107745e-06
2730.34234433334,0.338500166666667,5.65678e-07,2.11158333333349e-09,2.09118282438284e-09,-4.39864864847341e-13,6.50759660118352e-13,6.40327126432099e-13,3.06243408293613e-06
2740.512226,0.339761,5.67816e-07,2.13699999999996e-09,2.09090475020479e-09,7.12981162982988e-13,5.22845930723203e-13,5.22577902909376e-13,2.49928562261006e-06
2750.651188,0.341018,5.69952e-07,2.11666666666649e-09,2.09260878670881e-09,1.99189481688245e-12,3.83346865759338e-13,3.96284273489176e-13,1.89527261233954e-06
2760.620764,0.342254,5.72049333333333e-07,2.077e-09,2.09488853983855e-09,1.95725108224735e-12,3.29432985565604e-13,3.28096603940063e-13,1.56915767101769e-06
2770.60781633334,0.343492166666667,5.74106e-07,2.08833333333354e-09,2.0965232888733e-09,1.59517667017587e-12,3.07338386966075e-13,3.04058723128832e-13,1.45419389322485e-06
2780.939018,0.344773,5.76226e-07,2.08758333333352e-09,2.0980788931789e-09,1.33367555867403e-12,2.78888285749471e-13,2.74240687708222e-13,1.31158589773497e-06
2790.948924,0.346014,5.78281166666667e-07,2.07449999999998e-09,2.09919063999065e-09,-4.70676845673116e-13,2.4417064247234e-13,2.54924513609597e-13,1.21920419552416e-06
2801.095952,0.347272,5.80375e-07,2.07916666666646e-09,2.09713753948756e-09,-9.21513396504034e-13,2.57495394839127e-13,2.63321624831518e-13,1.25936429267248e-06
2811.259112,0.348532,5.824395e-07,2.08533333333346e-09,2.09734761319764e-09,-3.87039312040588e-13,2.47710650619609e-13,2.1851539688412e-13,1.04507363727188e-06
2821.309348,0.349778,5.84545666666667e-07,2.09858333333351e-09,2.09636346086347e-09,-2.56357786358859e-12,7.56918343390055e-14,9.16744988500826e-14,4.3844325536996e-07
2831.58005466666,0.351051333333333,5.86636666666667e-07,2.12041666666649e-09,2.09222045747046e-09,-1.75346027846769e-12,-5.70743358967607e-14,-5.08726548050655e-14,-2.43304001241618e-07
2841.76741266666,0.352314333333333,5.887865e-07,2.13308333333303e-09,2.09285654030654e-09,1.95712530712118e-12,-1.35565561277669e-13,-1.48621092989909e-13,-7.10796531690869e-07
2851.85260133334,0.353564666666667,5.90902833333333e-07,2.10158333333354e-09,2.09613470808471e-09,1.99666842166396e-12,-2.17112489063475e-13,-2.05391004999751e-13,-9.82304806520548e-07
2861.929724,0.354814,5.92989666666667e-07,2.08041666666697e-09,2.09684987714987e-09,-1.31689481687346e-13,-2.06731229871132e-13,-2.05077761202408e-13,-9.80806684011516e-07
2872.028356,0.356066,5.95063666666667e-07,2.06925e-09,2.09587132912133e-09,-8.94884169869382e-13,-1.46188541727707e-13,-1.4917797449266e-13,-7.13459878008374e-07
2882.094724,0.357314,5.97128166666667e-07,2.07125e-09,2.09506010881013e-09,-1.14583187083478e-12,-9.65416504620505e-14,-9.29168450564163e-14,-4.44384911139382e-07
2892.201422,0.358567,5.99206166666667e-07,2.08075e-09,2.09357966537966e-09,-1.26011758513468e-12,-8.39710663118907e-14,-9.25210649240917e-14,-4.4249204963696e-07
2902.26510133334,0.359814666666667,6.01289666666667e-07,2.1169166666665e-09,2.09253987363986e-09,-4.72548847549519e-13,-1.7694669591402e-13,-1.89427450726309e-13,-9.05957373038869e-07
2912.39062,0.36107,6.0344e-07,2.13133333333298e-09,2.09263456768456e-09,7.38329238328726e-13,-3.44188462096218e-13,-3.28077104502587e-13,-1.56906441283846e-06
2922.47043133334,0.362319666666667,6.05552333333333e-07,2.11158333333355e-09,2.09401653211652e-09,1.1950947700861e-12,-4.08807481542892e-13,-4.03022495156679e-13,-1.92749888987977e-06
2932.55562,0.36357,6.07663166666667e-07,2.10133333333353e-09,2.09502475722473e-09,1.36673686673488e-13,-3.81880709530806e-13,-3.91601658144369e-13,-1.87287749547307e-06
2942.64484166666,0.364820833333333,6.09755e-07,2.09441666666646e-09,2.09428987948986e-09,-5.02328302316831e-13,-3.41976609175867e-13,-3.37953130731893e-13,-1.61629758176123e-06
2952.728686,0.366071,6.11852e-07,2.07750000000001e-09,2.0940201006201e-09,-8.19673569662346e-13,-2.5425257643575e-13,-2.45380497680391e-13,-1.1735589019497e-06
2962.79774266666,0.367319333333333,6.1391e-07,2.07758333333351e-09,2.09265053235054e-09,-9.62369837369649e-13,-1.30806589114501e-13,-1.45070922527914e-13,-6.93817455568284e-07
2972.950148,0.368578,6.16007166666667e-07,2.07341666666646e-09,2.09209536094536e-09,-1.94682637183748e-12,-8.72442104953601e-14,-8.58727965600451e-14,-4.10695983548042e-07
2983.064912,0.369832,6.18056833333333e-07,2.06608333333303e-09,2.08875687960686e-09,-1.30128407628785e-12,-7.27537807050773e-14,-5.59461102237199e-14,-2.67568353243878e-07
2993.14203466666,0.371081333333333,6.20139333333333e-07,2.09033333333349e-09,2.08949279279279e-09,2.54736457237399e-12,-5.25234691157424e-14,-7.86746762760963e-14,-3.76270190885678e-07
3003.23528933334,0.372332666666667,6.222375e-07,2.10908333333348e-09,2.09385160875161e-09,1.99935357436095e-12,-1.87830934048615e-13,-1.93600690719177e-13,-9.25916346917803e-07
3013.29896866666,0.373580333333333,6.243575e-07,2.09883333333351e-09,2.09349149994151e-09,4.57643032644974e-13,-3.34856416954159e-13,-3.04447647221781e-13,-1.45605396497374e-06
3023.37878,0.37483,6.26435166666667e-07,2.09433333333349e-09,2.0947668948169e-09,6.09035334033113e-13,-2.82466331459618e-13,-2.82575321178413e-13,-1.35144718824458e-06
3033.550006,0.376091,6.28546166666667e-07,2.10250000000002e-09,2.09470957060957e-09,-7.12159237155217e-13,-1.74296071403316e-13,-1.91539743017285e-13,-9.1605964051745e-07
3043.620407,0.3773395,6.30640166666667e-07,2.08933333333299e-09,2.09334257634259e-09,-1.59634959634222e-12,-1.52709483904298e-13,-1.50696095782981e-13,-7.20720458092518e-07
3053.731138,0.378593,6.32724833333333e-07,2.09133333333299e-09,2.09151687141689e-09,-2.01099216099254e-12,-1.58894247251972e-13,-1.54266526412074e-13,-7.37796430666441e-07
3063.777341,0.3798385,6.34822833333333e-07,2.09341666666701e-09,2.08932059202061e-09,-1.87778460278514e-12,-1.5752756781777e-13,-1.59252361401683e-13,-7.61641728442832e-07
3073.87194,0.38109,6.36911666666667e-07,2.08133333333351e-09,2.08776130221132e-09,-5.82543582580605e-14,-1.67276728438595e-13,-1.68789351998889e-13,-8.07253422603382e-07
3083.946374,0.382339,6.389855e-07,2.08999999999999e-09,2.08920408330409e-09,1.45137475136631e-12,-1.86686420139028e-13,-1.85907047998341e-13,-8.89120664339892e-07
3094.045006,0.383591,6.41091666666667e-07,2.09358333333353e-09,2.09066405171405e-09,5.7391482391444e-13,-1.96654059073549e-13,-1.92741142941825e-13,-9.21805466243511e-07
3104.179935,0.3848475,6.43172666666667e-07,2.09150000000003e-09,2.09035191295192e-09,2.57060957070603e-13,-1.87169736371318e-13,-1.92647318082877e-13,-9.21356738657238e-07
3114.266468,0.386098,6.45274666666667e-07,2.09366666666649e-09,2.09117817362819e-09,6.6271791272511e-13,-1.93874231364944e-13,-1.89363145039134e-13,-9.05649824100206e-07
3124.316704,0.387344,6.4736e-07,2.09141666666648e-09,2.09167734877737e-09,-1.60117585118626e-13,-1.88503203418841e-13,-1.91301956294792e-13,-9.14922399670744e-07
3134.40995866666,0.388595333333333,6.494575e-07,2.11824999999997e-09,2.09085793845796e-09,-8.82134082134956e-13,-1.95421652365209e-13,-1.86894911525955e-13,-8.93845229037176e-07
3144.497836,0.389846,6.515965e-07,2.0850833333335e-09,2.0899130806131e-09,-8.23432198437392e-13,-2.06342461150156e-13,-2.23644445744626e-13,-1.06960387095256e-06
3154.596468,0.391098,6.53627666666667e-07,2.15708333333353e-09,2.08921107406108e-09,-9.05358605381097e-13,-3.12457155844417e-13,-3.29235653449862e-13,-1.57460529910804e-06
3164.832222,0.392367,6.55910666666667e-07,2.07000000000002e-09,2.08810236340234e-09,-7.91482391499848e-13,-4.03100775583237e-13,-3.46771000378061e-13,-1.65847000180812e-06
3174.91606633334,0.393617166666667,6.57767666666667e-07,1.97800000000002e-09,2.08762810927808e-09,2.8653036153899e-13,-1.71859220771676e-13,-1.92315917619146e-13,-9.19771779917655e-07
3185.005288,0.394868,6.59866666666667e-07,2.09866666666647e-09,2.08867542412542e-09,1.04288346789168e-12,3.05008974581543e-14,7.10165151663272e-15,3.39644202969391e-08
3195.08106633334,0.396117166666667,6.61965e-07,2.08333333333298e-09,2.08971387621386e-09,4.31054756049975e-13,9.18744311946206e-14,1.13833886473888e-13,5.44422935309899e-07
3205.170288,0.397368,6.64033333333333e-07,2.08933333333351e-09,2.08953753363752e-09,-1.37428337424343e-13,1.73147435177177e-13,1.61089140553935e-13,7.70426324388385e-07
3215.248755,0.3986175,6.66143666666667e-07,2.10025000000001e-09,2.08943901953902e-09,1.13624663626208e-13,1.79012319220485e-13,1.82166085552139e-13,8.71229104814578e-07
3225.32453333334,0.399866666666667,6.68233833333333e-07,2.09774999999999e-09,2.08976478296477e-09,-3.12565812686054e-14,1.54841597077033e-13,1.55575697159655e-13,7.44057682067915e-07
3235.506514,0.401129,6.70339166666667e-07,2.10533333333348e-09,2.08937650637648e-09,-7.64420264421257e-13,1.09213841963342e-13,9.93971908679967e-14,4.7537786936868e-07
3245.55809433334,0.402375166666667,6.724445e-07,2.09825e-09,2.08823594243593e-09,-1.14539604539065e-12,4.21431261320094e-14,5.37392204552783e-14,2.57013663046983e-07
3255.671514,0.403629,6.74535666666667e-07,2.06333333333349e-09,2.0870857142857e-09,-5.31192231188102e-13,6.81711179479936e-14,8.00756712847494e-14,3.82970601796628e-07
3265.717717,0.4048745,6.76571166666667e-07,2.08141666666647e-09,2.08717355797355e-09,5.96963846972474e-13,1.66551718671448e-13,1.48211762185857e-13,7.08838862628012e-07
3275.72359,0.406115,6.786985e-07,2.11400000000002e-09,2.08827964197964e-09,1.22893120393656e-12,1.7765237396704e-13,1.73803232168411e-13,8.31232849501096e-07
3285.798024,0.407364,6.80799166666667e-07,2.08491666666657e-09,2.08963142038142e-09,1.16528606528754e-12,1.55806688498001e-13,1.69610058023995e-13,8.11178538375628e-07
3295.977316,0.408626,6.82868333333333e-07,2.08708333333303e-09,2.09061021411022e-09,5.06145431142379e-13,2.00254921244904e-13,2.00735584818014e-13,9.60039753477458e-07
3306.075948,0.409878,6.84973333333333e-07,2.10124999999998e-09,2.09064371124371e-09,4.83263133252242e-13,2.49198020051733e-13,2.41025968296746e-13,1.152732891854e-06
3316.13962733334,0.411125666666667,6.87070833333333e-07,2.10450000000002e-09,2.09157674037672e-09,3.31894231891666e-13,2.35229191076195e-13,2.34101341587585e-13,1.11961511194062e-06
3326.192552,0.412372,6.89182333333333e-07,2.09275000000001e-09,2.09130749970749e-09,1.39806657307933e-12,1.86282244284174e-13,1.89258631497939e-13,9.05149976729273e-07
3336.37991,0.413635,6.91256333333333e-07,2.08866666666699e-09,2.09437287352288e-09,1.61256873758262e-12,1.43449233675343e-13,1.40935381094431e-13,6.74038779147279e-07
3346.46241,0.414885,6.93359666666667e-07,2.09433333333344e-09,2.09453263718266e-09,-1.9451181701139e-12,1.13097695755444e-13,1.16274915591744e-13,5.56097422395297e-07
3356.621537,0.4161445,6.95445e-07,2.07858333333295e-09,2.09048263718265e-09,-1.71177898679087e-12,1.30923447140852e-13,1.37559369875131e-13,6.57892638533235e-07
3366.704037,0.4173945,6.97516833333333e-07,2.06708333333354e-09,2.09110907920907e-09,1.89004913992024e-13,1.95554739691103e-13,1.90786514042066e-13,9.1245724107075e-07
3376.822834,0.418649,6.99579166666667e-07,2.08916666666706e-09,2.09086064701064e-09,1.2757985258158e-13,2.28200726699143e-13,2.18483404637463e-13,1.04492063087482e-06
3386.90398966666,0.419898833333333,7.01695166666667e-07,2.09916666666648e-09,2.09136423891424e-09,7.15751140753475e-13,2.05699860696685e-13,2.15099205727342e-13,1.02873533173946e-06
3396.94481533334,0.421143666666667,7.037775e-07,2.07749999999996e-09,2.09229214929214e-09,3.91657891663637e-13,2.18259351601707e-13,2.26899243598391e-13,1.08517029547057e-06
3407.03807,0.422395,7.05850166666667e-07,2.09541666666654e-09,2.09214755469756e-09,2.31718731825744e-14,2.46427383974521e-13,2.33741735017153e-13,1.11789525442986e-06
3417.14207933334,0.423647666666667,7.07968333333333e-07,2.121e-09,2.09233849303851e-09,8.56499356503173e-14,1.69953402414126e-13,1.61362486503179e-13,7.7173363110216e-07
3427.28373,0.424905,7.10092166666667e-07,2.11633333333352e-09,2.09231885456886e-09,-6.69202644196888e-13,1.65860893554837e-14,2.37045837158847e-14,1.13369748206405e-07
3437.358164,0.426154,7.12201e-07,2.09941666666649e-09,2.09100008775011e-09,-9.12510237508332e-13,-8.56985204720681e-14,-7.95083674795152e-14,-3.80257409684638e-07
3447.45814033334,0.427406166666667,7.14291e-07,2.07875e-09,2.09049383409385e-09,4.37150462145572e-13,-9.19734932105377e-14,-9.02183079561386e-14,-4.31478864138054e-07
3457.523164,0.428654,7.163585e-07,2.06600000000007e-09,2.09187438867441e-09,1.2264449514449e-12,-2.9530346581717e-14,-2.76838035021481e-14,-1.324007993581e-07
3467.605664,0.429904,7.18423e-07,2.07116666666651e-09,2.09294672399674e-09,4.38525213517025e-13,5.3862240391279e-14,4.59853409647006e-14,2.19929891570307e-07
3477.69085266667,0.431154333333333,7.20500833333333e-07,2.08874999999995e-09,2.09275143910144e-09,-4.40221715230136e-13,8.88925860903652e-14,8.88383942267577e-14,4.24879276736667e-07
3487.851324,0.432414,7.226005e-07,2.10041666666694e-09,2.09206628056628e-09,7.51784251758074e-14,9.8146168874205e-14,9.6819122699973e-14,4.63047978130306e-07
3497.929791,0.4336635,7.24701666666667e-07,2.102e-09,2.09290179595179e-09,7.8981513982026e-13,1.04840705510215e-13,1.11119531033548e-13,5.31441235377838e-07
3508.008258,0.434913,7.268045e-07,2.11041666666653e-09,2.09364591084592e-09,4.34345384353181e-13,1.47676118131854e-13,1.56533638812017e-13,7.48639142144429e-07
3518.127055,0.4361675,7.289225e-07,2.10291666666648e-09,2.0937704867205e-09,-2.55937756006097e-15,1.92099364433693e-13,1.70429366751518e-13,8.15096971420304e-07
3528.18266833334,0.437414166666667,7.31010333333333e-07,2.09208333333348e-09,2.0936407920908e-09,-2.40824265832172e-13,1.00219660841739e-13,1.06593770191157e-13,5.09796292218577e-07
3538.167032,0.438652,7.33106666666667e-07,2.08841666666703e-09,2.09328883818883e-09,-5.8203755704283e-13,-1.30371365926254e-14,-8.3532545699585e-15,-3.99503479432798e-08
3548.20382466666,0.439896333333333,7.35187166666667e-07,2.09241666666651e-09,2.09247671697671e-09,-4.50821925809297e-13,-1.07109780894558e-13,-1.13271576726453e-13,-5.41733627822167e-07
3558.380428,0.441158,7.372915e-07,2.077e-09,2.09238719433721e-09,2.20393120405587e-13,-1.96082315353662e-13,-1.86055310890185e-13,-8.89829747735667e-07
3568.414532,0.442402,7.39341166666667e-07,2.07408333333352e-09,2.09291750321752e-09,-4.23672048681218e-13,-2.22151165220762e-13,-2.27959446921106e-13,-1.09024083310094e-06
3578.670451,0.4436735,7.41439666666667e-07,2.09683333333298e-09,2.09153985023985e-09,-1.19018954020079e-12,-2.44494474487243e-13,-2.41947667790415e-13,-1.1571410198672e-06
3588.76505,0.444925,7.43534833333333e-07,2.10174999999999e-09,2.09053712413712e-09,2.24166374167513e-13,-2.54527100640468e-13,-2.52461738841815e-13,-1.20742570750433e-06
3598.819319,0.4461715,7.45643166666667e-07,2.1060833333335e-09,2.09198818298819e-09,1.56585351585711e-12,-2.73376645964129e-13,-2.8129474835785e-13,-1.34532270953754e-06
3608.93005,0.447425,7.47747e-07,2.1016666666665e-09,2.09366883116884e-09,1.04694337194069e-12,-3.46266600392871e-13,-3.46937079528028e-13,-1.65926429339492e-06
3619.081111,0.4486835,7.498465e-07,2.09708333333352e-09,2.09408206973207e-09,1.9334269337097e-15,-4.26042592601261e-13,-4.22911615649015e-13,-2.02262077049529e-06
3629.15823366666,0.449932833333333,7.51941166666667e-07,2.08700000000001e-09,2.0936726980227e-09,-9.28591903588305e-13,-4.57727994687035e-13,-4.49961375283238e-13,-2.15198918613723e-06
3639.26493166666,0.451185833333333,7.540205e-07,2.06200000000001e-09,2.09222488592489e-09,-1.55461565462003e-12,-4.2287424319079e-13,-4.2241576612057e-13,-2.02024931622881e-06
3649.348776,0.452436,7.56065166666667e-07,2.08700000000001e-09,2.09056346671346e-09,-1.28060430561241e-12,-3.93643334364083e-13,-4.0980349290428e-13,-1.95992974867264e-06
3659.407078,0.453683,7.581945e-07,2.11600000000002e-09,2.08966367731367e-09,-8.62597987596063e-13,-4.47546163611037e-13,-4.44024356365721e-13,-2.12359474783606e-06
3669.489578,0.454933,7.60297166666667e-07,2.09024999999999e-09,2.08883827073827e-09,-1.08560898560435e-12,-4.7355844336681e-13,-4.60617565324674e-13,-2.20295357329192e-06
3679.685002,0.456197,7.62375e-07,2.08083333333296e-09,2.08749245934246e-09,-8.28866853866949e-13,-4.01743637261912e-13,-4.06151262990882e-13,-1.9424625621303e-06
3689.767502,0.457447,7.64458833333333e-07,2.08908333333345e-09,2.08718053703054e-09,-2.93216918222284e-13,-3.13142119418442e-13,-3.15993533929568e-13,-1.51127342314141e-06
3699.83655866667,0.458695333333333,7.66553166666667e-07,2.10183333333354e-09,2.08690602550601e-09,-7.75105300117342e-13,-2.3737196378718e-13,-2.36299721323554e-13,-1.13012910198221e-06
3709.93787933334,0.459947666666667,7.686625e-07,2.09116666666653e-09,2.0856303264303e-09,-6.71109746110292e-13,-1.70784741689103e-13,-1.73093527038548e-13,-8.27838607575664e-07
3720.00424733334,0.461195666666667,7.707355e-07,2.08358333333346e-09,2.08556380601379e-09,6.50775125782358e-13,-1.22241519854163e-13,-1.23036553717884e-13,-5.88435691694228e-07
3730.08002566666,0.462444833333333,7.72829666666667e-07,2.08216666666649e-09,2.08693187668187e-09,7.99447174453048e-13,-7.36675359354549e-14,-6.64324511249394e-14,-3.17720418423623e-07
3740.159837,0.4636945,7.74899833333333e-07,2.07441666666649e-09,2.0871627003627e-09,2.69717444726419e-13,2.28736749067525e-15,-1.33845840226416e-15,-6.40132279343729e-09
3750.36063833334,0.464959166666667,7.769785e-07,2.09391666666703e-09,2.08747131157132e-09,1.49757224754462e-13,4.85640250585342e-14,3.89920506241047e-14,1.86483720376153e-07
3760.445827,0.4662095,7.79087666666667e-07,2.10349999999999e-09,2.08746221481221e-09,-4.03524628534286e-13,5.04045734867219e-14,5.75517731105709e-14,2.75247610528817e-07
3770.536393,0.4674605,7.811855e-07,2.07616666666648e-09,2.08666426231425e-09,-1.10427635429737e-13,1.04724184562182e-13,1.12279167340222e-13,5.36987322061931e-07
3780.65519,0.468715,7.8324e-07,2.06883333333353e-09,2.08724135954135e-09,4.36100386098181e-13,2.25054034460288e-13,2.21395626994558e-13,1.05884865084354e-06
3790.73096833334,0.469964166666667,7.85323166666667e-07,2.08249999999999e-09,2.08753646308645e-09,3.01553176556118e-13,3.36783833612614e-13,3.34687146002645e-13,1.60067765479526e-06
3800.804058,0.471213,7.87405e-07,2.07841666666649e-09,2.08784446589446e-09,6.56493506496737e-13,4.07984712884248e-13,4.0711252589433e-13,1.94705990645114e-06
3811.015614,0.472479,7.8948e-07,2.08249999999999e-09,2.08884945009944e-09,3.28431028439419e-13,4.31189158589917e-13,4.28383203621927e-13,2.04878923471356e-06
3821.10080266667,0.473729333333333,7.9157e-07,2.08500000000001e-09,2.08850132795134e-09,1.71522171625964e-14,4.09105171926727e-13,4.11335194855524e-13,1.96725527974381e-06
3831.180614,0.474979,7.9365e-07,2.08000000000003e-09,2.08888375453377e-09,1.31978471978443e-12,3.77176895385006e-13,3.80316918800222e-13,1.81890700295758e-06
3841.26042533334,0.476228666666667,7.9573e-07,2.08999999999999e-09,2.09114089739091e-09,1.59045571545814e-12,3.44831537285791e-13,3.40876647230999e-13,1.63027961719173e-06
3851.345614,0.477479,7.9783e-07,2.11000000000001e-09,2.09206466596468e-09,4.71405171392084e-13,2.84862699439261e-13,2.83202743025527e-13,1.35444790142643e-06
3861.43483566666,0.478729833333333,7.9995e-07,2.10416666666646e-09,2.09208370773369e-09,-1.40337052187025e-14,2.16204367628163e-13,2.22641957875456e-13,1.06480936375218e-06
3871.494482,0.479977,8.02038333333333e-07,2.10499999999998e-09,2.09203659855425e-09,-7.90456231565655e-14,1.7715668579547e-13,1.74001965028907e-13,8.32183311007816e-07
3881.673774,0.481239,8.0416e-07,2.12716666666699e-09,2.09192561648738e-09,-1.42918510565914e-13,1.309145783324e-13,1.30914578332319e-13,6.26113200719787e-07
3891.72669866667,0.482485333333333,8.06292666666667e-07,2.1023333333335e-09,2.09175076153311e-09,-2.06791397964923e-13,7.74780452400775e-14,7.74780452403966e-14,3.70547172888853e-07
3901.80651,0.483735,8.08364666666667e-07,2.07191666666653e-09,2.09151203369145e-09,-2.70664285365587e-13,1.68470865205711e-14,1.68470865202875e-14,8.05730224883315e-08
3911.89035433334,0.484985166666667,8.104365e-07,2.0766666666665e-09,2.09120943296238e-09,-3.34537172769559e-13,-5.09782978277737e-14,-5.09782978274901e-14,-2.438092504793e-07
3921.963444,0.486234,8.12518e-07,2.06175e-09,2.09084295934591e-09,-3.98410060171877e-13,-1.25998107803303e-13,-1.25998107803586e-13,-6.0259964601715e-07
3932.090307,0.4874895,8.1456e-07,2.08599999999998e-09,2.09041261284204e-09,-4.62282947569232e-13,-2.0821234340767e-13,-2.08212343407351e-13,-9.95798164122114e-07
3942.2575,0.48875,8.1669e-07,2.11500000000004e-09,2.08991839345077e-09,-5.2615583497155e-13,-2.97621004639221e-13,-2.97621004639576e-13,-1.42340480479797e-06
3952.34,0.49,8.1879e-07,2.09583333333354e-09,2.0893603011721e-09,-5.90028722375522e-13,-3.94224091500025e-13,-3.94224091499777e-13,-1.88541956804241e-06
3962.406368,0.491248,8.20881666666667e-07,2.10499999999998e-09,2.08873833600602e-09,-6.53901609772876e-13,-4.98021603988012e-13,-4.98021603988012e-13,-2.38184245385571e-06
3972.488868,0.492498,8.23e-07,2.10749999999999e-09,2.08805249795255e-09,-7.17774497175194e-13,-6.09013542104011e-13,-6.09013542104224e-13,-2.91267346223759e-06
3982.571368,0.493748,8.25096666666667e-07,2.08333333333351e-09,2.08730278701167e-09,-7.81647384579167e-13,-7.27199905848848e-13,-7.27199905848529e-13,-3.47791259318862e-06
3992.66462266666,0.494999333333333,8.27166666666667e-07,2.08333333333293e-09,2.08648920318339e-09,-8.4552027197983e-13,-8.5258069522087e-13,-8.52580695221259e-13,-4.07755984671037e-06
4002.808962,0.496257,8.29263333333333e-07,2.08500000000001e-09,2.08561174646771e-09,-9.09393159378839e-13,-9.85155910222143e-13,-9.85155910221717e-13,-4.71161522279952e-06
4012.907594,0.497509,8.31336666666667e-07,2.07000000000007e-09,2.08467041686463e-09,-9.73266046779503e-13,-1.12492555085019e-12,-1.12492555085058e-12,-5.3800787214593e-06
4022.982028,0.498758,8.33403333333333e-07,2.07416666666654e-09,2.08366521437415e-09,-1.03713893418347e-12,-1.27188961710748e-12,-1.27188961710707e-12,-6.08295034268599e-06
4033.06318366666,0.500007833333333,8.35485e-07,2.08166666666706e-09,2.08259613899627e-09,-1.06907537788546e-12,-1.42604810899196e-12,-1.42604810899196e-12,-6.82023008648329e-06
