wvnmbr,Voltage,Current,DerivativeY1,DerivativeY1_1,DerivativeY2,DerivativeY2_1,DerivativeY2_2,Alpha
-4032.967736,-0.499996,-1.27523833333333e-06,3.22833333332991e-09,3.22803989703882e-09,-2.67370732064881e-12,-2.54418942304193e-12,-2.54418942304193e-12,NaN
-4022.861038,-0.498743,-1.27201e-06,3.23333333332994e-09,3.22536618971817e-09,-2.61409748162972e-12,-2.50459020745528e-12,-2.50459020745528e-12,NaN
-4012.810802,-0.497497,-1.26877166666667e-06,3.22499999999998e-09,3.22281170207556e-09,-2.49487780359196e-12,-2.45336989853616e-12,-2.45336989853616e-12,NaN
-4002.704104,-0.496244,-1.26556e-06,3.220833333335e-09,3.22037643411099e-09,-2.37565812555419e-12,-2.39052849628457e-12,-2.39052849628457e-12,NaN
-3992.532878,-0.494983,-1.26233e-06,3.21499999999991e-09,3.21806038582445e-09,-2.25643844751663e-12,-2.3160660007005e-12,-2.3160660007005e-12,NaN
-3982.46382133334,-0.493734666666667,-1.25913e-06,3.21833333333503e-09,3.21586355721595e-09,-2.13721876947886e-12,-2.22998241178397e-12,-2.22998241178397e-12,NaN
-3972.351746,-0.492481,-1.25589333333333e-06,3.21916666666511e-09,3.21378594828549e-09,-2.01799909144089e-12,-2.13227772953496e-12,-2.13812098080412e-12,NaN
-3962.285378,-0.491233,-1.25269166666667e-06,3.19666666666491e-09,3.21182755903307e-09,-1.89877941340353e-12,-2.02295195395348e-12,-2.02958438732908e-12,NaN
-3952.210944,-0.489984,-1.2495e-06,3.18416666666986e-09,3.20998838945869e-09,-1.77955973536556e-12,-1.90200508503952e-12,-1.89793511981235e-12,NaN
-3942.14188733334,-0.488735666666667,-1.24632333333333e-06,3.21500000000013e-09,3.20826843956234e-09,-1.66034005732779e-12,-1.7694371227931e-12,-1.74861234784768e-12,NaN
-3931.961251,-0.4874735,-1.24307e-06,3.21666666666514e-09,3.20666770934403e-09,-1.54112037929002e-12,-1.6252480672142e-12,-1.58730375237477e-12,NaN
-3921.882784,-0.486224,-1.23989e-06,3.20999999999988e-09,3.20518619880376e-09,-1.42190070125226e-12,-1.39980584067858e-12,-1.41654350656814e-12,NaN
-3911.78952933334,-0.484972666666667,-1.23665e-06,3.22083333333489e-09,3.20382390794153e-09,-1.3026810232149e-12,-1.20556215892701e-12,-1.24297729247918e-12,NaN
-3901.713751,-0.4837235,-1.23344833333333e-06,3.20000000000003e-09,3.20258083675733e-09,-1.18346134517672e-12,-1.06223775750499e-12,-1.0743847343576e-12,NaN
-3891.62184066667,-0.482472333333333,-1.23025e-06,3.18916666666513e-09,3.20145698525117e-09,-1.06424166713895e-12,-9.13925553099043e-13,-9.090275299517e-13,NaN
-3881.540685,-0.4812225,-1.22707e-06,3.17583333333503e-09,3.20045235342305e-09,-9.45021989101394e-13,-7.56031305618186e-13,-7.44714695577869e-13,NaN
-3871.405756,-0.479966,-1.22389833333333e-06,3.195e-09,3.19956694127297e-09,-8.25802311063627e-13,-6.16916121946516e-13,-5.8896353213766e-13,NaN
-3861.27486,-0.47871,-1.22068e-06,3.20416666666501e-09,3.19880074880092e-09,-8.3100193397577e-13,-4.73251308072614e-13,-4.43051720655084e-13,NaN
-3851.216558,-0.477463,-1.21749e-06,3.20499999999996e-09,3.19790493740502e-09,-5.09243010130471e-14,-2.99585483962205e-13,-3.20953188675658e-13,NaN
-3841.15019,-0.476215,-1.21427e-06,3.23499999999994e-09,3.1986989001989e-09,1.01389376383447e-12,-1.63623517895667e-13,-2.32172855297549e-13,NaN
-3831.05424666667,-0.474963333333333,-1.21102e-06,3.20999999999999e-09,3.19993272493269e-09,4.04849654853527e-13,-1.1477939223269e-13,-1.68575962078739e-13,NaN
-3820.977124,-0.473714,-1.20785e-06,3.17500000000008e-09,3.1995085995086e-09,-7.26863226851141e-13,-1.29448346863169e-13,-1.12480289058023e-13,NaN
-3810.934954,-0.472469,-1.20467e-06,3.15999999999998e-09,3.19847899847898e-09,-5.4018954016585e-13,-1.4112363302104e-13,-5.77770640430962e-14,NaN
-3800.715332,-0.471202,-1.20153e-06,3.18833333333495e-09,3.19842822042827e-09,1.2542412539161e-13,-8.81848362377906e-14,-8.32580308278073e-15,NaN
-3790.592502,-0.469947,-1.19829333333333e-06,3.22000000000005e-09,3.19872984672977e-09,1.19603369497346e-13,1.65655959800945e-14,2.46106515017032e-14,NaN
-3780.598728,-0.468708,-1.19509e-06,3.21500000000002e-09,3.19866742716727e-09,-4.46940446649769e-14,1.16320500843961e-13,2.74142675238137e-14,NaN
-3770.508162,-0.467457,-1.19186333333333e-06,3.21999999999995e-09,3.19864045864044e-09,1.41336141388491e-13,1.22395517565329e-13,7.8292702233548e-15,NaN
-3760.385332,-0.466202,-1.18865e-06,3.20999999999999e-09,3.19895009945004e-09,-3.57727857742221e-14,1.47061793464789e-14,-2.76693152651985e-14,NaN
-3750.270568,-0.464948,-1.18544333333333e-06,3.20000000000003e-09,3.19856891306889e-09,-8.19644319602353e-13,-1.62929069418954e-13,-8.02365396480629e-14,NaN
-3740.12354,-0.46369,-1.18225e-06,3.17666666666499e-09,3.19731081081084e-09,-8.63577863525198e-13,-2.68612790913421e-13,-1.35979159012135e-13,NaN
-3730.073304,-0.462444,-1.17909e-06,3.16499999999991e-09,3.19684175734184e-09,-3.08880308286023e-14,-2.12063916868353e-13,-1.77354499424034e-13,NaN
-3720.006936,-0.461196,-1.17592e-06,3.18500000000004e-09,3.19724903474918e-09,8.68755118741109e-13,-1.60445484732585e-13,-2.07545087100352e-13,NaN
-3709.940568,-0.459948,-1.17272e-06,3.22000000000005e-09,3.19857926757932e-09,1.0633555632996e-12,-1.80365232748606e-13,-2.49093069100401e-13,NaN
-3699.858068,-0.458698,-1.16948e-06,3.21749999999998e-09,3.19937574587578e-09,2.02995202991428e-13,-2.17653569729314e-13,-3.03702887454843e-13,NaN
-3689.77019066666,-0.457447333333333,-1.166285e-06,3.20083333333497e-09,3.1989852579853e-09,-9.71481221515213e-13,-3.10720239949428e-13,-3.58494934472521e-13,NaN
-3679.672903,-0.4561955,-1.16307833333333e-06,3.21249999999995e-09,3.19743278343275e-09,-1.79010179014714e-12,-4.81359890580088e-13,-4.03705871310778e-13,NaN
-3669.497644,-0.454934,-1.15986e-06,3.18416666666509e-09,3.19540505440501e-09,-1.40926640924924e-12,-5.89053468694033e-13,-4.22410234122563e-13,NaN
-3659.42321,-0.453685,-1.15671e-06,3.16500000000002e-09,3.19461425061425e-09,-3.34942084936259e-13,-4.8111304863847e-13,-4.12068244964449e-13,NaN
-3649.348776,-0.452436,-1.15353e-06,3.20000000000003e-09,3.19473517023514e-09,4.58874458810952e-13,-2.98600850350556e-13,-3.91519077166859e-13,NaN
-3639.25821,-0.451185,-1.15031e-06,3.21500000000002e-09,3.19553199953188e-09,3.90575640554618e-13,-2.45035928687022e-13,-3.78422389902045e-13,NaN
-3629.167644,-0.449934,-1.1471e-06,3.20249999999999e-09,3.19551632151625e-09,-4.21931671882151e-13,-2.92684417572519e-13,-3.68930055543609e-13,NaN
-3619.09455433334,-0.448685166666667,-1.143905e-06,3.20083333333497e-09,3.19468813618811e-09,-7.06856206894193e-13,-3.59511048141195e-13,-3.55403692135256e-13,NaN
-3608.93005,-0.447425,-1.14069833333333e-06,3.1875e-09,3.19410260910246e-09,-1.1277641278113e-12,-4.43811018919488e-13,-3.40471019614955e-13,NaN
-3598.839484,-0.446174,-1.13753e-06,3.16500000000002e-09,3.19243260793249e-09,-1.31970281967224e-12,-4.55660942990331e-13,-3.04140573275009e-13,NaN
-3588.748918,-0.444923,-1.13436833333333e-06,3.18083333333495e-09,3.19146320346311e-09,-9.15525915479923e-15,-2.7303649687367e-13,-2.31112986758618e-13,NaN
-3578.650286,-0.443671,-1.13116833333333e-06,3.20166666666494e-09,3.19241429741418e-09,1.82885807890164e-12,-3.98387119400747e-14,-1.43946890302868e-13,NaN
-3568.58122933334,-0.442422666666667,-1.127965e-06,3.22416666666503e-09,3.19512091962092e-09,1.92242892249323e-12,4.50920994529101e-14,-6.44911734056346e-14,NaN
-3558.493352,-0.441172,-1.12472e-06,3.23000000000012e-09,3.19625915525917e-09,-3.08441558440587e-13,4.32695329016663e-14,-5.70492390097778e-15,NaN
-3548.338258,-0.439913,-1.121505e-06,3.19666666666491e-09,3.19450403650404e-09,-1.83128583132791e-12,5.32856360821061e-15,2.06364162148017e-14,NaN
-3538.247692,-0.438662,-1.11832666666667e-06,3.15750000000002e-09,3.19259658359651e-09,-1.63156663159904e-12,-5.46080356428502e-14,1.84769805932743e-14,NaN
-3528.165192,-0.437412,-1.11519e-06,3.13833333333505e-09,3.19124090324084e-09,-1.044898794859e-12,-5.21785238150017e-14,8.43537053269684e-15,NaN
-3518.082692,-0.436162,-1.11205e-06,3.16999999999994e-09,3.19050678600679e-09,-1.66988416917386e-13,-1.32525389890037e-14,-6.03192655170528e-15,NaN
-3507.992126,-0.434911,-1.10885e-06,3.20500000000006e-09,3.190906926407e-09,1.84681759685612e-12,4.06784813518359e-14,-2.93032754193962e-14,NaN
-3497.933824,-0.433664,-1.10564e-06,3.22499999999998e-09,3.1942004212005e-09,2.8457938457611e-12,5.9899412800361e-14,-3.64327282281508e-14,NaN
-3487.843258,-0.432413,-1.1024e-06,3.24416666666495e-09,3.19659851409852e-09,5.8780858776763e-13,-2.40888381533762e-14,-1.79591735389025e-14,NaN
-3477.65724433334,-0.431150166666667,-1.09915166666667e-06,3.21500000000002e-09,3.19537603837604e-09,-1.54021879025882e-12,-1.28494670901859e-13,1.01436359191649e-14,NaN
-3467.5734,-0.4299,-1.09597e-06,3.16083333333503e-09,3.19351807651801e-09,-1.53144378147468e-12,-6.69019979075343e-14,4.74997665316385e-14,NaN
-3457.498966,-0.428651,-1.09283e-06,3.14416666666505e-09,3.19231315081309e-09,-1.19951444947322e-12,1.29972117734699e-13,9.06981873170215e-14,NaN
-3447.416466,-0.427401,-1.08968166666667e-06,3.17499999999997e-09,3.19111904761906e-09,-2.28676728604717e-13,2.1723794967915e-13,1.11434059003887e-13,NaN
-3437.333966,-0.426151,-1.08648e-06,3.20166666666992e-09,3.19185579735588e-09,1.28635778639522e-12,1.82673336400006e-13,9.16246492690574e-14,NaN
-3427.251466,-0.424901,-1.08327833333333e-06,3.23500000000004e-09,3.19369176319185e-09,1.27009477010236e-12,1.22827690489387e-13,4.92312676351634e-14,NaN
-3417.096372,-0.423642,-1.08001e-06,3.24250000000004e-09,3.19439598689608e-09,4.12074412125883e-13,-7.17876421153275e-15,-4.50427443836912e-15,NaN
-3407.021938,-0.422393,-1.07679333333333e-06,3.20083333333497e-09,3.1945159120161e-09,-2.84485784463502e-13,-2.11691277805785e-13,-5.38326133974198e-14,NaN
-3396.91524,-0.42114,-1.07360833333333e-06,3.14666666666501e-09,3.19382701532716e-09,-9.38545688601215e-13,-2.38832608477627e-13,-6.34318489922926e-14,NaN
-3386.856938,-0.419893,-1.0705e-06,3.14416666666494e-09,3.1926388206389e-09,-6.68801918799895e-13,-1.96567750513717e-14,-4.31875597226421e-14,NaN
-3376.774438,-0.418643,-1.06732e-06,3.18499999999993e-09,3.19248941148956e-09,5.5466830464503e-13,1.10906462897561e-13,-2.57521726444579e-14,NaN
-3366.67849466667,-0.417391333333333,-1.06413e-06,3.20333333333504e-09,3.19374815724819e-09,8.17713817572052e-13,8.95512068134572e-14,-1.29500043461182e-14,NaN
-3356.601372,-0.416142,-1.06091333333333e-06,3.23500000000004e-09,3.1941248391247e-09,1.63917163841508e-13,4.7420072810808e-14,-5.53040085969891e-15,NaN
-3346.430146,-0.414881,-1.05766e-06,3.23666666666496e-09,3.19407599157587e-09,-1.01965601910169e-13,-7.56921719918726e-14,-2.38686511466639e-14,NaN
-3336.355712,-0.413632,-1.05444e-06,3.20499999999996e-09,3.19392090792088e-09,-5.51597051515592e-13,-1.88245940314145e-13,-6.00777249860273e-14,NaN
-3326.273212,-0.412382,-1.05125e-06,3.14749999999996e-09,3.19297279747284e-09,-1.23411723408645e-12,-1.45651845002387e-13,-7.84719046524734e-14,NaN
-3316.194745,-0.4111325,-1.048145e-06,3.12500000000008e-09,3.19145267345271e-09,-8.0893880898829e-13,-4.1754106002633e-14,-8.16709721418381e-14,NaN
-3306.108212,-0.409882,-1.045e-06,3.17250000000001e-09,3.19135491985487e-09,7.71557271496473e-13,6.74138112672532e-15,-8.76932853346806e-14,NaN
-3296.03512233334,-0.408633166666667,-1.0418e-06,3.220833333335e-09,3.1929957879957e-09,1.13428688429628e-12,-1.86897168729098e-14,-8.88433826916045e-14,NaN
-3285.838354,-0.407369,-1.03855833333333e-06,3.23500000000004e-09,3.19362349362346e-09,1.26623376602873e-13,-9.46672750352139e-14,-8.57005245261524e-14,NaN
-3275.77467466666,-0.406121333333333,-1.03533e-06,3.23916666666492e-09,3.19324903474891e-09,7.31250724884677e-15,-1.70853255184623e-13,-8.62794768922123e-14,NaN
-3265.689486,-0.404871,-1.03208e-06,3.20249999999999e-09,3.19363811863796e-09,-1.95565695517294e-13,-1.793573736858e-13,-8.47134355627869e-14,NaN
-3255.623118,-0.403623,-1.028925e-06,3.16000000000009e-09,3.19285790335787e-09,-8.05458055389536e-13,-9.00508669310407e-14,-7.74842492579076e-14,NaN
-3245.540618,-0.402373,-1.02576e-06,3.14750000000006e-09,3.19202720252718e-09,-2.28325728318252e-13,8.73846297211643e-15,-7.80297974725828e-14,NaN
-3235.450052,-0.401122,-1.02263e-06,3.15999999999998e-09,3.19240125190124e-09,2.43886743943261e-13,7.03441689254542e-15,-9.58126102053018e-14,NaN
-3225.286892,-0.399862,-1.01944e-06,3.195e-09,3.19251497601506e-09,-1.3364338361679e-13,-8.6142015035164e-14,-1.21098747858392e-13,NaN
-3215.212458,-0.398613,-1.01624e-06,3.24249999999993e-09,3.192133965134e-09,-5.22464022525255e-13,-1.99724104996868e-13,-1.5407560659499e-13,NaN
-3205.12861366666,-0.397362833333333,-1.012955e-06,3.24916666666488e-09,3.19147004797001e-09,-3.26079326120408e-13,-2.93702651328048e-13,-1.92946917189574e-13,NaN
-3195.02998166667,-0.396110833333333,-1.00974166666667e-06,3.19750000000007e-09,3.19148180648176e-09,9.91868492220422e-14,-2.82451018959832e-13,-2.1606841375054e-13,NaN
-3184.956892,-0.394862,-1.00656e-06,3.17166666667004e-09,3.19166842166846e-09,-1.42155141671374e-14,-1.73696006151456e-13,-2.15555870140694e-13,NaN
-3174.866326,-0.393611,-1.00339833333333e-06,3.13833333333494e-09,3.19145337545343e-09,-6.23610623899009e-14,-1.38349597646917e-13,-2.04660994423418e-13,NaN
-3164.80130233334,-0.392363166666667,-1.00028333333333e-06,3.14666666666501e-09,3.19154369954368e-09,3.14964314924118e-13,-1.51238285028526e-13,-1.89998879470101e-13,NaN
-3154.644864,-0.391104,-9.97105e-07,3.19166666666509e-09,3.19208330408328e-09,-3.99877149878891e-13,-1.55982708619197e-13,-1.69350412233221e-13,NaN
-3144.546232,-0.389852,-9.939e-07,3.23750000000001e-09,3.19074394524392e-09,-1.22066222066434e-12,-1.98144899846704e-13,-1.51935746069557e-13,NaN
-3134.455666,-0.388601,-9.9063e-07,3.24999999999993e-09,3.18964197964195e-09,-2.72464022472239e-13,-2.08238158385218e-13,-1.37229460665332e-13,NaN
-3124.373166,-0.387351,-9.874e-07,3.20000000000003e-09,3.19019901719897e-09,6.46718146752153e-13,-1.18660981273967e-13,-1.06829568398311e-13,NaN
-3114.306798,-0.386103,-9.8423e-07,3.16500000000002e-09,3.19093541593545e-09,1.36948637002207e-13,-1.23098064390263e-14,-6.67583267458823e-14,NaN
-3104.20682166667,-0.384850833333333,-9.8107e-07,3.15000000000003e-09,3.19047291447298e-09,-1.12963612979813e-13,1.56351016030079e-14,-3.18225444401631e-14,NaN
-3094.053072,-0.383592,-9.7793e-07,3.14000000000007e-09,3.19070948870949e-09,3.70012869687565e-14,1.23503204465748e-14,6.09952036963253e-15,NaN
-3083.96519466666,-0.382341333333333,-9.7479e-07,3.18416666666658e-09,3.19054691704692e-09,-5.34807534809373e-13,3.51913231087778e-14,5.13892402931949e-14,NaN
-3073.904204,-0.381094,-9.71561666666667e-07,3.23083333333347e-09,3.18963987363987e-09,-2.91827541826728e-13,4.90608378849126e-14,9.29748387754143e-14,NaN
-3063.805572,-0.379842,-9.68328333333333e-07,3.2358333333334e-09,3.18996326196326e-09,4.89586989586485e-13,7.46010760759127e-14,1.30060037241146e-13,NaN
-3053.731138,-0.378593,-9.6509e-07,3.21916666666648e-09,3.19061904761905e-09,5.05908505905443e-13,1.88529815696507e-13,1.70309900102245e-13,NaN
-3043.640572,-0.377342,-9.6189e-07,3.17250000000001e-09,3.19097507897507e-09,5.24774774768838e-13,2.86248072452708e-13,2.01565356846003e-13,NaN
-3033.566138,-0.376093,-9.58745e-07,3.15500000000006e-09,3.19166859716858e-09,7.75798525750298e-13,2.56372643344353e-13,2.19937981766112e-13,NaN
-3023.38550166666,-0.374830833333333,-9.5558e-07,3.1625e-09,3.19252667602657e-09,9.79583479034308e-14,2.03186671637594e-13,2.39149997255049e-13,NaN
-3013.312412,-0.373582,-9.5242e-07,3.16999999999994e-09,3.19186451386439e-09,-5.86199836147849e-13,2.00473121851595e-13,2.50389121402739e-13,NaN
-3003.237978,-0.372333,-9.4924e-07,3.22e-09,3.19135427635428e-09,-2.11360711250424e-13,1.92878450726802e-13,2.39708394601977e-13,NaN
-2993.139346,-0.371081,-9.4598e-07,3.23833333333352e-09,3.19144179244189e-09,2.3730548733809e-13,2.25867004718604e-13,2.12830552061833e-13,NaN
-2983.06222333334,-0.369831666666667,-9.42763333333333e-07,3.21500000000002e-09,3.19182888732896e-09,3.92506142459808e-13,2.60945955700688e-13,1.7570943271036e-13,NaN
-2972.974346,-0.368581,-9.3955e-07,3.20166666666648e-09,3.19222680472681e-09,6.45401895365854e-13,1.78062015265924e-13,1.22527434813271e-13,NaN
-2962.80312,-0.36732,-9.3636e-07,3.15333333333345e-09,3.19311969111969e-09,6.81437931431646e-13,4.60946037957922e-14,5.97524406885125e-14,NaN
-2952.736752,-0.366072,-9.33243333333333e-07,3.1358333333335e-09,3.19358968058967e-09,-1.91295191318041e-14,-6.97739319808387e-14,2.44849282949654e-15,NaN
-2942.662318,-0.364823,-9.30088333333333e-07,3.17000000000005e-09,3.19308143208142e-09,-7.90277290277868e-13,-1.28309302791931e-13,-5.96277166232333e-14,NaN
-2932.56099733334,-0.363570666666667,-9.26903333333333e-07,3.22416666666652e-09,3.19200912600912e-09,-6.29519129519335e-13,-1.26131461697126e-13,-1.26767792435855e-13,NaN
-2922.489252,-0.362322,-9.2364e-07,3.23666666666649e-09,3.19182239382238e-09,8.10810810776184e-14,-1.0998677466791e-13,-1.80889713724553e-13,NaN
-2912.398686,-0.361071,-9.2043e-07,3.23000000000001e-09,3.19217128817127e-09,4.22838422833255e-13,-1.49052574446593e-13,-2.26864280710676e-13,NaN
-2902.243592,-0.359812,-9.1718e-07,3.20999999999999e-09,3.19266807066805e-09,2.35784485794475e-13,-2.83144452162551e-13,-2.73161396764686e-13,NaN
-2892.153026,-0.358561,-9.1401e-07,3.15499999999995e-09,3.19264285714286e-09,-7.78811278798836e-13,-3.82178711617109e-13,-3.13526668087073e-13,NaN
-2882.07321466666,-0.357311333333333,-9.1087e-07,3.13499999999998e-09,3.19111044811045e-09,-1.1969111969184e-12,-3.78319849630688e-13,-3.28870872269024e-13,NaN
-2871.996092,-0.356062,-9.0774e-07,3.15999999999998e-09,3.19024903474902e-09,-7.24844974852208e-13,-3.60529999053873e-13,-3.37933322791277e-13,NaN
-2861.921658,-0.354813,-9.0455e-07,3.20500000000006e-09,3.18966075816075e-09,-2.19989469992483e-13,-3.29476431551778e-13,-3.65094587691886e-13,NaN
-2851.82168166666,-0.353560833333333,-9.0133e-07,3.23166666666656e-09,3.18980905580904e-09,4.42874692869221e-13,-2.59764346311063e-13,-3.67707542115932e-13,NaN
-2841.77279,-0.352315,-8.98086666666667e-07,3.2374999999999e-09,3.19054650754649e-09,2.27857727885909e-14,-2.34040891443414e-13,-3.22196593859707e-13,NaN
-2831.585432,-0.351052,-8.94855e-07,3.216666666667e-09,3.18985462735462e-09,-6.73335673327735e-13,-3.82963777044816e-13,-2.43708202940293e-13,NaN
-2821.494866,-0.349801,-8.91653333333333e-07,3.15750000000002e-09,3.18919983619983e-09,-5.04299754293313e-13,-4.01319762465226e-13,-1.47292774003417e-13,NaN
-2811.412366,-0.348551,-8.8854e-07,3.13083333333299e-09,3.18884602784603e-09,-2.64186264181668e-13,-4.21109773820567e-14,-5.44838448690761e-14,NaN
-2801.337932,-0.347302,-8.85391666666667e-07,3.15500000000006e-09,3.18867146367147e-09,4.30384930380268e-13,2.239287002301e-13,1.61588838022914e-14,NaN
-2791.263498,-0.346053,-8.8223e-07,3.19083333333348e-09,3.18970679770679e-09,4.54106704102614e-13,2.11980833019802e-13,6.10792207670251e-14,NaN
-2781.1568,-0.3448,-8.7901e-07,3.23499999999999e-09,3.18957967707967e-09,-4.1069966068991e-13,1.08495070985844e-13,9.08211049621795e-14,NaN
-2771.025904,-0.343544,-8.7576e-07,3.23000000000001e-09,3.18888539838541e-09,-3.75365625354006e-13,-1.25295115235225e-15,8.0796643772481e-14,NaN
-2760.935338,-0.342293,-8.7255e-07,3.21499999999997e-09,3.18882894582897e-09,-8.51175850787949e-15,-8.56944484746065e-14,2.62745619014023e-14,NaN
-2750.84746066666,-0.341042333333333,-8.6933e-07,3.17e-09,3.1888683748684e-09,-2.71732771775623e-14,-9.36105639430628e-14,-1.83316558086534e-14,NaN
-2740.762272,-0.339792,-8.6621e-07,3.12083333333356e-09,3.18877459927461e-09,2.95834795829124e-13,8.40199679702739e-15,-3.85320972184332e-14,NaN
-2730.70397,-0.338545,-8.63088333333333e-07,3.13500000000004e-09,3.18946004446005e-09,2.59199134199225e-12,6.14389167015068e-14,-4.80172876888363e-14,NaN
-2720.597272,-0.337292,-8.5994e-07,3.19083333333295e-09,3.1939585819586e-09,1.67096642096985e-12,4.26504439172289e-15,-5.13726677156596e-14,NaN
-2710.514772,-0.336042,-8.56706666666667e-07,3.2525e-09,3.19280197730199e-09,-3.38247338247355e-12,-8.8917296829175e-14,-4.67091033359583e-14,NaN
-2700.347579,-0.3347815,-8.53435e-07,3.24833333333348e-09,3.18719363519365e-09,-3.07444132445078e-12,-1.33311402027785e-13,-3.43695030170515e-14,NaN
-2690.26776766666,-0.333531833333333,-8.5021e-07,3.20749999999997e-09,3.18665309465309e-09,2.89780039772972e-13,-7.95874363234424e-14,-1.81127968285127e-14,NaN
-2680.19602233334,-0.332283166666667,-8.4702e-07,3.16333333333357e-09,3.18777319527319e-09,9.30677430682559e-13,7.42904462882584e-15,1.82260099315568e-15,NaN
-2670.11083366666,-0.331032833333333,-8.43883333333333e-07,3.1358333333335e-09,3.18851444951446e-09,6.7941967941927e-13,8.92093362328147e-14,-6.14490233309695e-15,NaN
-2660.00413566666,-0.329779833333333,-8.40748333333333e-07,3.15666666666645e-09,3.18913203463203e-09,7.79454779453407e-13,1.04843859344942e-13,-3.16449078376257e-14,NaN
-2649.93239033334,-0.328531166666667,-8.3757e-07,3.20416666666649e-09,3.19007335907336e-09,2.79484029485742e-13,1.52781307716208e-14,-2.30059640896425e-14,NaN
-2639.79477266666,-0.327274333333333,-8.3434e-07,3.23500000000004e-09,3.189691002691e-09,-5.89212589217273e-13,-1.29946833028818e-13,3.47097169482025e-15,NaN
-2629.685386,-0.326021,-8.311e-07,3.23000000000001e-09,3.18889493389493e-09,-4.29244179244735e-13,-2.18327558676325e-13,2.52844813129069e-14,NaN
-2619.602886,-0.324771,-8.2788e-07,3.20083333333344e-09,3.18883251433251e-09,2.47338247338507e-13,2.96463398943836e-14,5.43568941234901e-14,NaN
-2609.52307466666,-0.323521333333333,-8.24698333333333e-07,3.17500000000008e-09,3.18938961038961e-09,9.27079677077515e-13,3.44160169985396e-13,9.32636988117375e-14,NaN
-2599.44729633334,-0.322272166666667,-8.2153e-07,3.14916666666656e-09,3.19068667368667e-09,6.42096642100378e-13,2.50644085835058e-13,1.2441753683714e-13,NaN
-2589.363452,-0.321022,-8.184e-07,3.14499999999994e-09,3.19067380367381e-09,1.27617877618149e-13,9.51505822859928e-14,1.36836478614031e-13,NaN
-2579.208358,-0.319763,-8.1524e-07,3.19249999999993e-09,3.19094190944191e-09,-1.81689481700389e-13,8.69741492073118e-14,1.28537667407904e-13,NaN
-2569.117792,-0.318512,-8.12015e-07,3.22500000000003e-09,3.19031042471041e-09,-1.37405522405917e-12,4.41987725649829e-14,9.23417051070995e-14,NaN
-2559.023193,-0.3172605,-8.0879e-07,3.22250000000007e-09,3.18819379899379e-09,-1.23079735578364e-12,1.48729953963977e-14,8.24990090857521e-14,NaN
-2548.948759,-0.3160115,-8.0557e-07,3.11749999999992e-09,3.18784882999884e-09,3.05873405880788e-13,1.28715928878657e-13,1.53423107375728e-13,NaN
-2538.862226,-0.314761,-8.02555e-07,3.18166666666651e-09,3.18880554580555e-09,1.48452088451204e-12,2.9868564864506e-13,2.7056719046513e-13,NaN
-2528.779726,-0.313511,-7.99206666666667e-07,3.26250000000001e-09,3.19081787176786e-09,1.82594185093376e-12,3.9570535369815e-13,3.82568821084483e-13,NaN
-2518.681094,-0.312259,-7.9603e-07,3.16416666666698e-09,3.19245742950742e-09,6.70466245463165e-13,5.02307735513598e-13,4.92462580526973e-13,NaN
-2508.53541033334,-0.311001166666667,-7.92878333333333e-07,3.16000000000004e-09,3.19215880425879e-09,-3.81800631787015e-14,6.40317892264918e-13,6.23375733659012e-13,NaN
-2498.44215566666,-0.309749833333333,-7.8971e-07,3.20083333333302e-09,3.19238106938106e-09,1.72113022117707e-13,7.18165209062995e-13,7.29830755654975e-13,NaN
-2488.37444333334,-0.308501666666667,-7.86476666666667e-07,3.23000000000001e-09,3.19250303030302e-09,-3.36217386213216e-13,6.71836741771207e-13,7.6518876217791e-13,NaN
-2478.294632,-0.307252,-7.8325e-07,3.22333333333348e-09,3.19170863460863e-09,6.10828360823574e-14,7.50262817108379e-13,7.30115081681553e-13,NaN
-2468.20541033334,-0.306001166666667,-7.8003e-07,3.20083333333349e-09,3.19262519597519e-09,1.64019831520149e-12,8.65194090727496e-13,6.26552789767912e-13,NaN
-2458.129632,-0.304752,-7.76848333333333e-07,3.16916666666648e-09,3.19498903123904e-09,2.2414823914945e-12,5.63992484417146e-13,4.76711096660319e-13,NaN
-2447.970505,-0.3034925,-7.73691666666667e-07,3.15416666666649e-09,3.19710816075818e-09,1.21281443781504e-12,1.68821448145267e-13,3.06043032585431e-13,NaN
-2437.875906,-0.302241,-7.7054e-07,3.16083333333355e-09,3.19741466011467e-09,1.7724347724003e-13,2.88780696486115e-17,1.27548620587682e-13,NaN
-2427.793406,-0.300991,-7.6737e-07,3.18999999999997e-09,3.19746264771266e-09,-8.13209313130881e-14,-8.30205769876618e-14,-4.65959932020182e-14,NaN
-2417.718972,-0.299742,-7.6416e-07,3.23416666666647e-09,3.19725201825204e-09,-8.77881127881205e-13,-1.34802086401792e-13,-1.75931139116864e-13,NaN
-2407.628406,-0.298491,-7.60901666666667e-07,3.23500000000004e-09,3.1957068854569e-09,-1.59568854570306e-12,-2.10543385796253e-13,-2.31326133788172e-13,NaN
-2397.562038,-0.297243,-7.5769e-07,3.222666666667e-09,3.19406064116063e-09,-5.87834912839842e-13,-2.6504501024126e-13,-2.56664548501139e-13,NaN
-2387.41501,-0.295985,-7.54456333333333e-07,3.20058333333348e-09,3.19453121563122e-09,1.13287410788701e-12,-2.47469690794533e-13,-2.78685433244282e-13,NaN
-2377.340576,-0.294736,-7.51288833333333e-07,3.14983333333298e-09,3.19632638937641e-09,-1.11703229203196e-12,-2.74865733856116e-13,-2.85523706131697e-13,NaN
-2367.24866566666,-0.293484833333333,-7.48156666666667e-07,3.15483333333302e-09,3.19229715104715e-09,-3.08174505676338e-12,-3.18716171945086e-13,-2.76445893519863e-13,NaN
-2357.159444,-0.292234,-7.44979166666667e-07,3.19508333333349e-09,3.19016289926288e-09,3.98712998709799e-13,-2.6766772620969e-13,-2.4810154195492e-13,NaN
-2347.076944,-0.290984,-7.417665e-07,3.22108333333352e-09,3.19309457704457e-09,1.57306657308632e-12,-1.77300870984339e-13,-1.96071650920751e-13,NaN
-2337.00251,-0.289735,-7.38537e-07,3.24824999999998e-09,3.19330903240905e-09,-8.9139464125352e-14,-1.22021333455803e-13,-1.24745835118005e-13,NaN
-2326.89850066666,-0.288482333333333,-7.3527e-07,3.1993333333335e-09,3.19291629811632e-09,1.32619632603353e-13,-7.43885825957875e-14,-4.68227212612917e-14,NaN
-2316.748784,-0.287224,-7.32138333333333e-07,3.15783333333358e-09,3.19357427167426e-09,9.1652334149911e-13,1.6809385580667e-14,4.00505622014126e-14,NaN
-2306.666284,-0.285974,-7.28954333333333e-07,3.1794166666665e-09,3.19474934479932e-09,1.01651749152193e-12,1.31838107026387e-13,1.13343020928686e-13,NaN
-2296.583784,-0.284724,-7.257795e-07,3.17924999999999e-09,3.1956073066573e-09,3.60802035824905e-13,1.5620301230074e-13,1.20110628811947e-13,NaN
-2286.501284,-0.283474,-7.22595833333333e-07,3.18016666666647e-09,3.19547094887097e-09,-5.8223353222936e-13,1.0620095839185e-13,7.16739064681327e-14,NaN
-2276.418784,-0.282224,-7.19419166666667e-07,3.190583333333e-09,3.19444283959285e-09,-9.97104247122876e-13,1.26936425564062e-13,5.23374773520484e-15,NaN
-2266.312086,-0.280971,-7.16214666666667e-07,3.21366666666702e-09,3.19347674037672e-09,-9.88621738628666e-13,-3.95154345864616e-14,-6.89317675715544e-14,NaN
-2256.18119,-0.279715,-7.12991833333333e-07,3.197e-09,3.19246559611559e-09,-7.54083304077004e-13,-3.40597601525455e-13,-1.36490153515664e-13,NaN
-2246.106756,-0.278466,-7.09820666666667e-07,3.165833333333e-09,3.19196857376857e-09,1.50137475136488e-13,-2.91782361579311e-13,-1.78545855102339e-13,NaN
-2236.032322,-0.277217,-7.06660166666667e-07,3.17333333333347e-09,3.19276587106586e-09,8.01327951330636e-13,-1.19213760935935e-13,-1.90771043755712e-13,NaN
-2225.925624,-0.275964,-7.03474e-07,3.216916666667e-09,3.19357122967123e-09,7.42775242788879e-13,-9.30771156981034e-14,-1.7483308460039e-13,NaN
-2215.843124,-0.274714,-7.00226333333333e-07,3.21041666666656e-09,3.19425142155144e-09,3.1731016731906e-13,-9.24045247107789e-14,-1.10641803992109e-13,NaN
-2205.752558,-0.273463,-6.97053166666667e-07,3.18758333333297e-09,3.19420585000587e-09,-1.06680121680904e-12,-7.35999467290281e-14,-2.32999390392195e-14,NaN
-2195.68887866666,-0.272215333333333,-6.93851166666667e-07,3.21341666666696e-09,3.19211781911782e-09,-1.60358312860356e-12,-2.65554016212201e-14,2.19890458400559e-14,NaN
-2185.531096,-0.270956,-6.90626333333333e-07,3.228166666667e-09,3.19099868374866e-09,-4.16520416528547e-13,3.13480050499076e-14,3.29701981256946e-14,NaN
-2175.424398,-0.269703,-6.87394833333333e-07,3.20483333333302e-09,3.19128477828476e-09,6.63095238102812e-13,8.15073445624398e-14,3.19470534015473e-14,NaN
-2165.374162,-0.268457,-6.84216666666667e-07,3.17308333333299e-09,3.19232487422487e-09,1.69495729495374e-12,7.81671499495737e-14,-7.71406753065147e-15,NaN
-2155.307794,-0.267209,-6.81048666666667e-07,3.16649999999995e-09,3.19467469287467e-09,1.33457938458503e-12,-5.90769285515781e-14,-9.48495848201376e-14,NaN
-2145.201096,-0.265956,-6.77883666666667e-07,3.17141666666707e-09,3.19499403299404e-09,-5.90716040696479e-13,-2.18174711733939e-13,-2.01806176498739e-13,NaN
-2135.126662,-0.264707,-6.74705833333333e-07,3.19091666666708e-09,3.19349326079328e-09,-1.17989352989433e-12,-3.22163814276098e-13,-2.97976428808427e-13,NaN
-2124.94468133334,-0.263444666666667,-6.71501833333333e-07,3.202083333333e-09,3.19263424593425e-09,-9.93752193749335e-13,-4.54969829535945e-13,-3.68506956277562e-13,NaN
-2114.872936,-0.262196,-6.68301666666667e-07,3.21233333333296e-09,3.19150575640578e-09,-7.84260559250427e-13,-4.86524641566749e-13,-4.06085707324537e-13,NaN
-2104.78909166666,-0.260945833333333,-6.65077166666667e-07,3.20333333333345e-09,3.19106572481575e-09,-1.28910728919396e-13,-3.76133026033693e-13,-4.12253281818051e-13,NaN
-2094.716002,-0.259697,-6.61895e-07,3.176666666667e-09,3.19124793494794e-09,1.86653211653781e-13,-3.00948297611831e-13,-4.00668461053031e-13,NaN
-2084.61468133334,-0.258444666666667,-6.58723833333333e-07,3.16750000000003e-09,3.19143903123906e-09,-1.02898677895848e-13,-3.12370461764862e-13,-3.68702381463873e-13,NaN
-2074.567134,-0.257199,-6.5556e-07,3.17224999999995e-09,3.19104213759215e-09,-1.07671990173759e-12,-3.39530526226843e-13,-3.09379228582211e-13,NaN
-2064.395908,-0.255938,-6.52379333333333e-07,3.18749999999995e-09,3.18928559143558e-09,-1.52765005265643e-12,-3.23410343624133e-13,-2.33884634622636e-13,NaN
-2054.321474,-0.254689,-6.49185e-07,3.20033333333305e-09,3.18798683748684e-09,-3.5753480752424e-13,-2.1042876278629e-13,-1.42087326349312e-13,NaN
-2044.214776,-0.253436,-6.45978666666667e-07,3.20441666666655e-09,3.18857052182053e-09,-1.40215865215812e-13,-2.54860955200617e-14,-2.74906655911909e-14,NaN
-2034.14571933334,-0.252187666666667,-6.42776166666667e-07,3.20933333333346e-09,3.1877064057564e-09,2.27799227660873e-14,1.36430028860889e-13,1.10444776377766e-13,NaN
-2024.057842,-0.250937,-6.3956e-07,3.20575000000003e-09,3.18861608166606e-09,1.94146776646534e-12,2.60324678000272e-13,2.24800162708834e-13,NaN
-2013.99012966666,-0.249688833333333,-6.36364666666667e-07,3.17608333333355e-09,3.19158934128934e-09,1.89915174916636e-12,3.13280918885024e-13,2.39161191340077e-13,NaN
-2003.90628533334,-0.248438666666667,-6.33207833333333e-07,3.17299999999992e-09,3.1924143851644e-09,4.07072657075538e-13,2.85217665348376e-13,1.69435698673625e-13,NaN
-1993.75388,-0.24718,-6.30018666666667e-07,3.18124999999999e-09,3.19240348660349e-09,-6.45907920922447e-13,2.33089146744245e-13,1.09872484012118e-13,NaN
-1983.66600266666,-0.245929333333333,-6.26845333333333e-07,3.18816666666706e-09,3.19112256932255e-09,-9.32853632865369e-13,5.32193238239115e-15,1.2777719660064e-13,NaN
-1973.58888,-0.24468,-6.23642333333333e-07,3.196333333333e-09,3.19053777933776e-09,-2.50242775237182e-13,-2.00439316503182e-13,2.11836775941542e-13,NaN
-1963.50369133334,-0.243429666666667,-6.20452666666667e-07,3.19525e-09,3.19062208377208e-09,3.41497016516781e-13,1.01721309242246e-13,3.12819430419655e-13,NaN
-1953.415814,-0.242179,-6.17251833333333e-07,3.19691666666698e-09,3.19122077337079e-09,9.42731367735864e-13,6.2128619005078e-13,3.85432882131346e-13,NaN
-1943.333314,-0.240929,-6.14058833333333e-07,3.20158333333298e-09,3.19250754650755e-09,7.89048789035358e-13,8.18555667788028e-13,4.10278617082607e-13,NaN
-1933.186286,-0.239671,-6.10848666666667e-07,3.18291666666649e-09,3.19279887094886e-09,-4.74991224999684e-13,5.83833458156628e-13,4.08360864083452e-13,NaN
-1923.119918,-0.238423,-6.07693e-07,3.17274999999997e-09,3.19155756405755e-09,-1.27937872937525e-12,1.8041172586079e-13,3.46264848735167e-13,NaN
-1913.02397466666,-0.237171333333333,-6.04503166666667e-07,3.19641666666649e-09,3.19024011349011e-09,-1.09340704339297e-12,-1.13625035584864e-13,1.70483285731775e-13,NaN
-1902.942819,-0.2359215,-6.01300166666667e-07,3.19908333333355e-09,3.18937074997076e-09,-4.55089505073709e-13,-2.03309768461228e-13,-6.94301309040412e-14,NaN
-1892.86569633334,-0.234672166666667,-5.98105e-07,3.19858333333348e-09,3.18932993447996e-09,3.85345735351861e-13,-1.79243714531908e-13,-3.0400857455375e-13,NaN
-1882.77647466666,-0.233421333333333,-5.94903e-07,3.18941666666646e-09,3.19014144144147e-09,4.27722592721017e-12,-3.43399478942479e-13,-5.32712506945233e-13,NaN
-1872.70069633334,-0.232172166666667,-5.91726166666667e-07,3.18900000000004e-09,3.19788438633438e-09,6.00108810106285e-12,-7.23636699071001e-13,-7.94835752063335e-13,NaN
-1862.536192,-0.230912,-5.88525e-07,3.22658333333351e-09,3.20214361764359e-09,-1.54822159822295e-12,-1.13702640052817e-12,-1.11613653536418e-12,NaN
-1852.441593,-0.2296605,-5.85273e-07,3.16550000000003e-09,3.19478794313794e-09,-8.26245758744227e-12,-1.54277931234396e-12,-1.48845665484174e-12,NaN
-1842.36984766666,-0.228411833333333,-5.82194e-07,3.13400000000001e-09,3.18561870246871e-09,-6.71145723644785e-12,-1.92825586101019e-12,-1.86521784584268e-12,NaN
-1832.28331466666,-0.227161333333333,-5.79005e-07,3.20099999999995e-09,3.18136502866504e-09,-2.69352404353065e-12,-2.22178976578167e-12,-2.20022984282819e-12,NaN
-1822.206192,-0.225912,-5.75792e-07,3.20950000000003e-09,3.18023165438165e-09,-7.23364923376369e-13,-2.44158150978188e-12,-2.50845792454564e-12,NaN
-1812.115626,-0.224661,-5.72586e-07,3.21350000000003e-09,3.17991829881829e-09,4.59386334394805e-13,-2.63485924300823e-12,-2.76254537180056e-12,NaN
-1801.968598,-0.223403,-5.69365e-07,3.18800000000002e-09,3.18115042705044e-09,-1.23078273077649e-12,-2.7784591214637e-12,-2.8457991196141e-12,NaN
-1791.90223,-0.222155,-5.6621e-07,3.16749999999998e-09,3.17745673335673e-09,-4.52093424593391e-12,-2.88893997970377e-12,-2.70109069908929e-12,NaN
-1781.77671133334,-0.220899666666667,-5.6303e-07,3.16549999999998e-09,3.17210855855857e-09,-4.34868082367048e-12,-2.82211827449429e-12,-2.38635177599136e-12,NaN
-1771.72781966666,-0.219653833333333,-5.59879e-07,3.15400000000003e-09,3.16875937170939e-09,-2.7659032409039e-12,-2.17975513967508e-12,-1.97764457421373e-12,NaN
-1761.61977733334,-0.218400666666667,-5.56722e-07,3.18749999999995e-09,3.16657675207676e-09,-1.98774131274781e-12,-1.16890542221582e-12,-1.51252178984829e-12,NaN
-1751.54534333334,-0.217151666666667,-5.53504e-07,3.22483333333347e-09,3.1647838890839e-09,-1.08734936234676e-12,-5.45328651761992e-13,-1.02647234855409e-12,NaN
-1741.37546166666,-0.215890833333333,-5.50272333333333e-07,3.20833333333354e-09,3.16440205335207e-09,6.02038727034971e-13,-4.264700477604e-13,-5.34405742707732e-13,NaN
-1731.28892866666,-0.214640333333333,-5.47087333333333e-07,3.18608333333303e-09,3.16598796653797e-09,1.21738036736894e-12,-3.14401608084468e-13,-5.58657512777578e-14,NaN
-1721.20374,-0.21339,-5.43900166666667e-07,3.16133333333298e-09,3.16683681408681e-09,6.24578799577169e-13,7.04858905076464e-14,3.50440588341592e-13,NaN
-1711.133339,-0.2121415,-5.40764666666667e-07,3.14349999999995e-09,3.16723712413712e-09,4.14063414069374e-13,5.92104898845253e-13,7.07713261435887e-13,NaN
-1701.062938,-0.210893,-5.37613166666667e-07,2.95841666666702e-09,3.16766494091494e-09,6.65429390431033e-13,1.22208944997308e-12,1.09805925329755e-12,NaN
-1690.9469641,-0.20963885,-5.34847833333333e-07,2.99016666666704e-09,3.16856798291798e-09,2.10880133379889e-12,1.75113636411409e-12,1.50596160410383e-12,NaN
-1680.8592212,-0.2083882,-5.31632833333333e-07,3.25833333333301e-09,3.17188254358254e-09,2.42741020240944e-12,1.9274539483672e-12,1.82157775534777e-12,NaN
-1670.77416696666,-0.207137883333333,-5.28331166666667e-07,3.340333333333e-09,3.1734228033228e-09,1.13938223938077e-12,2.01424189278823e-12,2.02219725068115e-12,NaN
-1660.62471916666,-0.205879583333333,-5.24952166666667e-07,3.2295e-09,3.1741613080613e-09,1.83843453843469e-12,2.1706522112045e-12,2.21862342363692e-12,NaN
-1650.485085,-0.2046225,-5.21872166666667e-07,3.15491666666699e-09,3.17709967239967e-09,2.82114484614775e-12,2.29197499486934e-12,2.46058391690879e-12,NaN
-1640.45635833334,-0.203379166666667,-5.18642333333333e-07,3.1320833333335e-09,3.1798035977536e-09,2.96501696501476e-12,2.38762058346322e-12,2.70894644391557e-12,NaN
-1630.30462516666,-0.202120583333333,-5.15608e-07,3.084e-09,3.1830297063297e-09,2.85088042588308e-12,2.80051177893767e-12,2.90458989107118e-12,NaN
-1620.17036833334,-0.200864166666667,-5.12474333333333e-07,3.20049999999999e-09,3.18550535860537e-09,2.03964548965297e-12,3.38288357229956e-12,2.9851772769137e-12,NaN
-1610.1494388,-0.1996218,-5.09207e-07,3.25766666666649e-09,3.18710899730901e-09,2.04991809991926e-12,3.36840162368885e-12,2.91870310270358e-12,NaN
-1600.0451606,-0.1983691,-5.05959e-07,3.23733333333349e-09,3.1896051948052e-09,2.35059670059272e-12,2.75676846920017e-12,2.71831156099228e-12,NaN
-1589.9973444,-0.1971234,-5.02732333333333e-07,3.23650000000003e-09,3.19181019071019e-09,2.55876330875502e-12,2.14656869236128e-12,2.4106112502059e-12,NaN
-1579.8934695,-0.19587075,-4.99486e-07,3.22616666666652e-09,3.19472272142271e-09,3.55716333216258e-12,1.75917455231772e-12,1.99331762959397e-12,NaN
-1569.7722527,-0.19461595,-4.9628e-07,3.18916666666645e-09,3.19892451737452e-09,3.55603720605384e-12,1.43718921007095e-12,1.52762607811289e-12,NaN
-1559.6917692,-0.1933662,-4.93107666666667e-07,3.16625e-09,3.20183479583482e-09,2.62730782731399e-12,1.18392837970943e-12,1.12147300636742e-12,NaN
-1549.60496733334,-0.192115666666667,-4.899475e-07,3.18916666666703e-09,3.20417913302915e-09,2.35926055924212e-12,9.26331544710212e-13,7.61497905811766e-13,NaN
-1539.51803103334,-0.190865116666667,-4.86729333333333e-07,3.20875000000001e-09,3.20655331695331e-09,2.17917397915845e-12,4.54009539313913e-13,3.67647722320523e-13,NaN
-1529.4168448,-0.1896128,-4.8353e-07,3.21008333333301e-09,3.20853748098746e-09,-2.61068503567848e-12,-8.16974496706976e-14,-6.89464080293889e-14,NaN
-1519.3262788,-0.1883618,-4.80309166666667e-07,3.20799999999999e-09,3.20133194688195e-09,-8.20666023164296e-12,-5.31117328552833e-13,-5.11541989721376e-13,NaN
-1509.24270333334,-0.187111666666667,-4.77114e-07,3.20308333333353e-09,3.19212416052418e-09,-4.55092137592304e-12,-9.68725325607565e-13,-9.31048375106791e-13,NaN
-1499.1483732,-0.1858602,-4.73903e-07,3.19099999999999e-09,3.1922301041301e-09,1.91057388555344e-12,-1.325887060923e-12,-1.27527472586579e-12,NaN
-1489.0497412,-0.1846082,-4.70732e-07,3.16733333333347e-09,3.19594530829528e-09,2.16035451034232e-12,-1.50236866526406e-12,-1.49451777102739e-12,NaN
-1478.9809534,-0.1833599,-4.67568333333333e-07,3.17491666666651e-09,3.19655081315079e-09,5.94269919278641e-13,-1.59051028076788e-12,-1.58802285886313e-12,NaN
-1468.8782884,-0.1821074,-4.64382166666667e-07,3.19550000000001e-09,3.19713384813384e-09,4.16520416689433e-14,-1.58212979837729e-12,-1.52647431120406e-12,NaN
-1458.7820762,-0.1808557,-4.61177333333333e-07,3.19958333333351e-09,3.19663411723413e-09,-3.16762021761617e-12,-1.4059825078124e-12,-1.28834362116479e-12,NaN
-1448.68236873334,-0.179603566666667,-4.57983e-07,3.2016666666665e-09,3.19079860769861e-09,-4.37233239733702e-12,-1.11109395950653e-12,-9.74553553613204e-13,NaN
-1438.5864254,-0.1783519,-4.54774e-07,3.20566666666651e-09,3.18788945243945e-09,-1.30287235287322e-12,-7.18359072019639e-13,-7.05247397899393e-13,NaN
-1428.49155753334,-0.177100366666667,-4.51571666666667e-07,3.18049999999997e-09,3.18819286299286e-09,4.34711009714827e-13,-2.14075213519531e-13,-5.06872725197578e-13,NaN
-1418.3948076,-0.1758486,-4.48413e-07,3.16533333333346e-09,3.18875887445888e-09,3.81642681648014e-13,1.50500340925471e-14,-3.75539719027428e-13,NaN
-1408.2655248,-0.1745928,-4.45241e-07,3.17408333333355e-09,3.18895614835616e-09,5.77442377445483e-13,-2.89521191840787e-13,-3.03162833086083e-13,NaN
-1398.2104492,-0.1733462,-4.42064833333333e-07,3.18650000000003e-09,3.18991375921377e-09,5.7900140399837e-13,-5.80612549922731e-13,-2.4380488438193e-13,NaN
-1388.08425836666,-0.172090783333333,-4.38868e-07,3.21408333333298e-09,3.19011415116416e-09,-6.50503100516072e-13,-4.57745889668645e-13,-1.72584281530426e-13,NaN
-1378.0252842,-0.1708437,-4.35636666666667e-07,3.218e-09,3.18861275301274e-09,-7.72291447298329e-13,-1.62094254095355e-13,-9.87340868579092e-14,NaN
-1367.9306852,-0.1695922,-4.32432e-07,3.19583333333351e-09,3.18856956826956e-09,4.82853632862335e-13,1.20274473706062e-13,2.69808101146675e-15,NaN
-1357.8272136,-0.1683396,-4.29245e-07,3.178e-09,3.18957846027846e-09,4.13779688783104e-13,3.71794734176732e-13,1.25668523201474e-13,NaN
-1347.7326146,-0.1670881,-4.26076e-07,3.16241666666648e-09,3.18939712764713e-09,-1.3481338481459e-13,3.54287871655415e-13,1.81249105300788e-13,NaN
-1337.6541476,-0.1658386,-4.22920166666667e-07,3.17125e-09,3.18930883350884e-09,1.11442611497823e-14,9.38302174168363e-14,1.3308213365365e-13,NaN
-1327.5603552,-0.1645872,-4.197335e-07,3.19958333333351e-09,3.18941941616943e-09,1.16298116293494e-13,-9.13647143789818e-14,4.22581357407091e-14,NaN
-1316.88648296666,-0.163263883333333,-4.16521e-07,3.23333333333352e-09,3.18954142974142e-09,-2.26488826492706e-13,-1.49028014547945e-13,-4.27485278321408e-14,NaN
-1306.2620822,-0.1619467,-4.13266833333333e-07,3.23199999999999e-09,3.18896643851644e-09,-5.36471861469334e-13,-1.65942094006122e-13,-9.82268718727171e-14,NaN
-1296.2525795,-0.16070575,-4.10057e-07,3.1584166666665e-09,3.18846848601848e-09,2.22744822744244e-13,-9.77082262621627e-14,-9.639926963055e-14,NaN
-1286.6649286,-0.1595171,-4.0695e-07,3.13316666666652e-09,3.18941192816193e-09,7.78217503230597e-13,2.35099247205645e-14,-6.04049885070294e-14,NaN
-1276.7251968,-0.1582848,-4.03790666666667e-07,3.17308333333349e-09,3.19002492102494e-09,-3.03322802566076e-15,3.57861935502212e-14,-4.70915978325628e-14,NaN
-1266.60344226666,-0.157029933333333,-4.00603833333333e-07,3.2048333333335e-09,3.18940586170588e-09,-5.86433836446222e-13,-2.34521953552085e-14,-6.70951093792497e-14,NaN
-1256.45520436666,-0.155771783333333,-3.97381e-07,3.19891666666648e-09,3.18885205335205e-09,-4.70647595654483e-13,-7.61475085760833e-14,-8.23830351218377e-14,NaN
-1246.3317022,-0.1545167,-3.94206e-07,3.1875e-09,3.18846456651457e-09,-6.20314145315013e-13,-1.32386010083023e-13,-6.51718409747184e-14,NaN
-1236.2024194,-0.1532609,-3.91006e-07,3.2095e-09,3.18761142506142e-09,-2.12498537501574e-13,-1.54525019686401e-13,-1.77903046983099e-14,NaN
-1226.10392183334,-0.152008916666667,-3.87787e-07,3.1959166666665e-09,3.18803956943956e-09,6.68907218913173e-13,-3.25892753166132e-14,5.28006195806424e-14,NaN
-1216.1285652,-0.1507722,-3.84614166666667e-07,3.18041666666653e-09,3.18894923949925e-09,7.76246051249152e-13,2.29825543416309e-13,1.38946051300156e-13,NaN
-1206.3130498,-0.1495553,-3.81426166666667e-07,3.191916666667e-09,3.18959206154206e-09,6.58725283720761e-13,3.90146815449186e-13,2.28483536136991e-13,NaN
-1196.2571676,-0.1483086,-3.78230333333333e-07,3.17491666666698e-09,3.19026669006669e-09,2.76910026910678e-14,3.29453729551492e-13,3.04460296086826e-13,NaN
-1186.101267,-0.1470495,-3.75076333333333e-07,3.16666666666649e-09,3.18964744354745e-09,-5.76582426580729e-13,2.55570547111153e-13,3.49048049413012e-13,NaN
-1176.0139274,-0.1457989,-3.71897e-07,3.19916666666651e-09,3.18911352521353e-09,-5.73666198663309e-13,2.91807338367137e-13,3.40212418957585e-13,NaN
-1165.90749826666,-0.144545933333333,-3.68678e-07,3.20391666666649e-09,3.18850011115012e-09,-2.1005031005434e-13,3.09913023284905e-13,2.81618744193601e-13,NaN
-1155.8291657,-0.14329645,-3.65489166666667e-07,3.20299999999998e-09,3.18869342459342e-09,1.09522932022088e-12,2.62451991800976e-13,2.14004868286939e-13,NaN
-1145.6974631,-0.14204035,-3.62272e-07,3.19566666666703e-09,3.19069056979056e-09,1.97998420498789e-12,1.91120173044043e-13,1.49670771296799e-13,NaN
-1135.60353626666,-0.140788933333333,-3.59097833333333e-07,3.18550000000003e-09,3.1926533930034e-09,1.82665847667307e-12,5.95587336207094e-14,7.35095003683165e-14,NaN
-1125.5368994,-0.1395409,-3.55901e-07,3.18449999999997e-09,3.19434388674391e-09,2.81318006326196e-13,-6.34650009196149e-14,-8.30456763719507e-15,NaN
-1115.3769658,-0.1382813,-3.52728833333333e-07,3.16599999999999e-09,3.19321602901605e-09,-2.14062829063671e-12,-1.13049267069792e-13,-7.71468203492621e-14,NaN
-1105.3420552,-0.1370372,-3.49569e-07,3.17458333333301e-09,3.19006263016263e-09,-2.2368199368283e-12,-1.60105970206241e-13,-1.32909165501673e-13,NaN
-1095.2276945,-0.13578325,-3.46379666666667e-07,3.2095e-09,3.18874238914239e-09,-3.04688779684736e-13,-1.74473581705737e-13,-1.96137810877335e-13,NaN
-1085.07811226666,-0.134524933333333,-3.4315e-07,3.22408333333352e-09,3.18945325260326e-09,6.17924417929654e-13,-1.87668095873574e-13,-2.74598635867557e-13,NaN
-1074.9513837,-0.13326945,-3.399315e-07,3.20291666666651e-09,3.18997823797825e-09,1.54001403999997e-14,-2.77021115825781e-13,-3.60844921264425e-13,NaN
-1064.8596078,-0.1320183,-3.36744166666667e-07,3.1963333333335e-09,3.18948405288406e-09,-4.34655434653347e-13,-4.11405124744336e-13,-4.2209770234005e-13,NaN
-1054.770655,-0.1307675,-3.33538833333333e-07,3.16666666666699e-09,3.18910892710894e-09,-4.47627822627076e-13,-5.47518983643699e-13,-4.15474529563705e-13,NaN
-1044.6946078,-0.1295183,-3.30410833333333e-07,3.15666666666651e-09,3.18858879723881e-09,-4.52293202306491e-13,-5.46643330137195e-13,-3.49929537621896e-13,NaN
-1034.62514783334,-0.128269916666667,-3.272255e-07,3.18841666666651e-09,3.18820434070433e-09,-1.67830817840359e-13,-3.59987730862608e-13,-2.74222687812257e-13,NaN
-1024.5207352,-0.1270172,-3.24034e-07,3.20075e-09,3.18825313560313e-09,-1.57435357426787e-13,-8.50446608463413e-14,-2.28225607693514e-13,NaN
-1014.436622,-0.125767,-3.20824e-07,3.21983333333349e-09,3.18788946998948e-09,-2.90093015090904e-13,8.00867120413404e-14,-2.11712223865905e-13,NaN
-1004.3387966,-0.1245151,-3.17594333333333e-07,3.20599999999998e-09,3.18767294957295e-09,1.12252837242536e-13,-5.57034774510653e-14,-2.12414527342976e-13,NaN
-994.2490372,-0.1232642,-3.14412e-07,3.18858333333302e-09,3.18811397566396e-09,-3.60945361003703e-14,-3.77541470881502e-13,-2.34209790168206e-13,NaN
-984.1673438,-0.1220143,-3.11217166666667e-07,3.16833333333352e-09,3.18760076050075e-09,-5.72104247102583e-13,-5.38882869000226e-13,-2.66531269842362e-13,NaN
-974.1021857,-0.12076645,-3.08075333333333e-07,3.14341666666699e-09,3.18696976716976e-09,-3.63074763065627e-13,-3.89341560901806e-13,-2.84317618412665e-13,NaN
-964.0797774,-0.1195239,-3.04930333333333e-07,3.17749999999999e-09,3.18687461097462e-09,1.396396397186e-14,-1.70678063870359e-13,-2.5761676171242e-13,NaN
-954.0351876,-0.1182786,-3.01720333333333e-07,3.19483333333298e-09,3.1869976950977e-09,3.97516672518163e-13,-4.40187371534343e-14,-1.76044746475779e-13,NaN
-943.9486546,-0.1170281,-2.98540666666667e-07,3.19066666666652e-09,3.18766964431965e-09,2.42669942670484e-13,1.0618699602384e-14,-7.06255910102231e-14,NaN
-933.848543833336,-0.115775916666667,-2.95339e-07,3.2030833333335e-09,3.18748303498304e-09,-7.07461682468975e-13,6.0987209806407e-15,2.0436512749964e-14,NaN
-923.766716,-0.114526,-2.921345e-07,3.1925833333335e-09,3.18625472095471e-09,-1.47204282204907e-12,1.34342534876936e-14,8.79855845374167e-14,NaN
-913.653430766664,-0.113272183333333,-2.88953833333333e-07,3.17525000000001e-09,3.18453894933894e-09,-1.31033111032773e-12,7.96590200077336e-14,1.60347232547457e-13,NaN
-903.5621926,-0.1120211,-2.85784e-07,3.17291666666648e-09,3.18363405873406e-09,9.87334737279819e-14,2.2003972572795e-13,2.58129800519257e-13,NaN
-893.4716266,-0.1107701,-2.82608e-07,3.1835e-09,3.1847364162864e-09,2.45378202877627e-12,3.97339205445102e-13,3.60955199620176e-13,NaN
-883.38832,-0.10952,-2.79417e-07,3.20766666666648e-09,3.18854162279161e-09,2.99603369604355e-12,4.97189582796873e-13,4.36932108317244e-13,NaN
-873.273556,-0.108266,-2.76192666666667e-07,3.20691666666649e-09,3.19072848367849e-09,5.44980694983849e-13,5.29719857008513e-13,4.71433247029594e-13,NaN
-863.1745207,-0.10701395,-2.73003166666667e-07,3.19108333333351e-09,3.18963158418158e-09,-9.77120627128143e-13,5.16916833303203e-13,4.70528387973178e-13,NaN
-853.094306066664,-0.105764233333333,-2.698105e-07,3.19258333333353e-09,3.18877424242423e-09,-6.17313092312516e-13,3.90423849274895e-13,4.36148824057561e-13,NaN
-842.9808864,-0.1045104,-2.66618e-07,3.18325000000002e-09,3.18839695799695e-09,4.57675207750857e-14,2.5915807897717e-13,3.634363088779e-13,NaN
-832.8725752,-0.1032572,-2.63444e-07,3.16158333333347e-09,3.18886577746578e-09,8.62460512465618e-13,2.34621819594272e-13,2.50354748635746e-13,NaN
-822.8029808,-0.1020088,-2.60294833333333e-07,3.1705833333335e-09,3.19012187902188e-09,1.29720077219515e-12,2.18621996223184e-13,9.99654408504911e-14,NaN
-812.7067686,-0.1007571,-2.57102833333333e-07,3.20041666666652e-09,3.19146017901017e-09,8.04147654140719e-13,6.98748775755865e-14,-5.34534807419417e-14,NaN
-802.6129762,-0.0995057,-2.53894e-07,3.21166666666649e-09,3.19173017433017e-09,-5.45504270492768e-13,-1.84751347783939e-13,-1.74028602508059e-13,NaN
-792.509235733334,-0.0982530666666667,-2.506795e-07,3.2e-09,3.19036917046919e-09,-1.26076401074725e-12,-4.08421972681306e-13,-2.59652007719429e-13,NaN
-782.409124966667,-0.0970008833333333,-2.47494e-07,3.18675000000001e-09,3.18920864630867e-09,-9.30794430803828e-13,-4.67182483617407e-13,-3.11554562439446e-13,NaN
-772.3251462,-0.0957507,-2.44306e-07,3.16899999999999e-09,3.18850758160758e-09,-1.24387796889503e-12,-3.36951460594795e-13,-3.24233593440013e-13,NaN
-762.2216746,-0.0944981,-2.41156e-07,3.16e-09,3.18672089037088e-09,-1.22984965484458e-12,-2.02152696015371e-13,-3.02954532589704e-13,NaN
-752.126269,-0.0932465,-2.37986e-07,3.18300000000001e-09,3.18604788229789e-09,4.65830115844509e-13,-1.50498428532174e-13,-2.68602379911928e-13,NaN
-742.047936433334,-0.0919970166666667,-2.3479e-07,3.23641666666651e-09,3.18765255060257e-09,1.46991341992014e-12,-1.66597262153192e-13,-2.37466135164749e-13,NaN
-731.7418738,-0.0907193,-2.31513166666667e-07,3.25649999999999e-09,3.18898770913773e-09,3.99692874685463e-13,-2.43213342045153e-13,-2.10692970288103e-13,NaN
-721.568765733334,-0.0894580666666667,-2.28277e-07,3.20758333333348e-09,3.18845193635194e-09,-9.58997309005337e-13,-2.93664112820815e-13,-1.69717465944488e-13,NaN
-711.5325108,-0.0882138,-2.25098e-07,3.13600000000001e-09,3.18706971451972e-09,-8.93781443786549e-13,-2.27607699870832e-13,-9.21818339604094e-14,NaN
-701.657307,-0.0869895,-2.22005e-07,3.12550000000001e-09,3.18666437346437e-09,-2.77389727400642e-13,-4.77993278192094e-14,-8.12306726579e-15,NaN
-691.562976866667,-0.0857380333333333,-2.18847e-07,3.17358333333351e-09,3.18651493506492e-09,3.21829296825899e-13,1.38622743582244e-13,2.30258884375094e-14,NaN
-681.4503638,-0.0844843,-2.15657833333333e-07,3.19450000000001e-09,3.18730803205802e-09,1.27171229671816e-12,2.2293723228738e-13,-1.21278419419866e-14,NaN
-671.326055033334,-0.0832291166666667,-2.12458e-07,3.20041666666651e-09,3.18905835965835e-09,9.63358488362421e-13,1.14587163615503e-13,-7.22510055747401e-14,NaN
-661.226616433334,-0.0819770166666667,-2.09257e-07,3.21149999999999e-09,3.18923474903474e-09,-6.14665964661814e-13,-1.99375124138434e-13,-1.1296547240997e-13,NaN
-651.1536612,-0.0807282,-2.06035e-07,3.19049999999998e-09,3.18782902772903e-09,-1.53043465542372e-12,-4.62766536230697e-13,-1.20557208498551e-13,NaN
-641.119288333334,-0.0794841666666667,-2.02876e-07,3.1725e-09,3.1861738797239e-09,-1.14865157364962e-12,-3.52154413342717e-13,-8.9359746427133e-14,NaN
-630.990139966667,-0.0782283833333333,-1.9969e-07,3.17033333333351e-09,3.18553172458173e-09,7.96185796062183e-14,5.07138909974706e-14,-2.65173459685196e-14,NaN
-620.9013216,-0.0769776,-1.96535333333333e-07,3.16966666666651e-09,3.18633311688311e-09,1.16454603954383e-12,3.38587042102107e-13,4.34075857732727e-14,NaN
-610.8010764,-0.0757254,-1.93350666666667e-07,3.1891666666665e-09,3.18786081666082e-09,1.16686849187296e-12,3.24903538012933e-13,1.08333149325128e-13,NaN
-600.7008312,-0.0744732,-1.90157e-07,3.19691666666701e-09,3.18866685386686e-09,-3.01860301520674e-15,1.72491465283621e-13,1.55096369382995e-13,NaN
-590.601930333334,-0.0732211666666667,-1.86956833333333e-07,3.22599999999999e-09,3.18785477945479e-09,-1.61280273780076e-12,-2.97725137583097e-15,1.74307028222057e-13,NaN
-580.4430722,-0.0719617,-1.83705e-07,3.22541666666648e-09,3.18544124839125e-09,-2.0085351585404e-12,-8.24127912157648e-14,1.77352513189282e-13,NaN
-570.3404072,-0.0707092,-1.80506e-07,3.1664166666665e-09,3.18383770913771e-09,2.64274014266313e-13,9.75988135587978e-14,1.8490092337586e-13,NaN
-560.3175956,-0.0694666,-1.77372166666667e-07,3.14450000000001e-09,3.18596979641979e-09,3.25910260909781e-12,3.73220959481354e-13,2.08359441315626e-13,NaN
-550.2455814,-0.0682179,-1.74217e-07,3.17333333333351e-09,3.1903559143559e-09,3.58242365742533e-12,4.6967173760112e-13,2.18969477304583e-13,NaN
-540.1380768,-0.0669648,-1.710255e-07,3.2005e-09,3.19313464373464e-09,7.59863109868337e-13,2.87698944662101e-13,1.95917914153954e-13,NaN
-530.0321854,-0.0657119,-1.67816e-07,3.20875000000001e-09,3.19187564057564e-09,-2.42572832572623e-12,2.65441079926268e-14,1.50207258825212e-13,NaN
-519.9456524,-0.0644614,-1.64608e-07,3.21400000000001e-09,3.18828318708318e-09,-2.78575231075245e-12,-7.73367417130733e-14,8.0750811763576e-14,NaN
-509.853742066666,-0.0632102333333333,-1.61388e-07,3.182e-09,3.18630413595413e-09,-9.65935415934158e-13,-1.15479366959016e-13,-1.0055675988916e-14,NaN
-499.744220966667,-0.0619568833333333,-1.58244e-07,3.15699999999999e-09,3.18635131625132e-09,5.22855972855095e-13,-6.5521370726689e-14,-9.82077587445694e-14,NaN
-489.650563,-0.0607055,-1.55074e-07,3.17875e-09,3.18734984789984e-09,1.70339300339097e-12,4.5655338922367e-14,-1.61833272153066e-13,NaN
-479.560938033334,-0.0594546166666667,-1.518865e-07,3.1885e-09,3.1897581022581e-09,1.7133701883694e-12,-6.03294455929262e-14,-2.05793659613927e-13,NaN
-469.471313066666,-0.0582037333333333,-1.48697e-07,3.1986666666665e-09,3.19077658827658e-09,-3.4127179127212e-13,-3.2468110296551e-13,-2.18920369886116e-13,NaN
-459.3699924,-0.0569514,-1.45489166666667e-07,3.2083333333335e-09,3.18907555867555e-09,-2.07993155492642e-12,-4.19691087179931e-13,-1.87144490626838e-13,NaN
-449.2697472,-0.0556992,-1.42280333333333e-07,3.1945833333335e-09,3.18661672516673e-09,-2.03130923130714e-12,-2.85516621876531e-13,-1.45099692461069e-13,NaN
-439.185634,-0.054449,-1.391e-07,3.16916666666649e-09,3.18501294021294e-09,5.46683046078605e-15,-5.58300328324164e-14,-1.04645978905069e-13,NaN
-429.0773228,-0.0531958,-1.35942e-07,3.16899999999999e-09,3.18662765882765e-09,1.17084649585072e-12,1.72233977055989e-13,-5.56706906380829e-14,NaN
-419.003560966666,-0.0519468833333333,-1.32762e-07,3.1829166666665e-09,3.18735463320464e-09,2.86919386927992e-13,1.69542213233304e-13,-2.43354556555395e-14,NaN
-408.889738,-0.050693,-1.29576166666667e-07,3.20650000000001e-09,3.18720149760151e-09,1.0084210834188e-12,-4.60710689457998e-14,-2.06072859966517e-14,NaN
-398.7822334,-0.0494399,-1.26349e-07,3.21158333333351e-09,3.18937147537148e-09,7.00862875855023e-13,-1.79595763830004e-13,-2.05838948955109e-14,NaN
-388.6997334,-0.0481899,-1.23153e-07,3.18699999999999e-09,3.18860322335322e-09,-1.17796887797297e-12,-1.93549363587848e-13,-1.02289105171464e-14,NaN
-378.601908,-0.046938,-1.19975e-07,3.16849999999999e-09,3.18701553761553e-09,-5.90207090203184e-13,-8.26948020393817e-14,9.55086584479356e-15,NaN
-368.517257066666,-0.0456877333333333,-1.16816e-07,3.16450000000001e-09,3.18742280917281e-09,2.17947817951097e-13,1.65850419691422e-13,4.36116103765018e-14,NaN
-358.4151298,-0.0444353,-1.13646e-07,3.1791666666665e-09,3.18745143325144e-09,-4.06081081080923e-13,2.87825867222742e-13,7.41633921904706e-14,NaN
-348.343653333334,-0.0431866666666667,-1.10457666666667e-07,3.20949999999999e-09,3.18661064701065e-09,1.16344916345931e-13,1.6536381452256e-13,5.80637007573296e-14,NaN
-338.2307714,-0.0419329,-1.07227e-07,3.21633333333351e-09,3.18768412308413e-09,1.06161811161901e-12,-3.98018398000883e-14,1.00974536867957e-14,NaN
-328.1458516,-0.0406826,-1.04025e-07,3.19325000000001e-09,3.18873388323389e-09,-4.06663156662471e-13,-1.69440888607263e-13,-2.64649329197891e-14,NaN
-318.022215,-0.0394275,-1.008405e-07,3.1785e-09,3.1868707967708e-09,-9.28460278459684e-13,-1.76641910088496e-13,-4.38324759445728e-14,NaN
-307.9534272,-0.0381792,-9.7668e-08,3.15575e-09,3.18687696267697e-09,4.27246402246706e-13,-1.20806037767759e-13,-3.54528940592086e-14,NaN
-297.855467366666,-0.0369272833333333,-9.4529e-08,3.163e-09,3.1877252895753e-09,4.47379197374912e-13,7.27711491104562e-14,-7.97952561775133e-15,NaN
-287.7460807,-0.03567395,-9.1342e-08,3.20608333333335e-09,3.18777172107172e-09,3.09848484847198e-13,2.30985123965225e-13,4.68741138712902e-16,NaN
-277.686434366666,-0.0344267833333333,-8.81168333333333e-08,3.225e-09,3.18834498654499e-09,4.23277173285222e-13,9.9478617415878e-14,-2.40845662815448e-14,NaN
-267.565352,-0.033172,-8.4892e-08,3.20691666666666e-09,3.18861827541829e-09,-7.1367146367035e-13,-1.13010520678388e-13,-3.94228748774914e-14,NaN
-257.462687,-0.0319195,-8.1703e-08,3.145e-09,3.18691764361765e-09,-1.00573008073302e-12,-2.02383634797566e-13,-2.41515581452506e-14,NaN
-247.367415833334,-0.0306679166666667,-7.8602e-08,3.165e-09,3.18660681525682e-09,-8.13589563624784e-14,-1.8694454988159e-13,-3.34929270571646e-15,NaN
-237.282630466666,-0.0294176333333333,-7.5373e-08,3.223e-09,3.18675492570492e-09,2.17631040125248e-13,6.68047920116469e-15,3.21750496414017e-14,NaN
-227.152137766666,-0.0281616833333333,-7.2156e-08,3.184e-09,3.18704207733707e-09,9.76937521940332e-13,3.10602063993993e-13,9.26293082357087e-14,NaN
-217.132014833334,-0.0269194166666667,-6.9005e-08,3.19683333333335e-09,3.18870880074881e-09,1.1506680706728e-12,3.55899993853044e-13,1.49219907500452e-13,NaN
-206.9864656,-0.0256616,-6.57623333333333e-08,3.186e-09,3.18934341347842e-09,-9.71934596931725e-14,1.80958905649537e-13,1.921585642387e-13,NaN
-196.9217108,-0.0244138,-6.2633e-08,3.15516666666666e-09,3.18851441382942e-09,-1.37674593424666e-12,8.66090790099691e-14,2.28544258836129e-13,NaN
-186.8174326,-0.0231611,-5.9452e-08,3.18583333333335e-09,3.18658992160993e-09,-1.42376886627352e-12,1.14455001578534e-13,2.5690208445318e-13,NaN
-176.7010554,-0.0219069,-5.62613333333333e-08,3.224e-09,3.18566687609687e-09,4.49808704803818e-13,2.5797362203788e-13,2.98239224239303e-13,NaN
-166.6338808,-0.0206588,-5.3004e-08,3.19816666666665e-09,3.18748953901953e-09,2.47204867205141e-12,4.65750239058395e-13,3.89830404481129e-13,NaN
-156.528258266666,-0.0194059333333333,-4.9865e-08,3.1685e-09,3.19061097344097e-09,2.62246606996976e-12,6.00246130534043e-13,5.2007183970045e-13,NaN
-146.4446828,-0.0181558,-4.6667e-08,3.20591666666665e-09,3.19273447115947e-09,1.23670556920551e-12,6.44072592013294e-13,6.38443401099171e-13,NaN
-136.323466,-0.016901,-4.34531666666667e-08,3.17975e-09,3.19308438457939e-09,-9.413618813626e-13,6.65705080799933e-13,7.17427027005884e-13,NaN
-126.232765566666,-0.0156499833333333,-4.03075e-08,3.16383333333335e-09,3.19085174739675e-09,-2.1772411372414e-12,7.07206447222413e-13,7.47220930584743e-13,NaN
-116.1407208,-0.0143988,-3.71255e-08,3.19125e-09,3.1887299023049e-09,-6.98144670643683e-13,7.47952843234558e-13,7.09182923194544e-13,NaN
-106.049213766666,-0.0131476833333333,-3.3925e-08,3.19475e-09,3.18945545805546e-09,1.64563852813892e-12,6.78324309331297e-13,6.0137454182062e-13,NaN
-95.9499096,-0.0118956,-3.0736e-08,3.194e-09,3.19202117936118e-09,2.60649058148888e-12,5.27277948580146e-13,4.44174354320228e-13,NaN
-85.8601502,-0.0106447,-2.7537e-08,3.21808333333335e-09,3.19466843921844e-09,1.96242862992848e-12,3.13635841649565e-13,2.66156399837128e-13,NaN
-75.7522423,-0.00939155,-2.42998333333333e-08,3.18366666666665e-09,3.19594603662104e-09,7.08868608870003e-13,-7.92416089871714e-15,1.03312361953617e-13,NaN
-65.6782116,-0.0081426,-2.11696666666667e-08,3.181375e-09,3.19608617643618e-09,-9.73952848957956e-14,-2.29672172862919e-13,-3.39349585031312e-14,NaN
-55.566674,-0.006889,-1.79370833333333e-08,3.2044666666667e-09,3.19575124605125e-09,-8.56373581374308e-13,-2.49950192143818e-13,-1.69971982010694e-13,NaN
-45.4545986666666,-0.00563533333333333,-1.47607333333333e-08,3.18496666666665e-09,3.19437342927343e-09,-1.09642564642513e-12,-2.13048334970426e-13,-3.29975861434415e-13,NaN
-35.3384903333334,-0.00438116666666667,-1.156715e-08,3.18675833333332e-09,3.1935583947584e-09,-9.19498069497637e-13,-2.58073147008214e-13,-5.04790971163527e-13,NaN
-25.2530328,-0.0031308,-8.38721666666667e-09,3.20074166666667e-09,3.19253443313443e-09,-1.77916520416521e-12,-5.39335060777617e-13,-6.78300926036569e-13,NaN
-15.2081741333334,-0.00188546666666667,-5.16566666666667e-09,3.22199166666667e-09,3.19000006435007e-09,-1.75443137943142e-12,-9.56500603665691e-13,-8.47665047375469e-13,NaN
-5.0904526,-0.0006311,-1.94323333333333e-09,3.21615e-09,3.18902557037557e-09,-7.2700947700221e-14,-1.19676023319784e-12,-9.80286801736529e-13,NaN
5.04783723333334,0.000625816666666667,1.26663333333333e-09,3.18633333333333e-09,3.18985466245466e-09,7.37978238014964e-15,-1.18060922723959e-12,-1.0351742115825e-12,NaN
15.0777738,0.0018693,4.42943333333333e-09,3.164875e-09,3.18904032994033e-09,-1.02356967357038e-12,-1.04470028521033e-12,-1.01131405235174e-12,NaN
25.2161980666666,0.00312623333333333,7.59638333333333e-09,3.16167499999999e-09,3.18780752310752e-09,-6.93793143793858e-13,-8.4553906063648e-13,-9.35197754170657e-13,NaN
35.2736934666666,0.00437313333333333,1.07527833333333e-08,3.18238333333334e-09,3.18765274365274e-09,-8.49224874225341e-13,-6.53152257197713e-13,-8.37377288665114e-13,NaN
45.3647972,0.0056242,1.396115e-08,3.2161666666667e-09,3.18610907335907e-09,-1.45229027729089e-12,-6.15022861876408e-13,-7.41320690611292e-13,NaN
55.5481222,0.0068867,1.71851166666667e-08,3.21974166666665e-09,3.18474816309816e-09,-1.39443664443706e-12,-7.29596412514118e-13,-6.58053342771899e-13,NaN
65.6501150333334,0.00813911666666667,2.04006333333333e-08,3.1997083333333e-09,3.1833202000702e-09,-9.64774189773733e-13,-7.84494372080231e-13,-5.83463688148633e-13,NaN
75.6840846,0.0093831,2.35845333333333e-08,3.18243333333335e-09,3.18281861471861e-09,4.88182988183991e-13,-5.99554238159988e-13,-5.11428109462991e-13,NaN
85.765778,0.010633,2.67655e-08,3.1646916666667e-09,3.18429656604657e-09,1.13816836316919e-12,-3.39075960212783e-13,-4.40568936944172e-13,NaN
95.8595704,0.0118844,2.99139166666667e-08,3.11666666666665e-09,3.18509495144495e-09,2.07616707613631e-14,-2.29851413006844e-13,-3.59426038240639e-13,NaN
105.9569925,0.01313625,3.29988333333333e-08,3.13554166666665e-09,3.18433808938809e-09,-9.43212530713412e-13,-2.14374625481889e-13,-2.71854568241797e-13,-1.30017402202599e-06
116.047020766666,0.0143871833333333,3.6185e-08,3.20058333333335e-09,3.18320852638353e-09,-6.96075231074763e-13,-2.16047907684714e-13,-2.03684879311897e-13,-9.74145074969942e-07
126.1292519,0.01563715,3.94e-08,3.193e-09,3.18294593892594e-09,-1.09362173862078e-12,-2.33787801526913e-13,-1.50593966332495e-13,-7.20232012894541e-07
136.195485466666,0.0168851333333333,4.2571e-08,3.1955e-09,3.18102128290628e-09,-1.68308734058771e-12,-1.52774634443027e-13,-7.43099756044128e-14,-3.55395535499366e-07
146.309174,0.018139,4.5791e-08,3.19241666666665e-09,3.17957976424477e-09,9.59035334030739e-14,1.01573708947335e-14,4.16370322313493e-14,1.99133632410801e-07
156.459562833334,0.0193974166666667,4.89558333333333e-08,3.19308333333335e-09,3.18121308997309e-09,2.50939189189234e-12,1.87697029306091e-13,1.79438397846825e-13,8.5818364187612e-07
166.5419284,0.0206474,5.21771666666667e-08,3.18208333333335e-09,3.18459854802855e-09,2.78032818532816e-12,3.93565913424801e-13,3.23614841803675e-13,1.54772315645236e-06
176.6163624,0.0218964,5.532e-08,3.1810833333333e-09,3.18677374634375e-09,2.93630513630403e-13,5.26255066259326e-13,4.63798740683377e-13,2.21816789022485e-06
186.7149944,0.0231484,5.85393333333333e-08,3.201e-09,3.18518580905581e-09,-2.41624692874634e-12,5.63879289001562e-13,5.90097627902674e-13,2.82220604649105e-06
196.8208858,0.0244013,6.1722e-08,3.18075e-09,3.18194125248625e-09,-1.79618491868484e-12,6.13033274695565e-13,6.97682293601401e-13,3.33674140418061e-06
206.9082254,0.0256519,6.49008333333333e-08,3.19266666666665e-09,3.18159343921844e-09,8.67978822978563e-13,7.00645802206935e-13,7.56937951246305e-13,3.62013802769972e-06
216.978491966666,0.0269003833333333,6.81073333333333e-08,3.20308333333336e-09,3.18367721013221e-09,2.1902971802979e-12,7.77998099312545e-13,7.28344044512494e-13,3.48338456071193e-06
227.1079092,0.0281562,7.1307e-08,3.17908333333335e-09,3.18597403357904e-09,2.43345823095542e-12,8.01709466086338e-13,6.22519864734212e-13,2.97726891829406e-06
237.1738739,0.02940415,7.44655e-08,3.206e-09,3.18854412659412e-09,2.13298730548372e-12,6.5365215004697e-13,4.94347556325079e-13,2.36427092155473e-06
247.2866214,0.0306579,7.7719e-08,3.19199999999999e-09,3.19024000819e-09,1.20320463320564e-12,3.12956320537063e-13,3.82925276208648e-13,1.83138175578049e-06
257.3747676,0.0319086,8.08495e-08,3.1405e-09,3.19095053586053e-09,-3.13370188346845e-14,6.13553882258988e-15,2.9062763426168e-13,1.38995825081673e-06
267.471651966666,0.0331603833333333,8.4e-08,3.1775e-09,3.19017733415233e-09,-1.65604773604219e-12,-1.15199453063804e-14,2.00718054530448e-13,9.59955912971708e-07
277.578349966666,0.0344133833333333,8.72045e-08,3.18125000000001e-09,3.18763844038845e-09,-1.81156984906578e-12,2.15493539693385e-13,1.02879923888706e-13,4.92034418598159e-07
287.6625976,0.0356636,9.03625e-08,3.18575e-09,3.1865541944542e-09,2.93895518895038e-13,3.14325317430003e-13,1.72545577151719e-14,8.25217977682134e-08
297.7664725,0.03691625,9.3576e-08,3.19124999999999e-09,3.18822623142624e-09,1.39283374283338e-12,1.19516281586165e-13,-4.76709391361649e-14,-2.27991448042528e-07
307.8558286,0.0381671,9.6745e-08,3.218e-09,3.18933986193987e-09,2.16420966420754e-13,-1.9115480578419e-13,-1.11501753168658e-13,-5.33269254284886e-07
317.9633332,0.0394202,1.00012e-07,3.217e-09,3.18865907335908e-09,-1.26074938575024e-12,-3.81321487539856e-13,-1.70491325001099e-13,-8.15393293483517e-07
328.039111533334,0.0406693666666667,1.03179e-07,3.16200000000001e-09,3.18681836316837e-09,-1.48748976249034e-12,-3.30617600454805e-13,-1.74620678831049e-13,-8.3514237701806e-07
338.1412388,0.0419218,1.06336e-07,3.13950000000001e-09,3.1856840938341e-09,-5.82792207792031e-13,-1.5193320863378e-13,-8.75258060648199e-14,-4.18601681179573e-07
348.24955,0.043175,1.09458e-07,3.162e-09,3.18565277875279e-09,6.67014742014153e-13,6.55366096193873e-14,3.89434994725007e-14,1.86251519216308e-07
358.334604233334,0.0444253166666667,1.1266e-07,3.228e-09,3.18701812331813e-09,1.95555750555614e-12,2.99099853154624e-13,1.30200483182753e-13,6.22697963047949e-07
368.4476206,0.0456791,1.15914e-07,3.25949999999999e-09,3.1895638937639e-09,1.47616415116344e-12,4.13819425024952e-13,1.69243692227544e-13,8.09426354131732e-07
378.5389932,0.0469302,1.19179e-07,3.194e-09,3.18997045162046e-09,-4.17368667370006e-13,2.56691665161469e-13,1.79284897653904e-13,8.57449510518671e-07
388.6214932,0.0481802,1.22302e-07,3.14950000000001e-09,3.18872915642916e-09,-9.01266526268189e-13,-5.68382619309097e-14,1.80838373029418e-13,8.64879175358086e-07
398.722545,0.0494325,1.25478e-07,3.17499999999999e-09,3.18816791856792e-09,-5.39677664677123e-13,-1.33036525379812e-13,1.6001548824312e-13,7.65291465510574e-07
408.806927066667,0.0506827333333333,1.28652e-07,3.1790833333335e-09,3.1876498010998e-09,4.64613314614331e-13,9.61781389688307e-14,1.02726153552306e-13,4.91298995250159e-07
418.919809,0.0519365,1.31836166666667e-07,3.186e-09,3.18909714519715e-09,1.40502223002418e-12,2.94166902559e-13,3.22258200677158e-14,1.5412348728038e-07
428.998276,0.053186,1.35024e-07,3.1955e-09,3.19045984555985e-09,2.08356733357134e-13,2.13191950605255e-13,-2.1848931213705e-14,-1.04494888413372e-07
439.1098136,0.0544396,1.38227166666667e-07,3.21500000000002e-09,3.18951385866386e-09,-5.17570492575141e-13,-8.27642744445504e-14,-6.50514602216454e-14,-3.11115679320913e-07
449.1971532,0.0556902,1.41454e-07,3.2014166666665e-09,3.1894247045747e-09,-6.49198549202078e-13,-3.3324726614951e-13,-1.27401425281762e-13,-6.09311164391036e-07
459.2973984,0.0569424,1.4463e-07,3.16799999999999e-09,3.18821546156546e-09,-1.49324616824997e-12,-3.7710970545208e-13,-1.99846360963346e-13,-9.55786943737742e-07
469.3871578,0.0581933,1.4779e-07,3.15550000000001e-09,3.1864382122382e-09,-1.34681759681977e-12,-2.69228195666919e-13,-2.49268460419828e-13,-1.1921535063557e-06
479.4817568,0.0594448,1.50941e-07,3.154e-09,3.18552182637182e-09,3.15718965723984e-13,-1.35405726113959e-13,-2.69591365250074e-13,-1.28935000771775e-06
489.561837,0.0606945,1.54098e-07,3.197e-09,3.18706965016965e-09,2.19231016731374e-12,-9.02958117907249e-14,-2.57363680774718e-13,-1.23086977761822e-06
499.6580492,0.0619462,1.57335e-07,3.23049999999998e-09,3.18990644670645e-09,1.49740552240505e-12,-1.57554523337338e-13,-2.1797541841561e-13,-1.04249113155292e-06
509.7558746,0.0631981,1.60559e-07,3.228e-09,3.19006446121446e-09,-1.24421434421198e-12,-2.86550423475567e-13,-1.59453439786545e-13,-7.6260340767478e-07
519.871982933334,0.0644522666666667,1.63791e-07,3.19800000000001e-09,3.18741801801802e-09,-2.49068679068174e-12,-3.09032510389804e-13,-7.4655040290338e-14,-3.57045844866834e-07
529.9499122,0.0657017,1.66955e-07,3.1595e-09,3.1850830876331e-09,-1.1202644202642e-12,-5.44567214881782e-14,3.16643245640516e-14,1.51438074001986e-07
540.0654828,0.0669558,1.7011e-07,3.142e-09,3.18517748917749e-09,1.05005850004793e-12,2.42089628401693e-13,1.34691346577273e-13,6.44176005369566e-07
550.133598433334,0.0682040166666667,1.73239e-07,3.1625e-09,3.18718320463319e-09,1.43235345734219e-12,3.8076012153473e-13,1.94992646267827e-13,9.32573525628738e-07
560.233037033334,0.0694561166666667,1.76435e-07,3.213e-09,3.18804219609218e-09,1.61334386335982e-13,3.60975854986766e-13,1.91163205357836e-13,9.14258808233129e-07
570.3327445,0.07070825,1.79665e-07,3.21900000000001e-09,3.18750587340586e-09,-4.89352989310033e-14,1.72617132359694e-13,1.30537170866799e-13,6.24308208493387e-07
580.4237138,0.0719593,1.82873e-07,3.20149999999999e-09,3.18794432549432e-09,-8.29209079205168e-14,-8.29816598207471e-14,4.37654912775954e-14,2.09313219153717e-07
590.499761,0.0732085,1.86068e-07,3.18574999999999e-09,3.18734003159002e-09,-5.72411372405456e-13,-2.54729877940377e-13,-2.81997055854817e-14,-1.34868157147956e-07
600.578900166666,0.0744580833333333,1.892445e-07,3.17491666666652e-09,3.1867995027495e-09,1.82286182296113e-13,-2.05605801094589e-13,-7.67508847060438e-14,-3.67069448594122e-07
610.6994448,0.0757128,1.92417833333333e-07,3.16625000000001e-09,3.18770460395462e-09,1.49880367380841e-12,-9.44902162689313e-15,-1.04570681161598e-13,-5.0012064903373e-07
620.8061428,0.0769658,1.95577e-07,3.16958333333348e-09,3.18979711009712e-09,1.75404820404796e-12,9.90384657672682e-14,-1.13030901776688e-13,-5.40582573714595e-07
630.889583833334,0.0782159166666667,1.98757e-07,3.19550000000001e-09,3.19121270036271e-09,-4.46665496668259e-13,-2.69282548697856e-14,-1.29141260583615e-13,-6.1763211583468e-07
640.9896946,0.0794681,2.01968e-07,3.2170833333335e-09,3.18890377910379e-09,-2.55682695683353e-12,-2.45726172948498e-13,-1.78577692594403e-13,-8.54067225451493e-07
651.1052652,0.0807222,2.05191166666667e-07,3.20949999999999e-09,3.18609904644904e-09,-2.20097110097826e-12,-3.53213926089343e-13,-2.55895990399818e-13,-1.22385038886869e-06
661.1684068,0.0819698,2.08387e-07,3.18591666666651e-09,3.18450183690183e-09,-1.00433192933793e-12,-3.73607072300038e-13,-3.31981416426554e-13,-1.58773720899656e-06
671.2738949,0.08322265,2.11563e-07,3.15874999999999e-09,3.18409038259037e-09,-1.01810576812302e-13,-3.87943329181997e-13,-3.75616966495646e-13,-1.79642897019657e-06
681.347119,0.0844715,2.147045e-07,3.1585e-09,3.1842982157482e-09,5.41148941154878e-13,-3.50628061905601e-13,-3.71402008109248e-13,-1.77627047356597e-06
691.4513972,0.0857242,2.1788e-07,3.18666666666653e-09,3.18517268047268e-09,1.30262080262232e-12,-2.62724136596789e-13,-3.22353356081367e-13,-1.54168996386741e-06
701.5472061,0.08697585,2.21077833333333e-07,3.19166666666651e-09,3.18690345735345e-09,1.38913068912891e-12,-2.34013423765953e-13,-2.41484047629297e-13,-1.15492370605316e-06
711.626883,0.0882255,2.24263333333333e-07,3.206e-09,3.18795094185094e-09,-1.01553176544683e-13,-2.18221347316283e-13,-1.38048524148342e-13,-6.6023207201381e-07
721.720944266666,0.0894769333333333,2.27489833333333e-07,3.215416666667e-09,3.18670035100036e-09,-1.9456709956673e-12,-1.00084130886511e-13,-2.05653549902792e-14,-9.83560456056831e-08
731.818366366667,0.0907287833333333,2.30694166666667e-07,3.1925833333335e-09,3.1840595998596e-09,-1.52553235053797e-12,1.18268195173532e-13,9.22828544407028e-14,4.41352782107709e-07
741.9530265,0.09198525,2.33875e-07,3.1751666666665e-09,3.18364928629928e-09,2.1048321054853e-14,2.73919773185994e-13,1.8888607734908e-13,9.03368196017339e-07
752.0367364,0.0932354,2.370445e-07,3.166e-09,3.18410169650171e-09,9.3123318124318e-13,3.11769708812841e-13,2.5682919541885e-13,1.22831354330754e-06
762.132679733334,0.0944870666666667,2.40207e-07,3.1883333333335e-09,3.18551175266177e-09,1.28715631215241e-12,3.09960825424835e-13,2.78932730580753e-13,1.33402610277751e-06
772.2275476,0.0957386,2.43421166666667e-07,3.19316666666648e-09,3.18667600912602e-09,8.86030186015218e-13,2.78624524212591e-13,2.67354241464682e-13,1.27865072004848e-06
782.3177103,0.09698955,2.46593333333333e-07,3.1679166666665e-09,3.1872838130338e-09,3.12217737207664e-13,2.2502653060935e-13,2.59925690023136e-13,1.24312286532804e-06
792.2618784,0.0982224,2.49757e-07,3.15825000000002e-09,3.18730044460043e-09,-4.60626535619665e-13,1.66287087536395e-13,2.7463434376213e-13,1.31346860060149e-06
802.151869866667,0.0994485333333333,2.52909833333333e-07,3.1591666666665e-09,3.18636255996256e-09,-4.78129753120839e-13,2.0705243544357e-13,2.93705487224953e-13,1.40467841716282e-06
812.2296647,0.10069795,2.56075333333333e-07,3.2125e-09,3.18634418509419e-09,3.67903942909855e-13,3.68997173981076e-13,3.05287820982866e-13,1.46007218730936e-06
822.630502833336,0.101987416666667,2.59334833333333e-07,3.21233333333349e-09,3.18709836784838e-09,1.03084415584925e-12,4.77185114876317e-13,3.17340879098897e-13,1.51771724786429e-06
832.735318766664,0.103240183333333,2.625e-07,3.17558333333348e-09,3.18840587340589e-09,1.26177898677625e-12,3.89493400010767e-13,3.40851015318507e-13,1.63015702978416e-06
842.8179532,0.1044902,2.65686e-07,3.18558333333352e-09,3.18962192582193e-09,7.7041359541059e-13,2.51295143293359e-13,3.69231434221556e-13,1.76588946801614e-06
852.944547333336,0.105745666666667,2.68871166666667e-07,3.21599999999999e-09,3.18994670059671e-09,-3.13308763307529e-13,2.51924364110572e-13,3.73577895231544e-13,1.78667689023782e-06
863.0410284,0.1069974,2.72118e-07,3.2186666666665e-09,3.18899530829532e-09,-9.07037557040345e-13,3.40877363378456e-13,3.47015420082536e-13,1.65963896561213e-06
873.1186888,0.1082468,2.753085e-07,3.17983333333352e-09,3.18813262548263e-09,-5.46683046690926e-13,4.20371813484212e-13,3.13002348690134e-13,1.49696775460499e-06
883.2366792,0.1095012,2.78477666666667e-07,3.14875000000002e-09,3.18790194220194e-09,1.38264888258018e-13,3.82323361092038e-13,2.82543350478397e-13,1.35129428489668e-06
893.1868968,0.1107348,2.81606e-07,3.16633333333299e-09,3.18840915525914e-09,1.05873113373201e-12,2.31685225661563e-13,2.31775036737411e-13,1.10848930613544e-06
903.3766746,0.1119981,2.84810333333333e-07,3.2095833333335e-09,3.1900194044694e-09,1.22820580321509e-12,9.86157918477052e-14,1.45045847196968e-13,6.93697530072456e-07
913.5620161,0.11326085,2.88025166666667e-07,3.21533333333349e-09,3.19086556686557e-09,4.96519246526924e-13,2.47554242391433e-14,5.98528721100023e-14,2.86252866613054e-07
923.6473392,0.1145112,2.91241e-07,3.21733333333297e-09,3.19101244296245e-09,4.6390546404971e-15,-2.22593669240314e-14,1.67023166914501e-14,7.98806450460657e-08
933.765060733336,0.115765566666667,2.94459833333333e-07,3.1881666666665e-09,3.19087484497486e-09,2.61150111157473e-13,-5.20285818018612e-14,1.12001640693892e-14,5.35660020709918e-08
943.833579666664,0.117013833333333,2.97617333333333e-07,3.17858333333351e-09,3.19153474318477e-09,4.67786942787169e-13,-2.57557972335594e-14,1.56599195810382e-14,7.4895267561487e-08
953.9238768,0.1182648,3.00817e-07,3.175666666667e-09,3.19181041886043e-09,-6.26140751155473e-13,8.08746221540376e-14,-4.47786157966094e-15,-2.14158597288132e-08
964.024122,0.119517,3.03968666666667e-07,3.17200000000002e-09,3.19028246168246e-09,-1.52798642798972e-12,9.07001219692694e-14,-6.35759601259167e-14,-3.04058939732645e-07
974.139020433336,0.120771016666667,3.07161e-07,3.1899166666665e-09,3.18875444600445e-09,-1.42627822627996e-12,-9.81534377154608e-14,-1.45102265358573e-13,-6.9396735606274e-07
984.212647833336,0.122019916666667,3.103485e-07,3.19399999999997e-09,3.1874299052299e-09,-1.73283023291105e-13,-2.89226929280371e-13,-2.33328178169212e-13,-1.11591737385275e-06
994.3309071,0.12327435,3.13549e-07,3.20624999999999e-09,3.18840787995787e-09,1.29740844740807e-12,-4.20849247778228e-13,-3.21027482051366e-13,-1.53534882720219e-06
1004.422683,0.1245255,3.16761e-07,3.19700000000003e-09,3.19002472212471e-09,6.11568386573695e-13,-4.61355611968737e-13,-3.90425995190118e-13,-1.86725475960491e-06
1014.5140556,0.1257766,3.19943e-07,3.17850000000002e-09,3.18963101673102e-09,-5.5840938340199e-13,-3.8581070754182e-13,-3.97117362114641e-13,-1.89925694924394e-06
1024.619947,0.1270295,3.23118e-07,3.16299999999999e-09,3.18890790335791e-09,-4.80121680113942e-13,-3.10927874993854e-13,-3.30514317724858e-13,-1.58072064998845e-06
1034.7048668,0.1282798,3.26269e-07,3.17949999999999e-09,3.18867077337079e-09,9.15379665371247e-14,-2.6081040347323e-13,-2.38174986215616e-13,-1.13909776016164e-06
1044.79368516666,0.129530583333333,3.29477e-07,3.20200000000001e-09,3.18909097929098e-09,8.49186849183395e-14,-1.82207977901392e-13,-1.70007032304285e-13,-8.13077111020494e-07
1054.8811592,0.1307812,3.32673e-07,3.19550000000001e-09,3.18884061074062e-09,-1.31593834093052e-12,-6.29855939916482e-14,-1.50896186998781e-13,-7.21677416081127e-07
1064.97387613334,0.132032466666667,3.35868e-07,3.198e-09,3.18645910260912e-09,-1.54352111852969e-12,-3.71868071529007e-14,-1.53552105535677e-13,-7.34379635170629e-07
1075.07586896666,0.133284883333333,3.39069e-07,3.18983333333351e-09,3.18575356850356e-09,1.08932958920076e-13,-1.47137014022479e-13,-1.46222944504521e-13,-6.99327125891187e-07
1085.1657628,0.1345358,3.42247666666667e-07,3.18999999999999e-09,3.18667696852696e-09,3.77556452559678e-13,-2.79471850419256e-13,-1.35834235128004e-13,-6.49641994090454e-07
1095.2789136,0.1357896,3.45449e-07,3.1881666666665e-09,3.18650868140868e-09,3.99023049019271e-13,-2.63023445004616e-13,-1.35167206725668e-13,-6.46451858253195e-07
1105.3614136,0.1370396,3.48624e-07,3.17949999999999e-09,3.187475014625e-09,6.52691002678542e-13,-7.38077959656742e-14,-1.36530822995482e-13,-6.5297350128274e-07
1115.44445133334,0.138289666666667,3.51808e-07,3.1774166666665e-09,3.18781406341404e-09,-7.12823213296662e-15,1.21082030758403e-14,-1.10120604736226e-13,-5.2666376178195e-07
1125.5280268,0.1395398,3.54978833333333e-07,3.19083333333351e-09,3.18746075816074e-09,-2.62428337417247e-13,-4.91420093420284e-14,-6.70331916776609e-14,-3.205935254149e-07
1135.6516634,0.1407949,3.58189666666667e-07,3.20858333333349e-09,3.18728920673921e-09,-2.61153036136982e-13,-1.01216515314109e-13,-4.68761253441274e-14,-2.24190164689305e-07
1145.755135,0.1420475,3.61396e-07,3.19516666666651e-09,3.18693845208846e-09,-2.90242190247538e-13,-8.69898021341665e-14,-5.86813405307405e-14,-2.80649889494846e-07
1155.84623873334,0.143298566666667,3.6458e-07,3.18200000000001e-09,3.18670872235871e-09,-4.45021645031536e-13,-4.2390855892308e-14,-8.74611594924534e-14,-4.18292501920429e-07
1165.948366,0.144551,3.6776e-07,3.17750000000002e-09,3.1860484087984e-09,-2.1584474083979e-13,-1.00897496842428e-13,-1.06873622971802e-13,-5.11134718560792e-07
1176.0203802,0.1457997,3.70935e-07,3.1635e-09,3.18627703287703e-09,5.25532350536218e-13,-1.60032026628837e-13,-1.15599028601689e-13,-5.52864919399382e-07
1186.1206254,0.1470519,3.74087e-07,3.16849999999998e-09,3.18709947349947e-09,6.4009594009761e-13,-1.07125911439613e-13,-1.28281237682018e-13,-6.13518962827043e-07
1196.2103848,0.1483028,3.77272e-07,3.18000000000001e-09,3.18755722475723e-09,-4.37168012166141e-13,-1.01437499809248e-13,-1.43071782122299e-13,-6.8425634928056e-07
1206.30202626666,0.149553933333333,3.80447e-07,3.20391666666651e-09,3.18622513747514e-09,-1.46877266877303e-12,-1.41202855291077e-13,-1.35281083744618e-13,-6.4699648747426e-07
1216.40012053334,0.150805866666667,3.83679833333333e-07,3.20449999999999e-09,3.18461967941968e-09,-6.1118521118631e-13,-1.27621530286002e-13,-7.71248495271792e-14,-3.68857975999553e-07
1226.5062808,0.1520588,3.86856e-07,3.18699999999999e-09,3.18500276705277e-09,4.26676026667772e-13,-6.61082483260925e-14,1.22789620351089e-14,5.87254706026947e-08
1236.59536803334,0.153309616666667,3.90053833333333e-07,3.2004166666665e-09,3.18547303147302e-09,5.43766818763993e-13,4.48735398546996e-14,9.24639074847361e-14,4.42218687970477e-07
1246.68848826666,0.154560933333333,3.93256833333333e-07,3.16908333333349e-09,3.18609030069029e-09,4.95358020371255e-13,2.06885262778277e-13,1.4772572754114e-13,7.065143491098e-07
1256.795724,0.155814,3.96392e-07,3.1685833333335e-09,3.18646374751376e-09,4.53995554001574e-13,3.24650070588456e-13,1.76184404306797e-13,8.42621064075986e-07
1266.8778207,0.15706395,3.99594e-07,3.20650000000002e-09,3.1869982917983e-09,4.99008424003471e-13,2.75402279218467e-13,1.77754017687824e-13,8.50127910680897e-07
1276.9800824,0.1583164,4.02805e-07,3.19400000000002e-09,3.18746176436177e-09,-3.34158184160774e-13,9.7970541367678e-14,1.58636992569743e-13,7.58698660116162e-07
1287.0811342,0.1595687,4.05982e-07,3.18449999999997e-09,3.18632997542998e-09,-8.70454545459578e-13,-1.45257758437123e-14,1.38592399480243e-13,6.6283321490551e-07
1297.1708936,0.1608196,4.09174e-07,3.19008333333349e-09,3.18572085527085e-09,-4.8712998717136e-14,4.07019855952816e-14,1.44177161349879e-13,6.89542945586378e-07
1307.2751718,0.1620723,4.12362166666667e-07,3.1794166666665e-09,3.18623254943254e-09,1.03700421200689e-12,1.2311866087828e-13,1.51292351248445e-13,7.23572114666476e-07
1317.3641246,0.1633231,4.15532833333333e-07,3.17291666666648e-09,3.18779486369486e-09,1.37261319761908e-12,1.63890477450892e-13,8.73914753018315e-14,4.17959229704412e-07
1327.445818,0.164573,4.18708e-07,3.18366666666701e-09,3.18897777582778e-09,6.50421200428702e-13,1.82388118495527e-13,-5.88890095610976e-14,-2.81643089205249e-07
1337.53732503334,0.165824116666667,4.21900166666667e-07,3.20049999999999e-09,3.18909570609572e-09,-3.33406458405765e-13,4.9480578190996e-14,-2.35569563717611e-13,-1.12663704386684e-06
1347.65249233334,0.167078166666667,4.25109e-07,3.19941666666649e-09,3.18831096291097e-09,-1.68776178776227e-12,-4.16034138370006e-13,-4.17177521072492e-13,-1.99519683991192e-06
1357.7602658,0.1683313,4.28299e-07,3.18150000000005e-09,3.18572018252019e-09,-2.13414063413373e-12,-8.78995259486912e-13,-4.6401314134057e-13,-2.21919328467229e-06
1367.8217942,0.1695787,4.31472e-07,3.16841666666654e-09,3.1840426816427e-09,-7.71370071366963e-13,-7.47440688417916e-13,-2.9652138338482e-13,-1.41814574662305e-06
1377.93346623334,0.170832316666667,4.34635833333333e-07,3.18749999999998e-09,3.18417744237746e-09,1.27735170234411e-12,-2.23933704000572e-13,-1.1351041663594e-13,-5.42875905650148e-07
1388.03061946666,0.172084133333333,4.37847e-07,3.20899999999996e-09,3.18659738504739e-09,2.00947993447699e-12,2.19396997691504e-13,3.5889116706468e-14,1.7164360163963e-07
1398.13798963334,0.173337216666667,4.41053833333333e-07,3.1895e-09,3.18819640224641e-09,7.09137709139616e-13,8.95825698588294e-13,2.40654577295075e-13,1.15095667401992e-06
1408.2316476,0.1745886,4.44226e-07,3.18391666666705e-09,3.18801566046567e-09,-7.32985257998478e-13,9.40156314296869e-13,4.4968537003331e-13,2.15066916102887e-06
1418.32611216666,0.175840083333333,4.47421666666667e-07,3.18491666666652e-09,3.18673043173042e-09,-2.39974552474882e-12,7.43820689767433e-15,5.97599592154905e-13,2.85808500595824e-06
1428.4006806,0.1770891,4.50595833333333e-07,3.18366666666648e-09,3.18321616941617e-09,-2.9662513162378e-12,7.16436638468076e-14,7.11322148989741e-13,3.40197549516833e-06
1438.4993126,0.1783411,4.53789e-07,3.17958333333346e-09,3.18079792909794e-09,-6.15321165319827e-13,8.51024501638178e-13,8.25532260969108e-13,3.94819776985226e-06
1448.5793928,0.1795908,4.56955e-07,3.17799999999998e-09,3.18198552708553e-09,5.63272785772223e-12,1.2206218194791e-12,9.34812565690985e-13,4.47084270547862e-06
1458.69671103334,0.180845116666667,4.60145e-07,3.20750000000002e-09,3.19206338481339e-09,9.22882005382247e-12,1.39470323756195e-12,1.12449579876291e-12,5.37802338538783e-06
1468.7613314,0.1820929,4.6337e-07,3.19500000000002e-09,3.20044316719318e-09,3.91441441442536e-12,1.40614599721495e-12,1.34264004226843e-12,6.42132194128379e-06
1478.8704492,0.1833462,4.66535e-07,3.18183333333352e-09,3.19989221364224e-09,-1.12793962793737e-12,1.27495601116971e-12,1.39074055846906e-12,6.65136788833029e-06
1488.96652696666,0.184597883333333,4.69733666666667e-07,3.17658333333348e-09,3.1981872879373e-09,-2.11524804025995e-12,1.16005405929412e-12,1.32761352849731e-12,6.3494560058567e-06
1499.0636802,0.1858497,4.72888166666667e-07,3.17316666666646e-09,3.19566171756172e-09,-9.2412045162029e-12,1.14685782684399e-12,1.23656537852871e-12,5.91400833209383e-06
1509.1651353,0.18710205,4.7608e-07,3.18341666666653e-09,3.1797048789049e-09,-2.91321808820199e-12,1.1055216463044e-12,1.04455007674445e-12,4.99567428008215e-06
1519.24790416666,0.188352083333333,4.79255e-07,3.19983333333352e-09,3.18983528138531e-09,1.45693167193179e-11,9.97387859556847e-13,7.40129251799355e-13,3.53974859556213e-06
1529.3652224,0.1896064,4.82479666666667e-07,3.23149999999995e-09,3.20884351234353e-09,6.13917456416773e-12,6.7163209578863e-13,4.00768291902733e-13,1.91671791779568e-06
1539.4267508,0.1908538,4.85718e-07,3.2196666666665e-09,3.20211363051365e-09,-4.20720720721255e-12,5.7818022207722e-14,8.34044386000267e-14,3.98890793304476e-07
1549.48653156666,0.192100983333333,4.88919e-07,3.18900000000004e-09,3.20042909792911e-09,-1.36403416404566e-12,-5.76765903346047e-13,-1.80383748099726e-13,-8.62704882216081e-07
1559.621595,0.1933575,4.92096e-07,3.15558333333351e-09,3.19938556218556e-09,-1.74994149995066e-12,-7.5890034118617e-13,-3.09932701029547e-13,-1.48228683101088e-06
1569.71148883334,0.194608416666667,4.95230166666667e-07,3.17266666666647e-09,3.19692921492921e-09,-2.32342634842693e-12,-4.62679378032016e-13,-4.01377772308502e-13,-1.91963282408414e-06
1579.7898214,0.1958579,4.98441333333333e-07,3.19800000000003e-09,3.1947387094887e-09,-9.49926874914727e-13,-2.66244868626129e-13,-6.16128794858189e-13,-2.94670293193047e-06
1589.8013406,0.1970991,5.01626166666667e-07,3.24866666666698e-09,3.19502936117938e-09,3.78413478419486e-13,-3.26713082133699e-13,-8.41101946489252e-13,-4.02266148320947e-06
1599.8539964,0.1983454,5.04938666666667e-07,3.29041666666644e-09,3.19549553644554e-09,1.7990230488735e-13,-5.7022299499708e-13,-1.01864361797231e-12,-4.87177382508496e-06
1609.93219453334,0.199594866666667,5.08207e-07,3.28466666666655e-09,3.19538916578915e-09,-5.41640341654282e-13,-1.58482545965623e-12,-1.22208654837896e-12,-5.84476175311677e-06
1619.8536434,0.2008249,5.11508e-07,3.25808333333354e-09,3.19441225576223e-09,-1.96884286885029e-12,-2.33639361023401e-12,-1.40027592841328e-12,-6.69697183154177e-06
1629.916785,0.2020725,5.14723166666667e-07,3.0245833333335e-09,3.19145148005145e-09,-2.75013162513091e-12,-1.58863813546817e-12,-1.47672137167247e-12,-7.06258047321616e-06
1640.41723823334,0.203374316666667,5.17557166666667e-07,3.00241666666648e-09,3.18891199251197e-09,-1.97824090323309e-12,-1.04302451728173e-12,-1.4585736828843e-12,-6.97578717901187e-06
1650.48938686666,0.204623033333333,5.20728e-07,3.18841666666654e-09,3.18749499824498e-09,-1.21066456066184e-12,-1.10040968878007e-12,-1.39582015258179e-12,-6.67566159930421e-06
1660.5942028,0.2058758,5.23934e-07,3.20650000000005e-09,3.18649066339065e-09,-6.68681993675336e-13,-1.04012799464786e-12,-1.29850684190473e-12,-6.2102501134574e-06
1670.678316,0.207126,5.27141e-07,3.22308333333347e-09,3.18615763425763e-09,-3.32657657650324e-13,-1.19444384554817e-12,-1.24260913861249e-12,-5.94291327162495e-06
1680.77869563334,0.208378216666667,5.30380166666667e-07,3.60524999999994e-09,3.18582534807535e-09,-1.06256581257234e-12,-1.44413094959935e-12,-1.23679354447893e-12,-5.9150995605514e-06
1690.22451936666,0.209549283333333,5.343515e-07,3.05158333333297e-09,3.18403250263249e-09,-1.96310693811265e-12,-1.51712344522101e-12,-1.09264392435276e-12,-5.22568833386103e-06
1699.982094,0.210759,5.36483333333333e-07,2.76325000000004e-09,3.18189913419912e-09,-1.24025974026013e-12,-1.10776881924215e-12,-7.5727384311188e-13,-3.62174446705682e-06
1711.04326866666,0.212130333333333,5.39878e-07,3.29875e-09,3.18155198315197e-09,-1.1938691939449e-13,-2.91406536468909e-13,-4.11409391566414e-13,-1.9676101335785e-06
1721.15265533334,0.213383666666667,5.43080833333333e-07,3.17949999999999e-09,3.18166036036033e-09,-3.5304785337123e-15,2.78920604501975e-13,-1.91760941031204e-13,-9.1711754406228e-07
1731.229778,0.214633,5.46237e-07,3.17783333333355e-09,3.1815449221949e-09,-2.13095238083649e-13,4.20954645416018e-13,-3.9895042774389e-15,-1.90802378486208e-08
1741.30555633334,0.215882166666667,5.494365e-07,3.24074999999999e-09,3.18123416988417e-09,-3.38624663619143e-13,4.1049061239577e-13,1.8922591139969e-13,9.04993489302865e-07
1751.47006066666,0.217142333333333,5.527185e-07,3.2311666666665e-09,3.18086767286766e-09,-1.26081081081706e-12,-1.70069192811903e-13,3.04446416096117e-13,1.45604807698143e-06
1761.56062666666,0.218393333333333,5.55898833333333e-07,3.16991666666645e-09,3.17871254826253e-09,-8.78100503098399e-13,-4.17100954537114e-13,3.76044486750042e-13,1.79847363228281e-06
1771.636405,0.2196425,5.59058333333333e-07,3.15774999999997e-09,3.17911147186147e-09,2.1889902889948e-12,6.0754548920214e-13,4.88515031521801e-13,2.33637623771296e-06
1781.722938,0.220893,5.62214333333333e-07,3.15958333333352e-09,3.18309052884052e-09,4.23649233649495e-12,1.16537278364446e-12,6.49761772275195e-13,3.10755630218572e-06
1791.80812666666,0.222143333333333,5.653775e-07,3.16633333333355e-09,3.18758445653446e-09,5.0810167310289e-12,9.98352111303251e-13,8.206026891183e-13,3.92462155665274e-06
1801.879872,0.223392,5.68547e-07,3.20758333333352e-09,3.19325256230258e-09,1.39412659413669e-12,9.57185184109884e-13,9.77499633993815e-13,4.67499824953564e-06
1812.03227733334,0.224650666666667,5.71792666666667e-07,3.23791666666647e-09,3.19037270972273e-09,-4.9170469170471e-12,8.63961060000554e-13,9.88763009287669e-13,4.72886656615842e-06
1822.117466,0.225901,5.75022833333333e-07,3.21266666666652e-09,3.18341846846848e-09,-4.08930911430707e-12,7.27938601944014e-13,8.1590873252175e-13,3.90217219901707e-06
1832.199966,0.227151,5.78218e-07,3.19283333333354e-09,3.18219409149411e-09,-8.67465192460523e-13,6.32064599212613e-13,6.44081987969718e-13,3.08039211637691e-06
1842.2744,0.2284,5.814085e-07,3.16541666666654e-09,3.18168353808356e-09,-4.99195624191917e-13,5.4724329327365e-13,4.9066248610124e-13,2.3466466726581e-06
1852.336735,0.2296475,5.84548833333333e-07,3.14791666666648e-09,3.18119570024573e-09,9.46107698608218e-12,4.09765174379542e-13,2.85531240095561e-13,1.36558419176138e-06
1862.43805566666,0.230899833333333,5.87704333333333e-07,3.18158333333344e-09,3.20060569205573e-09,9.17051889551755e-12,1.74691448048035e-13,9.80563539539291e-14,4.68965171084009e-07
1872.61197033334,0.232161166666667,5.90912e-07,3.20783333333347e-09,3.19953673803677e-09,-8.58080028080986e-12,-1.00569147817936e-13,1.25534048121397e-15,6.00380230145812e-09
1882.676994,0.233409,5.9412e-07,3.21100000000007e-09,3.18344409149411e-09,-5.66919679421149e-12,-2.5349544065168e-13,-1.78228575815496e-14,-8.52397536508894e-08
1892.751428,0.234658,5.97334e-07,3.20408333333353e-09,3.18819834444834e-09,2.44403884403107e-12,-2.22572310684518e-13,7.02213426716713e-15,3.35841204081906e-08
1902.817796,0.235906,6.00528166666667e-07,3.18449999999997e-09,3.18833216918217e-09,-6.07683982674126e-13,9.67009485774742e-14,5.41533021188007e-14,2.58994053611656e-07
1912.91105066666,0.237157333333333,6.03703e-07,3.14391666666647e-09,3.18698297648299e-09,-3.62665262657522e-13,3.90534710612222e-13,1.09347955719197e-14,5.2296848387442e-08
1922.982796,0.238406,6.06816e-07,3.14249999999998e-09,3.18760683865686e-09,9.02132327127735e-13,2.26075770941719e-13,-1.05889805369108e-13,-5.06429503939212e-07
1933.08277233334,0.239658166666667,6.09988e-07,3.20458333333354e-09,3.18878724113725e-09,4.66119691109856e-13,-1.08726514351078e-13,-1.38762917760489e-13,-6.63648737115382e-07
1943.276852,0.240922,6.13225166666667e-07,3.21208333333354e-09,3.18853907803908e-09,-1.98695448707781e-13,-4.26172159305842e-13,-1.51534335498841e-13,-7.24729430646631e-07
1953.319022,0.242167,6.16412166666667e-07,3.19999999999998e-09,3.18838985023983e-09,-1.25924300931903e-13,-7.95343878223632e-13,-1.95725781888242e-13,-9.36079826422027e-07
1963.417654,0.243419,6.19625166666667e-07,3.21891666666648e-09,3.18828722943721e-09,-5.7991400490601e-13,-2.76036008498444e-13,-1.63830180636797e-13,-7.83535646523812e-07
1973.479989,0.2446665,6.2285e-07,3.19791666666648e-09,3.18723002223002e-09,-8.39572364554218e-13,5.70895528610416e-13,-3.81617125042845e-14,-1.82512538063969e-07
1983.574588,0.245918,6.26021e-07,3.14908333333355e-09,3.1866080847081e-09,3.99435474439764e-13,2.63408470625032e-13,1.05178000451894e-13,5.03025219552537e-07
1993.640956,0.247166,6.29148166666667e-07,3.16500000000002e-09,3.1880288931789e-09,1.64110214109244e-12,3.46182462876282e-14,2.03070430039822e-13,9.71206404538279e-07
2003.816215,0.2484275,6.32351e-07,3.18841666666643e-09,3.18989028899029e-09,1.24316134316316e-12,2.21316118020375e-13,2.00296605594377e-13,9.57940287625281e-07
2013.87855,0.249675,6.35525e-07,3.193e-09,3.19051521586523e-09,-3.56639756640063e-13,6.49472353934799e-14,3.98004498807388e-14,1.9034997769049e-07
2023.985248,0.250928,6.38737e-07,3.22200000000005e-09,3.18917700947701e-09,-1.59269334270942e-12,-1.08780893204628e-13,-1.25592021481399e-13,-6.00657494041473e-07
2034.059682,0.252177,6.41969e-07,3.21666666666652e-09,3.18732982917981e-09,-1.28605651105798e-12,-2.11899969451889e-13,-1.44059735870134e-13,-6.88981345465858e-07
2044.13142733334,0.253425666666667,6.45170333333333e-07,3.18691666666644e-09,3.18660489645489e-09,5.96203346248126e-14,-2.80586527055735e-13,-1.40864175297305e-13,-6.73698229682763e-07
2054.20855,0.254675,6.48342833333333e-07,3.16733333333352e-09,3.18744906984906e-09,7.85743535741343e-13,-2.16075683164306e-13,-1.48544859711597e-13,-7.10431937751116e-07
2064.307182,0.255927,6.51505e-07,3.16716666666706e-09,3.18817638352637e-09,7.71314496318924e-13,-4.71869064061244e-14,-1.22776225794599e-13,-5.87190645104604e-07
2074.46362033334,0.257186166666667,6.54677166666667e-07,3.16224999999994e-09,3.1889916988417e-09,8.60044460041549e-13,3.25949350384257e-14,-1.09384390161007e-13,-5.23142735552642e-07
2084.54746466666,0.258436333333333,6.578295e-07,3.18841666666648e-09,3.18989647244646e-09,-3.5935415936003e-13,-3.91193830702201e-14,-1.22993898703548e-13,-5.88231689451751e-07
2094.627276,0.259686,6.61054e-07,3.21525000000003e-09,3.18827299052298e-09,-2.41660816660367e-12,-1.8243981808662e-13,-1.62064571812655e-13,-7.7509143040835e-07
2104.67482333334,0.260931666666667,6.6426e-07,3.21399999999999e-09,3.18506325611325e-09,-1.76867614366868e-12,-3.03956456103841e-13,-2.19421600628639e-13,-1.04940765518045e-06
2114.764045,0.2621825,6.67482e-07,3.19424999999998e-09,3.18473563823564e-09,5.43465543528499e-14,-3.44566992087854e-13,-2.68375466788891e-13,-1.28353484116426e-06
2124.86536566666,0.263434833333333,6.706485e-07,3.17133333333352e-09,3.18517194922196e-09,5.78700128707454e-13,-3.25900751731873e-13,-2.89437863295975e-13,-1.38426804185032e-06
2135.005672,0.264692,6.73824666666667e-07,3.15658333333354e-09,3.18589303849305e-09,1.59272844273629e-12,-2.78649140516078e-13,-2.93969892944569e-13,-1.40594296625663e-06
2145.104304,0.265944,6.76961666666667e-07,3.17116666666648e-09,3.18835740610743e-09,1.86764069263508e-12,-2.17309731286136e-13,-2.93980285378032e-13,-1.40599266919928e-06
2155.162606,0.267191,6.80167e-07,3.20116666666646e-09,3.18962831987832e-09,-1.74417924427088e-13,-2.16759707385783e-13,-2.9147419222183e-13,-1.39400700627832e-06
2165.261238,0.268443,6.83364e-07,3.197e-09,3.18800857025857e-09,-2.17397332397308e-12,-3.19393499926562e-13,-3.01595615217789e-13,-1.44241381191116e-06
2175.32491733334,0.269690666666667,6.86561e-07,3.17150000000004e-09,3.18528037323038e-09,-2.62585410085619e-12,-4.19962731887286e-13,-3.30565009878914e-13,-1.58096309072524e-06
2185.44237,0.270945,6.89707e-07,3.18241666666648e-09,3.18275686205686e-09,-2.08459400959737e-12,-4.02462097068879e-13,-3.71205056858948e-13,-1.77532853280366e-06
2195.613596,0.272206,6.92925833333333e-07,3.20008333333347e-09,3.18111118521118e-09,-3.07856557856783e-13,-3.55330878550587e-13,-4.27992137308441e-13,-2.04691891756211e-06
2205.69475166666,0.273455833333333,6.96107166666667e-07,3.1878333333335e-09,3.18214114894115e-09,1.69530829530246e-12,-4.1503027430859e-13,-4.82337760066533e-13,-2.30683276553559e-06
2215.77321866666,0.274705333333333,6.993015e-07,3.18908333333301e-09,3.18450180180179e-09,1.98408505907241e-12,-4.84709221627801e-13,-4.94943347486189e-13,-2.36712035754264e-06
2225.83152066666,0.275952333333333,7.02485333333333e-07,3.17983333333349e-09,3.18610931905929e-09,6.09582309582209e-13,-5.17643692229346e-13,-4.6424009037228e-13,-2.22027869308482e-06
2235.907299,0.2772015,7.05661166666667e-07,3.19150000000001e-09,3.18572096642095e-09,-1.5116151865958e-12,-5.50552932647406e-13,-4.09521741986322e-13,-1.95858224428241e-06
2245.985766,0.278451,7.08868333333333e-07,3.1895e-09,3.1830860886861e-09,-2.94972212471108e-12,-4.17217921188529e-13,-3.35651115234389e-13,-1.60528794242534e-06
2256.06692166666,0.279700833333333,7.12040166666667e-07,3.16791666666703e-09,3.17982152217153e-09,-1.9687843687973e-12,-1.55397382921051e-13,-2.54495175944338e-13,-1.21715084147292e-06
2266.27041166666,0.280965833333333,7.15204166666667e-07,3.1756666666665e-09,3.17914851994851e-09,3.1780449279942e-13,-3.90282403997787e-14,-1.94931679725252e-13,-9.32281946512075e-07
2276.338124,0.282214,7.183915e-07,3.19866666666645e-09,3.18045713115713e-09,1.40361530362273e-12,-7.29231800319378e-14,-1.66105645889622e-13,-7.94418306428627e-07
2286.444822,0.283467,7.216015e-07,3.19175000000001e-09,3.18195575055575e-09,1.20161167660462e-12,-1.48731683733072e-13,-1.41314805320433e-13,-6.75853416749897e-07
2296.523289,0.2847165,7.24775e-07,3.1878333333335e-09,3.18286035451034e-09,3.8079443078815e-13,-2.12945224360237e-13,-9.41773355840644e-14,-4.50413344097699e-07
2306.609822,0.285967,7.27977166666667e-07,3.17241666666652e-09,3.18271733941733e-09,-6.47259272248553e-13,-1.84855073035403e-13,-1.5728391149405e-14,-7.5222740279763e-08
2316.764916,0.287226,7.31119833333333e-07,3.150333333333e-09,3.18156583596584e-09,-1.03956358954916e-12,-1.51152399501976e-14,8.61771420992253e-14,4.12151549170208e-07
2326.915977,0.2884845,7.34277833333333e-07,3.15458333333349e-09,3.18063821223823e-09,-2.56745056737387e-13,2.95406476535056e-13,1.86917132564561e-13,8.9395150356964e-07
2337.067038,0.289743,7.37429e-07,3.16283333333355e-09,3.18105234585237e-09,7.05112905105898e-13,5.31863450037296e-13,2.75660487388285e-13,1.31837624403093e-06
2347.12802866666,0.290990333333333,7.406035e-07,3.19550000000001e-09,3.18204843804844e-09,3.89042939034651e-13,4.73408211304687e-13,3.61580080303488e-13,1.72929603623407e-06
2357.25758033334,0.292246166666667,7.4382e-07,3.21824999999995e-09,3.18183043173044e-09,5.44372294354078e-14,3.04332150215057e-13,4.47739276245537e-13,2.14136175595692e-06
2367.354868,0.293498,7.4704e-07,3.2125e-09,3.18215731250731e-09,9.49967824966994e-13,2.9860804857622e-13,5.26436333232715e-13,2.51773898502603e-06
2377.417203,0.2947455,7.50245e-07,3.19000000000002e-09,3.18373036738037e-09,1.23043173043729e-12,4.83774700879733e-13,5.87873965957819e-13,2.8115711415374e-06
2387.51717933334,0.295997666666667,7.5342e-07,3.1608333333335e-09,3.18461817596819e-09,8.15955890951767e-13,7.33634316039464e-13,6.37440924812235e-13,3.04863050997156e-06
2397.683028,0.297258,7.56566666666667e-07,3.14500000000005e-09,3.18536227916227e-09,3.13987363981523e-13,8.74137959852805e-13,6.77755152466527e-13,3.24143768570948e-06
2407.75611766666,0.298506833333333,7.5971e-07,3.16191666666649e-09,3.18524615069615e-09,2.4619164619019e-13,8.22155335687577e-13,6.89077181503457e-13,3.29558652023392e-06
2417.73779266666,0.299744333333333,7.628905e-07,3.21066666666646e-09,3.18585466245465e-09,6.78062478059287e-13,6.30225173014801e-13,6.55584107086443e-13,3.13540225128299e-06
2427.80684933334,0.300992666666667,7.66131333333333e-07,3.22475000000002e-09,3.18660227565227e-09,-8.69398619242859e-14,4.36382603462729e-13,5.86179581201748e-13,2.80346756226923e-06
2438.02916,0.30226,7.6934e-07,3.19516666666699e-09,3.18568078273081e-09,1.35527085539647e-13,3.71949715346563e-13,5.10427989216934e-13,2.44117733973316e-06
2448.079396,0.303506,7.72521666666667e-07,3.18166666666645e-09,3.18687332982335e-09,2.42385047384097e-12,4.43807498204267e-13,4.50352203786188e-13,2.15385836593394e-06
2458.258688,0.304768,7.75703333333333e-07,3.18416666666652e-09,3.19052848367849e-09,2.39041476540322e-12,5.0091781791613e-13,4.08125533528008e-13,1.95190472556873e-06
2468.34387666666,0.306018333333333,7.7889e-07,3.18416666666705e-09,3.19165415935415e-09,1.44465894466687e-13,4.57263268965504e-13,3.65359934252808e-13,1.74737359860039e-06
2478.415622,0.307267,7.82071666666667e-07,3.1858333333335e-09,3.19081741546742e-09,-1.38709781209098e-12,3.52938355242566e-13,3.02062632238768e-13,1.44464737157672e-06
2488.48199,0.308515,7.85261666666667e-07,3.18999999999997e-09,3.18887996372997e-09,-2.0359073359175e-12,1.95611729700401e-13,2.29977681303557e-13,1.09989325840832e-06
2498.58734366666,0.309767833333333,7.88451666666667e-07,3.19583333333298e-09,3.18674560079559e-09,-1.18027670529019e-12,6.19539495731783e-14,1.56139039455443e-13,7.4675192783038e-07
2508.671188,0.311018,7.91653333333333e-07,3.19833333333305e-09,3.18651941031939e-09,7.04317304327799e-13,-9.92155828756369e-15,6.90298762973735e-14,3.30142886639612e-07
2518.834348,0.312278,7.94848333333333e-07,3.18666666666702e-09,3.18815423540424e-09,1.94884169885298e-12,1.18524579833617e-15,-2.18394747846764e-14,-1.0444966201367e-07
2528.91819233334,0.313528166666667,7.98026666666667e-07,3.19000000000002e-09,3.1904170937171e-09,1.73129460628812e-12,6.2381069801001e-14,-9.91500244666723e-14,-4.74195769188433e-07
2539.007414,0.314779,8.01228333333333e-07,3.18666666666654e-09,3.19161682461682e-09,5.24722124720781e-13,-6.32057647661712e-14,-1.51154355288272e-13,-7.22912133987388e-07
2549.081848,0.316028,8.044e-07,3.17583333333338e-09,3.19146653796654e-09,-8.21867321863242e-13,-2.94737613754148e-13,-1.70522576997038e-13,-8.15542759551051e-07
2559.164348,0.317278,8.0758e-07,3.17999999999995e-09,3.18997308997309e-09,-1.67611442610985e-12,-3.11492128041098e-13,-1.59080788486167e-13,-7.60821162325147e-07
2569.246848,0.318528,8.1076e-07,3.18500000000004e-09,3.18811430911432e-09,-1.61936936936363e-12,-1.84865423856096e-13,-1.30957662392571e-13,-6.26319254920992e-07
2579.329348,0.319778,8.1395e-07,3.19750000000001e-09,3.18673435123436e-09,-3.6712004212341e-13,-4.81298512335242e-14,-9.65512034751635e-14,-4.61766625315999e-07
2589.500574,0.321039,8.17155e-07,3.19583333333351e-09,3.18738006903007e-09,1.15104130103229e-12,7.78485608107165e-14,-5.10307386275619e-14,-2.44060054305731e-07
2599.566942,0.322287,8.20341666666667e-07,3.195e-09,3.18903643383643e-09,1.28505616005143e-12,9.19981300256513e-14,-1.63840616047964e-14,-7.83585555012002e-08
2609.649442,0.323537,8.23545e-07,3.21583333333306e-09,3.18995018135018e-09,3.96402246412035e-13,-2.22287696243434e-15,-1.34188153638179e-14,-6.41769430443465e-08
2619.740008,0.324788,8.26773333333333e-07,3.17249999999996e-09,3.18982923832925e-09,-1.0294372294294e-12,-1.02226597520015e-13,-6.80753528066547e-15,-3.25577774292696e-08
2629.814442,0.326037,8.2989e-07,3.12833333333345e-09,3.18789130689132e-09,-1.90291915292915e-12,-1.05512894243266e-13,3.6330448328949e-14,1.73754318094973e-07
2639.905008,0.327288,8.3303e-07,3.17333333333353e-09,3.18602340002339e-09,-5.91055341061394e-13,1.83556889873222e-15,9.64494254332935e-14,4.61279860767925e-07
2650.07892266666,0.328549333333333,8.36236666666667e-07,3.22e-09,3.18670919620919e-09,1.23379548380538e-12,1.73376598513839e-13,1.37946353924744e-13,6.59743431813993e-07
2660.16545566666,0.329799833333333,8.3947e-07,3.24166666666647e-09,3.18849099099101e-09,1.84854334855229e-12,3.29560395103253e-13,1.45749162948407e-13,6.97061214101077e-07
2670.233168,0.331048,8.4272e-07,3.23083333333347e-09,3.1904062829063e-09,1.8093190593092e-12,3.19136751793202e-13,1.21411212160814e-13,5.8066231902998e-07
2680.323734,0.332299,8.45931666666667e-07,3.18583333333355e-09,3.19210962910962e-09,5.72481572463534e-13,6.26241118223149e-14,7.80629380358261e-14,3.73344486258299e-07
2690.398168,0.333548,8.49091666666667e-07,3.133333333333e-09,3.19155124605123e-09,-1.3016263016271e-12,-2.02599783525679e-13,2.63757204812613e-14,1.26144750127771e-07
2700.472602,0.334797,8.52198333333333e-07,3.13250000000002e-09,3.18950637650637e-09,-2.03907803906968e-12,-2.24139094857957e-13,-4.29731032293768e-14,-2.05523537183976e-07
2710.643828,0.336058,8.55356666666667e-07,3.17583333333354e-09,3.18747308997309e-09,-1.26120276120398e-12,-1.05302828547805e-13,-1.33238306124421e-13,-6.37226681464622e-07
2720.718262,0.337307,8.5855e-07,3.21166666666649e-09,3.18698397098396e-09,3.50035100032352e-13,-2.09355396685622e-14,-2.2557822003054e-13,-1.0788523566678e-06
2730.804795,0.3385575,8.6178e-07,3.23499999999999e-09,3.18817316017315e-09,1.26184626184614e-12,-1.1751302998476e-13,-3.07651384568725e-13,-1.47137618706782e-06
2740.899394,0.339809,8.6502e-07,3.22249999999996e-09,3.18950766350765e-09,9.29097929099816e-13,-3.92863817104842e-13,-3.86374119829626e-13,-1.84787622527212e-06
2750.973828,0.341058,8.68225e-07,3.19000000000002e-09,3.19003135603135e-09,-4.60161460160627e-13,-6.2333529659612e-13,-4.54108041394393e-13,-2.1718210675384e-06
2761.064394,0.342309,8.714e-07,3.14250000000008e-09,3.18858734058733e-09,-2.18869193869518e-12,-6.67202222366682e-13,-4.80393682656286e-13,-2.29753500400832e-06
2771.13748366666,0.343557833333333,8.7451e-07,3.155e-09,3.18565397215396e-09,-2.2251667251662e-12,-5.4586692401063e-13,-4.53214104660697e-13,-2.16754571794246e-06
2781.314087,0.3448195,8.7771e-07,3.18999999999991e-09,3.184137007137e-09,1.15742365744454e-13,-3.25585517885328e-13,-3.91452134638303e-13,-1.87216238305275e-06
2791.40062,0.34607,8.8089e-07,3.19166666666652e-09,3.18588545688545e-09,1.51058851058673e-12,-1.45237381916208e-13,-3.28672627447225e-13,-1.57191256605195e-06
2801.46967666666,0.347318333333333,8.84093333333333e-07,3.22666666666648e-09,3.18715818415817e-09,3.35146835145895e-13,-1.36556577550303e-13,-3.00049268970171e-13,-1.43501824290082e-06
2811.54276633334,0.348567166666667,8.87343333333333e-07,3.23833333333342e-09,3.18655575055574e-09,-9.68117468113002e-13,-2.85156775757453e-13,-3.16362165777733e-13,-1.51303644502394e-06
2821.62929933334,0.349817666666667,8.9057e-07,3.18333333333359e-09,3.18522194922195e-09,-1.38042588042414e-12,-4.65106570124018e-13,-3.39154094347236e-13,-1.62204132079113e-06
2831.714488,0.351068,8.9371e-07,3.15166666666653e-09,3.18379489879489e-09,-7.34409734410768e-13,-5.0058832814595e-13,-3.25656013855842e-13,-1.55748528365837e-06
2841.869582,0.352327,8.96873333333333e-07,3.13999999999996e-09,3.18375312975313e-09,2.68193518201434e-13,-3.85553977576909e-13,-2.8301664198635e-13,-1.3535578529782e-06
2851.968214,0.353579,8.9999e-07,3.13833333333351e-09,3.1843312858313e-09,7.49444249453051e-13,-2.00611904109099e-13,-2.25820654784751e-13,-1.08001182723142e-06
2862.034582,0.354827,9.0315e-07,3.19000000000002e-09,3.18525201825203e-09,5.46010295996835e-13,3.47102896968539e-14,-1.54759303261824e-13,-7.40153189513071e-07
2872.117082,0.356077,9.0637e-07,3.22e-09,3.18542330642329e-09,-1.91880191895227e-13,1.0806578688433e-13,-8.6607301292964e-14,-4.14208832270697e-07
2882.19420466666,0.357326333333333,9.0959e-07,3.23499999999994e-09,3.18486825786824e-09,-7.5634725633598e-13,-8.09488487630586e-14,-2.91115072812915e-14,-1.39228947867046e-07
2892.282082,0.358577,9.1284e-07,3.20500000000001e-09,3.18391061191062e-09,-9.90054990044417e-13,-1.67203723593145e-13,2.75504312427658e-14,1.31762932030619e-07
2902.380714,0.359829,9.16e-07,3.15000000000003e-09,3.18288814788815e-09,-7.07353457356543e-13,-1.98324951501026e-14,9.17633939666708e-14,4.38868405927556e-07
2912.54118533334,0.361088666666667,9.1914e-07,3.13499999999998e-09,3.18249590499591e-09,1.40663390662347e-13,1.67686946702366e-13,1.71787316971311e-13,8.21591515949748e-07
2922.610242,0.362337,9.2227e-07,3.14416666666653e-09,3.18316947466948e-09,1.12211887212541e-12,3.72771925162633e-13,2.76520004342433e-13,1.3224869772899e-06
2932.71156266666,0.363589333333333,9.25428333333333e-07,3.20000000000003e-09,3.18474014274016e-09,1.24438399438751e-12,4.94467039988241e-13,3.92040886296445e-13,1.87497815185256e-06
2942.783308,0.364838,9.2867e-07,3.24666666666698e-09,3.18565824265825e-09,1.14168714168829e-12,5.08747116537181e-13,4.70489060065858e-13,2.25016506988019e-06
2952.86715233334,0.366088166666667,9.31921666666667e-07,3.23000000000001e-09,3.18702351702353e-09,9.76073476079492e-13,4.90816236641981e-13,5.07128541524662e-13,2.42539737250925e-06
2962.94965233334,0.367338166666667,9.3513e-07,3.18583333333302e-09,3.18761038961041e-09,-8.54217854219493e-13,4.56081994245666e-13,5.39532703464566e-13,2.58037379917836e-06
2973.111468,0.368598,9.38293333333333e-07,3.15000000000003e-09,3.18531508131509e-09,-1.38732888734016e-12,4.89734549720739e-13,5.70425772234712e-13,2.72812325851384e-06
2983.18455766666,0.369846833333333,9.4143e-07,3.12500000000002e-09,3.18483573183573e-09,1.17111267110712e-12,5.64396095615169e-13,5.8687602576675e-13,2.80679838410185e-06
2993.260336,0.371096,9.44543333333333e-07,3.16500000000002e-09,3.18765730665731e-09,2.38493038493531e-12,6.45565404883969e-13,5.79615739273424e-13,2.77207527478594e-06
3003.350902,0.372347,9.4776e-07,3.2183333333335e-09,3.1896055926056e-09,1.78074178074259e-12,6.76352490184421e-13,5.34956669771156e-13,2.55848842064466e-06
3013.44012366666,0.373597833333333,9.5098e-07,3.23166666666646e-09,3.19121879021879e-09,9.58815958781284e-13,5.30881461826715e-13,4.56069393018225e-13,2.18120144486977e-06
3023.532034,0.374849,9.54223333333333e-07,3.23416666666642e-09,3.19152322452316e-09,-9.28366678414988e-13,3.04359482119043e-13,3.74425959975864e-13,1.79073285205848e-06
3033.679062,0.376107,9.57448333333333e-07,3.19583333333346e-09,3.18936205686196e-09,-1.53290628287163e-12,1.78790493034378e-13,3.12397446351967e-13,1.49407474342245e-06
3043.761562,0.377357,9.60615e-07,3.14916666666709e-09,3.18845741195742e-09,-6.14952614864314e-13,1.28237339503053e-13,2.57481027999478e-13,1.23143100347576e-06
3053.85750533334,0.378608666666667,9.63746666666667e-07,3.1375000000001e-09,3.18813215163223e-09,4.86574236606603e-13,1.7970064799439e-13,1.9673426309275e-13,9.40902997400109e-07
3063.942694,0.379859,9.6689e-07,3.17166666666644e-09,3.18943056043063e-09,1.75023400022632e-12,3.03802201650281e-13,1.21588837081182e-13,5.81511829518696e-07
3074.009062,0.381107,9.7009e-07,3.21249999999995e-09,3.19163261963269e-09,1.39774189773439e-12,2.24540187439084e-13,2.1104588300726e-14,1.00934987525211e-07
3084.11038266666,0.382359333333333,9.73315e-07,3.2433333333335e-09,3.1922260442261e-09,2.81209781204665e-13,-5.82876300426063e-14,-8.35177787283608e-14,-3.99432854787813e-07
3094.17271766666,0.383606833333333,9.76576666666667e-07,3.23249999999997e-09,3.1921950391951e-09,-1.10456885457717e-12,-3.1691788989877e-13,-1.61985003039496e-13,-7.74710884101937e-07
3104.345288,0.384868,9.7978e-07,3.19166666666647e-09,3.19001690651695e-09,-2.11594711595822e-12,-4.41121077601796e-13,-2.13890287605502e-13,-1.02295354941762e-06
3114.411656,0.386116,9.8296e-07,3.14833333333352e-09,3.18796314496318e-09,-7.40727740723749e-13,-3.54462429969699e-13,-2.42866184862213e-13,-1.16153392760189e-06
3124.50759933334,0.387367666666667,9.86076666666667e-07,3.12499999999997e-09,3.1885354510355e-09,8.63753363727781e-13,-1.17206406676072e-13,-2.48310037032769e-13,-1.18756974233063e-06
3134.576656,0.388616,9.8921e-07,3.16166666666649e-09,3.18969065169064e-09,8.9139464136064e-13,-1.7219422425046e-14,-2.49116536651215e-13,-1.19142691441885e-06
3144.667222,0.389867,9.924e-07,3.23500000000004e-09,3.19031824031822e-09,6.29372879410866e-13,-1.27030285747487e-13,-2.70208265699673e-13,-1.29230040117235e-06
3154.725524,0.391114,9.9568e-07,3.25000000000003e-09,3.19094939744946e-09,-5.28606528599877e-13,-3.26723343066525e-13,-2.94670009656319e-13,-1.40929135053022e-06
3164.90212733334,0.392375666666667,9.989e-07,3.20999999999999e-09,3.18926102726102e-09,-1.93901368904193e-12,-4.81196170719981e-13,-2.80245761221483e-13,-1.34030581453753e-06
3174.995382,0.393627,1.0021e-06,3.18500000000004e-09,3.18707137007137e-09,-1.89616239612036e-12,-4.3303053290319e-13,-2.15655637364999e-13,-1.03139652652826e-06
3185.08057066666,0.394877333333333,1.00527e-06,3.15000000000003e-09,3.18546870246878e-09,-7.92617292587027e-13,-2.05899303482723e-13,-1.10464575718267e-13,-5.28308840391712e-07
3195.17382533334,0.396128666666667,1.0084e-06,3.14583333333494e-09,3.1854861354862e-09,1.54185679186808e-12,1.49134740338939e-13,1.70125705856319e-14,8.13644680182395e-08
3205.242882,0.397377,1.01156166666667e-06,3.18083333333495e-09,3.18855241605252e-09,2.71691821692151e-12,4.16459602464598e-13,1.25054184682542e-13,5.98085231090418e-07
3215.325382,0.398627,1.01476166666667e-06,3.19666666666491e-09,3.19091997192004e-09,1.03776178767811e-12,3.29602926689294e-13,1.83642923210598e-13,8.7829224144199e-07
3225.40653766666,0.399876833333333,1.017955e-06,3.22416666666503e-09,3.19062793962787e-09,-1.27337077339429e-12,1.04796935951107e-13,2.06691888664423e-13,9.8852642404724e-07
3235.562976,0.401136,1.02121e-06,3.22250000000002e-09,3.18837323037325e-09,-1.94752544745903e-12,3.6019331296996e-14,2.16532751923357e-13,1.03559142224214e-06
3245.653542,0.402387,1.0244e-06,3.18500000000004e-09,3.18673288873296e-09,-7.67140517195781e-13,5.33429790500424e-14,2.25619323988183e-13,1.07904894081305e-06
3255.736042,0.403637,1.02758e-06,3.16000000000009e-09,3.18683894933886e-09,1.03425178418645e-12,1.97150800442266e-13,2.40934807703129e-13,1.15229690640627e-06
3265.82526366666,0.404887833333333,1.03072e-06,3.13499999999993e-09,3.18880139230133e-09,2.28843453848529e-12,4.33352579625904e-13,2.51697599326957e-13,1.20377112721588e-06
3275.88491,0.406135,1.03385e-06,3.17000000000005e-09,3.19141581841583e-09,2.32938457941359e-12,4.62708258948509e-13,2.34050397201623e-13,1.11937146487733e-06
3285.98085333334,0.407386666666667,1.03706e-06,3.22000000000005e-09,3.19346016146016e-09,9.52497952486295e-13,2.8482299648427e-13,1.88208203466707e-13,9.00126190492946e-07
3296.154768,0.408648,1.04029e-06,3.22499999999987e-09,3.19332081432081e-09,-1.77998127998826e-12,1.33285469954528e-14,1.47010255877262e-13,7.03092528108644e-07
3306.22382466667,0.409896333333333,1.04351e-06,3.21833333333503e-09,3.18990019890018e-09,-3.33286533284742e-12,-1.467462779991e-13,1.22614231952369e-13,5.86415891946113e-07
3316.31707933334,0.411147666666667,1.04672666666667e-06,3.19750000000007e-09,3.18665508365511e-09,-1.18869193868329e-12,-2.00061116179279e-14,1.17639093700289e-13,5.62621752479643e-07
3326.37941433334,0.412395166666667,1.049905e-06,3.15166666666494e-09,3.18752281502281e-09,1.5807300806725e-12,2.19025615069208e-13,1.36937750226269e-13,6.549196749952e-07
3336.47132466666,0.413646333333333,1.05303e-06,3.1558333333349e-09,3.18981654381646e-09,1.87045162037491e-12,3.69995601113256e-13,1.56588356275883e-13,7.48900834362919e-07
3346.551136,0.414896,1.05621666666667e-06,3.19000000000007e-09,3.19126371826356e-09,1.97025272022607e-12,3.37565121238818e-13,1.55481421856794e-13,7.43606800184667e-07
3356.714296,0.416156,1.05941e-06,3.23666666666506e-09,3.19375704925691e-09,8.95284895361501e-13,1.3951430149984e-13,1.34321396514374e-13,6.42406678981789e-07
3366.79410733334,0.417405666666667,1.06269e-06,3.23499999999994e-09,3.19305428805429e-09,-1.85246285236582e-12,-7.00693677975312e-14,1.09841996816843e-13,5.25331289124032e-07
3376.895428,0.418658,1.06588e-06,3.18416666666499e-09,3.19005212355218e-09,-1.9754007253975e-12,-1.30195198192623e-13,9.41934469482118e-14,4.50490398447969e-07
3386.969862,0.419907,1.06905833333333e-06,3.16500000000012e-09,3.18910348660349e-09,-6.85064935106196e-13,-2.56737613354905e-15,8.19056898240103e-14,3.91722864375701e-07
3397.044296,0.421156,1.07221e-06,3.16916666667008e-09,3.18868199368196e-09,1.03232128230959e-12,2.21835291228925e-13,6.05984877603458e-14,2.89818854506002e-07
3407.134862,0.422407,1.07539666666667e-06,3.18666666666485e-09,3.19116812916811e-09,2.69416169416375e-12,2.89784887695744e-13,7.93863851707014e-15,3.79674016033789e-08
3417.209296,0.423656,1.07858333333333e-06,3.19666666666502e-09,3.19407031707029e-09,1.73353223352824e-12,5.22036813291576e-14,-7.56531705627563e-14,-3.61819511387095e-07
3427.380522,0.424917,1.08179e-06,3.19916666667006e-09,3.19463519363517e-09,-5.22698022696242e-13,-2.67957060534482e-13,-1.61574277873359e-13,-7.72746546350847e-07
3437.479154,0.426169,1.08498166666667e-06,3.19999999999992e-09,3.1930249210249e-09,-2.54007254004375e-12,-4.65713238100627e-13,-2.28049447851787e-13,-1.09067127233463e-06
3447.545522,0.427417,1.08819e-06,3.18916666666491e-09,3.18955504855508e-09,-2.79358254356691e-12,-4.85273657299498e-13,-2.60873095537525e-13,-1.24765393517947e-06
3457.615923,0.4286655,1.09136e-06,3.16500000000002e-09,3.18743775593776e-09,-8.92008892061718e-13,-2.63952961969102e-13,-2.60645215200835e-13,-1.24656407269965e-06
3467.710522,0.429917,1.09452e-06,3.16000000000009e-09,3.18777103077096e-09,1.15517140515509e-12,-1.06262420745132e-14,-2.51178491115186e-13,-1.20128843576828e-06
3477.793022,0.431167,1.09768e-06,3.195e-09,3.18974809874807e-09,1.79527904533679e-12,-1.14538869072917e-15,-2.58719246177632e-13,-1.23735291650172e-06
3487.972314,0.432429,1.10091e-06,3.219166666665e-09,3.19136158886163e-09,9.84117234094231e-13,-1.98214740382333e-13,-2.79037711638644e-13,-1.33452818609786e-06
3498.038682,0.433677,1.10411833333333e-06,3.20500000000006e-09,3.19171633321626e-09,-8.82239382316476e-13,-4.64010568951797e-13,-2.83369439902111e-13,-1.35524514735792e-06
3508.113116,0.434926,1.10732e-06,3.20583333333501e-09,3.189597110097e-09,-2.29077454071897e-12,-5.60942507669516e-13,-2.59430592619933e-13,-1.24075500818229e-06
3518.20905933334,0.436177666666667,1.11053e-06,3.20083333333497e-09,3.18713478413483e-09,-1.64142389130485e-12,-3.57399997324476e-13,-2.02613295907874e-13,-9.69020110863745e-07
3528.29290366667,0.437427833333333,1.11372166666667e-06,3.15000000000003e-09,3.18631426231439e-09,3.33040833076379e-13,-1.88495928169216e-14,-1.15042806423531e-13,-5.50204726373409e-07
3538.368682,0.438677,1.11683e-06,3.17583333332994e-09,3.18780086580098e-09,2.0897390896859e-12,2.34548870452724e-13,-3.4110534682382e-14,-1.63137339785305e-07
3548.443116,0.439926,1.12007333333333e-06,3.21499999999991e-09,3.19049374049376e-09,1.595501345374e-12,2.12999630938964e-13,-6.10818056779302e-15,-2.92130374981405e-08
3558.622408,0.441188,1.12326e-06,3.19916666666996e-09,3.19099186849173e-09,-4.36147186262287e-13,-2.80740327332067e-14,-3.64175046424294e-14,-1.74170674376836e-07
3568.688776,0.442436,1.12647166666667e-06,3.20500000000006e-09,3.18962144612123e-09,-1.67286767281629e-12,-2.40355120787172e-13,-8.63068820967841e-14,-4.12772044810707e-07
3578.779342,0.443687,1.12967e-06,3.1691666666651e-09,3.18764613314609e-09,-1.94410319404209e-12,-3.39150560790163e-13,-1.2225048448995e-13,-5.84676230169326e-07
3588.853776,0.444936,1.13281e-06,3.16000000000009e-09,3.18573323973315e-09,-4.94383994438982e-13,-2.81406977463946e-13,-1.28299919479443e-13,-6.13608310553858e-07
3598.944342,0.446187,1.13599e-06,3.17499999999997e-09,3.18665736515722e-09,1.49897624903148e-12,-1.35792137242364e-14,-1.03660929207057e-13,-4.95769661425055e-07
3609.034908,0.447438,1.13916e-06,3.19499999999989e-09,3.18873119223121e-09,1.81996607006984e-12,2.01471418947781e-13,-6.30883329679394e-14,-3.01726809846667e-07
3619.198068,0.448698,1.14238e-06,3.20416666666501e-09,3.19029729729736e-09,9.0250965250337e-13,1.19437087171879e-13,-1.72549473490505e-14,-8.25236612345894e-08
3629.260403,0.4499455,1.14556833333333e-06,3.20000000000003e-09,3.19053621153622e-09,-7.25839475884647e-13,-6.49957546596089e-14,2.86375830579033e-14,1.3696235375519e-07
3639.36441233334,0.451198166666667,1.14878e-06,3.19583333333505e-09,3.18884561834559e-09,-1.95281970278731e-12,-1.50238391061671e-13,6.68582554904697e-14,3.19756874084855e-07
3649.437502,0.452447,1.15196e-06,3.1691666666651e-09,3.18663057213065e-09,-1.45422370413279e-12,-3.66962509517802e-14,8.81660220004967e-14,4.21663583480636e-07
3659.511936,0.453696,1.15511833333333e-06,3.17499999999997e-09,3.18593717093732e-09,-9.62325962397224e-14,1.93617025942759e-13,1.11560559777089e-13,5.3355050328173e-07
3669.594436,0.454946,1.15831e-06,3.18666666666982e-09,3.18643810693817e-09,8.18474318417789e-13,3.20534853484396e-13,1.53697182057943e-13,7.35073479407553e-07
3679.757596,0.456206,1.16149166666667e-06,3.195e-09,3.18757411957416e-09,2.08239733241366e-12,3.10979627185575e-13,1.95458306496393e-13,9.34800596287097e-07
3689.848162,0.457457,1.1647e-06,3.19916666666508e-09,3.19060290160299e-09,2.28398853405243e-12,1.88353550570084e-13,2.20758489477917e-13,1.05580147141612e-06
3699.906464,0.458704,1.16789e-06,3.19166666666509e-09,3.19214209664226e-09,-3.26430326355174e-13,8.67340340961521e-14,2.26561971159677e-13,1.08355725337237e-06
3710.005096,0.459956,1.17108333333333e-06,3.19166666666498e-09,3.18995004095028e-09,-1.9620042120507e-12,1.20453752754903e-13,2.28362971250282e-13,1.09217073206657e-06
3720.08221866667,0.461205333333333,1.17427333333333e-06,3.17333333333485e-09,3.18821808821816e-09,-5.7540657554406e-13,2.45754959218997e-13,2.43340213007135e-13,1.16380101872978e-06
3730.16203,0.462455,1.17743e-06,3.17583333333503e-09,3.18879922779919e-09,5.36182286228182e-13,3.55590243786785e-13,2.66272802468316e-13,1.27347862050064e-06
3740.268728,0.463708,1.180625e-06,3.19583333333494e-09,3.18929045279062e-09,1.13428688438354e-12,3.75145298715011e-13,2.76416569159169e-13,1.32199228728298e-06
3750.423822,0.464967,1.18382166666667e-06,3.21249999999995e-09,3.19106780156796e-09,1.13206388199403e-12,3.07449266232953e-13,2.56994530437995e-13,1.2291042760078e-06
3760.49287866666,0.466215333333333,1.18705e-06,3.23500000000015e-09,3.1915545805546e-09,9.71978470988462e-14,1.96805762807063e-13,2.27729916762966e-13,1.08914308017071e-06
3770.57269,0.467465,1.19029166666667e-06,3.18500000000004e-09,3.19126219726216e-09,-3.31870831894296e-13,1.16187427436972e-13,2.11704559942422e-13,1.01250006928984e-06
3780.647124,0.468714,1.19342e-06,3.15749999999992e-09,3.19089083889082e-09,-4.03240903224441e-13,8.6632852829431e-14,2.05428323130137e-13,9.82483284535438e-07
3790.75516633334,0.469967166666667,1.19660666666667e-06,3.16500000000002e-09,3.19045571545571e-09,-2.12384462405102e-13,1.73028282446065e-13,2.03881620464182e-13,9.75086010915653e-07
3800.844388,0.471218,1.19975e-06,3.18250000000008e-09,3.19046606996601e-09,2.07031707057538e-13,3.29246012183456e-13,1.96897572966577e-13,9.4168404462276e-07
3810.999482,0.472477,1.20297166666667e-06,3.20083333333497e-09,3.19086977886983e-09,5.65315315388504e-13,3.15712281140205e-13,1.73947700812637e-13,8.3192378649522e-07
3821.073916,0.473726,1.20615166666667e-06,3.20416666666491e-09,3.19159670059678e-09,5.0570375564142e-13,1.29693924191691e-13,1.31944016492502e-13,6.31036600616314e-07
3831.14835,0.474975,1.20938e-06,3.20416666666501e-09,3.19188118638111e-09,5.99508599416409e-13,-1.84811750620347e-14,6.69885041399763e-14,3.20379802408582e-07
3841.238916,0.476226,1.21256e-06,3.21000000000009e-09,3.19279571779561e-09,3.9622089630627e-13,-1.07481255382878e-13,-2.2681582507084e-14,-1.08477133729532e-07
3851.321416,0.477476,1.2158e-06,3.18999999999997e-09,3.19267362817372e-09,-4.03738153579464e-13,-1.43071852102806e-13,-1.20912892491294e-13,-5.78279051045319e-07
3861.411982,0.478727,1.21894e-06,3.14499999999999e-09,3.19198824148846e-09,-5.46300502131536e-13,-1.54298959931422e-13,-2.03871983527489e-13,-9.75039921218426e-07
3871.470284,0.479974,1.22209e-06,3.17000000000005e-09,3.19158102716946e-09,-4.41646191673653e-13,-2.29602836360063e-13,-2.80892598628942e-13,-1.34339938474711e-06
3881.629411,0.4812335,1.22528e-06,3.20166666666505e-09,3.19110494910511e-09,-5.10509937015603e-13,-3.4819784614017e-13,-3.75330062926202e-13,-1.79505682269053e-06
3891.732076,0.482486,1.22849333333333e-06,3.21500000000002e-09,3.19056000729543e-09,-5.7937368235321e-13,-4.92066769021327e-13,-4.87159640786268e-13,-2.32989393419519e-06
3901.814576,0.483736,1.23171e-06,3.20833333333486e-09,3.1899462017404e-09,-6.48237427699089e-13,-6.39536617449392e-13,-6.1073088559473e-13,-2.92088684414871e-06
3911.88901,0.484985,1.23491e-06,3.20416666666501e-09,3.18926353244003e-09,-7.17101173040005e-13,-7.62122062128047e-13,-7.33553322378206e-13,-3.50829849833055e-06
3921.96882133334,0.486234666666667,1.23811833333333e-06,3.18500000000004e-09,3.18851199939432e-09,-7.85964918380921e-13,-8.48033916723328e-13,-8.40882280381055e-13,-4.02161090617026e-06
3932.05938733334,0.487485666666667,1.24128e-06,3.17583333333492e-09,3.18769160260327e-09,-8.54828663723492e-13,-9.20298874314656e-13,-9.31626966487659e-13,-4.45560723102793e-06
3942.201038,0.488743,1.24447e-06,3.17333333333506e-09,3.18680234206688e-09,-9.23692409066062e-13,-1.00013409443263e-12,-1.00816682040557e-12,-4.82166740193968e-06
3952.307736,0.489996,1.24762666666667e-06,3.18000000000011e-09,3.18584421778513e-09,-9.92556154406978e-13,-1.07339023806246e-12,-1.0754364049323e-12,-5.14339150185013e-06
3962.38217,0.491245,1.25083e-06,3.19999999999992e-09,3.18481722975806e-09,-1.06141989974955e-12,-1.1400673052031e-12,-1.13858253406198e-12,-5.44539472812251e-06
3972.46467,0.492495,1.25402666666667e-06,3.20499999999985e-09,3.18372137798564e-09,-1.13028364509212e-12,-1.20016529585455e-12,-1.19897793873386e-12,-5.73424231568368e-06
3982.56599066666,0.493747333333333,1.25724e-06,3.19833333333014e-09,3.18255666246788e-09,-1.19914739043138e-12,-1.2536842100164e-12,-1.25368421001609e-12,-5.99588100442478e-06
3992.637736,0.494996,1.26042333333333e-06,3.19000000000007e-09,3.18132308320477e-09,-1.26801113577395e-12,-1.30062404768824e-12,-1.30062404768865e-12,-6.22037588025007e-06
4002.808962,0.496257,1.26362e-06,3.16833333333492e-09,3.18002064019633e-09,-1.33687488111652e-12,-1.34098480887212e-12,-1.3409848088713e-12,-6.41340560764535e-06
4012.891462,0.497507,1.26676e-06,3.14499999999999e-09,3.17864933344254e-09,-1.40573862645744e-12,-1.374766493566e-12,-1.374766493566e-12,-6.57497018662e-06
4022.96858466666,0.498756333333333,1.26991e-06,3.16916666666489e-09,3.17720916294341e-09,-1.47460237179835e-12,-1.40196910177109e-12,-1.40196910177026e-12,-6.70506961716211e-06
4033.064528,0.500008,1.27309833333333e-06,3.18833333332986e-09,3.17570012869894e-09,-1.50903424447129e-12,-1.42259263348617e-12,-1.42259263348617e-12,-6.80370389928168e-06
