wvnmbr,Voltage,Current,DerivativeY1,DerivativeY1_1,DerivativeY2,DerivativeY2_1,DerivativeY2_2,Alpha
-4033.08066,-0.50001,-9.4906e-07,2.56000000000015e-09,2.51638867438873e-09,-1.29761526232181e-11,-1.39800979671006e-11,-1.41513503051461e-11,NaN
-4022.97295375,-0.498756875,-9.465e-07,2.5381250000001e-09,2.50341252176551e-09,-1.27215913392447e-11,-1.32341698791947e-11,-1.33637914136705e-11,NaN
-4012.8773465,-0.49750525,-9.4398375e-07,2.48999999999997e-09,2.49094549171024e-09,-1.22124687712982e-11,-1.25082073795421e-11,-1.25991291911654e-11,NaN
-4002.79283,-0.496255,-9.4152e-07,2.48187499999993e-09,2.47898758422291e-09,-1.17033462033519e-11,-1.18022104681427e-11,-1.18573636376308e-11,NaN
-3992.63874425,-0.494996125,-9.3902e-07,2.46000000000004e-09,2.46753879930353e-09,-1.11942236354057e-11,-1.11161791449966e-11,-1.11384947530666e-11,NaN
-3982.579434,-0.493749,-9.366e-07,2.43000000000006e-09,2.4565991369521e-09,-1.0685101067459e-11,-1.04501134101038e-11,-1.04425225374729e-11,NaN
-3972.47777725,-0.492496625,-9.3416e-07,2.43437499999999e-09,2.44616859716861e-09,-1.01759784995123e-11,-9.80401326346415e-12,-9.76944699084966e-12,NaN
-3962.398302,-0.491247,-9.3173125e-07,2.41312499999999e-09,2.43624717995307e-09,-9.66685593156624e-12,-9.1778787050778e-12,-9.11926811319692e-12,NaN
-3952.307736,-0.489996,-9.2933375e-07,2.40062500000001e-09,2.42683488530548e-09,-9.15773336361955e-12,-8.5717097349447e-12,-8.49198590451464e-12,NaN
-3942.233302,-0.488747,-9.2693e-07,2.42500000000002e-09,2.41793171322584e-09,-8.64861079567307e-12,-7.98550635306486e-12,-7.88760036480285e-12,NaN
-3932.045944,-0.487484,-9.2448375e-07,2.39374999999996e-09,2.40953766371414e-09,-8.1394882277268e-12,-7.41926855943828e-12,-7.30611149406153e-12,NaN
-3921.995708,-0.486238,-9.221425e-07,2.36437499999996e-09,2.40165273677038e-09,-7.63036565978033e-12,-6.87299635406495e-12,-6.74751929229068e-12,NaN
-3911.89606775,-0.484985875,-9.19755e-07,2.37749999999998e-09,2.39427693239457e-09,-7.12124309183364e-12,-6.34668973694487e-12,-6.21182375949031e-12,NaN
-3901.80651,-0.483735,-9.173875e-07,2.37125000000002e-09,2.38741025058671e-09,-6.61212052388716e-12,-5.84034870807805e-12,-5.69902489566042e-12,NaN
-3891.740142,-0.482487,-9.150125e-07,2.37375000000004e-09,2.3810526913468e-09,-6.1029979559411e-12,-5.35397326746448e-12,-5.209122700801e-12,NaN
-3881.649576,-0.481236,-9.1264e-07,2.37874999999991e-09,2.37520425467483e-09,-5.59387538799421e-12,-4.88756341510417e-12,-4.74211717491206e-12,NaN
-3871.47129225,-0.479974125,-9.10255e-07,2.38062499999999e-09,2.36986494057081e-09,-5.08475282004773e-12,-4.44111915099711e-12,-4.29800831799359e-12,NaN
-3861.428114,-0.478729,-9.0787875e-07,2.39750000000001e-09,2.36503474903474e-09,-3.03338288632278e-12,-4.01464047514331e-12,-3.8767961300456e-12,NaN
-3851.297218,-0.477473,-9.0546e-07,2.39375000000006e-09,2.36379817479817e-09,-6.49986837482292e-13,-3.61017627535272e-12,-3.4624266078928e-12,NaN
-3841.246982,-0.476227,-9.0309125e-07,2.35687500000002e-09,2.36373477535977e-09,-7.54036504031599e-13,-3.17595521571016e-12,-3.07816576625964e-12,NaN
-3831.14835,-0.474975,-9.0074625e-07,2.34062499999994e-09,2.3622901017901e-09,-1.61966918216758e-12,-2.6902771631501e-12,-2.72352994508382e-12,NaN
-3821.073916,-0.473726,-8.9841e-07,2.34687500000001e-09,2.36049543699544e-09,-1.41075816075768e-12,-2.24147416994254e-12,-2.39515272226867e-12,NaN
-3811.01057275,-0.472478375,-8.960525e-07,2.34000000000001e-09,2.35946858546859e-09,-1.50039487539294e-12,-1.85721834912859e-12,-2.09317839824328e-12,NaN
-3800.844388,-0.471218,-8.9373e-07,2.34624999999997e-09,2.35749464724465e-09,-2.01833976834043e-12,-1.52284024742379e-12,-1.81701322491171e-12,NaN
-3790.769954,-0.469969,-8.9136e-07,2.358125e-09,2.35543190593191e-09,-2.22821604071885e-12,-1.24628621265913e-12,-1.56346607089196e-12,NaN
-3780.671322,-0.468717,-8.8901375e-07,2.36000000000003e-09,2.35303821516321e-09,-2.05958230958286e-12,-1.02181607313738e-12,-1.33097914027057e-12,NaN
-3770.580756,-0.467466,-8.8664e-07,2.38062499999999e-09,2.35131274131274e-09,-7.98613548610669e-13,-8.69020057599307e-13,-1.11996584285335e-12,NaN
-3760.50733025,-0.466217125,-8.842525e-07,2.38000000000005e-09,2.35144098806599e-09,-4.36052123550097e-13,-7.85435152333465e-13,-9.33018093919206e-13,NaN
-3750.431888,-0.464968,-8.8188e-07,2.37625e-09,2.35044063706564e-09,-1.83807915057898e-12,-7.3109234460343e-13,-7.69803396947793e-13,NaN
-3740.24352175,-0.463704875,-8.795e-07,2.36062499999991e-09,2.34776482976483e-09,-2.3803308178324e-12,-6.78277650729759e-13,-6.2470127755099e-13,NaN
-3730.1559805,-0.46245425,-8.7715875e-07,2.33e-09,2.34567997542998e-09,-1.61482098982285e-12,-6.03192300318487e-13,-4.94271306150833e-13,NaN
-3720.103728,-0.461208,-8.7484e-07,2.32875000000007e-09,2.34453518778519e-09,-5.79633204631508e-13,-5.0522472377168e-13,-3.80468528930189e-13,NaN
-3710.021228,-0.459958,-8.7250125e-07,2.33499999999997e-09,2.34452070902071e-09,2.52786065285765e-13,-4.12678075051231e-13,-2.87001517778626e-13,NaN
-3699.930662,-0.458707,-8.7017e-07,2.340625e-09,2.34504075991576e-09,7.09876272374235e-13,-3.79832117575056e-13,-2.16220655925029e-13,NaN
-3689.8421125,-0.45745625,-8.6782e-07,2.34000000000006e-09,2.34594046156546e-09,1.2351482976472e-12,-4.20936562540826e-13,-1.69449134448755e-13,NaN
-3679.74953,-0.456205,-8.6549e-07,2.34000000000006e-09,2.34751105651105e-09,1.63982976483159e-12,-4.15418659088125e-13,-1.46582336825434e-13,NaN
-3669.610568,-0.454948,-8.6314e-07,2.3225e-09,2.34922012109513e-09,4.78018603022487e-13,-2.94192174664003e-13,-1.45175677975569e-13,NaN
-3659.536134,-0.453699,-8.60845e-07,2.32999999999994e-09,2.3484670937171e-09,-1.48100210600162e-12,-1.70263555802708e-13,-1.56321084966373e-13,NaN
-3649.449601,-0.4524485,-8.5848e-07,2.35249999999993e-09,2.34625811688312e-09,-1.74069849069901e-12,-1.15726951726567e-13,-1.67964796374918e-13,NaN
-3639.355002,-0.451197,-8.5614e-07,2.33374999999994e-09,2.3449856967357e-09,-1.3598411723424e-12,-5.31443606908578e-14,-1.76840745818879e-13,NaN
-3629.25637,-0.449945,-8.538125e-07,2.33937500000002e-09,2.34353843453844e-09,-1.26603632853949e-12,5.42939884829218e-15,-1.83285712530597e-13,NaN
-3619.181936,-0.448696,-8.5146125e-07,2.36125000000006e-09,2.34245362407862e-09,-9.36403123904337e-13,-6.52144699608479e-15,-1.86498106239228e-13,NaN
-3609.042974,-0.447439,-8.4909e-07,2.36562500000005e-09,2.34166562829063e-09,-6.58630221128305e-13,-6.24597963533761e-14,-1.86692842926867e-13,NaN
-3598.952408,-0.446188,-8.4673e-07,2.35000000000002e-09,2.34113636363637e-09,2.3786855036806e-13,-1.17482688069077e-13,-1.85388168413897e-13,NaN
-3588.869908,-0.444938,-8.4439e-07,2.34312499999996e-09,2.34214136539136e-09,1.35584854334777e-12,-1.06607250504404e-13,-1.87997525248769e-13,NaN
-3578.78035025,-0.443687125,-8.4204375e-07,2.34999999999997e-09,2.34384806072306e-09,1.74530537030725e-12,-8.26113945629664e-14,-1.99972419125546e-13,NaN
-3568.704908,-0.442438,-8.3969e-07,2.36687499999998e-09,2.34563197613198e-09,1.49767462267322e-12,-1.80159381756296e-13,-2.22746601015671e-13,NaN
-3558.614342,-0.441187,-8.3731e-07,2.37500000000007e-09,2.34684340996841e-09,5.21762021759385e-13,-3.75143655733266e-13,-2.54713634816945e-13,NaN
-3548.43505,-0.439925,-8.3494e-07,2.355e-09,2.3466755001755e-09,-7.70116707616337e-13,-5.47249570674523e-13,-2.91262186574835e-13,NaN
-3538.3626325,-0.43867625,-8.326e-07,2.333125e-09,2.34530317655318e-09,-1.66848016848067e-12,-6.35353683366196e-13,-3.25225955296318e-13,NaN
-3528.2881985,-0.43742725,-8.3027375e-07,2.32500000000002e-09,2.34333853983854e-09,-1.31541769041787e-12,-6.43994373522319e-13,-3.50947401062517e-13,NaN
-3518.211748,-0.436178,-8.2795e-07,2.31687499999998e-09,2.34267234117234e-09,-3.73179185676225e-13,-5.72167333842555e-13,-3.70862885758997e-13,NaN
-3508.14235525,-0.434929625,-8.2564e-07,2.32000000000004e-09,2.34259218146718e-09,-2.38680238676249e-13,-4.31245807307798e-13,-3.92466598420405e-13,NaN
-3498.054814,-0.433679,-8.2331e-07,2.31812499999996e-09,2.34219498069499e-09,-8.54444541941811e-13,-2.65396633784833e-13,-4.16733645845082e-13,NaN
-3487.984413,-0.4324305,-8.2100375e-07,2.34187499999998e-09,2.3408832923833e-09,-1.14353720603774e-12,-1.7458416961303e-13,-4.37423671115915e-13,NaN
-3477.80814575,-0.431168875,-8.1862625e-07,2.36187499999995e-09,2.33990790628291e-09,-6.24517374520482e-13,-2.23287632036083e-13,-4.5177732674696e-13,NaN
-3467.69439,-0.429915,-8.1628e-07,2.34812499999999e-09,2.33963425763426e-09,-8.97749210252385e-13,-3.11096443660221e-13,-4.62483392262107e-13,NaN
-3457.61894775,-0.428665875,-8.1393e-07,2.34437500000005e-09,2.33811240786241e-09,-1.27428483678661e-12,-3.92672371787653e-13,-4.67427866371617e-13,NaN
-3447.553588,-0.427418,-8.1159125e-07,2.34000000000006e-09,2.33708568796069e-09,-5.85336960336675e-13,-4.8970127054989e-13,-4.64529418660274e-13,NaN
-3437.48217875,-0.426169375,-8.0925e-07,2.34562499999998e-09,2.33694173394173e-09,-1.72626360125243e-13,-5.98821305955623e-13,-4.58674059388397e-13,NaN
-3427.39967875,-0.424919375,-8.069e-07,2.34499999999993e-09,2.33674043524044e-09,-4.39101439100264e-13,-6.93095253906124e-13,-4.51633402827751e-13,NaN
-3417.217362,-0.423657,-8.0456e-07,2.33562500000007e-09,2.33606353106353e-09,-1.06750175500006e-12,-6.99822411563404e-13,-4.38089769419025e-13,NaN
-3407.13385375,-0.422406875,-8.0222875e-07,2.32500000000002e-09,2.33460543173044e-09,-1.25342225342332e-12,-6.06414414373471e-13,-4.11901254015922e-13,NaN
-3397.060428,-0.421158,-7.9991e-07,2.32437499999997e-09,2.33355668655669e-09,-8.16295191322886e-14,-4.57987215345096e-13,-3.74653605802875e-13,NaN
-3386.965829,-0.4199065,-7.9758e-07,2.32500000000002e-09,2.33444217269217e-09,1.47492541242534e-12,-2.92901392124882e-13,-3.38298305718178e-13,NaN
-3376.879296,-0.418656,-7.9526e-07,2.32312499999999e-09,2.33650653738154e-09,1.78986047736143e-12,-1.5765146422856e-13,-3.14440021829036e-13,NaN
-3366.81191975,-0.417407875,-7.9293375e-07,2.34500000000004e-09,2.33802189364689e-09,1.1084152334166e-12,-1.24000944153056e-13,-3.06495340928965e-13,NaN
-3356.7284115,-0.41615775,-7.9057e-07,2.36687500000003e-09,2.33872336784837e-09,3.64711302211081e-13,-2.13800498497312e-13,-3.11926980082287e-13,NaN
-3346.56021025,-0.414897125,-7.882e-07,2.34562499999998e-09,2.33875131625132e-09,-8.78531941033455e-13,-3.20213017111531e-13,-3.25570335458013e-13,NaN
-3336.468636,-0.413646,-7.8587875e-07,2.32999999999994e-09,2.3369663039663e-09,-1.95463320463162e-12,-3.48411045805175e-13,-3.38708243130375e-13,NaN
-3326.38512775,-0.412395875,-7.8354e-07,2.33437499999998e-09,2.33484204984205e-09,-2.12186293436243e-12,-3.12569833546559e-13,-3.42104041367678e-13,NaN
-3316.311702,-0.411147,-7.8121e-07,2.333125e-09,2.33272257809758e-09,-1.5278825903845e-12,-2.79269141869921e-13,-3.31477222311149e-13,NaN
-3306.245334,-0.409899,-7.7887375e-07,2.32500000000002e-09,2.33178628466128e-09,-4.05953843455997e-13,-2.65881857273353e-13,-3.10182013775464e-13,NaN
-3296.138636,-0.408646,-7.7656e-07,2.32687499999999e-09,2.33191067041067e-09,-2.82774657789982e-14,-2.25021951381878e-13,-2.87050261858623e-13,NaN
-3286.011773,-0.4073905,-7.7422e-07,2.33499999999997e-09,2.33172972972973e-09,-1.42593892588837e-14,-1.96795152117082e-13,-2.65836170706145e-13,NaN
-3275.90406675,-0.406137375,-7.7189e-07,2.32500000000002e-09,2.33188215163215e-09,3.08024745527773e-13,-1.97239960977215e-13,-2.47065218264789e-13,NaN
-3265.826608,-0.404888,-7.6957e-07,2.32500000000002e-09,2.33234577922078e-09,9.61697086699546e-13,-1.366588635103e-13,-2.33877137912824e-13,NaN
-3255.72293475,-0.403635375,-7.6724e-07,2.33500000000003e-09,2.33380554580555e-09,1.109534047032e-12,-6.82650794320143e-14,-2.30792403836566e-13,NaN
-3245.67774,-0.40239,-7.649e-07,2.33499999999997e-09,2.33456484731485e-09,2.27338539837258e-13,-1.37880811818433e-13,-2.41590614192968e-13,NaN
-3235.562976,-0.401136,-7.6257e-07,2.34999999999997e-09,2.33426022288522e-09,-6.94651632150556e-13,-3.26384217131567e-13,-2.60829783997835e-13,NaN
-3225.415948,-0.399878,-7.602e-07,2.35375000000002e-09,2.33317554405054e-09,-1.26564145314163e-12,-5.09346852442004e-13,-2.72266785802934e-13,NaN
-3215.325382,-0.398627,-7.578625e-07,2.333125e-09,2.33172893997894e-09,-1.65308002808047e-12,-5.7630249451101e-13,-2.6509505729979e-13,NaN
-3205.22675,-0.397375,-7.5553375e-07,2.32062500000003e-09,2.32986938399438e-09,-1.90661196911176e-12,-5.06924646021182e-13,-2.38223758948863e-13,NaN
-3195.14122525,-0.396124625,-7.5322125e-07,2.31687499999998e-09,2.32791571604072e-09,-1.00620831870686e-12,-3.54044049958672e-13,-1.93572009624449e-13,NaN
-3185.085948,-0.394878,-7.509e-07,2.31062499999996e-09,2.32785696735697e-09,8.82371007373133e-13,-1.67805147926879e-13,-1.39611953813911e-13,NaN
-3175.003448,-0.393628,-7.486e-07,2.31000000000008e-09,2.32968045805546e-09,1.8346568971579e-12,8.56842692723503e-15,-8.97137732512157e-14,NaN
-3164.920948,-0.392378,-7.4628e-07,2.33749999999999e-09,2.33152628115129e-09,1.38601263601197e-12,1.00132230511849e-13,-5.14952146387807e-14,NaN
-3154.741656,-0.391116,-7.43925e-07,2.34624999999997e-09,2.33245248332749e-09,3.74627062126624e-13,7.59149352684207e-14,-2.3049240735793e-14,NaN
-3144.65109,-0.389865,-7.415875e-07,2.34250000000002e-09,2.33227553527554e-09,-1.4167251667236e-13,-1.52218112135413e-15,2.05908288314146e-15,NaN
-3134.600854,-0.388619,-7.3924e-07,2.33875000000003e-09,2.33216913829414e-09,-1.43032643032738e-13,-6.40662406591651e-14,2.61884306543686e-14,NaN
-3124.510288,-0.387368,-7.3691e-07,2.34000000000001e-09,2.33198946998947e-09,-4.62091962092701e-13,-6.68153327893084e-14,4.81312983803573e-14,NaN
-3114.4056065,-0.38611525,-7.3456e-07,2.340625e-09,2.33124495436996e-09,-6.90768690768969e-13,-4.03624220306681e-14,7.0752365684305e-14,NaN
-3104.36242825,-0.384870125,-7.3222875e-07,2.333125e-09,2.33060793260794e-09,-7.94555107054624e-13,-1.68971484273198e-14,9.65630372329588e-14,NaN
-3094.165996,-0.383606,-7.2989375e-07,2.32187499999996e-09,2.32965584415585e-09,-2.06796244296398e-12,4.43237063159463e-14,1.25998517858179e-13,NaN
-3084.067364,-0.382354,-7.27585e-07,2.30062499999995e-09,2.32647200772201e-09,-2.43914750789794e-12,1.89422266081326e-13,1.65846894350645e-13,NaN
-3074.025194,-0.381109,-7.252925e-07,2.31250000000004e-09,2.32477754914005e-09,2.76224113724735e-13,4.53253744917593e-13,2.17676853874769e-13,NaN
-3063.926562,-0.379857,-7.2296e-07,2.32687500000004e-09,2.32702445594946e-09,2.79193576693517e-12,7.21315139270951e-13,2.6466055409606e-13,NaN
-3053.85716925,-0.378608625,-7.2063875e-07,2.33374999999999e-09,2.33036142067392e-09,3.09224069849125e-12,7.44175358001189e-13,2.90203313992893e-13,NaN
-3043.74442175,-0.377354875,-7.182925e-07,2.34124999999999e-09,2.33320893734644e-09,2.17557915058048e-12,5.61694779137658e-13,2.90828671265236e-13,NaN
-3033.687128,-0.376108,-7.1595625e-07,2.35375000000002e-09,2.33471257897508e-09,1.2646235521232e-12,3.41365416467532e-13,2.73078911067079e-13,NaN
-3023.515902,-0.374847,-7.13585e-07,2.358125e-09,2.33573818445069e-09,3.43815812564287e-13,1.02765081187589e-13,2.46505245186304e-13,NaN
-3013.41727,-0.373595,-7.1124e-07,2.340625e-09,2.33540021060021e-09,-7.24179536679991e-13,-8.17238378459185e-14,2.20044409955552e-13,NaN
-3003.3609845,-0.37234825,-7.0890375e-07,2.32500000000002e-09,2.33428982537733e-09,-1.25405624780479e-12,-1.20657178086664e-13,2.02276790564882e-13,NaN
-2993.27344325,-0.371097625,-7.0659e-07,2.30499999999999e-09,2.3328920981046e-09,-8.18556949806646e-13,-2.06204460970008e-14,1.97292207213854e-13,NaN
-2983.19900925,-0.369848625,-7.0429375e-07,2.30499999999999e-09,2.33265271147771e-09,4.06208318707504e-13,1.24316574811867e-13,2.01171506101826e-13,NaN
-2973.10239375,-0.368596875,-7.0198e-07,2.33187499999997e-09,2.33370451474202e-09,1.15779001403964e-12,2.10647521726795e-13,2.04883305751534e-13,NaN
-2962.940242,-0.367337,-6.9963e-07,2.33e-09,2.33496829150579e-09,1.21681072306026e-12,2.60544095512473e-13,2.02559157760423e-13,NaN
-2952.85068425,-0.366086125,-6.9732e-07,2.32187500000001e-09,2.33613813618814e-09,9.31794050544049e-13,3.33855747325846e-13,1.93297488468089e-13,NaN
-2942.77625025,-0.364837125,-6.9498625e-07,2.33500000000003e-09,2.33683187960688e-09,7.33272639523765e-13,3.83835636570317e-13,1.77839988114053e-13,NaN
-2932.6947585,-0.36358725,-6.9265e-07,2.34312499999996e-09,2.33760468146718e-09,9.63967620220267e-13,3.67816197846798e-13,1.57828655208088e-13,NaN
-2922.618308,-0.362338,-6.903e-07,2.34375e-09,2.33875981484732e-09,5.68462618462661e-13,2.95233390285048e-13,1.33882628873117e-13,NaN
-2912.527742,-0.361087,-6.879625e-07,2.40593750000007e-09,2.33874160670411e-09,-6.59356353110108e-13,8.72345778525134e-14,1.09890874842321e-13,NaN
-2902.26779,-0.359815,-6.85488125e-07,2.400125e-09,2.3374411021411e-09,-3.66062214812398e-12,-2.05784432500241e-13,1.01189563699857e-13,NaN
-2892.169158,-0.358563,-6.8316225e-07,2.315e-09,2.33142036240786e-09,-5.79951298701186e-12,-3.00398702487828e-13,1.32248558718149e-13,NaN
-2882.10279,-0.357315,-6.80858125e-07,2.29893749999997e-09,2.32584207616708e-09,-2.14910714285654e-12,-1.56948340701177e-13,2.10017703111188e-13,NaN
-2872.032389,-0.3560665,-6.78564375e-07,2.31112499999998e-09,2.32712214812215e-09,1.8250855563347e-12,6.95299100900631e-14,3.03991817619602e-13,NaN
-2861.945856,-0.354816,-6.76235875e-07,2.31999999999998e-09,2.32949224727975e-09,2.59428966303864e-12,2.7741825427893e-13,3.85358331371522e-13,NaN
-2851.90066125,-0.353570625,-6.73924375e-07,2.31268750000003e-09,2.33231072744823e-09,3.05967883467934e-12,4.39684339618461e-13,4.43826405795921e-13,NaN
-2841.82421075,-0.352321375,-6.716105e-07,2.33450000000001e-09,2.3356116049491e-09,3.08480607230686e-12,5.30871298156641e-13,4.70216417094017e-13,NaN
-2831.625762,-0.351057,-6.69255375e-07,2.34268749999996e-09,2.33848033959284e-09,2.18781809406831e-12,4.99115019266733e-13,4.61934615198719e-13,NaN
-2821.551328,-0.349808,-6.66925125e-07,2.34531250000001e-09,2.33998724113724e-09,5.25811688311763e-13,3.82454277553453e-13,4.25933941829068e-13,NaN
-2811.47790225,-0.348559125,-6.6456475e-07,2.346375e-09,2.33953196296946e-09,-6.73964548965235e-13,2.71319982774015e-13,3.73715642738815e-13,NaN
-2801.38935275,-0.347308375,-6.62232375e-07,2.32818749999999e-09,2.33863931203931e-09,-3.37818094068572e-13,2.39960694028274e-13,3.12818760889544e-13,NaN
-2791.31996,-0.34606,-6.59908375e-07,2.31968750000002e-09,2.33885632678133e-09,-1.5097621972656e-13,2.74541089833297e-13,2.42367816910463e-13,NaN
-2781.245526,-0.344811,-6.57593e-07,2.31581250000004e-09,2.33833735959986e-09,-1.00223104598261e-12,3.33841517735922e-13,1.62581810507462e-13,NaN
-2771.07732475,-0.343550375,-6.5527675e-07,2.32681250000003e-09,2.33685186468936e-09,-1.28160977535921e-12,4.44133937126212e-13,7.95285859632724e-14,NaN
-2760.979701,-0.3422985,-6.52939375e-07,2.32631249999996e-09,2.33577414004914e-09,-4.72338978588054e-13,5.74974327786319e-13,-4.18325763999277e-15,NaN
-2750.917366,-0.341051,-6.50624125e-07,2.30712499999992e-09,2.33590718673218e-09,4.36936205686824e-13,7.25612094438694e-13,-9.21299366963662e-14,NaN
-2740.834866,-0.339801,-6.48325125e-07,2.31656250000001e-09,2.33664801246051e-09,2.15995744120978e-12,8.65240005576441e-13,-1.885678467064e-13,NaN
-2730.75942375,-0.338551875,-6.45991e-07,2.31512500000003e-09,2.3402271016146e-09,3.79354159354246e-12,7.53810431289608e-13,-3.01679802817467e-13,NaN
-2720.68498975,-0.337302875,-6.43694875e-07,2.44274999999998e-09,2.3442350956476e-09,2.19048569673564e-12,1.40760081619807e-13,-4.37225123583606e-13,NaN
-2710.482508,-0.336038,-6.411055e-07,2.4781875e-09,2.34460807300808e-09,-4.1598587223661e-13,-7.63985820583453e-13,-5.82145040158105e-13,NaN
-2700.303216,-0.334776,-6.387385e-07,2.3441875e-09,2.34340312390312e-09,-1.7587004212012e-12,-1.35508953943156e-12,-7.16059248980698e-13,NaN
-2690.25298,-0.33353,-6.36417125e-07,2.32431250000001e-09,2.34109067216567e-09,-2.23379036504001e-12,-1.59083241014513e-12,-8.24297884203436e-13,NaN
-2680.178546,-0.332281,-6.34089875e-07,2.32462500000003e-09,2.33893554317304e-09,-2.34974333099282e-12,-1.69717855993996e-12,-8.99628502704192e-13,NaN
-2670.08798,-0.33103,-6.31767875e-07,2.31799999999998e-09,2.33639118550369e-09,-2.06391277641264e-12,-1.64985714846273e-12,-9.39370865321435e-13,NaN
-2660.013546,-0.329781,-6.29453875e-07,2.30693749999998e-09,2.33480771762022e-09,-7.39658652159107e-13,-1.49071621812569e-12,-9.44881270947748e-13,NaN
-2649.931046,-0.328531,-6.27154e-07,2.31462500000002e-09,2.33491186819937e-09,3.60040803789971e-13,-1.30707728990134e-12,-9.24861582940494e-13,NaN
-2639.767886,-0.327271,-6.24824625e-07,2.33025e-09,2.3355277992278e-09,4.63621007371996e-13,-1.17827094873935e-12,-8.86287439994833e-13,NaN
-2629.701518,-0.326023,-6.224935e-07,2.32943750000002e-09,2.33583911021411e-09,-2.30714724462507e-13,-1.09530688229255e-12,-8.2876472673335e-13,NaN
-2619.610952,-0.324772,-6.2016575e-07,2.32193749999997e-09,2.33506636977887e-09,-9.93932081433278e-13,-9.68119220244438e-13,-7.47094504586808e-13,NaN
-2609.576848,-0.323528,-6.17849625e-07,2.33256250000003e-09,2.33385124605125e-09,-1.53028474903611e-12,-8.02256541400911e-13,-6.3684118878189e-13,NaN
-2599.445952,-0.322272,-6.15500625e-07,2.34393750000005e-09,2.3320058002808e-09,-3.33967620217448e-12,-6.77283571600548e-13,-4.94984437887201e-13,NaN
-2589.37454275,-0.321023375,-6.1316175e-07,2.34718749999998e-09,2.3271718936469e-09,-4.82582046331944e-12,-5.68883558313401e-13,-3.11321049595252e-13,NaN
-2579.22449,-0.319765,-6.1080625e-07,2.32731249999999e-09,2.32235415935416e-09,-6.17331739206837e-12,-3.81337049072908e-13,-7.83866734378196e-14,NaN
-2569.178287,-0.3185195,-6.08507125e-07,2.31012499999995e-09,2.31482525886276e-09,-7.75838452088513e-12,-8.32278969881717e-14,2.07984388995834e-13,NaN
-2559.075622,-0.317267,-6.06186e-07,2.309875e-09,2.30683739031239e-09,-4.47407643032654e-12,3.37264727661772e-13,5.49788432290165e-13,NaN
-2548.9830395,-0.31601575,-6.03887375e-07,2.30643750000002e-09,2.30587710600211e-09,3.9628334503321e-12,8.65633127509261e-13,9.18399463849025e-13,NaN
-2538.8803745,-0.31476325,-6.01573125e-07,2.30575000000001e-09,2.31476305721306e-09,9.54153869778733e-12,1.36356277322189e-12,1.25562936549432e-12,NaN
-2528.836188,-0.313518,-5.99275875e-07,2.31325000000001e-09,2.32496018339768e-09,7.34637372762402e-12,1.73077762332101e-12,1.52065603342442e-12,NaN
-2518.721424,-0.312264,-5.96946625e-07,2.34256249999998e-09,2.3294558046683e-09,4.75926202176291e-12,1.94626050259819e-12,1.71879126663886e-12,NaN
-2508.58347025,-0.311007125,-5.9459075e-07,2.34649999999997e-09,2.33447870744121e-09,4.40538785538902e-12,2.05280594858124e-12,1.86129651495626e-12,NaN
-2498.50500325,-0.309757625,-5.92253625e-07,2.34737500000003e-09,2.33826658037908e-09,3.09555107055198e-12,2.09688848075743e-12,1.94884584925081e-12,NaN
-2488.417462,-0.308507,-5.89896e-07,2.34781250000002e-09,2.34066980958231e-09,2.04799491049375e-12,2.11993089595889e-12,1.98876381303441e-12,NaN
-2478.3450445,-0.30725825,-5.87558e-07,2.317625e-09,2.34236257020007e-09,1.80932344682241e-12,2.22181515214545e-12,1.9878561056321e-12,NaN
-2468.292792,-0.306012,-5.8526075e-07,2.30493750000003e-09,2.34428845647596e-09,2.32311556686539e-12,2.38946745860818e-12,1.94725591362878e-12,NaN
-2458.19416,-0.30476,-5.82948125e-07,2.30962499999994e-09,2.3470088013338e-09,2.79518471393508e-12,2.53273398981306e-12,1.86285401705643e-12,NaN
-2448.039066,-0.303501,-5.806415e-07,2.31231249999994e-09,2.34987882590383e-09,2.57544533169475e-12,2.60977315478109e-12,1.73145684098947e-12,NaN
-2437.972698,-0.302253,-5.783235e-07,2.30575000000007e-09,2.35215969199719e-09,2.29001842751754e-12,2.62519593125417e-12,1.55543839607576e-12,NaN
-2427.882132,-0.301002,-5.7603e-07,2.30568750000005e-09,2.35445886275886e-09,2.69011275886406e-12,2.56409868047132e-12,1.33804018644427e-12,NaN
-2417.80064025,-0.299752125,-5.73712125e-07,2.38793749999999e-09,2.35753991751492e-09,2.97611661986871e-12,2.2527850234654e-12,1.07814273433724e-12,NaN
-2407.692934,-0.298499,-5.71254125e-07,2.40356249999997e-09,2.3604110959986e-09,2.05071735696863e-12,1.66656667694573e-12,7.7662951118449e-13,NaN
-2397.634632,-0.297252,-5.68905e-07,2.47143749999997e-09,2.36164135222886e-09,3.24611705860576e-13,8.22715973787001e-13,4.43171479695191e-13,NaN
-2387.37468,-0.29598,-5.6631125e-07,2.52968749999999e-09,2.36106031941032e-09,-9.05558968060568e-13,-3.21249213205923e-13,9.27588570454082e-14,NaN
-2377.29218,-0.29473,-5.63845625e-07,2.38987500000003e-09,2.35983023429273e-09,-1.64199499824566e-12,-1.33758235248707e-12,-2.5859449618237e-13,NaN
-2367.19052325,-0.293477625,-5.615315e-07,2.29762500000003e-09,2.35777632941383e-09,-2.5559143559141e-12,-1.78610149306359e-12,-5.94672340911646e-13,NaN
-2357.159444,-0.292234,-5.59250375e-07,2.327375e-09,2.35471840558091e-09,-2.84478764478663e-12,-1.83700159921386e-12,-9.04492902333823e-13,NaN
-2347.068878,-0.290983,-5.5687675e-07,2.34518749999998e-09,2.35208675412426e-09,-1.79765049140113e-12,-1.91003052264691e-12,-1.18514104953726e-12,NaN
-2336.96218,-0.28973,-5.5456e-07,2.30837500000001e-09,2.3511231045981e-09,-8.47113022115123e-13,-2.02335201993381e-12,-1.43967604066608e-12,NaN
-2326.92505125,-0.288485625,-5.5226e-07,2.32749999999998e-09,2.35039252808003e-09,-5.40931028431884e-13,-2.09007751930229e-12,-1.67026605482381e-12,NaN
-2316.75685,-0.287225,-5.49905e-07,2.34781249999997e-09,2.35004124254124e-09,-7.88559582309102e-13,-2.19973554852454e-12,-1.87597394693118e-12,NaN
-2306.6320035,-0.28596975,-5.47564375e-07,2.34800000000002e-09,2.34881540891541e-09,-2.35981484731392e-12,-2.35437120886662e-12,-2.0526610151879e-12,NaN
-2296.5656355,-0.28472175,-5.45209e-07,2.34331250000001e-09,2.34532161284661e-09,-3.92851219726053e-12,-2.48911137343396e-12,-2.18849626707152e-12,NaN
-2286.50935,-0.283475,-5.4287775e-07,2.33450000000001e-09,2.34095838452089e-09,-4.46542865917848e-12,-2.54740048835131e-12,-2.27188436120934e-12,NaN
-2276.406685,-0.2822225,-5.4054e-07,2.323375e-09,2.33639075552826e-09,-4.9861420673946e-12,-2.53126315311914e-12,-2.29805359531287e-12,NaN
-2266.33527575,-0.280973875,-5.38231e-07,2.31943750000001e-09,2.3309861003861e-09,-6.0356177606174e-12,-2.46025135949502e-12,-2.26394545072048e-12,NaN
-2256.18119,-0.279715,-5.35901125e-07,2.31950000000002e-09,2.32431952000702e-09,-6.88626053000755e-12,-2.33124801923207e-12,-2.16471549966846e-12,NaN
-2246.050294,-0.278459,-5.33592e-07,2.30375000000001e-09,2.31721357932608e-09,-5.10395972270918e-12,-2.09979588479511e-12,-1.99940758414484e-12,NaN
-2235.98291775,-0.277210875,-5.31293625e-07,2.30324999999995e-09,2.3141116005616e-09,-2.20077000702025e-12,-1.76917011886822e-12,-1.78399003957231e-12,NaN
-2225.89336,-0.27596,-5.289855e-07,2.3123125e-09,2.31281203931204e-09,8.40974903473472e-13,-1.42583696689725e-12,-1.5405304649825e-12,NaN
-2215.835058,-0.274713,-5.26669e-07,2.32625e-09,2.31579355036855e-09,5.1412359599837e-12,-1.14398329572806e-12,-1.29504037374894e-12,NaN
-2205.756591,-0.2734635,-5.24333e-07,2.33e-09,2.32309451123201e-09,5.0401412776421e-12,-9.1891147063346e-13,-1.08394485049498e-12,NaN
-2195.68921475,-0.272215375,-5.22009e-07,2.33500000000003e-09,2.32587383292383e-09,7.98530186030753e-13,-7.49953499691473e-13,-9.16134848791992e-13,NaN
-2185.52303,-0.270955,-5.19663e-07,2.34849999999998e-09,2.32469157160407e-09,-1.20647156897161e-12,-6.56082356675858e-13,-7.66799549991508e-13,NaN
-2175.432464,-0.269704,-5.17312e-07,2.33775e-09,2.32346088978589e-09,-8.49436205685348e-13,-5.8050089514927e-13,-6.17481419010863e-13,NaN
-2165.35803,-0.268455,-5.149875e-07,2.32100000000001e-09,2.3229926991927e-09,-9.78216040715779e-13,-4.33870766019593e-13,-4.70553680131301e-13,NaN
-2155.27553,-0.267205,-5.1267e-07,2.31375000000002e-09,2.32150445770446e-09,-1.2692457879956e-12,-2.08691801887171e-13,-3.29410668084211e-13,NaN
-2145.180931,-0.2659535,-5.1036e-07,2.29800000000001e-09,2.32045420761671e-09,-5.23949192699983e-13,6.08161190904499e-14,-1.93457929793261e-13,NaN
-2135.13573625,-0.264708125,-5.08074e-07,2.31150000000001e-09,2.32045655931906e-09,5.07173569673365e-13,3.33149880106647e-13,-6.77281934599954e-14,NaN
-2124.94737,-0.263445,-5.05737e-07,2.327125e-09,2.32146855475606e-09,8.88789926289906e-13,5.23006305378129e-13,4.03413551917723e-14,NaN
-2114.86487,-0.262195,-5.0341975e-07,2.32331249999998e-09,2.32223413917164e-09,8.11256142506647e-13,6.16465020825337e-13,1.27184081448193e-13,NaN
-2104.790436,-0.260946,-5.01090375e-07,2.31887499999998e-09,2.32309106704107e-09,9.06019656020668e-13,6.68841073595438e-13,1.927393628958e-13,NaN
-2094.703903,-0.2596955,-4.98782e-07,2.32875000000001e-09,2.32404617848368e-09,8.30828799578395e-13,6.50667778937743e-13,2.36103755051413e-13,NaN
-2084.61737,-0.258445,-4.96432875e-07,2.34162499999997e-09,2.32475272464023e-09,5.19373025622988e-13,4.76372110145319e-13,2.56753763683338e-13,NaN
-2074.542936,-0.257196,-4.9409875e-07,2.34237499999999e-09,2.32508492453493e-09,-2.43067743066668e-13,1.62439001984943e-13,2.56424218696274e-13,NaN
-2064.379776,-0.255936,-4.91748125e-07,2.33237500000003e-09,2.32426658915409e-09,-1.13359512109569e-12,-1.3264355979035e-13,2.41738811212713e-13,NaN
-2054.2992925,-0.25468625,-4.89434e-07,2.31806249999994e-09,2.32281773429273e-09,-1.42677255177355e-12,-3.54184646143151e-13,2.21657261039528e-13,NaN
-2044.2288915,-0.25343775,-4.87112e-07,2.30850000000004e-09,2.32141304405055e-09,-1.12256493506451e-12,-4.46430138240338e-13,2.01738225252498e-13,NaN
-2034.132276,-0.252186,-4.84817e-07,2.30750000000001e-09,2.32057260442261e-09,-7.28652597402793e-13,-2.4176374534756e-13,1.82923136057831e-13,NaN
-2024.05885025,-0.250937125,-4.82497e-07,2.30449999999998e-09,2.31995573885574e-09,2.40961740959309e-14,5.9881472392769e-14,1.64494792477622e-13,NaN
-2013.991474,-0.249689,-4.80208e-07,2.30400000000007e-09,2.3206207967708e-09,1.02626360126297e-12,1.84818555518213e-13,1.43028075182224e-13,NaN
-2003.8827595,-0.24843575,-4.77889e-07,2.32949999999998e-09,2.32200826605827e-09,1.28970691470653e-12,1.96616497373591e-13,1.13589851183807e-13,NaN
-1993.7357315,-0.24717775,-4.75549e-07,2.33549999999999e-09,2.32320021060021e-09,8.34959634959256e-13,1.91503381689289e-13,7.52381248292532e-14,NaN
-1983.65222325,-0.245927625,-4.73218e-07,2.3249375e-09,2.32367818532818e-09,1.95728764479055e-13,1.58618339755897e-13,3.19183154788777e-14,NaN
-1973.596946,-0.244681,-4.70899125e-07,2.33349999999999e-09,2.32359166812917e-09,-2.94770094769004e-13,8.19513934737344e-14,-1.06174404103083e-14,NaN
-1963.50638,-0.24343,-4.68551e-07,2.33612500000001e-09,2.32308864513865e-09,-4.68666637416893e-13,-4.76161790849136e-15,-4.71619580118298e-14,NaN
-1953.40069025,-0.242177125,-4.66226875e-07,2.3209375e-09,2.32265433485434e-09,-2.49251930501455e-13,-5.73671206798115e-14,-7.38172838322118e-14,NaN
-1943.34238825,-0.240930125,-4.63909125e-07,2.32868750000003e-09,2.32259014127764e-09,-1.38897420147563e-13,-9.94498950388162e-14,-9.07202573919407e-14,NaN
-1933.170154,-0.239669,-4.615695e-07,2.32312499999996e-09,2.32237654001404e-09,-7.02268339769295e-13,-1.41972015822604e-13,-9.86562662060466e-14,NaN
-1923.087654,-0.238419,-4.59262875e-07,2.30974999999999e-09,2.3211856045981e-09,-8.85029835030378e-13,-1.39995821937773e-13,-9.46728972767675e-14,NaN
-1912.997088,-0.237168,-4.5695e-07,2.30743750000002e-09,2.32060648034398e-09,2.26050807300247e-13,-9.01197911899363e-14,-7.96832260250835e-14,NaN
-1902.9327365,-0.23592025,-4.54648e-07,2.312e-09,2.3216377062127e-09,1.05894173394203e-12,-1.4657664084654e-14,-6.41104911763362e-14,NaN
-1892.8341045,-0.23466825,-4.52326e-07,2.31812500000001e-09,2.32272436381186e-09,9.65202702704258e-13,4.24002499569279e-14,-5.842897145355e-14,NaN
-1882.77076125,-0.233420625,-4.5001175e-07,2.32706249999998e-09,2.32356811161811e-09,1.333053264302e-12,4.48277689696611e-14,-6.55117896039525e-14,NaN
-1872.650956,-0.232166,-4.47671875e-07,2.332875e-09,2.32539047034047e-09,1.39840514215331e-12,-9.76257502792308e-15,-8.8874120288586e-14,NaN
-1862.52006,-0.23091,-4.45346e-07,2.33568749999998e-09,2.32636492190242e-09,-3.6349596349475e-13,-1.02727027556626e-13,-1.26492589192621e-13,NaN
-1852.4073125,-0.22965625,-4.430005e-07,2.33949999999999e-09,2.32466347841348e-09,-1.6459393646891e-12,-2.09059016600087e-13,-1.59115555805715e-13,NaN
-1842.330862,-0.228407,-4.40667e-07,2.31875000000003e-09,2.32307304317304e-09,-1.38931203931098e-12,-2.71785452328939e-13,-1.74859395294825e-13,NaN
-1832.280626,-0.227161,-4.38363e-07,2.3195e-09,2.32188485433486e-09,-1.14915759915679e-12,-2.75240529027291e-13,-1.7869278797107e-13,NaN
-1822.1598125,-0.22590625,-4.36028e-07,2.31799999999998e-09,2.32077472797473e-09,-9.46272815023436e-13,-2.54878417617876e-13,-1.73583070994284e-13,NaN
-1812.115626,-0.224661,-4.33727e-07,2.31881250000002e-09,2.31999230870481e-09,-9.09790716040259e-13,-2.20731050477836e-13,-1.58384105855336e-13,NaN
-1801.936334,-0.223399,-4.31390375e-07,2.32299999999999e-09,2.31895514654265e-09,-6.89285714285084e-13,-1.81308471465473e-13,-1.33740691757549e-13,NaN
-1791.83669375,-0.222146875,-4.29081e-07,2.31068750000001e-09,2.31861373727624e-09,-3.34985959981477e-14,-1.36169328901666e-13,-1.03268392395161e-13,NaN
-1781.771334,-0.220899,-4.26769e-07,2.31468750000001e-09,2.31888814935065e-09,2.66707616707021e-13,-8.44140715040769e-14,-7.11647252648816e-14,NaN
-1771.680768,-0.219648,-4.24451625e-07,2.31912499999999e-09,2.31914715250965e-09,7.84242277992271e-13,-2.34562957744552e-14,-3.92175598247208e-14,NaN
-1761.59524325,-0.218397625,-4.2213075e-07,2.31850000000002e-09,2.32045663390664e-09,1.28618813618888e-12,2.38222495230833e-14,-1.10351468976907e-14,NaN
-1751.5218175,-0.21714875,-4.19814625e-07,2.338e-09,2.32171952878203e-09,9.36828711828677e-13,-5.38175569410273e-15,9.41878469872186e-15,NaN
-1741.36168225,-0.215889125,-4.1745475e-07,2.33831250000003e-09,2.32233029133029e-09,1.84448490698611e-13,-8.34344261673911e-14,2.38391466910968e-14,NaN
-1731.2963225,-0.21464125,-4.15138e-07,2.31887500000001e-09,2.32208842576343e-09,-5.42545630045838e-13,-1.06133905771544e-13,3.70964356916943e-14,NaN
-1721.187608,-0.213388,-4.12817e-07,2.32349999999995e-09,2.3212452000702e-09,-1.00724815724811e-12,-8.64245033234565e-14,5.42176702004422e-14,NaN
-1711.10611625,-0.212138125,-4.10491e-07,2.32399999999999e-09,2.32007392944893e-09,-1.05738855738848e-12,-5.69062861094551e-14,7.81731927366423e-14,NaN
-1701.01151725,-0.210886625,-4.08169e-07,2.28281250000003e-09,2.31913042295542e-09,-5.60999473500113e-13,7.59115281377344e-14,1.08129486279226e-13,NaN
-1690.9231694,-0.2096359,-4.05925375e-07,2.2795e-09,2.31895193050193e-09,2.78733766232792e-13,2.88737488759289e-13,1.3987091767391e-13,NaN
-1680.8398628,-0.2083858,-4.0361e-07,2.33318749999999e-09,2.31968789048789e-09,9.15854247104007e-13,4.03531899759384e-13,1.68049800241904e-13,NaN
-1670.74022255,-0.207133675,-4.01259e-07,2.32599999999999e-09,2.32078363899614e-09,8.04236135487146e-13,4.20497830364295e-13,1.88345315230087e-13,NaN
-1660.6659902,-0.2058847,-3.98958e-07,2.31050000000001e-09,2.32129636275886e-09,7.99774043524407e-13,4.35008874185665e-13,1.99736907447309e-13,NaN
-1650.5875232,-0.2046352,-3.96638e-07,2.33293750000001e-09,2.32238318708319e-09,1.1032379782375e-12,4.20418441791189e-13,2.01969102098759e-13,NaN
-1640.4614668,-0.2033798,-3.94292125e-07,2.33849999999999e-09,2.32350283871534e-09,9.12554843805406e-13,3.47225884772658e-13,1.94739267941623e-13,NaN
-1630.3692876,-0.2021286,-3.91961e-07,2.3415e-09,2.3242082967708e-09,4.90446209196073e-13,2.25549961739707e-13,1.79618475648733e-13,NaN
-1620.272571275,-0.2008768375,-3.89609125e-07,2.3415e-09,2.32448373113373e-09,-1.02893559145674e-13,9.06307451050412e-14,1.5894469394521e-13,NaN
-1610.1736368,-0.1996248,-3.87278e-07,2.3384375e-09,2.32400250965251e-09,-6.61826518077262e-13,-1.47110454907228e-14,1.35943833761753e-13,NaN
-1600.060183525,-0.1983709625,-3.8493225e-07,2.32850000000001e-09,2.32316007809758e-09,-1.00609863109857e-12,-8.98716184492193e-14,1.14115139345881e-13,NaN
-1589.9852454,-0.1971219,-3.82621e-07,2.311875e-09,2.32199031239031e-09,-9.05295717795054e-13,-9.54053111564991e-14,9.67995881604144e-14,NaN
-1579.8817738,-0.1958693,-3.803085e-07,2.30449999999998e-09,2.32134948666199e-09,7.73648648662034e-14,-1.04444415663185e-14,8.40837573829211e-14,NaN
-1569.784755,-0.1946175,-3.78012e-07,2.29912499999999e-09,2.32214504212004e-09,9.45447964197959e-13,9.9610751822086e-14,7.01573494463951e-14,NaN
-1559.7337124,-0.1933714,-3.7571025e-07,2.30787500000002e-09,2.32324038259038e-09,9.17398648649128e-13,1.74633346930687e-13,5.0049243315504e-14,NaN
-1549.5931372,-0.1921142,-3.7339625e-07,2.32112500000002e-09,2.32397983941734e-09,1.21404878904862e-12,1.84479569598915e-13,2.37184372712553e-14,NaN
-1539.5138636,-0.1908646,-3.71068e-07,2.33481250000001e-09,2.32566848016848e-09,1.52790672165564e-12,1.14187341324518e-13,-9.91688435635467e-15,NaN
-1529.4249108,-0.1896138,-3.68726625e-07,2.3435e-09,2.32703565286065e-09,-3.66137241130394e-15,-1.21003294585511e-14,-5.11728400325283e-14,NaN
-1519.2891752,-0.1883572,-3.66381e-07,2.33906249999999e-09,2.32566115742366e-09,-1.66998946998921e-12,-1.40543509690517e-13,-9.05584096905981e-14,NaN
-1509.2349062,-0.1871107,-3.640485e-07,2.3269375e-09,2.32369567392067e-09,-1.43834459459415e-12,-2.33990968239799e-13,-1.17634191040717e-13,NaN
-1499.138694,-0.185859,-3.61727125e-07,2.32818749999999e-09,2.32278446823447e-09,-1.06063969813962e-12,-2.87962593575982e-13,-1.33125874526158e-13,NaN
-1489.0416752,-0.1846072,-3.59392125e-07,2.3240625e-09,2.32157439452439e-09,-1.51780668655701e-12,-3.07978885708753e-13,-1.39232508222682e-13,NaN
-1478.9357838,-0.1833543,-3.57079e-07,2.309e-09,2.31974885486136e-09,-1.34203667953624e-12,-2.68925176310148e-13,-1.33663037505592e-13,NaN
-1468.838260875,-0.1821024375,-3.54774125e-07,2.30099999999999e-09,2.31889032116532e-09,-2.78479290978182e-13,-1.78316405379343e-13,-1.17942647412223e-13,NaN
-1458.752937775,-0.1808520875,-3.52477e-07,2.30531249999999e-09,2.3191918962794e-09,6.97628553878596e-13,-7.64094955634768e-14,-9.80695796932784e-14,NaN
-1448.6769914,-0.1796029,-3.501635e-07,2.31650000000002e-09,2.32028557827308e-09,1.27317260442199e-12,1.18049755686735e-14,-8.01815243509228e-14,NaN
-1438.543574775,-0.1783465875,-3.47844e-07,2.31975000000003e-09,2.32173824148824e-09,1.49967532467454e-12,5.9244810855829e-14,-6.89760606879253e-14,NaN
-1428.4466568,-0.1770948,-3.45524e-07,2.33087499999999e-09,2.32328492892243e-09,1.49984204984181e-12,4.80702032425048e-14,-6.6272195046053e-14,NaN
-1418.3601238,-0.1758443,-3.4318225e-07,2.346375e-09,2.32473792558793e-09,8.01357932608363e-13,-3.00477426390721e-14,-7.19953282651026e-14,NaN
-1408.27621225,-0.174594125,-3.4083125e-07,2.33812499999998e-09,2.32488764478765e-09,-5.41172341172722e-13,-1.34277253286143e-13,-8.19485822950163e-14,NaN
-1398.1878644,-0.1733434,-3.38506e-07,2.32887499999999e-09,2.32365558090558e-09,-1.49671375921418e-12,-1.99463142868666e-13,-8.82780688781047e-14,NaN
-1388.103045425,-0.1720931125,-3.361735e-07,2.32831250000002e-09,2.32189421726922e-09,-1.7530844155844e-12,-2.23180112460535e-13,-8.55167033502986e-14,NaN
-1377.993725975,-0.1708397875,-3.33849375e-07,2.31925000000002e-09,2.32014941207441e-09,-1.46004519129421e-12,-2.03175240159262e-13,-7.17958619221091e-14,NaN
-1367.8943882,-0.1695877,-3.31535e-07,2.29756249999999e-09,2.31897412688663e-09,-5.40569059318974e-13,-9.65742213280624e-14,-4.91341850856893e-14,NaN
-1357.814308,-0.168338,-3.2925425e-07,2.2995e-09,2.31906827395577e-09,4.21404440154068e-13,7.36717316341357e-14,-2.3830165256034e-14,NaN
-1347.7164826,-0.1670861,-3.26936e-07,2.31250000000002e-09,2.31981693576694e-09,9.32702263951924e-13,1.89131672225216e-13,-2.05020055403811e-15,NaN
-1337.6186572,-0.1658342,-3.2462925e-07,2.308e-09,2.32093367848368e-09,1.20453009827989e-12,2.09615944138509e-13,1.31539572911438e-14,NaN
-1327.53837535,-0.164584475,-3.2232e-07,2.33187499999999e-09,2.3222259959635e-09,1.43660275535341e-12,1.97982388628226e-13,1.99649155385204e-14,NaN
-1317.400522425,-0.1633276125,-3.199655e-07,2.33693749999999e-09,2.32380688399439e-09,1.09893603018587e-12,1.53509179601693e-13,1.70080145086621e-14,NaN
-1307.333247,-0.1620795,-3.17646125e-07,2.33856250000001e-09,2.32442386802387e-09,7.18760968757777e-14,3.98963005869327e-14,5.96170931023717e-15,NaN
-1297.2217094,-0.1608259,-3.15288375e-07,2.34287500000001e-09,2.32395063618814e-09,-6.70553264303398e-13,-9.66782684766366e-14,-7.79621481393359e-15,NaN
-1287.09988765,-0.159571025,-3.12960375e-07,2.32818749999999e-09,2.32308276149526e-09,-1.09670717795749e-12,-1.8975898910162e-13,-1.94637001046028e-14,NaN
-1277.039669975,-0.1583237875,-3.10632e-07,2.3171875e-09,2.32175722183222e-09,-1.32315505440475e-12,-2.26741957976902e-13,-2.62212920073368e-14,NaN
-1266.9532378,-0.1570733,-3.08326e-07,2.31168750000001e-09,2.32043645138645e-09,-1.22754036503833e-12,-1.9864046685378e-13,-2.61532758093662e-14,NaN
-1256.874871625,-0.1558238125,-3.06008625e-07,2.308e-09,2.31930214110215e-09,-7.4847753597689e-13,-1.12008131035789e-13,-1.90149947785636e-14,NaN
-1246.7156438,-0.1545643,-3.0371e-07,2.29856250000001e-09,2.3189394963145e-09,2.16268866267447e-13,8.43774120500692e-15,-7.811617836219e-15,NaN
-1236.6775068,-0.1533198,-3.014115e-07,2.30700000000002e-09,2.31973467883468e-09,8.54497191996485e-13,1.21506724755263e-13,1.30061314002464e-15,NaN
-1226.5538702,-0.1520647,-2.99096e-07,2.32724999999997e-09,2.32064849069849e-09,1.12064759564662e-12,1.74705622325837e-13,4.05929171541808e-15,NaN
-1216.4592712,-0.1508132,-2.96757e-07,2.331e-09,2.32197597402597e-09,1.56295849420899e-12,1.56103662329555e-13,-7.37383982424971e-16,NaN
-1206.35519465,-0.149560525,-2.94434e-07,2.33768750000001e-09,2.32377440768691e-09,1.17396235521333e-12,6.96852710199689e-14,-1.43273944805716e-14,NaN
-1196.229239075,-0.1483051375,-2.92081625e-07,2.33999999999998e-09,2.3243238987364e-09,-8.25136012638462e-14,-5.0839634666377e-14,-3.41609759930422e-14,NaN
-1186.2093514,-0.1470629,-2.89754e-07,2.32881250000003e-09,2.32360938048438e-09,-9.90441821691498e-13,-1.40362426804577e-13,-5.30143622942833e-14,NaN
-1176.0824884,-0.1458074,-2.87424e-07,2.32850000000001e-09,2.32234301509302e-09,-1.30947700947576e-12,-1.86223449515438e-13,-6.44360322466449e-14,NaN
-1165.9862762,-0.1445557,-2.85097e-07,2.3215e-09,2.32099042646543e-09,-1.31228501228468e-12,-2.0637975616879e-13,-6.71902196359892e-14,NaN
-1155.890769775,-0.1433040875,-2.82781e-07,2.30599999999999e-09,2.31971844506845e-09,-1.04390136890226e-12,-1.78914463961913e-13,-6.36772846961864e-14,NaN
-1145.7761066,-0.1420501,-2.80485e-07,2.29649999999997e-09,2.31890262372763e-09,-4.0331475956517e-13,-8.47145245399147e-14,-5.447737837168e-14,NaN
-1135.6923967,-0.14079995,-2.78188e-07,2.31150000000001e-09,2.31891181554932e-09,4.3008731133664e-13,1.88954158170737e-14,-4.17394335464295e-14,NaN
-1125.579548375,-0.1395461875,-2.75862e-07,2.31918750000003e-09,2.3197627983503e-09,9.48170410669943e-13,7.75807457887498e-14,-3.17981172478037e-14,NaN
-1115.507635,-0.1382975,-2.73549625e-07,2.314875e-09,2.32080815637066e-09,1.04196867321855e-12,1.01184954823811e-13,-2.84190328563731e-14,NaN
-1105.4243284,-0.1370474,-2.7123225e-07,2.32431249999998e-09,2.32184673569674e-09,1.03787513162488e-12,9.63265112078998e-14,-3.20749775586074e-14,NaN
-1095.3402152,-0.1357972,-2.68901e-07,2.33462499999999e-09,2.32288390663391e-09,5.73721042471486e-13,5.04471983480959e-14,-4.29438430087416e-14,NaN
-1085.2282743,-0.13454355,-2.66563e-07,2.33624999999998e-09,2.32299417778168e-09,-1.28183134433466e-13,-4.30220267812493e-14,-5.82075718956211e-14,NaN
-1075.1364984,-0.1332924,-2.642285e-07,2.33387500000002e-09,2.32262754036504e-09,-5.91323710074187e-13,-1.46774958200888e-13,-7.35034693551308e-14,NaN
-1065.04936045,-0.132041825,-2.6189525e-07,2.32975000000002e-09,2.32181153036153e-09,-9.87234555983511e-13,-2.07969876309715e-13,-8.50604307947199e-14,NaN
-1054.95153505,-0.130789925,-2.59569e-07,2.32612499999999e-09,2.32065307125307e-09,-1.15328185328149e-12,-2.31738620609363e-13,-8.95123962567463e-14,NaN
-1044.817211,-0.1295335,-2.57243e-07,2.30950000000001e-09,2.31950496665497e-09,-9.70603720605076e-13,-2.11677341541444e-13,-8.55626167472643e-14,NaN
-1034.7524562,-0.1282857,-2.5495e-07,2.29468749999999e-09,2.31871186381186e-09,-2.30640136890601e-13,-1.17727769844409e-13,-7.47632498406386e-14,NaN
-1024.6352724,-0.1270314,-2.52653625e-07,2.31050000000001e-09,2.31904368638119e-09,4.62811512811517e-13,-1.30750699999482e-14,-6.1776012467525e-14,NaN
-1014.531296675,-0.1257787375,-2.50329e-07,2.3123125e-09,2.31963748683749e-09,5.24293611793772e-13,4.97000058889072e-14,-5.08015604400697e-14,NaN
-1004.4533338,-0.1245293,-2.48029e-07,2.31949999999997e-09,2.32009227360477e-09,6.05771762022749e-13,7.65253552476653e-14,-4.26244276612793e-14,NaN
-994.3555084,-0.1232774,-2.4569e-07,2.33149999999998e-09,2.32084903036153e-09,9.14018076518323e-13,6.23296539487377e-14,-3.74829779224854e-14,NaN
-984.2770414,-0.1220279,-2.43366e-07,2.323625e-09,2.32192030975781e-09,5.84108459107812e-13,2.24038361912641e-14,-3.75649343297407e-14,NaN
-974.181938275,-0.1207763375,-2.4104275e-07,2.33900000000001e-09,2.32201724727975e-09,-3.21887065637986e-13,-4.75309435329404e-14,-4.2233693494533e-14,NaN
-964.060419,-0.1195215,-2.38688e-07,2.33225e-09,2.32127653562653e-09,-6.29944717443881e-13,-1.25598399079769e-13,-4.58846667956883e-14,NaN
-953.9932444,-0.1182734,-2.3637825e-07,2.32000000000002e-09,2.32075735784486e-09,-5.71259652508412e-13,-1.60145772638677e-13,-4.52319433089721e-14,NaN
-943.8889662,-0.1170207,-2.34048e-07,2.32562499999999e-09,2.32013401632152e-09,-7.0795235170246e-13,-1.68989872364675e-13,-4.04180981891785e-14,NaN
-933.7903342,-0.1157687,-2.31727e-07,2.31499999999999e-09,2.31934145314145e-09,-8.92771586521784e-13,-1.53996812290872e-13,-3.08335438752474e-14,NaN
-923.7126738,-0.1145193,-2.29418e-07,2.301e-09,2.31834847314847e-09,-6.79247104247688e-13,-8.60722678798474e-14,-1.51610003498949e-14,NaN
-913.6019428,-0.1132658,-2.27125e-07,2.31131249999998e-09,2.31798295893296e-09,1.23832923832309e-13,7.05109994812769e-17,4.95383200377838e-15,NaN
-903.527206325,-0.1120167625,-2.24795375e-07,2.31350000000002e-09,2.31859613899614e-09,7.03229203229777e-13,8.05432765323523e-14,2.3585454367967e-14,NaN
-893.426961125,-0.1107645625,-2.22498e-07,2.30668750000001e-09,2.31938941733942e-09,8.26978764479688e-13,1.5603386374148e-13,3.58818606416615e-14,NaN
-883.352023,-0.1095155,-2.20182e-07,2.31524999999999e-09,2.3202500965251e-09,1.00364601614599e-12,1.93034758398169e-13,4.05031084274779e-14,NaN
-873.262162775,-0.1082645875,-2.178675e-07,2.3355e-09,2.32139670937171e-09,7.79407248156972e-13,1.63721426705071e-13,3.66856453859054e-14,NaN
-863.119369425,-0.1070071125,-2.15511e-07,2.33775000000001e-09,2.32180891102141e-09,-8.77500877256607e-16,8.88101741068459e-14,2.64511541541617e-14,NaN
-853.0472544,-0.1057584,-2.13192e-07,2.325e-09,2.32139495436996e-09,-2.65713846963247e-13,1.96552267020387e-14,1.58366376530618e-14,NaN
-842.967678325,-0.1045087625,-2.10861e-07,2.32793749999999e-09,2.32127748332749e-09,-4.56401368900272e-13,-3.21958786472329e-14,7.89658883099239e-15,NaN
-832.857148975,-0.1032552875,-2.08536125e-07,2.3256875e-09,2.32048215163216e-09,-8.15514215514708e-13,-7.9088779865346e-14,3.41542644209269e-15,NaN
-822.764264,-0.102004,-2.06209625e-07,2.321625e-09,2.31964645489646e-09,-6.76991926993414e-13,-1.07791845272496e-13,3.60658090522484e-15,NaN
-812.6849904,-0.1007544,-2.03892875e-07,2.30700000000001e-09,2.31912816777817e-09,-6.01776939276892e-13,-6.94466160374672e-14,7.63497086887683e-15,NaN
-802.596743375,-0.0995036875,-2.01595625e-07,2.30893750000001e-09,2.3184429010179e-09,-3.95050895047672e-14,1.85639517957917e-14,1.39510326961356e-14,NaN
-792.440237825,-0.0982445125,-1.99275e-07,2.31062499999999e-09,2.31904915759916e-09,6.84417778167733e-13,7.87536549189183e-14,1.8410887320364e-14,NaN
-782.384153975,-0.0969977875,-1.96974375e-07,2.31349999999999e-09,2.31981173657424e-09,7.03165584416279e-13,1.10895886815507e-13,1.67980774111033e-14,NaN
-772.2775568,-0.0957448,-1.94648e-07,2.32131250000001e-09,2.32045548876799e-09,1.06003202878218e-12,1.30321466086263e-13,8.69907551689456e-15,NaN
-762.1853776,-0.0944936,-1.9233175e-07,2.32000000000001e-09,2.3219318006318e-09,1.19020928395914e-12,1.11482649691692e-13,-7.11964868208262e-15,NaN
-752.1044908,-0.0932438,-1.90008e-07,2.335875e-09,2.32283590733591e-09,4.76535626535707e-13,2.05928259175081e-14,-2.94046590226754e-14,NaN
-742.0050522,-0.0919917,-1.8766e-07,2.33875e-09,2.32288487188487e-09,-1.40411109162066e-13,-1.10814571836885e-13,-5.25022058844359e-14,NaN
-731.9015806,-0.0907391,-1.853305e-07,2.324875e-09,2.32255508511759e-09,-7.742168304672e-13,-2.01425633078938e-13,-7.22516293158948e-14,NaN
-721.82634,-0.08949,-1.8301025e-07,2.323375e-09,2.32133643822394e-09,-1.53915189540157e-12,-2.32837134974803e-13,-8.47297050944635e-14,NaN
-711.7377905,-0.08823925,-1.8068375e-07,2.3215e-09,2.31947678132678e-09,-1.69965119340118e-12,-2.14603544549155e-13,-8.63221171923357e-14,NaN
-701.6161704,-0.0869844,-1.7836725e-07,2.3125625e-09,2.31793713583714e-09,-9.74341874341788e-13,-1.40052704877248e-13,-7.75662346326643e-14,NaN
-691.5110856,-0.0857316,-1.76058625e-07,2.30993750000001e-09,2.3175280975781e-09,-1.61661986661886e-13,-4.65934470366733e-14,-6.28856238228249e-14,NaN
-681.423040225,-0.0844809125,-1.73747375e-07,2.3058125e-09,2.31761381186381e-09,3.2209547209553e-13,1.68688754349563e-14,-4.69860986690527e-14,NaN
-671.3323734,-0.0832299,-1.71447e-07,2.3056875e-09,2.31817228852229e-09,8.27503071252871e-13,6.17974139380172e-14,-3.36435409776962e-14,NaN
-661.2168028,-0.0819758,-1.69136e-07,2.3185e-09,2.31926881800632e-09,1.21499868374862e-12,7.79645453917078e-14,-2.57175390879675e-14,NaN
-651.143276225,-0.0807269125,-1.6681e-07,2.326e-09,2.32060228588979e-09,1.40786679536698e-12,3.91586973426854e-14,-2.42084844137392e-14,NaN
-641.0243784,-0.0794724,-1.64484e-07,2.335e-09,2.32208455159705e-09,6.60240435240218e-13,-3.49975019408273e-14,-2.92088274212965e-14,NaN
-630.955288125,-0.0782240625,-1.6214e-07,2.33749999999999e-09,2.32192276676027e-09,-6.08895665145237e-13,-1.29045839303055e-13,-3.64363877109864e-14,NaN
-620.8626048,-0.0769728,-1.59809e-07,2.32956250000001e-09,2.32086676026676e-09,-1.06193401193382e-12,-1.92786834523943e-13,-3.87082783806925e-14,NaN
-610.7704256,-0.0757216,-1.57480875e-07,2.3254375e-09,2.3197988987364e-09,-1.14916198666296e-12,-1.95153848942554e-13,-3.40232733112631e-14,NaN
-600.6661474,-0.0744689,-1.55158125e-07,2.31793749999999e-09,2.31856843629344e-09,-1.28288653913698e-12,-1.53761699652428e-13,-2.25826886212861e-14,NaN
-590.5747748,-0.0732178,-1.52845e-07,2.30206250000001e-09,2.31723312565813e-09,-9.98881186380766e-13,-4.2719861094348e-14,-2.42654963668381e-15,NaN
-580.4648504,-0.0719644,-1.50554e-07,2.29949999999999e-09,2.31657067392067e-09,1.869164619164e-13,9.772392704339e-14,2.4804544288934e-14,NaN
-570.3742844,-0.0707134,-1.48246e-07,2.296e-09,2.31760695858196e-09,1.3636539136537e-12,2.02859781827837e-13,5.10123747710002e-14,NaN
-560.27948375,-0.069461875,-1.45962e-07,2.30631250000002e-09,2.31929798174798e-09,1.55366356616404e-12,2.71887809310521e-13,6.86812786924987e-14,NaN
-550.165728,-0.068208,-1.43633375e-07,2.3265e-09,2.32071428571429e-09,1.25141716391686e-12,2.73802900613104e-13,7.53767277566478e-14,NaN
-540.0888742,-0.0669587,-1.41309e-07,2.33518749999999e-09,2.32180081607582e-09,6.8175236925143e-13,1.95219650112098e-13,7.1792501028713e-14,NaN
-529.9910488,-0.0657068,-1.38963e-07,2.33849999999999e-09,2.32207779045279e-09,-1.42508336258108e-13,7.81202896312903e-14,6.13728885849629e-14,NaN
-519.909859525,-0.0644569625,-1.36632e-07,2.33900000000001e-09,2.3215157994033e-09,-6.84222534222099e-13,-3.22996853994936e-14,5.01829743883185e-14,NaN
-509.8050772,-0.0632042,-1.34285e-07,2.33950000000001e-09,2.32070934538435e-09,-8.72999297999466e-13,-1.19072192357586e-13,4.27478578576098e-14,NaN
-499.679323275,-0.0619488375,-1.31953e-07,2.3215e-09,2.3197698008073e-09,-9.89421726921834e-13,-1.45961584496174e-13,3.91038051634446e-14,NaN
-489.6247518,-0.0607023,-1.29642e-07,2.3125e-09,2.3187305019305e-09,-8.43844331344452e-13,-1.01358844913164e-13,3.81370794518998e-14,NaN
-479.4789337,-0.05944445,-1.27328e-07,2.30299999999999e-09,2.31808211214461e-09,-2.22962004211866e-13,-2.42573196324589e-14,3.83074930260895e-14,NaN
-469.451988275,-0.0582013375,-1.25036e-07,2.29e-09,2.31828457792208e-09,6.06627325377604e-13,8.8530959580001e-14,3.7537397716106e-14,NaN
-459.3353086,-0.0569471,-1.22748e-07,2.30625e-09,2.31929536679537e-09,1.23143646893658e-12,1.99211238239048e-13,3.3575307030249e-14,NaN
-449.2374832,-0.0556952,-1.204235e-07,2.32487499999999e-09,2.32074745085995e-09,1.34768778518777e-12,2.26534309421967e-13,2.14368701873952e-14,NaN
-439.153470825,-0.0544450125,-1.1809825e-07,2.32587500000001e-09,2.32199074236574e-09,1.03963232713228e-12,1.97111451235631e-13,-5.23595660813654e-16,NaN
-429.070567525,-0.0531949625,-1.1577175e-07,2.33312500000001e-09,2.32282671551422e-09,3.99019392769501e-13,1.43732145583e-13,-2.82187456020466e-14,NaN
-418.9448136,-0.0519396,-1.13432e-07,2.348375e-09,2.32278878115128e-09,-6.90264127763859e-13,1.28822025758672e-14,-5.7460102665389e-14,NaN
-408.849408,-0.050688,-1.11075e-07,2.33762499999999e-09,2.32144618725869e-09,-1.20512241137274e-12,-1.59358655922395e-13,-8.213480461824e-14,NaN
-398.776688025,-0.0494392125,-1.0875675e-07,2.31775e-09,2.32037853632854e-09,-1.17983064233103e-12,-2.67249641977124e-13,-9.75310535783808e-14,NaN
-388.647808525,-0.0481834625,-1.064395e-07,2.30775e-09,2.31908652597403e-09,-1.20095866970797e-12,-2.86753223575995e-13,-1.02414247193704e-13,NaN
-378.57428195,-0.046934575,-1.0414125e-07,2.29874999999999e-09,2.31797661898912e-09,-5.99438399438359e-13,-2.32943083041525e-13,-9.68842770296932e-14,NaN
-368.4847242,-0.0456837,-1.01842e-07,2.30062500000001e-09,2.31788764917515e-09,1.74607318357249e-13,-1.30630251576266e-13,-8.45444286070375e-14,NaN
-358.3820592,-0.0444312,-9.954e-08,2.31550000000001e-09,2.31832583362583e-09,5.91339066339186e-13,-3.35783072204004e-14,-6.89922372548195e-14,NaN
-348.261548175,-0.0431764875,-9.7211e-08,2.3261875e-09,2.31907032730783e-09,1.00967005966987e-12,9.60738975248084e-15,-5.24321757620659e-14,NaN
-338.1593873,-0.04192405,-9.4887625e-08,2.3295625e-09,2.32034517374517e-09,1.42801640926659e-12,-7.92685699076643e-15,-3.82158424805393e-14,NaN
-328.0829368,-0.0406748,-9.2551875e-08,2.3278125e-09,2.32192636012636e-09,8.08717971217958e-13,-4.19464183611093e-14,-2.83202420871157e-14,NaN
-318.0230216,-0.0394276,-9.0232e-08,2.328125e-09,2.32196260968761e-09,-1.49096174096486e-13,-5.97224807069842e-14,-1.78509507575479e-14,NaN
-307.907551825,-0.0381735125,-8.7895625e-08,2.3320625e-09,2.32162816777817e-09,-3.43344155843917e-13,-6.29387194536368e-14,-1.06582734271818e-15,NaN
-297.8225312,-0.0369232,-8.5567875e-08,2.3218125e-09,2.32127592137592e-09,-7.89171639171065e-13,-7.6333873991745e-14,2.31973114543551e-14,NaN
-287.703028425,-0.0356686125,-8.3252e-08,2.313875e-09,2.32004982449983e-09,-1.50976965601957e-12,-9.11667588006409e-14,5.79059743095228e-14,NaN
-277.625368025,-0.0344192125,-8.0940125e-08,2.3079375e-09,2.31825638206388e-09,-1.17821911197004e-12,-2.64418658440294e-14,1.06248318586395e-13,NaN
-267.5193758,-0.0331663,-7.8636125e-08,2.3050625e-09,2.31769338627589e-09,-7.78004124254555e-13,1.11372366496392e-13,1.6467713942726e-13,NaN
-257.420844625,-0.0319143125,-7.633e-08,2.30950000000001e-09,2.31670037381537e-09,-7.9825289575201e-13,2.39419372915532e-13,2.3038762151539e-13,NaN
-247.343990825,-0.0306650125,-7.4017125e-08,2.3224375e-09,2.31609688048438e-09,5.21091172341586e-13,3.46152182399206e-13,3.02415695993593e-13,NaN
-237.237192,-0.029412,-7.1685125e-08,2.3375625e-09,2.31774255616006e-09,1.78201123201048e-12,4.20325783581503e-13,3.713309413028e-13,NaN
-227.0829046,-0.0281531,-6.9342e-08,2.326875e-09,2.3196609029484e-09,1.8501954633205e-12,4.59143807548073e-13,4.27906997237015e-13,NaN
-216.996270775,-0.0269025875,-6.7031375e-08,2.3235e-09,2.3214429470867e-09,1.64192150754729e-12,4.70212268370857e-13,4.70310693115595e-13,NaN
-206.9606544,-0.0256584,-6.4695e-08,2.32475e-09,2.3229447459635e-09,8.4227141102118e-13,4.69351530562955e-13,4.9996959289629e-13,NaN
-196.827842725,-0.0244021625,-6.2381875e-08,2.32e-09,2.32312748990874e-09,-1.31992365742603e-13,4.95201108262967e-13,5.2177250085122e-13,NaN
-186.7432254,-0.0231519,-6.0055e-08,2.3185e-09,2.32268076123201e-09,-4.08695814320724e-13,5.15939684966403e-13,5.40395670996695e-13,NaN
-176.6195888,-0.0218968,-5.7744875e-08,2.3185e-09,2.3223100982801e-09,2.70864777110049e-14,5.1962498761827e-13,5.56740397045145e-13,NaN
-166.5524142,-0.0206487,-5.5418e-08,2.3101875e-09,2.32273493418743e-09,8.92000263250024e-13,5.76675099725227e-13,5.67789785464725e-13,NaN
-156.4691076,-0.0193986,-5.31245e-08,2.305875e-09,2.3240940988066e-09,1.11068379255956e-12,6.89325832692571e-13,5.67101185413255e-13,NaN
-146.4035462,-0.0181507,-5.080625e-08,2.32625e-09,2.32495630177255e-09,5.15049140049168e-13,7.42926322559211e-13,5.52642198856032e-13,NaN
-136.27204525,-0.016894625,-4.8472e-08,2.327625e-09,2.3251241970867e-09,4.91780010529941e-14,7.28814181673873e-13,5.27719705224415e-13,NaN
-126.18389905,-0.015643925,-4.6151e-08,2.316e-09,2.32505465777466e-09,7.60505879256162e-13,7.21000279019973e-13,4.97450913535306e-13,NaN
-116.09091325,-0.014392625,-4.384e-08,2.3155625e-09,2.32664520884521e-09,1.93680523867969e-12,6.89490135645798e-13,4.57931882334309e-13,NaN
-106.006900875,-0.0131424375,-4.1519875e-08,2.3408625e-09,2.32892826825202e-09,1.29489864864828e-12,5.84716461925726e-13,3.96306613653235e-13,NaN
-95.870560325,-0.0118857625,-3.9158275e-08,2.3339375e-09,2.32923500614251e-09,1.43522507897391e-13,4.59314795724285e-13,3.15876222141949e-13,NaN
-85.8069146,-0.0106381,-3.6852e-08,2.35205e-09,2.32921531326781e-09,3.42333713583788e-13,2.97115112191299e-13,2.28842228385722e-13,NaN
-75.6848912,-0.0093832,-3.4454175e-08,2.3622125e-09,2.32991967356967e-09,3.86891014391269e-13,6.36233773163649e-14,1.38941525501165e-13,NaN
-65.5838394,-0.0081309,-3.2127575e-08,2.338075e-09,2.3299890952966e-09,-5.9874956124954e-14,-1.12154053317914e-13,4.92923640031327e-14,NaN
-55.462925075,-0.0068761375,-2.9778025e-08,2.32989375e-09,2.32979992365742e-09,-1.87431335556412e-13,-1.93381749641895e-13,-3.76743147223803e-14,NaN
-45.424989725,-0.0056316625,-2.74677875e-08,2.31446875e-09,2.32961423262548e-09,-3.3210556335705e-14,-2.22839160896049e-13,-1.223583953109e-13,NaN
-35.337851775,-0.0043810875,-2.51490875e-08,2.3044375e-09,2.32973350254475e-09,-3.29833932958648e-13,-2.19492363031936e-13,-2.06005465173899e-13,NaN
-25.3772492,-0.0031462,-2.28589125e-08,2.3171875e-09,2.32895456475957e-09,-9.61714636714738e-13,-2.57057527204991e-13,-2.87233779370719e-13,NaN
-15.160147825,-0.0018795125,-2.05147125e-08,2.32670625e-09,2.32781007327132e-09,-5.08576912952145e-13,-3.50364796364985e-13,-3.61230932412342e-13,NaN
-5.0952922,-0.0006317,-1.82055e-08,2.33778125e-09,2.32793741093366e-09,2.1068752193761e-13,-4.67846333934383e-13,-4.27910470731359e-13,NaN
5.112331625,0.0006338125,-1.583915e-08,2.33205e-09,2.3282314483152e-09,-5.84016760266617e-13,-5.74200640621839e-13,-4.88634643078536e-13,NaN
15.1019718,0.0018723,-1.35414e-08,2.31436875e-09,2.32676937741313e-09,-1.53358239733249e-12,-5.97462116971977e-13,-5.36426918728994e-13,NaN
25.270778,0.003133,-1.12104125e-08,2.324025e-09,2.32516428352053e-09,-8.91500526500715e-13,-5.90196254534275e-13,-5.63925526216785e-13,NaN
35.347329325,0.0043822625,-8.89335e-09,2.34444375e-09,2.32498637636013e-09,-4.26675368550056e-13,-6.49003719060603e-13,-5.74642205062339e-13,NaN
45.508372,0.005642,-6.521525e-09,2.363925e-09,2.32431093278343e-09,-1.10009849947302e-12,-8.40705864031262e-13,-5.72830664503499e-13,NaN
55.5650608,0.0068888,-4.1655e-09,2.32048125e-09,2.32278617936118e-09,-1.57250636188166e-12,-9.90508723941818e-13,-5.57675711637198e-13,NaN
65.5233444,0.0081234,-1.8805625e-09,2.28845e-09,2.32116592005967e-09,-1.36297385047434e-12,-8.32158056110995e-13,-5.30834435994297e-13,NaN
75.6647262,0.0093807,4.114e-10,2.31831875e-09,2.32006023166023e-09,-1.34479971042412e-12,-5.95340978083575e-13,-4.96399029410306e-13,NaN
85.81397235,0.010638975,2.756075e-09,2.3154875e-09,2.31847632063882e-09,-6.79881756756595e-13,-4.79679239271689e-13,-4.5541036487606e-13,NaN
95.8974806,0.0118891,5.042375e-09,2.2919625e-09,2.31870046814672e-09,7.07003115127824e-13,-3.8263415057236e-13,-4.12858016107701e-13,NaN
105.92372025,0.013132125,7.34e-09,2.310425e-09,2.31989032686908e-09,8.21439101438878e-13,-3.11709719352463e-13,-3.76919413262183e-13,-1.80265806342783e-06
116.042214775,0.0143865875,9.663225e-09,2.33228125e-09,2.3203433463496e-09,3.33820638820416e-13,-2.78378559607391e-13,-3.46562061925925e-13,-1.65747073095008e-06
126.2062822,0.0156467,1.20045625e-08,2.32505625e-09,2.32055796814672e-09,-3.0396893646865e-13,-2.32468304323337e-13,-3.18707976787264e-13,-1.52425554115648e-06
136.1936034,0.0168849,1.43133375e-08,2.31353125e-09,2.31973540847666e-09,-9.46147990522792e-13,-1.48718996437129e-13,-2.91194511717196e-13,-1.39266940386485e-06
146.3607964,0.0181454,1.6631625e-08,2.335875e-09,2.31866567216567e-09,-6.19764829764815e-13,-7.49824937496596e-14,-2.61854424713778e-13,-1.25234724863111e-06
156.4739472,0.0193992,1.89850875e-08,2.34346875e-09,2.31849587881713e-09,-2.5493352930827e-13,-6.10542586604949e-14,-2.34970259148995e-13,-1.12377080462563e-06
166.5838716,0.0206526,2.13185625e-08,2.3117125e-09,2.31815580510706e-09,-1.26783520535907e-14,-3.25443831565966e-14,-2.15924818039819e-13,-1.03268391236435e-06
176.647517325,0.0219002625,2.36085125e-08,2.300875e-09,2.31847052211302e-09,2.0688553001021e-13,3.67232605555091e-14,-2.07783279697741e-13,-9.93746120293544e-07
186.7004756,0.0231466,2.59203125e-08,2.3275875e-09,2.31856957616708e-09,-7.29957660582148e-13,2.21472750163806e-14,-2.11386343933074e-13,-1.01097816663644e-06
196.93139,0.024415,2.82636875e-08,2.321875e-09,2.31701060679186e-09,-1.10216545279014e-12,-9.24342932332407e-14,-2.20404947730053e-13,-1.05411061957851e-06
206.9904986,0.0256621,3.05640625e-08,2.30304375e-09,2.3163652452615e-09,3.86429448925095e-14,-1.76727767441884e-13,-2.31805884641812e-13,-1.10863683959127e-06
216.9987914,0.0269029,3.2869775e-08,2.31179375e-09,2.31708789268164e-09,3.34472292909809e-12,-2.29170148251757e-13,-2.51250846033784e-13,-1.20163448103114e-06
227.11012735,0.028156475,3.518765e-08,2.31638125e-09,2.32305469111969e-09,4.38131800631815e-12,-2.99135179487549e-13,-2.95264610833271e-13,-1.41213509528956e-06
237.1871828,0.0294058,3.75025375e-08,2.3131875e-09,2.32585052869428e-09,-6.35568620568613e-13,-3.62401679861292e-13,-3.67219634005344e-13,-1.75626781480817e-06
247.255164,0.030654,3.9814025e-08,2.32664375e-09,2.32178355387856e-09,-3.10072196384736e-12,-4.24300725002378e-13,-4.37523205853919e-13,-2.09250228886657e-06
257.4207438,0.0319143,4.2155825e-08,2.33709375e-09,2.31964908476658e-09,-1.80512636012679e-12,-5.21714536983214e-13,-4.90983878289382e-13,-2.34818376573183e-06
267.5347012,0.0331682,4.44882125e-08,2.32030625e-09,2.3181733011583e-09,-1.39354027728974e-12,-5.88777864025484e-13,-5.33638357838745e-13,-2.55218345053313e-06
277.567192,0.034412,4.67964375e-08,2.3167e-09,2.31686200421201e-09,-7.49695945945973e-13,-5.89350502802779e-13,-5.67288168412553e-13,-2.71311732719047e-06
287.691736025,0.0356672125,4.91216125e-08,2.31639375e-09,2.31667390926641e-09,-2.00807520182368e-13,-6.06147106785068e-13,-5.94960323114727e-13,-2.84546241489652e-06
297.7249326,0.0369111,5.1429225e-08,2.31619375e-09,2.31646038917164e-09,-5.44002939627547e-13,-6.34568640819821e-13,-6.17421287555953e-13,-2.95288441874586e-06
307.8800266,0.0381701,5.3754e-08,2.32538125e-09,2.31558590338715e-09,-1.34279418216948e-12,-6.80393830355695e-13,-6.30472769267692e-13,-3.01530454867157e-06
318.0036632,0.0394252,5.60799875e-08,2.3181625e-09,2.3137748008073e-09,-1.63968717093733e-12,-7.57298398208252e-13,-6.28263555678437e-13,-3.00473874454905e-06
328.1063282,0.0406777,5.8390325e-08,2.30435e-09,2.31230652904528e-09,-1.21142177079678e-12,-7.87329534951683e-13,-6.07425926482046e-13,-2.90508051795761e-06
338.1218804,0.0419194,6.06886875e-08,2.315e-09,2.31135195726571e-09,-1.40825465075471e-12,-7.5871541300573e-13,-5.6968096186487e-13,-2.72456112196242e-06
348.3152879,0.04318315,6.3020325e-08,2.31236875e-09,2.30949001974377e-09,-1.85497718497741e-12,-6.9329985212161e-13,-5.13971321921757e-13,-2.45812371353884e-06
358.3094652,0.0444222,6.5313425e-08,2.31412499999999e-09,2.30764200289575e-09,-8.26361881361923e-13,-6.03374440158222e-13,-4.37455680617892e-13,-2.09217934208557e-06
368.435622425,0.0456776125,6.7648575e-08,2.33790625e-09,2.30783729598105e-09,5.14218146718187e-13,-5.78461455304292e-13,-3.46937571609093e-13,-1.6592666468261e-06
378.5873892,0.0469362,6.99892375e-08,2.33028125e-09,2.30867043918919e-09,5.49579018954233e-13,-5.94549037299327e-13,-2.530454659446e-13,-1.210217445822e-06
388.6126206,0.0481791,7.23091375e-08,2.32528125e-09,2.30893645401896e-09,5.04002939628031e-13,-5.4870296105573e-13,-1.57824013988379e-13,-7.54810501683552e-07
398.750776,0.049436,7.46398e-08,2.21993125e-09,2.30967844506845e-09,3.96309889434512e-13,-2.4016888303654e-13,-6.18528661927968e-14,-2.9581805570468e-07
408.8502146,0.0506881,7.6749e-08,2.2321e-09,2.30972907379782e-09,-3.84444541944603e-13,2.42486476892183e-13,3.31166065173795e-14,1.58383770300511e-07
418.943906175,0.0519394875,7.9104e-08,2.35037500000001e-09,2.30890955598456e-09,-5.51257239382304e-13,4.24011185071527e-13,1.28450609438116e-13,6.14329001660555e-07
429.054738,0.053193,8.144975e-08,2.3411875e-09,2.30862655931906e-09,2.09852141102314e-14,3.89013557496332e-13,2.23776105528693e-13,1.07023354818071e-06
439.1323984,0.0544424,8.3786375e-08,2.32924999999999e-09,2.30895152641278e-09,-1.52841567216383e-13,4.03818088031179e-13,3.15576433659254e-13,1.50927859576165e-06
449.249279725,0.0556966625,8.610825e-08,2.2979375e-09,2.30832087618463e-09,-1.87660582660331e-13,4.68948048375169e-13,4.04118154032608e-13,1.93273899754726e-06
459.327746725,0.0569461625,8.838225e-08,2.278375e-09,2.30857620524746e-09,7.799765268514e-13,6.18588976617742e-13,4.90110159528804e-13,2.34400511078993e-06
469.408936,0.058196,9.0665e-08,2.2945625e-09,2.30988082923833e-09,1.18136341698742e-12,7.9434010130655e-13,5.67896660703801e-13,2.71602750771383e-06
479.5083746,0.0594481,9.2971375e-08,2.3025e-09,2.31093893208143e-09,1.49407928220404e-12,9.22554561443035e-13,6.33848592273729e-13,3.03144978913523e-06
489.5795822,0.0606967,9.527e-08,2.3128125e-09,2.31286898780274e-09,2.02811425061471e-12,9.79124944759677e-13,6.84413319460377e-13,3.27328109307137e-06
499.6895066,0.0619501,9.7597e-08,2.3333125e-09,2.31499516058266e-09,1.65645533520584e-12,9.5665239007033e-13,7.1406521880326e-13,3.41509452471124e-06
509.8046739,0.06320415,9.9936625e-08,2.34381249999999e-09,2.31618189847315e-09,9.60277290277466e-13,8.98434413400713e-13,7.23684632537752e-13,3.4611004164849e-06
519.888686275,0.0644543375,1.02284625e-07,2.34625e-09,2.31691571516322e-09,5.57387899263373e-13,7.98253358635423e-13,7.1709157511368e-13,3.4295684027176e-06
529.98802405,0.065706425,1.04629125e-07,2.3413125e-09,2.31729667427168e-09,3.91866005616262e-13,6.36192735490889e-13,6.97450475440392e-13,3.33563270862796e-06
540.054997,0.0669545,1.0696725e-07,2.32562500000001e-09,2.31769944717445e-09,1.11630286942746e-12,5.03944232447638e-13,6.6696509081428e-13,3.18983304302482e-06
550.173794,0.068209,1.09280375e-07,2.30837499999999e-09,2.31952928001053e-09,1.83933068620585e-12,4.67503286932303e-13,6.2153493721001e-13,2.97255839535222e-06
560.253370075,0.0694586375,1.11584e-07,2.29881249999999e-09,2.32137810854686e-09,1.86033366970805e-12,4.65892377089262e-13,5.57331655120977e-13,2.6654992201438e-06
570.3775108,0.0707138,1.13878e-07,2.28850000000001e-09,2.32324994734995e-09,-3.01352009477622e-13,4.81684820842678e-13,4.77219054651866e-13,2.28235200050892e-06
580.4624306,0.0719641,1.16161e-07,2.3040625e-09,2.3207754045279e-09,-2.64691119691057e-12,4.9578705038791e-13,3.97905903949609e-13,1.90302823628074e-06
590.5626758,0.0732163,1.18486125e-07,2.321e-09,2.31795612495613e-09,-5.31145138644394e-13,4.48378409024755e-13,3.34524683432132e-13,1.59990065989281e-06
600.683086,0.074471,1.20803e-07,2.32656250000001e-09,2.31971311425062e-09,1.73591391716364e-12,3.60816894519181e-13,2.74381302477846e-13,1.31225840315492e-06
610.741388,0.075718,1.2313925e-07,2.3325e-09,2.32142795279045e-09,1.66771016146048e-12,2.56439437917141e-13,2.05363142883205e-13,9.82171552919676e-07
620.840120825,0.0769700125,1.25468e-07,2.34987499999999e-09,2.32304853457354e-09,7.49416461917038e-13,1.03660900011694e-13,1.30042358910839e-13,6.219417165301e-07
630.9491378,0.0782233,1.27839e-07,2.33474999999999e-09,2.32292678571429e-09,-9.90465952966367e-13,-6.56932803790537e-14,5.42733071893431e-14,2.59567990905554e-07
641.0163124,0.0794714,1.301375e-07,2.31306250000002e-09,2.3210676026676e-09,-1.63988241488275e-12,-1.70298393511106e-13,-1.21374564586185e-14,-5.80487048020885e-08
651.1141378,0.0807233,1.32465125e-07,2.31925000000002e-09,2.31964702088452e-09,-1.4961872586875e-12,-2.4096426135128e-13,-6.45849537564198e-14,-3.08884561443747e-07
661.210047525,0.0819749625,1.34776e-07,2.30968749999999e-09,2.31807522815023e-09,-1.35678088803072e-12,-2.79251012760549e-13,-1.0256643323672e-13,-4.90535115479965e-07
671.315938925,0.0832278625,1.370845e-07,2.29668749999999e-09,2.31693345910846e-09,-5.67793524043362e-13,-2.45316769100409e-13,-1.26905006510804e-13,-6.06936987660367e-07
681.4180998,0.0844803,1.39369375e-07,2.29925000000001e-09,2.31693964110214e-09,1.61365830115768e-13,-1.96662972595477e-13,-1.42588636774481e-13,-6.81945654138822e-07
691.5175384,0.0857324,1.41683e-07,2.317625e-09,2.31725619076869e-09,5.83608283608258e-13,-1.78001958561088e-13,-1.52282565094769e-13,-7.2830792001846e-07
701.609213475,0.0869835375,1.44004625e-07,2.32518749999998e-09,2.31810685766936e-09,1.24745305370348e-12,-1.91045232382823e-13,-1.57737152649573e-13,-7.54395077889262e-07
711.69846875,0.088234375,1.46333375e-07,2.32987500000001e-09,2.3197510968761e-09,1.41506010881013e-12,-2.2306481934815e-13,-1.64498776996292e-13,-7.86733281286614e-07
721.793571875,0.0894859375,1.48664375e-07,2.32781250000001e-09,2.32093697788698e-09,5.71551421551042e-13,-2.19027433113742e-13,-1.73288597284896e-13,-8.28771552232111e-07
731.8677034,0.0907349,1.50989e-07,2.3293125e-09,2.3208941997192e-09,-2.00991575991574e-13,-1.6350603666087e-13,-1.77808899243771e-13,-8.503903876876e-07
741.9840806,0.0919891,1.53323e-07,2.3321875e-09,2.320534994735e-09,-8.41255703756038e-13,-9.78807115636172e-14,-1.75343768253126e-13,-8.3860063077582e-07
752.0641608,0.0932388,1.55653375e-07,2.31850000000001e-09,2.31921168831169e-09,-1.25093234468271e-12,-1.04883159695638e-13,-1.64741867581262e-13,-7.87895888432123e-07
762.164406,0.094491,1.5796e-07,2.31199999999999e-09,2.31803313004563e-09,-1.08311688311687e-12,-1.90938153990778e-13,-1.45077432756986e-13,-6.93848591446455e-07
772.268583375,0.0957436875,1.60277375e-07,2.314375e-09,2.31704545454546e-09,-8.64015882765013e-13,-1.95796589536949e-13,-1.18433799138952e-13,-5.66422517621075e-07
782.3640898,0.0969953,1.6258875e-07,2.31231250000001e-09,2.3163050982801e-09,-2.67264829765151e-13,-9.18601013502985e-14,-8.60650240271487e-14,-4.11615332303755e-07
792.4740142,0.0982487,1.64902e-07,2.30481249999999e-09,2.31651092488592e-09,5.81190768689161e-13,4.09468733433065e-14,-5.05306518392734e-14,-2.41668334883481e-07
802.5315096,0.0994956,1.67198375e-07,2.31e-09,2.31746747981748e-09,9.65799403298534e-13,1.38610273308444e-13,-1.67032868288257e-14,-7.98852848335142e-08
812.6136063,0.10074555,1.69522e-07,2.32181250000001e-09,2.31844252369252e-09,5.85132941383238e-13,1.44434731121311e-13,1.24203984764095e-14,5.94019057567411e-08
822.6832007,0.10199395,1.71842e-07,2.319125e-09,2.31863774570025e-09,4.79997367498716e-13,1.21292404020981e-13,3.83000131720821e-14,1.83173976040393e-07
832.8362782,0.1032527,1.7416025e-07,2.325375e-09,2.31940251842752e-09,4.10365479116322e-13,8.46217563113577e-14,6.14177260272792e-14,2.93736950565248e-07
842.9300706,0.1045041,1.7649275e-07,2.323375e-09,2.31945847665848e-09,-3.38401632150937e-13,2.09793929282892e-14,7.9550873419017e-14,3.80460698960516e-07
852.9504624,0.1057464,1.78807e-07,2.318125e-09,2.31872571516322e-09,-7.68054580553988e-13,2.47000172849573e-15,9.27488720042694e-14,4.43581561759549e-07
863.0321558,0.1069963,1.81129e-07,2.32750000000001e-09,2.31792236749737e-09,-6.4315110565167e-13,1.27623353400171e-14,1.03855535265714e-13,4.96700386053415e-07
873.1622452,0.1082522,1.83462e-07,2.32699999999999e-09,2.31743941295191e-09,-2.40551509302243e-13,1.52963059277271e-14,1.13934622308352e-13,5.4490471538777e-07
883.2681366,0.1095051,1.85783e-07,2.31068749999999e-09,2.31744126447877e-09,1.49714812214405e-13,6.75426676717738e-14,1.2164803486815e-13,5.81794949369413e-07
893.321901475,0.1107515375,1.88083375e-07,2.30737499999999e-09,2.31773884257634e-09,3.19230431730519e-13,1.53311448839383e-13,1.25889800716773e-13,6.02081655601958e-07
903.4476554,0.1120069,1.9039775e-07,2.31681250000002e-09,2.31807972534223e-09,3.8204852579849e-13,1.87970664951718e-13,1.27756579420627e-13,6.11009727663868e-07
913.5527402,0.1132597,1.92717e-07,2.309125e-09,2.31850293962794e-09,9.14623552123711e-13,2.00434492603779e-13,1.29924633340102e-13,6.21378681191792e-07
923.655506025,0.1145122125,1.95016e-07,2.31199999999999e-09,2.31990897244647e-09,9.74502018252489e-13,2.13632421196587e-13,1.31971253423159e-13,6.31166864197717e-07
933.728226,0.115761,1.97341e-07,2.31650000000002e-09,2.32045194366445e-09,2.42113460863383e-13,2.14288879479797e-13,1.30443752237723e-13,6.23861423745632e-07
943.8099194,0.1170109,1.99649e-07,2.32799999999999e-09,2.3203931993682e-09,5.14522639518347e-14,1.99477008244999e-13,1.22046078701198e-13,5.83698637266599e-07
953.9287164,0.1182654,2.01997e-07,2.33212499999999e-09,2.32055484819235e-09,-5.53308178307606e-14,1.49129153529857e-13,1.08051678652884e-13,5.16768897905097e-07
963.9821788,0.1195118,2.0431325e-07,2.32100000000002e-09,2.32028253773254e-09,-3.65154440154128e-13,1.03746906262722e-13,9.27775939653777e-14,4.43718927660502e-07
974.1138814,0.1207679,2.06639e-07,2.32887500000002e-09,2.31982453931204e-09,-1.66567216567672e-13,7.86359934165081e-14,7.95059447275669e-14,3.80245822610103e-07
984.284199975,0.1220287875,2.08971e-07,2.322e-09,2.3199494032994e-09,2.4652729027721e-13,5.38177295769995e-14,6.71410544839182e-14,3.21109391010044e-07
994.338065675,0.1232752375,2.11283e-07,2.320875e-09,2.32031759389259e-09,-4.79049666543735e-14,9.21002421377245e-15,5.20325560881902e-14,2.48851355204388e-07
1004.469566625,0.1245313125,2.1361275e-07,2.31275e-09,2.31985359336609e-09,-4.58538083535355e-14,-5.60729313187395e-14,3.63009957726014e-14,1.73613458042876e-07
1014.5689044,0.1257834,2.159085e-07,2.317625e-09,2.32022588627589e-09,3.34016321516915e-13,-6.68399687266505e-14,2.11091957469202e-14,1.00957023137444e-07
1024.632550125,0.1270310625,2.18248e-07,2.31837499999998e-09,2.32052162600913e-09,-2.2647420147398e-13,-3.06364293029529e-15,4.01509472796128e-15,1.92026269598148e-08
1034.740458025,0.1282842125,2.2054525e-07,2.31600000000001e-09,2.31977293787294e-09,-3.56750175500827e-13,3.13841619992639e-14,-1.18711473255129e-14,-5.6775052426366e-08
1044.8381826,0.1295361,2.2288e-07,2.323875e-09,2.31980812565813e-09,2.98999648998915e-13,2.04231305226854e-14,-2.50472869158602e-14,-1.19791372206288e-07
1054.948107,0.1307895,2.25193e-07,2.3215e-09,2.32037093717094e-09,8.85946823438198e-14,2.14456394207926e-15,-3.91840744717719e-14,-1.87402095299779e-07
1065.051679425,0.1320421125,2.27523e-07,2.32218750000002e-09,2.31998531502281e-09,-1.73492892243057e-13,-2.56017938903411e-14,-5.33760622826021e-14,-2.55276819612445e-07
1075.1187532,0.1332902,2.29837375e-07,2.32262499999999e-09,2.32002395138645e-09,5.00252281502295e-13,-5.84760569467131e-14,-6.5993265380329e-14,-3.15619964862443e-07
1085.218897575,0.1345423875,2.3216825e-07,2.3263125e-09,2.32098581958582e-09,4.33487627237173e-13,-1.07604231642605e-13,-7.98080504702395e-14,-3.81690676162015e-07
1095.330536,0.135796,2.3449e-07,2.30931249999999e-09,2.32089092664093e-09,-3.65970515971389e-13,-1.30815080504079e-13,-9.43889911841403e-14,-4.51425610011106e-07
1105.3944842,0.1370437,2.36786875e-07,2.3158125e-09,2.32025387855388e-09,-9.8643383643373e-13,-1.42893192773903e-13,-1.06359300284029e-13,-5.08674914401878e-07
1115.52033895,0.138299075,2.39121625e-07,2.3225e-09,2.31891805896806e-09,-1.10547560547472e-12,-1.76904430082817e-13,-1.11588864190938e-13,-5.3368587221753e-07
1125.573498875,0.1395454375,2.41431875e-07,2.31868750000001e-09,2.31804292734293e-09,-5.98236223236421e-13,-1.77224347221391e-13,-1.07827531331795e-13,-5.1569688897815e-07
1135.7000594,0.1408009,2.43759e-07,2.32606250000001e-09,2.31772158652159e-09,-4.45173745173883e-13,-1.5122866631827e-13,-9.76546827655133e-14,-4.67044134965498e-07
1145.792742725,0.1420521625,2.46084e-07,2.32099999999999e-09,2.31715257985258e-09,-1.18030449279333e-13,-1.31153503239795e-13,-8.27096620807246e-14,-3.95567949081726e-07
1155.87736005,0.143302425,2.48401e-07,2.30762500000001e-09,2.31748552562303e-09,5.33419620920632e-13,-7.43788023755198e-14,-6.52612586623699e-14,-3.12119063167856e-07
1165.980327525,0.1445549625,2.5069925e-07,2.3095625e-09,2.31821941909442e-09,1.05933002807979e-12,1.38225311916932e-14,-4.83416444619806e-14,-2.31199169165994e-07
1176.0534508,0.1458038,2.53020125e-07,2.32599999999999e-09,2.31960418567919e-09,2.01515005264887e-12,3.98833432037506e-14,-3.61998791304252e-14,-1.73129856710729e-07
1186.1706346,0.1470581,2.5535125e-07,2.31375e-09,2.32224971919972e-09,1.24252149877077e-12,1.90691811651275e-14,-3.78465066614164e-14,-1.81005031858948e-07
1196.2587808,0.1483088,2.57647625e-07,2.31337499999999e-09,2.32208922867673e-09,-1.26957704457707e-12,1.04173882667754e-14,-4.97348213087894e-14,-2.37862188868123e-07
1206.3275686,0.1495571,2.59978e-07,2.33418749999999e-09,2.31971056511056e-09,-1.61756098631044e-12,-4.58132047648393e-14,-5.67976242838037e-14,-2.71640811792105e-07
1216.4560448,0.1508128,2.62316e-07,2.33e-09,2.31885410670411e-09,-1.0350035100035e-12,-1.28082644874333e-13,-5.67601278026617e-14,-2.71461480795339e-07
1226.5425778,0.1520633,2.64638e-07,2.32125000000002e-09,2.31764055809056e-09,-8.6848016848084e-13,-1.42836617529348e-13,-5.05698109784609e-14,-2.41855617723074e-07
1236.6573418,0.1533173,2.669585e-07,2.32831250000002e-09,2.31711714636715e-09,-4.59843366092314e-13,-1.16885027272343e-13,-3.65120668685623e-14,-1.7462292850182e-07
1246.757587,0.1545695,2.69294625e-07,2.31224999999998e-09,2.31672087135837e-09,-1.85876623375768e-13,-6.08651727446559e-14,-1.65750585347916e-14,-7.92720190794381e-08
1256.811150225,0.1558159125,2.71583e-07,2.2931875e-09,2.31674539312039e-09,4.02753159002725e-13,5.2952251755511e-14,6.75532827810993e-15,3.23080917648736e-08
1266.9096814,0.1570679,2.73881e-07,2.30200000000002e-09,2.31752637767638e-09,6.94614338363568e-13,1.77346512499363e-13,2.89052679451835e-14,1.38242585824791e-07
1277.0042804,0.1583194,2.76187e-07,2.31150000000001e-09,2.31813462179712e-09,1.03340207090208e-12,2.57412712687015e-13,4.68214179317802e-14,2.23928520543297e-07
1287.099686,0.159571,2.78504e-07,2.33149999999998e-09,2.31959318181818e-09,1.34044182169264e-12,2.39435916779291e-13,5.75774562199216e-14,2.75370442790929e-07
1297.2071906,0.1608241,2.8085e-07,2.33737499999999e-09,2.32081550544051e-09,7.06278518779324e-13,1.33939851426744e-13,5.94307092592228e-14,2.84233826891935e-07
1307.3058226,0.1620761,2.8317875e-07,2.33650000000002e-09,2.32100573885574e-09,9.70033345035035e-14,1.20857736934153e-14,5.64518753580898e-14,2.69987229973473e-07
1317.3980018,0.1633273,2.85523e-07,2.33793749999999e-09,2.32100951210951e-09,-1.53119515620287e-13,-1.13407760335602e-13,5.23567903182947e-14,2.50402040652714e-07
1327.50853115,0.164580775,2.87854625e-07,2.330125e-09,2.3206994998245e-09,-1.06578185328151e-12,-2.03223381816226e-13,4.91916066346929e-14,2.35264205644183e-07
1337.5799404,0.1658294,2.9018325e-07,2.3161875e-09,2.31887794840295e-09,-1.77022420147288e-12,-2.43596821580156e-13,5.26990862405563e-14,2.52039108107008e-07
1347.70861825,0.167085125,2.92487e-07,2.29637499999999e-09,2.31715905142155e-09,-9.50699806949174e-13,-2.11656862259973e-13,6.74572148173872e-14,3.22621462170113e-07
1357.753510525,0.1683304625,2.94776e-07,2.24431250000003e-09,2.31697654878905e-09,4.28571428561811e-14,3.58367175689948e-14,8.93277390904255e-14,4.27219621736818e-07
1367.87261,0.169585,2.96975625e-07,2.30062500000001e-09,2.31724476570727e-09,2.74982449981274e-13,3.18878838781446e-13,1.11974937869416e-13,5.35532311549381e-07
1377.9922136,0.1708396,2.9937725e-07,2.35618749999999e-09,2.31752651368901e-09,1.07079896454867e-12,3.77607871315305e-13,1.32180785997141e-13,6.32168976508066e-07
1388.07370535,0.172089475,3.01688e-07,2.32462500000001e-09,2.31938636363636e-09,1.91171683046729e-12,3.69309291000255e-13,1.42927917221063e-13,6.8356829975291e-07
1398.168506,0.173341,3.040265e-07,2.34600000000001e-09,2.32134994734995e-09,1.46773429273466e-12,3.28380579984619e-13,1.38771311603733e-13,6.63688881583071e-07
1408.303334175,0.1745974875,3.0638e-07,2.33474999999999e-09,2.32232183222183e-09,6.41880923131506e-13,2.0841951573644e-13,1.22999351597873e-13,5.88257768511566e-07
1418.335220025,0.1758412125,3.08696e-07,2.33799999999998e-09,2.32263370919621e-09,-3.19734994735423e-13,7.97668618153478e-14,1.00804058720104e-13,4.82106367791802e-07
1428.4418172,0.1770942,3.11056e-07,2.334e-09,2.32168236223236e-09,-1.18627369252475e-12,-4.24785734552141e-14,7.89199086563334e-14,3.77443041399855e-07
1438.518166875,0.1783434375,3.13364e-07,2.32387500000001e-09,2.32026116181116e-09,-1.79673789048853e-12,-1.14682864591637e-13,6.38653669616685e-14,3.05443059381893e-07
1448.601171,0.1795935,3.1570375e-07,2.30918750000002e-09,2.31808888645139e-09,-2.08367190242139e-12,-1.10083463916495e-13,5.94473498100155e-14,2.84313412134857e-07
1458.70766735,0.180846475,3.17982375e-07,2.28768750000001e-09,2.31609381800632e-09,-1.01064189189042e-12,-1.82729810982687e-14,6.65172904430927e-14,3.18126171684356e-07
1468.8282792,0.1821012,3.20279125e-07,2.29131249999997e-09,2.3160676026676e-09,5.96536065285741e-13,1.15416972462318e-13,7.76518718036427e-14,3.71378517321769e-07
1478.9281211,0.18335335,3.22565e-07,2.30643749999999e-09,2.31728689013689e-09,1.57868989118942e-12,2.1164189192271e-13,8.27969050717938e-14,3.95985198169449e-07
1489.0287696,0.1846056,3.24892e-07,2.31762500000002e-09,2.31922498244998e-09,2.19855651105687e-12,2.67076086841329e-13,7.62826839443718e-14,3.64830227560039e-07
1499.1193356,0.1858566,3.2720025e-07,2.32200000000001e-09,2.32168400315901e-09,2.19555984555951e-12,2.78490612095688e-13,5.34692448461878e-14,2.55722475351333e-07
1509.1945762,0.1871057,3.29536e-07,2.347375e-09,2.3236161021411e-09,2.31662644787545e-12,1.86511928313773e-13,1.36340514618276e-14,6.52063330783059e-08
1519.2948214,0.1883579,3.31895e-07,2.35281249999998e-09,2.32631725605476e-09,1.87576781326737e-12,-3.74343645358861e-15,-4.26723716884983e-14,-2.04085255901514e-07
1529.447798075,0.1896166375,3.34241625e-07,2.34049999999999e-09,2.32736763776764e-09,-1.84446735696699e-12,-1.98580552239673e-13,-1.11101277302956e-13,-5.31353934927181e-07
1539.4941019,0.19086215,3.36576e-07,2.32037500000002e-09,2.32262832134082e-09,-3.85277729027659e-12,-3.36319131299381e-13,-1.69527865816169e-13,-8.10785445207765e-07
1549.5600666,0.1921101,3.38882375e-07,2.31700000000001e-09,2.31966208318708e-09,-1.99144656019668e-12,-4.1686440107381e-13,-2.04802219367968e-13,-9.79488875238108e-07
1559.7232266,0.1933701,3.4121e-07,2.29831249999998e-09,2.31864542822043e-09,-1.69417778167844e-12,-3.92906228235767e-13,-2.24631290165697e-13,-1.07432356166203e-06
1569.7613636,0.1946146,3.43479e-07,2.28749999999999e-09,2.31627372762373e-09,-1.10132283257207e-12,-2.60837721659051e-13,-2.29981405590231e-13,-1.09991107021415e-06
1579.8664484,0.1958674,3.45785e-07,2.29600000000001e-09,2.31644278255528e-09,5.80335205336167e-13,-1.08574607163561e-13,-2.24901951218638e-13,-1.0756180275674e-06
1589.946629425,0.1971171125,3.48071e-07,2.31700000000001e-09,2.3174343980344e-09,1.27173789048681e-12,2.73612843287385e-15,-2.20005164612092e-13,-1.05219861336218e-06
1600.077928725,0.1983731625,3.50419e-07,2.333e-09,2.31898625833626e-09,1.70828360828278e-12,1.56189835441459e-14,-2.20550852389306e-13,-1.05480842447059e-06
1610.1857358,0.1996263,3.52737e-07,2.32318750000001e-09,2.32085096525097e-09,1.58619471744513e-12,-4.90184596739649e-14,-2.29571397439764e-13,-1.09795016166844e-06
1620.2642028,0.2008758,3.55065375e-07,2.34793750000003e-09,2.32215864777115e-09,4.79161547912142e-13,-1.84049465731717e-13,-2.45479466444651e-13,-1.17403223082224e-06
1630.3676744,0.2021284,3.57432875e-07,2.35881249999998e-09,2.32180928834679e-09,-1.11227404352269e-12,-3.9775237282528e-13,-2.61417636559153e-13,-1.25025826180464e-06
1640.4840516,0.2033826,3.59783e-07,2.34118749999997e-09,2.3199340996841e-09,-1.89751009126081e-12,-5.73602718607911e-13,-2.68358973163395e-13,-1.28345595860754e-06
1650.5350942,0.2046287,3.6211525e-07,2.32487500000001e-09,2.31801426816427e-09,-1.89242058617297e-12,-6.43569522956032e-13,-2.60877732013245e-13,-1.24767610962856e-06
1660.655000275,0.2058833375,3.6443275e-07,2.3105625e-09,2.31614925851176e-09,-1.92375175500086e-12,-6.25781828949536e-13,-2.38148162890313e-13,-1.1389694746928e-06
1670.7380044,0.2071334,3.66736375e-07,2.30012499999999e-09,2.31416676465427e-09,-1.5638294138276e-12,-5.10068373149612e-13,-1.99395752930418e-13,-9.53631861841129e-07
1680.8245374,0.2083839,3.69033e-07,2.303375e-09,2.3130215996841e-09,-4.21079764830006e-13,-3.23087503007556e-13,-1.46432948595778e-13,-7.00331493284156e-07
1690.9586598,0.2096403,3.71343125e-07,2.26250000000001e-09,2.31332460512461e-09,9.24912249911193e-13,-5.06555122516761e-14,-8.73290660903619e-14,-4.17660750866948e-07
1701.014542,0.210887,3.73558e-07,2.26193750000001e-09,2.31487142418392e-09,1.93375307125293e-12,2.73990962541735e-13,-3.23235939567319e-14,-1.54591101532196e-07
1711.088976,0.212136,3.75867e-07,2.32399999999999e-09,2.31719211126711e-09,2.06158739908808e-12,3.97714280385806e-13,1.13161158599371e-14,5.41205541127427e-08
1721.171476,0.213386,3.78206e-07,2.328125e-09,2.3189945989821e-09,1.50650447525458e-12,3.30176662887261e-13,4.13216606419725e-14,1.97625333505086e-07
1731.22876975,0.214632875,3.8052325e-07,2.34600000000001e-09,2.32020512021762e-09,2.95189101438835e-13,2.43119618800506e-13,5.9119372264136e-14,2.82744823871955e-07
1741.336476,0.215886,3.82898e-07,2.36156250000001e-09,2.31958497718498e-09,-1.07641058266136e-12,8.60481849621786e-14,7.23508357224168e-14,3.46025736063733e-07
1751.5319,0.21715,3.85246375e-07,2.33649999999999e-09,2.3180522990523e-09,-1.90617979992981e-12,-5.4664585530726e-14,9.13715803805979e-14,4.36994514863729e-07
1761.6144,0.2184,3.87571e-07,2.3133125e-09,2.31577261758512e-09,-1.95296375921259e-12,-6.72433179032008e-14,1.21843598597292e-13,5.82730254160962e-07
1771.6626195,0.21964575,3.89873e-07,2.30550000000001e-09,2.31414637153387e-09,-8.69947788697865e-13,1.18028013745308e-14,1.63879144926391e-13,7.83769823561e-07
1781.731004,0.220894,3.92182e-07,2.29381249999999e-09,2.31403272200772e-09,-1.73753948754242e-13,1.66036545678429e-13,2.10784086080962e-13,1.00809780299591e-06
1791.845768,0.222148,3.94460625e-07,2.29300000000001e-09,2.31379886363636e-09,5.95478676729711e-13,3.50725146212073e-13,2.56324540314881e-13,1.225899975419e-06
1801.928268,0.223398,3.96768e-07,2.31275e-09,2.31522367936118e-09,2.02612978238033e-12,4.81132839464667e-13,2.93820414373929e-13,1.40522806874488e-06
1812.075296,0.224656,3.99086125e-07,2.32149999999997e-09,2.31785112320113e-09,2.42499341874179e-12,5.17667020387754e-13,3.13891192378658e-13,1.5012187461588e-06
1822.181994,0.225909,4.01411e-07,2.31887500000003e-09,2.32007366619867e-09,2.12239820989692e-12,4.95967218951181e-13,3.13978748979741e-13,1.5016374951205e-06
1832.21912275,0.227153375,4.03723875e-07,2.32868750000003e-09,2.32209591962092e-09,1.88021893646943e-12,4.32017499566514e-13,2.96399144395123e-13,1.41756112536798e-06
1842.30363925,0.228403625,4.06068375e-07,2.34574999999995e-09,2.3238341040716e-09,1.12080993330937e-12,2.99385183275929e-13,2.6355101508626e-13,1.2604613764995e-06
1852.413362,0.229657,4.08415375e-07,2.33681250000001e-09,2.32433753948754e-09,2.25478237977945e-13,1.30843226598777e-13,2.21802683779038e-13,1.06079544416062e-06
1862.471664,0.230904,4.10742e-07,2.33756250000003e-09,2.32428506054756e-09,-1.14776456651394e-12,-6.93896354613485e-15,1.78764141829092e-13,8.54958939182614e-07
1872.659022,0.232167,4.130905e-07,2.32612499999999e-09,2.32204201035451e-09,-2.72188706563686e-12,-7.18056924459348e-14,1.43630992629554e-13,6.86930834315258e-07
1882.73849725,0.233416625,4.1539425e-07,2.30224999999997e-09,2.31884128641629e-09,-2.41362539487567e-12,-2.99741000180174e-14,1.26404644629972e-13,6.04543952578127e-07
1892.799824,0.234664,4.17695e-07,2.29156250000001e-09,2.31721475956476e-09,-1.20680063180081e-12,9.51749865803352e-14,1.22886314800546e-13,5.87717157741742e-07
1902.858126,0.235911,4.19977375e-07,2.29550000000002e-09,2.31642768515269e-09,2.0301640926735e-13,2.45647362027237e-13,1.22559649394874e-13,5.86154844932006e-07
1912.97289,0.237165,4.22286e-07,2.31306249999999e-09,2.31762079238329e-09,1.93531721656757e-12,3.3972516881955e-13,1.19537427509532e-13,5.71700740262979e-07
1923.047324,0.238414,4.246035e-07,2.31568750000001e-09,2.32029831958582e-09,2.33483897858847e-12,3.23607959126935e-13,1.05365128276445e-13,5.03920178713433e-07
1933.145956,0.239666,4.26917375e-07,2.33631249999997e-09,2.32229047034047e-09,1.43226351351355e-12,2.08984591035288e-13,7.79449831497172e-14,3.727803541943e-07
1943.325248,0.240928,4.29276125e-07,2.34468749999999e-09,2.32316284661285e-09,4.38294138294321e-13,4.32679940657454e-14,4.40866809292697e-14,2.10849343574768e-07
1953.375484,0.242174,4.3160675e-07,2.33243750000002e-09,2.32316705861706e-09,-5.36036767286576e-13,-9.1697117497245e-14,1.00807076885322e-14,4.82120802495018e-08
1963.4761325,0.24342625,4.33941e-07,2.33112499999997e-09,2.32209077307827e-09,-1.18304010179004e-12,-2.00121240652394e-13,-1.77214674618415e-14,-8.47548443827202e-08
1973.605012,0.244682,4.36269e-07,2.32399999999999e-09,2.32080097841348e-09,-1.05779659529701e-12,-2.76544402776188e-13,-3.51915121299637e-14,-1.68307231925913e-07
1983.63205825,0.245925125,4.38589e-07,2.31700000000001e-09,2.31997517988768e-09,-8.05624780625262e-13,-2.72968375102234e-13,-4.33975541366699e-14,-2.07553519784073e-07
1993.71254175,0.247174875,4.40903e-07,2.31750000000002e-09,2.31918972885223e-09,-8.91264478764477e-13,-2.21985524839039e-13,-4.48027283115984e-14,-2.14273918011992e-07
2003.87166875,0.248434375,4.43224e-07,2.30900000000002e-09,2.31819265093015e-09,-6.63570551069644e-13,-1.40555954556477e-13,-4.01444623861117e-14,-1.91995254890099e-07
2013.94811925,0.249683625,4.45521e-07,2.29749999999997e-09,2.31786258775009e-09,2.82643032642956e-13,-1.27273609701416e-14,-3.07975915718055e-14,-1.47292829256461e-07
2024.025578,0.250933,4.47819e-07,2.30850000000001e-09,2.31875793699544e-09,1.12704018953936e-12,1.10323503372796e-13,-2.16965939233133e-14,-1.03766318763672e-07
2034.140342,0.252187,4.50138e-07,2.31943750000001e-09,2.32011666812917e-09,1.56323490698621e-12,1.90337440975718e-13,-1.83801684801236e-14,-8.79051536005911e-08
2044.2167925,0.25343625,4.52457875e-07,2.32012499999999e-09,2.32188440680941e-09,1.61845164970292e-12,2.14803290267825e-13,-2.36895298396336e-14,-1.13297751406943e-07
2054.28921,0.254685,4.5477825e-07,2.3268125e-09,2.32335357142857e-09,7.64619164617902e-13,1.32335906411776e-13,-3.67126286270161e-14,-1.75582136911816e-07
2064.3777595,0.25593575,4.571115e-07,2.34937500000003e-09,2.32341364513865e-09,-5.5790628290721e-13,-2.14182645664879e-14,-5.14768868688798e-14,-2.46193806764208e-07
2074.551002,0.257197,4.59477e-07,2.3421875e-09,2.32223775886276e-09,-1.57141540891448e-12,-1.4811761031246e-13,-6.04607808554165e-14,-2.89160256265035e-07
2084.6314855,0.25844675,4.61795875e-07,2.32124999999997e-09,2.32027081432082e-09,-1.71557783432662e-12,-1.97292753327408e-13,-5.80599568130813e-14,-2.77678054323432e-07
2094.70289475,0.259695375,4.641195e-07,2.31006250000001e-09,2.31880660319411e-09,-1.03283388908347e-12,-1.48403455530101e-13,-4.42088228650449e-14,-2.1143350065891e-07
2104.790436,0.260946,4.66416e-07,2.30575000000001e-09,2.31820514654265e-09,-1.73170410671049e-13,-5.25529913202302e-14,-2.47486704887005e-14,-1.18363206685089e-07
2114.889068,0.262198,4.68731e-07,2.30649999999998e-09,2.31846026237276e-09,4.26915145663587e-13,1.52713219467812e-14,-6.28854131200176e-15,-3.00756323617475e-08
2124.939304,0.263444,4.71029e-07,2.31362499999999e-09,2.31905897683398e-09,4.61471130219832e-13,5.2124284554944e-14,7.93447623528344e-15,3.79474950383121e-08
2135.118596,0.264706,4.7335825e-07,2.3209375e-09,2.3193832046332e-09,4.39783696032508e-13,5.53775263493916e-14,1.88805301931334e-14,9.02981878802032e-08
2145.205129,0.2659565,4.75670875e-07,2.31737500000002e-09,2.31993854422604e-09,5.79975429974691e-13,4.20938017945436e-14,2.55876242498836e-14,1.22375594238574e-07
2155.26645575,0.267203875,4.77993e-07,2.32100000000001e-09,2.32054315549315e-09,6.0756625131651e-13,4.80111562731984e-14,2.68446277285383e-14,1.28387350006053e-07
2165.349964,0.268454,4.80312875e-07,2.32899999999997e-09,2.32115367672867e-09,6.50895050895543e-13,4.87814968606318e-14,2.41639850846945e-14,1.15566885187669e-07
2175.43750525,0.269704625,4.82651e-07,2.33406250000001e-09,2.32184494559494e-09,3.98003685504566e-13,1.31566005807015e-14,1.71563864421353e-14,8.20522829841254e-08
2185.514964,0.270954,4.84981e-07,2.33250000000001e-09,2.32194968409968e-09,-3.5627851877901e-13,-5.14851151026639e-14,7.02759219011168e-15,3.36102235179254e-08
2195.67711575,0.272213875,4.87316e-07,2.32818749999999e-09,2.32113238855739e-09,-7.06423306423371e-13,-1.07908460950462e-13,-5.37330474292609e-16,-2.56984139879074e-09
2205.7626405,0.27346425,4.89637375e-07,2.31437500000001e-09,2.32053683748684e-09,-5.38482800981756e-13,-1.17660431431201e-13,-2.72936189159598e-15,-1.30534699163286e-08
2215.843124,0.274714,4.9194475e-07,2.30781249999998e-09,2.32005542295542e-09,-8.95928395928184e-13,-6.41911573290743e-14,3.32253239917683e-16,1.58903723438892e-09
2225.925624,0.275964,4.94253e-07,2.30274999999998e-09,2.31874498069498e-09,-7.12892681642144e-13,3.48940022678322e-14,9.24187204324371e-15,4.42002575981221e-08
2236.000058,0.277213,4.9655025e-07,2.30606250000004e-09,2.31862963759214e-09,5.15601965603397e-13,1.24226841954285e-13,1.97265689456825e-14,9.43444601750033e-08
2246.082558,0.278463,4.98865125e-07,2.31537499999999e-09,2.31977618462619e-09,7.41167953668882e-13,1.6212002132993e-13,2.51626769425506e-14,1.20343237551329e-07
2256.156992,0.279712,5.01181e-07,2.33124999999998e-09,2.32011197349948e-09,3.13241488239505e-13,1.35299561982722e-13,2.51598263909265e-14,1.20329604478344e-07
2266.34435,0.280975,5.03527625e-07,2.33625000000001e-09,2.32040266760267e-09,8.38737276227771e-14,7.46965747345364e-14,2.21754741688467e-14,1.06056615590136e-07
2276.434916,0.282226,5.058535e-07,2.31868749999999e-09,2.32027972095472e-09,-8.08836433621463e-15,4.10831326902032e-14,1.86927648937158e-14,8.94001799264669e-08
2286.4871685,0.28347225,5.08165e-07,2.32024999999999e-09,2.32038649087399e-09,3.35692348192932e-13,4.34892983088996e-14,1.60858683962261e-14,7.69324140689074e-08
2296.55152,0.28472,5.10494e-07,2.32700000000002e-09,2.32095110565111e-09,4.7280844155637e-13,3.11430534643059e-14,1.20416755690827e-14,5.75906222869173e-08
2306.67435,0.285975,5.12819e-07,2.32831250000002e-09,2.32133210775711e-09,4.22334591083517e-13,-2.49508476305636e-14,4.93475724877314e-15,2.3601012928915e-08
2316.74374275,0.287223375,5.15150625e-07,2.32700000000002e-09,2.32179577483327e-09,-1.04729729713987e-14,-8.43417896409959e-14,-5.30817692211789e-15,-2.53869331057812e-08
2326.87968,0.28848,5.17473e-07,2.3220625e-09,2.32131116181116e-09,-7.59362934362165e-13,-1.26263411225756e-13,-1.62621030002196e-14,-7.77752752184416e-08
2336.99141925,0.289733625,5.1979475e-07,2.31449999999999e-09,2.32027704896455e-09,-8.94717444719063e-13,-1.44545805361014e-13,-2.34793845512594e-14,-1.12292708723415e-07
2347.0708945,0.29098325,5.22102e-07,2.310125e-09,2.31952172692173e-09,-5.96391277642107e-13,-9.65121471500479e-14,-2.57034034971253e-14,-1.22929321073208e-07
2357.14835325,0.292232625,5.24415e-07,2.31062500000002e-09,2.31908426640927e-09,-1.50359775337948e-14,-1.00293551610128e-14,-2.40019292319914e-14,-1.1479183545735e-07
2367.20463875,0.293479375,5.2672325e-07,2.31350000000002e-09,2.31949165496666e-09,7.74278255531125e-13,3.80332257743703e-14,-2.03986447287514e-14,-9.75587356592458e-08
2377.29218,0.29473,5.29042e-07,2.3123125e-09,2.32063282292033e-09,9.56511056511401e-13,6.12854297522359e-14,-1.98741828364627e-14,-9.50504396526477e-08
2387.350482,0.295977,5.31347875e-07,2.31712499999998e-09,2.32140467707968e-09,4.922406984888e-13,7.98730483535284e-14,-2.65928788961703e-14,-1.27183333851249e-07
2397.53078225,0.297239125,5.3367625e-07,2.33899999999998e-09,2.32161730431731e-09,6.67778167590417e-15,4.323906271692e-14,-3.79962484975754e-14,-1.81721188466665e-07
2407.6465545,0.29849325,5.36025875e-07,2.321375e-09,2.32141803264303e-09,-3.07548701299159e-13,-2.12737481182248e-14,-4.89309780387275e-14,-2.34017721054784e-07
2417.694774,0.299739,5.38319e-07,2.31956249999999e-09,2.32100220691471e-09,-4.87956300455469e-13,-4.78053324209042e-14,-5.68340542504143e-14,-2.71815042067199e-07
2427.777274,0.300989,5.40665e-07,2.3415e-09,2.32044212004212e-09,-3.98262548261629e-13,-8.70372553484037e-14,-6.06890818886974e-14,-2.90252130772031e-07
2437.87288125,0.302240625,5.43002e-07,2.32937500000006e-09,2.32020568181818e-09,-3.13989557740402e-13,-1.45503523494119e-13,-6.14276977759035e-14,-2.9378464153693e-07
2447.94933175,0.303489875,5.4532375e-07,2.32906249999998e-09,2.31981414092664e-09,-8.14715689718016e-13,-1.77053565191654e-13,-5.98793862458907e-14,-2.86379673349912e-07
2458.13064025,0.304752125,5.47660125e-07,2.31637499999996e-09,2.31857625043875e-09,-1.26731089856149e-12,-1.76862088586359e-13,-5.2635593054892e-14,-2.51735445045136e-07
2468.17684325,0.305997625,5.499565e-07,2.29843750000001e-09,2.31727951912952e-09,-5.40090821340167e-13,-1.17393555663065e-13,-3.57876736766895e-14,-1.71158439323298e-07
2478.270434,0.307249,5.52257e-07,2.30075000000004e-09,2.31749606879607e-09,6.74664355914738e-13,-1.06063186101051e-14,-1.25593126743102e-14,-6.00662780075705e-08
2488.33982675,0.308497375,5.54558e-07,2.2995e-09,2.31862884784135e-09,1.13324412074594e-12,1.02218339620295e-13,9.0956391416163e-15,4.35008828512084e-08
2498.44047525,0.309749625,5.56856e-07,2.31399999999998e-09,2.31976255703756e-09,1.37876667251787e-12,1.65185556477147e-13,2.48169552510217e-14,1.18689785983147e-07
2508.49474425,0.310996125,5.59186e-07,2.33100000000002e-09,2.32138638118638e-09,1.42062127061937e-12,1.47860105077112e-13,3.19024809315713e-14,1.52577082716211e-07
2518.6427805,0.31225425,5.61518e-07,2.33812500000003e-09,2.3226037995788e-09,3.39663039661231e-13,8.41070367499699e-14,2.92982722855538e-14,1.40122171800475e-07
2528.715198,0.313503,5.6386225e-07,2.34512500000002e-09,2.32206570726571e-09,-7.2188487188316e-13,-2.08405566739371e-14,2.40817597871839e-14,1.15173633764793e-07
2538.81685475,0.314755375,5.6620825e-07,2.33287499999994e-09,2.32116002983503e-09,-7.91580379078017e-13,-1.55772381570129e-13,2.33816736827643e-14,1.1182539587409e-07
2548.87112375,0.316001875,5.68528e-07,2.31537499999994e-09,2.32048254650755e-09,-9.55227711477051e-13,-2.09560017086634e-13,2.64937622579106e-14,1.26709297755225e-07
2558.970764,0.317254,5.70839e-07,2.30800000000002e-09,2.31924957441208e-09,-1.13817128817186e-12,-1.23460289650789e-13,3.29695654833021e-14,1.57680530572314e-07
2569.045198,0.318503,5.73144e-07,2.30850000000004e-09,2.31820620393121e-09,-6.50263250265506e-13,3.20341613048856e-15,4.3977572865786e-14,2.10327522401585e-07
2579.151896,0.319756,5.75456e-07,2.30499999999999e-09,2.31794904791155e-09,-1.41834854336355e-13,1.09996555601237e-13,5.73403994235592e-14,2.74236692895283e-07
2589.258594,0.321009,5.77754e-07,2.30450000000003e-09,2.31792253422253e-09,2.00072393821982e-13,2.01470891826782e-13,6.92365538579814e-14,3.31131344538172e-07
2599.34916,0.32226,5.80065e-07,2.311e-09,2.31834919269919e-09,1.10045630045654e-12,2.55498606532386e-13,7.61809262659689e-14,3.6434356040246e-07
2609.43670125,0.323510625,5.82376e-07,2.31893749999994e-09,2.32012344682345e-09,1.67341611091811e-12,2.77196490033583e-13,7.30108794821727e-14,3.49182467088652e-07
2619.52726725,0.324761625,5.84702875e-07,2.33343750000002e-09,2.32169602492103e-09,1.28794971920038e-12,2.71908515898153e-13,5.71319352608294e-14,2.7323969037788e-07
2629.59666,0.32601,5.87042875e-07,2.34306250000005e-09,2.32269934626185e-09,7.28663566161823e-13,1.85021597486354e-13,2.99758788858196e-14,1.43362899019137e-07
2639.654962,0.327257,5.89389e-07,2.35381249999998e-09,2.32315335205335e-09,-2.23146279396609e-13,-2.02404216909478e-15,-6.3997719064912e-15,-3.06076047701753e-08
2649.86147675,0.328522375,5.917505e-07,2.33250000000001e-09,2.32225305370305e-09,-1.3184319059302e-12,-1.82074099451486e-13,-4.44292302556702e-14,-2.12487622961901e-07
2659.876424,0.329764,5.94054e-07,2.31512499999998e-09,2.32051648824149e-09,-1.83339768339635e-12,-2.65512753115674e-13,-7.65493979966804e-14,-3.66105816505863e-07
2669.97001475,0.331015375,5.9638075e-07,2.31387499999995e-09,2.31858625833626e-09,-1.49410758160851e-12,-2.77396427638298e-13,-1.02366997591762e-13,-4.89581292830166e-07
2680.073688,0.332268,5.9868175e-07,2.29400000000001e-09,2.31752827307827e-09,-7.57441207442443e-13,-2.1308575601396e-13,-1.23364967489316e-13,-5.9000636625325e-07
2690.140056,0.333516,6.0096875e-07,2.28712500000006e-09,2.31707137592138e-09,-1.21628202877553e-13,-7.98013818807129e-14,-1.42702952850838e-13,-6.8249238319966e-07
2700.2326385,0.33476725,6.03256e-07,2.31662500000002e-09,2.31728501667252e-09,1.10164970165088e-12,-1.22744131280474e-14,-1.66867648555187e-13,-7.98062667003068e-07
2710.3796665,0.33602525,6.05602e-07,2.32337499999994e-09,2.31927467532468e-09,2.87147902772921e-12,-4.9176021902245e-14,-2.02239034032215e-13,-9.67230162762767e-07
2720.46015,0.337275,6.0790275e-07,2.31937499999999e-09,2.32302797472798e-09,2.64464724464498e-12,-1.01057117360727e-13,-2.54256841285375e-13,-1.21601098006049e-06
2730.52752625,0.338523125,6.1024075e-07,2.33062499999999e-09,2.32456396981397e-09,1.75686644434647e-13,-1.7250396754204e-13,-3.18611110403503e-13,-1.52379226714719e-06
2740.600952,0.339772,6.12564e-07,2.33275000000002e-09,2.32337934801685e-09,-1.21751491751429e-12,-2.93232078438178e-13,-3.79805159951875e-13,-1.8164594606394e-06
2750.67841075,0.341021375,6.1490625e-07,2.34350000000005e-09,2.32212893997894e-09,-1.59185021060035e-12,-4.55527374177388e-13,-4.28676083076021e-13,-2.05018996253749e-06
2760.733688,0.342268,6.17251e-07,2.327375e-09,2.32019564759565e-09,-2.11559319059381e-12,-6.08327651805355e-13,-4.63938167334893e-13,-2.21883471334079e-06
2770.816188,0.343518,6.19561e-07,2.315e-09,2.31789775359775e-09,-2.10766716391746e-12,-6.77440540460638e-13,-4.83310462463907e-13,-2.31148482047956e-06
2780.963216,0.344776,6.21881e-07,2.30549999999995e-09,2.31598031326781e-09,-1.90465514215587e-12,-6.43954948661564e-13,-4.84457777249241e-13,-2.31697197814854e-06
2791.03765,0.346025,6.24172e-07,2.29724999999999e-09,2.31408844331344e-09,-1.72749210249226e-12,-5.5743873771826e-13,-4.67141501220256e-13,-2.23415500583601e-06
2801.1221665,0.34727525,6.264755e-07,2.30850000000004e-09,2.31252532906283e-09,-7.42383292381077e-13,-4.56614917009788e-13,-4.33048301495516e-13,-2.07110057236986e-06
2811.16232,0.34852,6.28789e-07,2.30674999999999e-09,2.31260367672868e-09,9.66709810461565e-13,-3.40784520434914e-13,-3.88513347677208e-13,-1.85810731497795e-06
2821.2347375,0.34976875,6.31089e-07,2.31512499999998e-09,2.31445874868375e-09,1.72986354861326e-12,-3.08590129750757e-13,-3.45124641352954e-13,-1.65059611081848e-06
2831.335386,0.351021,6.3341925e-07,2.33299999999997e-09,2.3160634038259e-09,1.17535758160823e-12,-3.83437987145418e-13,-3.09166943191894e-13,-1.47862451091775e-06
2841.442084,0.352274,6.35755e-07,2.334875e-09,2.31680946384697e-09,4.99401105649894e-13,-4.43210509903878e-13,-2.77737173221903e-13,-1.32830821975693e-06
2851.500386,0.353521,6.38089e-07,2.32850000000001e-09,2.3170622060372e-09,-6.45436995438837e-13,-5.01443091157249e-13,-2.47415096372693e-13,-1.18328959134766e-06
2861.607084,0.354774,6.40412e-07,2.33518750000002e-09,2.31551858985609e-09,-2.12637109512058e-12,-5.67141113229047e-13,-2.12888117555298e-13,-1.01816056222099e-06
2871.64824575,0.356018875,6.42759375e-07,2.33462499999999e-09,2.31280946384696e-09,-1.87711916461726e-12,-5.33624631181366e-13,-1.67237215689295e-13,-7.9983016199228e-07
2881.73982,0.35727,6.4508125e-07,2.30631249999999e-09,2.31176435152685e-09,-7.92383292381299e-13,-3.81151766717742e-13,-1.13058967201899e-13,-5.40716799661256e-07
2891.794089,0.3585165,6.47372e-07,2.24637499999999e-09,2.3112246972622e-09,-7.91297385048359e-13,-9.92658299121145e-14,-5.80897481637862e-14,-2.77820534696369e-07
2901.896754,0.359769,6.49574e-07,2.2645625e-09,2.31018175675676e-09,-8.14314233066892e-13,2.22015732399068e-13,-3.8363482238211e-15,-1.83477523747966e-08
2912.07705425,0.361031125,6.51901125e-07,2.311e-09,2.30959606879607e-09,-1.25859950860345e-13,3.91945531096775e-13,4.92418502478002e-14,2.35504501185131e-07
2922.118216,0.362276,6.54196e-07,2.30918749999999e-09,2.30993003685504e-09,1.39604685854877e-12,4.43773014455112e-13,9.5222164518422e-14,4.55410352044627e-07
2932.20374075,0.363526375,6.565195e-07,2.31825000000004e-09,2.31238816251316e-09,2.19503553878715e-12,4.85271483186841e-13,1.23799620412578e-13,5.92085141103634e-07
2942.226754,0.364769,6.588325e-07,2.32431250000001e-09,2.31432010793261e-09,1.15973367848383e-12,4.868779575231e-13,1.29184869351281e-13,6.17840679506127e-07
2952.309254,0.366019,6.61168125e-07,2.32106250000003e-09,2.31470762987013e-09,1.09810459809947e-13,4.01070222431252e-13,1.13832089010935e-13,5.4441433874795e-07
2962.33630025,0.367262125,6.63474625e-07,2.33018749999999e-09,2.31453972885223e-09,-6.95594945594397e-14,2.52489575942522e-13,8.26352040258347e-14,3.95211845340949e-07
2972.474254,0.368519,6.658285e-07,2.34531250000001e-09,2.31456851088101e-09,-3.1683924183876e-13,7.18977567331756e-14,3.85945764146051e-14,1.84582756765503e-07
2982.556754,0.369769,6.6816525e-07,2.32812499999997e-09,2.31390605036855e-09,-9.93730256229208e-13,-1.04240318322493e-13,-1.60028772761316e-14,-7.65355000162816e-08
2992.663452,0.371022,6.7048475e-07,2.3065625e-09,2.31258105036855e-09,9.09551597070294e-14,-1.82797433373037e-13,-7.61081972785559e-14,-3.63995726114833e-07
3002.68949,0.372265,6.72778375e-07,2.29431250000003e-09,2.31408796068797e-09,1.65418348543315e-12,-1.67090226494344e-13,-1.45661414045128e-13,-6.96641545433221e-07
3012.73166,0.37351,6.75073375e-07,2.29331249999995e-09,2.31588941733942e-09,7.9423701298507e-13,-1.55826949557954e-13,-2.32257459933427e-13,-1.11079654750769e-06
3022.7960115,0.37475775,6.77365e-07,2.29825000000002e-09,2.31567643471394e-09,9.31388206388197e-13,-1.67566792323639e-13,-3.31251785870493e-13,-1.58424767155453e-06
3032.864396,0.376006,6.79669875e-07,2.31506250000002e-09,2.3177521937522e-09,1.95255352755429e-12,-2.31097740353677e-13,-4.42066535494918e-13,-2.11423125671483e-06
3042.914632,0.377252,6.81995125e-07,2.33075000000002e-09,2.31958154176905e-09,4.92591698839785e-13,-3.88864239433895e-13,-5.66664070709505e-13,-2.71013251208894e-06
3053.037462,0.378507,6.84331375e-07,2.32062499999997e-09,2.31873737714988e-09,-1.00260398385599e-12,-5.66390147731979e-13,-6.93919431975032e-13,-3.31874510944581e-06
3063.071566,0.379751,6.86636375e-07,2.31781249999994e-09,2.31757633380133e-09,-2.1024833274824e-12,-7.0019876426683e-13,-8.1246499157643e-13,-3.8857021336264e-06
3073.097604,0.380994,6.88967e-07,2.32931250000004e-09,2.31453241049491e-09,-3.11594857844756e-12,-8.57549847840369e-13,-9.13261072464842e-13,-4.36777034657098e-06
3083.18817,0.382245,6.91295e-07,2.33750000000004e-09,2.31134443664444e-09,-2.27044796419826e-12,-1.08357806727093e-12,-9.88836413798061e-13,-4.72921763120812e-06
3093.278736,0.383496,6.93642e-07,2.327375e-09,2.30999151456652e-09,-1.38143208143335e-12,-1.29677201954359e-12,-1.04132102946789e-12,-4.9802310104986e-06
3103.31284,0.38474,6.9594975e-07,2.29368749999999e-09,2.30858157248157e-09,-2.20749385749549e-12,-1.37895903139703e-12,-1.07277327038471e-12,-5.13065477140513e-06
3113.346944,0.385984,6.98229375e-07,2.28906249999999e-09,2.30557652685152e-09,-2.82109731484635e-12,-1.3558540338123e-12,-1.07579327553168e-12,-5.14509827428195e-06
3123.413312,0.387232,7.00527875e-07,2.31075000000005e-09,2.30293937785188e-09,-1.80830554580315e-12,-1.31636444672011e-12,-1.04589204943203e-12,-5.0020924103271e-06
3133.52001,0.388485,7.02850875e-07,2.31275e-09,2.30195991575992e-09,-8.67933924184427e-13,-1.27002270691404e-12,-9.89555062643016e-13,-4.73265464742312e-06
3143.537982,0.389727,7.05153375e-07,2.29349999999999e-09,2.30120351000351e-09,-4.32577220077864e-13,-1.19570591234186e-12,-9.13167100813197e-13,-4.36732091693268e-06
3153.519657,0.3909645,7.07437875e-07,2.31512500000003e-09,2.30109476131976e-09,2.73205510706633e-13,-1.09864371782701e-12,-8.2073409424262e-13,-3.92525001594297e-06
3163.60619,0.392215,7.09783625e-07,2.32943749999997e-09,2.30174992102492e-09,-2.83717971220796e-14,-1.04007104677098e-12,-7.17097167229927e-13,-3.42959514762139e-06
3173.68869,0.393465,7.1209675e-07,2.26668749999993e-09,2.30103801772552e-09,-1.01457748332854e-12,-9.15507800425373e-13,-6.0095716208537e-13,-2.87414294910394e-06
3184.09383,0.394755,7.14317e-07,2.26793750000002e-09,2.29972076605827e-09,-1.1140509828025e-12,-6.65109565024392e-13,-4.67885573441343e-13,-2.23771361211077e-06
3194.144066,0.396001,7.16632625e-07,2.31775000000003e-09,2.29880991575991e-09,-1.0479115479127e-12,-4.56426498875568e-13,-3.1824897478207e-13,-1.52206031417512e-06
3204.153972,0.397242,7.189525e-07,2.25793749999995e-09,2.29762494296244e-09,-1.00219594594602e-12,-2.1167805395244e-13,-1.53335564529936e-13,-7.33344004273607e-07
3214.615574,0.398539,7.211485e-07,2.26331250000002e-09,2.29680552386802e-09,-6.16391716390456e-13,1.32404228433273e-13,2.43549372173556e-14,1.16480134517788e-07
3224.722272,0.399792,7.23479125e-07,2.32987500000007e-09,2.29639215952966e-09,-3.27821165320824e-13,3.87461018201689e-13,2.10045324960943e-13,1.00456459763929e-06
3234.87434125,0.401050625,7.2580825e-07,2.317875e-09,2.29614988153738e-09,-4.90490084242531e-13,5.72411645302052e-13,4.00287083171921e-13,1.91441648473527e-06
3244.903404,0.402294,7.28114875e-07,2.29243749999995e-09,2.29541117936117e-09,1.8530624781131e-14,7.79560505733742e-13,5.93114691604788e-13,2.83663548158812e-06
3254.92036775,0.403535875,7.30393125e-07,2.29493749999997e-09,2.29618694278694e-09,1.86688750439042e-12,9.83034821076872e-13,7.81976188934846e-13,3.73988612099274e-06
3265.011942,0.404787,7.3270475e-07,2.28793749999999e-09,2.29914495436996e-09,3.01762460512561e-12,1.20197096553216e-12,9.53641407288767e-13,4.56089368703323e-06
3275.30314975,0.406062875,7.34969e-07,2.28125000000003e-09,2.30222219199719e-09,2.6398977711462e-12,1.43273772881731e-12,1.09787904462559e-12,5.25072586560065e-06
3285.386658,0.407313,7.3726725e-07,2.32825000000005e-09,2.30442474991225e-09,2.34908520533441e-12,1.52504242496528e-12,1.21471876740437e-12,5.80952453976003e-06
3295.5034385,0.40856725,7.396255e-07,2.33668749999996e-09,2.30692036240786e-09,2.18018603018788e-12,1.46777899954066e-12,1.30648225158817e-12,6.24839337716081e-06
3305.5738395,0.40981575,7.41940625e-07,2.30249999999998e-09,2.30878512197262e-09,1.83055019305108e-12,1.43207686578142e-12,1.37401899292771e-12,6.57139518356731e-06
3315.900336,0.411096,7.442305e-07,2.31143750000005e-09,2.31058146279396e-09,1.57366619866589e-12,1.42525280279768e-12,1.41846219264968e-12,6.78394961702021e-06
3325.97477,0.412345,7.465635e-07,2.32324999999997e-09,2.31193245436996e-09,1.19174271674296e-12,1.41016579715345e-12,1.44040753430427e-12,6.88890559884651e-06
3336.05727,0.413595,7.48877e-07,2.29824999999997e-09,2.31296494822745e-09,1.65277070902202e-12,1.44141652450283e-12,1.44204376901958e-12,6.89673106922408e-06
3346.4523275,0.41488375,7.5116e-07,2.31150000000001e-09,2.315237995788e-09,1.51877632502612e-12,1.49024501570879e-12,1.42153414582509e-12,6.79864156698956e-06
3356.609438,0.416143,7.535e-07,2.31375000000002e-09,2.3160025008775e-09,6.9543480168349e-13,1.50356370708726e-12,1.38054824435859e-12,6.60262203823674e-06
3366.683872,0.417392,7.557875e-07,2.30000000000001e-09,2.31662886539137e-09,1.42953229203191e-12,1.49883457534554e-12,1.32579015196058e-12,6.34073550937669e-06
3376.77544625,0.418643125,7.581e-07,2.30750000000001e-09,2.31886156546157e-09,1.33900710775643e-12,1.4690600904529e-12,1.25540417789551e-12,6.00410693776114e-06
3386.856938,0.419893,7.604025e-07,2.31750000000002e-09,2.31930687960688e-09,7.26296507546173e-13,1.39301304802808e-12,1.17149462057356e-12,5.60280035926485e-06
3396.95557,0.421145,7.62735e-07,2.33374999999999e-09,2.32031415847666e-09,2.05049578799732e-12,1.2433607853941e-12,1.07992039185521e-12,5.16483665669883e-06
3407.0239545,0.42239325,7.6507e-07,2.33250000000001e-09,2.32340787118287e-09,2.74285275535476e-12,1.02763410132234e-12,9.77110167660801e-13,4.6731355844647e-06
3417.112504,0.423644,7.674e-07,2.355e-09,2.32579986398737e-09,1.13422472797408e-12,7.62613185908624e-13,8.62640355608729e-13,4.12567126595479e-06
3427.28373,0.424905,7.6978e-07,2.34812499999994e-09,2.32567632063882e-09,-6.2032950158208e-13,4.83120768883845e-13,7.4546057133081e-13,3.56524621071257e-06
3437.350098,0.426153,7.7209625e-07,2.31999999999998e-09,2.3245592049842e-09,-1.38076298701591e-12,2.9894917776088e-13,6.34677391516159e-13,3.03541361159902e-06
3447.440664,0.427404,7.7442e-07,2.31687500000003e-09,2.32291479466479e-09,-1.97394699894817e-12,2.45757033774679e-13,5.36679235917087e-13,2.56672678047302e-06
3457.53022175,0.428654875,7.7673e-07,2.30500000000005e-09,2.32061131098631e-09,-6.86609336608097e-13,2.48686903097483e-13,4.5672934158202e-13,2.18435772060966e-06
3467.629862,0.429907,7.7903e-07,2.28499999999997e-09,2.32154157599157e-09,1.30731616356602e-12,2.7207425206656e-13,3.88211360228746e-13,1.85666302718096e-06
3477.680098,0.431153,7.813e-07,2.31687499999998e-09,2.32322594331344e-09,1.22906282906187e-12,2.78935421571771e-13,3.20151234273375e-13,1.53115807695962e-06
3487.88257975,0.432417875,7.8366375e-07,2.32500000000002e-09,2.3239997016497e-09,1.10920279045323e-12,2.49495446389501e-13,2.53012666860368e-13,1.21006058063654e-06
3497.909626,0.433661,7.8595e-07,2.31812500000001e-09,2.32544434889435e-09,1.55348367848258e-12,2.18054673109597e-13,1.87569641075972e-13,8.97072196450301e-07
3508.000192,0.434912,7.883e-07,2.35312500000003e-09,2.32710666900666e-09,1.13867146367141e-12,1.45282373714895e-13,1.2275877468967e-13,5.87107183298422e-07
3518.074626,0.436161,7.9065625e-07,2.35437499999995e-09,2.32772169182169e-09,2.38588101090392e-13,5.53090389307258e-14,6.28251945456033e-14,3.00468321739842e-07
3528.1793075,0.43741375,7.9300875e-07,2.33187499999997e-09,2.32758384520884e-09,-5.44111969111293e-13,-2.29989635076046e-14,1.22428477642597e-14,5.85527501768942e-08
3538.22450225,0.438659125,7.9532e-07,2.32812500000002e-09,2.32663346788347e-09,-1.21248683748769e-12,-1.16208760538504e-13,-2.69966672692734e-14,-1.29114495635655e-07
3548.330192,0.439912,7.97665e-07,2.34000000000001e-09,2.32515887153387e-09,-1.72420147420022e-12,-1.73192195422431e-13,-5.2738935035556e-14,-2.52229689300485e-07
3558.51755,0.441175,8e-07,2.31749999999997e-09,2.32318506493507e-09,-1.82528957528752e-12,-1.94014033976638e-13,-6.38173462834588e-14,-3.05213395268716e-07
3568.59299225,0.442424125,8.023e-07,2.29e-09,2.32150829238329e-09,-7.38921551420962e-13,-1.66763894882342e-13,-6.13759014991458e-14,-2.93536920213306e-07
3578.6765005,0.44367425,8.0458e-07,2.29499999999998e-09,2.32170722183222e-09,5.05067567569728e-13,-3.29542004903303e-14,-5.08985825994987e-14,-2.43428003736733e-07
3588.74790975,0.444922875,8.0689e-07,2.29499999999998e-09,2.32251842751843e-09,1.18771937522061e-12,1.55789637907532e-13,-3.88975214538879e-14,-1.86031624344681e-07
3598.823352,0.446172,8.0917e-07,2.3225e-09,2.32408266058267e-09,1.96575552825404e-12,2.64383542390411e-13,-3.09850448559276e-14,-1.48189344963132e-07
3608.913918,0.447423,8.11535e-07,2.34625000000002e-09,2.32644993857494e-09,1.95463320463224e-12,2.36803892630435e-13,-3.19530340198277e-14,-1.52818858355698e-07
3619.06397075,0.448681375,8.138625e-07,2.35250000000003e-09,2.32799192699193e-09,6.59902597402591e-13,1.29888072900196e-13,-3.99688417409135e-14,-1.91155330065238e-07
3629.1736935,0.44993475,8.1624e-07,2.36125000000001e-09,2.32776974376975e-09,-6.53365215863524e-13,-4.58411956259228e-14,-4.79166293533148e-14,-2.29166488211506e-07
3639.254177,0.4511845,8.18585e-07,2.33562500000002e-09,2.3266851965602e-09,-1.38680238680086e-12,-1.81175769246866e-13,-5.07546705374188e-14,-2.4273972865722e-07
3649.3225615,0.45243275,8.2091125e-07,2.33250000000001e-09,2.32499613899614e-09,-1.22885222885207e-12,-2.01527361425923e-13,-4.567655780563e-14,-2.18453102548665e-07
3659.40203675,0.453682375,8.2325e-07,2.31937499999999e-09,2.3242274921025e-09,-7.17093717092664e-13,-1.99790748534981e-13,-3.3237423938399e-14,-1.58961592748865e-07
3669.493611,0.4549335,8.2555e-07,2.30500000000005e-09,2.32356195156196e-09,-9.05251842752939e-13,-1.60837081320563e-13,-1.5973071078109e-14,-7.63929486344343e-08
3679.62854,0.45619,8.2786e-07,2.30500000000005e-09,2.32241698841699e-09,-2.9933748683799e-13,-6.35072573543985e-14,5.97498808756349e-15,2.85760299839993e-08
3689.71406475,0.457440375,8.3016e-07,2.29437499999994e-09,2.32296327658828e-09,8.80374692876335e-13,3.61574494738055e-14,2.89309301213582e-14,1.38365317971713e-07
3699.79354,0.45869,8.3244875e-07,2.31499999999995e-09,2.32417773780275e-09,1.04749473499513e-12,1.08527805906519e-13,4.94363861004407e-14,2.36434890045586e-07
3709.89116375,0.459941875,8.3479e-07,2.33375000000005e-09,2.32505826605827e-09,1.03345472095613e-12,1.46226310370478e-13,6.66174861456536e-14,3.18605368522691e-07
3719.990804,0.461194,8.3711625e-07,2.33000000000005e-09,2.32624464724466e-09,1.42971217971171e-12,1.44387152924734e-13,7.83928655954603e-14,3.74922400673941e-07
3730.073304,0.462444,8.3945e-07,2.34749999999995e-09,2.3279176904177e-09,1.10442260441907e-12,1.01202903753553e-13,8.4971828738801e-14,4.06387007011657e-07
3740.147738,0.463693,8.4181125e-07,2.35437500000001e-09,2.3284534924535e-09,-3.70831870834232e-13,2.89987159196942e-14,8.69821753930368e-14,4.1600170840148e-07
3750.30585675,0.464952375,8.4415875e-07,2.33187500000002e-09,2.32717602667603e-09,-1.51640926641027e-12,-1.65557927006028e-14,8.60864615912663e-14,4.11717859784317e-07
3760.385332,0.466202,8.46475e-07,2.31812499999996e-09,2.32542067392068e-09,-1.98367848368145e-12,-1.52296554499398e-14,8.74613697920063e-14,4.182935077009e-07
3770.49203,0.467455,8.48795e-07,2.32750000000003e-09,2.32320866970867e-09,-1.70599333099647e-12,2.05705204667651e-14,9.51575764485202e-14,4.55101452579879e-07
3780.566464,0.468704,8.5113e-07,2.30750000000001e-09,2.32200868725868e-09,-4.98464373464696e-13,1.04464786357493e-13,1.07386047195401e-13,5.1358544310844e-07
3790.64593925,0.469953625,8.5341e-07,2.29499999999998e-09,2.32221174096174e-09,3.15637065638062e-13,2.08172242693654e-13,1.18704636485075e-13,5.6771782666775e-07
3800.715332,0.471202,8.5572e-07,2.32812500000002e-09,2.32263996138996e-09,1.05418567918791e-12,2.69341773470738e-13,1.24804696239482e-13,5.96892025493175e-07
3810.894624,0.472464,8.5806625e-07,2.33499999999997e-09,2.32432011232011e-09,1.34101877852112e-12,2.71410128537194e-13,1.20868660651714e-13,5.78067507464719e-07
3820.98519,0.473715,8.6039e-07,2.32187500000001e-09,2.325321998947e-09,1.03964110214111e-12,2.26228086907166e-13,1.06521890121626e-13,5.09452517972994e-07
3831.035426,0.474961,8.6271e-07,2.32499999999996e-09,2.32639939452439e-09,1.05155317655076e-12,1.67664137569462e-13,8.54948288984777e-14,4.08888312123154e-07
3841.125992,0.476212,8.6504e-07,2.33e-09,2.3274251053001e-09,5.81278518777321e-13,1.14152315451997e-13,5.83553329042309e-14,2.79090722585452e-07
3851.196393,0.4774605,8.6737e-07,2.33500000000008e-09,2.32756195156195e-09,1.05673043173752e-13,3.68642697649088e-14,2.67146878528344e-14,1.27765898426599e-07
3861.282926,0.478711,8.6971e-07,2.33625000000001e-09,2.32763645138645e-09,1.52224895201728e-14,-2.88889222871575e-14,-6.26211975968862e-15,-2.99492684159021e-08
3871.37046725,0.479961625,8.720425e-07,2.33249999999996e-09,2.32759239654099e-09,-6.815170782378e-14,-6.68544450516937e-14,-3.50540314767897e-14,-1.67649715758559e-07
3881.528586,0.481221,8.74375e-07,2.32374999999993e-09,2.3275001479708e-09,-1.1634543252359e-13,-1.05802278731904e-13,-6.66238333609459e-14,-3.18635724769741e-07
3891.627218,0.482473,8.7669e-07,2.31249999999994e-09,2.32735970567594e-09,-1.64539157188659e-13,-1.45732423327811e-13,-1.00971525412152e-13,-4.82907295449423e-07
3901.677454,0.483719,8.79e-07,2.31250000000004e-09,2.32717106965642e-09,-2.12732881854555e-13,-1.86644878839311e-13,-1.38097107630407e-13,-6.60464427797599e-07
3911.80835,0.484975,8.81315e-07,2.31500000000006e-09,2.32693423991223e-09,-2.60926606518797e-13,-2.28539645266612e-13,-1.7800058001592e-13,-8.5130712181527e-07
3921.866652,0.486222,8.8363e-07,2.3225e-09,2.32664921644339e-09,-3.09120331180557e-13,-2.71416722609557e-13,-2.20681942568792e-13,-1.05543537750292e-06
3931.965284,0.487474,8.8596e-07,2.33e-09,2.32631599924987e-09,-3.57314055849761e-13,-3.15276110868251e-13,-2.66141195288507e-13,-1.27284919485808e-06
3942.104246,0.488731,8.8829e-07,2.33375000000005e-09,2.32593458833169e-09,-4.05507780514003e-13,-3.60117810042693e-13,-3.14378338175375e-13,-1.50354857388223e-06
3952.2008615,0.48998275,8.906275e-07,2.33500000000003e-09,2.32550498368884e-09,-4.53701505174936e-13,-4.05941820132676e-13,-3.65393371229396e-13,-1.74753351457537e-06
3962.26118,0.49123,8.9296e-07,2.33e-09,2.32502718532134e-09,-5.0189522984414e-13,-4.52748141138512e-13,-4.1918629445057e-13,-2.00480401693751e-06
3972.36082025,0.492482125,8.952875e-07,2.34000000000001e-09,2.32450119322916e-09,-5.50088954510036e-13,-5.0053677305994e-13,-4.75757107838898e-13,-2.27536008096864e-06
3982.450378,0.493733,8.9764e-07,2.33124999999992e-09,2.32392700741232e-09,-5.98282679170969e-13,-5.49307715897169e-13,-5.35105811394378e-13,-2.55920170666876e-06
3992.516746,0.494981,8.9995e-07,2.32937499999995e-09,2.32330462787081e-09,-6.46476403838519e-13,-5.99060969650095e-13,-5.97232405116909e-13,-2.85632889403739e-06
4002.700071,0.4962435,9.0229875e-07,2.32812500000002e-09,2.32263405460464e-09,-6.94670128504415e-13,-6.49796534318613e-13,-6.62136889006799e-13,-3.166741643076e-06
4012.746274,0.497489,9.0460625e-07,2.31562500000005e-09,2.3219152876138e-09,-7.42863853167003e-13,-7.01514409902932e-13,-7.29819263063739e-13,-3.4904399537831e-06
4022.8549885,0.49874225,9.0693e-07,2.31562500000005e-09,2.32114832689831e-09,-7.91057577832899e-13,-7.54214596402896e-13,-8.00279527287729e-13,-3.8274238261587e-06
4032.927406,0.499991,9.092375e-07,2.30750000000006e-09,2.32033317245814e-09,-8.15154440167501e-13,-8.07897093818608e-13,-8.73517681678871e-13,-4.1776932602033e-06
