wvnmbr,Voltage,Current,DerivativeY1,DerivativeY1_1,DerivativeY2,DerivativeY2_1,DerivativeY2_2,Alpha
-4033,-0.5,-7.69004e-07,2.18049999999995e-09,2.10561029601029e-09,-1.55745060186232e-11,-1.73465621718058e-11,-1.73465621718058e-11,NaN
-4022.9175,-0.49875,-7.668235e-07,2.13987499999996e-09,2.09003578999166e-09,-1.5250467957453e-11,-1.62754152245925e-11,-1.62754152245925e-11,NaN
-4012.835,-0.4975,-7.6472425e-07,2.07625000000003e-09,2.07510936009538e-09,-1.46023918351122e-11,-1.52387660310574e-11,-1.52387660310574e-11,NaN
-4002.7525,-0.49625,-7.62671e-07,2.04925000000003e-09,2.06083100632144e-09,-1.39543157127714e-11,-1.42366145912004e-11,-1.42366145912004e-11,NaN
-3992.58934,-0.49499,-7.6062575e-07,2.02381249999997e-09,2.04720072866984e-09,-1.33062395904304e-11,-1.32689609050215e-11,-1.32689609050215e-11,NaN
-3982.50684,-0.49374,-7.58623375e-07,1.993625e-09,2.03421852714058e-09,-1.26581634680895e-11,-1.23358049725207e-11,-1.23358049725207e-11,NaN
-3972.42434,-0.49249,-7.566385e-07,1.98468749999998e-09,2.02188440173366e-09,-1.20100873457487e-11,-1.1437146793698e-11,-1.1437146793698e-11,NaN
-3962.34184,-0.49124,-7.54654e-07,1.98312499999998e-09,2.01019835244908e-09,-1.13620112234077e-11,-1.05729863685535e-11,-1.05729863685535e-11,NaN
-3952.25934,-0.48999,-7.5267225e-07,1.97525e-09,1.99916037928684e-09,-1.07139351010669e-11,-9.74332369708704e-12,-9.74332369708704e-12,NaN
-3942.17684,-0.48874,-7.507035e-07,1.98193750000001e-09,1.98877048224695e-09,-1.00658589787263e-11,-8.94815877929872e-12,-8.94815877929872e-12,NaN
-3932.01368,-0.48748,-7.48708375e-07,1.96275000000002e-09,1.97902866132939e-09,-9.41778285638534e-12,-8.18749161518851e-12,-8.18749161518851e-12,NaN
-3921.93118,-0.48623,-7.46778e-07,1.93862500000002e-09,1.96993491653418e-09,-8.76970673404435e-12,-7.46132220475642e-12,-7.46132220475642e-12,NaN
-3911.84868,-0.48498,-7.44831125e-07,1.94949999999997e-09,1.9614892478613e-09,-8.12163061170357e-12,-6.76965054800244e-12,-6.76965054800244e-12,NaN
-3901.76618,-0.48373,-7.42879e-07,1.94256250000001e-09,1.95369165531077e-09,-7.47355448936258e-12,-6.11247664492658e-12,-6.11247664492658e-12,NaN
-3891.68368,-0.48248,-7.40946e-07,1.94187500000005e-09,1.94654213888258e-09,-6.82547836702159e-12,-5.48980049552883e-12,-5.48980049552883e-12,NaN
-3881.60118,-0.48123,-7.3899525e-07,1.962e-09,1.94004069857673e-09,-6.17740224468102e-12,-4.9016220998092e-12,-4.9016220998092e-12,NaN
-3871.43802,-0.47997,-7.37022e-07,1.95037499999997e-09,1.93418733439322e-09,-5.52932612234024e-12,-4.34794145776769e-12,-4.35500564286351e-12,NaN
-3861.35552,-0.47872,-7.350945e-07,1.93599999999997e-09,1.92898204633205e-09,-2.59580171749132e-12,-3.82875856940429e-12,-3.81403425358523e-12,NaN
-3851.27302,-0.47747,-7.3315e-07,1.93649999999999e-09,1.92899573095823e-09,-4.11986661893587e-15,-3.26165794193442e-12,-3.27100488079537e-12,NaN
-3841.19052,-0.47622,-7.312215e-07,1.92156250000001e-09,1.92897380659881e-09,-3.06394787645098e-13,-2.73600776712913e-12,-2.73125635152508e-12,NaN
-3831.10802,-0.47497,-7.29306875e-07,1.91575e-09,1.92838294138294e-09,-3.9609512109448e-13,-2.23212861671505e-12,-2.23327097611424e-12,NaN
-3821.02552,-0.47372,-7.2739e-07,1.92987499999999e-09,1.92818161635662e-09,-3.08277027027019e-13,-1.78577424446612e-12,-1.78922787080675e-12,NaN
-3810.94302,-0.47247,-7.25447125e-07,1.94662500000003e-09,1.92776638732889e-09,-7.10887592137957e-13,-1.41937087783241e-12,-1.41968537029067e-12,NaN
-3800.77986,-0.47121,-7.2349675e-07,1.93687500000002e-09,1.92675984117234e-09,-1.14392550017509e-12,-1.11505243695658e-12,-1.11360289043041e-12,NaN
-3790.69736,-0.46996,-7.21573375e-07,1.92781250000002e-09,1.92547853632854e-09,-1.20982142857118e-12,-8.51283763301613e-13,-8.51225210811815e-13,NaN
-3780.61486,-0.46871,-7.19641125e-07,1.92074999999997e-09,1.9243401983152e-09,-1.02517550017612e-12,-6.23441074469085e-13,-6.21391550417429e-13,NaN
-3770.53236,-0.46746,-7.17731875e-07,1.91024999999995e-09,1.92342818532819e-09,-6.16387328888829e-13,-4.27583700441567e-13,-4.27829307884132e-13,NaN
-3760.44986,-0.46621,-7.15820625e-07,1.9155625e-09,1.92310742365742e-09,-4.41163566163647e-13,-2.83682085137617e-13,-2.86132392137479e-13,NaN
-3750.36736,-0.46496,-7.1390075e-07,1.9268125e-09,1.92254585819586e-09,-7.74208055457743e-13,-2.08841252312535e-13,-2.09050953464634e-13,NaN
-3740.2042,-0.4637,-7.11967e-07,1.93006250000003e-09,1.92155900754651e-09,-9.53029571780732e-13,-1.91579310723234e-13,-1.91358959761376e-13,NaN
-3730.1217,-0.46245,-7.10040625e-07,1.92625000000002e-09,1.9206397990523e-09,-1.1824434011939e-12,-2.17967855685474e-13,-2.17917046552422e-13,NaN
-3720.0392,-0.4612,-7.081145e-07,1.92281249999994e-09,1.91919412074412e-09,-1.29392330642122e-12,-2.76649243736692e-13,-2.75308848177556e-13,NaN
-3709.9567,-0.45995,-7.06195e-07,1.912875e-09,1.91805195243945e-09,-5.26184626182462e-13,-3.56858604633262e-13,-3.56238035826099e-13,NaN
-3699.8742,-0.4587,-7.0428875e-07,1.90750000000009e-09,1.91814175149175e-09,-1.74469111954888e-14,-4.63469016321479e-13,-4.74149173605313e-13,NaN
-3689.7917,-0.45745,-7.0238e-07,1.91131250000005e-09,1.91801705861706e-09,-2.66896279396493e-13,-6.08593526164538e-13,-5.99937122998533e-13,NaN
-3679.7092,-0.4562,-7.00466125e-07,1.92249999999992e-09,1.91760795893296e-09,-2.46698402951283e-13,-6.79743346547558e-13,-6.71340068676258e-13,NaN
-3669.54604,-0.45494,-6.98535e-07,1.93356249999997e-09,1.91752366181116e-09,-5.26770358021431e-13,-6.65421060125717e-13,-6.75886624324728e-13,NaN
-3659.46354,-0.45369,-6.96599e-07,1.92250000000002e-09,1.91655441821692e-09,-1.17062565812506e-12,-6.52167491386028e-13,-6.47746429834629e-13,NaN
-3649.38104,-0.45244,-6.9469e-07,1.91250000000001e-09,1.91518241049491e-09,-1.10286504036638e-12,-6.04425215827041e-13,-6.02427396563902e-13,NaN
-3639.29854,-0.45119,-6.92774e-07,1.91118750000002e-09,1.91434868813619e-09,-4.3620568620691e-13,-5.3821586038029e-13,-5.41202104243916e-13,NaN
-3629.21604,-0.44994,-6.90867625e-07,1.90700000000002e-09,1.9143099991225e-09,-5.95537908016145e-14,-4.92868943380604e-13,-4.93638348131326e-13,NaN
-3619.13354,-0.44869,-6.8896e-07,1.91281249999998e-09,1.91422958055458e-09,-1.62877325372634e-13,-4.72874471420511e-13,-4.74454245305552e-13,NaN
-3608.97038,-0.44743,-6.87042e-07,1.91749999999994e-09,1.91398424447175e-09,-4.34773166021923e-13,-4.73746062334115e-13,-4.74237207187325e-13,NaN
-3598.88788,-0.44618,-6.85125e-07,1.91381250000001e-09,1.91336003422254e-09,-8.95259301512608e-13,-4.72566638630036e-13,-4.69187157613737e-13,NaN
-3588.80538,-0.44493,-6.83214375e-07,1.91700000000003e-09,1.91219372586873e-09,-9.40744559497692e-13,-4.40689099529448e-13,-4.38940662099633e-13,NaN
-3578.72288,-0.44368,-6.81291e-07,1.9126875e-09,1.91147854510354e-09,-4.97852316603146e-13,-3.88893622777019e-13,-3.90494234538081e-13,NaN
-3568.64038,-0.44243,-6.79389e-07,1.89993750000002e-09,1.91119802123552e-09,-1.72080115828624e-13,-3.48358822798595e-13,-3.48124827621741e-13,NaN
-3558.55788,-0.44118,-6.77491125e-07,1.90900000000002e-09,1.91113438487189e-09,-6.21468058951703e-14,-3.3158951014096e-13,-3.34886072683611e-13,NaN
-3548.39472,-0.43992,-6.75571e-07,1.91775e-09,1.91107372762373e-09,-1.60040803791564e-13,-3.53820439080857e-13,-3.56921478605434e-13,NaN
-3538.31222,-0.43867,-6.73655625e-07,1.91349999999999e-09,1.9108143032643e-09,-5.04523517025783e-13,-3.91826467564092e-13,-3.85763935310671e-13,NaN
-3528.22972,-0.43742,-6.71744e-07,1.91081249999998e-09,1.91006468058968e-09,-7.36626886626613e-13,-3.86203659083068e-13,-3.83956809492945e-13,NaN
-3518.14722,-0.43617,-6.69834e-07,1.91162499999996e-09,1.90934104949105e-09,-6.07105563352895e-13,-3.48277620086773e-13,-3.52034415277916e-13,NaN
-3508.06472,-0.43492,-6.6792075e-07,1.9078125e-09,1.90885046946297e-09,-3.04999561249786e-13,-3.15587202242297e-13,-3.13282817995724e-13,NaN
-3497.98222,-0.43367,-6.66018375e-07,1.90187500000006e-09,1.90873105036855e-09,2.60802035799645e-13,-2.81841979986733e-13,-2.82224239340762e-13,NaN
-3487.89972,-0.43242,-6.64117e-07,1.90687499999999e-09,1.90937207353457e-09,3.49771849771388e-13,-2.67636010633863e-13,-2.71729012315522e-13,NaN
-3477.73656,-0.43116,-6.62204625e-07,1.90799999999999e-09,1.90943059406809e-09,-3.20662951910957e-13,-2.89103659033797e-13,-2.89240517728001e-13,NaN
-3467.65406,-0.42991,-6.60301e-07,1.90887500000004e-09,1.90873074763075e-09,-5.75859950858209e-13,-3.14627603750624e-13,-3.10986626755596e-13,NaN
-3457.57156,-0.42866,-6.58386875e-07,1.91168750000003e-09,1.90827887416638e-09,-4.73363460863067e-13,-3.10993838582718e-13,-3.09418282628707e-13,NaN
-3447.48906,-0.42741,-6.56477625e-07,1.90893749999995e-09,1.90778402070902e-09,-3.94210687959884e-13,-2.87466422270445e-13,-2.89062077381336e-13,NaN
-3437.40656,-0.42616,-6.54569e-07,1.90681249999992e-09,1.90749045279046e-09,-7.8760091261515e-14,-2.71690899684301e-13,-2.71056199075583e-13,NaN
-3427.32406,-0.42491,-6.52664e-07,1.9098125e-09,1.9076265005265e-09,1.32787820264003e-14,-2.72696839401045e-13,-2.76293276043519e-13,NaN
-3417.1609,-0.42365,-6.50749375e-07,1.91150000000004e-09,1.90751701035451e-09,-2.9708889083843e-13,-3.06918650432476e-13,-3.08146668624083e-13,NaN
-3407.0784,-0.4224,-6.48841e-07,1.90450000000006e-09,1.90703232274482e-09,-6.01020094769434e-13,-3.48832314294865e-13,-3.45286073813427e-13,NaN
-3396.9959,-0.42115,-6.46940375e-07,1.90549999999998e-09,1.90631497016497e-09,-7.8013776763668e-13,-3.58586933602395e-13,-3.57553311586239e-13,NaN
-3386.9134,-0.4199,-6.4503e-07,1.90618749999998e-09,1.90547204720955e-09,-5.86185942433506e-13,-3.37704416586026e-13,-3.36409849340372e-13,NaN
-3376.8309,-0.41865,-6.43128e-07,1.90500000000002e-09,1.9051425982801e-09,-5.05067567561456e-14,-2.99765594998539e-13,-3.0011784436377e-13,NaN
-3366.7484,-0.4174,-6.4122e-07,1.90849999999995e-09,1.90537103369604e-09,9.56695331683943e-14,-2.73454585125338e-13,-2.77472341280578e-13,NaN
-3356.6659,-0.41615,-6.39311e-07,1.91150000000004e-09,1.90533393734644e-09,-2.05014917516822e-13,-2.83345927324133e-13,-2.84083552634546e-13,NaN
-3346.50274,-0.41489,-6.37397e-07,1.90437500000003e-09,1.904961003861e-09,-3.96270621272041e-13,-3.07140340141497e-13,-3.05026221933355e-13,NaN
-3336.42024,-0.41364,-6.3550225e-07,1.89981249999999e-09,1.9045413961039e-09,-4.71838803089947e-13,-3.13932913502514e-13,-3.1453411937961e-13,NaN
-3326.33774,-0.41239,-6.33597375e-07,1.90131250000003e-09,1.90401732625482e-09,-4.61940593191457e-13,-2.97483449760588e-13,-2.93585892384599e-13,NaN
-3316.25524,-0.41114,-6.31699625e-07,1.89675e-09,1.90361751491751e-09,-2.82171375921552e-13,-2.44537682702997e-13,-2.43134108530109e-13,NaN
-3306.17274,-0.40989,-6.29803875e-07,1.90181249999999e-09,1.90345298350298e-09,-1.89342751842472e-13,-1.87312848836886e-13,-1.94044632243373e-13,NaN
-3296.09024,-0.40864,-6.27896e-07,1.91143749999997e-09,1.90323882941383e-09,-2.03266497014335e-13,-1.74401216686429e-13,-1.73844089236486e-13,NaN
-3285.92708,-0.40738,-6.25981e-07,1.905375e-09,1.90304645050895e-09,-3.15073271321081e-13,-1.75857581700116e-13,-1.7370599658938e-13,NaN
-3275.84458,-0.40613,-6.2408525e-07,1.90100000000001e-09,1.90260868287119e-09,-3.81464987715504e-13,-1.68236559575767e-13,-1.7010606671637e-13,NaN
-3265.7640965,-0.40488025,-6.22179e-07,1.90062499999998e-09,1.90228352053352e-09,-2.3213188838477e-13,-1.53194592303123e-13,-1.498748833527e-13,NaN
-3255.67958,-0.40363,-6.20284e-07,1.89462500000002e-09,1.90214441909442e-09,-4.70713408229547e-14,-1.10577205231554e-13,-1.09058739379965e-13,NaN
-3245.59708,-0.40238,-6.1838975e-07,1.89568750000001e-09,1.90218937785188e-09,2.94155844157882e-13,-5.89598614653679e-14,-6.17905618325742e-14,NaN
-3235.51458,-0.40113,-6.16492625e-07,1.90887499999999e-09,1.90273273078273e-09,4.37260881013367e-13,-3.46334590440696e-14,-3.63871320428279e-14,NaN
-3225.35142,-0.39987,-6.14572e-07,1.91381250000001e-09,1.9030638996139e-09,1.61723411722295e-13,-4.08640583897571e-14,-4.11693614272538e-14,NaN
-3215.26892,-0.39862,-6.12665e-07,1.90481249999997e-09,1.90305617760618e-09,-1.85716479468376e-13,-6.04582016056817e-14,-6.03552310071264e-14,NaN
-3205.18642,-0.39737,-6.10762375e-07,1.90031249999995e-09,1.90269246665497e-09,-4.61056511055557e-13,-7.26605620242998e-14,-6.99206710517822e-14,NaN
-3195.10392,-0.39612,-6.08864375e-07,1.895875e-09,1.90213406458407e-09,-2.86499648999894e-13,-5.79171366278797e-14,-5.61359866931556e-14,NaN
-3185.02142,-0.39487,-6.06970625e-07,1.89818750000003e-09,1.90211946735697e-09,2.50544050542574e-13,-2.86393170780616e-14,-3.16847371799706e-14,NaN
-3174.93892,-0.39362,-6.05068e-07,1.90412500000002e-09,1.90263515268515e-09,3.85119778870025e-13,-1.80185776082664e-14,-1.82838876863442e-14,NaN
-3164.85642,-0.39237,-6.03162375e-07,1.90812499999997e-09,1.90288970691471e-09,1.13818445068335e-13,-2.37164912629771e-14,-2.40590099385627e-14,NaN
-3154.69326,-0.39111,-6.0125175e-07,1.90918750000001e-09,1.90286278957529e-09,-1.56697525447952e-13,-4.02993468424363e-14,-4.10059585974971e-14,NaN
-3144.61076,-0.38986,-5.99344e-07,1.90031250000006e-09,1.90257631186381e-09,-4.26046419796201e-13,-5.83373819317212e-14,-5.56700948881188e-14,NaN
-3134.52826,-0.38861,-5.97451125e-07,1.89812500000001e-09,1.9020106967357e-09,-3.49809143558582e-13,-6.01570303068658e-14,-6.01687157778832e-14,NaN
-3124.44576,-0.38736,-5.9554775e-07,1.89956249999999e-09,1.90187669357669e-09,9.43116005615175e-14,-5.9203074585932e-14,-5.96546633381483e-14,NaN
-3114.36326,-0.38611,-5.93652e-07,1.89974999999998e-09,1.90219931993682e-09,2.00530888030854e-13,-6.87839668917787e-14,-7.07135038441086e-14,NaN
-3104.28076,-0.38486,-5.9174825e-07,1.91025e-09,1.90227775535276e-09,8.63789926298273e-14,-9.69396239047411e-14,-9.80066808031517e-14,NaN
-3094.1176,-0.3836,-5.898315e-07,1.90812500000002e-09,1.90237207792208e-09,-2.86284661287428e-14,-1.29198697861305e-13,-1.25772841647449e-13,NaN
-3084.0351,-0.38235,-5.87932e-07,1.90325000000002e-09,1.9022204984205e-09,-3.91578185328942e-13,-1.38640843849833e-13,-1.40385018111675e-13,NaN
-3073.9526,-0.3811,-5.86025e-07,1.90299999999996e-09,1.90158892155142e-09,-5.60655054403843e-13,-1.38314039453669e-13,-1.37605125463272e-13,NaN
-3063.8701,-0.37985,-5.84126e-07,1.89356249999993e-09,1.90109918831169e-09,-3.01077132325436e-13,-1.20917562534668e-13,-1.17779935975541e-13,NaN
-3053.7876,-0.3786,-5.82237875e-07,1.88950000000001e-09,1.90098676728677e-09,3.84279571781824e-14,-8.74213541759758e-14,-9.01338037209379e-14,NaN
-3043.70610825,-0.377350125,-5.80347e-07,1.89612500000006e-09,1.90117604422605e-09,7.99293611787136e-14,-7.54009986505496e-14,-7.6846931246758e-14,NaN
-3033.6226,-0.3761,-5.78445625e-07,1.90549999999998e-09,1.90114662600913e-09,-3.71182871371746e-15,-9.07868355401245e-14,-9.2211696842308e-14,NaN
-3023.45944,-0.37484,-5.76536e-07,1.91137499999995e-09,1.90116862056862e-09,-1.34384871886546e-13,-1.22639990804003e-13,-1.22803074850312e-13,NaN
-3013.37694,-0.37359,-5.74622875e-07,1.90500000000002e-09,1.90087785626535e-09,-3.12984819234703e-13,-1.43398208542681e-13,-1.38458322500867e-13,NaN
-3003.29444,-0.37234,-5.72726e-07,1.89743750000001e-09,1.90054265093015e-09,-1.94081256580361e-13,-1.23596585649715e-13,-1.22769979743889e-13,NaN
-2993.21194,-0.37109,-5.70828e-07,1.89649999999999e-09,1.90048969375219e-09,-5.30251842751066e-14,-9.14022228398255e-14,-9.50474842682024e-14,NaN
-2983.12944,-0.36984,-5.68933e-07,1.89700000000001e-09,1.9004366005616e-09,7.23258160749865e-14,-8.46259563957054e-14,-8.54890182059403e-14,NaN
-2973.04694,-0.36859,-5.67034e-07,1.90368750000002e-09,1.90063434538434e-09,6.32568445075293e-14,-9.85505726023167e-14,-9.92342503397428e-14,NaN
-2962.88378,-0.36733,-5.65125625e-07,1.90550000000003e-09,1.90056311425061e-09,-2.06129343626879e-13,-1.18389803291881e-13,-1.17735642729463e-13,NaN
-2952.80128,-0.36608,-5.63223e-07,1.89987500000001e-09,1.90022208669709e-09,-2.59685415933812e-13,-1.21381140026647e-13,-1.17669588134831e-13,NaN
-2942.71878,-0.36483,-5.61325875e-07,1.89949999999997e-09,1.90004374341875e-09,-8.19761319760639e-14,-9.23939475970776e-14,-9.26950896752686e-14,NaN
-2932.63628,-0.36358,-5.59424e-07,1.90043749999998e-09,1.90005813443314e-09,2.34305896804979e-13,-5.95990295314883e-14,-6.15149732502976e-14,NaN
-2922.55378,-0.36233,-5.57525e-07,1.89500000000001e-09,1.90051235521236e-09,2.77996665496715e-13,-4.7653865112634e-14,-4.77001518033129e-14,NaN
-2912.47128,-0.36108,-5.55634e-07,1.89881250000002e-09,1.90061412776413e-09,-1.37390312386534e-13,-5.88632569038276e-14,-6.13063675315046e-14,NaN
-2902.30812,-0.35982,-5.53727375e-07,1.90262500000003e-09,1.90023757458758e-09,-2.43159880658936e-13,-9.49919960771274e-14,-9.45531264455573e-14,NaN
-2892.22562,-0.35857,-5.5182875e-07,1.89818749999997e-09,1.90012780800281e-09,-3.07976482981135e-13,-1.29301916481693e-13,-1.27356926832602e-13,NaN
-2882.14312,-0.35732,-5.49931e-07,1.90237499999997e-09,1.89962162162162e-09,-5.07395138648197e-13,-1.40174997668335e-13,-1.38591711174968e-13,NaN
-2872.06062,-0.35607,-5.48024e-07,1.90350000000003e-09,1.89911301772552e-09,-2.5122630747461e-13,-1.28684765093923e-13,-1.28631942739927e-13,NaN
-2861.97812,-0.35482,-5.46124e-07,1.90231250000001e-09,1.89911916900667e-09,7.06059143576812e-14,-1.14376419971281e-13,-1.16219183614941e-13,NaN
-2851.89562,-0.35357,-5.44219375e-07,1.89649999999999e-09,1.89925422955423e-09,1.79971042469426e-13,-1.17411424309856e-13,-1.1815359661749e-13,NaN
-2841.81312,-0.35232,-5.42331e-07,1.89725000000001e-09,1.89947911109161e-09,7.75886275868857e-14,-1.36452330943058e-13,-1.37460089211533e-13,NaN
-2831.64996,-0.35106,-5.40424875e-07,1.8985e-09,1.89940940680941e-09,-3.20077220077158e-13,-1.61503015781894e-13,-1.6006783353282e-13,NaN
-2821.56746,-0.34981,-5.38534e-07,1.89693749999999e-09,1.89883895665146e-09,-4.36677342926866e-13,-1.70810174938497e-13,-1.70158195170164e-13,NaN
-2811.48496,-0.34856,-5.36631e-07,1.90199999999999e-09,1.89853605212355e-09,-5.20511583016806e-14,-1.59364297430865e-13,-1.57466860325689e-13,NaN
-2801.40246,-0.34731,-5.3473e-07,1.89950000000002e-09,1.89873485433485e-09,2.47055984555949e-13,-1.29762302907543e-13,-1.29152266378722e-13,NaN
-2791.31996,-0.34606,-5.32832e-07,1.89750000000002e-09,1.89903016409266e-09,1.50625219375368e-13,-1.06737877244132e-13,-1.1155295451849e-13,NaN
-2781.23746,-0.34481,-5.30935e-07,1.90087499999998e-09,1.8990361047736e-09,-2.31947613197546e-13,-1.22141799152478e-13,-1.23048244059594e-13,NaN
-2771.0743,-0.34355,-5.2903025e-07,1.89774999999998e-09,1.89856626886627e-09,-6.36681730431036e-13,-1.51648945810245e-13,-1.50443786738695e-13,NaN
-2760.9918,-0.3423,-5.271395e-07,1.89162499999999e-09,1.89776274131274e-09,-7.04387504387118e-13,-1.60359003812076e-13,-1.57150356204858e-13,NaN
-2750.9093,-0.34105,-5.25247e-07,1.89075000000005e-09,1.89715749385749e-09,-3.70362407862194e-13,-1.27431848920697e-13,-1.23888475864699e-13,NaN
-2740.8268,-0.3398,-5.23358e-07,1.89799999999998e-09,1.89702201649702e-09,1.06230256230228e-13,-6.94615789830483e-14,-7.4566210664327e-14,NaN
-2730.7443,-0.33855,-5.21451e-07,1.90687499999994e-09,1.89736995436996e-09,4.17604861355499e-13,-4.43816441660443e-14,-4.57936441557938e-14,NaN
-2720.6618,-0.3373,-5.1954425e-07,1.90306250000003e-09,1.89785722621973e-09,2.33316514566761e-13,-5.05714583550147e-14,-4.94086186344417e-14,NaN
-2710.5793,-0.33605,-5.17644875e-07,1.90356250000004e-09,1.89783658739909e-09,-9.56366268882036e-14,-6.99371022215447e-14,-7.24832023239117e-14,NaN
-2700.41614,-0.33479,-5.15737125e-07,1.89743750000001e-09,1.89766595296595e-09,-3.16093366093639e-13,-9.79511198439043e-14,-9.58134206400083e-14,NaN
-2690.33464825,-0.333540125,-5.1385e-07,1.88806249999999e-09,1.8972044006669e-09,-3.59838978589002e-13,-1.00381554106082e-13,-9.78987080404128e-14,NaN
-2680.25114,-0.33229,-5.11961e-07,1.89199999999998e-09,1.89694627500877e-09,-1.86797999311477e-14,-6.79362719375213e-14,-6.72870801034017e-14,NaN
-2670.16864,-0.33104,-5.10066e-07,1.89700000000001e-09,1.89716704106704e-09,3.0941119691218e-13,-2.02896777004749e-14,-2.04126337368098e-14,NaN
-2660.08614,-0.32979,-5.08167e-07,1.89993750000002e-09,1.8975650974026e-09,3.61030186030877e-13,1.53099195114077e-14,1.18507221626191e-14,NaN
-2650.00364,-0.32854,-5.06266125e-07,1.9058125e-09,1.8978891014391e-09,1.67019129517487e-13,1.30486976950519e-14,1.01949958311335e-14,NaN
-2639.84048,-0.32728,-5.04355375e-07,1.89906249999997e-09,1.89789913566163e-09,-1.6438223938285e-13,-1.25298627500835e-14,-9.68503227352449e-15,NaN
-2629.75798,-0.32603,-5.02468e-07,1.88531250000002e-09,1.89756033696034e-09,-5.07610126359009e-13,-1.35890930121581e-14,-9.22325825867968e-15,NaN
-2619.67548,-0.32478,-5.0058475e-07,1.8865625e-09,1.89688391540892e-09,-4.23745173743e-13,2.45179868274798e-14,2.3951052958731e-14,NaN
-2609.59298,-0.32353,-4.98694875e-07,1.89468750000004e-09,1.89671284661285e-09,2.0684450684593e-13,6.55036178969e-14,6.40183284293177e-14,NaN
-2599.51048,-0.32228,-4.96795375e-07,1.90143750000001e-09,1.89729760442261e-09,5.80422955422259e-13,7.96942697929079e-14,7.86918161300976e-14,NaN
-2589.42798,-0.32103,-4.94892e-07,1.91168749999998e-09,1.89787369252369e-09,4.10492716741662e-13,5.47447892341018e-14,5.07361771413678e-14,NaN
-2579.26482,-0.31977,-4.92972e-07,1.91237499999998e-09,1.89811858985609e-09,-1.43934275183003e-13,-9.99468432813344e-15,-9.49512828382868e-15,NaN
-2569.18232,-0.31852,-4.9106725e-07,1.89756249999998e-09,1.89758582397333e-09,-6.85372060371639e-13,-6.84068703605165e-14,-6.44994545439767e-14,NaN
-2559.09982,-0.31727,-4.89176875e-07,1.88793750000001e-09,1.89674784573535e-09,-4.21775184277676e-13,-8.02026421799882e-14,-7.74385470729795e-14,NaN
-2549.01732,-0.31602,-4.87291375e-07,1.88587499999999e-09,1.89674227360477e-09,1.6541330291237e-13,-5.06793909631205e-14,-5.14001971253715e-14,NaN
-2538.93482,-0.31477,-4.85405125e-07,1.89118749999999e-09,1.89707867234117e-09,4.70792383292947e-13,-1.73822841349198e-14,-1.9018373604525e-14,NaN
-2528.85232,-0.31352,-4.83509e-07,1.89875e-09,1.89768385837136e-09,5.39792471042822e-13,-9.44708389413103e-15,-1.11717969878904e-14,NaN
-2518.76982,-0.31227,-4.81607625e-07,1.91e-09,1.89815825728326e-09,2.28771060021831e-13,-3.69218419607712e-14,-3.9722538120861e-14,NaN
-2508.60666,-0.31101,-4.79689e-07,1.90881250000003e-09,1.8981414004914e-09,-2.72788697789476e-13,-8.97329572943319e-14,-8.77677222176678e-14,NaN
-2498.52416,-0.30976,-4.7779e-07,1.89312500000001e-09,1.89761267988768e-09,-5.79501579502474e-13,-1.25132040319924e-13,-1.22237553382933e-13,NaN
-2488.44166,-0.30851,-4.7590275e-07,1.88724999999998e-09,1.8969823973324e-09,-4.84031677780719e-13,-1.23298444023738e-13,-1.22493463606315e-13,NaN
-2478.35916,-0.30726,-4.740155e-07,1.88731250000004e-09,1.89664461653212e-09,-7.69326956821864e-14,-9.81805356568521e-14,-9.82730566073121e-14,NaN
-2468.27666,-0.30601,-4.72128125e-07,1.89075000000002e-09,1.89682853194103e-09,3.10538785538076e-13,-7.31181206736074e-14,-7.35001818672232e-14,NaN
-2458.19416,-0.30476,-4.70234e-07,1.90468749999999e-09,1.89726569410319e-09,1.50394875395422e-13,-7.03715934396444e-14,-7.41710572836483e-14,NaN
-2448.031,-0.3035,-4.6831875e-07,1.91449999999999e-09,1.89712932169182e-09,-4.48207704456156e-13,-1.0774396772842e-13,-1.09990277644284e-13,NaN
-2437.9485,-0.30225,-4.66405e-07,1.90437499999997e-09,1.89636927869428e-09,-6.80528255527503e-13,-1.58711179133344e-13,-1.53990406609431e-13,NaN
-2427.866,-0.301,-4.6451e-07,1.89049999999999e-09,1.89576826518077e-09,-5.86482098982106e-13,-1.70542214229419e-13,-1.68350021719467e-13,NaN
-2417.7835,-0.29975,-4.62624e-07,1.88531250000002e-09,1.89519631449632e-09,-2.7779484029616e-13,-1.45581739037301e-13,-1.45461675770653e-13,NaN
-2407.701,-0.2985,-4.60739375e-07,1.88231249999999e-09,1.89521267550018e-09,4.58527114775912e-13,-1.11749998860423e-13,-1.12475989177087e-13,NaN
-2397.6185,-0.29725,-4.58859375e-07,1.89549999999999e-09,1.89611336872587e-09,6.85104422604085e-13,-9.83679771131063e-14,-1.038743908952e-13,NaN
-2387.45534,-0.29599,-4.56948375e-07,1.91075000000002e-09,1.89658288434538e-09,1.8035056160063e-13,-1.26286770181917e-13,-1.24853483511674e-13,NaN
-2377.37284,-0.29474,-4.55037875e-07,1.90468749999999e-09,1.89647406984907e-09,-4.12199455949745e-13,-1.52115980328992e-13,-1.48732375538114e-13,NaN
-2367.29034,-0.29349,-4.53139e-07,1.89593749999999e-09,1.89575848543348e-09,-7.29233941734345e-13,-1.49186887635971e-13,-1.50178215764235e-13,NaN
-2357.20784,-0.29224,-4.51246e-07,1.89087500000002e-09,1.8950156019656e-09,-6.00750263251067e-13,-1.30306161411407e-13,-1.2914843544894e-13,NaN
-2347.12534,-0.29099,-4.4935725e-07,1.88650000000001e-09,1.89455698490698e-09,-1.135990698499e-13,-9.67149761341019e-14,-9.64274837199765e-14,NaN
-2337.04284,-0.28974,-4.47473e-07,1.88424999999997e-09,1.8947884038259e-09,4.2161284661368e-13,-6.31613091783014e-14,-6.43761897918233e-14,NaN
-2326.96034,-0.28849,-4.4558875e-07,1.89650000000002e-09,1.89540021060021e-09,4.64077307828814e-13,-4.77472160830457e-14,-4.93755107153865e-14,NaN
-2316.79718,-0.28723,-4.4368e-07,1.90437500000003e-09,1.89571655844156e-09,7.24025974016353e-14,-5.44011452296192e-14,-5.49888509076998e-14,NaN
-2306.71468,-0.28598,-4.4178e-07,1.90299999999999e-09,1.89554501579501e-09,-3.27647858898419e-13,-6.80547742886633e-14,-6.71208726813738e-14,NaN
-2296.63218,-0.28473,-4.39874e-07,1.89981249999999e-09,1.89506126272376e-09,-5.27492102489614e-13,-6.67832146865456e-14,-6.36015283388685e-14,NaN
-2286.54968,-0.28348,-4.37980375e-07,1.88806249999999e-09,1.89449003159003e-09,-4.27081870830243e-13,-3.95570966013437e-14,-3.85777955899434e-14,NaN
-2276.46718,-0.28223,-4.36097875e-07,1.88337499999998e-09,1.8942070989821e-09,6.63083538080966e-14,-1.2466724267368e-14,-1.76881113278833e-14,NaN
-2266.38468,-0.28098,-4.34213625e-07,1.89393749999999e-09,1.89462264829765e-09,4.51649701648404e-13,-2.30275803852656e-14,-2.27633557805722e-14,NaN
-2256.22152,-0.27972,-4.3231e-07,1.8963125e-09,1.8951103983854e-09,2.81217093715579e-13,-4.78389652830056e-14,-4.56657954458867e-14,NaN
-2246.13902,-0.27847,-4.30421e-07,1.90381250000002e-09,1.89518508248508e-09,-1.70476482976595e-14,-6.65827996766468e-14,-7.0476475051777e-14,NaN
-2236.05652,-0.27722,-4.28502375e-07,1.90556250000002e-09,1.8950763030888e-09,-2.49418655667904e-13,-8.42946523819683e-14,-7.96828959461583e-14,NaN
-2225.97402,-0.27597,-4.26609875e-07,1.89068750000001e-09,1.89468624517375e-09,-3.23508248508515e-13,-6.05838795048971e-14,-5.71533565289691e-14,NaN
-2215.89152,-0.27472,-4.24721e-07,1.88637499999998e-09,1.89442928659179e-09,-2.2672428922262e-14,-8.86366223580961e-15,-1.3057788622548e-14,NaN
-2205.80902,-0.27347,-4.22837125e-07,1.8868125e-09,1.8946409003159e-09,8.7085380836113e-14,1.7430050182425e-14,1.59550853312912e-14,NaN
-2195.72652,-0.27222,-4.20947375e-07,1.89506249999999e-09,1.89460345735346e-09,2.22929097925058e-14,1.37927830188851e-14,1.37344991624504e-14,NaN
-2185.56336,-0.27096,-4.19047e-07,1.89937499999999e-09,1.89468548613549e-09,1.03654791154345e-13,-7.07201519412375e-15,-7.77048739043961e-15,NaN
-2175.48086,-0.26971,-4.17148625e-07,1.90131250000003e-09,1.89481076693577e-09,3.89127764129447e-14,-3.17809175992241e-14,-3.04794432384727e-14,NaN
-2165.39836,-0.26846,-4.15244375e-07,1.90031250000001e-09,1.89476331168831e-09,-1.2301904176979e-13,-3.88016550486868e-14,-3.62209512978038e-14,NaN
-2155.31586,-0.26721,-4.13348e-07,1.89468749999998e-09,1.89456472885223e-09,-2.00355387855362e-13,-2.17858259368828e-14,-2.28039542830753e-14,NaN
-2145.23336,-0.26596,-4.11455e-07,1.88599999999997e-09,1.8943626009126e-09,-1.05519480518179e-13,-4.49323908515116e-15,-5.60700688695118e-15,NaN
-2135.15086,-0.26471,-4.09576e-07,1.88762500000004e-09,1.89435368989119e-09,3.90663390676899e-14,1.19446072408173e-15,1.06228450008101e-15,NaN
-2124.9877,-0.26345,-4.0767975e-07,1.891e-09,1.89444073359074e-09,7.67089329600566e-14,-3.61041360394372e-15,-3.80756978209771e-15,NaN
-2114.9052,-0.2622,-4.05794e-07,1.89387499999997e-09,1.89450710775711e-09,-6.48495085997014e-14,-1.6253493217312e-14,-1.70092653321168e-14,NaN
-2104.8227,-0.26095,-4.03892e-07,1.902625e-09,1.89431103457354e-09,-1.43015093016306e-13,-3.1780253852311e-14,-3.0400730481159e-14,NaN
-2094.7402,-0.2597,-4.0198875e-07,1.902375e-09,1.89422107757108e-09,1.33746489994351e-13,-3.64188299058391e-14,-3.4900037060523e-14,NaN
-2084.6577,-0.25845,-4.0008725e-07,1.89587500000003e-09,1.89457852755353e-09,1.49166374165525e-13,-3.24917951049018e-14,-3.49892003898518e-14,NaN
-2074.5752,-0.2572,-3.98197e-07,1.89212500000001e-09,1.89451941031941e-09,-3.66444366436575e-14,-4.00409730385256e-14,-4.05524925882539e-14,NaN
-2064.41204,-0.25594,-3.96303e-07,1.88787499999999e-09,1.89450523868024e-09,1.58353808354035e-13,-4.99717923046542e-14,-4.80205966127967e-14,NaN
-2054.32954,-0.25469,-3.9442125e-07,1.88599999999999e-09,1.89483611793612e-09,-8.30335205260971e-15,-4.72219534210676e-14,-4.75409799114038e-14,NaN
-2044.24704,-0.25344,-3.92531e-07,1.89281249999998e-09,1.89448863197613e-09,-2.94127325377456e-13,-3.94931066438829e-14,-3.86111907397152e-14,NaN
-2034.16454,-0.25219,-3.90635625e-07,1.89999999999998e-09,1.89424786328536e-09,-1.13107669357735e-13,-3.07649265086282e-14,-3.20926189086175e-14,NaN
-2024.08204,-0.25094,-3.88731e-07,1.9058125e-09,1.89426241663742e-09,-2.91966479461093e-14,-3.53061064327886e-14,-3.69624549525376e-14,NaN
-2013.99954,-0.24969,-3.86824e-07,1.89800000000001e-09,1.89418946998947e-09,-9.70186907687092e-14,-5.18955951673068e-14,-5.00724041800556e-14,NaN
-2003.91704,-0.24844,-3.84935e-07,1.89162500000002e-09,1.89406837925588e-09,-7.22643910135434e-14,-5.99882753993872e-14,-6.01937070449004e-14,NaN
-1993.75388,-0.24718,-3.8304075e-07,1.88818750000002e-09,1.89404494120744e-09,-1.10108810108326e-13,-6.03095913341642e-14,-5.92326733683992e-14,NaN
-1983.67138,-0.24593,-3.81158625e-07,1.884375e-09,1.89384816163566e-09,-1.06386012637027e-13,-5.11882846457839e-14,-5.11838157141638e-14,NaN
-1973.58888,-0.24468,-3.79272e-07,1.893875e-09,1.89383216918217e-09,7.09174271665234e-14,-4.35171399423165e-14,-4.52313734632757e-14,NaN
-1963.50638,-0.24343,-3.77370875e-07,1.8995e-09,1.89398999649e-09,7.10336960344881e-14,-4.82410793674002e-14,-4.74433058928884e-14,NaN
-1953.42388,-0.24218,-3.75473e-07,1.89999999999998e-09,1.89397423657424e-09,-9.97630747622677e-14,-5.63056339868155e-14,-5.58101967141728e-14,NaN
-1943.34138,-0.24093,-3.73570875e-07,1.90099999999999e-09,1.89379047034047e-09,-2.69127325378172e-13,-6.79636920689798e-14,-7.0187833970978e-14,NaN
-1933.17822,-0.23967,-3.71671e-07,1.89637499999999e-09,1.89343598192348e-09,-2.99653387154662e-13,-8.92482433964747e-14,-8.97468098927711e-14,NaN
-1923.09572,-0.23842,-3.69778125e-07,1.88562500000001e-09,1.89319116356616e-09,-1.5775491400543e-13,-1.00243955561902e-13,-9.56696816973025e-14,NaN
-1913.01322,-0.23717,-3.6789975e-07,1.88081250000002e-09,1.89312047209547e-09,1.17747455248227e-13,-7.52188870344052e-14,-7.51189881861423e-14,NaN
-1902.93072,-0.23592,-3.660165e-07,1.8905625e-09,1.89342665847666e-09,4.19335731836383e-13,-4.18076247034554e-14,-4.56118178649108e-14,NaN
-1892.84822,-0.23467,-3.64118625e-07,1.89881250000002e-09,1.89395914355914e-09,3.46213583713656e-13,-2.88102420215911e-14,-2.64800206652166e-14,NaN
-1882.76572,-0.23342,-3.62218875e-07,1.896625e-09,1.89411908564409e-09,-1.75515531765331e-13,-2.06445588910382e-14,-2.1985528896143e-14,NaN
-1872.68322,-0.23217,-3.60325375e-07,1.8999375e-09,1.89360811249561e-09,-5.30056598806673e-13,-2.89143110383916e-14,-3.18396786449646e-14,NaN
-1862.52006,-0.23091,-3.58419e-07,1.89212500000001e-09,1.89305897244647e-09,-4.161920849421e-13,-4.95785841306905e-14,-4.55117906409623e-14,NaN
-1852.43756,-0.22966,-3.56541125e-07,1.88249999999998e-09,1.89277572832573e-09,-2.68778518783377e-14,-4.44671750916228e-14,-4.3216626146461e-14,NaN
-1842.35506,-0.22841,-3.54654e-07,1.8895625e-09,1.89300521674272e-09,2.64660845909671e-13,-2.28558048917052e-14,-2.47738167942498e-14,NaN
-1832.27256,-0.22716,-3.52762e-07,1.89549999999999e-09,1.89330505001755e-09,2.6706739206767e-13,-8.60993219500801e-15,-7.60026732561623e-15,NaN
-1822.19006,-0.22591,-3.50863e-07,1.89781249999999e-09,1.89353935152685e-09,1.19186556688549e-13,-3.21821013591482e-15,-5.23179096572212e-15,NaN
-1812.10756,-0.22466,-3.48966375e-07,1.90500000000002e-09,1.89354342313093e-09,-2.75177693927114e-13,-1.99487153250468e-14,-2.23720542250886e-14,NaN
-1801.9444,-0.2234,-3.47053e-07,1.89843750000001e-09,1.892988996139e-09,-4.445265882774e-13,-4.85777480252734e-14,-4.43354162292496e-14,NaN
-1791.8619,-0.22215,-3.451695e-07,1.88387499999999e-09,1.89265436995437e-09,-1.66490435240816e-13,-5.06093213323101e-14,-5.00402449234658e-14,NaN
-1781.7794,-0.2209,-3.4328525e-07,1.88474999999999e-09,1.89265601526852e-09,5.82419269918023e-14,-3.70413192954832e-14,-3.82904171631535e-14,NaN
-1771.6969,-0.21965,-3.414e-07,1.8886875e-09,1.89277085380835e-09,2.69452000701821e-13,-2.55108507339684e-14,-2.45547342523437e-14,NaN
-1761.6144,-0.2184,-3.39507875e-07,1.89450000000002e-09,1.89319491926992e-09,4.83660933660006e-13,-1.90822160107882e-14,-2.0709617271283e-14,NaN
-1751.5319,-0.21715,-3.37611e-07,1.90343750000001e-09,1.89373817567567e-09,2.58665321164356e-13,-3.19744077745865e-14,-3.39295705289692e-14,NaN
-1741.36874,-0.21589,-3.35701e-07,1.90449999999998e-09,1.89371224991225e-09,-2.96079764829657e-13,-5.94200706349019e-14,-5.89889331795642e-14,NaN
-1731.28624,-0.21464,-3.33802e-07,1.892e-09,1.89314601614602e-09,-5.37221393470428e-13,-7.38416170668081e-14,-7.04796585413598e-14,NaN
-1721.20374,-0.21339,-3.31917e-07,1.88100000000004e-09,1.89263780712531e-09,-3.31100824849077e-13,-5.26913965243186e-14,-5.06835802720405e-14,NaN
-1711.12124,-0.21214,-3.3004e-07,1.8808125e-09,1.89248381449632e-09,-2.60420322909356e-14,-1.26446079250104e-14,-1.54990392679129e-14,NaN
-1701.03874,-0.21089,-3.28155375e-07,1.89049999999999e-09,1.89258572306073e-09,2.797845735339e-13,6.19902687029487e-15,3.98195144858381e-15,NaN
-1690.932042,-0.209637,-3.26259e-07,1.8971875e-09,1.89304338364338e-09,3.58597314846988e-13,-2.95851499869471e-15,-2.48457863157705e-15,NaN
-1680.833510825,-0.2083850125,-3.24361e-07,1.90056249999999e-09,1.89330291769042e-09,-5.17901017890481e-14,-2.10493764723087e-14,-2.01963238613447e-14,NaN
-1670.742844,-0.207134,-3.22457875e-07,1.89893749999999e-09,1.89293980343981e-09,-4.18403387152398e-13,-3.45349581072495e-14,-3.46805806208917e-14,NaN
-1660.64441365,-0.205882025,-3.20563125e-07,1.89262500000002e-09,1.89246611091611e-09,-4.29497191997699e-13,-3.98289409214669e-14,-3.9108159773472e-14,NaN
-1650.553646,-0.204631,-3.18672625e-07,1.88731249999999e-09,1.89208080905581e-09,-2.97027465778848e-13,-3.1646076607085e-14,-2.94203243679668e-14,NaN
-1640.455114825,-0.2033790125,-3.167885e-07,1.88656249999997e-09,1.89187205598456e-09,1.66424622674645e-13,-1.31102302495018e-14,-1.57785025510874e-14,NaN
-1630.364548825,-0.2021280125,-3.148995e-07,1.89281250000001e-09,1.89241365830116e-09,5.45219813969944e-13,-1.33123763904947e-14,-1.51860826784311e-14,NaN
-1620.265816,-0.200876,-3.13002875e-07,1.89643750000003e-09,1.8929624956125e-09,2.30977974727608e-13,-3.02136460533427e-14,-2.77136421636938e-14,NaN
-1610.17525,-0.199625,-3.11106625e-07,1.89606249999999e-09,1.89287561425062e-09,-7.08823271330378e-14,-3.99152635687337e-14,-4.04107276904281e-14,NaN
-1600.076718825,-0.1983730125,-3.0921075e-07,1.89668749999999e-09,1.89282073095823e-09,-2.21790540541372e-13,-4.76851653132591e-14,-4.90362809806333e-14,NaN
-1589.978086825,-0.1971210125,-3.0731325e-07,1.89312500000001e-09,1.89243203316953e-09,-3.92433748684003e-13,-5.30108729104093e-14,-5.07606325095949e-14,NaN
-1579.88742,-0.19587,-3.054245e-07,1.88650000000001e-09,1.89203586346086e-09,-1.04962267462324e-13,-3.96168918643091e-14,-3.8603875177406e-14,NaN
-1569.788788,-0.194618,-3.0354025e-07,1.88675000000002e-09,1.89222210863461e-09,3.64937258686713e-13,-1.7480532355252e-14,-1.90656593432656e-14,NaN
-1559.69842365,-0.193367025,-3.01651e-07,1.89062500000002e-09,1.89276573797824e-09,4.61576430326493e-13,-8.39763257740064e-15,-9.34307100902263e-15,NaN
-1549.599690825,-0.1921150125,-2.99759e-07,1.89724999999999e-09,1.89314526149526e-09,1.01461038962755e-13,-1.56708825314254e-14,-1.59784470289709e-14,NaN
-1539.509024,-0.190864,-2.978565e-07,1.89918749999998e-09,1.89296866005616e-09,-3.21053439802224e-13,-3.15728571824067e-14,-3.15015708776219e-14,NaN
-1529.4107953,-0.18961205,-2.95960625e-07,1.89325000000001e-09,1.89250315461566e-09,-4.10639698139625e-13,-4.47878790240614e-14,-4.38030246241101e-14,NaN
-1519.311860825,-0.1883600125,-2.9407e-07,1.88931250000002e-09,1.89214738065988e-09,-2.92381098631573e-13,-4.48319441059283e-14,-4.33962292842847e-14,NaN
-1509.221294825,-0.1871090125,-2.92182e-07,1.88550000000001e-09,1.89191839241839e-09,-1.47718497718641e-13,-3.27110164769775e-14,-3.36043481866197e-14,NaN
-1499.122662825,-0.1858570125,-2.90299e-07,1.88699999999997e-09,1.89185194366445e-09,7.90299227796755e-14,-2.6181066438688e-14,-2.72181054809907e-14,NaN
-1489.031996,-0.184606,-2.88408e-07,1.89412499999998e-09,1.89207645226395e-09,2.81021849771599e-13,-3.25758610133798e-14,-3.23443608069634e-14,NaN
-1478.93356565,-0.183354025,-2.8651075e-07,1.89900000000001e-09,1.89241398736399e-09,1.18725868726175e-13,-4.7130378396508e-14,-4.8652739554742e-14,NaN
-1468.842898825,-0.1821030125,-2.8461e-07,1.9001875e-09,1.89231390400141e-09,-2.09573534574904e-13,-6.7780432525052e-14,-6.63362651826765e-14,NaN
-1458.74436765,-0.180851025,-2.82710375e-07,1.89349999999999e-09,1.89199484029484e-09,-2.3279878905036e-13,-7.47009571565942e-14,-7.31235922827129e-14,NaN
-1448.6459373,-0.17959905,-2.80823e-07,1.88893750000001e-09,1.8918483064233e-09,-1.50644963144268e-13,-6.49155050430982e-14,-6.69745215245593e-14,NaN
-1438.554968,-0.178348,-2.789325e-07,1.8875625e-09,1.89169355036855e-09,-1.520599333091e-13,-5.38502191318087e-14,-5.13901716108012e-14,NaN
-1428.456336,-0.177096,-2.77047875e-07,1.883375e-09,1.89154418655669e-09,9.08871533780503e-15,-3.29093834195912e-14,-3.3510294379288e-14,NaN
-1418.366072475,-0.1758450375,-2.7516575e-07,1.89206250000002e-09,1.89171172779923e-09,2.6723411723412e-13,-2.21978363150652e-14,-2.58457036478115e-14,NaN
-1408.2675413,-0.17459305,-2.7326375e-07,1.89856250000001e-09,1.89207865479115e-09,2.458779396295e-13,-3.48097883637208e-14,-3.29495578281324e-14,NaN
-1398.176572,-0.173342,-2.71368625e-07,1.8973125e-09,1.89220348367848e-09,-2.26504914004805e-14,-4.12809978956748e-14,-4.00992948806279e-14,NaN
-1388.07794,-0.17209,-2.69469125e-07,1.8943125e-09,1.89203335380835e-09,-3.00432169182041e-13,-3.38499128229085e-14,-3.35353263031094e-14,NaN
-1377.987878125,-0.1708390625,-2.6758e-07,1.88687499999999e-09,1.89160261934012e-09,-3.47415759914975e-13,-1.85415162329511e-14,-1.87449413393387e-14,NaN
-1367.888742,-0.169587,-2.65695375e-07,1.88549999999998e-09,1.89133852228852e-09,-1.06467181468197e-13,-5.05096727765516e-15,-6.23605703777344e-15,NaN
-1357.790210825,-0.1683350125,-2.63809e-07,1.887125e-09,1.89138968497718e-09,1.04845998595393e-13,-7.00132201017809e-16,-1.59699039181685e-16,NaN
-1347.700048125,-0.1670840625,-2.61921125e-07,1.89150000000001e-09,1.89154821428571e-09,2.0299885925009e-13,1.01516995434396e-15,1.33895291479326e-15,NaN
-1337.601012825,-0.1658320125,-2.60026e-07,1.89606249999999e-09,1.89179568269568e-09,1.61385573886943e-13,2.94066591058331e-16,-7.61975033488248e-16,NaN
-1327.51054765,-0.164581025,-2.58129e-07,1.89899999999998e-09,1.89187098543349e-09,-3.6462355212623e-14,-6.441782760155e-15,-6.65875009478572e-15,NaN
-1317.411714,-0.163329,-2.56228e-07,1.89393750000002e-09,1.89172275798526e-09,-1.80052211304319e-13,-1.04502329488662e-14,-8.11674290941053e-15,NaN
-1307.321148,-0.162078,-2.54341125e-07,1.88531249999999e-09,1.89151088101088e-09,-1.52461389961672e-13,-4.57853253953729e-16,-9.83026190203856e-16,NaN
-1297.222818475,-0.1608260375,-2.52457375e-07,1.88806249999999e-09,1.89141783520534e-09,1.08064233071922e-14,7.58473658538762e-15,5.12360835622241e-15,NaN
-1287.123884,-0.159574,-2.50565e-07,1.89012500000003e-09,1.89153249385749e-09,1.72082309582126e-13,3.85393441954776e-15,6.22525577772539e-15,NaN
-1277.033418825,-0.1583230125,-2.48677125e-07,1.89131250000002e-09,1.8917619998245e-09,3.47292909792502e-13,7.23930077251071e-15,7.4699970380382e-15,NaN
-1266.934686,-0.157071,-2.46782375e-07,1.89637499999999e-09,1.89222707967708e-09,2.03319147068803e-13,8.96498032285482e-15,6.55107489825888e-15,NaN
-1256.8445233,-0.15582005,-2.44884375e-07,1.898625e-09,1.89216863811864e-09,-3.07421463671544e-13,-2.43633868199562e-15,-1.62998644071463e-15,NaN
-1246.745488,-0.154568,-2.42985125e-07,1.89437500000001e-09,1.89161223674974e-09,-3.39614777114594e-13,-1.0269738040997e-14,-9.65054537153285e-15,NaN
-1236.65512365,-0.153317025,-2.41095625e-07,1.88656249999997e-09,1.89148940856441e-09,-1.03268690767806e-13,-7.24774236805058e-15,-6.60202261781931e-15,NaN
-1226.556794125,-0.1520650625,-2.39212e-07,1.88293749999998e-09,1.8914056993682e-09,-3.5591435591115e-14,6.69320924586066e-15,7.89161834990165e-15,NaN
-1216.465724,-0.150814,-2.3732975e-07,1.88656250000002e-09,1.89141822569323e-09,1.81973938224041e-13,2.40832806237223e-14,2.21196101720681e-14,NaN
-1206.367394475,-0.1495620375,-2.35438875e-07,1.89537500000002e-09,1.89176964724465e-09,2.96432958933524e-13,2.34711960413752e-14,2.20997707937496e-14,NaN
-1196.26866165,-0.148310025,-2.33539e-07,1.9004375e-09,1.89201109161109e-09,1.37412249911417e-13,6.31516837729234e-15,7.39666388535276e-15,NaN
-1186.177894,-0.147059,-2.31638e-07,1.8990625e-09,1.89204447174447e-09,-7.98942611454348e-14,-9.92662826775498e-15,-9.91908951308583e-15,NaN
-1176.079262,-0.145807,-2.29740875e-07,1.893e-09,1.8918513030888e-09,-2.46033696033198e-13,-2.04134673870337e-14,-1.97980551566236e-14,NaN
-1165.988696,-0.144556,-2.27852e-07,1.88612499999999e-09,1.89155240435241e-09,-2.28687697437159e-13,-2.03925746116175e-14,-1.97135405095584e-14,NaN
-1155.890164825,-0.1433040125,-2.25968625e-07,1.88293749999999e-09,1.89139392769393e-09,-3.59073359077877e-14,-1.22909849273643e-14,-1.26157691707455e-14,NaN
-1145.79969965,-0.142053025,-2.24086125e-07,1.88593750000002e-09,1.89148058968059e-09,1.40033783784364e-13,-6.45779784415463e-15,-7.12922435286657e-15,NaN
-1135.701168475,-0.1408010375,-2.2219675e-07,1.89362500000002e-09,1.8916739952615e-09,1.11177167427109e-13,-9.4529633657543e-15,-9.91718824940618e-15,NaN
-1125.60243565,-0.139549025,-2.20298875e-07,1.89831249999999e-09,1.89170294401544e-09,8.82283257272151e-14,-2.00031222276229e-14,-2.00715646956268e-14,NaN
-1115.511970475,-0.1382980375,-2.18400125e-07,1.89887499999998e-09,1.89185045191295e-09,4.84687609686659e-14,-3.14189581892816e-14,-3.21191485149844e-14,NaN
-1105.4134393,-0.13704605,-2.16501125e-07,1.8920625e-09,1.89179988153738e-09,-2.21604071603541e-13,-3.6212659550206e-14,-3.27512552578779e-14,NaN
-1095.32267165,-0.135795025,-2.14616e-07,1.88037500000001e-09,1.89140724376974e-09,-2.12028343277886e-13,-1.87275274766724e-14,-1.82957669618235e-14,NaN
-1085.223838,-0.134543,-2.12740375e-07,1.88818749999999e-09,1.89137582485083e-09,2.72244647248013e-14,-3.68991321211763e-15,-9.02064302444365e-15,NaN
-1075.133372825,-0.1332920125,-2.10839625e-07,1.89368750000001e-09,1.89146169269919e-09,1.07939189189744e-13,-2.08633740065484e-14,-1.86504587917401e-14,NaN
-1065.03464,-0.13204,-2.08953e-07,1.8914375e-09,1.8915917032292e-09,1.99480080729332e-13,-3.7819619299501e-14,-3.6025062979122e-14,NaN
-1054.936008,-0.130788,-2.0705675e-07,1.8990625e-09,1.89186065286065e-09,3.43497718488943e-14,-4.7947702703275e-14,-5.10291927509024e-14,NaN
-1044.845946125,-0.1295370625,-2.05154875e-07,1.89950000000001e-09,1.8916604027729e-09,-3.16148209898093e-13,-6.55731682345908e-14,-6.42389657795284e-14,NaN
-1034.746709175,-0.1282849875,-2.0325775e-07,1.89074999999998e-09,1.89122835644086e-09,-2.99839856089598e-13,-6.90708426878488e-14,-6.68810044348813e-14,NaN
-1024.656344825,-0.1270340125,-2.01373375e-07,1.884375e-09,1.89106072306072e-09,-1.02252983502458e-13,-5.23812481665109e-14,-5.29880318656369e-14,NaN
-1014.557612,-0.125782,-1.99489e-07,1.88418750000002e-09,1.89102385047385e-09,5.29637592138703e-14,-3.4993019725326e-14,-3.57421780056135e-14,NaN
-1004.467146825,-0.1245310125,-1.97605e-07,1.888e-09,1.89116665057915e-09,1.66409266409232e-13,-2.93156492625723e-14,-3.0330922010671e-14,NaN
-994.368414,-0.123279,-1.95713e-07,1.89399999999999e-09,1.89135666900667e-09,1.07434626184841e-13,-3.90184487398404e-14,-3.94291083527967e-14,NaN
-984.278150475,-0.1220280375,-1.93817e-07,1.89700000000001e-09,1.89138151983152e-09,-5.73556511059158e-14,-5.59258813909024e-14,-5.50163720463919e-14,NaN
-974.179316825,-0.1207760125,-1.91919e-07,1.89749999999999e-09,1.89124195770446e-09,-2.1522025272046e-13,-6.7071381631706e-14,-6.6746633965893e-14,NaN
-964.080684825,-0.1195240125,-1.90022e-07,1.89225e-09,1.89095107932608e-09,-2.38373113372342e-13,-7.00993262308212e-14,-7.05163776784454e-14,NaN
-953.990320475,-0.1182730375,-1.881345e-07,1.8861875e-09,1.89076521147771e-09,-1.2212399087362e-13,-6.6442814724636e-14,-6.53471618885416e-14,NaN
-943.891386,-0.117021,-1.86249625e-07,1.88275e-09,1.89070683134433e-09,4.13982976475792e-14,-5.26693464272549e-14,-5.14822852139914e-14,NaN
-933.800920825,-0.1157700125,-1.84369e-07,1.8868125e-09,1.89084800807301e-09,1.07985257985361e-13,-3.81290370738829e-14,-4.16227452082261e-14,NaN
-923.702188,-0.114518,-1.82476e-07,1.8956875e-09,1.8909228018603e-09,-1.52542558791602e-13,-4.60210498877982e-14,-4.59237076942084e-14,NaN
-913.611622,-0.113267,-1.80577625e-07,1.894e-09,1.89054292295543e-09,-1.8975956476025e-13,-5.87846198582751e-14,-5.66138895510294e-14,NaN
-903.5133933,-0.11201505,-1.78688e-07,1.8963125e-09,1.89054328273078e-09,3.50824850812763e-14,-5.99946408998022e-14,-6.20983383548873e-14,NaN
-893.4147613,-0.11076305,-1.76785e-07,1.8935e-09,1.89061308792559e-09,-7.90518603018705e-14,-5.85511938447347e-14,-5.56927539380777e-14,NaN
-883.323792,-0.109512,-1.74901e-07,1.8810625e-09,1.89038517901018e-09,-6.74337486835934e-14,-3.88112225494345e-14,-3.81503782577996e-14,NaN
-873.22516,-0.10826,-1.73022875e-07,1.88399999999999e-09,1.89047822042822e-09,1.87609687610154e-13,-1.84801364479282e-14,-2.21728681701554e-14,NaN
-863.1349973,-0.10700905,-1.71133e-07,1.88993750000001e-09,1.8907603983854e-09,1.61525974025848e-13,-2.29731950433158e-14,-2.22024868190179e-14,NaN
-853.035962,-0.105757,-1.69243e-07,1.8925e-09,1.89080127237627e-09,-1.01465426465829e-13,-3.46237877460469e-14,-3.42782468074761e-14,NaN
-842.945396,-0.104506,-1.67348e-07,1.89749999999999e-09,1.89055746753247e-09,-2.44484906984589e-13,-4.47568999167126e-14,-4.4975303201455e-14,NaN
-832.847066475,-0.1032540375,-1.65448e-07,1.89600000000001e-09,1.8903123025623e-09,-2.23185766935443e-13,-4.87288278658959e-14,-4.72375740235774e-14,NaN
-822.756198,-0.102003,-1.63556e-07,1.8909375e-09,1.8901110959986e-09,-9.70164970164483e-14,-3.93478295821848e-14,-3.95634826983065e-14,NaN
-812.657666825,-0.1007510125,-1.61666125e-07,1.88687499999999e-09,1.89011826956827e-09,3.68133555625744e-14,-2.68201245478832e-14,-2.7249656972579e-14,NaN
-802.559034825,-0.0994990125,-1.5978225e-07,1.88406249999999e-09,1.89018472270972e-09,9.94734994729323e-14,-1.88359792238747e-14,-1.89522614706747e-14,NaN
-792.46856965,-0.098248025,-1.57898e-07,1.887125e-09,1.89031721656722e-09,1.5825947700992e-13,-1.80744484495922e-14,-1.89706511090948e-14,NaN
-782.369736,-0.096996,-1.56008e-07,1.8915e-09,1.89050124166374e-09,6.048613548622e-14,-2.58579608518015e-14,-2.58172877687212e-14,NaN
-772.279270825,-0.0957450125,-1.54115e-07,1.89531250000001e-09,1.89043818883819e-09,-1.63037469287884e-13,-3.30532473630718e-14,-3.41893864185337e-14,NaN
-762.180638825,-0.0944930125,-1.52217375e-07,1.89456249999999e-09,1.89017516672517e-09,-2.33617058616987e-13,-3.10015582185758e-14,-2.80061125867193e-14,NaN
-752.090072825,-0.0932420125,-1.50325875e-07,1.89118749999998e-09,1.88997095472095e-09,-1.6178922428826e-14,2.21081199356874e-15,5.78730649597644e-15,NaN
-741.99154165,-0.091990025,-1.48435e-07,1.88843750000001e-09,1.89014280888031e-09,7.84836784836768e-14,5.3550702980251e-14,4.98479665467914e-14,NaN
-731.892808825,-0.0907380125,-1.46549e-07,1.88418750000001e-09,1.89012792207792e-09,6.48582836081245e-14,6.82591852536035e-14,6.56578136457646e-14,NaN
-721.802142,-0.089487,-1.44666625e-07,1.88650000000001e-09,1.89027252544752e-09,1.54334854335377e-13,3.47759210494539e-14,3.45679126494413e-14,NaN
-711.703812475,-0.0882350375,-1.42776e-07,1.891125e-09,1.89043659178659e-09,-1.08281414531066e-13,-2.81100919715839e-14,-2.80322758471726e-14,NaN
-701.61314565,-0.086984025,-1.40884375e-07,1.89299999999999e-09,1.89005596261846e-09,-2.85834942085324e-13,-9.91830914820829e-14,-9.83292483863976e-14,NaN
-691.51451365,-0.085732025,-1.3899e-07,1.89212499999999e-09,1.88986492190242e-09,-1.32026588276425e-13,-1.58135169939414e-13,-1.56592164489103e-13,NaN
-681.42435095,-0.084481075,-1.37100125e-07,1.89062499999999e-09,1.88979190944191e-09,-3.51461038956007e-14,-1.94619922583944e-13,-1.95036554780816e-13,NaN
-671.325114,-0.083229,-1.3520875e-07,1.8900625e-09,1.88979462969463e-09,1.01553176553782e-13,-2.16292674909674e-13,-2.16904318831945e-13,NaN
-661.226482,-0.081977,-1.3332e-07,1.8876875e-09,1.88999501579502e-09,1.63491575991615e-13,-2.25948043447097e-13,-2.25522745332196e-13,NaN
-651.13611765,-0.080726025,-1.31433375e-07,1.8885e-09,1.89012161284661e-09,4.56673394169453e-14,-2.19244798966873e-13,-2.19629246821217e-13,NaN
-641.037384825,-0.0794740125,-1.29543e-07,1.88931250000001e-09,1.89008635047385e-09,-2.55330817829581e-14,-1.96803523580171e-13,-1.96182840977337e-13,NaN
-630.946718,-0.078223,-1.2765475e-07,1.89250000000002e-09,1.89007054668305e-09,-7.07704457706287e-14,-1.54759574430804e-13,-1.5497936481726e-13,NaN
-620.848590125,-0.0769710625,-1.25758e-07,1.8943125e-09,1.88994480958231e-09,-1.03865391366219e-13,-9.64896056956432e-14,-9.60803519945714e-14,NaN
-610.757620825,-0.0757200125,-1.23866125e-07,1.88968749999999e-09,1.88986281590032e-09,1.26776939278091e-14,-2.28060503762389e-14,-2.21885617780385e-14,NaN
-600.658888,-0.074468,-1.21978625e-07,1.88881250000001e-09,1.88997016497017e-09,9.46165321170926e-14,6.07040320133526e-14,5.97324978932132e-14,NaN
-590.568422825,-0.0732170125,-1.200885e-07,1.88781250000001e-09,1.89005204896455e-09,6.74732362236686e-14,1.41249548313404e-13,1.40185034634578e-13,NaN
-580.46969,-0.071965,-1.18203e-07,1.88825e-09,1.89010511144261e-09,-6.3523955774003e-13,2.17373970099149e-13,2.18706413425207e-13,NaN
-570.37125965,-0.070713025,-1.16312e-07,1.88799999999999e-09,1.88878156984907e-09,-1.61862298174839e-12,3.00040095198789e-13,3.00013025347013e-13,NaN
-560.280592825,-0.0694620125,-1.14427e-07,1.891875e-09,1.88686786547912e-09,-1.21184582309567e-12,3.84665549303186e-13,3.83787149592507e-13,NaN
-550.181960825,-0.0682100125,-1.1252825e-07,1.89250000000001e-09,1.88635787820288e-09,-2.42014741974214e-15,4.66983773040584e-13,4.68969879286669e-13,NaN
-540.09149565,-0.066959025,-1.10642e-07,1.89112499999999e-09,1.88686302518428e-09,7.24850605476221e-13,5.52976203663815e-13,5.51637765024537e-13,NaN
-529.9930653,-0.06570705,-1.08746e-07,1.8908125e-09,1.88780757941383e-09,1.2351616795365e-12,6.25453038888057e-13,6.24866003547055e-13,NaN
-519.902096,-0.064456,-1.06860375e-07,1.88675000000001e-09,1.88933334854335e-09,1.67000592313023e-12,6.82839593886734e-13,6.83159587153524e-13,NaN
-509.803464,-0.063204,-1.049725e-07,1.8881875e-09,1.89114759126009e-09,1.65198929448883e-12,7.30409929478295e-13,7.29793096367035e-13,NaN
-499.70543695,-0.061952075,-1.03084e-07,1.88875e-09,1.89263732713233e-09,1.48223367848385e-12,7.69704851701966e-13,7.71224735935655e-13,NaN
-489.614266,-0.060701,-1.01195e-07,1.890375e-09,1.89411205861706e-09,1.37418611793615e-12,8.09461552894999e-13,8.09356705868445e-13,NaN
-479.515734825,-0.0594490125,-9.930325e-08,1.893e-09,1.8953856993682e-09,1.25392593892525e-12,8.4068524266827e-13,8.39685400382576e-13,NaN
-469.42526965,-0.058198025,-9.7409e-08,1.8936875e-09,1.89661991049491e-09,1.22926158301133e-12,8.55604345942455e-13,8.55908454235865e-13,NaN
-459.326536825,-0.0569460125,-9.5515875e-08,1.88931249999999e-09,1.89784422253422e-09,1.11905580905618e-12,8.58112114304663e-13,8.5865777360927e-13,NaN
-449.235970825,-0.0556950125,-9.3630375e-08,1.88725e-09,1.89885802211302e-09,9.92524131274647e-13,8.48553869252213e-13,8.47943652544197e-13,NaN
-439.1376413,-0.05444305,-9.1741375e-08,1.88718750000001e-09,1.89982927079677e-09,8.44669620919554e-13,8.20908907062e-13,8.20946538516205e-13,NaN
-429.038706825,-0.0531910125,-8.9856e-08,1.8859375e-09,1.90054736135486e-09,5.96579062829227e-13,7.76275718937773e-13,7.76436176264408e-13,NaN
-418.94804,-0.05194,-8.79695e-08,1.890875e-09,1.90102242892243e-09,4.01366488241541e-13,7.15313762450886e-13,7.20400226310579e-13,NaN
-408.849508825,-0.0506880125,-8.607425e-08,1.89281250000001e-09,1.90135009433134e-09,2.99610389610349e-13,6.36810493028618e-13,6.35612476330201e-13,NaN
-398.75904365,-0.049437025,-8.4183875e-08,1.92804375e-09,1.90162164970165e-09,2.18347446472683e-13,4.80211287735165e-13,4.67024739240172e-13,NaN
-388.66121825,-0.048185125,-8.22181625e-08,1.95274999999999e-09,1.90178678922429e-09,1.37936995436707e-13,1.98938385116251e-13,2.00663147445205e-13,NaN
-378.570551425,-0.0469341125,-8.0278375e-08,1.927725e-09,1.90189752369252e-09,3.20535714282722e-14,-9.97429105074844e-14,-9.07767740772707e-14,NaN
-368.470507875,-0.0456819375,-7.83627125e-08,1.91139375e-09,1.90185089636715e-09,-1.36918655668645e-13,-3.28689521986528e-13,-3.29428749094856e-13,NaN
-358.379740225,-0.0444309125,-7.64555875e-08,1.90855625e-09,1.90162368638119e-09,-3.31746446121149e-13,-5.05363297190527e-13,-5.06458347548782e-13,NaN
-348.281108225,-0.0431789125,-7.45456e-08,1.89849375000001e-09,1.9011874034749e-09,-5.18217356967325e-13,-6.38601767725302e-13,-6.36292036271464e-13,NaN
-338.183182,-0.041927,-7.26586e-08,1.88985e-09,1.90058725166725e-09,-5.22040628290311e-13,-7.244668776837e-13,-7.25108424016326e-13,NaN
-328.0950358,-0.0406763,-7.07659e-08,1.89379999999999e-09,1.90014332221832e-09,-5.86131976131404e-13,-7.85967438120009e-13,-7.88148253176287e-13,NaN
-317.9976137,-0.03942445,-6.8871e-08,1.8914e-09,1.89941498771499e-09,-8.11626228501164e-13,-8.38627552874549e-13,-8.37787030051719e-13,NaN
-307.9050312,-0.0381732,-6.69831e-08,1.89060000000001e-09,1.89852006976132e-09,-9.06123201123865e-13,-8.72528483464392e-13,-8.72234354265366e-13,NaN
-297.8063992,-0.0369212,-6.50898e-08,1.88857500000001e-09,1.89760274131274e-09,-1.02082594770116e-12,-8.875575910063e-13,-8.8813204589759e-13,NaN
-287.71422,-0.03567,-6.320595e-08,1.88535e-09,1.89647841786592e-09,-1.23535845910862e-12,-8.87033743938999e-13,-8.86631220654841e-13,NaN
-277.616092125,-0.0344180625,-6.13191e-08,1.889975e-09,1.89513202439452e-09,-1.4964290101792e-12,-8.67573836969497e-13,-8.6735790103457e-13,NaN
-267.5161494,-0.0331659,-5.9426e-08,1.890875e-09,1.89348555984556e-09,-1.65342049841998e-12,-8.30490869786643e-13,-8.30167923887463e-13,NaN
-257.426289175,-0.0319149875,-5.753735e-08,1.88985e-09,1.89182518339768e-09,-1.67446889259408e-12,-7.79617094653437e-13,-7.79277287303876e-13,NaN
-247.3293712,-0.0306632,-5.56463e-08,1.89166875e-09,1.89013662206037e-09,-1.69577812390342e-12,-7.22552465989977e-13,-7.24885958855583e-13,NaN
-237.2379986,-0.0294121,-5.37540125e-08,1.891e-09,1.88843362714988e-09,-1.77560613373078e-12,-6.70861357294571e-13,-6.70794586418868e-13,NaN
-227.138257525,-0.0281599625,-5.18643e-08,1.88916875e-09,1.88658540979291e-09,-1.12174842049845e-12,-6.08884058633451e-13,-6.05912488526654e-13,NaN
-217.0463808,-0.0269088,-4.9975675e-08,1.8873e-09,1.88619013030888e-09,4.08064233064156e-13,-5.21739853622713e-13,-5.21618426886557e-13,NaN
-206.949362,-0.025657,-4.80897e-08,1.88883125e-09,1.88740153825904e-09,1.03758687258711e-12,-4.29216343791087e-13,-4.31184328446354e-13,NaN
-196.85778775,-0.024405875,-4.61980125e-08,1.8906625e-09,1.88826530405406e-09,6.85607449982095e-13,-3.52517775922455e-13,-3.53190752390821e-13,NaN
-186.76036565,-0.023154025,-4.4308375e-08,1.89130625e-09,1.888772753159e-09,4.33934713934289e-13,-2.89888575822581e-13,-2.90074040547447e-13,NaN
-176.6647584,-0.0219024,-4.24154e-08,1.8938875e-09,1.88913317348192e-09,2.94964241839645e-13,-2.31721777166294e-13,-2.32140718804403e-13,NaN
-166.571066825,-0.0206510125,-4.05206e-08,1.89095e-09,1.88936268164268e-09,9.01524657782495e-14,-1.66246658504987e-13,-1.6325670489299e-13,NaN
-156.47172905,-0.019398925,-3.86335e-08,1.8843e-09,1.88931347841348e-09,9.30572130541157e-15,-7.68048459454491e-14,-7.57416685280087e-14,NaN
-146.381062225,-0.0181479125,-3.6752e-08,1.88671875e-09,1.88938129308529e-09,1.43599311161283e-13,1.83792422655644e-14,1.56845777833008e-14,NaN
-136.2815228,-0.0168958,-3.48600625e-08,1.8884e-09,1.8896006770358e-09,1.0605354949125e-13,8.86774513444922e-14,8.85580483603871e-14,NaN
-126.1909568,-0.0156448,-3.29752e-08,1.88865625e-09,1.88959340018428e-09,2.49708230957653e-14,1.34899378800848e-13,1.34694464578143e-13,NaN
-116.092022325,-0.0143927625,-3.108275e-08,1.89235e-09,1.88965061868199e-09,1.17251140751494e-13,1.59247656958705e-13,1.59279322405294e-13,NaN
-105.995306,-0.013141,-2.91905e-08,1.8911875e-09,1.88982790246578e-09,4.78362802741567e-14,1.66315584073694e-13,1.66238882810118e-13,NaN
-95.90373175,-0.011889875,-2.7300375e-08,1.8933375e-09,1.88974629124254e-09,-4.71369998246999e-14,1.60327028191249e-13,1.60617285968661e-13,NaN
-85.80429315,-0.010637775,-2.5403825e-08,1.89034375e-09,1.88973362846613e-09,-1.20834283959264e-13,1.46400705431855e-13,1.48222127704174e-13,NaN
-75.71372715,-0.009386775,-2.35196875e-08,1.88508125e-09,1.88950462267462e-09,-1.78094287469708e-13,1.26268991179532e-13,1.25916947509332e-13,NaN
-65.612877,-0.0081345,-2.16336625e-08,1.88554375e-09,1.88937743989119e-09,6.05133380134276e-14,8.04143343079133e-14,7.60389097260619e-14,NaN
-55.5255374,-0.0068839,-1.97486e-08,1.88743125e-09,1.88962564935065e-09,2.1905054405399e-14,-6.57364015703334e-15,-9.03119773552944e-15,NaN
-45.4260988,-0.0056318,-1.78588e-08,1.8919e-09,1.88942125e-09,-4.32149877150682e-13,-9.90586870677422e-14,-9.29170706613216e-14,NaN
-35.3298866,-0.0043801,-1.59648e-08,1.89205e-09,1.88876134959635e-09,-5.16322174447168e-13,-1.32733056194193e-13,-1.30041199062206e-13,NaN
-25.2409338,-0.0031293,-1.40747e-08,1.8881e-09,1.88838860565111e-09,-1.04495217619737e-13,-1.14941188714606e-13,-1.16850843583568e-13,NaN
-15.1414952,-0.0018772,-1.21886e-08,1.88710625e-09,1.88855235916111e-09,2.79956783082139e-13,-8.44325256803812e-14,-8.51131027856502e-14,NaN
-5.0521391,-0.00062635,-1.03004875e-08,1.89315e-09,1.88894851921727e-09,4.3431883994369e-13,-5.76772013383611e-14,-5.79842541961035e-14,NaN
5.0501226,0.0006261,-8.4023e-09,1.89049375e-09,1.889420996841e-09,2.5432256932192e-13,-4.32052837072491e-14,-4.38842283364156e-14,NaN
15.1374622,0.0018767,-6.5195e-09,1.88965e-09,1.88945716435591e-09,-2.6801158301159e-13,-4.59645574654205e-14,-4.79686243029327e-14,NaN
25.237606575,0.0031288875,-4.623e-09,1.891756875e-09,1.88888497367497e-09,-5.58109863109987e-13,-6.29817866176415e-14,-6.10019968741223e-14,NaN
35.32605525,0.004379625,-2.73598625e-09,1.886523125e-09,1.88834094462969e-09,-3.54707353457339e-13,-6.79029553977028e-14,-6.73031010144416e-14,NaN
45.422569925,0.0056313625,-8.4995375e-10,1.89118625e-09,1.88817555896806e-09,-1.47080115826859e-14,-5.74715950471193e-14,-5.86744747605398e-14,NaN
55.5206978,0.0068833,1.04638625e-09,1.8876325e-09,1.88831152860653e-09,3.0344967532453e-13,-3.54295379454524e-14,-3.22008569002385e-14,NaN
65.61691,0.008135,2.92531125e-09,1.879150625e-09,1.88878245831871e-09,4.07118725868881e-13,8.51498018430885e-15,7.55988863390605e-15,NaN
75.7179618,0.0093873,4.8046875e-09,1.887581875e-09,1.88912576605827e-09,2.67016716391995e-13,4.69857780916799e-14,4.5297142532366e-14,NaN
85.8093344,0.0106384,6.700475e-09,1.88658125e-09,1.88931649175149e-09,-3.8972007722127e-14,6.37494092808753e-14,6.32889605749868e-14,NaN
95.905647425,0.0118901125,8.57785e-09,1.8907625e-09,1.88904782204282e-09,-3.94725342225601e-13,6.22731754481055e-14,5.98712450911907e-14,NaN
105.999843125,0.0131415625,1.0482e-08,1.891175e-09,1.88852704106704e-09,-3.7338320463297e-13,5.13962798582796e-14,5.59851552327829e-14,2.67755090243744e-07
116.0971644,0.0143934,1.23602e-08,1.88164375e-09,1.88830105563356e-09,-3.92306511051012e-14,6.7980446606979e-14,7.04385638223071e-14,3.36880087845817e-07
126.1917634,0.0156449,1.42452875e-08,1.8897e-09,1.88844857976483e-09,3.61751053000844e-13,9.53505204205795e-14,9.02651189630531e-14,4.31702742866776e-07
136.2815228,0.0168958,1.61396e-08,1.8998375e-09,1.88902455773956e-09,5.1556291681274e-13,8.81533118466289e-14,8.63332592874882e-14,4.12898196592335e-07
146.3793482,0.0181477,1.80449625e-08,1.89696875e-09,1.88947970559846e-09,2.24823622323362e-13,6.03653151038169e-14,6.27850407735412e-14,3.00276281960414e-07
156.4719307,0.01939895,1.99335375e-08,1.887175e-09,1.88947420498421e-09,-1.99619164619155e-13,4.7196970934142e-14,4.82356787241423e-14,2.30692376506768e-07
166.574293225,0.0206514125,2.18193125e-08,1.88143125e-09,1.88908046726922e-09,-2.86730431729879e-13,5.56285872661525e-14,5.73078513840461e-14,2.74081028358481e-07
176.665565,0.0219025,2.36964e-08,1.880975e-09,1.88890074412075e-09,-9.22887416637072e-14,8.05222144783928e-14,8.12122997626053e-14,3.88406651038547e-07
186.76036565,0.023154025,2.55812625e-08,1.88795e-09,1.88889588978589e-09,1.73696033695796e-13,9.71484882406479e-14,9.21395972876261e-14,4.4066763920169e-07
196.857686925,0.0244058625,2.74723e-08,1.89601875e-09,1.88924813618814e-09,5.43210183397429e-13,7.27270492402236e-14,7.55560915743145e-14,3.61355220572808e-07
206.9461356,0.0256566,2.93733e-08,1.8992375e-09,1.88998231015269e-09,5.73725188662607e-13,3.29145992830137e-14,2.9753594639245e-14,1.42299800448563e-07
217.0447676,0.0269086,3.1270775e-08,1.89365e-09,1.89039558656546e-09,3.34067435942629e-13,-2.9637653722815e-14,-3.70546523232625e-14,-1.77217902415603e-07
227.139064125,0.0281600625,3.31606e-08,1.88685625e-09,1.89065044502457e-09,4.11997630751051e-14,-8.54001143584609e-14,-7.08900573197253e-14,-3.39039404572599e-07
237.240115925,0.0294123625,3.50444875e-08,1.8816e-09,1.89047798609161e-09,-4.22758007195527e-13,-1.83115368665677e-14,-1.39772898597334e-14,-6.68479080248119e-08
247.3301778,0.0306633,3.69238e-08,1.88204375e-09,1.88980492901018e-09,-4.76377654440644e-13,1.18405325724973e-13,1.11139936041281e-13,5.31538824545257e-07
257.4255834,0.0319149,3.8808575e-08,1.88750625e-09,1.88952523078273e-09,-1.56912118287555e-13,2.20961505308535e-13,2.19897850819794e-13,1.05168537348597e-06
267.5153428,0.0331658,4.06988125e-08,1.89703125e-09,1.8894911047736e-09,1.73820858196027e-13,2.70330913419559e-13,2.6739418912034e-13,1.2788417740538e-06
277.6139748,0.0344178,4.26026375e-08,1.89998125e-09,1.88987287249912e-09,3.67575903826674e-13,2.59896763962128e-13,2.59463970531567e-13,1.24091464167271e-06
287.711901025,0.0356697125,4.4498775e-08,1.89475e-09,1.89022625658126e-09,-4.3326605824497e-15,2.17304054331206e-13,2.18154474715429e-13,1.04334748776944e-06
297.8063992,0.0369212,4.63921375e-08,1.8875375e-09,1.88986420717796e-09,-3.38408652158999e-13,1.75247038611637e-13,1.7847250583827e-13,8.53564158356943e-07
307.9066444,0.0381734,4.827385e-08,1.8805125e-09,1.88954943927694e-09,-1.18733546858571e-13,1.56498399739e-13,1.58826410946871e-13,7.59604574093731e-07
317.995899675,0.0394242375,5.01531625e-08,1.881925e-09,1.88962674008424e-09,1.32725078975192e-13,1.46200369671486e-13,1.43494419612284e-13,6.86277659015271e-07
328.090901975,0.0406757875,5.20377e-08,1.88775625e-09,1.88981488943489e-09,1.37781019655819e-13,1.02335049608789e-13,9.97048804061343e-14,4.76849428029338e-07
338.180459725,0.0419266625,5.3928675e-08,1.8962e-09,1.88990230212355e-09,5.16488241484113e-14,1.44539581079579e-14,1.45948229713913e-14,6.98013272544801e-08
348.27999915,0.043178775,5.58301e-08,1.9000625e-09,1.88991818708319e-09,-9.90176377675998e-14,-9.72060789096554e-14,-9.74975194573123e-14,-4.66292484361059e-07
358.378731975,0.0444307875,5.77288e-08,1.89655e-09,1.88970426684802e-09,-1.63583713583883e-14,-2.14051658929423e-13,-2.13960965485886e-13,-1.02329157406293e-06
368.470911175,0.0456819875,5.96232e-08,1.888375e-09,1.88988547034047e-09,4.67750745875795e-13,-3.14089239714053e-13,-3.1065150661201e-13,-1.48572459684005e-06
378.5728704,0.0469344,6.150555e-08,1.88049375e-09,1.89063976833977e-09,5.42267242892309e-13,-3.76383369200855e-13,-3.75794735670981e-13,-1.79727917060034e-06
388.66283145,0.048185325,6.33841875e-08,1.8801e-09,1.89097000482626e-09,1.37982164794631e-12,-4.20105481517643e-13,-4.21233506275047e-13,-2.01459503001109e-06
398.75743045,0.049436825,6.526575e-08,1.88675625e-09,1.89339941163566e-09,1.91472578097544e-12,-4.71294401974097e-13,-4.71548774243989e-13,-2.25523326812343e-06
408.8469882,0.0506877,6.71577e-08,1.8935625e-09,1.89479945638821e-09,-4.57251447876232e-13,-5.42828667043519e-13,-5.4590211890242e-13,-2.61083622083766e-06
418.94541855,0.051939675,6.9052875e-08,1.89675e-09,1.89248490873991e-09,-2.34521125833596e-12,-6.44619136717136e-13,-6.45312918708124e-13,-3.08627917643016e-06
429.036287025,0.0531907125,7.09512e-08,1.89625e-09,1.89010903387153e-09,-2.29685437872928e-12,-7.50719732632332e-13,-7.4893473644335e-13,-3.58186178298993e-06
439.1364314,0.0544429,7.2845375e-08,1.88964375e-09,1.88789119998245e-09,-1.93790737978246e-12,-8.27090253198295e-13,-8.25015711759134e-13,-3.9457273171089e-06
449.2374832,0.0556952,7.47304875e-08,1.8827625e-09,1.88623321911197e-09,-1.41318642506109e-12,-8.60515452362339e-13,-8.58284651215516e-13,-4.10483963624812e-06
459.326940125,0.0569460625,7.66109e-08,1.88210625e-09,1.88506482713233e-09,-1.05693313443298e-12,-8.61983067528657e-13,-8.63941907660737e-13,-4.13189608011657e-06
469.4274878,0.0581983,7.84947e-08,1.8868375e-09,1.8841193528431e-09,-1.02815944190995e-12,-8.68506849481042e-13,-8.71644814989256e-13,-4.16873607168775e-06
479.51462575,0.059448875,8.0384575e-08,1.89271875e-09,1.88300850824851e-09,-1.38577702702701e-12,-8.94247414129015e-13,-8.94149132657478e-13,-4.2763654170575e-06
489.6118462,0.0607007,8.22801375e-08,1.89663125e-09,1.88134779878905e-09,-1.6241663741665e-12,-9.16755779786263e-13,-9.15171998591458e-13,-4.37690955848089e-06
499.7024122,0.0619517,8.41778375e-08,1.89553125e-09,1.87976017550018e-09,-1.30834788522256e-12,-9.14729581934398e-13,-9.14629504097612e-13,-4.37431501959728e-06
509.8026574,0.0632039,8.60712e-08,1.88963125000001e-09,1.8787311030186e-09,-8.51306598806508e-13,-8.85343903327755e-13,-8.84620343786619e-13,-4.2307929485447e-06
519.9029026,0.0644561,8.79571e-08,1.8830875e-09,1.87805756230256e-09,-4.67954545455143e-13,-8.26941401483172e-13,-8.28045624731688e-13,-3.96021820523851e-06
529.9942752,0.0657072,8.9837375e-08,1.88374999999999e-09,1.87779519392769e-09,-1.09748157248014e-13,-7.46306261897402e-13,-7.47779824460058e-13,-3.57633829089593e-06
540.091294,0.066959,9.17246e-08,1.8774625e-09,1.87783806598807e-09,-6.61539136532743e-14,-6.37340065501176e-13,-6.32322133477046e-13,-3.02414933402065e-06
550.179742675,0.0682097375,9.35923e-08,1.86825625e-09,1.87766288610039e-09,-3.42388338013119e-13,-4.76752829994235e-13,-4.8737104309717e-13,-2.3309049887256e-06
560.2796854,0.0694619,9.54611125e-08,1.87964375e-09,1.87715328931204e-09,-5.05060986310877e-13,-2.99797113357838e-13,-2.93120019022012e-13,-1.40187835184441e-06
570.369948925,0.0707128625,9.73515875e-08,1.81644375e-09,1.87665276412777e-09,-3.48317172692185e-13,-1.7846320705668e-14,5.26361161073139e-15,2.51737946600197e-08
580.469589175,0.0719649875,9.9094e-08,1.81470625000001e-09,1.87645665496666e-09,7.04760442259058e-14,3.79826708930623e-13,3.58820185757277e-13,1.71609654057828e-06
590.568322,0.073217,1.00981e-07,1.88599999999999e-09,1.87679371621622e-09,5.70042120041681e-13,6.34333259494724e-13,6.22304792848374e-13,2.97624031362266e-06
600.65868635,0.074467975,1.02866e-07,1.88812499999999e-09,1.87759673920674e-09,9.0894392769362e-13,7.31860718619355e-13,7.41656606908867e-13,3.54705333739023e-06
610.757419175,0.0757199875,1.0475725e-07,1.89175e-09,1.8786116040716e-09,8.94526368901795e-13,7.98928584811318e-13,7.98780330996267e-13,3.82025375693867e-06
620.848186825,0.0769710125,1.066495e-07,1.89287500000001e-09,1.87938579194454e-09,6.19765707265513e-13,8.47770993199779e-13,8.48406894493993e-13,4.05759819105823e-06
630.946617175,0.0782229875,1.08543e-07,1.89075e-09,1.87985113548614e-09,4.69172736047242e-13,8.9235170675617e-13,8.94043367632961e-13,4.27585958433155e-06
641.037183175,0.0794739875,1.10431e-07,1.88537499999999e-09,1.88032413741664e-09,5.76414531414453e-13,9.39215640019427e-13,9.40743723190017e-13,4.49920911090878e-06
651.135916,0.080726,1.1231375e-07,1.8845e-09,1.88100396454896e-09,1.01734972797509e-12,9.75171663965926e-13,9.71744872472405e-13,4.64747547704194e-06
661.22628035,0.081976975,1.142e-07,1.89162500000001e-09,1.88235883687259e-09,1.59965623903166e-12,9.69201012581828e-13,9.67843498620961e-13,4.62881673253503e-06
671.325013175,0.0832289875,1.16097e-07,1.893e-09,1.88420327702703e-09,1.88282357844821e-12,9.30264153944369e-13,9.32913066531459e-13,4.46175814428089e-06
681.423746,0.084481,1.17986e-07,1.88787499999999e-09,1.88612448402948e-09,1.90575706388166e-12,8.83159219007562e-13,8.81917575684303e-13,4.21786666631623e-06
691.514211175,0.0857319875,1.1987275e-07,1.89193750000001e-09,1.88801479115479e-09,1.73835775710842e-12,8.21780358542702e-13,8.20771933696501e-13,3.92543098724413e-06
701.612843175,0.0869839875,1.21769875e-07,1.89262500000001e-09,1.8896011995437e-09,1.55209108459143e-12,7.54507562092442e-13,7.57303334935367e-13,3.62188551490828e-06
711.70351,0.088235,1.23658e-07,1.888e-09,1.89111897332397e-09,1.36900930150915e-12,7.01485775738451e-13,7.02563185814431e-13,3.36008480172119e-06
721.802142,0.089487,1.25545875e-07,1.88874999999999e-09,1.89233921814672e-09,1.03256734819256e-12,6.50242595728274e-13,6.4816860688182e-13,3.09993681552175e-06
731.892708,0.090738,1.274355e-07,1.8905625e-09,1.89318410802036e-09,1.14010771323286e-12,5.7573583408968e-13,5.74009811986181e-13,2.74526431819478e-06
741.991239175,0.0919899875,1.29327e-07,1.890875e-09,1.89461943357318e-09,-7.84667865917851e-14,4.77119839392401e-13,4.77657085561534e-13,2.28444693094647e-06
752.0895687,0.09324195,1.3121725e-07,1.892375e-09,1.89302717444718e-09,-2.08807761495257e-12,3.73685884746987e-13,3.75154900222684e-13,1.79421908802153e-06
762.180538,0.094493,1.3311175e-07,1.8905e-09,1.89044327834328e-09,-1.39638820638877e-12,2.78457371290765e-13,2.77390341513349e-13,1.32664945941167e-06
772.27917,0.095745,1.3499825e-07,1.8873125e-09,1.8902343980344e-09,-2.26733064233731e-13,1.8731918627793e-13,1.87737729085889e-13,8.97876095628165e-07
782.369433525,0.0969959625,1.36886375e-07,1.88625e-09,1.88998981221481e-09,-1.70577395576873e-13,1.08604897699194e-13,1.10831454230349e-13,5.30063476753843e-07
792.468267175,0.0982479875,1.3877075e-07,1.8889375e-09,1.88989324324324e-09,-3.65873990871497e-14,4.57650741190853e-14,4.38842129469417e-14,2.09881018441895e-07
802.558833175,0.0994989875,1.4066425e-07,1.89181250000001e-09,1.88991663741664e-09,6.87587750084183e-14,-2.37262087613377e-14,-2.43936146862286e-14,-1.16665113716745e-07
812.65736435,0.100750975,1.42554375e-07,1.8929375e-09,1.89003076079326e-09,-4.60139522642361e-14,-1.0045149489934e-13,-1.01389572582731e-13,-4.84906651482626e-07
822.755895525,0.1020029625,1.44450125e-07,1.8958125e-09,1.88982460951211e-09,-1.80030273780883e-13,-1.77206925795126e-13,-1.77076720901501e-13,-8.46888665181092e-07
832.846764,0.103254,1.46346e-07,1.8899375e-09,1.8896707002457e-09,-4.25873113374003e-14,-2.35844403309344e-13,-2.33362881158994e-13,-1.11608334467345e-06
842.945295175,0.1045059875,1.4823e-07,1.8865e-09,1.88973943488943e-09,-8.65588803081874e-14,-2.59734886394938e-13,-2.61122451878834e-13,-1.24884650898573e-06
853.03535705,0.105756925,1.50119e-07,1.88787500000001e-09,1.88949758248508e-09,-1.84376096875864e-13,-2.61200425758932e-13,-2.61707515041577e-13,-1.25164463715537e-06
863.134493175,0.1070089875,1.5200575e-07,1.88600000000001e-09,1.88937068269568e-09,1.21533871534058e-13,-2.36374808129568e-13,-2.33713064559905e-13,-1.11775813485172e-06
873.224857525,0.1082599625,1.53891e-07,1.88812499999999e-09,1.88974065022815e-09,3.37693050193218e-13,-1.75475778604227e-13,-1.75290138452228e-13,-8.38344140423699e-07
883.323287875,0.1095119375,1.55782e-07,1.8919375e-09,1.89004606879607e-09,1.60321604071235e-13,-9.97747572596906e-14,-1.0168505755842e-13,-4.86319840496791e-07
893.414358,0.110763,1.57674875e-07,1.894e-09,1.89006129343629e-09,-4.46209196209786e-14,-3.27089659460628e-14,-3.51378283139304e-14,-1.68050483240537e-07
903.512889175,0.1120149875,1.5957e-07,1.89256249999999e-09,1.88995682695683e-09,-5.36635661635802e-14,2.45712103050644e-14,3.11848343239231e-14,1.49144859810067e-07
913.61142035,0.113266975,1.6146e-07,1.8885e-09,1.88995396630397e-09,1.12890487888665e-14,9.92521140872207e-14,9.9651969699766e-14,4.76596376824968e-07
923.70198635,0.114517975,1.63347e-07,1.88499999999999e-09,1.88997940505441e-09,-6.11047736051729e-14,1.4136114110725e-13,1.28099179048128e-13,6.12648247621482e-07
933.8004167,0.11576995,1.6523e-07,1.88500000000001e-09,1.88983175675676e-09,-1.134389259392e-13,9.62607049256353e-14,1.02844988652574e-13,4.9186733703405e-07
943.89118435,0.117020975,1.67117e-07,1.88950000000001e-09,1.88975252720253e-09,1.7773560898612e-13,6.40361097926135e-14,7.03249941475959e-14,3.3633692853198e-07
953.990118825,0.1182730125,1.69009e-07,1.892e-09,1.89018722797473e-09,2.9967532467541e-13,6.79560164774684e-14,6.24354312062752e-14,2.98604236203925e-07
964.080281525,0.1195239625,1.70901e-07,1.89299999999999e-09,1.89035187785188e-09,2.23784661284048e-14,5.79187682746886e-14,5.89062292390229e-14,2.81725444186631e-07
974.179216,0.120776,1.72795e-07,1.8929375e-09,1.89023198490699e-09,-7.39864864864184e-14,4.82295366426834e-14,4.93051502108393e-14,2.35807240138797e-07
984.277747175,0.1220279875,1.74686875e-07,1.8896875e-09,1.8902039048789e-09,-9.91795366794887e-14,4.16731151226282e-14,4.00561300083257e-14,1.91572795691992e-07
994.368313175,0.1232789875,1.76574375e-07,1.8914375e-09,1.89003362583363e-09,-2.29334854326198e-14,2.84854722938794e-14,2.83811713198878e-14,1.35736036747289e-07
1004.466743525,0.1245309625,1.7846975e-07,1.88781250000002e-09,1.89015803790804e-09,8.01509301510641e-14,1.77674030693221e-14,2.05783778433815e-14,9.84183288161724e-08
1014.557612,0.125782,1.8035e-07,1.8886875e-09,1.89019392769393e-09,1.20884520884073e-13,1.98365470584101e-14,1.81314176035674e-14,8.67154754953224e-08
1024.65604235,0.127033975,1.82247125e-07,1.89899999999998e-09,1.89039980694981e-09,3.30278167778549e-13,1.22158381732377e-14,9.53642592255232e-15,4.56089935426415e-08
1034.746305875,0.1282849375,1.84148e-07,1.8929375e-09,1.89085448402949e-09,2.81537381538221e-13,-7.67861270093649e-15,-4.80141822932859e-15,-2.29633045750498e-08
1044.845442,0.129537,1.86033e-07,1.88499999999999e-09,1.89096288171288e-09,-2.62328887328748e-13,-1.11708850875246e-14,-9.77150375226691e-15,-4.67332788151896e-08
1054.936008,0.130788,1.87918e-07,1.8865625e-09,1.89032982625483e-09,-4.55280361530538e-13,-3.1523273453641e-15,-4.88094198941825e-15,-2.33436356015655e-08
1065.034337525,0.1320399625,1.89806125e-07,1.88800000000001e-09,1.89005232098982e-09,-9.93440680945042e-14,-4.84040341129881e-15,-6.04232996813892e-15,-2.88980998476209e-08
1075.133171175,0.1332919875,1.91694e-07,1.8909375e-09,1.89013113811864e-09,1.6853939978898e-13,-1.7285406374874e-14,-1.69858792010225e-14,-8.12368135701076e-08
1085.22363635,0.134542975,1.93588e-07,1.8905e-09,1.8903893997894e-09,2.87734731485539e-13,-2.75151528291669e-14,-2.52743743500595e-14,-1.20877442543763e-07
1095.3220667,0.13579495,1.95475e-07,1.8905e-09,1.89070660758161e-09,8.08002808002215e-14,-2.60519430621895e-14,-2.6502478971773e-14,-1.2675098638674e-07
1105.412935175,0.1370459875,1.97369e-07,1.89762500000001e-09,1.890551000351e-09,-1.80760793262245e-13,-2.95604929515406e-14,-3.32800591328501e-14,-1.59165500200587e-07
1115.511567175,0.1382979875,1.9927025e-07,1.89650000000001e-09,1.89034508599509e-09,-3.34801684801283e-13,-4.94492660963447e-14,-4.67667384953425e-14,-2.23667010195116e-07
1125.60203235,0.139548975,2.01162e-07,1.88049999999999e-09,1.8898813969814e-09,-3.22137153386419e-13,-5.37317873137814e-14,-5.14235363652697e-14,-2.45938652181725e-07
1135.700765175,0.1408009875,2.0303125e-07,1.88225e-09,1.88970081168831e-09,-4.66545279051773e-14,-4.17177367660556e-14,-4.49386603918979e-14,-2.14924027961251e-07
1145.799397175,0.1420529875,2.049265e-07,1.8896875e-09,1.88978808792559e-09,5.40891540891602e-14,-3.96463890146751e-14,-3.82871122195417e-14,-1.83112275832591e-07
1155.890064,0.143304,2.06810625e-07,1.8905625e-09,1.88980898999649e-09,1.17646542647536e-13,-3.61795763196548e-14,-3.67636300092137e-14,-1.75826056565805e-07
1165.988696,0.144556,2.08707625e-07,1.89668750000001e-09,1.89002338101088e-09,2.06609775359808e-13,-3.58373602175653e-14,-3.59464394418928e-14,-1.71917753852531e-07
1176.07906035,0.145806975,2.10604e-07,1.8956875e-09,1.89022220954721e-09,1.10806423298744e-14,-3.6325842533457e-14,-3.58239697205126e-14,-1.71332029098104e-07
1186.177591525,0.1470589625,2.12499e-07,1.89399999999999e-09,1.89004554229554e-09,-2.14222095471751e-13,-3.40785341418924e-14,-3.63043453327797e-14,-1.73629477678512e-07
1196.26846,0.14831,2.14392e-07,1.88600000000001e-09,1.88979376535627e-09,-1.00524306774041e-13,-3.1384128735119e-14,-2.84197210603919e-14,-1.3592040507144e-07
1206.366991175,0.1495619875,2.16271e-07,1.8785e-09,1.889844493682e-09,3.45669533171366e-14,-4.56352277836513e-15,-1.31755810319782e-15,-6.30136484138088e-09
1216.465219875,0.1508139375,2.18149e-07,1.880875e-09,1.8898628992629e-09,-5.82485082489985e-14,3.54776310579918e-14,3.01002557093589e-14,1.43957744696934e-07
1226.556189175,0.1520649875,2.2003275e-07,1.8995e-09,1.8897279966655e-09,-6.45643208144741e-14,3.99640922266226e-14,3.7763198149029e-14,1.80606599843182e-07
1236.654922,0.153317,2.21948e-07,1.89743750000001e-09,1.88973377062127e-09,5.47560547557843e-14,2.28566659142481e-14,2.67488803249881e-14,1.27929427641247e-07
1246.745185525,0.1545679625,2.23827625e-07,1.89350000000002e-09,1.88983750877501e-09,1.48462179711087e-13,2.37932548795145e-14,2.37525330615439e-14,1.13599071163906e-07
1256.844019175,0.1558199875,2.25735e-07,1.88906249999997e-09,1.89003069498069e-09,1.12493418742683e-13,3.70025937557674e-14,3.78761965590482e-14,1.81147027021535e-07
1266.934585175,0.1570709875,2.2760575e-07,1.88249999999998e-09,1.89006249561249e-09,-9.87210424714432e-14,5.71885050526763e-14,5.55968627823376e-14,2.65898039393789e-07
1277.03311635,0.158322975,2.295e-07,1.88762500000003e-09,1.88983325289575e-09,-8.95972270972575e-14,6.88627785749683e-14,6.94385636480546e-14,3.32097478316783e-07
1287.123884,0.159574,2.31381e-07,1.88650000000002e-09,1.8898833011583e-09,2.33595121095412e-13,7.51063639479888e-14,7.48663057649872e-14,3.58056244962982e-07
1297.22231435,0.160825975,2.33273e-07,1.89656249999998e-09,1.89030044313794e-09,2.34380484380815e-13,7.22827182777422e-14,7.04610436030295e-14,3.36987599840576e-07
1307.321047175,0.1620779875,2.35174125e-07,1.89406249999999e-09,1.89035206212706e-09,8.69098806597931e-14,5.95559774719174e-14,6.24524416568537e-14,2.98685590532779e-07
1317.411613175,0.1633289875,2.37061125e-07,1.88993750000001e-09,1.89047426289926e-09,1.11361442611438e-13,5.7343148643185e-14,5.64069975351293e-14,2.6977259690714e-07
1327.51014435,0.164580975,2.38954e-07,1.89243749999999e-09,1.89057478501228e-09,-1.46696209194649e-14,5.22691567466249e-14,5.09546345686816e-14,2.43696078371955e-07
1337.60071035,0.165831975,2.40846e-07,1.88449999999998e-09,1.89044492365742e-09,1.17365742420184e-15,4.18806896646339e-14,4.2717398503842e-14,2.04300601540114e-07
1347.699644825,0.1670840125,2.42723e-07,1.88525000000003e-09,1.89057713232713e-09,8.51899789410402e-14,3.90605273556143e-14,3.99524405261055e-14,1.91076889472678e-07
1357.78990835,0.168334975,2.446165e-07,1.88950000000001e-09,1.89061530361531e-09,1.59788522289008e-13,4.69298466538735e-14,4.68616020822787e-14,2.24120705610898e-07
1367.888237875,0.1695869375,2.46502e-07,1.89181249999998e-09,1.89089670937171e-09,2.70500614250048e-13,5.82041707379876e-14,5.76919602536522e-14,2.75918070778337e-07
1377.987071525,0.1708389625,2.48400125e-07,1.89749999999999e-09,1.89115630484381e-09,1.42922955415559e-14,6.63952094551388e-14,6.6985944748689e-14,3.20367561841556e-07
1388.07794,0.17209,2.50297e-07,1.89575e-09,1.89092529396279e-09,-3.00912600911868e-13,7.09904616364222e-14,7.05680158090135e-14,3.37499206043108e-07
1398.1761687,0.17334195,2.52191625e-07,1.89212500000001e-09,1.89055447964198e-09,-6.90264127757655e-14,6.45855143548466e-14,6.32218545213819e-14,3.02365391189218e-07
1408.267138,0.174593,2.5408125e-07,1.88924999999998e-09,1.89078724113724e-09,1.46367146366686e-13,4.47044893365216e-14,4.46195279705894e-14,2.13397742468036e-07
1418.36577,0.175845,2.55970125e-07,1.88687499999999e-09,1.89084721393472e-09,1.92172692176893e-14,2.47808730313112e-14,2.688958156068e-14,1.28602346594557e-07
1428.456033525,0.1770959625,2.57855e-07,1.88643750000002e-09,1.89082567567568e-09,4.11767286729539e-15,1.92393678249544e-14,1.95838726586447e-14,9.3661999671779e-08
1438.554867175,0.1783479875,2.59743e-07,1.88918750000002e-09,1.89085544928045e-09,2.08318708310225e-14,1.79030765938874e-14,1.63861173791157e-14,7.8368387465336e-08
1448.645534,0.179599,2.61633375e-07,1.89600000000001e-09,1.89086733941734e-09,7.12837837839552e-14,6.57587915482692e-15,6.44319059404233e-15,3.08152593628111e-08
1458.743863525,0.1808509625,2.63535e-07,1.89987500000001e-09,1.89099801684802e-09,-8.58020358013494e-14,-1.12404871698407e-14,-1.09215732898478e-14,-5.22336113862286e-08
1468.842495525,0.1821029625,2.65433125e-07,1.894e-09,1.89069573534574e-09,-1.42174885924589e-13,-3.04962518485754e-14,-3.11865436053203e-14,-1.49153034634141e-07
1478.93316235,0.183353975,2.67323e-07,1.8858125e-09,1.89071366707617e-09,-2.7426289926804e-14,-4.98623062830872e-14,-4.9271525132279e-14,-2.35646424545682e-07
1489.03179435,0.184605975,2.6920475e-07,1.881375e-09,1.89064088276588e-09,-7.69370831879489e-14,-5.99561380463956e-14,-5.8978867294737e-14,-2.82072843583525e-07
1499.122259525,0.1858569625,2.7108575e-07,1.886125e-09,1.89055979290979e-09,7.72156897155664e-14,-5.82876814709488e-14,-5.88048325540627e-14,-2.8124050351943e-07
1509.22099235,0.187108975,2.72977e-07,1.891875e-09,1.89079531414531e-09,3.32090207089983e-13,-5.37683629918784e-14,-5.26928567539997e-14,-2.52009314910433e-07
1519.31176,0.18836,2.748695e-07,1.89349999999999e-09,1.89122397332397e-09,3.747038434541e-13,-4.92761797413205e-14,-5.13387605228304e-14,-2.45533202500493e-07
1529.410392,0.189612,2.76764e-07,1.89787499999998e-09,1.89154472183222e-09,-5.24745524627989e-15,-6.02367016266628e-14,-6.13286864228591e-14,-2.93311108978891e-07
1539.50882235,0.190863975,2.7866525e-07,1.8933125e-09,1.89121347841348e-09,-4.18739031239005e-13,-7.80120561043438e-14,-7.51121278743532e-14,-3.5923191592082e-07
1549.59959,0.192115,2.80550625e-07,1.88543750000002e-09,1.89070724376974e-09,-4.13671463671913e-13,-8.12245480085114e-14,-8.17936680173956e-14,-3.91187107909283e-07
1559.698222,0.193367,2.82436125e-07,1.88562500000001e-09,1.89038613548614e-09,-3.20998595998805e-13,-8.23289781898707e-14,-8.50512807896423e-14,-4.06766995080898e-07
1569.78858635,0.194617975,2.84321875e-07,1.88693749999998e-09,1.89006524657775e-09,-2.49780624780607e-13,-8.71404140621453e-14,-8.37138241980122e-14,-4.00370463555711e-07
1579.8870167,0.19586995,2.8621e-07,1.89093749999999e-09,1.88988657423657e-09,-1.2723762782156e-16,-6.97137260417228e-14,-6.75925032181667e-14,-3.23268493652102e-07
1589.977986,0.197121,2.8810375e-07,1.89600000000001e-09,1.89006499210249e-09,1.33810108809089e-13,-4.40806662932095e-14,-4.91068626622101e-14,-2.34858908384483e-07
1600.07641635,0.198372975,2.90002e-07,1.89712500000001e-09,1.89015419445419e-09,-7.30804668305977e-14,-4.90205865893668e-14,-4.94259883119388e-14,-2.36385161491881e-07
1610.175149175,0.1996249875,2.91898e-07,1.893e-09,1.88991883116883e-09,-2.11378992628522e-13,-6.46738810646154e-14,-6.25860073224298e-14,-2.99324382846403e-07
1620.265715175,0.2008759875,2.93788e-07,1.88499999999999e-09,1.88973143646894e-09,-2.51632151631497e-13,-6.64512570900363e-14,-6.55801027795296e-14,-3.13643969815142e-07
1630.364448,0.202128,2.95668e-07,1.88399999999999e-09,1.88941556686557e-09,-1.73442435941677e-13,-5.41219490288758e-14,-5.48440865829866e-14,-2.62297805396892e-07
1640.455014,0.203379,2.97556e-07,1.891e-09,1.88938455159705e-09,2.17199017199378e-13,-3.76186582002919e-14,-3.67254269568585e-14,-1.7564334631541e-07
1650.553545175,0.2046309875,2.9945e-07,1.8944375e-09,1.88984996489997e-09,3.7962004212057e-13,-1.84491477921505e-14,-1.89819916032319e-14,-9.07834381024134e-08
1660.64360705,0.205881925,3.01344875e-07,1.89675e-09,1.89014379168129e-09,1.42857142857866e-13,-8.54221216570753e-15,-1.08084300477806e-14,-5.16924915328637e-08
1670.742743175,0.2071339875,3.032435e-07,1.89456250000003e-09,1.89013567918568e-09,-6.05914355914329e-14,-1.36101345529357e-14,-1.37779155499369e-14,-6.58943787170895e-08
1680.833107525,0.2083849625,3.05134e-07,1.89025000000001e-09,1.89002260881011e-09,-2.80045630046119e-13,-1.29259895616211e-14,-1.15122038446361e-14,-5.5058366213477e-08
1690.93184035,0.209636975,3.07024e-07,1.87481249999999e-09,1.88957558792559e-09,-3.4243813618851e-13,1.61945931654639e-14,2.03034807722592e-14,9.71036036934136e-08
1701.03874,0.21089,3.08883625e-07,1.87149999999999e-09,1.88933773253773e-09,9.31862056858139e-14,7.99418172873882e-14,7.86274330640332e-14,3.76044245088854e-07
1711.12124,0.21214,3.10767e-07,1.88693749999998e-09,1.88976196033696e-09,4.55306686556841e-13,1.36568864383942e-13,1.33459439500901e-13,6.38284275873874e-07
1721.20374,0.21339,3.126575e-07,1.89350000000002e-09,1.89024834591085e-09,4.27906721657167e-13,1.59663398640725e-13,1.59909736972084e-13,7.64785698562141e-07
1731.28624,0.21464,3.14554e-07,1.89775e-09,1.89061777378028e-09,2.72626360127342e-13,1.59089707878811e-13,1.58926057824e-13,7.60081146114783e-07
1741.36874,0.21589,3.16453e-07,1.90037499999999e-09,1.8907935986311e-09,5.44050544047989e-14,1.41838132720089e-13,1.40695766168992e-13,6.72892794721266e-07
1751.5319,0.21715,3.1835475e-07,1.896875e-09,1.89072658388908e-09,-3.18903562655024e-13,1.16808264425905e-13,1.17868565377156e-13,5.63719225716833e-07
1761.6144,0.2184,3.2024675e-07,1.886125e-09,1.89015579150579e-09,-3.77746577746245e-13,1.06227304020394e-13,1.08934349100623e-13,5.20990365263849e-07
1771.6969,0.21965,3.22127e-07,1.88362500000001e-09,1.88997109073359e-09,2.15382590382595e-13,1.19952274763096e-13,1.19457134863069e-13,5.71316731953808e-07
1781.7794,0.2209,3.24014e-07,1.88850000000001e-09,1.89058655668656e-09,5.72632941382769e-13,1.36258007310873e-13,1.35873176148412e-13,6.49828233753275e-07
1791.8619,0.22215,3.25904e-07,1.889e-09,1.89111635661636e-09,4.11477711478461e-13,1.39195964487563e-13,1.37517728522791e-13,6.57693484239435e-07
1801.9444,0.2234,3.27792e-07,1.90074999999998e-09,1.89140951210951e-09,2.33744296244188e-13,1.17307306012388e-13,1.14545666130225e-13,5.47827098883685e-07
1812.10756,0.22466,3.297055e-07,1.9035e-09,1.89158384520885e-09,2.39996489852858e-15,7.87126111935783e-14,8.18057451713936e-14,3.91244868211013e-07
1822.19006,0.22591,3.31599e-07,1.8896875e-09,1.89141431203931e-09,-1.8458450333527e-13,6.37515912979285e-14,6.63443297821496e-14,3.17298968523324e-07
1832.27256,0.22716,3.33484875e-07,1.884375e-09,1.89121467620218e-09,9.82428044930498e-14,7.66773945177195e-14,7.56472174064211e-14,3.6179103976984e-07
1842.35506,0.22841,3.3536775e-07,1.88312499999999e-09,1.8916107976483e-09,4.45873552124006e-13,9.14945533959865e-14,9.18737822501783e-14,4.39396349892157e-07
1852.43756,0.22966,3.37251125e-07,1.88687499999999e-09,1.89210642330642e-09,5.94381800632364e-13,9.42263334409128e-14,9.16545229368096e-14,4.38347718393437e-07
1862.52006,0.23091,3.391415e-07,1.90093750000002e-09,1.89279956124956e-09,3.55508511758606e-13,6.64716635284434e-14,6.36195921318025e-14,3.04267614543403e-07
1872.68322,0.23217,3.41053e-07,1.90125000000002e-09,1.89281744032994e-09,-3.28123903124138e-13,1.98339284157266e-14,2.3813429607148e-14,1.13890315512447e-07
1882.76572,0.23342,3.42944e-07,1.89349999999999e-09,1.89214331344331e-09,-6.47229290979304e-13,-8.09320845945565e-16,2.94805868691743e-16,1.40994111113442e-09
1892.84822,0.23467,3.4484e-07,1.889e-09,1.89152298174798e-09,-5.17944892944797e-13,2.9919528948026e-15,2.12455787672843e-15,1.01609289756577e-08
1902.93072,0.23592,3.46722e-07,1.88199999999999e-09,1.89110742365742e-09,-1.89823183573747e-13,1.68063084519116e-14,1.78816316303643e-14,8.55208469278292e-08
1913.01322,0.23717,3.48604e-07,1.88293749999998e-09,1.89114333538084e-09,1.72538610037704e-13,3.63219131835207e-14,3.65210453688935e-14,1.74665869155578e-07
1923.09572,0.23842,3.50487875e-07,1.88712500000003e-09,1.8914525008775e-09,4.07700070199812e-13,4.46814973658216e-14,4.22646161294821e-14,2.02135120619262e-07
1933.17822,0.23967,3.5237825e-07,1.90375000000001e-09,1.89195873552123e-09,3.69860038609965e-13,2.27045824456564e-14,1.93985866519981e-14,9.27758492052083e-08
1943.34138,0.24093,3.54295375e-07,1.90437499999997e-09,1.89219222095472e-09,-2.47872060372176e-14,-2.05923623728393e-14,-1.72184838759916e-14,-8.23492707112642e-08
1953.4218635,0.24217975,3.56187e-07,1.89031250000002e-09,1.89190916110916e-09,-3.70505001754807e-13,-3.76229169595165e-14,-3.47690633072684e-14,-1.66286824513023e-07
1963.50638,0.24343,3.58076e-07,1.889e-09,1.89145121095121e-09,-3.72141540891163e-13,-2.01625769807828e-14,-2.1421006564048e-14,-1.02448292262838e-07
1973.58888,0.24468,3.59965e-07,1.88487499999996e-09,1.89116487802738e-09,2.25780975779399e-14,6.71820262072696e-15,6.99856483750713e-15,3.34713970489471e-08
1983.67138,0.24593,3.6184575e-07,1.88287500000001e-09,1.89149636714637e-09,4.68201561951859e-13,3.26306453738059e-14,3.19139029386436e-14,1.52631709706556e-07
1993.75388,0.24718,3.6373075e-07,1.89662500000002e-09,1.89210128115128e-09,4.02963759213978e-13,4.39150822781453e-14,4.0652153002537e-14,1.94423340446916e-07
2003.91704,0.24844,3.65639e-07,1.9039375e-09,1.89230229466479e-09,2.34512109510883e-14,3.52738394103297e-14,3.70795849031138e-14,1.77337145188805e-07
2013.99954,0.24969,3.67538625e-07,1.89624999999999e-09,1.89214818357318e-09,-2.51421551421485e-13,3.94767510623739e-14,4.03467582020629e-14,1.92962756618562e-07
2024.08204,0.25094,3.694315e-07,1.8941875e-09,1.89179945156195e-09,-2.669664794676e-13,6.82266207771443e-14,6.96190392531654e-14,3.32960622515139e-07
2034.16454,0.25219,3.71327e-07,1.88525e-09,1.89161425061425e-09,1.2394919269924e-13,1.23076168801136e-13,1.26183520669176e-13,6.03486403200407e-07
2044.24704,0.25344,3.73202e-07,1.88075000000001e-09,1.89204734994735e-09,4.60111003862556e-13,1.89333233160596e-13,1.85155393877438e-13,8.85525796805138e-07
2054.32954,0.25469,3.750885e-07,1.886125e-09,1.89253447262197e-09,3.24131274132404e-13,2.16053213421307e-13,2.13474424613832e-13,1.02096463945746e-06
2064.41204,0.25594,3.7697425e-07,1.89674999999997e-09,1.89269561249561e-09,2.27042383292587e-13,2.01032967452557e-13,2.01519845349389e-13,9.63790564714469e-07
2074.5752,0.2572,3.78882e-07,1.8999375e-09,1.89298855738856e-09,9.28439803442856e-14,1.72155222544181e-13,1.73232524752626e-13,8.2850337925169e-07
2084.6577,0.25845,3.80774125e-07,1.89650000000002e-09,1.8928813004563e-09,-1.42503948755447e-13,1.51622463856309e-13,1.52402548465477e-13,7.28881753530542e-07
2094.7402,0.2597,3.82675e-07,1.89600000000001e-09,1.89270354949105e-09,-1.2846612846726e-13,1.49068650783873e-13,1.5001842750538e-13,7.17479435895296e-07
2104.8227,0.26095,3.84566125e-07,1.89018749999999e-09,1.89262436819937e-09,1.32344682346185e-13,1.65026755614841e-13,1.66162905246232e-13,7.94692155525457e-07
2114.9052,0.2622,3.86455375e-07,1.88443750000002e-09,1.89296823885574e-09,5.22757985257901e-13,1.88949022219591e-13,1.87847697497307e-13,8.9840203150886e-07
2124.9877,0.26345,3.88335e-07,1.89081250000001e-09,1.89366988416988e-09,5.90231221480742e-13,1.97032615435607e-13,1.94680415051659e-13,9.31080245899239e-07
2135.15086,0.26471,3.90237e-07,1.89893749999999e-09,1.8941487012987e-09,3.33606089857161e-13,1.78323488527014e-13,1.76707165676612e-13,8.45121227149014e-07
2145.23336,0.26596,3.92132875e-07,1.89600000000001e-09,1.8943370963496e-09,1.01013513514152e-13,1.49309932570664e-13,1.5266203247079e-13,7.30122763990735e-07
2155.31586,0.26721,3.94029e-07,1.89506249999999e-09,1.89435072832573e-09,2.00508950398024e-15,1.45337338564758e-13,1.48210439556136e-13,7.08832537007607e-07
2165.39836,0.26846,3.95923e-07,1.89512499999998e-09,1.89434110652861e-09,1.12809319059563e-13,1.62643265339357e-13,1.59719073468695e-13,7.63873829632889e-07
2175.48086,0.26971,3.9781925e-07,1.89250000000002e-09,1.89457634696385e-09,3.83560021061766e-13,1.63945760158441e-13,1.62643467561012e-13,7.77860062248318e-07
2185.56336,0.27096,3.99708e-07,1.89437499999999e-09,1.89510822657073e-09,4.12736925237114e-13,1.46078442110375e-13,1.46615863067756e-13,7.01206301628398e-07
2195.72652,0.27222,4.01608e-07,1.89600000000001e-09,1.89540182081432e-09,3.09917953666862e-13,1.21068343920197e-13,1.20325444206011e-13,5.75469515767879e-07
2205.80902,0.27347,4.035e-07,1.89450000000002e-09,1.89572806247806e-09,-1.61964724475333e-14,9.46725871434983e-14,9.5704587074445e-14,4.57717590356041e-07
2215.89152,0.27472,4.05397e-07,1.89506249999999e-09,1.89536942786943e-09,-5.09005352754734e-13,8.13154566680467e-14,8.34912843124732e-14,3.99306142364002e-07
2225.97402,0.27597,4.07290125e-07,1.89749999999999e-09,1.89471005177255e-09,-4.45676114426318e-13,8.33812381872311e-14,8.17224658457622e-14,3.9084657578408e-07
2236.05652,0.27722,4.09192e-07,1.90043749999998e-09,1.89447807564058e-09,-4.0928834680504e-14,7.78695615427975e-14,7.72135698710447e-14,3.69282290687605e-07
2246.13902,0.27847,4.11091e-07,1.89362499999999e-09,1.89462819410319e-09,2.25471656721783e-13,6.11324005602948e-14,6.15532462939249e-14,2.94385090970945e-07
2256.22152,0.27972,4.1297925e-07,1.894e-09,1.89492901895402e-09,2.74673130923865e-13,3.7174965235721e-14,3.62929684543165e-14,1.73575066520644e-07
2266.38468,0.28098,4.14879e-07,1.89362500000005e-09,1.89517754036504e-09,2.2580949455879e-13,5.09259867272305e-15,5.32571710992303e-15,2.54708209605014e-08
2276.46718,0.28223,4.167665e-07,1.893e-09,1.89538063794314e-09,9.61038961026043e-14,-2.57293935753334e-14,-2.58862527949979e-14,-1.23803817715207e-07
2286.54968,0.28348,4.18665e-07,1.90124999999997e-09,1.89536974815725e-09,-7.16633029135046e-14,-4.8625421055749e-14,-4.71022905145679e-14,-2.25271824200107e-07
2296.63218,0.28473,4.20569e-07,1.89825000000002e-09,1.89523731133731e-09,-1.32101175850192e-13,-5.50998690864053e-14,-5.47322517957138e-14,-2.61762943370805e-07
2306.71468,0.28598,4.224615e-07,1.89068750000003e-09,1.89510554580555e-09,1.9337925589969e-14,-5.44269792989632e-14,-5.58776708996971e-14,-2.67241034737682e-07
2316.79718,0.28723,4.24350375e-07,1.89474999999997e-09,1.89527598718849e-09,1.12285012285552e-13,-6.0169861716485e-14,-6.05047997401725e-14,-2.89370781366042e-07
2326.96034,0.28849,4.26251e-07,1.89274999999997e-09,1.89533011583012e-09,-1.9954369954469e-13,-6.89668910201376e-14,-6.91121730099509e-14,-3.30536479612809e-07
2337.04284,0.28974,4.28135875e-07,1.88731250000004e-09,1.8948768997894e-09,-3.10409354159234e-13,-7.35488316147334e-14,-7.25328472870421e-14,-3.46896226155419e-07
2347.12534,0.29099,4.30025625e-07,1.89306249999999e-09,1.8947092971218e-09,3.00785363285081e-14,-6.49514913572629e-14,-6.3289764429864e-14,-3.02690177708045e-07
2357.20784,0.29224,4.31922e-07,1.89537499999996e-09,1.89493705686206e-09,1.35845910845134e-13,-4.60638285944483e-14,-4.82761331710879e-14,-2.30885854296507e-07
2367.29034,0.29349,4.33816375e-07,1.89549999999999e-09,1.89498098894349e-09,-3.64031239030272e-14,-3.91616158259987e-14,-3.80033556937407e-14,-1.81755179404847e-07
2377.37284,0.29474,4.35713e-07,1.89331250000002e-09,1.89486425061425e-09,-1.70961302210324e-13,-4.07104054908285e-14,-4.10244192304462e-14,-1.96203744145612e-07
2387.45534,0.29599,4.37603e-07,1.8999375e-09,1.89463906633907e-09,-2.05065373814893e-13,-6.0688784904195e-14,-6.46854430087647e-14,-3.09365162215831e-07
2397.6185,0.29725,4.39512875e-07,1.90106249999997e-09,1.89445411986662e-09,-2.51904176904813e-13,-1.05411847752482e-13,-1.03466971928166e-13,-4.94842039656446e-07
2407.701,0.2985,4.41405125e-07,1.89418750000005e-09,1.89413525798526e-09,-1.97461828713027e-13,-1.34567009835427e-13,-1.31649806867882e-13,-6.29629511107262e-07
2417.7835,0.29975,4.4330125e-07,1.894875e-09,1.8940591962092e-09,-9.96402246404155e-15,-1.30531904903117e-13,-1.29741720106156e-13,-6.20503878768572e-07
2427.866,0.301,4.45194875e-07,1.89568749999996e-09,1.89411532994033e-09,5.45213232715229e-14,-1.09718201326995e-13,-1.11879904472116e-13,-5.35077803997076e-07
2437.9485,0.30225,4.47092625e-07,1.89456250000001e-09,1.89416823885574e-09,-1.36407511395172e-14,-9.77563901097224e-14,-9.87404195409659e-14,-4.72236789108967e-07
2448.031,0.3035,4.48984e-07,1.89568750000004e-09,1.89408804843805e-09,-1.06004299752321e-13,-9.50570922275506e-14,-9.46774035467126e-14,-4.52804973484278e-07
2458.19416,0.30476,4.50884e-07,1.89450000000002e-09,1.89395623025623e-09,-7.60222885230847e-14,-9.05505852922249e-14,-9.02986975719287e-14,-4.31863336213572e-07
2468.27666,0.30601,4.52773e-07,1.88850000000001e-09,1.89393600386101e-09,-2.36047736114169e-15,-7.7596848191934e-14,-7.69921380622001e-14,-3.68223268993131e-07
2478.35916,0.30726,4.54661e-07,1.89137499999998e-09,1.89395150930151e-09,5.52957177966547e-14,-5.24945498849883e-14,-5.1736949380073e-14,-2.47437583991653e-07
2488.44166,0.30851,4.5655575e-07,1.89149999999996e-09,1.8940465952966e-09,9.89601614600194e-14,-1.85973108432603e-14,-1.7536164001068e-14,-8.38686104398904e-08
2498.52416,0.30976,4.58444e-07,1.89106250000002e-09,1.89414942962443e-09,1.77891365370171e-14,1.19025759040328e-14,8.26078613715229e-15,3.95081076124675e-08
2508.60666,0.31101,4.60337875e-07,1.90281250000002e-09,1.89408217356967e-09,-1.84058002808792e-13,1.44327708354302e-14,1.25970485258259e-14,6.02467538191674e-08
2518.76982,0.31227,4.62249625e-07,1.89793749999997e-09,1.89378131361881e-09,-4.44590207087588e-13,6.90848170974367e-15,1.16589092840702e-14,5.5760000923814e-08
2528.85232,0.31352,4.6413375e-07,1.88487500000002e-09,1.8931929931555e-09,-4.53290628290729e-13,2.86616765645015e-14,2.93251529363354e-14,1.40250731434648e-07
2538.93482,0.31477,4.66019375e-07,1.88837500000001e-09,1.89287473236223e-09,-7.99469111994888e-14,6.36026684034226e-14,6.15582841380007e-14,2.94409185007829e-07
2549.01732,0.31602,4.679105e-07,1.89281249999998e-09,1.8930330993331e-09,1.65038171287963e-13,8.79012125588305e-14,8.72518859117307e-14,4.17291628273495e-07
2559.09982,0.31727,4.69805e-07,1.89375e-09,1.89320480870481e-09,4.31796244297398e-13,1.01578214126304e-13,1.02354784873122e-13,4.89522884175801e-07
2569.18232,0.31852,4.71698e-07,1.89325000000001e-09,1.89389669182169e-09,6.18828975079901e-13,1.1223005575092e-13,1.12548618969361e-13,5.38276003766509e-07
2579.26482,0.31977,4.735915e-07,1.90000000000001e-09,1.89444246665497e-09,3.36019217269462e-13,1.1839312803155e-13,1.17042462884721e-13,5.59768300753013e-07
2589.42798,0.32103,4.75498e-07,1.90025000000002e-09,1.89456873025623e-09,-5.51991926998649e-14,1.14887250685249e-13,1.15194546441312e-13,5.50930439501927e-07
2599.51048,0.32228,4.77392e-07,1.89156249999998e-09,1.89433206826957e-09,-1.83090558091941e-13,1.12290003475409e-13,1.13238127315783e-13,5.41573652379832e-07
2609.59298,0.32353,4.79281125e-07,1.891e-09,1.89420254914005e-09,1.44965338715005e-13,1.17593849011356e-13,1.18077906844876e-13,5.64720424040711e-07
2619.67548,0.32478,4.81174e-07,1.89293749999999e-09,1.894621998947e-09,4.8102623727701e-13,1.26729805098059e-13,1.26329267202321e-13,6.04183451837187e-07
2629.75798,0.32603,4.83067e-07,1.89287499999997e-09,1.8951646016146e-09,5.01153913654421e-13,1.29981548149418e-13,1.28973075304854e-13,6.16827751457997e-07
2639.84048,0.32728,4.8495975e-07,1.90000000000004e-09,1.89562430677431e-09,2.47472797473727e-13,1.22305696696278e-13,1.21476306974719e-13,5.80973642053004e-07
2650.00364,0.32854,4.86867e-07,1.89931249999998e-09,1.89565954720955e-09,-1.08893471393236e-13,1.10424385789401e-13,1.11164722248876e-13,5.31657367277233e-07
2660.08614,0.32979,4.88758375e-07,1.890125e-09,1.89540651983152e-09,-2.3126535626675e-13,1.10735963897735e-13,1.13791322234965e-13,5.44219367210702e-07
2670.16864,0.33104,4.9064725e-07,1.89281250000001e-09,1.89519701649702e-09,-8.81976131980445e-14,1.3100152079636e-13,1.31002380507827e-13,6.26533124167868e-07
2680.25114,0.33229,4.92544e-07,1.89450000000004e-09,1.89523012460512e-09,2.6089856089933e-13,1.43336298992677e-13,1.40359788669927e-13,6.71285945812694e-07
2690.33364,0.33354,4.9443625e-07,1.89318749999999e-09,1.89571881361881e-09,3.9785889785783e-13,1.19845511026967e-13,1.1860421678788e-13,5.6723755855073e-07
2700.41614,0.33479,4.96330375e-07,1.90587499999996e-09,1.89602584240084e-09,6.98600386086319e-14,6.73603232049274e-14,6.6362332837238e-14,3.17385070091138e-07
2710.5793,0.33605,4.98248e-07,1.90481250000002e-09,1.89585853369603e-09,-1.33182695681713e-13,7.19366795493808e-15,1.00384853765661e-14,4.80101474531422e-08
2720.6618,0.3373,5.0014e-07,1.89550000000002e-09,1.89575947700948e-09,-9.06129343607448e-14,-2.76983013382431e-14,-2.75803253030903e-14,-1.31905903623475e-07
2730.7443,0.33855,5.02039e-07,1.8925625e-09,1.89567730782731e-09,-4.03782028764681e-14,-3.75489678755185e-14,-3.70723930789019e-14,-1.77302749507792e-07
2740.82579175,0.339799875,5.03925125e-07,1.88599999999997e-09,1.89567872060372e-09,-9.17602667605046e-14,-2.39681019345732e-14,-2.12443500261119e-14,-1.01603413168361e-07
2750.9093,0.34105,5.05811e-07,1.89037499999996e-09,1.89549378729379e-09,-1.5109029484185e-13,5.87448691304702e-15,3.12824749469236e-15,1.49611836702678e-08
2760.9918,0.3423,5.07705875e-07,1.89350000000002e-09,1.89537654001404e-09,2.70884520881431e-14,1.3031883497081e-14,1.07235162025713e-14,5.12863818383845e-08
2771.0743,0.34355,5.09598e-07,1.90393750000003e-09,1.89554796419797e-09,1.69895138645043e-13,-9.40336747192801e-15,-1.11578396859754e-14,-5.33635811068389e-08
2781.23746,0.34481,5.1151375e-07,1.905375e-09,1.89571633029133e-09,6.63368725866607e-14,-4.14077695141572e-14,-3.88147477946539e-14,-1.85635750322258e-07
2791.31996,0.34606,5.1340875e-07,1.89287499999997e-09,1.89568063794314e-09,-1.17229729730172e-13,-4.24889836525644e-14,-3.84490199226641e-14,-1.83886617021437e-07
2801.40246,0.34731,5.152995e-07,1.89037500000001e-09,1.89548187083187e-09,-1.52351702352558e-13,-2.40659097097948e-15,-2.92452837286094e-15,-1.39868748267262e-08
2811.48496,0.34856,5.171895e-07,1.89000000000003e-09,1.89537593453843e-09,7.01123201138754e-14,4.1946917264598e-14,3.96839760516948e-14,1.89792928942888e-07
2821.56746,0.34981,5.190795e-07,1.89199999999998e-09,1.8956220954721e-09,2.50278606529142e-13,5.9721652810119e-14,5.72637354870577e-14,2.73870039285928e-07
2831.64996,0.35106,5.209735e-07,1.90075000000001e-09,1.89587649175149e-09,4.60644085618933e-14,4.64687082387382e-14,4.68538153895622e-14,2.24083464906602e-07
2841.81312,0.35232,5.22881e-07,1.90056250000001e-09,1.89571422428922e-09,-4.34566953318087e-13,2.64148782259931e-14,2.71439834706179e-14,1.29819051381216e-07
2851.89562,0.35357,5.24774625e-07,1.89406249999999e-09,1.89500735784486e-09,-4.63825026323571e-13,1.92940406878082e-14,2.01314152625882e-14,9.62806816906392e-08
2861.97812,0.35482,5.26669125e-07,1.89568750000001e-09,1.89478657423657e-09,7.13430150943782e-14,3.63338456861518e-14,3.96722738383375e-14,1.89736961835527e-07
2872.06062,0.35607,5.28566e-07,1.89693750000005e-09,1.89515004387504e-09,4.49714812215118e-13,7.89925732438918e-14,7.75786927499198e-14,3.71028530543095e-07
2882.14312,0.35732,5.30463e-07,1.89400000000003e-09,1.895686003861e-09,6.10499297999127e-13,1.09780174941729e-13,1.05661974403153e-13,5.05339877580297e-07
2892.22562,0.35857,5.32354e-07,1.89299999999995e-09,1.89637104247104e-09,4.2108195858206e-13,1.07701874790039e-13,1.08283601692062e-13,5.17878095048992e-07
2902.30812,0.35982,5.34249e-07,1.89537499999994e-09,1.89652816777817e-09,1.18530624781575e-13,9.98085697492534e-14,1.02918686028868e-13,4.9221980274676e-07
2912.47128,0.36108,5.3614475e-07,1.89349999999996e-09,1.89660810372061e-09,-1.29799929799474e-13,1.06364342922867e-13,1.05599718006509e-13,5.05042129596347e-07
2922.55378,0.36233,5.38036e-07,1.89668750000004e-09,1.89626856791857e-09,-2.74100561601977e-13,1.1134858748553e-13,1.0948375534377e-13,5.2361796033977e-07
2932.63628,0.36358,5.39938125e-07,1.90350000000003e-09,1.8960599025974e-09,3.78619691103883e-14,1.07661320636067e-13,1.09232242920788e-13,5.22415074838551e-07
2942.71878,0.36483,5.41843e-07,1.90012500000001e-09,1.89634429185679e-09,4.0715163215238e-13,1.09958934560504e-13,1.10874159074467e-13,5.30267717312668e-07
2952.80128,0.36608,5.43738375e-07,1.89168750000001e-09,1.89687420586171e-09,5.70803352054075e-13,1.14570394789794e-13,1.133718941692e-13,5.42213406896174e-07
2962.88378,0.36733,5.45626375e-07,1.89381249999999e-09,1.8974858985609e-09,2.46645752894541e-13,1.07147047525327e-13,1.05356663199548e-13,5.03879693563056e-07
2973.04694,0.36859,5.47526e-07,1.89862500000003e-09,1.8973674973675e-09,-3.43765356266009e-13,8.7322746208755e-14,8.75131337016527e-14,4.18541074225296e-07
2983.12944,0.36984,5.49423625e-07,1.89599999999998e-09,1.89679836784837e-09,-4.28174359424515e-13,7.56191614158194e-14,7.8227335278235e-14,3.74130733939385e-07
2993.21194,0.37109,5.51318e-07,1.89499999999995e-09,1.89651114864865e-09,-4.85433485447082e-14,9.0336776305122e-14,9.22230730916175e-14,4.41066871307736e-07
3003.29444,0.37234,5.53213625e-07,1.89500000000001e-09,1.89670128115128e-09,3.6174754299702e-13,1.19347378973749e-13,1.19407654096687e-13,5.71080084810242e-07
3013.37694,0.37359,5.55108e-07,1.89500000000006e-09,1.89723464373464e-09,4.38928132679928e-13,1.28515961676338e-13,1.22692444650186e-13,5.86789952674803e-07
3023.45944,0.37484,5.57003625e-07,1.911125e-09,1.89757913741664e-09,3.09450684452255e-13,8.30043068999098e-14,7.99982368053458e-14,3.82600262982089e-07
3033.6226,0.3761,5.5893025e-07,1.90399999999999e-09,1.89785354510355e-09,1.48348104597864e-13,1.59152291032617e-14,2.24908293744794e-14,1.07564836138815e-07
3043.7051,0.37735,5.60811625e-07,1.88824999999998e-09,1.89787583362583e-09,-2.70103545102825e-13,-4.57763948489526e-15,-3.6670578803511e-15,-1.7538102906027e-08
3053.7876,0.3786,5.6270675e-07,1.89668749999999e-09,1.89731333801334e-09,-3.76816426813693e-13,1.29839968666107e-14,1.32064627036713e-14,6.31613433653845e-08
3063.8701,0.37985,5.64605e-07,1.89462500000002e-09,1.89712220077221e-09,1.1364294489305e-13,4.94349818359359e-14,4.95295448734174e-14,2.36880432003301e-07
3073.9526,0.3811,5.66496e-07,1.89900000000001e-09,1.89754062390313e-09,2.91896279394329e-13,8.301472433553e-14,8.13352405225191e-14,3.88994628585961e-07
3084.0351,0.38235,5.68403e-07,1.89799999999998e-09,1.89770599333099e-09,-4.08037909561106e-16,9.0859397840559e-14,8.9545700459756e-14,4.28262045677094e-07
3094.1176,0.3836,5.70292e-07,1.89999999999998e-09,1.89753980782731e-09,-7.67747455258146e-14,6.96991536446493e-14,6.71300658792883e-14,3.21056836813988e-07
3104.28076,0.38486,5.72203e-07,1.89993750000002e-09,1.89755244383994e-09,-1.47968585452185e-14,3.15906124841292e-14,3.42541335692369e-14,1.63824117070263e-07
3114.36326,0.38611,5.74091875e-07,1.8896875e-09,1.89751021411022e-09,-3.37113899595935e-14,1.85630856912043e-14,2.05093864303583e-14,9.80883698843223e-08
3124.44576,0.38736,5.75982375e-07,1.89356249999998e-09,1.89748502106002e-09,5.32577220066935e-14,4.15714719384896e-14,4.40868960393223e-14,2.10850372361976e-07
3134.52826,0.38861,5.77879e-07,1.89481250000001e-09,1.89761672955423e-09,2.77687346436205e-13,8.88638279418029e-14,8.89260794679856e-14,4.25298640933844e-07
3144.61076,0.38986,5.79772e-07,1.9005e-09,1.8980403957529e-09,4.41527729029439e-13,1.19341595907247e-13,1.12580246287232e-13,5.38427264851979e-07
3154.69326,0.39111,5.8168e-07,1.9095625e-09,1.89849978501229e-09,2.32234994737309e-13,9.11799502354584e-14,8.93734939682969e-14,4.27438449413594e-07
3164.85642,0.39237,5.83591125e-07,1.90350000000003e-09,1.89850486574237e-09,-2.16121884872586e-13,4.14364775605762e-14,4.60569008608645e-14,2.20272134551961e-07
3174.93892,0.39362,5.85487e-07,1.89293750000004e-09,1.89806754124254e-09,-4.63035275537783e-13,2.8244087633623e-14,3.10499712745876e-14,1.48499862617593e-07
3185.02142,0.39487,5.87377e-07,1.89212500000001e-09,1.8975787951913e-09,-3.0940680940621e-13,5.58307517022579e-14,5.44834409074039e-14,2.60572978252801e-07
3195.10392,0.39612,5.8927125e-07,1.89656249999996e-09,1.89744872762373e-09,4.0606133731285e-13,9.56891318695528e-14,9.59603939274632e-14,4.58941014435694e-07
3205.18642,0.39737,5.91170125e-07,1.89087499999997e-09,1.89839091786592e-09,8.91332485080634e-13,1.35030516178543e-13,1.36394550248967e-13,6.52321762060277e-07
3215.26892,0.39862,5.93053e-07,1.89693750000005e-09,1.89923139259389e-09,4.14309845558732e-13,1.57901468663308e-13,1.52697642545642e-13,7.30293073044375e-07
3225.35142,0.39987,5.94964e-07,1.914e-09,1.89921953755704e-09,-2.82533345016471e-14,1.32434822536309e-13,1.2947974574564e-13,6.1925095791393e-07
3235.51458,0.40113,5.96881e-07,1.90543749999996e-09,1.89917488592489e-09,-2.55684011933861e-13,8.74747157161042e-14,9.33949285516727e-14,4.46671397421043e-07
3245.59708,0.40238,5.98774875e-07,1.88900000000005e-09,1.89870816953317e-09,-3.67988767989762e-13,8.63411820123881e-14,8.97402550233159e-14,4.29192524024554e-07
3255.67958,0.40363,6.00659e-07,1.89462499999997e-09,1.89843890838891e-09,-9.91356616353053e-14,1.23285105486557e-13,1.20861765504138e-13,5.78034530671964e-07
3265.76208,0.40488,6.02564125e-07,1.89937499999999e-09,1.8985098982099e-09,3.23080466830261e-13,1.52901518405849e-13,1.51852560791333e-13,7.2625137769768e-07
3275.84458,0.40613,6.0445775e-07,1.89793750000002e-09,1.89908506932257e-09,6.07583801333357e-13,1.58057752832392e-13,1.5673028006944e-13,7.49579600332104e-07
3285.92708,0.40738,6.0636e-07,1.90818749999999e-09,1.89972506581257e-09,3.95428220427236e-13,1.3385897966433e-13,1.3156500518825e-13,6.29223937856848e-07
3296.09024,0.40864,6.08274125e-07,1.90850000000001e-09,1.89987592576342e-09,-9.64592839696919e-15,9.08975520342533e-14,9.20767817666606e-14,4.40367217144898e-07
3306.17274,0.40989,6.10177e-07,1.89712500000004e-09,1.89970577395577e-09,-3.75423394173538e-13,6.65288586290231e-14,7.05344216889078e-14,3.37338538512168e-07
3316.25524,0.41114,6.12068375e-07,1.88950000000001e-09,1.89912507897508e-09,-3.30956037207304e-13,8.43506079240832e-14,8.60318797743901e-14,4.114568163123e-07
3326.33774,0.41239,6.13956e-07,1.89062499999996e-09,1.89904386188136e-09,4.0564891189794e-13,1.21228939362888e-13,1.1874021472336e-13,5.67887983459548e-07
3336.42024,0.41364,6.15849625e-07,1.89718749999995e-09,1.89993637679887e-09,8.50443137944135e-13,1.34415154135312e-13,1.31656423522978e-13,6.2966115597946e-07
3346.50274,0.41489,6.17750375e-07,1.90687499999999e-09,1.90074474815725e-09,4.39930677432124e-13,1.10195674225721e-13,1.09946648624365e-13,5.25831797768702e-07
3356.6659,0.41615,6.19663375e-07,1.91000000000005e-09,1.90081623815374e-09,-6.33138820627963e-14,6.70421120957168e-14,6.74736759945776e-14,3.22700189539284e-07
3366.7484,0.4174,6.21570375e-07,1.90281249999997e-09,1.90061812039312e-09,-2.63728501228581e-13,2.63313788893924e-14,2.47210131536637e-14,1.18230932474044e-07
3376.8309,0.41865,6.23469e-07,1.89531250000003e-09,1.90028878115128e-09,-4.21803703054585e-13,4.40547359746611e-15,9.69343584828128e-15,4.63599105787366e-08
3386.9134,0.4199,6.25361e-07,1.89168750000006e-09,1.89977451298701e-09,-2.7303220428092e-13,3.63939954608242e-14,4.0063692092012e-14,1.91608962179188e-07
3396.9959,0.42115,6.27252375e-07,1.89349999999996e-09,1.89974271674272e-09,3.96737890489337e-13,9.57336507941759e-14,9.02386758914683e-14,4.31576276002675e-07
3407.0784,0.4224,6.29148e-07,1.90068749999994e-09,1.90056798876799e-09,7.74045717794161e-13,1.13048018548373e-13,1.10584074163111e-13,5.2888035469314e-07
3417.1609,0.42365,6.3105375e-07,1.90950000000003e-09,1.90129080817831e-09,3.0601965602007e-13,8.30687182058555e-14,8.2684057364681e-14,3.95445491744127e-07
3427.32406,0.42491,6.32967e-07,1.91212500000003e-09,1.90118002808003e-09,-4.18791681290164e-13,2.92733870771197e-14,2.8724737280982e-14,1.37379178300349e-07
3437.40656,0.42616,6.34878e-07,1.90581249999995e-09,1.90045322481573e-09,-7.12824675324953e-13,-2.03726277136359e-14,-1.80124413941001e-14,-8.61464588413483e-08
3447.48906,0.42741,6.36778625e-07,1.89649999999999e-09,1.89975437872938e-09,-4.37967269217172e-13,-3.15030647539396e-14,-2.70379846380327e-14,-1.29312100442765e-07
3457.57156,0.42866,6.38671e-07,1.89393750000002e-09,1.89957729027729e-09,2.25774394524063e-13,2.71283030742932e-15,2.19736956741423e-15,1.05091588006768e-08
3467.65406,0.42991,6.405665e-07,1.89200000000003e-09,1.90020592751843e-09,7.32015619515718e-13,3.70132104694439e-14,3.29475936792106e-14,1.57575448031007e-07
3477.73656,0.43116,6.42455e-07,1.90024999999999e-09,1.90104132151632e-09,5.18434099684495e-13,3.21499373645864e-14,3.01538235983169e-14,1.44213938948472e-07
3487.89972,0.43242,6.44367e-07,1.91131249999999e-09,1.9012427957178e-09,-1.99548087048592e-13,-3.69293148860566e-15,-4.60903158062366e-15,-2.20431945160262e-08
3497.98222,0.43367,6.46277625e-07,1.90750000000003e-09,1.90064222534223e-09,-5.28613109863484e-13,-3.90433446317837e-14,-3.59420344516482e-14,-1.71896686507883e-07
3508.06472,0.43492,6.48182e-07,1.895875e-09,1.90018556949807e-09,-2.37546068795845e-13,-3.17414161997222e-14,-2.688396686626e-14,-1.285754937082e-07
3518.14722,0.43617,6.50069375e-07,1.89206249999999e-09,1.90016713320463e-09,1.4120305370239e-13,2.41907875712236e-14,2.231438217279e-14,1.06720958217691e-07
3528.22972,0.43742,6.51966125e-07,1.89681250000002e-09,1.90046797560548e-09,2.59974991223975e-13,7.80609582209733e-14,7.47054195936697e-14,3.57286789361029e-07
3538.31222,0.43867,6.53863e-07,1.89993750000002e-09,1.90068708318708e-09,2.79148385398515e-13,1.01068183604505e-13,1.01827462955177e-13,4.87000909785629e-07
3548.39472,0.43992,6.55766e-07,1.9069375e-09,1.90102627237627e-09,6.51610214110459e-13,1.03559502228674e-13,1.02359851269229e-13,4.89547114765878e-07
3558.55788,0.44118,6.57676875e-07,1.90549999999998e-09,1.9019903036153e-09,1.25743681995276e-13,8.70236935091584e-14,8.48655694878812e-14,4.05878810594214e-07
3568.64038,0.44243,6.59577e-07,1.89906249999997e-09,1.90127775974026e-09,-9.63658301157069e-13,6.69454647218281e-14,7.03517467745003e-14,3.36464875878045e-07
3578.72288,0.44368,6.61475e-07,1.89700000000001e-09,1.90006298701299e-09,-6.28538522290988e-13,8.39876367241194e-14,8.80728755128167e-14,4.21218100278689e-07
3588.80538,0.44493,6.63371e-07,1.89200000000003e-09,1.90002068269568e-09,1.10911723410575e-13,1.39073073092293e-13,1.38407168133496e-13,6.6194732585585e-07
3598.88788,0.44618,6.65259e-07,1.89199999999998e-09,1.90028481045981e-09,5.32998420500815e-13,1.85463518201141e-13,1.81901722603191e-13,8.69964760276131e-07
3608.97038,0.44743,6.67155e-07,1.91e-09,1.90108667953668e-09,7.93701737451616e-13,1.84189607611423e-13,1.80248278038163e-13,8.62056981921649e-07
3619.13354,0.44869,6.69079e-07,1.91699999999998e-09,1.90187221393471e-09,4.90031590029315e-13,1.37836258859983e-13,1.38361235365063e-13,6.61727647398127e-07
3629.21604,0.44994,6.70989e-07,1.90599999999999e-09,1.90206674271674e-09,-1.45154001404683e-13,9.49705678383714e-14,9.95437914211398e-14,4.76079002448929e-07
3639.29854,0.45119,6.72891e-07,1.89862500000003e-09,1.9015819059319e-09,-3.224574412072e-13,9.80349045455362e-14,1.01234802629083e-13,4.84166447356484e-07
3649.38104,0.45244,6.7478625e-07,1.89531249999997e-09,1.90142182783433e-09,1.86776061776667e-13,1.36117363848128e-13,1.34187393390216e-13,6.41765794474946e-07
3659.46354,0.45369,6.76681625e-07,1.89837500000002e-09,1.90195545805546e-09,5.58334064584637e-13,1.60973896304746e-13,1.56186097489129e-13,7.46976987991487e-07
3669.54604,0.45494,6.78583e-07,1.90818750000004e-09,1.9025384959635e-09,6.11249561250423e-13,1.46876774482961e-13,1.47782319911239e-13,7.06785008271143e-07
3679.7092,0.4562,6.80498e-07,1.9045e-09,1.90317795717796e-09,4.62697437697675e-13,1.23955923799212e-13,1.2584804581084e-13,6.01881958225757e-07
3689.7917,0.45745,6.82392e-07,1.89899999999996e-09,1.90346389083889e-09,-4.18392418398125e-14,1.11776573006693e-13,1.11726909442073e-13,5.34346088636001e-07
3699.8742,0.4587,6.84296e-07,1.9011875e-09,1.90309427869428e-09,-3.20430414179784e-13,1.07829194056275e-13,1.07952622533408e-13,5.16295151246734e-07
3709.9567,0.45995,6.86194375e-07,1.90950000000003e-09,1.90282303001053e-09,-1.59459459459391e-13,1.10183667152728e-13,1.08371553491063e-13,5.18298734087693e-07
3720.0392,0.4612,6.88115e-07,1.90243749999999e-09,1.90277535977536e-09,1.39347139346151e-14,1.15469873600934e-13,1.20369757414798e-13,5.75681448505556e-07
3730.1217,0.46245,6.8999925e-07,1.876625e-09,1.9028508994384e-09,1.89320814320691e-13,1.4145902075853e-13,1.41020310780533e-13,6.74444964602549e-07
3740.2042,0.4637,6.9186825e-07,1.907375e-09,1.903154001404e-09,3.49653387151989e-13,1.4875700482141e-13,1.41006266302676e-13,6.74377795360624e-07
3750.36736,0.46496,6.93814e-07,1.92237499999999e-09,1.90355020621271e-09,1.97270972271088e-13,1.03088005062098e-13,1.05883183234251e-13,5.06397832859461e-07
3760.44986,0.46621,6.95713e-07,1.90437500000003e-09,1.90354854334854e-09,-1.94144875392411e-13,6.06014834716759e-14,6.31839348785578e-14,3.02184036375711e-07
3770.53236,0.46746,6.9762275e-07,1.90825e-09,1.90316191646192e-09,-4.36451386450407e-13,4.48364900327738e-14,4.44853715869406e-14,2.1275612498102e-07
3780.61486,0.46871,6.995295e-07,1.90187499999996e-09,1.90267564057564e-09,-1.9066119691341e-13,4.92034749810636e-14,5.10622952122849e-14,2.44210977102232e-07
3790.69736,0.46996,7.014265e-07,1.89750000000002e-09,1.90278059406809e-09,3.95858195855063e-13,7.12092704202718e-14,7.08367259532287e-14,3.38784341515442e-07
3800.77986,0.47121,7.033245e-07,1.90125000000002e-09,1.90346735696735e-09,5.05464636713849e-13,8.66744724232096e-14,8.37224826136637e-14,4.00411873369696e-07
3810.94302,0.47247,7.05229e-07,1.9144375e-09,1.90379152334152e-09,9.73455598475134e-14,7.57660291781904e-14,7.43272246916219e-14,3.55478031133844e-07
3821.02552,0.47372,7.07153375e-07,1.9045e-09,1.90366204808705e-09,-1.38925938925093e-13,5.30907699848956e-14,5.58235688140035e-14,2.66982285632191e-07
3831.10802,0.47497,7.09038e-07,1.89399999999998e-09,1.90351367146367e-09,7.39601614594948e-14,5.00415764863057e-14,5.09295920249083e-14,2.43576309684344e-07
3841.19052,0.47622,7.10941375e-07,1.90399999999999e-09,1.90380996840997e-09,3.17567567567654e-13,6.61286773191432e-14,6.59679134442862e-14,3.15498716472673e-07
3851.27302,0.47747,7.12846e-07,1.90112499999999e-09,1.90414880659881e-09,9.90939803458644e-14,9.05021198364338e-14,9.14058614273532e-14,4.37158467696037e-07
3861.35552,0.47872,7.14743625e-07,1.89681250000002e-09,1.90400815637066e-09,-1.49291719106498e-14,1.14187529931201e-13,1.10859934204316e-13,5.3019968532499e-07
3871.43802,0.47997,7.16639625e-07,1.90574999999998e-09,1.90411894825499e-09,1.09959118784786e-13,1.17666881602407e-13,1.19321503672027e-13,5.70668061040129e-07
3881.60118,0.48123,7.18555125e-07,1.90718749999996e-09,1.90422807460823e-09,1.08293587704772e-13,1.20244098996001e-13,1.20244098996025e-13,5.7508047345925e-07
3891.68368,0.48248,7.20454e-07,1.90493750000005e-09,1.90433553543039e-09,1.06628056627446e-13,1.21919182112366e-13,1.21919182112397e-13,5.83091740537551e-07
3901.76618,0.48373,7.22365e-07,1.91075000000002e-09,1.90444133072148e-09,1.0496252555012e-13,1.22692130951608e-13,1.22692130951572e-13,5.86788452377083e-07
3911.84868,0.48498,7.242755e-07,1.9066875e-09,1.90454546048149e-09,1.03296994472173e-13,1.22562945513466e-13,1.2256294551347e-13,5.86170608977465e-07
3921.93118,0.48623,7.26178375e-07,1.89775000000003e-09,1.90464792471043e-09,1.01631463394641e-13,1.21531625798097e-13,1.21531625798128e-13,5.81238210338873e-07
3932.01368,0.48748,7.28071e-07,1.90281249999997e-09,1.90474872340828e-09,9.99659323175213e-14,1.19598171805603e-13,1.19598171805568e-13,5.71991256461412e-07
3942.17684,0.48874,7.29984e-07,1.90449999999995e-09,1.90484785657506e-09,9.83004012399885e-14,1.16762583535727e-13,1.16762583535744e-13,5.58429747344863e-07
3952.25934,0.48999,7.3188e-07,1.9038125e-09,1.90494532421076e-09,9.66348701624557e-14,1.13024860988623e-13,1.13024860988605e-13,5.4055368298898e-07
3962.34184,0.49124,7.33791625e-07,1.90800000000005e-09,1.90504112631539e-09,9.49693390849229e-14,1.08385004164239e-13,1.0838500416427e-13,5.18363063394335e-07
3972.42434,0.49249,7.35696e-07,1.90518750000006e-09,1.90513526288893e-09,9.33038080073901e-14,1.02843013062731e-13,1.02843013062704e-13,4.91857888560758e-07
3982.50684,0.49374,7.37602e-07,1.90549999999998e-09,1.9052277339314e-09,9.16382769298572e-14,9.63988876838918e-14,9.63988876838962e-14,4.61038158488199e-07
3992.58934,0.49499,7.39507e-07,1.90956249999994e-09,1.90531853944279e-09,8.99727458525312e-14,8.9052628027825e-14,8.90526280278471e-14,4.2590387317666e-07
4002.7525,0.49625,7.41421125e-07,1.90599999999999e-09,1.90540767942311e-09,8.83072147752052e-14,8.08042340945821e-14,8.08042340945466e-14,3.86455032626092e-07
4012.835,0.4975,7.43319e-07,1.89593750000002e-09,1.90549515387234e-09,8.66416836976724e-14,7.16537058839564e-14,7.16537058839741e-14,3.42691636836398e-07
4022.9175,0.49875,7.45213e-07,1.90343750000001e-09,1.9055809627905e-09,8.49761526199327e-14,6.16010433961546e-14,6.16010433963097e-14,2.94613685808438e-07
4033,0.5,7.47125875e-07,1.91287499999994e-09,1.90566510617758e-09,8.41433870809595e-14,5.06462466311768e-14,5.06462466312285e-14,2.42221179540658e-07
