wvnmbr,Voltage,Current,DerivativeY1,DerivativeY1_1,DerivativeY2,DerivativeY2_1,DerivativeY2_2,Alpha
-4033,-0.5,-4.857836e-07,2.36219999999996e-09,2.02515715572714e-09,-7.09863888257992e-11,-7.94824500433977e-11,-7.94824500433977e-11,NaN
-4022.9175,-0.49875,-4.834214e-07,2.18124999999997e-09,1.95417076690134e-09,-6.94644330656083e-11,-7.43871046895137e-11,-7.43871046895137e-11,NaN
-4012.835,-0.4975,-4.814211e-07,1.90490000000002e-09,1.88622828959593e-09,-6.64205215452261e-11,-6.94613634418155e-11,-6.94613634418155e-11,NaN
-4002.7525,-0.49625,-4.796116e-07,1.74555000000003e-09,1.82132972381089e-09,-6.3376610024844e-11,-6.4705226300303e-11,-6.4705226300303e-11,NaN
-3992.58934,-0.49499,-4.7793e-07,1.63284999999998e-09,1.75947506954624e-09,-6.03326985044621e-11,-6.01186932649764e-11,-6.01186932649764e-11,NaN
-3982.50684,-0.49374,-4.763459e-07,1.54889999999999e-09,1.70066432680197e-09,-5.72887869840802e-11,-5.57017643358355e-11,-5.57017643358355e-11,NaN
-3972.42434,-0.49249,-4.748322e-07,1.4981e-09,1.64489749557808e-09,-5.42448754636981e-11,-5.14544395128804e-11,-5.14544395128804e-11,NaN
-3962.34184,-0.49124,-4.733497e-07,1.45870000000001e-09,1.59217457587457e-09,-5.12009639433158e-11,-4.7376718796111e-11,-4.7376718796111e-11,NaN
-3952.25934,-0.48999,-4.719148e-07,1.42384999999999e-09,1.54249556769145e-09,-4.81570524229339e-11,-4.34686021855274e-11,-4.34686021855274e-11,NaN
-3942.17684,-0.48874,-4.70502e-07,1.42339999999997e-09,1.4958604710287e-09,-4.5113140902552e-11,-3.97300896811296e-11,-3.97300896811296e-11,NaN
-3932.01368,-0.48748,-4.69068e-07,1.37245000000001e-09,1.45226928588634e-09,-4.20692293821698e-11,-3.61611812829176e-11,-3.61611812829176e-11,NaN
-3921.93118,-0.48623,-4.677571e-07,1.32115000000003e-09,1.41172201226436e-09,-3.90253178617878e-11,-3.27618769908914e-11,-3.27618769908914e-11,NaN
-3911.84868,-0.48498,-4.664257e-07,1.33435000000003e-09,1.37421865016277e-09,-3.59814063414058e-11,-2.95321768050509e-11,-2.95321768050509e-11,NaN
-3901.76618,-0.48373,-4.650884e-07,1.31735000000001e-09,1.33975919958155e-09,-3.29374948210237e-11,-2.64720807253962e-11,-2.64720807253962e-11,NaN
-3891.68368,-0.48248,-4.63791e-07,1.29989999999997e-09,1.30834366052072e-09,-2.98935833006415e-11,-2.35815887519272e-11,-2.35815887519272e-11,NaN
-3881.60118,-0.48123,-4.624886e-07,1.29699999999996e-09,1.27997203298027e-09,-2.68496717802597e-11,-2.08607008846441e-11,-2.08607008846441e-11,NaN
-3871.43802,-0.47997,-4.61197e-07,1.2854e-09,1.2546443169602e-09,-2.38057602598777e-11,-1.83094171235467e-11,-1.8344499171252e-11,NaN
-3861.35552,-0.47872,-4.599178e-07,1.27700000000002e-09,1.23236051246051e-09,-9.72253405047448e-12,-1.59277374686351e-11,-1.58499113465874e-11,NaN
-3851.27302,-0.47747,-4.58643e-07,1.2789e-09,1.23519924885925e-09,3.6781958581955e-12,-1.33063713633475e-11,-1.33539401438382e-11,NaN
-3841.19052,-0.47622,-4.5736e-07,1.25785000000001e-09,1.2397169041769e-09,2.41263952263838e-12,-1.09439996750119e-11,-1.09357555823465e-11,NaN
-3831.10802,-0.47497,-4.561273e-07,1.24249999999999e-09,1.24002452790453e-09,-5.75837135836454e-13,-8.78433416523154e-12,-8.78713560689916e-12,NaN
-3821.02552,-0.47372,-4.54875e-07,1.24494999999999e-09,1.23856522990523e-09,-2.25894524394415e-12,-6.86726767670516e-12,-6.86834071900183e-12,NaN
-3810.94302,-0.47247,-4.536374e-07,1.24750000000003e-09,1.23550663741664e-09,-3.29842400842468e-12,-5.20000956600904e-12,-5.20030231748142e-12,NaN
-3800.77986,-0.47121,-4.5238e-07,1.24539999999998e-09,1.23196838188838e-09,-3.44527904528074e-12,-3.77725036292496e-12,-3.77843941803783e-12,NaN
-3790.69736,-0.46996,-4.511466e-07,1.233e-09,1.22861607932608e-09,-3.52881712881784e-12,-2.59026516339024e-12,-2.58817532034751e-12,NaN
-3780.61486,-0.46871,-4.49914e-07,1.22030000000006e-09,1.22491074763075e-09,-3.54845735345654e-12,-1.61645675369202e-12,-1.61425795622957e-12,NaN
-3770.53236,-0.46746,-4.48706e-07,1.21349999999999e-09,1.22151916461917e-09,-2.56378027378027e-12,-8.57609422282603e-13,-8.60461342179643e-13,NaN
-3760.44986,-0.46621,-4.47487e-07,1.22679999999995e-09,1.21978318708319e-09,-2.21792383292444e-12,-3.41160094676209e-13,-3.43390666271842e-13,NaN
-3750.36736,-0.46496,-4.462524e-07,1.22385e-09,1.21708331695332e-09,-3.16138820638727e-12,-6.12732975882412e-14,-5.84953535911592e-14,NaN
-3740.2042,-0.4637,-4.450393e-07,1.21410000000002e-09,1.21346041067041e-09,-3.05023692523518e-12,1.39097775482741e-14,1.22761197297366e-14,NaN
-3730.1217,-0.46245,-4.438242e-07,1.21215000000001e-09,1.21098284310285e-09,-2.67750614250454e-12,-1.16161407332313e-13,-1.17215643831676e-13,NaN
-3720.0392,-0.4612,-4.42615e-07,1.2116e-09,1.2081053983854e-09,-2.6744190944191e-12,-4.3297804907938e-13,-4.31308974116505e-13,NaN
-3709.9567,-0.45995,-4.41401e-07,1.20950000000001e-09,1.20563400491401e-09,-2.22720779220891e-12,-9.057319187164e-13,-9.05934564609347e-13,NaN
-3699.8742,-0.4587,-4.40196e-07,1.2008e-09,1.20365098280098e-09,-2.0901333801344e-12,-1.52308732850039e-12,-1.56936566285793e-12,NaN
-3689.7917,-0.45745,-4.389994e-07,1.19899999999998e-09,1.20145373815374e-09,-2.11615128115233e-12,-2.27134438860397e-12,-2.23578247170111e-12,NaN
-3679.7092,-0.4562,-4.37798e-07,1.20484999999998e-09,1.19941868023868e-09,-1.79013338013421e-12,-2.59688930836176e-12,-2.54010034672175e-12,NaN
-3669.54604,-0.45494,-4.365897e-07,1.20299999999999e-09,1.19787347139347e-09,-1.91589505089471e-12,-2.36099732764173e-12,-2.3975539620375e-12,NaN
-3659.46354,-0.45369,-4.35392e-07,1.19095000000003e-09,1.19558689013689e-09,-2.35044928044865e-12,-2.08748157211196e-12,-2.09635621099282e-12,NaN
-3649.38104,-0.45244,-4.342078e-07,1.18669999999999e-09,1.19317257283257e-09,-2.0573323973336e-12,-1.87366109948979e-12,-1.87437822851986e-12,NaN
-3639.29854,-0.45119,-4.330186e-07,1.19639999999998e-09,1.19147222534222e-09,-1.62504036504003e-12,-1.7133175138825e-12,-1.71486998200037e-12,NaN
-3629.21604,-0.44994,-4.31815e-07,1.18830000000003e-09,1.18992249210249e-09,-1.29573008072827e-12,-1.59186591404657e-12,-1.5871188477437e-12,NaN
-3619.13354,-0.44869,-4.30642e-07,1.18270000000004e-09,1.18888076518077e-09,-1.14426640926671e-12,-1.47660927069669e-12,-1.4776289679606e-12,NaN
-3608.97038,-0.44743,-4.294496e-07,1.19410000000002e-09,1.18763395928396e-09,-1.54907686907671e-12,-1.39023299474767e-12,-1.3970733408995e-12,NaN
-3598.88788,-0.44618,-4.282538e-07,1.18929999999997e-09,1.18578261144261e-09,-1.97142330642295e-12,-1.34352602903541e-12,-1.33675629238319e-12,NaN
-3588.80538,-0.44493,-4.27071e-07,1.18539999999999e-09,1.18369111267111e-09,-1.65938223938285e-12,-1.26747327795774e-12,-1.26268720102565e-12,NaN
-3578.72288,-0.44368,-4.25883e-07,1.188e-09,1.18246384696385e-09,-1.21547034047106e-12,-1.17203990685507e-12,-1.18033199054664e-12,NaN
-3568.64038,-0.44243,-4.24695e-07,1.1765e-09,1.18126017199017e-09,-1.24882590382656e-12,-1.12302864527549e-12,-1.12020550498379e-12,NaN
-3558.55788,-0.44118,-4.2353e-07,1.17699999999998e-09,1.17996619515619e-09,-9.8497542997527e-13,-1.08950124636542e-12,-1.09010928174079e-12,NaN
-3548.39472,-0.43992,-4.22341e-07,1.18649999999998e-09,1.17929022113022e-09,-7.86965601964849e-13,-1.07345610000777e-12,-1.07618796827178e-12,NaN
-3538.31222,-0.43867,-4.21157e-07,1.17365000000001e-09,1.17839226395226e-09,-9.54547209546409e-13,-1.06979785003952e-12,-1.0647143017514e-12,NaN
-3528.2305266,-0.4374201,-4.199937e-07,1.17029999999998e-09,1.17738112671113e-09,-1.02271498771488e-12,-1.04155934388421e-12,-1.04234141475178e-12,NaN
-3518.14722,-0.43617,-4.188164e-07,1.17465000000001e-09,1.17634683397684e-09,-9.63362583362333e-13,-1.01108149232673e-12,-1.01313370408918e-12,NaN
-3508.06472,-0.43492,-4.176444e-07,1.17280000000002e-09,1.1754544015444e-09,-5.45947700947456e-13,-9.91581046030289e-13,-9.89508541343497e-13,NaN
-3497.98222,-0.43367,-4.164708e-07,1.17440000000003e-09,1.17525493857494e-09,-1.47628992629913e-13,-9.72332285096093e-13,-9.71695170692442e-13,NaN
-3487.89972,-0.43242,-4.152956e-07,1.18179999999998e-09,1.17515914355914e-09,-4.98532818533167e-13,-9.66788710971241e-13,-9.70626522739682e-13,NaN
-3477.73656,-0.43116,-4.141072e-07,1.17715e-09,1.17425787293787e-09,-9.98436293436014e-13,-9.95836826478763e-13,-9.95388437584141e-13,NaN
-3467.65406,-0.42991,-4.129413e-07,1.16810000000005e-09,1.17316227097227e-09,-1.07627062127177e-12,-1.03558866380987e-12,-1.03509041427253e-12,NaN
-3457.57156,-0.42866,-4.11771e-07,1.17364999999996e-09,1.17210533169533e-09,-1.29668480168521e-12,-1.06738745892637e-12,-1.06654099242169e-12,NaN
-3447.48906,-0.42741,-4.10594e-07,1.16744999999996e-09,1.1705689013689e-09,-1.66625307125192e-12,-1.07838935905905e-12,-1.07510330401279e-12,NaN
-3437.40656,-0.42616,-4.094361e-07,1.16550000000001e-09,1.16877282555283e-09,-1.54434187434099e-12,-1.06562595399338e-12,-1.06701761247699e-12,NaN
-3427.32406,-0.42491,-4.08263e-07,1.17045000000002e-09,1.16748021762022e-09,-1.0711442611444e-12,-1.06446614238782e-12,-1.0690193374423e-12,NaN
-3417.1609,-0.42365,-4.070952e-07,1.17180000000002e-09,1.16663053703054e-09,-1.01932081432078e-12,-1.09404280725865e-12,-1.09244319811637e-12,NaN
-3407.0784,-0.4224,-4.059194e-07,1.16909999999997e-09,1.16544157599158e-09,-1.23491049491008e-12,-1.12036822265325e-12,-1.11771748182919e-12,NaN
-3396.9959,-0.42115,-4.04757e-07,1.17205e-09,1.16416071604072e-09,-1.36729203229228e-12,-1.12811676927898e-12,-1.13134748876353e-12,NaN
-3386.9134,-0.4199,-4.035753e-07,1.17000000000003e-09,1.16270699192699e-09,-1.32076167076156e-12,-1.13288813745724e-12,-1.12968722542657e-12,NaN
-3376.8309,-0.41865,-4.02417e-07,1.15615e-09,1.16151919269919e-09,-8.52532467532968e-13,-1.11259029018963e-12,-1.11158735735931e-12,NaN
-3366.7484,-0.4174,-4.01263e-07,1.16265e-09,1.16100192699193e-09,-7.69766584767497e-13,-1.08247516416891e-12,-1.08723754176077e-12,NaN
-3356.6659,-0.41615,-4.000917e-07,1.16705e-09,1.15997965952966e-09,-1.10063706563766e-12,-1.0694955791082e-12,-1.06885327966043e-12,NaN
-3346.50274,-0.41489,-3.989289e-07,1.16180000000001e-09,1.15880065286065e-09,-1.22447349947338e-12,-1.0450432828156e-12,-1.04441047540434e-12,NaN
-3336.42024,-0.41364,-3.977681e-07,1.15739999999998e-09,1.15753071253071e-09,-1.22088803088741e-12,-9.88003516656487e-13,-9.86444053618898e-13,NaN
-3326.33774,-0.41239,-3.966141e-07,1.14704999999997e-09,1.15635887679888e-09,-1.06234994734946e-12,-8.84644275127653e-13,-8.80823605464475e-13,NaN
-3316.25524,-0.41114,-3.95474e-07,1.14195e-09,1.15540601263601e-09,-9.95547560548033e-13,-7.3942728816443e-13,-7.42413247467498e-13,NaN
-3306.17274,-0.40989,-3.943302e-07,1.14665e-09,1.15436778167778e-09,-8.13355563356603e-13,-6.0138876510589e-13,-6.03923849475065e-13,NaN
-3296.09024,-0.40864,-3.931807e-07,1.14365e-09,1.1537793015093e-09,-4.1954545454425e-13,-4.84728723421973e-13,-4.8190570811971e-13,NaN
-3285.92708,-0.40738,-3.920429e-07,1.15135000000001e-09,1.15352869076869e-09,-1.47120042118834e-13,-3.74071196275571e-13,-3.74390034793344e-13,NaN
-3275.84458,-0.40613,-3.90878e-07,1.15594999999999e-09,1.15348506142506e-09,-1.52744822746538e-13,-2.86975395355979e-13,-2.9087043014686e-13,NaN
-3265.7628866,-0.4048801,-3.89731e-07,1.15740000000001e-09,1.1532232011232e-09,-3.89612144614068e-13,-2.37280749645131e-13,-2.37542651868508e-13,NaN
-3255.67958,-0.40363,-3.885632e-07,1.16000000000002e-09,1.15270583713583e-09,-4.55500175500046e-13,-1.93384615564681e-13,-1.87419339571985e-13,NaN
-3245.59708,-0.40238,-3.87411e-07,1.14795000000001e-09,1.1523122007722e-09,-2.05266760265927e-13,-1.20628823596883e-13,-1.20699339512831e-13,NaN
-3235.51458,-0.40113,-3.862673e-07,1.15339999999998e-09,1.1522953036153e-09,1.53036153035201e-14,-5.39500908054414e-14,-5.84076804712563e-14,NaN
-3225.35142,-0.39987,-3.851042e-07,1.16195e-09,1.15234280800281e-09,1.42790452790066e-13,-2.74624485679955e-14,-2.82515594680885e-14,NaN
-3215.26892,-0.39862,-3.839434e-07,1.15810000000001e-09,1.15258088452088e-09,2.19350649351386e-13,-2.32747154943441e-14,-2.32631987579842e-14,NaN
-3205.18642,-0.39737,-3.82788e-07,1.15364999999999e-09,1.15278150930151e-09,8.21112671122313e-14,-1.42894163598672e-14,-9.35751432111735e-15,NaN
-3195.10392,-0.39612,-3.816361e-07,1.1494e-09,1.15274510705511e-09,2.90447525447988e-13,2.64565621358567e-14,2.72526797090511e-14,NaN
-3185.02142,-0.39487,-3.804892e-07,1.14955000000002e-09,1.15336240435241e-09,8.5345910845911e-13,6.83874761745011e-14,6.44425087949365e-14,NaN
-3174.93892,-0.39362,-3.79337e-07,1.14919999999999e-09,1.15445202527203e-09,8.73825903826235e-13,7.16395435838044e-14,7.08151878519691e-14,NaN
-3164.85642,-0.39237,-3.781908e-07,1.15649999999997e-09,1.15511005616006e-09,4.42557037557771e-13,4.23736016197588e-14,4.21435442750335e-14,NaN
-3154.69326,-0.39111,-3.77024e-07,1.15464999999999e-09,1.15533713934714e-09,-3.23464373468261e-14,-3.63202892356556e-15,-1.00037052936784e-15,NaN
-3144.61076,-0.38986,-3.758815e-07,1.15325000000002e-09,1.15504536328536e-09,-4.41082836083446e-13,-4.79150248969697e-14,-4.98319492299485e-14,NaN
-3134.52826,-0.38861,-3.747175e-07,1.16825000000001e-09,1.15445497367497e-09,-5.22302562302917e-13,-1.02715744416895e-13,-1.04619249219557e-13,NaN
-3124.44576,-0.38736,-3.73545e-07,1.16045000000001e-09,1.15400075816076e-09,-5.61574236573952e-13,-1.57910428381697e-13,-1.53623470622278e-13,NaN
-3114.36326,-0.38611,-3.723966e-07,1.146e-09,1.15333182520183e-09,-6.40694980694333e-13,-1.81167761658666e-13,-1.79945980456216e-13,NaN
-3104.28076,-0.38486,-3.71253e-07,1.14714999999997e-09,1.15271936819937e-09,-4.96189891190112e-13,-1.90170936308317e-13,-1.92969463345909e-13,NaN
-3094.1176,-0.3836,-3.701023e-07,1.14685000000002e-09,1.15233944541945e-09,-2.17218322218447e-13,-2.16857258419746e-13,-2.18450542681103e-13,NaN
-3084.0351,-0.38235,-3.689593e-07,1.15145000000003e-09,1.15228493155493e-09,-1.93955773955486e-13,-2.6051455197681e-13,-2.60624382822003e-13,NaN
-3073.9526,-0.3811,-3.677994e-07,1.15615e-09,1.15195153387154e-09,-6.15484380484003e-13,-3.01842324580869e-13,-2.99415890627037e-13,NaN
-3063.8701,-0.37985,-3.66647e-07,1.15270000000001e-09,1.15105396279396e-09,-6.46988416988712e-13,-3.20258723972691e-13,-3.19318825138176e-13,NaN
-3053.7876,-0.3786,-3.65494e-07,1.15194999999999e-09,1.15065755703756e-09,-1.14485784486446e-13,-3.23490294021084e-13,-3.25902985865004e-13,NaN
-3043.7059066,-0.3773501,-3.643431e-07,1.1545e-09,1.15082499122499e-09,1.2993155493192e-13,-3.30229064997533e-13,-3.29730254401722e-13,NaN
-3033.6226,-0.3761,-3.63185e-07,1.15870000000001e-09,1.15091742014742e-09,-1.09731484730831e-13,-3.31018995661123e-13,-3.31376899953008e-13,NaN
-3023.45944,-0.37484,-3.620257e-07,1.1535e-09,1.15060552825553e-09,-6.02318357318434e-13,-3.22223501722067e-13,-3.22059212289744e-13,NaN
-3013.37694,-0.37359,-3.60878e-07,1.14509999999999e-09,1.14971278343278e-09,-7.96030186030059e-13,-2.96030448818584e-13,-2.9352648723851e-13,NaN
-3003.29444,-0.37234,-3.597355e-07,1.13850000000001e-09,1.14901346788347e-09,-5.01256581256714e-13,-2.46544412632666e-13,-2.47649958823655e-13,NaN
-2993.21194,-0.37109,-3.58601e-07,1.14325000000001e-09,1.14871027027027e-09,-1.20359775360541e-13,-1.97082853947165e-13,-1.98447127138033e-13,NaN
-2983.12944,-0.36984,-3.57449e-07,1.14929999999998e-09,1.14877274833275e-09,6.8794313793907e-14,-1.58065194650057e-13,-1.57517359402446e-13,NaN
-2973.04694,-0.36859,-3.563024e-07,1.15049999999999e-09,1.14884785889786e-09,5.61600561628276e-15,-1.23994336069187e-13,-1.24064094909964e-13,NaN
-2962.88378,-0.36733,-3.55148e-07,1.14965000000001e-09,1.14878398034398e-09,1.61911196910862e-13,-9.57645907545238e-14,-9.56236726127251e-14,NaN
-2952.80128,-0.36608,-3.540031e-07,1.148e-09,1.14917168129168e-09,2.50731835730934e-13,-7.34564181136353e-14,-7.32218360904909e-14,NaN
-2942.71878,-0.36483,-3.52852e-07,1.14654999999999e-09,1.14928544401544e-09,-1.81291681291384e-13,-5.8794322541739e-14,-5.95016905165972e-14,NaN
-2932.63628,-0.36358,-3.5171e-07,1.15049999999999e-09,1.1488090979291e-09,-3.15031590032053e-13,-5.62395987040699e-14,-5.75110956645121e-14,NaN
-2922.55378,-0.36233,-3.50551e-07,1.14945e-09,1.14865538083538e-09,9.18094068083563e-14,-6.20009148925165e-14,-5.91390059036346e-14,NaN
-2912.47128,-0.36108,-3.494111e-07,1.143e-09,1.14899271674271e-09,2.99898209899014e-13,-5.74528081938083e-14,-5.71049909265394e-14,NaN
-2902.30812,-0.35982,-3.48265e-07,1.15300000000001e-09,1.14925517725518e-09,1.92327132327373e-13,-5.73587538982969e-14,-6.12510855235875e-14,NaN
-2892.22562,-0.35857,-3.471051e-07,1.1555e-09,1.14937737100737e-09,-1.19389259389492e-13,-8.05400954144711e-14,-8.02858659324032e-14,NaN
-2882.14312,-0.35732,-3.45954e-07,1.14925000000001e-09,1.1490163987364e-09,-2.841488241487e-13,-1.00407640522429e-13,-9.72268498249355e-14,NaN
-2872.06062,-0.35607,-3.448066e-07,1.14525000000001e-09,1.14880907335907e-09,-4.43787293788235e-14,-9.33382076263942e-14,-9.15226253545021e-14,NaN
-2861.97812,-0.35482,-3.436635e-07,1.14379999999999e-09,1.14892764127764e-09,-2.26219726181941e-15,-7.28178399346805e-14,-7.42301067413324e-14,NaN
-2851.89562,-0.35357,-3.42519e-07,1.14894999999998e-09,1.14880454896455e-09,-2.99387504387056e-13,-7.35143738276757e-14,-7.708760155972e-14,NaN
-2841.81312,-0.35232,-3.413656e-07,1.15945000000001e-09,1.14832886626887e-09,-4.83904878904694e-13,-1.13619199608162e-13,-1.13975631715558e-13,NaN
-2831.64996,-0.35106,-3.402001e-07,1.1568e-09,1.14783673920674e-09,-3.32686907686638e-13,-1.69636050705073e-13,-1.68110476687136e-13,NaN
-2821.56746,-0.34981,-3.39052e-07,1.14705e-09,1.14766349245349e-09,-1.56932256928491e-14,-2.13910285961056e-13,-2.13229751281026e-13,NaN
-2811.48496,-0.34856,-3.37906e-07,1.145e-09,1.14780535275535e-09,1.09743769743595e-13,-2.36585627761353e-13,-2.34207992356894e-13,NaN
-2801.40246,-0.34731,-3.36762e-07,1.14224999999998e-09,1.14788297999298e-09,-6.628466128492e-14,-2.3574536975822e-13,-2.37455242435525e-13,NaN
-2791.31996,-0.34606,-3.356215e-07,1.14289999999998e-09,1.14767278343278e-09,-3.45189540189406e-13,-2.37211885322598e-13,-2.38340939251261e-13,NaN
-2781.23746,-0.34481,-3.344762e-07,1.14940000000003e-09,1.1471926009126e-09,-4.15582660582126e-13,-2.4685903325687e-13,-2.45599931242965e-13,NaN
-2771.0743,-0.34355,-3.333227e-07,1.15260000000002e-09,1.14684161811162e-09,-4.35870480870135e-13,-2.57388376529015e-13,-2.60267711626642e-13,NaN
-2760.9918,-0.3423,-3.32171e-07,1.15409999999998e-09,1.14632085995086e-09,-4.10974025973841e-13,-2.76191001602571e-13,-2.75725469514961e-13,NaN
-2750.9093,-0.34105,-3.310145e-07,1.14730000000001e-09,1.14601967005967e-09,-2.12943137943784e-13,-2.77065752135428e-13,-2.71820542698876e-13,NaN
-2740.8268,-0.3398,-3.298764e-07,1.13215e-09,1.14589497367497e-09,-2.3021235521276e-13,-2.39242679474264e-13,-2.40814060796234e-13,NaN
-2730.7443,-0.33855,-3.287502e-07,1.13394999999999e-09,1.14555924534925e-09,-1.02651807650766e-13,-2.03145945058858e-13,-2.05796025390475e-13,NaN
-2720.6618,-0.3373,-3.276085e-07,1.14010000000001e-09,1.14568967005967e-09,-1.12600912595401e-14,-1.90866928239335e-13,-1.9154834359004e-13,NaN
-2710.5793,-0.33605,-3.2647e-07,1.14855000000001e-09,1.14553672516673e-09,-2.38792558792626e-13,-1.9357940449695e-13,-1.94204501572928e-13,NaN
-2700.41614,-0.33479,-3.253114e-07,1.14514999999999e-09,1.14521208494209e-09,-4.4630396630394e-13,-1.94507303554733e-13,-1.90779637924609e-13,NaN
-2690.33364,-0.33354,-3.241797e-07,1.14025e-09,1.14464411723412e-09,-5.59541944542454e-13,-1.69581755915973e-13,-1.68469319424235e-13,NaN
-2680.25114,-0.33229,-3.230309e-07,1.15235000000001e-09,1.144093001053e-09,-3.25458055459347e-13,-1.38223324435401e-13,-1.41187919903137e-13,NaN
-2670.16864,-0.33104,-3.21875e-07,1.16044999999998e-09,1.1439932011232e-09,6.48982098980315e-14,-1.32830997704697e-13,-1.35988738392371e-13,NaN
-2660.08614,-0.32979,-3.2071e-07,1.15605000000001e-09,1.1442227974728e-09,1.72758862760145e-13,-1.51216817191963e-13,-1.49766723734141e-13,NaN
-2650.00364,-0.32854,-3.195629e-07,1.14055000000001e-09,1.14433871884872e-09,1.38106353106903e-13,-1.54352516342435e-13,-1.50351416609383e-13,NaN
-2639.84048,-0.32728,-3.184289e-07,1.1329e-09,1.14449901017901e-09,2.63127413125854e-14,-1.20127585609272e-13,-1.20162872744831e-13,NaN
-2629.75798,-0.32603,-3.172971e-07,1.13645000000001e-09,1.14439134433135e-09,-3.06072306072573e-13,-7.31110123312376e-14,-7.43986425793726e-14,NaN
-2619.67548,-0.32478,-3.16156e-07,1.143e-09,1.14388686556687e-09,-3.18129168130306e-13,-3.74601005989065e-14,-3.92358740453279e-14,NaN
-2609.59298,-0.32353,-3.150111e-07,1.14905e-09,1.14375508599509e-09,1.01697086696822e-13,-2.23098016079442e-14,-2.12804782575264e-14,NaN
-2599.51048,-0.32228,-3.138579e-07,1.145e-09,1.14409025974026e-09,4.26869076870037e-13,-1.60777096790997e-14,-1.56236371659843e-14,NaN
-2589.42798,-0.32103,-3.127211e-07,1.14745e-09,1.14460882414883e-09,3.91851526850616e-13,-1.91901915546634e-14,-2.21999019108151e-14,NaN
-2579.26482,-0.31977,-3.11563e-07,1.14689999999999e-09,1.14487396279396e-09,-1.18555633557142e-13,-3.7371126629939e-14,-3.50413109374254e-14,NaN
-2569.18232,-0.31852,-3.104273e-07,1.14205000000002e-09,1.14437171288171e-09,-6.86784836784623e-13,-4.1231106811794e-14,-4.05853548849351e-14,NaN
-2559.09982,-0.31727,-3.092789e-07,1.13865e-09,1.14350039312039e-09,-4.67774657773888e-13,-2.85619070864217e-14,-2.77721902051531e-14,NaN
-2549.01732,-0.31602,-3.0815e-07,1.13569999999996e-09,1.14343616356616e-09,8.30572130576488e-14,-4.68907492003544e-15,-4.38545097122286e-15,NaN
-2538.93482,-0.31477,-3.070075e-07,1.14565e-09,1.14366650754651e-09,2.72941382941456e-13,1.58484786063517e-14,1.39804705045553e-14,NaN
-2528.85232,-0.31352,-3.058587e-07,1.14525000000001e-09,1.14398204633205e-09,1.58074763074621e-13,1.49695630089133e-14,1.46977713299809e-14,NaN
-2518.76982,-0.31227,-3.04717e-07,1.14765000000001e-09,1.14398265707266e-09,-1.68597753597981e-13,-3.61358434188583e-15,-4.94088227965032e-15,NaN
-2508.60666,-0.31101,-3.035634e-07,1.14585000000001e-09,1.14364485082485e-09,-2.60933660933746e-13,-3.30178231547022e-14,-3.17740751031662e-14,NaN
-2498.52416,-0.30976,-3.024253e-07,1.14000000000002e-09,1.14346078975079e-09,5.7402597402127e-14,-5.08748705309399e-14,-4.88344538692443e-14,NaN
-2488.44166,-0.30851,-3.012834e-07,1.14449999999999e-09,1.14375965601965e-09,4.66912951912703e-13,-4.93268375065894e-14,-5.03740533845678e-14,NaN
-2478.35916,-0.30726,-3.001363e-07,1.14869999999998e-09,1.14439461565461e-09,3.270480870486e-13,-4.43206961707562e-14,-4.43944915595862e-14,NaN
-2468.27666,-0.30601,-2.98986e-07,1.13985000000001e-09,1.14441375219375e-09,-1.97351702351186e-13,-3.95859000361314e-14,-3.77194680830906e-14,NaN
-2458.19416,-0.30476,-2.978566e-07,1.14365e-09,1.14399991224991e-09,-3.79248859248268e-13,-3.79909564123898e-14,-4.18599181199762e-14,NaN
-2448.031,-0.3035,-2.966987e-07,1.15059999999999e-09,1.14365525447526e-09,-3.20236925236889e-13,-6.41794120613495e-14,-6.63112511689123e-14,NaN
-2437.9485,-0.30225,-2.955554e-07,1.14255000000001e-09,1.14335943839944e-09,-1.85719550719887e-13,-9.7656927156321e-14,-9.3234266997464e-14,NaN
-2427.866,-0.301,-2.944136e-07,1.1373e-09,1.14328381537382e-09,-1.36941031940879e-13,-9.30577056157155e-14,-8.98887370528393e-14,NaN
-2417.7835,-0.29975,-2.932808e-07,1.13595e-09,1.14308555633556e-09,-2.23885573877708e-14,-5.66136532112754e-14,-5.73256407893735e-14,NaN
-2407.701,-0.2985,-2.921417e-07,1.14505000000002e-09,1.14323903825904e-09,3.30161460161993e-13,-3.15279756149659e-14,-3.56938428469377e-14,NaN
-2397.6185,-0.29725,-2.909907e-07,1.16065000000002e-09,1.14374587925588e-09,2.31391716391806e-13,-5.26973567542744e-14,-5.65725902360178e-14,NaN
-2387.45534,-0.29599,-2.898204e-07,1.15704999999998e-09,1.14370182169182e-09,-1.8912951912985e-13,-1.06416696183684e-13,-1.02684416631678e-13,NaN
-2377.37284,-0.29474,-2.886766e-07,1.13759999999997e-09,1.14336762021762e-09,-4.19018954020461e-13,-1.33769836170671e-13,-1.30316781366728e-13,NaN
-2367.29034,-0.29349,-2.875452e-07,1.13185e-09,1.14286378378378e-09,-3.3274131274219e-13,-1.19383880422774e-13,-1.19606600573591e-13,NaN
-2357.20784,-0.29224,-2.864129e-07,1.13510000000001e-09,1.14270213759214e-09,-1.18301158300465e-13,-8.81715720268574e-14,-8.87036815646625e-14,NaN
-2347.12534,-0.29099,-2.85275e-07,1.13750000000001e-09,1.14262718146718e-09,1.60214110221826e-14,-6.24472523102503e-14,-6.42978792893127e-14,NaN
-2337.04284,-0.28974,-2.841379e-07,1.13834999999999e-09,1.14273418041418e-09,5.71481221484485e-14,-5.83173179925546e-14,-5.92711938782526e-14,NaN
-2326.96034,-0.28849,-2.829983e-07,1.14725000000001e-09,1.14274147771148e-09,-7.83450333445123e-14,-7.02975177043107e-14,-7.09370088606325e-14,NaN
-2316.79718,-0.28723,-2.818434e-07,1.14900000000001e-09,1.14257749034749e-09,-1.89773604773789e-13,-8.17750480762485e-14,-7.85583774621501e-14,NaN
-2306.71468,-0.28598,-2.807003e-07,1.14155000000001e-09,1.14236193050193e-09,-1.49820989821867e-13,-6.86763755820098e-14,-6.73764489448332e-14,NaN
-2296.63218,-0.28473,-2.795603e-07,1.14135e-09,1.14227784836785e-09,-1.43897858897851e-13,-4.44557905263842e-14,-4.67806730966743e-14,NaN
-2286.54968,-0.28348,-2.784176e-07,1.14144999999999e-09,1.14207413478414e-09,-1.67474552474642e-13,-3.77333939812213e-14,-3.8182931657107e-14,NaN
-2276.46718,-0.28223,-2.772774e-07,1.14025e-09,1.1419428992629e-09,1.38910143910056e-13,-5.00056570316526e-14,-5.0944149756277e-14,NaN
-2266.38468,-0.28098,-2.761371e-07,1.1443e-09,1.14235195507196e-09,3.01826956827107e-13,-7.75244445441425e-14,-7.6542355495583e-14,NaN
-2256.22152,-0.27972,-2.749888e-07,1.14655000000001e-09,1.14254655317655e-09,-1.45902070902375e-13,-1.0559253959787e-13,-1.06301447405271e-13,NaN
-2246.13902,-0.27847,-2.73844e-07,1.1474e-09,1.14206015093015e-09,-5.56084591084794e-13,-1.30970430838541e-13,-1.32453735198747e-13,NaN
-2236.05652,-0.27722,-2.72694e-07,1.14299999999997e-09,1.14143438399438e-09,-2.89810459809527e-13,-1.42148015825509e-13,-1.36629796591112e-13,NaN
-2225.97402,-0.27597,-2.71558e-07,1.13399999999999e-09,1.14148053001053e-09,3.74552474553684e-13,-1.10309974582393e-13,-1.09850929758488e-13,NaN
-2215.89152,-0.27472,-2.70426e-07,1.14075000000002e-09,1.14218348894349e-09,6.33864513864691e-13,-7.10202115341071e-14,-7.58007941587802e-14,NaN
-2205.80902,-0.27347,-2.692765e-07,1.14305000000002e-09,1.14274825903826e-09,2.24429624429097e-13,-6.51981540511211e-14,-6.59991229374179e-14,NaN
-2195.72652,-0.27222,-2.681399e-07,1.14225000000001e-09,1.14263234819235e-09,-2.3417690417783e-13,-7.79897655493827e-14,-7.59333759868958e-14,NaN
-2185.56336,-0.27096,-2.66992e-07,1.14344999999999e-09,1.14227990522991e-09,-4.64663039663958e-13,-8.51963724380432e-14,-8.51643110032751e-14,NaN
-2175.48086,-0.26971,-2.65853e-07,1.14149999999998e-09,1.14170302211302e-09,-4.98371358372144e-13,-8.66105126886e-14,-8.64914254556612e-14,NaN
-2165.39836,-0.26846,-2.64709e-07,1.14e-09,1.14128316251316e-09,-4.16360126360423e-13,-8.23987743448447e-14,-8.14945232840787e-14,NaN
-2155.31586,-0.26721,-2.63573e-07,1.14095e-09,1.1408703018603e-09,-2.4670235170132e-13,-7.41170965015216e-14,-7.51939016193396e-14,NaN
-2145.23336,-0.26596,-2.624271e-07,1.13825e-09,1.14078975780976e-09,4.68989118993864e-14,-7.38710139623117e-14,-7.39460663734508e-14,NaN
-2135.15086,-0.26471,-2.612965e-07,1.14330000000003e-09,1.1409640996841e-09,1.5428220427698e-14,-8.12033351563527e-14,-8.15732487185337e-14,NaN
-2124.9877,-0.26345,-2.601405e-07,1.14619999999999e-09,1.14082061425061e-09,-2.50668655669026e-13,-9.47812570494926e-14,-9.51524563997109e-14,NaN
-2114.9052,-0.2622,-2.590041e-07,1.1409e-09,1.14046276237276e-09,-3.80214110214718e-13,-1.08956318382134e-13,-1.09908985864256e-13,NaN
-2104.8227,-0.26095,-2.578587e-07,1.14255000000001e-09,1.14006018603018e-09,-2.26644436644357e-13,-1.137493988088e-13,-1.10773445565986e-13,NaN
-2094.7402,-0.2597,-2.56719e-07,1.13759999999997e-09,1.14000947349947e-09,1.34280449280583e-13,-8.80669240259281e-14,-8.46655389376705e-14,NaN
-2084.6577,-0.25845,-2.555835e-07,1.13395000000002e-09,1.14032874692875e-09,3.29792909792714e-13,-4.5534774229455e-14,-4.9876242658443e-14,NaN
-2074.5752,-0.2572,-2.544511e-07,1.14290000000001e-09,1.14066905931906e-09,4.23371358371604e-13,-3.94616556449889e-14,-4.41253296923591e-14,NaN
-2064.41204,-0.25594,-2.532977e-07,1.14354999999998e-09,1.14117548964549e-09,3.30561600561657e-13,-7.25058094932777e-14,-7.02229437611628e-14,NaN
-2054.32954,-0.25469,-2.52164e-07,1.13584999999998e-09,1.14133018252018e-09,-2.22260442260347e-13,-9.29159464424165e-14,-8.86495667196755e-14,NaN
-2044.24704,-0.25344,-2.51026e-07,1.13785000000001e-09,1.14073096876097e-09,-4.72418392418347e-13,-7.55742107018413e-14,-7.51907449216064e-14,NaN
-2034.16454,-0.25219,-2.498883e-07,1.142e-09,1.14038534573534e-09,-1.49315549315542e-13,-4.51371765796334e-14,-4.76711345550103e-14,NaN
-2024.08204,-0.25094,-2.48742e-07,1.14014999999998e-09,1.14043233766234e-09,-6.18989118932079e-15,-3.07351858199475e-14,-3.11181898278431e-14,NaN
-2013.99954,-0.24969,-2.47608e-07,1.13745000000001e-09,1.14037296595297e-09,-1.31542646542257e-13,-3.1935737120874e-14,-3.20309563686666e-14,NaN
-2003.91704,-0.24844,-2.464671e-07,1.14350000000001e-09,1.14016925236925e-09,-1.08613548613331e-13,-4.38379490883876e-14,-4.32126943077808e-14,NaN
-1993.75388,-0.24718,-2.45321e-07,1.14105000000002e-09,1.14015573885574e-09,-1.09371709371733e-13,-6.04300491042151e-14,-6.06798875248995e-14,NaN
-1983.67138,-0.24593,-2.44185e-07,1.14049999999998e-09,1.13995050895051e-09,-1.45593190593661e-13,-8.2994903657162e-14,-8.48669716870355e-14,NaN
-1973.58888,-0.24468,-2.4304e-07,1.14194999999998e-09,1.13986455247455e-09,-8.49104949106572e-14,-1.09900597661382e-13,-1.07088616033941e-13,NaN
-1963.50638,-0.24343,-2.419011e-07,1.13950000000001e-09,1.13978068796069e-09,-2.91926991921432e-14,-1.1767442234917e-13,-1.16708922214688e-13,NaN
-1953.42388,-0.24218,-2.40761e-07,1.14020000000001e-09,1.13980616707617e-09,1.70616005615941e-13,-1.15650121272968e-13,-1.17330536458346e-13,NaN
-1943.34138,-0.24093,-2.396207e-07,1.14555000000001e-09,1.14012191997192e-09,2.4612320112296e-13,-1.24425606220845e-13,-1.26497193297721e-13,NaN
-1933.17822,-0.23967,-2.384699e-07,1.14835e-09,1.14029841347841e-09,3.27272727281457e-14,-1.44993945151461e-13,-1.44593962983951e-13,NaN
-1923.09572,-0.23842,-2.37324e-07,1.13954999999999e-09,1.14018737451738e-09,-3.92765882765855e-13,-1.54179690126592e-13,-1.51054099916504e-13,NaN
-1913.01322,-0.23717,-2.361908e-07,1.13395000000001e-09,1.13951288171288e-09,-6.71070551070483e-13,-1.33473851828958e-13,-1.34835899561808e-13,NaN
-1902.93072,-0.23592,-2.350561e-07,1.13505000000001e-09,1.13884523341523e-09,-3.44006669004985e-13,-1.00832660058976e-13,-1.00246251497273e-13,NaN
-1892.84822,-0.23467,-2.339207e-07,1.13170000000001e-09,1.13882486837487e-09,6.85240435244672e-14,-5.83217877338091e-14,-5.64088508443757e-14,NaN
-1882.76572,-0.23342,-2.327927e-07,1.13479999999998e-09,1.13898228150228e-09,-2.55422955437979e-14,-1.48483409904857e-14,-1.87623274559765e-14,NaN
-1872.68322,-0.23217,-2.316511e-07,1.14234999999998e-09,1.13877378378378e-09,-2.15164970165451e-13,-1.63702300942431e-15,-3.61768149438777e-15,NaN
-1862.52006,-0.23091,-2.30508e-07,1.14305000000002e-09,1.13855195156195e-09,-1.10358020357406e-13,-4.24936154031695e-15,-3.22605508521119e-16,NaN
-1852.43756,-0.22966,-2.29365e-07,1.13650000000001e-09,1.13855306774307e-09,2.47437697435898e-14,1.48607979917179e-14,1.70034168457685e-14,NaN
-1842.35506,-0.22841,-2.28235e-07,1.13799999999999e-09,1.13860143910144e-09,-4.43488943542796e-15,4.74274564572772e-14,4.37159930723467e-14,NaN
-1832.27256,-0.22716,-2.27089e-07,1.1435e-09,1.1385441979642e-09,-2.81291681294723e-14,6.01873947630348e-14,6.03392209988723e-14,NaN
-1822.19006,-0.22591,-2.25948e-07,1.13799999999999e-09,1.13854518076518e-09,-4.4531414530493e-14,6.31777999731873e-14,6.45707462829435e-14,NaN
-1812.10756,-0.22466,-2.24813e-07,1.141e-09,1.13845513513514e-09,1.02546507546897e-13,6.46645530671608e-14,6.26183580522903e-14,NaN
-1801.9444,-0.2234,-2.23666e-07,1.13935000000001e-09,1.13875027378027e-09,3.88394173392749e-13,5.66624947438919e-14,5.73309328426691e-14,NaN
-1791.8619,-0.22215,-2.225343e-07,1.13579999999999e-09,1.13923192348192e-09,3.44935064934487e-13,5.50587408758061e-14,5.60703740197466e-14,NaN
-1781.7794,-0.2209,-2.213944e-07,1.13765000000001e-09,1.13944014391014e-09,1.97741312741756e-13,6.79419628495949e-14,6.80716570128704e-14,NaN
-1771.6969,-0.21965,-2.20259e-07,1.13415000000002e-09,1.13962740610741e-09,2.31202176202878e-13,9.15984453726434e-14,9.29876109951924e-14,NaN
-1761.6144,-0.2184,-2.191261e-07,1.13135e-09,1.13990254826255e-09,3.87034047034335e-13,1.20801374580789e-13,1.21302790133211e-13,NaN
-1751.5319,-0.21715,-2.179963e-07,1.1393e-09,1.14040147420148e-09,2.88743418742929e-13,1.34117004346798e-13,1.30148117438183e-13,NaN
-1741.36874,-0.21589,-2.168475e-07,1.14915000000001e-09,1.14048003510004e-09,-2.4262899263414e-14,1.04261740431846e-13,1.02299562735762e-13,NaN
-1731.28624,-0.21464,-2.15698e-07,1.14675e-09,1.14035294840295e-09,-5.417690417701e-14,5.02556691976138e-14,5.36291906203226e-14,NaN
-1721.20374,-0.21339,-2.14554e-07,1.14159999999998e-09,1.14037168129168e-09,-1.01921726921407e-13,1.40109501267614e-14,1.64619134452185e-14,NaN
-1711.12124,-0.21214,-2.134148e-07,1.13935000000001e-09,1.14014910494911e-09,-1.32385047384373e-13,-1.91800722965307e-15,-3.53640517804739e-15,NaN
-1701.03874,-0.21089,-2.122753e-07,1.14020000000002e-09,1.14010691119691e-09,3.49999999997833e-14,-2.35713653692384e-14,-2.5564262152081e-14,NaN
-1690.932042,-0.209637,-2.111344e-07,1.14209999999999e-09,1.14021910494911e-09,8.32046332038922e-14,-5.81079773916699e-14,-5.7352858989715e-14,NaN
-1680.83349066,-0.20838501,-2.099911e-07,1.1417e-09,1.14027332046332e-09,-1.95751140751082e-13,-8.9436233930126e-14,-8.81818193575563e-14,NaN
-1670.7432473,-0.20713405,-2.08851e-07,1.1393e-09,1.1398276026676e-09,-4.75814320813944e-13,-1.1027424030726e-13,-1.10189955268646e-13,NaN
-1660.64453464,-0.20588204,-2.077125e-07,1.13850000000001e-09,1.13932169182169e-09,-2.52418392418631e-13,-1.27974938525703e-13,-1.28503860516385e-13,NaN
-1650.55380732,-0.20463102,-2.06574e-07,1.14375000000001e-09,1.13932276588277e-09,-6.76044226050427e-14,-1.50874596038578e-13,-1.52764603852514e-13,NaN
-1640.45525598,-0.20337903,-2.05425e-07,1.14544999999999e-09,1.13918648297648e-09,-6.9257634257857e-14,-1.81138723741045e-13,-1.80434373675757e-13,NaN
-1630.36468998,-0.20212803,-2.042831e-07,1.13650000000001e-09,1.13918425061425e-09,9.57458757459351e-14,-1.98882741365681e-13,-1.96168191096099e-13,NaN
-1620.26589666,-0.20087601,-2.03152e-07,1.1325e-09,1.13937797472797e-09,-7.37100737214015e-16,-1.92439486073421e-13,-1.93410347743103e-13,NaN
-1610.17533066,-0.19962501,-2.020181e-07,1.13505e-09,1.13918277641278e-09,-3.35515970516225e-13,-1.81811548170325e-13,-1.83193149746747e-13,NaN
-1600.07669866,-0.19837301,-2.008819e-07,1.1351e-09,1.13870694278694e-09,-4.64943839943112e-13,-1.7567479848283e-13,-1.76066184670567e-13,NaN
-1589.97806666,-0.19712101,-1.997479e-07,1.13874999999999e-09,1.13825288873289e-09,-5.83492453491883e-13,-1.66586422779108e-13,-1.64138057426444e-13,NaN
-1579.88742,-0.19587,-1.986044e-07,1.13845e-09,1.13753995787996e-09,-5.06986661987046e-13,-1.42537434637063e-13,-1.43069047469686e-13,NaN
-1569.78886866,-0.19461801,-1.97471e-07,1.1411e-09,1.13723891540892e-09,-1.19357669354144e-14,-1.20083110082339e-13,-1.22950254032982e-13,NaN
-1559.69846398,-0.19336703,-1.963222e-07,1.14015000000001e-09,1.13751608634609e-09,1.81783081783446e-13,-1.09576575426649e-13,-1.0691038498678e-13,NaN
-1549.59975132,-0.19211502,-1.951907e-07,1.13635000000002e-09,1.13760248157248e-09,6.57072656981317e-15,-8.79209442242104e-14,-8.78514667680368e-14,NaN
-1539.50918532,-0.19086402,-1.940495e-07,1.13614999999999e-09,1.13752922779923e-09,-8.00737100743767e-14,-6.31248851610487e-14,-6.45868638818256e-14,NaN
-1529.41047266,-0.18961201,-1.929184e-07,1.13189999999998e-09,1.13744233415233e-09,-2.78536328527452e-14,-4.40076372452167e-14,-4.3358856310115e-14,NaN
-1519.31200198,-0.18836003,-1.917857e-07,1.13394999999999e-09,1.13747352053352e-09,7.64531414536773e-14,-2.23320210757028e-14,-2.06923446176672e-14,NaN
-1509.221194,-0.187109,-1.906505e-07,1.13595000000001e-09,1.13759524043524e-09,1.04836784836518e-13,2.57003183898475e-15,1.8720471315301e-15,NaN
-1499.12272332,-0.18585702,-1.895138e-07,1.14125e-09,1.13768319410319e-09,1.71656721655719e-14,1.22370313132554e-14,8.60043031033605e-15,NaN
-1489.031996,-0.184606,-1.88368e-07,1.1449e-09,1.13762957177957e-09,-7.49947349945969e-14,-3.64935791817724e-15,-1.31060857591568e-15,NaN
-1478.93344466,-0.18335401,-1.87224e-07,1.14015000000001e-09,1.13753320463321e-09,2.61723411726462e-14,-1.29804594198741e-14,-1.15837891729317e-14,NaN
-1468.84303998,-0.18210303,-1.860877e-07,1.13845000000001e-09,1.13768191646192e-09,2.20121095120897e-13,-1.0933005749448e-14,-1.36890690028617e-14,NaN
-1458.744166,-0.180851,-1.849471e-07,1.13834999999999e-09,1.13797344682345e-09,1.49097929097778e-13,-8.97821567883997e-15,-5.6658997905557e-15,NaN
-1448.64569532,-0.17959902,-1.83811e-07,1.13139999999999e-09,1.13798011232011e-09,-2.76061776057845e-14,1.35667633098349e-14,1.54463637372108e-14,NaN
-1438.55512932,-0.17834802,-1.826843e-07,1.135e-09,1.13791823446824e-09,-5.90558090556651e-14,3.87410983711452e-14,3.37712406050385e-14,NaN
-1428.456336,-0.177096,-1.81541e-07,1.14290000000001e-09,1.137862000702e-09,-1.17304317305181e-14,2.66552850069406e-14,2.68837897625278e-14,NaN
-1418.36585066,-0.17584501,-1.803985e-07,1.13865e-09,1.13789477360477e-09,4.6191646191576e-14,-4.59850734301691e-15,-3.82074889570376e-15,NaN
-1408.26737998,-0.17459303,-1.792637e-07,1.14024999999999e-09,1.13795438399438e-09,-2.31572481576447e-14,-3.95939980541488e-14,-4.09897791823618e-14,NaN
-1398.17665266,-0.17334201,-1.78118e-07,1.13750000000001e-09,1.13784845910846e-09,5.22253422246794e-14,-7.19787550538633e-14,-6.89454571784276e-14,NaN
-1388.07810132,-0.17209002,-1.769887e-07,1.13455e-09,1.13805883467883e-09,1.17932607932427e-13,-7.91162331070837e-14,-7.87156643256435e-14,NaN
-1377.98769664,-0.17083904,-1.758489e-07,1.1386e-09,1.13808432432432e-09,-1.47232362231385e-13,-7.37583621921494e-14,-7.51139088486773e-14,NaN
-1367.888742,-0.169587,-1.747115e-07,1.13885000000001e-09,1.13776436995437e-09,-3.1610916110847e-13,-7.33303747375357e-14,-7.39294688176521e-14,NaN
-1357.79027132,-0.16833502,-1.735712e-07,1.13745000000001e-09,1.13745210600211e-09,-2.9178132678165e-13,-7.94427921788926e-14,-7.92768408814208e-14,NaN
-1347.69986664,-0.16708404,-1.724366e-07,1.13544999999999e-09,1.13718080730081e-09,-2.25277290278191e-13,-8.67167050171783e-14,-8.61183846760954e-14,NaN
-1337.60099266,-0.16583201,-1.713003e-07,1.13529999999999e-09,1.13700155142155e-09,-2.53029133029961e-13,-9.17093022238553e-14,-9.22104129904598e-14,NaN
-1327.510346,-0.164581,-1.70166e-07,1.13615000000001e-09,1.13667474903475e-09,-2.05152685152187e-13,-9.79581767496864e-14,-9.80470311042863e-14,NaN
-1317.41179466,-0.16332901,-1.69028e-07,1.13749999999999e-09,1.13659124605125e-09,4.32186732192594e-14,-1.03154629268381e-13,-1.03009625115002e-13,NaN
-1307.32122866,-0.16207801,-1.67891e-07,1.13799999999999e-09,1.13676118638119e-09,7.53159003159719e-14,-1.03953326316649e-13,-1.03362522300559e-13,NaN
-1297.22259666,-0.16082601,-1.66752e-07,1.1387e-09,1.13674187785188e-09,4.38925938995289e-15,-9.87006495539537e-14,-9.9099367972354e-14,NaN
-1287.12396466,-0.15957401,-1.656136e-07,1.13950000000001e-09,1.13676996489997e-09,3.1060021060138e-14,-9.26356941608138e-14,-9.31756465526832e-14,NaN
-1277.03339866,-0.15832301,-1.64473e-07,1.1386e-09,1.136803997894e-09,-2.71990171990923e-13,-8.63458404364115e-14,-8.51351056231631e-14,NaN
-1266.93484732,-0.15707102,-1.633364e-07,1.13514999999999e-09,1.13622598455598e-09,-4.77414882415186e-13,-7.41190241081193e-14,-7.49365082728493e-14,NaN
-1256.84436198,-0.15582003,-1.622027e-07,1.1359e-09,1.13584916812917e-09,-1.49666549660737e-14,-6.43684203912073e-14,-6.51457474264736e-14,NaN
-1246.74540734,-0.15456799,-1.610646e-07,1.13215e-09,1.13619605124605e-09,2.69025974026409e-13,-5.59698892457623e-14,-5.4343042641669e-14,NaN
-1236.65524464,-0.15331704,-1.599384e-07,1.13369999999999e-09,1.13638722007722e-09,1.88643383642904e-13,-3.87304752204309e-14,-4.01213492042685e-14,NaN
-1226.5566933,-0.15206505,-1.587972e-07,1.13700000000001e-09,1.13657333801334e-09,1.16023166022885e-13,-2.14370999116146e-14,-2.05026204711232e-14,NaN
-1216.46580466,-0.15081401,-1.576644e-07,1.13225000000002e-09,1.13661926640927e-09,-2.05563355564668e-14,3.35017822905678e-15,5.19678095205107e-15,NaN
-1206.36725332,-0.14956202,-1.565327e-07,1.1357e-09,1.13653222534223e-09,-9.53299403301994e-14,3.21690406108872e-14,2.95297134882313e-14,NaN
-1196.26870198,-0.14831003,-1.55393e-07,1.1406e-09,1.13642860652861e-09,-1.46523341523213e-13,4.00134702082472e-14,3.88915207921084e-14,NaN
-1186.177894,-0.147059,-1.542515e-07,1.14104999999999e-09,1.13623917865918e-09,-1.08483678483417e-13,3.26695997598261e-14,3.42177278321667e-14,NaN
-1176.07934266,-0.14580701,-1.531109e-07,1.13519999999999e-09,1.13621163917164e-09,-4.62442962444927e-14,2.9012971859266e-14,3.05981200334884e-14,NaN
-1165.98901864,-0.14455604,-1.519811e-07,1.13295000000002e-09,1.13614669006669e-09,3.07458757455843e-14,2.98576349229015e-14,2.76668467328857e-14,NaN
-1155.890064,-0.143304,-1.50845e-07,1.13705000000002e-09,1.13627313092313e-09,1.63044928044951e-13,1.75242420011391e-14,1.64981578684671e-14,NaN
-1145.79965932,-0.14205302,-1.49707e-07,1.13699999999998e-09,1.13647277992278e-09,1.3069147069182e-13,-1.07358305429881e-16,2.39097732493547e-15,NaN
-1135.70094666,-0.14080101,-1.48571e-07,1.13629999999999e-09,1.13653451386451e-09,-3.98244998241267e-14,-3.18633584837378e-15,-3.4065779011707e-15,NaN
-1125.60231466,-0.13954901,-1.474344e-07,1.13750000000001e-09,1.13639313092313e-09,-8.5277290277197e-14,-1.00910950018998e-15,-1.64539277061186e-15,NaN
-1115.51182932,-0.13829802,-1.46296e-07,1.13524999999998e-09,1.13636395928396e-09,1.54726219726205e-13,-3.0260751741177e-16,1.43092349525328e-15,NaN
-1105.41319732,-0.13704602,-1.451639e-07,1.135e-09,1.13670258336258e-09,2.02850122849802e-13,-3.70453334983848e-16,-2.23034997583599e-15,NaN
-1095.32255066,-0.13579501,-1.44026e-07,1.14225000000002e-09,1.13676965952966e-09,-5.24482274486966e-14,-2.07407988689431e-14,-2.40709321601911e-14,NaN
-1085.22391866,-0.13454301,-1.428794e-07,1.1415e-09,1.13659768690769e-09,-3.00807300806655e-14,-5.92430018920515e-14,-5.53434413456097e-14,NaN
-1075.13335266,-0.13329201,-1.41743e-07,1.13319999999999e-09,1.1367094980695e-09,6.32836082839745e-14,-7.48548651125116e-14,-7.33767986497693e-14,NaN
-1065.03464,-0.13204,-1.40613e-07,1.1325e-09,1.13672425412425e-09,-5.90312390318944e-14,-7.2049064280347e-14,-7.42242756474939e-14,NaN
-1054.93624998,-0.13078803,-1.39478e-07,1.134e-09,1.13659143559143e-09,-1.33085293085776e-13,-7.25423838775741e-14,-7.21015276971972e-14,NaN
-1044.84576464,-0.12953704,-1.38345e-07,1.1345e-09,1.13645808353808e-09,-2.60608985608444e-13,-7.26741424361618e-14,-7.22036415014767e-14,NaN
-1034.74681,-0.128285,-1.37209e-07,1.13385e-09,1.13607021762022e-09,-3.1896103896064e-13,-7.39269805924758e-14,-7.38625827060939e-14,NaN
-1024.656244,-0.127034,-1.360773e-07,1.13819999999999e-09,1.13582016146016e-09,-1.32495612495529e-13,-8.32727165542075e-14,-8.56699377993746e-14,NaN
-1014.55793464,-0.12578204,-1.349326e-07,1.14215e-09,1.13580522639523e-09,-2.96595296880415e-16,-1.08434477203504e-13,-1.07551597908717e-13,NaN
-1004.467046,-0.124531,-1.33793e-07,1.13855000000002e-09,1.13581956826957e-09,-1.38241488242036e-13,-1.29167808228896e-13,-1.27402271802832e-13,NaN
-994.368414,-0.123279,-1.326555e-07,1.13785000000001e-09,1.13552874341874e-09,-2.8255879255862e-13,-1.35528513758095e-13,-1.37074972273322e-13,NaN
-984.27800932,-0.12202802,-1.315173e-07,1.1325e-09,1.13525445068445e-09,-1.00103545102401e-13,-1.38170322889555e-13,-1.38889456075862e-13,NaN
-974.17937732,-0.12077602,-1.303905e-07,1.12990000000001e-09,1.13532853632854e-09,1.88329238332693e-14,-1.29704948710747e-13,-1.26595052852228e-13,NaN
-964.080584,-0.119524,-1.292575e-07,1.13319999999999e-09,1.13529211653212e-09,-7.97964197970817e-14,-9.4354217135559e-14,-9.20624057141402e-14,NaN
-953.99025998,-0.11827303,-1.281241e-07,1.13874999999999e-09,1.13516894348894e-09,-1.63611793612201e-13,-5.26220724272597e-14,-5.66099289119634e-14,NaN
-943.891386,-0.117021,-1.2698e-07,1.13805e-09,1.13496489294489e-09,-2.15726570726759e-13,-5.17502587656689e-14,-5.34033715160902e-14,NaN
-933.80090066,-0.11577001,-1.25848e-07,1.1306e-09,1.13473749034749e-09,-1.93295893295889e-13,-9.24555280090632e-14,-9.2791306540177e-14,NaN
-923.70226866,-0.11451801,-1.247188e-07,1.13610000000001e-09,1.1345783011583e-09,-6.24921024916216e-14,-1.56168316594137e-13,-1.58496107773731e-13,NaN
-913.611622,-0.113267,-1.235758e-07,1.1389e-09,1.13461250614251e-09,7.86749736752409e-14,-2.20401644761256e-13,-2.15176768526321e-13,NaN
-903.51315132,-0.11201502,-1.22441e-07,1.13289999999998e-09,1.13473565110565e-09,-2.94998244999791e-14,-2.35510968988857e-13,-2.31496479283216e-13,NaN
-893.41459998,-0.11076303,-1.2131e-07,1.1295e-09,1.13455350649351e-09,-1.3691295191318e-13,-2.1280863516295e-13,-2.18870263951733e-13,NaN
-883.323792,-0.109512,-1.20182e-07,1.13220000000001e-09,1.13446182520183e-09,-7.73552123552216e-14,-2.10442702402029e-13,-2.11443805224965e-13,NaN
-873.22540198,-0.10826003,-1.190456e-07,1.1347e-09,1.1343987960688e-09,-1.08088803088662e-13,-2.15842227288791e-13,-2.13966858652079e-13,NaN
-863.13483598,-0.10700903,-1.179126e-07,1.13529999999999e-09,1.13424564759565e-09,-2.139908739909e-13,-2.04756733471685e-13,-2.04769504029591e-13,NaN
-853.035962,-0.105757,-1.16775e-07,1.1348e-09,1.13397081432081e-09,-1.26212706213243e-13,-1.74815045360798e-13,-1.73728909487812e-13,NaN
-842.94547666,-0.10450601,-1.15643e-07,1.13460000000001e-09,1.13399322218322e-09,2.06219726219613e-13,-1.2349699752398e-13,-1.23635248987476e-13,NaN
-832.84700598,-0.10325403,-1.145058e-07,1.13570000000001e-09,1.13438325377325e-09,1.97815022815963e-13,-6.09540097139182e-14,-6.18476816110872e-14,NaN
-822.75611734,-0.10200299,-1.133716e-07,1.13805e-09,1.13438885222885e-09,-4.26342576339217e-14,4.27543205749105e-15,3.21325534667774e-15,NaN
-812.65764666,-0.10075101,-1.122297e-07,1.13529999999999e-09,1.13429798525799e-09,-3.51491751491795e-14,7.40790139119885e-14,7.6256965621579e-14,NaN
-802.55925664,-0.09949904,-1.11101e-07,1.13035e-09,1.13431855387855e-09,-1.24107055106638e-13,1.6273648359747e-13,1.63266265058335e-13,NaN
-792.46844866,-0.09824801,-1.09969e-07,1.13210000000001e-09,1.13404977114777e-09,-8.38168304668297e-13,2.59118152249942e-13,2.57487964379479e-13,NaN
-782.36989732,-0.09699602,-1.088368e-07,1.13300000000001e-09,1.13264221726922e-09,-1.41204685854756e-12,3.45913547295316e-13,3.45418223191649e-13,NaN
-772.27965396,-0.09574506,-1.07703e-07,1.13640000000001e-09,1.13122567743068e-09,-7.65601088101432e-13,4.24831054648243e-13,4.25199118355324e-13,NaN
-762.18077998,-0.09449303,-1.06564e-07,1.13519999999999e-09,1.13111101509302e-09,4.92327483327806e-13,5.03357841432817e-13,5.04448201114107e-13,NaN
-752.089972,-0.093242,-1.054326e-07,1.13304999999999e-09,1.13221033239733e-09,1.4838683748686e-12,5.84686998190517e-13,5.83797844354807e-13,NaN
-741.99142066,-0.09199001,-1.042979e-07,1.13675000000001e-09,1.13407875184275e-09,1.7850651105654e-12,6.5929075251444e-13,6.59933816829693e-13,NaN
-731.892708,-0.090738,-1.031591e-07,1.13635e-09,1.13578046261846e-09,1.09699982449978e-12,7.28014793414295e-13,7.27571464990415e-13,NaN
-721.80222266,-0.08948701,-1.020252e-07,1.13625e-09,1.13627275149175e-09,5.66675500174614e-13,7.84202392888513e-13,7.83727620589145e-13,NaN
-711.70383264,-0.08823504,-1.008866e-07,1.13275e-09,1.13691381361881e-09,1.16361389961373e-12,8.26368987880795e-13,8.27565793550912e-13,NaN
-701.61302466,-0.08698401,-9.97597e-08,1.13245e-09,1.13859997929098e-09,1.61980782730819e-12,8.58569025494137e-13,8.57718712136869e-13,NaN
-691.51439266,-0.08573201,-9.86217e-08,1.13445e-09,1.14015342927343e-09,1.44401000350975e-12,8.70894220013504e-13,8.69482097179119e-13,NaN
-681.42390732,-0.08448102,-9.74908e-08,1.1366e-09,1.141487999298e-09,1.16352053352032e-12,8.63356608225314e-13,8.63823934264928e-13,NaN
-671.325114,-0.083229,-9.63485e-08,1.13455000000001e-09,1.14248047034047e-09,1.00061600561613e-12,8.52442993317145e-13,8.5577583075713e-13,NaN
-661.22656266,-0.08197701,-9.52217e-08,1.13089999999999e-09,1.14348923130923e-09,1.02568445068492e-12,8.49188041347748e-13,8.48478763226985e-13,NaN
-651.13599666,-0.08072601,-9.40867e-08,1.13779999999999e-09,1.14453183924184e-09,9.54127062127512e-13,8.25743314909387e-13,8.22215498284152e-13,NaN
-641.037284,-0.079474,-9.29461e-08,1.14190000000001e-09,1.14539748543349e-09,7.33030888030408e-13,7.62535288003227e-13,7.64328494591458e-13,NaN
-630.94687932,-0.07822302,-9.18029e-08,1.13525e-09,1.1459979010179e-09,4.21409792909088e-13,6.81148295258177e-13,6.87260409770858e-13,NaN
-620.84840864,-0.07697104,-9.06756e-08,1.139045e-09,1.1462403050193e-09,2.72799227799398e-13,5.82245927773781e-13,5.77564028420289e-13,NaN
-610.75800396,-0.07572006,-8.952481e-08,1.173835e-09,1.1465434994735e-09,2.86889961390215e-13,3.95183774001637e-13,3.84489481574992e-13,NaN
-600.65840404,-0.07446794,-8.832793e-08,1.192995e-09,1.14681408494209e-09,2.39649526149776e-13,1.03939581517411e-13,1.05709332944639e-13,NaN
-590.568322,-0.073217,-8.713882e-08,1.17563e-09,1.1470227985258e-09,-1.84555984553604e-14,-1.82742157125706e-13,-1.74951324039752e-13,NaN
-580.46904472,-0.07196492,-8.597667e-08,1.14494999999999e-09,1.14677717374517e-09,-3.7001017901048e-13,-3.76764049358851e-13,-3.71985239002053e-13,NaN
-570.37097734,-0.07071299,-8.484892e-08,1.130605e-09,1.14628277816778e-09,-4.25958932959098e-13,-4.80921755282622e-13,-4.79368018371109e-13,NaN
-560.2796854,-0.0694619,-8.371546e-08,1.135085e-09,1.14592525587926e-09,-4.59231835731534e-13,-5.53763722493588e-13,-5.61518797381901e-13,NaN
-550.18121472,-0.06820992,-8.257875e-08,1.158465e-09,1.14536431449632e-09,-5.98947349947259e-13,-6.71965329222639e-13,-6.79248446372583e-13,NaN
-540.09072938,-0.06695893,-8.139853e-08,1.15394000000001e-09,1.14472736117936e-09,-7.68972095472193e-13,-8.2172608000368e-13,-8.1297985655537e-13,NaN
-529.9910488,-0.0657068,-8.027087e-08,1.130265e-09,1.14382637030537e-09,-9.06053878553973e-13,-9.04275779287933e-13,-8.99889473273667e-13,NaN
-519.90120874,-0.06445589,-7.9138e-08,1.131185e-09,1.14291525342225e-09,-9.06035275535173e-13,-9.2288350509024e-13,-9.26951246211762e-13,NaN
-509.80168948,-0.06320378,-7.80085e-08,1.13310000000001e-09,1.1420142997543e-09,-1.00149122499133e-12,-9.31991905591881e-13,-9.33457406441994e-13,NaN
-499.70338012,-0.06195182,-7.68718e-08,1.13775e-09,1.14091227097227e-09,-1.33569708669707e-12,-9.3858664922304e-13,-9.38656635504233e-13,NaN
-489.61120092,-0.06070062,-7.5733e-08,1.13445e-09,1.13934290558091e-09,-1.70063566163555e-12,-9.32555894495918e-13,-9.30611583783563e-13,NaN
-479.51466608,-0.05944888,-7.46029e-08,1.13124999999999e-09,1.137510999649e-09,-1.74270972271005e-12,-9.02971293308793e-13,-9.02935167105164e-13,NaN
-469.42377744,-0.05819784,-7.34705e-08,1.13479e-09,1.13585748613549e-09,-1.54563794313773e-12,-8.61588122537409e-13,-8.63048967666643e-13,NaN
-459.3256294,-0.0569459,-7.233332e-08,1.13593500000001e-09,1.13441972376272e-09,-1.5866949806948e-12,-8.20583131433184e-13,-8.21358627710244e-13,NaN
-449.23522472,-0.05569492,-7.119863e-08,1.13611e-09,1.1326840961741e-09,-1.75580484380507e-12,-7.7508987607314e-13,-7.7395092571396e-13,NaN
-439.1348182,-0.0544427,-7.00611e-08,1.132215e-09,1.13090811407511e-09,-9.05905054405124e-13,-7.11194455968598e-13,-7.10363450824719e-13,NaN
-429.03771874,-0.05319089,-6.89342e-08,1.128995e-09,1.13087228606529e-09,6.09211653211504e-13,-6.28270724821307e-13,-6.27646917836616e-13,NaN
-418.94650746,-0.05193981,-6.780311e-08,1.1292e-09,1.13212653738154e-09,1.08896244296261e-12,-5.35387596344939e-13,-5.36074973083983e-13,NaN
-408.84932734,-0.05068799,-6.66758e-08,1.1352e-09,1.13305021095121e-09,3.44212881712854e-13,-4.4889173240789e-13,-4.51120453454168e-13,NaN
-398.75916464,-0.04943704,-6.553271e-08,1.13598e-09,1.13281496314496e-09,-5.06898209898618e-13,-3.77110399589702e-13,-3.75305149153162e-13,NaN
-388.6585968,-0.0481848,-6.440384e-08,1.133635e-09,1.13203641453141e-09,-6.13324499824342e-13,-3.0236911893e-13,-3.01911056529725e-13,NaN
-378.57157984,-0.04693424,-6.326544e-08,1.13552e-09,1.13158831414531e-09,1.41723236223246e-13,-2.28054666561371e-13,-2.29921973637858e-13,NaN
-368.471012,-0.045682,-6.21328e-08,1.134875e-09,1.13231986100386e-09,7.74760617760605e-13,-1.62897879952945e-13,-1.62431567789183e-13,NaN
-358.38133326,-0.04443111,-6.099569e-08,1.134555e-09,1.13313783538084e-09,2.74044577044631e-13,-9.38443473481723e-14,-9.183688323586e-14,NaN
-348.2810074,-0.0431789,-5.986369e-08,1.130345e-09,1.13286795015795e-09,-2.77127413127422e-13,-1.32799655677248e-14,-1.31284689983569e-14,NaN
-338.18269804,-0.04192694,-5.8735e-08,1.127195e-09,1.13258358055458e-09,-1.96493506493515e-13,6.29889539240844e-14,6.23944465756815e-14,NaN
-328.092616,-0.040676,-5.76093e-08,1.1297e-09,1.13247496314496e-09,-6.72535977535558e-14,1.17388639686983e-13,1.16358958923412e-13,NaN
-317.99414532,-0.03942402,-5.64756e-08,1.13547e-09,1.13244907335907e-09,-8.10854685850353e-14,1.39281239345399e-13,1.3765390183786e-13,NaN
-307.90511186,-0.03817321,-5.533836e-08,1.1348e-09,1.13231279220779e-09,-1.77571077571311e-13,1.30041842765415e-13,1.31626192571269e-13,NaN
-297.80728646,-0.03692131,-5.4206e-08,1.134775e-09,1.13209393120393e-09,-8.64420849425544e-14,1.1003114406773e-13,1.11335332784093e-13,NaN
-287.71486528,-0.03567008,-5.306881e-08,1.13235e-09,1.13213990803791e-09,1.60298174798392e-13,8.11257563047399e-14,7.99552470282762e-14,NaN
-277.61607196,-0.03441806,-5.19413e-08,1.130205e-09,1.13241452755353e-09,1.74564057564257e-13,2.99867575046023e-14,2.60203198089775e-14,NaN
-267.51518148,-0.03316578,-5.08084e-08,1.1322e-09,1.13248903615304e-09,-6.3396981396825e-14,-4.30688327457836e-14,-4.22610075158318e-14,NaN
-257.42380888,-0.03191468,-4.96769e-08,1.129475e-09,1.13228773359073e-09,-2.23381712881655e-13,-9.14488884105616e-14,-8.52556871544841e-14,NaN
-247.32751602,-0.03066297,-4.854945e-08,1.12955e-09,1.13204227272727e-09,-2.59044226044265e-13,-7.79859111366467e-14,-7.65100543139513e-14,NaN
-237.23807926,-0.02941211,-4.74178e-08,1.132295e-09,1.13176964513865e-09,-1.52473323973268e-13,-3.7766417225191e-14,-4.13131955338899e-14,NaN
-227.13799538,-0.02815993,-4.628486e-08,1.135635e-09,1.13173732607933e-09,6.65180765159637e-15,-2.309525257546e-14,-2.67521871190161e-14,NaN
-217.0496072,-0.0269092,-4.514653e-08,1.13523e-09,1.13178294875395e-09,1.16030186029913e-14,-4.48981828185646e-14,-4.53231130927235e-14,NaN
-206.9489587,-0.02565695,-4.40144e-08,1.13134e-09,1.13176053211653e-09,1.12928395928291e-13,-7.14367372441279e-14,-6.79547761560476e-14,NaN
-196.858796,-0.024406,-4.288385e-08,1.12997e-09,1.13200880554581e-09,3.19801509301449e-13,-6.6014925276586e-14,-6.27831744007733e-14,NaN
-186.760164,-0.023154,-4.175446e-08,1.128775e-09,1.13240013513514e-09,1.3898069498078e-13,-3.25596357013117e-14,-3.55777484003502e-14,NaN
-176.6591122,-0.0219017,-4.06263e-08,1.132345e-09,1.13228676693577e-09,-3.36880835380639e-13,-1.27015175214933e-14,-1.44771369396811e-14,NaN
-166.56991742,-0.02065087,-3.948977e-08,1.133e-09,1.13172637346437e-09,-4.17693752193656e-13,-1.2859904918203e-14,-1.12307137055569e-14,NaN
-156.47144674,-0.01939889,-3.83603e-08,1.130335e-09,1.13145137943138e-09,-1.87526851526769e-13,-1.87385721936549e-14,-1.96563290358976e-14,NaN
-146.381768,-0.018148,-3.72291e-08,1.133625e-09,1.13135131976132e-09,4.09919269919904e-14,-3.50485244642669e-14,-3.53782807180917e-14,NaN
-136.283136,-0.016896,-3.609305e-08,1.13425e-09,1.13153336328536e-09,1.3039066339033e-13,-5.5793603686958e-14,-5.55078400569659e-14,NaN
-126.1905535,-0.01564475,-3.49606e-08,1.133375e-09,1.1316121010881e-09,-2.56539136540125e-14,-7.11304955240245e-14,-7.10474615019884e-14,NaN
-116.0907116,-0.0143926,-3.38263e-08,1.13071e-09,1.13148205545806e-09,-1.21040716037602e-14,-7.4549794654337e-14,-7.24955652651896e-14,NaN
-105.99393478,-0.01314083,-3.269918e-08,1.1262e-09,1.13158789294489e-09,8.50287820290062e-14,-6.05108260138537e-14,-6.0440796685446e-14,NaN
-95.9015136,-0.0118896,-3.15739e-08,1.131035e-09,1.13165211302211e-09,-9.96156546186093e-15,-4.74389240785859e-14,-5.03180890413085e-14,NaN
-85.806108,-0.010638,-3.043711e-08,1.13425e-09,1.13156796981397e-09,-1.25817479817733e-13,-5.4576432155968e-14,-5.40238604047501e-14,NaN
-75.71457408,-0.00938688,-2.93054e-08,1.13185e-09,1.13140047806248e-09,-1.30208845208698e-13,-6.75754356550039e-14,-6.61110904280004e-14,NaN
-65.6152968,-0.0081348,-2.817341e-08,1.131635e-09,1.13130755212355e-09,-5.18041418039312e-14,-7.85346904155729e-14,-8.01683978545372e-14,NaN
-55.526344,-0.006884,-2.704213e-08,1.13187e-09,1.13129686977887e-09,1.39938574935829e-14,-9.66369799259279e-14,-9.65551120165721e-14,NaN
-45.4260988,-0.0056318,-2.590967e-08,1.131665e-09,1.13133553983854e-09,1.41688311688225e-14,-1.12005167553071e-13,-1.11365118011028e-13,NaN
-35.3258536,-0.0043796,-2.47788e-08,1.13151e-09,1.13132520744121e-09,-1.42333450333496e-13,-1.15717242273155e-13,-1.16094248911259e-13,NaN
-25.23577156,-0.00312866,-2.364665e-08,1.12706e-09,1.13105087293787e-09,-2.37927693927648e-13,-1.06318437719501e-13,-1.03045264162929e-13,NaN
-15.13802682,-0.00187677,-2.252468e-08,1.121995e-09,1.13084935205335e-09,-1.64267918567621e-13,-7.79555767475522e-14,-7.83126413271996e-14,NaN
-5.0497193,-0.00062605,-2.140266e-08,1.13319e-09,1.13072233710074e-09,-2.24959985960154e-13,-6.29625070394277e-14,-6.89913938779761e-14,NaN
5.0501226,0.0006261,-2.02583e-08,1.14128e-09,1.13039943208143e-09,-3.56264724464789e-13,-8.95073228480257e-14,-8.77276948855141e-14,NaN
15.14125322,0.00187717,-1.91201e-08,1.1321e-09,1.13000980765181e-09,-2.56759319059231e-13,-1.15421105309847e-13,-1.12076022177783e-13,NaN
25.23948192,0.00312912,-1.79941e-08,1.12925e-09,1.12988591344331e-09,9.54076869078637e-14,-1.19297261790695e-13,-1.20293290807546e-13,NaN
35.3314998,0.0043803,-1.68616e-08,1.12775e-09,1.13020062302562e-09,2.51788452088427e-13,-1.18755169530454e-13,-1.19033418559495e-13,NaN
45.42908322,0.00563217,-1.57386e-08,1.129635e-09,1.13038949034749e-09,7.34982449980464e-14,-1.19793867239085e-13,-1.21178577976021e-13,NaN
55.52690862,0.00688407,-1.460233e-08,1.135725e-09,1.13034761951562e-09,-1.26439452439357e-13,-1.25166154954409e-13,-1.24654114218513e-13,NaN
65.6177166,0.0081351,-1.346715e-08,1.128615e-09,1.13013661144261e-09,-3.03978939978939e-13,-1.2146987411666e-13,-1.19275231812911e-13,NaN
75.71505804,0.00938694,-1.23451e-08,1.126275e-09,1.12973966163566e-09,-2.62214812214905e-13,-1.01276674751527e-13,-1.02158259416298e-13,NaN
85.8053014,0.0106379,-1.12146e-08,1.130915e-09,1.12961218181818e-09,-1.02902772901034e-14,-8.27623670951117e-14,-8.47043951136455e-14,NaN
95.90474,0.01189,-1.008327e-08,1.12974e-09,1.12971908108108e-09,-3.80175500174823e-14,-7.38176069611819e-14,-7.29423256400203e-14,NaN
105.99578996,0.01314106,-8.95512e-09,1.126735e-09,1.12953614671815e-09,-1.79112144612624e-13,-5.96760566139431e-14,-5.81938255608105e-14,-2.78318296160398e-07
116.09627714,0.01439329,-7.8298e-09,1.12616e-09,1.12936085679186e-09,5.68141453139528e-14,-3.57829937311529e-14,-3.64783919474184e-14,-1.74461874531131e-07
126.1937799,0.01564515,-6.7028e-09,1.1281e-09,1.12964977500878e-09,2.05789575289806e-13,-1.48763916104485e-14,-1.57270185458604e-14,-7.5216175654115e-08
136.2835393,0.01689605,-5.5736e-09,1.1296e-09,1.12977243594244e-09,7.12846612850663e-15,-1.58124435970274e-15,-1.4979084571544e-15,-7.16391001247757e-09
146.381768,0.018148,-4.4436e-09,1.13273e-09,1.12966403194103e-09,-1.66583011582916e-13,9.40143482635036e-15,9.29461479917213e-15,4.4452505561258e-08
156.47443116,0.01939926,-3.30814e-09,1.12985e-09,1.12943926991927e-09,-3.76375745875826e-13,2.23983805565796e-14,2.44584978602172e-14,1.16975424548865e-07
166.57233722,0.02065117,-2.1839e-09,1.125751e-09,1.12891128044928e-09,-2.17801684801624e-13,4.29825610902666e-14,4.26176759280278e-14,2.03823667481872e-07
176.66338718,0.02190223,-1.056638e-09,1.133594e-09,1.12900366654967e-09,3.07279045279359e-13,5.26922428109207e-14,4.88998230384415e-14,2.33868718879503e-07
186.76072862,0.02315407,8.3288e-11,1.13783e-09,1.12952583853984e-09,2.2477395577381e-13,3.73226856615039e-14,3.75091420035314e-14,1.79391548712541e-07
196.858796,0.024406,1.219022e-09,1.130206e-09,1.12945321446121e-09,-8.75103545105017e-14,2.69140469305683e-14,3.11764538131386e-14,1.49104779106315e-07
206.95081388,0.02565718,2.3437e-09,1.122439e-09,1.12935081783082e-09,4.42558792559373e-14,4.93311599163442e-14,4.99287931051527e-14,2.38789880068122e-07
217.04952654,0.02690919,3.4639e-09,1.12508e-09,1.12954172621973e-09,2.71992102492126e-13,8.27107776204078e-14,7.94381509529757e-14,3.79921591514232e-07
227.14049584,0.02816024,4.59386e-09,1.12981e-09,1.1298948020358e-09,3.49632853632813e-13,9.8217265841569e-14,9.86778671677738e-14,4.71937625585005e-07
237.23791794,0.02941209,5.72352e-09,1.13184e-09,1.13024099192699e-09,2.58405405405339e-13,1.05195634832012e-13,1.05405342242605e-13,5.04112506377676e-07
247.32961318,0.03066323,6.85754e-09,1.131635e-09,1.13041161284661e-09,4.71842751842156e-14,1.07617212704867e-13,1.06894581945707e-13,5.11234957131642e-07
257.42711594,0.03191509,7.98679e-09,1.12992e-09,1.13033536047736e-09,3.34343629343897e-14,1.07006741116355e-13,1.09056370340269e-13,5.21573945105634e-07
267.51881118,0.03316623,9.11738e-09,1.12805e-09,1.13047848157248e-09,1.67923832924019e-13,1.13319653912907e-13,1.12662360338405e-13,5.38819984227154e-07
277.6172012,0.0344182,1.024289e-08,1.13341e-09,1.13067120814321e-09,5.30507195508234e-14,1.12599043995296e-13,1.09071000243286e-13,5.2164391420702e-07
287.71526858,0.03567013,1.13842e-08,1.134605e-09,1.13058458301158e-09,-1.17466830466813e-13,9.85564293001528e-14,1.02322995164149e-13,4.89370846437234e-07
297.8055926,0.0369211,1.25121e-08,1.12435e-09,1.13043627448228e-09,9.60424710421951e-15,1.06063838204219e-13,1.08524928330387e-13,5.19032265927938e-07
307.90390196,0.03817306,1.36329e-08,1.12734e-09,1.13060379150579e-09,2.38088276588283e-13,1.26050030670942e-13,1.21692140011799e-13,5.82005887012952e-07
317.99551654,0.03942419,1.476678e-08,1.13315e-09,1.13091245103545e-09,1.86549491049327e-13,1.20731048525148e-13,1.21733490825827e-13,5.82203651775694e-07
328.0942292,0.0406762,1.58992e-08,1.13199e-09,1.13097689048789e-09,2.41925236922916e-14,1.03164991281667e-13,1.02233729049518e-13,4.88943921541173e-07
338.18544048,0.04192728,1.703076e-08,1.1331e-09,1.13096083608284e-09,-1.53626605826363e-13,7.47147982807422e-14,7.39906183581343e-14,3.53868174756295e-07
348.2842338,0.0431793,1.81654e-08,1.12942e-09,1.13066963727624e-09,-4.69689364687202e-14,4.76081349043558e-14,5.22977585588725e-14,2.50119714846782e-07
358.3820592,0.0444312,1.92896e-08,1.12931e-09,1.1308668982099e-09,3.60768058967861e-13,4.25214322982495e-14,4.00027369044054e-14,1.91317437368895e-07
368.4702054,0.0456819,2.042402e-08,1.13672e-09,1.13139117339417e-09,3.43396735696496e-13,2.54188456388031e-14,2.19821050932186e-14,1.05131806967567e-07
378.5704506,0.0469341,2.156304e-08,1.13664e-09,1.13155369168129e-09,-7.34850824851015e-14,-8.3506903027557e-15,-5.2855089092479e-15,-2.5278520870316e-08
388.66125858,0.04818513,2.26973e-08,1.12853e-09,1.1312442032292e-09,-1.79442541242441e-13,-2.33429343900467e-14,-2.13687736232983e-14,-1.02198482546209e-07
398.7612618,0.0494373,2.38201e-08,1.125265e-09,1.13119480659881e-09,7.18467883465238e-14,-1.9874095077614e-14,-2.18033878406809e-14,-1.04277072281517e-07
408.8518278,0.0506883,2.494783e-08,1.131785e-09,1.1313878968059e-09,6.64192699192834e-14,-2.12922564320663e-14,-2.13696426035776e-14,-1.02202638538849e-07
418.95013716,0.05194026,2.608367e-08,1.129535e-09,1.13132764513865e-09,-8.80482625482193e-14,-2.84370869508986e-14,-2.86480361402932e-14,-1.37012346757924e-07
429.038606,0.053191,2.72069e-08,1.13244e-09,1.1312118002808e-09,-1.05792383292194e-13,-4.12454164639739e-14,-4.19614354124641e-14,-2.00685125885698e-07
439.137238,0.054443,2.834855e-08,1.13213e-09,1.13111606037206e-09,-1.07311337310985e-13,-5.71930009248849e-14,-5.5396354400858e-14,-2.64939086264973e-07
449.23530538,0.05569493,2.947116e-08,1.13007e-09,1.13099717760618e-09,-1.97922077923709e-14,-6.54020418881715e-14,-6.60202509148244e-14,-3.15749026114378e-07
459.3280492,0.0569462,3.060869e-08,1.13337e-09,1.13107647595648e-09,1.05915408915405e-13,-7.59556170220208e-14,-7.74281624507637e-14,-3.70308603025392e-07
469.4258746,0.0581981,3.17379e-08,1.134005e-09,1.13120900842401e-09,-2.17712881712958e-13,-9.17243653503363e-14,-9.07321203112218e-14,-4.33936227575409e-07
479.5172472,0.0594492,3.28767e-08,1.127675e-09,1.13064105019305e-09,-4.36244998245108e-13,-9.83992292283538e-14,-9.65313937082863e-14,-4.61671882952674e-07
489.6158792,0.0607012,3.399325e-08,1.124025e-09,1.13033651842752e-09,-1.09148473148615e-13,-9.32473431343124e-14,-9.46907845981488e-14,-4.52868969817233e-07
499.7056386,0.0619521,3.512475e-08,1.132335e-09,1.13042275324675e-09,-5.63588978590879e-14,-9.53272559472385e-14,-9.5835271624283e-14,-4.58342603420484e-07
509.8042706,0.0632041,3.625792e-08,1.132025e-09,1.1302238006318e-09,-1.30546156546072e-13,-1.06857366134733e-13,-1.07629899109169e-13,-5.14751691391678e-07
519.90153138,0.06445593,3.73888e-08,1.134245e-09,1.13016166093366e-09,-1.42945594945261e-13,-1.24129222598877e-13,-1.24700630559017e-13,-5.96394320064864e-07
529.99314596,0.06570706,3.852641e-08,1.13098e-09,1.12993790944191e-09,-1.78166198665965e-13,-1.34421489540005e-13,-1.31003059876893e-13,-6.26536373324271e-07
540.09081004,0.06695894,3.965076e-08,1.128835e-09,1.12980532853633e-09,6.74612144611343e-14,-1.18346404956819e-13,-1.17875699321011e-13,-5.63753344578748e-07
550.1826666,0.0682101,4.078408e-08,1.130345e-09,1.13007283187083e-09,1.896779571778e-13,-9.63978862509974e-14,-1.00181878129147e-13,-4.79130721487225e-07
560.2821052,0.0694622,4.191145e-08,1.13261e-09,1.13018468445068e-09,-1.21380659880688e-13,-9.45614165753176e-14,-9.47583575713721e-14,-4.53192144906562e-07
570.37178394,0.07071309,4.30493e-08,1.126965e-09,1.12983007055107e-09,-3.52417514917447e-13,-9.46759071708115e-14,-9.084457981442e-14,-4.34474077373313e-07
580.46977066,0.07196501,4.416538e-08,1.123545e-09,1.12947984942085e-09,-1.42653562653641e-13,-7.6282624324541e-14,-7.76836316662922e-14,-3.7153041231705e-07
590.5675154,0.0732169,4.529639e-08,1.13046e-09,1.12954476342576e-09,-3.04929799927684e-14,-6.36216534814689e-14,-6.62139685186053e-14,-3.16675501610721e-07
600.65921064,0.07446804,4.64263e-08,1.132055e-09,1.12941886346086e-09,-6.73913653911955e-14,-6.45879944327935e-14,-6.28479360755302e-14,-3.00577085578623e-07
610.7583266,0.0757201,4.75605e-08,1.13005e-09,1.12940998069498e-09,1.04626184624231e-14,-5.6832971536455e-14,-5.27171654941441e-14,-2.52125574102428e-07
620.85034448,0.07697128,4.86864e-08,1.12777e-09,1.12943978869779e-09,1.38961038958579e-14,-3.83085899851319e-14,-4.34153739783465e-14,-2.07638745113831e-07
630.94881516,0.07822326,4.981604e-08,1.127775e-09,1.12943777290277e-09,5.9817479819028e-15,-5.4984592131796e-14,-6.0135058125196e-14,-2.87602451903111e-07
641.03817126,0.07947411,5.094195e-08,1.12803e-09,1.12945175219375e-09,-3.83775008773198e-14,-9.32515737419154e-14,-8.66333035194448e-14,-4.14333190745171e-07
651.1371259,0.08072615,5.20721e-08,1.13398e-09,1.12936101790102e-09,-1.45278518778544e-13,-7.9411360657958e-14,-7.5990885656963e-14,-3.63434670533301e-07
661.22785322,0.08197717,5.320991e-08,1.12995e-09,1.1291611951562e-09,-1.81266233766088e-13,-1.69789313178818e-14,-1.69337207337747e-14,-8.09873600310964e-08
671.3243074,0.0832289,5.4332e-08,1.125845e-09,1.12899848543349e-09,-4.16040716086145e-15,5.06251941620809e-14,4.55112019191458e-14,2.17662270048089e-07
681.4245526,0.0844811,5.54616e-08,1.1314e-09,1.12915287434187e-09,1.30478062477632e-13,7.94530388511154e-14,7.67238873520046e-14,3.66940330813935e-07
691.51455398,0.08573203,5.65948e-08,1.13006e-09,1.12925944155844e-09,1.3327869427887e-13,8.521986865265e-14,9.00567077057324e-14,4.30705993375242e-07
701.61383126,0.08698411,5.772172e-08,1.130375e-09,1.12941943173043e-09,1.08190066690315e-13,1.15481050293073e-13,1.16538812526526e-13,5.57359538170342e-07
711.70488122,0.08823517,5.885555e-08,1.12749e-09,1.12947582169182e-09,-1.49987714985731e-14,1.61362161546145e-13,1.61498731427731e-13,7.72385237263061e-07
721.8041585,0.08948725,5.99767e-08,1.125325e-09,1.12938943418743e-09,-4.98574938575128e-14,2.01648220795346e-13,2.00910794216645e-13,9.60877711470911e-07
731.89440186,0.09073821,6.11062e-08,1.130135e-09,1.12937610670411e-09,7.45633555632343e-14,2.13530931138986e-13,2.1081614769272e-13,1.0082511411391e-06
741.99134,0.09199,6.223697e-08,1.13433e-09,1.12953856089856e-09,2.3253071253132e-14,1.82805305760212e-13,1.82327095031978e-13,8.71999150152938e-07
752.0891654,0.0932419,6.337486e-08,1.130865e-09,1.12942261284661e-09,-1.60328009828002e-13,1.26938831381939e-13,1.29355540406661e-13,6.18656932379683e-07
762.18118328,0.09449308,6.44987e-08,1.12701e-09,1.12921790487891e-09,-4.89627939641647e-15,6.89781198898158e-14,6.87511417824857e-14,3.28809808524932e-07
772.28102518,0.09574523,6.562888e-08,1.1288e-09,1.12941282028782e-09,2.16166198666291e-13,3.7748445477387e-15,2.61523655192751e-15,1.25076530744359e-08
782.3713492,0.0969962,6.67563e-08,1.12901e-09,1.12965023727624e-09,3.26295191295935e-14,-7.11712434615444e-14,-6.97513635380538e-14,-3.33593477790692e-07
792.47014252,0.09824822,6.78869e-08,1.12815e-09,1.12947807932608e-09,-2.53891540891622e-13,-1.44831633004155e-13,-1.45082694272542e-13,-6.93873755216505e-07
802.56086984,0.09949924,6.90126e-08,1.12655e-09,1.12914245419445e-09,7.25669884169901e-13,-2.22743078720272e-13,-2.22626806071551e-13,-1.06473689860307e-06
812.6583726,0.1007511,7.014e-08,1.12965e-09,1.13092941909442e-09,1.72846051246054e-12,-3.0751328711889e-13,-3.07837515214238e-13,-1.47226637711157e-06
822.75571404,0.10200294,7.12719e-08,1.13465e-09,1.13259937521938e-09,4.87971042470724e-13,-4.03106478944088e-13,-4.04703509420222e-13,-1.93553852331411e-06
832.84732862,0.10325407,7.24093e-08,1.13235e-09,1.13190536117936e-09,-1.04953352053361e-12,-5.09704213827557e-13,-5.0907362072074e-13,-2.43469992518615e-06
842.9462026,0.1045061,7.35366e-08,1.126725e-09,1.13050030817831e-09,-1.25952158652154e-12,-6.0885602917943e-13,-6.07531068503775e-13,-2.90558337110501e-06
853.0375752,0.1057572,7.466275e-08,1.12634500000001e-09,1.12938631800632e-09,-5.88451210950972e-13,-6.89468381989375e-13,-6.89193817137675e-13,-3.29614434283236e-06
863.1362072,0.1070092,7.578929e-08,1.12707500000001e-09,1.12932340575641e-09,-2.60434362934166e-13,-7.5590560379637e-13,-7.56760389269116e-13,-3.6192888182436e-06
873.22701518,0.10826023,7.69169e-08,1.128675e-09,1.12886544928045e-09,-1.046565812566e-12,-8.15735282742552e-13,-8.15371623747901e-13,-3.89960341792474e-06
883.3250019,0.10951215,7.804664e-08,1.12858e-09,1.12723027413127e-09,-1.87120831870818e-12,-8.66552509788018e-13,-8.66538494142832e-13,-4.14431453720485e-06
893.4159712,0.1107632,7.917406e-08,1.129965e-09,1.12512303264303e-09,-2.00248350298342e-12,-9.1019506416379e-13,-9.11554355853425e-13,-4.35960778886421e-06
903.51250604,0.11201494,8.030657e-08,1.13012e-09,1.12322530712531e-09,-1.60561934011934e-12,-9.48664240961391e-13,-9.47138676686222e-13,-4.52979367110802e-06
913.61178332,0.11326702,8.14343e-08,1.129065e-09,1.12191179396279e-09,-1.19635064935046e-12,-9.68102932226594e-13,-9.67932508598224e-13,-4.62924243242629e-06
923.70234932,0.11451802,8.25647e-08,1.1302e-09,1.12083260582661e-09,-1.09888610038578e-12,-9.72452279882146e-13,-9.74437401250947e-13,-4.66035278859149e-06
933.8016266,0.1157701,8.36947e-08,1.127625e-09,1.11971402176202e-09,-1.0664338364338e-12,-9.67641701515113e-13,-9.66349466912562e-13,-4.62167136349486e-06
943.8921926,0.1170211,8.481995e-08,1.12357000000001e-09,1.11869973815374e-09,-9.27261144261184e-13,-9.36440865409879e-13,-9.33897853249574e-13,-4.46646799380231e-06
953.99114724,0.11827314,8.594184e-08,1.123145e-09,1.1178594994735e-09,-8.18810810810891e-13,-8.76695510213913e-13,-8.78740555724188e-13,-4.20267222302872e-06
964.0809873,0.11952405,8.706624e-08,1.13068e-09,1.11706211653212e-09,-8.17168129168618e-13,-8.15919849778235e-13,-8.2658477882568e-13,-3.95323155090543e-06
974.17978062,0.12077607,8.82032e-08,1.13303e-09,1.11622516321516e-09,-7.23211653211861e-13,-7.57769233667321e-13,-7.49199244208232e-13,-3.58312682012633e-06
984.27712206,0.12202791,8.93323e-08,1.07666999999999e-09,1.11561569322569e-09,-5.27771147770682e-13,-5.81474839225454e-13,-5.62897366179464e-13,-2.69211783824961e-06
994.36849466,0.12327901,9.035654e-08,1.06335500000001e-09,1.11516962091962e-09,-2.01640926640732e-13,-2.66251054152953e-13,-2.78188503527064e-13,-1.330466755999e-06
1004.46688468,0.12453098,9.145901e-08,1.11514000000001e-09,1.11521241137241e-09,1.42599157598916e-13,-8.04945168668492e-15,-2.04810476956428e-14,-9.79528368052482e-08
1014.55970916,0.12578226,9.258682e-08,1.128535e-09,1.11545481923482e-09,1.56689189189154e-13,1.36448637634446e-13,1.37687634841775e-13,6.58506079678054e-07
1024.65753456,0.12703416,9.371608e-08,1.117925e-09,1.11552578975079e-09,1.41547385047309e-13,2.55597170042711e-13,2.62828652687518e-13,1.25700659980987e-06
1034.74729396,0.12828506,9.482267e-08,1.094945e-09,1.11573791400491e-09,2.38530537030736e-13,4.23295134351546e-13,4.31384933070805e-13,2.06314533207776e-06
1044.845442,0.129537,9.590597e-08,1.096715e-09,1.11600285082485e-09,4.38868901369194e-13,6.29074221851645e-13,6.22173424853981e-13,2.97561203191034e-06
1054.93592734,0.13078799,9.70161e-08,1.122565e-09,1.11661565180765e-09,5.9873253773243e-13,7.68085138775678e-13,7.61060717008674e-13,3.63985560308496e-06
1065.03431736,0.13203996,9.81511e-08,1.13395e-09,1.11720031590032e-09,7.1294261144234e-13,8.15987889662393e-13,8.17626631254236e-13,3.9103882364333e-06
1075.13311068,0.13329198,9.9284e-08,1.1306e-09,1.11804153703054e-09,9.819894699893e-13,8.30394066332244e-13,8.3373888416908e-13,3.98744683733038e-06
1085.22375734,0.13454299,1.004123e-07,1.1245e-09,1.1191642948403e-09,1.14733081783093e-12,8.49796608700842e-13,8.51709534214934e-13,4.07339342450621e-06
1095.32247,0.135795,1.01533e-07,1.12669999999999e-09,1.1203361986662e-09,1.26074657774638e-12,8.73665581920709e-13,8.71801695587028e-13,4.16948637019883e-06
1105.413036,0.137046,1.026657e-07,1.12835e-09,1.12168578799579e-09,1.3551693576689e-12,8.79153586813297e-13,8.78178513161565e-13,4.1999841933814e-06
1115.511668,0.138298,1.037897e-07,1.12505e-09,1.12304653738154e-09,1.37785398385422e-12,8.6515856475967e-13,8.66831238121643e-13,4.14571461710351e-06
1125.60191136,0.13954896,1.049158e-07,1.12504999999999e-09,1.1244414959635e-09,1.46264812214815e-12,8.41954316411096e-13,8.41787235944651e-13,4.0259389545179e-06
1135.70070468,0.14080098,1.060398e-07,1.12715e-09,1.12597183362583e-09,1.82881888381892e-12,8.00300119862491e-13,7.98083212925171e-13,3.81691971398995e-06
1145.799498,0.142053,1.071701e-07,1.13085000000001e-09,1.12809913373113e-09,2.18300386100469e-12,7.32904525317291e-13,7.33960329533753e-13,3.51024505429186e-06
1155.88998334,0.14330399,1.083015e-07,1.12725e-09,1.13033784134784e-09,9.40931905931567e-13,6.58339997247659e-13,6.58789386583617e-13,3.15073184887817e-06
1165.98861534,0.14455599,1.094246e-07,1.12989999999999e-09,1.129980997543e-09,-9.22073534574347e-13,5.82861284267037e-13,5.82223305740414e-13,2.78454624484546e-06
1176.07910068,0.14580698,1.105613e-07,1.1282e-09,1.12849369427869e-09,-7.20169884169905e-13,5.07480259402694e-13,5.09700881409875e-13,2.43769986761245e-06
1186.17757136,0.14705896,1.11681e-07,1.1258e-09,1.12854065777466e-09,2.94144436644471e-13,4.40651878492501e-13,4.38981136775773e-13,2.09947500197109e-06
1196.26846,0.14831,1.128129e-07,1.12755e-09,1.12908198315198e-09,4.93396103895991e-13,3.64923840623889e-13,3.64683412242596e-13,1.74413805855155e-06
1206.36693068,0.14956198,1.139361e-07,1.12655e-09,1.12952744998245e-09,-1.64767111266903e-13,2.82335831579451e-13,2.83054971623479e-13,1.35374116863403e-06
1216.46548202,0.15081397,1.15066e-07,1.12895e-09,1.12875244892945e-09,-1.00100544050503e-12,1.97732534923528e-13,1.96848113081201e-13,9.41447497344874e-07
1226.55629,0.152065,1.16194e-07,1.12555e-09,1.12752543910144e-09,-6.46336784836769e-13,1.07568667040138e-13,1.07201473457349e-13,5.12702699143843e-07
1236.65476068,0.15331698,1.173171e-07,1.1295e-09,1.12745977535978e-09,1.63145665145626e-13,1.86171991404461e-14,1.88159987674581e-14,8.99895593226257e-08
1246.74524602,0.15456797,1.18453e-07,1.129e-09,1.12785173043173e-09,2.97937872937846e-13,-5.80649724318448e-14,-5.66381901859761e-14,-2.70878300889451e-07
1256.84412,0.15582,1.195751e-07,1.12649999999999e-09,1.12805565110565e-09,5.50052650052775e-14,-1.13740280314838e-13,-1.14434092952173e-13,-5.47293488032132e-07
1266.93452468,0.15707098,1.20706e-07,1.12795e-09,1.12796174096174e-09,-1.37546507546267e-13,-1.56316950015106e-13,-1.56142348680704e-13,-7.46767754559889e-07
1277.03283404,0.15832294,1.21831e-07,1.12900000000001e-09,1.12778055809056e-09,-7.70673920673847e-14,-1.85608726270312e-13,-1.85883414369024e-13,-8.8900763393881e-07
1287.12372268,0.15957398,1.22964e-07,1.13035e-09,1.12780760617761e-09,-4.04194454194894e-14,-2.03466369386145e-13,-2.04304773430859e-13,-9.77109785973673e-07
1297.22219336,0.16082596,1.240917e-07,1.12865e-09,1.12769971919972e-09,-1.35387855387851e-13,-2.08535945183322e-13,-2.08593724545978e-13,-9.97622160872069e-07
1307.32090602,0.16207797,1.252213e-07,1.12705e-09,1.12753683046683e-09,-2.23008073009551e-14,-1.89682138960902e-13,-1.88913819457057e-13,-9.03500875664186e-07
1317.411714,0.163329,1.263458e-07,1.12284999999999e-09,1.12765511758512e-09,2.03636363636108e-13,-1.35095543453626e-13,-1.28508520076162e-13,-6.14605965581644e-07
1327.51010402,0.16458097,1.27467e-07,1.1261e-09,1.1279441031941e-09,1.07509652509681e-13,-4.1930478941099e-14,-4.43268735928575e-14,-2.11998091096275e-07
1337.600912,0.165832,1.28598e-07,1.1262e-09,1.12787013689014e-09,-3.86977886978938e-14,1.58101282266621e-14,4.97734786193642e-15,2.38047071657829e-08
1347.69946334,0.16708399,1.297194e-07,1.1245e-09,1.12786670761671e-09,-3.1144261144267e-14,-7.91871069650896e-15,-4.49693692697175e-15,-2.15070896507345e-08
1357.79002934,0.16833499,1.30847e-07,1.13145e-09,1.12780784836785e-09,-1.20219375218844e-13,-3.27795468683123e-14,-2.73728705163845e-14,-1.30913728556622e-07
1367.8883387,0.16958695,1.319823e-07,1.1345e-09,1.12762626886627e-09,-8.84713934713085e-14,-1.83556254243821e-14,-1.75153033136697e-14,-8.3768841934942e-08
1377.987374,0.170839,1.33116e-07,1.12685000000001e-09,1.12763090558091e-09,-1.30837135837392e-13,1.26919177271563e-14,1.188511711269e-14,5.68418644519957e-08
1388.07785934,0.17208999,1.34236e-07,1.12684999999999e-09,1.12736459459459e-09,-1.68522288521655e-13,2.78981887198666e-14,2.26752232507338e-14,1.08446719894814e-07
1398.17633002,0.17334197,1.353697e-07,1.13085e-09,1.12729386100386e-09,5.44155844155477e-14,4.21096752275313e-15,5.54684093994718e-15,2.65283697127909e-08
1408.267138,0.174593,1.364977e-07,1.12465000000001e-09,1.12747342576343e-09,1.88306423305665e-13,-2.04873687552972e-14,-1.68970219950062e-14,-8.08118443239427e-08
1418.36568934,0.17584499,1.37619e-07,1.12464999999999e-09,1.12767047385047e-09,6.82414882417461e-14,-2.38996328726615e-14,-2.49615569223654e-14,-1.19381359193921e-07
1428.456336,0.177096,1.38747e-07,1.1264e-09,1.12760990873991e-09,-7.11302211303474e-14,-2.56160164577783e-14,-2.60448803886392e-14,-1.24562471423927e-07
1438.55488734,0.17834799,1.398718e-07,1.12700000000001e-09,1.12752821340821e-09,-7.22972972977666e-14,-3.28375972258739e-14,-3.39343609772894e-14,-1.62294769891384e-07
1448.64529202,0.17959897,1.41001e-07,1.13109999999999e-09,1.12746531414531e-09,-7.01123201125312e-14,-4.77620403654642e-14,-4.72127468515728e-14,-2.25800093637957e-07
1458.7437627,0.18085095,1.42134e-07,1.1285e-09,1.12738798876799e-09,2.02369252369006e-14,-5.97914339652175e-14,-5.79362526021612e-14,-2.77086425488597e-07
1468.842798,0.182103,1.43258e-07,1.12825e-09,1.12750578799579e-09,6.50666900670132e-14,-6.47362904425342e-14,-6.69886437385787e-14,-3.20380470054072e-07
1478.93312202,0.18335397,1.443905e-07,1.129e-09,1.12751812214812e-09,-6.05896805896242e-14,-8.00509047838049e-14,-8.14578334987006e-14,-3.89580942819872e-07
1489.03191534,0.18460599,1.45516e-07,1.12365000000001e-09,1.12738460863461e-09,-1.14912249912516e-13,-9.69121168549007e-14,-9.34589421620685e-14,-4.46977549470762e-07
1499.122562,0.185857,1.466378e-07,1.12240000000001e-09,1.1272882976483e-09,-1.21795366795592e-13,-9.00825981812428e-14,-9.01119210529335e-14,-4.30970057209682e-07
1509.22111334,0.18710899,1.477608e-07,1.1268e-09,1.12714101790102e-09,-9.86995436995968e-14,-7.46120583712949e-14,-7.64235475035277e-14,-3.65503922842959e-07
1519.31176,0.18836,1.488914e-07,1.1281e-09,1.1270908985609e-09,-4.44103194100358e-14,-6.52081068637958e-14,-6.40268047579189e-14,-3.06215153190047e-07
1529.41031134,0.18961199,1.50017e-07,1.12834999999999e-09,1.1270521972622e-09,-2.43594243592733e-14,-5.54443132214358e-14,-5.73542215039127e-14,-2.74302798496974e-07
1539.50886268,0.19086398,1.511481e-07,1.129e-09,1.12704217971218e-09,4.7342927342717e-14,-5.26761049088027e-14,-5.07355116381339e-14,-2.42648099138901e-07
1549.59959,0.192115,1.52275e-07,1.1262e-09,1.12714688311688e-09,9.84029484004417e-15,-4.19766460949207e-14,-4.1068697666192e-14,-1.9641551057744e-07
1559.69814134,0.19336699,1.534005e-07,1.13174999999999e-09,1.12706186030186e-09,-2.30614250614026e-13,-3.10593557732838e-14,-3.5096154591635e-14,-1.67851174133907e-07
1569.78870734,0.19461799,1.545385e-07,1.13064999999999e-09,1.12668565461565e-09,-3.82825552825404e-13,-3.82303846058873e-14,-3.61711003386076e-14,-1.72992219010732e-07
1579.88725868,0.19586998,1.556618e-07,1.12075000000001e-09,1.12629620919621e-09,-3.10770445770413e-13,-3.46998970406289e-14,-3.20583971654349e-14,-1.5332276905208e-07
1589.977986,0.197121,1.5678e-07,1.12260000000001e-09,1.12606411372411e-09,-9.96402246400019e-14,-1.57030406436692e-14,-1.83878972656508e-14,-8.79421173574604e-08
1600.07653734,0.19837299,1.57907e-07,1.128e-09,1.12609692874693e-09,8.4956124956339e-14,-7.29246152509881e-15,-8.1276350831852e-15,-3.88712982239292e-08
1610.17500802,0.19962497,1.59036e-07,1.12599999999999e-09,1.12623402597403e-09,7.0805545805872e-14,-4.19747853855642e-15,-1.77946811795237e-15,-8.51049969455481e-09
1620.26557402,0.20087597,1.60159e-07,1.1267e-09,1.12623853983854e-09,9.75184275185352e-14,8.5962809733271e-15,7.51004503593014e-15,3.59176066935789e-08
1630.36436734,0.20212799,1.612894e-07,1.12850000000002e-09,1.12642906282906e-09,1.15786240786156e-13,1.78930680942071e-14,1.72388821690613e-14,8.24468277650758e-08
1640.455014,0.203379,1.62416e-07,1.12599999999999e-09,1.12647011232011e-09,1.17427167427653e-14,2.31698865107033e-14,2.43897270717591e-14,1.16646520777978e-07
1650.553646,0.204631,1.635414e-07,1.12724999999999e-09,1.12645254826255e-09,1.80036855036632e-13,3.15359090361354e-14,3.02955842016088e-14,1.44891924442477e-07
1660.64397002,0.20588197,1.646705e-07,1.1296e-09,1.12683018603019e-09,4.05631800631443e-13,3.58688352715053e-14,3.71880333961248e-14,1.7785581189451e-07
1670.74276334,0.20713399,1.658006e-07,1.12375e-09,1.12726381186381e-09,2.04745524745702e-13,4.35168212206251e-14,4.2985707828259e-14,2.05583820048195e-07
1680.83324868,0.20838498,1.66918e-07,1.12685000000001e-09,1.12723967707968e-09,-1.06388206384945e-14,4.64373781000794e-14,4.4196496079123e-14,2.11374546465371e-07
1690.93188068,0.20963698,1.680543e-07,1.12385e-09,1.12724253422253e-09,3.08704808698656e-15,4.27843400373901e-14,4.56011175479298e-14,2.18092301316186e-07
1701.03874,0.21089,1.691657e-07,1.11985e-09,1.12724585117585e-09,3.45559845533507e-15,5.68551647379035e-14,5.76983656562362e-14,2.75948705312434e-07
1711.12124,0.21214,1.70294e-07,1.1251e-09,1.12724944541945e-09,7.55826605827249e-14,8.0084905617336e-14,7.87795003967318e-14,3.76771523636543e-07
1721.20374,0.21339,1.714159e-07,1.12700000000001e-09,1.12739701649702e-09,-1.03460863460482e-13,9.40712720441888e-14,9.47321941453218e-14,4.53067015477626e-07
1731.28624,0.21464,1.72548e-07,1.12465000000001e-09,1.12704252369252e-09,-2.21616356616202e-13,9.56417009606788e-14,9.49795984402458e-14,4.54250253409871e-07
1741.36874,0.21589,1.736652e-07,1.13194999999999e-09,1.12695378378378e-09,1.08861003860499e-13,7.39128714624701e-14,7.12316998319956e-14,3.40673347022588e-07
1751.5319,0.21715,1.748119e-07,1.1394e-09,1.12726024570025e-09,1.01405756405471e-13,2.57259920502782e-14,2.61269946197719e-14,1.24955191659779e-07
1761.6144,0.2184,1.75944e-07,1.1323e-09,1.1271565952966e-09,-8.26325026322493e-14,-2.07973930863128e-14,-1.83428918363705e-14,-8.77268740000328e-08
1771.6969,0.21965,1.770765e-07,1.12599999999999e-09,1.12709498069498e-09,8.65917865915834e-14,-4.22141030684786e-14,-4.10234651628698e-14,-1.96199181213725e-07
1781.7794,0.2209,1.78196e-07,1.12425e-09,1.12732977886978e-09,1.03857493856942e-13,-4.37168049333885e-14,-4.47019419878273e-14,-2.13791896463522e-07
1791.8619,0.22215,1.79325e-07,1.1274e-09,1.1273026956827e-09,-1.43725868725976e-13,-4.43889412836476e-14,-4.44965149799488e-14,-2.1280941946932e-07
1801.9444,0.2234,1.804508e-07,1.12784999999999e-09,1.12704232713233e-09,-1.11928746927797e-13,-5.1820689086742e-14,-5.26670517116199e-14,-2.51885899490356e-07
1812.10756,0.22466,1.815807e-07,1.13e-09,1.12707883818884e-09,6.34187434192114e-14,-7.23471988533106e-14,-7.50834542925823e-14,-3.59094781399307e-07
1822.19006,0.22591,1.827108e-07,1.13265e-09,1.12716916461917e-09,7.36047736037809e-14,-1.02429390470417e-13,-9.98971173283971e-14,-4.77768822005377e-07
1832.27256,0.22716,1.83846e-07,1.1251e-09,1.12722604773605e-09,6.7025272024614e-14,-1.06605203700288e-13,-1.03164429138979e-13,-4.93395095882074e-07
1842.35506,0.22841,1.84961e-07,1.1164e-09,1.12730321516321e-09,-8.90698490698751e-14,-7.89557649620482e-14,-8.11363040298059e-14,-3.88043193186028e-07
1852.43756,0.22966,1.860788e-07,1.1225e-09,1.12704790803791e-09,-3.52527202524803e-14,-5.37045705567623e-14,-5.49210102776342e-14,-2.62665701327816e-07
1862.52006,0.23091,1.87206e-07,1.12465000000001e-09,1.12723270972271e-09,1.22204282204713e-13,-3.96354943283209e-14,-3.88553008259877e-14,-1.8582969960255e-07
1872.68322,0.23217,1.883281e-07,1.12560000000001e-09,1.12729231660232e-09,-2.78673218672977e-13,-3.1340613377109e-14,-3.27368390541285e-14,-1.56567491128441e-07
1882.76572,0.23342,1.894572e-07,1.12595e-09,1.12667536328536e-09,-6.04498069497727e-13,-3.25142623307324e-14,-3.08106797387972e-14,-1.47355424837726e-07
1892.84822,0.23467,1.9058e-07,1.12319999999999e-09,1.12608332046332e-09,-4.55431730431471e-13,-3.05614762515691e-14,-3.11174768272386e-14,-1.48822715260706e-07
1902.93072,0.23592,1.917036e-07,1.1327e-09,1.1257644998245e-09,-2.83478413478045e-13,-3.27624204412412e-14,-3.44150436641758e-14,-1.64593687089536e-07
1913.01322,0.23717,1.928454e-07,1.1347e-09,1.12551636363637e-09,-3.80028080028477e-14,-3.99105868185596e-14,-3.75594417272207e-14,-1.79632112608447e-07
1923.09572,0.23842,1.93973e-07,1.1268e-09,1.12568849420849e-09,4.08201123200581e-13,-3.3518863034765e-14,-3.4448976177339e-14,-1.64755973022056e-07
1933.17822,0.23967,1.95099e-07,1.12600000000001e-09,1.12633276588277e-09,4.76765531765718e-13,-2.25301628067184e-14,-2.25073844978643e-14,-1.07644012815873e-07
1943.34138,0.24093,1.96225e-07,1.12500000000001e-09,1.12664202527203e-09,1.29713934714053e-13,-5.03607985458372e-15,-2.88126764646331e-15,-1.37799757004767e-08
1953.4230734,0.2421799,1.97349e-07,1.12209999999999e-09,1.12659219375219e-09,-1.61965601965898e-13,2.06060451648442e-14,1.91741464859677e-14,9.17024397154977e-08
1963.50638,0.24343,1.984692e-07,1.12535e-09,1.12631809406809e-09,-2.3422428922408e-13,3.08993958333656e-14,2.77694024072056e-14,1.32810185425766e-07
1973.58888,0.24468,1.995997e-07,1.13185e-09,1.12612374517375e-09,-7.01614601614168e-14,1.90526403196727e-14,2.05421237257689e-14,9.82449395580252e-08
1983.67138,0.24593,2.007329e-07,1.12779999999998e-09,1.12617777114777e-09,3.19980694980161e-13,1.47910367643246e-14,1.70584101332936e-14,8.15837006374911e-08
1993.75388,0.24718,2.018553e-07,1.12385e-09,1.12676370656371e-09,5.83287118286986e-13,3.04625369034249e-14,2.98667631320858e-14,1.42841041066497e-07
2003.91704,0.24844,2.029806e-07,1.12515000000002e-09,1.12734434538435e-09,2.94419094418949e-13,5.1962403168439e-14,5.25887544366265e-14,2.51511434262127e-07
2013.99954,0.24969,2.041056e-07,1.12735000000001e-09,1.12735254475254e-09,-1.19971919972401e-13,7.21365919897884e-14,6.87940903001322e-14,3.29015214478893e-07
2024.08204,0.25094,2.052353e-07,1.12969999999999e-09,1.1271044015444e-09,-2.31495261495417e-13,7.65236283357066e-14,7.79762558706948e-14,3.72929919381584e-07
2034.16454,0.25219,2.06365e-07,1.12185e-09,1.12688955422955e-09,-2.20623025623191e-13,8.96578902204153e-14,9.49969450031998e-14,4.54333215232695e-07
2044.24704,0.25344,2.07479e-07,1.11965e-09,1.12666315549315e-09,-1.14412074411308e-13,1.19126434416607e-13,1.14235032869199e-13,5.46341461548343e-07
2054.32954,0.25469,2.086043e-07,1.12935e-09,1.12666073008073e-09,1.15661635662701e-13,1.10227345231154e-13,1.0641719200876e-13,5.08951787867983e-07
2064.41204,0.25594,2.097377e-07,1.13414999999999e-09,1.12689447876448e-09,1.75728325728224e-13,6.53250583573602e-14,6.82768050579808e-14,3.26541241581647e-07
2074.5752,0.2572,2.108726e-07,1.13095e-09,1.12701218673219e-09,1.39706914706594e-13,3.12357970831234e-14,3.31473243144651e-14,1.58530681503964e-07
2084.6577,0.25845,2.119996e-07,1.12704999999999e-09,1.12717389259389e-09,1.30275535274637e-13,2.03387398557695e-14,2.04051659796321e-14,9.75899242504144e-08
2094.7402,0.2597,2.131267e-07,1.12445000000001e-09,1.12727273780274e-09,1.70452790452075e-13,2.27119140903049e-14,2.25051801037756e-14,1.07633470061535e-07
2104.8227,0.26095,2.142485e-07,1.12235000000001e-09,1.1275147981748e-09,1.2364864864891e-13,2.76583757566727e-14,2.68054132867857e-14,1.28199802675932e-07
2114.9052,0.2622,2.153714e-07,1.12474999999999e-09,1.12752003510003e-09,-2.28157248157129e-13,2.68930773343241e-14,2.78765911841768e-14,1.33322827402585e-07
2124.9877,0.26345,2.16498e-07,1.12745e-09,1.12705848367848e-09,-3.28776763776603e-13,2.20822001180587e-14,2.12551897020726e-14,1.01655255096869e-07
2135.15086,0.26471,2.176263e-07,1.13135e-09,1.12686248157248e-09,3.28097578101557e-14,3.41759715439392e-15,1.0696007173131e-15,5.11548169149743e-09
2145.23336,0.26596,2.187607e-07,1.13414999999999e-09,1.1271241031941e-09,3.51902421903035e-13,-2.92604236569821e-14,-2.89020684062974e-14,-1.38227283682292e-07
2155.31586,0.26721,2.198946e-07,1.13065000000001e-09,1.12756628641629e-09,2.55324675324698e-13,-4.87182626504387e-14,-4.50332173580604e-14,-2.15376256929854e-07
2165.39836,0.26846,2.21022e-07,1.1207e-09,1.12763475254475e-09,-1.16883116892808e-14,-3.19031314183336e-14,-3.00749093638408e-14,-1.43836523044456e-07
2175.4800534,0.2697099,2.22136e-07,1.12349999999999e-09,1.12754290979291e-09,-1.47028782029125e-13,1.24556336922861e-15,-2.60727280179372e-15,-1.24695655737961e-08
2185.56336,0.27096,2.23269e-07,1.13000000000001e-09,1.12734069498069e-09,-1.48983853982798e-13,9.45915773972705e-15,8.52186049311569e-15,4.07567240975098e-08
2195.72652,0.27222,2.24396e-07,1.12600000000001e-09,1.12724494208494e-09,4.14110214121398e-14,-3.58125695076539e-15,-3.13269569403205e-15,-1.49824576671098e-08
2205.80902,0.27347,2.25521e-07,1.12950000000001e-09,1.12742351702352e-09,-1.4172867672848e-13,-2.32594548023766e-14,-2.37109497095997e-14,-1.13400194263303e-07
2215.89152,0.27472,2.26655e-07,1.132e-09,1.12696148473149e-09,-4.32416637416505e-13,-4.01924245771233e-14,-3.83364776591015e-14,-1.83348371413094e-07
2225.97402,0.27597,2.27785e-07,1.12794999999999e-09,1.12655868374869e-09,-2.43348543356059e-14,-3.97297144527519e-14,-3.9194083224911e-14,-1.87449963249574e-07
2236.05652,0.27722,2.289109e-07,1.1217e-09,1.12691281502282e-09,4.17455247454203e-13,-2.88735866505959e-14,-2.98461969789566e-14,-1.42742681203705e-07
2246.13902,0.27847,2.300284e-07,1.11894999999999e-09,1.12739359424359e-09,2.47551772552016e-13,-2.08753343834664e-14,-2.05977995481703e-14,-9.85112152303797e-08
2256.22152,0.27972,2.311488e-07,1.12645e-09,1.12740791856792e-09,-2.46079326078569e-13,-1.76391303666334e-14,-1.97807148054274e-14,-9.46034186346528e-08
2266.38468,0.28098,2.322813e-07,1.13260000000002e-09,1.12690143559144e-09,-4.81458406458132e-13,-2.43070537271551e-14,-2.27027884964829e-14,-1.08578553678831e-07
2276.46718,0.28223,2.33414e-07,1.12275e-09,1.126445001755e-09,-1.49240084240353e-13,-2.10360318061601e-14,-1.76036685705784e-14,-8.41914583810271e-08
2286.54968,0.28348,2.345268e-07,1.12680000000001e-09,1.12660295542296e-09,1.72255177255112e-13,-6.69941963595243e-15,-1.21386312662551e-14,-5.8054323447307e-08
2296.63218,0.28473,2.356676e-07,1.13785000000001e-09,1.12678951210951e-09,3.04791154791414e-14,-2.02148099972896e-14,-2.02728917253676e-14,-9.69573082517581e-08
2306.71468,0.28598,2.368025e-07,1.12969999999999e-09,1.12666391365391e-09,6.69059319061724e-14,-3.70423266507316e-14,-3.3496999703056e-14,-1.60203042058094e-07
2316.79718,0.28723,2.37927e-07,1.12075000000001e-09,1.12692332397333e-09,3.10851175851131e-13,-3.19644731959287e-14,-3.31083152975395e-14,-1.58344116640406e-07
2326.96034,0.28849,2.39044e-07,1.12179999999998e-09,1.12728561600562e-09,1.81284661284873e-13,-2.11259009554132e-14,-2.08690628207029e-14,-9.98085613164052e-08
2337.04284,0.28974,2.401706e-07,1.12645e-09,1.1272858932959e-09,-2.625447525446e-13,-7.32643673292476e-15,-7.06715825260267e-15,-3.37994525124476e-08
2347.12534,0.29099,2.412969e-07,1.12570000000003e-09,1.12676052650053e-09,-3.44061074062192e-13,3.63764776284326e-15,2.50220215000337e-15,1.19670537608857e-08
2357.20784,0.29224,2.42422e-07,1.12900000000001e-09,1.12659777114777e-09,3.04457704452933e-14,2.94516521943981e-15,1.67958208781549e-15,8.032783898248e-09
2367.29034,0.29349,2.435549e-07,1.12909999999998e-09,1.12682141804142e-09,1.71897156896892e-13,-4.9782061924541e-15,-1.37290861982284e-15,-6.56608470350054e-09
2377.37284,0.29474,2.446802e-07,1.12559999999998e-09,1.12694156546156e-09,2.2627413127389e-13,-9.41651766540393e-16,-2.57922677389474e-15,-1.23354323968879e-08
2387.45534,0.29599,2.458061e-07,1.1329e-09,1.12727396630397e-09,1.62857142858348e-13,-7.81616181055237e-15,-1.19448974153308e-14,-5.71277702472343e-08
2397.6185,0.29725,2.46946e-07,1.12845e-09,1.12726727974728e-09,-1.93557388557423e-13,-2.93676848797559e-14,-2.49763408866927e-14,-1.19452065110269e-07
2407.701,0.2985,2.48063e-07,1.11865000000003e-09,1.12688685152685e-09,-2.77569322570257e-13,-2.11935874736678e-14,-1.89502419487656e-14,-9.06315919288789e-08
2417.7835,0.29975,2.491833e-07,1.11950000000001e-09,1.12671214110214e-09,-1.74568269568764e-13,9.87641732245784e-15,9.36728597521353e-15,4.48000633597169e-08
2427.866,0.301,2.50302e-07,1.12784999999999e-09,1.12653771498771e-09,-8.74482274489969e-14,3.08402519661742e-14,2.76813411975576e-14,1.32389023118754e-07
2437.9485,0.30225,2.51439e-07,1.13849999999998e-09,1.12653724464724e-09,1.95042120042393e-13,1.46357046328845e-14,1.03257836043391e-14,4.93841824555348e-08
2448.031,0.3035,2.52579e-07,1.13750000000001e-09,1.1269277992278e-09,9.75096525101122e-14,-2.89454775348141e-14,-2.43748606061601e-14,-1.16575420290331e-07
2458.19416,0.30476,2.53714e-07,1.12050000000001e-09,1.12673226395226e-09,-1.63857493857147e-13,-3.98291353946273e-14,-3.49101880302879e-14,-1.66961768840507e-07
2468.27666,0.30601,2.5482e-07,1.119e-09,1.12660008424008e-09,1.21953316953825e-13,-1.12649739718903e-14,-1.55502067061798e-14,-7.43705538121643e-08
2478.35916,0.30726,2.55952e-07,1.12749999999999e-09,1.12697617058617e-09,5.16339066342782e-14,6.10958245743534e-15,4.41139615402133e-15,2.1097981606189e-08
2488.44166,0.30851,2.57075e-07,1.12249999999999e-09,1.12670335205335e-09,-1.47493857492919e-13,1.16514915174328e-14,1.49729603571949e-14,7.16098104039756e-08
2498.52416,0.30976,2.58197e-07,1.12344999999999e-09,1.12668118287118e-09,8.96296946293741e-14,2.45298843720157e-14,2.39091986645087e-14,1.14348341438955e-07
2508.60666,0.31101,2.593219e-07,1.12999999999998e-09,1.12688261144261e-09,3.81695331679527e-14,2.5163422387873e-14,2.16747434647989e-14,1.03661816570777e-07
2518.7690134,0.3122699,2.60457e-07,1.13340000000001e-09,1.12675752193752e-09,-1.28789048788375e-13,1.21210018594136e-15,2.41505418573275e-15,1.15502591491566e-08
2528.85232,0.31352,2.615887e-07,1.1274e-09,1.12662503334503e-09,-2.40628290610487e-14,-1.89628335103117e-14,-1.72150988899324e-14,-8.23330816475028e-08
2538.93482,0.31477,2.627118e-07,1.12454999999999e-09,1.1267093962794e-09,1.26381186380777e-13,-2.10345933083184e-14,-2.20077098776302e-14,-1.05254264632144e-07
2549.01732,0.31602,2.638378e-07,1.12225000000004e-09,1.1268777957178e-09,5.91751491742102e-14,-1.10666310532691e-14,-7.94521068089151e-15,-3.79988336912203e-08
2559.09982,0.31727,2.649563e-07,1.11939999999999e-09,1.12682774657775e-09,1.52163917163681e-13,1.62306280516163e-14,1.5591584591046e-14,7.4568448044133e-08
2569.18232,0.31852,2.660766e-07,1.13049999999997e-09,1.12718212355212e-09,1.68115128114446e-13,2.97301877920461e-14,2.43721846716225e-14,1.16562622342542e-07
2579.26482,0.31977,2.672173e-07,1.13835000000002e-09,1.12716397683398e-09,-1.85942435942663e-13,5.76055899371554e-15,7.96338410037449e-15,3.80857500452693e-08
2589.42798,0.32103,2.683533e-07,1.12870000000001e-09,1.12681023868024e-09,-2.89892944891744e-13,-1.68397111127373e-14,-1.49657297921164e-14,-7.15752294405567e-08
2599.51048,0.32228,2.694747e-07,1.12385000000002e-09,1.12658419094419e-09,-1.92537732537281e-13,-2.49317015410289e-14,-2.75245682381536e-14,-1.31639239399865e-07
2609.59298,0.32353,2.70601e-07,1.12535e-09,1.12642516321516e-09,1.8819936819854e-13,-2.72396067121197e-14,-2.2716575018778e-14,-1.08644489220243e-07
2619.67548,0.32478,2.717254e-07,1.12219999999999e-09,1.12696058968059e-09,6.02967707968109e-13,-2.23750958051513e-15,-2.47262041157432e-15,-1.18255758814424e-08
2629.75798,0.32603,2.728454e-07,1.12530000000001e-09,1.1276310986311e-09,1.91625131625815e-13,1.88318038102932e-14,1.3022083502998e-14,6.22795297969469e-08
2639.84048,0.32728,2.73976e-07,1.1271e-09,1.12734383994384e-09,-4.48792558792877e-13,7.4685071125042e-15,1.25165282760911e-14,5.98616569726096e-08
2650.00364,0.32854,2.750996e-07,1.12815e-09,1.12673351351351e-09,-4.33813618813522e-13,2.95284423009392e-15,1.29916238763471e-16,6.213385332166e-10
2660.08614,0.32979,2.762323e-07,1.13904999999999e-09,1.12647621270621e-09,-1.97451737451283e-13,-1.43285211748095e-14,-1.70951041109587e-14,-8.17591935741503e-08
2670.16864,0.33104,2.773777e-07,1.12534999999998e-09,1.12633861003861e-09,-1.06539136540079e-13,-3.10547655412228e-14,-2.24459843935147e-14,-1.07350360142896e-07
2680.25114,0.33229,2.78483e-07,1.11810000000002e-09,1.12626313443313e-09,1.34243594242084e-13,-1.62826438642227e-15,-4.45225734341749e-15,-2.12934046859097e-08
2690.33364,0.33354,2.796139e-07,1.12850000000002e-09,1.1266070972271e-09,3.27279747279799e-13,1.91128267157213e-14,1.41708495008314e-14,6.77736280474545e-08
2700.41614,0.33479,2.8074e-07,1.12804999999998e-09,1.12691769392769e-09,1.43257283258151e-13,9.27693668961459e-15,1.10934438262277e-14,5.30556009080455e-08
2710.5793,0.33605,2.8187e-07,1.12649999999999e-09,1.12689361179361e-09,8.26377676378822e-14,4.62889530004638e-15,6.59343659089897e-15,3.15338271738646e-08
2720.6618,0.3373,2.82993e-07,1.12490000000001e-09,1.12708296946297e-09,-2.16479466475598e-14,1.97409490513193e-14,1.9171481065802e-14,9.16896920538356e-08
2730.7443,0.33855,2.841198e-07,1.12624999999999e-09,1.12685031590032e-09,-3.68592488592203e-13,4.62656960544558e-14,4.84512034201616e-14,2.31723146792077e-07
2740.8268,0.3398,2.852455e-07,1.12445e-09,1.12634578448578e-09,-1.18294138294885e-13,8.24995275848467e-14,8.15672411828498e-14,3.90104196961456e-07
2750.9084934,0.3410499,2.863687e-07,1.12995000000001e-09,1.12661372762373e-09,4.47797472797229e-13,1.01241248984649e-13,9.62508887816914e-14,4.60330337651568e-07
2760.9918,0.3423,2.875054e-07,1.12765000000001e-09,1.12724137943138e-09,3.86093366093206e-13,8.61663402859837e-14,9.00021276186055e-14,4.30444958175939e-07
2771.0743,0.34355,2.88624e-07,1.12284999999999e-09,1.12738591435591e-09,1.58043173043306e-13,7.91711505554776e-14,7.8567430472721e-14,3.75757276173883e-07
2781.23746,0.34481,2.897511e-07,1.12830000000001e-09,1.12755746577747e-09,9.6474201474726e-14,7.74011766458371e-14,7.50572252259798e-14,3.58969338037295e-07
2791.31996,0.34606,2.908806e-07,1.12445e-09,1.12757886275886e-09,-2.80737100737031e-13,8.50453163752618e-14,9.23660330643778e-14,4.4175059291659e-07
2801.40246,0.34731,2.92e-07,1.12269999999997e-09,1.12699599157599e-09,-3.43404703404042e-13,1.33638567460286e-13,1.33128044586627e-13,6.36699343675173e-07
2811.48496,0.34856,2.93126e-07,1.12850000000002e-09,1.12689205335205e-09,9.99473499473209e-14,1.69307566244422e-13,1.61648205747231e-13,7.73100114443279e-07
2821.56746,0.34981,2.94257e-07,1.13395000000002e-09,1.12719588627589e-09,2.67406107405375e-13,1.44135049263864e-13,1.44257350201329e-13,6.89926457484617e-07
2831.64996,0.35106,2.953939e-07,1.13549999999998e-09,1.12742686556687e-09,6.37327132327054e-13,9.95629588553673e-14,1.03172079450692e-13,4.93431684329397e-07
2841.81312,0.35232,2.96528e-07,1.12854999999999e-09,1.12847054054054e-09,5.64570024569679e-13,7.56063930852575e-14,7.58455078863915e-14,3.62739385543612e-07
2851.89562,0.35357,2.97651e-07,1.12700000000003e-09,1.12855600561601e-09,-2.61130221129806e-13,7.01740430744056e-14,7.09798198294836e-14,3.39468703532313e-07
2861.97812,0.35482,2.98782e-07,1.123e-09,1.12794828009828e-09,-1.80008775007279e-13,7.83849272637861e-14,7.81759449354899e-14,3.738849540393e-07
2872.06062,0.35607,2.99897e-07,1.12799999999998e-09,1.12819598806599e-09,3.51912951913267e-13,8.59573352851304e-14,8.36136538872168e-14,3.99891388156254e-07
2882.14312,0.35732,3.01038e-07,1.1315e-09,1.12865210600211e-09,3.92520182519256e-13,8.10476839336261e-14,8.34770667761587e-14,3.99238145451194e-07
2892.22562,0.35857,3.0216e-07,1.12349999999999e-09,1.12898102843103e-09,1.41130221129087e-13,7.91553396467859e-14,7.88415964122275e-14,3.77068504580219e-07
2902.30812,0.35982,3.03285e-07,1.1298e-09,1.12893436644437e-09,-2.08578448578843e-13,6.74368690325754e-14,6.42258595544821e-14,3.07167154391001e-07
2912.47128,0.36108,3.044196e-07,1.1325e-09,1.12856387153387e-09,-4.32146367145928e-13,3.67091764354742e-14,3.82325834033048e-14,1.82851485841893e-07
2922.55378,0.36233,3.0555e-07,1.12529999999998e-09,1.12807007371007e-09,-5.66321516319954e-14,1.52509434443836e-14,1.72456488567492e-14,8.24791901844527e-08
2932.63628,0.36358,3.066702e-07,1.12630000000001e-09,1.12845060723061e-09,4.00663390663543e-13,1.35677703568485e-14,1.23223556247554e-14,5.89330051618737e-08
2942.71878,0.36483,3.078026e-07,1.12990000000002e-09,1.1288714004914e-09,8.37399087403443e-14,1.88936943261478e-14,2.03411577471197e-14,9.72837979210073e-08
2952.80128,0.36608,3.0893e-07,1.1241e-09,1.12861808704809e-09,-3.47156897157705e-14,3.29925910466467e-14,3.49586414401579e-14,1.67193502539886e-07
2962.88378,0.36733,3.100508e-07,1.12800000000001e-09,1.12880196911197e-09,1.01138996138407e-13,4.07412629680381e-14,3.44035909960246e-14,1.64538913459248e-07
2973.04694,0.36859,3.11186e-07,1.13969999999999e-09,1.12882036504036e-09,-3.95616005616216e-13,4.07925794905105e-15,2.06035031361453e-15,9.85384932598253e-09
2983.12944,0.36984,3.123302e-07,1.13299999999999e-09,1.12801073710074e-09,-5.47090207089656e-13,-4.11143698114279e-14,-3.31636858940249e-14,-1.58608932536641e-07
2993.21194,0.37109,3.13452e-07,1.12515000000002e-09,1.12772618462619e-09,1.1665496665592e-13,-3.54066437010862e-14,-3.64227211504721e-14,-1.74195622893562e-07
3003.29444,0.37234,3.145805e-07,1.12730000000001e-09,1.12824404703405e-09,5.3197437697429e-13,-1.21225661439797e-14,-1.25212696303735e-14,-5.98843330148298e-08
3013.37694,0.37359,3.157066e-07,1.11974999999999e-09,1.12879013338013e-09,2.86804141803259e-13,7.26709734533774e-15,7.43069750892184e-15,3.55381185209305e-08
3023.45944,0.37484,3.1682e-07,1.12870000000001e-09,1.12881765531766e-09,-1.07692172691581e-13,5.94312192690724e-15,-1.07918242674077e-15,-5.16130725832542e-09
3033.6226,0.3761,3.17964e-07,1.13744999999998e-09,1.12857474903475e-09,-2.71558441557668e-13,-3.48223858143778e-14,-3.09301796325719e-14,-1.47926946068822e-07
3043.7051,0.37735,3.190949e-07,1.12804999999998e-09,1.12827453843454e-09,-8.05089505090774e-14,-5.18304351677306e-14,-4.82505697010395e-14,-2.30763594222363e-07
3053.7876,0.3786,3.202201e-07,1.122e-09,1.12841373113373e-09,6.30642330637815e-14,-2.72911075434338e-14,-2.68326277274833e-14,-1.28329958696659e-07
3063.8701,0.37985,3.213389e-07,1.12150000000001e-09,1.12840066690067e-09,-5.91067041072901e-14,1.48204185368341e-14,1.55752408967342e-14,7.44902825495984e-08
3073.9526,0.3811,3.224631e-07,1.12705000000003e-09,1.12829551772552e-09,4.91891891892144e-14,4.51800333653053e-14,4.09321172712625e-14,1.95762299992995e-07
3084.0351,0.38235,3.23593e-07,1.13639999999999e-09,1.12849904527905e-09,8.21393471392059e-14,2.56573663687101e-14,2.10233765282255e-14,1.00546583395861e-07
3094.1176,0.3836,3.247359e-07,1.13949999999998e-09,1.1284597964198e-09,3.47402597403684e-14,-3.23189319290552e-14,-2.90602276334061e-14,-1.3898369737716e-07
3104.28076,0.38486,3.25872e-07,1.12555000000002e-09,1.12856852579853e-09,1.8871884871861e-13,-6.32569961984404e-14,-5.64074517500236e-14,-2.69774769239243e-07
3114.36326,0.38611,3.26987e-07,1.121e-09,1.12883723411723e-09,9.4806949806615e-14,-3.96831778924684e-14,-4.41827344999621e-14,-2.1130873021721e-07
3124.44576,0.38736,3.28114e-07,1.13024999999999e-09,1.12875813969814e-09,-3.14233064232879e-13,-1.40351803623582e-14,-1.49147510912026e-14,-7.13314182622733e-08
3134.52826,0.38861,3.292475e-07,1.12450000000002e-09,1.12820876798877e-09,-2.95814320814778e-13,1.37441201280978e-14,2.01677210727661e-14,9.64543181740987e-08
3144.61076,0.38986,3.30363e-07,1.12260000000001e-09,1.12816651105651e-09,3.22313092313191e-13,5.3973505818292e-14,4.68561118104926e-14,2.24094447789312e-07
3154.69326,0.39111,3.314927e-07,1.13949999999998e-09,1.12885339417339e-09,4.59677079677247e-13,4.20297479264869e-14,3.65751706754682e-14,1.74924729317457e-07
3164.85642,0.39237,3.32642e-07,1.13464999999999e-09,1.12908586521586e-09,-3.23129168129728e-13,-3.67411890472879e-15,4.55881985665874e-15,2.18030514883679e-08
3174.93892,0.39362,3.33762e-07,1.12205e-09,1.12820713583714e-09,-6.78685503685347e-13,-1.08832543754828e-15,2.28905808019874e-15,1.09476690792114e-08
3185.02142,0.39487,3.348861e-07,1.123e-09,1.12772849420849e-09,-2.29836784836453e-13,3.57859453496475e-14,3.17018626708402e-14,1.51617604077931e-07
3195.10392,0.39612,3.36008e-07,1.12845e-09,1.12774746226746e-09,3.71177606177827e-13,5.35447027714288e-14,5.17056384546367e-14,2.47287836087393e-07
3205.18642,0.39737,3.37143e-07,1.1339e-09,1.12847084942085e-09,6.53704808704924e-13,4.64315873951171e-14,4.61261008124027e-14,2.20603090841926e-07
3215.26892,0.39862,3.382758e-07,1.1315e-09,1.12905487188487e-09,2.41198666198312e-13,3.01459901506085e-14,3.21813031654568e-14,1.53910580356533e-07
3225.35142,0.39987,3.39406e-07,1.1254e-09,1.12895324675325e-09,-1.68862758862822e-13,2.3951312099467e-14,2.5072486382648e-14,1.19911891395273e-07
3235.51458,0.40113,3.405266e-07,1.13295000000002e-09,1.12871714636715e-09,-5.35996840997186e-13,2.33656357966928e-14,2.00586237537544e-14,9.5932548387521e-08
3245.59708,0.40238,3.416719e-07,1.12719999999999e-09,1.12788125307125e-09,-5.91405756405125e-13,1.08266771601738e-14,1.29744629794587e-14,6.20517794669764e-08
3255.67958,0.40363,3.42781e-07,1.12505e-09,1.12753433485434e-09,1.63194103195484e-13,7.35395927541264e-15,7.40643306930345e-15,3.54220712010165e-08
3265.76208,0.40488,3.43922e-07,1.13445000000001e-09,1.12820764127764e-09,9.04563004562362e-13,8.9095040029211e-15,6.35740001517046e-15,3.04049565942935e-08
3275.84458,0.40613,3.450499e-07,1.12409999999997e-09,1.12934346086346e-09,8.2296068796028e-13,1.08431389411517e-14,1.5557412036112e-14,7.4405014085753e-08
3285.92708,0.40738,3.461702e-07,1.11855000000001e-09,1.12985356265356e-09,1.89784134785158e-13,3.82792382123143e-14,3.87083570873662e-14,1.85126925200447e-07
3296.09024,0.40864,3.47287e-07,1.1288e-09,1.12972302913303e-09,-1.13792558793001e-13,6.13423231640812e-14,5.49535408241444e-14,2.6282128220243e-07
3306.17274,0.40989,3.484278e-07,1.13445000000001e-09,1.12962597753598e-09,-3.56579501580101e-13,4.51505282685187e-14,4.5571382085881e-14,2.17950088236822e-07
3316.25524,0.41114,3.495559e-07,1.12640000000003e-09,1.12900987012987e-09,-6.52793962793199e-13,2.93577819636224e-14,3.56654727996734e-14,1.70574000346264e-07
3326.33774,0.41239,3.506806e-07,1.12139999999997e-09,1.12832038961039e-09,-8.66795366798467e-14,4.87080514848278e-14,5.02252829233294e-14,2.40207874850706e-07
3336.42024,0.41364,3.517987e-07,1.1264e-09,1.12883651105651e-09,4.59524394523303e-13,6.43555776469753e-14,5.66863506413188e-14,2.71108633501959e-07
3346.50274,0.41489,3.529334e-07,1.14715000000002e-09,1.12923943839944e-09,-1.07265707262408e-14,1.97535678157202e-14,1.65958040119784e-14,7.93712365790271e-08
3356.6659,0.41615,3.54093e-07,1.1443e-09,1.12881505791506e-09,-3.67457002456203e-13,-5.21704555772898e-14,-4.73722715671754e-14,-2.26563037929969e-07
3366.7484,0.4174,3.55222e-07,1.12535e-09,1.12850452439453e-09,-1.26340821341142e-13,-8.16483923900862e-14,-7.72017082416322e-14,-3.69225561155632e-07
3376.8309,0.41865,3.563437e-07,1.1139e-09,1.12856237627238e-09,7.77395577389178e-14,-5.48909559320352e-14,-5.41751508014159e-14,-2.5909854731112e-07
3386.9134,0.4199,3.574498e-07,1.1244e-09,1.12866000351e-09,9.87100737105524e-14,-9.98684124446632e-15,-1.4993774014449e-14,-7.17093539821474e-08
3396.9959,0.42115,3.585925e-07,1.13209999999998e-09,1.1287597964198e-09,1.81449631458716e-14,6.62419677406537e-15,8.52267404714279e-15,4.07606150080742e-08
3407.0784,0.4224,3.59714e-07,1.12875e-09,1.1286962934363e-09,3.00368550371026e-14,6.91661887480234e-15,5.87085091416834e-15,2.8077982632979e-08
3417.1609,0.42365,3.6085e-07,1.14210000000002e-09,1.12881987012987e-09,2.14075114074512e-13,-1.92840157102495e-14,-2.47736810176918e-14,-1.18482822258526e-07
3427.32406,0.42491,3.619982e-07,1.13799999999999e-09,1.12912444366444e-09,1.53208143207593e-13,-6.99515215416873e-14,-6.58794588727838e-14,-3.15075672869836e-07
3437.40656,0.42616,3.63126e-07,1.12489999999999e-09,1.12912628641629e-09,1.14713934714545e-13,-7.90136179266146e-14,-7.34126470867339e-14,-3.51103964327858e-07
3447.48906,0.42741,3.64248e-07,1.11750000000001e-09,1.12935387153387e-09,9.22428922423857e-14,-2.79054219760086e-14,-2.82364278700137e-14,-1.35043785465283e-07
3457.57156,0.42866,3.65361e-07,1.11574999999999e-09,1.12931077220077e-09,-3.64187434188557e-13,3.65932894005454e-14,3.25080182134231e-14,1.55473130585937e-07
3467.65406,0.42991,3.664795e-07,1.12189999999998e-09,1.1286254966655e-09,-4.34426114425524e-13,7.15644747235213e-14,7.19695433037325e-14,3.44202163626547e-07
3477.73656,0.43116,3.676048e-07,1.12875000000003e-09,1.12844191997192e-09,-2.75377325374168e-14,8.17515896964858e-14,8.1895389606951e-14,3.91673602468026e-07
3487.89972,0.43242,3.68737e-07,1.1359e-09,1.12857042120042e-09,-1.27486837486443e-13,6.71722899205403e-14,6.23368626418473e-14,2.98132821330574e-07
3497.98222,0.43367,3.698766e-07,1.13639999999999e-09,1.12818694629695e-09,-3.96533871533832e-13,2.61665653746914e-14,2.93818939575863e-14,1.40522101536282e-07
3508.06472,0.43492,3.710098e-07,1.12670000000003e-09,1.12777735345735e-09,-1.28348543349903e-13,1.34877242893641e-14,2.0604241998371e-14,9.85420269487309e-08
3518.14722,0.43617,3.7213e-07,1.12625000000001e-09,1.12793024921025e-09,5.85823095823e-13,4.63769080945422e-14,4.17482751956168e-14,1.99665663979037e-07
3528.22972,0.43742,3.732623e-07,1.13314999999998e-09,1.128948999649e-09,9.40531765532627e-13,5.90492182817951e-14,5.41335504536918e-14,2.58899589126352e-07
3538.31222,0.43867,3.743963e-07,1.13059999999999e-09,1.12981131274131e-09,4.5302386802408e-13,3.9720473496822e-14,4.39968138502407e-14,2.10419544501151e-07
3548.39472,0.43992,3.755235e-07,1.12650000000002e-09,1.12985504738505e-09,-2.29654264654656e-13,3.39559503798614e-14,3.48801169467507e-14,1.66817950614895e-07
3558.55788,0.44118,3.766493e-07,1.13175000000001e-09,1.129352004212e-09,-3.24464724465405e-13,3.74302881146004e-14,3.52240806374117e-14,1.68462994352839e-07
3568.64038,0.44243,3.77787e-07,1.13114999999997e-09,1.12920611793612e-09,-1.10214110218296e-14,3.50361826043507e-14,3.53848036858413e-14,1.6923166980185e-07
3578.72288,0.44368,3.789116e-07,1.12909999999998e-09,1.12932996138996e-09,-4.54405054402027e-14,3.74054169862922e-14,3.78760826797635e-14,1.81146482381478e-07
3588.80538,0.44493,3.800452e-07,1.13300000000001e-09,1.12911523692524e-09,1.02137592138499e-13,5.11025284468809e-14,5.33306036137797e-14,2.55059408587642e-07
3598.88788,0.44618,3.811776e-07,1.12315000000002e-09,1.12953423657424e-09,5.25238680239526e-13,7.7200954415408e-14,7.49355426918889e-14,3.58387378091643e-07
3608.97038,0.44743,3.822915e-07,1.12605e-09,1.13016571428572e-09,3.44961389960894e-13,9.07799220406792e-14,8.88646326023413e-14,4.25004764619893e-07
3619.13354,0.44869,3.834297e-07,1.13029999999999e-09,1.13022415935416e-09,-1.66886626887341e-13,9.33484619125561e-14,9.75176108138668e-14,4.66388573457624e-07
3629.21604,0.44994,3.845521e-07,1.12625000000001e-09,1.12983194103194e-09,-4.16026676027008e-13,1.08760648068175e-13,1.06215276359706e-13,5.07986104329029e-07
3639.29854,0.45119,3.856822e-07,1.1338e-09,1.12939210600211e-09,-3.2781677781806e-13,1.12230484029382e-13,1.11758194825118e-13,5.34495714380999e-07
3649.38104,0.45244,3.868197e-07,1.13189999999997e-09,1.1291763074763e-09,-9.95594945592835e-14,1.08667976583498e-13,1.11893796072847e-13,5.35144242087529e-07
3659.46354,0.45369,3.87946e-07,1.13170000000001e-09,1.12919298701299e-09,1.83925938927133e-13,1.0849317323426e-13,1.04877811784768e-13,5.01589534622803e-07
3669.54604,0.45494,3.890831e-07,1.13734999999999e-09,1.12954415935416e-09,4.44313794312955e-13,8.44915607763302e-14,8.37373443504243e-14,4.0048295124116e-07
3679.7092,0.4562,3.902207e-07,1.13294999999999e-09,1.13008161460161e-09,3.4298876798903e-13,5.16278429151065e-14,5.24497080146217e-14,2.50846429635147e-07
3689.7917,0.45745,3.91349e-07,1.12265000000003e-09,1.13023013689014e-09,-1.04085644084007e-13,3.3665914991555e-14,3.52797700643891e-14,1.68729335090557e-07
3699.8742,0.4587,3.92466e-07,1.12344999999999e-09,1.12987344331344e-09,-8.61565461566759e-14,4.47812461856308e-14,4.75336389749826e-14,2.27334795097743e-07
3709.9567,0.45995,3.935959e-07,1.12799999999998e-09,1.13005782379782e-09,2.52356967356257e-13,8.03209964942246e-14,7.84994820065052e-14,3.75432305248503e-07
3720.0392,0.4612,3.94722e-07,1.12985e-09,1.13037815724816e-09,1.39777114777804e-13,1.03521076705123e-13,1.00454713496519e-13,4.804355862877e-07
3730.1217,0.46245,3.958556e-07,1.12860000000001e-09,1.13033737802738e-09,1.32142857143459e-13,9.88683999628368e-14,9.90141948657087e-14,4.73546149357737e-07
3740.2042,0.4637,3.969792e-07,1.12770000000003e-09,1.13064244296244e-09,3.52371007370964e-13,8.6624116845583e-14,8.93731168746392e-14,4.27436645922187e-07
3750.36736,0.46496,3.98111e-07,1.12854999999999e-09,1.13104212004212e-09,2.25712530712272e-13,8.5348437398071e-14,8.34748108318302e-14,3.99227356152231e-07
3760.44986,0.46621,3.992363e-07,1.13399999999999e-09,1.13109386802387e-09,-2.75640575644438e-14,8.15299046593542e-14,8.09331005999023e-14,3.87071350695185e-07
3770.53236,0.46746,4.00379e-07,1.13604999999999e-09,1.13098699192699e-09,-1.5951210951148e-13,8.35160382746285e-14,8.69175938645046e-14,4.15692840221544e-07
3780.61486,0.46871,4.015084e-07,1.13144999999998e-09,1.13077484380485e-09,7.91453141460121e-14,1.06617071916029e-13,1.06112854543651e-13,5.0749626086094e-07
3790.69736,0.46996,4.026419e-07,1.13330000000002e-09,1.13114528255528e-09,3.6720779220733e-13,1.26458424040469e-13,1.24323873570828e-13,5.94592438817003e-07
3800.7790534,0.4712099,4.03775e-07,1.13555e-09,1.13150925938926e-09,1.10975780975455e-13,1.24548049115933e-13,1.23970007251102e-13,5.92900034679184e-07
3810.94302,0.47247,4.04913e-07,1.13240000000001e-09,1.13136723411724e-09,-1.4706914706938e-13,1.0729699042288e-13,1.07770392174789e-13,5.15423614748991e-07
3821.02552,0.47372,4.060398e-07,1.13050000000002e-09,1.13121512109512e-09,-2.64308529310224e-13,8.78601129981279e-14,8.80570369603606e-14,4.21142350679985e-07
3831.10802,0.47497,4.07174e-07,1.13054999999997e-09,1.13083861705861e-09,-9.27658827661769e-14,7.38692614395555e-14,7.41247090914523e-14,3.54509478263468e-07
3841.19052,0.47622,4.083009e-07,1.1305e-09,1.13102958932959e-09,3.31128466129115e-13,7.06588341189914e-14,7.21166515861724e-14,3.44905724977346e-07
3851.27302,0.47747,4.09435e-07,1.12805000000003e-09,1.13150087399087e-09,2.24826254825351e-13,8.05830068028011e-14,8.01837595118697e-14,3.83487545491551e-07
3861.35552,0.47872,4.10557e-07,1.12704999999998e-09,1.13147924183924e-09,5.65125706361812e-14,8.89880848069051e-14,8.71931824917458e-14,4.1701087278661e-07
3871.43802,0.47997,4.116891e-07,1.13795e-09,1.13161389913215e-09,1.29160524166735e-13,8.58782585080892e-14,8.68163771412188e-14,4.15208760240612e-07
3881.60118,0.48123,4.128329e-07,1.13365000000002e-09,1.13173756288757e-09,1.18166986695915e-13,8.21982452933314e-14,8.21982452933713e-14,3.93122042707428e-07
3891.68368,0.48248,4.139564e-07,1.12854999999999e-09,1.13185023310554e-09,1.0717344923223e-13,7.79480451630979e-14,7.79480451630957e-14,3.7279499860611e-07
3901.76618,0.48373,4.1509e-07,1.13229999999999e-09,1.13195190978604e-09,9.6179911767717e-14,7.31276581173887e-14,7.31276581173887e-14,3.49740973604902e-07
3911.84868,0.48498,4.16221e-07,1.12920000000002e-09,1.13204259292907e-09,8.5186374303618e-14,6.77370841562296e-14,6.77370841562363e-14,3.23959967703739e-07
3921.93118,0.48623,4.173484e-07,1.12584999999999e-09,1.13212228253464e-09,7.41928368397258e-14,6.17763232796466e-14,6.17763232796399e-14,2.95451980902626e-07
3932.01368,0.48748,4.184727e-07,1.13129999999999e-09,1.13219097860275e-09,6.31992993750065e-14,5.52453754875878e-14,5.52453754875922e-14,2.64217013201528e-07
3942.17684,0.48874,4.19611e-07,1.14065e-09,1.13224868113339e-09,5.22057619111143e-14,4.81442407800792e-14,4.81442407800792e-14,2.30255064600379e-07
3952.25934,0.48999,4.20754e-07,1.13449999999998e-09,1.13229539012657e-09,4.12122244472221e-14,4.04729191570948e-14,4.0472919157086e-14,1.93566135099107e-07
3962.34184,0.49124,4.2188e-07,1.12125000000001e-09,1.13233110558229e-09,3.02186869829163e-14,3.2231410618609e-14,3.22314106186156e-14,1.54150224697727e-07
3972.42434,0.49249,4.229965e-07,1.12235e-09,1.13235582750054e-09,1.92251495184037e-14,2.34197151646991e-14,2.34197151647035e-14,1.12007333396408e-07
3982.50684,0.49374,4.241247e-07,1.1278e-09,1.13236955588133e-09,8.23161205430473e-15,1.40378327953652e-14,1.40378327953608e-14,6.71374611952038e-08
3992.58934,0.49499,4.252521e-07,1.13575000000004e-09,1.13237229072465e-09,-2.76192540958747e-15,4.08576351055562e-15,4.08576351055341e-15,1.95406080939511e-08
4002.7525,0.49625,4.263962e-07,1.14200000000002e-09,1.13236403203051e-09,-1.37554628743068e-14,-6.43649268972966e-15,-6.43649268972301e-15,-3.07832259073709e-08
4012.835,0.4975,4.275361e-07,1.13039999999998e-09,1.1323447797989e-09,-2.4749000338199e-14,-1.75289358054648e-14,-1.75289358054781e-14,-8.38340408088083e-08
4022.9175,0.49875,4.28657e-07,1.13045e-09,1.13231453402983e-09,-3.57425378020912e-14,-2.91915658367015e-14,-2.91915658366756e-14,-1.39611836610188e-07
4033,0.5,4.29797e-07,1.14000000000002e-09,1.1322732947233e-09,-4.12393065344509e-14,-4.14243827833363e-14,-4.14243827833105e-14,-1.98116613311485e-07
