wvnmbr,Voltage,Current,DerivativeY1,DerivativeY1_1,DerivativeY2,DerivativeY2_1,DerivativeY2_2,Alpha
-4033,-0.5,-5.55353e-07,2.04500000000002e-09,1.85715723294723e-09,-4.0717410856235e-11,-3.99527538339736e-11,-3.99527538339735e-11,NaN
-4022.9175,-0.49875,-5.53308e-07,1.94049999999999e-09,1.816439822091e-09,-3.98536937969296e-11,-3.89364190058856e-11,-3.89364190058856e-11,NaN
-4012.835,-0.4975,-5.51472e-07,1.78129999999996e-09,1.77744984535338e-09,-3.8126259678319e-11,-3.78078452768234e-11,-3.78078452768234e-11,NaN
-4002.7525,-0.49625,-5.497454e-07,1.69940000000002e-09,1.74018730273436e-09,-3.63988255597084e-11,-3.65670326467869e-11,-3.65670326467869e-11,NaN
-3992.58934,-0.49499,-5.480732e-07,1.66010000000002e-09,1.70465219423396e-09,-3.46713914410978e-11,-3.52139811157762e-11,-3.52139811157762e-11,NaN
-3982.50684,-0.49374,-5.464252e-07,1.58920000000001e-09,1.67084451985217e-09,-3.29439573224871e-11,-3.37486906837911e-11,-3.37486906837911e-11,NaN
-3972.42434,-0.49249,-5.448948e-07,1.53210000000004e-09,1.63876427958898e-09,-3.12165232038765e-11,-3.21711613508318e-11,-3.21930039245713e-11,NaN
-3962.34184,-0.49124,-5.43361e-07,1.5373e-09,1.60841147344441e-09,-2.94890890852659e-11,-3.04813931168982e-11,-3.05186085408648e-11,NaN
-3952.25934,-0.48999,-5.418202e-07,1.519e-09,1.57978610141845e-09,-2.77616549666553e-11,-2.86793859819904e-11,-2.87058950974265e-11,NaN
-3942.17684,-0.48874,-5.40323e-07,1.50559999999999e-09,1.5528881635111e-09,-2.60342208480446e-11,-2.67651399461083e-11,-2.67270240654372e-11,NaN
-3932.01368,-0.48748,-5.38809e-07,1.48109999999995e-09,1.52771765972236e-09,-2.4306786729434e-11,-2.47386550092519e-11,-2.45663315033063e-11,NaN
-3921.93118,-0.48623,-5.373608e-07,1.45899999999999e-09,1.50427459005223e-09,-2.25793526108234e-11,-2.2339640501026e-11,-2.22393480121698e-11,NaN
-3911.84868,-0.48498,-5.35891e-07,1.48829999999997e-09,1.48255895450072e-09,-2.08519184922127e-11,-1.98404119627488e-11,-1.9788211777181e-11,NaN
-3901.76618,-0.48373,-5.343842e-07,1.4453e-09,1.46257075306781e-09,-1.91244843736021e-11,-1.72245943414953e-11,-1.72701871989034e-11,NaN
-3891.68368,-0.48248,-5.330004e-07,1.33720000000004e-09,1.44430998575351e-09,-1.73970502549915e-11,-1.46537879135935e-11,-1.47462435070535e-11,NaN
-3881.60118,-0.48123,-5.317098e-07,1.43894999999999e-09,1.42777665255783e-09,-1.56696161363809e-11,-1.22496339884437e-11,-1.22989064176807e-11,NaN
-3871.43802,-0.47997,-5.301225e-07,1.50905000000001e-09,1.41297075348075e-09,-1.39421820177703e-11,-1.00155023774164e-11,-1.00311070259463e-11,NaN
-3861.35552,-0.47872,-5.286917e-07,1.44675000000002e-09,1.39989228852229e-09,-6.21525915525781e-12,-7.93616657968734e-12,-7.94829957284453e-12,NaN
-3851.27302,-0.47747,-5.27229e-07,1.44919999999996e-09,1.40054023517023e-09,1.16564935065005e-12,-6.03578071787759e-12,-6.05448599273965e-12,NaN
-3841.19052,-0.47622,-5.257933e-07,1.39059999999999e-09,1.40222358722359e-09,6.07709722708167e-13,-4.43062011127265e-12,-4.386736068578e-12,NaN
-3831.10802,-0.47497,-5.244478e-07,1.37055000000005e-09,1.40175565461565e-09,-7.73460863461473e-13,-3.08868619216844e-12,-2.99185776444939e-12,NaN
-3821.02552,-0.47372,-5.230522e-07,1.40349999999999e-09,1.40067666549666e-09,-9.30047385045749e-13,-1.83851505646449e-12,-1.90883944719222e-12,NaN
-3810.94302,-0.47247,-5.216408e-07,1.40959999999999e-09,1.39989555984556e-09,-1.37465426465279e-12,-9.36823230644309e-13,-1.15885565973789e-12,NaN
-3800.77986,-0.47121,-5.20233e-07,1.40239999999997e-09,1.39792735696736e-09,-2.71101088100994e-12,-6.36604120223779e-13,-7.70586267909114e-13,NaN
-3790.69736,-0.46996,-5.18836e-07,1.39695e-09,1.39447353808354e-09,-2.9874499824487e-12,-6.57382629582189e-13,-7.28038087888719e-13,NaN
-3780.61486,-0.46871,-5.174391e-07,1.39270000000004e-09,1.39195245700246e-09,-2.15078097578071e-12,-8.71504693534343e-13,-9.34736791840123e-13,NaN
-3770.53236,-0.46746,-5.160506e-07,1.39219999999997e-09,1.39017197613198e-09,-1.58117058617136e-12,-1.27019788415657e-12,-1.27866607103582e-12,NaN
-3760.44986,-0.46621,-5.146547e-07,1.38770000000001e-09,1.38879011583012e-09,-1.7075605475618e-12,-1.8322847500963e-12,-1.6247822510747e-12,NaN
-3750.36736,-0.46496,-5.132752e-07,1.38735000000001e-09,1.38675685503685e-09,-2.14443313443471e-12,-2.16249583452442e-12,-1.87082305456183e-12,NaN
-3740.2042,-0.4637,-5.1188e-07,1.39029999999996e-09,1.38450124956125e-09,-1.30792207792444e-12,-2.06716159246089e-12,-1.98661972393965e-12,NaN
-3730.1217,-0.46245,-5.104946e-07,1.38049999999999e-09,1.38414101088101e-09,-1.01647946648039e-12,-1.92112097280483e-12,-1.97149617507761e-12,NaN
-3720.0392,-0.4612,-5.09119e-07,1.3757e-09,1.38246829062829e-09,-4.01570024569873e-12,-1.79695671278731e-12,-1.8521542060575e-12,NaN
-3709.9567,-0.45995,-5.077432e-07,1.38199999999998e-09,1.37610961038961e-09,-4.39008248508152e-12,-1.63296035692591e-12,-1.68079879528416e-12,NaN
-3699.8742,-0.4587,-5.06355e-07,1.37835000000003e-09,1.37368812565812e-09,-4.71572481571682e-13,-1.46503258887388e-12,-1.5330730155529e-12,NaN
-3689.7917,-0.45745,-5.049865e-07,1.37495000000003e-09,1.37516646542646e-09,7.04524394525405e-13,-1.3961393443856e-12,-1.43109107681759e-12,NaN
-3679.7092,-0.4562,-5.036051e-07,1.38624999999999e-09,1.37509717444717e-09,2.20310635309929e-13,-1.37180975907192e-12,-1.34870075662642e-12,NaN
-3669.54604,-0.45494,-5.02214e-07,1.38255000000002e-09,1.37560708669708e-09,-6.87706212706994e-13,-1.31413605205014e-12,-1.27830379554503e-12,NaN
-3659.46354,-0.45369,-5.0084e-07,1.36670000000001e-09,1.37372176202176e-09,-2.3475482625478e-12,-1.2169729793981e-12,-1.18790909377915e-12,NaN
-3649.38104,-0.45244,-4.994806e-07,1.36204999999998e-09,1.37091199017199e-09,-2.03148122148088e-12,-1.10687523343069e-12,-1.07723601040904e-12,NaN
-3639.29854,-0.45119,-4.981159e-07,1.36729999999997e-09,1.3696587995788e-09,-1.04441382941241e-12,-1.03916094794591e-12,-9.96416728764009e-13,NaN
-3629.21604,-0.44994,-4.96746e-07,1.3648e-09,1.36882316251316e-09,-8.97999297998853e-13,-9.2048420492646e-13,-9.64397984096356e-13,NaN
-3619.13354,-0.44869,-4.953863e-07,1.36864999999999e-09,1.3678628009828e-09,-9.46521586523408e-13,-7.55739201690293e-13,-9.65526710843778e-13,NaN
-3608.97038,-0.44743,-4.940087e-07,1.37564999999997e-09,1.36693011934012e-09,-9.90179010178918e-13,-8.76425837090836e-13,-9.72367816510651e-13,NaN
-3598.88788,-0.44618,-4.92635e-07,1.36365000000001e-09,1.36588244296244e-09,-9.7592839592732e-13,-1.15016007348615e-12,-9.55317396576245e-13,NaN
-3588.80538,-0.44493,-4.912814e-07,1.36030000000004e-09,1.36497826254826e-09,-8.46618111616962e-13,-1.11831434060749e-12,-9.12387289201294e-13,NaN
-3578.72288,-0.44368,-4.899144e-07,1.36769999999999e-09,1.36418920673921e-09,-8.31184626182597e-13,-9.02125056410601e-13,-8.60017085040096e-13,NaN
-3568.64038,-0.44243,-4.88546e-07,1.36320000000002e-09,1.3633158932959e-09,-6.99203229203056e-13,-6.86798603135386e-13,-7.90533035981458e-13,NaN
-3558.55788,-0.44118,-4.87188e-07,1.36300000000004e-09,1.3627908002808e-09,-5.98297648299001e-13,-5.38260178809142e-13,-6.82599275881051e-13,NaN
-3548.39472,-0.43992,-4.8582e-07,1.36509999999998e-09,1.3621192979993e-09,-7.91484731485543e-13,-5.43156039908099e-13,-5.7624561045831e-13,NaN
-3538.31222,-0.43867,-4.844578e-07,1.35949999999999e-09,1.36120783081783e-09,-7.46024921025549e-13,-5.85255759807826e-13,-5.29262547996517e-13,NaN
-3528.22972,-0.43742,-4.83101e-07,1.36254999999999e-09,1.36062724815725e-09,-6.3725342225326e-13,-5.79594752366755e-13,-5.29069845808035e-13,NaN
-3518.14722,-0.43617,-4.817327e-07,1.36064999999998e-09,1.35993332397333e-09,-7.79473499473389e-13,-5.52113610173359e-13,-5.4735968776889e-13,NaN
-3508.06472,-0.43492,-4.803797e-07,1.35485000000001e-09,1.3590683011583e-09,-2.25007020007821e-13,-5.41462944563874e-13,-5.68571824578527e-13,NaN
-3497.98222,-0.43367,-4.79023e-07,1.35705e-09,1.35948330993331e-09,4.7499473499565e-13,-5.66853758039269e-13,-5.8337134854099e-13,NaN
-3487.89972,-0.43242,-4.776656e-07,1.3615e-09,1.36001829062829e-09,-1.85028080026287e-13,-5.99610796950485e-13,-5.99795485244551e-13,NaN
-3477.73656,-0.43116,-4.763e-07,1.36020000000004e-09,1.35911325377326e-09,-1.11854861354835e-12,-6.31025052980584e-13,-6.22521247001959e-13,NaN
-3467.65406,-0.42991,-4.749452e-07,1.35565e-09,1.3577811934012e-09,-1.1631695331714e-12,-6.68493520033579e-13,-6.4882241670066e-13,NaN
-3457.57156,-0.42866,-4.735887e-07,1.35639999999994e-09,1.35678691470691e-09,-9.56312741314567e-13,-6.85421292216196e-13,-6.72388988146406e-13,NaN
-3447.48906,-0.42741,-4.722324e-07,1.35735e-09,1.35586856791857e-09,-8.27751842752119e-13,-6.79688833427164e-13,-6.92952966225203e-13,NaN
-3437.40656,-0.42616,-4.70874e-07,1.35530000000006e-09,1.35513141102141e-09,-6.1837486837555e-13,-6.91049849049356e-13,-7.16902513923385e-13,NaN
-3427.32406,-0.42491,-4.695218e-07,1.357e-09,1.35463181818182e-09,-6.05898560900222e-13,-7.24474836809076e-13,-7.36751982302832e-13,NaN
-3417.1609,-0.42365,-4.6816e-07,1.35654999999999e-09,1.35391961389961e-09,-8.98106353107012e-13,-7.46371744139102e-13,-7.42588482687023e-13,NaN
-3407.0784,-0.4224,-4.668087e-07,1.35189999999998e-09,1.3528356054756e-09,-9.03048438048195e-13,-7.66784345109111e-13,-7.37256323861074e-13,NaN
-3396.9959,-0.42115,-4.654562e-07,1.35579999999997e-09,1.35211351702351e-09,-5.91846261845148e-13,-7.62504339312329e-13,-7.20962032018362e-13,NaN
-3386.9134,-0.4199,-4.640971e-07,1.35420000000001e-09,1.35165191295191e-09,-5.59159354156431e-13,-6.88992439092146e-13,-6.9165825471931e-13,NaN
-3376.8309,-0.41865,-4.627478e-07,1.35010000000001e-09,1.3509951983152e-09,-4.92107757106755e-13,-6.15858964639218e-13,-6.54446526378938e-13,NaN
-3366.7484,-0.4174,-4.613969e-07,1.35114999999999e-09,1.3506676974377e-09,-3.76691821692721e-13,-5.91260222640853e-13,-6.15311068933779e-13,NaN
-3356.6659,-0.41615,-4.600455e-07,1.35079999999999e-09,1.35024181467182e-09,-4.951491751493e-13,-5.69528878126136e-13,-5.73337561404731e-13,NaN
-3346.50274,-0.41489,-4.586953e-07,1.35174999999999e-09,1.3496773990874e-09,-7.05308880309075e-13,-5.44947122181328e-13,-5.29549284542458e-13,NaN
-3336.42024,-0.41364,-4.57342e-07,1.35420000000004e-09,1.3488311969112e-09,-7.39822744822946e-13,-5.1480997100283e-13,-4.88150584721264e-13,NaN
-3326.33774,-0.41239,-4.559869e-07,1.33715000000002e-09,1.34819775359775e-09,-4.43073008073397e-13,-4.58086930474495e-13,-4.43036573886391e-13,NaN
-3316.25524,-0.41114,-4.546677e-07,1.33044999999996e-09,1.34794505089505e-09,-4.52648297648186e-13,-3.81233558547663e-13,-3.928007978578e-13,NaN
-3306.17274,-0.40989,-4.53326e-07,1.34719999999998e-09,1.34729245700246e-09,-6.37546507545076e-13,-3.15131298686251e-13,-3.47889795644678e-13,NaN
-3296.09024,-0.40864,-4.519733e-07,1.35220000000001e-09,1.34666995787996e-09,-3.22300807299496e-13,-2.85336003950004e-13,-3.07240864358778e-13,NaN
-3285.92708,-0.40738,-4.506216e-07,1.35005000000002e-09,1.34664785538786e-09,-2.91909441914719e-14,-2.62422471549694e-13,-2.59813613142183e-13,NaN
-3275.84458,-0.40613,-4.492732e-07,1.34600000000002e-09,1.34661157599158e-09,-4.66672516695311e-14,-2.34621957475715e-13,-2.0411841500564e-13,NaN
-3265.7628866,-0.4048801,-4.479296e-07,1.34574999999998e-09,1.34655452088452e-09,-6.82151632155463e-14,-1.959694327918e-13,-1.45491843175245e-13,NaN
-3255.67958,-0.40363,-4.465817e-07,1.34979999999998e-09,1.34647514566515e-09,-1.19854334851528e-13,-1.01365818784883e-13,-8.3789171322467e-14,NaN
-3245.59708,-0.40238,-4.4523e-07,1.34485000000005e-09,1.34631481221482e-09,1.19954369974269e-14,1.9358707212626e-14,-2.1931650420565e-14,NaN
-3235.51458,-0.40113,-4.43892e-07,1.35045000000004e-09,1.34649913653914e-09,1.20435240434283e-13,6.97848106233549e-14,2.72556294595178e-14,NaN
-3225.35142,-0.39987,-4.425291e-07,1.35149999999998e-09,1.34655568269568e-09,7.31800631779678e-14,6.0338800822553e-14,5.45485319337624e-14,NaN
-3215.26892,-0.39862,-4.41189e-07,1.34254999999997e-09,1.3466454966655e-09,-1.17290277291848e-13,5.35380938647813e-14,5.62481321699874e-14,NaN
-3205.18642,-0.39737,-4.39844e-07,1.34754999999998e-09,1.3463211021411e-09,-3.84964899964234e-13,3.00499053878935e-14,3.1507235156637e-14,NaN
-3195.10392,-0.39612,-4.384939e-07,1.34335000000001e-09,1.34587556686557e-09,-1.05612495611352e-13,-1.85183964232621e-14,-9.06686632097729e-15,NaN
-3185.02142,-0.39487,-4.371573e-07,1.34015e-09,1.34610987714988e-09,2.79487539486671e-13,-6.16347958961176e-14,-5.13945568552192e-14,NaN
-3174.93892,-0.39362,-4.358136e-07,1.34699999999999e-09,1.34643454194454e-09,3.81123201122463e-13,-9.47167149489289e-14,-9.63563494633047e-14,NaN
-3164.85642,-0.39237,-4.344633e-07,1.3547e-09,1.34687212355212e-09,4.59008424008918e-13,-1.3348654362912e-13,-1.45867213803818e-13,NaN
-3154.69326,-0.39111,-4.331042e-07,1.3459e-09,1.34735255879256e-09,-1.58441558441265e-13,-1.79581006096695e-13,-1.87570300242915e-13,NaN
-3144.61076,-0.38986,-4.317715e-07,1.33855000000002e-09,1.34655524043524e-09,-9.40772200773077e-13,-2.26569088607545e-13,-2.14880885722181e-13,NaN
-3134.52826,-0.38861,-4.304271e-07,1.35389999999998e-09,1.34547101439101e-09,-6.73334503335559e-13,-2.67786756902333e-13,-2.37519922194277e-13,NaN
-3124.44576,-0.38736,-4.290637e-07,1.3567e-09,1.34520857142857e-09,-2.75612495612603e-13,-2.74978996203012e-13,-2.61914506625772e-13,NaN
-3114.36326,-0.38611,-4.277137e-07,1.34034999999998e-09,1.34491978939979e-09,-2.65710775710392e-13,-2.48875116737032e-13,-2.8211665320823e-13,NaN
-3104.28076,-0.38486,-4.26383e-07,1.34099999999999e-09,1.34467714987715e-09,-2.26463671462611e-13,-2.51994679688354e-13,-2.93990839433901e-13,NaN
-3094.1176,-0.3836,-4.250317e-07,1.34285000000005e-09,1.34446686205686e-09,-3.15066690065953e-13,-3.06050190411012e-13,-2.9610612602452e-13,NaN
-3084.0351,-0.38235,-4.236973e-07,1.34195000000002e-09,1.34404701649702e-09,-3.29401544402507e-13,-3.32769712903472e-13,-2.86683746473774e-13,NaN
-3073.9526,-0.3811,-4.223478e-07,1.34689999999995e-09,1.34380805896806e-09,-2.76256581256852e-13,-2.96849498186291e-13,-2.71376831179309e-13,NaN
-3063.8701,-0.37985,-4.210035e-07,1.33989999999999e-09,1.3434945033345e-09,-2.16091611090146e-13,-2.52101264920669e-13,-2.54369184957078e-13,NaN
-3053.7876,-0.3786,-4.19668e-07,1.33790000000002e-09,1.34337587574588e-09,-9.70989820976312e-14,-2.09470980279873e-13,-2.32196926319554e-13,NaN
-3043.7067132,-0.3773502,-4.183277e-07,1.34100000000001e-09,1.34330030537031e-09,-8.01948051949372e-14,-1.7540306176927e-13,-2.09422165333329e-13,NaN
-3033.6226,-0.3761,-4.16986e-07,1.35145000000004e-09,1.34321548613549e-09,9.00070200058355e-14,-1.84325410371289e-13,-1.96094078417698e-13,NaN
-3023.45944,-0.37484,-4.156248e-07,1.35364999999997e-09,1.34348031941032e-09,-1.02118287118811e-13,-2.08448032843254e-13,-1.91784876313801e-13,NaN
-3013.37694,-0.37359,-4.142787e-07,1.34039999999998e-09,1.34301124956125e-09,-5.70865215864729e-13,-2.13013347766736e-13,-1.90577569243941e-13,NaN
-3003.29444,-0.37234,-4.12944e-07,1.33735000000001e-09,1.34233858897859e-09,-4.31540891540437e-13,-2.09867004831192e-13,-1.92218675767424e-13,NaN
-2993.21194,-0.37109,-4.11604e-07,1.33454999999999e-09,1.34214816777817e-09,-4.14426114425249e-14,-1.92373632128446e-13,-1.9784527636854e-13,NaN
-2983.12944,-0.36984,-4.102749e-07,1.33535e-09,1.34225570375571e-09,-1.13538083539116e-13,-1.78483745608611e-13,-2.05706542721773e-13,NaN
-2973.04694,-0.36859,-4.089333e-07,1.34725000000003e-09,1.34192109161109e-09,-5.18771498771773e-13,-1.97391649152174e-13,-2.20184378581951e-13,NaN
-2962.88378,-0.36733,-4.075804e-07,1.34430000000002e-09,1.34121816075816e-09,-3.84575289574698e-13,-2.35784597085978e-13,-2.41098140987565e-13,NaN
-2952.80128,-0.36608,-4.062447e-07,1.33919999999999e-09,1.34115194103194e-09,9.66848016845314e-14,-2.75623189132754e-13,-2.57852521096284e-13,NaN
-2942.71878,-0.36483,-4.04902e-07,1.34534999999999e-09,1.34141153036153e-09,-6.4543699544256e-14,-2.93230566955691e-13,-2.68586365260538e-13,NaN
-2932.63628,-0.36358,-4.03554e-07,1.34385e-09,1.34102285363285e-09,-3.59645489646418e-13,-2.91849748327333e-13,-2.74481820124878e-13,NaN
-2922.55378,-0.36233,-4.022143e-07,1.33909999999998e-09,1.34069223938224e-09,-1.53081783080986e-13,-2.60416990482412e-13,-2.69679269154197e-13,NaN
-2912.47128,-0.36108,-4.008758e-07,1.34314999999998e-09,1.34071669006669e-09,-9.73797823777164e-14,-2.14032356059217e-13,-2.4813784441042e-13,NaN
-2902.30812,-0.35982,-3.99528e-07,1.34370000000001e-09,1.34049747981748e-09,-1.87732537733351e-13,-2.08909349885185e-13,-2.13427781969822e-13,NaN
-2892.22562,-0.35857,-3.981884e-07,1.34080000000003e-09,1.34034122499122e-09,-4.03380133382027e-13,-2.06759705090921e-13,-1.74500123369226e-13,NaN
-2882.14312,-0.35732,-3.968464e-07,1.34215e-09,1.33969071955072e-09,-6.02237627237819e-13,-1.47028756211543e-13,-1.29849799966758e-13,NaN
-2872.06062,-0.35607,-3.955041e-07,1.34399999999999e-09,1.33913674973675e-09,-3.18687258686859e-13,-6.08479131198916e-14,-7.85956179457715e-14,NaN
-2861.97812,-0.35482,-3.941584e-07,1.33505e-09,1.33905334503334e-09,3.08880310058258e-16,-9.35038773541138e-15,-2.1730731601353e-14,NaN
-2851.89562,-0.35357,-3.92834e-07,1.32920000000001e-09,1.33913736749737e-09,2.20265005265694e-13,3.299460499053e-14,4.36584076766224e-14,NaN
-2841.81312,-0.35232,-3.915e-07,1.34040000000001e-09,1.33949387504388e-09,2.58104598103849e-13,1.09728865711437e-13,1.09847921570388e-13,NaN
-2831.64996,-0.35106,-3.901532e-07,1.34099999999999e-09,1.33965357669358e-09,2.64712179711748e-13,1.74049439644599e-13,1.70438306111414e-13,NaN
-2821.56746,-0.34981,-3.88818e-07,1.33559999999998e-09,1.3400232994033e-09,3.15096525096597e-13,2.17434442738469e-13,2.30493805433581e-13,NaN
-2811.48496,-0.34856,-3.87482e-07,1.33700000000001e-09,1.34028376974377e-09,1.73080028079659e-13,2.75543555425788e-13,2.87937753568577e-13,NaN
-2801.40246,-0.34731,-3.86144e-07,1.33975000000003e-09,1.34036945945946e-09,3.68915408915387e-13,3.2465005242062e-13,3.28308852602703e-13,NaN
-2791.31996,-0.34606,-3.848025e-07,1.34054999999999e-09,1.3410216005616e-09,6.38729378730841e-13,3.57754431938816e-13,3.39496305319402e-13,NaN
-2781.23746,-0.34481,-3.834629e-07,1.34224999999999e-09,1.34164691821692e-09,4.18681993683118e-13,3.60599914561831e-13,3.22589997522847e-13,NaN
-2771.0743,-0.34355,-3.82118e-07,1.3415e-09,1.34185896454897e-09,8.70533520526908e-14,2.98680779121866e-13,2.80306792940026e-13,NaN
-2760.9918,-0.3423,-3.807799e-07,1.3425e-09,1.34182102492103e-09,5.17023517016119e-14,2.01216767558472e-13,2.1200806622603e-13,NaN
-2750.9093,-0.34105,-3.79433e-07,1.34195000000002e-09,1.34196236925237e-09,1.26396981396228e-13,9.83775843532676e-14,1.23852078778799e-13,NaN
-2740.8268,-0.3398,-3.78096e-07,1.33499999999998e-09,1.34207381888382e-09,8.07353457341271e-14,8.36008539666208e-15,2.09450306323642e-14,NaN
-2730.7443,-0.33855,-3.76763e-07,1.33899999999998e-09,1.34212383994384e-09,1.03732888731834e-13,-7.37068654820785e-14,-9.01858056981705e-14,NaN
-2720.6618,-0.3373,-3.75418e-07,1.34360000000002e-09,1.34228128466128e-09,-3.16181116178284e-14,-1.76721613119353e-13,-1.96192185064979e-13,NaN
-2710.5793,-0.33605,-3.740758e-07,1.35055000000001e-09,1.3420606037206e-09,-2.78671463670548e-13,-2.86726241298219e-13,-2.87826616659733e-13,NaN
-2700.41614,-0.33479,-3.727169e-07,1.34799999999999e-09,1.34172394173394e-09,-3.62293787293742e-13,-3.94632889088756e-13,-3.66239014222898e-13,NaN
-2690.33364,-0.33354,-3.713798e-07,1.34045e-09,1.34133601614602e-09,-5.58092313092211e-13,-4.7606447655004e-13,-4.38286548105643e-13,NaN
-2680.25114,-0.33229,-3.70036e-07,1.34939999999999e-09,1.34060775710776e-09,-8.55131625131303e-13,-5.02694044158597e-13,-5.05196958218735e-13,NaN
-2670.16864,-0.33104,-3.68681e-07,1.351e-09,1.33962575289575e-09,-7.96191646191393e-13,-5.15972427597003e-13,-5.64748798279712e-13,NaN
-2660.08614,-0.32979,-3.67334e-07,1.34600000000002e-09,1.33901537381537e-09,-5.55909090909094e-13,-5.75607475584362e-13,-6.12711490962991e-13,NaN
-2650.00364,-0.32854,-3.65989e-07,1.33745e-09,1.33851393471393e-09,-4.62593892594477e-13,-6.54238864516521e-13,-6.42922431536479e-13,NaN
-2639.84048,-0.32728,-3.646591e-07,1.33399999999998e-09,1.33809018603018e-09,-5.7441031941086e-13,-6.96150954705868e-13,-6.56805831880697e-13,NaN
-2629.75798,-0.32603,-3.63321e-07,1.33505e-09,1.33736511407511e-09,-7.80156195155671e-13,-6.91467515944316e-13,-6.55485992583526e-13,NaN
-2619.67548,-0.32478,-3.61989e-07,1.33150000000001e-09,1.33652987363987e-09,-5.61735696734459e-13,-6.29134018221883e-13,-6.28485110247005e-13,NaN
-2609.59298,-0.32353,-3.60658e-07,1.32724999999998e-09,1.33624164268164e-09,-3.35844155843491e-13,-5.46029286441134e-13,-5.70579059641481e-13,NaN
-2599.51048,-0.32228,-3.593345e-07,1.32849999999998e-09,1.33585818532819e-09,-3.7535626535694e-13,-4.81863740722713e-13,-4.94118216744029e-13,NaN
-2589.42798,-0.32103,-3.58001e-07,1.33925000000002e-09,1.33549093015093e-09,-3.85035100035754e-13,-4.11250179143129e-13,-4.09600946489411e-13,NaN
-2579.26482,-0.31977,-3.56656e-07,1.33395000000001e-09,1.33508811512812e-09,-6.23650403649735e-13,-3.12675267532878e-13,-3.17030048609553e-13,NaN
-2569.18232,-0.31852,-3.553331e-07,1.32790000000001e-09,1.33424362934363e-09,-8.18429273429096e-13,-2.19628220175552e-13,-2.1503765409135e-13,NaN
-2559.09982,-0.31727,-3.540002e-07,1.33105e-09,1.33345125658126e-09,-3.07569322569894e-13,-1.32244751087273e-13,-1.05236003554905e-13,NaN
-2549.01732,-0.31602,-3.52671e-07,1.32760000000003e-09,1.33362849069849e-09,3.25179010179623e-13,-8.24023294742505e-15,5.8721339152213e-15,NaN
-2538.93482,-0.31477,-3.51345e-07,1.332e-09,1.33410161460162e-09,4.89684099685049e-13,1.33591506388349e-13,1.10866574091377e-13,NaN
-2528.85232,-0.31352,-3.50007e-07,1.33564999999998e-09,1.33460785889786e-09,4.08887328887101e-13,2.45989157772521e-13,2.07200145054183e-13,NaN
-2518.76982,-0.31227,-3.486737e-07,1.34000000000001e-09,1.33491938925939e-09,1.44315549315706e-13,3.05850199957848e-13,3.00574754651657e-13,NaN
-2508.60666,-0.31101,-3.47327e-07,1.33989999999999e-09,1.33489648999649e-09,1.33176553177036e-13,3.5222723893541e-13,3.89247265817478e-13,NaN
-2498.52416,-0.30976,-3.459939e-07,1.3385e-09,1.33518574236574e-09,5.52534222534167e-13,4.22085866343815e-13,4.57684650265067e-13,NaN
-2488.44166,-0.30851,-3.4465e-07,1.34035000000001e-09,1.33600155844156e-09,8.3871884871881e-13,4.97267447350694e-13,4.98023966327362e-13,NaN
-2478.35916,-0.30726,-3.433132e-07,1.3395e-09,1.33686318006318e-09,6.1314320814286e-13,5.60012536300256e-13,5.12214151828352e-13,NaN
-2468.27666,-0.30601,-3.41971e-07,1.33144999999999e-09,1.33722784485785e-09,4.96014391013896e-13,5.59437153323714e-13,5.02336312122059e-13,NaN
-2458.19416,-0.30476,-3.406503e-07,1.33830000000001e-09,1.33785520884521e-09,6.22548262548203e-13,4.73128993145057e-13,4.68903991376986e-13,NaN
-2448.031,-0.3035,-3.392944e-07,1.3445e-09,1.33847294138294e-09,3.16270621270424e-13,3.75469448913052e-13,4.13461300726846e-13,NaN
-2437.9485,-0.30225,-3.379613e-07,1.33324999999998e-09,1.33848775008775e-09,1.74552474547005e-14,3.0734855206868e-13,3.43004830347221e-13,NaN
-2427.866,-0.301,-3.366279e-07,1.33719999999999e-09,1.33850785187785e-09,7.87451737443833e-14,2.5878026976396e-13,2.68315455697414e-13,NaN
-2417.7835,-0.29975,-3.352869e-07,1.33685000000002e-09,1.33864524043524e-09,3.32486837485617e-13,2.18720495861489e-13,1.99698151893075e-13,NaN
-2407.701,-0.2985,-3.339542e-07,1.33995000000001e-09,1.33917282555282e-09,5.36644436643914e-13,1.57830944048489e-13,1.3811156145114e-13,NaN
-2397.6185,-0.29725,-3.32607e-07,1.35335e-09,1.33971852930853e-09,2.86832221832715e-13,8.4001296716115e-14,7.7353058143577e-14,NaN
-2387.45534,-0.29599,-3.312475e-07,1.34895e-09,1.33974648999649e-09,-1.17614952614669e-13,1.87175750659644e-14,2.19476619417753e-14,NaN
-2377.37284,-0.29474,-3.299091e-07,1.33035e-09,1.3394832994033e-09,-4.43892593891793e-13,-4.25468150591165e-14,-2.06821372978282e-14,NaN
-2367.29034,-0.29349,-3.285868e-07,1.32604999999999e-09,1.33885870480871e-09,-4.32270972270106e-13,-8.68380657184402e-14,-5.38993206938677e-14,NaN
-2357.20784,-0.29224,-3.27257e-07,1.3324e-09,1.33861875745876e-09,-9.95384345391302e-14,-9.47391346802757e-14,-8.57572817721112e-14,NaN
-2347.12534,-0.29099,-3.25922e-07,1.33700000000001e-09,1.33865962793963e-09,8.41874341870855e-14,-7.66734828126075e-14,-1.20146494321108e-13,NaN
-2337.04284,-0.28974,-3.24583e-07,1.33959999999999e-09,1.33878713232713e-09,1.36758511759289e-13,-9.27612396701781e-14,-1.50324591466842e-13,NaN
-2326.96034,-0.28849,-3.232428e-07,1.34509999999998e-09,1.33893314496315e-09,4.40365040366748e-14,-1.66349716256391e-13,-1.68187245102303e-13,NaN
-2316.79718,-0.28723,-3.218928e-07,1.33989999999999e-09,1.33887520533521e-09,-1.76905931906599e-13,-2.35355582632299e-13,-1.72817270919424e-13,NaN
-2306.71468,-0.28598,-3.20563e-07,1.33790000000002e-09,1.33857933309933e-09,-3.20659880660273e-13,-2.2925143696134e-13,-1.67762049078573e-13,NaN
-2296.63218,-0.28473,-3.19217e-07,1.34365000000002e-09,1.33823388557388e-09,-4.20036855036623e-13,-1.56878867931364e-13,-1.56284372767477e-13,NaN
-2286.54968,-0.28348,-3.178757e-07,1.33464999999998e-09,1.33773925938926e-09,-2.44447174446839e-13,-9.25996326370368e-14,-1.37428700932348e-13,NaN
-2276.46718,-0.28223,-3.165477e-07,1.33484999999999e-09,1.33774499122499e-09,2.09097929098293e-13,-6.88298664923466e-14,-1.15322326148001e-13,NaN
-2266.38468,-0.28098,-3.15206e-07,1.34535000000002e-09,1.33815745524746e-09,9.59547209553794e-14,-8.4935268030875e-14,-1.02627457356789e-13,NaN
-2256.22152,-0.27972,-3.13857e-07,1.34054999999999e-09,1.3379369006669e-09,-3.67241137240765e-13,-1.22292676002722e-13,-1.05111169083692e-13,NaN
-2246.13902,-0.27847,-3.125249e-07,1.3368e-09,1.33742297297297e-09,-5.56549666550139e-13,-1.43674675915271e-13,-1.13843295475765e-13,NaN
-2236.05652,-0.27722,-3.111834e-07,1.33735000000003e-09,1.3368238013338e-09,-3.38541593541251e-13,-1.4195025617036e-13,-1.19329616340868e-13,NaN
-2225.97402,-0.27597,-3.098502e-07,1.33035e-09,1.33674588978589e-09,2.93260793261918e-13,-1.2900722551244e-13,-1.23001758068872e-13,NaN
-2215.89152,-0.27472,-3.085227e-07,1.33279999999999e-09,1.33741032292033e-09,5.84020709020997e-13,-1.05258026565486e-13,-1.28731505656399e-13,NaN
-2205.80902,-0.27347,-3.071846e-07,1.3401e-09,1.33791393120393e-09,1.10370305370377e-13,-9.43139572494884e-14,-1.36849527784442e-13,NaN
-2195.72652,-0.27222,-3.058425e-07,1.34379999999998e-09,1.33763106353107e-09,-4.0718673218721e-13,-1.27810030899379e-13,-1.43581724581512e-13,NaN
-2185.56336,-0.27096,-3.04497e-07,1.33760000000001e-09,1.33709955773956e-09,-4.64461214461852e-13,-1.76960661110881e-13,-1.42242046945869e-13,NaN
-2175.48086,-0.26971,-3.031673e-07,1.33250000000002e-09,1.33670214110214e-09,-3.36060021059653e-13,-1.88452988041227e-13,-1.34695098424657e-13,NaN
-2165.39836,-0.26846,-3.01832e-07,1.33314999999999e-09,1.33642743769744e-09,-2.49564759564342e-13,-1.48932882055044e-13,-1.3016516762163e-13,NaN
-2155.31586,-0.26721,-3.00501e-07,1.33149999999999e-09,1.33620301158301e-09,-1.09434889435915e-13,-8.73241725189291e-14,-1.26919082934946e-13,NaN
-2145.23336,-0.26596,-2.99169e-07,1.3337e-09,1.33620856791857e-09,-4.26763776778473e-14,-5.42279753592574e-14,-1.16443164851512e-13,NaN
-2135.15086,-0.26471,-2.978336e-07,1.34150000000003e-09,1.33611765882766e-09,-1.02009477009567e-13,-8.58419596539089e-14,-9.92948774861288e-14,NaN
-2124.9877,-0.26345,-2.96486e-07,1.3438e-09,1.33600454896455e-09,-7.31010881006091e-14,-1.33858921266779e-13,-8.05270222070742e-14,NaN
-2114.9052,-0.2622,-2.95146e-07,1.33959999999999e-09,1.33597145665146e-09,-2.09018954019176e-13,-1.16567264759612e-13,-6.23591430703307e-14,NaN
-2104.8227,-0.26095,-2.938068e-07,1.33350000000002e-09,1.33558651105651e-09,-2.55103545103937e-13,-4.98773059284655e-14,-4.3899242648364e-14,NaN
-2094.7402,-0.2597,-2.92479e-07,1.32939999999999e-09,1.33546124956125e-09,2.29921024921926e-13,5.77685189964472e-15,-2.50209715415967e-14,NaN
-2084.6577,-0.25845,-2.91148e-07,1.33109999999997e-09,1.33604635310635e-09,4.48983853984131e-13,2.9683606860778e-14,-1.11739582866658e-14,NaN
-2074.5752,-0.2572,-2.898168e-07,1.34075000000001e-09,1.33635921726922e-09,1.8081607581498e-13,1.58330905552817e-14,-1.14376827588005e-14,NaN
-2064.41204,-0.25594,-2.884665e-07,1.34350000000003e-09,1.33640798525798e-09,4.06721656728069e-14,-2.61816084306314e-14,-2.75752048624627e-14,NaN
-2054.32954,-0.25469,-2.871298e-07,1.33514999999999e-09,1.33644056160056e-09,-2.9442260442205e-13,-7.67000774862151e-14,-4.8678318482577e-14,NaN
-2044.24704,-0.25344,-2.857962e-07,1.33289999999998e-09,1.33581914004914e-09,-5.41721656722196e-13,-1.09756851649586e-13,-6.60944419392917e-14,NaN
-2034.16454,-0.25219,-2.84464e-07,1.3354e-09,1.33535711828712e-09,-1.25486135486157e-13,-1.00093202124943e-13,-8.33583190783713e-14,NaN
-2024.08204,-0.25094,-2.831254e-07,1.33549999999999e-09,1.33556816777817e-09,1.98143208142609e-13,-6.77374917829653e-14,-1.00552285481401e-13,NaN
-2013.99954,-0.24969,-2.81793e-07,1.33390000000001e-09,1.3357534047034e-09,2.91207441205717e-14,-5.97308920812728e-14,-1.10280314767366e-13,NaN
-2003.91704,-0.24844,-2.804576e-07,1.33405e-09,1.33562640926641e-09,-1.06128466127185e-13,-9.83461360299624e-14,-1.11192211955964e-13,NaN
-1993.75388,-0.24718,-2.791249e-07,1.33429999999998e-09,1.33554114777115e-09,-2.58215163214488e-13,-1.52842508471832e-13,-1.05425090864897e-13,NaN
-1983.67138,-0.24593,-2.77789e-07,1.33549999999999e-09,1.33510997893998e-09,-4.73330993331984e-13,-1.45882033819242e-13,-9.43741155935618e-14,NaN
-1973.58888,-0.24468,-2.764539e-07,1.33705000000003e-09,1.33459448578449e-09,-2.84043524044831e-13,-8.04020606324127e-14,-7.99274668922439e-14,NaN
-1963.50638,-0.24343,-2.751149e-07,1.33565000000001e-09,1.33454189189189e-09,1.03831168831363e-13,-3.13576507691688e-14,-6.13966569068568e-14,NaN
-1953.42388,-0.24218,-2.737826e-07,1.3344e-09,1.33480214812215e-09,3.63652158653449e-13,-2.71887178221417e-15,-3.79840352180479e-14,NaN
-1943.34138,-0.24093,-2.724461e-07,1.33970000000001e-09,1.3352691962092e-09,4.22337662338026e-13,2.938679011032e-15,-1.64373023720245e-14,NaN
-1933.17822,-0.23967,-2.711032e-07,1.34075000000001e-09,1.33564682344682e-09,1.73043173053567e-15,-2.12981711837215e-14,-4.2396794469282e-15,NaN
-1923.09572,-0.23842,-2.697646e-07,1.33479999999999e-09,1.33527265707266e-09,-4.83980343980193e-13,-2.71502449027481e-14,5.24272865933127e-15,NaN
-1913.01322,-0.23717,-2.684336e-07,1.32849999999996e-09,1.33467886275886e-09,-2.98090558091274e-13,1.71499643548561e-15,1.95120208948265e-14,NaN
-1902.93072,-0.23592,-2.671076e-07,1.33005000000002e-09,1.33467647595648e-09,1.65249210248944e-13,3.37654144975761e-14,3.30741520723191e-14,NaN
-1892.84822,-0.23467,-2.657735e-07,1.33190000000001e-09,1.33500936117936e-09,4.02827307828005e-13,6.36032957084912e-14,4.17760352218392e-14,NaN
-1882.76572,-0.23342,-2.644438e-07,1.33224999999998e-09,1.33548213057213e-09,1.93252018252223e-13,8.40764514105526e-14,4.61017852674887e-14,NaN
-1872.68322,-0.23217,-2.63109e-07,1.34015000000003e-09,1.33539586521587e-09,-2.21769041769733e-13,6.30542062038875e-14,4.73565251290032e-14,NaN
-1862.52006,-0.23091,-2.617635e-07,1.3388e-09,1.33503859248859e-09,-1.63434538435003e-13,2.10351314746439e-14,4.9873437763155e-14,NaN
-1852.43756,-0.22966,-2.604314e-07,1.3303e-09,1.335068996139e-09,6.38416988415615e-14,1.06073516613895e-14,5.70874059887778e-14,NaN
-1842.35506,-0.22841,-2.591029e-07,1.33565000000001e-09,1.33516627588628e-09,7.46823446822655e-14,4.54303087597649e-14,6.69607491702843e-14,NaN
-1832.27256,-0.22716,-2.577601e-07,1.33869999999998e-09,1.33521836082836e-09,1.30208845209215e-13,9.99734495027543e-14,7.60019911863909e-14,NaN
-1822.19006,-0.22591,-2.564255e-07,1.33259999999998e-09,1.33542669357669e-09,2.35993330993166e-13,1.28416648776333e-13,8.68441878870587e-14,NaN
-1812.10756,-0.22466,-2.550949e-07,1.34089999999999e-09,1.33569034749035e-09,1.99536679536111e-13,1.1653429723243e-13,9.83703075203067e-14,NaN
-1801.9444,-0.2234,-2.537437e-07,1.34190000000002e-09,1.33582576693577e-09,1.08250263250719e-13,8.44706159695872e-14,1.00597387610789e-13,NaN
-1791.8619,-0.22215,-2.524111e-07,1.33285000000001e-09,1.33590684801685e-09,3.56791856850652e-15,5.68665370218374e-14,9.08755526962094e-14,NaN
-1781.7794,-0.2209,-2.51078e-07,1.33305e-09,1.3358329027729e-09,-1.54087399087279e-13,6.56524533135277e-14,7.44643467032795e-14,NaN
-1771.6969,-0.21965,-2.49745e-07,1.33159999999998e-09,1.33559867321867e-09,-3.49736749735834e-14,7.78285447622723e-14,5.39049673082742e-14,NaN
-1761.6144,-0.2184,-2.484148e-07,1.33e-09,1.33576295542296e-09,2.85580905581477e-13,5.00411028410972e-14,3.03182024355913e-14,NaN
-1751.5319,-0.21715,-2.47085e-07,1.34200000000001e-09,1.33616983502984e-09,2.65668655669672e-13,1.71863736134098e-14,7.06674123517422e-15,NaN
-1741.36874,-0.21589,-2.457308e-07,1.34410000000001e-09,1.3362942927343e-09,1.1198666198097e-14,-1.75563341792587e-14,-1.42939200543068e-14,NaN
-1731.28624,-0.21464,-2.443968e-07,1.33109999999999e-09,1.33619223236223e-09,-8.73008073015127e-14,-6.17786876808061e-14,-3.28901278432294e-14,NaN
-1721.20374,-0.21339,-2.430686e-07,1.33184999999999e-09,1.33611969111969e-09,-1.3436819936833e-13,-7.10153169943267e-14,-4.29680413884291e-14,NaN
-1711.12124,-0.21214,-2.417331e-07,1.3323e-09,1.3359234959635e-09,-3.11244296245422e-13,-4.28676935214976e-14,-4.59279218050227e-14,NaN
-1701.03874,-0.21089,-2.40404e-07,1.3381e-09,1.3354972025272e-09,-1.8144436644419e-13,-2.26889615954976e-14,-4.78730292531718e-14,NaN
-1690.93212266,-0.20963701,-2.390569e-07,1.34335000000001e-09,1.33556060723061e-09,1.42393822394743e-13,-2.07123236005649e-14,-4.636916957454e-14,NaN
-1680.8338133,-0.20838505,-2.377173e-07,1.33795e-09,1.33578199017199e-09,1.53369603371615e-14,-3.46226734753001e-14,-4.08878111356141e-14,NaN
-1670.74332796,-0.20713406,-2.36381e-07,1.33700000000001e-09,1.33559128115128e-09,-1.52586872586237e-13,-6.31249564693091e-14,-3.61833817580801e-14,NaN
-1660.64445398,-0.20588203,-2.350433e-07,1.33650000000001e-09,1.33547681642682e-09,-8.81309231304516e-14,-6.07219092722657e-14,-3.22027874296121e-14,NaN
-1650.55372666,-0.20463101,-2.33708e-07,1.33214999999999e-09,1.33541501930502e-09,-1.06991926992557e-13,-2.58473554666004e-14,-2.45017511274048e-14,NaN
-1640.45509466,-0.20337901,-2.32379e-07,1.3293e-09,1.33526283257283e-09,1.10888030886881e-13,-8.81598941352819e-16,-1.52662290137765e-14,NaN
-1630.36468998,-0.20212803,-2.310494e-07,1.3319e-09,1.3356367953668e-09,3.85830115829553e-13,5.97971610397947e-15,-1.15853517859938e-14,NaN
-1620.265816,-0.200876,-2.297152e-07,1.33429999999999e-09,1.33603449280449e-09,9.47455247462058e-14,-3.59883907126088e-15,-1.54680284785724e-14,NaN
-1610.17533066,-0.19962501,-2.283808e-07,1.33685000000001e-09,1.33582628641629e-09,-3.00694980694621e-13,-2.37308635102824e-14,-2.80597165116065e-14,NaN
-1600.07685998,-0.19837303,-2.270415e-07,1.3401e-09,1.3354331028431e-09,-2.60873990874732e-13,-6.03281193508579e-14,-4.93710850468588e-14,NaN
-1589.97806666,-0.19712101,-2.257006e-07,1.33755e-09,1.33530453843454e-09,-9.74991224994668e-14,-9.90786934986359e-14,-7.59120813012444e-14,NaN
-1579.88742,-0.19587,-2.243664e-07,1.33449999999999e-09,1.3352381045981e-09,5.91365391365903e-14,-1.06515586584363e-13,-1.06818109040437e-13,NaN
-1569.78894932,-0.19461802,-2.230316e-07,1.33574999999999e-09,1.33542281151281e-09,1.35756405756924e-13,-1.14679571905877e-13,-1.41567512114703e-13,NaN
-1559.69846398,-0.19336703,-2.216949e-07,1.33344999999999e-09,1.33550961740962e-09,-2.21512811512074e-13,-1.57565338675206e-13,-1.74435830145685e-13,NaN
-1549.59959,-0.192115,-2.203647e-07,1.33175000000001e-09,1.33497978588979e-09,-4.16993681994233e-13,-2.05033794254056e-13,-1.99177464613277e-13,NaN
-1539.509024,-0.190864,-2.190314e-07,1.33450000000002e-09,1.33467563004563e-09,-2.85977535978558e-13,-2.40774587436801e-13,-2.1761988002824e-13,NaN
-1529.41071464,-0.18961204,-2.176957e-07,1.3396e-09,1.33440783081783e-09,-2.86453141453204e-13,-2.53487135705145e-13,-2.31685410972719e-13,NaN
-1519.3121633,-0.18836005,-2.163522e-07,1.33699999999999e-09,1.33410272376272e-09,-2.04103194102745e-13,-2.29291707338487e-13,-2.34955089414764e-13,NaN
-1509.22127466,-0.18710901,-2.150217e-07,1.33285e-09,1.33399962442962e-09,-1.47127062126689e-13,-2.02068128146927e-13,-2.22388993638488e-13,NaN
-1499.12272332,-0.18585702,-2.136865e-07,1.33285e-09,1.33380846963847e-09,-1.87081432081247e-13,-1.93860056079686e-13,-1.95815460234616e-13,NaN
-1489.03215732,-0.18460602,-2.12356e-07,1.33524999999999e-09,1.33362546156546e-09,-1.28476658476561e-13,-1.76454185045195e-13,-1.61767386155489e-13,NaN
-1478.93368664,-0.18335404,-2.11016e-07,1.3378e-09,1.33355151632152e-09,-2.42785187785291e-13,-1.38646534499761e-13,-1.27128981658673e-13,NaN
-1468.84303998,-0.18210303,-2.096804e-07,1.3339e-09,1.33313989118989e-09,-3.60496665496854e-13,-8.86270699870397e-14,-9.23277905763009e-14,NaN
-1458.744166,-0.180851,-2.083482e-07,1.32920000000001e-09,1.33283052299052e-09,-6.43594243592028e-14,-4.04169262260101e-14,-5.51865532572039e-14,NaN
-1448.64577598,-0.17959903,-2.07022e-07,1.32975000000001e-09,1.33301117234117e-09,1.41260091259932e-13,-1.76349340470663e-14,-1.98911418272973e-14,NaN
-1438.55504866,-0.17834801,-2.056887e-07,1.33464999999999e-09,1.33311304317304e-09,7.30501930499147e-14,1.82973763561726e-15,6.25009415955356e-15,NaN
-1428.45641666,-0.17709601,-2.043527e-07,1.33910000000002e-09,1.33315727272727e-09,1.20800280800151e-13,3.27305216893082e-14,2.21472861695685e-14,NaN
-1418.36577,-0.175845,-2.030105e-07,1.33065e-09,1.33335464373464e-09,1.74884169884402e-13,4.35683890162134e-14,3.45623699231829e-14,NaN
-1408.26729932,-0.17459302,-2.016914e-07,1.32419999999999e-09,1.33350704106704e-09,1.35823095823586e-13,3.63762225776076e-14,4.87798779085514e-14,NaN
-1398.17665266,-0.17334201,-2.003621e-07,1.32820000000001e-09,1.33362628992629e-09,1.17541242541082e-13,3.89007498602637e-14,6.05613813012324e-14,NaN
-1388.07794,-0.17209,-1.99035e-07,1.33399999999999e-09,1.33374212355212e-09,1.85837135833625e-14,5.89621628736202e-14,6.40404252149041e-14,NaN
-1377.98769664,-0.17083904,-1.976941e-07,1.33649999999998e-09,1.33366345735346e-09,-1.34034749034708e-13,8.82222646900686e-14,6.22345815868647e-14,NaN
-1367.888742,-0.169587,-1.96362e-07,1.33100000000001e-09,1.33347405405405e-09,-1.42279747279246e-13,8.62477976420155e-14,6.04332451301084e-14,NaN
-1357.79019066,-0.16833501,-1.950321e-07,1.32865000000001e-09,1.3333788978589e-09,7.40452790451484e-14,4.44425640534936e-14,5.7584072349426e-14,NaN
-1347.6999473,-0.16708405,-1.937047e-07,1.33484999999999e-09,1.33362214461214e-09,1.96060021059796e-13,2.41574454012783e-14,4.96340960189624e-14,NaN
-1337.600912,-0.165832,-1.923624e-07,1.33789999999999e-09,1.33377101790102e-09,1.47946647949222e-14,3.42301049983455e-14,3.57232818904817e-14,NaN
-1327.510346,-0.164581,-1.910289e-07,1.33745e-09,1.33365173394173e-09,-1.60001755001527e-13,3.57455682333531e-14,2.26106950790036e-14,NaN
-1317.41179466,-0.16332901,-1.896875e-07,1.3384e-09,1.33345101439102e-09,-1.7797472797573e-14,2.57689483678849e-14,1.93602119532147e-14,NaN
-1307.32122866,-0.16207801,-1.883521e-07,1.33720000000001e-09,1.33361613899614e-09,2.93039663039192e-13,1.15194035266867e-14,2.25478832849769e-14,NaN
-1297.22267732,-0.16082602,-1.870131e-07,1.34235000000001e-09,1.33403709371709e-09,2.78922428921953e-13,3.68201031991843e-15,2.06049551702518e-14,NaN
-1287.123884,-0.159574,-1.856674e-07,1.33769999999999e-09,1.33417398385398e-09,-3.01368901369928e-14,1.67748994245193e-14,1.16135278215202e-14,NaN
-1277.03323734,-0.15832299,-1.843377e-07,1.32719999999999e-09,1.33397681993682e-09,-2.54441909441292e-13,2.36576238848688e-14,1.11898041086638e-15,NaN
-1266.93484732,-0.15707102,-1.83013e-07,1.32925000000001e-09,1.3336651000351e-09,-1.28908388907851e-13,-3.24713304766673e-15,-1.04110190690093e-14,NaN
-1256.84428132,-0.15582002,-1.816792e-07,1.3325e-09,1.333719003159e-09,1.45142155142682e-13,-3.92972678081421e-14,-2.94223406770131e-14,NaN
-1246.745488,-0.154568,-1.80348e-07,1.33300000000002e-09,1.33395538434539e-09,5.60881010886712e-14,-6.13892574385543e-14,-5.82481590658351e-14,NaN
-1236.65508332,-0.15331702,-1.790132e-07,1.3325e-09,1.33383117936118e-09,-2.1704808704838e-13,-7.44512357931674e-14,-8.7863222489037e-14,NaN
-1226.55653198,-0.15206503,-1.77683e-07,1.33009999999999e-09,1.33352128817129e-09,-2.56512811513202e-13,-1.00413585469183e-13,-1.0668779090929e-13,NaN
-1216.46588532,-0.15081402,-1.76353e-07,1.3309e-09,1.33331815373815e-09,-1.03155493155695e-13,-1.404545597975e-13,-1.12011917967365e-13,NaN
-1206.36725332,-0.14956202,-1.750212e-07,1.3329e-09,1.33331497718498e-09,6.78659178653357e-14,-1.4264562125626e-13,-1.1118553254325e-13,NaN
-1196.26862132,-0.14831002,-1.736872e-07,1.33334999999999e-09,1.33345388557389e-09,4.18848718847706e-14,-9.9641711142201e-14,-1.10380345779225e-13,NaN
-1186.177894,-0.147059,-1.723545e-07,1.33375e-09,1.33339874692875e-09,-2.4471568971509e-13,-7.31718555779369e-14,-1.07410244954984e-13,NaN
-1176.07934266,-0.14580701,-1.710197e-07,1.33175000000002e-09,1.33296445419446e-09,-3.42041067041287e-13,-8.1972241598085e-14,-9.94576722814934e-14,NaN
-1165.98893798,-0.14455603,-1.69691e-07,1.33235e-09,1.33271466479466e-09,-1.32084942085323e-13,-1.04776319031148e-13,-9.08356087337358e-14,NaN
-1155.890064,-0.143304,-1.68355e-07,1.33499999999999e-09,1.33270028431028e-09,-9.48315198316265e-14,-1.14049182619123e-13,-8.99446789248462e-14,NaN
-1145.79957866,-0.14205301,-1.67021e-07,1.3376e-09,1.332525001755e-09,-9.33731133733733e-14,-9.73863221853715e-14,-9.61394667077607e-14,NaN
-1135.700866,-0.140801,-1.656798e-07,1.33209999999999e-09,1.33251353808354e-09,-1.24587574585852e-14,-8.49751477064403e-14,-1.00190489658563e-13,NaN
-1125.602234,-0.139549,-1.643568e-07,1.32880000000001e-09,1.33250008424008e-09,1.08060723061274e-13,-9.15525064511101e-14,-9.86192136898031e-14,NaN
-1115.51174866,-0.13829801,-1.630222e-07,1.33140000000001e-09,1.33272965952966e-09,2.1734468234495e-13,-1.04596970358605e-13,-9.70118314122534e-14,NaN
-1105.413036,-0.137046,-1.61694e-07,1.3339e-09,1.33293477360477e-09,-1.52958932959444e-13,-1.11553317113965e-13,-1.03482374918664e-13,NaN
-1095.32255066,-0.13579501,-1.603544e-07,1.33665e-09,1.33242374166374e-09,-5.14634959635448e-13,-1.10354290047057e-13,-1.17355801526948e-13,NaN
-1085.22375734,-0.13454299,-1.590207e-07,1.33319999999999e-09,1.3319055036855e-09,-2.80519480519681e-13,-1.15382506046184e-13,-1.31420742055995e-13,NaN
-1075.13343332,-0.13329202,-1.57688e-07,1.3346e-09,1.3318627027027e-09,-1.94787644784992e-14,-1.41266804328281e-13,-1.42699763114832e-13,NaN
-1065.03464,-0.13204,-1.563515e-07,1.33549999999999e-09,1.33186654615655e-09,-3.21849771845622e-14,-1.69927775280847e-13,-1.53549441758681e-13,NaN
-1054.93608866,-0.13078801,-1.55017e-07,1.33175000000001e-09,1.33179833274833e-09,-1.31339066338962e-13,-1.70095286440564e-13,-1.64733654952337e-13,NaN
-1044.84552266,-0.12953701,-1.53688e-07,1.33050000000001e-09,1.33160386802387e-09,-1.96344331344326e-13,-1.61054479523072e-13,-1.69349948197125e-13,NaN
-1034.74689066,-0.12828501,-1.52356e-07,1.33e-09,1.33140564408564e-09,-1.59062829063034e-13,-1.5968691262106e-13,-1.62605937951521e-13,NaN
-1024.656244,-0.127034,-1.51028e-07,1.3285e-09,1.33128574236574e-09,-1.74478764479622e-13,-1.59695538463255e-13,-1.4708866492168e-13,NaN
-1014.55785398,-0.12578203,-1.49699e-07,1.32589999999999e-09,1.33105668655669e-09,-2.16405756406147e-13,-1.39916411085141e-13,-1.28218452941991e-13,NaN
-1004.467046,-0.124531,-1.483762e-07,1.32990000000001e-09,1.33085293085293e-09,-2.2403299403243e-13,-9.37780345609402e-14,-1.09106000412172e-13,NaN
-994.368414,-0.123279,-1.470392e-07,1.33060000000001e-09,1.33060862056862e-09,-1.43578448578388e-13,-6.69496159018584e-14,-8.56499518678329e-14,NaN
-984.27808998,-0.12202803,-1.45715e-07,1.32809999999999e-09,1.33056577395577e-09,4.29764829762772e-14,-5.86452688789988e-14,-5.43866098857253e-14,NaN
-974.17945798,-0.12077603,-1.44383e-07,1.332e-09,1.33069457353457e-09,1.69110214110093e-13,-3.50976799898211e-14,-1.74070134771574e-14,NaN
-964.08066466,-0.11952401,-1.43051e-07,1.33025000000001e-09,1.33090399438399e-09,1.54587574587247e-13,6.31470572135759e-15,2.12119361381189e-14,NaN
-953.99009866,-0.11827301,-1.417225e-07,1.33e-09,1.33100374868375e-09,-2.10810810809294e-14,6.05060388928025e-14,6.09499603180444e-14,NaN
-943.891386,-0.117021,-1.40391e-07,1.33124999999999e-09,1.33086183222183e-09,-1.1594594594506e-13,1.12843347820569e-13,1.01853569825822e-13,NaN
-933.80090066,-0.11577001,-1.3906e-07,1.329e-09,1.33077185679186e-09,-7.33590732976242e-16,1.48291303556225e-13,1.3757545972848e-13,NaN
-923.702188,-0.114518,-1.37733e-07,1.33549999999999e-09,1.33086036504037e-09,1.96298701298747e-13,1.71300787335564e-13,1.6434931312424e-13,NaN
-913.61170266,-0.11326701,-1.36389e-07,1.3381e-09,1.33116445419445e-09,2.37116532116195e-13,1.84716323099871e-13,1.81629178540046e-13,NaN
-903.51331264,-0.11201504,-1.350568e-07,1.33065e-09,1.3313345981046e-09,2.33762723762456e-13,1.7916370638019e-13,1.88621183229769e-13,NaN
-893.41468064,-0.11076304,-1.337277e-07,1.32975000000001e-09,1.33163197964198e-09,3.37393822393728e-13,1.72788741506069e-13,1.8760479917289e-13,NaN
-883.323792,-0.109512,-1.323973e-07,1.33065e-09,1.33200938574939e-09,2.48469638469632e-13,1.79944541370944e-13,1.77202108521272e-13,NaN
-873.22540198,-0.10826003,-1.310664e-07,1.33064999999999e-09,1.33212891891892e-09,1.95803790803998e-13,1.68496171181819e-13,1.54205419285402e-13,NaN
-863.1349973,-0.10700905,-1.29736e-07,1.3308e-09,1.33240099333099e-09,2.23260793261214e-13,1.34187037576655e-13,1.15709258914074e-13,NaN
-853.035962,-0.105757,-1.284048e-07,1.33065e-09,1.33257544050544e-09,6.28132678134101e-14,9.10316757450607e-14,6.87776530190193e-14,NaN
-842.945396,-0.104506,-1.270747e-07,1.33415000000001e-09,1.33252661986662e-09,-8.72744822747959e-14,2.68195737141966e-14,3.16790013298034e-14,NaN
-832.84692532,-0.10325402,-1.257365e-07,1.33525e-09,1.33240089154089e-09,-6.88996138994301e-14,-3.16110584501617e-14,9.57583931973245e-15,NaN
-822.756198,-0.102003,-1.244042e-07,1.3354e-09,1.33238882063882e-09,-1.13724113677484e-15,-6.36922459558102e-14,-2.43404391436386e-15,NaN
-812.65772732,-0.10075102,-1.230657e-07,1.3318e-09,1.33239861705862e-09,-1.40505440504734e-14,-2.85635855666325e-14,-1.4808128355135e-14,NaN
-802.55909532,-0.09949902,-1.217406e-07,1.33074999999999e-09,1.33236071955072e-09,7.11635661634718e-14,4.2474113752805e-14,-3.42467790784653e-14,NaN
-792.46844866,-0.09824801,-1.204042e-07,1.33270000000001e-09,1.33254094419095e-09,-1.03106704106427e-13,1.64036092680865e-14,-5.69145798456561e-14,NaN
-782.36981666,-0.09699601,-1.190752e-07,1.33060000000001e-09,1.33215450614251e-09,-5.10734292734311e-13,-7.63677867506163e-14,-8.33895486789084e-14,NaN
-772.27925066,-0.09574501,-1.17743e-07,1.3325e-09,1.33151947560548e-09,-3.51678483678822e-13,-1.58781863264591e-13,-1.12241163577234e-13,NaN
-762.180538,-0.094493,-1.164102e-07,1.33379999999999e-09,1.33145114917515e-09,2.12974727973445e-14,-1.84492098992523e-13,-1.3829384489964e-13,NaN
-752.089972,-0.093242,-1.150754e-07,1.3328e-09,1.33156207055107e-09,2.31659529659065e-13,-1.46861042414896e-13,-1.43257476008912e-13,NaN
-741.99150132,-0.09199002,-1.137446e-07,1.33165000000001e-09,1.33191446823447e-09,5.16103896103622e-13,-9.41525906041016e-14,-1.05005755214828e-13,NaN
-731.892708,-0.090738,-1.124121e-07,1.3323e-09,1.33259427834328e-09,4.86240435240483e-13,-2.17477780783522e-14,-2.45133290105929e-14,NaN
-721.80222266,-0.08948701,-1.1108e-07,1.33145e-09,1.33288694910495e-09,3.15707616707545e-13,7.4231823741067e-14,8.87587667263881e-14,NaN
-711.70399396,-0.08823506,-1.097492e-07,1.33145e-09,1.33322569357669e-09,-5.06186205685945e-13,2.03106989645842e-13,2.21274944685907e-13,NaN
-701.61302466,-0.08698401,-1.084171e-07,1.33475e-09,1.33187457669358e-09,-1.36288487188452e-12,3.57685282689509e-13,3.62589465128374e-13,NaN
-691.51463464,-0.08573204,-1.070797e-07,1.3301e-09,1.33049992383292e-09,-3.18759564759598e-13,5.21900600005185e-13,5.09586251974589e-13,NaN
-681.42422996,-0.08448106,-1.057569e-07,1.33124999999999e-09,1.33123705756406e-09,1.02547156897119e-12,6.78502802093508e-13,6.52862768667966e-13,NaN
-671.325114,-0.083229,-1.044172e-07,1.33465e-09,1.33255086697087e-09,1.52922569322559e-12,7.94750968119545e-13,7.83431364733245e-13,NaN
-661.226482,-0.081977,-1.030876e-07,1.33315e-09,1.33429550895051e-09,1.44223639873685e-12,8.92369073943114e-13,8.96668141116169e-13,NaN
-651.13599666,-0.08072601,-1.017509e-07,1.3338e-09,1.33543533976834e-09,1.20718760968764e-12,9.89042293649043e-13,9.99295361119979e-13,NaN
-641.037284,-0.079474,-1.0042e-07,1.334e-09,1.33670988416988e-09,1.34723359073341e-12,1.06539535863711e-12,1.09417571033423e-12,NaN
-630.94679866,-0.07822301,-9.90829e-08,1.33205e-09,1.33812980694981e-09,1.33373288873267e-12,1.12931214097479e-12,1.1623306560937e-12,NaN
-620.84832798,-0.07697103,-9.77559e-08,1.3299e-09,1.33937734994735e-09,1.33920709020702e-12,1.18844590779372e-12,1.18582425726437e-12,NaN
-610.75752,-0.07572,-9.64231e-08,1.34201999999999e-09,1.34080822113022e-09,1.18995489645496e-12,1.2270697725359e-12,1.15383337686351e-12,NaN
-600.65921064,-0.07446804,-9.507186e-08,1.35077e-09,1.34175725974026e-09,9.19461916461681e-13,1.15415076360074e-12,1.0660417831722e-12,NaN
-590.56856398,-0.07321703,-9.372156e-08,1.34194500000001e-09,1.34264714496314e-09,8.66141979641924e-13,9.33399625373982e-13,9.33147370975549e-13,NaN
-580.4700933,-0.07196505,-9.238797e-08,1.3362e-09,1.34348954369954e-09,6.75685152685393e-13,7.02151537430897e-13,7.62483373841973e-13,NaN
-570.37218724,-0.07071314,-9.104916e-08,1.33764000000001e-09,1.34399851526852e-09,4.24781502281876e-13,5.12914935655872e-13,5.62686801526054e-13,NaN
-560.2808953,-0.06946205,-8.971269e-08,1.33416e-09,1.34433910670411e-09,2.40837135837199e-13,3.46786532923179e-13,3.51022478863989e-13,NaN
-550.18250528,-0.06821008,-8.838084e-08,1.33636e-09,1.34448018954019e-09,3.58667953667927e-14,1.85562554137431e-13,1.52893174576957e-13,NaN
-540.0916973,-0.06695905,-8.703997e-08,1.33374500000001e-09,1.34441084029484e-09,1.73432783432143e-14,-6.37362782552122e-15,-2.42684103822279e-14,NaN
-529.99298464,-0.06570704,-8.571335e-08,1.37912e-09,1.34451487609688e-09,1.07686205685783e-13,-2.0609855949862e-13,-1.93226537701809e-13,NaN
-519.90298326,-0.06445611,-8.428173e-08,1.39275999999999e-09,1.34462621270621e-09,-1.92166549666323e-13,-3.75476057622322e-13,-3.54240777107552e-13,NaN
-509.8038673,-0.06320405,-8.292783e-08,1.352335e-09,1.34413054299754e-09,-6.00512460512193e-13,-5.05806934890297e-13,-4.95964842062087e-13,NaN
-499.70507398,-0.06195203,-8.157706e-08,1.33917e-09,1.34342518778519e-09,-7.33570902071206e-13,-6.28846187664609e-13,-6.1396914168328e-13,NaN
-489.61362072,-0.06070092,-8.024949e-08,1.330225e-09,1.3426634011934e-09,-8.46707967707892e-13,-7.3584980024883e-13,-7.2283477775605e-13,NaN
-479.5148274,-0.0594489,-7.891661e-08,1.34429499999999e-09,1.34173177184977e-09,-9.74321165321045e-13,-8.14314358564985e-13,-8.37919921527973e-13,NaN
-469.42611658,-0.05819813,-7.75609e-08,1.342005e-09,1.34071475886276e-09,-9.557630747632e-13,-8.87878652500662e-13,-9.58238909647348e-13,NaN
-459.3256294,-0.0569459,-7.62326e-08,1.3336e-09,1.33982024570025e-09,-1.00294348894356e-12,-1.01446769052675e-12,-1.06842011298871e-12,NaN
-449.23490208,-0.05569488,-7.48937e-08,1.33315e-09,1.33870887188487e-09,-1.24952685152657e-12,-1.19366873696444e-12,-1.15050393493508e-12,NaN
-439.13820592,-0.05444312,-7.35663e-08,1.326555e-09,1.33732119199719e-09,-1.14535380835413e-12,-1.28639677675195e-12,-1.19872488856636e-12,NaN
-429.04054184,-0.05319124,-7.224059e-08,1.33109e-09,1.33641816426816e-09,-7.88626535627028e-13,-1.25284489255475e-12,-1.20604670890061e-12,NaN
-418.9500565,-0.05194025,-7.090412e-08,1.330345e-09,1.33574393892594e-09,-9.32002632502437e-13,-1.1464610508944e-12,-1.16296916717877e-12,NaN
-408.8518278,-0.0506883,-6.95799e-08,1.32891e-09,1.33455415900316e-09,-1.16420007019994e-12,-1.02793686141658e-12,-1.06573222760653e-12,NaN
-398.75868068,-0.04943698,-6.82463e-08,1.332175e-09,1.33341553878554e-09,-1.07088767988754e-12,-9.21183460505407e-13,-9.27070600427085e-13,NaN
-388.66029066,-0.04818501,-6.691555e-08,1.33155e-09,1.33241238364338e-09,-1.23181888381887e-12,-7.85342615240597e-13,-7.74041614711618e-13,NaN
-378.5704506,-0.0469341,-6.55832e-08,1.333575e-09,1.3309519010179e-09,-1.40500105300119e-12,-6.29786841009438e-13,-6.21758374905474e-13,NaN
-368.47093134,-0.04568199,-6.42484e-08,1.33475999999999e-09,1.32960238153738e-09,-1.38292014741975e-12,-4.7058675847446e-13,-4.74207679440979e-13,NaN
-358.38101062,-0.04443107,-6.291368e-08,1.32677e-09,1.32818606072306e-09,-4.05190944190768e-13,-3.15940938884042e-13,-3.29191965369503e-13,NaN
-348.28334654,-0.04317919,-6.159486e-08,1.32509500000001e-09,1.328791999649e-09,1.16806230256223e-12,-1.78571626044954e-13,-1.89214261422208e-13,NaN
-338.1851985,-0.04192725,-6.026349e-08,1.33013e-09,1.33052218532819e-09,1.01816321516298e-12,-6.74840944287869e-14,-6.67797723240319e-14,NaN
-328.0942292,-0.0406762,-5.89346e-08,1.33229499999999e-09,1.33082832607933e-09,1.81747806247773e-13,2.5394428067397e-14,3.55973974215268e-14,NaN
-317.99753304,-0.03942444,-5.75989e-08,1.3344e-09,1.33088568094068e-09,-5.74054054049589e-14,1.20833342531913e-13,1.21591669533779e-13,NaN
-307.903418,-0.038173,-5.62658e-08,1.33487e-09,1.33071351526852e-09,7.76370656366402e-14,1.89679623655093e-13,1.90026618473857e-13,NaN
-297.8055926,-0.0369211,-5.492916e-08,1.33555e-09,1.33104095507195e-09,3.48334152333878e-13,2.15604265463211e-13,2.27518670722876e-13,NaN
-287.71534924,-0.03567014,-5.35947e-08,1.33043e-09,1.33141018357318e-09,1.92437170937241e-13,2.36052949475812e-13,2.19227661008685e-13,NaN
-277.61607196,-0.03441806,-5.22683e-08,1.33004e-09,1.33142582941383e-09,4.77658827659977e-15,2.32869934576691e-13,1.73793481964285e-13,NaN
-267.51623006,-0.03316591,-5.093462e-08,1.33025e-09,1.33141973674974e-09,-1.53258160757693e-13,1.55569886074601e-13,1.08004637549323e-13,NaN
-257.4288098,-0.0319153,-4.96078e-08,1.32828e-09,1.33111931309231e-09,-1.52117234117286e-13,2.90362246362417e-15,3.48295373970607e-14,NaN
-247.32791932,-0.03066302,-4.827806e-08,1.33235e-09,1.3311155022815e-09,-6.43946998948751e-14,-1.23330103839399e-13,-3.66671397258732e-14,NaN
-237.2396118,-0.0294123,-4.69431e-08,1.3377e-09,1.33099052369252e-09,-1.67412776412858e-13,-1.26485342149606e-13,-9.99217412436565e-14,NaN
-227.1397699,-0.02816015,-4.560266e-08,1.33079e-09,1.33078067672868e-09,-1.26659705159628e-13,-1.08452935201702e-13,-1.39688818051873e-13,NaN
-217.047994,-0.026909,-4.428152e-08,1.32708e-09,1.33073720428221e-09,-2.03997893994947e-14,-1.2786505602752e-13,-1.47673406189887e-13,NaN
-206.94903936,-0.02565696,-4.29485e-08,1.33226e-09,1.33073987714988e-09,3.95558090557563e-14,-1.40532874929222e-13,-1.32338812506264e-13,NaN
-196.8579894,-0.0244059,-4.1617e-08,1.33027e-09,1.33081631590032e-09,1.40219024218778e-13,-1.29384149230337e-13,-1.13754940988166e-13,NaN
-186.7605673,-0.02315405,-4.028796e-08,1.32685e-09,1.33102031519832e-09,-6.06435591436828e-14,-9.41052298823056e-14,-1.01962105082578e-13,NaN
-176.6607254,-0.0219019,-3.89633e-08,1.329095e-09,1.33069502878203e-09,-4.72196384696164e-13,-7.48073940938033e-14,-8.70599303436628e-14,NaN
-166.57161128,-0.02065108,-3.762977e-08,1.330045e-09,1.33007592242892e-09,-3.96343804843824e-13,-6.70196170642702e-14,-6.84416033569643e-14,NaN
-156.47281796,-0.01939906,-3.630321e-08,1.333785e-09,1.32990234117234e-09,-1.01732888733161e-13,-5.53911174306561e-14,-5.21329942973023e-14,NaN
-146.38168734,-0.01814799,-3.49622e-08,1.330305e-09,1.32987245665146e-09,3.37979992980668e-14,-3.68365599395291e-14,-4.00330356837064e-14,NaN
-136.28289402,-0.01689597,-3.36426e-08,1.326575e-09,1.32996993717094e-09,5.95458055460526e-14,-2.56732982478645e-14,-2.97504529918972e-14,NaN
-126.1917634,-0.0156449,-3.230905e-08,1.329685e-09,1.32999154826255e-09,1.73447525447295e-13,-2.4303420985564e-14,-1.61390207196684e-14,NaN
-116.0931314,-0.0143929,-3.098323e-08,1.329335e-09,1.33031683222183e-09,2.55447174447037e-13,-7.71857998963293e-15,-4.60361932180362e-16,NaN
-105.995306,-0.013141,-2.965038e-08,1.330875e-09,1.33050244261144e-09,4.34122499124717e-14,1.09287988501685e-14,1.41064933956315e-14,NaN
-95.9035301,-0.01188985,-2.832148e-08,1.33183e-09,1.33040365672166e-09,-1.5300228150234e-13,2.95310156830389e-14,2.5728995585454e-14,NaN
-85.80586602,-0.01063797,-2.698672e-08,1.33215e-09,1.33019643804844e-09,-1.60273253773246e-13,4.16666149556073e-14,3.51006606114874e-14,NaN
-75.715542,-0.009387,-2.565718e-08,1.32916e-09,1.33008311021411e-09,5.29601614603486e-14,4.15313007058523e-14,3.85753840233602e-14,NaN
-65.61586142,-0.00813487,-2.43284e-08,1.33096e-09,1.33030235837136e-09,1.78307476307223e-13,3.20485049438832e-14,2.92410237722568e-14,NaN
-55.52731192,-0.00688412,-2.299526e-08,1.3312e-09,1.33043972516673e-09,2.84529659526297e-14,1.66672848281231e-14,9.24558138962497e-15,NaN
-45.42722804,-0.00563194,-2.1666e-08,1.33048e-09,1.33035926430326e-09,-1.19360828360832e-13,-2.01501361259915e-15,-1.32821755496579e-14,NaN
-35.32843472,-0.00437992,-2.03343e-08,1.3287e-09,1.33020100351e-09,3.67148122150901e-14,-3.70575081774833e-14,-3.15535332184782e-14,NaN
-25.2377074,-0.0031289,-1.90086e-08,1.32896e-09,1.33043269392769e-09,7.16869076871905e-14,-7.24626739984436e-14,-4.50898790857465e-14,NaN
-15.1382688,-0.0018768,-1.767638e-08,1.327495e-09,1.33034437732538e-09,-1.6442593892588e-13,-7.4292840200953e-14,-5.66362441463738e-14,NaN
-5.05060656,-0.00062616,-1.635361e-08,1.33158e-09,1.33010384204984e-09,-1.77275359775438e-13,-5.00772468698035e-14,-6.57300919108627e-14,NaN
5.04834808,0.00062588,-1.501322e-08,1.336335e-09,1.32998982660583e-09,-1.60625833626025e-13,-4.3415536567517e-14,-7.00538258698696e-14,NaN
15.13875276,0.00187686,-1.368094e-08,1.330885e-09,1.32978259038259e-09,9.53446823445239e-14,-6.40045128616403e-14,-6.86029420658695e-14,NaN
25.23875598,0.00312903,-1.235145e-08,1.329605e-09,1.33018051597052e-09,1.90084240084415e-13,-8.36963630098477e-14,-6.5432612048105e-14,NaN
35.32795076,0.00437986,-1.102173e-08,1.32903e-09,1.33016275886276e-09,-1.87360301860025e-13,-7.8415959053058e-14,-6.4855188462066e-14,NaN
45.42763134,0.00563199,-9.69339e-09,1.33237e-09,1.3298057953668e-09,-3.4094436644437e-13,-6.10965673221e-14,-6.38385194311645e-14,NaN
55.52723126,0.00688411,-8.35699e-09,1.32706e-09,1.32948087012987e-09,-2.38878027378104e-13,-4.84588983063953e-14,-5.74706564093139e-14,NaN
65.61763594,0.00813509,-7.03927e-09,1.324615e-09,1.32932803931204e-09,9.16346086346831e-14,-4.22368905270146e-14,-4.50604344620904e-14,NaN
75.7159453,0.00938705,-5.70776e-09,1.329975e-09,1.32966413934714e-09,2.41560372060372e-13,-3.69095069116141e-14,-3.42358898897694e-14,NaN
85.80586602,0.01063797,-4.37932e-09,1.333035e-09,1.32981116005616e-09,2.38880308878925e-14,-2.65492042481037e-14,-2.95698146144217e-14,NaN
95.9055466,0.0118901,-3.04169e-09,1.328765e-09,1.32971191540892e-09,-1.65558266058397e-13,-1.84686338329372e-14,-2.3122335651791e-14,NaN
105.99458006,0.01314091,-1.72179e-09,1.32402e-09,1.32948004352404e-09,-9.09933309932666e-14,-9.04172010366531e-15,-9.92820180767432e-15,-4.74827042975728e-08
116.09571252,0.01439322,-3.9365e-10,1.332095e-09,1.32952992874693e-09,1.05697086697269e-13,-1.22239867030762e-14,7.11606362164374e-15,3.40333477556875e-08
126.1937799,0.01564515,9.424e-10,1.33207e-09,1.32969143769744e-09,8.91795366796097e-14,3.26232996303234e-15,2.06696149707901e-14,9.88546802950831e-08
136.28345864,0.01689604,2.27049e-09,1.330205e-09,1.32970828782029e-09,-3.13083538083133e-14,4.90278551307822e-14,2.89476352706594e-14,1.38445212164023e-07
146.38104206,0.01814791,3.60281e-09,1.32565e-09,1.32962882098982e-09,-4.08739908795658e-16,6.62678124645713e-14,3.71893020738865e-14,1.77861879483805e-07
156.47209202,0.01939897,4.92179e-09,1.331035e-09,1.32970747034047e-09,-8.18725868724529e-15,4.89865831578513e-14,4.56898845415595e-14,2.18516839111806e-07
166.57225656,0.02065116,6.26488e-09,1.3311e-09,1.32961244647245e-09,-7.63032643034955e-14,2.38675526164559e-14,5.04415793985391e-14,2.41242336253883e-07
176.66241926,0.02190211,7.58399e-09,1.329995e-09,1.32955486381186e-09,1.12197262197082e-13,3.08501394305622e-14,4.78467092506575e-14,2.28832087720536e-07
186.7597607,0.02315395,8.92487e-09,1.333455e-09,1.32983684099684e-09,2.06362934363004e-13,5.67121174638346e-14,4.2063517169528e-14,2.01173342984699e-07
196.8596026,0.0244061,1.02509e-08,1.323185e-09,1.32996758968059e-09,6.52225342223726e-14,5.45070707810016e-14,3.96364103721296e-14,1.89565440910185e-07
206.949362,0.025657,1.157124e-08,1.32888e-09,1.32996728606529e-09,-2.5505791505536e-14,3.29645303187282e-14,3.91838963871079e-14,1.87401243590516e-07
217.04751004,0.02690894,1.290866e-08,1.33294e-09,1.32991657809758e-09,1.08551246051191e-13,2.77310135373089e-14,3.46599511850027e-14,1.65764983928274e-07
227.13904396,0.02816006,1.423712e-08,1.33608e-09,1.33018438855739e-09,1.46154089153769e-13,2.96885436422795e-14,2.33261895805358e-14,1.11560037124302e-07
237.23727266,0.02941201,1.558082e-08,1.332785e-09,1.33020888627589e-09,-1.06883643383256e-13,1.57702123248163e-14,1.08222647497439e-14,5.17586574987752e-08
247.32832262,0.03066307,1.690269e-08,1.322185e-09,1.32997062127062e-09,-1.49925061424903e-13,-6.75406544785024e-16,3.12371926605169e-15,1.4939526924595e-08
257.42703528,0.03191508,1.822519e-08,1.32626e-09,1.32990903615304e-09,1.52248157248326e-14,-1.41637737345409e-14,-2.3429238515319e-15,-1.12052879855873e-08
267.516956,0.033166,1.955521e-08,1.332805e-09,1.33000107090207e-09,1.01940505440636e-13,-1.4791873028045e-14,-1.21441455824432e-14,-5.80806962638588e-08
277.61526536,0.03441796,2.08908e-08,1.33414e-09,1.33011291716392e-09,-6.11074061077825e-14,-1.22450050722295e-14,-2.52969680781475e-14,-1.20985499504184e-07
287.71478462,0.03567007,2.222349e-08,1.33003e-09,1.32987885608986e-09,-1.67336433836351e-13,-2.02122315188891e-14,-3.53668204496143e-14,-1.69145663019894e-07
297.80494732,0.03692102,2.355086e-08,1.327685e-09,1.32977824429625e-09,2.36809406810841e-14,-3.89854200030764e-14,-3.94276432530656e-14,-1.88566989471183e-07
307.90406328,0.03817308,2.487886e-08,1.330345e-09,1.32992621797122e-09,8.77395577392104e-14,-6.06257980553651e-14,-3.92168803554519e-14,-1.87558993004335e-07
317.9943873,0.03942405,2.621155e-08,1.330935e-09,1.32995372341172e-09,-1.51560196560102e-13,-5.7345655713735e-14,-3.84832350586563e-14,-1.84050254628356e-07
328.09309996,0.04067606,2.754073e-08,1.32694e-09,1.3296230975781e-09,-1.2824570024563e-13,-2.73684683269481e-14,-3.48531741946043e-14,-1.66689093974194e-07
338.18302068,0.04192698,2.886543e-08,1.3284e-09,1.32969723201123e-09,1.12356616356473e-13,-2.78430712890918e-15,-2.31149588133816e-14,-1.10549803020521e-07
348.2810074,0.0431789,3.019753e-08,1.331535e-09,1.32984781081081e-09,8.25965250964119e-14,-3.62962819322354e-15,-6.01342884700212e-15,-2.8759877094358e-08
358.380446,0.044431,3.15285e-08,1.329805e-09,1.32986242506143e-09,1.0015022815045e-13,-7.3255665947673e-15,8.58077361410067e-15,4.10384825022206e-08
368.47036672,0.04568192,3.285714e-08,1.328855e-09,1.33004811126711e-09,-9.80064935064782e-14,1.22012608359306e-14,1.6852159660542e-14,8.0597285333027e-08
378.56891806,0.04693391,3.418621e-08,1.33083e-09,1.32966641207441e-09,-3.41489645489663e-13,3.78531887389073e-14,2.1744424439504e-14,1.03995073406323e-07
388.66029066,0.04818501,3.55188e-08,1.331775e-09,1.32936513197613e-09,-1.01727448227202e-13,3.30313934759466e-14,2.6254069300795e-14,1.25562940134237e-07
398.75956794,0.04943709,3.684976e-08,1.32805e-09,1.32946295717796e-09,2.66474727974576e-13,1.82892857917096e-14,2.9942715081907e-14,1.43204289522164e-07
408.84844008,0.05068788,3.81749e-08,1.32792e-09,1.32989808143208e-09,3.93263601263539e-13,2.46342436929065e-14,3.02383640901003e-14,1.4461826303961e-07
418.94699142,0.05193987,3.95056e-08,1.33031e-09,1.33024948438048e-09,7.63320463317726e-14,3.25397897164516e-14,2.43995246356985e-14,1.16693378692471e-07
429.0369928,0.0531908,4.083552e-08,1.33111e-09,1.33005074552475e-09,-1.65840996841031e-13,2.14967384735088e-14,1.78640477007159e-14,8.54367498729891e-08
439.137238,0.054443,4.216782e-08,1.33149e-09,1.3299178023868e-09,-3.99794664793055e-14,8.46891191381003e-15,1.57673879469496e-14,7.54092467028024e-08
449.23732188,0.05569518,4.34985e-08,1.32689e-09,1.32997078659179e-09,8.64657774655242e-14,2.97276092695063e-15,1.69745475096618e-14,8.11826185244695e-08
459.32587138,0.05694593,4.48216e-08,1.32862e-09,1.33009073394173e-09,5.89024219021762e-14,-8.59077879970184e-15,6.1248503193969e-15,2.92927623971156e-08
469.4254713,0.05819805,4.615574e-08,1.3334e-09,1.33008859143559e-09,-1.5462267462249e-13,-1.22704874223305e-14,-3.91516073266505e-14,-1.87246817649198e-07
479.51458542,0.05944887,4.74884e-08,1.328525e-09,1.32978148859249e-09,-2.08656546156124e-13,-3.1944022672847e-14,-1.0230955538041e-13,-4.89306569210656e-07
489.61354006,0.06070091,4.881279e-08,1.3296e-09,1.32967127834328e-09,2.71260091258772e-14,-8.52937246438038e-14,-1.4922388285641e-13,-7.13679439748048e-07
499.7040254,0.0619519,5.01476e-08,1.333255e-09,1.32983574061074e-09,2.64403299403344e-14,-2.10257403393637e-13,-1.65125914706489e-13,-7.89732635552773e-07
509.80378664,0.06320404,5.14793e-08,1.32912e-09,1.32972415900316e-09,-1.26148122148006e-13,-3.0795251265868e-13,-1.43771202727854e-13,-6.87601404350606e-07
519.90177336,0.06445596,5.280584e-08,1.32721e-09,1.32958344436644e-09,-1.01986837486896e-13,-1.66925880005069e-13,-8.52439636131248e-14,-4.07688521627988e-07
529.99330728,0.06570708,5.413372e-08,1.328935e-09,1.32952018532819e-09,-1.35304843804864e-13,5.92432911486934e-14,4.33392171838331e-15,2.07274516966158e-08
540.09185862,0.06695907,5.546371e-08,1.32868e-09,1.32931283467883e-09,-2.1656563706548e-13,1.8105355859169e-13,1.08205506549245e-13,5.17504596539867e-07
550.18161802,0.06820997,5.679108e-08,1.33122e-09,1.32908705405405e-09,-1.47771147770731e-13,2.46759729932856e-13,2.02214234748801e-13,9.67111557494266e-07
560.27912078,0.06946183,5.812615e-08,1.334825e-09,1.32901729238329e-09,-6.68862758863493e-14,2.71380206299616e-13,2.51608619174163e-13,1.20334556996339e-06
570.3702514,0.0707129,5.946073e-08,1.330625e-09,1.32895328150228e-09,-1.19073008073099e-13,2.36327350110259e-13,2.32505050177882e-13,1.11198067476378e-06
580.46993198,0.07196503,6.07874e-08,1.326865e-09,1.32877914636715e-09,-1.00724991224806e-13,1.54903173931258e-13,1.66579006819442e-13,7.96682206527766e-07
590.5675154,0.0732169,6.211446e-08,1.325865e-09,1.32875183151983e-09,5.05321165319503e-14,5.62801544470302e-14,7.61276667062297e-14,3.64088840768925e-07
600.65912998,0.07446803,6.343913e-08,1.32643e-09,1.32888021060021e-09,1.58087416637387e-12,-4.48406670682158e-14,-3.90065749421813e-14,-1.86553184506084e-07
610.75752,0.07572,6.476732e-08,1.32651e-09,1.33191357985258e-09,2.53813232713184e-12,-1.60097412752235e-13,-1.73902277727127e-13,-8.31706545651477e-07
620.84873128,0.07697108,6.609215e-08,1.32801e-09,1.33395647525447e-09,4.11232011248198e-15,-3.02749016447481e-13,-3.20321940303847e-13,-1.53197449710536e-06
630.9463147,0.07822295,6.742334e-08,1.32854e-09,1.33192180449281e-09,-1.95409371709345e-12,-4.68906347277436e-13,-4.7356225645149e-13,-2.26486296563756e-06
641.03712268,0.07947398,6.874923e-08,1.32764500000001e-09,1.33004828782029e-09,-1.67994261144288e-12,-6.40060953580439e-13,-6.29927745220453e-13,-3.01269791192391e-06
651.1347061,0.08072585,7.007863e-08,1.33242e-09,1.32856191926992e-09,-1.56681607581581e-12,-7.94832345238834e-13,-7.82692366975496e-13,-3.74331132031759e-06
661.22624002,0.08197697,7.141407e-08,1.331035e-09,1.32691465566866e-09,-1.48537416637393e-12,-9.29347444392652e-13,-9.33965763637006e-13,-4.46679278261177e-06
671.32463004,0.08322894,7.27407e-08,1.325205e-09,1.32559117093717e-09,-1.10042488592503e-12,-1.04430992149129e-12,-1.07619121388811e-12,-5.14700145772574e-06
681.42390732,0.08448102,7.406448e-08,1.3265e-09,1.32471380589681e-09,-9.6633818883819e-13,-1.1387140761926e-12,-1.16988797463998e-12,-5.59511640045208e-06
691.5151186,0.0857321,7.53937e-08,1.32751e-09,1.3236584945595e-09,-1.09799947349945e-12,-1.21019803040489e-12,-1.19201776615733e-12,-5.70095453379593e-06
701.61165344,0.08698384,7.67195e-08,1.32871e-09,1.32251780694981e-09,-1.08688715338711e-12,-1.25972367551866e-12,-1.14771362556738e-12,-5.48906516575703e-06
711.70262274,0.08823489,7.805112e-08,1.3309e-09,1.32148472025272e-09,-1.0325007020006e-12,-1.15120492769382e-12,-1.0431378452798e-12,-4.98892012959904e-06
721.80117408,0.08948688,7.93813e-08,1.33087000000001e-09,1.32045280554581e-09,-8.91202527202367e-13,-8.49843790730416e-13,-8.90555697999376e-13,-4.25917942521441e-06
731.89262734,0.09073799,8.071286e-08,1.329665e-09,1.31970231519832e-09,-4.96388908388559e-13,-6.12287252766538e-13,-7.09657898709841e-13,-3.39401603730794e-06
741.98964614,0.09198979,8.204063e-08,1.33141999999999e-09,1.31946002772903e-09,-2.45114777114869e-13,-4.77710976684049e-13,-5.2123987245052e-13,-2.49288634650249e-06
752.08908474,0.09324189,8.33757e-08,1.330985e-09,1.31921208564409e-09,-3.13440856441395e-13,-3.40401113310285e-13,-3.46252516033422e-13,-1.65599029407289e-06
762.18037668,0.09449298,8.47026e-08,1.32697000000001e-09,1.31883314601615e-09,-2.95043875044233e-13,-2.23190230142205e-13,-2.08881429762619e-13,-9.9899814234296e-07
772.28013792,0.09574512,8.602964e-08,1.32471500000001e-09,1.318621997894e-09,-1.82393646893727e-13,-1.24788361131311e-13,-1.07605567585001e-13,-5.14635323232613e-07
782.36925204,0.09699594,8.735203e-08,1.24632e-09,1.31846835872236e-09,-1.76924359424556e-13,-2.09757464380379e-14,-1.51008655866093e-14,-7.22215310663923e-08
792.46812602,0.09824797,8.852228e-08,1.24835e-09,1.31826814917515e-09,-1.25163917163966e-13,8.13218820663497e-14,7.06464610828802e-14,3.37874379092036e-07
802.55836938,0.09949893,8.984873e-08,1.32941e-09,1.31821803088803e-09,2.02801860302027e-13,1.64382134277182e-13,1.35175837708458e-13,6.46493136866538e-07
812.65732402,0.10075097,9.11811e-08,1.329835e-09,1.31867375289575e-09,6.07585293085763e-13,2.27018036529989e-13,1.93560035002039e-13,9.25721906531491e-07
822.75523008,0.10200288,9.25084e-08,1.32891500000001e-09,1.3194332014742e-09,7.10046156546339e-13,2.78074994971409e-13,2.82106785897996e-13,1.34920636733824e-06
832.84684466,0.10325401,9.383893e-08,1.33129e-09,1.32009384520885e-09,5.26201298701092e-13,3.37756914815979e-13,4.09237128025656e-13,1.95722104707922e-06
842.94555732,0.10450602,9.517098e-08,1.32763e-09,1.3204856040716e-09,2.73153562653778e-13,4.33861858528012e-13,5.57913436191558e-13,2.66828165135093e-06
853.03507474,0.10575689,9.649419e-08,1.323285e-09,1.32064015233415e-09,2.44069498069313e-13,6.61141055038991e-13,7.09217832657907e-13,3.39191137358129e-06
863.13467466,0.10700901,9.781755e-08,1.32536499999999e-09,1.32097374306774e-09,4.01499824499655e-13,9.52199931647338e-13,8.39167632676402e-13,4.01341041714801e-06
873.22507934,0.10825999,9.914492e-08,1.3273e-09,1.32144315198315e-09,5.35739206739404e-13,1.05518229775225e-12,9.23119413995022e-13,4.41491893649793e-06
883.32314672,0.10951192,1.0047215e-07,1.32887500000001e-09,1.32204522148122e-09,7.40827658827937e-13,9.91571830517845e-13,9.45782368201532e-13,4.52330697835515e-06
893.41427734,0.11076299,1.0180267e-07,1.33178e-09,1.32292480730081e-09,9.19537030537356e-13,8.87723703458633e-13,9.04009653520327e-13,4.32352442987982e-06
903.51234472,0.11201492,1.0313571e-07,1.33166499999999e-09,1.3238842955423e-09,1.06813636363603e-12,7.53013302155877e-13,8.02830301713531e-13,3.83962318210819e-06
913.611622,0.113267,1.04466e-07,1.32764499999999e-09,1.32506108002808e-09,1.35213689013644e-12,6.19368284450391e-13,6.71873605070275e-13,3.21330854598827e-06
923.70186536,0.11451796,1.05791e-07,1.327095e-09,1.32658856932257e-09,1.58632555282523e-12,5.24095174967083e-13,5.48801653373232e-13,2.62470355961111e-06
933.80033604,0.11576994,1.0712019e-07,1.32900500000001e-09,1.32823373113373e-09,1.62341488241468e-12,4.49384708260564e-13,4.34452456940705e-13,2.07781609841207e-06
943.89146666,0.11702101,1.0844901e-07,1.325875e-09,1.3298353990874e-09,1.53489312039303e-12,3.50252756052636e-13,3.16845095325715e-13,1.51534610807951e-06
953.98937272,0.11827292,1.0977194e-07,1.326435e-09,1.33130351737452e-09,-4.11015093015296e-13,2.19518869223501e-13,1.95299760746215e-13,9.34042334003637e-07
964.07961608,0.11952388,1.1110188e-07,1.32953e-09,1.32901336890137e-09,-2.69801825201813e-12,7.39163333463522e-14,6.73966153276531e-14,3.22331638523558e-07
974.179216,0.120776,1.12431e-07,1.330205e-09,1.32590748087048e-09,-1.64642576342576e-12,-7.13701490896642e-14,-6.48120439734205e-14,-3.09970645090272e-07
984.27760602,0.12202797,1.1376229e-07,1.32067e-09,1.32572051737452e-09,-9.09850824848898e-14,-1.95025698067797e-13,-1.86508001159051e-13,-8.91994788151983e-07
994.36784938,0.12327893,1.1507234e-07,1.311855e-09,1.32572551070551e-09,5.00289575295486e-14,-2.8132230432235e-13,-2.8001278519781e-13,-1.33919158138083e-06
1004.46656204,0.12453094,1.16386e-07,1.31853000000001e-09,1.32582057528958e-09,1.74717093716992e-13,-3.36672721661618e-13,-3.33372599471927e-13,-1.59439069312661e-06
1014.55753134,0.12578199,1.177094e-07,1.32564999999999e-09,1.32607494489294e-09,2.64868725868617e-13,-3.44309588964588e-13,-3.23682236323573e-13,-1.54804547806926e-06
1024.656244,0.127034,1.190373e-07,1.328e-09,1.32635031274131e-09,6.47435942441243e-14,-2.86373021520865e-13,-2.36737195922999e-13,-1.13222137180565e-06
1034.74664868,0.12828498,1.203654e-07,1.3274e-09,1.32620443208143e-09,-1.47340294840035e-13,-1.72095418510165e-13,-1.0229069313385e-13,-4.89216358466239e-07
1044.845442,0.129537,1.216921e-07,1.3278e-09,1.32605563215163e-09,-3.39884169886231e-14,5.91244836121203e-15,4.3989530379779e-14,2.10384710511987e-07
1054.93576602,0.13078797,1.23021e-07,1.329e-09,1.32613645524746e-09,8.55923130922415e-14,2.60741028521712e-13,1.80392029553487e-13,8.62744489168851e-07
1065.0342367,0.13203995,1.243501e-07,1.32839999999999e-09,1.32622681677782e-09,1.96333450333856e-13,4.25467433042293e-13,2.84416436834591e-13,1.36025252399152e-06
1075.13303002,0.13329197,1.256778e-07,1.33075000000001e-09,1.32652912214812e-09,3.8940979290964e-13,3.78063986021466e-13,3.42514574643841e-13,1.63811318307924e-06
1085.223838,0.134543,1.270116e-07,1.3286e-09,1.32700563636364e-09,3.79686030185413e-13,3.06662884931394e-13,3.53725028185225e-13,1.69172839566847e-06
1095.32238934,0.13579499,1.28335e-07,1.32569999999999e-09,1.32728849420849e-09,2.88541418041117e-13,2.78920913964065e-13,3.24414157185422e-13,1.55154596914767e-06
1105.41295534,0.13704599,1.29663e-07,1.3259e-09,1.32758271919972e-09,3.65952088452087e-13,2.41388498639923e-13,2.69008537819374e-13,1.28656257217961e-06
1115.511668,0.138298,1.309868e-07,1.32570000000001e-09,1.3280203983854e-09,2.84454720955187e-13,2.15829879286376e-13,2.16471799232452e-13,1.0352999093726e-06
1125.60207268,0.13954898,1.323144e-07,1.32890000000001e-09,1.32815162864163e-09,1.89038434538812e-13,1.95245654577718e-13,1.79232186792329e-13,8.57197415093747e-07
1135.700866,0.140801,1.336446e-07,1.32874999999999e-09,1.32839847525448e-09,3.62196209195826e-13,1.5888134690729e-13,1.39658023233459e-13,6.67929676333934e-07
1145.79933668,0.14205298,1.349719e-07,1.32870000000001e-09,1.32887602106002e-09,4.06755177254901e-13,9.83447202673683e-14,9.40591231756702e-14,4.49847980405379e-07
1155.88990268,0.14330398,1.36302e-07,1.33225000000001e-09,1.32921198560899e-09,1.35684450684835e-13,3.39693476521711e-14,4.78136484918759e-14,2.28673971048102e-07
1165.988696,0.144556,1.376364e-07,1.32999999999999e-09,1.32914738996139e-09,-2.86185503685443e-13,-1.55586305984258e-14,-1.80598977959847e-15,-8.63734242416659e-09
1176.0788587,0.14580695,1.38962e-07,1.3281e-09,1.32863961460162e-09,-5.36853983853834e-13,-5.05445407856306e-14,-5.14794999815256e-14,-2.4620630425947e-07
1186.17765202,0.14705897,1.402926e-07,1.32780000000001e-09,1.32807368199368e-09,-4.48991224991189e-13,-8.1196562548797e-14,-9.50819283826595e-14,-4.54739657482285e-07
1196.26829868,0.14830998,1.416176e-07,1.32395e-09,1.32774163215163e-09,-1.28564408565238e-13,-1.2021364791262e-13,-1.30977621028445e-13,-6.26414709266476e-07
1206.367092,0.149562,1.429405e-07,1.32869999999998e-09,1.32781655317655e-09,1.91277641273071e-14,-1.63077553521855e-13,-1.58637615972698e-13,-7.58701641608556e-07
1216.46556268,0.15081398,1.44275e-07,1.33075000000001e-09,1.32777988767989e-09,-6.97858897856268e-14,-1.83278495485628e-13,-1.74377288931174e-13,-8.33978338366484e-07
1226.55620934,0.15206499,1.45602e-07,1.3276e-09,1.32767698139698e-09,-5.2965952965821e-14,-1.83019837371795e-13,-1.72004009192176e-13,-8.22627870049537e-07
1236.65468002,0.15331697,1.469302e-07,1.3295e-09,1.32767395577396e-09,-4.91172341173327e-14,-1.71037177580801e-13,-1.49989948425076e-13,-7.1734323159819e-07
1246.74524602,0.15456797,1.48261e-07,1.32885e-09,1.32757874692875e-09,-2.83046683045514e-14,-1.2983065237068e-13,-1.14871402420708e-13,-5.49384968099038e-07
1256.84412,0.15582,1.495879e-07,1.326e-09,1.32761734643735e-09,2.96191646196616e-14,-6.84342311515168e-14,-7.73474250171173e-14,-3.6992246747317e-07
1266.93460534,0.15707099,1.50913e-07,1.32700000000001e-09,1.32763798525799e-09,-1.35228150228016e-13,-1.30086845335586e-14,-4.65002135112738e-14,-2.22392325488701e-07
1277.03299536,0.15832296,1.522419e-07,1.3261e-09,1.32734689013689e-09,-3.23762723763124e-13,5.5283677474562e-15,-2.38569642662018e-14,-1.140985247514e-07
1287.12372268,0.15957398,1.535652e-07,1.32445e-09,1.32699045981046e-09,-2.14145314145206e-13,-1.05868319675732e-14,-9.79860988872253e-15,-4.68629168591078e-08
1297.22227402,0.16082597,1.548908e-07,1.32839999999999e-09,1.3269185995086e-09,1.64759564763654e-14,-2.70265703478002e-14,-5.67841947071002e-15,-2.71576583381784e-08
1307.3207447,0.16207795,1.56222e-07,1.3261e-09,1.32702341172341e-09,1.91733941733508e-13,-2.41072370901332e-14,-6.76334071899345e-15,-3.23464121343165e-08
1317.41155268,0.16332898,1.57543e-07,1.32350000000002e-09,1.32730206739207e-09,2.2212530712511e-13,-4.52786149899972e-15,-4.53861579480965e-15,-2.17064233664809e-08
1327.51010402,0.16458097,1.58869e-07,1.328e-09,1.32746766233766e-09,1.10054405054945e-13,1.09223713213023e-14,6.62852235058416e-15,3.17016286332286e-08
1337.60075068,0.16583198,1.60199e-07,1.32764999999998e-09,1.32752217620218e-09,2.31291681289124e-14,2.14266603757227e-14,2.46833646648917e-14,1.18050874484265e-07
1347.69938268,0.16708398,1.615243e-07,1.326e-09,1.32751392067392e-09,-4.56230256232403e-14,3.7345774702767e-14,4.18603814024783e-14,2.00201824098809e-07
1357.79002934,0.16833499,1.62851e-07,1.33085e-09,1.32743093015093e-09,-7.23727623718181e-14,5.54776771694389e-14,5.16488224083257e-14,2.47016107170253e-07
1367.88841936,0.16958696,1.64186e-07,1.332e-09,1.32736917514918e-09,-1.01618111617602e-13,6.23590143809976e-14,5.11018923361466e-14,2.44400354651136e-07
1377.987374,0.170839,1.65515e-07,1.32475000000001e-09,1.3272276939277e-09,8.29589329523295e-15,5.50052850854517e-14,4.12127515564862e-14,1.97104463965804e-07
1388.07785934,0.17208999,1.668355e-07,1.32600000000001e-09,1.32738576693577e-09,1.45758160758198e-13,3.34412073264568e-14,2.60756727160217e-14,1.24709739076626e-07
1398.17624936,0.17334196,1.68167e-07,1.3276e-09,1.32751921024921e-09,1.0610565110605e-13,4.44497768297012e-15,9.31141172265467e-15,4.45328386735658e-08
1408.26705734,0.17459299,1.694907e-07,1.32645e-09,1.32759797823798e-09,8.68427518424718e-14,-2.08809162175682e-14,-4.92801437121819e-15,-2.3568764384087e-08
1418.36577,0.175845,1.708199e-07,1.32815e-09,1.3276928957529e-09,9.3910143905637e-15,-2.76711321775217e-14,-1.10605141360897e-14,-5.28981110856464e-08
1428.45609402,0.17709597,1.72147e-07,1.32805000000001e-09,1.32761676026676e-09,-3.43559143562587e-14,-9.10750214775833e-15,-5.34976569496818e-15,-2.55858359324565e-08
1438.55480668,0.17834798,1.73476e-07,1.32684999999998e-09,1.32762418392418e-09,2.3636363636839e-14,9.7746489394118e-15,9.39781305405377e-15,4.49460624324311e-08
1448.645534,0.179599,1.748007e-07,1.3315e-09,1.32766403299403e-09,-8.31923481919552e-14,2.5778277013941e-14,2.54526420123566e-14,1.21730027015619e-07
1458.74384336,0.18085096,1.76139e-07,1.33410000000001e-09,1.3274577992278e-09,-1.666005616009e-13,4.52806012007094e-14,3.64665043159699e-14,1.74405020641595e-07
1468.84271734,0.18210299,1.774689e-07,1.32749999999998e-09,1.32733083187083e-09,2.03861003856764e-14,5.57684073521391e-14,3.75754530025459e-14,1.79708688273046e-07
1478.9329607,0.18335395,1.78794e-07,1.32605e-09,1.32749857142857e-09,5.21253071253062e-14,3.69365787458985e-14,2.87400067425188e-14,1.37452206159873e-07
1489.03191534,0.18460599,1.80121e-07,1.32085000000001e-09,1.32743508248508e-09,-4.74991224985209e-14,4.36890446684356e-15,1.29238815573412e-14,6.18098683177188e-08
1499.12248134,0.18585699,1.814357e-07,1.3219e-09,1.32740357318357e-09,1.97542997540889e-14,-1.89339153200734e-14,-9.64906774489482e-15,-4.61477153016709e-08
1509.22087136,0.18710896,1.827648e-07,1.32815e-09,1.32747459108459e-09,1.78627588627057e-13,-3.93719830349154e-14,-3.65767882903616e-14,-1.74932465736512e-07
1519.31167934,0.18835999,1.84092e-07,1.32870000000001e-09,1.32776082836083e-09,2.11898911899251e-13,-5.59234659740281e-14,-6.2416424239777e-14,-2.98513333320673e-07
1529.41023068,0.18961198,1.854222e-07,1.3295e-09,1.32789838890839e-09,1.62460512459406e-14,-7.93956724031189e-14,-8.36061171815034e-14,-3.99855343041973e-07
1539.50894334,0.19086399,1.86751e-07,1.32944999999999e-09,1.32779332046332e-09,-5.09283959290003e-14,-1.05962934867777e-13,-1.00213978165402e-13,-4.79284243399749e-07
1549.59959,0.192115,1.880811e-07,1.32725e-09,1.32779653211653e-09,-1.20974025974352e-13,-1.19716134920395e-13,-1.12610868102195e-13,-5.38573717010498e-07
1559.69814134,0.19336699,1.894055e-07,1.3242e-09,1.32755137241137e-09,-3.6372762372719e-13,-1.25564505293121e-13,-1.21947693119151e-13,-5.83228097526374e-07
1569.78854602,0.19461797,1.907295e-07,1.32694999999999e-09,1.32706907686908e-09,-4.87513162512526e-13,-1.29875009337195e-13,-1.3138104653985e-13,-6.28344135625369e-07
1579.8870167,0.19586995,1.920594e-07,1.32525e-09,1.32657634608635e-09,-3.20247455246811e-13,-1.27553629675189e-13,-1.40259717316344e-13,-6.70807343686863e-07
1589.97790534,0.19712099,1.9338e-07,1.32680000000001e-09,1.32642858195858e-09,-1.09615654615076e-13,-1.28041737028331e-13,-1.44380276062159e-13,-6.90514363775543e-07
1600.076618,0.198373,1.94713e-07,1.33120000000001e-09,1.32635711477712e-09,-6.22551772550994e-14,-1.42520842868964e-13,-1.41080341524459e-13,-6.74732068160456e-07
1610.1748467,0.19962495,1.960424e-07,1.327e-09,1.32630407160407e-09,-6.06212706217671e-14,-1.50939808316339e-13,-1.27229038344654e-13,-6.08486705126606e-07
1620.26557402,0.20087597,1.97367e-07,1.32694999999999e-09,1.32623587223587e-09,-5.79519129529453e-14,-1.26296781640045e-13,-9.96314372223007e-14,-4.76498178019699e-07
1630.364448,0.202128,1.986963e-07,1.3322e-09,1.32618816777817e-09,4.2407862407838e-14,-6.90195770761813e-14,-6.24677041267683e-14,-2.98758584954109e-07
1640.45493334,0.20337899,2.000314e-07,1.329e-09,1.32632068796069e-09,1.40866970866985e-13,-1.34696292901797e-14,-2.33770853957718e-14,-1.11803451892822e-07
1650.553646,0.204631,2.013543e-07,1.32575000000001e-09,1.3264699017199e-09,1.42288522288393e-13,3.32248653513204e-14,1.33208505422265e-14,6.37084156367354e-08
1660.64397002,0.20588197,2.026829e-07,1.32865e-09,1.32660526500527e-09,-4.95261495213875e-15,6.7087524387154e-14,4.12632191903862e-14,1.97345830910543e-07
1670.742844,0.207134,2.040116e-07,1.32419999999999e-09,1.32645999649e-09,-1.61077571077789e-13,6.1691807922461e-14,5.44097237002278e-14,2.60220417696742e-07
1680.83341,0.208385,2.053313e-07,1.32495000000001e-09,1.32628310986311e-09,-1.19306774307275e-13,4.0803011695349e-14,5.60766338036623e-14,2.68192596452298e-07
1690.93188068,0.20963698,2.066615e-07,1.318e-09,1.32622138294138e-09,-1.05809055805654e-14,4.1803003548584e-14,5.24824974491408e-14,2.51003248669804e-07
1701.03874,0.21089,2.079673e-07,1.31689999999999e-09,1.32626194805195e-09,1.7606177606195e-13,4.52069020277154e-14,4.72649102824921e-14,2.26049570916267e-07
1711.12124,0.21214,2.092953e-07,1.32625e-09,1.32657350649351e-09,3.13717093716426e-13,4.53990979555083e-14,4.52205646025563e-14,2.16272265490487e-07
1721.20374,0.21339,2.106198e-07,1.32600000000001e-09,1.32688938223938e-09,2.24847314847572e-13,5.88629791703361e-14,5.12352640603069e-14,2.45038219418859e-07
1731.28624,0.21464,2.119473e-07,1.32460000000001e-09,1.3270232011232e-09,-1.88136188128567e-14,6.58103065131422e-14,6.57400604746713e-14,3.14408984878863e-07
1741.36874,0.21589,2.13269e-07,1.33135e-09,1.32685175500176e-09,-1.32972972973432e-13,7.60451812837792e-14,8.75377988201573e-14,4.18659037835535e-07
1751.5319,0.21715,2.1461e-07,1.33499999999999e-09,1.32675725517726e-09,-9.37574587578967e-14,1.01413608303083e-13,1.17243439664306e-13,5.60729494046681e-07
1761.6144,0.2184,2.15939e-07,1.32699999999998e-09,1.32666424008424e-09,-2.70621270597719e-15,1.38950118822584e-13,1.49879003063481e-13,7.16812623347083e-07
1771.6969,0.21965,2.17264e-07,1.327e-09,1.32675184275184e-09,2.88311688311535e-13,1.85146238863171e-13,1.7806480998061e-13,8.51614308602917e-07
1781.7794,0.2209,2.18593e-07,1.32675e-09,1.32724086346086e-09,3.37718497718307e-13,2.16487145114181e-13,1.96229477536495e-13,9.38488805609324e-07
1791.8619,0.22215,2.199175e-07,1.32585000000001e-09,1.32742727974728e-09,9.42418392421034e-14,2.1957086563981e-13,1.98645691181863e-13,9.50044610000214e-07
1801.9444,0.2234,2.212447e-07,1.33110000000001e-09,1.32742934713935e-09,1.98287118287509e-13,1.93796361965718e-13,1.8485375839933e-13,8.84083192344622e-07
1812.10756,0.22466,2.225797e-07,1.33259999999999e-09,1.32782385398385e-09,3.1448051948046e-13,1.53349001748808e-13,1.58216130518886e-13,7.56685841612063e-07
1822.19006,0.22591,2.239099e-07,1.32765e-09,1.32805830817831e-09,1.40396630396007e-13,1.06090696585879e-13,1.23110673605501e-13,5.88790178113266e-07
1832.27256,0.22716,2.25235e-07,1.32654999999999e-09,1.32810464724465e-09,2.04327834327951e-13,7.00072420357167e-14,8.36996374241348e-14,4.00302613767601e-07
1842.35506,0.22841,2.26563e-07,1.3268e-09,1.32846696384696e-09,2.76107406107869e-13,4.80485757407571e-14,4.46089948069537e-14,2.13347366468039e-07
1852.43756,0.22966,2.278886e-07,1.32690000000002e-09,1.32865686205686e-09,2.24940329940331e-13,2.18779253137401e-14,9.33534793519603e-15,4.46473162118071e-08
1862.52006,0.23091,2.292168e-07,1.33025000000001e-09,1.32891684450684e-09,9.43225693227184e-14,-1.5407543650445e-14,-2.36144287950813e-14,-1.12938572498215e-07
1872.68322,0.23217,2.305491e-07,1.32949999999999e-09,1.32884550719551e-09,-2.90005265005639e-13,-5.98606440253913e-14,-5.35723415324235e-14,-2.56215546459417e-07
1882.76572,0.23342,2.318758e-07,1.32445000000001e-09,1.32833683397683e-09,-5.77750087750234e-13,-8.73661192980701e-14,-7.89860549151801e-14,-3.777593930726e-07
1892.84822,0.23467,2.33198e-07,1.32415000000001e-09,1.32769000702001e-09,-5.54522639522206e-13,-1.03295421126401e-13,-1.00509989590186e-13,-4.80699950213933e-07
1902.93072,0.23592,2.345241e-07,1.32599999999998e-09,1.32722778869779e-09,-3.47113022113418e-13,-1.19946454374393e-13,-1.16972408337067e-13,-5.59433257264233e-07
1913.01322,0.23717,2.3585e-07,1.32995e-09,1.32699578097578e-09,-5.39048789043139e-14,-1.1816905755769e-13,-1.26292545601713e-13,-6.04007826790801e-07
1923.09572,0.23842,2.37184e-07,1.33150000000001e-09,1.32711997893998e-09,3.27688662689438e-13,-1.11446827118566e-13,-1.25706896872446e-13,-6.01206898085611e-07
1933.17822,0.23967,2.38513e-07,1.33049999999999e-09,1.32765115830116e-09,3.39936819935632e-13,-1.18409921938895e-13,-1.11961193876257e-13,-5.35466579408186e-07
1943.34138,0.24093,2.39845e-07,1.328e-09,1.32779985257985e-09,-4.20322920381484e-15,-1.09803932053043e-13,-8.29173507629154e-14,-3.96561242779161e-07
1953.42388,0.24218,2.41169e-07,1.32300000000002e-09,1.32764275184275e-09,-1.73083538082966e-13,-7.14887297218206e-14,-4.46549044910502e-14,-2.13566934522414e-07
1963.50638,0.24343,2.42491e-07,1.32550000000001e-09,1.32745368550369e-09,-1.42378027377535e-13,-1.04223174492035e-14,-9.0797921688151e-15,-4.34250929812896e-08
1973.58888,0.24468,2.4382e-07,1.32979999999999e-09,1.327357995788e-09,-5.28413478413328e-14,5.19018005663167e-14,1.75081991829049e-14,8.37348656573713e-08
1983.67138,0.24593,2.451506e-07,1.32694999999997e-09,1.327348002808e-09,4.18725868717995e-14,7.68841604750798e-14,3.18623378217208e-14,1.52385093929969e-07
1993.75388,0.24718,2.464739e-07,1.32865e-09,1.32744174096174e-09,9.39715689716297e-14,5.1495861603606e-14,3.43751324897051e-14,1.64402807559459e-07
2003.91704,0.24844,2.478079e-07,1.33055000000004e-09,1.32753594594595e-09,-3.00754650749293e-14,8.43466694721843e-15,2.96774585471788e-14,1.41935671312594e-07
2013.99954,0.24969,2.49135e-07,1.32649999999998e-09,1.32738159003159e-09,-1.54187434188203e-13,-1.57323256865901e-14,2.20721904971712e-14,1.05562650203862e-07
2024.08204,0.25094,2.504609e-07,1.32549999999998e-09,1.32722757107757e-09,-9.19445419460747e-15,-9.55312227956891e-15,1.81847500304831e-14,8.69705436240496e-08
2034.16454,0.25219,2.51786e-07,1.32305000000001e-09,1.3273632011232e-09,1.79859599859951e-13,2.98005654788068e-14,2.24397579954164e-14,1.07320581717209e-07
2044.24704,0.25344,2.53107e-07,1.32064999999999e-09,1.32758729027729e-09,2.36633906633074e-13,6.10417734018906e-14,3.313712452596e-14,1.58481899906765e-07
2054.32954,0.25469,2.544273e-07,1.32575000000001e-09,1.32783646893647e-09,1.25352755352626e-13,6.3697438156319e-14,4.47370947080715e-14,2.13960018169038e-07
2064.41204,0.25594,2.557585e-07,1.33784999999999e-09,1.327837995788e-09,-7.53369603362286e-14,5.91859494066064e-14,5.46747049186683e-14,2.6148771917624e-07
2074.5752,0.2572,2.57103e-07,1.33535e-09,1.32768579501579e-09,-1.56856791856611e-13,4.85775621850092e-14,6.56317998601658e-14,3.13891216722532e-07
2084.6577,0.25845,2.584292e-07,1.32900000000002e-09,1.32752428220428e-09,-7.29431379427897e-14,4.91214377452618e-14,7.83819206572196e-14,3.74870055317137e-07
2094.7402,0.2597,2.59761e-07,1.32744999999996e-09,1.32753990873991e-09,2.02772902773011e-13,7.23536977411255e-14,9.0890814376733e-14,4.34695199193071e-07
2104.8227,0.26095,2.610841e-07,1.3222e-09,1.32792982800983e-09,3.42451737450769e-13,1.09195225270784e-13,9.68264640131149e-14,4.63083088758376e-07
2114.9052,0.2622,2.624054e-07,1.32245000000003e-09,1.32822481221481e-09,1.72837837836987e-13,1.33399803283876e-13,9.10896804254278e-14,4.35646297686829e-07
2124.9877,0.26345,2.63729e-07,1.32879999999999e-09,1.3282755036855e-09,-7.03562653555644e-14,1.09884818185043e-13,7.48880752366139e-14,3.58160359827284e-07
2135.15086,0.26471,2.65063e-07,1.32949999999999e-09,1.3280840996841e-09,-1.89815724814095e-13,4.61191242869506e-14,5.13276215421342e-14,2.45479929114555e-07
2145.23336,0.26596,2.66388e-07,1.32604999999999e-09,1.32789587223587e-09,2.43892593897109e-14,-1.29912045667631e-14,2.41537135176843e-14,1.15517760301968e-07
2155.31586,0.26721,2.677151e-07,1.32955000000001e-09,1.32813287820288e-09,1.87114777114165e-13,-3.54486981260569e-14,-3.47222150878536e-15,-1.66062767811474e-08
2165.39836,0.26846,2.690471e-07,1.33050000000001e-09,1.3282701017901e-09,1.26981396980945e-13,-2.91762828408389e-14,-2.64177390260706e-14,-1.26345708385555e-07
2175.48086,0.26971,2.703761e-07,1.32649999999998e-09,1.32838684099684e-09,2.11670761670738e-13,-1.59731659713669e-14,-3.87691801905413e-14,-1.85417818302589e-07
2185.56336,0.27096,2.717001e-07,1.3314e-09,1.32869344331344e-09,1.32899262899328e-13,-2.10380912832209e-14,-4.13339135496346e-14,-1.97683934367818e-07
2195.72652,0.27222,2.730389e-07,1.33255000000001e-09,1.32865263952264e-09,-1.48136188135979e-13,-4.71528455640384e-14,-4.25835827343038e-14,-2.03660613077105e-07
2205.80902,0.27347,2.743652e-07,1.32604999999999e-09,1.32839717093717e-09,-4.38834678834235e-13,-6.59138453056368e-14,-5.07543908297785e-14,-2.42738390925028e-07
2215.89152,0.27472,2.75691e-07,1.32720000000001e-09,1.32777497016497e-09,-6.59673569673588e-13,-6.61965285272117e-14,-6.40351966666983e-14,-3.06255288405948e-07
2225.97402,0.27597,2.770196e-07,1.32615000000001e-09,1.32707782379782e-09,-4.27981747982214e-13,-6.43199916099045e-14,-7.7082637251825e-14,-3.6865609120438e-07
2236.05652,0.27722,2.783433e-07,1.32620000000001e-09,1.32691900666901e-09,1.8651456651441e-13,-7.86784509766209e-14,-8.83808197347343e-14,-4.22690876992208e-07
2246.13902,0.27847,2.79672e-07,1.32835e-09,1.32745085293085e-09,5.23715338715799e-13,-9.93115252611773e-14,-9.58535551885449e-14,-4.5843004655391e-07
2256.22152,0.27972,2.81e-07,1.32999999999997e-09,1.32796643734644e-09,3.78043173044469e-13,-9.85739443224694e-14,-9.59405812996953e-14,-4.58846258389847e-07
2266.38468,0.28098,2.82332e-07,1.33049999999999e-09,1.32820693927694e-09,3.99999999992058e-14,-9.21765102624195e-14,-8.32854340304667e-14,-3.98321641015276e-07
2276.46718,0.28223,2.83661e-07,1.32395000000002e-09,1.32804643734644e-09,-3.2329764829902e-13,-8.560980315635e-14,-5.6364009909885e-14,-2.69567003916841e-07
2286.54968,0.28348,2.849799e-07,1.32515000000004e-09,1.32756034398034e-09,-3.75280800279166e-13,-4.42969086610877e-14,-2.38514901796319e-14,-1.1407234433737e-07
2296.63218,0.28473,2.863113e-07,1.32855000000001e-09,1.32729587574588e-09,-1.79687609686835e-13,1.72532403848658e-14,2.3506292321649e-16,1.1242139806006e-09
2306.71468,0.28598,2.87637e-07,1.32884999999998e-09,1.32720096876097e-09,-4.75780975881839e-15,5.88280288752931e-14,8.16528813893109e-15,3.90513780557574e-08
2316.79718,0.28723,2.88969e-07,1.33084999999999e-09,1.32728636012636e-09,4.04457704448621e-14,4.93406431441288e-14,5.08357926862116e-15,2.43127704151447e-08
2326.96034,0.28849,2.902987e-07,1.32525e-09,1.32728186030186e-09,9.55598455530762e-15,-6.77228900995803e-15,-7.76050284145111e-16,-3.71154483721575e-09
2337.04284,0.28974,2.916195e-07,1.32395e-09,1.32730547209547e-09,7.53896103902826e-14,-5.6714650483888e-14,-5.09355900668121e-15,-2.4360499597171e-08
2347.12534,0.29099,2.929466e-07,1.32525e-09,1.32743263952264e-09,4.53264303271871e-14,-5.62053098471186e-14,-4.94659015158097e-15,-2.36576050727786e-08
2357.20784,0.29224,2.9427e-07,1.32220000000003e-09,1.32739612495613e-09,-4.62969462974093e-14,-6.83757805873262e-15,2.40107174732227e-15,1.14833866176282e-08
2367.29034,0.29349,2.95591e-07,1.32550000000001e-09,1.32734004563005e-09,1.39441909441546e-13,5.34593585998578e-14,1.81744961987301e-14,8.6921503559144e-08
2377.37284,0.29474,2.96921e-07,1.32904999999997e-09,1.32767500877501e-09,2.80456300455809e-13,8.09568597734346e-14,3.73124571248998e-14,1.78450881901695e-07
2387.45534,0.29599,2.982491e-07,1.33554999999999e-09,1.32790095823096e-09,7.73657423656602e-14,6.10930769396836e-14,5.07972830836974e-14,2.42943527791596e-07
2397.6185,0.29725,2.995921e-07,1.33535e-09,1.32782974025974e-09,-1.94856089854911e-13,3.31694063780568e-14,5.22977265129065e-14,2.50119561583466e-07
2407.701,0.2985,3.009198e-07,1.32745000000001e-09,1.32751124605125e-09,-2.70535275534736e-13,2.27317884577055e-14,4.4862564229761e-14,2.14560089794509e-07
2417.7835,0.29975,3.02247e-07,1.32380000000001e-09,1.32728866970867e-09,-1.75798525805328e-14,2.37689233538494e-14,3.53165973759787e-14,1.68905465711202e-07
2427.866,0.301,3.035674e-07,1.32284999999998e-09,1.32747608634609e-09,2.20954720954177e-13,3.08853631017356e-14,2.42919766847799e-14,1.16179018927208e-07
2437.9485,0.30225,3.048927e-07,1.32285e-09,1.32773057915058e-09,2.04792909792365e-13,2.91075555033185e-14,1.06528217497319e-14,5.09482779335004e-08
2448.031,0.3035,3.062131e-07,1.33065000000003e-09,1.32788567216567e-09,1.0968936468949e-13,1.99641369205865e-14,-3.65758595397524e-15,-1.74928023885772e-08
2458.19416,0.30476,3.07554e-07,1.33349999999999e-09,1.32794995787996e-09,-8.10582660570005e-14,-9.54945220883731e-15,-1.28853614373791e-14,-6.16256416570305e-08
2468.27666,0.30601,3.088801e-07,1.32789999999998e-09,1.32772355563356e-09,-2.47374517373887e-13,-5.41607729626659e-14,-1.55205944822685e-14,-7.42289301325885e-08
2478.35916,0.30726,3.102098e-07,1.32995e-09,1.32745520884521e-09,-9.6925236925705e-14,-5.82665510893526e-14,-1.69276575141743e-14,-8.09583620243119e-08
2488.44166,0.30851,3.1154e-07,1.32695e-09,1.32752970515971e-09,1.66075816075093e-13,-1.48635269557576e-14,-2.15180304602155e-14,-1.02912319592335e-07
2498.52416,0.30976,3.128637e-07,1.32500000000002e-09,1.32778736047736e-09,1.38287118286271e-13,2.06002794462537e-14,-2.96147954276241e-14,-1.41635978132115e-07
2508.60666,0.31101,3.1419e-07,1.32735000000002e-09,1.32780627939628e-09,-2.59090909097174e-14,2.20471995068411e-15,-3.65412999635804e-14,-1.74762738956254e-07
2518.76982,0.31227,3.155184e-07,1.32624999999998e-09,1.32773554229554e-09,-1.05635310634968e-13,-5.2147269604013e-14,-4.12840500696649e-14,-1.97445456854919e-07
2528.85232,0.31352,3.168425e-07,1.32579999999998e-09,1.32759500877501e-09,-2.33868023867152e-13,-9.1752580093619e-14,-4.91426354371159e-14,-2.35029995568815e-07
2538.93482,0.31477,3.1817e-07,1.33185000000001e-09,1.32726780624781e-09,-2.51998946998657e-13,-9.02549181644219e-14,-6.0411520422022e-14,-2.88924662887931e-07
2549.01732,0.31602,3.195062e-07,1.32545000000001e-09,1.32709101088101e-09,-1.56165321165389e-13,-6.05793640021689e-14,-6.97396188471238e-14,-3.33537307529723e-07
2559.09982,0.31727,3.208209e-07,1.32075000000001e-09,1.32695547560548e-09,1.30335205335512e-13,-3.77179555556488e-14,-7.08193851870553e-14,-3.38701407416351e-07
2569.18232,0.31852,3.221477e-07,1.32769999999999e-09,1.32735168129168e-09,3.75647595647154e-13,-4.14444381591343e-14,-6.44603005854885e-14,-3.0828839410451e-07
2579.26482,0.31977,3.234763e-07,1.33304999999997e-09,1.32770677079677e-09,1.43646893646239e-13,-6.21049120428077e-14,-5.65521818461157e-14,-2.70466956655336e-07
2589.42798,0.32103,3.248138e-07,1.33190000000001e-09,1.32763897507897e-09,-3.14473499473639e-13,-7.4381433882846e-14,-4.55632474677803e-14,-2.17911183541558e-07
2599.51048,0.32228,3.261401e-07,1.32460000000003e-09,1.32707782379782e-09,-4.96010881011623e-13,-5.08855289060422e-14,-2.75097399634797e-14,-1.31568321564468e-07
2609.59298,0.32353,3.27463e-07,1.32424999999997e-09,1.32664695331695e-09,-1.70312390312135e-13,-1.04103106898305e-14,-2.90557299312793e-15,-1.38962186627858e-08
2619.67548,0.32478,3.287886e-07,1.32739999999999e-09,1.3267371990172e-09,1.83750438751537e-13,2.81987233407848e-14,2.00750304663777e-14,9.60110152739803e-08
2629.75798,0.32603,3.301178e-07,1.3222e-09,1.32701445419445e-09,3.05589680589761e-13,6.976601678612e-14,3.38127046569631e-14,1.6171293531591e-07
2639.84048,0.32728,3.31433e-07,1.32884999999998e-09,1.32734837837838e-09,1.43906633905861e-13,7.69589319262002e-14,4.09465362610822e-14,1.95831260379089e-07
2650.00364,0.32854,3.327755e-07,1.33425000000001e-09,1.32730226746227e-09,-1.45954720954774e-13,4.41946710597505e-14,4.5363733329663e-14,2.16956985489693e-07
2660.08614,0.32979,3.341015e-07,1.32795e-09,1.32705646893647e-09,-1.04659529659113e-13,3.66647462442838e-15,5.09290512261688e-14,2.4357372325559e-07
2670.16864,0.33104,3.354314e-07,1.32625e-09,1.32709294840295e-09,1.1548789048819e-13,8.89663056889621e-15,5.76717132130308e-14,2.75821237105799e-07
2680.25114,0.33229,3.36754e-07,1.32600000000002e-09,1.32728744471745e-09,2.08929448929828e-13,6.7685119983424e-14,6.05953211032375e-14,2.89803709624179e-07
2690.33364,0.33354,3.380834e-07,1.32550000000001e-09,1.32751080730081e-09,2.89299754299224e-13,1.06027870506615e-13,6.00851495643611e-14,2.87363758786075e-07
2700.41614,0.33479,3.39405e-07,1.32729999999997e-09,1.32786604422604e-09,1.80528255527556e-13,9.95518646909739e-14,5.912674076976e-14,2.82780064551026e-07
2710.5793,0.33605,3.40738e-07,1.32745000000001e-09,1.32787186381186e-09,3.24570024574651e-14,6.04811028366158e-14,5.70275627469193e-14,2.72740517485266e-07
2720.6618,0.3373,3.420599e-07,1.32590000000003e-09,1.32793095823096e-09,-1.00451035449976e-13,9.25193207978978e-15,4.69801553833613e-14,2.24687699659554e-07
2730.7443,0.33855,3.433898e-07,1.32819999999996e-09,1.32767096174096e-09,-3.61398736397778e-13,-9.0455096795751e-15,2.86222313582131e-14,1.36888932582758e-07
2740.8268,0.3398,3.447163e-07,1.32314999999998e-09,1.32720816075816e-09,-2.27027027027175e-13,1.69209007686545e-14,1.22236372480613e-14,5.84608737950758e-08
2750.9093,0.34105,3.460361e-07,1.32535000000002e-09,1.32721690768691e-09,1.88292383291505e-13,3.82745016661014e-14,3.55789679352263e-15,1.70160281429343e-08
2760.9918,0.3423,3.47367e-07,1.32845000000001e-09,1.32758474552475e-09,4.29792909792848e-13,2.12363215713152e-14,2.61988940967345e-15,1.25299058723513e-08
2771.0743,0.34355,3.48693e-07,1.33750000000002e-09,1.32807649350649e-09,1.94450684451268e-13,-4.01487259286089e-15,6.6192360174064e-15,3.16572157354219e-08
2781.23746,0.34481,3.50042e-07,1.33484999999999e-09,1.32797364689365e-09,-2.19240084240023e-13,-7.64444685659916e-15,1.4701071863816e-14,7.03094741312939e-08
2791.31996,0.34606,3.513627e-07,1.32149999999998e-09,1.32763801333801e-09,-1.48081783081874e-13,8.76728252174515e-15,2.96084083793808e-14,1.41605431379647e-07
2801.40246,0.34731,3.52685e-07,1.32315000000001e-09,1.32767748332748e-09,-8.75851175854221e-14,3.59508586886601e-14,4.83967053966074e-14,2.31462504070731e-07
2811.48496,0.34856,3.54009e-07,1.32500000000002e-09,1.32746284310284e-09,-5.67707967719871e-14,6.94791012509592e-14,6.10549660968459e-14,2.92002011767524e-07
2821.56746,0.34981,3.55335e-07,1.32909999999999e-09,1.32756394173394e-09,3.08920673920298e-13,1.03550412726596e-13,5.97032534625915e-14,2.85537299168916e-07
2831.64996,0.35106,3.566672e-07,1.33799999999998e-09,1.32808068445068e-09,3.10293085293544e-13,9.74733602895226e-14,4.86589679081897e-14,2.32716803039168e-07
2841.81312,0.35232,3.58011e-07,1.33065e-09,1.32818452790453e-09,-5.50210600207286e-14,2.98957211116671e-14,3.77751153323017e-14,1.8066359506753e-07
2851.89562,0.35357,3.593285e-07,1.32455e-09,1.32797064233064e-09,-1.32014742014009e-13,-3.27186813082371e-14,2.92832304473455e-14,1.40050232574261e-07
2861.97812,0.35482,3.606601e-07,1.32500000000002e-09,1.3279204984205e-09,5.79554229559423e-14,-2.98967440501873e-14,2.18278668042736e-14,1.04394145585656e-07
2872.06062,0.35607,3.619785e-07,1.31905000000001e-09,1.32808655317655e-09,1.6929799929742e-13,2.56531922615171e-14,1.45700676228217e-14,6.96829321091473e-08
2882.14312,0.35732,3.632982e-07,1.32474999999999e-09,1.32825909441909e-09,1.13309933309569e-13,6.66039293221052e-14,1.0033676696825e-14,4.79871494195978e-08
2892.22562,0.35857,3.64628e-07,1.33e-09,1.32831317304317e-09,-1.7988767987793e-14,4.91634086206704e-14,1.05481277628649e-14,5.04475675615278e-08
2902.30812,0.35982,3.659582e-07,1.33249999999999e-09,1.32822311688312e-09,-1.454018954083e-14,7.82001186215295e-15,1.2182901608842e-14,5.82660511727226e-08
2912.47128,0.36108,3.67293e-07,1.3327e-09,1.32828409266409e-09,-1.67939627942159e-13,-2.79690630883763e-14,1.16995869992248e-14,5.59545465180316e-08
2922.55378,0.36233,3.686236e-07,1.32850000000001e-09,1.32788723762723e-09,-4.21590031590581e-13,-3.31144190004319e-14,9.78707537227431e-15,4.68077517804423e-08
2932.63628,0.36358,3.6995e-07,1.32609999999999e-09,1.32744091260091e-09,-1.42960687959409e-13,4.89812097183676e-15,1.05868843614678e-14,5.06329252070199e-08
2942.71878,0.36483,3.712758e-07,1.3225e-09,1.32760131625132e-09,4.02939627940866e-13,5.11969542255596e-14,1.68212027107219e-14,8.04492303556265e-08
2952.80128,0.36608,3.72595e-07,1.32870000000002e-09,1.32824679185679e-09,5.28208143208846e-13,6.31791584274731e-14,2.3605021131009e-14,1.12893579322217e-07
2962.88378,0.36733,3.739332e-07,1.33394999999998e-09,1.32865773253773e-09,1.40401895401226e-13,3.21155200788756e-14,2.37364842349624e-14,1.13522315906342e-07
2973.04694,0.36859,3.752629e-07,1.32889999999998e-09,1.3285275956476e-09,-2.80921375922705e-13,-2.87761194913198e-15,1.81448016014111e-14,8.67794859197922e-08
2983.12944,0.36984,3.76591e-07,1.32905000000002e-09,1.32809588978589e-09,-3.36332046331832e-13,-1.05949157615133e-14,1.34323405497671e-14,6.42416287162774e-08
2993.21194,0.37109,3.77921e-07,1.32780000000001e-09,1.32785493155493e-09,-4.37048087038273e-14,-4.50861499886124e-15,1.10978866261396e-14,5.30768490815372e-08
3003.29444,0.37234,3.792466e-07,1.32399999999999e-09,1.32800848016848e-09,3.29924534924333e-13,3.80621498981108e-15,9.10108113798514e-15,4.35269097903637e-08
3013.37694,0.37359,3.80569e-07,1.32769999999999e-09,1.32851478062478e-09,4.04550719550272e-13,3.61791890643829e-14,7.1508469237488e-15,3.41997026787986e-08
3023.45944,0.37484,3.81902e-07,1.3341e-09,1.32881758160758e-09,3.66374166377669e-14,4.99368119047878e-14,6.69957629930113e-15,3.20414518662228e-08
3033.6226,0.3761,3.832372e-07,1.33084999999999e-09,1.32858805545806e-09,-2.2709020708991e-13,7.17705242532964e-15,1.12249495575649e-14,5.36845413622669e-08
3043.7051,0.37735,3.845637e-07,1.3246e-09,1.3283634011934e-09,-3.61072306071908e-13,-2.87301107929705e-14,2.28352110301967e-14,1.09211878840071e-07
3053.7876,0.3786,3.858864e-07,1.32485000000001e-09,1.32786591084591e-09,-3.66946296946107e-13,-6.81936826599646e-15,3.48725962654206e-14,1.66781982138968e-07
3063.8701,0.37985,3.872134e-07,1.327e-09,1.32762950859951e-09,3.90136890135325e-14,5.21399506900416e-14,3.98612495058922e-14,1.90640758506441e-07
3073.9526,0.3811,3.885404e-07,1.32835e-09,1.32794393822394e-09,3.68109863109702e-13,9.64305995198764e-14,4.3662478544344e-14,2.08820549559906e-07
3084.0351,0.38235,3.898701e-07,1.32675000000002e-09,1.32836572832573e-09,3.12657072656339e-13,9.16886375599296e-14,5.11174209477793e-14,2.44474621924162e-07
3094.1176,0.3836,3.911939e-07,1.33205000000002e-09,1.32856925236925e-09,2.54064584064624e-13,4.37958668475706e-14,5.59823045193482e-14,2.67741456396883e-07
3104.28076,0.38486,3.925342e-07,1.33589999999999e-09,1.32887385749386e-09,2.02395577395723e-13,1.00655139460003e-14,5.55413100121534e-14,2.65632352232038e-07
3114.36326,0.38611,3.938657e-07,1.32504999999999e-09,1.32897404352404e-09,-1.47530712531832e-13,2.47733311105263e-14,5.49447853528186e-14,2.62779408209132e-07
3124.44576,0.38736,3.951843e-07,1.3229e-09,1.32857879606879e-09,-1.92206037205571e-13,5.97968288570906e-14,5.84315680946814e-14,2.79455325670215e-07
3134.52826,0.38861,3.965115e-07,1.32714999999998e-09,1.32858963144963e-09,1.59129519130627e-13,8.6481009205927e-14,6.34021775942308e-14,3.03227805885452e-07
3144.61076,0.38986,3.978386e-07,1.32610000000001e-09,1.32889705510706e-09,2.61986661986289e-13,9.63416807697065e-14,6.44737927863141e-14,3.08352922021502e-07
3154.69326,0.39111,3.991637e-07,1.33370000000003e-09,1.3291136047736e-09,9.50807300818435e-14,8.08572578301031e-14,5.82673752874092e-14,2.78670055722392e-07
3164.85642,0.39237,4.00506e-07,1.33114999999999e-09,1.32908721656722e-09,-1.28480168478007e-13,4.1192813706693e-14,4.73918752449084e-14,2.26656794649562e-07
3174.93892,0.39362,4.01826e-07,1.32574999999999e-09,1.32885664443665e-09,-2.76949806950606e-13,4.20569561472971e-15,4.1990146088691e-14,2.00822437815479e-07
3185.02142,0.39487,4.031575e-07,1.32750000000001e-09,1.32853331695332e-09,-1.69670059671867e-13,8.00029454662854e-15,4.62157985552774e-14,2.21032080046979e-07
3195.10392,0.39612,4.04481e-07,1.32634999999999e-09,1.3285173043173e-09,2.23646893647339e-13,5.00241804704194e-14,5.41891988648138e-14,2.59165733701283e-07
3205.18642,0.39737,4.058102e-07,1.33299999999998e-09,1.32898061074061e-09,3.2817830817814e-13,9.17712402544349e-14,6.40737249071385e-14,3.06439553903706e-07
3215.26892,0.39862,4.07147e-07,1.33390000000001e-09,1.32917366093366e-09,1.72416637416032e-13,1.15511982605753e-13,7.56388649420125e-14,3.61751093200929e-07
3225.35142,0.39987,4.08478e-07,1.33405e-09,1.32932544401544e-09,1.80122850122569e-13,9.62720607274904e-14,8.42402914348421e-14,4.02888350340549e-07
3235.51458,0.40113,4.098151e-07,1.3331e-09,1.32953390663391e-09,4.98402948389398e-14,5.21036630595927e-14,8.57734283883391e-14,4.1022074446597e-07
3245.59708,0.40238,4.111442e-07,1.32515000000001e-09,1.32942512460512e-09,-6.7191997191787e-14,4.50865756879645e-14,7.77498056588249e-14,3.71846896629163e-07
3255.67958,0.40363,4.124654e-07,1.32469999999999e-09,1.32939952263952e-09,-6.55194805175261e-14,5.89752115037035e-14,5.76307591919452e-14,2.75625370048434e-07
3265.76208,0.40488,4.137936e-07,1.33080000000002e-09,1.32929408564409e-09,2.3555633556224e-14,5.8207251077451e-14,2.73054183015863e-14,1.30591131007587e-07
3275.84458,0.40613,4.15127e-07,1.32455e-09,1.32944663390663e-09,3.25149175148152e-13,3.31241119572727e-14,-6.48714835977847e-15,-3.10254921554622e-08
3285.92708,0.40738,4.164427e-07,1.32555e-09,1.32994438399438e-09,2.38766233766116e-13,-3.29570907519295e-14,-4.21287965564417e-14,-2.01485548748199e-07
3296.09024,0.40864,4.177781e-07,1.33235000000003e-09,1.32992416637417e-09,-2.66033696033783e-13,-1.13439400116351e-13,-7.98240943211177e-14,-3.81767407622737e-07
3306.17274,0.40989,4.191074e-07,1.32874999999999e-09,1.32941231660232e-09,-3.97242892243658e-13,-1.50462685357962e-13,-1.1383150551627e-13,-5.44411548121291e-07
3316.25524,0.41114,4.204356e-07,1.32769999999999e-09,1.32912968058968e-09,-2.78573183572466e-13,-1.47367247226602e-13,-1.3758823905344e-13,-6.58030708516452e-07
3326.33774,0.41239,4.217628e-07,1.3249e-09,1.32885517023517e-09,-1.25270270268548e-13,-1.35158283487758e-13,-1.48393197641162e-13,-7.09706597414253e-07
3336.42024,0.41364,4.230854e-07,1.33059999999995e-09,1.32887914004914e-09,7.57493857496911e-14,-1.26323981585475e-13,-1.49180149183129e-13,-7.13470278701921e-07
3346.50274,0.41489,4.24424e-07,1.33529999999998e-09,1.32900666900667e-09,-1.14262899263773e-13,-1.3213079874907e-13,-1.45190427802691e-13,-6.94389002534609e-07
3356.6659,0.41615,4.25756e-07,1.33460000000004e-09,1.32865061425062e-09,-2.9966654966709e-13,-1.37622114904003e-13,-1.35561800296862e-13,-6.48339044898036e-07
3366.7484,0.4174,4.270932e-07,1.33140000000002e-09,1.32840733590734e-09,-3.02148122148482e-13,-1.368326492517e-13,-1.179030616993e-13,-5.63884208127087e-07
3376.8309,0.41865,4.284188e-07,1.32724999999998e-09,1.32804631800632e-09,-3.04071604072184e-13,-1.28463928259489e-13,-9.52299028079636e-14,-4.55447361255478e-07
3386.9134,0.4199,4.297477e-07,1.33135e-09,1.32779919269919e-09,-1.45436995435168e-14,-8.31324629885644e-14,-7.28425590471721e-14,-3.48377456312562e-07
3396.9959,0.42115,4.310815e-07,1.32555e-09,1.32801723060723e-09,2.83252018252271e-13,-1.57473243824924e-14,-5.48479614148498e-14,-2.62316337201456e-07
3407.0784,0.4224,4.323988e-07,1.32175000000001e-09,1.3283656967357e-09,2.29912249912159e-13,2.17170480490953e-15,-4.09412924299051e-14,-1.95806181186503e-07
3417.1609,0.42365,4.33725e-07,1.32945000000004e-09,1.32847705510706e-09,-2.13917163910386e-14,-2.62466880725092e-14,-3.04868118803644e-14,-1.45806491601743e-07
3427.32406,0.42491,4.350577e-07,1.32849999999996e-09,1.32832291330291e-09,-2.07850122849948e-13,-5.18016667870621e-14,-2.33993194367102e-14,-1.11909788610353e-07
3437.40656,0.42616,4.36382e-07,1.32814999999996e-09,1.32806135486136e-09,-9.49631449630392e-14,-5.2017720755975e-14,-1.71248516003684e-14,-8.1901464175675e-08
3447.48906,0.42741,4.37714e-07,1.32720000000003e-09,1.32813298701299e-09,8.68848718850532e-14,-1.65953419190276e-14,-9.15591933561845e-15,-4.37891794312187e-08
3457.57156,0.42866,4.390364e-07,1.32350000000003e-09,1.32823512460513e-09,5.20586170582302e-14,1.53193288515279e-14,2.96402740954693e-15,1.41757832630505e-08
3467.65406,0.42991,4.40361e-07,1.32379999999998e-09,1.3282371042471e-09,1.8936468933675e-15,3.93842416562077e-14,1.72956074745635e-14,8.27181227044341e-08
3477.73656,0.43116,4.41684e-07,1.33150000000001e-09,1.32823891189891e-09,3.58529308524419e-14,5.75181670505922e-14,3.12940428624729e-14,1.49667161516175e-07
3487.89972,0.43242,4.43024e-07,1.32995e-09,1.32830881010881e-09,-3.79852579855879e-14,3.9300432433539e-14,4.46969453292003e-14,2.13767999400523e-07
3497.98222,0.43367,4.443439e-07,1.32814999999996e-09,1.32816294138294e-09,-3.10238680238509e-13,2.29870749482157e-14,5.65856265268726e-14,2.70626909476347e-07
3508.06472,0.43492,4.456803e-07,1.32904999999999e-09,1.32768833274833e-09,-1.66532116532532e-13,4.80021855192128e-14,6.9989907329097e-14,3.34734339400029e-07
3518.14722,0.43617,4.47002e-07,1.3246e-09,1.32782987714988e-09,2.96651456650331e-13,9.45477729375665e-14,8.63589114549311e-14,4.1302088087141e-07
3528.22972,0.43742,4.483295e-07,1.33000000000003e-09,1.32828163566163e-09,4.46265356265389e-13,1.27115515488877e-13,1.05192320151374e-13,5.03093705071789e-07
3538.31222,0.43867,4.49662e-07,1.32875000000002e-09,1.32872240786241e-09,3.72063882065264e-13,1.33786798095162e-13,1.23137733708175e-13,5.88919595995619e-07
3548.39472,0.43992,4.50987e-07,1.33e-09,1.32902576342576e-09,2.10119340119519e-13,1.35054511765719e-13,1.34748191669135e-13,6.44447873200211e-07
3558.55788,0.44118,4.52322e-07,1.33535e-09,1.32914264654265e-09,1.33452088450868e-13,1.39945091795423e-13,1.42750425838218e-13,6.82719427921912e-07
3568.64038,0.44243,4.536577e-07,1.32749999999998e-09,1.32929266760267e-09,-3.63390663396982e-14,1.36806029908572e-13,1.49274433265792e-13,7.13921202575527e-07
3578.72288,0.44368,4.54977e-07,1.32550000000001e-09,1.32906996840997e-09,-1.78713583713305e-13,1.30003086026603e-13,1.51689080803002e-13,7.25469516883923e-07
3588.80538,0.44493,4.563087e-07,1.33149999999999e-09,1.32893524043524e-09,1.27839592841098e-13,1.49357905155922e-13,1.47366097957245e-13,7.0479438153465e-07
3598.88788,0.44618,4.5764e-07,1.33064999999998e-09,1.32932564759565e-09,3.82242892243426e-13,1.73496850463529e-13,1.34391675205564e-13,6.42742794461393e-07
3608.97038,0.44743,4.5897e-07,1.33249999999999e-09,1.32969972621973e-09,2.55526500524633e-13,1.41725595292469e-13,1.16205208148241e-13,5.55764038969848e-07
3619.13354,0.44869,4.60305e-07,1.33149999999999e-09,1.3298367005967e-09,2.28992628998318e-14,8.25955334262182e-14,9.74567656176606e-14,4.66097574693159e-07
3629.21604,0.44994,4.61633e-07,1.3239e-09,1.32974552474553e-09,-5.75324675299733e-14,4.75147413838401e-14,7.95897923469478e-14,3.80646832963663e-07
3639.29854,0.45119,4.629528e-07,1.3249e-09,1.32972163566164e-09,-2.16742716732426e-14,3.90016776648478e-14,6.16713462784592e-14,2.94949916983935e-07
3649.38104,0.45244,4.642828e-07,1.33160000000003e-09,1.32970217620218e-09,2.73815373823367e-14,4.90606179560942e-14,4.35677945689926e-14,2.08367713156052e-07
3659.46354,0.45369,4.65616e-07,1.32710000000001e-09,1.3297763987364e-09,1.18553878553576e-13,5.3569518666315e-14,2.83281696249202e-14,1.35482550380053e-07
3669.54604,0.45494,4.66937e-07,1.331e-09,1.32993928395929e-09,2.34248859247851e-13,4.32830035855941e-14,1.6918623543784e-14,8.0915156078967e-08
3679.7092,0.4562,4.68278e-07,1.33650000000002e-09,1.3302448964549e-09,2.86089856089558e-13,1.41050787652964e-14,9.37110916189822e-15,4.48183481656002e-08
3689.7917,0.45745,4.6961e-07,1.32849999999998e-09,1.33051146367147e-09,-7.53562653569514e-14,-2.85063426185354e-14,6.31444375338443e-15,3.01995136031429e-08
3699.8742,0.4587,4.70935e-07,1.32669999999999e-09,1.33009418392418e-09,-4.23025623025321e-13,-3.48680662081057e-14,6.48225518515942e-15,3.10020900159798e-08
3709.9567,0.45995,4.722634e-07,1.32750000000001e-09,1.32966541242541e-09,-2.41493506492867e-13,5.55355876390523e-15,4.85802210786906e-15,2.32340187767651e-08
3720.0392,0.4612,4.7359e-07,1.32854999999998e-09,1.3296111969112e-09,4.09336609337202e-14,3.84184278739996e-14,-1.31600830144225e-15,-6.29395274602815e-09
3730.1217,0.46245,4.749205e-07,1.329e-09,1.32974727974728e-09,1.68903123904526e-13,3.2112776561605e-14,-9.6330070311012e-15,-4.60709031922231e-08
3740.2042,0.4637,4.76248e-07,1.33325000000004e-09,1.32994900315901e-09,1.16167076166958e-13,-6.84331121759666e-15,-1.99805389370423e-14,-9.55590992641153e-08
3750.36736,0.46496,4.77587e-07,1.33800000000001e-09,1.32997961389962e-09,-7.59898209913817e-14,-6.15635918204576e-14,-3.10953833558136e-14,-1.48717050832152e-07
3760.44986,0.46621,4.78924e-07,1.3324e-09,1.32979702351703e-09,-1.15601965601103e-13,-7.82294618412136e-14,-3.66493953539437e-14,-1.75279716910166e-07
3770.53236,0.46746,4.802518e-07,1.327e-09,1.32974840996841e-09,4.31010881020061e-14,-5.07969423612845e-14,-3.08446149330512e-14,-1.47517723592854e-07
3780.61486,0.46871,4.81578e-07,1.32550000000001e-09,1.32988322569323e-09,1.80428220426942e-13,-1.16552496105027e-14,-1.36347664561025e-14,-6.52097526161424e-08
3790.69736,0.46996,4.829028e-07,1.33000000000003e-09,1.33010926640927e-09,2.31760266757777e-13,3.77382303821882e-14,1.00716532827192e-14,4.81687765695266e-08
3800.77986,0.47121,4.84238e-07,1.33479999999997e-09,1.33034674622674e-09,3.89926289917248e-14,6.24415483307185e-14,3.34117389682436e-14,1.59795273326382e-07
3810.94302,0.47247,4.855724e-07,1.32909999999999e-09,1.33018725166725e-09,-3.51318006317801e-13,5.07427475121512e-14,4.86776525348032e-14,2.32806164296885e-07
3821.02552,0.47372,4.868962e-07,1.32719999999998e-09,1.32964411021411e-09,-4.25238680238978e-13,3.68362494754739e-14,5.37999027262632e-14,2.57303882603867e-07
3831.10802,0.47497,4.882268e-07,1.33214999999999e-09,1.32933677430677e-09,-1.87955422954473e-13,3.50960859556278e-14,5.03613050569515e-14,2.40858415489768e-07
3841.19052,0.47622,4.895605e-07,1.32910000000004e-09,1.3292681993682e-09,1.93529308530035e-13,4.13089777942672e-14,4.02443576759787e-14,1.92473014972072e-07
3851.27302,0.47747,4.90885e-07,1.32274999999998e-09,1.32972383292383e-09,6.30809055808917e-13,4.40755606980562e-14,2.90905291622943e-14,1.39128617732712e-07
3861.35552,0.47872,4.92206e-07,1.32229999999999e-09,1.33052981747982e-09,3.790015760648e-13,2.94118518216837e-14,2.02195841022587e-14,9.67023587499329e-08
3871.43802,0.47997,4.935296e-07,1.3324e-09,1.33048183607596e-09,-5.80076256508687e-14,4.32840000292557e-15,1.27137179129548e-14,6.08047378445664e-08
3881.60118,0.48123,4.948708e-07,1.33919999999999e-09,1.33041380222852e-09,-7.80600692361605e-14,-1.48624332241372e-14,3.39439234428656e-15,1.62340503422401e-08
3891.68368,0.48248,4.96208e-07,1.33060000000003e-09,1.33032571593749e-09,-9.81125128184538e-14,-2.42785243896645e-14,-1.4854830930791e-14,-7.10448435820439e-08
3901.76618,0.48373,4.97532e-07,1.327e-09,1.33021757720288e-09,-1.18164956401574e-13,-2.60872973989404e-14,-3.92516735375973e-14,-1.87725395179813e-07
3911.84868,0.48498,4.98862e-07,1.33149999999996e-09,1.33008938602469e-09,-1.38217399981386e-13,-3.94396701767771e-14,-6.74137728121288e-14,-3.22413696058007e-07
3921.93118,0.48623,5.00195e-07,1.32815000000004e-09,1.32994114240292e-09,-1.58269843563679e-13,-8.82292782954819e-14,-9.94875530319878e-14,-4.75810036239942e-07
3932.01368,0.48748,5.015183e-07,1.33000000000003e-09,1.32977284633756e-09,-1.78322287145559e-13,-1.58531380053922e-13,-1.3593278703752e-13,-6.50113329309878e-07
3942.17684,0.48874,5.02855e-07,1.33299999999995e-09,1.32958449782863e-09,-1.98374730727025e-13,-1.87658709870795e-13,-1.74932408894536e-13,-8.36633259930389e-07
3952.25934,0.48999,5.041843e-07,1.32849999999998e-09,1.32937609687611e-09,-2.18427174308491e-13,-2.15120305253532e-13,-2.12839373889465e-13,-1.01792744034092e-06
3962.34184,0.49124,5.05512e-07,1.32835000000002e-09,1.32914764348001e-09,-2.38479617890371e-13,-2.40916166202275e-13,-2.44773166557316e-13,-1.17065427483934e-06
3972.42434,0.49249,5.06841e-07,1.32720000000003e-09,1.32889913764033e-09,-2.58532061472664e-13,-2.65046292716923e-13,-2.68361736423802e-13,-1.28346917420079e-06
3982.50684,0.49374,5.081664e-07,1.32764999999997e-09,1.32863057935706e-09,-2.7858450505413e-13,-2.87510684797371e-13,-2.87510684797386e-13,-1.37505110120489e-06
3992.58934,0.49499,5.094963e-07,1.33675e-09,1.32834196863022e-09,-2.98636948637251e-13,-3.08309342443826e-13,-3.08309342443516e-13,-1.47452294212116e-06
4002.7525,0.49625,5.108399e-07,1.33985000000002e-09,1.32803330545979e-09,-3.18689392217889e-13,-3.27442265656082e-13,-3.27442265655875e-13,-1.56602822704984e-06
4012.835,0.4975,5.12176e-07,1.33104999999997e-09,1.32770458984578e-09,-3.38741835799769e-13,-3.44909454434345e-13,-3.44909454434138e-13,-1.64956695598936e-06
4022.9175,0.49875,5.13502e-07,1.32125e-09,1.32735582178819e-09,-3.58794279381235e-13,-3.60710908778408e-13,-3.60710908778305e-13,-1.72513912893972e-06
4033,0.5,5.148185e-07,1.31650000000002e-09,1.32698700128702e-09,-3.68820501170314e-13,-3.74846628688479e-13,-3.74846628688272e-13,-1.79274474590043e-06
