wvnmbr,Voltage,Current,DerivativeY1,DerivativeY1_1,DerivativeY2,DerivativeY2_1,DerivativeY2_2,Alpha
-4033,-0.5,-1.01261166666667e-06,2.92166666667002e-09,2.8101620978133e-09,-2.42544224898542e-11,-2.70494500322176e-11,-2.70494500322176e-11,NaN
-4022.9175,-0.49875,-1.00969e-06,2.86666666666999e-09,2.78590767532344e-09,-2.37529869442976e-11,-2.53866891682324e-11,-2.53866891682324e-11,NaN
-4012.835,-0.4975,-1.00687833333333e-06,2.77499999999994e-09,2.7626561239247e-09,-2.27501158531844e-11,-2.37769277733544e-11,-2.37769277733544e-11,NaN
-4002.7525,-0.49625,-1.00414e-06,2.71916666666496e-09,2.74040744361707e-09,-2.17472447620711e-11,-2.22201658475837e-11,-2.22201658475837e-11,NaN
-3992.58934,-0.49499,-1.00144e-06,2.67883333333359e-09,2.71916163440056e-09,-2.07443736709576e-11,-2.07164033909203e-11,-2.07164033909203e-11,NaN
-3982.50684,-0.49374,-9.98782333333333e-07,2.64291666666651e-09,2.69891869627516e-09,-1.97415025798444e-11,-1.92656404033642e-11,-1.92656404033642e-11,NaN
-3972.42434,-0.49249,-9.96154166666667e-07,2.62324999999994e-09,2.67967862924087e-09,-1.87386314887313e-11,-1.78678768849153e-11,-1.78678768849153e-11,NaN
-3962.34184,-0.49124,-9.93535833333333e-07,2.61683333333357e-09,2.6614414332977e-09,-1.7735760397618e-11,-1.65231128355736e-11,-1.65231128355736e-11,NaN
-3952.25934,-0.48999,-9.909205e-07,2.60375000000003e-09,2.64420710844564e-09,-1.67328893065047e-11,-1.52313482553393e-11,-1.52313482553393e-11,NaN
-3942.17684,-0.48874,-9.88328333333333e-07,2.60699999999997e-09,2.62797565468469e-09,-1.57300182153913e-11,-1.39925831442122e-11,-1.39925831442122e-11,NaN
-3932.01368,-0.48748,-9.857065e-07,2.58983333333293e-09,2.61274707201485e-09,-1.4727147124278e-11,-1.28068175021923e-11,-1.28068175021923e-11,NaN
-3921.93118,-0.48623,-9.83148666666667e-07,2.56208333333349e-09,2.59852136043613e-09,-1.37242760331647e-11,-1.16740513292798e-11,-1.16740513292798e-11,NaN
-3911.84868,-0.48498,-9.80582333333333e-07,2.56491666666711e-09,2.58529851994852e-09,-1.27214049420515e-11,-1.05942846254745e-11,-1.05942846254745e-11,NaN
-3901.76618,-0.48373,-9.78018833333333e-07,2.55983333333295e-09,2.57307855055203e-09,-1.17185338509384e-11,-9.56751739077644e-12,-9.56751739077644e-12,NaN
-3891.68368,-0.48248,-9.75462666666667e-07,2.55991666666644e-09,2.56186145224665e-09,-1.07156627598249e-11,-8.59374962518568e-12,-8.59374962518567e-12,NaN
-3881.60118,-0.48123,-9.72899e-07,2.56416666666714e-09,2.55164722503238e-09,-9.71279166871155e-12,-7.67298132870217e-12,-7.67298132870217e-12,NaN
-3871.43802,-0.47997,-9.70334333333333e-07,2.55049999999999e-09,2.54243586890922e-09,-8.70992057759843e-12,-6.80521250132594e-12,-6.81892952600269e-12,NaN
-3861.35552,-0.47872,-9.67798e-07,2.54249999999988e-09,2.53422738387718e-09,-4.48986612658522e-12,-5.99044314305697e-12,-5.95988857297712e-12,NaN
-3851.27302,-0.47747,-9.65249333333333e-07,2.54500000000005e-09,2.53345613665605e-09,-7.46255996124175e-13,-5.06864129933312e-12,-5.08769240902557e-12,NaN
-3841.19052,-0.47622,-9.62708e-07,2.53591666666652e-09,2.53273487188493e-09,-3.25751725680559e-13,-4.23624499985709e-12,-4.23628643529755e-12,NaN
-3831.10802,-0.47497,-9.601775e-07,2.53258333333342e-09,2.53280463320469e-09,-6.87024687428514e-14,-3.46742932791963e-12,-3.46221366592746e-12,NaN
-3821.02552,-0.47372,-9.57642833333333e-07,2.52966666666651e-09,2.53259746694745e-09,-5.60998011023491e-13,-2.73588595333942e-12,-2.72828050683908e-12,NaN
-3810.94302,-0.47247,-9.55118166666667e-07,2.53975000000007e-09,2.53168263718265e-09,-1.21444073942871e-12,-2.07615593584377e-12,-2.09198752260328e-12,NaN
-3800.77986,-0.47121,-9.52563333333333e-07,2.54075000000004e-09,2.53016858546859e-09,-1.76613139113644e-12,-1.61151054433061e-12,-1.62373453212864e-12,NaN
-3790.69736,-0.46996,-9.50036666666667e-07,2.52983333333297e-09,2.52815037440037e-09,-1.8223850473845e-12,-1.2805192021703e-12,-1.25640518060816e-12,NaN
-3780.61486,-0.46871,-9.47503666666667e-07,2.52841666666695e-09,2.52652381537382e-09,-1.30881303381491e-12,-8.79138141756179e-13,-8.66001863114442e-13,NaN
-3770.53236,-0.46746,-9.44979833333333e-07,2.528166666667e-09,2.52553274833274e-09,-6.83903708908134e-13,-4.84653847039956e-13,-5.0954601885699e-13,NaN
-3760.44986,-0.46621,-9.42447333333333e-07,2.53266666666649e-09,2.52515600795601e-09,-6.15122265125043e-13,-3.27609386126951e-13,-3.27943164134955e-13,NaN
-3750.36736,-0.46496,-9.399145e-07,2.52941666666656e-09,2.52430250380249e-09,-1.11125833626045e-12,-3.48139155923751e-13,-3.46048362337406e-13,NaN
-3740.2042,-0.4637,-9.373885e-07,2.51983333333354e-09,2.52293349128348e-09,-1.50366210364811e-12,-4.8248347657689e-13,-4.87419893270535e-13,NaN
-3730.1217,-0.46245,-9.34874833333333e-07,2.52083333333341e-09,2.5212951795952e-09,-1.59434304433804e-12,-6.91275260073587e-13,-6.8450792715304e-13,NaN
-3720.0392,-0.4612,-9.32346833333333e-07,2.52066666666653e-09,2.51974480519481e-09,-7.95869895882202e-13,-8.77555890308537e-13,-8.74576287202173e-13,NaN
-3709.9567,-0.45995,-9.298335e-07,2.50666666666656e-09,2.51970343980343e-09,2.10600217043225e-16,-1.02331896858281e-12,-1.02305548555174e-12,NaN
-3699.8742,-0.4587,-9.273335e-07,2.50733333333351e-09,2.51974522639524e-09,-5.05133380119149e-13,-1.14532013243838e-12,-1.15800298987695e-12,NaN
-3689.7917,-0.45745,-9.24818833333333e-07,2.49175000000001e-09,2.51869317304319e-09,-1.19945302445644e-12,-1.26338898811303e-12,-1.25189723813711e-12,NaN
-3679.7092,-0.4562,-9.2235e-07,2.53283333333295e-09,2.51734632034633e-09,-9.83622908634138e-13,-1.24938847172791e-12,-1.24570394423877e-12,NaN
-3669.54604,-0.45494,-9.19753166666667e-07,2.55966666666649e-09,2.51672592722593e-09,-9.46840996847214e-13,-1.10925193578986e-12,-1.11568774655498e-12,NaN
-3659.46354,-0.45369,-9.17230666666667e-07,2.51416666666703e-09,2.51545263835264e-09,-1.19271089270505e-12,-8.91898886845671e-13,-8.81548171160763e-13,NaN
-3649.38104,-0.45244,-9.14724833333333e-07,2.50466666666704e-09,2.51434050544052e-09,-2.30574178073686e-12,-5.7116437251567e-13,-5.76128921074982e-13,NaN
-3639.29854,-0.45119,-9.12221333333333e-07,2.50983333333295e-09,2.51084115479116e-09,-2.89160524160663e-12,-2.41641790077443e-13,-2.44683268135068e-13,NaN
-3629.21604,-0.44994,-9.09705166666667e-07,2.50949999999992e-09,2.5085572949573e-09,-3.51620451624364e-13,5.99951963834034e-14,5.86767910513608e-14,NaN
-3619.13354,-0.44869,-9.07202333333333e-07,2.51875000000002e-09,2.51013791388791e-09,1.33802796301752e-12,3.32556833453558e-13,3.3112772743732e-13,NaN
-3608.97038,-0.44743,-9.04667666666667e-07,2.52e-09,2.51123335088334e-09,-1.96508716508143e-12,5.90234763260206e-13,5.9239756504797e-13,NaN
-3598.88788,-0.44618,-9.02162333333333e-07,2.50591666666707e-09,2.50620773955775e-09,-4.244155844138e-12,8.63893531453312e-13,8.67229086732823e-13,NaN
-3588.80538,-0.44493,-8.99655833333333e-07,2.50700000000001e-09,2.50274503919506e-09,-9.62875862879299e-13,1.15916499615893e-12,1.15913826620541e-12,NaN
-3578.72288,-0.44368,-8.97148333333333e-07,2.51366666666649e-09,2.50428198783199e-09,1.84353574352018e-12,1.44276620390881e-12,1.44179060476039e-12,NaN
-3568.64038,-0.44243,-8.946285e-07,2.50525000000002e-09,2.5064321106821e-09,3.8784719784692e-12,1.68172605069244e-12,1.67917977126196e-12,NaN
-3558.55788,-0.44118,-8.92137833333333e-07,2.51999999999995e-09,2.51203893178893e-09,5.52478062478626e-12,1.85445542256417e-12,1.84740885402418e-12,NaN
-3548.39472,-0.43992,-8.895885e-07,2.52124999999998e-09,2.51748167193167e-09,5.08769743769775e-12,1.96907179893394e-12,1.97685216842384e-12,NaN
-3538.31222,-0.43867,-8.87095333333333e-07,2.49049999999998e-09,2.52221432666433e-09,4.03404118404105e-12,2.11590262551163e-12,2.12418074428228e-12,NaN
-3528.22972,-0.43742,-8.846075e-07,2.49491666666656e-09,2.52554975429976e-09,3.1362554112585e-12,2.29450437062498e-12,2.28846310396277e-12,NaN
-3518.14722,-0.43617,-8.821055e-07,2.51141666666653e-09,2.52848683748684e-09,2.56493213992522e-12,2.40785545027748e-12,2.40250660600094e-12,NaN
-3508.06472,-0.43492,-8.79584666666667e-07,2.51558333333348e-09,2.53067961857961e-09,2.74955539954209e-12,2.42941572486502e-12,2.43279606680717e-12,NaN
-3497.98222,-0.43367,-8.77074333333333e-07,2.505416666667e-09,2.53398594828593e-09,3.78267228266473e-12,2.3950482380098e-12,2.39598232233344e-12,NaN
-3487.89972,-0.43242,-8.74573833333333e-07,2.51524999999997e-09,2.53824496314494e-09,3.20850298350685e-12,2.30117871067563e-12,2.30794176618423e-12,NaN
-3477.73656,-0.43116,-8.72043833333333e-07,2.51141666666648e-09,2.54040295425294e-09,1.59292734294741e-12,2.13333521338388e-12,2.12410714578849e-12,NaN
-3467.65406,-0.42991,-8.69551e-07,2.57491666666654e-09,2.54143081783083e-09,1.04995612496007e-12,1.79814350238889e-12,1.77674897885671e-12,NaN
-3457.57156,-0.42866,-8.66894e-07,2.57775000000001e-09,2.54250286650286e-09,9.08213408198403e-13,1.30989012255783e-12,1.33341345748117e-12,NaN
-3447.48906,-0.42741,-8.643955e-07,2.50058333333354e-09,2.54324724464723e-09,6.30288405282298e-13,9.32464393299973e-13,9.68420356897547e-13,NaN
-3437.40656,-0.42616,-8.61892833333333e-07,2.50041666666655e-09,2.54376344331342e-09,3.08775008773485e-13,6.55316726585607e-13,6.17335823782121e-13,NaN
-3427.32406,-0.42491,-8.59394666666667e-07,2.66183333333296e-09,2.54386479466477e-09,-2.5231952731102e-13,4.84112924133407e-14,8.74121236243169e-15,NaN
-3417.1609,-0.42365,-8.56569166666667e-07,2.66799999999996e-09,2.5432588042588e-09,-8.52878202866636e-13,-8.75177206510888e-13,-8.36718568751175e-13,NaN
-3407.0784,-0.4224,-8.54058666666667e-07,2.58708333333349e-09,2.54215903825904e-09,-1.28467005966985e-12,-1.6395564668872e-12,-1.63853575813056e-12,NaN
-3396.9959,-0.42115,-8.51395e-07,2.58783333333351e-09,2.54068946413946e-09,-1.68671756172104e-12,-2.21751829261238e-12,-2.21784449878281e-12,NaN
-3386.9134,-0.4199,-8.48883e-07,2.50150000000002e-09,2.5387856031356e-09,-1.65499005498971e-12,-2.59376275641065e-12,-2.57677475709199e-12,NaN
-3376.8309,-0.41865,-8.46392e-07,2.49550000000001e-09,2.53737948402948e-09,-1.55721598221147e-12,-2.74918419235121e-12,-2.76123596183184e-12,NaN
-3366.7484,-0.4174,-8.43892e-07,2.50149999999996e-09,2.53567117117118e-09,-2.71089856089863e-12,-2.86287025988756e-12,-2.86765285279048e-12,NaN
-3356.6659,-0.41615,-8.41389e-07,2.50991666666644e-09,2.53195768690769e-09,-3.93726161226692e-12,-2.97330464119921e-12,-2.97405440123388e-12,NaN
-3346.50274,-0.41489,-8.38872166666667e-07,2.50900000000007e-09,2.52779664794664e-09,-4.34687024687599e-12,-3.06317410126493e-12,-3.06371236032976e-12,NaN
-3336.42024,-0.41364,-8.36371e-07,2.49566666666711e-09,2.52326394641393e-09,-4.52254884754559e-12,-3.10641820465903e-12,-3.10562046942531e-12,NaN
-3326.33774,-0.41239,-8.33880833333333e-07,2.49799999999992e-09,2.51875155025155e-09,-4.67938750437335e-12,-3.07069682686612e-12,-3.06219061973202e-12,NaN
-3316.25524,-0.41114,-8.31375e-07,2.50074999999989e-09,2.51390517140519e-09,-4.8886392886343e-12,-2.93297675443086e-12,-2.93506052283041e-12,NaN
-3306.17274,-0.40989,-8.28879333333333e-07,2.50049999999999e-09,2.50897427167428e-09,-5.06629226629753e-12,-2.76946385712903e-12,-2.77847245613583e-12,NaN
-3296.09024,-0.40864,-8.26374e-07,2.50708333333308e-09,2.50377258687259e-09,-3.94636714636909e-12,-2.63205337340829e-12,-2.62966794147699e-12,NaN
-3285.92708,-0.40738,-8.23865166666667e-07,2.50050000000004e-09,2.50108153738154e-09,-2.47663215162959e-12,-2.4675402199703e-12,-2.46338692852691e-12,NaN
-3275.84458,-0.40613,-8.21373e-07,2.49633333333347e-09,2.49881932256933e-09,-3.67944307944403e-12,-2.25054935271518e-12,-2.25091242376098e-12,NaN
-3265.76342433334,-0.404880166666667,-8.188725e-07,2.501e-09,2.49372265122266e-09,-5.2235872235912e-12,-2.00416079438268e-12,-2.00528124692128e-12,NaN
-3255.67958,-0.40363,-8.16371e-07,2.50500000000001e-09,2.48837214812215e-09,-1.64078624079562e-12,-1.74721873884491e-12,-1.74764777778698e-12,NaN
-3245.59708,-0.40238,-8.138625e-07,2.49849999999999e-09,2.49044107874107e-09,3.03928278927218e-12,-1.48549543369035e-12,-1.48492725902219e-12,NaN
-3235.51458,-0.40113,-8.11374e-07,2.49974999999997e-09,2.4944507137007e-09,2.94128349128649e-12,-1.21975767218331e-12,-1.22048714797771e-12,NaN
-3225.35142,-0.39987,-8.08863e-07,2.50599999999998e-09,2.49632364572364e-09,2.45809348310141e-12,-9.57400952049987e-13,-9.59155246295517e-13,NaN
-3215.26892,-0.39862,-8.06362e-07,2.49833333333348e-09,2.4993669006669e-09,1.29331929332265e-12,-6.97310220081925e-13,-6.96210509634808e-13,NaN
-3205.18642,-0.39737,-8.03866333333333e-07,2.49116666666656e-09,2.49891028431028e-09,-5.66976716979001e-13,-4.17903656872802e-13,-4.11254358935799e-13,NaN
-3195.10392,-0.39612,-8.01379666666667e-07,2.49066666666654e-09,2.49823294723294e-09,-3.25096525100302e-13,-1.10429398232666e-13,-1.12055530533541e-13,NaN
-3185.02142,-0.39487,-7.98885e-07,2.49433333333347e-09,2.49826009126008e-09,1.71928746922211e-13,1.56289277430063e-13,1.50604555086742e-13,NaN
-3174.93892,-0.39362,-7.96391e-07,2.49375000000002e-09,2.49857680472678e-09,2.98046098040249e-13,3.32400635217183e-13,3.31295062009873e-13,NaN
-3164.85642,-0.39237,-7.938975e-07,2.5085e-09,2.49885618345616e-09,-4.62676962572693e-14,4.34374700902578e-13,4.35697618215968e-13,NaN
-3154.69326,-0.39111,-7.91374e-07,2.50666666666646e-09,2.49848426933427e-09,-5.10617760606087e-13,4.91579854345413e-13,4.93902639147109e-13,NaN
-3144.61076,-0.38986,-7.88884166666667e-07,2.49624999999998e-09,2.49783494793495e-09,-4.97633672632225e-13,5.1795044008197e-13,5.17587507091685e-13,NaN
-3134.52826,-0.38861,-7.863815e-07,2.4990833333335e-09,2.49748900198901e-09,-1.40897390893924e-13,5.00321646628747e-13,4.96618987944016e-13,NaN
-3124.44576,-0.38736,-7.83886e-07,2.49325e-09,2.49755315315316e-09,2.20729495726059e-13,4.29762880722234e-13,4.29811927895319e-13,NaN
-3114.36326,-0.38611,-7.81395e-07,2.49916666666651e-09,2.49793046098046e-09,1.85415935406363e-13,3.40541233754116e-13,3.50309615903792e-13,NaN
-3104.28076,-0.38486,-7.78887666666667e-07,2.50491666666651e-09,2.49792398502398e-09,-1.75576225574917e-13,2.66351580096756e-13,2.63438883122252e-13,NaN
-3094.1176,-0.3836,-7.76385166666667e-07,2.49641666666702e-09,2.49757930852931e-09,-2.41306891302473e-13,1.26924335709635e-13,1.04537148266094e-13,NaN
-3084.0351,-0.38235,-7.73894833333333e-07,2.49249999999998e-09,2.49744137124137e-09,4.5934245935331e-14,-1.24028618745218e-13,-1.14532701238397e-13,NaN
-3073.9526,-0.3811,-7.71400166666667e-07,2.49550000000001e-09,2.49767117702118e-09,1.63536913537236e-13,-2.71611549097795e-13,-2.46650550353268e-13,NaN
-3063.8701,-0.37985,-7.68903833333333e-07,2.49725000000001e-09,2.49776844506845e-09,9.44161694132195e-14,-2.11714425424335e-13,-2.25315073582506e-13,NaN
-3053.7876,-0.3786,-7.66405666666667e-07,2.49891666666651e-09,2.49786000936001e-09,2.0962325961905e-13,-1.31438869820557e-13,-1.32058100933161e-13,NaN
-3043.7051,-0.37735,-7.63906e-07,2.49550000000001e-09,2.49818769158768e-09,2.01120276129106e-13,-5.92122758701884e-14,-5.74541491507988e-14,NaN
-3033.6226,-0.3761,-7.61414666666667e-07,2.50299999999995e-09,2.49826224991226e-09,1.60758160915904e-14,-1.62376741765717e-14,-2.72400623271775e-14,NaN
-3023.45944,-0.37484,-7.589e-07,2.50283333333349e-09,2.49821984321987e-09,-3.99613899616893e-13,-4.42295737359268e-14,-3.87200804726484e-14,NaN
-3013.37694,-0.37359,-7.56409e-07,2.49150000000001e-09,2.49746302211303e-09,-7.52041652050715e-13,-5.65412884540727e-14,-5.17028594086497e-14,NaN
-3003.29444,-0.37234,-7.53917e-07,2.49300000000005e-09,2.49671575991577e-09,-3.92564642561388e-13,-3.08035536417419e-14,-3.01934665961413e-14,NaN
-2993.21194,-0.37109,-7.51423e-07,2.49450000000004e-09,2.49667789282791e-09,2.55569205577261e-13,-1.09544347293408e-15,-4.00614103172172e-15,NaN
-2983.12944,-0.36984,-7.48928e-07,2.49649999999999e-09,2.49722689832692e-09,4.14721539717442e-13,-8.61371432032259e-15,-1.26832246923193e-14,NaN
-2973.04694,-0.36859,-7.4643e-07,2.50549999999997e-09,2.49750733590734e-09,1.2403474902087e-13,-6.05969843707248e-14,-6.02980752668172e-14,NaN
-2962.88378,-0.36733,-7.43917e-07,2.50299999999995e-09,2.49747496782496e-09,-1.2056277056537e-13,-1.1680625080433e-13,-1.13878102668778e-13,NaN
-2952.80128,-0.36608,-7.41424e-07,2.49366666666652e-09,2.49726621036621e-09,-3.22876447873309e-13,-1.40489783680248e-13,-1.37661460868326e-13,NaN
-2942.71878,-0.36483,-7.38929666666667e-07,2.49300000000005e-09,2.49682921492922e-09,6.21855621827686e-14,-1.2905758130569e-13,-1.28645093887847e-13,NaN
-2932.63628,-0.36358,-7.36438e-07,2.49583333333346e-09,2.49739058149058e-09,4.26831051821474e-13,-1.1291674146029e-13,-1.17107034673385e-13,NaN
-2922.55378,-0.36233,-7.33938e-07,2.49949999999996e-09,2.49768287703286e-09,-4.82537732491689e-14,-1.27286715131852e-13,-1.28630548708026e-13,NaN
-2912.47128,-0.36108,-7.31439e-07,2.50000000000003e-09,2.49729407394408e-09,-3.53881478867848e-13,-1.58500199155402e-13,-1.56261865587399e-13,NaN
-2902.30812,-0.35982,-7.28938e-07,2.497e-09,2.49697511407512e-09,-3.36316836318466e-13,-1.77211831977267e-13,-1.76088387936297e-13,NaN
-2892.22562,-0.35857,-7.26445e-07,2.49400000000002e-09,2.49662144027144e-09,-4.98010998013442e-13,-1.80190143670485e-13,-1.81730579824477e-13,NaN
-2882.14312,-0.35732,-7.2395e-07,2.49483333333348e-09,2.4959790920791e-09,-4.09006084007594e-13,-1.77310511452743e-13,-1.76560115770085e-13,NaN
-2872.06062,-0.35607,-7.21455333333333e-07,2.49658333333348e-09,2.49580342810343e-09,-5.44050544399541e-15,-1.60476557411821e-13,-1.58692152535183e-13,NaN
-2861.97812,-0.35482,-7.18956833333333e-07,2.49583333333304e-09,2.49596821106821e-09,8.29443079414619e-14,-1.30346519933171e-13,-1.29701290506143e-13,NaN
-2851.89562,-0.35357,-7.16463666666667e-07,2.48933333333302e-09,2.49596931671931e-09,3.6872586873411e-14,-1.08396694296361e-13,-1.11183947497858e-13,NaN
-2841.81312,-0.35232,-7.13978166666667e-07,2.50333333333351e-09,2.49604195624195e-09,-1.91216216215557e-13,-1.23631052429622e-13,-1.2846573761807e-13,NaN
-2831.64996,-0.35106,-7.11457e-07,2.50758333333352e-09,2.49558688428688e-09,-6.81063531062404e-13,-1.72535612243716e-13,-1.69569618621203e-13,NaN
-2821.56746,-0.34981,-7.08963e-07,2.48966666666652e-09,2.49467982917983e-09,-7.2679302678355e-13,-1.95191731117512e-13,-1.89575747941634e-13,NaN
-2811.48496,-0.34856,-7.06477666666667e-07,2.48941666666646e-09,2.49413329823331e-09,-2.41365391360212e-13,-1.66284025359189e-13,-1.66961982757249e-13,NaN
-2801.40246,-0.34731,-7.03984166666667e-07,2.49533333333345e-09,2.49419709839711e-09,3.29998829997214e-13,-1.26016914995502e-13,-1.29100420131654e-13,NaN
-2791.31996,-0.34606,-7.01487e-07,2.49258333333353e-09,2.49479329589331e-09,4.70837720834019e-13,-1.06685317075841e-13,-1.06980077096146e-13,NaN
-2781.23746,-0.34481,-6.98999e-07,2.49950000000002e-09,2.49513877383878e-09,1.10471510469371e-13,-1.04609922061161e-13,-1.08465944948466e-13,NaN
-2771.0743,-0.34355,-6.96488e-07,2.49950000000002e-09,2.49501423891424e-09,-3.19223119223328e-13,-1.12672553508853e-13,-1.07850659865998e-13,NaN
-2760.9918,-0.3423,-6.94e-07,2.48000000000001e-09,2.49450032760033e-09,-4.69395694400746e-13,-7.87681012910871e-14,-7.22102464171356e-14,NaN
-2750.9093,-0.34105,-6.91528e-07,2.49033333333347e-09,2.49407544752544e-09,-1.52073827073902e-13,-7.04688111334548e-15,-1.4223280393795e-14,NaN
-2740.8268,-0.3398,-6.89019333333333e-07,2.49841666666649e-09,2.49419617994618e-09,1.74719199729791e-13,2.18324844561218e-14,1.89991292077697e-14,NaN
-2730.7443,-0.33855,-6.86531166666667e-07,2.49216666666653e-09,2.4944248859249e-09,2.58406458409568e-13,1.0936031120976e-14,1.45971309449632e-14,NaN
-2720.6618,-0.3373,-6.84035e-07,2.49458333333353e-09,2.494712992863e-09,1.47964197955315e-13,-3.61439418434673e-15,-5.71749945938824e-15,NaN
-2710.5793,-0.33605,-6.81542e-07,2.50399999999998e-09,2.49472081432081e-09,5.80086580110472e-14,-2.84097758052609e-14,-2.98180793791238e-14,NaN
-2700.41614,-0.33479,-6.79027e-07,2.49649999999999e-09,2.49482901017902e-09,-5.69936819779097e-14,-4.55048698783634e-14,-4.07647160912318e-14,NaN
-2690.33364,-0.33354,-6.76549e-07,2.48375e-09,2.49460682695686e-09,-3.13832338829476e-13,-2.05242241785175e-14,-1.95758461519605e-14,NaN
-2680.25114,-0.33229,-6.740595e-07,2.49400000000002e-09,2.49420134550136e-09,-3.0450450451757e-13,2.56058193362116e-14,2.52725157530799e-14,NaN
-2670.16864,-0.33104,-6.71561e-07,2.49375000000002e-09,2.49399781794782e-09,1.28068328061563e-13,6.0894508397927e-14,5.9403391005351e-14,NaN
-2660.08614,-0.32979,-6.69072e-07,2.49483333333348e-09,2.49445748215749e-09,5.4566807067185e-13,5.72396325419355e-14,5.24622048688255e-14,NaN
-2650.00364,-0.32854,-6.66571333333333e-07,2.50749999999997e-09,2.49508915408917e-09,2.91593541592049e-13,3.93535088359753e-15,4.29370511710423e-15,NaN
-2639.84048,-0.32728,-6.64057e-07,2.50266666666645e-09,2.49504066924067e-09,-2.39162864172193e-13,-5.3987521275443e-14,-5.13598339109057e-14,NaN
-2629.75798,-0.32603,-6.61566e-07,2.49050000000003e-09,2.49461082836082e-09,-2.88013338017499e-13,-7.56789680244534e-14,-7.26860687986779e-14,NaN
-2619.67548,-0.32478,-6.59076e-07,2.48650000000003e-09,2.49446464256464e-09,-1.46396396330518e-14,-5.09453260389701e-14,-4.90828074363184e-14,NaN
-2609.59298,-0.32353,-6.56593e-07,2.49033333333347e-09,2.49458154908155e-09,2.17722592726288e-13,-4.51008962857643e-15,-7.1043093921505e-15,NaN
-2599.51048,-0.32228,-6.54095333333333e-07,2.49166666666647e-09,2.49490008775009e-09,3.0387855387178e-13,1.71738631995414e-14,1.42970124375592e-14,NaN
-2589.42798,-0.32103,-6.51609666666667e-07,2.49975000000002e-09,2.4951893061893e-09,-2.84032409035616e-13,-2.08044832010509e-15,-3.75335217915237e-15,NaN
-2579.26482,-0.31977,-6.49095833333333e-07,2.50191666666701e-09,2.49433202293202e-09,-8.47829647824859e-13,-4.48967460632121e-14,-4.3078511092471e-14,NaN
-2569.18232,-0.31852,-6.46605833333333e-07,2.49441666666649e-09,2.49349364689365e-09,-3.95439920441431e-13,-7.43815402165907e-14,-7.34590708311331e-14,NaN
-2559.09982,-0.31727,-6.44107e-07,2.49333333333302e-09,2.49354114309114e-09,1.9890604889794e-13,-7.48540822923644e-14,-7.20419088406653e-14,NaN
-2549.01732,-0.31602,-6.41619166666667e-07,2.48883333333348e-09,2.49389145899144e-09,3.34248859249743e-13,-4.13957666329955e-14,-4.11053055618659e-14,NaN
-2538.93482,-0.31477,-6.39129333333333e-07,2.49116666666698e-09,2.49420964080964e-09,4.46718146720245e-13,-1.89667785076959e-15,-4.86103868689188e-15,NaN
-2528.85232,-0.31352,-6.36636833333333e-07,2.48816666666653e-09,2.49478489528489e-09,3.74622674620448e-13,1.23643869455156e-14,1.27520549796589e-14,NaN
-2518.76982,-0.31227,-6.34153e-07,2.49741666666652e-09,2.49495888615888e-09,-2.15312390312108e-13,4.69284040182242e-15,2.26239033013072e-15,NaN
-2508.60666,-0.31101,-6.31642e-07,2.50299999999995e-09,2.49435427050426e-09,-7.18111618111101e-13,-2.61286985675584e-14,-2.68349203379813e-14,NaN
-2498.52416,-0.30976,-6.29147e-07,2.49199999999997e-09,2.49352266292265e-09,-6.59029484028409e-13,-5.29623602119327e-14,-4.87924937653714e-14,NaN
-2488.44166,-0.30851,-6.26658e-07,2.49000000000002e-09,2.4930362115362e-09,-6.66257166210377e-14,-4.04310207923384e-14,-3.76982695167428e-14,NaN
-2478.35916,-0.30726,-6.24167e-07,2.49250000000003e-09,2.49338941148941e-09,5.84485784490271e-13,-1.80599844636137e-15,-4.66582490831054e-15,NaN
-2468.27666,-0.30601,-6.21673e-07,2.49100000000005e-09,2.49420518310518e-09,6.41499941499691e-13,1.77592904731306e-14,1.48602576081222e-14,NaN
-2458.19416,-0.30476,-6.19185e-07,2.49849999999999e-09,2.49467241137241e-09,2.81443781442446e-13,6.47607166934344e-15,6.60910643445903e-15,NaN
-2448.031,-0.3035,-6.16676e-07,2.49849999999994e-09,2.49476807066807e-09,-2.07558207562303e-13,-1.36223790627528e-14,-1.30365999044445e-14,NaN
-2437.9485,-0.30225,-6.14188e-07,2.48941666666651e-09,2.49425729495729e-09,-5.65280215276643e-13,-2.20548581878701e-14,-2.0037153975163e-14,NaN
-2427.866,-0.301,-6.11697166666667e-07,2.49100000000005e-09,2.49363751023752e-09,-3.89326664325678e-13,-5.17425235098445e-15,-1.02255808844638e-15,NaN
-2417.7835,-0.29975,-6.09206e-07,2.49258333333353e-09,2.49347864162864e-09,7.93758043664243e-14,2.71266693213454e-14,2.34914951578349e-14,NaN
-2407.701,-0.2985,-6.06712e-07,2.49899999999995e-09,2.49379626184625e-09,4.56826956832263e-13,1.65187046396166e-14,8.8408789790718e-15,NaN
-2397.6185,-0.29725,-6.04208e-07,2.50899999999996e-09,2.4943922955423e-09,5.19149994155609e-13,-5.29169833447182e-14,-5.01550394987165e-14,NaN
-2387.45534,-0.29599,-6.01694e-07,2.49900000000005e-09,2.49483456183456e-09,2.84146484137879e-13,-1.0752459887385e-13,-1.01654079441436e-13,NaN
-2377.37284,-0.29474,-5.9921e-07,2.48499999999999e-09,2.49496058851058e-09,-3.78887328889842e-13,-1.05871024393323e-13,-1.06888847371971e-13,NaN
-2367.29034,-0.29349,-5.96724e-07,2.48499999999999e-09,2.49407678717678e-09,-7.27889902878001e-13,-7.50125357268491e-14,-7.46439589580341e-14,NaN
-2357.20784,-0.29224,-5.9424e-07,2.48750000000005e-09,2.49350480870482e-09,-3.41429741422495e-13,-3.01308072805856e-14,-2.87014929133269e-14,NaN
-2347.12534,-0.29099,-5.91749e-07,2.4895e-09,2.49339392769394e-09,2.83432783391728e-14,9.2924242364666e-15,6.37521438289397e-15,NaN
-2337.04284,-0.28974,-5.89261e-07,2.493e-09,2.4935614952615e-09,3.24938574935245e-13,7.10008783062203e-15,4.09069243311057e-15,NaN
-2326.96034,-0.28849,-5.86763e-07,2.50900000000001e-09,2.49404380484381e-09,2.44840294839889e-13,-3.88307725334575e-14,-4.04482238633324e-14,NaN
-2316.79718,-0.28723,-5.84243e-07,2.50399999999998e-09,2.49405117585118e-09,-2.60038610038299e-13,-9.55134999201431e-14,-9.2390030728496e-14,NaN
-2306.71468,-0.28598,-5.81755e-07,2.4855e-09,2.49352372762373e-09,-4.43418743419369e-13,-1.11091171878598e-13,-1.05783841793459e-13,NaN
-2296.63218,-0.28473,-5.79272e-07,2.48699999999999e-09,2.49316433836434e-09,-2.06528606526776e-13,-7.0147339860535e-14,-7.1185932123037e-14,NaN
-2286.54968,-0.28348,-5.76781e-07,2.49216666666648e-09,2.49311067041068e-09,-1.62337662305914e-14,-1.91844063109534e-14,-2.14826345871627e-14,NaN
-2276.46718,-0.28223,-5.74287666666667e-07,2.48850000000003e-09,2.49313187083188e-09,1.04185679185552e-13,7.41213605433773e-15,6.55312502617539e-15,NaN
-2266.38468,-0.28098,-5.71804e-07,2.49683333333349e-09,2.49331904176905e-09,1.17354042348293e-13,2.0694577419719e-15,-1.11992844589254e-15,NaN
-2256.22152,-0.27972,-5.69294e-07,2.50341666666647e-09,2.49336657891657e-09,-1.99798174805297e-13,-3.27634754128565e-14,-3.1361878034724e-14,NaN
-2246.13902,-0.27847,-5.66797166666667e-07,2.49450000000004e-09,2.49291944541944e-09,-4.64911664911883e-13,-5.74281920498681e-14,-5.51785278219046e-14,NaN
-2236.05652,-0.27722,-5.64305e-07,2.4915833333335e-09,2.49243675558675e-09,-9.85842985792061e-14,-4.86181902203292e-14,-4.74575313068405e-14,NaN
-2225.97402,-0.27597,-5.61814e-07,2.48800000000002e-09,2.49272227682228e-09,6.52372177378431e-13,-9.27305063507982e-15,-8.10352403031287e-15,NaN
-2215.89152,-0.27472,-5.59329e-07,2.48300000000004e-09,2.49374149994151e-09,8.02767052771371e-13,4.41266253376725e-14,4.42928488815821e-14,NaN
-2205.80902,-0.27347,-5.56848e-07,2.48699999999999e-09,2.49432781092782e-09,2.01430326432374e-13,8.14557592741057e-14,7.74144476257551e-14,NaN
-2195.72652,-0.27222,-5.54355e-07,2.50624999999999e-09,2.49414436059437e-09,-2.83450333447865e-13,7.06499980714523e-14,6.74817125610822e-14,NaN
-2185.56336,-0.27096,-5.518355e-07,2.50349999999997e-09,2.49376091026093e-09,-4.93348543347657e-13,2.67936245243685e-14,3.03679810261384e-14,NaN
-2175.48086,-0.26971,-5.49348e-07,2.48925e-09,2.49315766350768e-09,-4.37870012873695e-13,1.93425238182794e-15,3.80414693749566e-15,NaN
-2165.39836,-0.26846,-5.46857e-07,2.49050000000003e-09,2.49288517023518e-09,-8.6495261501928e-14,6.41866953882136e-15,8.04353207494264e-15,NaN
-2155.31586,-0.26721,-5.44367e-07,2.4895e-09,2.49298467298467e-09,3.5666315666349e-13,2.87782274075494e-14,2.82420455335011e-14,NaN
-2145.23336,-0.26596,-5.41878e-07,2.48949999999995e-09,2.4935984965485e-09,6.17857142861424e-13,3.8587547812131e-14,3.46105009434999e-14,NaN
-2135.15086,-0.26471,-5.39388e-07,2.49950000000002e-09,2.4942203872704e-09,2.72048672042872e-13,1.16767077739145e-14,1.04641847086575e-14,NaN
-2124.9877,-0.26345,-5.36879e-07,2.49900000000005e-09,2.49414259389259e-09,-3.36199836200092e-13,-2.97253355517222e-14,-2.65127611819491e-14,NaN
-2114.9052,-0.2622,-5.3439e-07,2.48999999999997e-09,2.493547987598e-09,-4.49213174207714e-13,-4.92435225814024e-14,-4.84473546259056e-14,NaN
-2104.8227,-0.26095,-5.31899e-07,2.49574999999997e-09,2.49324416754417e-09,-1.87741312743325e-13,-4.79828280457691e-14,-4.80563578408277e-14,NaN
-2094.7402,-0.2597,-5.293985e-07,2.49350000000001e-09,2.49317250497251e-09,8.25669825676888e-14,-3.63368528229284e-14,-3.39319694388647e-14,NaN
-2084.6577,-0.25845,-5.26912e-07,2.48675000000003e-09,2.49340930150931e-09,3.83617058611863e-13,-2.38413501819686e-14,-2.74003241457843e-14,NaN
-2074.5752,-0.2572,-5.24425e-07,2.49858333333348e-09,2.49393973908973e-09,2.88516438507109e-13,-4.8089046206054e-14,-5.34019552132749e-14,NaN
-2064.41204,-0.25594,-5.21914833333333e-07,2.50233333333348e-09,2.49398633438632e-09,-3.16368316316066e-14,-1.05151304067166e-13,-1.01793902285062e-13,NaN
-2054.32954,-0.25469,-5.19420333333333e-07,2.49241666666654e-09,2.49387646542647e-09,-3.42640692630788e-13,-1.29115548519708e-13,-1.22389776401155e-13,NaN
-2044.24704,-0.25344,-5.1693e-07,2.4871666666665e-09,2.49330105300106e-09,-5.91420966421179e-13,-9.32388917759574e-14,-9.39195509596018e-14,NaN
-2034.16454,-0.25219,-5.14446e-07,2.48874999999998e-09,2.49269362349363e-09,-4.64089739093005e-13,-4.92457874313007e-14,-5.47784169558786e-14,NaN
-2024.08204,-0.25094,-5.119525e-07,2.49149999999995e-09,2.49237287352288e-09,-6.31010881009369e-14,-4.09196652719386e-14,-4.02938344445199e-14,NaN
-2013.99954,-0.24969,-5.09463e-07,2.49366666666652e-09,2.49256742131743e-09,2.56206856207054e-13,-4.74966106306642e-14,-4.58469564310024e-14,NaN
-2003.91704,-0.24844,-5.06965166666667e-07,2.50025000000004e-09,2.49288528723529e-09,1.2205744706407e-13,-5.55140684934885e-14,-5.7212390670322e-14,NaN
-1993.75388,-0.24718,-5.044625e-07,2.49408333333346e-09,2.49281153621155e-09,-2.38610038603695e-13,-7.07554495091434e-14,-7.04784104216742e-14,NaN
-1983.67138,-0.24593,-5.01977e-07,2.48733333333354e-09,2.49240806715808e-09,-3.7922077922667e-13,-7.91904055966359e-14,-7.84478065990007e-14,NaN
-1973.58888,-0.24468,-4.99487833333333e-07,2.49241666666654e-09,2.4920530946531e-09,-1.35489060496874e-13,-7.00207113621131e-14,-6.82585863749437e-14,NaN
-1963.50638,-0.24343,-4.96992166666667e-07,2.49049999999998e-09,2.49213708903709e-09,2.56195156193066e-13,-4.11117963841333e-14,-3.94471630252171e-14,NaN
-1953.42388,-0.24218,-4.94506833333333e-07,2.48766666666699e-09,2.49256548496549e-09,4.28922428922516e-13,-1.08872150915649e-14,-1.54164540297055e-14,NaN
-1943.34138,-0.24093,-4.92016833333333e-07,2.49941666666647e-09,2.49299493389493e-09,1.59792909795391e-13,-1.71912444339649e-14,-1.9851204030482e-14,NaN
-1933.17822,-0.23967,-4.89508e-07,2.49841666666649e-09,2.49288507078508e-09,-1.59187434186902e-13,-4.50270404159166e-14,-4.13838906966011e-14,NaN
-1923.09572,-0.23842,-4.8702e-07,2.48850000000003e-09,2.49267655902656e-09,-3.30735930740321e-13,-4.83648970826365e-14,-4.71721120186401e-14,NaN
-1913.01322,-0.23717,-4.84531e-07,2.48800000000002e-09,2.4922235989236e-09,-3.96525096528097e-13,-2.36785218713551e-14,-2.2504715765848e-14,NaN
-1902.93072,-0.23592,-4.82044e-07,2.48833333333346e-09,2.4918835088335e-09,1.04396279391842e-13,1.8642552034073e-14,1.74600057328096e-14,NaN
-1892.84822,-0.23467,-4.79554333333333e-07,2.49158333333345e-09,2.49243239148238e-09,6.23759798760754e-13,5.45143868855446e-14,5.40063266289356e-14,NaN
-1882.76572,-0.23342,-4.77060833333333e-07,2.49216666666651e-09,2.49313102843103e-09,2.69231894242282e-13,7.3649418449696e-14,7.28574258021381e-14,NaN
-1872.68322,-0.23217,-4.7457e-07,2.49941666666652e-09,2.49297085527086e-09,-2.97741897739219e-13,7.16874521536023e-14,6.98565813109062e-14,NaN
-1862.52006,-0.23091,-4.72062e-07,2.49408333333352e-09,2.49253554463555e-09,-1.89870714879281e-13,5.35082076458474e-14,5.5706916753722e-14,NaN
-1852.43756,-0.22966,-4.69581833333333e-07,2.48850000000003e-09,2.49259111384111e-09,2.02755352748927e-13,4.53515644064698e-14,4.5702897119349e-14,NaN
-1842.35506,-0.22841,-4.67085e-07,2.49650000000001e-09,2.49294105534105e-09,1.21042471037343e-13,4.78057956569706e-14,4.78979971816483e-14,NaN
-1832.27256,-0.22716,-4.64588833333333e-07,2.495e-09,2.49283319878318e-09,-1.53208728214848e-13,5.73602929685928e-14,5.89579164482619e-14,NaN
-1822.19006,-0.22591,-4.62095e-07,2.49083333333298e-09,2.49263463788462e-09,-8.50035100030024e-14,6.94287634580057e-14,6.78242608081356e-14,NaN
-1812.10756,-0.22466,-4.59607166666667e-07,2.49949999999996e-09,2.49266319176317e-09,3.29530829602094e-14,6.07859736457391e-14,5.69259588265764e-14,NaN
-1801.9444,-0.2234,-4.57096e-07,2.49808333333355e-09,2.49270054405054e-09,1.35079560079671e-13,2.69258876341402e-14,2.90146358279075e-14,NaN
-1791.8619,-0.22215,-4.54611e-07,2.4865e-09,2.49293335088333e-09,1.22268047263742e-13,8.3759757491205e-15,1.16490751073349e-14,NaN
-1781.7794,-0.2209,-4.52123e-07,2.48699999999999e-09,2.49294508014506e-09,-1.099684099566e-13,2.12949793893065e-14,2.13413037443376e-14,NaN
-1771.6969,-0.21965,-4.49637e-07,2.48650000000003e-09,2.49271341406342e-09,1.45027495039472e-13,4.36554807741564e-14,4.25299619187396e-14,NaN
-1761.6144,-0.2184,-4.4715e-07,2.48916666666648e-09,2.49323513513514e-09,5.28600678596398e-13,5.28896113144327e-14,5.18582208512697e-14,NaN
-1751.5319,-0.21715,-4.44658666666667e-07,2.49749999999999e-09,2.49377061542061e-09,2.40090090081395e-13,3.95605557340938e-14,3.81930681874119e-14,NaN
-1741.36874,-0.21589,-4.42155e-07,2.50375000000003e-09,2.49371531531531e-09,-1.48856323858949e-13,6.26438749399979e-15,4.77812797950045e-15,NaN
-1731.28624,-0.21464,-4.39651166666667e-07,2.49549999999998e-09,2.4934729027729e-09,-2.51509301504682e-13,-2.84487985670341e-14,-2.50137434617603e-14,NaN
-1721.20374,-0.21339,-4.37164e-07,2.485916666667e-09,2.4932122967123e-09,-1.54062829055857e-13,-2.8689213274367e-14,-2.45342984783638e-14,NaN
-1711.12124,-0.21214,-4.34679333333333e-07,2.48650000000003e-09,2.49316477711478e-09,-6.95507195497759e-14,1.35728965178081e-15,-1.97371694955195e-15,NaN
-1701.03874,-0.21089,-4.32191e-07,2.49783333333299e-09,2.4930731952732e-09,6.73949923897912e-14,9.03085053781853e-15,4.06822379429213e-15,NaN
-1690.932042,-0.209637,-4.29683666666667e-07,2.49999999999998e-09,2.49329956709956e-09,9.00813150832652e-14,-1.9466646607629e-14,-1.76832463318861e-14,NaN
-1680.83341,-0.208385,-4.27191e-07,2.48933333333352e-09,2.49325335790336e-09,-1.8223645723046e-13,-4.00360057681288e-14,-3.54088431176066e-14,NaN
-1670.74311286666,-0.207134033333333,-4.24705e-07,2.4825e-09,2.4929350941851e-09,-1.59459459460218e-13,-2.93843674775813e-14,-2.96253765013525e-14,NaN
-1660.64434643334,-0.205882016666667,-4.22226e-07,2.494e-09,2.49293443898444e-09,-8.44448344047632e-15,-1.82024365259791e-14,-2.24826647482733e-14,NaN
-1650.553646,-0.204631,-4.19717e-07,2.50600000000004e-09,2.49291820521822e-09,-1.7655025154793e-13,-3.43691457593178e-14,-3.40788798387262e-14,NaN
-1640.455014,-0.203379,-4.17214e-07,2.49849999999999e-09,2.49258133848135e-09,-1.1417748919057e-13,-5.58274320968269e-14,-5.35627342892315e-14,NaN
-1630.36458243334,-0.202128016666667,-4.1472e-07,2.49150000000001e-09,2.49268985023984e-09,2.61533286528728e-13,-6.3906668197971e-14,-6.38344089950449e-14,NaN
-1620.265816,-0.200876,-4.12231e-07,2.49058333333347e-09,2.4931044050544e-09,1.21361296370541e-13,-6.63577011441615e-14,-6.66118342864508e-14,NaN
-1610.17525,-0.199625,-4.09738833333333e-07,2.493e-09,2.49293257283258e-09,-2.28311103306764e-13,-7.17744020509477e-14,-7.44891520577808e-14,NaN
-1600.0770213,-0.19837305,-4.07245e-07,2.49491666666653e-09,2.49264778284779e-09,-2.52129402128382e-13,-8.57857553738368e-14,-8.44317039791455e-14,NaN
-1589.97825486666,-0.197121033333333,-4.04749e-07,2.48891666666647e-09,2.49242831402832e-09,-1.93137943141482e-13,-8.23486621552828e-14,-7.8353302530293e-14,NaN
-1579.88742,-0.19587,-4.02267166666667e-07,2.48800000000002e-09,2.49226150696151e-09,-8.88615889159723e-15,-5.12172897091375e-14,-5.33785493166435e-14,NaN
-1569.78892243334,-0.194618016666667,-3.99773e-07,2.49108333333351e-09,2.49241054171054e-09,2.54121329120451e-13,-2.87583343074673e-14,-3.06212726040167e-14,NaN
-1559.69849086666,-0.193367033333333,-3.97285e-07,2.49349999999998e-09,2.49276974961975e-09,1.76711126708212e-13,-2.61237968014353e-14,-2.61766304238842e-14,NaN
-1549.59985886666,-0.192115033333333,-3.94786e-07,2.493e-09,2.49276396396396e-09,-1.72753597748722e-13,-3.27313979157948e-14,-3.16160884308064e-14,NaN
-1539.509024,-0.190864,-3.92299e-07,2.48999999999999e-09,2.49242424242425e-09,-3.29285129276498e-13,-3.73824661133949e-14,-3.77496997070446e-14,NaN
-1529.41066086666,-0.189612033333333,-3.89806e-07,2.49050000000001e-09,2.49210539370541e-09,-9.03240903307105e-14,-4.1890273848616e-14,-4.20308590901976e-14,NaN
-1519.31202886666,-0.188360033333333,-3.87318e-07,2.49050000000001e-09,2.49224359424359e-09,2.06546156533903e-13,-4.3783701649925e-14,-4.22362647787205e-14,NaN
-1509.221194,-0.187109,-3.84825e-07,2.49225e-09,2.49251848601847e-09,1.13098163097869e-13,-3.89514688940036e-14,-4.07242156940834e-14,NaN
-1499.12269643334,-0.185857016666667,-3.823335e-07,2.49250000000001e-09,2.49246979056979e-09,-2.30595530590218e-13,-4.13357251215855e-14,-4.10474028416395e-14,NaN
-1489.031996,-0.184606,-3.7984e-07,2.49308333333352e-09,2.49205729495729e-09,-3.53407628406177e-13,-4.41965738724729e-14,-4.24670413349976e-14,NaN
-1478.93349843334,-0.183354016666667,-3.77347333333333e-07,2.49291666666647e-09,2.49176297531297e-09,-3.9224289219719e-14,-4.41578786191717e-14,-4.66767168728603e-14,NaN
-1468.84306686666,-0.182103033333333,-3.74854166666667e-07,2.49691666666648e-09,2.49197884637885e-09,1.4691412191785e-13,-5.80213824380658e-14,-5.9343159312875e-14,NaN
-1458.74430043334,-0.180851016666667,-3.723535e-07,2.49716666666704e-09,2.49205680355681e-09,-2.45173745180232e-14,-7.32023821125056e-14,-6.8501517695555e-14,NaN
-1448.64566843334,-0.179599016666667,-3.69859833333333e-07,2.49075000000001e-09,2.49192981162982e-09,-2.45495495455302e-14,-6.16954442197344e-14,-6.2063807023041e-14,NaN
-1438.55523686666,-0.178348033333333,-3.67372e-07,2.49241666666649e-09,2.49200770445772e-09,9.11021411064395e-14,-5.03385535347527e-14,-5.45426435627551e-14,NaN
-1428.45647043334,-0.177096016666667,-3.64875e-07,2.494e-09,2.49211201591203e-09,1.01143676143403e-13,-6.16721287939839e-14,-5.98098156381262e-14,NaN
-1418.36603886666,-0.175845033333333,-3.62384e-07,2.48999999999999e-09,2.49220999181e-09,-2.03580203635616e-14,-6.91888717404898e-14,-6.85534802323872e-14,NaN
-1408.2675413,-0.17459305,-3.59895e-07,2.48899999999999e-09,2.4920712998713e-09,-1.99713349723322e-13,-6.81084709356714e-14,-6.86346560493959e-14,NaN
-1398.176572,-0.173342,-3.57406e-07,2.48899999999999e-09,2.49181056511056e-09,-2.11284661286267e-13,-6.10635158687923e-14,-5.9462842401461e-14,NaN
-1388.07807443334,-0.172090016666667,-3.54917e-07,2.49199999999999e-09,2.49164873054873e-09,-1.46618696616557e-13,-4.4547769702329e-14,-4.55478699529667e-14,NaN
-1377.98750843334,-0.170839016666667,-3.52422e-07,2.49450000000001e-09,2.49151732771733e-09,-9.37931437945011e-14,-3.37295193842893e-14,-3.51041804818433e-14,NaN
-1367.888742,-0.169587,-3.49928e-07,2.49250000000001e-09,2.49146114426114e-09,-9.61799461836004e-14,-3.21092156052407e-14,-3.14564572269972e-14,NaN
-1357.79011,-0.168335,-3.47437e-07,2.49050000000001e-09,2.49132496782496e-09,-3.64572364597603e-14,-2.71495962509543e-14,-2.64583888757543e-14,NaN
-1347.70008173334,-0.167084066666667,-3.44947e-07,2.49050000000001e-09,2.49138822978822e-09,7.35872235918978e-14,-1.39289136200419e-14,-1.38771368883012e-14,NaN
-1337.600912,-0.165832,-3.42456e-07,2.49083333333351e-09,2.49147214227214e-09,2.32830233156676e-15,4.41049394488434e-15,5.00912496435599e-15,NaN
-1327.510346,-0.164581,-3.39965333333333e-07,2.4875e-09,2.49139288639288e-09,-9.99999999969288e-14,2.4122226230904e-14,2.36751572264457e-14,NaN
-1317.41198286666,-0.163329033333333,-3.37481e-07,2.48574999999998e-09,2.49127214227215e-09,-1.16994266986817e-13,3.44758544645942e-14,3.25757334861944e-14,NaN
-1307.321148,-0.162078,-3.34993833333333e-07,2.49250000000001e-09,2.49115889785891e-09,-5.32204282246694e-14,2.99567549245454e-14,3.09407854030494e-14,NaN
-1297.22265043334,-0.160826016666667,-3.32496e-07,2.49541666666652e-09,2.4911657014157e-09,1.10998010985095e-13,2.72183819706797e-14,2.85837668591694e-14,NaN
-1287.12401843334,-0.159574016666667,-3.30003e-07,2.495e-09,2.49138089388088e-09,2.35825435825856e-13,3.14338343803721e-14,2.95831087768671e-14,NaN
-1277.033318,-0.158323,-3.27506e-07,2.49449999999998e-09,2.49163735228735e-09,7.76968527040742e-14,3.1846720565284e-14,3.25985889078941e-14,NaN
-1266.934686,-0.157071,-3.25014e-07,2.48849999999998e-09,2.49153628758629e-09,3.23651573679455e-14,3.92924476446347e-14,4.08144108628694e-14,NaN
-1256.84412,-0.15582,-3.22529e-07,2.48950000000003e-09,2.49170208260209e-09,2.56420381419943e-13,5.58346254071924e-14,5.47047303905755e-14,NaN
-1246.745488,-0.154568,-3.20035e-07,2.49191666666653e-09,2.49204912834913e-09,1.48370773369228e-13,6.57806260956534e-14,6.5663657459521e-14,NaN
-1236.65505643334,-0.153317016666667,-3.17545166666667e-07,2.49149999999998e-09,2.49199882414882e-09,-2.96829296835508e-14,6.66199304799112e-14,6.58395350824032e-14,NaN
-1226.5566933,-0.15206505,-3.15052e-07,2.4925833333335e-09,2.49198976248976e-09,-1.24926874932776e-14,5.72066534180706e-14,5.75586377422197e-14,NaN
-1216.465724,-0.150814,-3.1256e-07,2.493e-09,2.49197383877384e-09,8.17947817941975e-14,4.54995227391626e-14,4.58713308831126e-14,NaN
-1206.367092,-0.149562,-3.10066e-07,2.49550000000001e-09,2.49215335205335e-09,2.5374985374602e-13,3.53507824904788e-14,3.53151808503311e-14,NaN
-1196.26859443334,-0.148310016666667,-3.07569e-07,2.49450000000001e-09,2.49248133848133e-09,1.87796887797774e-13,2.62749150398934e-14,2.60685726818954e-14,NaN
-1186.177894,-0.147059,-3.05077e-07,2.49383333333348e-09,2.49252894582895e-09,-1.04036504029952e-13,1.82017552236702e-14,1.80951879055161e-14,NaN
-1176.079262,-0.145807,-3.02581333333333e-07,2.48900000000002e-09,2.49227326547327e-09,-1.54952029954339e-13,1.34684653880495e-14,1.52859402951634e-14,NaN
-1165.98883043334,-0.144556016666667,-3.00099e-07,2.48691666666652e-09,2.49221904176904e-09,1.95624195614738e-14,1.56554932577359e-14,1.4460497734585e-14,NaN
-1155.890064,-0.143304,-2.976075e-07,2.49150000000001e-09,2.49231239031239e-09,-6.47566397522681e-14,7.13941264110536e-15,5.65012251667784e-15,NaN
-1145.799498,-0.142053,-2.95116e-07,2.49291666666647e-09,2.49208952848953e-09,-2.48315198313155e-13,-1.5761588216706e-14,-1.52870619135998e-14,NaN
-1135.70113486666,-0.140801033333333,-2.92621666666667e-07,2.494e-09,2.49181575991577e-09,-1.6341991342093e-13,-3.93542696189075e-14,-3.89532734454129e-14,NaN
-1125.602234,-0.139549,-2.90128e-07,2.4915833333335e-09,2.49176268866269e-09,3.78466128427011e-14,-5.54815320716144e-14,-5.4930661528933e-14,NaN
-1115.5120713,-0.13829805,-2.876385e-07,2.49149999999998e-09,2.49189145314145e-09,9.84438984454707e-14,-6.06645647717117e-14,-5.94678703209573e-14,NaN
-1105.413036,-0.137046,-2.85145e-07,2.4923333333335e-09,2.49195957645958e-09,5.58529308589208e-14,-5.78513799140342e-14,-5.95116270272562e-14,NaN
-1095.32260443334,-0.135795016666667,-2.82653833333333e-07,2.49549999999998e-09,2.49200315900317e-09,-1.23318123320233e-13,-6.39514249522178e-14,-6.5289736613169e-14,NaN
-1085.22410686666,-0.134543033333333,-2.80154e-07,2.49141666666651e-09,2.49171294021294e-09,-2.61661986669362e-13,-7.65045976856419e-14,-7.32861442404393e-14,NaN
-1075.13354086666,-0.133292033333333,-2.77671e-07,2.48875000000004e-09,2.49147983502983e-09,-1.18085293084407e-13,-7.74371598692551e-14,-7.9176109417109e-14,NaN
-1065.03464,-0.13204,-2.751765e-07,2.494e-09,2.49147676962677e-09,-2.68515268505869e-14,-8.62239967853693e-14,-8.76714526593422e-14,NaN
-1054.936008,-0.130788,-2.72683e-07,2.49174999999999e-09,2.49142613197613e-09,8.35965835643379e-15,-1.02052248991334e-13,-1.00489960069181e-13,NaN
-1044.845442,-0.129537,-2.70193e-07,2.49099999999999e-09,2.49149348894349e-09,5.29425531422619e-16,-1.07222071848148e-13,-1.07687537069154e-13,NaN
-1034.74681,-0.128285,-2.67701e-07,2.4885e-09,2.49142719082719e-09,-2.01678951689295e-14,-1.022603248086e-13,-1.00309703164205e-13,NaN
-1024.656244,-0.127034,-2.65216e-07,2.4868333333335e-09,2.49145315315315e-09,-3.13531063600185e-14,-8.22634397470709e-14,-8.20352823204011e-14,NaN
-1014.55788086666,-0.125782033333333,-2.62727333333333e-07,2.49116666666648e-09,2.49136448461447e-09,-1.01538551537744e-13,-6.50851010558795e-14,-6.86217246239273e-14,NaN
-1004.467046,-0.124531,-2.60233666666667e-07,2.49691666666651e-09,2.49125007605007e-09,-1.76035451028822e-13,-7.12408297718242e-14,-7.09126577318887e-14,NaN
-994.368414,-0.123279,-2.577335e-07,2.49283333333351e-09,2.49101241371242e-09,-2.82382707378871e-13,-7.99855386378129e-14,-7.67410635052713e-14,NaN
-984.278116866664,-0.122028033333333,-2.55248e-07,2.48925000000002e-09,2.49068531063531e-09,-1.46691821693229e-13,-7.44028141960008e-14,-7.60268384531014e-14,NaN
-974.179216,-0.120776,-2.52755e-07,2.49225e-09,2.49071903006903e-09,7.11419211359602e-14,-7.54284528681948e-14,-7.7029076984599e-14,NaN
-964.080852866664,-0.119524033333333,-2.502635e-07,2.48999999999999e-09,2.49082759447759e-09,6.8202293204833e-14,-8.50513014100284e-14,-8.38260233021581e-14,NaN
-953.990018,-0.118273,-2.47775e-07,2.49033333333349e-09,2.49085543465544e-09,-5.73856323774396e-14,-8.65862585524188e-14,-8.57699557820951e-14,NaN
-943.891386,-0.117021,-2.45282833333333e-07,2.48899999999999e-09,2.49071282321283e-09,-1.63501813504578e-13,-7.7643134284769e-14,-7.77691259865027e-14,NaN
-933.80082,-0.11577,-2.42797e-07,2.49041666666651e-09,2.49052843102843e-09,-2.1807359307231e-13,-6.53552709169253e-14,-6.54335866403497e-14,NaN
-923.702188,-0.114518,-2.40302e-07,2.49116666666651e-09,2.49027667602669e-09,-1.6129928629319e-13,-5.5386107571841e-14,-5.60533998428198e-14,NaN
-913.611756433336,-0.113267016666667,-2.37814666666667e-07,2.4930833333335e-09,2.49020583245584e-09,-4.97806247877839e-14,-5.24853999325187e-14,-5.31666660761076e-14,NaN
-903.51299,-0.112015,-2.35315833333333e-07,2.4923333333335e-09,2.49017711477711e-09,-4.37112437174558e-14,-5.36178271872081e-14,-5.24158555693047e-14,NaN
-893.414626866664,-0.110763033333333,-2.3283e-07,2.48883333333299e-09,2.49011840996841e-09,1.27553527553829e-13,-4.77999635156215e-14,-4.83240558976836e-14,NaN
-883.323926433336,-0.109512016666667,-2.30338166666667e-07,2.48875e-09,2.49043222183222e-09,2.05028080027286e-13,-3.80713853063446e-14,-3.72526597484781e-14,NaN
-873.225294433336,-0.108260016666667,-2.278525e-07,2.48608333333351e-09,2.49052846612846e-09,2.71498771499998e-14,-2.13572578239056e-14,-2.14596564869312e-14,NaN
-863.134862866664,-0.107009033333333,-2.25366e-07,2.48891666666651e-09,2.49048652158652e-09,-8.78729378719148e-14,-4.13454450794142e-15,-5.00749216654589e-15,NaN
-853.035962,-0.105757,-2.22874666666667e-07,2.4895833333335e-09,2.49035272025272e-09,-2.3543933543787e-13,8.31444227054329e-15,9.00619291029483e-15,NaN
-842.945530433336,-0.104506016666667,-2.20386833333333e-07,2.4923333333335e-09,2.49001564291564e-09,-2.00740025742117e-13,2.08917794909294e-14,2.07380036201384e-14,NaN
-832.847032866664,-0.103254033333333,-2.1789e-07,2.49375e-09,2.48995124020123e-09,8.37048087019991e-14,3.04291200021631e-14,3.05804746165813e-14,NaN
-822.756198,-0.102003,-2.15399333333333e-07,2.49250000000001e-09,2.49018305253305e-09,1.23227448228162e-13,3.55521684790856e-14,3.43675031692278e-14,NaN
-812.657834866664,-0.100751033333333,-2.12905e-07,2.4919166666665e-09,2.49019769509769e-09,-2.53890253744305e-15,3.31208257616593e-14,3.3526346553855e-14,NaN
-802.559068433334,-0.0994990166666667,-2.104155e-07,2.4870833333335e-09,2.49017797472797e-09,1.08479583484332e-13,3.38160879715205e-14,3.49747995835165e-14,NaN
-792.468502433334,-0.0982480166666667,-2.07930833333333e-07,2.48575000000001e-09,2.49041465426466e-09,1.46592371598526e-13,4.35878753213553e-14,4.35282540494862e-14,NaN
-782.369736,-0.096996,-2.05444e-07,2.488333333333e-09,2.49047115947117e-09,3.62992863077312e-14,5.48678058838965e-14,5.45779332744908e-14,NaN
-772.279438866667,-0.0957450333333333,-2.02954166666667e-07,2.48999999999999e-09,2.49048725283728e-09,4.26172926713762e-15,6.07830792370158e-14,6.05805482854812e-14,NaN
-762.180538,-0.094493,-2.00464e-07,2.4910833333335e-09,2.4904796829297e-09,3.41084590995785e-14,5.78427420683176e-14,5.70898288914059e-14,NaN
-752.090106433334,-0.0932420166666667,-1.97972e-07,2.4944166666665e-09,2.49055546975547e-09,1.10556335539972e-13,4.4918702166643e-14,4.47133524940801e-14,NaN
-741.99134,-0.09199,-1.95475166666667e-07,2.4955e-09,2.49070079560078e-09,1.43486018481097e-13,2.96668543848024e-14,3.09577679036826e-14,NaN
-731.892708,-0.090738,-1.92981e-07,2.4920833333335e-09,2.49084244179244e-09,9.53609453719413e-14,2.21388397555065e-14,2.14718074216673e-14,NaN
-721.802276433334,-0.0894870166666667,-1.90491e-07,2.49e-09,2.49089151749153e-09,5.77073827060694e-14,1.73256415911968e-14,1.81934584284785e-14,NaN
-711.703778866666,-0.0882350333333333,-1.88001e-07,2.48600000000001e-09,2.49095785655785e-09,6.41453141320282e-14,1.80002870991064e-14,1.79981685128348e-14,NaN
-701.612944,-0.086984,-1.85519e-07,2.4885e-09,2.49101980811979e-09,-5.63150813132209e-14,1.68112737181817e-14,1.5281498326509e-14,NaN
-691.514446433334,-0.0857320166666667,-1.83024e-07,2.49099999999999e-09,2.49084522639522e-09,-8.63694863681002e-14,6.43181572720431e-15,8.13803139027516e-15,NaN
-681.424014866667,-0.0844810333333333,-1.80537e-07,2.49049999999999e-09,2.49084706914706e-09,-1.95390195591403e-15,-2.61749302552963e-15,-4.62534755555226e-15,NaN
-671.325114,-0.083229,-1.78043e-07,2.49308333333349e-09,2.49084131859131e-09,-1.63536913483263e-14,-1.97219080942174e-14,-2.05634764376829e-14,NaN
-661.226616433334,-0.0819770166666667,-1.75550833333333e-07,2.49100000000001e-09,2.49081436176436e-09,-3.25933075931495e-14,-3.08417155161255e-14,-2.58580654918793e-14,NaN
-651.136050433334,-0.0807260166666667,-1.73061e-07,2.4909166666665e-09,2.49077613197612e-09,-4.74464724436397e-14,-1.21189039880892e-14,-1.43286595960665e-14,NaN
-641.037284,-0.079474,-1.70569e-07,2.49358333333349e-09,2.49071946881947e-09,-5.20387270341817e-14,2.16195417685049e-15,7.43345483879069e-16,NaN
-630.946718,-0.078223,-1.68073833333333e-07,2.49150000000001e-09,2.49067205452206e-09,-6.36685386695488e-14,3.49676875872169e-15,8.18261330870279e-15,NaN
-620.848086,-0.076971,-1.65586e-07,2.48841666666651e-09,2.49059213174213e-09,-8.69076869133225e-14,-6.8115711114124e-17,-4.82500319319393e-15,NaN
-610.757654433334,-0.0757200166666667,-1.63097e-07,2.4901666666665e-09,2.49049823914823e-09,-1.32414882425357e-13,-5.51545411177416e-14,-5.93653434012494e-14,NaN
-600.658888,-0.074468,-1.60605666666667e-07,2.4914166666665e-09,2.49032730197728e-09,-1.68056043054415e-13,-1.52887328721981e-13,-1.49584667509906e-13,NaN
-590.568456433334,-0.0732170166666667,-1.58114166666667e-07,2.49049999999999e-09,2.49016212706212e-09,-1.34930384920556e-13,-2.35265273143728e-13,-2.33292720887253e-13,NaN
-580.469824433334,-0.0719650166666667,-1.55624666666667e-07,2.4895833333335e-09,2.49005744120744e-09,-2.74745524788178e-14,-2.82818216477088e-13,-2.82314067247515e-13,NaN
-570.371326866667,-0.0707130333333333,-1.53135e-07,2.4883333333335e-09,2.49010717795716e-09,3.56002105889915e-14,-2.99089110475042e-13,-2.993764158256e-13,NaN
-560.2808953,-0.06946205,-1.50648e-07,2.49049999999999e-09,2.49012864162862e-09,-6.36275886234858e-14,-2.93502647902256e-13,-2.94503039755953e-13,NaN
-550.18186,-0.06821,-1.48154e-07,2.4929166666665e-09,2.48997992277992e-09,-1.63779688767724e-13,-2.72131625766886e-13,-2.71586713768142e-13,NaN
-540.091562866667,-0.0669590333333333,-1.45662166666667e-07,2.48925000000001e-09,2.48980108225108e-09,-1.47706797705894e-13,-2.29377602783953e-13,-2.2793595088211e-13,NaN
-529.993199733334,-0.0657070666666667,-1.431755e-07,2.4883333333335e-09,2.4896845091845e-09,9.13185912909789e-15,-1.65999444320493e-13,-1.68059411409365e-13,NaN
-519.902096,-0.064456,-1.406855e-07,2.4899166666665e-09,2.48981934596934e-09,1.0502515502686e-13,-9.95752879317093e-14,-9.98716851312797e-14,NaN
-509.803464,-0.063204,-1.38195666666667e-07,2.48725e-09,2.48989455949456e-09,-2.78782028762058e-14,-2.36503218026254e-14,-2.13427346264391e-14,NaN
-499.704966433334,-0.0619520166666667,-1.35711e-07,2.48675000000001e-09,2.48976358956359e-09,-3.42137592087205e-14,7.16882332100582e-14,7.11886105368648e-14,NaN
-489.614266,-0.060701,-1.33222166666667e-07,2.4895e-09,2.48982613197614e-09,-2.31473616466768e-13,1.694313058608e-13,1.67968617071283e-13,NaN
-479.515902866666,-0.0594490333333333,-1.30732e-07,2.49208333333349e-09,2.48930064233066e-09,-7.93178600678674e-13,2.58398756091316e-13,2.58715945291174e-13,NaN
-469.425336866666,-0.0581980333333333,-1.28238e-07,2.49266666666651e-09,2.48823977477478e-09,-8.31300748798929e-13,3.44475146387685e-13,3.44378272490924e-13,NaN
-459.326436,-0.056946,-1.25746666666667e-07,2.49316666666651e-09,2.48763804083306e-09,-8.41519539012573e-13,4.29844498570974e-13,4.29968068454806e-13,NaN
-449.236004433334,-0.0556950166666667,-1.23251666666667e-07,2.4890833333335e-09,2.48655673569676e-09,-7.82738387738211e-13,5.17821029924468e-13,5.19335834287773e-13,NaN
-439.137372433334,-0.0544430166666667,-1.207685e-07,2.486166666667e-09,2.48607256405758e-09,5.09949104943444e-13,6.10277309086745e-13,6.09699725407389e-13,NaN
-429.038606,-0.053191,-1.18279333333333e-07,2.48875e-09,2.48757663390664e-09,1.79979612728893e-12,6.91413187124489e-13,6.9039533185489e-13,NaN
-418.94804,-0.05194,-1.15791e-07,2.489583333333e-09,2.48967215631216e-09,1.98656253655689e-12,7.52166991363535e-13,7.51313449420177e-13,NaN
-408.849676866667,-0.0506880333333333,-1.13300166666667e-07,2.489e-09,2.49154975897976e-09,1.74417514917553e-12,7.95352027275038e-13,7.9648396272579e-13,NaN
-398.759110866667,-0.0494370333333333,-1.10813e-07,2.4890833333335e-09,2.49316050661051e-09,1.55658827659489e-12,8.33739589669323e-13,8.35127007411062e-13,NaN
-388.6606133,-0.04818505,-1.08322e-07,2.49233333333351e-09,2.49466293553295e-09,1.50110711361201e-12,8.668950597646e-13,8.65251891892508e-13,NaN
-378.569912866666,-0.0469340333333333,-1.05828333333333e-07,2.4949166666665e-09,2.49616272083773e-09,1.46835848835486e-12,8.7819727845878e-13,8.77384063921359e-13,NaN
-368.471012,-0.045682,-1.03332166666667e-07,2.49516666666649e-09,2.49759965250966e-09,1.24570229319844e-12,8.70195378490845e-13,8.70974071877046e-13,NaN
-358.380714866666,-0.0444310333333333,-1.00838e-07,2.48966666666685e-09,2.49865412542413e-09,9.93447993451406e-13,8.54925995536349e-13,8.55996220672694e-13,NaN
-348.281948433334,-0.0431790166666667,-9.83528333333333e-08,2.48450000000001e-09,2.49958654849656e-09,9.47406107405211e-13,8.35341009098495e-13,8.35451635913623e-13,NaN
-338.183182,-0.041927,-9.5869e-08,2.48691666666665e-09,2.50054893763894e-09,7.73393588389107e-13,8.01906338756451e-13,8.00280439916633e-13,NaN
-328.0930193,-0.04067605,-9.3379e-08,2.491e-09,2.50113333567334e-09,4.00433192931817e-13,7.43797257912886e-13,7.46243177277288e-13,NaN
-317.9943873,-0.03942405,-9.0887e-08,2.48958333333334e-09,2.50134980402481e-09,2.51540599039556e-13,6.69157859768345e-13,6.70744866876944e-13,NaN
-307.903418,-0.038173,-8.83998333333333e-08,2.50349166666665e-09,2.50163641687142e-09,3.42633965136539e-13,5.5759651160535e-13,5.51611774213926e-13,NaN
-297.805458166666,-0.0369210833333333,-8.58800166666667e-08,2.52232500000001e-09,2.50203507195508e-09,2.94515619515429e-13,3.70206497772764e-13,3.7303156624143e-13,NaN
-287.71422,-0.03567,-8.33551833333333e-08,2.52360833333335e-09,2.50222544811045e-09,1.73788171279792e-13,1.37903038852726e-13,1.36637465830683e-13,NaN
-277.613840366666,-0.0344177833333333,-8.08328e-08,2.5446333333333e-09,2.50238264829764e-09,-9.15370890403563e-14,-1.41357776707059e-13,-1.51063641487716e-13,NaN
-267.5145362,-0.0331657,-7.82659166666667e-08,2.54055000000001e-09,2.50204237393237e-09,-5.14105826596847e-13,-4.54854841868384e-13,-4.45872508436093e-13,NaN
-257.426658866666,-0.0319150333333333,-7.57517e-08,2.50200833333335e-09,2.50135443664444e-09,-6.79715689707655e-13,-6.76631960485373e-13,-6.6846347426946e-13,NaN
-247.328699033334,-0.0306631166666667,-7.32619e-08,2.48806666666665e-09,2.50068294255295e-09,-6.47320112326006e-13,-7.8552682645554e-13,-7.89864264554624e-13,NaN
-237.2379986,-0.0294121,-7.07755666666667e-08,2.48893333333335e-09,2.50005979641979e-09,-5.91265063773604e-13,-8.55676139528722e-13,-8.57940607550053e-13,NaN
-227.1377534,-0.0281599,-6.82840333333333e-08,2.49113333333335e-09,2.49950041242541e-09,-7.42602082600012e-13,-9.10613154965439e-13,-9.10745382852076e-13,NaN
-217.0488006,-0.0269091,-6.57933e-08,2.48900833333331e-09,2.49857459225459e-09,-9.42304024796481e-13,-9.4745233444402e-13,-9.46691530821997e-13,NaN
-206.949362,-0.025657,-6.33060166666667e-08,2.48745000000001e-09,2.49761580437581e-09,-9.36439686438848e-13,-9.61765480965353e-13,-9.61353589794078e-13,NaN
-196.8571828,-0.0244058,-6.08184e-08,2.48810833333335e-09,2.49670171288171e-09,-1.01499327250029e-12,-9.58000439787264e-13,-9.59139697420902e-13,NaN
-186.7593574,-0.0231539,-5.83298e-08,2.4904e-09,2.49558581783081e-09,-1.30664736164709e-12,-9.45410453165791e-13,-9.46069079914996e-13,NaN
-176.6623386,-0.0219021,-5.58376e-08,2.48885e-09,2.49408841815842e-09,-1.55990844740386e-12,-9.19957424297856e-13,-9.17796282875665e-13,NaN
-166.5725792,-0.0206512,-5.33521e-08,2.4857e-09,2.492466000936e-09,-1.63933456183503e-12,-8.69919277639658e-13,-8.69415481629758e-13,NaN
-156.4739472,-0.0193992,-5.08662e-08,2.48745833333335e-09,2.49080974903475e-09,-1.69285246285283e-12,-8.08787254239621e-13,-8.11518594095201e-13,NaN
-146.381095833334,-0.0181479166666667,-4.83771833333333e-08,2.491525e-09,2.4890802960103e-09,-1.82782760032716e-12,-7.5593021526167e-13,-7.56201953590981e-13,NaN
-136.2847492,-0.0168962,-4.588315e-08,2.48919166666665e-09,2.4871540938341e-09,-1.67972358722417e-12,-6.98851390221298e-13,-6.96542223117482e-13,NaN
-126.1917634,-0.0156449,-4.33988e-08,2.48565e-09,2.48572084883585e-09,-9.56048613548665e-13,-6.21883728125375e-13,-6.22784493020298e-13,NaN
-116.093669133334,-0.0143929666666667,-4.091185e-08,2.48789166666665e-09,2.485241996607e-09,-3.12553820053615e-13,-5.36300460858617e-13,-5.35793752316746e-13,NaN
-105.995440433334,-0.0131410166666667,-3.84230166666667e-08,2.486325e-09,2.48509574119574e-09,6.14055224054929e-13,-4.42865896531641e-13,-4.42026277696583e-13,NaN
-95.9055466,-0.0118901,-3.59392e-08,2.49095833333335e-09,2.48647010705511e-09,1.56548876798871e-12,-3.48255942910226e-13,-3.50613493213169e-13,NaN
-85.8066457333336,-0.0106380666666667,-3.34411e-08,2.49325e-09,2.48822671873172e-09,1.05195156195183e-12,-2.68942060835825e-13,-2.68448390229444e-13,NaN
-75.7158108666666,-0.00938703333333333,-3.09527e-08,2.4927e-09,2.48857401017901e-09,2.11666959165923e-13,-1.9389095761555e-13,-1.93754570134552e-13,NaN
-65.6177166,-0.0081351,-2.84557e-08,2.48955833333335e-09,2.48865005265005e-09,8.19246519236982e-14,-1.17828830964293e-13,-1.16737234630447e-13,NaN
-55.5254029666667,-0.00688388333333333,-2.59735833333333e-08,2.48335e-09,2.48873785948286e-09,7.06704106710487e-14,-3.70730658752585e-14,-3.69675245031379e-14,NaN
-45.4275775666666,-0.00563198333333333,-2.3489e-08,2.48749166666665e-09,2.48879139347139e-09,2.15865215851861e-15,3.93236620968069e-14,3.7519980498635e-14,NaN
-35.3289455666666,-0.00437998333333333,-2.09986e-08,2.48828333333335e-09,2.48874217678718e-09,-6.53726453730575e-14,1.01077361389081e-13,1.02285604078675e-13,NaN
-25.2389173,-0.00312905,-1.85124333333333e-08,2.48750833333335e-09,2.48866064818065e-09,6.25921375962681e-15,1.58946992417415e-13,1.59922461463411e-13,NaN
-15.1406886,-0.0018771,-1.60235833333333e-08,2.49101666666665e-09,2.4887546952147e-09,1.15264127763993e-13,2.09595350885734e-13,2.08472072589339e-13,NaN
-5.0501226,-0.0006261,-1.35304e-08,2.49304166666665e-09,2.48889117643618e-09,5.96577746579524e-14,2.38304760294671e-13,2.37694938321731e-13,NaN
5.0485094,0.0006259,-1.10375e-08,2.487375e-09,2.48887401076401e-09,-1.21992804491935e-13,2.43462457602796e-13,2.44500203263167e-13,NaN
15.139882,0.001877,-8.55565e-09,2.4857e-09,2.48864719082719e-09,-1.65258570258005e-13,2.30570269452981e-13,2.3058195887526e-13,NaN
25.2401272,0.0031292,-6.0661e-09,2.487575e-09,2.4885434936235e-09,-5.09272259315513e-15,1.93022989783767e-13,1.90883810502605e-13,NaN
35.32908,0.00438,-3.5805e-09,2.4875e-09,2.48863700538201e-09,5.34052884049832e-14,1.24079035940439e-13,1.22844561251972e-13,NaN
45.4291907666667,0.00563218333333333,-1.0911e-09,2.48876666666667e-09,2.48865030420031e-09,-1.74616824620217e-14,4.195391688184e-14,4.57806080341184e-14,NaN
55.526344,0.006884,1.39703333333333e-09,2.48945e-09,2.48860208201708e-09,4.39856089838091e-14,-2.07346537344064e-14,-1.90689710614326e-14,NaN
65.61691,0.008135,3.8878e-09,2.49063333333334e-09,2.48873827541827e-09,3.85413010401686e-14,-7.60136923605934e-14,-8.5486292340039e-14,NaN
75.7143321,0.00938685,6.3783e-09,2.48749166666667e-09,2.48867916461916e-09,-1.85725985717696e-14,-1.55343179967041e-13,-1.54717598683751e-13,NaN
85.806108,0.010638,8.86278333333333e-09,2.48864166666665e-09,2.48870113022113e-09,5.10886860900929e-14,-1.79669431097205e-13,-1.66009218820037e-13,NaN
95.9059499,0.01189015,1.13555833333333e-08,2.49225833333334e-09,2.48878134199134e-09,3.75342225354361e-14,-7.72372085995984e-14,-7.81974057107021e-14,NaN
105.996247033334,0.0131411166666667,1.38473e-08,2.48653333333335e-09,2.4887761986662e-09,7.23628173632577e-14,6.4339581443639e-14,5.77709510435513e-14,2.76295852816984e-07
116.0935347,0.01439295,1.632865e-08,2.4864e-09,2.48892606762607e-09,4.79890604884207e-14,1.68649332579909e-13,1.68246971855742e-13,8.04659430614418e-07
126.1917634,0.0156449,1.88201e-08,2.489575e-09,2.48887217678718e-09,-9.88767988825851e-15,2.35914459690969e-13,2.35934374640885e-13,1.12838179176075e-06
136.2819261,0.01689585,2.13078e-08,2.49065e-09,2.48890629226629e-09,6.20752895751883e-14,2.7105158610719e-13,2.70530193374117e-13,1.29384005526752e-06
146.3809614,0.0181479,2.38014e-08,2.4902e-09,2.48899632736633e-09,5.61094536101255e-14,2.78744994076591e-13,2.79202973787066e-13,1.33531857028597e-06
156.471796266666,0.0193989333333333,2.62882e-08,2.486375e-09,2.48901851117351e-09,8.94933895029954e-15,2.69761881066373e-13,2.70807568402296e-13,1.29516663148924e-06
166.570966,0.020651,2.877415e-08,2.4873e-09,2.48901422604423e-09,1.40701415703258e-14,2.49526347921531e-13,2.49279614228574e-13,1.1922068506584e-06
176.661532,0.021902,3.12628e-08,2.489525e-09,2.48904665145665e-09,-6.16210366188944e-15,2.11262809901291e-13,2.104243014351e-13,1.00637709382004e-06
186.7585508,0.0231538,3.37532e-08,2.49134166666665e-09,2.4890019018369e-09,-6.34517959515518e-14,1.51074242016041e-13,1.51156515489762e-13,7.22922465385818e-07
196.8571828,0.0244058,3.62454833333333e-08,2.49016666666665e-09,2.48891974786475e-09,1.679741429687e-14,7.48462180483956e-14,7.51145162293255e-14,3.59243338488079e-07
206.9473455,0.02565675,3.87335333333333e-08,2.49020833333335e-09,2.4890354966655e-09,1.46953609453169e-13,-1.24955454124436e-14,-1.31629038546871e-14,-6.295301843546e-08
217.0463808,0.0269088,4.12259e-08,2.4906e-09,2.48921365508366e-09,1.23574938574703e-13,-1.09155477221457e-13,-1.08934470687394e-13,-5.20990946765797e-07
227.138694433334,0.0281600166666667,4.37147333333333e-08,2.48820833333335e-09,2.48928264654265e-09,-6.27910377922922e-15,-2.05552157740785e-13,-2.04437837127075e-13,-9.77746177564272e-07
237.2363854,0.0294119,4.62023166666667e-08,2.4848666666667e-09,2.4892010968761e-09,2.60418275419171e-13,-2.94682576896635e-13,-2.9508032531993e-13,-1.41125372979097e-06
247.3269514,0.0306629,4.86844666666667e-08,2.48639166666665e-09,2.48980348309349e-09,2.0436509886519e-12,-3.82544131775158e-13,-3.8278007306178e-13,-1.83068730594764e-06
257.4255834,0.0319149,5.11751e-08,2.4887e-09,2.4932883988534e-09,2.5982060957055e-12,-4.70493821190731e-13,-4.69870581590063e-13,-2.24720712934378e-06
267.5157461,0.03316585,5.36618666666667e-08,2.49085e-09,2.4949998952849e-09,-2.54070141571764e-13,-5.5713599561381e-13,-5.58814110102171e-13,-2.67258922222777e-06
277.6147814,0.0344179,5.61568e-08,2.4946083333333e-09,2.49278025857026e-09,-2.26846846846873e-12,-6.48346134189317e-13,-6.47377269273854e-13,-3.09615215739669e-06
287.7126068,0.0356698,5.86510833333333e-08,2.48945833333335e-09,2.49046295834796e-09,-2.17448344448254e-12,-7.30421713697966e-13,-7.29859515969388e-13,-3.49063246767968e-06
297.804113833334,0.0369209166666667,6.11357166666667e-08,2.48715833333335e-09,2.48843129168129e-09,-1.89785568035566e-12,-8.00963634934202e-13,-8.02460396038532e-13,-3.83785406801037e-06
307.9026114,0.0381729,6.36254e-08,2.48787500000001e-09,2.48666724698725e-09,-1.7048712998681e-12,-8.64131772192546e-13,-8.63009191204648e-13,-4.1274352622831e-06
317.992505233334,0.0394238166666667,6.61114666666667e-08,2.48660000000001e-09,2.48502154908156e-09,-1.56337428337206e-12,-9.06623786883663e-13,-9.05908860248333e-13,-4.33260759249203e-06
328.092750433334,0.0406760166666667,6.85986e-08,2.48645e-09,2.4835404984205e-09,-1.47419357669903e-12,-9.28234118610362e-13,-9.28111636767605e-13,-4.43879478454072e-06
338.1827787,0.04192695,7.10843666666667e-08,2.4906e-09,2.48207316192816e-09,-1.40025213525621e-12,-9.37098017720975e-13,-9.37859965990015e-13,-4.4854172286479e-06
348.281141833334,0.0431789166666667,7.35798e-08,2.49361666666665e-09,2.48073999414999e-09,-1.27334240084533e-12,-9.42779689396002e-13,-9.43468985703411e-13,-4.51224297510327e-06
358.379504966667,0.0444308833333333,7.60716e-08,2.491125e-09,2.47952647712647e-09,-1.16023546273821e-12,-9.45953942343812e-13,-9.4630868696369e-13,-4.52582415504373e-06
368.4702054,0.0456819,7.856205e-08,2.4901e-09,2.47841952322452e-09,-1.02471978471549e-12,-9.3925379501967e-13,-9.38770376483588e-13,-4.48977136579107e-06
378.569644,0.046934,8.10518e-08,2.486475e-09,2.47747703755704e-09,-7.04386041885473e-13,-9.11173578646933e-13,-9.09860583632894e-13,-4.35150713911384e-06
388.6594034,0.0481849,8.3535e-08,2.48335e-09,2.47701075114074e-09,-3.95359190358437e-13,-8.55847507369915e-13,-8.56584380617725e-13,-4.09670790730216e-06
398.7580354,0.0494369,8.60185e-08,2.48565833333335e-09,2.47668631917632e-09,-3.86761144253703e-13,-7.82728070496711e-13,-7.85788033145244e-13,-3.75811668025986e-06
408.8486014,0.0506879,8.85063166666667e-08,2.48954999999999e-09,2.47623722885224e-09,-4.04574119570803e-13,-6.92670902777637e-13,-7.02406384645031e-13,-3.35933488308493e-06
418.9464268,0.0519398,9.09976e-08,2.47310833333331e-09,2.47587717093718e-09,-3.26686849188063e-13,-5.50832074730125e-13,-5.31847941679662e-13,-2.54362059064186e-06
429.0373961,0.05319085,9.34525333333333e-08,2.38686666666666e-09,2.47558385515386e-09,-2.5005616006085e-13,-2.0878703508534e-13,-1.8721976840687e-13,-8.95398892380683e-07
439.137238,0.054443,9.57713333333333e-08,2.40423333333335e-09,2.47537705861706e-09,-3.14326664332583e-14,2.60407215170149e-13,2.31201674428194e-13,1.10574713856962e-06
449.23587,0.055695,9.8261e-08,2.49083333333335e-09,2.47552098982099e-09,3.32021469522176e-13,5.32075563800951e-13,5.1935746034573e-13,2.48388350600132e-06
459.326301566666,0.0569459833333333,1.00753e-07,2.4915e-09,2.4760411015561e-09,5.00605183099587e-13,6.22274207227816e-13,6.35504394023668e-13,3.03936884098276e-06
469.425068,0.058198,1.03244e-07,2.4875e-09,2.47652220018719e-09,5.84947057441185e-13,6.95437215515741e-13,6.97006206694816e-13,3.33350794506216e-06
479.515499566667,0.0594489833333333,1.05728e-07,2.48699999999999e-09,2.47721099567098e-09,7.46617819113769e-13,7.61646479444786e-13,7.60505862127005e-13,3.63720194930307e-06
489.614131566667,0.0607009833333333,1.08218e-07,2.48866666666649e-09,2.47801543582542e-09,7.42349947357051e-13,8.12678992705807e-13,8.13113726145082e-13,3.88880477721561e-06
499.704832,0.061952,1.10705333333333e-07,2.488e-09,2.4786956955657e-09,6.38331578340137e-13,8.53618951030439e-13,8.54293903071159e-13,4.08575344947076e-06
509.803464,0.063204,1.13194e-07,2.48658333333351e-09,2.4792920989821e-09,6.51467766464204e-13,8.84478660025446e-13,8.84062634665617e-13,4.22812564405295e-06
519.902096,0.064456,1.156785e-07,2.4865e-09,2.47999863109863e-09,9.68801333802349e-13,8.97395984822522e-13,8.97503647542294e-13,4.29240874911532e-06
529.992662,0.065707,1.18167e-07,2.4888333333335e-09,2.48122970164971e-09,1.359376681881e-12,8.89362419751363e-13,8.88406475856989e-13,4.24890053670734e-06
540.091294,0.066959,1.20656166666667e-07,2.49249999999999e-09,2.48271738446239e-09,1.59874107874097e-12,8.5611339407765e-13,8.54447651238597e-13,4.08648876679329e-06
550.1814567,0.06820995,1.23152e-07,2.4924166666665e-09,2.48442718380719e-09,1.73968263718027e-12,8.04537015834762e-13,8.06527323339209e-13,3.85730458988317e-06
560.280357566666,0.0694619833333333,1.25641e-07,2.48508333333351e-09,2.48619674973675e-09,1.82949923949741e-12,7.60955059511698e-13,7.63974710884853e-13,3.65379209553625e-06
570.370789133334,0.0707129666666667,1.28122166666667e-07,2.48491666666649e-09,2.48808618228618e-09,2.01095501345998e-12,7.28469045378919e-13,7.25258917546653e-13,3.46862960565791e-06
580.469421133334,0.0719649666666667,1.30610833333333e-07,2.4884166666665e-09,2.49021865976367e-09,2.09037674038062e-12,6.74951227686743e-13,6.7386799068587e-13,3.2228469119759e-06
590.568187566667,0.0732169833333333,1.33099e-07,2.48525000000001e-09,2.49226693576694e-09,1.7012978237969e-12,6.05725352061921e-13,6.08565913013384e-13,2.91053262745531e-06
600.658888,0.074468,1.35581333333333e-07,2.487e-09,2.49362125541126e-09,-7.4082836082593e-13,5.3875292914138e-13,5.3706038594252e-13,2.56854967189901e-06
610.75752,0.07572,1.38073e-07,2.49033333333349e-09,2.49078527904529e-09,-3.01349420849562e-12,4.58855591794972e-13,4.57694700434321e-13,2.1889746542511e-06
620.848086,0.076971,1.40562e-07,2.4881666666665e-09,2.48759426699427e-09,-1.52585293085706e-12,3.70601310212584e-13,3.72845379177123e-13,1.78317355258624e-06
630.946583566667,0.0782229833333333,1.43049333333333e-07,2.48750000000002e-09,2.48773357318358e-09,2.15982215985745e-13,2.92101787125031e-13,2.9108986544019e-13,1.39216892167047e-06
641.037149566667,0.0794739833333333,1.45537e-07,2.4873333333335e-09,2.48802623142624e-09,1.91315666315223e-13,2.1528792067684e-13,2.1469314234685e-13,1.02679328948493e-06
651.135916,0.080726,1.48024e-07,2.48258333333349e-09,2.48811620451621e-09,1.15993915989776e-13,1.43896362002347e-13,1.46215655507579e-13,6.9929226547103e-07
661.226482,0.081977,1.50502166666667e-07,2.4820833333335e-09,2.48825821925822e-09,1.79735579730827e-13,8.86028427524362e-14,8.8076751224324e-14,4.21236636290245e-07
671.324845133334,0.0832289666666667,1.52988166666667e-07,2.485583333333e-09,2.48847567567567e-09,8.71533871477213e-14,3.30246703502871e-14,3.18317647955412e-14,1.5223887510911e-07
681.423746,0.084481,1.55473333333333e-07,2.49025e-09,2.48843252603252e-09,-9.04644904625847e-14,-3.30831132862787e-14,-3.44304259179462e-14,-1.64667254390177e-07
691.514177566666,0.0857319833333333,1.57968666666667e-07,2.4968333333335e-09,2.48829474669474e-09,-1.31777231774058e-13,-1.06048234767405e-13,-1.0589377991144e-13,-5.0644851261993e-07
701.612675133334,0.0869839666666667,1.60467e-07,2.4941666666665e-09,2.48816897156897e-09,-3.4608634604096e-14,-1.66479773333781e-13,-1.64504788146437e-13,-7.86762030265568e-07
711.70351,0.088235,1.62957e-07,2.49150000000001e-09,2.48822552942554e-09,2.10044460052723e-13,-1.9678878154568e-13,-1.96982254118451e-13,-9.4208904143607e-07
721.802007566667,0.0894869833333333,1.6545e-07,2.49e-09,2.48858906048908e-09,3.91321516321245e-13,-2.0242780581572e-13,-2.03837996473763e-13,-9.74877374439736e-07
731.892573566667,0.0907379833333333,1.67937e-07,2.4885833333335e-09,2.48900817245818e-09,1.86711711707798e-13,-1.8659221254085e-13,-1.85922967259143e-13,-8.89196799935032e-07
741.99134,0.09199,1.70427166666667e-07,2.4845e-09,2.48896248391249e-09,-9.51503451532437e-14,-1.36025143774187e-13,-1.33372026369831e-13,-6.37866213073105e-07
752.089837566666,0.0932419833333333,1.72906e-07,2.48191666666649e-09,2.48881787176787e-09,9.30823680743879e-14,-4.52776031887664e-14,-4.56751807249549e-14,-2.18446516510654e-07
762.180269133334,0.0944929666666667,1.75391e-07,2.49025000000001e-09,2.48914864864864e-09,1.58669708664297e-13,6.01463691582292e-14,6.55066466052632e-14,3.13292657677346e-07
772.279035566667,0.0957449833333333,1.778865e-07,2.49200000000001e-09,2.4891352111852e-09,-1.27743652745152e-13,1.59381137798484e-13,1.54279308207245e-13,7.37857560991172e-07
782.369467133334,0.0969959666666667,1.80375e-07,2.48991666666648e-09,2.48889316134315e-09,-7.92120042071945e-14,1.69024497048287e-13,1.54251900525496e-13,7.37726480774111e-07
792.468233566667,0.0982479833333333,1.82866333333333e-07,2.49108333333351e-09,2.48897678717679e-09,7.33824733870185e-14,6.5195586455049e-14,7.50008838516505e-14,3.58699879290502e-07
802.558934,0.099499,1.85357166666667e-07,2.48950000000002e-09,2.48903992628992e-09,5.12226512115439e-14,-3.63949500125039e-15,4.95291881167791e-15,2.368787257759e-08
812.657297133336,0.100750966666667,1.87845333333333e-07,2.48741666666648e-09,2.48907923247921e-09,1.05738855729377e-13,-3.40978463431471e-15,-8.95831540581183e-15,-4.28441171582305e-08
822.756063566664,0.102002983333333,1.90332e-07,2.48833333333349e-09,2.48925140400138e-09,2.87030537111957e-14,-2.89147575344916e-16,-1.20966953608304e-15,-5.78537604213628e-09
832.846764,0.103254,1.92822e-07,2.48600000000001e-09,2.48913663858663e-09,-2.20439920426798e-13,4.28141004525779e-15,6.50314074924503e-15,3.11019774963893e-08
842.945261566664,0.104505983333333,1.95304e-07,2.485e-09,2.48881052416053e-09,-2.59204984205019e-13,1.96003049723704e-14,1.9262645186694e-14,9.21256943711452e-08
853.0355587,0.10575695,1.97792e-07,2.49025e-09,2.48861822861822e-09,-1.49675324680741e-13,2.90457624043519e-14,2.70880095902323e-14,1.29551350214154e-07
863.134594,0.107009,2.002845e-07,2.49150000000001e-09,2.48851117351117e-09,3.35146835189322e-14,1.99353717057857e-14,1.9946626421264e-14,9.53969089712626e-08
873.22516,0.10826,2.02775e-07,2.49149999999998e-09,2.48868525798526e-09,1.75348075349713e-13,2.42717173931665e-15,2.09955269681461e-15,1.00413389847655e-08
883.323792,0.109512,2.052675e-07,2.48999999999999e-09,2.48886186966187e-09,1.07376857371307e-13,-1.34521036463242e-14,-1.23610294832976e-14,-5.9117967094032e-08
893.414358,0.110763,2.07755e-07,2.48716666666651e-09,2.4889000117e-09,1.1581841582028e-13,-1.3853498439882e-14,-1.18146458180413e-14,-5.65048278254149e-08
903.51299,0.112015,2.10241833333333e-07,2.48649999999999e-09,2.48909350649351e-09,1.8964256465387e-13,2.34274480125511e-15,8.86422027881063e-16,4.23940969856161e-09
913.611487566664,0.113266983333333,2.12728e-07,2.4900833333335e-09,2.48927929682931e-09,-6.17234117193695e-14,1.2469769598224e-14,9.67512574782013e-15,4.62723405330528e-08
923.702188,0.114518,2.15222e-07,2.49200000000001e-09,2.48897005967007e-09,-3.55811980817086e-13,1.08511518281919e-14,1.42936529176571e-14,6.83609487366209e-08
933.80082,0.11577,2.17712e-07,2.48375e-09,2.48856767286768e-09,-9.01807651833452e-14,2.44146456230378e-14,2.59661780027756e-14,1.24186068708927e-07
943.891251566664,0.117020983333333,2.201895e-07,2.48725000000001e-09,2.4887896981397e-09,2.70270270270929e-13,3.99254924042134e-14,3.50283070299818e-14,1.67526685795565e-07
953.990018,0.118273,2.226865e-07,2.49425e-09,2.48910821340822e-09,1.64949689949808e-13,2.60477224962289e-14,2.68903206190728e-14,1.28605881221653e-07
964.080449566664,0.119523983333333,2.25178e-07,2.49116666666649e-09,2.4891195975196e-09,6.80618930609647e-14,8.57919558962953e-15,1.08484953861287e-14,5.18841083684416e-08
974.179081566664,0.120775983333333,2.27668833333333e-07,2.49016666666649e-09,2.48924433719434e-09,1.2857727857471e-13,3.48745994178134e-15,1.78290652739055e-15,8.52694426143307e-09
984.277848,0.122028,2.30158333333333e-07,2.49016666666702e-09,2.48937675207675e-09,9.01164151142692e-14,2.64899517559742e-16,1.40852844579114e-15,6.73644039291415e-09
994.368279566664,0.123278983333333,2.32649166666667e-07,2.4863333333335e-09,2.48942457002457e-09,5.19305019298144e-14,8.2903547830659e-15,9.49226291709209e-15,4.53977791687013e-08
1004.46691156666,0.124530983333333,2.35131e-07,2.48641666666649e-09,2.48948061308061e-09,-3.30145080133807e-14,2.36003287083679e-14,2.20622606584672e-14,1.0551515967093e-07
1014.557612,0.125782,2.37622e-07,2.4885e-09,2.48935854100854e-09,-2.33965133958478e-13,2.82090626998951e-14,2.79973617036901e-14,1.33900425539387e-07
1024.656244,0.127034,2.40108e-07,2.487e-09,2.48901268281269e-09,-2.32251082243204e-13,2.20749254129189e-14,2.16672003743765e-14,1.03625740920931e-07
1034.7464067,0.12828495,2.42596e-07,2.48900000000002e-09,2.48889403884406e-09,-2.56639756615837e-14,7.62613045843652e-15,7.55253983720775e-15,3.61208426996892e-08
1044.845442,0.129537,2.45086e-07,2.49049999999998e-09,2.48896135486137e-09,9.67239967186528e-14,-7.95231643622615e-15,-6.56572628991479e-15,-3.14012996474186e-08
1054.936008,0.130788,2.47577e-07,2.48999999999999e-09,2.48908748683749e-09,1.55522405518176e-13,-1.66168522960741e-14,-1.78511069525283e-14,-8.53748593381788e-08
1065.03437113334,0.132039966666667,2.50066e-07,2.49233333333352e-09,2.48927239967241e-09,8.51468351441639e-14,-2.65007991864116e-14,-2.69711243269559e-14,-1.28992333737615e-07
1075.13313756666,0.133291983333333,2.52561666666667e-07,2.4881666666665e-09,2.48925778050778e-09,-3.96922896965227e-14,-3.13378415139105e-14,-2.80891053605381e-14,-1.343391995504e-07
1085.223838,0.134543,2.55042333333333e-07,2.48666666666651e-09,2.48919301509301e-09,-3.99145899132851e-14,-1.93745370455594e-14,-2.04388389970171e-14,-9.77509691161687e-08
1095.3220667,0.13579495,2.57535e-07,2.49383333333348e-09,2.48917795132795e-09,-5.34456534432745e-14,-1.67593653376915e-14,-2.06077051666564e-14,-9.85585899274871e-08
1105.413036,0.137046,2.6003e-07,2.493e-09,2.48908612378613e-09,-2.6625716625699e-13,-3.72239498462996e-14,-3.54447019451029e-14,-1.69518139737449e-07
1115.51139913334,0.138297966666667,2.62521e-07,2.48600000000001e-09,2.48864543699544e-09,-2.86641511641064e-13,-4.96026160227852e-14,-4.65003678587326e-14,-2.22393063672199e-07
1125.60209956666,0.139548983333333,2.65002e-07,2.48499999999999e-09,2.48851284076284e-09,9.31408681375039e-14,-4.34875814991773e-14,-4.6005738115687e-14,-2.20027443161981e-07
1135.700866,0.140801,2.67491e-07,2.4901666666665e-09,2.48883171873172e-09,2.49640224633844e-13,-4.46639591547845e-14,-4.58310936664722e-14,-2.19192187100519e-07
1145.79936356666,0.142052983333333,2.69982333333333e-07,2.48933333333352e-09,2.48901212121211e-09,1.75628875624422e-13,-4.95383680096351e-14,-4.72961178740593e-14,-2.26198824615066e-07
1155.88979513334,0.143303966666667,2.72469666666667e-07,2.48783333333348e-09,2.48918297648296e-09,1.76538551543454e-13,-4.09008577807346e-14,-4.1345868180367e-14,-1.97741108688712e-07
1165.98856156666,0.144555983333333,2.74958e-07,2.4871666666665e-09,2.4893651983152e-09,1.70878670980699e-14,-2.77010631001394e-14,-2.75193396953625e-14,-1.31614233325647e-07
1176.0788587,0.14580695,2.77444e-07,2.48708333333354e-09,2.48921715221716e-09,-2.43684918681495e-13,-1.3696830604195e-14,-1.31776096521535e-14,-6.30233505102993e-08
1186.17762513334,0.147058966666667,2.79932166666667e-07,2.48799999999999e-09,2.48887782847784e-09,-3.55171405172215e-13,-4.76611331831006e-15,-6.87956228828997e-15,-3.29022544222564e-08
1196.26832556666,0.148309983333333,2.8242e-07,2.49141666666649e-09,2.48850680940682e-09,-3.02404352409139e-13,-1.28444420417107e-14,-1.25588543189157e-14,-6.00640858730751e-08
1206.36682313334,0.149561966666667,2.84915e-07,2.49166666666649e-09,2.48827301977302e-09,-1.12244062245693e-13,-2.52104429238574e-14,-2.41612343220795e-14,-1.15553729366467e-07
1216.4653207,0.15081395,2.87403333333333e-07,2.4895e-09,2.48828232128232e-09,8.07651807663224e-14,-3.24745988801528e-14,-3.35777123921725e-14,-1.60589059266912e-07
1226.55629,0.152065,2.89894e-07,2.4888333333335e-09,2.48843455013455e-09,1.25494325489393e-13,-3.7488159846742e-14,-3.62109601223162e-14,-1.73182852758904e-07
1236.65478756666,0.153316983333333,2.92381e-07,2.48599999999999e-09,2.4885333099333e-09,1.73089973091115e-13,-3.02327181195396e-14,-2.99065456532777e-14,-1.43031305298285e-07
1246.7450847,0.15456795,2.94866e-07,2.48699999999999e-09,2.48878073008073e-09,1.45366795367784e-13,-1.55905294460944e-14,-1.61436756214852e-14,-7.72088834071031e-08
1256.84412,0.15582,2.97355e-07,2.48624999999999e-09,2.48882404352404e-09,-1.1935181935811e-13,-2.24919501367731e-15,-1.56161908315326e-15,-7.46861300638516e-09
1266.9342827,0.15707095,2.998385e-07,2.48800000000002e-09,2.48854202644202e-09,-1.68994968992081e-13,7.55705603666628e-15,6.88184646658763e-15,3.29131787532452e-08
1277.0329147,0.15832295,3.02331e-07,2.49275000000001e-09,2.48848605358605e-09,-2.78752777988829e-15,3.57227537444374e-15,4.23675061353454e-15,2.02627203256e-08
1287.12374956666,0.159573983333333,3.04824e-07,2.49349999999998e-09,2.48853645138646e-09,1.87580437563397e-14,-1.65820403465867e-14,-1.55130496726102e-14,-7.41928462603096e-08
1297.22224713334,0.160825966666667,3.07318e-07,2.4895e-09,2.48852356967357e-09,-2.11243711327472e-14,-6.30366055953926e-14,-7.54209878520957e-14,-3.6070907233611e-07
1307.32101356666,0.162077983333333,3.09803e-07,2.48608333333351e-09,2.48849420264419e-09,1.26275301267172e-13,-1.58393692704e-13,-1.62687678879859e-13,-7.78071507686282e-07
1317.41157956666,0.163328983333333,3.12290166666667e-07,2.4865e-09,2.4887761202761e-09,2.0263542763264e-13,-1.807711143429e-13,-1.47750760546564e-13,-7.06634072179219e-07
1327.51021156666,0.164580983333333,3.14776e-07,2.48541666666651e-09,2.48889947349946e-09,1.49058149080597e-14,4.18098222024365e-14,4.62289893455138e-14,2.21095166435066e-07
1337.60064313334,0.165831966666667,3.17261e-07,2.4845e-09,2.48880593190592e-09,-1.0316192815826e-13,2.96090348689282e-13,2.62634179671094e-13,1.25607651147045e-06
1347.699544,0.167084,3.19745e-07,2.4875e-09,2.48869314964314e-09,-1.67699192684235e-13,3.17254746872342e-13,3.18169650768235e-13,1.52168093845678e-06
1357.78997556666,0.168334983333333,3.22236e-07,2.49166666666649e-09,2.48847053352055e-09,-1.6579794078527e-13,2.30809270385179e-13,2.41004004088109e-13,1.15262784563878e-06
1367.8883387,0.16958695,3.24728333333333e-07,2.49549999999998e-09,2.48836155376157e-09,-2.13495963567289e-14,1.5158629407593e-13,1.49170416546888e-13,7.13423731311203e-07
1377.987374,0.170839,3.27227e-07,2.49183333333351e-09,2.48842783432784e-09,2.69685269598617e-14,7.54796329252145e-14,7.85573167847291e-14,3.75708906361748e-07
1388.07767113334,0.172089966666667,3.29712e-07,2.48816666666653e-09,2.48841549081549e-09,1.06414531411869e-13,2.65683397524809e-14,2.76029079279025e-14,1.32013907481273e-07
1398.17643756666,0.173341983333333,3.32203333333333e-07,2.48599999999999e-09,2.48864066339066e-09,2.42979992979336e-13,-6.97484431715899e-15,-9.92121873956837e-15,-4.7449307015327e-08
1408.267138,0.174593,3.34684e-07,2.48633333333349e-09,2.48890145080145e-09,1.07648882645864e-13,-4.90471402051786e-14,-4.87163278743345e-14,-2.32991133312035e-07
1418.36577,0.175845,3.37176e-07,2.48500000000001e-09,2.48885596115595e-09,-9.2409617412764e-14,-8.91714005716084e-14,-8.72660896879223e-14,-4.1735955937702e-07
1428.4559327,0.17709595,3.39654e-07,2.48500000000001e-09,2.48871663156662e-09,-2.16868491860671e-13,-1.2072995526966e-13,-1.22775765787662e-13,-5.87188445071427e-07
1438.55483356666,0.178347983333333,3.42146e-07,2.49049999999998e-09,2.48842222417223e-09,-1.94401544393904e-13,-1.59333761128882e-13,-1.58812165384677e-13,-7.59536443144107e-07
1448.64539956666,0.179598983333333,3.44635e-07,2.4939166666665e-09,2.48832782847783e-09,9.73411723384421e-14,-1.96725985602131e-13,-1.95678664126527e-13,-9.35854480605129e-07
1458.7437627,0.18085095,3.47133833333333e-07,2.49341666666651e-09,2.48861690651691e-09,2.77278577277889e-13,-2.30735079824652e-13,-2.32719266874373e-13,-1.11300518939918e-06
1468.84266356666,0.182102983333333,3.49621833333333e-07,2.48883333333348e-09,2.48888238563239e-09,9.65549315550928e-13,-2.71408245480408e-13,-2.71604647627434e-13,-1.29897874952251e-06
1478.933364,0.183354,3.521115e-07,2.48708333333351e-09,2.49054800514801e-09,2.99405639405636e-12,-3.05643835339952e-13,-3.03397119704751e-13,-1.45102970293577e-06
1489.03186156666,0.184605983333333,3.54596e-07,2.48375e-09,2.4948704984205e-09,2.1802562302592e-12,-3.18048843791868e-13,-3.18181780435914e-13,-1.52173894991089e-06
1499.122562,0.185857,3.57079e-07,2.4858333333335e-09,2.49490851760853e-09,-3.83471685971769e-12,-3.19441947635418e-13,-3.20401842180072e-13,-1.53235663651339e-06
1509.221194,0.187109,3.59567666666667e-07,2.48908333333351e-09,2.48720106470107e-09,-5.93856908857117e-12,-3.19090896155994e-13,-3.17642785801828e-13,-1.519161149487e-06
1519.31176,0.18836,3.62057166666667e-07,2.48866666666649e-09,2.48303137943139e-09,-1.6926055926033e-12,-3.15064668951363e-13,-3.16497463296136e-13,-1.51368352011195e-06
1529.410392,0.189612,3.64545e-07,2.49108333333298e-09,2.48381585351586e-09,4.1921141920813e-13,-3.22326866417893e-13,-3.23810442046053e-13,-1.54865863587243e-06
1539.50875513334,0.190863966666667,3.67039333333333e-07,2.4895e-09,2.4838698022698e-09,2.32666432657889e-13,-3.39125154929598e-13,-3.37674185514666e-13,-1.61496349593971e-06
1549.59959,0.192115,3.69524e-07,2.48933333333352e-09,2.48428118638118e-09,2.65683865683452e-13,-3.4639881853196e-13,-3.46782392254055e-13,-1.65852448469331e-06
1559.698222,0.193367,3.72018e-07,2.49291666666653e-09,2.48440117000117e-09,-1.50327600322228e-13,-3.42015117777999e-13,-3.42342752748505e-13,-1.6372914261885e-06
1569.788788,0.194618,3.74509833333333e-07,2.48599999999999e-09,2.48398053118053e-09,-3.1759096758984e-13,-3.19366286462955e-13,-3.16276622936683e-13,-1.51262732708848e-06
1579.8870167,0.19586995,3.7699e-07,2.48358333333347e-09,2.48376598806599e-09,-2.14753714709113e-14,-2.68022150392831e-13,-2.68334855889289e-13,-1.28334061512269e-06
1589.977986,0.197121,3.79477e-07,2.48658333333352e-09,2.48393758043759e-09,1.11544986547219e-13,-2.13598609846804e-13,-2.16669293939532e-13,-1.03624444927602e-06
1600.07648356666,0.198372983333333,3.81963166666667e-07,2.48900000000002e-09,2.48398907803908e-09,2.67725517706433e-14,-1.78063334312045e-13,-1.78224546574801e-13,-8.52378266227309e-07
1610.17511556666,0.199624983333333,3.84455e-07,2.491833333333e-09,2.48399112554113e-09,1.25862875861568e-14,-1.47559345527228e-13,-1.47198604181705e-13,-7.03993324347285e-07
1620.26568156666,0.200875983333333,3.86946833333333e-07,2.48899999999999e-09,2.48401425061426e-09,-3.29413829491165e-14,-1.06348855498876e-13,-1.05131221359691e-13,-5.02801493459392e-07
1630.364448,0.202128,3.89433e-07,2.48483333333347e-09,2.48392524277523e-09,1.16216216205711e-13,-4.29027252646156e-14,-4.82453243641273e-14,-2.30738507828435e-07
1640.455014,0.203379,3.919165e-07,2.48666666666651e-09,2.48424668304667e-09,4.46100971099628e-13,4.01024525141045e-14,3.26665043405433e-14,1.56231107715642e-07
1650.553646,0.204631,3.94406333333333e-07,2.44475000000001e-09,2.48481744471743e-09,4.49110799121094e-13,2.02320408003471e-13,2.34285405966084e-13,1.12049541983779e-06
1660.64394313334,0.205881966666667,3.96806e-07,2.3553333333335e-09,2.48514490464491e-09,2.65057915069095e-13,5.90157600061217e-13,6.15343217047925e-13,2.94294582066399e-06
1670.742844,0.207134,3.99117e-07,2.42999999999998e-09,2.48534756054757e-09,2.63522288528674e-13,9.77095511314584e-13,9.11821320763018e-13,4.36088457756226e-06
1680.83327556666,0.208384983333333,4.01666e-07,2.62200000000001e-09,2.48567194922197e-09,1.84049959053673e-13,8.42783426212548e-13,8.15640601137195e-13,3.90088983152572e-06
1690.932042,0.209637,4.04361e-07,2.57049999999999e-09,2.48571566046568e-09,5.34661284679603e-14,4.28402852305689e-13,4.85821980746045e-13,2.323496429655e-06
1701.03874,0.21089,4.06807e-07,2.46699999999999e-09,2.4857788814789e-09,3.12480987474625e-13,2.91801589690371e-13,2.97863307917885e-13,1.4245636465638e-06
1711.12124,0.21214,4.09295e-07,2.48550000000003e-09,2.48634062244063e-09,6.68041418028812e-13,3.20937606658804e-13,3.0498002615025e-13,1.45860012506641e-06
1721.20374,0.21339,4.11778e-07,2.4818333333335e-09,2.48711496431496e-09,8.01836901835511e-13,3.3304882551553e-13,3.35847465680113e-13,1.60622700977445e-06
1731.28624,0.21464,4.14258666666667e-07,2.48600000000001e-09,2.4879442962443e-09,8.26731601731857e-13,3.31544941164887e-13,3.26622651776742e-13,1.56210833458442e-06
1741.36874,0.21589,4.1675e-07,2.49716666666649e-09,2.48876842751842e-09,7.23917748912193e-13,2.87184846591076e-13,2.86372665535876e-13,1.36960840038897e-06
1751.5319,0.21715,4.19253e-07,2.49249999999998e-09,2.48939213174212e-09,3.9631742131848e-13,2.28154144306655e-13,2.31976799509362e-13,1.10945425852304e-06
1761.6144,0.2184,4.21735e-07,2.48391666666654e-09,2.48956106236106e-09,3.31578331589469e-13,1.92113882468176e-13,1.93053392856236e-13,9.2329883539939e-07
1771.6969,0.21965,4.24220833333333e-07,2.48408333333348e-09,2.4900552884053e-09,7.027758277839e-13,1.72127465200609e-13,1.71795659128526e-13,8.21631413223385e-07
1781.7794,0.2209,4.26703166666667e-07,2.48374999999998e-09,2.49096661401663e-09,8.42441792432023e-13,1.50297342101564e-13,1.4955563509873e-13,7.1526608090697e-07
1791.8619,0.22215,4.29188333333333e-07,2.48875000000004e-09,2.49174017199017e-09,7.38115713104877e-13,1.12597033609624e-13,1.09793640323369e-13,5.25100018937852e-07
1801.9444,0.2234,4.31680666666667e-07,2.4980833333335e-09,2.49244284544284e-09,6.36474786474929e-13,5.36533085297749e-14,5.41489469152786e-14,2.58973224377419e-07
1812.10756,0.22466,4.341845e-07,2.49225e-09,2.49301312156312e-09,5.10980460978505e-13,7.99190673317016e-16,4.06077106686547e-15,1.94210790154436e-08
1822.19006,0.22591,4.36665166666667e-07,2.48325000000002e-09,2.4934648063648e-09,-5.33488358491955e-13,-2.44147439793254e-14,-2.42452189938664e-14,-1.15955395188057e-07
1832.27256,0.22716,4.39151e-07,2.48691666666649e-09,2.49194614484613e-09,-3.8331051831029e-12,-3.84896907057934e-14,-3.97687865148375e-14,-1.90198544201397e-07
1842.35506,0.22841,4.41639e-07,2.48591666666647e-09,2.48579859599859e-09,-5.09779454779082e-12,-5.99046362807497e-14,-5.95095316963945e-14,-2.84610803765365e-07
1852.43756,0.22966,4.44122833333333e-07,2.48400000000001e-09,2.48175055575055e-09,2.00046800050844e-13,-9.22157830400088e-14,-9.37620308784204e-14,-4.48427104201141e-07
1862.52006,0.23091,4.46607e-07,2.49458333333353e-09,2.48619868959869e-09,3.88433075933262e-12,-1.43588886803529e-13,-1.45603019658435e-13,-6.96362267931646e-07
1872.68322,0.23217,4.49112e-07,2.4966666666665e-09,2.48951921726922e-09,1.31051831051328e-12,-2.04150145276464e-13,-2.02078806826696e-13,-9.66463858736372e-07
1882.76572,0.23342,4.51600333333333e-07,2.48999999999997e-09,2.48881972621972e-09,-5.84640809640664e-13,-2.405275395234e-13,-2.39232462277522e-13,-1.14415525437076e-06
1892.84822,0.23467,4.54092e-07,2.48433333333349e-09,2.48834993564993e-09,-5.18339768332314e-13,-2.4351466585622e-13,-2.42451661565866e-13,-1.15955142488023e-06
1902.93072,0.23592,4.56569e-07,2.4825e-09,2.48778304668305e-09,-2.77325377323088e-13,-2.19014355122054e-13,-2.1905201615903e-13,-1.04764007728232e-06
1913.01322,0.23717,4.59057e-07,2.48675000000001e-09,2.48779528489529e-09,2.55844155840013e-13,-1.85331154888825e-13,-1.86446872187684e-13,-8.91702432201967e-07
1923.09572,0.23842,4.615425e-07,2.48500000000004e-09,2.48829473499473e-09,3.90920790920529e-13,-1.60330233959733e-13,-1.62073991682489e-13,-7.7513648195973e-07
1933.17822,0.23967,4.64027e-07,2.49324999999998e-09,2.48857712647713e-09,1.02808002805639e-13,-1.48860059317949e-13,-1.50028730817859e-13,-7.17528712607152e-07
1943.34138,0.24093,4.66529e-07,2.48941666666651e-09,2.48850035100034e-09,-2.15014040019726e-13,-1.35425257847823e-13,-1.32620006493322e-13,-6.3426959627241e-07
1953.42253566666,0.242179833333333,4.69005833333333e-07,2.48200000000001e-09,2.48814709839709e-09,-3.95018720019752e-13,-9.08959556014239e-14,-8.97504538031362e-14,-4.29241300797608e-07
1963.50638,0.24343,4.71493e-07,2.48858333333344e-09,2.4877103135603e-09,-1.82388557386042e-13,-1.88702111000045e-14,-1.86924539832294e-14,-8.93986929632711e-08
1973.58888,0.24468,4.73983e-07,2.48900000000002e-09,2.48778232128232e-09,2.02942552949782e-13,6.36897294884919e-14,6.22783947592235e-14,2.97853192326721e-07
1983.67138,0.24593,4.76471e-07,2.48850000000006e-09,2.4881161986662e-09,2.18219843221725e-13,1.3774778696708e-13,1.39952044566228e-13,6.69335865316743e-07
1993.75388,0.24718,4.7896e-07,2.494e-09,2.48821876096876e-09,-5.47238797204191e-14,2.00733453980238e-13,2.0817496375726e-13,9.95619391882548e-07
2003.91704,0.24844,4.81459e-07,2.49350000000001e-09,2.48800675090676e-09,-2.89335439332209e-13,2.24359884515713e-13,2.09290660938691e-13,1.00095533492417e-06
2013.99954,0.24969,4.83947e-07,2.48650000000003e-09,2.4876400900901e-09,-3.37238212251486e-13,9.35226184959962e-14,7.25905657961368e-14,3.47172271198915e-07
2024.08204,0.25094,4.86432e-07,2.48199999999996e-09,2.48733227448226e-09,-1.11659061671609e-13,-1.31075195757827e-13,-1.01870956568347e-13,-4.87208922718181e-07
2034.16454,0.25219,4.88911e-07,2.4834166666665e-09,2.48741677196675e-09,3.11819936827196e-13,-1.44523128426315e-13,-1.23839922919199e-13,-5.92277892222256e-07
2044.24704,0.25344,4.91398833333333e-07,2.48700000000004e-09,2.48795591435591e-09,5.12457587467183e-13,1.73731264327079e-14,-7.47128836304265e-15,-3.57322486928127e-08
2054.32954,0.25469,4.93885e-07,2.48508333333348e-09,2.48844168714169e-09,3.45998596000984e-13,7.75038105117357e-14,7.14379897883302e-14,3.41659951161579e-07
2064.41204,0.25594,4.96369e-07,2.49566666666647e-09,2.48864791154792e-09,8.974493975266e-14,4.86106714536871e-14,5.40475405919104e-14,2.58488237613485e-07
2074.5752,0.2572,4.98876333333333e-07,2.495e-09,2.48862117702119e-09,-2.58655083654494e-13,1.42033653412102e-14,1.37600171902366e-14,6.5808777866349e-08
2084.6577,0.25845,5.01359e-07,2.48483333333347e-09,2.48813060138061e-09,-3.09251784256851e-13,-5.63859168898549e-15,-1.22780392032094e-15,-5.87210570588276e-09
2094.7402,0.2597,5.03846e-07,2.48449999999997e-09,2.48800267345268e-09,-3.49011348998236e-14,1.43367115945013e-14,1.52326971118312e-14,7.28520296652796e-08
2104.8227,0.26095,5.06328e-07,2.48591666666652e-09,2.48806079911081e-09,1.42193167186881e-13,4.79219957886522e-14,4.51426201806069e-14,2.15899487820294e-07
2114.9052,0.2622,5.08817833333333e-07,2.48500000000004e-09,2.48828705978705e-09,2.06148356137305e-13,5.84568171216003e-14,5.73945528133187e-14,2.74495687368046e-07
2124.9877,0.26345,5.11298e-07,2.49033333333347e-09,2.48847309582308e-09,6.67427167433406e-14,4.17067805820071e-14,3.97564978290558e-14,1.90139772225919e-07
2135.15086,0.26471,5.137985e-07,2.49150000000001e-09,2.48842054522054e-09,-1.94989469982652e-13,5.83057475515207e-15,6.91067650944399e-15,3.3051061566906e-08
2145.23336,0.26596,5.16281e-07,2.48391666666657e-09,2.48808311688312e-09,-3.44764244761198e-13,-1.82598129892533e-14,-1.45929032054577e-14,-6.97921457652325e-08
2155.31586,0.26721,5.18766333333333e-07,2.48800000000002e-09,2.48773101673102e-09,-4.10962910977758e-14,-1.22535824149033e-14,-1.21015646433487e-14,-5.78770482942764e-08
2165.39836,0.26846,5.21257e-07,2.48983333333351e-09,2.48800092430092e-09,3.79954954957388e-13,-6.20547429774667e-16,-2.33302301851171e-15,-1.11579361754908e-08
2175.48086,0.26971,5.23746e-07,2.48841666666648e-09,2.48849092664093e-09,4.41043641048187e-13,-9.60406260998115e-15,-1.18111676540154e-14,-5.64881931278997e-08
2185.56336,0.27096,5.26233833333333e-07,2.49599999999997e-09,2.48888301158302e-09,2.60573885573614e-13,-4.54686006630377e-14,-4.66430455143611e-14,-2.23075435068684e-07
2195.72652,0.27222,5.28738e-07,2.49516666666699e-09,2.48901207441208e-09,-7.92032291995986e-14,-8.87290754493929e-14,-8.68406036769392e-14,-4.15324626281014e-07
2205.80902,0.27347,5.31224166666667e-07,2.48333333333349e-09,2.48872460512462e-09,-5.34430209429809e-13,-1.06198544230722e-13,-1.03648659438722e-13,-4.95710979924323e-07
2215.89152,0.27472,5.33704666666667e-07,2.48191666666651e-09,2.48794321399322e-09,-5.53059553063507e-13,-8.67222349473244e-14,-8.6071895379111e-14,-4.116481952914e-07
2225.97402,0.27597,5.36188e-07,2.48616666666653e-09,2.48761848601849e-09,-1.28790803784911e-13,-4.88940314461581e-14,-5.01121538849939e-14,-2.39666822928232e-07
2236.05652,0.27722,5.38677e-07,2.4871666666665e-09,2.48768563238565e-09,1.70118170118212e-13,-1.88951125366682e-14,-1.92933613047851e-14,-9.22725975446244e-08
2246.13902,0.27847,5.41162333333333e-07,2.48641666666648e-09,2.48795872235873e-09,2.84216684209192e-13,-8.69522857521552e-15,-1.10734330462585e-14,-5.2959897177758e-08
2256.22152,0.27972,5.43649833333333e-07,2.49483333333348e-09,2.48825406575407e-09,1.33798408795928e-13,-2.56178942901301e-14,-2.67242045401275e-14,-1.27811413018001e-07
2266.38468,0.28098,5.46152e-07,2.49099999999999e-09,2.48822631917632e-09,-2.86667836672331e-13,-4.92409055809073e-14,-4.62074526759057e-14,-2.20992164971723e-07
2276.46718,0.28223,5.48631833333333e-07,2.48399999999996e-09,2.48768073008072e-09,-4.82490932489711e-13,-4.62351054304064e-14,-4.4969810941804e-14,-2.15073008852106e-07
2286.54968,0.28348,5.5112e-07,2.487916666667e-09,2.48726133731134e-09,-2.5628875628243e-13,-1.86616207131719e-14,-1.85482594272655e-14,-8.87090668260524e-08
2296.63218,0.28473,5.53607666666667e-07,2.48550000000005e-09,2.48716815256816e-09,3.08792558758071e-14,1.66566526625562e-14,1.66526110282899e-14,7.96429223092126e-08
2306.71468,0.28598,5.56091e-07,2.48166666666651e-09,2.48732309582309e-09,2.66611091600719e-13,4.15742704529629e-14,3.96487581906125e-14,1.89624495694234e-07
2316.79718,0.28723,5.58571e-07,2.49399999999997e-09,2.48770137475136e-09,1.97072072071135e-13,3.79929408140067e-14,3.3923256006479e-14,1.62241659161421e-07
2326.96034,0.28849,5.61079e-07,2.497e-09,2.48771723996723e-09,-9.62969462897732e-14,1.02786816290669e-14,1.30048790910111e-14,6.21972478265748e-08
2337.04284,0.28974,5.63565e-07,2.48258333333352e-09,2.48750878085878e-09,-1.8604773604798e-13,1.02771668693452e-14,1.50568881976902e-14,7.20112044237357e-08
2347.12534,0.29099,5.66044166666667e-07,2.48216666666652e-09,2.48734514449514e-09,3.14496314472957e-14,5.80284334500274e-14,5.74219010595407e-14,2.74626483328238e-07
2357.20784,0.29224,5.68529333333333e-07,2.48425000000002e-09,2.48757168012168e-09,4.48985023989748e-13,1.17809102788941e-13,1.16465415153431e-13,5.5700850725554e-07
2367.29034,0.29349,5.71012666666667e-07,2.48283333333347e-09,2.48824311454312e-09,6.36065286071168e-13,1.60972007526259e-13,1.60616123020243e-13,7.68164066618553e-07
2377.37284,0.29474,5.73495e-07,2.48616666666647e-09,2.48884381069382e-09,3.19609219615864e-13,1.74546336049773e-13,1.71305094879617e-13,8.19285236380777e-07
2387.45534,0.29599,5.75985e-07,2.499e-09,2.48888233298235e-09,-7.25897975865666e-14,1.49713262650794e-13,1.48788864813995e-13,7.11598918675628e-07
2397.6185,0.29725,5.78493e-07,2.49350000000001e-09,2.48869863109864e-09,-2.42193167201594e-13,1.15468441939115e-13,1.19624658690859e-13,5.72117932869326e-07
2407.701,0.2985,5.80972e-07,2.48166666666651e-09,2.48839794664795e-09,-1.69638469646238e-13,1.11592169953853e-13,1.12817184763011e-13,5.39560448866574e-07
2417.7835,0.29975,5.83456333333333e-07,2.48700000000004e-09,2.48835935415935e-09,8.49362349291886e-14,1.29375547297106e-13,1.28269687259654e-13,6.13463721676606e-07
2427.866,0.301,5.85946e-07,2.48775000000001e-09,2.48856781911781e-09,4.13940563932426e-13,1.45817835130794e-13,1.46541082063834e-13,7.00848653348771e-07
2437.9485,0.30225,5.88431833333333e-07,2.48533333333349e-09,2.48918723528722e-09,5.69310869305981e-13,1.50819995053777e-13,1.49063401890588e-13,7.12911922085421e-07
2448.031,0.3035,5.90916666666667e-07,2.49708333333349e-09,2.48970644085642e-09,2.76222651216679e-13,1.25845107779449e-13,1.22805503330861e-13,5.87330668104118e-07
2458.19416,0.30476,5.93426e-07,2.49733333333297e-09,2.48973968058965e-09,-1.02851877843205e-13,7.28498409250753e-14,7.50571943429194e-14,3.58969190335701e-07
2468.27666,0.30601,5.95911333333333e-07,2.48941666666651e-09,2.48950073710073e-09,-2.40999765978714e-13,2.92529140081204e-14,3.0427861168272e-14,1.45524553413475e-07
2478.35916,0.30726,5.98404833333333e-07,2.48891666666697e-09,2.48925768105769e-09,-1.76482976480113e-13,6.72059000453565e-15,7.95293069418218e-15,3.80357554939148e-08
2488.44166,0.30851,6.00889166666667e-07,2.48516666666697e-09,2.48914777114777e-09,1.93225693216407e-13,3.21141502183693e-15,4.43901249896624e-15,2.12300597776646e-08
2498.52416,0.30976,6.03375166666667e-07,2.48483333333305e-09,2.48964413244413e-09,6.22642447644305e-13,2.30662712166407e-15,-1.06675141560457e-15,-5.10185459636968e-09
2508.60666,0.31101,6.05858833333333e-07,2.49366666666652e-09,2.49039305604306e-09,3.31399906408411e-13,-2.67345062008518e-14,-2.93423851108883e-14,-1.40333146182509e-07
2518.76713133334,0.312269666666667,6.083625e-07,2.49641666666697e-09,2.49030693225694e-09,-3.47153972148831e-13,-7.52966345157789e-14,-7.28543534989157e-14,-3.48433864560032e-07
2528.85232,0.31352,6.10851666666667e-07,2.48691666666649e-09,2.48969874809876e-09,-6.12764712768019e-13,-1.0433915344276e-13,-1.02546471765543e-13,-4.90439647574336e-07
2538.93482,0.31477,6.13336333333333e-07,2.48433333333304e-09,2.48908140283141e-09,-4.7494734994785e-13,-1.03314737131506e-13,-1.02370999796838e-13,-4.89600433810964e-07
2549.01732,0.31602,6.15820333333333e-07,2.48633333333351e-09,2.48874885339887e-09,-1.99502749495732e-13,-8.25906792992613e-14,-8.21785350673261e-14,-3.93027776408951e-07
2559.09982,0.31727,6.18309e-07,2.48749999999995e-09,2.48868239733242e-09,1.41107991109313e-13,-6.35445425677317e-14,-6.60792844654561e-14,-3.16031360486964e-07
2569.18232,0.31852,6.20795333333333e-07,2.48974999999996e-09,2.48903106938108e-09,2.2996080495503e-13,-7.23622389312015e-14,-7.45929092057574e-14,-3.56748696201448e-07
2579.26482,0.31977,6.232885e-07,2.49683333333354e-09,2.48914231894233e-09,-1.56288756299563e-13,-1.0565769157717e-13,-1.04748829523204e-13,-5.00972662937063e-07
2589.42798,0.32103,6.25789e-07,2.49291666666655e-09,2.48871849186849e-09,-4.613665613733e-13,-1.34020337156653e-13,-1.32509153273048e-13,-6.33739428697186e-07
2599.51048,0.32228,6.28274333333333e-07,2.48600000000001e-09,2.48821958581958e-09,-3.82052182051982e-13,-1.38643002950275e-13,-1.37757928205826e-13,-6.58842265332211e-07
2609.59298,0.32353,6.30761e-07,2.48433333333351e-09,2.48795438750438e-09,-3.05738855737297e-13,-1.18348994880715e-13,-1.16435744715133e-13,-5.56866605159332e-07
2619.67548,0.32478,6.33243e-07,2.48258333333346e-09,2.4876081081081e-09,-1.05104130100393e-13,-8.22874908892236e-14,-8.35168789026901e-14,-3.99428551273735e-07
2629.75798,0.32603,6.35726166666667e-07,2.48533333333349e-09,2.48774417924418e-09,2.65540540537327e-13,-6.19289208488389e-14,-6.52943911686112e-14,-3.12277522980314e-07
2639.84048,0.32728,6.38213666666667e-07,2.49541666666652e-09,2.48813918918918e-09,2.32335907330969e-13,-7.44008544754914e-14,-7.47035525281343e-14,-3.57277859917164e-07
2650.00364,0.32854,6.40717e-07,2.49433333333299e-09,2.48820885105884e-09,2.02702702801579e-14,-9.75670410877675e-14,-9.69451278312635e-14,-4.63650611366912e-07
2660.08614,0.32979,6.43202333333333e-07,2.48633333333351e-09,2.48817972972974e-09,-1.80109980093451e-13,-1.0575975272342e-13,-1.04260871646021e-13,-4.98638951350535e-07
2670.16864,0.33104,6.45689666666667e-07,2.48308333333348e-09,2.48784863109866e-09,-3.23797823797644e-13,-8.05669160794142e-14,-7.59241333764443e-14,-3.63115420496038e-07
2680.25114,0.33229,6.481685e-07,2.48016666666647e-09,2.48753213408214e-09,3.05077804023218e-15,-2.10634037557072e-14,-2.31366207428473e-14,-1.10653403552748e-07
2690.33364,0.33354,6.5065e-07,2.48375e-09,2.48785473265474e-09,3.77784602791913e-13,1.95101134464291e-14,1.45423040313592e-14,6.95501497151962e-08
2700.41614,0.33479,6.53136e-07,2.49391666666653e-09,2.48828770328773e-09,1.92093717101292e-13,1.2100496242357e-14,1.21566627049048e-14,5.81405607625882e-08
2710.5793,0.33605,6.55637833333333e-07,2.49658333333353e-09,2.48823892008894e-09,-4.31730432779057e-15,-1.43876181434119e-14,-1.3006560630781e-14,-6.22052899733004e-08
2720.6618,0.3373,6.58129166666667e-07,2.48800000000002e-09,2.48827906867907e-09,-1.45989820991672e-13,-3.17048678827573e-14,-3.13503049035388e-14,-1.49936240843012e-07
2730.7443,0.33855,6.60613833333333e-07,2.48283333333299e-09,2.48794694044696e-09,-3.51480051474498e-13,-2.77142287949189e-14,-2.53586151909021e-14,-1.21280333521706e-07
2740.8268,0.3398,6.63094833333333e-07,2.48575000000001e-09,2.48757610857612e-09,-1.1162688663521e-13,5.58475520998094e-15,7.56016394192951e-15,3.61573058092281e-08
2750.9093,0.34105,6.65585333333333e-07,2.48733333333349e-09,2.48772368667368e-09,2.83491283482141e-13,4.87103815082911e-14,4.480105069113e-14,2.14265894609752e-07
2760.9918,0.3423,6.680695e-07,2.48733333333349e-09,2.48814309114309e-09,2.72344097341062e-13,5.91345122702938e-14,5.69469444799503e-14,2.72354951860632e-07
2771.0743,0.34355,6.7056e-07,2.49375000000002e-09,2.48826837486837e-09,8.12565812278821e-15,3.99378691998172e-14,4.16541205901003e-14,1.99215359343958e-07
2781.23746,0.34481,6.73057e-07,2.4895e-09,2.48815934245933e-09,-1.9048204047636e-13,1.97227982213633e-14,1.90567551230237e-14,9.11410027622873e-08
2791.31996,0.34606,6.75539e-07,2.48833333333346e-09,2.48788741078741e-09,-3.187697437607e-13,7.06871237279715e-15,8.19762522898131e-15,3.92060337038237e-08
2801.40246,0.34731,6.78033666666667e-07,2.4895833333335e-09,2.48752180297181e-09,-1.69310869311442e-13,1.83255275059463e-14,2.16525856659702e-14,1.03555844489423e-07
2811.48496,0.34856,6.80518166666667e-07,2.48600000000001e-09,2.48754878904879e-09,2.88583713583611e-13,5.66725094838231e-14,5.4236472112465e-14,2.59391823146572e-07
2821.56746,0.34981,6.83005666666667e-07,2.48641666666648e-09,2.48809897039898e-09,4.88750438751362e-13,8.64732456358278e-14,8.5450623106231e-14,4.08676893116757e-07
2831.64996,0.35106,6.85491e-07,2.48816666666653e-09,2.48852628992629e-09,2.72993447987118e-13,1.00511759290539e-13,1.0119335195254e-13,4.83968204990409e-07
2841.81312,0.35232,6.87982e-07,2.49150000000001e-09,2.48864495729495e-09,-9.18012168088424e-14,1.03502669955164e-13,1.00766261274538e-13,4.81925597399964e-07
2851.89562,0.35357,6.90474e-07,2.49058333333347e-09,2.48834268749268e-09,-3.95030420032085e-13,9.22086827468907e-14,9.3377300161479e-14,4.46587087728813e-07
2861.97812,0.35482,6.92963166666667e-07,2.48450000000003e-09,2.48785489645489e-09,-1.60287235281748e-13,9.53172707235355e-14,9.92511977016784e-14,4.7467964118194e-07
2872.06062,0.35607,6.95443e-07,2.48566666666651e-09,2.48802211302211e-09,3.33190008189586e-13,1.2788203710605e-13,1.26371680483673e-13,6.04386297965393e-07
2882.14312,0.35732,6.979345e-07,2.48799999999996e-09,2.48852127647127e-09,5.2242599742582e-13,1.59060770370385e-13,1.58694804570218e-13,7.58975152292347e-07
2892.22562,0.35857,7.00419e-07,2.48175e-09,2.48906696501696e-09,4.39844389848298e-13,1.7563208625356e-13,1.75026888959781e-13,8.37085121111996e-07
2902.30812,0.35982,7.02898e-07,2.49116666666651e-09,2.48940096525096e-09,2.14040014031824e-13,1.68644201494544e-13,1.65131368879195e-13,7.89758720726585e-07
2912.47128,0.36108,7.05401333333333e-07,2.49416666666648e-09,2.48949504504503e-09,-1.32224757233207e-13,1.36205967926393e-13,1.38322595365379e-13,6.61542847399639e-07
2922.55378,0.36233,7.07886333333333e-07,2.48483333333353e-09,2.4891365157365e-09,-2.84787059786058e-13,1.17409284561236e-13,1.21072432993388e-13,5.79042070837943e-07
2932.63628,0.36358,7.10371e-07,2.48633333333351e-09,2.48892547092546e-09,6.60875160938065e-14,1.26652063623028e-13,1.26207380586727e-13,6.03600515849564e-07
2942.71878,0.36483,7.12859e-07,2.49149999999995e-09,2.48926869076869e-09,4.25985725988062e-13,1.35595485627279e-13,1.33506050375192e-13,6.3850719744657e-07
2952.80128,0.36608,7.15354e-07,2.49150000000001e-09,2.48977744237743e-09,5.27375102369379e-13,1.21088699846345e-13,1.19924882457905e-13,5.73553785668241e-07
2962.88378,0.36733,7.17842e-07,2.49416666666648e-09,2.49032344097342e-09,4.359716859774e-13,8.43576001602662e-14,8.34740566841103e-14,3.99223749358788e-07
2973.04694,0.36859,7.20342333333333e-07,2.495e-09,2.49064938574939e-09,4.99385749520139e-14,4.02059499808854e-14,4.1272776571976e-14,1.97391540126842e-07
2983.12944,0.36984,7.22832e-07,2.488166666667e-09,2.49042331812333e-09,-2.59895284892588e-13,1.37455199418643e-14,1.68048497373408e-14,8.03710204829343e-08
2993.21194,0.37109,7.25318666666667e-07,2.48616666666647e-09,2.4901295951796e-09,-1.15882765886047e-13,1.76417704474737e-14,1.83046062830185e-14,8.75437691796537e-08
3003.29444,0.37234,7.27804333333333e-07,2.48958333333302e-09,2.49019155259156e-09,2.79893529859312e-14,2.88679809547581e-14,2.64071685694706e-14,1.26295154027903e-07
3013.37694,0.37359,7.30297833333333e-07,2.48966666666699e-09,2.49018557388557e-09,3.74751374744745e-14,1.66643461727392e-14,1.55402545508059e-14,7.43229565473326e-08
3023.45944,0.37484,7.32783666666667e-07,2.49641666666702e-09,2.49026650286651e-09,1.4239206739614e-13,-2.10194613612077e-14,-2.27555620736574e-14,-1.08830949047927e-07
3033.6226,0.3761,7.35290666666667e-07,2.49816666666649e-09,2.49047035802037e-09,7.81560781579792e-14,-7.3119366853819e-14,-7.20371656620967e-14,-3.4452557490568e-07
3043.7051,0.37735,7.3778e-07,2.4851666666665e-09,2.49042281502282e-09,-2.42839592842085e-13,-1.08316787199918e-13,-1.04989619619769e-13,-5.02124267746721e-07
3053.7876,0.3786,7.40261e-07,2.48650000000003e-09,2.48998467883468e-09,-4.48344448345912e-13,-1.07918819864423e-13,-1.08190158694297e-13,-5.17431193755333e-07
3063.8701,0.37985,7.42753e-07,2.4895e-09,2.48952612612613e-09,-4.28948753949233e-13,-9.20495174139861e-14,-9.27539609326019e-14,-4.43605900112444e-07
3073.9526,0.3811,7.4524e-07,2.48650000000003e-09,2.48912678132678e-09,-1.4578799578574e-13,-7.76673127333891e-14,-7.70967438075836e-14,-3.68723557340617e-07
3084.0351,0.38235,7.47726e-07,2.48499999999999e-09,2.48923455013456e-09,1.50315900320441e-13,-7.35121309902269e-14,-7.59432183290764e-14,-3.63206696356452e-07
3094.1176,0.3836,7.5021e-07,2.49774999999997e-09,2.48942741312742e-09,5.22990523315604e-15,-9.49805348198254e-14,-9.73646799844384e-14,-4.65657165142966e-07
3104.28076,0.38486,7.527215e-07,2.49750000000001e-09,2.48924500994502e-09,-2.92377442376633e-13,-1.291064012376e-13,-1.26358550276475e-13,-6.04323501322272e-07
3114.36326,0.38611,7.55205e-07,2.48441666666653e-09,2.48884265824267e-09,-3.23119223122202e-13,-1.35108580338479e-13,-1.33646004626771e-13,-6.39176543867166e-07
3124.44576,0.38736,7.57690333333333e-07,2.48608333333346e-09,2.48859877149878e-09,-6.88253188270669e-14,-1.04264183430513e-13,-1.02105080689843e-13,-4.8832864677751e-07
3134.52826,0.38861,7.60177166666667e-07,2.47983333333349e-09,2.48870500760502e-09,2.37919737915092e-13,-4.49137051250191e-14,-4.45544687529696e-14,-2.13086589688115e-07
3144.61076,0.38986,7.6265e-07,2.48133333333306e-09,2.48907461097461e-09,2.66625716618824e-13,9.41282799220273e-15,4.43360651610545e-15,2.12042050770261e-08
3154.69326,0.39111,7.65139833333333e-07,2.49525e-09,2.48923825903825e-09,-5.64525564486291e-14,2.09942983281081e-14,1.96992340708772e-14,9.42137281650649e-08
3164.85642,0.39237,7.676405e-07,2.49458333333348e-09,2.48896170586171e-09,-3.70252720251425e-13,1.02005055107883e-14,1.33417395828467e-14,6.38083197440494e-08
3174.93892,0.39362,7.70129e-07,2.48625000000002e-09,2.48849775359775e-09,-3.45723645736785e-13,1.25103321693614e-14,1.2672926820703e-14,6.06096500120578e-08
3185.02142,0.39487,7.72613e-07,2.48849999999998e-09,2.48827025857024e-09,4.51795951776519e-14,2.67549300922639e-14,2.6643124309925e-14,1.27423638003989e-07
3195.10392,0.39612,7.75106e-07,2.48999999999997e-09,2.48858811278811e-09,3.55329355344304e-13,4.98685134689465e-14,5.15000166754095e-14,2.46304427578045e-07
3205.18642,0.39737,7.77593e-07,2.48650000000003e-09,2.48898091728093e-09,4.22370422374443e-13,8.00896972828138e-14,7.95190153812874e-14,3.80308334432244e-07
3215.26892,0.39862,7.80079e-07,2.48483333333353e-09,2.48943285363286e-09,2.66976716969603e-13,9.66228924418687e-14,9.47623573440038e-14,4.53211274253931e-07
3225.35142,0.39987,7.82562666666667e-07,2.49400000000002e-09,2.48951487071487e-09,-3.00397800421505e-14,8.53304653719215e-14,8.43605414714334e-14,4.03463459211203e-07
3235.51458,0.40113,7.85067e-07,2.49800000000003e-09,2.48937277407277e-09,-1.17210717210233e-13,5.37810253072065e-14,5.28869252088901e-14,2.52937468390344e-07
3245.59708,0.40238,7.87558666666667e-07,2.49033333333347e-09,2.48928044928045e-09,-6.28232128216603e-14,2.0858960320986e-14,2.36386949902295e-14,1.13054628214141e-07
3255.67958,0.40363,7.90047666666667e-07,2.48666666666643e-09,2.48924712764713e-09,3.68433368491942e-14,1.58798263002135e-14,1.91435193488639e-14,9.15559621032621e-08
3265.76208,0.40488,7.92532e-07,2.48783333333297e-09,2.48935413595415e-09,3.53059553065927e-13,3.57289413240014e-14,3.31925961906822e-14,1.58747199172828e-07
3275.84458,0.40613,7.95023333333333e-07,2.48649999999997e-09,2.48995324675326e-09,5.58213408208429e-13,3.92152045705411e-14,3.6788492266237e-14,1.75944963012438e-07
3285.92708,0.40738,7.97505e-07,2.49183333333351e-09,2.49047056277056e-09,3.34886509873125e-13,1.47382084400817e-14,1.45906255614368e-14,6.97812526851325e-08
3296.09024,0.40864,8.00007e-07,2.49400000000002e-09,2.49062301977301e-09,-7.45787995838243e-14,-2.09908111169132e-14,-2.16620435219108e-14,-1.03601077713486e-07
3306.17274,0.40989,8.02493e-07,2.48649999999997e-09,2.49032140517139e-09,-6.10161460156537e-13,-4.95388178991232e-14,-4.68127402768055e-14,-2.23887018715157e-07
3316.25524,0.41114,8.0498e-07,2.48249999999997e-09,2.48940269685269e-09,-6.20188370185941e-13,-4.46417309802553e-14,-3.98948961831337e-14,-1.90801677397596e-07
3326.33774,0.41239,8.07458e-07,2.48850000000003e-09,2.48908102843102e-09,-1.84275184283858e-14,-1.18397083610563e-14,-1.57509863385927e-14,-7.5330804228052e-08
3336.42024,0.41364,8.09957e-07,2.49300000000005e-09,2.48936584181584e-09,2.0802328302589e-13,-1.20526473420253e-14,-1.73137506651615e-14,-8.2804894485555e-08
3346.50274,0.41489,8.12444e-07,2.49625000000003e-09,2.48949707499707e-09,4.50538200541638e-14,-6.05688688190702e-14,-6.05557231405679e-14,-2.89614328063586e-07
3356.6659,0.41615,8.149495e-07,2.49550000000001e-09,2.48945594945594e-09,-9.58991458989657e-14,-1.11297154918177e-13,-1.06019663558823e-13,-5.07050564846545e-07
3366.7484,0.4174,8.17435e-07,2.48274999999998e-09,2.48930527670528e-09,-3.29753129751027e-13,-1.18299654014524e-13,-1.1749976981651e-13,-5.6195542086157e-07
3376.8309,0.41865,8.19915e-07,2.4875e-09,2.48879644319644e-09,-4.56435006435421e-13,-9.72092470090816e-14,-9.92168340939206e-14,-4.74515293492664e-07
3386.9134,0.4199,8.2241e-07,2.49000000000007e-09,2.48839240669241e-09,-2.43158418155844e-13,-7.29907971129797e-14,-7.08643165839095e-14,-3.38916296705654e-07
3396.9959,0.42115,8.24895e-07,2.48600000000001e-09,2.48831012636013e-09,6.51632151636996e-14,-4.71873182142266e-14,-5.0756738094861e-14,-2.42749616975422e-07
3407.0784,0.4224,8.27382e-07,2.49150000000001e-09,2.48852273312273e-09,3.13025038024981e-13,-4.61507637066492e-14,-4.69565532218619e-14,-2.24574819756731e-07
3417.1609,0.42365,8.29878e-07,2.49400000000002e-09,2.48893617643618e-09,3.50462150470124e-13,-5.45898550433396e-14,-5.26089996194094e-14,-2.51608259049349e-07
3427.32406,0.42491,8.3237e-07,2.48999999999997e-09,2.48922365742367e-09,-4.77477477446884e-14,-4.78124359999085e-14,-4.90539789251272e-14,-2.34605986163652e-07
3437.40656,0.42616,8.34858e-07,2.48341666666645e-09,2.48884068094069e-09,-3.84681759695558e-13,-2.42363302978186e-14,-2.14013004451223e-14,-1.02354045607107e-07
3447.48906,0.42741,8.37336833333333e-07,2.48366666666646e-09,2.48845429390428e-09,-2.01131976144542e-13,3.22053058023526e-14,3.34934366980042e-14,1.60186001599151e-07
3457.57156,0.42866,8.39825333333333e-07,2.48666666666696e-09,2.4884384169884e-09,1.08970983978566e-13,1.04503967758571e-13,1.02897275910283e-13,4.9211740652744e-07
3467.65406,0.42991,8.42310166666667e-07,2.48133333333348e-09,2.48867223587224e-09,3.20074295081726e-13,1.60622957246199e-13,1.60539062600811e-13,7.67795516786487e-07
3477.73656,0.43116,8.44788e-07,2.49200000000007e-09,2.48907856557857e-09,4.60974610969634e-13,1.87270314170621e-13,1.82379853331625e-13,8.72251472455598e-07
3487.89972,0.43242,8.47294166666667e-07,2.50050000000004e-09,2.48959418509418e-09,8.40762840720869e-14,1.72132849300083e-13,1.73096886609783e-13,8.27854675090266e-07
3497.98222,0.43367,8.49789e-07,2.48691666666644e-09,2.48924671814671e-09,-5.33883233884436e-13,1.59952749857778e-13,1.65003732962398e-13,7.89148288081034e-07
3508.06472,0.43492,8.52268e-07,2.48549999999995e-09,2.48852641862641e-09,-1.56794781791222e-13,1.84225101120395e-13,1.83412227199134e-13,8.7718891269151e-07
3518.14722,0.43617,8.5476e-07,2.4895e-09,2.48893312858313e-09,6.64914589919784e-13,2.19516852144058e-13,2.19981484841367e-13,1.0520853622848e-06
3528.22972,0.43742,8.57247e-07,2.48500000000009e-09,2.48985624780625e-09,8.42321867320285e-13,2.49878481066277e-13,2.49405400723481e-13,1.19280843824274e-06
3538.31222,0.43867,8.5973e-07,2.48866666666654e-09,2.49061777231777e-09,3.12597987595894e-13,2.53939751222628e-13,2.50211877519688e-13,1.19666550118112e-06
3548.39472,0.43992,8.62224333333333e-07,2.49999999999992e-09,2.49048144378144e-09,4.60424710394914e-14,2.15849696614639e-13,2.14929986532446e-13,1.02792602254648e-06
3558.55788,0.44118,8.6473e-07,2.49624999999998e-09,2.49070985725985e-09,1.4964022463919e-13,1.63249211111472e-13,1.66089981139111e-13,7.94343388056618e-07
3568.64038,0.44243,8.67216833333333e-07,2.48650000000003e-09,2.49078072423072e-09,6.0430560436734e-14,1.34509139541207e-13,1.36137149129772e-13,6.51090713229344e-07
3578.72019133334,0.443679666666667,8.69703e-07,2.48808333333351e-09,2.49083071838072e-09,4.16453141460523e-13,1.34858009742798e-13,1.3556531540236e-13,6.48355856272157e-07
3588.80538,0.44493,8.72193e-07,2.48899999999999e-09,2.49161363051364e-09,6.50427050432181e-13,1.50530904355268e-13,1.51606121180357e-13,7.25072753471273e-07
3598.88788,0.44618,8.74681e-07,2.48499999999999e-09,2.49213157248159e-09,4.4082134081881e-13,1.59511006656079e-13,1.55872845847988e-13,7.45478827968638e-07
3608.97038,0.44743,8.77163e-07,2.49724999999995e-09,2.49249527319528e-09,1.87831987824642e-13,1.27237303629985e-13,1.24138347895942e-13,5.93705142111027e-07
3619.13354,0.44869,8.796755e-07,2.50058333333348e-09,2.49250723645723e-09,-2.63981513990851e-13,6.15939916894688e-14,6.41845520063837e-14,3.0696959655227e-07
3629.21604,0.44994,8.82164166666667e-07,2.49175000000001e-09,2.4919673101673e-09,-4.38048438047101e-13,6.61975081084101e-15,8.58419385769599e-15,4.10548401889808e-08
3639.29854,0.45119,8.84659e-07,2.49158333333308e-09,2.49163113958114e-09,-2.89116064106743e-13,-2.38699427269295e-14,-2.43282747717875e-14,-1.16352618473766e-07
3649.38104,0.45244,8.87147333333333e-07,2.49100000000005e-09,2.49138907803908e-09,-4.22487422497779e-14,-3.89781148581816e-14,-3.65646749892334e-14,-1.74874532557203e-07
3659.46354,0.45369,8.89641e-07,2.47983333333344e-09,2.49154664209664e-09,3.14396864396245e-13,-4.24605843272432e-14,-4.25208263046459e-14,-2.03360473630915e-07
3669.54604,0.45494,8.92107e-07,2.49350000000001e-09,2.49201787176788e-09,8.68638118658305e-14,-6.6229968349504e-14,-7.51172475276621e-14,-3.59256401219254e-07
3679.7092,0.4562,8.94628e-07,2.51025000000005e-09,2.49172036972037e-09,-3.21908271912047e-13,-1.41496061070655e-13,-1.38628525510283e-13,-6.63005991570919e-07
3689.7917,0.45745,8.971275e-07,2.49166666666652e-09,2.49137405522405e-09,-4.74508599508911e-13,-1.95783732891209e-13,-1.88747099679412e-13,-9.02703520205883e-07
3699.8742,0.4587,8.99611333333333e-07,2.48324999999994e-09,2.49077135252135e-09,-6.77889902882122e-13,-1.90072435749359e-13,-1.90998528106076e-13,-9.13471221376885e-07
3709.9567,0.45995,9.02094e-07,2.48633333333346e-09,2.49001827541829e-09,-3.83137358134513e-13,-1.67435675720931e-13,-1.70764279927126e-13,-8.16698730086255e-07
3720.0392,0.4612,9.04584e-07,2.49424999999998e-09,2.49000507780509e-09,2.71984321985583e-13,-1.60142548053387e-13,-1.60856845043184e-13,-7.69315345858706e-07
3730.1217,0.46245,9.070825e-07,2.4895833333335e-09,2.49056224406226e-09,4.52299052299216e-13,-1.61628432255245e-13,-1.59643749983216e-13,-7.6351358687625e-07
3740.2042,0.4637,9.09563166666667e-07,2.49600000000002e-09,2.49090967590968e-09,5.05996255891033e-14,-1.56995242954052e-13,-1.59486459306138e-13,-7.62761327116312e-07
3750.36736,0.46496,9.120745e-07,2.49291666666655e-09,2.49066344331344e-09,-4.33628758631657e-13,-1.54499521284358e-13,-1.52590811219307e-13,-7.29782140614077e-07
3760.44986,0.46621,9.14549e-07,2.47966666666651e-09,2.49004241839242e-09,-6.75845325834964e-13,-1.33333617606377e-13,-1.31859752342156e-13,-6.30633598158137e-07
3770.53236,0.46746,9.17033833333333e-07,2.48699999999999e-09,2.48931175266177e-09,-5.83634608627737e-13,-9.49581663725823e-14,-9.61719828863375e-14,-4.5995296163031e-07
3780.61486,0.46871,9.19523e-07,2.48608333333351e-09,2.48887514917517e-09,-7.8372528374365e-14,-5.80288967846945e-14,-5.73111363842478e-14,-2.74096739229011e-07
3790.69736,0.46996,9.22006e-07,2.48549999999995e-09,2.48915500760502e-09,3.31826956823642e-13,-2.70403453839574e-14,-2.8820385110898e-14,-1.37836624443425e-07
3800.77986,0.47121,9.24494e-07,2.497e-09,2.48953880308881e-09,2.57605007605656e-13,-1.48609200501596e-14,-1.5335002505691e-14,-7.33413163315657e-08
3810.94302,0.47247,9.27e-07,2.49541666666657e-09,2.48967021762023e-09,6.69825669645414e-15,-1.35918985154501e-14,-1.29896112287499e-14,-6.21242276157604e-08
3821.02552,0.47372,9.29484833333333e-07,2.48600000000001e-09,2.48955219960221e-09,-1.08871533873936e-13,-9.80359653077854e-15,-9.97234183983206e-15,-4.76938087991968e-08
3831.10802,0.47497,9.31972e-07,2.48466666666696e-09,2.48945247455248e-09,-1.76795951793909e-13,2.9069851414038e-15,5.70473773514145e-15,2.72835282985026e-08
3841.19052,0.47622,9.34454166666667e-07,2.48600000000007e-09,2.48919860769862e-09,-3.6895986897458e-14,3.29115410109368e-14,3.1852866579922e-14,1.52339796686583e-07
3851.27302,0.47747,9.36944e-07,2.49066666666654e-09,2.48937868257869e-09,5.47800397791451e-13,5.59413186607211e-14,5.34413413840309e-14,2.55589024010583e-07
3861.35552,0.47872,9.394355e-07,2.48908333333348e-09,2.4902942084942e-09,4.70513102862318e-13,6.00787673688304e-14,6.16327740427671e-14,2.94765441074103e-07
3871.43802,0.47997,9.41922166666667e-07,2.49924999999996e-09,2.49031970878441e-09,1.99548287817527e-14,6.25727379747243e-14,6.24972042298522e-14,2.98899672403641e-07
3881.60118,0.48123,9.44434e-07,2.49974999999992e-09,2.49033411815176e-09,8.86390592572991e-15,6.25420034552673e-14,6.25420034553347e-14,2.99113929568992e-07
3891.68368,0.48248,9.46921666666667e-07,2.4855e-09,2.49033743659626e-09,-2.22701692925892e-15,5.99865638108317e-14,5.9986563810752e-14,2.86892261703596e-07
3901.76618,0.48373,9.49405e-07,2.48258333333304e-09,2.49032966411791e-09,-1.33179397846614e-14,5.4906419041004e-14,5.49064190410926e-14,2.62595917153052e-07
3911.84868,0.48498,9.51886833333333e-07,2.48375000000006e-09,2.49031080071669e-09,-2.44088626394434e-14,4.7301569146301e-14,4.73015691462212e-14,2.2622489591671e-07
3921.93118,0.48623,9.543725e-07,2.48666666666702e-09,2.49028084639263e-09,-3.54997854944322e-14,3.71720141262059e-14,3.71720141262768e-14,1.77779197995237e-07
3932.01368,0.48748,9.56860166666667e-07,2.49649999999999e-09,2.4902398011457e-09,-4.65907083502483e-14,2.45177539811321e-14,2.45177539810612e-14,1.17258823387684e-07
3942.17684,0.48874,9.593655e-07,2.50191666666643e-09,2.49018766497593e-09,-5.76816312054439e-14,9.33878871066622e-15,9.33878871072825e-15,4.46637720947873e-08
3952.25934,0.48999,9.61864e-07,2.49174999999991e-09,2.49012443788329e-09,-6.87725540606395e-14,-8.3648816847783e-15,-8.36488168483147e-15,-4.00059558839766e-08
3962.34184,0.49124,9.64349e-07,2.48700000000004e-09,2.4900501198678e-09,-7.98634769156283e-14,-2.85932572055116e-14,-2.85932572054496e-14,-1.36750360547802e-07
3972.42434,0.49249,9.66838e-07,2.4895833333335e-09,2.48996471092946e-09,-9.09543997706172e-14,-5.13463378512235e-14,-5.13463378512944e-14,-2.45569441897495e-07
3982.50684,0.49374,9.69328166666667e-07,2.48775000000001e-09,2.48986821106826e-09,-1.02045322626226e-13,-7.66241236223276e-14,-7.66241236222655e-14,-3.66463199932574e-07
3992.58934,0.49499,9.718135e-07,2.49391666666653e-09,2.48976062028421e-09,-1.13136245481629e-13,-1.0442661451841e-13,-1.04426614518437e-13,-4.99431634653394e-07
4002.7525,0.49625,9.74316e-07,2.49424999999998e-09,2.4896419385773e-09,-1.24227168336824e-13,-1.34753810539782e-13,-1.34753810539817e-13,-6.44474746059994e-07
4012.835,0.4975,9.76802e-07,2.48499999999999e-09,2.48951216594754e-09,-1.35318091191607e-13,-1.67605711686442e-13,-1.67605711686362e-13,-8.01592534152166e-07
4022.9175,0.49875,9.79286e-07,2.48608333333351e-09,2.48937130239492e-09,-1.46409014046595e-13,-2.02982317957977e-13,-2.02982317957771e-13,-9.7078499892847e-07
4033,0.5,9.81774166666667e-07,2.48816666666706e-09,2.48921934791944e-09,-1.519544754744e-13,-2.40883629354905e-13,-2.40883629354698e-13,-1.15205214039203e-06
