wvnmbr,Voltage,Current,DerivativeY1,DerivativeY1_1,DerivativeY2,DerivativeY2_1,DerivativeY2_2,Alpha
-4033.084693,-0.5000105,-4.3092925e-07,1.26537500000002e-09,1.13002504162042e-09,-2.76914752838694e-12,-3.22286415187525e-12,-2.93145365110047e-12,NaN
-4022.99816,-0.49876,-4.29663875e-07,1.0436875e-09,1.12725589409203e-09,-2.73046779306762e-12,-3.06716217388465e-12,-2.81661160877562e-12,NaN
-4012.91666825,-0.497510125,-4.28841875e-07,1.02349999999998e-09,1.12456410603428e-09,-2.6531083224289e-12,-2.91562383235862e-12,-2.70400579799033e-12,NaN
-4002.8230775,-0.49625875,-4.27616875e-07,1.22943749999996e-09,1.12194967744717e-09,-2.57574885179017e-12,-2.76824912729715e-12,-2.5936362187446e-12,NaN
-3992.6760495,-0.49500075,-4.26383e-07,1.18731250000002e-09,1.1194126083307e-09,-2.49838938115145e-12,-2.62503805870025e-12,-2.48550287103843e-12,NaN
-3982.5814505,-0.49374925,-4.2524225e-07,1.08862500000006e-09,1.11695289868487e-09,-2.42102991051262e-12,-2.48599062656792e-12,-2.37960575487182e-12,NaN
-3972.509033,-0.4925005,-4.2420575e-07,1.05262499999999e-09,1.11457054850968e-09,-2.34367043987379e-12,-2.35110683090015e-12,-2.27594487024477e-12,NaN
-3962.40737625,-0.491248125,-4.23137e-07,1.08031249999998e-09,1.11226555780512e-09,-2.26631096923506e-12,-2.22038667169694e-12,-2.17452021715727e-12,NaN
-3952.34100825,-0.490000125,-4.22045125e-07,1.12887499999998e-09,1.11003792657121e-09,-2.18895149859634e-12,-2.09383014895831e-12,-2.07533179560934e-12,NaN
-3942.265566,-0.488751,-4.2087925e-07,1.17912499999999e-09,1.10788765480793e-09,-2.11159202795761e-12,-1.97143726268423e-12,-1.97837960560097e-12,NaN
-3932.08123275,-0.487488375,-4.19686875e-07,1.11062500000001e-09,1.10581474251529e-09,-2.03423255731889e-12,-1.85320801287473e-12,-1.88366364713216e-12,NaN
-3922.044104,-0.486244,-4.18658e-07,9.80874999999997e-10,1.10381918969329e-09,-1.95687308668016e-12,-1.73914239952979e-12,-1.79118392020291e-12,NaN
-3911.93841425,-0.484991125,-4.17725125e-07,9.87999999999982e-10,1.10190099634193e-09,-1.87951361604133e-12,-1.62924042264941e-12,-1.70094042481322e-12,NaN
-3901.84684,-0.48374,-4.16682e-07,1.10768750000002e-09,1.10006016246121e-09,-1.80215414540251e-12,-1.5235020822336e-12,-1.61293316096308e-12,NaN
-3891.77341425,-0.482491125,-4.1550975e-07,1.19050000000001e-09,1.09829668805113e-09,-1.72479467476388e-12,-1.42192737828236e-12,-1.52716212865251e-12,NaN
-3881.685873,-0.4812405,-4.14301e-07,1.18737499999998e-09,1.09661057311168e-09,-1.64743520412505e-12,-1.32451631079568e-12,-1.4436273278815e-12,NaN
-3871.52170475,-0.479980375,-4.13135e-07,1.07e-09,1.09500181764288e-09,-1.57007573348633e-12,-1.23126887977357e-12,-1.36232875865005e-12,NaN
-3861.44323775,-0.478730875,-4.12161e-07,9.68312500000008e-10,1.09347042164471e-09,-1.49271626284771e-12,-1.14218508521602e-12,-1.28326642095815e-12,NaN
-3851.36073775,-0.477480875,-4.11198375e-07,1.0355e-09,1.09201638511718e-09,-1.41535679220888e-12,-1.05726492712305e-12,-1.20644031480582e-12,NaN
-3841.279246,-0.476231,-4.1009e-07,1.15568750000002e-09,1.09063970806029e-09,-1.33799732157005e-12,-9.76508405494631e-13,-1.13185044019305e-12,NaN
-3831.20380375,-0.474981875,-4.08887e-07,1.21100000000005e-09,1.08934039047404e-09,-1.26063785093132e-12,-8.99915520330782e-13,-1.05949679711983e-12,NaN
-3821.114246,-0.473731,-4.07668e-07,1.12599999999998e-09,1.08811843235843e-09,-1.1832783802926e-12,-8.274862716315e-13,-9.89379385586177e-13,NaN
-3811.055944,-0.472484,-4.06635e-07,9.70812499999998e-10,1.08697383371346e-09,-1.10591890965377e-12,-7.59220659396784e-13,-9.21498205592083e-13,NaN
-3800.884718,-0.471223,-4.05726375e-07,9.4706250000003e-10,1.08590659453912e-09,-1.02855943901504e-12,-6.95118683626632e-13,-8.55853257137548e-13,NaN
-3790.810284,-0.469974,-4.04740875e-07,1.07381249999998e-09,1.08491671483543e-09,-9.51199968376422e-13,-6.35180344321047e-13,-7.92444540222573e-13,NaN
-3780.711652,-0.468722,-4.0357875e-07,1.21724999999996e-09,1.08400419460237e-09,2.81546885808025e-12,-5.79405641480028e-13,-7.31272054847158e-13,NaN
-3770.63620975,-0.467472875,-4.02306375e-07,1.238875e-09,1.09054765255159e-09,1.33983994541262e-12,-6.81856123617089e-13,-6.72335801011303e-13,NaN
-3760.562784,-0.466224,-4.01101e-07,1.07231250000002e-09,1.08668387449319e-09,-5.62209364878026e-12,-6.70797493239313e-13,-6.15635778715008e-13,NaN
-3750.46314375,-0.464971875,-4.0016175e-07,9.38749999999999e-10,1.07930346525403e-09,-3.1802426159159e-12,-4.74850801947501e-13,-5.61171987958272e-13,NaN
-3740.30804975,-0.463712875,-3.992235e-07,9.76375000000006e-10,1.08032338926136e-09,2.44213204149542e-12,-2.58235707597485e-13,-5.08944428741096e-13,NaN
-3730.24269,-0.462465,-3.98209e-07,1.12475e-09,1.08418772933702e-09,3.45064794786026e-12,-1.96434632972261e-13,-4.58953101063479e-13,NaN
-3720.1501075,-0.46121375,-3.96974e-07,1.23549999999999e-09,1.08722468515708e-09,1.75502488731419e-12,-2.9124306107652e-13,-4.11198004925423e-13,NaN
-3710.07063225,-0.459964125,-3.95738e-07,1.16262500000001e-09,1.08769777911165e-09,-9.48753793970582e-13,-3.80759223421672e-13,-3.65679140326927e-13,NaN
-3699.987124,-0.458714,-3.9464875e-07,1.00925000000001e-09,1.08532717756914e-09,-2.26031025617813e-12,-3.11063417429816e-13,-3.22396507267989e-13,NaN
-3689.888492,-0.457462,-3.937195e-07,9.42374999999967e-10,1.08317715859929e-09,-2.94223113774578e-13,-1.19500574152261e-13,-2.81350105748613e-13,NaN
-3679.822124,-0.456214,-3.92764e-07,1.03875000000001e-09,1.08473873134159e-09,1.74064956171146e-12,1.02220906259032e-14,-2.42539935768795e-13,NaN
-3669.662997,-0.4549545,-3.91642e-07,1.17950000000003e-09,1.08665845772271e-09,-2.02503171079007e-14,-2.7415460482498e-14,-2.05965997328538e-13,NaN
-3659.56537325,-0.453702625,-3.90405e-07,1.19599999999998e-09,1.08469823070738e-09,-2.64124895241193e-12,-1.57385625958524e-13,-1.7162829042784e-13,NaN
-3649.48488975,-0.452452875,-3.8925e-07,1.08543749999999e-09,1.08137595981789e-09,-2.02806901062357e-12,-2.08016496041306e-13,-1.48342718137165e-13,NaN
-3639.3792,-0.4512,-3.88234125e-07,9.72500000000004e-10,1.08064209268613e-09,7.0809644612583e-13,-1.0399009064161e-13,-1.29022090252905e-13,NaN
-3629.31384025,-0.449952125,-3.87305e-07,9.95062500000005e-10,1.08279215271014e-09,2.71847890099411e-12,3.47328204767411e-14,-1.17511901684348e-13,NaN
-3619.190002,-0.448697,-3.86244e-07,1.12812500000001e-09,1.08607905048812e-09,1.56743570069433e-12,4.47918830099343e-14,-1.11607896450169e-13,NaN
-3608.9723965,-0.44743025,-3.8504875e-07,1.23343750000002e-09,1.08592702411153e-09,-2.43988326462651e-12,-9.10153999050643e-14,-1.04374339785598e-13,NaN
-3598.899979,-0.4461815,-3.83777125e-07,1.166125e-09,1.08119928395887e-09,-3.63465055833601e-12,-2.20294085175352e-13,-9.25889448400849e-14,NaN
-3588.837644,-0.444934,-3.827165e-07,1.00656249999998e-09,1.07865772299486e-09,3.09357233460542e-14,-1.90580496869458e-13,-7.99024104657389e-14,NaN
-3578.779342,-0.443687,-3.81764e-07,9.3324999999998e-10,1.08126115540556e-09,3.39875478493381e-12,-4.12238810287373e-14,-7.23465345501111e-14,NaN
-3568.71599875,-0.442439375,-3.8085e-07,1.01543750000001e-09,1.08545523256472e-09,2.51129130897711e-12,4.65804413338338e-14,-7.18025464012712e-14,NaN
-3558.630474,-0.441189,-3.79733125e-07,1.1733125e-09,1.08628373802351e-09,-1.90093914924496e-12,-3.1915380980318e-14,-7.37309187916386e-14,NaN
-3548.418918,-0.439923,-3.78503375e-07,1.21206249999999e-09,1.08165335426623e-09,-4.88102009671766e-12,-1.96131192735003e-13,-7.2314441142069e-14,NaN
-3538.33944275,-0.438673375,-3.77309e-07,1.09199999999999e-09,1.07652169783008e-09,-2.71379660354683e-12,-2.76784860993349e-13,-6.69938526668789e-14,NaN
-3528.237786,-0.437421,-3.76319375e-07,9.63875000000005e-10,1.07622576105914e-09,2.48210675779638e-12,-2.11796474158017e-13,-6.25136127016943e-14,NaN
-3518.1573025,-0.43617125,-3.7538125e-07,9.75125000000024e-10,1.08148591134567e-09,5.74512658837062e-12,1.47471606324345e-14,-6.37106749420101e-14,NaN
-3508.08589325,-0.434922625,-3.74369125e-07,1.11062499999998e-09,1.08771601423588e-09,2.55065941470964e-12,9.48816818412017e-14,-7.00464240231925e-14,NaN
-3498.0366655,-0.43367675,-3.7316e-07,1.21337500000001e-09,1.08658723017509e-09,-4.00562371174811e-12,-1.90357683922329e-13,-7.60789513631545e-14,NaN
-3487.96122325,-0.432427625,-3.71942375e-07,1.16018750000004e-09,1.07970476681239e-09,-5.79019485152519e-12,-4.2376390722354e-13,-7.78543174692777e-14,NaN
-3477.788989,-0.4311665,-3.70839625e-07,1.04743749999997e-09,1.07500684047204e-09,-1.32971584860367e-12,-3.56311001789936e-13,-7.69883718231453e-14,NaN
-3467.718588,-0.429918,-3.698475e-07,9.71312499999985e-10,1.07704533511518e-09,4.17220095585412e-12,-1.26608365684023e-13,-7.8782678064835e-14,NaN
-3457.65121175,-0.428669875,-3.68897e-07,9.99750000000015e-10,1.08335124238375e-09,4.74978269609694e-12,5.53365980109356e-14,-8.60629358061152e-14,NaN
-3447.553588,-0.427418,-3.67848e-07,1.11499999999999e-09,1.08654490050737e-09,-3.69340896735776e-13,2.89326632672002e-14,-9.54289832683235e-14,NaN
-3437.475121,-0.4261685,-3.66667e-07,1.1713125e-09,1.08261256059027e-09,-5.19584390359923e-12,-1.43879278511682e-13,-1.01445003898728e-13,NaN
-3427.424885,-0.4249225,-3.65505375e-07,1.121e-09,1.07615321270017e-09,-4.12989181521724e-12,-2.31847305437201e-13,-1.03026778582686e-13,NaN
-3417.26071675,-0.423662375,-3.64425e-07,1.05256249999998e-09,1.07435277695984e-09,1.16253270176102e-12,-1.5384558184654e-13,-1.03888504263378e-13,NaN
-3407.18224975,-0.422412875,-3.6340025e-07,1.0395e-09,1.0784782781037e-09,4.77547905954867e-12,-7.14137385446114e-14,-1.07934840869218e-13,NaN
-3397.0987415,-0.42116275,-3.62346e-07,1.06700000000002e-09,1.08390373507894e-09,2.68652177852168e-12,-1.19656081325222e-13,-1.14887392791534e-13,NaN
-3387.0162415,-0.41991275,-3.6126625e-07,1.09000000000002e-09,1.08385132166074e-09,-2.7050131373303e-12,-2.31054307465165e-13,-1.24075555367701e-13,NaN
-3376.935758,-0.418663,-3.60166e-07,1.08812499999999e-09,1.07849370880428e-09,-4.73765190038242e-12,-2.56880845059629e-13,-1.30373578906183e-13,NaN
-3366.833093,-0.4174105,-3.5909e-07,1.0656875e-09,1.07437601785997e-09,-1.03582753856203e-12,-1.4006232182983e-13,-1.31521170674504e-13,NaN
-3356.75765075,-0.416161375,-3.58034625e-07,1.07150000000001e-09,1.07642205372715e-09,4.12607236290753e-12,-4.04251509902419e-15,-1.31087636971406e-13,NaN
-3346.58642475,-0.414900375,-3.56947e-07,1.11487499999999e-09,1.08262816258579e-09,4.65443937008708e-12,-4.27933940110615e-14,-1.33422084981256e-13,NaN
-3336.5271145,-0.41365325,-3.55804875e-07,1.096e-09,1.08573093246733e-09,-4.61862103331938e-13,-2.03231318479405e-13,-1.38928421831142e-13,NaN
-3326.438565,-0.4124025,-3.54755e-07,1.0405e-09,1.08170443837913e-09,-5.2016629765111e-12,-2.51569351021853e-13,-1.43469704733775e-13,NaN
-3316.3359,-0.41115,-3.53723875e-07,1.05449999999999e-09,1.0753276065143e-09,-4.11722377630305e-12,-1.34738154472795e-13,-1.42357105939942e-13,NaN
-3306.25844125,-0.409900625,-3.52646e-07,1.1001875e-09,1.07346999082652e-09,1.17583566445386e-12,-4.53925180367269e-15,-1.35875465039497e-13,NaN
-3296.195098,-0.408653,-3.515235e-07,1.13075000000001e-09,1.07767927784321e-09,4.58822538449313e-12,-3.37820141649149e-14,-1.2884022608302e-13,NaN
-3286.01883075,-0.407391375,-3.503845e-07,1.10675e-09,1.08264644159551e-09,2.35376792226307e-12,-2.25669621250583e-13,-1.25550452554797e-13,NaN
-3275.9151575,-0.40613875,-3.4931e-07,1.05381250000001e-09,1.08238681368774e-09,-2.70777225984759e-12,-3.85430120343067e-13,-1.2576794716088e-13,NaN
-3265.858872,-0.404892,-3.48276875e-07,1.0103125e-09,1.07723089707581e-09,-4.9432497055423e-12,-3.22644324635857e-13,-1.2518912153457e-13,NaN
-3255.776372,-0.403642,-3.47289375e-07,1.0141875e-09,1.07250031427665e-09,-1.59825817119277e-12,-3.82555957213485e-14,-1.20729445666825e-13,NaN
-3245.67068225,-0.402389125,-3.462485e-07,1.10918750000001e-09,1.07403438073343e-09,3.72142913769288e-12,1.74764220320299e-13,-1.13994898817967e-13,NaN
-3235.60633075,-0.401141375,-3.45071e-07,1.16824999999998e-09,1.07994317255204e-09,4.38578874946285e-12,5.23846009795465e-14,-1.08582038644984e-13,NaN
-3225.43913775,-0.399880875,-3.43912e-07,1.11950000000001e-09,1.08280595823235e-09,1.80679347210901e-13,-2.54271157289082e-13,-1.05794761897648e-13,NaN
-3215.361679,-0.3986315,-3.42832e-07,1.031e-09,1.08030453124646e-09,-4.10856984303208e-12,-4.02882494364501e-13,-1.03471425870174e-13,NaN
-3205.283212,-0.397382,-3.4185e-07,1.00318749999999e-09,1.07458881854629e-09,-4.45139116967517e-12,-2.4309013035478e-13,-9.88061184218044e-14,NaN
-3195.18458,-0.39613,-3.40825625e-07,1.04893750000001e-09,1.07140174890711e-09,-3.81344990826513e-13,4.64684357115843e-14,-9.12956215520479e-14,NaN
-3185.1040965,-0.39488025,-3.39752125e-07,1.14249999999999e-09,1.07382612856463e-09,3.34887610704564e-12,1.39763572743053e-13,-8.29520902486888e-14,NaN
-3175.027646,-0.393631,-3.38540625e-07,1.15456250000001e-09,1.0780995011212e-09,2.86262995764304e-12,-6.00143178327871e-14,-7.63930931134312e-14,NaN
-3164.953212,-0.392382,-3.37443e-07,1.08181249999999e-09,1.07955138847992e-09,-2.9147460871158e-13,-3.12914810938722e-13,-7.24179412413025e-14,NaN
-3154.78904375,-0.391121875,-3.36377e-07,1.02024999999997e-09,1.07751655190378e-09,-2.22535830369908e-12,-3.42114241624762e-13,-6.97531267093902e-14,NaN
-3144.711585,-0.3898725,-3.354025e-07,9.99687500000027e-10,1.07510067187252e-09,-9.16214834990626e-13,-1.10810738228245e-13,-6.70929069269605e-14,NaN
-3134.6069035,-0.38861975,-3.34377625e-07,1.07975e-09,1.0756841222338e-09,1.49451926997313e-12,1.2965237459419e-13,-6.1974217033831e-14,NaN
-3124.530453,-0.3873705,-3.33243e-07,1.14387499999997e-09,1.07808971041247e-09,1.53084087408621e-12,1.17269513276786e-13,-5.54212619544977e-14,NaN
-3114.456019,-0.3861215,-3.32089875e-07,1.115125e-09,1.07874580398197e-09,-8.64445542368458e-13,-1.04650269056816e-13,-5.12370613044371e-14,NaN
-3104.37049425,-0.384871125,-3.3101275e-07,1.033625e-09,1.07636081932773e-09,-2.52537996330605e-12,-2.67572513244509e-13,-4.79126405149834e-14,NaN
-3094.222458,-0.383613,-3.30022625e-07,1.00556250000003e-09,1.07369504405536e-09,-9.54841842397405e-13,-1.65630493395753e-13,-4.38169603368276e-14,NaN
-3084.139958,-0.382363,-3.29001625e-07,1.05881250000002e-09,1.07445113564294e-09,1.50425264445336e-12,1.05921499828779e-13,-4.01415791033426e-14,NaN
-3074.057458,-0.381113,-3.27905e-07,1.14881249999996e-09,1.07670354934427e-09,1.3313070511227e-12,2.37055022645011e-13,-3.73714153622682e-14,NaN
-3063.96386725,-0.379861625,-3.26704e-07,1.14806249999999e-09,1.07711374974518e-09,-4.50008777095331e-13,9.80805455324398e-14,-3.45772202396016e-14,NaN
-3053.884392,-0.378612,-3.25608875e-07,1.06075000000003e-09,1.07580353179007e-09,-1.33368677659775e-12,-1.16644852514309e-13,-3.02569229574867e-14,NaN
-3043.809958,-0.377363,-3.245825e-07,1.00593750000001e-09,1.07444637619199e-09,-3.70232055086351e-13,-1.60865704370387e-13,-2.3672326394696e-14,NaN
-3033.735524,-0.376114,-3.23597e-07,1.02924999999998e-09,1.0750630676799e-09,1.69533001879973e-12,-2.49483238401554e-16,-1.68121570287377e-14,NaN
-3023.55522375,-0.374851875,-3.22524e-07,1.099e-09,1.07783703622959e-09,2.4580348648894e-12,1.69778346851465e-13,-1.35629362360471e-14,NaN
-3013.4797815,-0.37360275,-3.21399e-07,1.13556250000002e-09,1.07997913740968e-09,3.48832929398373e-13,1.52514380617635e-13,-1.50732918765512e-14,NaN
-3003.387199,-0.3723515,-3.20252875e-07,1.12062499999999e-09,1.07853470208838e-09,-3.38950698203775e-12,-2.93860900692189e-14,-1.69945995211819e-14,NaN
-2993.324864,-0.371104,-3.1915775e-07,1.035625e-09,1.07320012344561e-09,-4.01229430451415e-12,-1.47697745479688e-13,-1.40233490380393e-14,NaN
-2983.25043,-0.369855,-3.18181625e-07,9.9331250000001e-10,1.07051011347935e-09,4.14369521392707e-13,-4.16998156903969e-14,-6.01347962815643e-15,NaN
-2973.14877325,-0.368602625,-3.17171125e-07,1.05481249999999e-09,1.07402886248839e-09,4.47464268726329e-12,1.65160485096973e-13,1.68119312959382e-15,NaN
-2962.996704,-0.367344,-3.16072e-07,1.13356249999999e-09,1.07945939885388e-09,3.68900767854362e-12,2.5162229917825e-13,2.54879952680071e-15,NaN
-2952.9041215,-0.36609275,-3.14904e-07,1.16806249999999e-09,1.08140687784548e-09,-7.19940570567592e-13,1.1966331989181e-13,-2.72073657330692e-15,NaN
-2942.84279475,-0.364845375,-3.13735875e-07,1.10349999999999e-09,1.07801951771275e-09,-4.13605560148568e-12,-1.14594511025876e-13,-5.34634229077262e-15,NaN
-2932.729039,-0.3635915,-3.12697e-07,1.02012500000002e-09,1.07313476664251e-09,-2.78437365512242e-12,-2.18594218685701e-13,3.48258873052068e-16,NaN
-2922.384394,-0.362309,-3.11695625e-07,1.01400000000001e-09,1.0724507704025e-09,1.76138969738847e-12,-1.2289402852346e-13,1.02673604363236e-14,NaN
-2912.245432,-0.361052,-3.10669e-07,1.0656875e-09,1.07665754603728e-09,4.34913517293727e-12,4.41181477939592e-14,1.58348551553449e-14,NaN
-2902.2899715,-0.35981775,-3.0956425e-07,1.12106249999999e-09,1.08114904074838e-09,2.40754108246985e-12,1.11074248271433e-13,1.28295689342516e-14,NaN
-2892.338544,-0.358584,-3.08426875e-07,1.12381250000001e-09,1.08147262820222e-09,-2.24331100364672e-12,2.85551873025712e-14,5.15726982259151e-15,NaN
-2882.256044,-0.357334,-3.07316625e-07,1.04606250000001e-09,1.07666241874108e-09,-4.56197408208454e-12,-6.20744985616205e-14,1.07898093531657e-15,NaN
-2872.173544,-0.356084,-3.0633475e-07,9.9631249999996e-10,1.07234868003805e-09,-1.95730579967825e-12,-2.54292772206628e-14,5.20996588348156e-15,NaN
-2862.08398625,-0.354833125,-3.05324e-07,1.045375e-09,1.07274780714173e-09,2.49804355704414e-12,8.1761377185866e-14,1.31718542211231e-14,NaN
-2851.992412,-0.353582,-3.04244e-07,1.12850000000002e-09,1.07734476715214e-09,4.31387177512394e-12,1.08583844488584e-13,1.61988002970615e-14,NaN
-2841.93310175,-0.352334875,-3.03067e-07,1.15499999999999e-09,1.08137555069197e-09,1.32873267231457e-12,1.09676661285247e-14,1.14846636879704e-14,NaN
-2831.73062,-0.35107,-3.01934e-07,1.09450000000001e-09,1.08000223249677e-09,-3.22286603320469e-12,-8.82638841513377e-14,5.05859438726735e-15,NaN
-2821.6864335,-0.34982475,-3.00878e-07,1.027e-09,1.07492981862556e-09,-3.80952074225878e-12,-8.79973749560166e-14,4.47158825265954e-15,NaN
-2811.597884,-0.348574,-2.9988e-07,1.02212499999997e-09,1.07238319101225e-09,-2.77418514576051e-13,-2.89435943865562e-14,9.96933063910033e-15,NaN
-2801.499252,-0.347322,-2.9883375e-07,1.08431250000001e-09,1.07437498159641e-09,2.74159805431623e-12,1.29036968632474e-15,1.4275059239168e-14,NaN
-2791.4308675,-0.34607375,-2.97711375e-07,1.13850000000001e-09,1.07786638712089e-09,2.46843430768545e-12,-3.06994832150543e-14,1.07278525982952e-14,NaN
-2781.35139225,-0.344824125,-2.9655675e-07,1.11974999999999e-09,1.07931185021178e-09,-3.04591412036456e-13,-6.3927549696717e-14,5.20384294499077e-16,NaN
-2771.187224,-0.343564,-2.95471875e-07,1.03037500000001e-09,1.07725720429681e-09,-2.43206740243241e-12,-1.76124692061595e-14,-8.28851705950919e-15,NaN
-2761.104724,-0.342314,-2.94496e-07,9.86562500000009e-10,1.07444771540692e-09,-1.5201993533262e-12,9.67487225209827e-14,-9.85934412457309e-15,NaN
-2751.03029,-0.341065,-2.9349875e-07,1.04474999999999e-09,1.07421680559016e-09,1.07010846791566e-12,1.46908667389003e-13,-7.29088638128402e-15,NaN
-2740.94779,-0.339815,-2.924065e-07,1.17487499999998e-09,1.07658793234275e-09,1.90878332465042e-12,1.30822557908083e-15,-7.98807210001339e-15,NaN
-2730.857224,-0.338564,-2.91149e-07,1.19825000000002e-09,1.07803437223946e-09,-6.03425332391397e-15,-2.27958620866492e-13,-1.47247607585318e-14,NaN
-2720.77573225,-0.337314125,-2.9001e-07,1.06900000000002e-09,1.0765758638361e-09,-2.18121446691893e-12,-2.67416594000469e-13,-2.32783017267683e-14,NaN
-2710.696257,-0.3360645,-2.89011e-07,9.55499999999985e-10,1.07367194330562e-09,-2.24700163084173e-12,-5.41010391509401e-14,-2.76499887288522e-14,NaN
-2700.525031,-0.3348035,-2.88099e-07,9.62375000000016e-10,1.07208186057442e-09,3.59303863054199e-13,1.93511942264035e-13,-2.66779369998709e-14,NaN
-2690.462696,-0.333556,-2.8708625e-07,1.09550000000001e-09,1.07439055103173e-09,3.00544038370068e-12,2.14126459425985e-13,-2.51179764860665e-14,NaN
-2680.355998,-0.332303,-2.85908e-07,1.19612499999998e-09,1.07809274134182e-09,2.72677467213337e-12,-1.440845672239e-14,-2.8247709965299e-14,NaN
-2670.27450625,-0.331053125,-2.84694e-07,1.17149999999999e-09,1.079844100376e-09,2.2331833676905e-13,-2.43228248858758e-13,-3.58570598793572e-14,NaN
-2660.21217125,-0.329805625,-2.83565e-07,1.0365e-09,1.07853937801536e-09,-2.29840851434912e-12,-2.21214202966996e-13,-4.2969961366502e-14,NaN
-2650.10144025,-0.328552125,-2.82621e-07,9.45562500000015e-10,1.0752472833473e-09,-2.24139349135884e-12,2.82110551331473e-14,-4.54769669457802e-14,NaN
-2639.945338,-0.327293,-2.81673875e-07,1.00106250000001e-09,1.07405659103264e-09,5.00724110399689e-13,2.36710329328941e-13,-4.41119471672743e-14,NaN
-2629.87191225,-0.326044125,-2.80618875e-07,1.1415625e-09,1.0762487315681e-09,2.03408981517193e-12,1.62022814921728e-13,-4.32367693403985e-14,NaN
-2619.764206,-0.324791,-2.7939075e-07,1.21793749999996e-09,1.07812477066298e-09,4.16585738067692e-13,-1.26521969086797e-13,-4.56143371860921e-14,NaN
-2609.697838,-0.323543,-2.78183e-07,1.14937499999999e-09,1.07708190304424e-09,-1.77930417450071e-12,-3.05232244145696e-13,-4.9765650468885e-14,NaN
-2599.615338,-0.322293,-2.77092e-07,9.86125000000036e-10,1.07456616231398e-09,-1.70864147545739e-12,-1.83923995284556e-13,-5.27678613924761e-14,NaN
-2589.51771425,-0.321041125,-2.7621075e-07,8.97000000000011e-10,1.07366462009332e-09,4.13200893565257e-13,1.23282639207406e-13,-5.219013501454e-14,NaN
-2579.361612,-0.319782,-2.75298e-07,1.0186875e-09,1.07539256410111e-09,1.93118119889438e-12,2.92221541326639e-13,-4.80363704112551e-14,NaN
-2569.283145,-0.3185325,-2.74173375e-07,1.19549999999999e-09,1.07752698249111e-09,1.37958603252589e-12,1.19040598323576e-13,-4.52358618305376e-14,NaN
-2559.19157075,-0.317281375,-2.72907e-07,1.23206249999998e-09,1.07815173616616e-09,-4.31745339645618e-13,-2.01945243969366e-13,-4.71066054010964e-14,NaN
-2549.12923575,-0.316033875,-2.7170925e-07,1.109375e-09,1.07666349181182e-09,-1.32655680196581e-12,-3.17525282007886e-13,-5.17653497981817e-14,NaN
-2539.02052125,-0.314780625,-2.7068825e-07,9.69000000000014e-10,1.07549862256223e-09,-4.47876792225948e-13,-1.53437860049114e-13,-5.75240979179202e-14,NaN
-2528.94608725,-0.313531625,-2.6977125e-07,9.526875e-10,1.07576773822737e-09,3.80344826609956e-13,7.02086665222051e-14,-6.34594962363572e-14,NaN
-2518.84745525,-0.312279625,-2.68782875e-07,1.07106249999999e-09,1.07625931221545e-09,-1.0089696255816e-13,1.25122492207014e-13,-6.77571303471424e-14,NaN
-2508.703452,-0.311022,-2.67629125e-07,1.17324999999999e-09,1.07556594430225e-09,-1.37707252712376e-12,-2.43003558519144e-14,-6.88741815368517e-14,NaN
-2498.64212525,-0.309774625,-2.66436375e-07,1.1465625e-09,1.0735051671612e-09,-1.26183138349704e-12,-1.80785093120007e-13,-6.65304660407463e-14,NaN
-2488.5283695,-0.30852075,-2.65336e-07,1.05837500000002e-09,1.07304228153526e-09,1.39129637704056e-12,-1.65907975972882e-13,-6.30021233415825e-14,NaN
-2478.447886,-0.307271,-2.64319625e-07,9.95500000000004e-10,1.07628775991529e-09,3.35138111848492e-12,-3.17446991654039e-14,-6.15799559943129e-14,NaN
-2468.381518,-0.306023,-2.63345e-07,1.02718749999999e-09,1.07974504377223e-09,1.41646469908767e-12,4.38994765534102e-14,-6.21854167591491e-14,NaN
-2458.2929685,-0.30477225,-2.6226525e-07,1.12781250000002e-09,1.07912068931346e-09,-2.79630625835297e-12,-5.63505470338622e-14,-6.15936412465993e-14,NaN
-2448.127792,-0.303512,-2.61089375e-07,1.180375e-09,1.07415243125552e-09,-4.67503864753422e-12,-2.44787674223663e-13,-5.60110676574703e-14,NaN
-2438.0553745,-0.30226325,-2.599045e-07,1.11012499999999e-09,1.06977061201839e-09,-1.65987833812669e-12,-3.0216005273864e-13,-4.50275569748978e-14,NaN
-2427.974891,-0.3010135,-2.58869125e-07,1.00612500000001e-09,1.07083267457927e-09,3.10075044168586e-12,-1.6023865230578e-13,-3.45004394039528e-14,NaN
-2417.872226,-0.299761,-2.5789225e-07,9.69062500000002e-10,1.07597211290176e-09,4.55022197558203e-12,3.76697760182284e-14,-3.07187581835004e-14,NaN
-2407.80484975,-0.298512875,-2.56931e-07,1.0418125e-09,1.07993311853043e-09,1.00397800629666e-12,1.10461948926839e-13,-3.22170710123401e-14,NaN
-2397.58926075,-0.297246375,-2.55808625e-07,1.15900000000002e-09,1.07798006891436e-09,-3.82235653695404e-12,-1.93588873072295e-14,-3.20189148649248e-14,NaN
-2387.37468,-0.29598,-2.54613e-07,1.163e-09,1.07228840545652e-09,-4.50225514734191e-12,-1.87675389988506e-13,-2.57405566753912e-14,NaN
-2377.27100675,-0.294727375,-2.53482625e-07,1.06737499999998e-09,1.06897555861967e-09,1.06316819181032e-13,-1.70545747064015e-13,-1.4739499993682e-14,NaN
-2367.371,-0.2935,-2.5247825e-07,9.93000000000014e-10,1.07250103909488e-09,4.92088863847421e-12,-8.48446430935573e-15,-5.00820021364849e-15,NaN
-2357.29959075,-0.292251375,-2.51496625e-07,1.01787500000001e-09,1.07881733589662e-09,4.03499017531425e-12,8.43013911686294e-14,-1.72120836449244e-15,NaN
-2347.21305775,-0.291000875,-2.504425e-07,1.10312499999998e-09,1.08057101944551e-09,-1.41701893021356e-12,-4.36768540466325e-16,-3.49872639835967e-15,NaN
-2337.12249175,-0.289749875,-2.49290375e-07,1.1425625e-09,1.0759832980362e-09,-5.97945522548599e-12,-1.39636428791282e-13,-3.96802082679632e-15,NaN
-2327.041,-0.2885,-2.48157375e-07,1.1014375e-09,1.06861210899454e-09,-4.7221858082853e-12,-1.52567695715867e-13,1.21664264044192e-15,NaN
-2316.885906,-0.287241,-2.470875e-07,1.0351875e-09,1.06653892641962e-09,1.95869385490052e-12,-3.37622804192042e-14,9.68865380557396e-15,NaN
-2306.81046375,-0.285991875,-2.46087e-07,1.00537500000001e-09,1.07252949670434e-09,6.58700154590115e-12,9.52927853323913e-14,1.56051840258537e-14,NaN
-2296.7471205,-0.28474425,-2.4507675e-07,1.05349999999999e-09,1.07971292951143e-09,3.75501851684039e-12,1.25149576315606e-13,1.63665490529665e-14,NaN
-2286.65756275,-0.283493375,-2.4398e-07,1.100875e-09,1.08003953373802e-09,-2.37169018550833e-12,5.64599310650108e-14,1.50080769506292e-14,NaN
-2276.551873,-0.2822405,-2.42875e-07,1.1204375e-09,1.07496954914041e-09,-4.87159179709647e-12,-1.48435154972816e-14,1.71821401486649e-14,NaN
-2266.473406,-0.280991,-2.41739125e-07,1.11287499999999e-09,1.07029635014383e-09,-2.38184967383216e-12,-2.33507476238499e-14,2.50373066611018e-14,NaN
-2256.33545225,-0.279734125,-2.4064925e-07,1.06656249999999e-09,1.07020584979275e-09,2.18629102584405e-12,1.114645498183e-14,3.38241349645814e-14,NaN
-2246.227746,-0.278481,-2.39606e-07,1.05281249999998e-09,1.07466893219552e-09,3.53674701012442e-12,8.2501132223637e-15,3.73263385367277e-14,NaN
-2236.145246,-0.277231,-2.38543625e-07,1.03881250000001e-09,1.077279343813e-09,6.78819169177164e-13,-2.75817165564209e-14,3.50761417314645e-14,NaN
-2226.086944,-0.275984,-2.37528375e-07,1.04275000000001e-09,1.07602657053387e-09,-2.41025419601725e-12,1.41600954244883e-14,3.18402621946598e-14,NaN
-2215.97923775,-0.274730875,-2.36458125e-07,1.07824999999999e-09,1.07245883542096e-09,-2.62601502865287e-12,6.20436212142394e-14,3.20038516394341e-14,NaN
-2205.909845,-0.2734825,-2.35371875e-07,1.10300000000002e-09,1.07077454047657e-09,8.08153214115891e-13,9.2998127980584e-15,3.53773560265258e-14,NaN
-2195.799114,-0.272229,-2.34252125e-07,1.13381250000001e-09,1.07407514184919e-09,3.76401291648795e-12,-2.37183834821325e-14,3.79050921383695e-14,NaN
-2185.65107775,-0.270970875,-2.3310425e-07,1.10656249999997e-09,1.07830256630954e-09,2.31585299213982e-12,-1.92079150992927e-14,3.56083352790314e-14,NaN
-2175.585718,-0.269723,-2.32039e-07,1.04493750000001e-09,1.07870684783347e-09,-1.41077940610237e-12,2.99556640880798e-16,2.85027778700021e-14,NaN
-2165.487086,-0.268471,-2.31014375e-07,1.01100000000001e-09,1.07548100749734e-09,-3.51318263154269e-12,1.44852490296848e-13,2.05815653465065e-14,NaN
-2155.404586,-0.267221,-2.30017e-07,1.038e-09,1.07168048257039e-09,-1.98711607284445e-12,3.54783314635429e-13,1.48947650096297e-14,NaN
-2145.3160365,-0.26597025,-2.28938375e-07,1.110125e-09,1.07150677535165e-09,2.23293775057173e-12,4.05965278006676e-13,1.0342500258167e-14,NaN
-2135.239586,-0.264721,-2.2779675e-07,1.13993749999999e-09,1.07614635807153e-09,3.75938866112532e-12,2.19580405045597e-13,3.28396632797326e-15,NaN
-2125.06533525,-0.263459625,-2.266585e-07,1.103375e-09,1.0790255526739e-09,4.38348688532169e-13,-3.01523588978802e-14,-8.37844233518843e-15,NaN
-2114.977794,-0.262209,-2.2559e-07,1.00606249999999e-09,1.07702305544859e-09,-2.9575641577384e-12,-6.1427776160659e-14,-2.25285650571949e-14,NaN
-2104.8973105,-0.26095925,-2.24646375e-07,9.93187499999993e-10,1.07311042435842e-09,-2.50730339305506e-12,1.64778399441606e-13,-3.58631557311342e-14,NaN
-2094.82993425,-0.259711125,-2.23603625e-07,1.09568750000002e-09,1.07200844866248e-09,1.07475041903578e-12,3.42206083524359e-13,-4.76264005717734e-14,NaN
-2084.746426,-0.258461,-2.22455e-07,1.1575625e-09,1.07525992519649e-09,3.07115888808342e-12,2.33254111260297e-13,-5.91506840650763e-14,NaN
-2074.663926,-0.257211,-2.212885e-07,1.152625e-09,1.07815076643865e-09,1.18618909828076e-12,-1.10715804170505e-13,-7.62274839903142e-14,NaN
-2064.4866505,-0.25594925,-2.2014975e-07,1.07825e-09,1.07763230339306e-09,-1.59408126458107e-12,-4.26077707113543e-13,-1.0379141614892e-13,NaN
-2054.40919175,-0.254699875,-2.19132e-07,9.76874999999993e-10,1.07496260390949e-09,-2.575595568416e-12,-4.04735069086142e-13,-1.3413274860073e-13,NaN
-2044.33475775,-0.253450875,-2.18196e-07,9.81000000000001e-10,1.07248111225622e-09,-1.27994759224454e-12,-6.71335026252969e-14,-1.5760187938537e-13,NaN
-2034.241167,-0.2521995,-2.1717e-07,1.1045e-09,1.072402708725e-09,1.00187787379127e-12,1.73753132680062e-13,-1.73454705775527e-13,NaN
-2024.17177425,-0.250951125,-2.15987e-07,1.15187500000001e-09,1.07448486800381e-09,2.12123788194565e-12,6.92082402822001e-14,-1.84030759258478e-13,NaN
-2014.06910925,-0.249698625,-2.1486625e-07,1.11100000000002e-09,1.07664518448889e-09,1.13499951867561e-12,-1.99017107291643e-13,-1.93281972844281e-13,NaN
-2004.001733,-0.2484505,-2.13765e-07,1.06312499999999e-09,1.07675486704116e-09,-7.42306592448483e-13,-3.47872837428728e-13,-2.03969097919219e-13,NaN
-1993.8365565,-0.24719025,-2.1274e-07,1.012e-09,1.07516057130399e-09,-1.07460885297609e-12,-2.52891347779373e-13,-2.15042523046708e-13,NaN
-1983.7459905,-0.24593925,-2.11741e-07,1.05700000000002e-09,1.07460564933521e-09,-2.32496064463738e-13,-8.26772172318371e-14,-2.25281889892855e-13,NaN
-1973.67054825,-0.244690125,-2.10626e-07,1.107375e-09,1.07469557917507e-09,-2.5204987655426e-13,-7.80172518634699e-14,-2.33221055139248e-13,NaN
-1963.5850235,-0.24343975,-2.0952625e-07,1.12181249999998e-09,1.0741015495821e-09,2.15177934381241e-12,-2.29848656740245e-13,-2.376530209837e-13,NaN
-1953.51159775,-0.242190875,-2.08382375e-07,1.082125e-09,1.07899913786269e-09,4.78077363020669e-12,-3.5265213267058e-13,-2.40584730848494e-13,NaN
-1943.41498225,-0.240939125,-2.07362e-07,1.0076875e-09,1.08366309684251e-09,2.41634153661714e-13,-2.95664660903377e-13,-2.43552671255041e-13,NaN
-1933.275012,-0.239682,-2.06367e-07,1.0338125e-09,1.07948240617002e-09,-4.04928622392375e-12,-1.40311876029233e-13,-2.46861793698129e-13,NaN
-1923.17738825,-0.238430125,-2.05294375e-07,1.10712500000001e-09,1.07556452439466e-09,-2.88239045618255e-12,-1.04191586443673e-13,-2.5196515424183e-13,NaN
-1913.118078,-0.237183,-2.0415275e-07,1.1328125e-09,1.07371762525765e-09,-2.8057281875012e-12,-2.57817344198144e-13,-2.57272465652635e-13,NaN
-1903.023479,-0.2359315,-2.0302875e-07,1.1071875e-09,1.06995306801966e-09,-3.41905606582233e-12,-4.81578874539405e-13,-2.57987568914807e-13,NaN
-1892.936946,-0.234681,-2.01938375e-07,1.04268750000001e-09,1.06687951312601e-09,-1.44818965321955e-12,-5.88165104219465e-13,-2.53701738257903e-13,NaN
-1882.85142125,-0.233430625,-2.00943375e-07,9.89499999999997e-10,1.06705668871322e-09,1.60322572425202e-12,-4.64826319570677e-13,-2.48296524388204e-13,NaN
-1872.759847,-0.2321795,-1.99959375e-07,1.06068749999999e-09,1.07008596457451e-09,2.72870350970578e-12,-2.82663951992741e-13,-2.43935069804397e-13,NaN
-1862.511994,-0.230909,-1.98822e-07,1.145e-09,1.07251409573263e-09,-2.54921544089954e-13,-3.02833879064623e-13,-2.40012108891526e-13,NaN
-1852.421428,-0.229658,-1.97669375e-07,1.14050000000001e-09,1.06957612148633e-09,-4.09749371446757e-12,-4.95764409015213e-13,-2.33039330209985e-13,NaN
-1842.379258,-0.228413,-1.96541e-07,1.06118749999999e-09,1.0643191083037e-09,-3.09164137353041e-12,-6.32655288046574e-13,-2.2016878352731e-13,NaN
-1832.34817875,-0.227169375,-1.95547e-07,9.85249999999999e-10,1.06339283873927e-09,1.3645545482349e-12,-5.47501357325113e-13,-2.04569513943217e-13,NaN
-1822.246522,-0.225917,-1.945705e-07,1.0335625e-09,1.06704821740017e-09,4.7354293132352e-12,-3.44938775251525e-13,-1.90319141808702e-13,NaN
-1812.180154,-0.224669,-1.93479875e-07,1.11824999999999e-09,1.07286369736574e-09,4.94149074724209e-12,-2.65127695182511e-13,-1.75655282293654e-13,NaN
-1802.016994,-0.223409,-1.92334e-07,1.1344375e-09,1.07693119889465e-09,4.15872952954541e-13,-3.66913002390028e-13,-1.56934845655272e-13,NaN
-1791.92743625,-0.222158125,-1.91211e-07,1.09543750000001e-09,1.07369544327165e-09,-5.35936827561251e-12,-5.07203878694723e-13,-1.32851503656875e-13,NaN
-1781.85300225,-0.220909125,-1.90143125e-07,1.0524375e-09,1.06621246234343e-09,-4.85595087091466e-12,-5.26803785450322e-13,-1.04336222303612e-13,NaN
-1771.761428,-0.219658,-1.89106125e-07,1.01875e-09,1.06398354152982e-09,5.43862828150481e-13,-3.97494777445272e-13,-7.3524344799388e-14,NaN
-1761.674895,-0.2184075,-1.88105625e-07,1.0330625e-09,1.06730018799973e-09,3.35126078733411e-12,-2.141693506331e-13,-4.32997586104602e-14,NaN
-1751.62163425,-0.217161125,-1.8704e-07,1.10237499999999e-09,1.07068606310449e-09,1.60082334820699e-12,-1.16888205643052e-13,-1.67849119319191e-14,NaN
-1741.45444125,-0.215900625,-1.85900875e-07,1.12500000000001e-09,1.07050183469614e-09,-2.16682144555965e-12,-1.47920451893182e-13,7.4376014484031e-15,NaN
-1731.383032,-0.214652,-1.8479e-07,1.078625e-09,1.06635242021337e-09,-3.30957312170106e-12,-1.86653050348983e-13,3.36582921395477e-14,NaN
-1721.30758975,-0.213402875,-1.83743625e-07,1.03349999999999e-09,1.06388268845274e-09,-4.304478867014e-13,-1.32818201870543e-13,6.30674924723243e-14,NaN
-1711.218032,-0.212152,-1.82723e-07,1.04731250000002e-09,1.06549152443996e-09,1.84120747355516e-12,-4.7396404636367e-14,9.3044465453307e-14,NaN
-1701.135532,-0.210902,-1.81649e-07,8.71500000000009e-10,1.06756510339985e-09,4.31113247185537e-13,1.70045877029009e-13,1.19139796643595e-13,NaN
-1691.0070558,-0.2096463,-1.8098e-07,8.6887499999999e-10,1.06635375093434e-09,-2.57604928763928e-12,5.66443313152739e-13,1.39722083383843e-13,NaN
-1680.9148766,-0.2083951,-1.7991125e-07,1.20368750000001e-09,1.06241300482457e-09,-2.9870134374506e-12,7.26938985713162e-13,1.55762801112419e-13,NaN
-1670.8259238,-0.2071443,-1.78572625e-07,1.20462500000001e-09,1.06037972405943e-09,2.12674692515012e-14,6.09979996013757e-13,1.70906652834385e-13,NaN
-1660.742516375,-0.2058941875,-1.77502e-07,1.0893125e-09,1.06245553976307e-09,3.26201895852683e-12,5.17839395409963e-13,1.89162303955294e-13,NaN
-1650.630273,-0.2046405,-1.76394e-07,1.1186875e-09,1.06690376197649e-09,3.8437315964125e-12,4.21094451746244e-13,2.07715152627306e-13,NaN
-1640.520852725,-0.2033871625,-1.75264625e-07,1.12237499999999e-09,1.0701430029559e-09,1.41642930757259e-12,2.99543536134754e-13,2.22020063724298e-13,NaN
-1630.437042,-0.202137,-1.7414925e-07,1.09081249999999e-09,1.06973662059163e-09,-2.18990520736576e-12,2.44544626246351e-13,2.32165554780961e-13,NaN
-1620.347786725,-0.2008861625,-1.73083e-07,1.0316875e-09,1.06576319254117e-09,-2.47979569186182e-12,3.11818413561897e-13,2.41027539860647e-13,NaN
-1610.2700255,-0.19963675,-1.72085875e-07,1.01600000000001e-09,1.06477702920791e-09,1.45712176379971e-12,4.89657841772979e-13,2.51221753341795e-13,NaN
-1600.1798628,-0.1983858,-1.71051e-07,1.09468750000002e-09,1.06867743606877e-09,4.31764238714375e-12,5.56545004238149e-13,2.61715588483989e-13,NaN
-1590.073063975,-0.1971327875,-1.698965e-07,1.1569375e-09,1.0734123139822e-09,3.09082878434395e-12,3.77023095865687e-13,2.68822497710035e-13,NaN
-1579.977658375,-0.1958811875,-1.68737125e-07,1.11924999999999e-09,1.07485909363746e-09,-7.73202677297516e-13,2.03439434873314e-13,2.70584468712464e-13,NaN
-1569.8791272,-0.1946292,-1.67658e-07,1.03656249999999e-09,1.0718659086276e-09,-2.68391908650249e-12,2.10363479161478e-13,2.68647205022478e-13,NaN
-1559.793703275,-0.1933788375,-1.66664e-07,9.60000000000004e-10,1.06949125546445e-09,-2.34107794061213e-13,3.8189047066354e-13,2.67974972043383e-13,NaN
-1549.660085,-0.1921225,-1.65738e-07,9.29624999999999e-10,1.07139769303948e-09,3.46995968198568e-12,6.82674893199945e-13,2.72665397207262e-13,NaN
-1539.52979395,-0.190866575,-1.6480475e-07,1.0535e-09,1.07643117482842e-09,4.14820338512765e-12,8.441702953449e-13,2.79689311725693e-13,NaN
-1529.4160382,-0.1896127,-1.63631e-07,1.19525000000001e-09,1.07969409980974e-09,1.49794304514256e-12,6.61164811468629e-13,2.83080576473891e-13,NaN
-1519.373565725,-0.1883676625,-1.6241425e-07,1.155375e-09,1.07942706091871e-09,-1.32900023216843e-12,4.15100668362052e-13,2.79754728833405e-13,NaN
-1509.3014507,-0.18711895,-1.6132025e-07,1.02962499999999e-09,1.0770360993454e-09,-2.1064329033499e-12,4.01426044656657e-13,2.71066165508151e-13,NaN
-1499.2008022,-0.1858667,-1.60355e-07,9.86124999999997e-10,1.07521419511201e-09,-7.78308965098403e-14,5.47778800429545e-13,2.62322238277702e-13,NaN
-1489.0771656,-0.1846116,-1.59348e-07,1.05350000000002e-09,1.07688043755238e-09,2.68967587034788e-12,6.42801513077398e-13,2.55084757342379e-13,NaN
-1478.9825666,-0.1833601,-1.58248e-07,1.13606250000001e-09,1.0805935468527e-09,2.97303024983584e-12,5.24392581703978e-13,2.45597648205011e-13,NaN
-1468.90188145,-0.182110325,-1.57075875e-07,1.1294375e-09,1.08282649805205e-09,8.76203311513388e-13,3.18230762724909e-13,2.32598371808433e-13,NaN
-1458.805770075,-0.1808586375,-1.55989125e-07,1.047e-09,1.08234595347573e-09,-2.61317498697794e-13,2.63924126359428e-13,2.17323943078074e-13,NaN
-1448.7149016,-0.1796076,-1.54981875e-07,1.0500625e-09,1.08230386305465e-09,-2.47123660785063e-12,3.10985923664317e-13,2.00436581966892e-13,NaN
-1438.6654722,-0.1783617,-1.53889e-07,1.1324375e-09,1.07740348026003e-09,-6.08781413508777e-12,2.84390669872455e-13,1.84214478134147e-13,NaN
-1428.545062,-0.177107,-1.52717e-07,1.16049999999998e-09,1.07012823478448e-09,-2.97414437473118e-12,9.61961997813206e-14,1.66786612040941e-13,NaN
-1418.4512696,-0.1758556,-1.51568e-07,1.12550000000001e-09,1.07145519151057e-09,1.71978343224081e-12,-1.71363306903077e-13,1.44857058242462e-13,NaN
-1408.3736092,-0.1746062,-1.50466e-07,1.06256250000002e-09,1.07356780164896e-09,1.74547838003175e-12,-2.80995631114853e-13,1.21372200545599e-13,NaN
-1398.2749772,-0.1733542,-1.49442875e-07,1.00949999999999e-09,1.07494614827063e-09,1.76836041020251e-12,-1.95136091093617e-13,9.86222148370689e-14,NaN
-1388.1916706,-0.1721041,-1.48447e-07,1.0235625e-09,1.07710452246937e-09,1.69272945027053e-12,-9.21699919387663e-14,7.65302478790309e-14,NaN
-1378.0994914,-0.1708529,-1.4739575e-07,1.07999999999999e-09,1.07833160717117e-09,1.13905113932318e-12,-6.98143572984351e-14,5.5921707016293e-14,NaN
-1367.997633,-0.1696005,-1.46287e-07,1.14518749999999e-09,1.07938262474801e-09,9.36749699875917e-14,-2.17942642495183e-13,3.60144254620209e-14,NaN
-1357.9098901,-0.16834985,-1.45105375e-07,1.11693750000001e-09,1.07851895711115e-09,-2.4079310969671e-12,-4.01921986232659e-13,1.57385635179432e-14,NaN
-1347.8197274,-0.1670989,-1.44053125e-07,1.04218750000001e-09,1.07456676255408e-09,-1.84820933090202e-12,-3.84748293702114e-13,-3.84025036413226e-15,NaN
-1337.7283548,-0.1658478,-1.43021e-07,1.0144375e-09,1.07482253844934e-09,2.23954534644064e-12,-2.46356955262401e-13,-2.3168709417985e-14,NaN
-1327.627605475,-0.1645955375,-1.4202425e-07,1.04449999999999e-09,1.07904585324696e-09,2.75278035742649e-12,-1.49984787351305e-13,-4.3425490480651e-14,NaN
-1317.5230248,-0.1633428,-1.40932e-07,1.111375e-09,1.08032809916419e-09,1.19058826360698e-12,-2.3526827479458e-13,-6.00767828448805e-14,NaN
-1307.442037175,-0.1620929875,-1.398015e-07,1.13650000000001e-09,1.08142702977417e-09,-4.6616571156814e-13,-4.00586475269662e-13,-6.77349803964506e-14,NaN
-1297.33927135,-0.160840475,-1.38659e-07,1.0834375e-09,1.07939576774106e-09,-4.2311356146233e-12,-4.44731960505938e-13,-7.04184919979156e-14,NaN
-1287.2497136,-0.1595896,-1.37634625e-07,9.97499999999993e-10,1.07296475854493e-09,-4.36580882352935e-12,-3.44944128702109e-13,-7.48725719684146e-14,NaN
-1277.1551146,-0.1583381,-1.36664e-07,1.01431250000001e-09,1.070664150094e-09,7.13063999184867e-13,-1.41698870331488e-13,-8.34830548575682e-14,NaN
-1267.056785075,-0.1570861375,-1.35606e-07,1.08818750000001e-09,1.0743908865433e-09,2.66359444721314e-12,-2.55623577506171e-14,-9.56475431019836e-14,NaN
-1256.962589375,-0.1558346875,-1.34487625e-07,1.12699999999999e-09,1.07599133898843e-09,-5.12129380052541e-14,-9.9181084860404e-14,-1.09017855293649e-13,NaN
-1246.863352425,-0.1545826125,-1.33352e-07,1.1233125e-09,1.07428846066729e-09,-2.6167035210314e-12,-2.39337388386013e-13,-1.21849539063845e-13,NaN
-1236.753831325,-0.1533292625,-1.32241e-07,1.07850000000001e-09,1.07075793194636e-09,-2.6904233391468e-12,-2.82384776243904e-13,-1.31979370376086e-13,NaN
-1226.6901856,-0.1520816,-1.31195e-07,1.0365e-09,1.06890761398899e-09,5.07754988788455e-13,-1.76725579143428e-13,-1.38922808368467e-13,NaN
-1216.58409255,-0.150828675,-1.30168e-07,1.0395e-09,1.07177344192394e-09,2.0355854605994e-12,-2.33928958407975e-14,-1.45092259324338e-13,NaN
-1206.467816175,-0.1495744875,-1.29116e-07,1.08125e-09,1.07297878491019e-09,-4.99855602618161e-13,7.81540547192022e-14,-1.53018541405022e-13,NaN
-1196.3805774,-0.1483239,-1.280055e-07,1.07525000000001e-09,1.0707737307187e-09,-1.80401806949182e-12,1.16524325073909e-13,-1.62366161079478e-13,NaN
-1186.3053368,-0.1470748,-1.269655e-07,1.0388125e-09,1.06937074877121e-09,-7.76735458334372e-13,8.10569255154059e-14,-1.70110466794483e-13,NaN
-1176.2075114,-0.1458229,-1.25927875e-07,1.0724375e-09,1.06922025980203e-09,1.53593442093776e-12,-5.9480964309319e-14,-1.7479470746592e-13,NaN
-1166.1072662,-0.1445707,-1.24820625e-07,1.10956250000002e-09,1.07244261761308e-09,3.73498833495651e-12,-1.72482310310549e-13,-1.72817316021995e-13,NaN
-1156.0183134,-0.1433199,-1.2370875e-07,1.1153125e-09,1.07669023647195e-09,1.51692351468933e-12,-1.93993233392973e-13,-1.64815611294041e-13,NaN
-1145.92109295,-0.142068075,-1.2259e-07,1.03887499999998e-09,1.07547646464246e-09,-1.66987360982157e-12,-1.5594864355368e-13,-1.59493961019894e-13,NaN
-1135.81721805,-0.140815425,-1.21631e-07,1.04049999999999e-09,1.0733504892523e-09,-1.34176807515469e-12,-8.41709197458252e-14,-1.56942297445547e-13,NaN
-1125.6966062,-0.1395607,-1.20509e-07,1.08250000000001e-09,1.07279292849215e-09,-7.65306122448896e-13,-4.03398939370792e-14,-1.51509280741658e-13,NaN
-1115.61188805,-0.138310425,-1.19466e-07,1.0635e-09,1.07181987700741e-09,1.36768740515046e-12,9.43392327247976e-15,-1.41530437301998e-13,NaN
-1105.527069075,-0.1370601375,-1.18382e-07,1.06549999999999e-09,1.07552830330245e-09,2.13218376973426e-12,6.08339118763054e-14,-1.27283736192488e-13,NaN
-1095.423295,-0.1358075,-1.17335e-07,1.15175000000001e-09,1.07608424454688e-09,-7.93818942671387e-13,-1.45953210843205e-14,-1.12228452253724e-13,NaN
-1085.375176325,-0.1345617625,-1.160785e-07,1.09306250000001e-09,1.07394066541711e-09,-1.79036897777966e-12,-1.3225859234655e-13,-9.97556337269893e-14,NaN
-1075.225123575,-0.1333033875,-1.15148875e-07,1.02774999999999e-09,1.07250350659132e-09,-1.17623912772697e-12,-6.98304132734697e-14,-8.85289854464146e-14,NaN
-1065.119837125,-0.1320505625,-1.14023e-07,1.100625e-09,1.07158818716166e-09,1.37444576887329e-12,2.41815404858038e-14,-7.52601468030868e-14,NaN
-1055.048226225,-0.1308019125,-1.12947625e-07,1.023e-09,1.07525239812906e-09,2.1839325352784e-12,1.18888512496257e-13,-5.99003563738255e-14,NaN
-1044.9615924,-0.1295514,-1.11977e-07,1.0288125e-09,1.07595605223221e-09,4.65627052707989e-13,2.05768269740188e-13,-4.52886730241989e-14,NaN
-1034.851163875,-0.1282979375,-1.1089e-07,1.1225625e-09,1.07618365223448e-09,-4.28257151917343e-13,8.67921660938682e-14,-3.38237628620383e-14,NaN
-1024.76009375,-0.127046875,-1.09731875e-07,1.095875e-09,1.07509953792838e-09,-2.84204342114224e-12,-5.59879949551882e-14,-2.56615459571143e-14,NaN
-1014.65904195,-0.125794575,-1.0869825e-07,1.04043749999999e-09,1.07049956539219e-09,-2.46879246981808e-12,-4.94635178984068e-14,-1.89644435809372e-14,NaN
-1004.5969086,-0.1245471,-1.07651e-07,1.090125e-09,1.07016195298874e-09,1.08297611497451e-12,-7.29285254204207e-15,-1.03020301187102e-14,NaN
-994.4595598,-0.1232903,-1.06518e-07,1.08218750000001e-09,1.07266551762214e-09,2.63952680128666e-12,9.76947148646349e-15,8.82087054675986e-16,NaN
-984.4141634,-0.1220449,-1.05486625e-07,1.0895e-09,1.07544100659132e-09,1.59558611180338e-12,-4.67502692430328e-14,9.385737422239e-15,NaN
-974.2618925,-0.12078625,-1.04339e-07,1.0913125e-09,1.07585668984575e-09,-2.87009615166963e-13,-1.8192879719011e-13,1.34596873658914e-14,NaN
-964.1660836,-0.1195346,-1.03304e-07,1.0123125e-09,1.07486698736098e-09,-1.18226913406894e-12,-2.12279435149461e-13,1.71415127447896e-14,NaN
-954.069165625,-0.1182828125,-1.02314375e-07,1.066e-09,1.07349215157761e-09,-1.33730520510099e-12,-1.39855963171445e-13,2.146383013661e-14,NaN
-943.9869681,-0.11703285,-1.01172e-07,1.103875e-09,1.07219237695078e-09,-3.66851457564099e-13,-1.36130993228993e-13,2.49304858608175e-14,NaN
-933.89297405,-0.115781425,-1.00106625e-07,1.0775e-09,1.07275844866248e-09,-3.36428911187061e-13,-1.83277991439966e-13,2.65043469354371e-14,NaN
-923.7884942,-0.1145287,-9.9017e-08,1.1254375e-09,1.07151951912841e-09,-1.33589591496984e-12,-2.32426497758619e-13,2.45032658980253e-14,NaN
-913.6866358,-0.1132763,-9.785575e-08,1.056e-09,1.07008665683254e-09,-1.65375348252224e-13,-2.18397928504149e-13,2.07902488532034e-14,NaN
-903.59365,-0.112025,-9.6905e-08,9.89874999999994e-10,1.0711887684319e-09,1.43221179981472e-12,-5.99690951256826e-14,1.78403888885877e-14,NaN
-893.50368895,-0.110774075,-9.5876e-08,1.1125e-09,1.07295108043217e-09,-8.51116389952897e-14,7.26444461641664e-14,1.67839097269883e-14,NaN
-883.40707345,-0.109522325,-9.468e-08,1.088875e-09,1.07101854515391e-09,-9.44316405808122e-13,5.77940217179376e-14,1.94229052194111e-14,NaN
-873.293821825,-0.1082685125,-9.369825e-08,1.0365e-09,1.07106244762056e-09,2.33889782328112e-13,7.16867211753292e-15,2.171218218552e-14,NaN
-863.2402586,-0.1070221,-9.2607e-08,1.10175e-09,1.07148632471857e-09,-1.90393610274303e-13,-3.35774863835062e-14,1.79432412918912e-14,NaN
-853.1335606,-0.1057691,-9.149475e-08,1.0125e-09,1.07068166040001e-09,-1.2516931300823e-12,3.12092070161464e-14,1.057098398256e-14,NaN
-843.0397682,-0.1045177,-9.0582e-08,1.0995625e-09,1.0689829384584e-09,2.92078387958852e-13,1.34573914450926e-13,4.78735364521992e-15,NaN
-832.923391,-0.1032635,-8.9295625e-08,1.1259375e-09,1.07126581717593e-09,2.15448891820883e-12,1.17596515532984e-13,1.794767329903e-15,NaN
-822.824859825,-0.1020115125,-8.8330125e-08,1.0704375e-09,1.07329191629482e-09,4.54640818591814e-13,6.24130108319967e-14,4.12554343935638e-16,NaN
-812.714330475,-0.1007580375,-8.715475e-08,1.0736875e-09,1.07217509881311e-09,5.13375161385287e-13,1.96526631120888e-14,-1.33462981240034e-15,NaN
-802.6186224,-0.0995064,-8.618275e-08,9.76374999999999e-10,1.07431866661759e-09,-6.50664511087307e-13,8.26994686498712e-14,-5.86069135025347e-15,NaN
-792.5716128,-0.0982608,-8.5202e-08,1.105875e-09,1.07087376979094e-09,-2.18532200616104e-12,1.35474941060765e-13,-1.43049077788376e-14,NaN
-782.442834125,-0.0970050625,-8.3971e-08,1.08075e-09,1.06994802260527e-09,4.71594769983479e-13,1.15697620725939e-13,-2.39462773458864e-14,NaN
-772.36245145,-0.095755325,-8.30405e-08,1.03006250000001e-09,1.0718169593309e-09,4.3120597295523e-13,1.90697363961294e-13,-3.26446193667093e-14,NaN
-762.260895525,-0.0945029625,-8.1910875e-08,1.15725e-09,1.07081043455118e-09,1.57311745452875e-13,1.84827661585667e-13,-4.02180997876981e-14,NaN
-752.168917975,-0.0932517875,-8.0726e-08,1.091875e-09,1.07213158282181e-09,1.3902848875399e-12,1.07245149185457e-13,-4.63922924796115e-14,NaN
-742.08833365,-0.092002025,-7.9727125e-08,1.03899999999999e-09,1.07359100432626e-09,-7.17421402522632e-14,1.11619429012504e-13,-5.20388376304617e-14,NaN
-731.997566,-0.090751,-7.8648e-08,1.0285625e-09,1.0719880985413e-09,-4.37807198351172e-13,9.53703129293327e-14,-5.66082337445426e-14,NaN
-721.9195023,-0.08950155,-7.767e-08,1.064625e-09,1.07271538992956e-09,1.76459758431655e-12,3.35328333348571e-14,-5.81453214444533e-14,NaN
-711.796974775,-0.0882465875,-7.651875e-08,1.06650000000001e-09,1.07551729370994e-09,1.48366681578322e-12,2.88952494775668e-14,-5.84958217609275e-14,NaN
-701.697536175,-0.0869944875,-7.5537e-08,1.075875e-09,1.07568272356112e-09,-1.28434392625095e-13,9.73481581140224e-14,-6.08090818509025e-14,NaN
-691.6098941,-0.08574385,-7.4367e-08,1.1175e-09,1.07526042492469e-09,-2.47377488731552e-13,1.08450664744657e-13,-6.26738784271493e-14,NaN
-681.5116654,-0.0844919,-7.3302e-08,1.0515625e-09,1.07518796858366e-09,-1.15008267457796e-13,4.18486976801088e-14,-6.17180390922119e-14,NaN
-671.412730925,-0.0832398625,-7.2263875e-08,1.071e-09,1.07503040838977e-09,7.51220299440601e-13,-6.99767235556701e-14,-5.66196485765861e-14,NaN
-661.301596625,-0.0819863125,-7.116e-08,1.11125e-09,1.07669040918254e-09,1.1322326100251e-12,-1.86408834327511e-13,-4.75421106773498e-14,NaN
-651.244807,-0.0807395,-7.0041375e-08,1.069e-09,1.07729487360982e-09,-1.08673894085943e-12,-1.68777172078828e-13,-4.17323956009226e-14,NaN
-641.120262975,-0.0794842875,-6.9022e-08,1.05818749999999e-09,1.07451693130082e-09,-2.25376494937581e-12,-3.95724943643175e-14,-4.09578670641413e-14,NaN
-631.03241925,-0.078233625,-6.7925e-08,1.11025e-09,1.07278734371107e-09,-7.34634419805619e-13,-4.41562933459439e-14,-3.66460857002308e-14,NaN
-620.9279394,-0.0769809,-6.68015e-08,1.03850000000001e-09,1.07304766246121e-09,4.99001959273896e-13,-1.56748872008533e-13,-2.53772875020383e-14,NaN
-610.8438262,-0.0757307,-6.5848e-08,1.060625e-09,1.07378534762962e-09,6.43906147364582e-13,-1.98526271155536e-13,-9.80226773324247e-15,NaN
-600.7580998,-0.0744803,-6.468025e-08,1.083e-09,1.07433547475594e-09,-7.63707133796523e-13,-2.14907349890963e-13,5.47376653012971e-15,NaN
-590.6751965,-0.07323025,-6.3682e-08,1.1189375e-09,1.07225793336202e-09,-1.14754864209812e-12,-2.46632068080663e-13,1.42779757043626e-14,NaN
-580.5737414,-0.0719779,-6.2442375e-08,1.082125e-09,1.07204037747174e-09,5.4430026727447e-14,-1.97660306358316e-13,1.72971153269188e-14,NaN
-570.4613972,-0.0707242,-6.151775e-08,1.039375e-09,1.07236679341548e-09,1.3967049083785e-13,-9.015063636677e-14,2.04194929052811e-14,NaN
-560.3837368,-0.0694748,-6.0363625e-08,1.075375e-09,1.07231971845342e-09,7.01212088609768e-14,-1.05894951547772e-13,2.66292771745984e-14,NaN
-550.2802652,-0.0682222,-5.9367e-08,1.032375e-09,1.0725070358332e-09,-1.04126084396034e-12,-1.38054651162271e-13,3.47442139921862e-14,NaN
-540.2187368,-0.0669748,-5.8298875e-08,1.1455e-09,1.0702371967655e-09,4.19018550816544e-13,-1.6054798843447e-13,4.09621576878386e-14,NaN
-530.09812495,-0.065720075,-5.7076e-08,1.0624375e-09,1.07334507293483e-09,1.64871373077526e-12,-1.61508640481118e-13,4.34260902424183e-14,NaN
-520.00554245,-0.064468825,-5.6174e-08,1.059e-09,1.07353462422705e-09,-2.51625560601596e-12,-9.12806316225395e-14,4.6129947430174e-14,NaN
-509.892492475,-0.0632150375,-5.4958e-08,1.142e-09,1.0683125617228e-09,-3.01582510362616e-12,-1.78122070707405e-13,5.30380061515213e-14,NaN
-499.81674775,-0.061965875,-5.389e-08,1.0065e-09,1.0675029740198e-09,-1.09802550737265e-12,-2.60729477613324e-13,6.30479443181692e-14,NaN
-489.7158976,-0.0607136,-5.2945e-08,1.04e-09,1.06611651070806e-09,-5.96374139278414e-13,-1.35800655248208e-13,7.21071529610772e-14,NaN
-479.628558,-0.059463,-5.181e-08,1.142e-09,1.06631022574124e-09,2.22166456205097e-12,-3.37419335069361e-14,7.70111080577575e-14,NaN
-469.52407815,-0.058210275,-5.0661e-08,1.08e-09,1.07055983983216e-09,3.76468124985828e-12,-3.19073929478331e-14,8.05040290549167e-14,NaN
-459.444098775,-0.0569605875,-4.965e-08,1.009125e-09,1.07383958824096e-09,5.18122437654131e-13,-2.51048946757598e-14,8.5268889822442e-14,NaN
-449.3500039,-0.05570915,-4.864275e-08,1.0025e-09,1.07159608470747e-09,-3.24260437665655e-12,8.51229413691968e-15,9.04081657278185e-14,NaN
-439.2485488,-0.0544568,-4.7645e-08,1.0619375e-09,1.06735437948764e-09,-2.19770054248091e-12,9.51160449880207e-14,9.63021008273974e-14,NaN
-429.151025875,-0.0532049375,-4.6518875e-08,1.0915e-09,1.06720068362251e-09,1.1811387290767e-12,2.44337371305379e-13,1.02442887428923e-13,NaN
-419.047554275,-0.0519523375,-4.5462e-08,1.0739375e-09,1.0697166569458e-09,3.12664520997103e-12,3.50025671667435e-13,1.08239724641401e-13,NaN
-408.965659225,-0.0507024125,-4.4371e-08,1.065875e-09,1.07345397404245e-09,2.69312930360843e-12,3.35150732857678e-13,1.12077029140644e-13,NaN
-398.8653132,-0.0494502,-4.333025e-08,1.032e-09,1.07510291555301e-09,-6.50770048585395e-13,2.90202320712012e-13,1.1417988831927e-13,NaN
-388.7723274,-0.0481989,-4.2307e-08,1.0673125e-09,1.07215243394528e-09,-3.09779942637438e-12,2.92258767268418e-13,1.20339823475664e-13,NaN
-378.6898274,-0.0469489,-4.1195625e-08,1.158625e-09,1.06890731670027e-09,-2.69556855761633e-13,3.22204363001423e-13,1.2909024732264e-13,NaN
-368.583936,-0.045696,-3.998975e-08,1.082625e-09,1.07161332023375e-09,2.67751973430892e-12,3.79792955435134e-13,1.32305048342325e-13,NaN
-358.4990162,-0.0444457,-3.9030375e-08,1.006875e-09,1.07426235616888e-09,1.81237273211183e-12,4.27662572693709e-13,1.29814760409769e-13,NaN
-348.3915116,-0.0431926,-3.7976e-08,1.0716875e-09,1.07523806569798e-09,7.56817467552956e-13,3.85185394906256e-13,1.2762280455958e-13,NaN
-338.2944928,-0.0419408,-3.6887e-08,1.0685625e-09,1.07577599110399e-09,1.26625673854454e-13,2.9651504159052e-13,1.2798108609127e-13,NaN
-328.201809475,-0.0406895375,-3.5838875e-08,1.091e-09,1.07549131704569e-09,-1.31762398355583e-12,3.03386828201917e-13,1.28815819266681e-13,NaN
-318.089868575,-0.0394358875,-3.4705e-08,1.1128125e-09,1.07314074313688e-09,-1.50700433475274e-12,3.69647584360324e-13,1.26909381531579e-13,NaN
-308.01291395,-0.038186575,-3.361325e-08,1.08e-09,1.07247730837618e-09,1.18760836881925e-12,3.61844459227092e-13,1.2072275215101e-13,NaN
-297.9366651,-0.03693735,-3.2545e-08,1.076625e-09,1.07551595987452e-09,2.22069844447221e-12,2.95166401867296e-13,1.12773813970578e-13,NaN
-287.85315685,-0.035687225,-3.146e-08,1.051875e-09,1.07691870526512e-09,1.0089495232056e-12,2.31610588320593e-13,1.06702371485066e-13,NaN
-277.7454506,-0.0344341,-3.044125e-08,9.81874999999999e-10,1.07753385892093e-09,-1.62853292260291e-12,3.23565959592883e-13,1.02426200796763e-13,NaN
-267.6484318,-0.0331823,-2.949625e-08,1.049125e-09,1.07366163941992e-09,-1.93912970848733e-12,4.78068777346463e-13,9.60895515324889e-14,NaN
-257.517838275,-0.0319263375,-2.8343e-08,1.188275e-09,1.07365559950395e-09,3.56655055890273e-12,3.44434309999955e-13,8.64382999312045e-14,NaN
-247.4064015,-0.03067275,-2.71197e-08,1.19289375e-09,1.08079474053772e-09,3.89090622097894e-12,4.90334582245405e-14,7.45955221545338e-14,NaN
-237.2319491,-0.02941135,-2.59572125e-08,1.17878125e-09,1.08143741194591e-09,-1.60423622279103e-12,-1.69663408617051e-13,6.24906332800361e-14,NaN
-227.0764518,-0.0281523,-2.47621375e-08,1.080925e-09,1.07758626809214e-09,-2.62764749767835e-12,-2.54280686746104e-13,5.26052543406949e-14,NaN
-216.9608812,-0.0268982,-2.37953625e-08,9.08725e-10,1.07618211695055e-09,6.93486828693302e-14,-1.18055169368949e-13,4.37135907991868e-14,NaN
-206.8929,-0.02565,-2.29446875e-08,9.43200000000002e-10,1.07772496545788e-09,2.4437840466379e-12,1.01140559762113e-13,3.056015612718e-14,NaN
-196.7603908,-0.0243938,-2.19089625e-08,1.12334375e-09,1.08106968504383e-09,1.96289440304426e-12,1.4866922226196e-13,1.34812912044978e-14,NaN
-186.783252925,-0.0231568625,-2.0698e-08,1.2192625e-09,1.08165075426397e-09,-1.28961372284797e-12,-2.58550507574935e-14,-1.22125999954104e-15,NaN
-176.626142425,-0.0218976125,-1.94704375e-08,1.14755e-09,1.07849045759813e-09,-4.13170853246975e-12,-2.20084329500912e-13,-1.32843675834179e-14,NaN
-166.4596552,-0.0206372,-1.84029e-08,9.91418750000001e-10,1.07338733719903e-09,-3.2919585522887e-12,-2.47594448814719e-13,-2.56020953590433e-14,NaN
-156.3852212,-0.0193882,-1.74876e-08,9.4590625e-10,1.07190654049356e-09,1.57042706233452e-12,-1.14494632822685e-13,-4.09783968108937e-14,NaN
-146.2640044,-0.0181334,-1.65110875e-08,1.04538125e-09,1.0765281913237e-09,3.68045503578807e-12,-9.35513646584951e-15,-5.79624939711391e-14,NaN
-136.250872,-0.016892,-1.53968375e-08,1.16959375e-09,1.07926745056513e-09,2.51558571541899e-13,-1.08276275386374e-13,-7.1512785847982e-14,NaN
-126.1264288,-0.0156368,-1.41719e-08,1.18736875e-09,1.07703130846678e-09,-2.41570165802186e-12,-3.11263860100021e-13,-8.32874393997268e-14,NaN
-115.9632688,-0.0143768,-1.30221e-08,1.0475875e-09,1.07443604724909e-09,-2.63514405762289e-12,-3.68109093017762e-13,-9.74098019096349e-14,NaN
-105.9380374,-0.0131339,-1.2076725e-08,9.64212500000001e-10,1.07176102035154e-09,-1.50137460644615e-12,-2.56219828850822e-13,-1.145429610894e-13,NaN
-95.792521775,-0.0118760875,-1.1093675e-08,1.02274375e-09,1.0714332980362e-09,1.86483881288331e-12,-1.59479421396702e-13,-1.34651410814222e-13,NaN
-85.7524691,-0.01063135,-1.00312375e-08,1.05300625e-09,1.0754906979773e-09,2.43524867494122e-12,-1.38346159229527e-13,-1.55557809288307e-13,NaN
-75.642948,-0.009378,-8.9876625e-09,1.1258875e-09,1.07630379538608e-09,-1.278296790414e-12,-1.87930841147416e-13,-1.73196799256126e-13,NaN
-65.56226285,-0.008128225,-7.7794625e-09,1.18045625e-09,1.07293410439648e-09,-2.59225994643109e-12,-3.09841336776062e-13,-1.86952450606686e-13,NaN
-55.474419125,-0.0068775625,-6.62675e-09,1.08991875e-09,1.07111927549322e-09,-2.56845214501028e-13,-4.14256128553531e-13,-1.98381923020132e-13,NaN
-45.338986,-0.005621,-5.599625e-09,9.9023125e-10,1.07242041396747e-09,1.84825590613555e-12,-3.85524197711152e-13,-2.07679881941439e-13,NaN
-35.222709625,-0.0043668125,-4.6462875e-09,9.81725e-10,1.07481578730549e-09,7.84401543636305e-13,-2.6726247384844e-13,-2.14459398158819e-13,NaN
-25.159971325,-0.0031192625,-3.636175e-09,1.1206125e-09,1.07398921705475e-09,-3.3582910286752e-12,-2.18003839677948e-13,-2.20613821821013e-13,NaN
-15.1015685,-0.00187225,-2.4050625e-09,1.214525e-09,1.06809920524814e-09,-4.84107900235567e-12,-3.6465293049298e-13,-2.26199501322903e-13,NaN
-4.9263095,-0.00061075,-1.207125e-09,1.09278125e-09,1.06430705905004e-09,2.7730186414187e-13,-5.33400106938047e-13,-2.29094863486815e-13,NaN
5.17897695,0.000642075,-2.195e-10,9.256875e-10,1.06865380897642e-09,5.29468157546045e-12,-3.71755654512266e-13,-2.30987884460311e-13,NaN
15.25704065,0.001891525,6.4425e-10,9.8845e-10,1.07489642220096e-09,5.20998932591902e-12,-9.35801100721599e-14,-2.32836530410515e-13,NaN
25.2885232,0.0031352,1.7574e-09,1.16605625e-09,1.07907378762826e-09,1.59194552821114e-12,-1.18888058522275e-13,-2.32557249192214e-13,NaN
35.3589242,0.0043837,2.9763625e-09,1.21115e-09,1.07808031325738e-09,-3.15902497791564e-12,-3.21818595756225e-13,-2.30460943395439e-13,NaN
45.629362,0.005657,4.1797e-09,1.06921875e-09,1.07275573767243e-09,-4.65889898412183e-12,-3.84925869773405e-13,-2.27235001599039e-13,NaN
55.6562066,0.0069001,5.1148e-09,9.1535e-10,1.06876251528913e-09,-2.34641257446372e-12,-2.00551770928324e-13,-2.20876958425203e-13,NaN
65.8048478,0.0081583,6.0104e-09,9.63125e-10,1.0680629125235e-09,1.05380189811748e-12,3.77936972668215e-14,-2.12321604466875e-13,NaN
75.76010665,0.009392525,7.04105e-09,1.13725e-09,1.07087011908537e-09,2.59049936012125e-12,8.85735409753591e-14,-2.04162472133756e-13,NaN
85.8754756,0.0106466,8.2849e-09,1.25750625e-09,1.07324391124374e-09,4.8761134170667e-13,-1.09387142027272e-13,-1.9635914741918e-13,NaN
95.9462799,0.01189515,9.5560625e-09,1.14256875e-09,1.07184534176878e-09,-2.84748776869222e-12,-3.52269841907999e-13,-1.88663941933681e-13,NaN
106.163582925,0.0131618625,1.05700375e-08,9.1676875e-10,1.06754893570636e-09,-2.24874133615729e-12,-2.86424083777724e-13,-1.76603820684788e-13,-8.44626968492464e-07
116.1310416,0.0143976,1.13896e-08,9.0988125e-10,1.06734785909647e-09,1.49749371446688e-12,-1.3664319284087e-14,-1.5802534987821e-13,-7.55773412461004e-07
126.1836974,0.0156439,1.23898e-08,1.0955e-09,1.07054392313529e-09,2.65009817606294e-12,1.03422123651921e-13,-1.41999840881788e-13,-6.79129673782464e-07
136.3226594,0.0169009,1.35806e-08,1.223625e-09,1.07264805544859e-09,4.99036501393083e-13,9.40936116821224e-15,-1.33903993919568e-13,-6.40410405702282e-07
146.4592016,0.0181576,1.483705e-08,1.1847e-09,1.07154199613808e-09,-2.2152683243109e-12,-1.66494724312575e-13,-1.28907422441019e-13,-6.16513759500526e-07
156.55561545,0.019409325,1.595e-08,1.029175e-09,1.06821751879997e-09,-2.57306047418956e-12,-2.79016368640598e-13,-1.21768471347017e-13,-5.82370949920516e-07
166.671791,0.0206635,1.68954e-08,9.17849999999999e-10,1.0663958751897e-09,-1.12073050918471e-12,-1.46198262530506e-13,-1.11476222698224e-13,-5.33147152034984e-07
176.686839075,0.0219051375,1.77857e-08,1.0015e-09,1.0659760577816e-09,7.67649465446383e-13,7.48895960351826e-14,-1.00231839694199e-13,-4.79369668102691e-07
186.7742795,0.02315575,1.88984e-08,1.16951875e-09,1.06793117412059e-09,1.99318656708006e-12,6.33989256161075e-14,-9.00230997561264e-14,-4.30545259703213e-07
196.8765412,0.0244082,2.01247375e-08,1.16200625e-09,1.06996243091576e-09,1.29806719857777e-12,-8.98864242794799e-14,-8.00663598410821e-14,-3.82926068805175e-07
207.013385875,0.0256649375,2.12224125e-08,1.0321e-09,1.07052730851775e-09,-4.45080154703699e-13,-1.31357958330875e-13,-6.91087520560086e-14,-3.30520118528737e-07
217.1762434,0.0269249,2.21889375e-08,9.79037500000001e-10,1.06907227060636e-09,-2.35238099957007e-12,-2.23823957433961e-14,-5.65943847760327e-14,-2.70668796754939e-07
227.274774575,0.0281768875,2.31804875e-08,1.05059375e-09,1.06582254651861e-09,-1.19037003952524e-12,4.54368724640765e-14,-4.31144769623584e-14,-2.06199672428671e-07
237.316541275,0.0294218375,2.4290125e-08,1.14638125e-09,1.06669153052731e-09,3.00888419046891e-12,-6.62297439338896e-14,-3.18912172524567e-14,-1.52523212946532e-07
247.4632668,0.0306798,2.547325e-08,1.144525e-09,1.07184031489954e-09,3.81369049978491e-12,-2.74721180370897e-13,-2.35367609744149e-14,-1.12567117703723e-07
257.5336678,0.0319283,2.6579175e-08,1.0167375e-09,1.07431891152688e-09,-1.47885073840875e-12,-2.99664542839245e-13,-1.56366499796251e-14,-7.47839781634244e-08
267.565352,0.033172,2.7506725e-08,9.63543750000001e-10,1.06888261342273e-09,-4.9584176595168e-12,-6.71994162194653e-14,-6.04328381714256e-15,-2.89026617341601e-08
277.575258,0.034413,2.85062625e-08,1.02768125e-09,1.06440207620784e-09,-3.60232465627584e-13,1.87970546061635e-13,5.81656120495943e-15,2.78183361976321e-08
287.649994475,0.0356620375,2.95620875e-08,1.1186375e-09,1.06816214849147e-09,4.7492198294411e-12,2.62318384967168e-13,1.74233422322174e-14,8.33290280671267e-08
297.710716275,0.0369093375,3.07435375e-08,1.0857875e-09,1.07390051586672e-09,3.29162955276466e-12,1.34710585820438e-13,2.62881880189145e-14,1.257261166122e-07
307.806626,0.038161,3.17336625e-08,1.04588125e-09,1.074745407597e-09,-2.35878105959326e-12,-1.30377025906323e-14,3.48883912985798e-14,1.66857523601903e-07
317.9117108,0.0394138,3.28353e-08,1.1075125e-09,1.06918295374754e-09,-4.88848161906287e-12,-3.31776015528142e-14,4.43780786359548e-14,2.12242984780653e-07
328.01538405,0.040666425,3.39486875e-08,1.1112125e-09,1.06496844435888e-09,-2.31763460101042e-12,3.86166021121112e-14,5.21402478313252e-14,2.49366402671555e-07
338.102421175,0.0419169875,3.5057725e-08,1.081375e-09,1.06454768454552e-09,2.91015870971005e-12,7.22963183359581e-14,5.91204869884236e-14,2.82750155162026e-07
348.189055,0.0431675,3.61114375e-08,1.05270625e-09,1.0707887617783e-09,5.42389670490832e-12,9.0394574199067e-14,6.75085323611082e-14,3.22866893900952e-07
358.2828474,0.0444189,3.71631375e-08,1.08521875e-09,1.07539547795533e-09,2.08942232553624e-13,7.85324127275803e-14,7.6177942018943e-14,3.64329287916684e-07
368.36675895,0.045669075,3.8281875e-08,1.02761875e-09,1.0712066462434e-09,-4.59777054689786e-12,-3.63898719876862e-16,7.98655716213454e-14,3.81965777319478e-07
378.460753,0.0469205,3.9218375e-08,1.0355625e-09,1.06619993686154e-09,-3.0466647036173e-12,3.30172785842459e-14,7.78715655933784e-14,3.7242922675094e-07
388.5480926,0.0481711,4.0353e-08,1.1123125e-09,1.06511331683617e-09,1.13288027475102e-12,1.59347285972218e-13,7.72981026884483e-14,3.69686578075188e-07
398.639969325,0.0494222625,4.1443e-08,1.098e-09,1.06846569741104e-09,3.7380845262631e-12,1.90242241598719e-13,8.17326012137351e-14,3.90895049283081e-07
408.73668565,0.050674025,4.2549e-08,1.08125e-09,1.07258948588869e-09,2.99923412761365e-12,1.46665766130703e-13,8.68922535970319e-14,4.15571647637979e-07
418.847315825,0.0519275125,4.36055e-08,1.07476875e-09,1.07446416566627e-09,-1.80671461981007e-12,7.56890814726405e-14,8.81642798992399e-14,4.21655251692017e-07
428.95411465,0.053180525,4.46985375e-08,1.048525e-09,1.06897605664907e-09,-4.39899714602846e-12,-1.51288439217102e-14,8.55040757219127e-14,4.08932536061322e-07
439.0581912,0.0544332,4.570255e-08,1.03851875e-09,1.06566617137421e-09,-5.3927658327483e-13,1.13537615608925e-15,8.2621273816421e-14,3.95145222600274e-07
449.1483539,0.05568415,4.6775575e-08,1.10690625e-09,1.06789750348252e-09,2.85757880982596e-12,8.46272577731425e-14,8.26977351472183e-14,3.95510907225827e-07
459.2437595,0.05693575,4.79163625e-08,1.08391875e-09,1.07138132899386e-09,1.57955106570938e-12,1.10537273306767e-13,8.55667987634598e-14,4.09232515825243e-07
469.3371486,0.0581871,4.89434125e-08,1.0460125e-09,1.07105660561394e-09,-1.21542376384517e-12,1.21655798293142e-13,8.58495365373538e-14,4.10584739961257e-07
479.4156156,0.0594366,5.00083875e-08,1.08029375e-09,1.06895048146617e-09,-7.9692766257413e-13,6.4228817337595e-14,7.76145723727779e-14,3.71200128739373e-07
489.50114035,0.060686975,5.1104e-08,1.07668125e-09,1.0694627502888e-09,9.41757670049124e-13,-3.09606386439072e-14,6.88513745511865e-14,3.29289182636109e-07
499.5733562,0.0619357,5.216175e-08,1.04199999999999e-09,1.07083399680627e-09,2.2560363768147e-12,4.00609280667765e-14,6.86831988953934e-14,3.28484864282316e-07
509.6852971,0.06318935,5.3188e-08,1.020125e-09,1.07397482304242e-09,9.80305471245048e-13,2.05960821499134e-13,7.04649276588235e-14,3.37006175759591e-07
519.785844775,0.0644415875,5.4202e-08,1.1094375e-09,1.07279460774876e-09,-2.36392068619954e-12,1.8214224603178e-13,6.72622772919048e-14,3.21689152265632e-07
529.874192625,0.0656923125,5.5406875e-08,1.127e-09,1.06924698167003e-09,-2.67744378411701e-12,-4.69152171592577e-15,5.93394817234012e-14,2.83797521285832e-07
539.958205,0.0669425,5.6456e-08,1.0270625e-09,1.06743972018053e-09,3.30984705203357e-13,-3.29097500323204e-14,4.87620298177203e-14,2.3320970782388e-07
550.053106475,0.0681940375,5.7461e-08,1.019e-09,1.06990895108043e-09,2.63274918457928e-12,1.66470683644964e-13,4.29103585807138e-14,2.05223454081675e-07
560.163434175,0.0694474875,5.8494e-08,1.051e-09,1.07270521854968e-09,1.48459598462005e-12,3.35458796482329e-13,4.3767789083352e-14,2.0932420865951e-07
570.259243075,0.0706991375,5.9563e-08,1.101625e-09,1.07287814304967e-09,-1.19770634668961e-12,2.38990094646149e-13,4.25470045412096e-14,2.03485673892742e-07
580.36140395,0.071951575,6.069725e-08,1.0825e-09,1.0703098058563e-09,-1.3071066162315e-12,1.33340983328462e-14,3.603843505184e-14,1.72357732856626e-07
590.4449122,0.0732017,6.1728e-08,1.1305e-09,1.07026392981721e-09,1.93178313778318e-12,-1.12340998909981e-13,2.7984897451173e-14,1.33840813896914e-07
600.5435442,0.0744537,6.295825e-08,1.0535e-09,1.07417337213187e-09,9.37088255113744e-13,-4.52475689310333e-14,2.20303334410061e-14,1.05362464283073e-07
610.6478224,0.0757064,6.3835e-08,1.01287500000001e-09,1.07213810632744e-09,-1.69268818376419e-12,1.90496247279393e-13,1.97957666516271e-14,9.46754057251731e-08
620.7375818,0.0769573,6.4984e-08,1.07356249999999e-09,1.07078799576434e-09,5.52968994200962e-13,2.73676048313582e-13,1.69939765657138e-14,8.12755400968921e-08
630.8313742,0.0782087,6.5982125e-08,1.064e-09,1.07324404431584e-09,4.89895297741814e-13,1.05133705894845e-13,7.41581113961487e-15,3.54669228416363e-08
640.9275864,0.0794604,6.7112e-08,1.1059375e-09,1.07176778635983e-09,-1.19636061971924e-12,-6.58491879928624e-14,-5.43089366804351e-15,-2.59738392819472e-08
651.0278316,0.0807126,6.8194e-08,1.1076875e-09,1.0708513230764e-09,8.65987904598007e-14,-1.083315914563e-13,-1.34900344140007e-14,-6.45175558930468e-08
661.104786225,0.0819619125,6.9327375e-08,1.073e-09,1.07194098394075e-09,-2.87555352329695e-13,-2.40577417596339e-14,-1.4997621352292e-14,-7.17277542935704e-08
671.212895775,0.0832150875,7.034e-08,9.94812499999998e-10,1.07027621237174e-09,-2.4743390280636e-13,1.32220104947246e-13,-1.39402358896141e-14,-6.66706933851109e-08
681.3104187,0.08446695,7.1317e-08,1.112e-09,1.07144611613513e-09,1.62287594283e-12,9.95085892946757e-14,-1.53762137101196e-14,-7.35384133962242e-08
691.4159068,0.0857198,7.2564e-08,1.107875e-09,1.0735219642574e-09,-4.39876186321354e-14,-9.03998527190134e-14,-1.9485250887328e-14,-9.31903303306991e-08
701.4984068,0.0869698,7.353275e-08,1.0965e-09,1.07135814089787e-09,-9.66284414709066e-13,-1.65708859297584e-13,-2.27588663753806e-14,-1.08846752230081e-07
711.600970975,0.0882222875,7.4757e-08,1.067125e-09,1.07158939542798e-09,5.507703317175e-13,-1.66025878557175e-13,-2.42909232814713e-14,-1.16173980911384e-07
721.689218,0.089473,7.5667e-08,1.071625e-09,1.0724596815613e-09,-6.292955389703e-13,-1.77908388677243e-13,-2.52526686745648e-14,-1.20773632791397e-07
731.801461375,0.0907266875,7.690025e-08,1.066e-09,1.07033080435004e-09,-6.23387633355461e-13,-1.93567292164682e-13,-2.58474863253975e-14,-1.23618412860597e-07
741.8921282,0.0919777,7.7799e-08,1.033375e-09,1.07121290629459e-09,1.53473118020803e-12,-1.46955269525843e-13,-2.77726346035792e-14,-1.32825643756248e-07
751.975132325,0.0932277625,7.8967e-08,1.10487500000001e-09,1.07340026671046e-09,4.27927586128722e-13,-1.03274838840855e-13,-3.06728806015e-14,-1.46696385485435e-07
762.1022978,0.0944833,8.000875e-08,1.06e-09,1.07206876146685e-09,-1.43891282928273e-12,-8.13101197860985e-14,-3.01913863224342e-14,-1.44393586759468e-07
772.1751186,0.0957321,8.1087e-08,1.081125e-09,1.07052244105189e-09,-2.26614702484562e-13,-9.29184997950986e-14,-2.54460841255272e-14,-1.21698663209043e-07
782.28645455,0.096985675,8.2171e-08,1.096e-09,1.07161553206188e-09,1.29389680400438e-12,-1.84269392934244e-13,-1.92720620439905e-14,-9.21707315147372e-08
792.3925476,0.0982386,8.3279e-08,1.09e-09,1.0731102346599e-09,9.11989795917714e-14,-2.48330706708036e-13,-1.49009038946679e-14,-7.1265192539716e-08
802.4730311,0.09948835,8.4351e-08,1.03349999999999e-09,1.07179793002107e-09,-2.34668395660132e-12,-1.88609497836009e-13,-1.43593861722203e-14,-6.86753251714884e-08
812.570554025,0.1007402125,8.5346e-08,9.82812500000005e-10,1.0684168667467e-09,-2.45054035765238e-12,-4.56852896602372e-14,-1.54143385769011e-14,-7.3720749715614e-08
822.656683725,0.1019906625,8.6316625e-08,1.0170625e-09,1.06689684930576e-09,8.78587283970167e-13,3.48847367988407e-14,-1.42717328028037e-14,-6.82561134047133e-08
832.7519885,0.10324225,8.7380125e-08,1.17831249999999e-09,1.07017404131464e-09,2.35845659018299e-12,-4.44452139550905e-14,-9.34307150248392e-15,-4.46842550118796e-08
842.84799905,0.104493925,8.867325e-08,1.1191875e-09,1.07161376248613e-09,1.15223801784839e-12,-1.23954019027304e-13,-2.76438380973784e-15,-1.32209660465723e-08
852.936246075,0.1057446375,8.96185e-08,9.53374999999999e-10,1.07247851735034e-09,-3.79170536140606e-14,2.28310952173072e-14,3.01437346568834e-16,1.44165687489442e-09
863.01864525,0.106994625,9.058e-08,1.11931249999999e-09,1.0715379283789e-09,-2.72462216018504e-12,8.00438826624029e-14,-3.3398989979587e-15,-1.59734299902373e-08
873.118991275,0.1082468375,9.1857125e-08,1.14e-09,1.06702927302997e-09,-2.72517568348059e-12,-9.79794366144825e-14,-1.00866824098612e-14,-4.8240655003684e-08
883.218934,0.109499,9.286e-08,9.44937500000011e-10,1.06608757701194e-09,3.8763193956868e-13,-8.47213613596062e-14,-1.14354087386714e-14,-5.46910852719067e-08
893.3095,0.11075,9.3747e-08,1.06606250000001e-09,1.0678045369091e-09,1.4687266415998e-12,7.74217637810799e-14,-5.9336397180077e-15,-2.83782769122107e-08
903.4218442,0.1120037,9.4992125e-08,1.12999999999999e-09,1.06902503029514e-09,1.36481927676719e-12,1.4132198411601e-13,-2.0003653924329e-15,-9.56696492033126e-09
913.506663175,0.1132539875,9.6007e-08,1.0591875e-09,1.07053417546264e-09,2.92453538019461e-13,1.5004908100987e-13,-6.25735108850439e-15,-2.99264617276297e-08
923.601363,0.1145055,9.71105e-08,1.146e-09,1.06960993737118e-09,-2.43191451108736e-12,2.80325517751335e-14,-1.47782062581424e-14,-7.06783777563332e-08
933.6927356,0.1157566,9.8299e-08,1.050125e-09,1.06567034644046e-09,-1.0119212779455e-12,-9.829289819353e-14,-1.84507490926689e-14,-8.82427130518947e-08
943.7978204,0.1170094,9.921075e-08,9.80625000000004e-10,1.06758609481528e-09,1.16724331241914e-12,-6.3260739017959e-15,-1.43021941072473e-14,-6.84017979042262e-08
953.903812625,0.1182623125,1.0026025e-07,1.10387499999999e-09,1.0680048330653e-09,8.5684273709476e-13,1.06984432190069e-13,-8.71063253030329e-15,-4.16595468840592e-08
963.9821788,0.1195118,1.014185e-07,1.0974375e-09,1.06929978028947e-09,2.22789162834941e-12,1.41473887338243e-13,-8.49181427796827e-15,-4.06130248076743e-08
974.0816174,0.1207639,1.02455125e-07,1.05925e-09,1.072460616322e-09,2.1990942603457e-12,1.50994212165278e-13,-1.47854612155417e-14,-7.07130753786777e-08
984.194062425,0.1220176125,1.03537e-07,1.1264375e-09,1.07369796881017e-09,-2.56631662098402e-13,4.30546793180429e-14,-2.12155822295417e-14,-1.0146582805433e-07
994.26940385,0.123266725,1.04708e-07,1.0615e-09,1.0719473529978e-09,-2.42831236268093e-12,-4.64509591539601e-14,-1.81405457964014e-14,-8.67591320697458e-08
1004.35351705,0.124516925,1.0566e-07,1.008e-09,1.0688413440848e-09,-9.12009615167155e-13,5.66380648294513e-14,-9.98659422407007e-15,-4.77619723759873e-08
1014.470600025,0.1257712125,1.06724e-07,1.086e-09,1.07012333376747e-09,1.51461103309264e-12,1.65593420974139e-13,-8.79168356291837e-15,-4.20471822574357e-08
1024.556729725,0.1270216625,1.07832e-07,1.0645625e-09,1.07187056615099e-09,2.05222796665824e-12,1.48127800847111e-13,-1.44349871247457e-14,-6.90368949444359e-08
1034.6403388,0.1282718,1.08853125e-07,1.06150000000001e-09,1.07422778970079e-09,1.63693543455107e-12,9.21422055311166e-14,-1.90651450016681e-14,-9.11811282688474e-08
1044.736551,0.1295235,1.09955e-07,1.07425e-09,1.07514443702009e-09,4.21279360802592e-14,7.14906804953404e-14,-1.71243175495518e-14,-8.18989100195956e-08
1054.82893185,0.130774725,1.11001625e-07,1.0715e-09,1.07431204557295e-09,-1.56983453758868e-12,9.8934374519878e-14,-8.2666407805437e-15,-3.95361080808612e-08
1064.921716,0.132026,1.12098e-07,1.1301875e-09,1.07200476794491e-09,-2.19930023896352e-12,9.88157109198626e-14,-1.69705357290124e-15,-8.11634317474506e-09
1075.0348668,0.1332798,1.13262e-07,1.100125e-09,1.06991344509502e-09,-1.15858867131762e-12,3.53827601837999e-14,-3.98947685943086e-15,-1.90801067190172e-08
1085.1181734,0.1345299,1.1429825e-07,9.82499999999996e-10,1.06968759060228e-09,1.67652438333837e-12,1.63629757618232e-14,-9.55821780935611e-15,-4.5713215609964e-08
1095.2280978,0.1357833,1.15227e-07,1.0155625e-09,1.0732664938617e-09,1.65493626695982e-12,2.40344516367674e-14,-1.22080097922442e-14,-5.8386133788994e-08
1105.3178572,0.1370342,1.16329375e-07,1.0865e-09,1.0729974631362e-09,-2.84808546059939e-12,3.08606819346482e-14,-1.07504286646574e-14,-5.14150936135789e-08
1115.415380125,0.1382860625,1.174e-07,1.0776875e-09,1.0675703229405e-09,-8.78008278783378e-13,9.79906110021807e-14,-8.03178941503942e-15,-3.84129058980146e-08
1125.485277,0.1395345,1.1848475e-07,1.16050000000001e-09,1.07124144657863e-09,4.79783587963461e-12,7.73382623475065e-14,-7.58059215518643e-15,-3.62550059595873e-08
1135.586631275,0.1407868375,1.19721e-07,1.10662499999999e-09,1.07716599469977e-09,9.99416747831266e-13,-6.24857491373973e-14,-1.03929964425786e-14,-4.97056351601585e-08
1145.6817344,0.1420384,1.20698e-07,1.00256249999999e-09,1.07324028007429e-09,-4.35721364017285e-12,-1.58089155991356e-13,-1.2743032696646e-14,-6.09449389839591e-08
1155.770586375,0.1432891875,1.21726125e-07,1.05550000000001e-09,1.06845156741942e-09,-3.5453705066929e-12,-2.05554767926274e-13,-1.15928195478147e-14,-5.54439195765051e-08
1165.8769819,0.14454215,1.22809e-07,1.0510625e-09,1.06614953906091e-09,-9.07018703707903e-13,-1.66176931510836e-13,-9.34624078285983e-15,-4.46994124397644e-08
1175.932561625,0.1457888125,1.2382825e-07,1.10437499999999e-09,1.066637530012e-09,3.41067252372627e-12,-4.9141608015408e-14,-9.74539783455175e-15,-4.66084244261171e-08
1186.037243125,0.1470415625,1.2501775e-07,1.13037500000001e-09,1.07297088410836e-09,4.30955613377453e-12,-6.7144034080131e-14,-1.31333586177996e-14,-6.28117151286068e-08
1196.1119796,0.1482906,1.26089e-07,1.04862500000001e-09,1.07525664227955e-09,-7.56478770753507e-13,-1.80989544136569e-13,-1.50178148057519e-14,-7.1824331679683e-08
1206.2404558,0.1495463,1.27115e-07,1.10349999999999e-09,1.07145792656685e-09,-3.40561578404955e-12,-3.16186141212135e-13,-1.19241701603844e-14,-5.70286398974906e-08
1216.336668,0.150798,1.28296e-07,1.0715e-09,1.06844541071145e-09,-2.29566779542039e-12,-4.08815761167815e-13,-6.68929832908176e-15,-3.1992296356478e-08
1226.4207812,0.1520482,1.29258e-07,9.7125000000001e-10,1.06686659097601e-09,-1.8712414210978e-13,-2.49820433862484e-13,-3.09147442442514e-15,-1.4785312464642e-08
1236.517295875,0.1532999375,1.302385e-07,1.02718749999999e-09,1.06807116242724e-09,2.90415765362773e-12,2.73419559843003e-14,-3.49164740471274e-16,-1.66991832399305e-09
1246.6349838,0.1545543,1.31312375e-07,1.12424999999998e-09,1.07267490628327e-09,2.72127341502616e-12,1.00257228549095e-13,2.31078196039929e-16,1.10515658975618e-09
1256.7368422,0.1558067,1.32487e-07,1.1465e-09,1.07351370925729e-09,-1.44782299712376e-12,-9.5278114203064e-14,-1.20950850051178e-15,-5.78460587201286e-09
1266.828718925,0.1570578625,1.33605375e-07,1.07662500000001e-09,1.06977926028902e-09,-2.99039615846346e-12,-2.77314045931994e-13,2.06096835742788e-15,9.85680518769856e-09
1276.9236204,0.1583094,1.3464025e-07,1.013e-09,1.06753291694036e-09,-1.03693883213652e-12,-2.26421610758543e-13,1.06066959172084e-14,5.07276761257793e-08
1287.00148245,0.159558825,1.35631375e-07,1.001125e-09,1.06770538262475e-09,1.37874088314592e-12,-2.30722503172178e-15,1.83570861796152e-14,8.7794759989464e-08
1297.117557175,0.1608129875,1.366425e-07,1.06131250000001e-09,1.07029039870665e-09,2.16988988991873e-12,1.98414018350603e-13,2.15889775999066e-14,1.03251631999553e-07
1307.2090306,0.1620641,1.37754e-07,1.12425e-09,1.07204516240459e-09,-3.37933050578823e-13,1.95697219978137e-13,1.98141538436471e-14,9.47633444696166e-08
1317.3080659,0.16331615,1.38891e-07,1.12749999999999e-09,1.06961453260549e-09,-2.30939120931452e-12,2.72413721905467e-14,1.87195522616841e-14,8.95282934254457e-08
1327.395707975,0.1645667875,1.40009e-07,1.062e-09,1.06742637998596e-09,-1.05495736030235e-12,-1.02250918121231e-13,2.41410967687709e-14,1.15457419328904e-07
1337.4964573,0.16581905,1.41015e-07,1.01206250000001e-09,1.06750461788489e-09,5.70209687649088e-13,-4.58562793151368e-14,3.18933157437205e-14,1.52533249209098e-07
1347.5874266,0.1670701,1.42033125e-07,1.0405e-09,1.06856679936125e-09,1.6873364912001e-12,1.61802038996705e-13,3.48879916483952e-14,1.66855612231455e-07
1357.685957775,0.1683220875,1.43096e-07,1.13037499999999e-09,1.07087929086729e-09,1.13853017622114e-12,2.59452752113259e-13,3.22476303057264e-14,1.54227797114344e-07
1367.780153475,0.1695735375,1.44293875e-07,1.14618749999999e-09,1.0708438597137e-09,-2.06680006908415e-12,5.66083702732892e-14,2.7942787843777e-14,1.33639420122412e-07
1377.8675939,0.17082415,1.45388375e-07,9.963125e-10,1.06674569072912e-09,-2.46964328184036e-12,-7.86849729786631e-14,2.77372597539667e-14,1.32656459692884e-07
1387.9710655,0.17207675,1.462865e-07,9.31187500000016e-10,1.06590457315002e-09,9.02435502503183e-13,1.35981047951447e-13,3.33127579891603e-14,1.59321886035114e-07
1398.0612282,0.1733277,1.4725075e-07,1.0500625e-09,1.06855056173413e-09,2.62917195179867e-12,3.47861589277486e-13,3.82121437115911e-14,1.82753730794566e-07
1408.1695394,0.1745809,1.48386625e-07,1.19887499999999e-09,1.07116291705361e-09,2.76691785204605e-12,2.910108260774e-13,3.70891376034201e-14,1.77382832016357e-07
1418.264945,0.1758325,1.496485e-07,1.20974999999999e-09,1.07408439743822e-09,2.62885342816823e-13,6.61198233696108e-14,3.30930378240492e-14,1.58271050462844e-07
1428.351478,0.177083,1.50806125e-07,1.06081249999999e-09,1.07168868773925e-09,-3.63087357584561e-12,-1.1539512983356e-13,3.25383675899392e-14,1.5561827977797e-07
1438.438011,0.1783335,1.51770125e-07,9.41312500000004e-10,1.06682265028653e-09,-2.59339254569786e-12,-2.33175342873401e-14,3.73479478681399e-14,1.7862062023893e-07
1448.535533925,0.1795853625,1.5268875e-07,9.65562499999998e-10,1.06650190264785e-09,1.65126050420207e-12,2.49592789727727e-13,4.2075599634591e-14,2.01231128687174e-07
1458.624688375,0.1808361875,1.5370125e-07,1.0835625e-09,1.07012517129493e-09,5.22880472943971e-12,3.65325944371728e-13,4.03946664069867e-14,1.93191882816023e-07
1468.7520555,0.18209175,1.54855875e-07,1.18781250000001e-09,1.07695951210673e-09,4.59109280504657e-12,2.39224929367777e-13,3.45221617078764e-14,1.651059907768e-07
1478.83798355,0.183342175,1.56076875e-07,1.15856250000001e-09,1.07930735690503e-09,-2.08629371559962e-12,1.67792633978108e-14,3.1185840670399e-14,1.49149672771473e-07
1488.92088685,0.184592225,1.57173e-07,1.03175e-09,1.07278692467553e-09,-6.57075684047217e-12,-9.19609376123593e-14,3.40460434228825e-14,1.62828903326829e-07
1498.997639825,0.1858415125,1.58140375e-07,9.74499999999993e-10,1.06616584322408e-09,-2.80849721964263e-12,4.09945773726064e-14,4.08743495505108e-14,1.95486019589399e-07
1509.128435,0.1870975,1.59122e-07,1.02887500000001e-09,1.06716993023625e-09,4.01470942150438e-12,2.48775084487499e-13,4.31547130262398e-14,2.06392105777669e-07
1519.223034,0.188349,1.60198125e-07,1.12550000000001e-09,1.07419526206709e-09,5.69454998980708e-12,2.67047674976243e-13,3.68480721661391e-14,1.76229910359796e-07
1529.3087604,0.1895994,1.61373e-07,1.16293749999999e-09,1.07855903021586e-09,8.81233153639011e-13,8.89302796139123e-14,2.76475210114592e-14,1.32227274402631e-07
1539.39710825,0.190850125,1.62524e-07,1.0688125e-09,1.07595772837437e-09,-4.50135195587688e-12,-7.95321124575584e-14,2.20473978210945e-14,1.05444076535669e-07
1549.5225597,0.19210545,1.63510625e-07,9.72187499999996e-10,1.06955632630411e-09,-4.65705338739255e-12,-5.41847420041113e-14,2.14265996373565e-14,1.02475041743879e-07
1559.59719535,0.193354475,1.64468375e-07,9.95687499999996e-10,1.06664362159958e-09,4.40861486103957e-13,1.246897767963e-13,2.13771077134882e-14,1.02238341238422e-07
1569.6726376,0.1946036,1.65502e-07,1.13481250000001e-09,1.07043804927631e-09,4.85883032458245e-12,1.91280195295796e-13,1.54777962727583e-14,7.40242430436267e-08
1579.7793356,0.1958566,1.66738e-07,1.21150000000001e-09,1.07636128224875e-09,3.34124003374944e-12,2.98192766986614e-14,4.27304415343933e-15,2.04362981251446e-08
1589.884722875,0.1971094375,1.67925e-07,1.13287499999998e-09,1.07712052934381e-09,-2.17243949466587e-12,-1.74187833764029e-13,-7.40390822899828e-15,-3.54099958778179e-08
1599.9854722,0.1983617,1.6900375e-07,9.71999999999991e-10,1.07201640325942e-09,-5.1640934675757e-12,-2.16303376905752e-13,-1.66638588794437e-14,-7.96967163799481e-08
1610.06817385,0.199611725,1.69869e-07,9.24187500000008e-10,1.06679234240866e-09,-1.79910218804508e-12,-5.86282127874611e-14,-2.2118310065573e-14,-1.0578322205274e-07
1620.181123,0.2008655,1.70852125e-07,1.05512500000001e-09,1.06841819888333e-09,4.01827759405621e-12,1.10312093609106e-13,-2.61299307700208e-14,-1.24969234117491e-07
1630.263623,0.2021155,1.7197925e-07,1.19743749999999e-09,1.07482889759677e-09,4.12191032073206e-12,3.50527630562188e-14,-3.27054326768749e-14,-1.56417286715489e-07
1640.347232075,0.2033656375,1.73247e-07,1.20437499999999e-09,1.07666201952479e-09,-1.46008261795246e-12,-2.18247883358559e-13,-4.31312689545693e-14,-2.06279981956636e-07
1650.460887,0.2046195,1.74388e-07,1.0554375e-09,1.07190873236087e-09,-5.25451383383499e-12,-3.65331365785205e-13,-5.37014334341749e-14,-2.56832942511271e-07
1660.5619388,0.2058718,1.75357875e-07,9.34062500000015e-10,1.06615299185712e-09,-2.55421343065517e-12,-2.96234927065968e-13,-6.04457292348819e-14,-2.89088270253783e-07
1670.6565378,0.2071233,1.76256125e-07,9.42562499999999e-10,1.06680030549956e-09,3.28068019660619e-12,-7.04559530961839e-14,-6.44851262170961e-14,-3.08407125386112e-07
1680.74407905,0.208373925,1.77243e-07,1.10674999999999e-09,1.07271435225033e-09,4.78442886588528e-12,6.63307522462283e-14,-6.89471084336489e-14,-3.29747040334843e-07
1690.845030025,0.2096262125,1.78469625e-07,1.26850000000001e-09,1.07636916323133e-09,5.38711239212637e-13,-1.03937613247019e-13,-7.46260920838961e-14,-3.56907396922981e-07
1700.94900575,0.210878875,1.7978e-07,1.17887500000001e-09,1.07379177472876e-09,-4.34475087204696e-12,-3.79125210918513e-13,-7.95609970162944e-14,-3.80509116164886e-07
1711.0506625,0.21213125,1.80827375e-07,9.66499999999998e-10,1.06767966148724e-09,-4.58750198192476e-12,-4.30842992240752e-13,-8.25998629531758e-14,-3.95042822819536e-07
1721.12207175,0.213379875,1.81713e-07,8.84812499999979e-10,1.06461677076491e-09,1.70318835081325e-13,-1.82770933534127e-13,-8.53001413299532e-14,-4.07957197664994e-07
1731.2277615,0.21463275,1.82597e-07,9.82437500000001e-10,1.0680202991574e-09,4.46724586060855e-12,1.25244270827905e-13,-8.85793160202507e-14,-4.23640207053373e-07
1741.263882,0.215877,1.83677875e-07,1.17650000000001e-09,1.07355126248613e-09,3.20857069242842e-12,1.32132751585464e-13,-9.218725449372e-14,-4.40895564969965e-07
1751.46031425,0.217141125,1.8495e-07,1.25006249999999e-09,1.07443744054225e-09,-1.50383219325466e-12,-1.62875762283793e-13,-9.64897894892595e-14,-4.6147290625298e-07
1761.53273175,0.218389875,1.86178e-07,1.1098125e-09,1.07054359809962e-09,-4.24979119006139e-12,-3.82157244158894e-13,-9.78087301828946e-14,-4.67780883483409e-07
1771.624306,0.219641,1.87169625e-07,9.29500000000009e-10,1.06593785816213e-09,-2.4986246857235e-12,-2.64368021301137e-13,-9.24947216454309e-14,-4.42366060043365e-07
1781.706806,0.220891,1.88037e-07,9.30625e-10,1.06554634872817e-09,2.19159550612684e-12,2.88293221593767e-14,-8.6161962012276e-14,-4.12078948754363e-07
1791.75805025,0.222137125,1.89030875e-07,1.08725e-09,1.07032104917439e-09,4.03910266936999e-12,1.49409379354489e-13,-8.60887208855202e-14,-4.11728665104662e-07
1801.85264925,0.223388625,1.902115e-07,1.20756250000001e-09,1.07362455406691e-09,3.16607539242574e-13,-1.82867850924217e-14,-9.17001065773244e-14,-4.38565727108943e-07
1812.02589175,0.224649875,1.91446e-07,1.1636875e-09,1.07095426425287e-09,-4.14473360098793e-12,-2.60376816531974e-13,-9.66232564779067e-14,-4.62111226633467e-07
1822.093268,0.225898,1.92538875e-07,1.00499999999999e-09,1.06533508686493e-09,-3.38352440032666e-12,-2.72004411598088e-13,-9.42510038652183e-14,-4.5076567065974e-07
1832.19492475,0.227150375,1.93456e-07,9.25812499999999e-10,1.06418721545222e-09,2.02361605019381e-12,-1.79455713019979e-14,-8.57971358472605e-14,-4.10334127965159e-07
1842.250202,0.228397,1.943905e-07,1.02200000000001e-09,1.06938231896532e-09,5.10010490045116e-12,1.95719397260771e-13,-7.94206342356383e-14,-3.79837815909574e-07
1852.3226195,0.22964575,1.955e-07,1.170375e-09,1.07438742525312e-09,1.83954548800648e-12,1.07228522758509e-13,-7.88897880864182e-14,-3.77298986500261e-07
1862.386971,0.2308935,1.9673125e-07,1.21849999999999e-09,1.07306140994133e-09,-3.82741964710424e-12,-1.89803746035109e-13,-8.08590361801628e-14,-3.867171295573e-07
1872.5279495,0.23215075,1.97937e-07,1.09481250000001e-09,1.06673258595891e-09,-5.38366738204693e-12,-3.39339756822219e-13,-7.99169602708307e-14,-3.82211549121364e-07
1882.61952375,0.233401875,1.98920875e-07,9.51500000000007e-10,1.06229407517724e-09,-9.82889618111372e-13,-1.43906889761539e-13,-7.33987242962336e-14,-3.51037377068943e-07
1892.7090815,0.23465275,1.9984e-07,9.32062499999987e-10,1.06476680672269e-09,4.59436368887167e-12,1.57108848523823e-13,-6.44723728413596e-14,-3.08346130980415e-07
1902.805697,0.2359045,2.00785e-07,1.05499999999999e-09,1.07148280255498e-09,5.15547775714024e-12,2.26398326205525e-13,-5.84399019673534e-14,-2.79495183322125e-07
1912.868032,0.237152,2.0195e-07,1.20368749999999e-09,1.07507776223697e-09,4.02989025798684e-13,-1.79000583531068e-15,-5.56828365827625e-14,-2.66309218439299e-07
1922.93540825,0.238400125,2.03192375e-07,1.16750000000001e-09,1.07228878060658e-09,-4.68657486579497e-12,-2.44585076113025e-13,-5.21137334346364e-14,-2.49239594687391e-07
1933.077395,0.2396575,2.04285e-07,1.03081250000001e-09,1.06570461250538e-09,-4.7780661793016e-12,-1.91662913956605e-13,-4.45697357507921e-14,-2.13159605764658e-07
1943.236522,0.240917,2.05254e-07,9.56437500000011e-10,1.06273264824798e-09,1.10587371741142e-12,7.50985206598134e-14,-3.44054605022605e-14,-1.64547854576028e-07
1953.319022,0.242167,2.06197875e-07,1.0195e-09,1.0679163599402e-09,5.79307713651528e-12,2.381866619673e-13,-2.6588158531183e-14,-1.27160758192614e-07
1963.393456,0.243416,2.07293e-07,1.14331249999999e-09,1.07431880252101e-09,3.22462145235526e-12,1.23864529665837e-13,-2.30751768778398e-14,-1.10359541589669e-07
1973.475956,0.244666,2.084845e-07,1.164625e-09,1.07436560284491e-09,-2.67069540080194e-12,-1.33587933037868e-13,-1.99431343257305e-14,-9.5380207644798e-08
1983.570555,0.2459175,2.0962225e-07,1.07043749999999e-09,1.0689774117194e-09,-5.12645175994966e-12,-2.28758046612417e-13,-1.32465541049825e-14,-6.33530848499163e-08
1993.640956,0.247166,2.10625375e-07,9.79874999999983e-10,1.06411269932501e-09,-1.96448673809122e-12,-5.35348653341283e-14,-3.5526811293583e-15,-1.69910836621484e-08
2003.79605,0.248425,2.11582e-07,1.00037499999998e-09,1.06504843824322e-09,3.13151699359006e-12,1.67404611071142e-13,4.53621958368256e-15,2.16949632263079e-08
2013.894682,0.249677,2.12626125e-07,1.08781250000001e-09,1.07037573331219e-09,4.13590271014032e-12,1.92052493388102e-13,6.62821508370008e-15,3.17001590959569e-08
2023.977182,0.250927,2.13757625e-07,1.16393750000002e-09,1.0733202436635e-09,2.8216947156029e-14,8.47971766659322e-15,4.35375183465526e-15,2.08222913831338e-08
2034.051616,0.252176,2.14954e-07,1.13368750000001e-09,1.07043216720651e-09,-3.64629932161516e-12,-1.74480133320463e-13,3.90000195591956e-15,1.86521832674414e-08
2044.1200005,0.25342425,2.16025e-07,1.00999999999999e-09,1.06602764502027e-09,-2.50956420303986e-12,-1.1860242287646e-13,8.68275131307428e-15,4.15262019320944e-08
2054.0976425,0.25466125,2.16974e-07,9.57999999999988e-10,1.06541303880043e-09,1.50810890393873e-12,1.18173338597264e-13,1.60052132542931e-14,7.65466720857496e-08
2064.194258,0.255913,2.17941e-07,1.04125e-09,1.06904386282815e-09,3.50948209472487e-12,2.27694412340156e-13,1.98608774908964e-14,9.49868053912437e-08
2074.389682,0.257177,2.190565e-07,1.153625e-09,1.07243200298988e-09,7.89600981902297e-13,5.80817256763044e-14,1.72038793015003e-14,8.22794227463058e-08
2084.53671,0.258435,2.2024825e-07,1.15625000000002e-09,1.07062306479195e-09,-3.56735146888965e-12,-1.76963137119054e-13,1.18011571376338e-14,5.64403167452051e-08
2094.627276,0.259686,2.21369e-07,1.04318750000001e-09,1.0652973000521e-09,-3.57126364696865e-12,-1.68048714953538e-13,9.9915554315284e-15,4.77856998899184e-08
2104.70171,0.260935,2.22334625e-07,9.79937499999972e-10,1.06348053749802e-09,1.1180788353078e-12,7.25578963738991e-14,1.40570281885615e-14,6.7229265249642e-08
2114.80739975,0.262187875,2.23328875e-07,1.01768749999999e-09,1.06753345772271e-09,5.15514507689905e-12,2.38388662120026e-13,1.99886943363581e-14,9.55981033477996e-08
2124.874776,0.263436,2.2437e-07,1.11606250000001e-09,1.07379082765182e-09,3.69989906339918e-12,1.1808475166854e-13,2.13227644029419e-14,1.01978438448853e-07
2135.021804,0.264694,2.25561e-07,1.1825e-09,1.07493325584951e-09,-1.81729908944648e-12,-1.68055296561653e-13,1.65742181343756e-14,7.92679997731007e-08
2145.047842,0.265937,2.26735e-07,1.11600000000001e-09,1.07015622947292e-09,-5.1855322317607e-12,-3.09233948047667e-13,1.09672227228192e-14,5.24519347613092e-08
2155.170672,0.267192,2.27793e-07,1.00206249999999e-09,1.06456219138599e-09,-3.43783692722465e-12,-1.41211567863718e-13,1.02498174018707e-14,4.90208658350338e-08
2165.285436,0.268446,2.28739125e-07,9.53437500000008e-10,1.06328055561847e-09,2.13885294683848e-12,1.64989296140417e-13,1.34125432941934e-14,6.41469461896206e-08
2175.36087825,0.269695125,2.29699875e-07,1.01887500000003e-09,1.06883989727967e-09,5.32270974427506e-12,2.84491153076688e-13,1.45003025047681e-14,6.93492728488909e-08
2185.44237,0.270945,2.30776875e-07,1.13231249999998e-09,1.07392597510702e-09,1.87969645405353e-12,9.69180919997853e-14,1.09031224808041e-14,5.21453683864544e-08
2195.60553,0.272205,2.319645e-07,1.18193749999999e-09,1.07259929018777e-09,-3.22921739450467e-12,-1.84796832583525e-13,6.05185507690639e-15,2.89436547156393e-08
2205.683997,0.2734545,2.3314075e-07,1.10375000000001e-09,1.06746754031801e-09,-4.12793112527939e-12,-2.21417041969774e-13,4.79026581474981e-15,2.29099669401078e-08
2215.77053,0.274705,2.34172e-07,9.99624999999999e-10,1.06434342793721e-09,-3.56119334525722e-13,3.4145690332423e-14,7.54749383559787e-15,3.60967096485116e-08
2225.848997,0.2759545,2.3514e-07,9.89999999999998e-10,1.06675530164896e-09,3.74662364945939e-12,2.6910666019026e-13,1.00091882852702e-14,4.78700309295531e-08
2235.93653825,0.277205125,2.36152e-07,1.05649999999999e-09,1.07183667523613e-09,3.23466485650805e-12,2.30500540455086e-13,8.18110817360028e-15,3.91270390911318e-08
2246.013997,0.2784545,2.37253e-07,1.11275e-09,1.07322463136198e-09,-1.00219002695475e-12,-5.5993654904047e-15,2.59183352741073e-15,1.23957255658774e-08
2256.108596,0.279706,2.383775e-07,1.1205e-09,1.06983229518222e-09,-3.50502205599264e-12,-1.57544974759792e-13,-2.10803959676006e-15,-1.00819285062438e-08
2266.26369,0.280965,2.39494e-07,1.07874999999999e-09,1.06621458724999e-09,-1.88364190015565e-12,-5.65404216105023e-14,-2.4746145031724e-15,-1.18351128412593e-08
2276.354256,0.282216,2.40535e-07,1.0395e-09,1.06606501138191e-09,1.91139875761657e-12,1.5664764581737e-13,-8.63908854193724e-16,-4.13173799831781e-09
2286.420624,0.283464,2.41573e-07,1.04268750000002e-09,1.07003738476523e-09,3.51383454325076e-12,1.9927118024415e-13,-2.10968565134913e-15,-1.0089800941235e-08
2296.531355,0.2847175,2.42620375e-07,1.06525e-09,1.07309268046841e-09,4.25326734467387e-13,1.46087195813141e-14,-7.57898156871072e-15,-3.62473031547034e-08
2306.601756,0.285966,2.437035e-07,1.08181249999999e-09,1.07088803823416e-09,-3.5848235520622e-12,-1.68460498746841e-13,-1.30611586937708e-14,-6.24664111441212e-08
2316.6822395,0.28721575,2.44784e-07,1.07468750000001e-09,1.06592303336429e-09,-3.2083010090827e-12,-1.25731908492631e-13,-1.35481775832662e-14,-6.47956319199688e-08
2326.85245725,0.288476625,2.45852875e-07,1.0619375e-09,1.064471436216e-09,1.27540402953612e-12,8.68745942945584e-14,-1.00146541610786e-14,-4.78961720747237e-08
2336.937982,0.289727,2.46907875e-07,1.0840625e-09,1.06847384142336e-09,4.05014623774036e-12,1.83788908735737e-13,-8.09657751382249e-15,-3.87227620226293e-08
2347.02753975,0.290977875,2.48021e-07,1.10956250000002e-09,1.07257172869148e-09,1.56666982830944e-12,1.24977313581118e-14,-1.10207262603448e-14,-5.27078212451273e-08
2357.102982,0.292227,2.49127e-07,1.07150000000001e-09,1.07160718107998e-09,-2.65445848150578e-12,-2.39037532782386e-13,-1.60868728727595e-14,-7.69372180871106e-08
2367.201614,0.293479,2.50164e-07,1.02049999999998e-09,1.06726281172847e-09,-3.26367882058572e-12,-2.73757015250045e-13,-1.75327342522763e-14,-8.38522072934953e-08
2377.272015,0.2947275,2.51168e-07,1.00749999999999e-09,1.06507982343881e-09,3.37945083694204e-13,-3.11469001211309e-14,-1.31451875671296e-14,-6.28682883645329e-08
2387.350482,0.295977,2.52179e-07,1.06962499999999e-09,1.06793870189585e-09,3.94217167999311e-12,2.2652823255372e-13,-7.15985079516822e-15,-3.42427646725437e-08
2397.52473275,0.297238375,2.5330725e-07,1.12493749999999e-09,1.0729641667988e-09,3.49204398740537e-12,2.18874069269431e-13,-4.49597038819443e-15,-2.15024670739734e-08
2407.604208,0.298488,2.54428875e-07,1.11887500000002e-09,1.07492278987066e-09,-8.7374076989239e-13,-3.71482415725964e-14,-5.19543212869128e-15,-2.48477188763496e-08
2417.69981525,0.299739625,2.55545e-07,1.08637500000002e-09,1.07121668525901e-09,-4.61368816394457e-12,-2.87562298715084e-13,-5.02996326277207e-15,-2.40563460393447e-08
2427.7671915,0.30098775,2.56601625e-07,1.009625e-09,1.06569541354278e-09,-3.22919686742665e-12,-2.40638926476649e-13,-2.58481354162797e-16,-1.23621517208294e-09
2437.85069975,0.302237875,2.5756425e-07,9.99749999999989e-10,1.06475829152416e-09,1.56482168339062e-12,6.5335543627304e-14,7.50254209956724e-15,3.58817230848868e-08
2447.93319975,0.303487875,2.58601125e-07,1.08200000000001e-09,1.06882505690956e-09,4.32957357471248e-12,2.46492340645856e-13,1.274131291405e-14,6.09367139367609e-08
2458.121566,0.304751,2.5972825e-07,1.1299375e-09,1.07341743867358e-09,2.13215828784354e-12,1.0655225111596e-13,1.29155974664155e-14,6.1770248752422e-08
2468.1778515,0.30599775,2.60861e-07,1.11968749999998e-09,1.07308937348524e-09,-2.49861336043773e-12,-1.78066648407618e-13,1.18053855380923e-14,5.64605395300067e-08
2478.298665,0.3072525,2.61967625e-07,1.0615e-09,1.06842021195271e-09,-4.13313438582964e-12,-2.91093735052386e-13,1.52209183351749e-14,7.27956963856191e-08
2488.344868,0.308498,2.62984e-07,1.00112500000003e-09,1.06482310471358e-09,-1.16795609753363e-12,-1.01578062322318e-13,2.37506925674574e-14,1.13590268800883e-07
2498.4213185,0.30974725,2.63969875e-07,1.03200000000001e-09,1.06608429975764e-09,2.47854707920854e-12,1.61332879359911e-13,3.11774395109029e-14,1.49109493313014e-07
2508.5159175,0.31099875,2.65048e-07,1.0946875e-09,1.069780198872e-09,2.58089084690498e-12,1.97062914823479e-13,3.17278641655131e-14,1.51741959052454e-07
2518.68613525,0.312259625,2.6615925e-07,1.11449999999998e-09,1.07124608145145e-09,-6.31063274366117e-13,1.61082175850345e-15,2.69564937285983e-14,1.28922361310688e-07
2528.767627,0.3135095,2.67277e-07,1.08487499999998e-09,1.06851807232327e-09,-3.09670802283221e-12,-1.76673333045548e-13,2.35759266480255e-14,1.12754431794905e-07
2538.85416,0.31476,2.68329e-07,1.02950000000002e-09,1.06505266540578e-09,-1.42342904142791e-12,-1.09507621584225e-13,2.66418640011646e-14,1.27417610440352e-07
2548.93161875,0.316009375,2.69336e-07,1.03950000000003e-09,1.06567121424041e-09,2.39083982649695e-12,1.30789724609093e-13,3.44445174215291e-14,1.64734648537748e-07
2559.02016825,0.317260125,2.70408e-07,1.09525e-09,1.06983434505878e-09,3.44607536410765e-12,2.32802490211859e-13,3.98405011175342e-14,1.90541527083859e-07
2569.093594,0.318509,2.715265e-07,1.12893749999997e-09,1.07256336496863e-09,1.45855512014549e-14,5.6022483072297e-14,3.90832484537605e-14,1.86919883909289e-07
2579.18416,0.31976,2.72665875e-07,1.08624999999999e-09,1.06986351616118e-09,-3.63127987043884e-12,-1.7739059521154e-13,3.58079211828762e-14,1.71255275222451e-07
2589.33421275,0.321018375,2.73699e-07,1.01456250000001e-09,1.06530080522775e-09,-2.5972289859343e-12,-1.65478256107038e-13,3.59477069827401e-14,1.71923816004409e-07
2599.421754,0.322269,2.74695e-07,1.02050000000001e-09,1.06466905818931e-09,1.83362661102213e-12,6.9488069333767e-14,4.09386176137458e-14,1.9579338858748e-07
2609.5062705,0.32351925,2.7574e-07,1.08231249999998e-09,1.0689680584498e-09,4.47513533715438e-12,2.37261003202833e-13,4.59949319406636e-14,2.19975761455348e-07
2619.57969625,0.324768125,2.76859625e-07,1.13012500000001e-09,1.07361932886362e-09,2.17895224127365e-12,1.49288857974456e-13,4.63541205336613e-14,2.21693619943598e-07
2629.661188,0.326018,2.7800025e-07,1.08818750000001e-09,1.07332596293234e-09,-2.6728302169933e-12,-7.50460457584335e-14,4.30793294096514e-14,2.06031575437463e-07
2639.46641925,0.327233625,2.79036e-07,1.01037499999996e-09,1.06827366842964e-09,-4.4721065312919e-12,-1.43694713969078e-13,4.14471753999275e-14,1.98225621477914e-07
2649.6749505,0.32849925,2.80021e-07,1.00700000000003e-09,1.06438174986976e-09,-1.3238557215343e-12,5.23775832322777e-14,4.46845501071694e-14,2.13708717903854e-07
2659.8461765,0.32976025,2.8105e-07,1.05350000000002e-09,1.06562595698657e-09,3.28471412149751e-12,3.13459740082402e-13,4.97991902191136e-14,2.38170040178369e-07
2669.890363,0.3310055,2.82128e-07,1.13599999999996e-09,1.07095117811275e-09,4.7807608892619e-12,3.54525045653174e-13,5.09302319908255e-14,2.43579370390905e-07
2680.01016825,0.332260125,2.83322e-07,1.14550000000002e-09,1.07518747876509e-09,6.17545839090635e-13,1.25689965751476e-13,4.70483874647717e-14,2.2501402700543e-07
2690.059396,0.333506,2.84419e-07,1.04343750000002e-09,1.07218626979093e-09,-4.70059415275504e-12,-1.01729570200739e-13,4.31068884500545e-14,2.06163379543739e-07
2700.137863,0.3347555,2.85408875e-07,9.75874999999992e-10,1.06578629045958e-09,-4.04903848331727e-12,-5.79233111416008e-14,4.38250489364026e-14,2.09598060130621e-07
2710.2748085,0.33601225,2.8637075e-07,1.0100625e-09,1.0640881928243e-09,1.3891608530203e-12,2.13607289636016e-13,4.7951178956471e-14,2.29331725443992e-07
2720.33815175,0.337259875,2.87429e-07,1.1128125e-09,1.06856461216562e-09,5.35958699517441e-12,4.02796884238213e-13,4.94942939357624e-14,2.36711840562342e-07
2730.54265,0.338525,2.88596375e-07,1.16749999999999e-09,1.07480736681465e-09,3.72533777661996e-12,2.93666889518847e-13,4.48055489783247e-14,2.14287408157205e-07
2740.721942,0.339787,2.89764e-07,1.12181249999998e-09,1.07601528771886e-09,-1.99354317198511e-12,7.91896946391154e-15,3.66229439220189e-14,1.7515321006183e-07
2750.8185575,0.34103875,2.9084e-07,1.01350000000002e-09,1.07082028047068e-09,-5.02681119617615e-12,-1.4244807321758e-13,3.13755529289137e-14,1.50056992268718e-07
2760.8970245,0.34228825,2.91791e-07,9.75000000000021e-10,1.06596166532651e-09,-2.00702380008628e-12,-1.02023173236688e-14,3.25742070445504e-14,1.55789685865241e-07
2770.961376,0.343536,2.9279e-07,1.05762499999997e-09,1.06680623287051e-09,3.01763842329293e-12,2.11858500209685e-13,3.65269322081604e-14,1.74694023604245e-07
2781.132602,0.344797,2.9390625e-07,1.173875e-09,1.07199694217309e-09,4.22867873564483e-12,2.33355035349417e-13,3.68656821783406e-14,1.76314132157281e-07
2791.22215975,0.346047875,2.9513775e-07,1.17875000000001e-09,1.0752635903418e-09,7.6822238329193e-14,5.47380825271005e-15,3.18070842811515e-14,1.52120837866377e-07
2801.30667625,0.347298125,2.9626375e-07,1.04562499999998e-09,1.07215058664975e-09,-4.08990011098727e-12,-2.08842485844408e-13,2.45664513014833e-14,1.1749172361579e-07
2811.396234,0.348549,2.97229e-07,9.28124999999997e-10,1.06708379011982e-09,-2.76502511381824e-12,-1.52276193869247e-13,2.05363713829415e-14,9.82174283531985e-08
2821.462602,0.349797,2.9812e-07,9.70812499999998e-10,1.06662053642212e-09,2.35798163605073e-12,9.6492082835981e-14,2.17790241013727e-14,1.04160550050043e-07
2831.561234,0.351049,2.99170625e-07,1.1484375e-09,1.07179975339192e-09,4.66938166776111e-12,2.13859761012083e-13,2.38047389992933e-14,1.13848751735751e-07
2841.7102785,0.35230725,3.00416875e-07,1.22168750000001e-09,1.07595929975764e-09,1.15838056920867e-12,4.62862110700506e-14,2.20322996313842e-14,1.05371867802272e-07
2851.798828,0.353558,3.01614e-07,1.131625e-09,1.07411651453034e-09,-3.38412959523378e-12,-2.1150378141662e-13,1.724080504295e-14,8.24560241184565e-08
2861.85612175,0.354804875,3.02680125e-07,9.92999999999988e-10,1.06919104056717e-09,-3.74876342046263e-12,-2.7135642393996e-13,1.34583979542754e-14,6.4366251085665e-08
2871.947696,0.356056,3.036e-07,9.25375000000001e-10,1.06661898768942e-09,2.78333031325393e-13,-5.71026339407494e-14,1.38123854264945e-14,6.6059234648452e-08
2882.02213,0.357305,3.04530875e-07,1.01918750000001e-09,1.06974770662982e-09,4.15170856078318e-12,1.94257879277054e-13,1.65706473255641e-14,7.92509219918283e-08
2892.084465,0.3585525,3.05638375e-07,1.16156250000002e-09,1.07492240481098e-09,2.82972080341558e-12,1.91405545694925e-13,1.70541119177116e-14,8.15631439542729e-08
2902.18612175,0.359804875,3.06854e-07,1.19987499999998e-09,1.07540714823665e-09,-2.10932509796414e-12,-4.73431250507934e-14,1.42734776932287e-14,6.82644585328329e-08
2912.31096825,0.361060125,3.08038125e-07,1.1013125e-09,1.07070375461505e-09,-4.72235002491518e-12,-2.58319097873905e-13,1.13435671720071e-14,5.42518429965557e-08
2922.40355075,0.362311375,3.09056625e-07,9.58500000000015e-10,1.06596244818682e-09,-1.99406625857849e-12,-2.25656762031504e-13,1.18039435794538e-14,5.64536432060834e-08
2932.47496,0.36356,3.09955125e-07,9.46687499999993e-10,1.0667156220979e-09,3.02292662347943e-12,2.54786828907347e-14,1.53632903732893e-14,7.34766061331227e-08
2942.59779,0.364815,3.1095e-07,1.10343750000001e-09,1.07200830143378e-09,4.30184573829522e-12,1.79932016149184e-13,1.72287951591851e-14,8.23985855439287e-08
2952.68029,0.366065,3.12162e-07,1.21399999999997e-09,1.07531931357449e-09,1.13962094271461e-13,2.73879526888917e-14,1.41230179705607e-14,6.75448685548555e-08
2962.754724,0.367314,3.13378e-07,1.15256249999999e-09,1.07223622562232e-09,-4.76632115110198e-12,-2.2512214466159e-13,8.66418896193219e-15,4.14374254701105e-08
2972.9239335,0.36857475,3.14467125e-07,9.9800000000002e-10,1.06578667127228e-09,-4.42576063444173e-12,-2.61786348837893e-13,6.55015543279265e-15,3.13268303307475e-08
2982.9822355,0.36982175,3.15374e-07,9.1612500000001e-10,1.06338470435344e-09,7.15128740175795e-13,-3.37273268548857e-14,9.20822162695335e-15,4.40393208245595e-08
2993.058686,0.371071,3.16299375e-07,1.01299999999998e-09,1.06721692875263e-09,5.01636716007101e-12,2.03613778419635e-13,1.18111500141377e-14,5.64881087632673e-08
3003.137153,0.3723205,3.174e-07,1.16737499999998e-09,1.07341743867358e-09,3.70217402998884e-12,1.86891738024984e-13,9.43967132838577e-15,4.51462541792363e-08
3013.207554,0.373569,3.18634125e-07,1.19875e-09,1.07462127681261e-09,-1.99370809644503e-12,-5.26287682037247e-14,3.23180263899488e-15,1.54564474038886e-08
3023.269889,0.3748165,3.197975e-07,1.07943750000003e-09,1.06943002248069e-09,-5.1706564701353e-12,-2.31912805673165e-13,-4.18574591143696e-16,-2.00187847938289e-09
3033.30500125,0.376060625,3.20793e-07,9.46750000000008e-10,1.06427996387234e-09,-2.08001242950142e-12,-1.33505133646792e-13,2.93054782712663e-15,1.40156635210404e-08
3043.18081,0.377285,3.21691e-07,9.66249999999991e-10,1.06526999762169e-09,3.73732417495331e-12,1.2895981206475e-13,1.12464414464961e-14,5.37873286571553e-08
3053.247178,0.378533,3.227255e-07,1.12050000000001e-09,1.07175461222225e-09,5.38840559808865e-12,2.30546576920859e-13,1.7508292949988e-14,8.37353141086383e-08
3063.61702925,0.379818625,3.23932e-07,1.2088125e-09,1.07604680881787e-09,6.47508295770915e-13,5.6417528327973e-14,1.65852366366314e-14,7.93206969578024e-08
3073.76809025,0.381077125,3.25143125e-07,1.12649999999999e-09,1.07304962881379e-09,-4.68298404267367e-12,-1.63871683735207e-13,1.16341684876411e-14,5.56416753756748e-08
3083.857648,0.382328,3.26185e-07,9.72312499999986e-10,1.06668084073252e-09,-4.18241636277167e-12,-1.4830348766605e-13,9.93724462721828e-15,4.7525952564957e-08
3093.948214,0.383579,3.2708775e-07,9.50500000000006e-10,1.06468479608825e-09,1.22161954404388e-12,8.88692588669058e-14,1.47052278940249e-14,7.03293507975104e-08
3104.143638,0.384843,3.28086e-07,1.06762500000001e-09,1.06912407982061e-09,5.35002633128784e-12,2.62710453434802e-13,2.26154885876558e-14,1.08161032375745e-07
3114.20093175,0.386089875,3.29223e-07,1.17899999999999e-09,1.07538484875082e-09,3.8458480090148e-12,1.97862039730713e-13,2.78998559009926e-14,1.3343409343953e-07
3124.304605,0.3873425,3.30444e-07,1.178375e-09,1.07681577583864e-09,-2.07768720695901e-12,-9.81770166667561e-15,2.81383104565085e-14,1.34574528270258e-07
3134.370973,0.3885905,3.3157975e-07,1.04750000000001e-09,1.0712294743369e-09,-5.76816575686868e-12,-1.23919761624723e-13,2.64084682556572e-14,1.26301369918361e-07
3144.48977,0.389845,3.32539e-07,9.27312499999988e-10,1.0652794443249e-09,-2.86231992797048e-12,-4.69870442749753e-15,2.73729725565396e-14,1.30914216574755e-07
3154.5541215,0.39109275,3.33434375e-07,9.82562500000004e-10,1.06550483448096e-09,2.64995597295537e-12,2.06506433013152e-13,3.11067967153971e-14,1.48771636464943e-07
3164.73038875,0.392354375,3.34504125e-07,1.14243750000002e-09,1.07057935627081e-09,5.02854254909503e-12,2.58356239236396e-13,3.32685817901513e-14,1.59110608561593e-07
3174.801798,0.393603,3.3571925e-07,1.20243749999999e-09,1.07556191957915e-09,2.22454854583367e-12,1.14425993223295e-13,3.08787606970532e-14,1.47681029420689e-07
3184.9226115,0.39485775,3.36909e-07,1.12037499999998e-09,1.07502845336248e-09,-3.02182099254818e-12,-3.58924358385032e-14,2.61202378626729e-14,1.24922876734523e-07
3194.990996,0.396106,3.3796e-07,9.85562500000008e-10,1.06951827759406e-09,-4.0699952150668e-12,-1.59969947408044e-14,2.37124516016912e-14,1.1340737722548e-07
3205.089628,0.397358,3.38880125e-07,9.34000000000027e-10,1.06688846293234e-09,2.81901203877742e-13,1.48151875141804e-13,2.51509326597907e-14,1.20287069242477e-07
3215.164062,0.398607,3.39828e-07,1.05768750000001e-09,1.07008208000181e-09,3.87375492649806e-12,2.40000334223964e-13,2.65272408773474e-14,1.26869412891661e-07
3225.222364,0.399854,3.409955e-07,1.20299999999999e-09,1.07463597278534e-09,2.28682274796658e-12,1.17494835162513e-13,2.3359263425224e-14,1.11718216381506e-07
3235.39359,0.401115,3.42234e-07,1.19068749999998e-09,1.07465572549775e-09,-2.09362329837611e-12,-8.35463587231581e-14,1.60430554706926e-14,7.67276565989646e-08
3245.443826,0.402361,3.43376875e-07,1.05674999999997e-09,1.07044872618859e-09,-3.72988770980062e-12,-1.51703228912262e-13,9.10012039737439e-15,4.35223149439645e-08
3255.566656,0.403616,3.443475e-07,9.29562500000024e-10,1.06719595007814e-09,-1.09583597589991e-12,-2.58635324657072e-14,6.61792880157574e-15,3.16509638336231e-08
3265.665288,0.404868,3.45236e-07,9.6681250000002e-10,1.06825705423679e-09,2.95590217218921e-12,1.46762978071528e-13,7.583896004063e-15,3.62708069759535e-08
3275.747788,0.406118,3.46281125e-07,1.12649999999997e-09,1.07310775442252e-09,3.9005788636215e-12,1.38041835183478e-13,6.45771045918174e-15,3.08847021960866e-08
3285.830288,0.407368,3.47489e-07,1.21693750000002e-09,1.07605821196403e-09,-6.93645382673116e-14,-4.72715412003257e-14,3.66499526413926e-17,1.75282382197965e-10
3295.985382,0.408627,3.48715e-07,1.15550000000003e-09,1.07296902534599e-09,-4.1588852522142e-12,-1.93754729596803e-13,-9.26020794971207e-15,-4.42879510638403e-08
3306.09107175,0.409879875,3.498e-07,9.94812499999998e-10,1.0677404414596e-09,-3.12839475412817e-12,-1.37821641953159e-13,-1.66013547616229e-14,-7.93977836425443e-08
3316.150382,0.411127,3.50704625e-07,9.22562499999989e-10,1.06671223583773e-09,1.5456309882444e-12,5.96692434660136e-14,-1.89559768347087e-14,-9.0659019644259e-08
3326.249014,0.412379,3.51645125e-07,1.01718749999998e-09,1.07083170343609e-09,4.34621324945037e-12,1.57233476053824e-13,-1.92036423113769e-14,-9.18435067065852e-08
3336.32042325,0.413627625,3.52739e-07,1.1539375e-09,1.07540466233663e-09,2.01517305035191e-12,3.83921034299404e-14,-2.33691148160345e-14,-1.11765331728861e-07
3346.414014,0.414879,3.53953e-07,1.20150000000003e-09,1.0748620495368e-09,-2.59374150603668e-12,-1.55879638075568e-13,-3.23180848579397e-14,-1.54564753668407e-07
3356.57011625,0.416138125,3.55142e-07,1.093e-09,1.07021717932456e-09,-4.02701575913392e-12,-1.97648171808759e-13,-4.10768703871444e-14,-1.96454597503734e-07
3366.659674,0.417389,3.56139e-07,9.52437499999967e-10,1.06680801801853e-09,-1.16024145507249e-12,-2.94903990906665e-14,-4.49882629675555e-14,-2.15161257670918e-07
3376.74519875,0.418639375,3.57046875e-07,9.54000000000023e-10,1.06789669641441e-09,2.80937492921642e-12,1.58423602722745e-13,-4.45131799399948e-14,-2.12889121452149e-07
3386.83576475,0.419890375,3.58047e-07,1.09468750000003e-09,1.07242676787696e-09,3.97374798976189e-12,1.43890738600034e-13,-4.47952187869527e-14,-2.14238002894122e-07
3396.87491,0.421135,3.5923625e-07,1.19643749999998e-09,1.07584419239394e-09,7.99068920021133e-13,-6.95535441257739e-14,-4.97257939203273e-14,-2.37819014401565e-07
3406.97455025,0.422387125,3.60439875e-07,1.15268749999999e-09,1.074024905717e-09,-3.21140413712643e-12,-2.58561909784836e-13,-5.72940538214444e-14,-2.74015040015604e-07
3417.056042,0.423637,3.61541625e-07,1.05356250000001e-09,1.06942138411969e-09,-3.29244929103689e-12,-2.62398227178303e-13,-6.29844372605398e-14,-3.01229917333016e-07
3427.2454165,0.42490025,3.62547e-07,9.61437499999977e-10,1.06744000713493e-09,-2.54141515096695e-13,-1.03329310003615e-13,-6.30222751437839e-14,-3.01410881122445e-07
3437.3117845,0.42614825,3.634645e-07,9.7893750000001e-10,1.06891310108949e-09,2.22780244173069e-12,5.19850113344017e-14,-6.0122917147338e-14,-2.87544386356834e-07
3447.39730925,0.427398625,3.64504875e-07,1.10825000000002e-09,1.07189561201839e-09,1.95866483385758e-12,2.99001073310472e-14,-5.98804684700679e-14,-2.86384849204673e-07
3457.474768,0.428648,3.65681e-07,1.17181249999999e-09,1.07283043075721e-09,-8.45940734783774e-13,-1.07753437727458e-13,-6.37341634824904e-14,-3.04815564481476e-07
3467.56634225,0.429899125,3.668485e-07,1.11587499999999e-09,1.07020373054882e-09,-2.46001183492188e-12,-1.70076191578308e-13,-6.72379013715498e-14,-3.21572571776977e-07
3477.64682575,0.431148875,3.6791275e-07,1.030875e-09,1.06791040708736e-09,-8.19882670049254e-13,-1.17508430012741e-13,-6.56220774865953e-14,-3.13844718414151e-07
3487.8170435,0.43240975,3.6891025e-07,1.02312500000003e-09,1.06856396520872e-09,1.33817442071121e-12,-6.0914588674319e-14,-5.96002510096326e-14,-2.85044678741721e-07
3497.909626,0.433661,3.69959e-07,1.056875e-09,1.07058675592879e-09,1.893167172529e-12,-8.28845409019882e-14,-5.37922931186593e-14,-2.57267488828371e-07
3507.975994,0.434909,3.71024e-07,1.10199999999998e-09,1.07235029955378e-09,3.57245492537166e-13,-1.5828652541814e-13,-5.14134097363201e-14,-2.45890220478053e-07
3518.06958475,0.436160375,3.72163e-07,1.121e-09,1.07130124691386e-09,-1.84599948469844e-12,-1.92226070969232e-13,-5.10248907520253e-14,-2.44032086205338e-07
3528.165192,0.437412,3.73266e-07,1.048e-09,1.06865830058439e-09,-1.53202790550211e-12,-1.12823125792604e-13,-4.79622044532439e-14,-2.29384456080732e-07
3538.2214775,0.43865875,3.74259e-07,9.9749999999998e-10,1.06823719110286e-09,4.9762664499704e-13,1.37908744006905e-14,-3.99521497472485e-14,-1.91075498791188e-07
3548.277763,0.4399055,3.75261e-07,1.05e-09,1.06965355387438e-09,1.76962601078221e-12,3.67364335008134e-14,-2.98341145637928e-14,-1.42684895739879e-07
3558.444956,0.441166,3.76359e-07,1.123e-09,1.07177644312442e-09,1.13151699359017e-12,-7.0904252641524e-14,-2.16493726452763e-14,-1.03540477868713e-07
3568.567786,0.442421,3.77507e-07,1.1406875e-09,1.07191658786156e-09,-1.14631064690026e-12,-1.67834099026357e-13,-1.59264866048525e-14,-7.61701533275554e-08
3578.626088,0.443668,3.78640375e-07,1.07968750000001e-09,1.06948382183062e-09,-2.21673834628136e-12,-1.30805669819382e-13,-9.44961365491965e-15,-4.51938044365722e-08
3588.68439,0.444915,3.79666375e-07,9.94312499999985e-10,1.067483111169e-09,-8.67545839090092e-13,6.71145736774913e-15,8.96209377381221e-16,4.28621876138845e-09
3598.79612925,0.446168625,3.80629e-07,9.95312500000012e-10,1.06774873015244e-09,1.38891311241433e-12,9.54552521056357e-14,1.39931605509257e-14,6.69238113305142e-08
3608.84939,0.447415,3.81657e-07,1.08593750000003e-09,1.07026093739383e-09,1.60553537452693e-12,4.84956686264922e-14,2.54997220788919e-14,1.21955192551222e-07
3619.028682,0.448677,3.82800875e-07,1.15899999999999e-09,1.07095980090149e-09,-6.70332991687676e-13,-5.85322126194308e-14,3.33944911336651e-14,1.59712783682746e-07
3629.086984,0.449924,3.83975e-07,1.14306249999999e-09,1.06892027141045e-09,-2.20794426261158e-12,-9.55291300934412e-14,3.99486911326567e-14,1.91058957590967e-07
3639.161418,0.451173,3.85087e-07,1.05150000000001e-09,1.06654391237627e-09,-1.38941071711678e-12,-1.05395391834236e-14,4.90878204548033e-14,2.34767836957755e-07
3649.2540005,0.45242425,3.86078e-07,9.53500000000009e-10,1.06614144997622e-09,9.00857040930282e-13,1.28989764148746e-13,6.21167881111146e-14,2.970802909662e-07
3659.318352,0.453672,3.86994e-07,9.7449999999998e-10,1.06834562645813e-09,2.47261687693925e-12,1.89958892493346e-13,7.5601115507019e-14,3.61570552424873e-07
3669.392786,0.454921,3.88027e-07,1.095e-09,1.0710866837301e-09,2.10721859498547e-12,1.27039203617707e-13,8.09512211188474e-14,3.87158014046661e-07
3679.54788,0.45618,3.89184e-07,1.17700000000001e-09,1.0725600636481e-09,-1.14787424403021e-13,4.36224275044328e-14,8.62933352795734e-14,4.12707255684916e-07
3689.64147075,0.457431375,3.90381e-07,1.158375e-09,1.07085710888129e-09,-2.30877185779964e-12,3.95222235490321e-14,9.16274579892002e-14,4.38218277339653e-07
3699.708847,0.4586795,3.9150075e-07,1.04925000000001e-09,1.0679425199325e-09,-2.00101644431356e-12,1.14117876458707e-13,9.69535892477256e-14,4.63691079010862e-07
3709.690522,0.459917,3.924795e-07,9.68625000000003e-10,1.06685507599266e-09,1.44807923163809e-14,1.93001290853679e-13,1.02271729055152e-13,4.89125660698553e-07
3719.813352,0.461172,3.93438e-07,9.99562499999997e-10,1.06797148151714e-09,1.60931872749029e-12,1.9280338190776e-13,1.07581877411478e-13,5.14522022402721e-07
3729.94525625,0.462428125,3.94478625e-07,1.09250000000001e-09,1.07007371344764e-09,2.07235370563318e-12,1.35647249790698e-13,1.12884034316702e-13,5.39880164123357e-07
3740.026748,0.463678,3.95623e-07,1.16031250000001e-09,1.0721161889284e-09,1.29025430927152e-12,1.17057582886021e-13,1.18178199770827e-13,5.65200085860477e-07
3750.14655325,0.464932625,3.9679925e-07,1.142125e-09,1.07265422206619e-09,-2.95752735055716e-13,1.63037042503553e-13,1.2346437377385e-13,5.90481787614065e-07
3760.2703915,0.46618775,3.9790725e-07,1.03087499999997e-09,1.07152468345829e-09,-7.95061184851705e-13,2.34322205688858e-13,1.28742556325775e-13,6.15725269384141e-07
3770.282314,0.467429,3.98861e-07,9.70749999999983e-10,1.07106409969648e-09,-1.48615342362794e-13,2.66704813205272e-13,1.34012747426597e-13,6.40930531170681e-07
3780.348682,0.468677,3.9984875e-07,1.024e-09,1.07122745277356e-09,2.27704249341991e-13,2.29622108009061e-13,1.39274947076321e-13,6.66097572973709e-07
3790.45538,0.46993,4.00909e-07,1.10212500000001e-09,1.07151950819517e-09,2.89286182549631e-13,2.35768506377098e-13,1.44529155274943e-13,6.91226394793206e-07
3800.54493775,0.471180875,4.02053e-07,1.16218750000001e-09,1.07180602513866e-09,2.83747704451666e-13,2.41056327296065e-13,1.49775372022466e-13,7.16316996629185e-07
3810.70104,0.47244,4.03233375e-07,1.11299999999999e-09,1.07208700360407e-09,2.78209226360525e-13,2.45485570767467e-13,1.55013597318889e-13,7.41369378481643e-07
3820.775474,0.473689,4.04279e-07,1.02037500000003e-09,1.07236244359138e-09,2.72670748269591e-13,2.49056236791252e-13,1.6024383116421e-13,7.6638354035057e-07
3830.841842,0.474937,4.05274125e-07,1.00237499999998e-09,1.07263234510061e-09,2.67132270178761e-13,2.5176832536737e-13,1.65466073558432e-13,7.91359482235979e-07
3840.944507,0.4761895,4.0628375e-07,1.05437499999996e-09,1.07289670813174e-09,2.61593792087827e-13,2.53621836496025e-13,1.70680324501552e-13,8.16297204137857e-07
3851.15203,0.477455,4.07382875e-07,1.12025000000001e-09,1.07315553268478e-09,2.56055313996893e-13,2.54616770177065e-13,1.75886583993573e-13,8.41196706056219e-07
3861.226464,0.478704,4.0852425e-07,1.1225625e-09,1.07340881875974e-09,2.50516835905959e-13,2.54753126410384e-13,1.81084852034493e-13,8.66057987991053e-07
3871.325096,0.479956,4.09628e-07,1.098875e-09,1.0736565663566e-09,2.44978357815128e-13,2.54030905196242e-13,1.86275128624314e-13,8.90881049942371e-07
3881.46909925,0.481213625,4.10722e-07,1.04218750000001e-09,1.07389877547537e-09,2.39439879724194e-13,2.52450106534483e-13,1.91457413763034e-13,9.15665891910163e-07
3891.56269,0.482465,4.11712375e-07,1.02475000000004e-09,1.07413544611604e-09,2.33901401633054e-13,2.50010730425056e-13,1.96631707450652e-13,9.40412513894423e-07
3901.637124,0.483714,4.127715e-07,1.0858125e-09,1.07436657827863e-09,2.2836292354212e-13,2.46712776868167e-13,2.01798009687172e-13,9.65120915895171e-07
3911.72769,0.484965,4.13884e-07,1.1195625e-09,1.07459217196313e-09,2.22824445451496e-13,2.42556245863662e-13,2.0695632047259e-13,9.89791097912387e-07
3921.818256,0.486216,4.15010625e-07,1.08400000000001e-09,1.07481222716954e-09,2.17285967360562e-13,2.37541137411592e-13,2.12106639806909e-13,1.01442305994609e-06
3931.884624,0.487464,4.16052e-07,1.03218749999997e-09,1.07502674389785e-09,2.11747489269318e-13,2.31667451511802e-13,2.17248967690126e-13,1.03901680199625e-06
3942.043751,0.4887235,4.17075e-07,1.02799999999997e-09,1.07523572214807e-09,2.06209011178487e-13,2.24935188164499e-13,2.22383304122244e-13,1.06357232406291e-06
3952.146416,0.489976,4.18108e-07,1.06199999999999e-09,1.07543916192021e-09,2.0067053308776e-13,2.17344347369631e-13,2.2750964910326e-13,1.08808962614603e-06
3962.19766025,0.491222125,4.19199e-07,1.12843750000003e-09,1.07563706321425e-09,1.95132054996826e-13,2.08894929127094e-13,2.32628002633178e-13,1.11256870824563e-06
3972.311416,0.492476,4.20364875e-07,1.14300000000003e-09,1.0758294260302e-09,1.89593576905685e-13,1.99586933437045e-13,2.37738364711995e-13,1.13700957036172e-06
3982.377784,0.493724,4.21485e-07,1.07506249999999e-09,1.07601625036806e-09,1.84055098814752e-13,1.89420360299431e-13,2.4284073533971e-13,1.16141221249427e-06
3992.43507775,0.494970875,4.22515e-07,9.84499999999992e-10,1.07619753622783e-09,1.78516620724024e-13,1.78395209714096e-13,2.47935114516327e-13,1.1857766346433e-06
4002.623444,0.496234,4.23454e-07,1.00449999999999e-09,1.07637328360951e-09,1.7297814263309e-13,1.66511481681301e-13,2.53021502241841e-13,1.2101028368088e-06
4012.722076,0.497486,4.24524e-07,1.08393750000002e-09,1.0765434925131e-09,1.67439664542053e-13,1.53769176200888e-13,2.58099898516257e-13,1.23439081899079e-06
4022.79651,0.498735,4.25621875e-07,1.1138125e-09,1.07670816293859e-09,1.61901186451119e-13,1.40168293272911e-13,2.63170303339571e-13,1.25864058118925e-06
4032.87901,0.499985,4.26751625e-07,1.12974999999995e-09,1.076867294886e-09,1.59131947405859e-13,1.25708832897265e-13,2.68232716711786e-13,1.28285212340419e-06
