Wvnmbr,Voltage,Current,DerivativeY1,DerivativeY1_1,DerivativeY2,DerivativeY2_1,DerivativeY2_2,Alpha
-4033,-0.5,-4.39847833333333e-07,1.49683333333294e-09,1.46219127611498e-09,-3.88473178994515e-11,-3.90264543236694e-11,-3.87721432828541e-11,NaN
-4022.9175,-0.49875,-4.38351e-07,1.45941666666648e-09,1.42334395821553e-09,-3.75609758090495e-11,-3.70351589693475e-11,-3.70340630114063e-11,NaN
-4012.835,-0.4975,-4.36929e-07,1.37558333333351e-09,1.38706932449688e-09,-3.49882916282453e-11,-3.48987234161363e-11,-3.50643567719082e-11,NaN
-4002.7525,-0.49625,-4.35599833333333e-07,1.3205e-09,1.35336737495904e-09,-3.24156074474411e-11,-3.26171476640359e-11,-3.28630245643598e-11,NaN
-3992.58934,-0.49499,-4.34288e-07,1.29608333333301e-09,1.322238109602e-09,-2.98429232666368e-11,-3.01904317130461e-11,-3.0430066388761e-11,NaN
-3982.50684,-0.49374,-4.33007666666667e-07,1.27450000000003e-09,1.29368152842577e-09,-2.72702390858327e-11,-2.7618575563167e-11,-2.77654822451118e-11,NaN
-3972.42434,-0.49249,-4.31739e-07,1.24950000000003e-09,1.26769763143034e-09,-2.46975549050284e-11,-2.51780317196623e-11,-2.48284982002198e-11,NaN
-3962.34184,-0.49124,-4.30508666666667e-07,1.22199999999996e-09,1.24428641861571e-09,-2.21248707242241e-11,-2.2199280720652e-11,-2.15615486998977e-11,NaN
-3952.25934,-0.48999,-4.29295e-07,1.21291666666695e-09,1.22344788998189e-09,-1.955218654342e-11,-1.85371669884026e-11,-1.80924797991266e-11,NaN
-3942.17684,-0.48874,-4.28082833333333e-07,1.21525000000001e-09,1.20518204552887e-09,-1.69795023626157e-11,-1.45375002617933e-11,-1.46007860575691e-11,NaN
-3932.01368,-0.48748,-4.268645e-07,1.20583333333306e-09,1.18948888525666e-09,-1.15421505839796e-11,-1.08424051135482e-11,-1.13111351871537e-11,NaN
-3921.93118,-0.48623,-4.25671166666667e-07,1.18325e-09,1.18209774436091e-09,-5.3922850604952e-12,-8.04256322232046e-12,-8.52989244612834e-12,NaN
-3911.84868,-0.48498,-4.24498e-07,1.17808333333345e-09,1.17870431513567e-09,-3.26300806362686e-12,-6.15849140689067e-12,-6.58007617795862e-12,NaN
-3901.76618,-0.48373,-4.23315e-07,1.17699999999998e-09,1.17557172823366e-09,-3.92082107440831e-12,-5.04019085819498e-12,-5.4931223239265e-12,NaN
-3891.68368,-0.48248,-4.22144e-07,1.16383333333354e-09,1.17086267298685e-09,-6.16209000763189e-12,-4.73755463673177e-12,-5.06450260371759e-12,NaN
-3881.60118,-0.48123,-4.20987333333333e-07,1.16533333333353e-09,1.16324754821839e-09,-7.53768933203729e-12,-5.18697578223423e-12,-4.93889480352877e-12,NaN
-3871.43802,-0.47997,-4.19813333333333e-07,1.16966666666645e-09,1.15578729432278e-09,-6.24135065927245e-12,-5.54319945882122e-12,-4.7839036861885e-12,NaN
-3861.35552,-0.47872,-4.18648e-07,1.15016666666649e-09,1.15076484689985e-09,-4.6308706549077e-12,-5.12910440056646e-12,-4.46933926413021e-12,NaN
-3851.27302,-0.47747,-4.17513e-07,1.14750000000004e-09,1.14652555301296e-09,-3.99101013402369e-12,-4.18782222101228e-12,-3.93285585766477e-12,NaN
-3841.19052,-0.47622,-4.16353e-07,1.1545e-09,1.1427828266318e-09,-2.88571973412175e-12,-2.9706895888324e-12,-3.20731288868099e-12,NaN
-3831.10802,-0.47497,-4.15204e-07,1.15199999999998e-09,1.14075411354472e-09,-1.54885855945871e-12,-2.00417171184338e-12,-2.51799939232722e-12,NaN
-3821.02552,-0.47372,-4.14049e-07,1.14008333333352e-09,1.13968510951288e-09,-1.35674784788406e-12,-1.66284002039147e-12,-2.06017203273922e-12,NaN
-3810.94302,-0.47247,-4.12923833333333e-07,1.12950000000002e-09,1.13804061784895e-09,-1.66129998910207e-12,-1.51905626790796e-12,-1.82764412995132e-12,NaN
-3800.77986,-0.47121,-4.1179e-07,1.1006666666665e-09,1.13636250953468e-09,-1.33773291925587e-12,-1.74796786609825e-12,-1.70780732159311e-12,NaN
-3790.69736,-0.46996,-4.107225e-07,1.098e-09,1.13536515201044e-09,-1.85161272745166e-12,-2.21743270712897e-12,-1.58975672701292e-12,NaN
-3780.61486,-0.46871,-4.09594e-07,1.14616666666646e-09,1.13265928407978e-09,-2.45927318293202e-12,-1.8568440839542e-12,-1.29766504202751e-12,NaN
-3770.53236,-0.46746,-4.08430166666667e-07,1.16749999999999e-09,1.13044660564457e-09,-1.79616159965459e-12,-8.57417976121703e-13,-7.56317453093508e-13,NaN
-3760.44986,-0.46621,-4.07259e-07,1.14858333333354e-09,1.12906696088047e-09,-2.15839871419254e-12,-5.85035673706367e-14,-1.35962974087083e-13,NaN
-3750.36736,-0.46496,-4.06133e-07,1.13416666666648e-09,1.12612980821619e-09,6.5356325596087e-13,4.98495529385996e-13,3.77401881002682e-13,NaN
-3740.2042,-0.4637,-4.04990666666667e-07,1.13400000000002e-09,1.13037408739239e-09,4.72593167701854e-12,9.86883889053638e-13,5.2767996637957e-13,NaN
-3730.1217,-0.46245,-4.03865e-07,1.12941666666701e-09,1.13558167157023e-09,1.99460608041798e-12,8.24086033467334e-13,1.06540909731722e-13,NaN
-3720.0392,-0.4612,-4.02731833333333e-07,1.12299999999998e-09,1.13436329955323e-09,-1.71256946714303e-12,-3.11835189975094e-13,-6.78101990858902e-13,NaN
-3709.9567,-0.45995,-4.01619e-07,1.11791666666653e-09,1.13215653263594e-09,-1.88701372996759e-12,-1.72819155799032e-12,-1.54497110838999e-12,NaN
-3699.8742,-0.4587,-4.00496e-07,1.11808333333349e-09,1.13058927209329e-09,-2.64923177508004e-12,-3.05169236433338e-12,-2.38705661542022e-12,NaN
-3689.7917,-0.45745,-3.99382833333333e-07,1.11249999999998e-09,1.12685806908578e-09,-5.24427917619213e-12,-3.64207312519756e-12,-2.98393365514492e-12,NaN
-3679.7092,-0.4562,-3.98271e-07,1.12983333333302e-09,1.12010071374091e-09,-5.39901383895188e-12,-3.08347173421987e-12,-3.02653803023394e-12,NaN
-3669.54604,-0.45494,-3.97123166666667e-07,1.13600000000002e-09,1.11606004140788e-09,-1.99049253571485e-12,-2.52756587425526e-12,-2.50532929326809e-12,NaN
-3659.46354,-0.45369,-3.95999e-07,1.14708333333347e-09,1.11611972866948e-09,5.24599542323792e-13,-2.12220102552568e-12,-1.73556252366428e-12,NaN
-3649.38104,-0.45244,-3.94829e-07,1.17324999999999e-09,1.11710924049252e-09,2.103901057044e-13,-1.00134860690121e-12,-1.05684751656478e-12,NaN
-3639.29854,-0.45119,-3.936525e-07,1.07300000000003e-09,1.11654050888089e-09,-1.40142475754804e-12,7.61446156194796e-14,-7.87474598618935e-13,NaN
-3629.21604,-0.44994,-3.92683e-07,1.04075000000001e-09,1.11430639097743e-09,-2.37851422032246e-12,-8.83491349658197e-14,-9.91291171201511e-13,NaN
-3619.13354,-0.44869,-3.91571e-07,1.11649999999998e-09,1.11178348044024e-09,-1.27315571517398e-13,-1.21907243530725e-12,-1.39786193428418e-12,NaN
-3608.97038,-0.44743,-3.9045e-07,1.1268333333335e-09,1.11405175983439e-09,1.27487196252159e-12,-2.46151452157456e-12,-1.93743854966072e-12,NaN
-3598.88788,-0.44618,-3.89317333333333e-07,1.11000000000001e-09,1.11433322436528e-09,-3.06450909883058e-12,-3.4022950733454e-12,-2.62690957671156e-12,NaN
-3588.80538,-0.44493,-3.8823e-07,1.09816666666649e-09,1.10792274163673e-09,-6.41576768006769e-12,-3.45155032483703e-12,-3.15463578107805e-12,NaN
-3578.72288,-0.44368,-3.87121e-07,1.11916666666648e-09,1.10150168900515e-09,-5.35458210745387e-12,-2.87298736098205e-12,-3.23042571647884e-12,NaN
-3568.64038,-0.44243,-3.85991666666667e-07,1.12950000000002e-09,1.09721357742182e-09,-3.72369783155709e-12,-2.84443007413262e-12,-2.92291825606839e-12,NaN
-3558.55788,-0.44118,-3.84862e-07,1.10866666666699e-09,1.09405429334203e-09,-1.4787512259072e-12,-2.8232066687567e-12,-2.46751656426427e-12,NaN
-3548.39472,-0.43992,-3.83774333333333e-07,1.08333333333346e-09,1.09425607497001e-09,2.07678162797808e-12,-2.01741444419832e-12,-2.06637475988166e-12,NaN
-3538.31222,-0.43867,-3.82695333333333e-07,1.08641666666651e-09,1.09820785659799e-09,2.94663288657409e-13,-1.29545803802514e-12,-1.85313966226792e-12,NaN
-3528.22972,-0.43742,-3.816015e-07,1.11025000000002e-09,1.09484540154732e-09,-4.85113599215644e-12,-1.24411934365849e-12,-1.66970552428712e-12,NaN
-3518.14722,-0.43617,-3.80474833333333e-07,1.11825e-09,1.08850558461368e-09,-3.72263539283078e-12,-1.422956842286e-12,-1.25922920298105e-12,NaN
-3508.06472,-0.43492,-3.79365e-07,1.03516666666652e-09,1.08740013076166e-09,-2.9588917945284e-13,-1.39279637219641e-12,-7.55895866058175e-13,NaN
-3497.98222,-0.43367,-3.784045e-07,1.0256666666665e-09,1.08791380625477e-09,2.69369074877921e-13,-8.69191703287154e-13,-2.8564152753662e-13,NaN
-3487.89972,-0.43242,-3.77313666666667e-07,1.10524999999999e-09,1.08793886891142e-09,-4.51672659942702e-14,4.69035160111522e-13,3.33607423273448e-13,NaN
-3477.73656,-0.43116,-3.76194e-07,1.10575e-09,1.08782347172278e-09,1.18167701862045e-12,1.7085865126509e-12,1.12163689626136e-12,NaN
-3467.65406,-0.42991,-3.75102166666667e-07,1.10216666666649e-09,1.09030222294866e-09,2.95757055681321e-12,1.85954526658498e-12,1.83660073520791e-12,NaN
-3457.57156,-0.42866,-3.73989666666667e-07,1.10858333333349e-09,1.09373861283641e-09,2.96553884712563e-12,2.01920648002349e-12,2.25894804110446e-12,NaN
-3447.48906,-0.42741,-3.72885e-07,1.09233333333352e-09,1.09623330064291e-09,1.78175057211079e-12,2.59761265940532e-12,2.28208736776734e-12,NaN
-3437.40656,-0.42616,-3.71805e-07,1.09350000000001e-09,1.09730211398063e-09,7.98981148535879e-13,2.39984154544608e-12,1.94364536124076e-12,NaN
-3427.32406,-0.42491,-3.70698e-07,1.10999999999999e-09,1.09783126293998e-09,1.49283534924855e-12,1.45627560845715e-12,1.45818116305577e-12,NaN
-3417.1609,-0.42365,-3.69585e-07,1.1050833333335e-09,1.10028778467913e-09,3.48511223712236e-12,5.965965765783e-13,9.35582917600348e-13,NaN
-3407.0784,-0.4224,-3.68487833333333e-07,1.10099999999998e-09,1.10480148741423e-09,1.12781954886105e-12,2.51237765519125e-14,2.72972130939697e-13,NaN
-3396.9959,-0.42115,-3.67383e-07,1.10091666666648e-09,1.10254342377685e-09,-3.53102865861985e-12,-2.9638588592699e-13,-3.96652100629386e-13,NaN
-3386.9134,-0.4199,-3.66286e-07,1.10250000000002e-09,1.09773943009699e-09,-2.16732047510862e-12,-5.68637756863565e-13,-7.75112908826596e-13,NaN
-3376.8309,-0.41865,-3.65178e-07,1.09700000000003e-09,1.09820878282663e-09,2.34294976572604e-13,-1.03801150541205e-12,-8.88030857693574e-13,NaN
-3366.7484,-0.4174,-3.64092e-07,1.08499999999999e-09,1.09820802005013e-09,-2.43897787963422e-13,-1.32027685003393e-12,-8.83968323155878e-13,NaN
-3356.6659,-0.41615,-3.63008e-07,1.09258333333348e-09,1.09772098725071e-09,-2.2925520324148e-13,-8.24422431120796e-13,-7.63477241428189e-13,NaN
-3346.50274,-0.41489,-3.61906833333333e-07,1.097e-09,1.09774950964365e-09,-6.07033889058994e-13,-1.57742651451268e-13,-5.2169129678426e-13,NaN
-3336.42024,-0.41364,-3.60814e-07,1.09341666666651e-09,1.09650691947259e-09,-1.17817641930713e-12,-1.18669501107278e-13,-1.85105604555254e-13,NaN
-3326.33774,-0.41239,-3.5972e-07,1.10149999999999e-09,1.09539315680503e-09,-1.64105916974183e-13,-3.83943224335003e-14,1.9246662635803e-13,NaN
-3316.25524,-0.41114,-3.58611e-07,1.10491666666649e-09,1.09617870763864e-09,8.24697613606941e-13,4.24825651086337e-13,4.60561055097669e-13,NaN
-3306.17274,-0.40989,-3.57510166666667e-07,1.09750000000001e-09,1.09704255203225e-09,8.09060695222424e-13,6.5932230749573e-13,4.95715895321529e-13,NaN
-3296.09024,-0.40864,-3.56416e-07,1.10258333333351e-09,1.09779682902908e-09,7.98817696411237e-13,5.91786455350093e-13,3.62043663948078e-13,NaN
-3285.92708,-0.40738,-3.55305e-07,1.099e-09,1.09864018742507e-09,9.59722676257733e-13,3.38165806994665e-13,1.37456478683387e-13,NaN
-3275.84458,-0.40613,-3.54218e-07,1.08699999999999e-09,1.0997162743816e-09,2.55053394367626e-13,-2.04603685147163e-13,-2.19264746871029e-13,NaN
-3265.76208,-0.40488,-3.53131e-07,1.09266666666649e-09,1.09915029421381e-09,-1.5644682357895e-12,-7.98912186208755e-13,-6.39851957229395e-13,NaN
-3255.67958,-0.40363,-3.52032666666667e-07,1.09658333333351e-09,1.09658733791002e-09,-1.98549362536283e-12,-1.14048584900618e-12,-9.4995411295941e-13,NaN
-3245.59708,-0.40238,-3.50937833333333e-07,1.09924999999998e-09,1.09517930696308e-09,-1.17716846465331e-12,-1.28218247554461e-12,-1.09833313625446e-12,NaN
-3235.51458,-0.40113,-3.49834166666667e-07,1.1034166666665e-09,1.09423300098071e-09,-1.2218862373424e-12,-1.25229331436707e-12,-1.10336908672599e-12,NaN
-3225.35142,-0.39987,-3.48731e-07,1.10258333333351e-09,1.0927355344884e-09,-1.00189332024956e-12,-9.49415731743072e-13,-9.83981591008584e-13,NaN
-3215.26892,-0.39862,-3.47629e-07,1.09450000000001e-09,1.09222921434022e-09,-1.9179742835186e-13,-6.02728665946568e-13,-8.25746841908683e-13,NaN
-3205.18642,-0.39737,-3.46542e-07,1.09050000000001e-09,1.09235193963169e-09,-2.76887871866968e-13,-5.56662508607549e-13,-7.26643596904175e-13,NaN
-3195.10392,-0.39612,-3.45448e-07,1.0865833333335e-09,1.09167543859648e-09,-5.84423014056578e-13,-6.48633530210537e-13,-7.04564445477128e-13,NaN
-3185.02142,-0.39487,-3.44368833333333e-07,1.0815e-09,1.09118309360358e-09,-6.47842432153351e-13,-7.0397800775184e-13,-7.36034928607331e-13,NaN
-3174.93892,-0.39362,-3.43285e-07,1.07449999999999e-09,1.09037975373217e-09,-1.19770894627291e-12,-8.32043877810498e-13,-7.82799535356649e-13,NaN
-3164.85642,-0.39237,-3.42219833333333e-07,1.0879166666665e-09,1.08878767571103e-09,-1.19946605645414e-12,-9.29304740516802e-13,-7.46341007718792e-13,NaN
-3154.69326,-0.39111,-3.41109166666667e-07,1.10258333333298e-09,1.08798082161927e-09,-5.90089353822514e-13,-7.65782875907492e-13,-5.66538384725834e-13,NaN
-3144.61076,-0.38986,-3.40014666666667e-07,1.09308333333352e-09,1.08760749700339e-09,-5.02574370707193e-13,-4.17532315132654e-13,-3.17667466173087e-13,NaN
-3134.52826,-0.38861,-3.38923e-07,1.08966666666702e-09,1.08697567287785e-09,-3.1039555410831e-13,-3.43939368600524e-14,-8.78822251018344e-14,NaN
-3124.44576,-0.38736,-3.37835333333333e-07,1.09250000000001e-09,1.08698670589517e-09,3.16320693036319e-13,3.48858426085563e-13,8.49159351492093e-14,NaN
-3114.36326,-0.38611,-3.36738e-07,1.0861666666665e-09,1.08760831426392e-09,8.40361773995344e-13,4.34591597063829e-13,1.58597890080146e-13,NaN
-3104.28076,-0.38486,-3.35663e-07,1.08074999999997e-09,1.08866742944316e-09,7.40465293660122e-13,1.23888347861919e-13,9.81095954242176e-14,NaN
-3094.1176,-0.3836,-3.345765e-07,1.08358333333349e-09,1.08908924485125e-09,1.10112237120396e-13,-2.08460589751796e-13,-6.68574464684518e-14,NaN
-3084.0351,-0.38235,-3.33495833333333e-07,1.08700000000002e-09,1.0888876539174e-09,-4.97466492302612e-13,-3.73334553828759e-13,-2.63854658185776e-13,NaN
-3073.9526,-0.3811,-3.324025e-07,1.09141666666651e-09,1.08809431186664e-09,-1.49583197122473e-12,-4.62840363302776e-13,-4.16067705737352e-13,NaN
-3063.8701,-0.37985,-3.31313e-07,1.09175000000001e-09,1.08589598997495e-09,-1.56365097527693e-12,-5.224126877478e-13,-4.46416559639023e-13,NaN
-3053.7876,-0.3786,-3.30219e-07,1.08499999999999e-09,1.08496700991609e-09,9.07567832343097e-14,-4.59067566049087e-13,-3.68960826001749e-13,NaN
-3043.7051,-0.37735,-3.29143e-07,1.0815e-09,1.08607750354142e-09,9.9020649448458e-13,-2.72782550533086e-13,-2.82049881179957e-13,NaN
-3033.6226,-0.3761,-3.28056e-07,1.08950000000003e-09,1.08694742290506e-09,1.8299825652704e-13,-8.54073462830139e-14,-2.30111292463121e-13,NaN
-3023.45944,-0.37484,-3.26964e-07,1.0909166666665e-09,1.08644350005448e-09,-5.52005012515451e-13,8.45899586138128e-16,-1.94607184567806e-13,NaN
-3013.37694,-0.37359,-3.25874166666667e-07,1.08899999999996e-09,1.08584341288002e-09,-4.09365805820086e-13,-1.23812495659277e-13,-1.59612009988514e-13,NaN
-3003.29444,-0.37234,-3.24786e-07,1.07758333333349e-09,1.08562476844284e-09,-2.57341723884512e-13,-3.06618057751009e-13,-1.25189093786791e-13,NaN
-2993.21194,-0.37109,-3.23719e-07,1.08100000000003e-09,1.08532872943226e-09,-3.44965675052494e-13,-2.61943529382721e-13,-8.01000822273746e-14,NaN
-2983.12944,-0.36984,-3.22624e-07,1.0845e-09,1.08493483709273e-09,-3.06404598427681e-13,-4.18132274503258e-14,-4.26626453725458e-15,NaN
-2973.04694,-0.36859,-3.2155e-07,1.08541666666648e-09,1.0847159202354e-09,2.19325487644702e-13,1.63010838642153e-13,1.00662345234997e-13,NaN
-2962.88378,-0.36733,-3.20453166666667e-07,1.095e-09,1.08537348806802e-09,7.41405143288147e-13,2.80619456822223e-13,1.97187397907626e-13,NaN
-2952.80128,-0.36608,-3.1936e-07,1.09008333333351e-09,1.08619873052198e-09,4.46142530226797e-13,3.11066126852999e-13,2.20501948821212e-13,NaN
-2942.71878,-0.36483,-3.18273e-07,1.07850000000002e-09,1.08626577312847e-09,-1.24223602631071e-14,2.42277649879907e-13,1.36518454375609e-13,NaN
-2932.63628,-0.36358,-3.17203e-07,1.07199999999997e-09,1.08617388580145e-09,9.62460499065943e-14,4.18482483615539e-14,-2.06533256574979e-14,NaN
-2922.55378,-0.36233,-3.16129e-07,1.08699999999999e-09,1.08645826522829e-09,-4.73874904710959e-14,-2.45169653641179e-13,-1.80717702414413e-13,NaN
-2912.47128,-0.36108,-3.15029e-07,1.09650000000001e-09,1.08607911082051e-09,-5.40263702740113e-13,-4.48799547769076e-13,-2.82057469202393e-13,NaN
-2902.30812,-0.35982,-3.13936e-07,1.08999999999999e-09,1.08537773782281e-09,-6.94480767123501e-13,-4.67708365875122e-13,-3.08617594890243e-13,NaN
-2892.22562,-0.35857,-3.12849e-07,1.08508333333351e-09,1.08469014928626e-09,-6.19592459405117e-13,-3.51202573167932e-13,-2.84732621874414e-13,NaN
-2882.14312,-0.35732,-3.11765833333333e-07,1.08725e-09,1.084138552904e-09,-3.17015364492065e-13,-1.55059026909974e-13,-2.3885706008134e-13,NaN
-2872.06062,-0.35607,-3.106745e-07,1.08833333333301e-09,1.08405611855728e-09,8.82913806265631e-14,-1.48662042207739e-14,-2.09640751479382e-13,NaN
-2861.97812,-0.35482,-3.09589166666667e-07,1.08116666666652e-09,1.08431513566525e-09,2.67993352938853e-13,-1.04627479051759e-13,-2.49497002935687e-13,NaN
-2851.89562,-0.35357,-3.08512166666667e-07,1.07899999999998e-09,1.08459210526315e-09,2.95140023976503e-13,-3.56038126632498e-13,-3.66146763613321e-13,NaN
-2841.81312,-0.35232,-3.07431166666667e-07,1.08158333333352e-09,1.0849054157132e-09,-1.93145908237619e-13,-5.65358617990955e-13,-5.16900172330464e-13,NaN
-2831.64996,-0.35106,-3.06349e-07,1.0763333333335e-09,1.08420581344668e-09,-1.44905742617136e-12,-7.16268730002032e-13,-6.46297900582885e-13,NaN
-2821.56746,-0.34981,-3.052785e-07,1.07499999999998e-09,1.08200730086086e-09,-1.87564018743614e-12,-8.08748301027061e-13,-6.80024308227603e-13,NaN
-2811.48496,-0.34856,-3.04199e-07,1.08658333333352e-09,1.08045453307181e-09,-8.04402310130156e-13,-7.06735452442973e-13,-5.80680678587076e-13,NaN
-2801.40246,-0.34731,-3.03105333333333e-07,1.0949166666665e-09,1.0803984962406e-09,1.97518252148625e-13,-4.56362160593409e-13,-3.9952669667872e-13,NaN
-2791.31996,-0.34606,-3.02009166666667e-07,1.08549999999997e-09,1.0808495695761e-09,2.00365043045168e-13,-1.74261633357074e-13,-2.09389738016373e-13,NaN
-2781.23746,-0.34481,-3.00934333333333e-07,1.08458333333349e-09,1.08079922632669e-09,1.08028222750885e-13,1.09832069786861e-13,-5.25855612190149e-14,NaN
-2771.0743,-0.34355,-2.9984e-07,1.07916666666652e-09,1.08106562602161e-09,3.62223493525819e-13,1.93599433876506e-13,2.43935561848191e-14,NaN
-2760.9918,-0.3423,-2.98776e-07,1.071e-09,1.08152367331374e-09,-8.33605753639208e-14,2.1059858017016e-14,-3.69930159730724e-14,NaN
-2750.9093,-0.34105,-2.97698e-07,1.07899999999998e-09,1.08089890487088e-09,-5.63337692072036e-13,-1.81306108081634e-13,-2.05507212976343e-13,NaN
-2740.8268,-0.3398,-2.96618e-07,1.075e-09,1.0803969979296e-09,-2.66890051215964e-13,-3.4943209600313e-13,-3.55674893066475e-13,NaN
-2730.7443,-0.33855,-2.95548e-07,1.07441666666649e-09,1.08036512476845e-09,-2.68510951283989e-13,-5.49694489345337e-13,-4.04408558066867e-13,NaN
-2720.6618,-0.3373,-2.94469166666667e-07,1.0835e-09,1.07985997602703e-09,-5.27078565987817e-13,-6.78378226149774e-13,-3.31988954078431e-13,NaN
-2710.5793,-0.33605,-2.93381e-07,1.08983333333351e-09,1.07931096763647e-09,-5.92078021139911e-13,-3.99435772717736e-13,-1.78009223886284e-13,NaN
-2700.41614,-0.33479,-2.922895e-07,1.08500000000001e-09,1.07867581998475e-09,-6.77386400778954e-13,1.70062616003445e-13,-3.43270640122359e-14,NaN
-2690.33364,-0.33354,-2.91211e-07,1.07558333333351e-09,1.07795619483491e-09,-2.30372125970913e-13,4.01714640560189e-13,3.52677167297283e-14,NaN
-2680.25114,-0.33229,-2.90138333333333e-07,1.07783333333349e-09,1.07821507573281e-09,8.14699792966897e-13,2.21512945484831e-13,-1.8283366869313e-15,NaN
-2670.16864,-0.33104,-2.89055333333333e-07,1.0756666666665e-09,1.07958559442085e-09,1.81356924921355e-12,-1.42896831109459e-13,-1.88199432164711e-13,NaN
-2660.08614,-0.32979,-2.87987e-07,1.0746666666665e-09,1.08184221423124e-09,5.95047401107654e-13,-5.94371430757414e-13,-5.31711379849576e-13,NaN
-2650.00364,-0.32854,-2.86906e-07,1.08399999999999e-09,1.08077568922306e-09,-2.53522392938996e-12,-9.41989614763228e-13,-8.80019901098078e-13,NaN
-2639.84048,-0.32728,-2.85819e-07,1.08100000000001e-09,1.07677176637246e-09,-3.04601176855228e-12,-1.13201212086218e-12,-1.01386864584721e-12,NaN
-2629.75798,-0.32603,-2.84744e-07,1.07616666666652e-09,1.07468366568596e-09,-1.53628636810635e-12,-1.18235644980991e-12,-8.84398427931958e-13,NaN
-2619.67548,-0.32478,-2.83666666666667e-07,1.07450000000001e-09,1.07369919363624e-09,-3.80748065830647e-13,-9.08878878559133e-13,-5.67495763125455e-13,NaN
-2609.59298,-0.32353,-2.82595e-07,1.06733333333352e-09,1.0739221695543e-09,7.61768551818124e-13,-1.49102169123191e-13,-1.62810925216921e-13,NaN
-2599.51048,-0.32228,-2.81532e-07,1.077e-09,1.07522273073988e-09,1.11090225565079e-12,6.42775670811255e-13,2.29884341149116e-13,NaN
-2589.42798,-0.32103,-2.80441e-07,1.09499999999997e-09,1.0761439740656e-09,7.29350550306983e-13,9.02781778360935e-13,5.51309256671067e-13,NaN
-2579.26482,-0.31977,-2.79342e-07,1.0815e-09,1.07668143184049e-09,8.02890378128131e-13,7.90314154454246e-13,7.40881440328232e-13,NaN
-2569.18232,-0.31852,-2.78278e-07,1.0655e-09,1.07774975482185e-09,7.02081290175283e-13,6.15229132685387e-13,7.42352935309341e-13,NaN
-2559.09982,-0.31727,-2.77211e-07,1.03699999999998e-09,1.07808559442084e-09,2.22022447479913e-14,5.09841353664202e-13,5.94681194238507e-13,NaN
-2549.01732,-0.31602,-2.76204e-07,1.06100000000001e-09,1.07779415931135e-09,1.34725400465571e-13,4.74257245421656e-13,4.66089683830068e-13,NaN
-2538.93482,-0.31477,-2.75089e-07,1.11450000000001e-09,1.07835504522177e-09,5.73594311859264e-13,3.66669594069341e-13,4.8617415315515e-13,NaN
-2528.85232,-0.31352,-2.73975e-07,1.09749999999999e-09,1.07894134793507e-09,7.59017107975763e-13,3.20419029227637e-13,5.85776128724094e-13,NaN
-2518.76982,-0.31227,-2.72894e-07,1.08633333333349e-09,1.07987307943773e-09,8.05355780748906e-13,5.3310616411266e-13,6.38144761826524e-13,NaN
-2508.60666,-0.31101,-2.71802333333333e-07,1.08100000000001e-09,1.08055205949657e-09,1.06502669727116e-13,8.71606463710023e-13,5.81989152942163e-13,NaN
-2498.52416,-0.30976,-2.70732e-07,1.07600000000003e-09,1.08008608477718e-09,-6.41685735987537e-14,8.75086869650602e-13,4.18255289403642e-13,NaN
-2488.44166,-0.30851,-2.69650333333333e-07,1.08066666666651e-09,1.08042372234937e-09,1.16372452870844e-12,2.96952761197339e-13,1.73847724121033e-13,NaN
-2478.35916,-0.30726,-2.68570666666667e-07,1.07816666666649e-09,1.0824135338346e-09,1.35030511059654e-12,-3.78881574821104e-13,-1.60447724521758e-13,NaN
-2468.27666,-0.30601,-2.67494e-07,1.070666666667e-09,1.08312433257056e-09,-1.3784461153373e-13,-7.65074646943417e-13,-5.46775805241877e-13,NaN
-2458.19416,-0.30476,-2.66429333333333e-07,1.07583333333349e-09,1.08213784461153e-09,-2.3802032254597e-12,-9.08957651812308e-13,-8.54066062512569e-13,NaN
-2448.031,-0.3035,-2.65342333333333e-07,1.082833333333e-09,1.07836392611964e-09,-3.31837746540804e-12,-9.51861576007885e-13,-9.37274160659134e-13,NaN
-2437.9485,-0.30225,-2.64263666666667e-07,1.08324999999999e-09,1.07550108968071e-09,-8.59036177404105e-13,-9.59458098474711e-13,-7.76261932237679e-13,NaN
-2427.866,-0.301,-2.63175833333333e-07,1.08458333333349e-09,1.07664585376483e-09,8.63871635611221e-13,-7.06977392045325e-13,-5.3567441169567e-13,NaN
-2417.7835,-0.29975,-2.620945e-07,1.076e-09,1.07722883295194e-09,5.52386400789048e-13,-2.30958908879652e-13,-3.51718911262181e-13,NaN
-2407.701,-0.2985,-2.61023833333333e-07,1.075e-09,1.07775062656641e-09,3.181595292594e-13,1.47424022703949e-13,-2.42250732111925e-13,NaN
-2397.6185,-0.29725,-2.599445e-07,1.0794166666665e-09,1.07786515201045e-09,-2.67271439469813e-13,1.25547316905291e-13,-1.8680588210492e-13,NaN
-2387.45534,-0.29599,-2.58865e-07,1.07374999999999e-09,1.07721608368747e-09,-5.93263048943215e-13,-2.92195917482856e-13,-1.66393975313147e-13,NaN
-2377.37284,-0.29474,-2.57797e-07,1.06899999999999e-09,1.07667862591257e-09,-6.74321673770678e-13,-5.26767727569863e-13,-1.86035978289222e-13,NaN
-2367.29034,-0.29349,-2.56727e-07,1.07550000000002e-09,1.07586744033993e-09,-6.89481856802394e-13,-3.97989659717997e-13,-2.06737387157966e-13,NaN
-2357.20784,-0.29224,-2.55646e-07,1.0815e-09,1.07529966219896e-09,-2.82172823334286e-13,-1.54759777468743e-13,-1.65562119404094e-13,NaN
-2347.12534,-0.29099,-2.54564e-07,1.07975e-09,1.07530309469326e-09,2.13740873924336e-13,6.91656423984281e-14,-5.40842717214442e-14,NaN
-2337.04284,-0.28974,-2.534865e-07,1.07550000000002e-09,1.07572714394681e-09,5.65271875330791e-13,1.72627747291969e-13,6.81178998547224e-14,NaN
-2326.96034,-0.28849,-2.52413e-07,1.07474999999999e-09,1.07643363844392e-09,6.29712869136833e-13,2.05333599790435e-13,1.12691619688812e-13,NaN
-2316.79718,-0.28723,-2.51337e-07,1.0766666666665e-09,1.07698656968509e-09,1.27724201820316e-13,1.45580614405383e-13,7.14903709137922e-14,NaN
-2306.71468,-0.28598,-2.50259666666667e-07,1.071e-09,1.07668908684756e-09,-4.80944208345403e-13,-4.14834021775766e-14,1.18747636306031e-15,NaN
-2296.63218,-0.28473,-2.49195e-07,1.07149999999998e-09,1.0760246812684e-09,-4.19145690316033e-13,-1.86930949796181e-13,-5.38098600603267e-14,NaN
-2286.54968,-0.28348,-2.48116666666667e-07,1.07650000000002e-09,1.07585079546693e-09,-9.82619592352179e-14,-1.85421811847631e-13,-7.10337519275303e-14,NaN
-2276.46718,-0.28223,-2.47042e-07,1.081416666667e-09,1.07582815734992e-09,-1.65032145569092e-13,-7.64415155157592e-14,-4.79135630370528e-14,NaN
-2266.38468,-0.28098,-2.45953833333333e-07,1.0875e-09,1.07552073117579e-09,-7.30494715090552e-14,6.0981828999284e-14,1.34357221400403e-14,NaN
-2256.22152,-0.27972,-2.44867e-07,1.07791666666651e-09,1.07568205840691e-09,4.50501253119369e-13,1.29830790868796e-13,7.23300427828765e-14,NaN
-2246.13902,-0.27847,-2.43798e-07,1.072e-09,1.07642173368203e-09,4.88953361649852e-13,1.14116051753827e-13,6.2112476952961e-14,NaN
-2236.05652,-0.27722,-2.42723e-07,1.07150000000001e-09,1.07665996513021e-09,-3.71036286414155e-14,5.47664577893754e-14,-3.34536518320791e-14,NaN
-2225.97402,-0.27597,-2.41655e-07,1.06750000000001e-09,1.07634752642475e-09,-4.33965348149928e-13,-8.42859784612627e-14,-1.81685459711629e-13,NaN
-2215.89152,-0.27472,-2.40588e-07,1.07149999999998e-09,1.07579203443391e-09,-4.06464530896747e-13,-3.60000125738922e-13,-3.30475936561843e-13,NaN
-2205.80902,-0.27347,-2.39512e-07,1.07599999999998e-09,1.07553459736296e-09,-2.26353928311524e-13,-5.98836803927911e-13,-4.35357863548021e-13,NaN
-2195.72652,-0.27222,-2.38436e-07,1.08158333333352e-09,1.07533932657728e-09,-5.1876975046992e-13,-6.14555194356752e-13,-4.80748435973324e-13,NaN
-2185.56336,-0.27096,-2.37348833333333e-07,1.08299999999998e-09,1.07449705786202e-09,-9.70278958260063e-13,-4.82209184151234e-13,-4.59717424598623e-13,NaN
-2175.48086,-0.26971,-2.3627e-07,1.07758333333298e-09,1.07339876866076e-09,-7.79366895477276e-13,-3.05854868494656e-13,-3.65467657122389e-13,NaN
-2165.39836,-0.26846,-2.35193666666667e-07,1.07441666666653e-09,1.07293832407106e-09,8.15081181388457e-14,-1.73589758824048e-13,-2.2715300691645e-13,NaN
-2155.31586,-0.26721,-2.34121166666667e-07,1.07075e-09,1.07356178489704e-09,4.20398823134375e-13,-1.03772975047866e-13,-1.23770508782554e-13,NaN
-2145.23336,-0.26596,-2.33052166666667e-07,1.06633333333348e-09,1.07377912171733e-09,1.52037702943255e-13,-3.06099951382708e-14,-9.16363336026835e-14,NaN
-2135.15086,-0.26471,-2.319885e-07,1.0705833333335e-09,1.07386586030293e-09,2.46267843594741e-14,7.73908268094784e-15,-9.03915794517906e-14,NaN
-2124.9877,-0.26345,-2.30911e-07,1.07375000000001e-09,1.07382837528605e-09,-2.96665576979075e-13,-8.10812947552876e-14,-8.54577575009805e-14,NaN
-2114.9052,-0.2622,-2.29841e-07,1.07649999999999e-09,1.07327252914897e-09,-4.64013294110607e-13,-2.12591057555938e-13,-5.35487051299688e-14,NaN
-2104.8227,-0.26095,-2.28758e-07,1.075e-09,1.07290034869783e-09,-1.93527296507494e-13,-1.25888540645041e-13,1.91217551236666e-14,NaN
-2094.7402,-0.2597,-2.27691e-07,1.06583333333351e-09,1.07288547455595e-09,7.47793396643789e-14,1.33000961663898e-13,1.16821306968555e-13,NaN
-2084.6577,-0.25845,-2.26626333333333e-07,1.0705e-09,1.07304990737716e-09,2.04819113008982e-13,3.02288323167467e-13,2.30064276108311e-13,NaN
-2074.5752,-0.2572,-2.2555e-07,1.0786666666665e-09,1.07329511278197e-09,5.84205077903072e-13,4.13729767559892e-13,3.56427926425931e-13,NaN
-2064.41204,-0.25594,-2.24469e-07,1.07866666666649e-09,1.07421831753296e-09,1.03877901274068e-12,4.82502115222317e-13,4.49731843707281e-13,NaN
-2054.32954,-0.25469,-2.23392666666667e-07,1.07575000000001e-09,1.07537267080745e-09,5.5891086411128e-13,4.31052484253442e-13,4.45641722410525e-13,NaN
-2044.24704,-0.25344,-2.223175e-07,1.0768333333335e-09,1.07533613926119e-09,-2.42467582002418e-13,3.64736045796391e-13,3.52561015353217e-13,NaN
-2034.16454,-0.25219,-2.21239e-07,1.07375000000001e-09,1.07488773564345e-09,1.83611201935251e-14,2.95122021378202e-13,2.16651694829716e-13,NaN
-2024.08204,-0.25094,-2.2017e-07,1.07366666666651e-09,1.07537286150157e-09,2.82676800700795e-13,8.13180272609534e-14,4.77439034301851e-14,NaN
-2013.99954,-0.24969,-2.19091666666667e-07,1.07449999999997e-09,1.07545308924485e-09,1.35256619909586e-14,-1.92120204983386e-13,-1.2958190017863e-13,NaN
-2003.91704,-0.24844,-2.18021e-07,1.0733333333335e-09,1.07539991282556e-09,6.94535251181833e-14,-3.29423754473957e-13,-2.75564189174939e-13,NaN
-1993.75388,-0.24718,-2.16945e-07,1.0715e-09,1.07559199629509e-09,-3.41764737923255e-13,-3.93509776514996e-13,-3.81492972131122e-13,NaN
-1983.67138,-0.24593,-2.15878e-07,1.07649999999999e-09,1.07471638334971e-09,-1.07018905958394e-12,-4.63549989292618e-13,-4.24576823966719e-13,NaN
-1973.58888,-0.24468,-2.14792e-07,1.08333333333351e-09,1.07345161817592e-09,-8.54064509108906e-13,-4.22998689589146e-13,-3.79176292064703e-13,NaN
-1963.50638,-0.24343,-2.13711333333333e-07,1.0735e-09,1.07300825433149e-09,-1.92274163692564e-13,-2.99530687974416e-13,-2.87805040404398e-13,NaN
-1953.42388,-0.24218,-2.12645e-07,1.06616666666649e-09,1.07306706984853e-09,1.33036395334946e-13,-2.00728206449722e-13,-2.06332080786218e-13,NaN
-1943.34138,-0.24093,-2.11579e-07,1.07750000000002e-09,1.07327432712216e-09,2.89133158991859e-13,-6.38109348107362e-14,-1.36359326351876e-13,NaN
-1933.17822,-0.23967,-2.1049e-07,1.078e-09,1.07364533616652e-09,1.56273836773209e-13,3.19661586770481e-14,-7.93553503624852e-14,NaN
-1923.09572,-0.23842,-2.09423e-07,1.06533333333349e-09,1.07358687479571e-09,-2.18467364063281e-13,-4.86837088708492e-14,-5.0098817890584e-14,NaN
-1913.01322,-0.23717,-2.08359333333333e-07,1.07e-09,1.07320840143839e-09,-3.6285005995174e-13,-1.2126085839455e-13,-2.90725853929198e-14,NaN
-1902.93072,-0.23592,-2.07283e-07,1.07416666666649e-09,1.0728611746758e-09,-2.11152882219128e-13,-6.00625537761421e-14,8.40217776942814e-16,NaN
-1892.84822,-0.23467,-2.06211e-07,1.06908333333352e-09,1.07278609567395e-09,-1.02893102323497e-13,3.40531575583055e-15,2.5928662348432e-14,NaN
-1882.76572,-0.23342,-2.05144833333333e-07,1.0714166666665e-09,1.07265538847116e-09,6.76964149394321e-14,6.41942915907053e-14,5.51144108845596e-14,NaN
-1872.68322,-0.23217,-2.04068166666667e-07,1.07941666666649e-09,1.07292148850383e-09,5.67260542664732e-13,1.53867649000412e-13,9.57492324409364e-14,NaN
-1862.52006,-0.23091,-2.02986e-07,1.07866666666701e-09,1.07378990955649e-09,4.51318513688086e-13,1.49002662731189e-13,1.00697284659605e-13,NaN
-1852.43756,-0.22966,-2.01910833333333e-07,1.075e-09,1.07382412553121e-09,-2.45586793079779e-13,4.53881231920785e-14,4.91237611339552e-14,NaN
-1842.35506,-0.22841,-2.00836e-07,1.0709166666665e-09,1.07329873597033e-09,-2.6476517381431e-13,-2.26658988088077e-14,-2.69206400294877e-14,NaN
-1832.27256,-0.22716,-1.99769e-07,1.06900000000001e-09,1.07329459518358e-09,-7.45069194694988e-14,-1.03175619191115e-13,-1.22779402434671e-13,NaN
-1822.19006,-0.22591,-1.98698e-07,1.0709166666665e-09,1.07314972213139e-09,-3.60629835447618e-13,-2.78174311064958e-13,-2.36513825774759e-13,NaN
-1812.10756,-0.22466,-1.97627166666667e-07,1.07516666666649e-09,1.07257333551268e-09,-2.83916312508354e-13,-3.723219000637e-13,-3.35331841116436e-13,NaN
-1801.9444,-0.2234,-1.96547666666667e-07,1.07708333333349e-09,1.07258188950637e-09,-1.18638988775564e-14,-3.74934180992977e-13,-4.10739433002218e-13,NaN
-1791.8619,-0.22215,-1.95473e-07,1.07300000000001e-09,1.07254960771493e-09,-4.94360902248855e-13,-4.65737256636051e-13,-4.77015667052019e-13,NaN
-1781.7794,-0.2209,-1.94401666666667e-07,1.0705e-09,1.07159316770187e-09,-9.41184482938709e-13,-5.3883562407162e-13,-5.17378685749343e-13,NaN
-1771.6969,-0.21965,-1.93332e-07,1.06833333333349e-09,1.07066723874905e-09,-5.37280701763759e-13,-5.05899262187525e-13,-5.12843001123172e-13,NaN
-1761.6144,-0.2184,-1.92265e-07,1.06766666666652e-09,1.07051860629835e-09,-3.4552413642481e-13,-4.89170948546664e-13,-4.80104223986527e-13,NaN
-1751.5319,-0.21715,-1.91196666666667e-07,1.0705e-09,1.0699761904762e-09,-5.27214776053359e-13,-4.71454968872244e-13,-4.16371415648627e-13,NaN
-1741.36874,-0.21589,-1.90124e-07,1.06833333333349e-09,1.06946417674624e-09,-2.1861719515005e-13,-3.41214245956043e-13,-3.13234331845629e-13,NaN
-1731.28624,-0.21464,-1.8906e-07,1.07100000000001e-09,1.0695389560859e-09,-5.95374305259846e-14,-1.72999800855885e-13,-2.00603321033676e-13,NaN
-1721.20374,-0.21339,-1.87982e-07,1.07699999999999e-09,1.06934510188519e-09,-2.66917293231223e-13,-6.77320391264372e-14,-9.45279207493204e-14,NaN
-1711.12124,-0.21214,-1.86906e-07,1.071e-09,1.06900512149944e-09,-1.94467146133968e-13,2.56239755614093e-14,1.05852627163291e-15,NaN
-1701.03874,-0.21089,-1.8584e-07,1.06300000000001e-09,1.06895616759292e-09,2.17636482495362e-13,8.09746444658124e-14,5.96852620763945e-14,NaN
-1690.932042,-0.209637,-1.8478e-07,1.06375000000001e-09,1.06944039446443e-09,4.01847008814598e-13,8.22953743326875e-14,6.68943993507659e-14,NaN
-1680.83341,-0.208385,-1.837125e-07,1.06899999999998e-09,1.06975986161055e-09,1.49272638104586e-13,8.81396127284547e-14,5.03224761606006e-14,NaN
-1670.74311286666,-0.207134033333333,-1.82642e-07,1.06925e-09,1.06973893974064e-09,-1.12305219578861e-13,4.63414985636158e-14,4.2505717589943e-14,NaN
-1660.644212,-0.205882,-1.81574e-07,1.06700000000002e-09,1.06953525117139e-09,-1.44123896696194e-13,-1.86375409519406e-14,5.59912669423379e-14,NaN
-1650.55378043334,-0.204631016666667,-1.80508e-07,1.07583333333349e-09,1.06945069194725e-09,5.79982565105615e-14,6.55170535268066e-15,1.03012980463471e-13,NaN
-1640.45528286666,-0.203379033333333,-1.79422333333333e-07,1.0775e-09,1.06965124768441e-09,-3.24180015435049e-15,1.3286735512544e-13,1.70763867536658e-13,NaN
-1630.364448,-0.202128,-1.78353e-07,1.0671666666665e-09,1.06944420834694e-09,-3.95962732838598e-14,2.66466148908453e-13,2.27599584792461e-13,NaN
-1620.265816,-0.200876,-1.77288e-07,1.06699999999999e-09,1.06957205513784e-09,5.33943554555536e-13,3.42618765677485e-13,2.58133724631896e-13,NaN
-1610.17525,-0.199625,-1.76219e-07,1.06966666666649e-09,1.07051209545605e-09,8.44080309468996e-13,3.40247217821975e-13,2.41018285129698e-13,NaN
-1600.07675243334,-0.198373016666667,-1.75148666666667e-07,1.0711666666665e-09,1.07126021575678e-09,3.5919962949809e-13,2.05853611171955e-13,1.62196183274025e-13,NaN
-1589.97825486666,-0.197121033333333,-1.74076666666667e-07,1.06833333333351e-09,1.07123049471505e-09,-1.81595292581915e-13,1.52474654730139e-14,4.32497618369226e-14,NaN
-1579.88742,-0.19587,-1.73012e-07,1.06825e-09,1.07089702517162e-09,-2.65868475545264e-13,-1.23222029689735e-13,-7.29989746511468e-14,NaN
-1569.788788,-0.194618,-1.71940166666667e-07,1.07158333333349e-09,1.07069875776395e-09,-3.44720496900066e-13,-2.19347078045719e-13,-1.49312084949924e-13,NaN
-1559.69835643334,-0.193367016666667,-1.70868833333333e-07,1.07308333333351e-09,1.07020758417782e-09,-5.6427754167628e-13,-2.34020429100193e-13,-1.6307332264315e-13,NaN
-1549.59959,-0.192115,-1.69794e-07,1.0709166666665e-09,1.0695702026806e-09,-1.75057208226773e-13,-1.48173971967443e-13,-1.1049488317696e-13,NaN
-1539.509024,-0.190864,-1.68727e-07,1.0695e-09,1.06985746976136e-09,4.56739675284121e-13,-2.3728591514425e-14,-3.21730582685498e-14,NaN
-1529.41052643334,-0.189612016666667,-1.67655e-07,1.0733333333335e-09,1.07048368203117e-09,2.94935708833884e-13,8.3065961504517e-14,1.94238986851354e-14,NaN
-1519.31189443334,-0.188360016666667,-1.66580333333333e-07,1.0724166666665e-09,1.07044734117903e-09,-1.10861392604385e-13,1.34492859040535e-13,2.86975297181088e-14,NaN
-1509.221194,-0.187109,-1.65510166666667e-07,1.06933333333301e-09,1.07026195924596e-09,-9.67227852120399e-14,9.05357038092898e-14,-2.15990180222626e-15,NaN
-1499.122562,-0.185857,-1.64441666666667e-07,1.06708333333349e-09,1.07025389560861e-09,9.73902146577996e-14,-7.78405106214432e-14,-6.3645615849573e-14,NaN
-1489.031996,-0.184606,-1.63376e-07,1.06724999999999e-09,1.07045673967528e-09,-2.43816062123199e-15,-2.40895831855836e-13,-1.33774691904716e-13,NaN
-1478.93349843334,-0.183354016666667,-1.62307166666667e-07,1.06800000000001e-09,1.07024901928737e-09,-3.66146344118825e-13,-2.51136068354887e-13,-1.78931107257395e-13,NaN
-1468.842798,-0.182103,-1.6124e-07,1.06883333333351e-09,1.06972444698704e-09,-4.57025716472723e-13,-1.76558027531953e-13,-1.6599080444164e-13,NaN
-1458.74430043334,-0.180851016666667,-1.601695e-07,1.073e-09,1.06933496785442e-09,-2.71834477488149e-13,-1.03863496027578e-13,-8.49571731903392e-14,NaN
-1448.64566843334,-0.179599016666667,-1.59094e-07,1.073e-09,1.06918077803206e-09,4.59028004851568e-14,-6.39403185275365e-15,3.77824189486866e-14,NaN
-1438.55510243334,-0.178348016666667,-1.580235e-07,1.07000000000001e-09,1.06942677345539e-09,3.36929279707247e-13,1.46444707084265e-13,1.41768673835638e-13,NaN
-1428.456336,-0.177096,-1.56954e-07,1.0698333333335e-09,1.06985463659148e-09,3.80543750677999e-13,2.79081425820241e-13,1.82618557401966e-13,NaN
-1418.36577,-0.175845,-1.55883833333333e-07,1.06958333333349e-09,1.07018786095675e-09,2.81450909882616e-13,2.8102284824085e-13,1.58866888742875e-13,NaN
-1408.267138,-0.174593,-1.54814833333333e-07,1.0699166666665e-09,1.07041753841124e-09,2.03947368417398e-13,1.3501725200241e-13,8.07505408649807e-14,NaN
-1398.176572,-0.173342,-1.53744e-07,1.06891666666651e-09,1.07059575569358e-09,4.44453525186127e-14,-8.22894687376268e-14,-3.75073274294673e-14,NaN
-1388.07794,-0.17209,-1.52677e-07,1.06650000000001e-09,1.07050642911628e-09,-2.86000326909815e-13,-2.44772771092417e-13,-1.6768185588921e-13,NaN
-1377.987374,-0.170839,-1.51611e-07,1.0679166666665e-09,1.07002375503976e-09,-5.60695216320593e-13,-3.24017960175514e-13,-2.66559693364102e-13,NaN
-1367.888742,-0.169587,-1.50541166666667e-07,1.07124999999999e-09,1.06938503868364e-09,-6.02824997281108e-13,-3.4661235662505e-13,-2.99599513144265e-13,NaN
-1357.79024443334,-0.168335016666667,-1.494685e-07,1.07383333333349e-09,1.0688181050452e-09,-3.04007300854308e-13,-3.00437231213719e-13,-2.68787893079982e-13,NaN
-1347.699544,-0.167084,-1.483935e-07,1.0751666666665e-09,1.06877702408193e-09,5.44704151858063e-14,-2.09620947314922e-13,-2.10830689652894e-13,NaN
-1337.600912,-0.165832,-1.47318166666667e-07,1.06925e-09,1.06892704587557e-09,-1.50239729647265e-14,-1.13340130491991e-13,-1.73128440902809e-13,NaN
-1327.510346,-0.164581,-1.46255e-07,1.06358333333351e-09,1.068746976136e-09,-9.44616977234408e-14,-6.63425691908505e-14,-1.72862352117512e-13,NaN
-1317.411714,-0.163329,-1.45191e-07,1.06733333333351e-09,1.06873812248012e-09,-3.93783371299409e-14,-1.17615666805868e-13,-1.96134220528016e-13,NaN
-1307.321148,-0.162078,-1.44120333333333e-07,1.06858333333349e-09,1.06866821946174e-09,-2.22008826400888e-13,-2.41084874949062e-13,-2.21907261112451e-13,NaN
-1297.222516,-0.160826,-1.43053833333333e-07,1.06583333333299e-09,1.06829410482732e-09,-3.53097417465675e-13,-3.41757340042028e-13,-2.25543780928085e-13,NaN
-1287.12401843334,-0.159574016666667,-1.41988666666667e-07,1.06491666666651e-09,1.06796202462681e-09,-3.88552904005609e-13,-3.02238665228061e-13,-1.86193711592122e-13,NaN
-1277.033318,-0.158323,-1.40924e-07,1.06833333333351e-09,1.06751699901931e-09,-3.81279285178398e-13,-1.29919502067237e-13,-9.14032730788414e-14,NaN
-1266.934686,-0.157071,-1.39852e-07,1.07058333333349e-09,1.06719946605645e-09,-1.16582216423173e-13,7.03101881466326e-14,4.86931926680256e-14,NaN
-1256.84425443334,-0.155820016666667,-1.38782833333333e-07,1.0705833333335e-09,1.06728383458646e-09,2.86626893318159e-13,2.38353973756107e-13,1.9365973758929e-13,NaN
-1246.745488,-0.154568,-1.37710833333333e-07,1.06825e-09,1.06777271984309e-09,7.24256292894574e-13,3.46356351501504e-13,2.89688527145483e-13,NaN
-1236.654922,-0.153317,-1.36646333333333e-07,1.066583333333e-09,1.06873234717225e-09,7.532418001369e-13,3.74622421819307e-13,2.93996925778097e-13,NaN
-1226.5566933,-0.15206505,-1.35577666666667e-07,1.06875000000001e-09,1.06927920344336e-09,1.86335403738881e-13,2.87935621460259e-13,2.09261496734957e-13,NaN
-1216.465724,-0.150814,-1.34508833333333e-07,1.0660833333335e-09,1.06910501797973e-09,-1.83978969145435e-13,1.00631316305897e-13,7.73439946035794e-14,NaN
-1206.367092,-0.149562,-1.334455e-07,1.06591666666648e-09,1.06891124550507e-09,-1.60360139475657e-13,-1.13956822483822e-13,-5.58298647869312e-14,NaN
-1196.26859443334,-0.148310016666667,-1.32377e-07,1.071e-09,1.06878429770078e-09,-2.51838836231533e-13,-2.77023891443357e-13,-1.53134767432433e-13,NaN
-1186.177894,-0.147059,-1.313035e-07,1.07100000000001e-09,1.06840756783261e-09,-3.88825324200179e-13,-3.00420149390009e-13,-1.9481659423508e-13,NaN
-1176.079262,-0.145807,-1.30235e-07,1.07075e-09,1.06800664705238e-09,-2.64043260329968e-13,-2.02372062211256e-13,-1.8220695811825e-13,NaN
-1165.988696,-0.144556,-1.29162e-07,1.0705e-09,1.06787948131195e-09,-1.00196142525302e-13,-8.50557083394132e-14,-1.40532216804914e-13,NaN
-1155.890064,-0.143304,-1.28094e-07,1.06899999999999e-09,1.06780625476733e-09,2.38231448362818e-14,-1.44326497270259e-14,-1.07057808447006e-13,NaN
-1145.799498,-0.142053,-1.27024e-07,1.06750000000001e-09,1.06792712760162e-09,1.13749046554784e-13,-3.02359095200905e-14,-1.12461829309013e-13,NaN
-1135.70113486666,-0.140801033333333,-1.25959e-07,1.0638333333335e-09,1.06803375286044e-09,4.16530456493823e-14,-1.26015765311544e-13,-1.67053346758237e-13,NaN
-1125.602234,-0.139549,-1.24896333333333e-07,1.06349999999999e-09,1.06801043369292e-09,-9.81393701814931e-14,-2.57595125441465e-13,-2.44786157037573e-13,NaN
-1115.51193686666,-0.138298033333333,-1.23832e-07,1.06558333333301e-09,1.06783747412008e-09,-4.59409393039966e-13,-3.6135946433522e-13,-2.99757888930005e-13,NaN
-1105.413036,-0.137046,-1.22765166666667e-07,1.06800000000001e-09,1.06709161490684e-09,-7.76370273507613e-13,-3.85989963510708e-13,-2.90763888278809e-13,NaN
-1095.32260443334,-0.135795016666667,-1.21696e-07,1.06858333333349e-09,1.06628473357306e-09,-5.09521085327514e-13,-3.02623990556465e-13,-2.04801421994323e-13,NaN
-1085.22397243334,-0.134543016666667,-1.20628e-07,1.06950000000001e-09,1.06607257273619e-09,-6.97123242891488e-14,-1.14245244966213e-13,-7.01813385112567e-14,NaN
-1075.13354086666,-0.133292033333333,-1.19557e-07,1.06800000000001e-09,1.06614530892448e-09,2.10199411572668e-13,1.10260671187668e-13,6.47456616291958e-14,NaN
-1065.03464,-0.13204,-1.18492e-07,1.0665e-09,1.06649297155933e-09,4.45693036940436e-13,2.87920508173046e-13,1.52893916380301e-13,NaN
-1054.93614243334,-0.130788016666667,-1.17424e-07,1.06833333333349e-09,1.06703669499836e-09,5.21657404380408e-13,3.0829217185344e-13,1.66580834424058e-13,NaN
-1044.84557643334,-0.129537016666667,-1.16355333333333e-07,1.06666666666649e-09,1.06753628636809e-09,3.46641059169235e-13,1.56777718849633e-13,1.06215609253099e-13,NaN
-1034.74681,-0.128285,-1.15290666666667e-07,1.06416666666651e-09,1.0677299771167e-09,-4.65838509244323e-14,-4.69748278680745e-14,1.56057466968151e-15,NaN
-1024.65637843334,-0.127034016666667,-1.14227e-07,1.06208333333351e-09,1.06744311866624e-09,-4.47313937006083e-13,-2.07494037871708e-13,-1.03174707159299e-13,NaN
-1014.55814973334,-0.125782066666667,-1.131665e-07,1.0645e-09,1.06683534924269e-09,-6.16949983667323e-13,-2.66337463705351e-13,-1.68575373236679e-13,NaN
-1004.467046,-0.124531,-1.12098e-07,1.06975e-09,1.06620921869891e-09,-3.58954451361069e-13,-2.1348175724575e-13,-1.64451432646946e-13,NaN
-994.368414,-0.123279,-1.11027e-07,1.07125e-09,1.06611744033997e-09,-6.81050441240023e-16,-8.43237299181132e-14,-8.270099366455e-14,NaN
-984.277982433336,-0.122028016666667,-1.099555e-07,1.07e-09,1.06620785659803e-09,2.5517598344782e-13,3.90562272728474e-14,5.30692487741519e-14,NaN
-974.179216,-0.120776,-1.08887e-07,1.06850000000001e-09,1.06662779230686e-09,3.96698267407756e-13,1.22005187796354e-13,1.5569203999047e-13,NaN
-964.080584,-0.119524,-1.078185e-07,1.066e-09,1.06700125313284e-09,1.96183393264446e-13,1.75485142879254e-13,1.11612678087439e-13,NaN
-953.990152433336,-0.118273016666667,-1.06755e-07,1.0635e-09,1.06702015909339e-09,-1.1086139260759e-13,1.57367289462672e-13,-1.07947758403673e-13,NaN
-943.891386,-0.117021,-1.056915e-07,1.062e-09,1.06677953034763e-09,-3.54064509098206e-13,-7.48781761102267e-14,-4.32761678240157e-13,NaN
-933.80082,-0.11577,-1.04631e-07,1.06375000000001e-09,1.0663120300752e-09,-2.65813991511954e-13,-6.77560311544676e-13,-7.46024247162213e-13,NaN
-923.7025913,-0.11451805,-1.03564e-07,1.06550000000001e-09,1.0662479023646e-09,-2.78631361013533e-13,-1.29402984506158e-12,-9.39350021938305e-13,NaN
-913.611622,-0.113267,-1.025e-07,1.06849999999999e-09,1.06575476735317e-09,-9.96935272961529e-13,-1.35473447541707e-12,-9.22911850438705e-13,NaN
-903.5133933,-0.11201505,-1.01427e-07,1.07133333333349e-09,1.06425403181868e-09,-2.18601258581403e-12,-8.34779471737667e-13,-6.16799536321276e-13,NaN
-893.4147613,-0.11076305,-1.00357333333333e-07,1.0675e-09,1.06138274218154e-09,-2.23561349024886e-12,-6.97609979706969e-15,1.91204789927202e-14,NaN
-883.323792,-0.109512,-9.9292e-08,1.06616666666651e-09,1.05978280483818e-09,6.70623569793711e-13,9.09866995450804e-13,9.1731077519413e-13,NaN
-873.22516,-0.10826,-9.8225e-08,1.06241666666665e-09,1.06272398932113e-09,3.86887735643487e-12,1.84240439512081e-12,1.84234547591732e-12,NaN
-863.1349973,-0.10700905,-9.71671666666667e-08,1.06016666666665e-09,1.06752055955105e-09,4.26426119646847e-12,2.71457801669309e-12,2.54180708028416e-12,NaN
-853.035962,-0.105757,-9.61046666666667e-08,1.06158333333335e-09,1.07125251171407e-09,3.24433910863842e-12,3.29905330494397e-12,2.9225094324919e-12,NaN
-842.945530433336,-0.104506016666667,-9.5044e-08,1.0669166666667e-09,1.07400923776833e-09,2.49486760378995e-12,3.33128302538871e-12,2.99751116177518e-12,NaN
-832.846764,-0.103254,-9.39708333333333e-08,1.0705e-09,1.07624224692164e-09,2.17630761686742e-12,2.76698318843595e-12,2.80053399891438e-12,NaN
-822.756198,-0.102003,-9.2903e-08,1.06241666666665e-09,1.07836185300206e-09,2.00849133703776e-12,2.06544331590214e-12,2.36369451992296e-12,NaN
-812.657566,-0.100751,-9.1846e-08,1.0635e-09,1.08025922959572e-09,1.7382464312953e-12,1.58252033054871e-12,1.7527527017371e-12,NaN
-802.559202866667,-0.0994990333333333,-9.0776e-08,1.0815e-09,1.08183834586465e-09,1.40105835240913e-12,1.13624669889235e-12,1.07885100218765e-12,NaN
-792.4687713,-0.09824805,-8.9683e-08,1.12210833333335e-09,1.08306134630054e-09,7.47714394691126e-13,5.35646917285301e-13,4.36680804508101e-13,NaN
-782.369198266666,-0.0969959333333333,-8.85317833333333e-08,1.1345e-09,1.08333377465404e-09,-1.27303312630409e-13,-1.92512521801611e-13,-1.68904338688261e-13,NaN
-772.279304433334,-0.0957450166666667,-8.7414e-08,1.08879166666665e-09,1.08280673967528e-09,-1.00207311757964e-12,-8.74550176494235e-13,-8.28278334661262e-13,NaN
-762.1801347,-0.09449295,-8.63542e-08,1.06079166666665e-09,1.08132962841888e-09,-1.81104936253765e-12,-1.44615387155416e-12,-1.55972112539038e-12,NaN
-752.090644166666,-0.0932420833333333,-8.52924166666667e-08,1.06575e-09,1.0791846409502e-09,-2.30856897679134e-12,-2.02987650539241e-12,-2.24244421684771e-12,NaN
-741.992818766666,-0.0919901833333333,-8.42227e-08,1.07063333333335e-09,1.07671249046529e-09,-2.43813065271777e-12,-2.71064920015259e-12,-2.75152177190856e-12,NaN
-731.8947245,-0.09073825,-8.315115e-08,1.0701e-09,1.07430837964477e-09,-2.38071265119142e-12,-3.32297336848238e-12,-3.02387763633001e-12,NaN
-721.8033519,-0.08948715,-8.20825e-08,1.06575e-09,1.07195106516291e-09,-3.00672605426657e-12,-3.40408682024755e-12,-3.0415216260969e-12,NaN
-711.7043166,-0.0882351,-8.101965e-08,1.06163333333334e-09,1.06829492753623e-09,-4.02144627874066e-12,-2.88613857538302e-12,-2.78020847395552e-12,NaN
-701.612002966667,-0.0869838833333333,-7.99592333333333e-08,1.060025e-09,1.06390817260543e-09,-3.96633158984396e-12,-2.16001943644936e-12,-2.22185326918532e-12,NaN
-691.512564366667,-0.0857317833333333,-7.88996e-08,1.060175e-09,1.06036226435655e-09,-1.81240465293629e-12,-1.41881437593711e-12,-1.43334915539931e-12,NaN
-681.4229394,-0.0844809,-7.78388833333333e-08,1.06268333333335e-09,1.06028336329956e-09,1.23836084777154e-12,-6.59040162101423e-13,-5.99375893256914e-13,NaN
-671.3255173,-0.08322905,-7.67742333333333e-08,1.06599166666665e-09,1.06283898605209e-09,1.74063828048268e-12,1.38949240436252e-13,5.69078784206321e-14,NaN
-661.2280952,-0.0819772,-7.57069e-08,1.06931666666665e-09,1.06376463986052e-09,3.46647869673437e-13,7.79213451180873e-13,4.49776949076579e-13,NaN
-651.137663633334,-0.0807262166666667,-7.46356e-08,1.06935e-09,1.06353228179144e-09,-6.37218045126264e-14,9.599189934137e-13,6.18958467977025e-13,NaN
-641.0397038,-0.0794743,-7.35682e-08,1.06730833333335e-09,1.0636371962515e-09,2.65872561839203e-13,6.41574761368106e-13,5.98025059686145e-13,NaN
-630.946852433334,-0.0782230166666667,-7.25009833333333e-08,1.0638e-09,1.06406402691511e-09,5.12399204533566e-13,1.58449181760913e-13,4.15556168418713e-13,NaN
-620.847413833334,-0.0769709166666667,-7.14406e-08,1.05915e-09,1.06466199466056e-09,3.56558515853692e-13,-6.74963131202303e-14,1.35334400137574e-13,NaN
-610.756578966666,-0.0757198833333333,-7.03826833333333e-08,1.05975e-09,1.06477714394682e-09,-1.0260978533337e-13,-1.14089349501327e-13,-1.30221743524839e-13,NaN
-600.657946966667,-0.0744678833333333,-6.93211e-08,1.06054166666665e-09,1.0644567750899e-09,-4.12109077040343e-13,-2.28798058031325e-13,-2.7857947591371e-13,NaN
-590.5691286,-0.0732171,-6.82616e-08,1.06185e-09,1.06395292579274e-09,-5.72407921978901e-13,-3.39460523585134e-13,-2.86913326752168e-13,NaN
-580.4721098,-0.0719653,-6.71974e-08,1.065675e-09,1.06331195924594e-09,-5.14195815625008e-13,-3.17990622395551e-13,-2.05297158239598e-13,NaN
-570.3734778,-0.0707133,-6.613025e-08,1.06943333333335e-09,1.06292453416149e-09,-1.98305546474242e-13,-1.50244600301576e-13,-9.9831901179276e-14,NaN
-560.281836333334,-0.0694621666666667,-6.50585333333333e-08,1.069425e-09,1.06291534815299e-09,1.45594965674762e-13,5.01598198396102e-14,2.70238560655878e-15,NaN
-550.182532166667,-0.0682100833333333,-6.39914e-08,1.06261666666665e-09,1.06321572409284e-09,3.80986433474633e-13,1.80008587903591e-13,8.20905022328599e-14,NaN
-540.0916973,-0.06695905,-6.29333e-08,1.060775e-09,1.06367732101994e-09,4.63202844066669e-13,2.19198936075742e-13,1.02775956625607e-13,NaN
-529.992527566667,-0.0657069833333333,-6.186985e-08,1.06129166666665e-09,1.06414212978097e-09,2.41811049362968e-13,1.35323505632714e-13,5.37037061315731e-14,NaN
-519.901154966666,-0.0644558833333333,-6.08107166666667e-08,1.059625e-09,1.06416094311867e-09,-1.86110657076521e-13,-5.12567079497579e-14,-4.02467094933447e-14,NaN
-509.804136166667,-0.0632040833333333,-5.97506e-08,1.06275833333335e-09,1.06376990846682e-09,-3.60283861827306e-13,-2.33523776629846e-13,-1.28796605725911e-13,NaN
-499.7064452,-0.0619522,-5.86852e-08,1.06485e-09,1.06344037539501e-09,-3.76299444262957e-13,-2.99069231048332e-13,-1.74187332533408e-13,NaN
-489.615610333334,-0.0607011666666667,-5.76209e-08,1.06505e-09,1.06301730957829e-09,-4.24377519887277e-13,-2.33020497808551e-13,-1.66345324045012e-13,NaN
-479.517381633334,-0.0594492166666667,-5.65551e-08,1.0661e-09,1.06259162035524e-09,-2.52013185136842e-13,-9.8173232183259e-14,-1.08267446330418e-13,NaN
-469.426009033334,-0.0581981166666667,-5.54887e-08,1.06435833333335e-09,1.06251328320802e-09,1.59497929606811e-13,4.41188642276196e-14,-2.82928359399616e-14,NaN
-459.3268393,-0.05694605,-5.44263833333333e-08,1.06205e-09,1.06291061621445e-09,4.77560749700952e-13,1.06616136850317e-13,2.7896705533318e-14,NaN
-449.235332266666,-0.0556949333333333,-5.33646e-08,1.06184166666665e-09,1.06346840470742e-09,3.0769178380767e-13,8.21197204774154e-14,3.02451702670164e-14,NaN
-439.137238,-0.054443,-5.23027e-08,1.061325e-09,1.06352599978207e-09,-9.28407976468342e-14,1.91015569730758e-14,-1.38549476048484e-14,NaN
-429.038606,-0.053191,-5.124195e-08,1.06045833333335e-09,1.06328272311213e-09,-2.52931241148317e-13,-9.05695817026876e-14,-7.22959900732188e-14,NaN
-418.948577733334,-0.0519400666666667,-5.01817833333333e-08,1.063875e-09,1.06302013729977e-09,-3.69392230577971e-13,-1.95247791872961e-13,-1.14300993579567e-13,NaN
-408.8498113,-0.05068805,-4.91142e-08,1.06474166666665e-09,1.06254393865097e-09,-3.14694344555834e-13,-2.11408769847404e-13,-1.18288932722201e-13,NaN
-398.759783033334,-0.0494371166666667,-4.80523e-08,1.063e-09,1.06239074861066e-09,-6.72755257699981e-14,-1.23756452675335e-13,-8.8560709267166e-14,NaN
-388.661554333334,-0.0481851666666667,-4.69882e-08,1.06345e-09,1.06240938759943e-09,3.28184591910257e-14,-4.19295934143354e-15,-4.54063066954999e-14,NaN
-378.5700473,-0.04693405,-4.59254e-08,1.0637e-09,1.06245638552904e-09,1.63571973411517e-13,6.6012623278453e-14,-7.20226945729054e-15,NaN
-368.4714153,-0.04568205,-4.48608e-08,1.0626e-09,1.06273653154626e-09,1.99098289201671e-13,6.8468351506251e-14,1.87952724925022e-16,NaN
-358.381387033334,-0.0444311166666667,-4.38002e-08,1.06095e-09,1.06285458210744e-09,3.61052086744569e-14,-3.95179445519453e-15,-3.53725793433139e-14,NaN
-348.282486166666,-0.0431790833333333,-4.27389e-08,1.06065e-09,1.06280874196361e-09,-1.31426392067234e-13,-1.067213361262e-13,-9.5367597832017e-14,NaN
-338.183719733334,-0.0419270666666667,-4.16789e-08,1.06151666666665e-09,1.06259172932331e-09,-2.76366187207833e-13,-1.89869290384037e-13,-1.47224359881492e-13,NaN
-328.0942292,-0.0406762,-4.06158666666667e-08,1.06325e-09,1.06225600958919e-09,-3.54635229377363e-13,-2.40308680640464e-13,-1.65136752341798e-13,NaN
-317.9947906,-0.0394241,-3.95524e-08,1.0635416666667e-09,1.06188245886455e-09,-2.64731121280166e-13,-2.01749845628502e-13,-1.4048896894689e-13,NaN
-307.904762333334,-0.0381731666666667,-3.84887833333333e-08,1.06415e-09,1.06172654734663e-09,-8.35744251941216e-14,-8.36985287784198e-14,-8.46704376532913e-14,NaN
-297.8055926,-0.0369211,-3.74241e-08,1.06199166666665e-09,1.06171531001417e-09,1.90734989639194e-14,2.6897717716072e-14,-2.40766318478421e-14,NaN
-287.7150266,-0.0356701,-3.63648e-08,1.0615e-09,1.06176469434456e-09,1.6106570774857e-13,8.98322437798007e-14,2.45553130843013e-14,NaN
-277.6159913,-0.03441805,-3.53011e-08,1.0617e-09,1.06203744142966e-09,3.06205731721511e-13,9.66413226996292e-14,5.20556402456786e-14,NaN
-267.5173593,-0.03316605,-3.42414e-08,1.06005e-09,1.062377105808e-09,1.56783262503894e-13,4.10725652426854e-14,4.84154094477959e-14,NaN
-257.4271966,-0.0319151,-3.3181e-08,1.06095e-09,1.06235100795467e-09,-1.46711888417636e-13,-2.0739141992385e-14,2.25085544516399e-14,NaN
-247.328026866666,-0.0306630333333333,-3.21195e-08,1.06065e-09,1.06208368203117e-09,-2.29233409611696e-13,-2.31772486352337e-14,-8.67140364160482e-16,NaN
-237.2379986,-0.0294121,-3.10597e-08,1.06235e-09,1.06189254113545e-09,-1.45484635502338e-13,-1.1907390855132e-14,-3.38952555078773e-15,NaN
-227.1393666,-0.0281601,-2.99948e-08,1.0635e-09,1.06179271276016e-09,-2.78658603038718e-14,-7.89397482785034e-15,1.64512326396023e-14,NaN
-217.0492039,-0.02690915,-2.89327e-08,1.0629e-09,1.06183680941484e-09,2.22021085322721e-13,2.66239386091449e-14,4.63958891628278e-14,NaN
-206.9501686,-0.0256571,-2.7869e-08,1.0636e-09,1.06223675493081e-09,3.30083360576834e-13,8.18894492237873e-14,6.19271571081427e-14,NaN
-196.859468166666,-0.0244060833333333,-2.68055e-08,1.06403333333335e-09,1.06249697613599e-09,2.4103737604772e-14,1.07141415665583e-13,4.65140741099802e-14,NaN
-186.760701733334,-0.0231540666666667,-2.57409333333333e-08,1.0626e-09,1.06228496240602e-09,-1.56758744688144e-13,6.11341493493734e-14,1.11401210237113e-14,NaN
-176.661532,-0.021902,-2.46803e-08,1.05986666666665e-09,1.06218345864662e-09,-5.89939522719099e-14,-3.41760515099495e-14,-3.35884360686398e-14,NaN
-166.5717726,-0.0206511,-2.36212e-08,1.05841666666665e-09,1.06216697450147e-09,2.416639424602e-14,-1.40285661452637e-13,-8.6968670778222e-14,NaN
-156.472334,-0.019399,-2.25634666666667e-08,1.0621e-09,1.06223179143511e-09,-9.38555628202599e-14,-1.97804337792846e-13,-1.40755627510777e-13,NaN
-146.382709033334,-0.0181481166666667,-2.1497e-08,1.06428333333335e-09,1.06197926337583e-09,-3.35409175110622e-13,-1.80527608673874e-13,-1.81489551078544e-13,NaN
-136.2855558,-0.0168963,-2.04349e-08,1.0631e-09,1.06156097308489e-09,-3.07176909664629e-13,-1.67707956294692e-13,-2.04682288301856e-13,NaN
-126.193645466666,-0.0156451333333333,-1.93708e-08,1.062475e-09,1.0613649095565e-09,-1.81587119973977e-13,-1.90620839876818e-13,-2.14222317314501e-13,NaN
-116.0947446,-0.0143931,-1.830995e-08,1.0624e-09,1.06119779884494e-09,-9.93638988779452e-14,-2.08398266492781e-13,-2.10971955718974e-13,NaN
-105.994768266666,-0.0131409333333333,-1.7246e-08,1.057275e-09,1.06116618175875e-09,-6.5356325596604e-14,-2.12652202869325e-13,-2.01106531464555e-13,NaN
-95.9050088666664,-0.0118900333333333,-1.61954e-08,1.058925e-09,1.06106708619375e-09,-1.88565162906701e-13,-2.12154013670158e-13,-1.87624472950527e-13,NaN
-85.8065113,-0.01063805,-1.512815e-08,1.06375e-09,1.06078905143293e-09,-2.93026043368648e-13,-1.74133938779517e-13,-1.55979847112075e-13,NaN
-75.7163486,-0.0093871,-1.40679e-08,1.062375e-09,1.06048103410701e-09,-2.47489648033471e-13,-9.51060095513206e-14,-1.00419031169913e-13,NaN
-65.6158345333334,-0.00813486666666667,-1.30034e-08,1.061375e-09,1.06029407213687e-09,-1.6620082815869e-13,-3.658071206722e-14,-3.54963569413973e-14,NaN
-55.5256718333334,-0.00688391666666667,-1.194515e-08,1.05698333333335e-09,1.06014863245069e-09,8.15476190466766e-14,1.27042071832882e-14,2.5670103102728e-14,NaN
-45.4271742666666,-0.00563193333333333,-1.08894333333333e-08,1.06030833333334e-09,1.06045716737496e-09,4.14893211289331e-13,9.12347949529346e-14,7.33671100221766e-14,NaN
-35.3282734,-0.0043799,-9.82453333333333e-09,1.06161666666665e-09,1.06097841887327e-09,2.33119483491727e-13,1.37305394198715e-13,9.43621012367444e-14,NaN
-25.2378418333334,-0.00312891666666667,-8.7662e-09,1.059775e-09,1.06092340634194e-09,-1.12911354473149e-13,1.12039184436192e-13,9.19950228113103e-14,NaN
-15.1393442666666,-0.00187693333333333,-7.70498333333333e-09,1.06056666666667e-09,1.06075259616432e-09,-1.93322981369528e-14,7.31650722785102e-14,7.97001691763038e-14,NaN
-5.0485094,-0.0006259,-6.64506666666667e-09,1.05799166666667e-09,1.06088474174567e-09,1.20187697504523e-13,3.59252875271429e-14,5.48165389953448e-14,NaN
5.0489127,0.00062595,-5.589e-09,1.05948333333334e-09,1.06099297155933e-09,-4.30083360573349e-14,-3.30241523068323e-15,2.28912575501762e-14,NaN
15.139882,0.001877,-4.5261e-09,1.064125e-09,1.06079872507355e-09,-7.18658058189997e-14,2.5872360537275e-15,8.07061305069239e-15,NaN
25.238514,0.003129,-3.46075e-09,1.0662e-09,1.0608492399477e-09,1.45209491118805e-13,1.36317058228326e-14,1.42564250864174e-14,NaN
35.3282734,0.0043799,-2.3937e-09,1.06365833333334e-09,1.06108914405579e-09,1.03826141439875e-13,-8.95449262123443e-15,1.70083503015249e-14,NaN
45.4274431333334,0.00563196666666667,-1.33343333333333e-09,1.06115e-09,1.06105689223058e-09,-1.2006238422151e-13,1.06429230574921e-14,1.77982594788254e-15,NaN
55.5264784333334,0.00688401666666667,-2.714e-10,1.05695833333333e-09,1.06084901928735e-09,-1.10689767896e-13,4.70159417246593e-14,-2.79394499350938e-14,NaN
65.6167755666667,0.00813498333333333,7.80483333333333e-10,1.05465e-09,1.06083551269478e-09,-6.12945391666969e-17,-9.09249979552838e-15,-6.53797735872454e-14,NaN
75.715542,0.009387,1.8379e-09,1.06150833333333e-09,1.06084889669827e-09,7.82390759504178e-14,-1.31624512659404e-13,-8.98702364555826e-14,NaN
85.8046292333336,0.0106378166666667,2.9035e-09,1.06460833333334e-09,1.06099199084668e-09,8.84657295409715e-14,-1.85345997759947e-13,-9.2414657079578e-14,NaN
95.9039334,0.0118899,3.96711666666667e-09,1.0625e-09,1.06102582815735e-09,-2.62497275797934e-13,-1.38187346597103e-13,-8.55940261206489e-14,NaN
105.995440433334,0.0131410166666667,5.0285e-09,1.05674166666667e-09,1.06046699629509e-09,-5.20232646834657e-13,-5.71171074035551e-14,-6.53273847659914e-14,-3.12435318446046e-07
116.092055933334,0.0143927666666667,6.0806e-09,1.06025e-09,1.05998536286368e-09,-2.43899150050097e-13,3.10641176769662e-14,-2.49068316132054e-14,-1.19119629454461e-07
126.1917634,0.0156449,7.149e-09,1.06218333333333e-09,1.05997919799499e-09,2.9014111365281e-13,5.22075051820085e-14,1.16894351115162e-14,5.59059940115992e-08
136.282194966666,0.0168958833333333,8.20496666666667e-09,1.05934166666667e-09,1.06056564509099e-09,5.05554647488794e-13,6.69370040032863e-15,3.52011836658512e-15,1.68353487097549e-08
146.3805581,0.01814785,9.26768333333333e-09,1.06295000000002e-09,1.06099030728997e-09,2.46130271330648e-13,-2.46417484123848e-14,-5.41885861589974e-14,-2.59162803369118e-07
156.471796266666,0.0193989333333333,1.03308666666667e-08,1.06086666666668e-09,1.06105790563365e-09,-1.75681050453288e-13,-7.60005440787105e-14,-1.29716295730331e-13,-6.2038228392767e-07
166.569621666666,0.0206508333333333,1.13894166666667e-08,1.06041666666665e-09,1.06063894518906e-09,-6.59522447423541e-13,-1.89346869123856e-13,-1.88297644420403e-13,-9.0055395157584e-07
176.659784366666,0.0219017833333333,1.24517e-08,1.06146666666665e-09,1.0597388607388e-09,-5.76234063419986e-13,-3.02667349177785e-13,-1.96149784896607e-13,-9.38107666896816e-07
186.759491833334,0.0231539166666667,1.351235e-08,1.05705e-09,1.05948647706222e-09,-1.22890105698841e-13,-2.7330923907027e-13,-1.54565201704148e-13,-7.3922487771549e-07
196.858258266666,0.0244059333333333,1.45658e-08,1.057475e-09,1.0594930805274e-09,6.31919472606494e-14,-1.16117720951908e-13,-8.75419322158164e-14,-4.18678806249557e-07
206.9485554,0.0256569,1.56273e-08,1.06204166666665e-09,1.05961286095674e-09,5.07736733135055e-14,5.69242764607786e-14,-5.33986085543326e-15,-2.55384649607678e-08
217.0471874,0.0269089,1.66898833333333e-08,1.062175e-09,1.05959462787403e-09,1.31901765282076e-13,1.83619939684043e-13,7.1701423832268e-14,3.42919853110847e-07
227.1393666,0.0281601,1.775165e-08,1.06110833333335e-09,1.0598766644873e-09,3.7307943772495e-13,1.76260391020522e-13,1.08182318447332e-13,5.17393696922023e-07
237.2379986,0.0294121,1.88121e-08,1.056175e-09,1.06034078674948e-09,1.84996458537292e-13,9.79914568020893e-14,8.86919850329849e-14,4.24179058853406e-07
247.327758,0.030663,1.9864e-08,1.05611666666665e-09,1.06024665740438e-09,-7.38463005334217e-14,3.72116600669336e-14,4.87903886907922e-14,2.33345337216832e-07
257.42639,0.031915,2.09243333333333e-08,1.05845e-09,1.06019309414841e-09,-1.03916040097623e-13,-3.63349941431202e-14,3.11757014451271e-14,1.49101180824521e-07
267.516283833334,0.0331659166666667,2.19809e-08,1.06043333333335e-09,1.06003882532418e-09,-1.4833278849145e-13,-7.51045452124273e-14,4.78668978955087e-14,2.28928642108955e-07
277.6139748,0.0344178,2.30452e-08,1.0638e-09,1.05989642857143e-09,-2.42399476958531e-14,1.33355044400857e-14,9.27640678348501e-14,4.43654237471022e-07
287.7126068,0.0356698,2.41085e-08,1.06188333333335e-09,1.05999034542879e-09,5.48599760263963e-14,1.91134790076562e-13,1.29194448963234e-13,6.17886495041554e-07
297.803441666666,0.0369208333333333,2.51689666666667e-08,1.06386666666665e-09,1.06000614852348e-09,8.87517707312285e-14,2.67179619896822e-13,1.2241221709538e-13,5.85449733934426e-07
307.902745833334,0.0381729166666667,2.62362333333333e-08,1.06321666666665e-09,1.06016784897025e-09,4.93214013293694e-13,1.68435489630634e-13,6.09519835603458e-14,2.91509486592958e-07
317.993984,0.039424,2.72954e-08,1.05943333333335e-09,1.06099257655007e-09,6.12115887543987e-13,-2.32162034512792e-14,-6.75893190761386e-14,-3.2325326514675e-07
328.0934226,0.0406761,2.83551e-08,1.05675e-09,1.06139208074534e-09,-1.27250190694114e-13,-2.65500768618857e-13,-2.45391701373729e-13,-1.17361248483088e-06
338.184257466667,0.0419271333333333,2.94089e-08,1.05435e-09,1.06073807616868e-09,-9.44651029747769e-13,-4.61468438757025e-13,-4.03954049732756e-13,-1.93195415089579e-06
348.282082866666,0.0431790333333333,3.04638e-08,1.05765833333335e-09,1.05950277868585e-09,-1.08399395227274e-12,-5.56116782404337e-13,-4.63914709716202e-13,-2.21872252472966e-06
358.3796394,0.0444309,3.15242166666667e-08,1.06105e-09,1.05857008826414e-09,-6.7961071156223e-13,-5.52409699377739e-13,-3.98621495135267e-13,-1.9064506289078e-06
368.4693988,0.0456818,3.25859e-08,1.06219166666665e-09,1.05814355726272e-09,-2.82072027895353e-13,-3.56581887474409e-13,-2.41991704614584e-13,-1.1573516307654e-06
378.567896366666,0.0469337833333333,3.36486e-08,1.0633e-09,1.05800594420835e-09,1.8632586901966e-13,-9.42425550599448e-15,-4.67113184084991e-14,-2.23401957605865e-07
388.658462366666,0.0481847833333333,3.47125e-08,1.06305e-09,1.05851620900076e-09,4.80148741418672e-13,2.95889973235044e-13,1.2455695354673e-13,5.95707169136535e-07
398.758169833334,0.0494369166666667,3.57747e-08,1.06e-09,1.05896624169119e-09,5.03168246704464e-13,4.04439794885961e-13,2.27649301001926e-13,1.08875752653095e-06
408.849676866667,0.0506880333333333,3.68325e-08,1.056e-09,1.05952254549417e-09,4.78717173366546e-13,3.1639815816026e-13,2.47672117043603e-13,1.18451882064332e-06
418.949384333334,0.0519401666666667,3.78867e-08,1.047325e-09,1.05992367603792e-09,1.79715593330311e-13,1.58709743091983e-13,1.87743286256109e-13,8.97902673398782e-07
429.0390093,0.05319105,3.892715e-08,1.0493e-09,1.05988197668083e-09,-1.06824125529093e-13,4.9425720479851e-15,9.78215253645332e-14,4.67842077830376e-07
439.137238,0.054443,3.99853e-08,1.062625e-09,1.05971002778686e-09,-3.17301405687078e-13,-6.56277678587434e-14,4.90598510028514e-14,2.34634070013637e-07
449.234928966667,0.0556948833333333,4.10524e-08,1.0687e-09,1.05924737386946e-09,-2.77248828593733e-13,-2.63269339353297e-14,7.39304566346704e-14,3.53580444774511e-07
459.3248228,0.0569458,4.21227e-08,1.0668e-09,1.05915553012967e-09,1.01717609240139e-13,8.63440398915636e-14,1.42870025668639e-13,6.83291427110882e-07
469.4234548,0.0581978,4.3186e-08,1.06329166666665e-09,1.05945080908794e-09,3.79072681704187e-13,2.59554118650631e-13,1.94689138192459e-13,9.31121965268282e-07
479.5140208,0.0594488,4.42492833333333e-08,1.0621e-09,1.05991367549308e-09,5.09906559878921e-13,3.67805935483228e-13,1.88582418243091e-13,9.01915913336522e-07
489.613997133334,0.0607009666666667,4.53102e-08,1.05710833333335e-09,1.0604706222077e-09,4.62397842432917e-13,2.74026386783797e-13,1.07365447141717e-13,5.1348692111256e-07
499.706176333334,0.0619521666666667,4.63635e-08,1.05565e-09,1.06083847117795e-09,2.22071483055371e-13,-4.11517671237077e-15,-3.35271801320678e-14,-1.60347383240324e-07
509.804405033334,0.0632041166666667,4.74215e-08,1.0558e-09,1.06091476517381e-09,-1.14396044459709e-13,-3.02488688529904e-13,-1.91782801153883e-13,-9.17222092475093e-07
519.902096,0.064456,4.84751e-08,1.05815833333336e-09,1.06060967908903e-09,-7.25288765392471e-13,-4.62267191872489e-13,-3.20720481103955e-13,-1.53388056180152e-06
529.991586533334,0.0657068666666667,4.95378166666667e-08,1.06195e-09,1.05946418764302e-09,-1.17089190367206e-12,-4.74151382561147e-13,-3.64949294882364e-13,-1.74540967117652e-06
540.089546366666,0.0669587833333333,5.0599e-08,1.0617833333333e-09,1.05826789528168e-09,-7.13961534270267e-13,-3.54617052157525e-13,-3.01326330496729e-13,-1.44112592846262e-06
550.1802468,0.0682098,5.16613833333333e-08,1.0629e-09,1.05803626457448e-09,1.53646344121293e-13,-1.61131044140569e-13,-1.70331529368455e-13,-8.14629053501307e-07
560.279013233334,0.0694618166666667,5.27248e-08,1.06010833333335e-09,1.05857518796993e-09,5.71785441865635e-13,2.01754957476081e-14,-4.56532806400966e-14,-2.18341776974375e-07
570.370923566667,0.0707129833333333,5.37816e-08,1.05733333333335e-09,1.05917983545821e-09,4.18107769422425e-13,1.54786006645305e-13,1.62331117271743e-14,7.76366213038771e-08
580.470227733334,0.0719650666666667,5.48394666666667e-08,1.05545e-09,1.05941140350877e-09,1.53067451235542e-13,1.41130230689567e-13,4.85792827593963e-15,2.32335700153635e-08
590.569263033334,0.0732171166666667,5.58925e-08,1.05476666666665e-09,1.05948597036068e-09,-2.04415931130519e-13,-3.58529215507887e-14,-6.04315397040033e-14,-2.89020407280016e-07
600.659022433334,0.0744680166666667,5.6949e-08,1.05771666666666e-09,1.05900257164651e-09,-4.75743707092353e-13,-2.34019247977756e-13,-1.3704908855956e-13,-6.55452162676157e-07
610.7567134,0.0757199,5.80079333333333e-08,1.05995e-09,1.0585344829465e-09,-4.3459191457037e-13,-3.24996440757043e-13,-1.80920646497595e-13,-8.65272657162411e-07
620.8464728,0.0769708,5.90689e-08,1.06175833333335e-09,1.05813338781737e-09,-3.47029257927389e-13,-2.6891587944203e-13,-1.70078503840021e-13,-8.13418931408796e-07
630.944970366666,0.0782227833333333,6.013145e-08,1.06255e-09,1.05784042443064e-09,-5.84245940924565e-14,-1.17229344517697e-13,-9.93617208082361e-14,-4.75208229952434e-07
641.036746266667,0.0794739333333333,6.1194e-08,1.060675e-09,1.05801653862918e-09,1.49848806798996e-13,6.95393501742059e-14,4.21097652906587e-15,2.01394529650976e-08
651.135916,0.080726,6.22528e-08,1.05835e-09,1.05814012204424e-09,2.1618175874332e-13,1.97178723895132e-13,9.44641302554776e-14,4.51784970787067e-07
661.226482,0.081977,6.33107e-08,1.0548e-09,1.05844890214667e-09,3.31903127383702e-13,2.10885370668337e-13,1.37342884357249e-13,6.5685727301293e-07
671.325248433334,0.0832290166666667,6.43624e-08,1.05335e-09,1.05880392829901e-09,2.89159038902865e-13,1.45229595601294e-13,1.22981152798077e-13,5.88170730773412e-07
681.423611566667,0.0844809833333333,6.54174e-08,1.05588333333335e-09,1.05902722022448e-09,6.61504304250797e-14,4.19868556306938e-14,7.10771549904818e-14,3.39934219519696e-07
691.5135054,0.0857319,6.64741666666667e-08,1.058125e-09,1.05893622915986e-09,-1.94843085976182e-13,-3.4810876258146e-14,2.7525674415994e-14,1.31644529815623e-07
701.612271833334,0.0869839166666667,6.753365e-08,1.0622833333333e-09,1.05863753405252e-09,-2.73846300535758e-13,-6.3526709750766e-14,8.84397991545154e-15,4.22972952478117e-08
711.702568966667,0.0882348833333333,6.85987333333333e-08,1.061075e-09,1.05838853655879e-09,-1.29561675930045e-13,-4.65437086432942e-14,-2.63328737928607e-14,-1.25939831183247e-07
721.801604266666,0.0894869333333333,6.96558e-08,1.05958333333335e-09,1.05837841070066e-09,1.02383676584334e-13,3.00760642862859e-14,-6.89847860532112e-14,-3.29927237645793e-07
731.892708,0.090738,7.07179e-08,1.059875e-09,1.05859330391196e-09,2.21893047838234e-13,1.23121847005953e-13,-4.53365736138994e-14,-2.1682709119691e-07
741.9909367,0.09198995,7.177555e-08,1.05755e-09,1.05882219679634e-09,2.44870327993215e-13,2.98579947894794e-14,7.90092829645903e-14,3.77870483743693e-07
752.089972,0.093242,7.2833e-08,1.059325e-09,1.05908304456794e-09,1.98727797754546e-13,-1.23157458482829e-13,2.71440590342252e-13,1.29819412772381e-06
762.1797314,0.0944929,7.38942e-08,1.06005e-09,1.05921965239185e-09,5.63119755908191e-14,1.7238791274889e-13,4.5986140032817e-13,2.19933713200429e-06
772.279304433334,0.0957450166666667,7.49531e-08,1.05825e-09,1.05919566851912e-09,-1.99184101557517e-13,7.25865721489121e-13,5.67576676103789e-13,2.71449714658334e-06
782.3689294,0.0969959,7.60107e-08,1.05695e-09,1.05882128418873e-09,-4.06337855506379e-13,9.2306040641238e-13,5.38079775965548e-13,2.5734250154874e-06
792.467830266667,0.0982479333333333,7.7067e-08,1.057875e-09,1.05838299280811e-09,1.15817805383053e-12,6.0023793267467e-13,3.28189978629849e-13,1.56960424562102e-06
802.558665133334,0.0994989666666667,7.812645e-08,1.0581e-09,1.0611376402964e-09,2.86471068976495e-12,-7.31115090100956e-14,-1.56666331847138e-13,-7.49273761008051e-07
812.657566,0.100751,7.91832e-08,1.05910833333336e-09,1.06411241418764e-09,3.32471123458385e-13,-9.01196331002361e-13,-9.57721358481275e-13,-4.58040649708436e-06
822.756198,0.102003,8.02446666666667e-08,1.057925e-09,1.06180258254331e-09,-3.52151165958323e-12,-1.77613046119974e-12,-1.87481178438939e-12,-8.96649114273187e-06
832.846226266664,0.103253933333333,8.129905e-08,1.05706666666664e-09,1.05706939086847e-09,-4.55989157676709e-12,-2.6572631760566e-12,-2.62385033331243e-12,-1.25488494201899e-05
842.944858266664,0.104505933333333,8.23588e-08,1.05919999999999e-09,1.05268279938978e-09,-3.86829710144921e-12,-3.46493819871931e-12,-3.05603272327293e-12,-1.46158086765227e-05
853.035424266664,0.105756933333333,8.341745e-08,1.05870000000001e-09,1.04933279666558e-09,-3.06512204424096e-12,-3.71167164579588e-12,-3.15571392517749e-12,-1.50925448595445e-05
863.134728433336,0.107009016666667,8.44762e-08,1.05892500000001e-09,1.0465525553013e-09,-2.58823008608475e-12,-3.09821997224858e-12,-2.96332446429619e-12,-1.41724213509818e-05
873.22516,0.10826,8.55353e-08,1.0565e-09,1.04415633649341e-09,-2.20809360357419e-12,-2.2063352614855e-12,-2.53219370278195e-12,-1.21104916220006e-05
883.323523133336,0.109511966666667,8.65892e-08,1.05709166666665e-09,1.04213636809415e-09,-1.6060341070068e-12,-1.57294231321689e-12,-1.93330982817616e-12,-9.24626439562511e-06
893.414223566664,0.110762983333333,8.76494833333333e-08,1.05824166666664e-09,1.04094426827939e-09,-9.10749700342637e-13,-1.16157239975758e-12,-1.26585497275931e-12,-6.05408900015322e-06
903.5121834,0.1120149,8.87056833333333e-08,1.00278333333335e-09,1.04031486869346e-09,-6.60391467801966e-13,-7.42310762589112e-13,-6.64146125833341e-13,-3.17635103659424e-06
913.6112187,0.11326695,8.965505e-08,9.74158333333356e-10,1.03962348534379e-09,-3.39149504184383e-13,-2.07038508781466e-13,-1.476757712394e-13,-7.06275427666696e-07
923.702188,0.114518,9.0654e-08,1.025475e-09,1.03963656968509e-09,1.87914078683332e-13,3.98856006695468e-13,4.43781105555539e-13,2.12243137439606e-06
933.800551133336,0.115769966666667,9.1706e-08,1.058e-09,1.03999931350116e-09,7.48949820201436e-13,1.03168538809638e-12,1.19991470760846e-12,5.73872251464916e-06
943.891251566664,0.117020983333333,9.277e-08,1.063e-09,1.0411344693255e-09,1.77548763212171e-12,1.68093543248488e-12,2.01497791872711e-12,9.6368509156514e-06
953.990018,0.118273,9.3832e-08,1.0545e-09,1.0435502887654e-09,2.65727906723252e-12,2.55716062795754e-12,2.70060120501108e-12,1.29159188065747e-05
964.080315133336,0.119523966666667,9.4879e-08,1.05449999999999e-09,1.04644902745996e-09,3.12382859322674e-12,3.51553110631811e-12,3.1156089588146e-12,1.49007384986785e-05
974.179216,0.120776,9.5941e-08,1.0575e-09,1.04979794595185e-09,3.52718889616002e-12,3.81857724972274e-12,3.19785635741645e-12,1.52940956224265e-05
984.277848,0.122028,9.6994e-08,1.059e-09,1.05350340525228e-09,3.85268333877267e-12,3.23550442056716e-12,2.9301180128092e-12,1.40136078873483e-05
994.368279566664,0.123278983333333,9.8059e-08,1.053e-09,1.0575033126294e-09,4.25894219241851e-12,2.21934878939396e-12,2.33066564862962e-12,1.11466617977938e-05
1004.46691156666,0.124530983333333,9.91e-08,1.0510833333335e-09,1.06202128963712e-09,2.30307153753231e-12,1.24851469404757e-12,1.46807945285364e-12,7.0212495571261e-06
1014.557612,0.125782,1.00161166666667e-07,1.059e-09,1.06210945570446e-09,-1.87020812902077e-12,4.55766198582745e-13,5.6201217616305e-13,2.6878843207798e-06
1024.656244,0.127034,1.01218e-07,1.0594166666665e-09,1.05828087337908e-09,-2.73342186989273e-12,-2.06578179005977e-13,-9.28249600840719e-14,-4.43945461271648e-07
1034.74667556666,0.128284983333333,1.0228e-07,1.0635e-09,1.05664261196468e-09,-4.88998310984619e-13,-6.79401802111717e-13,-3.98531321051986e-13,-1.90601936155298e-06
1044.845442,0.129537,1.03345e-07,1.06200000000001e-09,1.05730287675711e-09,8.64865969278139e-13,-7.99059299456609e-13,-4.63723385771834e-13,-2.21780749716964e-06
1054.936008,0.130788,1.04404e-07,1.0545e-09,1.05837234390323e-09,5.87773782277341e-13,-4.01903458223528e-13,-4.18982770080365e-13,-2.00383063951479e-06
1065.03437113334,0.132039966666667,1.05454e-07,1.054e-09,1.05847842432166e-09,-1.62403290838151e-13,1.28708530855262e-13,-3.1793518880577e-13,-1.52055959863629e-06
1075.133272,0.133292,1.06512e-07,1.0549166666665e-09,1.05804753732156e-09,-4.09692710032042e-13,1.7889476719888e-13,-1.81939595382121e-13,-8.7014589095797e-07
1085.22370356666,0.134542983333333,1.07563833333333e-07,1.0541666666665e-09,1.0576590389016e-09,-2.04669281900604e-13,-1.26388555501939e-13,-5.50189112913458e-14,-2.63133923567306e-07
1095.32233556666,0.135794983333333,1.08620333333333e-07,1.0575833333335e-09,1.05763819875776e-09,-1.80478369830769e-13,-2.848314284156e-13,1.80497157094586e-14,8.63247273061063e-08
1105.413036,0.137046,1.09679e-07,1.06033333333349e-09,1.05729808216194e-09,-2.47698049454106e-13,-1.36913937818687e-13,2.9033059483044e-14,1.38853762744993e-07
1115.51139913334,0.138297966666667,1.10741e-07,1.06249999999999e-09,1.05714280265885e-09,5.23046747472535e-14,9.26485794994662e-14,3.53230020192633e-14,1.68936096613868e-07
1125.60209956666,0.139548983333333,1.11804e-07,1.0625833333335e-09,1.05740269151143e-09,1.58030946940173e-13,2.15475123661151e-13,8.27718470746596e-14,3.95865355574459e-07
1135.70073156666,0.140800983333333,1.12866166666667e-07,1.05975e-09,1.05745886455273e-09,3.64089571750821e-13,2.35796430878835e-13,1.28887893575328e-13,6.16420360577656e-07
1145.799498,0.142053,1.139235e-07,1.0524166666665e-09,1.05813087065493e-09,5.7529693798992e-13,1.6502801799903e-13,1.0822517016787e-13,5.17598639933291e-07
1155.890064,0.143304,1.14971e-07,1.05025e-09,1.05860945842871e-09,9.04435000423387e-14,2.00460294749026e-14,2.12625648906812e-14,1.01690527738041e-07
1165.988696,0.144556,1.16024e-07,1.05333333333349e-09,1.05831175765502e-09,-2.96474882868229e-13,-1.34306197248185e-13,-6.34527258362385e-14,-3.03469558347228e-07
1176.07912756666,0.145806983333333,1.17077666666667e-07,1.05925e-09,1.05801650866297e-09,-4.03209109739058e-13,-2.01100164785196e-13,-9.21320916885685e-14,-4.40631742858371e-07
1186.17735626666,0.147058933333333,1.181425e-07,1.06300000000001e-09,1.05750533943554e-09,-5.31450909902132e-13,-1.75719843349787e-13,-6.55580319969786e-14,-3.13538413898593e-07
1196.26846,0.14831,1.19203666666667e-07,1.06233333333349e-09,1.05695360684317e-09,-1.92287784689698e-13,-5.50367824450246e-14,-1.17433684120298e-14,-5.61639358836208e-08
1206.367092,0.149562,1.20267166666667e-07,1.06216666666649e-09,1.05712076386616e-09,3.16620355239117e-13,1.29271440482191e-13,2.89399975254344e-14,1.38408683817295e-07
1216.46545513334,0.150813966666667,1.21328e-07,1.05525000000001e-09,1.05758684755365e-09,4.98120300753719e-13,1.95624423882997e-13,1.63146248807839e-14,7.80264668211404e-08
1226.55629,0.152065,1.22377666666667e-07,1.05441666666651e-09,1.05811700446767e-09,4.20235371040753e-13,6.23628532659469e-14,-6.46596077237737e-14,-3.09241602157179e-07
1236.654922,0.153317,1.23436833333333e-07,1.05716666666649e-09,1.05842731829573e-09,3.33987141838206e-14,-1.75839606614583e-13,-1.87413150810986e-13,-8.96323764748194e-07
1246.74521913334,0.154567966666667,1.24492e-07,1.05324999999998e-09,1.05818380189604e-09,-5.31954887226662e-13,-4.06903292483802e-13,-3.05763598313922e-13,-1.46234764411006e-06
1256.84398556666,0.155819983333333,1.25543333333333e-07,1.05550000000001e-09,1.05736340852127e-09,-1.00682412554012e-12,-5.30562877243508e-13,-3.67547899254929e-13,-1.75783777904531e-06
1266.93455156666,0.157070983333333,1.26603e-07,1.05933333333351e-09,1.05617015364496e-09,-1.04068595400123e-12,-4.66859799237236e-13,-3.26737451267419e-13,-1.56265737562679e-06
1277.03304913334,0.158322966666667,1.27662e-07,1.058e-09,1.05528203661327e-09,-3.32161926541329e-13,-2.36538982241884e-13,-1.88623251650788e-13,-9.02111203547247e-07
1287.123884,0.159574,1.28719e-07,1.0615e-09,1.05550582979187e-09,4.57665903888955e-13,4.29503118396736e-14,-1.49263264652528e-14,-7.13867787468612e-08
1297.2221127,0.16082595,1.29785e-07,1.0615e-09,1.05619736842105e-09,6.61994660569508e-13,2.62254780573393e-13,1.25876285737175e-13,6.02017018743011e-07
1307.32087913334,0.162077966666667,1.30842e-07,1.05375000000001e-09,1.05682981911301e-09,6.37722022466407e-13,3.53018072706248e-13,1.91275401584403e-13,9.14795398881927e-07
1317.411714,0.163329,1.318925e-07,1.05e-09,1.05747281246598e-09,3.40211942919383e-13,2.65798592459459e-13,1.70396860680188e-13,8.14941507600899e-07
1327.510346,0.164581,1.32942e-07,1.04949999999999e-09,1.05751024299885e-09,-2.21286912938982e-13,5.38713447734573e-14,9.47717390385779e-14,4.53256143227981e-07
1337.60064313334,0.165831966666667,1.339915e-07,1.0525e-09,1.0570302386401e-09,-4.19567941612778e-13,-1.10157513478705e-13,2.58818168141127e-14,1.23782602154452e-07
1347.699544,0.167084,1.35047e-07,1.05925e-09,1.05667110711562e-09,-2.84324942804138e-13,-1.29706963523204e-13,1.24041034973686e-14,5.93239732482846e-08
1357.7897067,0.16833495,1.3611e-07,1.06158333333349e-09,1.0564615887545e-09,-8.18758853733289e-14,-3.12456739880761e-14,6.51829914801052e-14,3.11744741861373e-07
1367.8883387,0.16958695,1.37170166666667e-07,1.065e-09,1.05650735534488e-09,2.59017107988328e-13,1.61356727425424e-13,1.63584825384677e-13,7.82362208361499e-07
1377.98723956666,0.170838983333333,1.3824e-07,1.0646666666665e-09,1.05697962297047e-09,5.23509861613445e-13,3.64954394698576e-13,2.55493107649304e-13,1.22192355832276e-06
1388.07767113334,0.172089966666667,1.392995e-07,1.05550000000001e-09,1.0575543750681e-09,5.25553012964876e-13,4.34383440102794e-13,2.76672711625852e-13,1.32321731647147e-06
1398.17630313334,0.173341966666667,1.40351e-07,1.0525833333335e-09,1.0580307289964e-09,4.29524899202274e-13,3.19615611949157e-13,2.05317187014502e-13,9.81951763982401e-07
1408.26700356666,0.174592983333333,1.41404666666667e-07,1.0530833333335e-09,1.05841342486651e-09,2.36692274156109e-13,9.82912333017038e-14,6.55553249700482e-14,3.13525467248057e-07
1418.36563556666,0.175844983333333,1.42457166666667e-07,1.05358333333301e-09,1.05850411354471e-09,-1.13844393596972e-13,-1.59612825518168e-13,-9.53256474167274e-14,-4.55905270253914e-07
1428.45606713334,0.177095966666667,1.43511833333333e-07,1.0549166666665e-09,1.05818573607932e-09,-5.28100141650659e-13,-3.59319329284879e-13,-2.16529619380485e-13,-1.03557644051536e-06
1438.554968,0.178348,1.44567e-07,1.06108333333349e-09,1.05744791326141e-09,-7.26013403068465e-13,-3.73506038835406e-13,-2.44757646919883e-13,-1.1705800504864e-06
1448.64539956666,0.179598983333333,1.45634e-07,1.0645e-09,1.05673370927318e-09,-4.29633867279337e-13,-2.33492003797568e-13,-1.63914408127523e-13,-7.83938473653371e-07
1458.74389713334,0.180850966666667,1.46696e-07,1.06000000000001e-09,1.05658864552685e-09,-6.27247466447505e-14,-1.82306252071913e-14,-1.59157717223966e-14,-7.6118908237549e-08
1468.84266356666,0.182102983333333,1.47754e-07,1.058e-09,1.05660825977989e-09,3.45796556615451e-13,1.99868241346066e-13,1.34380988929897e-13,6.42691686186464e-07
1478.93322956666,0.183353983333333,1.48812e-07,1.05549999999999e-09,1.05728023864009e-09,7.8947368421041e-13,3.50883193847128e-13,2.22458267757622e-13,1.06393084579732e-06
1489.03186156666,0.184605983333333,1.49865e-07,1.0515e-09,1.05818720714831e-09,5.74071047178462e-13,3.66870702396427e-13,2.08112463329008e-13,9.95320476790908e-07
1499.122562,0.185857,1.50915e-07,1.05599999999999e-09,1.05842838073444e-09,1.29426827935462e-13,1.86852208304319e-13,1.20049847431886e-13,5.74151444239455e-07
1509.221194,0.187109,1.51977e-07,1.06e-09,1.05844606080418e-09,-1.88419418106118e-13,-5.94750405979744e-14,1.1212456787786e-14,5.36247933328896e-08
1519.31189443334,0.188360016666667,1.53035e-07,1.05758333333353e-09,1.05805154189823e-09,-3.48738694564005e-13,-2.48641137658595e-13,-8.44550536735807e-14,-4.03915474091038e-07
1529.41025756666,0.189611983333333,1.54092166666667e-07,1.05725e-09,1.05774858341505e-09,-4.51386618727009e-13,-2.92205855420786e-13,-1.43059987770643e-13,-6.84199941511771e-07
1539.509024,0.190864,1.551495e-07,1.05941666666649e-09,1.05714876866078e-09,-5.04045439682349e-13,-1.33313070097438e-13,-1.35975195258708e-13,-6.50316151237299e-07
1549.59959,0.192115,1.56211e-07,1.05975e-09,1.05674049253569e-09,-3.20093712262143e-15,2.73156477379825e-14,-5.90128788818097e-14,-2.82235507695612e-07
1559.698222,0.193367,1.57269e-07,1.05799999999998e-09,1.05714236678653e-09,4.63577421814454e-13,5.92284654050512e-14,2.46818807527999e-14,1.18043777513391e-07
1569.78865356666,0.194617983333333,1.58327e-07,1.0595e-09,1.05766764737932e-09,5.55110602592989e-13,5.81974915493169e-14,5.05407046573242e-14,2.41716413578507e-07
1579.8870167,0.19586995,1.59388e-07,1.05650000000001e-09,1.05825258799172e-09,2.26694453519478e-13,8.56841797927015e-14,-6.99012886236505e-15,-3.34310510808763e-08
1589.97771713334,0.197120966666667,1.6044e-07,1.05566666666651e-09,1.05812103628636e-09,-5.34924267192336e-13,9.37538180346161e-15,-1.26435733586725e-13,-6.04692638893033e-07
1600.076618,0.198373,1.61499333333333e-07,1.05649999999999e-09,1.05718273945733e-09,-6.8847390213834e-13,-2.49159688514457e-13,-2.29958562359129e-13,-1.09980181997844e-06
1610.1748467,0.19962495,1.62553e-07,1.05433333333349e-09,1.05674408848208e-09,-7.99144600544405e-14,-4.50114721277442e-13,-2.74429582162651e-13,-1.31248930599529e-06
1620.265816,0.200876,1.63608e-07,1.05783333333351e-09,1.05702291053722e-09,1.64541789332789e-14,-4.54351331350833e-13,-2.74669393364345e-13,-1.31363622913382e-06
1630.364448,0.202128,1.64668666666667e-07,1.0545e-09,1.05677699683995e-09,-6.16677563469134e-13,-2.82700105639804e-13,-2.36040692934337e-13,-1.12889027055552e-06
1640.455014,0.203379,1.65717e-07,1.05766666666649e-09,1.05578955541029e-09,-6.65086629624682e-13,-1.62080164966101e-14,-1.43874174278982e-13,-6.88093876986436e-07
1650.553646,0.204631,1.66784e-07,1.0625e-09,1.0554468235807e-09,1.76078783902023e-13,9.84049639605992e-14,-2.25575358539428e-14,-1.07883867127553e-07
1660.644212,0.205882,1.67842e-07,1.05850000000001e-09,1.05614171297809e-09,5.74425193411571e-13,5.69415964091232e-14,5.22349160583242e-14,2.49819163757203e-07
1670.742844,0.207134,1.68901e-07,1.054e-09,1.05659567396752e-09,4.41906396422175e-13,4.05539349979748e-14,4.30592007795873e-14,2.05935308076287e-07
1680.83341,0.208385,1.6995e-07,1.0495e-09,1.05702552577093e-09,1.25776397514382e-13,3.3703519968935e-14,-3.36714906483178e-14,-1.61037563970216e-07
1690.9316387,0.20963695,1.71e-07,1.0545833333335e-09,1.05684722676255e-09,-5.09956957608468e-13,-8.11069492410265e-14,-1.25306554671595e-13,-5.99292217994585e-07
1701.03874,0.21089,1.72059166666667e-07,1.06049999999999e-09,1.05600561185572e-09,-5.69031273840204e-13,-2.54749731576377e-13,-1.63888896111678e-13,-7.83816459664547e-07
1711.12124,0.21214,1.73121e-07,1.0574166666665e-09,1.05570916421487e-09,-2.85387381496641e-13,-2.95736935322555e-13,-1.48247484387519e-13,-7.09009707940308e-07
1721.20374,0.21339,1.74174e-07,1.05041666666651e-09,1.05543483709272e-09,-1.47243107757425e-13,-1.89632513429401e-13,-1.14751890383978e-13,-5.48813388792938e-07
1731.28624,0.21464,1.75221833333333e-07,1.054e-09,1.05541467799935e-09,4.08630271435905e-14,8.75014893875079e-16,-6.073758462925e-14,-2.90484100400761e-07
1741.36874,0.21589,1.76282e-07,1.06575e-09,1.05551656314701e-09,2.12964476400583e-13,1.66697020247714e-13,2.13868725125784e-14,1.02285042451462e-07
1751.5319,0.21715,1.77353333333333e-07,1.06324999999999e-09,1.05584060695215e-09,3.4286803965607e-13,1.53185169779746e-13,9.66151640758437e-14,4.62072523840992e-07
1761.6144,0.2184,1.784085e-07,1.05033333333351e-09,1.05620229922632e-09,2.8403890161233e-13,8.1245826386196e-14,1.29734632802334e-13,6.20469982967684e-07
1771.6969,0.21965,1.79454e-07,1.04974999999999e-09,1.05640868475538e-09,9.907921980135e-14,1.18146473410988e-13,1.35123276750551e-13,6.462417583722e-07
1781.7794,0.2209,1.80508e-07,1.04958333333349e-09,1.05640045766593e-09,-2.22703497874314e-13,1.62708445890768e-13,1.51211589396608e-13,7.23185862331603e-07
1791.8619,0.22215,1.81553166666667e-07,1.054e-09,1.05596327775963e-09,-2.1809959682156e-13,1.50026079948637e-13,2.19667472054403e-13,1.05058356199932e-06
1801.9444,0.2234,1.82616e-07,1.06391666666651e-09,1.05596425847228e-09,4.41089135881996e-13,2.19449727745247e-13,3.44742851834791e-13,1.648770160949e-06
1812.10756,0.22466,1.83681e-07,1.06000000000001e-09,1.05684545603139e-09,8.88798082159017e-13,4.06946917813115e-13,4.54430203107649e-13,2.17336184094963e-06
1822.19006,0.22591,1.84736e-07,1.0585e-09,1.0577418546366e-09,3.98346409500139e-13,5.95791952767405e-13,4.89594583016885e-13,2.34153931008075e-06
1832.27256,0.22716,1.85798e-07,1.05949999999998e-09,1.05764214885039e-09,2.39934074312735e-13,6.76735545151499e-13,4.61313560092066e-13,2.20628224391858e-06
1842.35506,0.22841,1.86855e-07,1.05449999999999e-09,1.05822172278523e-09,8.42759071585364e-13,5.19598949227779e-13,3.76632283959061e-13,1.80128483632594e-06
1852.43756,0.22966,1.87907e-07,1.05308333333352e-09,1.05932766699357e-09,7.30154189819319e-13,1.56287426022417e-13,2.29395243960155e-13,1.09710768850509e-06
1862.52006,0.23091,1.88961166666667e-07,1.05900000000001e-09,1.05968203116486e-09,2.95031055873591e-14,-1.01079095073009e-13,6.01470030466615e-14,2.87659579788381e-07
1872.68322,0.23217,1.90025e-07,1.06091666666648e-09,1.05938667320474e-09,-5.42170644009975e-13,-1.4465892612466e-13,-6.26816636715571e-14,-2.99781869733534e-07
1882.76572,0.23342,1.91083e-07,1.0616666666665e-09,1.05859768987684e-09,-8.64552686050806e-13,-1.58859447189977e-13,-1.00885142327564e-13,-4.82494158957915e-07
1892.84822,0.23467,1.92148333333333e-07,1.06350000000001e-09,1.05765756783264e-09,-4.8892611963542e-13,-1.26021702680669e-13,-5.90720997517701e-14,-2.82518737943248e-07
1902.93072,0.23592,1.9321e-07,1.0628333333335e-09,1.05761983763757e-09,4.87741091845351e-13,3.39206306030859e-14,9.32309521812074e-15,4.45887162605775e-08
1913.01322,0.23717,1.94274e-07,1.05783333333348e-09,1.05863305001633e-09,7.02721477601441e-13,1.75484698368976e-13,2.27064060694656e-14,1.08595855114835e-07
1923.09572,0.23842,1.95325666666667e-07,1.05449999999999e-09,1.05902528059278e-09,3.60875013625688e-13,1.34600557086356e-13,-3.27720619790813e-14,-1.56735948595606e-07
1933.17822,0.23967,1.96383e-07,1.05916666666651e-09,1.05935480004358e-09,1.53467908910463e-13,-5.85161723572405e-14,-1.13017967853372e-13,-5.40520715820475e-07
1943.34138,0.24093,1.97444e-07,1.049e-09,1.0593322164106e-09,-4.23204751003429e-13,-2.94237767059372e-13,-2.04547778553337e-13,-9.78271984385525e-07
1953.42388,0.24218,1.98481e-07,1.051e-09,1.05850839054157e-09,-9.68603574147045e-13,-4.61765192595368e-13,-2.85109057700408e-13,-1.36356505856717e-06
1963.50638,0.24343,1.99546e-07,1.0621666666665e-09,1.0573950092623e-09,-9.97888743587826e-13,-4.01541409263549e-13,-2.98219329789574e-13,-1.42626635986318e-06
1973.58888,0.24468,2.00605333333333e-07,1.06008333333349e-09,1.0565126130544e-09,-2.95221750030138e-13,-2.16565883903499e-13,-2.23928143089841e-13,-1.07096068434272e-06
1983.67138,0.24593,2.01666166666667e-07,1.06533333333349e-09,1.05680456576224e-09,4.66683011863351e-13,-9.51603697647524e-14,-1.04433521945726e-13,-4.99464670175211e-07
1993.75388,0.24718,2.02736e-07,1.06708333333301e-09,1.05744597907812e-09,5.62738367647105e-13,4.4981493205052e-14,-1.58849055690394e-15,-7.59712875041015e-09
2003.91704,0.24844,2.03800333333333e-07,1.05733333333352e-09,1.05793004249754e-09,3.60602593436805e-13,1.7463867177713e-13,3.2320361090827e-14,1.54575639999607e-07
2013.99954,0.24969,2.04850666666667e-07,1.05033333333349e-09,1.058167184265e-09,-1.94548872176643e-13,1.17244534008167e-13,-1.96625054292592e-14,-9.40380694442831e-08
2024.08204,0.25094,2.05901e-07,1.05349999999999e-09,1.05754094475318e-09,-6.14157676785684e-13,-9.08233325235601e-14,-1.07676459860215e-13,-5.14974373244506e-07
2034.16454,0.25219,2.06957666666667e-07,1.05050000000001e-09,1.05693886891143e-09,-1.43960444577756e-13,-2.84848510244488e-13,-1.77428213588085e-13,-8.48569717160407e-07
2044.24704,0.25344,2.08002e-07,1.0544166666665e-09,1.05725302386403e-09,2.15756783259991e-14,-3.6897757721197e-13,-2.10792756419283e-13,-1.00813926983135e-06
2054.32954,0.25469,2.090665e-07,1.06e-09,1.05698202026808e-09,-4.25424975484597e-13,-2.75051099420589e-13,-1.6801330880138e-13,-8.03541911658774e-07
2064.41204,0.25594,2.10122e-07,1.06225000000001e-09,1.05640217391306e-09,-2.52615233746807e-13,-2.86524751651928e-14,-2.22525616795618e-14,-1.06425294989209e-07
2074.5752,0.2572,2.11191e-07,1.06699999999999e-09,1.05647678980059e-09,2.31965783952644e-14,1.99466659701485e-13,1.74368100457157e-13,8.33934393490751e-07
2084.6577,0.25845,2.12256e-07,1.0545e-09,1.05644856706985e-09,2.79353274496842e-13,3.69512670136183e-13,3.37852364283481e-13,1.61581565526882e-06
2094.7402,0.2597,2.133e-07,1.04875e-09,1.05703549634958e-09,8.48261959241549e-13,5.42472528741094e-13,4.1523178219975e-13,1.98589113225967e-06
2104.8227,0.26095,2.143535e-07,1.0515e-09,1.05814509098833e-09,8.49011114736498e-13,5.61630049331473e-13,3.93623346353901e-13,1.88254643908387e-06
2114.9052,0.2622,2.15403e-07,1.05533333333349e-09,1.05873351857905e-09,4.69243761577702e-13,3.34333921861771e-13,3.00634177322264e-13,1.4378156306717e-06
2124.9877,0.26345,2.16464166666667e-07,1.06558333333349e-09,1.05908357851149e-09,3.12724746652996e-13,6.17963907403324e-14,1.82729712047945e-13,8.7392470979452e-07
2135.15086,0.26471,2.17534166666667e-07,1.06541666666651e-09,1.05935896807236e-09,-2.5514874140878e-13,-7.93147864131737e-14,6.1485173838658e-14,2.94059527054451e-07
2145.23336,0.26596,2.18595e-07,1.05941666666652e-09,1.05857328102867e-09,-9.08929933544455e-13,-9.03866347265123e-14,-3.90957727637293e-14,-1.86979782783053e-07
2155.31586,0.26721,2.19653e-07,1.05549999999999e-09,1.05754110820527e-09,-5.33276125118565e-13,-3.75028924833538e-14,-7.4888146165327e-14,-3.58160699051564e-07
2165.39836,0.26846,2.20706e-07,1.05724999999999e-09,1.05750672877843e-09,3.79059060699298e-13,-3.33136860999606e-15,-4.49492581336456e-14,-2.14974712813088e-07
2175.48086,0.26971,2.217675e-07,1.0585e-09,1.05829922632667e-09,9.47817914358374e-13,-1.72296874286596e-14,-1.33217318664567e-15,-6.37126306656625e-09
2185.56336,0.27096,2.22823e-07,1.05975e-09,1.05940236460715e-09,4.71150702843221e-13,1.75965656491442e-14,1.20416399424763e-14,5.75904518987997e-08
2195.72652,0.27222,2.23887e-07,1.05950000000002e-09,1.05924152773235e-09,-4.69965675057289e-13,7.18247872185618e-14,2.96542136236002e-15,1.41824499938957e-08
2205.80902,0.27347,2.24942e-07,1.0586666666665e-09,1.05846243325704e-09,-6.71338672768371e-13,3.29281384855694e-14,-3.04698451129343e-15,-1.45725346192294e-08
2215.89152,0.27472,2.26004333333333e-07,1.05899999999998e-09,1.05789885038682e-09,-3.40143837851612e-13,-5.96214426237995e-14,-2.71706990579042e-15,-1.29946821581281e-08
2225.97402,0.27597,2.2706e-07,1.0528333333335e-09,1.05778214558133e-09,2.16492317767007e-13,-9.44089599624479e-14,-3.75018407808856e-15,-1.79356629821627e-08
2236.05652,0.27722,2.2811e-07,1.05191666666651e-09,1.05833183502235e-09,5.24408848225561e-13,-1.46951318953555e-15,-1.04464932984364e-14,-4.99614896881741e-08
2246.13902,0.27847,2.29163833333333e-07,1.06016666666651e-09,1.05883096327778e-09,3.14440993790919e-13,7.40050059335199e-14,-1.10255095237532e-14,-5.27306977222979e-08
2256.22152,0.27972,2.30230333333333e-07,1.067666666667e-09,1.05896071700993e-09,-1.18325705571186e-13,3.12830126948473e-14,6.50266021872877e-15,3.10996793069637e-08
2266.38468,0.28098,2.31299166666667e-07,1.06183333333349e-09,1.05859431186664e-09,-2.98899422468752e-13,-4.82450424989661e-15,3.81382546303683e-14,1.82400348232196e-07
2276.46718,0.28223,2.32354e-07,1.0534166666665e-09,1.058362918165e-09,-2.17622861501743e-13,2.01427418237257e-14,6.42754506563431e-14,3.07404329225989e-07
2286.54968,0.28348,2.33406e-07,1.05500000000001e-09,1.05815906614364e-09,-1.54816388798394e-13,5.86740681114968e-14,7.20217493824935e-14,3.44451844872795e-07
2296.63218,0.28473,2.34464e-07,1.06150000000001e-09,1.0580532853874e-09,2.66767462135356e-13,9.65355201630538e-14,7.59969806365659e-14,3.6346382043575e-07
2306.71468,0.28598,2.35529e-07,1.06325000000001e-09,1.05869260106791e-09,6.87329737386515e-13,1.296844523367e-13,7.75008896534005e-14,3.70656428777133e-07
2316.79718,0.28723,2.365905e-07,1.0605e-09,1.05942794486217e-09,3.73706004132363e-13,9.251897351826e-14,6.01035393527006e-14,2.87451709947699e-07
2326.96034,0.28849,2.3765e-07,1.05483333333348e-09,1.05944001307617e-09,-3.19780429336937e-13,2.06078246612858e-14,2.62659625562517e-14,1.25619820921204e-07
2337.04284,0.28974,2.38700166666667e-07,1.05449999999999e-09,1.0587883840035e-09,-4.36389887768959e-13,-2.52034070759542e-14,-1.05198329037807e-15,-5.03122443224294e-09
2347.12534,0.29099,2.39759e-07,1.05691666666651e-09,1.05856723330064e-09,-1.58466819249252e-13,-6.47296385351395e-14,-1.22964068680082e-14,-5.88089024122131e-08
2357.20784,0.29224,2.40814e-07,1.05749999999999e-09,1.058471450365e-09,-5.67451236862225e-14,-6.47161762768906e-14,-1.67859143457778e-14,-8.02804599145895e-08
2367.29034,0.29349,2.41874e-07,1.0605e-09,1.05845374305326e-09,2.01277650666103e-13,-1.3824625668479e-14,-1.85218402699776e-14,-8.85827143346755e-08
2377.37284,0.29474,2.42935e-07,1.0605e-09,1.05887400566633e-09,3.17178816609779e-13,4.94707110835555e-14,-3.20577832279984e-14,-1.53319832829558e-07
2387.45534,0.29599,2.43995e-07,1.0625e-09,1.05908810068648e-09,9.99645853737316e-14,1.9999451351954e-14,-6.27572593402312e-14,-3.00143414235888e-07
2397.6185,0.29725,2.4506e-07,1.06500000000002e-09,1.05907393483708e-09,-2.23711452541883e-13,-9.58766951272055e-14,-9.73524280414496e-14,-4.65598568893889e-07
2407.701,0.2985,2.46125e-07,1.05549999999999e-09,1.0586406777814e-09,-4.16176310339916e-13,-1.77634341247312e-13,-1.26536232091847e-13,-6.05173283917529e-07
2417.7835,0.29975,2.47171e-07,1.05091666666651e-09,1.0582415822164e-09,-2.06589844175149e-13,-2.14526955372911e-13,-1.36852539410154e-13,-6.54512145005084e-07
2427.866,0.301,2.48226833333333e-07,1.06000000000001e-09,1.05822749809305e-09,-1.8333878172941e-13,-1.65833626069359e-13,-1.14095805156366e-13,-5.45675589878272e-07
2437.9485,0.30225,2.49291e-07,1.06324999999997e-09,1.05787490465294e-09,-1.55906069515048e-13,-5.16777908019579e-14,-5.04195772824637e-14,-2.41137108742218e-07
2448.031,0.3035,2.50353333333333e-07,1.053e-09,1.05791568595402e-09,1.90830336709713e-13,5.49642323159868e-14,2.40584460319092e-14,1.15062133196087e-07
2458.19416,0.30476,2.51397e-07,1.05608333333353e-09,1.05825656532636e-09,2.75975264259062e-13,1.37251383251859e-13,7.47238642482221e-14,3.5737500292628e-07
2468.27666,0.30601,2.524655e-07,1.06599999999999e-09,1.05846763648254e-09,2.21668301198621e-13,1.6835719582022e-13,1.06740243207182e-13,5.10496815338697e-07
2478.35916,0.30726,2.53529e-07,1.05875e-09,1.05869990192876e-09,7.2300316003663e-14,1.41589499999553e-13,1.16636727386983e-13,5.57827826633397e-07
2488.44166,0.30851,2.54583e-07,1.051e-09,1.05861223711454e-09,5.31219352279792e-15,4.6357564376545e-14,1.05036308857003e-13,5.0234756409871e-07
2498.52416,0.30976,2.55631e-07,1.04999999999997e-09,1.0587105263158e-09,1.27274708502419e-13,2.76075945374897e-14,9.51069994322516e-14,4.54859562502073e-07
2508.60666,0.31101,2.56683e-07,1.06099999999999e-09,1.05886678653155e-09,2.77051323920782e-14,1.27148849108451e-13,1.13772485500205e-13,5.44129278479241e-07
2518.76982,0.31227,2.57753e-07,1.06700000000002e-09,1.05876593658059e-09,-1.36972866954761e-13,1.64493972837829e-13,1.72785210735681e-13,8.26364051344561e-07
2528.85232,0.31352,2.58817e-07,1.06400000000002e-09,1.05859284079764e-09,1.71202462671346e-13,1.93720848178696e-13,2.53678514754854e-13,1.21324507056669e-06
2538.93482,0.31477,2.59881e-07,1.0655e-09,1.05910834150593e-09,8.20652173906134e-13,3.06752267564362e-13,3.19520553749266e-13,1.52814177880084e-06
2549.01732,0.31602,2.60948e-07,1.05933333333348e-09,1.06023414514545e-09,5.02247466488102e-13,4.24978498495623e-13,3.27746723557309e-13,1.5674843300567e-06
2559.09982,0.31727,2.61999666666667e-07,1.05500000000001e-09,1.06011283643891e-09,-1.34616432370724e-13,4.25994517819183e-13,2.88732153302215e-13,1.38089290709755e-06
2569.18232,0.31852,2.63058e-07,1.054333333333e-09,1.05996491228071e-09,3.65233736531701e-13,2.86810475314551e-13,2.48475525622607e-13,1.18836120949942e-06
2579.26482,0.31977,2.64108333333333e-07,1.05499999999998e-09,1.06084330391197e-09,7.37100904441397e-13,1.09842420485178e-13,2.11402605886433e-13,1.01105594119598e-06
2589.42798,0.32103,2.65168e-07,1.0595e-09,1.06143911408959e-09,1.15247357521935e-13,2.0096481195285e-14,1.81881090346566e-13,8.69866084266185e-07
2599.51048,0.32228,2.66227333333333e-07,1.06100000000001e-09,1.06107379862701e-09,-5.5178707640682e-13,1.2025747580203e-13,1.83002564672427e-13,8.75229657128999e-07
2609.59298,0.32353,2.6729e-07,1.06783333333351e-09,1.06033553993678e-09,-2.49209981490149e-13,2.7711368213999e-13,2.24438246658372e-13,1.07340031010526e-06
2619.67548,0.32478,2.68363e-07,1.06650000000001e-09,1.06057537866403e-09,5.20526860638332e-13,3.26521241276758e-13,2.8162964668653e-13,1.34692439719645e-06
2629.75798,0.32603,2.69423e-07,1.06250000000003e-09,1.06137659365806e-09,7.92197886017763e-13,3.38149899935974e-13,3.01138772426441e-13,1.44022891160472e-06
2639.84048,0.32728,2.70488e-07,1.06100000000001e-09,1.06215977443607e-09,6.74839272087586e-13,3.03792349277247e-13,2.37453033435188e-13,1.13564494251612e-06
2650.00364,0.32854,2.71545e-07,1.05608333333347e-09,1.06272627220223e-09,3.48112128165277e-13,1.67685384797074e-13,7.95390826687959e-14,3.8040430841598e-07
2660.08614,0.32979,2.72600166666667e-07,1.06199999999996e-09,1.0628559986924e-09,-2.1338672766941e-13,-6.71635445624109e-14,-1.20142961736767e-13,-5.74596773523668e-07
2670.16864,0.33104,2.73669e-07,1.06441666666651e-09,1.06229949874689e-09,-7.69341832849477e-13,-3.47105951510943e-13,-3.00124615730621e-13,-1.43537859697254e-06
2680.25114,0.33229,2.74729e-07,1.06191666666652e-09,1.0613173150267e-09,-9.28217282349535e-13,-5.56027623533663e-13,-4.28835531205004e-13,-2.05095254054567e-06
2690.33364,0.33354,2.75792833333333e-07,1.05991666666649e-09,1.06044306418219e-09,-4.32576005234819e-13,-6.15806993669214e-13,-4.72350970774554e-13,-2.25906986022613e-06
2700.41614,0.33479,2.76848833333333e-07,1.0635e-09,1.06045216301623e-09,-1.34057971018571e-13,-4.83755692570566e-13,-4.28528447728767e-13,-2.04948388044193e-06
2710.5793,0.33605,2.77919833333333e-07,1.06416666666703e-09,1.06017494824016e-09,-4.10319276449381e-13,-2.92219476432934e-13,-3.29039622945658e-13,-1.57366776191402e-06
2720.6618,0.3373,2.78977166666667e-07,1.05900000000001e-09,1.05963152446333e-09,-3.55372125961852e-13,-1.29644351322977e-13,-2.18126259477624e-13,-1.04321254532777e-06
2730.7443,0.33855,2.80037833333333e-07,1.05691666666646e-09,1.05946420398823e-09,7.24637681186886e-14,-1.3880411470622e-14,-1.40914559202678e-13,-6.73939196186721e-07
2740.8268,0.3398,2.81091e-07,1.05366666666698e-09,1.05977645199957e-09,2.64438269591084e-13,-5.0981563559975e-14,-1.20926669882629e-13,-5.78344942916921e-07
2750.9093,0.34105,2.82145166666667e-07,1.05800000000001e-09,1.05999308052741e-09,-1.80723547990228e-13,-1.60681169828137e-13,-1.50696165777383e-13,-7.20720792848353e-07
2760.9918,0.3423,2.83207e-07,1.05791666666651e-09,1.05941500490359e-09,-1.99752097624033e-13,-2.41226958902092e-13,-1.79565304768721e-13,-8.58790588024318e-07
2771.0743,0.34355,2.84261e-07,1.0615e-09,1.05959357633217e-09,-1.34303149177926e-13,-2.61566649726713e-13,-1.71306852152121e-13,-8.19293640727535e-07
2781.23746,0.34481,2.8533e-07,1.0655e-09,1.05914639860523e-09,-6.21948893983984e-13,-1.94009365924077e-13,-1.10341282792876e-13,-5.27719178574624e-07
2791.31996,0.34606,2.86392e-07,1.0635e-09,1.0583496785442e-09,-4.77389124999185e-13,-3.3625953255551e-14,1.32731654822839e-14,6.34803566544013e-08
2801.40246,0.34731,2.87457e-07,1.05249999999999e-09,1.05819162035523e-09,2.18031491758339e-13,1.95513900023244e-13,1.55561562215112e-13,7.43990080159231e-07
2811.48496,0.34856,2.88497e-07,1.054e-09,1.05878574152771e-09,8.41574043800775e-13,3.39265901900685e-13,2.58948162766856e-13,1.23844773497192e-06
2821.56746,0.34981,2.89565e-07,1.06600000000002e-09,1.05987476844284e-09,7.79857251829384e-13,3.94423717646986e-13,2.98944501070377e-13,1.42973457033659e-06
2831.64996,0.35106,2.90629e-07,1.06500000000002e-09,1.06034545603137e-09,3.78418873261663e-13,3.76877762462996e-13,2.77729130152674e-13,1.32826975290409e-06
2841.81312,0.35232,2.91695e-07,1.05649999999999e-09,1.06063160618936e-09,1.27628854747936e-13,2.03402623314959e-13,2.06347528823018e-13,9.86879485675303e-07
2851.89562,0.35357,2.92742e-07,1.05500000000001e-09,1.06060071374087e-09,-1.77372779760159e-13,1.9026803355085e-14,1.18429816466917e-13,5.66403470059168e-07
2861.97812,0.35482,2.93805e-07,1.05899999999998e-09,1.06027686062984e-09,-3.05982347166919e-13,-2.05651836077192e-14,6.88189549609169e-14,3.29134132421776e-07
2872.06062,0.35607,2.9486e-07,1.05199999999998e-09,1.05998874904654e-09,-1.61013947914666e-13,3.83526021397294e-14,7.76792638852178e-14,3.71509522929302e-07
2882.14312,0.35732,2.95909e-07,1.06399999999999e-09,1.05995483273401e-09,1.89781519005038e-13,1.12793162851898e-13,1.55614875778545e-13,7.44245058071302e-07
2892.22562,0.35857,2.96988e-07,1.072e-09,1.06036831208455e-09,6.80151465614313e-13,2.56457723562197e-13,2.86777348107868e-13,1.37154383877676e-06
2902.30812,0.35982,2.98053e-07,1.06591666666652e-09,1.06131513566524e-09,6.82807562386466e-13,4.31577480488089e-13,3.8763395648592e-13,1.85390153101962e-06
2912.47128,0.36108,2.99119833333333e-07,1.0615e-09,1.06173392720932e-09,1.25313283216204e-13,5.10304055212684e-13,4.0345847445936e-13,1.9295840082839e-06
2922.55378,0.36233,3.00176e-07,1.05658333333349e-09,1.06156576223167e-09,1.74035632565171e-13,5.15807419127907e-13,3.54516195928684e-13,1.69551224139805e-06
2932.63628,0.36358,3.01233e-07,1.06000000000001e-09,1.06208199847445e-09,6.92001743482431e-13,3.49988176078619e-13,2.7171992220932e-13,1.29953006274023e-06
2942.71878,0.36483,3.02296e-07,1.05950000000002e-09,1.06294976571864e-09,4.32739457341159e-13,3.25276998635695e-14,1.66575898575342e-13,7.96667341012505e-07
2952.80128,0.36608,3.03352e-07,1.05775e-09,1.06294747738913e-09,-2.01318513603119e-14,-9.98180563387819e-14,8.1131516439677e-14,3.88020296015847e-07
2962.88378,0.36733,3.044115e-07,1.06449999999998e-09,1.06290950201591e-09,-1.20505067017213e-13,9.43748598306392e-15,6.98614089900507e-14,3.34119782126329e-07
2973.04694,0.36859,3.05481e-07,1.06466666666649e-09,1.0627064672551e-09,-6.8622643565794e-13,1.31076240056297e-13,1.34245301055131e-13,6.42042744176713e-07
2983.12944,0.36984,3.06540833333333e-07,1.06650000000001e-09,1.0615370491446e-09,-3.46545712109159e-13,2.1657486931697e-13,2.53119899811297e-13,1.21057343388012e-06
2993.21194,0.37109,3.07614e-07,1.06858333333353e-09,1.06201337583088e-09,1.07085648905286e-12,3.75325538935576e-13,3.55113289267575e-13,1.69836790519275e-06
3003.29444,0.37234,3.08678e-07,1.06300000000001e-09,1.0636787621227e-09,1.28473357305401e-12,4.9133306941642e-13,3.28928381629636e-13,1.57313573822869e-06
3013.37694,0.37359,3.0974e-07,1.05724999999999e-09,1.06458284297699e-09,5.00640187404184e-13,3.69174399204344e-13,1.61520774657223e-13,7.7249066140411e-07
3023.45944,0.37484,3.107925e-07,1.06216666666647e-09,1.06468004249751e-09,-1.1113381279213e-13,8.39687581667401e-14,-6.31745389534527e-14,-3.021390993426e-07
3033.6226,0.3761,3.11864333333333e-07,1.06475000000001e-09,1.0643605753514e-09,-3.32992808096634e-13,-3.31160639511868e-13,-2.6543199850598e-13,-1.26945738415903e-06
3043.7051,0.37735,3.12922e-07,1.06133333333351e-09,1.06401405688132e-09,-7.95970905522346e-13,-7.19388830085756e-13,-4.00334750729106e-13,-1.91464446000877e-06
3053.7876,0.3786,3.13987e-07,1.06516666666648e-09,1.06276863354036e-09,-1.3439985834089e-12,-7.14054252380451e-13,-4.25881327794714e-13,-2.03682374162689e-06
3063.8701,0.37985,3.15052333333333e-07,1.06199999999999e-09,1.0613260597145e-09,-7.92456685180043e-13,-3.54820141713197e-13,-3.20739408135586e-13,-1.53397108238759e-06
3073.9526,0.3811,3.16111e-07,1.06675000000001e-09,1.06118372017e-09,1.20232646830708e-13,3.23719314079893e-14,-1.27733115801399e-13,-6.10897510354517e-07
3084.0351,0.38235,3.17185833333333e-07,1.07300000000003e-09,1.06156652500816e-09,6.36073880349623e-13,2.52894035799534e-13,8.75125201902449e-14,4.18538140040302e-07
3094.1176,0.3836,3.18257e-07,1.0615e-09,1.0624558679307e-09,1.1282281791617e-12,3.35710247047199e-13,2.39749290993082e-13,1.14662704387996e-06
3104.28076,0.38486,3.19308833333333e-07,1.05216666666649e-09,1.06382298136649e-09,8.36438923420847e-13,3.27228358988366e-13,2.51943198689445e-13,1.20494573286256e-06
3114.36326,0.38611,3.20361333333333e-07,1.05533333333351e-09,1.06412874577754e-09,-2.40138389432709e-13,1.99428781245832e-13,1.59782944002076e-13,7.64179297401233e-07
3124.44576,0.38736,3.214195e-07,1.0608333333335e-09,1.06334270458762e-09,-8.49664923183882e-13,4.29876822968635e-14,7.36293656492667e-14,3.52140444409536e-07
3134.52826,0.38861,3.22483e-07,1.05924999999999e-09,1.06242941593117e-09,-4.58346954355941e-13,-7.85994453008347e-14,6.89061881546917e-14,3.29551334652873e-07
3144.61076,0.38986,3.23538e-07,1.06000000000001e-09,1.06242601067891e-09,3.3307453417312e-13,-8.90615867749208e-14,1.5805640277631e-13,7.55921926321483e-07
3154.69326,0.39111,3.24603e-07,1.07258333333351e-09,1.06309556499952e-09,6.47120518685139e-13,1.69005987652128e-13,3.07754874659416e-13,1.47187113967547e-06
3164.85642,0.39237,3.25683166666667e-07,1.07724999999998e-09,1.06372025171628e-09,4.51686280907059e-13,5.50989596465161e-13,4.48732860171176e-13,2.14611367907954e-06
3174.93892,0.39362,3.267575e-07,1.06950000000001e-09,1.06399893756133e-09,3.20515963824515e-13,7.52754301373831e-13,5.03399802692928e-13,2.40756427374879e-06
3185.02142,0.39487,3.27822166666667e-07,1.06408333333354e-09,1.06436128364393e-09,6.78666775628064e-13,6.75813094850739e-13,4.28319451178552e-13,2.04848433172351e-06
3195.10392,0.39612,3.28885666666667e-07,1.0585e-09,1.06535627111259e-09,9.11218263034974e-13,3.24548989005587e-13,1.99128388760429e-13,9.52353163636834e-07
3205.18642,0.39737,3.29939166666667e-07,1.05199999999998e-09,1.06618372017e-09,2.75103519641525e-13,-1.97329367823801e-13,-1.63705190462355e-13,-7.82937867428654e-07
3215.26892,0.39862,3.30989666666667e-07,1.05891666666649e-09,1.06590647815187e-09,-6.02293777948867e-13,-6.47259332339062e-13,-5.29646690047315e-13,-2.53309286544368e-06
3225.35142,0.39987,3.32057e-07,1.0671666666665e-09,1.0649791326141e-09,-1.22579546693424e-12,-9.03837517690754e-13,-7.44873347165857e-13,-3.56243774731497e-06
3235.51458,0.40113,3.33124e-07,1.0763333333335e-09,1.063454887218e-09,-1.81860902254612e-12,-9.9598072281512e-13,-7.4635084619013e-13,-3.56950404699627e-06
3245.59708,0.40238,3.34209666666667e-07,1.071e-09,1.06134191456901e-09,-1.50149831098322e-12,-8.00869356932244e-13,-5.58813485309686e-13,-2.6725862340898e-06
3255.67958,0.40363,3.35266e-07,1.05816666666649e-09,1.06045189059604e-09,-3.67903454302125e-14,-2.55812138528832e-13,-2.80648548955984e-13,-1.34223219065905e-06
3265.76208,0.40488,3.36326e-07,1.06008333333351e-09,1.06126833387815e-09,8.80284951511633e-13,2.75553330480949e-13,-3.15057538294645e-14,-1.50679692227874e-07
3275.84458,0.40613,3.37386166666667e-07,1.05991666666652e-09,1.06221246049906e-09,8.78895608589285e-13,4.63578183835046e-13,1.29617811674638e-13,6.1991127322653e-07
3285.92708,0.40738,3.38445833333333e-07,1.06291666666649e-09,1.06302612509533e-09,9.65171079877919e-13,3.40017978462698e-13,1.9365800878323e-13,9.26190476789361e-07
3296.09024,0.40864,3.39512e-07,1.0635e-09,1.06414280265881e-09,5.77081290190237e-13,4.08296254969273e-14,1.52862414454587e-13,7.31081112608894e-07
3306.17274,0.40989,3.40572833333333e-07,1.05449999999999e-09,1.06418028767571e-09,-8.93088700012665e-13,-1.77595669012218e-13,4.56345526545595e-14,2.18252208347893e-07
3316.25524,0.41114,3.41621e-07,1.05358333333348e-09,1.06235662525879e-09,-1.61531546257548e-12,-1.32344263920915e-13,-5.94886414765259e-17,-2.84510894018167e-10
3326.33774,0.41239,3.4268e-07,1.05833333333351e-09,1.06094965675056e-09,-5.69262830997358e-13,5.15938422125175e-14,1.10043783331503e-13,5.2629635506371e-07
3336.42024,0.41364,3.43737666666667e-07,1.0705833333335e-09,1.06121809959679e-09,9.88653699475848e-13,2.31794267263351e-13,3.36166332917394e-13,1.60775202699623e-06
3346.50274,0.41489,3.44821166666667e-07,1.08158333333301e-09,1.06292696414951e-09,1.81644328213383e-12,4.87891303966892e-13,5.5881040520734e-13,2.67257150316554e-06
3356.6659,0.41615,3.45900833333333e-07,1.06841666666651e-09,1.06485098616106e-09,1.23824506918541e-12,8.50760414263316e-13,6.50137377209557e-13,3.10935267361093e-06
3366.7484,0.4174,3.46958e-07,1.05758333333349e-09,1.06540345428788e-09,2.21273291917859e-13,9.66969783333038e-13,5.64052401922099e-13,2.69764192223613e-06
3376.8309,0.41865,3.48016e-07,1.06416666666648e-09,1.0652935327449e-09,-7.81709709018787e-14,5.95869582996863e-13,3.61216905972763e-13,1.72755911552191e-06
3386.9134,0.4199,3.49086333333333e-07,1.06299999999999e-09,1.06524711234608e-09,2.07774871965011e-13,-1.32248250145771e-14,1.10957714692651e-13,5.30667331138766e-07
3396.9959,0.42115,3.50142e-07,1.05275e-09,1.06570908248883e-09,3.87504086302589e-13,-4.96777535966695e-13,-1.5264245292864e-13,-7.30029122702191e-07
3407.0784,0.4224,3.51191833333333e-07,1.05800000000001e-09,1.06602212051868e-09,-4.32930151470513e-13,-5.95959341948754e-13,-3.54475350808207e-13,-1.69531689516969e-06
3417.1609,0.42365,3.52258e-07,1.07558333333351e-09,1.06484322218589e-09,-1.3426909665497e-12,-3.7342840860544e-13,-3.74682616222462e-13,-1.79196033845525e-06
3427.32406,0.42491,3.53343e-07,1.07950000000002e-09,1.06333673858558e-09,-1.00518960443505e-12,-1.46592887147456e-13,-1.92315821787259e-13,-9.19771321591239e-07
3437.40656,0.42616,3.54417e-07,1.06850000000001e-09,1.06283284297702e-09,7.38667320776688e-14,2.43134376512715e-14,8.1224845902969e-14,3.88466654318547e-07
3447.48906,0.42741,3.5548e-07,1.06141666666648e-09,1.06348447204974e-09,1.1827122153282e-12,3.29320660278547e-13,3.07798551731947e-13,1.47208003002236e-06
3457.57156,0.42866,3.56539833333333e-07,1.05499999999998e-09,1.06519826740767e-09,1.38189223056179e-12,6.4533651576624e-13,4.01135337251706e-13,1.91847335207338e-06
3467.65406,0.42991,3.5759e-07,1.05858333333349e-09,1.06624825651086e-09,4.63413969716075e-13,6.33262872394427e-13,3.81224021654007e-13,1.82324532095395e-06
3477.73656,0.43116,3.58657e-07,1.06758333333353e-09,1.06612509534711e-09,1.46902582547196e-13,3.44406292914652e-13,3.31696679702509e-13,1.58637542466417e-06
3487.89972,0.43242,3.59725166666667e-07,1.06650000000001e-09,1.06654206167595e-09,3.45319821280227e-13,6.04260346767301e-14,2.83267955048047e-13,1.3547597850124e-06
3497.98222,0.43367,3.6079e-07,1.06141666666648e-09,1.06681573498967e-09,-5.1303530566382e-13,-3.10554561151193e-14,2.32801956303641e-13,1.11340066058263e-06
3508.06472,0.43492,3.61848e-07,1.06300000000001e-09,1.06551599106463e-09,-8.47322109629963e-13,1.57483566520837e-13,2.39555407876204e-13,1.14569977679924e-06
3518.14722,0.43617,3.62916e-07,1.07450000000001e-09,1.06512109077041e-09,4.379971668353e-13,4.4697217351086e-13,3.50782652482814e-13,1.67765616404824e-06
3528.22972,0.43742,3.63997e-07,1.07858333333351e-09,1.0663919853983e-09,1.35443227634902e-12,5.54106838996465e-13,4.87832557351439e-13,2.33311223081123e-06
3538.31222,0.43867,3.65073166666667e-07,1.06850000000001e-09,1.0678299553231e-09,1.32822545493164e-12,5.52113472587571e-13,5.29968279758665e-13,2.53463090319362e-06
3548.39472,0.43992,3.66134e-07,1.06391666666649e-09,1.06904843630816e-09,7.68088699994739e-13,5.95536646161232e-13,4.27059183939878e-13,2.04245696666898e-06
3558.55788,0.44118,3.67201e-07,1.06408333333348e-09,1.06936613272309e-09,-1.597608150956e-13,4.40569187990832e-13,2.07749544595981e-13,9.93584778502518e-07
3568.64038,0.44243,3.68262166666667e-07,1.06399999999999e-09,1.06872891467797e-09,-6.03683120848674e-13,-5.13600942718831e-14,-4.65092963736794e-14,-2.22435765265423e-07
3578.72288,0.44368,3.69329e-07,1.0689166666665e-09,1.0681587664814e-09,-3.19126620890484e-13,-5.10597176791759e-13,-2.56475428560526e-13,-1.22662161485469e-06
3588.80538,0.44493,3.704e-07,1.06699999999999e-09,1.06809066143619e-09,-1.36659583732598e-13,-6.3301845624668e-13,-3.92625486233052e-13,-1.87777406459286e-06
3598.88788,0.44618,3.71463e-07,1.06750000000001e-09,1.06788544731393e-09,-6.20246267852191e-13,-5.02557701639548e-13,-4.38740709943585e-13,-2.0983251345128e-06
3608.97038,0.44743,3.72535e-07,1.07825000000001e-09,1.06685016890048e-09,-1.03721259671713e-12,-3.05006428855367e-13,-3.65979427491715e-13,-1.75033639235168e-06
3619.13354,0.44869,3.736195e-07,1.06850000000001e-09,1.0658110221205e-09,-2.8094693254237e-13,-1.32105467624191e-13,-2.12916590200125e-13,-1.01829673573973e-06
3629.21604,0.44994,3.74672e-07,1.06166666666649e-09,1.0662882750354e-09,6.51642693703903e-13,-1.56844490296064e-14,-8.96996879760719e-14,-4.28998507711648e-07
3639.29854,0.45119,3.75742833333333e-07,1.06699999999999e-09,1.0671143075079e-09,3.56761468913254e-13,3.66216544771949e-14,-5.96164705083828e-14,-2.85122250257483e-07
3649.38104,0.45244,3.76806e-07,1.06158333333349e-09,1.06700179797323e-09,-9.39713413873598e-14,7.13874227077521e-15,-9.69777720237965e-14,-4.63806735765983e-07
3659.46354,0.45369,3.77866e-07,1.06499999999999e-09,1.06692636482513e-09,-1.39479132687811e-14,-1.47944732608908e-13,-1.41397440668315e-13,-6.76248629283246e-07
3669.54604,0.45494,3.78936e-07,1.06800000000002e-09,1.06697390214669e-09,-2.86449820209721e-13,-3.08900322916596e-13,-1.57547605640723e-13,-7.53488548716501e-07
3679.7092,0.4562,3.80002e-07,1.06600000000002e-09,1.06635346518471e-09,-7.55067015373703e-13,-2.83503840430078e-13,-1.25796039966668e-13,-6.01633234623195e-07
3689.7917,0.45745,3.81068e-07,1.0655e-09,1.06546376811594e-09,-6.43374741201605e-13,-6.95637949714341e-14,-2.67350959456809e-14,-1.27863502348909e-07
3699.8742,0.4587,3.82133e-07,1.0655e-09,1.06506671570231e-09,1.16323417241661e-13,1.92373892309735e-13,1.34461589421583e-13,6.43077166798875e-07
3709.9567,0.45995,3.83199e-07,1.07083333333351e-09,1.06569641495042e-09,1.08361937451627e-12,3.57813937900931e-13,3.19727584334206e-13,1.52913192507664e-06
3720.0392,0.4612,3.84274666666667e-07,1.07174999999999e-09,1.06723395445134e-09,1.05825705567418e-12,4.8493198893363e-13,4.5355444092836e-13,2.16917341313563e-06
3730.1217,0.46245,3.853425e-07,1.06249999999997e-09,1.06781292906177e-09,4.50038138817778e-13,5.92384065208454e-13,4.86685723619435e-13,2.32762737383208e-06
3740.2042,0.4637,3.86399666666667e-07,1.06425e-09,1.06813403072897e-09,2.84542878936033e-13,5.52862977346431e-13,4.43127634332718e-13,2.11930607724343e-06
3750.36736,0.46496,3.87471e-07,1.070583333333e-09,1.06838201481964e-09,-3.49651302082989e-14,3.72482304118377e-13,3.69758609802048e-13,1.76841074253153e-06
3760.44986,0.46621,3.88540833333333e-07,1.06591666666652e-09,1.06806410046856e-09,1.43633540376449e-13,1.50018047046159e-13,2.97727980833945e-13,1.42391643007539e-06
3770.53236,0.46746,3.89602833333333e-07,1.06158333333349e-09,1.0686692819004e-09,4.88844393592641e-13,8.52645003138292e-14,2.27010006126628e-13,1.08570002930126e-06
3780.61486,0.46871,3.90664e-07,1.06858333333348e-09,1.06904178925574e-09,2.3063092513981e-13,1.91997615913773e-13,1.72393597982178e-13,8.2449112078433e-07
3790.69736,0.46996,3.9174e-07,1.08050000000002e-09,1.06913054375068e-09,3.93102321072512e-14,2.6173524543301e-13,1.68157703742432e-13,8.04232496159457e-07
3800.77986,0.47121,3.92825e-07,1.07741666666652e-09,1.06912040971996e-09,1.31306527214674e-14,2.43322879767019e-13,2.04247836303757e-13,9.7683747797449e-07
3810.94302,0.47247,3.93894833333333e-07,1.06499999999999e-09,1.06915680505612e-09,3.96167048052664e-13,1.86851573297277e-13,2.34687121842805e-13,1.12241666968298e-06
3821.02552,0.47372,3.94955e-07,1.06408333333348e-09,1.06991274381606e-09,5.91192655555536e-13,2.02203371256118e-13,2.21512952145506e-13,1.05940977113068e-06
3831.10802,0.47497,3.96023e-07,1.0703333333335e-09,1.07033919036723e-09,2.53895608643791e-14,2.63886063083965e-13,1.83428732517075e-13,8.7726785116862e-07
3841.19052,0.47622,3.97095666666667e-07,1.06650000000001e-09,1.06996352293779e-09,-1.45594965670212e-13,2.17213977223255e-13,1.70825747994155e-13,8.16992707798133e-07
3851.27302,0.47747,3.98156e-07,1.07216666666651e-09,1.07004800043589e-09,3.8712269804264e-13,1.15914596463488e-13,1.94467762324535e-13,9.30063211117341e-07
3861.35552,0.47872,3.9924e-07,1.07575e-09,1.07073776833388e-09,4.66151792508155e-13,1.12676733385343e-13,2.31752165004357e-13,1.10837991958606e-06
3871.43802,0.47997,4.003075e-07,1.06499999999999e-09,1.07098030402091e-09,-1.17413097992231e-14,2.47088564876824e-13,2.65751613866321e-13,1.27098597936067e-06
3881.60118,0.48123,4.0137e-07,1.06974999999999e-09,1.07071428571428e-09,-1.78789364702935e-13,3.95787206916787e-13,3.06618505253921e-13,1.46643632947527e-06
3891.68368,0.48248,4.02447e-07,1.072e-09,1.0706227252915e-09,4.29824561406003e-13,4.1946302027362e-13,3.59243963115944e-13,1.71812330185886e-06
3901.76618,0.48373,4.03514e-07,1.07316666666649e-09,1.07157393483709e-09,1.04727852237531e-12,3.57405310515964e-13,3.84660931036072e-13,1.83968271365078e-06
3911.84868,0.48498,4.04593333333333e-07,1.07249999999999e-09,1.07271728233625e-09,6.3367658274978e-13,3.27029969657108e-13,3.42514017399394e-13,1.6381105179971e-06
3921.93118,0.48623,4.05659e-07,1.06758333333353e-09,1.07284128800259e-09,-6.15397188650215e-14,3.04378834877771e-13,2.43165763887666e-13,1.16296669685405e-06
3932.01368,0.48748,4.067285e-07,1.07474999999999e-09,1.07259420289852e-09,-1.11731898916724e-13,1.88769855296723e-13,1.29175732586495e-13,6.17796981935411e-07
3942.17684,0.48874,4.078085e-07,1.07875000000003e-09,1.07261782420476e-09,-8.49331826726397e-15,-1.74499759948297e-14,2.36148454957796e-14,1.12940565414598e-07
3952.25934,0.48999,4.08886e-07,1.07375000000005e-09,1.07257721626199e-09,-7.27225672754886e-14,-1.75880914141204e-13,-7.14619996303047e-14,-3.41774780840588e-07
3962.34184,0.49124,4.09956e-07,1.071e-09,1.07247237907021e-09,-1.369518162833e-13,-1.95654581169873e-13,-1.60298046358049e-13,-7.6664283040806e-07
3972.42434,0.49249,4.11028e-07,1.07149999999998e-09,1.07230331262942e-09,-2.01181065291111e-13,-1.89463196100667e-13,-2.33713415618471e-13,-1.11775981382747e-06
3982.50684,0.49374,4.12099e-07,1.07074999999996e-09,1.07207001693962e-09,-2.6541031430223e-13,-2.54052003379254e-13,-2.8319138762918e-13,-1.35439359300912e-06
3992.58934,0.49499,4.131695e-07,1.07241666666649e-09,1.07177249200082e-09,-3.29639563310041e-13,-3.11575637429369e-13,-3.45908481965877e-13,-1.65434491374985e-06
4002.7525,0.49625,4.14243833333333e-07,1.07158333333351e-09,1.071410737813e-09,-3.93868812317852e-13,-3.73831901029555e-13,-4.04196352125241e-13,-1.93311298842507e-06
4012.835,0.4975,4.15312666666667e-07,1.06908333333352e-09,1.07098475437618e-09,-4.58098061328972e-13,-4.40820794180638e-13,-4.58054998107552e-13,-2.19069781703612e-06
4022.9175,0.49875,4.16382e-07,1.07025000000003e-09,1.07049454169035e-09,-5.22327310336783e-13,-5.12542316882205e-13,-5.07484419911571e-13,-2.42709939957708e-06
4033,0.5,4.17453166666667e-07,1.07116666666701e-09,1.06994009975551e-09,-5.54441934839034e-13,-5.88996469134874e-13,-5.5248461753833e-13,-2.64231773605288e-06
