Wvnmbr,Voltage,current,DerivativeY1,DerivativeY1_1,DerivativeY2,DerivativeY2_1,DerivativeY2_2,Alpha
-4033,-0.5,-4.01706e-07,1.55800000000002e-09,1.34276870428869e-09,-2.11546276217311e-11,-2.07538405328062e-11,-2.07538405328062e-11,NaN
-4022.9175,-0.49875,-4.00148e-07,1.48058333333352e-09,1.32161407666696e-09,-2.08433524004669e-11,-2.03660749075222e-11,-2.03660749075222e-11,NaN
-4012.835,-0.4975,-3.98744833333333e-07,1.35658333333351e-09,1.30108199948775e-09,-2.02208019579387e-11,-1.99521697047159e-11,-1.99521697047159e-11,NaN
-4002.7525,-0.49625,-3.97434833333333e-07,1.283583333333e-09,1.28117247275108e-09,-1.95982515154104e-11,-1.95121249243873e-11,-1.95121249243873e-11,NaN
-3992.58934,-0.49499,-3.96177666666667e-07,1.22741666666651e-09,1.26188549645693e-09,-1.89757010728822e-11,-1.90459405665365e-11,-1.90459405665365e-11,NaN
-3982.50684,-0.49374,-3.9498e-07,1.1738333333335e-09,1.24322107060531e-09,-1.83531506303539e-11,-1.85536166311633e-11,-1.85536166311633e-11,NaN
-3972.42434,-0.49249,-3.9383e-07,1.14749999999999e-09,1.22517919519622e-09,-1.77306001878257e-11,-1.80351531182679e-11,-1.80351531182679e-11,NaN
-3962.34184,-0.49124,-3.92685e-07,1.12449999999999e-09,1.20775987022966e-09,-1.71080497452975e-11,-1.74905500278503e-11,-1.74905500278503e-11,NaN
-3952.25934,-0.48999,-3.91581e-07,1.1045e-09,1.19096309570563e-09,-1.64854993027693e-11,-1.69198073599103e-11,-1.69198073599103e-11,NaN
-3942.17684,-0.48874,-3.90476e-07,1.11399999999999e-09,1.17478887162412e-09,-1.58629488602411e-11,-1.63229251144481e-11,-1.63229251144481e-11,NaN
-3932.01368,-0.48748,-3.89353e-07,1.11000000000001e-09,1.15923719798515e-09,-1.52403984177127e-11,-1.56999032914636e-11,-1.56999032914636e-11,NaN
-3921.93118,-0.48623,-3.88256e-07,1.09950000000002e-09,1.1443080747887e-09,-1.46178479751846e-11,-1.50507418909568e-11,-1.50635297399244e-11,NaN
-3911.84868,-0.48498,-3.87154e-07,1.08674999999996e-09,1.13000150203478e-09,-1.39952975326563e-11,-1.43754409129277e-11,-1.43966089692031e-11,NaN
-3901.76618,-0.48373,-3.860825e-07,1.07349999999999e-09,1.11631747972339e-09,-1.3372747090128e-11,-1.36740003573764e-11,-1.3685751741239e-11,NaN
-3891.68368,-0.48248,-3.85007e-07,1.06225000000002e-09,1.10325600785452e-09,-1.27501966475998e-11,-1.29464202243028e-11,-1.2923126244659e-11,NaN
-3881.60118,-0.48123,-3.83958e-07,1.0435833333335e-09,1.09081708642819e-09,-1.21276462050717e-11,-1.21927005137069e-11,-1.2107934921639e-11,NaN
-3871.43802,-0.47997,-3.82919833333333e-07,1.04499999999999e-09,1.07900071544438e-09,-1.15050957625433e-11,-1.12604526920583e-11,-1.12424355044618e-11,NaN
-3861.35552,-0.47872,-3.81868e-07,1.05141666666649e-09,1.0678068949031e-09,-1.08825453200151e-11,-1.03164925559511e-11,-1.03330349517512e-11,NaN
-3851.27302,-0.47747,-3.80817e-07,1.04850000000001e-09,1.05723562480435e-09,-1.02599948774869e-11,-9.37582648933091e-12,-9.39752602379121e-12,NaN
-3841.19052,-0.47622,-3.79771e-07,1.048e-09,1.04728690514813e-09,-9.63744443495858e-12,-8.44734312472917e-12,-8.45837241848939e-12,NaN
-3831.10802,-0.47497,-3.78721e-07,1.03e-09,1.03796073593443e-09,-9.01489399243047e-12,-7.52526701884959e-12,-7.5356892952859e-12,NaN
-3821.02552,-0.47372,-3.77711e-07,1.0120833333335e-09,1.02925711716327e-09,-8.39234354990225e-12,-6.63337432764679e-12,-6.65081668089677e-12,NaN
-3810.94302,-0.47247,-3.76696833333333e-07,1.03075e-09,1.02117604883463e-09,-7.76979310737393e-12,-5.8030845407136e-12,-5.79868670945796e-12,NaN
-3800.77986,-0.47121,-3.756495e-07,1.04058333333302e-09,1.01371753094852e-09,-7.14724266484561e-12,-5.00321037813796e-12,-4.98646980748107e-12,NaN
-3790.69736,-0.46996,-3.74615666666667e-07,1.01191666666649e-09,1.00688156350494e-09,-6.5246922223175e-12,-4.21922634494529e-12,-4.21974161229993e-12,NaN
-3780.61486,-0.46871,-3.73625666666667e-07,1.00833333333348e-09,1.00066814650388e-09,-1.51764646061895e-12,-3.48638905589211e-12,-3.50271072478884e-12,NaN
-3770.53236,-0.46746,-3.72599e-07,1.02883333333352e-09,1.0038462705837e-09,3.02919375297391e-12,-2.82976789048978e-12,-2.83587763456763e-12,NaN
-3760.44986,-0.46621,-3.71568e-07,1.01700000000002e-09,1.00672653400983e-09,2.20779160721598e-12,-2.22838656959157e-12,-2.22061833273268e-12,NaN
-3750.36736,-0.46496,-3.70565e-07,1.02758333333348e-09,1.00826185379813e-09,8.86193156507021e-13,-1.67781427078715e-12,-1.66497596077617e-12,NaN
-3740.2042,-0.4637,-3.69512833333333e-07,1.02749999999999e-09,1.00849892032284e-09,-1.10650864126028e-13,-1.18544505083307e-12,-1.17923630511138e-12,NaN
-3730.1217,-0.46245,-3.6851e-07,9.91416666666505e-10,1.00804055206988e-09,-4.84357894098939e-13,-7.59464990101002e-13,-7.68099185340272e-13,NaN
-3720.0392,-0.4612,-3.6753e-07,9.84000000000004e-10,1.00753020453465e-09,-8.43748820278552e-13,-4.09919469639359e-13,-4.31814672043054e-13,NaN
-3709.9567,-0.45995,-3.66542e-07,1.0145e-09,1.00635305442932e-09,-1.08623260625327e-12,-1.54003854693657e-13,-1.73659097769859e-13,NaN
-3699.8742,-0.4587,-3.65501e-07,1.03599999999998e-09,1.00535773932214e-09,-9.93457760463624e-13,-4.18836418554113e-15,3.03557605235545e-15,NaN
-3689.7917,-0.45745,-3.6447e-07,1.02099999999999e-09,1.00436613890839e-09,-8.84668961922267e-13,7.78940443433745e-14,9.78671982074681e-14,NaN
-3679.7092,-0.4562,-3.63459e-07,1.0056666666665e-09,1.0035884013983e-09,-1.09827327157291e-12,1.11831675687038e-13,1.10052402723677e-13,NaN
-3669.54604,-0.45494,-3.62458666666667e-07,1.008e-09,1.00216959236525e-09,-1.01696433290312e-12,6.5992582180477e-14,2.52877851772613e-14,NaN
-3659.46354,-0.45369,-3.61443e-07,1.00433333333353e-09,1.00155447273249e-09,-3.286512718324e-13,-7.06530728228595e-14,-1.40790707462849e-13,NaN
-3649.38104,-0.45244,-3.6045e-07,1.00783333333349e-09,1.00151228982158e-09,-3.28137858920558e-13,-2.79240658449348e-13,-3.40547955258981e-13,NaN
-3639.29854,-0.45119,-3.59427333333333e-07,9.89666666666483e-10,1.00089819701465e-09,-8.56853118605496e-13,-5.52797738806316e-13,-5.39667315099212e-13,NaN
-3629.21604,-0.44994,-3.58470666666667e-07,9.80833333332985e-10,9.99798583584372e-10,-8.7593622354518e-13,-8.53431054682068e-13,-7.08469897569978e-13,NaN
-3619.13354,-0.44869,-3.57465666666667e-07,9.90333333333512e-10,9.99146324567558e-10,-4.23151336004797e-13,-9.50728765797504e-13,-8.25499054938437e-13,NaN
-3608.97038,-0.44743,-3.5649e-07,9.94916666667025e-10,9.98952280912363e-10,-4.35711076884279e-13,-8.72281961035164e-13,-8.79244964507625e-13,NaN
-3598.88788,-0.44618,-3.55475833333333e-07,9.98500000000007e-10,9.98274902413789e-10,-6.72628485357531e-13,-8.15851407771026e-13,-8.72797864938321e-13,NaN
-3588.80538,-0.44493,-3.54493e-07,1.0064166666665e-09,9.97607023941648e-10,-9.10367920749434e-13,-7.75516311076886e-13,-8.23280807044584e-13,NaN
-3578.72288,-0.44368,-3.53463e-07,1.0145e-09,9.9645416657229e-10,-1.10876237287095e-12,-7.55303221424095e-13,-7.61225601918527e-13,NaN
-3568.64038,-0.44243,-3.52464e-07,9.95000000000017e-10,9.95389499195906e-10,-1.18728340392489e-12,-7.24752674648517e-13,-7.23719382498276e-13,NaN
-3558.55788,-0.44118,-3.51473e-07,9.90000000000011e-10,9.94079599764441e-10,-9.08745573697879e-13,-7.02110533385516e-13,-7.07930037187091e-13,NaN
-3548.39472,-0.43992,-3.50484e-07,9.84000000000004e-10,9.9357200804851e-10,-2.43451154050394e-13,-6.94259667913318e-13,-6.96257983679945e-13,NaN
-3538.31222,-0.43867,-3.49505e-07,9.88666666666482e-10,9.9359269745634e-10,-2.83050012465471e-13,-6.87758090240679e-13,-6.86658266536655e-13,NaN
-3528.22972,-0.43742,-3.48506666666667e-07,9.94500000000003e-10,9.93005908023579e-10,-8.22946159599676e-13,-6.76912989832049e-13,-6.71994882562328e-13,NaN
-3518.14722,-0.43617,-3.47516e-07,9.90333333333512e-10,9.91946805137141e-10,-7.77929096164202e-13,-6.59444661330514e-13,-6.53544734050993e-13,NaN
-3508.06472,-0.43492,-3.46526e-07,1.00149999999998e-09,9.91450049831251e-10,-4.12278118789067e-13,-6.48236723965379e-13,-6.35372974129027e-13,NaN
-3497.98222,-0.43367,-3.45513e-07,9.84999999999979e-10,9.91122248899562e-10,-3.25399971303884e-13,-6.18065671004856e-13,-6.17946614488855e-13,NaN
-3487.89972,-0.43242,-3.44556e-07,1.00150000000001e-09,9.90799249888643e-10,-3.20868913600115e-13,-5.72587548481018e-13,-6.00413422892522e-13,NaN
-3477.73656,-0.43116,-3.4351e-07,1.006e-09,9.90480511072362e-10,-1.16804363254915e-12,-5.64712018819408e-13,-5.8082121363159e-13,NaN
-3467.65406,-0.42991,-3.42544e-07,9.80166666666486e-10,9.88463162623544e-10,-1.78670619191283e-12,-5.77385656647618e-13,-5.56912641504856e-13,NaN
-3457.57156,-0.42866,-3.41549666666667e-07,9.9499999999999e-10,9.86907098688537e-10,-6.87233383919362e-13,-5.5338836414313e-13,-5.26116244341365e-13,NaN
-3447.48906,-0.42741,-3.40554e-07,9.80833333333515e-10,9.87088695855706e-10,5.85819233353174e-14,-5.08080761367658e-13,-4.96447384847942e-13,NaN
-3437.40656,-0.42616,-3.39588e-07,9.70166666666527e-10,9.87024262535207e-10,-6.89521091668984e-15,-4.60403034289635e-13,-4.71712001492507e-13,NaN
-3427.32406,-0.42491,-3.38613666666667e-07,9.81999999999976e-10,9.87074905433872e-10,-3.3111357757261e-14,-4.19524379563128e-13,-4.4327640485638e-13,NaN
-3417.1609,-0.42365,-3.37624e-07,1.01524999999999e-09,9.86958039819693e-10,-3.3268590455075e-13,-3.966891928134e-13,-4.18373317193964e-13,NaN
-3407.0784,-0.4224,-3.36583166666667e-07,9.93500000000002e-10,9.86409533624771e-10,-4.28838516529295e-13,-4.14139164157027e-13,-4.05815139173101e-13,NaN
-3396.9959,-0.42115,-3.35637e-07,9.71583333333498e-10,9.86100362786634e-10,-3.79938767955314e-13,-4.20009977729429e-13,-3.99860398054879e-13,NaN
-3386.9134,-0.4199,-3.3464e-07,9.85499999999993e-10,9.8564965608886e-10,-2.8649761791756e-13,-3.87834528297391e-13,-3.96241472396746e-13,NaN
-3376.8309,-0.41865,-3.33666e-07,9.99499999999982e-10,9.85527367550799e-10,-2.55909911142228e-13,-3.88552501805237e-13,-3.90140242238835e-13,NaN
-3366.7484,-0.4174,-3.32641e-07,9.70583333333523e-10,9.85137836266576e-10,-6.88599968292919e-13,-3.80868819040935e-13,-3.6962007739074e-13,NaN
-3356.6659,-0.41615,-3.31724833333333e-07,9.55999999999999e-10,9.84150167614213e-10,-6.56807062440245e-13,-3.47410960427428e-13,-3.34722845256953e-13,NaN
-3346.50274,-0.41489,-3.30729e-07,9.80749999999994e-10,9.83824222141695e-10,-3.66336157098374e-13,-3.21804545250833e-13,-3.06420369807674e-13,NaN
-3336.42024,-0.41364,-3.29763333333333e-07,9.83000000000003e-10,9.83417495300016e-10,-5.62595793035658e-13,-2.8173161981473e-13,-2.88751642685043e-13,NaN
-3326.33774,-0.41239,-3.28763e-07,1.00716666666649e-09,9.82699030555624e-10,-2.70357199486245e-13,-2.25515764243744e-13,-2.72679990881431e-13,NaN
-3316.25524,-0.41114,-3.27749e-07,9.94000000000016e-10,9.82876780901044e-10,2.0597861786156e-13,-2.35251452851517e-13,-2.64858296786628e-13,NaN
-3306.17274,-0.40989,-3.26775e-07,9.87000000000008e-10,9.83110987791347e-10,8.85297515237468e-14,-2.93705491457772e-13,-2.64105448229862e-13,NaN
-3296.09024,-0.40864,-3.25775e-07,9.8e-10,9.83053840404091e-10,-1.82359736346479e-13,-2.87101495868069e-13,-2.5962701267248e-13,NaN
-3285.92708,-0.40738,-3.24815e-07,9.75500000000008e-10,9.82746268318654e-10,-4.16385422098076e-13,-2.54955127436553e-13,-2.48226266160075e-13,NaN
-3275.84458,-0.40613,-3.23824e-07,9.685e-10,9.82221069559895e-10,-6.14316481314577e-13,-2.40028641575788e-13,-2.27560091437458e-13,NaN
-3265.76476866667,-0.404880333333333,-3.22878e-07,9.7958333333348e-10,9.81517635356025e-10,-6.57619651628979e-13,-1.98065138171182e-13,-1.92857008837346e-13,NaN
-3255.67958,-0.40363,-3.21864833333333e-07,9.83000000000003e-10,9.80905830256637e-10,-9.69265064464234e-14,-1.38838187336395e-13,-1.52409098120906e-13,NaN
-3245.59708,-0.40238,-3.20912e-07,9.67416666666531e-10,9.81323782343132e-10,-1.48901069862589e-13,-1.0809965388774e-13,-1.25210851344986e-13,NaN
-3235.51458,-0.40113,-3.1993e-07,9.79749999999993e-10,9.80608028116912e-10,-2.43348282709897e-13,-1.03699660194e-13,-1.12935412529485e-13,NaN
-3225.35142,-0.39987,-3.189525e-07,9.84499999999992e-10,9.80837085777712e-10,6.34021533139712e-13,-1.05395256265855e-13,-1.09473240807873e-13,NaN
-3215.26892,-0.39862,-3.17961e-07,1.01075e-09,9.81876071183191e-10,1.11514417085553e-13,-1.13495537211182e-13,-1.18136520000482e-13,NaN
-3205.18642,-0.39737,-3.16931e-07,9.88499999999996e-10,9.81060114611883e-10,-4.54533700271444e-13,-1.4709953950763e-13,-1.37255785678794e-13,NaN
-3195.10392,-0.39612,-3.15984e-07,9.58000000000001e-10,9.80967003782649e-10,3.46044077995708e-14,-1.68201733210899e-13,-1.57325789504003e-13,NaN
-3185.02142,-0.39487,-3.15015e-07,9.915e-10,9.81129323427483e-10,-8.97311754936335e-14,-1.61319773112045e-13,-1.71389633027362e-13,NaN
-3174.93892,-0.39362,-3.14001e-07,9.79333333333473e-10,9.80787541431661e-10,-3.88789478056088e-13,-1.77013556563923e-13,-1.77384134186573e-13,NaN
-3164.85642,-0.39237,-3.13056333333333e-07,9.71833333333505e-10,9.8035174447137e-10,2.41049249894541e-14,-1.93279728623058e-13,-1.71279373857027e-13,NaN
-3154.69326,-0.39111,-3.12057333333333e-07,9.9108333333303e-10,9.8083575128164e-10,1.37840041675898e-13,-1.7612933162061e-13,-1.55991027030637e-13,NaN
-3144.61076,-0.38986,-3.11074166666667e-07,9.82666666666502e-10,9.80627424554722e-10,-3.85789221347797e-13,-1.44392028071463e-13,-1.49938126049488e-13,NaN
-3134.52826,-0.38861,-3.10092e-07,9.94833333333504e-10,9.80064172838945e-10,-2.23187388161467e-13,-1.27054252805188e-13,-1.51951584701321e-13,NaN
-3124.44576,-0.38736,-3.090845e-07,9.66499999999998e-10,9.80181049778399e-10,2.13708124761106e-13,-1.22165623481351e-13,-1.55083392193599e-13,NaN
-3114.36326,-0.38611,-3.08159e-07,9.62000000000006e-10,9.80491589088467e-10,-2.36754135612401e-13,-1.61388107332123e-13,-1.70967474491596e-13,NaN
-3104.28076,-0.38486,-3.071605e-07,9.89499999999997e-10,9.79707541507174e-10,-1.00384682174759e-12,-2.29015247767259e-13,-1.94064458528866e-13,NaN
-3094.1176,-0.3836,-3.0618e-07,9.71749999999984e-10,9.78483895444972e-10,-7.66165900326815e-13,-2.25222522606906e-13,-2.14519452726987e-13,NaN
-3084.0351,-0.38235,-3.05217e-07,9.77999999999997e-10,9.78175209706521e-10,-3.18080062215442e-13,-2.2760379229577e-13,-2.30480762024015e-13,NaN
-3073.9526,-0.3811,-3.04224e-07,1.00049999999998e-09,9.77847735320541e-10,-1.13296261898051e-13,-2.61421410032534e-13,-2.40235255690108e-13,NaN
-3063.8701,-0.37985,-3.03216e-07,9.84500000000018e-10,9.77948617182725e-10,1.2175530589817e-13,-2.27013561794118e-13,-2.43003128909697e-13,NaN
-3053.7876,-0.3786,-3.02255e-07,9.65000000000036e-10,9.78091245932337e-10,2.73971852889374e-13,-2.17583624478065e-13,-2.42588379661452e-13,NaN
-3043.7051,-0.37735,-3.01286e-07,9.67999999999986e-10,9.78496560888504e-10,1.15064893859114e-14,-2.44814649796951e-13,-2.45355287787394e-13,NaN
-3033.6226,-0.3761,-3.00319e-07,9.67999999999986e-10,9.78114258911109e-10,-3.75155722669112e-13,-2.53560954600975e-13,-2.41834496815709e-13,NaN
-3023.45944,-0.37484,-2.9935e-07,9.78583333333506e-10,9.77746249443165e-10,-2.39380657926245e-13,-2.53671036087421e-13,-2.31955325460209e-13,NaN
-3013.37694,-0.37359,-2.98361833333333e-07,9.92500000000001e-10,9.77635497595256e-10,4.39704184068092e-15,-2.33051049682975e-13,-2.26862823107943e-13,NaN
-3003.29444,-0.37234,-2.97365e-07,9.88416666666502e-10,9.77755043526847e-10,-1.2744909283939e-13,-2.08830175472077e-13,-2.20731374533805e-13,NaN
-2993.21194,-0.37109,-2.96385e-07,9.65999999999984e-10,9.77380599409578e-10,-4.81404826084589e-13,-1.90309733087404e-13,-2.1034043809543e-13,NaN
-2983.12944,-0.36984,-2.95433e-07,9.8900000000001e-10,9.76792233874677e-10,-5.07285933244435e-13,-1.89874560058077e-13,-1.99659198694107e-13,NaN
-2973.04694,-0.36859,-2.94407e-07,9.75500000000008e-10,9.76366027543089e-10,-6.35031371036457e-13,-2.09247748920681e-13,-1.92323648364657e-13,NaN
-2962.88378,-0.36733,-2.93482e-07,9.5333333333347e-10,9.75522171132605e-10,-7.44363783229774e-14,-2.13608080544297e-13,-1.91701163102595e-13,NaN
-2952.80128,-0.36608,-2.92500333333333e-07,9.90916666666491e-10,9.76217154786443e-10,4.42412814181802e-13,-1.86540413210487e-13,-1.95512031439579e-13,NaN
-2942.71878,-0.36483,-2.91500166666667e-07,9.83666666666503e-10,9.76406996760968e-10,-4.8389922006555e-13,-1.78311089984249e-13,-2.02938991531443e-13,NaN
-2932.63628,-0.36358,-2.90533e-07,9.60416666666999e-10,9.75249356346312e-10,-4.96866671197289e-13,-1.99382691542454e-13,-2.07835678073577e-13,NaN
-2922.55378,-0.36233,-2.89579333333333e-07,9.62000000000006e-10,9.75413263418574e-10,3.05744939501603e-14,-2.16815790628236e-13,-2.06496515030883e-13,NaN
-2912.47128,-0.36108,-2.88609e-07,9.73666666666518e-10,9.75310505334212e-10,-3.680717569993e-13,-2.22493840538815e-13,-2.06191537852797e-13,NaN
-2902.30812,-0.35982,-2.87632e-07,9.78500000000011e-10,9.74677119904575e-10,-2.23416725183538e-13,-2.2044075778742e-13,-2.05401479210301e-13,NaN
-2892.22562,-0.35857,-2.86652e-07,9.85499999999993e-10,9.74863671883845e-10,9.63592983549512e-15,-1.87887915484489e-13,-1.9621545235591e-13,NaN
-2882.14312,-0.35732,-2.85661e-07,9.76500000000009e-10,9.74696391764246e-10,2.18964000700024e-13,-1.62068356611551e-13,-1.79621099550543e-13,NaN
-2872.06062,-0.35607,-2.84699e-07,9.65499999999997e-10,9.75301599885245e-10,8.26066275611801e-14,-1.66225612349249e-13,-1.60759537393243e-13,NaN
-2861.97812,-0.35482,-2.8373e-07,9.73666666666492e-10,9.74861605019368e-10,-6.93519860782287e-13,-1.46075083376031e-13,-1.40252543064924e-13,NaN
-2851.89562,-0.35357,-2.82751666666667e-07,9.83000000000003e-10,9.7391456016368e-10,-4.71642430559352e-13,-1.22440349535106e-13,-1.22991817617793e-13,NaN
-2841.81312,-0.35232,-2.81764e-07,9.80833333333488e-10,9.7391832015825e-10,-1.82032246858124e-13,-1.09511385074358e-13,-1.11642850061054e-13,NaN
-2831.64996,-0.35106,-2.8079e-07,9.71833333333505e-10,9.73550495669964e-10,-3.09590817458558e-13,-9.27231516279048e-14,-9.49316827401011e-14,NaN
-2821.56746,-0.34981,-2.79820333333333e-07,9.74000000000019e-10,9.73299138523333e-10,3.02553096713138e-13,-7.42893320970288e-14,-7.66309578386381e-14,NaN
-2811.48496,-0.34856,-2.78842e-07,9.87083333332999e-10,9.74155601863391e-10,7.28391356545206e-13,-7.80267756315557e-14,-6.66436483675456e-14,NaN
-2801.40246,-0.34731,-2.77846166666667e-07,9.77499999999984e-10,9.74755921236423e-10,-1.55031824050313e-13,-6.46536849367283e-14,-5.97018041226612e-14,NaN
-2791.31996,-0.34606,-2.76887e-07,9.62333333333481e-10,9.7384553821529e-10,-7.62876848853609e-13,-3.20624402335603e-14,-5.63426269730267e-14,NaN
-2781.23746,-0.34481,-2.759215e-07,9.82000000000002e-10,9.73230167538716e-10,-2.58363722848864e-13,-5.61210533129748e-14,-5.83400661185471e-14,NaN
-2771.0743,-0.34355,-2.74923e-07,9.77333333333524e-10,9.73328810769592e-10,5.41348615207937e-15,-7.58672027741331e-14,-6.48158654085118e-14,NaN
-2760.9918,-0.3423,-2.73966833333333e-07,9.58500000000015e-10,9.7324099451102e-10,-8.909224023715e-16,-6.8043594697131e-14,-7.17011113335528e-14,NaN
-2750.9093,-0.34105,-2.73006e-07,9.57166666666513e-10,9.73327028924787e-10,2.05644521957621e-13,-8.32231262521233e-14,-7.8243517600665e-14,NaN
-2740.8268,-0.3398,-2.720525e-07,9.75999999999995e-10,9.73652283554935e-10,-9.03380220047858e-14,-9.30580041531223e-14,-8.65644918105469e-14,NaN
-2730.7443,-0.33855,-2.71054e-07,9.66083333333478e-10,9.73146352880778e-10,-9.83393357325863e-14,-9.58937760530343e-14,-9.01011131336215e-14,NaN
-2720.6618,-0.3373,-2.70120333333333e-07,9.70499999999976e-10,9.7345560488347e-10,1.87642037949183e-13,-8.78025732396952e-14,-9.4272159544486e-14,NaN
-2710.5793,-0.33605,-2.69113e-07,9.91166666666525e-10,9.73521636956676e-10,-1.79003676943539e-13,-8.73961579660757e-14,-1.07463131549081e-13,NaN
-2700.41614,-0.33479,-2.68138e-07,9.70000000000015e-10,9.73097597529583e-10,2.11612947029537e-14,-1.19574036740042e-13,-1.22962601080764e-13,NaN
-2690.33364,-0.33354,-2.67173e-07,9.67999999999986e-10,9.73563959546082e-10,2.1699906377072e-13,-1.26549905522657e-13,-1.30386389068625e-13,NaN
-2680.25114,-0.33229,-2.66202e-07,9.82500000000016e-10,9.73531595657124e-10,-2.32884663297618e-13,-1.36187763474679e-13,-1.26524009690711e-13,NaN
-2670.16864,-0.33104,-2.65208e-07,9.71000000000016e-10,9.73098190219487e-10,-4.88530317784213e-13,-1.60458727076383e-13,-1.16338603053351e-13,NaN
-2660.08614,-0.32979,-2.6426e-07,9.685e-10,9.72554535021556e-10,-4.12760387176767e-13,-1.18755692720247e-13,-9.82551260914394e-14,NaN
-2650.00364,-0.32854,-2.63271e-07,9.78499999999985e-10,9.72272669445133e-10,-3.67969829442414e-13,-4.18815788066614e-14,-7.61998508882264e-14,NaN
-2639.84048,-0.32728,-2.62303e-07,9.70833333333504e-10,9.71818595362671e-10,-1.96611663532853e-13,-2.47670198195855e-14,-6.15215474310781e-14,NaN
-2629.75798,-0.32603,-2.61329333333333e-07,9.76249999999976e-10,9.71879446118068e-10,1.07031491844344e-13,-4.56821689065392e-14,-4.87536518842215e-14,NaN
-2619.67548,-0.32478,-2.603505e-07,9.63833333332966e-10,9.7203265834636e-10,-6.44314329484294e-14,-4.99002092459828e-14,-4.31563868843214e-14,NaN
-2609.59298,-0.32353,-2.59401666666667e-07,9.70583333333523e-10,9.71750583252171e-10,-1.36715063386756e-13,-6.88191972870717e-14,-5.62799598032689e-14,NaN
-2599.51048,-0.32228,-2.58409333333333e-07,9.81416666667023e-10,9.71759228219586e-10,-7.89428979172579e-14,-8.21911544796234e-14,-7.29226608805963e-14,NaN
-2589.42798,-0.32103,-2.57438833333333e-07,9.77666666666496e-10,9.71592697456336e-10,-9.81807817434663e-14,-6.39437581765101e-14,-8.0776801519432e-14,NaN
-2579.26482,-0.31977,-2.56454e-07,9.73750000000012e-10,9.71562866656099e-10,9.22538827417897e-15,-8.38700368141152e-14,-8.20781137429681e-14,NaN
-2569.18232,-0.31852,-2.55491333333333e-07,9.75999999999995e-10,9.71611148232885e-10,1.18166134378111e-13,-1.00796934854065e-13,-7.86651156919131e-14,NaN
-2559.09982,-0.31727,-2.54502e-07,9.62666666666479e-10,9.71799198924856e-10,3.26766555671858e-13,-6.74889305980235e-14,-7.07661057942607e-14,NaN
-2549.01732,-0.31602,-2.53566e-07,9.55999999999999e-10,9.72264681344228e-10,2.79398551865591e-13,-6.05853819495429e-14,-6.20085569417114e-14,NaN
-2538.93482,-0.31477,-2.5259e-07,9.87500000000021e-10,9.72357996028587e-10,-1.34815246854397e-13,-5.33421447117075e-14,-5.47274513078763e-14,NaN
-2528.85232,-0.31352,-2.51591e-07,9.81000000000027e-10,9.7199505085052e-10,1.41524534346669e-13,-3.881919880677e-14,-4.77341601093101e-14,NaN
-2518.76982,-0.31227,-2.50628e-07,9.54250000000004e-10,9.7264104509728e-10,3.41109085148792e-13,-4.62794360529478e-14,-4.87575763262666e-14,NaN
-2508.60666,-0.31101,-2.496825e-07,9.68499999999973e-10,9.72677269020817e-10,-3.89093373193026e-13,-5.1997913722054e-14,-5.93379599576487e-14,NaN
-2498.52416,-0.30976,-2.48691e-07,9.78749999999965e-10,9.71862858350894e-10,-6.54492929245111e-13,-6.62478307250431e-14,-7.14819394152274e-14,NaN
-2488.44166,-0.30851,-2.47725e-07,9.70000000000015e-10,9.71368283162327e-10,-3.21443671810029e-13,-9.00398667099337e-14,-8.2318972494556e-14,NaN
-2478.35916,-0.30726,-2.46751e-07,9.76500000000009e-10,9.71219971007274e-10,-3.42904142791218e-13,-1.02667821651736e-13,-8.83159719442542e-14,NaN
-2468.27666,-0.30601,-2.45772e-07,9.72916666666497e-10,9.70682474876744e-10,-4.10922859713578e-13,-1.00345760522763e-13,-9.15018599800266e-14,NaN
-2458.19416,-0.30476,-2.44805166666667e-07,9.68999999999987e-10,9.70398125287847e-10,1.23582451844316e-13,-9.44059091707977e-14,-9.47314721170184e-14,NaN
-2448.031,-0.3035,-2.43834e-07,9.60083333333498e-10,9.70929639780433e-10,9.35657281765084e-14,-7.52987835712472e-14,-9.49862893333879e-14,NaN
-2437.9485,-0.30225,-2.42885e-07,9.65250000000016e-10,9.705852567442e-10,-2.93594796409235e-13,-7.48954744774142e-14,-9.22756799412621e-14,NaN
-2427.866,-0.301,-2.419035e-07,9.7750000000001e-10,9.70342450187615e-10,2.68176138382376e-13,-1.00597850608717e-13,-8.64270052110714e-14,NaN
-2417.7835,-0.29975,-2.4093e-07,9.67750000000006e-10,9.71121609020965e-10,3.17654420260906e-13,-9.87956284324387e-14,-7.99816462570125e-14,NaN
-2407.701,-0.2985,-2.39968e-07,9.70083333333483e-10,9.70977759028136e-10,-3.71583539078889e-13,-7.69405365347877e-14,-7.42122829852139e-14,NaN
-2397.6185,-0.29725,-2.38989833333333e-07,9.7149999999999e-10,9.70378441942807e-10,-2.36067068341793e-13,-5.61442370873377e-14,-6.39492295790152e-14,NaN
-2387.45534,-0.29599,-2.38025e-07,9.83749999999997e-10,9.70505624891453e-10,-5.55911043656287e-14,-3.26145638070843e-14,-4.47302144196152e-14,NaN
-2377.37284,-0.29474,-2.37022333333333e-07,9.76499999999996e-10,9.70267259734075e-10,9.70756227058333e-14,-3.04276937565094e-14,-2.05790338666713e-14,NaN
-2367.29034,-0.29349,-2.36072e-07,9.65666666666522e-10,9.70699776136865e-10,2.06265525073419e-13,-1.93025454562174e-14,-5.00772112726622e-16,NaN
-2357.20784,-0.29224,-2.35091e-07,9.68000000000013e-10,9.70679790784222e-10,-1.34907736679712e-13,1.93260477032787e-14,1.20833918453982e-14,NaN
-2347.12534,-0.29099,-2.34136e-07,9.64499999999982e-10,9.70429960663505e-10,-4.47348749692016e-15,3.48155186002883e-14,1.54727924621495e-14,NaN
-2337.04284,-0.28974,-2.33162e-07,9.80999999999988e-10,9.70670843809228e-10,1.76438499932522e-13,2.72579305541653e-14,1.30983445410386e-14,NaN
-2326.96034,-0.28849,-2.32174e-07,9.77416666666516e-10,9.7078283766337e-10,1.00652525159516e-13,9.52864140962802e-15,9.68030669572975e-15,NaN
-2316.79718,-0.28723,-2.31207166666667e-07,9.66500000000011e-10,9.70872148859548e-10,1.44605011819482e-13,-1.68008226945042e-14,-1.67070645971304e-15,NaN
-2306.71468,-0.28598,-2.30241e-07,9.62583333333501e-10,9.71072047687009e-10,-6.01334873595046e-14,-3.56057661448921e-14,-1.9447554365479e-14,NaN
-2296.63218,-0.28473,-2.29282e-07,9.66499999999998e-10,9.70751881884829e-10,-5.04156379538169e-13,-2.69843659637243e-14,-3.30832633931572e-14,NaN
-2286.54968,-0.28348,-2.28308e-07,9.71083333333484e-10,9.70063734927933e-10,-1.80244739402589e-13,-2.92398325895091e-14,-4.23468805652229e-14,NaN
-2276.46718,-0.28223,-2.27339833333333e-07,9.71000000000016e-10,9.70391392406023e-10,3.65756680031205e-13,-5.99828593892806e-14,-5.03052428420747e-14,NaN
-2266.38468,-0.28098,-2.26366e-07,9.5491666666649e-10,9.70795248287995e-10,-2.93645760207324e-14,-6.59953376081011e-14,-6.14608213106161e-14,NaN
-2256.22152,-0.27972,-2.2543e-07,9.7099999999999e-10,9.70332663253982e-10,-3.49754052562679e-13,-6.33387044428141e-14,-7.77249151304357e-14,NaN
-2246.13902,-0.27847,-2.24424e-07,9.8141666666652e-10,9.7009574018287e-10,-8.74170422876426e-14,-8.37948111088584e-14,-9.45759754959953e-14,NaN
-2236.05652,-0.27722,-2.23467166666667e-07,9.67166666666497e-10,9.70157829169407e-10,-8.11437782711891e-14,-1.09085462441101e-13,-1.06429764347108e-13,NaN
-2225.97402,-0.27597,-2.22489666666667e-07,9.73000000000005e-10,9.69933452626327e-10,-2.1499165743507e-15,-1.31089014366067e-13,-1.12047562536668e-13,NaN
-2215.89152,-0.27472,-2.21521166666667e-07,9.7683333333351e-10,9.70153529336258e-10,1.62226211242136e-13,-1.26327509426633e-13,-1.14589675886597e-13,NaN
-2205.80902,-0.27347,-2.20536e-07,9.72583333333499e-10,9.70257905048812e-10,-6.39066947498919e-14,-1.02603093508802e-13,-1.10382518688348e-13,NaN
-2195.72652,-0.27222,-2.19576e-07,9.66999999999985e-10,9.70025715946758e-10,-3.41446012364583e-13,-9.38861220406603e-14,-9.54233339678471e-14,NaN
-2185.56336,-0.27096,-2.18602e-07,9.77499999999984e-10,9.69575013024083e-10,-3.6487802668394e-13,-8.16101438340295e-14,-7.63710195223314e-14,NaN
-2175.48086,-0.26971,-2.17621e-07,9.72250000000011e-10,9.6929595989339e-10,7.60209743684243e-15,-6.44894935026543e-14,-6.33747455253004e-14,NaN
-2165.39836,-0.26846,-2.166575e-07,9.50916666666512e-10,9.69590217218956e-10,1.13199996977274e-13,-4.92164838737654e-14,-6.09231358140695e-14,NaN
-2155.31586,-0.26721,-2.15719166666667e-07,9.69749999999995e-10,9.69522359887345e-10,-2.17399223837741e-13,-4.18324477907993e-14,-6.37907469107889e-14,NaN
-2145.23336,-0.26596,-2.14718e-07,9.83583333333498e-10,9.69155418771281e-10,-3.57146632234544e-13,-6.48508234181072e-14,-6.86405097619433e-14,NaN
-2135.15086,-0.26471,-2.13752e-07,9.7058333333351e-10,9.68808066622876e-10,-1.8143011921374e-13,-9.76293883591392e-14,-7.63858024755142e-14,NaN
-2124.9877,-0.26345,-2.12776833333333e-07,9.76500000000009e-10,9.68792558532853e-10,-7.86163521940051e-15,-9.91721401357056e-14,-8.33367061418259e-14,NaN
-2114.9052,-0.2622,-2.11799e-07,9.58999999999989e-10,9.68792343352437e-10,9.20924973698881e-14,-8.26655786280503e-14,-8.89798825319315e-14,NaN
-2104.8227,-0.26095,-2.10858833333333e-07,9.59500000000003e-10,9.68976743527593e-10,1.32351053627926e-13,-8.26219034445445e-14,-9.02742569474431e-14,NaN
-2094.7402,-0.2597,-2.0988e-07,9.7241666666651e-10,9.69057045459693e-10,-3.51904912877007e-14,-7.92101415383497e-14,-8.1047797815016e-14,NaN
-2084.6577,-0.25845,-2.08914e-07,9.67499999999986e-10,9.68906362545018e-10,1.56305918593798e-13,-6.78894345205084e-14,-6.59855237953084e-14,NaN
-2074.5752,-0.2572,-2.07945e-07,9.69500000000001e-10,9.6936965729688e-10,3.27286575004972e-13,-6.81520652115788e-14,-5.27490580502747e-14,NaN
-2064.41204,-0.25594,-2.06975e-07,9.67000000000011e-10,9.69560935695028e-10,1.2731507695221e-14,-4.76703517286257e-14,-4.35560711753382e-14,NaN
-2054.32954,-0.25469,-2.06011e-07,9.65666666666509e-10,9.69395120312271e-10,-2.31587918183534e-13,-1.53224648425325e-14,-3.56148116647791e-14,NaN
-2044.24704,-0.25344,-2.05043666666667e-07,9.69333333333489e-10,9.69097759858661e-10,-3.11590674000848e-13,-1.31270507239962e-14,-2.66979885475559e-14,NaN
-2034.16454,-0.25219,-2.04072333333333e-07,9.73249999999985e-10,9.68771938964269e-10,-3.48606423697562e-13,-2.52908218776281e-14,-1.80621708821431e-14,NaN
-2024.08204,-0.25094,-2.03097166666667e-07,9.70916666666508e-10,9.68400547011265e-10,-3.0304763414788e-13,-3.55645646820085e-14,-1.31830293458148e-14,NaN
-2013.99954,-0.24969,-2.021305e-07,9.64083333333489e-10,9.68165843695973e-10,-3.50911119165985e-13,-2.34684596909991e-14,-1.69050647346345e-14,NaN
-2003.91704,-0.24844,-2.01169e-07,9.65250000000003e-10,9.67698724772933e-10,-1.22257393523318e-13,-3.92169538727672e-15,-2.72914234797436e-14,NaN
-1993.75388,-0.24718,-2.002e-07,9.69666666666513e-10,9.67921328908927e-10,4.21771538799038e-13,-1.9323164274009e-14,-3.84536881070183e-14,NaN
-1983.67138,-0.24593,-1.99229666666667e-07,9.70499999999989e-10,9.68542267850532e-10,2.50040582262614e-13,-5.22830228144247e-14,-4.87502998179028e-14,NaN
-1973.58888,-0.24468,-1.98259e-07,9.72666666666993e-10,9.68421410073452e-10,-1.12779073897881e-13,-7.64550973662548e-14,-6.07764117078811e-14,NaN
-1963.50638,-0.24343,-1.97284333333333e-07,9.64499999999995e-10,9.68316709702736e-10,1.35948719111869e-13,-8.94316573600754e-14,-7.59669824274933e-14,NaN
-1953.42388,-0.24218,-1.9633e-07,9.64833333332994e-10,9.68693307511676e-10,2.33943577435984e-13,-8.73675070035698e-14,-8.78168387096257e-14,NaN
-1943.34138,-0.24093,-1.95354666666667e-07,9.72416666666497e-10,9.68784596857608e-10,-1.6774540004646e-13,-8.00065581135551e-14,-9.04194392718686e-14,NaN
-1933.17822,-0.23967,-1.94385166666667e-07,9.70249999999995e-10,9.68357816711583e-10,-1.54994073102831e-13,-8.97921882799845e-14,-8.76853232783474e-14,NaN
-1923.09572,-0.23842,-1.93414166666667e-07,9.68083333333507e-10,9.68474608711402e-10,8.53973664971517e-14,-9.52493653597162e-14,-8.60618299837489e-14,NaN
-1913.01322,-0.23717,-1.92449e-07,9.60083333333511e-10,9.68528611444577e-10,-2.71069748653571e-13,-8.63170112491839e-14,-8.90166728009613e-14,NaN
-1902.93072,-0.23592,-1.91494e-07,9.61500000000005e-10,9.67932469214095e-10,-3.92619311878606e-13,-8.63100764359088e-14,-9.76274085253728e-14,NaN
-1892.84822,-0.23467,-1.90526e-07,9.73500000000006e-10,9.6774337282082e-10,-2.9351362992488e-16,-1.01909054289637e-13,-1.1083423237267e-13,NaN
-1882.76572,-0.23342,-1.89547e-07,9.75499999999995e-10,9.67931882186835e-10,-1.79788896161789e-15,-1.25998756453039e-13,-1.26961780739646e-13,NaN
-1872.68322,-0.23217,-1.88575e-07,9.79666666666485e-10,9.67739777042897e-10,-1.62865146052562e-13,-1.48342997621766e-13,-1.44339572363149e-13,NaN
-1862.52006,-0.23091,-1.87587666666667e-07,9.75583333333502e-10,9.6760615189473e-10,-3.51114030515069e-13,-1.64959137091577e-13,-1.59663546753154e-13,NaN
-1852.43756,-0.22966,-1.86623833333333e-07,9.58333333333516e-10,9.67037548981866e-10,-4.65574909208692e-13,-1.78165490004074e-13,-1.70684840539471e-13,NaN
-1842.35506,-0.22841,-1.85671e-07,9.61916666666498e-10,9.66675002076313e-10,-1.39173593967501e-13,-1.81334995527636e-13,-1.75461392446918e-13,NaN
-1832.27256,-0.22716,-1.847e-07,9.64499999999995e-10,9.66759201793931e-10,2.38453872067927e-14,-1.66666777944913e-13,-1.7185419411712e-13,NaN
-1822.19006,-0.22591,-1.83742e-07,9.59500000000003e-10,9.66722692850726e-10,-1.94530642470451e-14,-1.57519915965359e-13,-1.62838872161467e-13,NaN
-1812.10756,-0.22466,-1.82781e-07,9.65999999999997e-10,9.66720295665437e-10,-7.78009316902151e-14,-1.58967712117922e-13,-1.52819736180646e-13,NaN
-1801.9444,-0.2234,-1.8181e-07,9.67499999999999e-10,9.66567090987346e-10,-2.85814325730213e-13,-1.43690650150804e-13,-1.42234657781187e-13,NaN
-1791.8619,-0.22215,-1.80846e-07,9.66999999999998e-10,9.66148667013977e-10,-3.70925728782986e-13,-1.21194231789703e-13,-1.31758559163616e-13,NaN
-1781.7794,-0.2209,-1.79876e-07,9.71166666666502e-10,9.6582523952978e-10,-2.012408737088e-13,-1.19565776215021e-13,-1.22928223799772e-13,NaN
-1771.6969,-0.21965,-1.78903666666667e-07,9.78500000000011e-10,9.65746185266559e-10,-5.36091795300637e-14,-1.20379642917788e-13,-1.13311908062041e-13,NaN
-1761.6144,-0.2184,-1.77919e-07,9.75833333333496e-10,9.6571802117072e-10,-4.47443128204038e-14,-1.03904666670032e-13,-1.02071344505545e-13,NaN
-1751.5319,-0.21715,-1.76952e-07,9.66916666666491e-10,9.65656696640919e-10,-6.1070654668278e-14,-8.90432655991718e-14,-9.0320433565621e-14,NaN
-1741.36874,-0.21589,-1.75985166666667e-07,9.57e-10,9.65595879861383e-10,5.78665428444568e-14,-8.12884513651321e-14,-7.68398033919117e-14,NaN
-1731.28624,-0.21464,-1.75038e-07,9.52583333333503e-10,9.65772429726607e-10,1.75549465066146e-13,-6.50884091280856e-14,-6.17912275271079e-14,NaN
-1721.20374,-0.21339,-1.7408e-07,9.62500000000006e-10,9.65946978791515e-10,1.05693220689179e-13,-4.51597990668447e-14,-4.81176686839185e-14,NaN
-1711.12124,-0.21214,-1.73113e-07,9.67500000000012e-10,9.65983816167986e-10,9.39998646473816e-16,-3.00729768418151e-14,-3.82429003914443e-14,NaN
-1701.03874,-0.21089,-1.72145e-07,9.54999999999998e-10,9.65948858788808e-10,-2.06520343991277e-13,-2.6871359151408e-14,-3.11615454886987e-14,NaN
-1690.932042,-0.209637,-1.71203e-07,9.59749999999983e-10,9.65570775480003e-10,-2.94345096534486e-13,-2.99378464608827e-14,-2.62654259577898e-14,NaN
-1680.83341,-0.208385,-1.702255e-07,9.71833333333505e-10,9.65360168595739e-10,-7.8396452922634e-14,-2.57705601331971e-14,-2.46993285853714e-14,NaN
-1670.74338173334,-0.207134066666667,-1.69259333333333e-07,9.65000000000009e-10,9.65413982574158e-10,1.99532643223423e-14,-2.5052900708116e-14,-2.46434991864628e-14,NaN
-1660.644212,-0.205882,-1.682955e-07,9.62666666666492e-10,9.65400075124384e-10,-4.45149757999873e-14,-2.42948222093026e-14,-2.29900778376774e-14,NaN
-1650.55378043334,-0.204631016666667,-1.67334e-07,9.61249999999998e-10,9.65324952622558e-10,-9.41971128049038e-14,-1.85905951512681e-14,-1.88730645789799e-14,NaN
-1640.45528286666,-0.203379033333333,-1.66373e-07,9.64000000000008e-10,9.65211680898774e-10,-3.89721926504504e-14,-1.4026041541631e-14,-1.26815686660557e-14,NaN
-1630.36458243334,-0.202128016666667,-1.65406e-07,9.66499999999998e-10,9.65247008237257e-10,7.51470399487245e-14,-4.94289359377744e-15,-3.74120415135784e-15,NaN
-1620.265816,-0.200876,-1.6444e-07,9.685e-10,9.65361974978672e-10,1.97363851200509e-13,8.32007505428274e-15,8.44903474375694e-15,NaN
-1610.17525,-0.199625,-1.63469e-07,9.74666666666506e-10,9.65641735939658e-10,1.96381382743095e-13,1.85943915280675e-14,2.20886964270233e-14,NaN
-1600.076618,-0.198373,-1.62490666666667e-07,9.73500000000006e-10,9.65754737744158e-10,-8.02490807598109e-14,3.47437740442658e-14,3.63365382440276e-14,NaN
-1589.97812043334,-0.197121016666667,-1.61522e-07,9.65999999999997e-10,9.65481237778138e-10,-1.448824812946e-13,5.5204212392272e-14,5.17156317979324e-14,NaN
-1579.88742,-0.19587,-1.60558666666667e-07,9.62999999999994e-10,9.65464972781569e-10,4.45640520304411e-14,6.51354351899752e-14,6.58548261117425e-14,NaN
-1569.788788,-0.194618,-1.59596e-07,9.61833333333507e-10,9.65570365882199e-10,2.57112278850644e-14,7.14602568012224e-14,7.47131558306791e-14,NaN
-1559.69835643334,-0.193367016666667,-1.58635e-07,9.62000000000006e-10,9.65516395237339e-10,-1.33213662815008e-14,7.95416187525229e-14,7.68092889303844e-14,NaN
-1549.59972443334,-0.192115016666667,-1.57672e-07,9.64166666666494e-10,9.65543723149636e-10,1.56855194730184e-15,8.21388755801496e-14,7.12990497098069e-14,NaN
-1539.509024,-0.190864,-1.56706666666667e-07,9.71999999999991e-10,9.65519532341233e-10,-9.32703270001452e-14,6.65669175797765e-14,5.88653983349584e-14,NaN
-1529.41052643334,-0.189612016666667,-1.55728e-07,9.73749999999999e-10,9.65357182495636e-10,3.12011597179917e-15,3.76397694735082e-14,4.22005794987019e-14,NaN
-1519.31243216666,-0.188360083333333,-1.54759166666667e-07,9.71333333333504e-10,9.65525772573177e-10,2.91876184435974e-13,1.67172162147842e-14,2.31354548298834e-14,NaN
-1509.221194,-0.187109,-1.53785333333333e-07,9.68916666667009e-10,9.65940934864508e-10,3.76414716834371e-13,-9.1816711025349e-17,2.55668149829722e-15,NaN
-1499.122562,-0.185857,-1.52821333333333e-07,9.63166666666493e-10,9.66278602006846e-10,3.26662740571635e-13,-1.74766993515889e-14,-1.6310209382639e-14,NaN
-1489.03213043334,-0.184606016666667,-1.51859e-07,9.63166666666493e-10,9.66594260345651e-10,1.67108352770684e-13,-2.89929467625899e-14,-2.77171293168183e-14,NaN
-1478.933364,-0.183354,-1.50895e-07,9.58500000000002e-10,9.66612818712387e-10,-1.11925902439993e-13,-3.69113401094036e-14,-3.42585986564827e-14,NaN
-1468.84306686666,-0.182103033333333,-1.49942e-07,9.58500000000002e-10,9.66370408540771e-10,-1.76038339864364e-13,-4.85139071720555e-14,-4.25226764951272e-14,NaN
-1458.744166,-0.180851,-1.48978e-07,9.65499999999997e-10,9.66260742032658e-10,-5.63357418437057e-14,-5.07828338114048e-14,-5.29325147510413e-14,NaN
-1448.64566843334,-0.179599016666667,-1.48011e-07,9.59500000000003e-10,9.66257737057084e-10,-2.42144027421439e-13,-4.68962756488288e-14,-6.53877698232234e-14,NaN
-1438.554968,-0.178348,-1.47059e-07,9.71000000000003e-10,9.65776453977815e-10,-4.87356263261825e-13,-7.19644113975715e-14,-7.94751334455745e-14,NaN
-1428.45660486666,-0.177096033333333,-1.46069e-07,9.74666666666493e-10,9.6528302453056e-10,-2.7354715470997e-13,-1.03566291288544e-13,-9.28641331710407e-14,NaN
-1418.36603886666,-0.175845033333333,-1.45109666666667e-07,9.65250000000003e-10,9.65229359668396e-10,-9.48945615935886e-14,-1.15231336286961e-13,-1.04812791519112e-13,NaN
-1408.26727243334,-0.174593016666667,-1.441385e-07,9.65833333333498e-10,9.65093235407373e-10,-1.86210333190261e-13,-1.2117163848205e-13,-1.16506502046166e-13,NaN
-1398.176572,-0.173342,-1.43178e-07,9.58750000000009e-10,9.64856939002015e-10,-2.03725829951469e-13,-1.20647650608413e-13,-1.26005432767107e-13,NaN
-1388.07794,-0.17209,-1.42221e-07,9.59000000000002e-10,9.6468578374747e-10,-9.58241787234331e-14,-1.17896737987408e-13,-1.28508598900205e-13,NaN
-1377.98750843334,-0.170839016666667,-1.4126e-07,9.65499999999997e-10,9.64665290644568e-10,1.93954940439186e-14,-1.22545681994553e-13,-1.24357320762145e-13,NaN
-1367.888742,-0.169587,-1.4029e-07,9.66499999999998e-10,9.64724574735558e-10,3.68288824944758e-14,-1.25651898084373e-13,-1.15874337082712e-13,NaN
-1357.79011,-0.168335,-1.39327e-07,9.67666666666498e-10,9.64738948409557e-10,7.28036497599633e-14,-1.16137945055308e-13,-1.03010912788618e-13,NaN
-1347.69981286666,-0.167084033333333,-1.38354666666667e-07,9.72500000000004e-10,9.64870182035078e-10,4.80003322054516e-14,-9.05534374734792e-14,-8.77292180108349e-14,NaN
-1337.600912,-0.165832,-1.37382e-07,9.69749999999995e-10,9.64834949073968e-10,-1.49701389993011e-13,-5.99525511674707e-14,-7.08508571420514e-14,NaN
-1327.51048043334,-0.164581016666667,-1.36415166666667e-07,9.63750000000014e-10,9.64570779255092e-10,-2.4021306636349e-13,-4.2159401781308e-14,-5.10874963402105e-14,NaN
-1317.41184843334,-0.163329016666667,-1.354545e-07,9.61083333333512e-10,9.64354522941241e-10,-8.04916306112927e-14,-3.2596534283166e-14,-3.2286876606526e-14,NaN
-1307.321148,-0.162078,-1.34493e-07,9.59749999999983e-10,9.64409795993869e-10,-1.18279387218176e-13,-2.66030729760705e-14,-1.98110815007714e-14,NaN
-1297.22265043334,-0.160826016666667,-1.33535e-07,9.61999999999993e-10,9.64117964166805e-10,-2.08882609645042e-13,-1.60400881923594e-14,-1.32512684087893e-14,NaN
-1287.123884,-0.159574,-1.32569e-07,9.65083333333504e-10,9.63992030774579e-10,1.49831630764463e-13,-1.4868056254633e-15,-1.06361724094601e-14,NaN
-1277.033318,-0.158323,-1.31604833333333e-07,9.70000000000002e-10,9.64417627428334e-10,2.81037886848532e-13,-6.72251310945839e-15,-1.1299821897611e-14,NaN
-1266.93482043334,-0.157071016666667,-1.30629e-07,9.639166666665e-10,9.64554106548276e-10,1.33502457585506e-13,-1.94891103124763e-14,-1.36218151414107e-14,NaN
-1256.84438886666,-0.155820033333333,-1.29677e-07,9.64500000000009e-10,9.64684632343505e-10,5.81204179863558e-14,-1.96917740643909e-14,-1.95113213813501e-14,NaN
-1246.745488,-0.154568,-1.287e-07,9.66916666666504e-10,9.64670347384249e-10,-9.99333695705055e-14,-2.73540967927029e-14,-2.98367997770384e-14,NaN
-1236.65505643334,-0.153317016666667,-1.27743166666667e-07,9.59666666666489e-10,9.64484765604364e-10,-1.53377388697623e-13,-3.97178362694431e-14,-3.77241334712145e-14,NaN
-1226.5566933,-0.15206505,-1.26780666666667e-07,9.58083333333496e-10,9.64363592606854e-10,-1.34863379317783e-13,-4.12600513289394e-14,-3.97081573284444e-14,NaN
-1216.465724,-0.150814,-1.25827e-07,9.59333333333504e-10,9.64215038845728e-10,-9.8043934551777e-14,-5.52843353464566e-14,-4.08771131474862e-14,NaN
-1206.367092,-0.149562,-1.24862e-07,9.62500000000006e-10,9.6416750473775e-10,-1.18858864273248e-14,-5.79582059393154e-14,-4.75039521772717e-14,NaN
-1196.26859443334,-0.148310016666667,-1.23902e-07,9.63500000000007e-10,9.64191267072873e-10,-1.41337667141949e-13,-4.17358386866426e-14,-6.04135928979395e-14,NaN
-1186.177894,-0.147059,-1.22935e-07,9.66499999999998e-10,9.63884829403466e-10,-1.91494522337542e-13,-5.7734895531192e-14,-8.10177426304682e-14,NaN
-1176.079262,-0.145807,-1.21969e-07,9.7083333333349e-10,9.63808278028198e-10,1.53910620823338e-14,-1.01663803342105e-13,-1.11834870406552e-13,NaN
-1165.98923373334,-0.144556066666667,-1.20993333333333e-07,9.69e-10,9.63915611527631e-10,-3.25045112410423e-14,-1.52032482659085e-13,-1.47654078583622e-13,NaN
-1155.89019843334,-0.143304016666667,-1.20031e-07,9.66000000000004e-10,9.63743269005716e-10,-2.37217528502011e-14,-1.91272174675974e-13,-1.8368527906337e-13,NaN
-1145.799498,-0.142053,-1.19061333333333e-07,9.66999999999998e-10,9.63868168021931e-10,1.59356195327941e-14,-2.20659291454806e-13,-2.12965207963671e-13,NaN
-1135.700866,-0.140801,-1.18097e-07,9.62583333332998e-10,9.63775140244782e-10,-2.93386222413185e-13,-2.41462221606955e-13,-2.24902935630287e-13,NaN
-1125.602234,-0.139549,-1.17136166666667e-07,9.58750000000009e-10,9.63281395577104e-10,-2.93360740522775e-13,-2.28151634253347e-13,-2.18074473845876e-13,NaN
-1115.511668,-0.138298,-1.161795e-07,9.57083333333501e-10,9.63188418763736e-10,-5.60280716063427e-14,-1.95793873389362e-13,-1.97191593373262e-13,NaN
-1105.413036,-0.137046,-1.15222e-07,9.5974999999999e-10,9.63169339433891e-10,-1.89849902227179e-13,-1.62064524456012e-13,-1.67648802112147e-13,NaN
-1095.32247,-0.135795,-1.1426e-07,9.625e-10,9.62808718959282e-10,-1.89535342442406e-13,-1.22856623364915e-13,-1.32890735387499e-13,NaN
-1085.223838,-0.134543,-1.13297e-07,9.69000000000007e-10,9.62790268749007e-10,-1.89088371199541e-13,-8.82485924423202e-14,-9.62827726728511e-14,NaN
-1075.13340643334,-0.133292016666667,-1.12322e-07,9.71333333333497e-10,9.62430542216883e-10,-4.00314654164136e-13,-6.14805920999976e-14,-6.18920632531053e-14,NaN
-1065.03464,-0.13204,-1.11354333333333e-07,9.675833333335e-10,9.61989639440678e-10,-6.57669671612644e-14,-3.16714229416488e-14,-2.84144405768318e-14,NaN
-1054.93614243334,-0.130788016666667,-1.10386833333333e-07,9.56166666666505e-10,9.6229900828256e-10,-2.73022133379089e-13,5.12983655074499e-15,8.09765737694122e-15,NaN
-1044.84571086666,-0.129537033333333,-1.09442e-07,9.66916666666497e-10,9.6144359517392e-10,-7.03289145848215e-13,4.6727071495038e-14,4.85424913472237e-14,NaN
-1034.74681,-0.128285,-1.08453e-07,9.63166666666493e-10,9.60892429990864e-10,-1.03872209259729e-13,9.08244325533823e-14,9.42582736440133e-14,NaN
-1024.65637843334,-0.127034016666667,-1.07515666666667e-07,9.51499999999994e-10,9.61235850755401e-10,3.75220748679993e-13,1.41038299765695e-13,1.46747483877963e-13,NaN
-1014.55788086666,-0.125782033333333,-1.0655e-07,9.63333333333508e-10,9.61642871488224e-10,5.73487696964013e-13,2.00625471618088e-13,2.01575426963692e-13,NaN
-1004.467046,-0.124531,-1.05589e-07,9.62500000000013e-10,9.62382826149329e-10,7.10691540765404e-13,2.5358470958334e-13,2.52851328901368e-13,NaN
-994.368414,-0.123279,-1.04625e-07,9.66249999999997e-10,9.63064254569755e-10,6.99943090441325e-13,3.04824774302983e-13,2.99679848111386e-13,NaN
-984.278520166664,-0.122028083333333,-1.036565e-07,9.67249999999992e-10,9.63782712330211e-10,6.08426861304315e-13,3.54089281486254e-13,3.40997325267777e-13,NaN
-974.179216,-0.120776,-1.026905e-07,9.65333333333497e-10,9.64281108292363e-10,4.26284853561799e-13,3.76502996121607e-13,3.75050242779107e-13,NaN
-964.080584,-0.119524,-1.01725833333333e-07,9.60750000000004e-10,9.64635282037335e-10,3.57352846802431e-13,3.89964531003372e-13,4.02044671653775e-13,NaN
-953.990152433336,-0.118273016666667,-1.00769e-07,9.54999999999852e-10,9.64995813985968e-10,3.55684726723407e-13,4.17372221842864e-13,4.20524678252711e-13,NaN
-943.891386,-0.117021,-9.98158333333333e-08,9.57666666666645e-10,9.65346651490782e-10,2.91247914260251e-13,4.35804151851367e-13,4.33572469189719e-13,NaN
-933.80082,-0.11577,-9.88536666666667e-08,9.61749999999999e-10,9.65578309814489e-10,2.98937877037465e-13,4.4378680092951e-13,4.44187136327774e-13,NaN
-923.702188,-0.114518,-9.78923333333333e-08,9.65666666666701e-10,9.65944527244857e-10,4.62866561721504e-13,4.44437973618571e-13,4.46802076390654e-13,NaN
-913.611622,-0.113267,-9.69223333333333e-08,9.65166666666654e-10,9.66504042937932e-10,4.88191691773847e-13,4.28234466942713e-13,4.34686390731418e-13,NaN
-903.51299,-0.112015,-9.5962e-08,9.66916666666649e-10,9.66920910628404e-10,4.43968058922315e-13,4.25258027243067e-13,4.05539808863412e-13,NaN
-893.414358,-0.110763,-9.49885e-08,9.57500000000001e-10,9.67391979055776e-10,5.05233508498439e-13,3.92888701185057e-13,3.64517723793158e-13,NaN
-883.323792,-0.109512,-9.4047e-08,9.56249999999999e-10,9.67931377645401e-10,3.68040801221333e-13,3.13195765802469e-13,3.17368108710971e-13,NaN
-873.22516,-0.10826,-9.3076e-08,9.68999999999994e-10,9.68128060658219e-10,1.37986987242465e-13,2.49049476759669e-13,2.69318582961852e-13,NaN
-863.134728433336,-0.107009016666667,-9.2109e-08,9.62000000000006e-10,9.68207351619886e-10,6.8688985030298e-14,2.03681894457665e-13,2.25219680054205e-13,NaN
-853.035962,-0.105757,-9.1152e-08,9.60500000000004e-10,9.6826543862828e-10,8.83001313758468e-14,1.76034200382658e-13,1.85684971807857e-13,NaN
-842.945396,-0.104506,-9.0188e-08,9.74741666666646e-10,9.68383951882638e-10,5.28907789525354e-14,1.59955982500259e-13,1.54814463494735e-13,NaN
-832.846764,-0.103254,-8.92025166666667e-08,9.71058333333354e-10,9.68371220186185e-10,5.43356021644193e-14,1.41505783278997e-13,1.31104729158948e-13,NaN
-822.756063566664,-0.102002983333333,-8.82458833333333e-08,9.84066666666697e-10,9.68492623086967e-10,1.94205795527815e-13,1.16067962262023e-13,1.06425855745465e-13,NaN
-812.6567594,-0.1007509,-8.72343833333333e-08,9.85458333333298e-10,9.6875963177724e-10,2.48863035786207e-13,7.86609941207881e-14,7.65667683537094e-14,NaN
-802.558396266667,-0.0994989333333333,-8.62749666666667e-08,9.58508333333304e-10,9.68990349158539e-10,8.12081436366958e-14,3.67874402071984e-14,4.0297367838551e-14,NaN
-792.468099133334,-0.0982479666666667,-8.53173666666667e-08,9.98674999999994e-10,9.68922048064514e-10,-1.77648417895451e-14,-5.02981258771754e-16,7.00318804988954e-16,NaN
-782.370004866667,-0.0969960333333333,-8.42776166666667e-08,9.96141666666704e-10,9.6895481947496e-10,1.13855919678245e-14,-3.74281305754268e-14,-4.02137772395385e-14,NaN
-772.281320933334,-0.0957452666666667,-8.33250833333333e-08,9.72108333333357e-10,9.68944819248449e-10,-2.89216630082568e-14,-8.34294903345802e-14,-7.95559649025859e-14,NaN
-762.1809413,-0.09449305,-8.23334e-08,9.76899999999998e-10,9.68896976148944e-10,-1.48917963410186e-13,-1.21809675709213e-13,-1.15412741211949e-13,NaN
-752.090106433334,-0.0932420166666667,-8.13712833333333e-08,9.60241666666649e-10,9.68646983321629e-10,-3.80127711459989e-13,-1.51684020017087e-13,-1.51514592561738e-13,NaN
-741.991474433334,-0.0919900166666667,-8.04129166666667e-08,9.6149166666665e-10,9.68136720726024e-10,-2.7469138598883e-13,-1.89741700593952e-13,-1.88322000089156e-13,NaN
-731.8919014,-0.0907379,-7.94483e-08,9.6180833333335e-10,9.68097600549651e-10,-7.9496326832225e-14,-2.21292778649998e-13,-2.25994557832494e-13,NaN
-721.8025453,-0.08948705,-7.84893e-08,9.60649999999999e-10,9.67977728072359e-10,-9.7959749934761e-14,-2.60130963103476e-13,-2.67722335396512e-13,NaN
-711.702837833334,-0.0882349166666667,-7.7527e-08,9.61708333333351e-10,9.67901681049782e-10,-1.3976043247187e-13,-3.15393036356164e-13,-3.16166519529329e-13,NaN
-701.613885033334,-0.0869841166666667,-7.65658833333333e-08,9.60416666666655e-10,9.67698207207415e-10,-3.64178407213371e-13,-3.59896718605612e-13,-3.70323712632955e-13,NaN
-691.514446433334,-0.0857320166666667,-7.56061666666667e-08,9.62041666666647e-10,9.67173324235355e-10,-5.10053832855878e-13,-4.13523221456409e-13,-4.22858231710043e-13,NaN
-681.426300233334,-0.0844813166666667,-7.46418e-08,9.66183333333345e-10,9.66678099541704e-10,-4.94034689347719e-13,-4.74479324591778e-13,-4.67667734569495e-13,NaN
-671.3259206,-0.0832291,-7.36738e-08,9.64325000000002e-10,9.6618525485666e-10,-4.45773969964851e-13,-5.14935866441418e-13,-4.99470897391925e-13,NaN
-661.227423033334,-0.0819771166666667,-7.271315e-08,9.62150000000001e-10,9.65786551601774e-10,-3.91950081919043e-13,-5.32203566369131e-13,-5.14239209820931e-13,NaN
-651.136991466666,-0.0807261333333333,-7.17495e-08,9.65625e-10,9.65401354692821e-10,-3.93271459527542e-13,-5.14165383601812e-13,-5.11895926993826e-13,NaN
-641.037418433334,-0.0794740166666667,-7.07819e-08,9.60674999999997e-10,9.65000008682719e-10,-5.30407257242863e-13,-4.84133576758462e-13,-4.89851160378881e-13,NaN
-630.947390166667,-0.0782230833333333,-6.982815e-08,9.58383333333353e-10,9.64340540178336e-10,-6.82706856327707e-13,-4.54919336403838e-13,-4.52896826877868e-13,NaN
-620.8488926,-0.0769711,-6.88651333333333e-08,9.64725000000004e-10,9.63634594970064e-10,-5.64131218525281e-13,-4.12043983361615e-13,-4.11469152334342e-13,NaN
-610.757654433334,-0.0757200166666667,-6.78987e-08,9.63716666666648e-10,9.63212277741285e-10,-5.66906951459784e-13,-3.65307809589038e-13,-3.71187470636116e-13,NaN
-600.659156866666,-0.0744680333333333,-6.69377e-08,9.60641666666651e-10,9.62500781067144e-10,-6.95861552167787e-13,-3.19719956633516e-13,-3.34862847797949e-13,NaN
-590.568994166666,-0.0732170833333333,-6.59774166666667e-08,9.58716666666649e-10,9.6182055463695e-10,-5.24815209102531e-13,-2.91378256799897e-13,-3.00107586712162e-13,NaN
-580.470362166667,-0.0719650833333333,-6.50202666666667e-08,9.6425833333335e-10,9.61451150648939e-10,-4.93532601719883e-13,-2.727181673771e-13,-2.65304269290132e-13,NaN
-570.3718646,-0.0707131,-6.40489e-08,9.66183333333351e-10,9.6083348943351e-10,-3.40566320867495e-13,-2.40754078463865e-13,-2.30018556328636e-13,NaN
-560.281567466667,-0.0694621333333333,-6.30879e-08,9.64458333333347e-10,9.60770018007204e-10,-6.98918246541457e-14,-1.99224959790183e-13,-1.91827426682742e-13,NaN
-550.1834732,-0.0682102,-6.21199833333333e-08,9.62349999999998e-10,9.60693705784202e-10,-2.18543832627978e-13,-1.51639880171003e-13,-1.50311833729135e-13,NaN
-540.091831733334,-0.0669590666666667,-6.11632e-08,9.59550000000006e-10,9.60332930341948e-10,1.63773150768662e-13,-1.02656681465648e-13,-1.05302350319211e-13,NaN
-529.993334166667,-0.0657070833333333,-6.02008833333333e-08,9.6559166666665e-10,9.61021252085739e-10,5.77973076022861e-13,-5.454469413432e-14,-5.94902609853784e-14,NaN
-519.902633733334,-0.0644560666666667,-5.92320166666667e-08,9.63041666666652e-10,9.61488876493994e-10,4.96937359850276e-13,-1.36191016721707e-14,-1.73055045393396e-14,NaN
-509.8038673,-0.06320405,-5.82748e-08,9.49308333333349e-10,9.62015126805439e-10,5.00383738401508e-13,1.75390919288874e-14,1.92454607483012e-14,NaN
-499.705504166666,-0.0619520833333333,-5.73334e-08,9.64849999999998e-10,9.62489643970797e-10,1.38121758137197e-13,4.72411187948467e-14,4.96555187521497e-14,NaN
-489.6134594,-0.0607009,-5.63451e-08,9.73083333333354e-10,9.62291370321714e-10,-7.82128889299974e-14,7.42050987212875e-14,7.29422499302293e-14,NaN
-479.5180538,-0.0594493,-5.53872333333333e-08,9.60950000000002e-10,9.62333218192937e-10,-3.02710706924645e-14,9.1065228238548e-14,8.83356343743724e-14,NaN
-469.4266812,-0.0581982,-5.44232e-08,9.6441666666665e-10,9.62230828180329e-10,-1.77125284075336e-13,9.90665512766345e-14,9.82367725195247e-14,NaN
-459.328318066666,-0.0569462333333333,-5.34584e-08,9.60649999999999e-10,9.61978967624786e-10,-2.2154021986167e-13,1.02066903496118e-13,1.00107186824069e-13,NaN
-449.236407733334,-0.0556950666666667,-5.25019e-08,9.58874999999999e-10,9.61787747740606e-10,-2.81659361857842e-13,9.3478504846002e-14,9.26328536688279e-14,NaN
-439.137238,-0.054443,-5.154065e-08,9.61599999999997e-10,9.6141564890107e-10,-1.68846878373868e-13,8.09249779870701e-14,8.23836719988956e-14,NaN
-429.038068266667,-0.0531909333333333,-5.05787e-08,9.60675e-10,9.61450053983858e-10,1.7447865938798e-13,7.00007343969939e-14,6.65163926727808e-14,NaN
-418.9484433,-0.05194005,-4.96193e-08,9.62850000000005e-10,9.61764606219846e-10,2.42228683926486e-13,3.84463811148521e-14,4.2122981041031e-14,NaN
-408.849945733334,-0.0506880666666667,-4.8653e-08,9.62725000000002e-10,9.61934511351711e-10,1.9828289806517e-13,1.84421404013785e-14,1.57248886740613e-14,NaN
-398.759783033334,-0.0494371166666667,-4.769385e-08,9.61099999999997e-10,9.62161172015977e-10,1.76438405550697e-13,1.24641430687289e-14,-7.73009375090816e-15,NaN
-388.661554333334,-0.0481851666666667,-4.67308e-08,9.62899999999998e-10,9.62287388162812e-10,-1.6376267488489e-14,-3.56065636243532e-14,-2.41095320571831e-14,NaN
-378.570719466666,-0.0469341333333333,-4.576805e-08,9.61000000000001e-10,9.62128419481e-10,-2.13243410571443e-13,-6.17664079867708e-14,-3.16393930557749e-14,NaN
-368.4726252,-0.0456822,-4.48088e-08,9.58608333333352e-10,9.61860901341669e-10,-1.70749714980074e-13,-3.98140578913678e-14,-3.13818903604213e-14,NaN
-358.380714866666,-0.0444310333333333,-4.38508333333333e-08,9.60049999999996e-10,9.61786920051039e-10,-6.4636231855325e-15,-2.23165653881106e-14,-2.750070259148e-14,NaN
-348.282351733334,-0.0431790666666667,-4.28887e-08,9.62116666666648e-10,9.61847974095298e-10,3.33959055318587e-14,-3.74753187371341e-15,-2.1013652504262e-14,NaN
-338.1823754,-0.0419269,-4.19266e-08,9.57775000000002e-10,9.61853711862103e-10,5.35694466463576e-14,-1.37099896691802e-15,-1.10414262024083e-14,NaN
-328.0918094,-0.0406759,-4.097315e-08,9.6085e-10,9.61955112988591e-10,6.16794831136905e-14,-1.33012572498944e-14,-8.61437723570305e-15,NaN
-317.993984,-0.039424,-4.00049e-08,9.66975e-10,9.61977070828331e-10,-4.53311513281843e-14,-1.96868325516459e-14,-1.86736658044739e-14,NaN
-307.904359033334,-0.0381731166666667,-3.90392e-08,9.63850000000003e-10,9.61864450685935e-10,1.32838984657423e-14,-3.01359140591953e-14,-3.45518900120226e-14,NaN
-297.806130333334,-0.0369211666666667,-3.80772e-08,9.70191666666651e-10,9.62003638625262e-10,1.1810299591584e-13,-4.43810998977249e-14,-5.25224626692664e-14,NaN
-287.717580833334,-0.0356704166666667,-3.70988166666667e-08,9.54049999999999e-10,9.62100656677766e-10,-1.15032899952418e-13,-6.85241627154809e-14,-6.78513389608729e-14,NaN
-277.6172012,-0.0344182,-3.61691e-08,9.60208333333349e-10,9.61773572825357e-10,-2.22441995666428e-13,-9.11447291269083e-14,-7.69621684815942e-14,NaN
-267.517628166666,-0.0331660833333333,-3.51784e-08,9.72449999999998e-10,9.61655772686433e-10,3.60497028995894e-14,-9.2070633529765e-14,-7.99373875651502e-14,NaN
-257.4255834,-0.0319149,-3.42242e-08,9.50350000000001e-10,9.61845672231156e-10,-2.23553383618195e-13,-8.37959725071222e-14,-7.92030516568094e-14,NaN
-247.324666033334,-0.0306626166666667,-3.32777e-08,9.57649999999999e-10,9.61208665919197e-10,-4.24415049038788e-13,-7.27933444664705e-14,-7.63443200793742e-14,NaN
-237.2363854,-0.0294119,-3.23089e-08,9.6495e-10,9.60996842133079e-10,1.97591206294317e-13,-5.79329545665219e-14,-7.32292497876362e-14,NaN
-227.13856,-0.02816,-3.13478e-08,9.57700000000002e-10,9.61603848331786e-10,1.64796579009296e-13,-6.04975470117402e-14,-7.45518055042233e-14,NaN
-217.049069466666,-0.0269091333333333,-3.03935e-08,9.62475e-10,9.61326435291097e-10,-3.28719506670954e-13,-8.2107434047747e-14,-7.94334951622701e-14,NaN
-206.950840766666,-0.0256571833333333,-2.942285e-08,9.6675e-10,9.60946409318444e-10,-2.34104302098508e-13,-9.29201623963625e-14,-8.62081091331351e-14,NaN
-196.860543633334,-0.0244062166666667,-2.846e-08,9.66458333333348e-10,9.608582266869e-10,-1.34171026901349e-13,-1.01047310677434e-13,-9.49789986840585e-14,NaN
-186.7613739,-0.02315415,-2.74899333333333e-08,9.72500000000001e-10,9.60678067264641e-10,-6.39640761961928e-14,-1.05191895978099e-13,-1.00028552913184e-13,NaN
-176.659649933334,-0.0219017666666667,-2.6515e-08,9.60966666666652e-10,9.60730298534508e-10,5.54295303028692e-14,-8.96232976941584e-14,-9.52918056109599e-14,NaN
-166.571100433334,-0.0206510166666667,-2.5568e-08,9.551e-10,9.60788926325247e-10,1.61669384733054e-14,-8.79138695013956e-14,-8.32864249559076e-14,NaN
-156.4715274,-0.0193989,-2.46048e-08,9.57600000000001e-10,9.60762632411455e-10,-5.60618870188244e-14,-8.40658548138819e-14,-7.13114808107174e-14,NaN
-146.3801548,-0.0181478,-2.36528e-08,9.5235e-10,9.60676802551209e-10,-7.98779228671223e-14,-5.3488467185707e-14,-5.91801515547267e-14,NaN
-136.284077033334,-0.0168961166666667,-2.27001e-08,9.5835e-10,9.6060287656572e-10,-6.30985413050954e-15,-3.3211703326331e-14,-4.79718203362318e-14,NaN
-126.193914333334,-0.0156451666666667,-2.17361e-08,9.63150000000002e-10,9.60664182842948e-10,2.63953034043867e-14,-3.86644959003263e-14,-4.41989137737876e-14,NaN
-116.095282333334,-0.0143931666666667,-2.07738e-08,9.645e-10,9.60655667172529e-10,-6.29732081507226e-14,-4.9141190656522e-14,-4.47755915566057e-14,NaN
-105.9973225,-0.01314125,-1.98071e-08,9.64758333333349e-10,9.60538236426647e-10,-1.26001532688277e-13,-4.38583075320943e-14,-4.64581561974396e-14,NaN
-95.9055466,-0.0118901,-1.88442833333333e-08,9.59700000000001e-10,9.60403664107153e-10,-1.74841823522207e-13,-4.90776887133588e-14,-5.12697170568049e-14,NaN
-85.8054358333336,-0.0106379166666667,-1.78877e-08,9.57991666666651e-10,9.60188552779602e-10,-2.4689470127685e-13,-7.13178366781754e-14,-5.5130702729605e-14,NaN
-75.7147354,-0.0093869,-1.69283e-08,9.50999999999998e-10,9.59909874704599e-10,-6.22233799178465e-14,-6.05372008357534e-14,-5.41355674670922e-14,NaN
-65.6170444333334,-0.00813501666666667,-1.59857e-08,9.578e-10,9.60064106019767e-10,1.54334847146247e-13,-3.89646194032173e-14,-5.18307792018773e-14,NaN
-55.5248652333334,-0.00688381666666667,-1.50127e-08,9.65000000000001e-10,9.60218544398891e-10,-2.6777503454012e-14,-4.8407387938158e-14,-5.11567224190011e-14,NaN
-45.4259643666666,-0.00563178333333333,-1.40557e-08,9.55241666666649e-10,9.60010551012859e-10,1.01507489788119e-13,-5.11244133555591e-14,-4.95142735539248e-14,NaN
-35.3274668,-0.0043798,-1.31022166666667e-08,9.53641666666651e-10,9.60421559378468e-10,1.35308840516384e-13,-4.23129165483318e-14,-4.75494132548012e-14,NaN
-25.2393206,-0.0031291,-1.21484166666667e-08,9.64808333333351e-10,9.60281168693891e-10,-2.15632762538398e-13,-4.90070517299951e-14,-4.93080520970905e-14,NaN
-15.1382688,-0.0018768,-1.11726e-08,9.64724999999999e-10,9.59990293853391e-10,1.14835368110927e-13,-5.33388766626564e-14,-4.96338418032332e-14,NaN
-5.0472995,-0.00062575,-1.02189666666667e-08,9.51791666666664e-10,9.60510839430113e-10,2.4524054905061e-14,-4.62029324214426e-14,-4.1450824030197e-14,NaN
5.04904713333334,0.000625966666666667,-9.26901666666667e-09,9.64583333333351e-10,9.60039341963201e-10,-5.12944234298469e-13,-3.61232738114859e-14,-2.93386669312977e-14,NaN
15.1410919,0.00187715,-8.2898e-09,9.65658333333336e-10,9.59484950961516e-10,-2.54476224452459e-13,-2.3571140078623e-14,-1.74184045356916e-14,NaN
25.2390517333334,0.00312906666666667,-7.3377e-09,9.46658333333335e-10,9.59530389514296e-10,6.06894644648362e-14,-1.71229069132333e-15,-3.96687155310599e-15,NaN
35.325047,0.0043795,-6.39648333333333e-09,9.64708333333335e-10,9.59606329890446e-10,7.22391786903343e-14,2.22518651891369e-14,7.46378473657842e-15,NaN
45.4269054,0.0056319,-5.40828333333333e-09,9.73641666666665e-10,9.59674867871677e-10,3.9299965269391e-14,1.92591822931826e-14,1.18897604043333e-14,NaN
55.5255374,0.0068839,-4.4492e-09,9.61575e-10,9.59684929820985e-10,1.61644846618706e-14,4.65364365501022e-15,1.09014711152438e-14,NaN
65.6163722666667,0.00813493333333333,-3.48513333333333e-09,9.629e-10,9.59707196841e-10,1.19121988418534e-13,4.6786331210397e-15,3.97787666935917e-15,NaN
75.7163486,0.0093871,-2.5234e-09,9.57391666666665e-10,9.59923173797822e-10,8.94624831062639e-14,-6.30290044563387e-15,-1.00301469556264e-14,NaN
85.8062424333336,0.0106380166666667,-1.57035e-09,9.55358333333334e-10,9.59886121807213e-10,-7.47469742614607e-14,-2.74675870877709e-14,-2.31035282677172e-14,NaN
95.9037989666664,0.0118898833333333,-6.12683333333333e-10,9.59929166666666e-10,9.59773679849299e-10,7.34263516733362e-14,-3.18158217443227e-14,-3.18196276662591e-14,NaN
105.9944994,0.0131409,3.49508333333333e-10,9.62235833333332e-10,9.6003297451056e-10,-2.67490958646522e-14,-4.53683661811242e-14,-3.96258448399979e-14,-1.89514910104338e-07
116.0935347,0.01439295,1.31178833333333e-09,9.60512499999999e-10,9.59720181657569e-10,-2.43788175647803e-13,-5.53057556130919e-14,-4.51171864174592e-14,-2.15777848083501e-07
126.192704433334,0.0156450166666667,2.27053333333333e-09,9.57605833333335e-10,9.59545398159264e-10,1.14564505047154e-13,-3.9753726585085e-14,-4.79117035817227e-14,-2.29142930173456e-07
136.283136,0.016896,3.227e-09,9.577e-10,9.59949310667664e-10,2.64885388117593e-13,-4.88049122404098e-14,-5.30123047027095e-14,-2.53537109447741e-07
146.380692533334,0.0181478666666667,4.18593333333333e-09,9.58300000000001e-10,9.60075168935499e-10,7.20071991060001e-14,-6.06722583694445e-14,-6.19367187961203e-14,-2.96219089894488e-07
156.470855233334,0.0193988166666667,5.1436e-09,9.59733333333335e-10,9.60093325065876e-10,-4.8801784864833e-14,-5.80832736725765e-14,-6.96383221607771e-14,-3.3305284511676e-07
166.569487233334,0.0206508166666667,6.1054e-09,9.64933333333335e-10,9.5997756536577e-10,-1.65112743210129e-13,-8.0724590925613e-14,-7.77965907451002e-14,-3.7207065138961e-07
176.6583056,0.0219016,7.07346666666667e-09,9.6325e-10,9.59763099579456e-10,-3.64720888355295e-13,-1.04123483544948e-13,-8.98564982339097e-14,-4.29748469814351e-07
186.760298433334,0.0231540166666667,8.0319e-09,9.506e-10,9.59248123589059e-10,-4.84677455888096e-13,-1.01213748721272e-13,-9.93819282469664e-14,-4.75304874224622e-07
196.856241766666,0.0244056833333333,8.97466666666667e-09,9.55916666666666e-10,9.58793744667679e-10,-8.61636163899039e-14,-9.19262814042685e-14,-1.04095076853571e-13,-4.9784601973447e-07
206.948286533334,0.0256568666666667,9.94373333333333e-09,9.66166666666665e-10,9.59075796356279e-10,9.36054610522529e-14,-1.00510051777109e-13,-1.04990738594358e-13,-5.02129619364321e-07
217.047994,0.026909,1.0907e-08,9.52616666666685e-10,9.58980955589784e-10,-3.0707518856644e-13,-1.13022016161592e-13,-9.83698657850447e-14,-4.70464575493692e-07
227.1361402,0.0281597,1.18489666666667e-08,9.5423333333335e-10,9.58461645979146e-10,-2.83743214267354e-13,-9.63711657999182e-14,-8.71260342001073e-14,-4.16689728783122e-07
237.2351755,0.02941175,1.28154666666667e-08,9.647833333333e-10,9.58413469161249e-10,5.65757435044093e-14,-7.0322048612209e-14,-7.77340453141524e-14,-3.71771521067685e-07
247.3269514,0.0306629,1.37785333333333e-08,9.502083333333e-10,9.58574797466155e-10,-1.91768216723713e-14,-6.15597136555432e-14,-6.70303793729978e-14,-3.20580075262163e-07
257.428540933334,0.0319152666666667,1.47158833333333e-08,9.6123333333335e-10,9.58375115517904e-10,4.74009415088777e-14,-4.49596709058304e-14,-5.14115490416225e-14,-2.45881321503412e-07
267.515611666666,0.0331658333333333,1.5701e-08,9.71408333333351e-10,9.58669599349173e-10,1.83696874976615e-13,-3.30316534866542e-14,-3.61490093085106e-14,-1.72886566258094e-07
277.614109233334,0.0344178166666667,1.66587e-08,9.59625e-10,9.58742509267858e-10,-2.44371144683777e-13,-3.5178484836015e-14,-2.37270724006847e-14,-1.13477302785883e-07
287.7158332,0.0356702,1.762025e-08,9.5058333333335e-10,9.58180857059805e-10,-1.25122124321051e-13,-1.26047261785685e-14,-8.48244252493692e-15,-4.05682033801331e-08
297.8055926,0.0369211,1.85598666666667e-08,9.54125e-10,9.58492265019216e-10,3.1432695719836e-13,1.20902875122709e-14,9.89202615170503e-15,4.73096902907632e-08
307.904359033334,0.0381731166666667,1.95285e-08,9.6085e-10,9.58809510974202e-10,4.06659833745395e-14,2.06658122067697e-14,2.57319796597586e-14,1.23065989677106e-07
317.992505233334,0.0394238166666667,2.04815666666667e-08,9.61800000000002e-10,9.58573596985965e-10,-2.35641426390049e-14,4.29000920347724e-14,4.04853196272448e-14,1.93625441695519e-07
328.090868366666,0.0406757833333333,2.14521e-08,9.63825e-10,9.58762382688924e-10,1.74157493185554e-13,6.58282849807822e-14,5.41139477357246e-14,2.58805836996944e-07
338.182240966666,0.0419268833333333,2.24092166666667e-08,9.63058333333351e-10,9.58921911972336e-10,-4.54293037970536e-14,6.12190280955259e-14,5.98875249315651e-14,2.8641859749879e-07
348.2826206,0.0431791,2.33782166666667e-08,9.59833333333301e-10,9.5867152408133e-10,-1.59981681351551e-13,5.13281717956183e-14,5.79999843039547e-14,2.77391229279783e-07
358.381790333334,0.0444311666666667,2.43288833333333e-08,9.4799166666665e-10,9.58601948609633e-10,2.21024003941616e-13,5.61348936799864e-14,5.23308509764817e-14,2.50277982930999e-07
368.4726252,0.0456822,2.52742e-08,9.60208333333349e-10,9.59113572089213e-10,4.04370078220211e-13,5.15369951101258e-14,4.27372016554212e-14,2.04395312265058e-07
378.571391633334,0.0469342166666667,2.62493e-08,9.60899999999998e-10,9.59410688766073e-10,7.54808527181495e-15,2.71152394087074e-14,3.25440790041554e-14,1.55645595237265e-07
388.658731233334,0.0481848166666667,2.7196e-08,9.45016666666653e-10,9.59128668259757e-10,-2.00554165062864e-13,1.15234748626962e-14,2.62773924786648e-14,1.25674485767527e-07
398.759917466667,0.0494371333333333,2.81393333333333e-08,9.54850000000001e-10,9.59009580435947e-10,-2.82302543661274e-14,1.60354332090466e-14,1.836336628576e-14,8.78247952797217e-08
408.847525933334,0.0506877666666667,2.91057e-08,9.59466666666698e-10,9.59072207751025e-10,-3.42727657099612e-14,1.31038018707354e-14,4.42356934826615e-15,2.11562012308381e-08
418.9468301,0.05193985,3.00582666666667e-08,9.59700000000001e-10,9.58941034904527e-10,-2.18611973091738e-14,4.09693386979297e-15,-6.95983899032644e-15,-3.32861864754743e-08
429.0394126,0.0531911,3.10251e-08,9.61641666666649e-10,9.59028485356406e-10,2.44709204439073e-14,-6.06359201800358e-15,-1.35264578123509e-14,-6.46917547547217e-08
439.142212033334,0.0544436166666667,3.198155e-08,9.64749999999999e-10,9.58989976745415e-10,-1.50860721647204e-13,-3.63567777846275e-14,-2.36864090550607e-14,-1.13282825915508e-07
449.236945466666,0.0556951333333333,3.29546e-08,9.70125000000002e-10,9.58726763913112e-10,1.32201937377512e-14,-5.27050217969938e-14,-3.46249329956921e-14,-1.65597505631571e-07
459.3272426,0.0569461,3.39218e-08,9.5315e-10,9.59016417132891e-10,2.73599062266543e-13,-3.06005065057282e-14,-3.94563790690808e-14,-1.88704421634734e-07
469.423723666667,0.0581978333333333,3.48609e-08,9.55316666666651e-10,9.59273962037645e-10,-7.09470580682245e-14,-3.21967888825221e-14,-4.2494844756155e-14,-2.03236214051176e-07
479.5140208,0.0594488,3.58324333333333e-08,9.67550000000001e-10,9.58874523016754e-10,-2.70606166994521e-13,-5.5060889494656e-14,-4.54320791217066e-14,-2.17283856669032e-07
489.6118462,0.0607007,3.6796e-08,9.63883333333349e-10,9.58732749703656e-10,-1.57583788238122e-14,-4.01599844637858e-14,-4.43869592156582e-14,-2.12285457118365e-07
499.703084366667,0.0619517833333333,3.77602e-08,9.57983333333351e-10,9.58843006259107e-10,-1.80445196947993e-13,-3.23395592684384e-14,-4.15001299226417e-14,-1.98478882238721e-07
509.802522966667,0.0632038833333333,3.87119666666667e-08,9.56625e-10,9.5837185930976e-10,-2.31521759647624e-13,-5.54440960793621e-14,-4.27923553664293e-14,-2.04659090882923e-07
519.903574766667,0.0644561833333333,3.967345e-08,9.51324999999998e-10,9.58379962739811e-10,1.3842923962094e-13,-5.45046152417714e-14,-4.62919459916796e-14,-2.21396263438468e-07
529.9958884,0.0657074,4.06146166666667e-08,9.60375000000001e-10,9.58648717789002e-10,1.68877551021146e-13,-3.30254203463539e-14,-4.75902092886156e-14,-2.2760534877164e-07
540.092638333334,0.0669591666666667,4.15942e-08,9.62741666666652e-10,9.58717717841854e-10,-6.57784812034407e-14,-3.13457557823067e-14,-4.73523205082174e-14,-2.26467619821909e-07
550.181725566667,0.0682099833333333,4.25401e-08,9.49849999999997e-10,9.58517160826595e-10,-2.23072719653792e-13,-6.09816781246314e-14,-4.26642018454508e-14,-2.04046182739113e-07
560.2792821,0.06946185,4.34939e-08,9.59666666666648e-10,9.58271572402546e-10,-2.07547830452788e-13,-6.83385569629687e-14,-3.91960421081955e-14,-1.87459331821805e-07
570.369175933334,0.0707127666666667,4.44594333333333e-08,9.69100000000006e-10,9.58102065165689e-10,-4.70374942430313e-14,-3.38648837940789e-14,-4.79417240624843e-14,-2.29286506385794e-07
580.4680768,0.0719648,4.54321e-08,9.57483333333351e-10,9.5817749741406e-10,1.7895422319871e-13,-2.4492808855628e-14,-6.19104996336042e-14,-2.96093693899846e-07
590.5634824,0.0732164,4.63744e-08,9.52408333333351e-10,9.58459973612087e-10,2.25825707641662e-13,-5.12146918650446e-14,-7.02642737866344e-14,-3.36046526805643e-07
600.662652133334,0.0744684666666667,4.73369166666667e-08,9.63600000000003e-10,9.58629148829343e-10,4.1820407408344e-14,-9.4025878772452e-14,-7.38280448158972e-14,-3.53090649119508e-07
610.758461033334,0.0757201166666667,4.83016e-08,9.62566666666646e-10,9.58543614426903e-10,-3.25515489214379e-13,-1.14843155306944e-13,-7.50157084274066e-14,-3.58770779435423e-07
620.849027033334,0.0769711166666667,4.926205e-08,9.44491666666648e-10,9.57978117850915e-10,-1.21034262761687e-13,-7.97600623750648e-14,-7.03104927948845e-14,-3.36267574236404e-07
630.9451048,0.0782228,5.01905833333333e-08,9.48116666666652e-10,9.5830154590138e-10,2.91144287903412e-13,-4.21504435661678e-14,-5.59764195506918e-14,-2.67713310894613e-07
641.0397038,0.0794743,5.11582833333333e-08,9.64508333333353e-10,9.58560406426721e-10,-2.47504095978781e-13,-2.63122143938814e-14,-3.37705345562134e-14,-1.61511252225368e-07
651.1322863,0.08072555,5.21196e-08,9.5955833333335e-10,9.57806537709422e-10,-3.90241285193382e-13,4.45638345363979e-15,-6.75394289401146e-15,-3.23014660148374e-08
661.2248688,0.0819768,5.30774e-08,9.5345e-10,9.57779923856335e-10,6.3105997116882e-14,2.4460422681079e-14,1.86139968751275e-14,8.90234633158272e-08
671.320543266667,0.0832284333333333,5.40265e-08,9.61300000000001e-10,9.57932749703656e-10,-1.38369498737792e-14,2.042344152001e-14,3.57786064969133e-14,1.71115074550455e-07
681.4233427,0.08448095,5.5e-08,9.60249999999997e-10,9.57752249956587e-10,-1.56678048578286e-13,3.55409944740344e-14,4.73132999708823e-14,2.26280999860741e-07
691.517807266667,0.0857324333333333,5.5947e-08,9.647e-10,9.576193936065e-10,-8.9348569616792e-14,6.46303776959296e-14,5.54472089277342e-14,2.65182303567424e-07
701.612809566666,0.0869839833333333,5.69294e-08,9.60099999999999e-10,9.57573552817354e-10,3.95842204806285e-13,7.29645453752326e-14,5.70742485427014e-14,2.72963797378137e-07
711.7039133,0.08823505,5.78672e-08,9.44349999999998e-10,9.58411078016112e-10,1.92379121459878e-13,5.50159756184582e-14,5.35263908395744e-14,2.55995782276225e-07
721.802142,0.089487,5.88181e-08,9.54399999999998e-10,9.57958311060273e-10,-7.51086661079273e-13,3.65451184890915e-14,4.66827169451884e-14,2.23265167998727e-07
731.8910948,0.0907378,5.9776e-08,9.63449999999998e-10,9.56908904693954e-10,-3.83618636133593e-13,2.66356204198954e-14,3.03650977449992e-14,1.45224380519561e-07
741.988651333334,0.0919896666666667,6.0745e-08,9.55550000000001e-10,9.57191073788006e-10,4.52400582874239e-13,5.4541022044876e-15,4.29421508046396e-15,2.05375503848276e-08
752.087417766666,0.0932416833333333,6.16871e-08,9.57358333333354e-10,9.57813705859702e-10,8.2119262799492e-13,-2.18714713490007e-14,-2.23628288725804e-14,-1.06952659825385e-07
762.179059233334,0.0944928166666667,6.26597166666667e-08,9.62625000000003e-10,9.58833459043996e-10,7.81293460781231e-13,-4.61127065740084e-14,-5.23444125999319e-14,-2.5034284286924e-07
772.278497833334,0.0957449166666667,6.361235e-08,9.57099999999999e-10,9.59376292781265e-10,7.7083003012402e-14,-9.59374082802642e-14,-9.36304996061819e-14,-4.47798041594783e-07
782.369601566667,0.0969959833333333,6.45739166666667e-08,9.59974999999999e-10,9.58987625050021e-10,-3.27565177015046e-13,-1.45025265318087e-13,-1.43399982063082e-13,-6.85826001171262e-07
792.469040166667,0.0982480833333333,6.55323e-08,9.5634166666665e-10,9.58721162427235e-10,-2.19886350767256e-13,-1.77571148413399e-13,-1.96373454629597e-13,-9.39177391706768e-07
802.559606166667,0.0994990833333333,6.64866e-08,9.55350000000004e-10,9.58547852348486e-10,-4.14496836469863e-13,-2.5146944839633e-13,-2.50452550825664e-13,-1.19781654742709e-06
812.657834866664,0.100751033333333,6.7443e-08,9.59025e-10,9.57892168754295e-10,-5.3013592229323e-13,-3.25852537404342e-13,-3.06432328491565e-13,-1.4655459188727e-06
822.7549881,0.10200285,6.840465e-08,9.63549999999997e-10,9.574875805039e-10,-2.63822604513832e-13,-3.61703532203927e-13,-3.58837658617453e-13,-1.7161801064313e-06
832.8459574,0.1032539,6.93701e-08,9.57125000000004e-10,9.57364523545267e-10,-3.84897638300776e-13,-3.98931315381305e-13,-4.02588344978566e-13,-1.92542251946271e-06
842.9437828,0.1045058,7.03189e-08,9.52283333333354e-10,9.56717785227298e-10,-7.40948549230808e-13,-4.41560267864101e-13,-4.41148987537819e-13,-2.10984298387653e-06
853.0351554,0.1057569,7.12746666666667e-08,9.55558333333349e-10,9.55882626446806e-10,-7.19358875624991e-13,-4.87900580090578e-13,-4.76615535495332e-13,-2.27946560454289e-06
863.134594,0.107009,7.22300166666667e-08,9.61758333333301e-10,9.55279067476048e-10,-5.2148312155039e-13,-5.06412644362522e-13,-5.15696525428777e-13,-2.46637468683328e-06
873.224891133336,0.108259966666667,7.31981833333333e-08,9.66558333333302e-10,9.54839660203705e-10,-6.8941850325083e-13,-5.17808428289922e-13,-5.56121261805204e-13,-2.65971038254663e-06
883.326077366664,0.109512283333333,7.41631333333333e-08,9.47558333333347e-10,9.53900230469547e-10,-9.24586060840717e-13,-5.77831391840652e-13,-5.84136516947139e-13,-2.79369638539936e-06
893.414089133336,0.110762966666667,7.50933e-08,9.48966666666698e-10,9.52990488082023e-10,-5.93076381496823e-13,-6.28668674963941e-13,-5.96574697674447e-13,-2.85318333670388e-06
903.513527733336,0.112015066666667,7.60610666666667e-08,9.66358333333351e-10,9.52714077706553e-10,-4.02118111392343e-13,-6.31032812997861e-13,-5.9392818737409e-13,-2.84052611352826e-06
913.609874366664,0.113266783333333,7.70260166666667e-08,9.49866666666647e-10,9.52186251859239e-10,-6.48692873373622e-13,-5.85356458287769e-13,-5.75369648539995e-13,-2.75176788432172e-06
923.700440366664,0.114517783333333,7.79608e-08,9.4619166666665e-10,9.51416691959806e-10,-5.97699457144286e-13,-5.18335133466818e-13,-5.39475204532473e-13,-2.58009880428574e-06
933.797862466664,0.115769633333333,7.89184e-08,9.5675e-10,9.5099085294495e-10,-5.11739035239014e-13,-4.75585618932909e-13,-4.90203410956726e-13,-2.34445109587999e-06
943.891251566664,0.117020983333333,7.98743e-08,9.57449999999998e-10,9.50393213889328e-10,-4.03249601727653e-13,-4.3189015339843e-13,-4.37922523060315e-13,-2.0944120668102e-06
953.988942533336,0.118272866666667,8.08333e-08,9.58699999999999e-10,9.50184353741495e-10,1.74348984875837e-14,-3.76943660752118e-13,-3.8595177315878e-13,-1.84585630641156e-06
964.0797774,0.1195239,8.17917e-08,9.33808333333351e-10,9.50428083686303e-10,-6.18007580389144e-14,-3.4036835946434e-13,-3.36237330514737e-13,-1.60809158072266e-06
974.180560333336,0.120776166666667,8.27009166666667e-08,9.59400000000004e-10,9.50060752225417e-10,-3.60555542969707e-13,-3.06317233800315e-13,-2.87868145964652e-13,-1.37676069809181e-06
984.277713566664,0.122027983333333,8.37105e-08,9.84058333333296e-10,9.49706972600363e-10,-3.50530589595096e-13,-2.38946770999399e-13,-2.34373209617167e-13,-1.12091535034297e-06
994.368414,0.123279,8.46690333333333e-08,9.54150000000005e-10,9.49359691046227e-10,-3.50794091224047e-13,-1.62884671514622e-13,-1.76164963517565e-13,-8.42528086388354e-07
1004.4666427,0.12453095,8.56188e-08,9.3838333333335e-10,9.49005384417915e-10,-1.51660758642698e-13,-1.14807770491646e-13,-1.16865107429384e-13,-5.58920079010097e-07
1014.55586436666,0.125781783333333,8.65458e-08,9.13774999999995e-10,9.49056369528941e-10,-4.00893376236677e-14,-6.79660706754614e-14,-5.85473341729537e-14,-2.80008989522822e-07
1024.656244,0.127034,8.744635e-08,9.21266666666656e-10,9.48925205742668e-10,-1.37031982603828e-13,9.9905201153389e-16,-2.71459509400631e-15,-1.29828461017693e-08
1034.74667556666,0.128284983333333,8.83883333333333e-08,9.42658333333353e-10,9.48782305563734e-10,-5.31259673374527e-15,5.90768188802676e-14,4.94902868978082e-14,2.36692676467778e-07
1044.84517313334,0.129536966666667,8.93316666666667e-08,9.45516666666703e-10,9.489145805492e-10,2.01392160638203e-13,9.14471807703094e-14,9.67554967513079e-14,4.62743680114951e-07
1054.9356047,0.13078795,9.02793666666667e-08,9.44041666666653e-10,9.4918508988501e-10,3.0339286657807e-13,1.26624652268535e-13,1.36717903888787e-13,6.53868235989851e-07
1065.03450556666,0.132039983333333,9.121975e-08,9.45958333333293e-10,9.49521366282357e-10,1.32110863213499e-13,1.80311045078652e-13,1.65048692704283e-13,7.89363312933527e-07
1075.133272,0.133292,9.21712833333333e-08,9.45624999999991e-10,9.49449311611437e-10,1.38713409897396e-13,2.16643253318986e-13,1.87898913376793e-13,8.98646977019445e-07
1085.223838,0.134543,9.3111e-08,9.45858333333354e-10,9.49798793102151e-10,3.41598054315601e-13,2.16874571078525e-13,2.18261664343087e-13,1.04386013381476e-06
1095.32220113334,0.135794966666667,9.4063e-08,9.53000000000002e-10,9.50132507720068e-10,1.4626926242184e-13,2.24007129835891e-13,2.58879928531317e-13,1.23812139732369e-06
1105.41290156666,0.137045983333333,9.5017e-08,9.54583333333346e-10,9.50091331626995e-10,1.67132041498446e-13,2.66496608966033e-13,3.05746651574386e-13,1.46226659448619e-06
1115.5112647,0.13829795,9.59721666666667e-08,9.59416666666647e-10,9.50466771803065e-10,5.31353390407377e-13,3.51678667372489e-13,3.5468455530321e-13,1.69631743840666e-06
1125.60196513334,0.139548966666667,9.69358333333333e-08,9.5541666666665e-10,9.5115403840781e-10,6.60163404979354e-13,4.34448907817014e-13,4.05147049885961e-13,1.93765980380242e-06
1135.70073156666,0.140800983333333,9.7883e-08,9.54583333333353e-10,9.51787098613024e-10,4.19410122542613e-13,4.76766347741636e-13,4.53236478436562e-13,2.16765272295747e-06
1145.79922913334,0.142052966666667,9.8845e-08,9.56083333333361e-10,9.51992858652895e-10,2.36164088280359e-13,4.96733202407877e-13,4.88273394385335e-13,2.33522058184291e-06
1155.88979513334,0.143303966666667,9.97951666666667e-08,9.515e-10,9.52259426789585e-10,4.90098775359823e-13,4.97131802062231e-13,5.03573114518097e-13,2.4083931563909e-06
1165.988696,0.144556,1.00748e-07,9.56833333333144e-10,9.52973056203615e-10,5.44987051422247e-13,4.91778901186134e-13,4.99712929961086e-13,2.38993140416172e-06
1176.07912756666,0.145806983333333,1.01708833333333e-07,9.60500000000004e-10,9.53349400892429e-10,2.7256912198636e-13,4.8385954953998e-13,4.85190371783414e-13,2.32047569113807e-06
1186.17775956666,0.147058983333333,1.02669e-07,9.58583333333496e-10,9.53518194447587e-10,2.50715191737834e-13,4.64122593107182e-13,4.64385325844498e-13,2.22097329751716e-06
1196.26846,0.14831,1.03626e-07,9.66499999999998e-10,9.53850831275905e-10,4.01323170778819e-13,4.37003608790277e-13,4.35990544196262e-13,2.08517216789517e-06
1206.367092,0.149562,1.04602e-07,9.61500000000005e-10,9.54320840789145e-10,5.75478115777834e-13,4.04763235359882e-13,4.02099096742845e-13,1.92308263659622e-06
1216.46558956666,0.150813983333333,1.05549e-07,9.43000000000004e-10,9.5500178750746e-10,3.37238763434809e-13,3.66448722999216e-13,3.6232457978042e-13,1.73285668590636e-06
1226.55615556666,0.152064983333333,1.06488e-07,9.46000000000001e-10,9.54995318316015e-10,3.31689279487139e-13,3.13403263901994e-13,3.1622080449503e-13,1.51236036932406e-06
1236.654922,0.153317,1.07441e-07,9.54166666666503e-10,9.55665166066435e-10,1.07352610855071e-12,2.61797263929441e-13,2.65938970500809e-13,1.27188203282996e-06
1246.74535356666,0.154567983333333,1.08396333333333e-07,9.65333333333497e-10,9.57142370533116e-10,1.07778866262797e-12,2.19084435824863e-13,2.15325482295908e-13,1.02981752402391e-06
1256.84412,0.15582,1.09371666666667e-07,9.60749999999998e-10,9.57820743391691e-10,4.15375961707124e-13,1.65906122217023e-13,1.65808500113738e-13,7.92997174457008e-07
1266.934686,0.157071,1.10317833333333e-07,9.49750000000005e-10,9.5797312245653e-10,-2.25965952413301e-13,1.09024934803062e-13,1.14450476751974e-13,5.47371845335528e-07
1277.033318,0.158323,1.11271166666667e-07,9.63083333333501e-10,9.57368811486864e-10,-5.37716029808157e-13,6.44369362427357e-14,6.38364461729371e-14,3.05304742566221e-07
1287.123884,0.159574,1.12244e-07,9.60916666666504e-10,9.56897690396914e-10,-3.63768054392957e-13,3.0133896734942e-14,1.90786949406041e-14,9.12459323246283e-08
1297.222516,0.160826,1.13193e-07,9.56499999999993e-10,9.56641275378078e-10,-2.51643487580136e-13,-1.83492691814003e-14,-1.80401325657764e-14,-8.62788948798002e-08
1307.321148,0.162078,1.14157e-07,9.48999999999998e-10,9.56394403421754e-10,-1.77307054894571e-13,-7.27166957617459e-14,-4.85992859216141e-14,-2.32431367451198e-07
1317.411714,0.163329,1.15091e-07,9.45083333333501e-10,9.56286661268289e-10,-1.39980048623926e-13,-8.79282393798299e-14,-7.72781510853276e-14,-3.6959115736461e-07
1327.51021156666,0.164580983333333,1.16047166666667e-07,9.636666666665e-10,9.56114443324506e-10,-2.11235909459506e-13,-8.49360858523411e-14,-1.04479805821057e-13,-4.99686027839838e-07
1337.600912,0.165832,1.17018333333333e-07,9.56916666666506e-10,9.5586418944937e-10,-3.25672438789507e-13,-1.08681952777137e-13,-1.29302089657717e-13,-6.18401298362994e-07
1347.699544,0.167084,1.17961e-07,9.52833333333503e-10,9.55463098446927e-10,-3.08240465997357e-13,-1.50106553667832e-13,-1.53659752002637e-13,-7.34894466099568e-07
1357.79011,0.168335,1.18924e-07,9.61916666666498e-10,9.55247708517375e-10,-1.77855104300808e-13,-1.83902492438229e-13,-1.76497971514196e-13,-8.44120733328763e-07
1367.88847313334,0.169586966666667,1.19884833333333e-07,9.51999999999994e-10,9.55107388238325e-10,-3.0907646077727e-14,-1.93337750656627e-13,-1.93973247207015e-13,-9.27698138816159e-07
1377.987374,0.170839,1.20828e-07,9.48166666667005e-10,9.5518589322522e-10,5.25559280280146e-14,-2.03199366576341e-13,-1.9600407341285e-13,-9.37410785887544e-07
1388.07794,0.17209,1.21781166666667e-07,9.57e-10,9.55212500094381e-10,-4.36165032054519e-14,-2.07976477661976e-13,-1.77238212451089e-13,-8.47661016070426e-07
1398.17630313334,0.173341966666667,1.22742e-07,9.53916666666502e-10,9.55098660218809e-10,-7.98272139063198e-14,-1.63686592135272e-13,-1.45962235762855e-13,-6.98080257996263e-07
1408.267138,0.174593,1.23689e-07,9.52499999999995e-10,9.55052845666569e-10,-1.20745468002356e-13,-9.87141632472235e-14,-1.11284433377564e-13,-5.32229898762263e-07
1418.36577,0.175845,1.24647e-07,9.55999999999999e-10,9.54857169282804e-10,-1.11269979691562e-13,-4.69020465549833e-14,-7.95369414118664e-14,-3.8039406762197e-07
1428.45606713334,0.177095966666667,1.25601e-07,9.52333333333509e-10,9.54830305707186e-10,1.47039948267186e-15,-2.73251831411984e-14,-5.25451036714213e-14,-2.51302669732884e-07
1438.554968,0.178348,1.26551666666667e-07,9.54999999999998e-10,9.5486011008177e-10,3.2983004524389e-14,-3.5679194681815e-14,-3.08907732464031e-14,-1.47738480743667e-07
1448.645534,0.179599,1.27511e-07,9.60749999999998e-10,9.54896271716234e-10,2.26397162638562e-13,-3.47468677597544e-14,-1.67389197582738e-14,-8.00557031917443e-08
1458.7437627,0.18085095,1.28473166666667e-07,9.58999999999989e-10,9.55312904407047e-10,2.83890914858948e-13,-2.53535385766259e-14,-6.90349028628648e-15,-3.3016692673544e-08
1468.84266356666,0.182102983333333,1.29429e-07,9.54916666666503e-10,9.55464053545952e-10,-2.00764267969203e-13,-4.80897183343055e-15,3.0992908053406e-15,1.48226951559768e-08
1478.93309513334,0.183353966666667,1.30383e-07,9.52166666666507e-10,9.54911375871108e-10,-5.21187720371442e-13,2.90726436685185e-14,1.49251411225025e-14,7.13811097163163e-08
1489.03172713334,0.184605966666667,1.31333333333333e-07,9.53499999999996e-10,9.54421678105209e-10,-2.74336149557109e-13,4.43782072873861e-14,2.65350140067057e-14,1.26906588727723e-07
1499.122562,0.185857,1.3229e-07,9.54666666666999e-10,9.54362703571994e-10,1.01789772511726e-13,3.78810845819358e-14,3.47697658069065e-14,1.66290184293901e-07
1509.22092513334,0.187108966666667,1.33242666666667e-07,9.55583333333493e-10,9.54625257650233e-10,2.38722847633341e-13,3.19290037590855e-14,3.92649083174603e-14,1.87788691953071e-07
1519.31176,0.18836,1.34201166666667e-07,9.57166666666499e-10,9.54840149267261e-10,1.14428790385561e-13,2.90601173223563e-14,3.96900369745654e-14,1.89821915965313e-07
1529.410392,0.189612,1.35157e-07,9.53416666666515e-10,9.54854115231004e-10,5.44321502153677e-14,3.25818077294944e-14,3.68867335276033e-14,1.7641481252332e-07
1539.509024,0.190864,1.36108e-07,9.48833333333492e-10,9.54949013567691e-10,7.483842593168e-14,4.13774930192807e-14,3.45113429510944e-14,1.65054248896538e-07
1549.59959,0.192115,1.37054666666667e-07,9.58499999999989e-10,9.55003792082867e-10,6.86736958937976e-14,4.14794678240341e-14,3.43176138525871e-14,1.64127718425417e-07
1559.69808756666,0.193366983333333,1.38025e-07,9.59916666666509e-10,9.55086360959479e-10,4.03227328689937e-14,3.53584869286265e-14,3.34921483815915e-14,1.60179840085872e-07
1569.788788,0.194618,1.389745e-07,9.51999999999994e-10,9.55084437548605e-10,-6.85500615315191e-14,2.71615407057242e-14,3.12530891378491e-14,1.4947129587667e-07
1579.88728556666,0.195869983333333,1.39929e-07,9.53750000000003e-10,9.54949260836416e-10,3.37663367253895e-14,2.4363881079222e-14,3.06156402854116e-14,1.46422627451969e-07
1589.977986,0.197121,1.40882e-07,9.5400000000001e-10,9.55151970222056e-10,2.7447865938191e-13,3.07176327101901e-14,3.23386523077301e-14,1.54663119732622e-07
1600.076618,0.198373,1.41837e-07,9.57583333333508e-10,9.5549821815518e-10,2.32685527035001e-13,3.02301740049075e-14,3.47161657894704e-14,1.66033836384424e-07
1610.17511556666,0.199624983333333,1.42797166666667e-07,9.576666666665e-10,9.55617341276126e-10,1.613315137351e-13,3.47254743390495e-14,3.526264569323e-14,1.68647435924143e-07
1620.265816,0.200876,1.43752333333333e-07,9.56666666666499e-10,9.5582088118265e-10,-2.2370268864901e-14,4.77338721185907e-14,3.37672056686038e-14,1.6149533145854e-07
1630.364448,0.202128,1.447105e-07,9.54333333333498e-10,9.55572600738396e-10,-3.56019766390071e-13,3.89949602254038e-14,3.02645278065386e-14,1.44743393857359e-07
1640.455014,0.203379,1.45661e-07,9.51999999999994e-10,9.5510884164987e-10,-1.70201099300154e-13,1.68732232826487e-14,2.3054448265263e-14,1.1026040474691e-07
1650.55351156666,0.204630983333333,1.466145e-07,9.55499999999998e-10,9.55232198539796e-10,7.72695870800224e-14,4.3590810206953e-15,1.41951165644513e-14,6.7889687916941e-08
1660.64394313334,0.205881966666667,1.47572e-07,9.54583333333505e-10,9.5526338082403e-10,3.49007527398991e-15,4.09037940941903e-15,5.35021458236963e-15,2.55879827852461e-08
1670.742844,0.207134,1.48523666666667e-07,9.54583333333505e-10,9.55239178690344e-10,-5.22567518184352e-15,7.35627392490925e-16,-2.98463787265074e-15,-1.42743550431122e-08
1680.83327556666,0.208384983333333,1.49481166666667e-07,9.53666666666495e-10,9.55252929473666e-10,-2.94164835739973e-14,-1.31393517531971e-14,-9.75668683398762e-15,-4.66624152929843e-08
1690.93177313334,0.209636966666667,1.50431e-07,9.55916666666505e-10,9.55180345723196e-10,-6.73023926473722e-14,-1.56321531847433e-14,-1.7339679136285e-14,-8.29289002170152e-08
1701.03874,0.21089,1.51393e-07,9.54583333333505e-10,9.55118324688371e-10,7.16135510800802e-15,-1.64911417013855e-14,-2.69993194773124e-14,-1.29127180108885e-07
1711.12124,0.21214,1.52340166666667e-07,9.50499999999993e-10,9.55194668433412e-10,9.4759601949475e-14,-3.29604066338985e-14,-3.63405203451294e-14,-1.73802488607141e-07
1721.20374,0.21339,1.53294e-07,9.55916666666505e-10,9.5530784389227e-10,9.01624800797298e-14,-5.10936665352208e-14,-4.32796022452604e-14,-2.0698940204255e-07
1731.28624,0.21464,1.54252e-07,9.61500000000005e-10,9.55374993393571e-10,-4.94490248951389e-14,-5.72501473143712e-14,-4.68225440812856e-14,-2.23933906475714e-07
1741.36874,0.21589,1.55217e-07,9.61499999999992e-10,9.5520894584248e-10,-1.88968040042004e-13,-5.04614102825466e-14,-4.66270711485612e-14,-2.22999035927901e-07
1751.5319,0.21715,1.56175e-07,9.54499999999997e-10,9.54997057313487e-10,-5.67236328453839e-14,-4.05489420413598e-14,-4.35375791749559e-14,-2.08223204749789e-07
1761.6144,0.2184,1.57126e-07,9.55499999999998e-10,9.55095498576789e-10,7.59615166867917e-14,-3.75945169117194e-14,-3.93647702878329e-14,-1.8826629268094e-07
1771.6969,0.21965,1.58086e-07,9.53916666666489e-10,9.55148980346861e-10,6.30478606564105e-14,-3.14681991951765e-14,-3.6274675474526e-14,-1.73487578356429e-07
1781.7794,0.2209,1.59033833333333e-07,9.48999999999991e-10,9.55221594298102e-10,6.05232659078279e-14,-2.61616305187108e-14,-3.62674516938202e-14,-1.7345302984001e-07
1791.8619,0.22215,1.59984e-07,9.59666666667005e-10,9.55270026878677e-10,-1.11233172517248e-13,-4.10732291095441e-14,-3.95824212813059e-14,-1.89307232214941e-07
1801.9444,0.2234,1.60953166666667e-07,9.61250000000012e-10,9.54999127953068e-10,-2.57123604158846e-13,-5.33709127754491e-14,-4.45528394495118e-14,-2.1307879736723e-07
1812.10756,0.22466,1.619065e-07,9.57416666666506e-10,9.54755779670359e-10,-2.50516244235247e-13,-5.20747324568464e-14,-5.00327405735227e-14,-2.39287020134239e-07
1822.19006,0.22591,1.62868e-07,9.52249999999988e-10,9.54498095464597e-10,-4.61930055063688e-14,-5.38737300164554e-14,-5.64163442025567e-14,-2.69817298360054e-07
1832.27256,0.22716,1.63811e-07,9.50499999999993e-10,9.54663393659346e-10,1.15549049808246e-13,-5.81443223006185e-14,-6.16698219083181e-14,-2.94942626518043e-07
1842.35506,0.22841,1.64769e-07,9.57166666666513e-10,9.54729193564214e-10,-1.53075381095852e-13,-6.1557945986501e-14,-6.27506514304242e-14,-3.00111811188985e-07
1852.43756,0.22966,1.65725333333333e-07,9.45833333333515e-10,9.54357242897155e-10,-1.93506647939385e-13,-6.55353600024359e-14,-6.20920645457024e-14,-2.96962047827272e-07
1862.52006,0.23091,1.66660666666667e-07,9.47833333333491e-10,9.54342180268335e-10,1.48328199202112e-13,-6.67904809618119e-14,-6.19448421120622e-14,-2.9625794053595e-07
1872.68322,0.23217,1.67621e-07,9.53750000000003e-10,9.54653899295559e-10,2.46003118221247e-13,-6.04203865554103e-14,-6.04212515540582e-14,-2.88971203084626e-07
1882.76572,0.23342,1.68568166666667e-07,9.60000000000004e-10,9.54834186504777e-10,-7.84351476411114e-14,-4.96825949104415e-14,-5.60177927450987e-14,-2.6791118269395e-07
1892.84822,0.23467,1.69541e-07,9.63916666666487e-10,9.54497029000277e-10,-2.99829365701525e-13,-4.64495043853432e-14,-4.85575072838837e-14,-2.32231556575096e-07
1902.93072,0.23592,1.70496e-07,9.52999999999996e-10,9.54234527773374e-10,-1.28012525766227e-13,-4.66452137022702e-14,-3.93896117683975e-14,-1.88385099761901e-07
1913.01322,0.23717,1.71447e-07,9.52666666666507e-10,9.54241003948744e-10,6.64152453408758e-14,-3.49445575410845e-14,-3.01767034936907e-14,-1.44323364535042e-07
1923.09572,0.23842,1.72401333333333e-07,9.52250000000015e-10,9.54367358264056e-10,3.56274585371001e-14,-1.74076713070965e-14,-2.091629081072e-14,-1.00034434312139e-07
1933.17822,0.23967,1.733515e-07,9.53916666666992e-10,9.54312258865818e-10,-8.90733651933882e-14,-6.46841541560905e-15,-1.15449984286591e-14,-5.52152098761957e-08
1943.34138,0.24093,1.74309166666667e-07,9.52666666666494e-10,9.54189211533669e-10,-6.45748865641817e-14,-3.08941540877007e-15,-2.59482817841466e-15,-1.24100478098092e-08
1953.42388,0.24218,1.75256833333333e-07,9.54416666666503e-10,9.5418310909269e-10,-3.61748472562946e-15,1.87879067605677e-15,4.32578938870442e-15,2.06885579459777e-08
1963.50638,0.24343,1.76218e-07,9.56083333333493e-10,9.54181976564218e-10,-3.48016565082021e-14,9.98821856250069e-15,7.4470668046817e-15,3.56164064571734e-08
1973.58888,0.24468,1.77169e-07,9.54083333333504e-10,9.54113505779673e-10,-1.80506164767878e-14,1.0283333336054e-14,7.17450641877414e-15,3.43128567854415e-08
1983.67138,0.24593,1.78126166666667e-07,9.51583333333515e-10,9.54145875331265e-10,5.21736996713382e-14,6.22200686856339e-15,5.31274742818822e-15,2.54087920478567e-08
1993.75388,0.24718,1.79072166666667e-07,9.56333333333011e-10,9.54217853179016e-10,4.20092565386387e-14,4.55644530576398e-15,4.60051749828699e-15,2.20024749918073e-08
2003.91704,0.24844,1.80038833333333e-07,9.59416666666482e-10,9.54229893844342e-10,3.26517399395383e-14,1.8817492140921e-15,5.91980442896017e-15,2.83121081385052e-08
2013.99954,0.24969,1.80991e-07,9.49833333333493e-10,9.54283156658895e-10,7.79981803986395e-14,-9.42469210945183e-16,7.26382554166762e-15,3.47400351992799e-08
2024.08204,0.25094,1.819385e-07,9.51500000000007e-10,9.54385890205139e-10,6.60679366010114e-14,4.16345902945469e-15,7.23460675925087e-15,3.46002931964172e-08
2034.16454,0.25219,1.82894e-07,9.52166666666507e-10,9.54415292532097e-10,3.56831411735223e-14,1.73301844200001e-14,6.32121714747486e-15,3.02319080966189e-08
2044.24704,0.25344,1.83842833333333e-07,9.48500000000004e-10,9.54457256487486e-10,9.59034557278158e-14,1.84419529347143e-14,6.19501944080659e-15,2.96283538473359e-08
2054.32954,0.25469,1.84791e-07,9.53333333333497e-10,9.54607099443553e-10,2.30847055911761e-14,1.42446053782167e-15,6.45498372919214e-15,3.08716613135276e-08
2064.41204,0.25594,1.857495e-07,9.62500000000006e-10,9.54503425898668e-10,-1.33783702159808e-13,-9.75215182374454e-15,4.39191131607386e-15,2.1004793250788e-08
2074.5752,0.2572,1.86716e-07,9.67249999999992e-10,9.54339532039233e-10,-1.49938277200008e-13,-2.58351021793626e-15,-3.10343947092152e-16,-1.48425366000594e-09
2084.6577,0.25845,1.87684e-07,9.455e-10,9.54203549344268e-10,-1.43717864484344e-14,5.83785325987294e-15,-6.07569755709391e-15,-2.905768396871e-08
2094.7402,0.2597,1.88607e-07,9.48749999999997e-10,9.54310788466336e-10,2.07729318141127e-13,-2.11827385772308e-15,-1.01167883718151e-14,-4.83846400391157e-08
2104.8227,0.26095,1.895815e-07,9.63999999999982e-10,9.54619007980551e-10,5.33383164548136e-14,-1.52827538135653e-14,-9.99863505260784e-15,-4.78195589472549e-08
2114.9052,0.2622,1.90535e-07,9.56750000000006e-10,9.54417465099246e-10,-2.31682295557666e-13,-1.58596030370789e-14,-7.6203562173911e-15,-3.64451819092618e-08
2124.9877,0.26345,1.91495e-07,9.45583333333521e-10,9.54155643389435e-10,-2.04276993813378e-13,-1.30864884948814e-14,-5.13364271939112e-15,-2.45522043101314e-08
2135.15086,0.26471,1.92426166666667e-07,9.48000000000003e-10,9.54008911111619e-10,2.39492023234555e-14,-5.75413578712819e-15,-2.786146932474e-15,-1.33250505466148e-08
2145.23336,0.26596,1.93391e-07,9.63666666666493e-10,9.54203541794082e-10,1.92281629631006e-13,1.04958838931136e-14,-4.86319835928699e-16,-2.32587747618073e-09
2155.31586,0.26721,1.943535e-07,9.59916666666496e-10,9.54393474370881e-10,-2.69975914899635e-14,1.40974567450669e-14,1.47544946090325e-15,7.0564974217112e-09
2165.39836,0.26846,1.95310833333333e-07,9.54583333333505e-10,9.54149546611102e-10,-1.41277265624076e-13,2.9111929635246e-15,2.15049350734766e-15,1.02849689481845e-08
2175.48086,0.26971,1.96262666666667e-07,9.49083333333499e-10,9.54110919839633e-10,1.54995960589402e-14,-1.1371694563078e-14,-2.19182136393843e-16,-1.04826239144881e-09
2185.56336,0.27096,1.97209e-07,9.54666666666496e-10,9.5418054580322e-10,2.53488187747274e-14,-1.47772511740227e-14,-6.73561028241446e-15,-3.22137883071996e-08
2195.72652,0.27222,1.98172e-07,9.56083333333507e-10,9.54161617477183e-10,-1.16197422342488e-14,-6.97085654203925e-15,-1.4245399657439e-14,-6.81301722747082e-08
2205.80902,0.27347,1.99121166666667e-07,9.54499999999997e-10,9.54157306318752e-10,1.02126699731032e-13,-8.75226530496255e-15,-1.9136518989623e-14,-9.15224821242839e-08
2215.89152,0.27472,2.00081e-07,9.52916666666488e-10,9.54365870876645e-10,1.24360121406415e-13,-2.542829437059e-14,-2.05983299796694e-14,-9.85137520766797e-08
2225.97402,0.27597,2.01027e-07,9.500833333335e-10,9.54406026561565e-10,-5.88669429987736e-14,-3.21076173055278e-14,-2.11432950318644e-14,-1.01120106674134e-07
2236.05652,0.27722,2.01981166666667e-07,9.51000000000007e-10,9.54248136990647e-10,-1.2960372827751e-13,-2.3758899878317e-14,-2.32517177993879e-14,-1.11203867736203e-07
2246.13902,0.27847,2.02929e-07,9.5583333333301e-10,9.5414681910501e-10,6.46249065660452e-14,-2.15071077571529e-14,-2.59445610591525e-14,-1.24082683326382e-07
2256.22152,0.27972,2.03892833333333e-07,9.59916666666509e-10,9.54377386803779e-10,2.1572308167604e-13,-2.07385388536019e-14,-2.74827023688498e-14,-1.31439011329282e-07
2266.38468,0.28098,2.04848833333333e-07,9.52583333333503e-10,9.54578265268362e-10,4.38741534318523e-14,-2.6925689177746e-14,-2.72339646609717e-14,-1.30249396204647e-07
2276.46718,0.28223,2.05798e-07,9.51583333333488e-10,9.54465135110643e-10,-7.37955559527744e-14,-3.31078968338779e-14,-2.86864579179659e-14,-1.37196103085924e-07
2286.54968,0.28348,2.06752e-07,9.52083333333489e-10,9.54430674156456e-10,-2.10552145383921e-13,-3.40905912868007e-14,-3.32396001260393e-14,-1.58972000602797e-07
2296.63218,0.28473,2.07702166666667e-07,9.45083333333494e-10,9.54044030819875e-10,-4.20653166928789e-13,-3.62562828790647e-14,-3.69289941489799e-14,-1.766169285386e-07
2306.71468,0.28598,2.08642166666667e-07,9.50916666666499e-10,9.53589367822599e-10,-2.58299546235117e-13,-3.33504272149349e-14,-3.76096596437574e-14,-1.79872285252753e-07
2316.79718,0.28723,2.09604e-07,9.62916666666512e-10,9.53527431727405e-10,2.27770353421293e-14,-3.8520254825315e-14,-3.6443244602512e-14,-1.74293778533753e-07
2326.96034,0.28849,2.10568e-07,9.64000000000008e-10,9.53634921893283e-10,1.9865587744524e-13,-4.21247871691451e-14,-3.540856548988e-14,-1.6934531321247e-07
2337.04284,0.28974,2.11532e-07,9.59500000000003e-10,9.53924743482295e-10,3.65117745207854e-14,-3.01297466118381e-14,-3.23992239892215e-14,-1.54952810383233e-07
2347.12534,0.29099,2.12487e-07,9.48916666666497e-10,9.53707945442324e-10,-2.25011702792453e-13,-1.98177320596982e-14,-2.63994759614424e-14,-1.26258363293855e-07
2357.20784,0.29224,2.13429833333333e-07,9.47499999999989e-10,9.5347472007671e-10,4.02613875745416e-14,-2.3063722766785e-14,-1.90860187867479e-14,-9.12809594148813e-08
2367.29034,0.29349,2.14382e-07,9.52083333333502e-10,9.53788468217473e-10,3.76598752704906e-13,-1.73025217045413e-14,-1.00124618569715e-14,-4.78856871420376e-08
2377.37284,0.29474,2.15334e-07,9.54500000000011e-10,9.5422791758212e-10,8.24140977155943e-14,3.47865130872773e-15,-1.65385357626789e-16,-7.90973449519426e-10
2387.45534,0.29599,2.16291e-07,9.55999999999999e-10,9.53953296412905e-10,-3.17409982859056e-13,1.30218450994312e-14,8.96735979713326e-15,4.28873729428112e-08
2397.6185,0.29725,2.17246e-07,9.50999999999993e-10,9.53593097616402e-10,-1.47730790433077e-13,1.59249912203857e-14,1.8361230718613e-14,8.78145816977143e-08
2407.701,0.2985,2.18193e-07,9.565e-10,9.53657834832038e-10,1.48962415152905e-13,2.48592332607254e-14,2.78203283958718e-14,1.33053744501996e-07
2417.7835,0.29975,2.19159e-07,9.62166666666505e-10,9.53891022446708e-10,2.58232538300522e-13,3.4658040375362e-14,3.26745152268812e-14,1.56269420650301e-07
2427.866,0.301,2.20117333333333e-07,9.55499999999998e-10,9.5417429990864e-10,-4.8123022749688e-15,3.63187224492775e-14,3.22940069840838e-14,1.54449598619531e-07
2437.9485,0.30225,2.2107e-07,9.50833333333494e-10,9.53881397842158e-10,-1.77504964251885e-13,3.35165471392002e-14,2.87382040508638e-14,1.37443584591088e-07
2448.031,0.3035,2.22019e-07,9.54999999999998e-10,9.53819289980136e-10,2.66248008648582e-14,2.77229209737212e-14,2.31887615610107e-14,1.10902772683095e-07
2458.19416,0.30476,2.2298e-07,9.53000000000009e-10,9.53934647443888e-10,1.6064822156347e-13,1.34136399448604e-14,1.82128606362665e-14,8.71049856517093e-08
2468.27666,0.30601,2.23925e-07,9.46500000000001e-10,9.54140586423263e-10,1.95519717319564e-13,5.14733603864772e-15,1.31121015777398e-14,6.2710051023973e-08
2478.35916,0.30726,2.24873e-07,9.53250000000002e-10,9.54325686878527e-10,6.47674163944645e-14,1.72950693369823e-15,8.02006052424286e-15,3.83568112029006e-08
2488.44166,0.30851,2.258315e-07,9.58500000000002e-10,9.54270121256052e-10,-1.3190276110548e-13,1.00311182270865e-14,5.57670791773102e-15,2.66712117804527e-08
2498.52416,0.30976,2.2679e-07,9.5424999999999e-10,9.54061881356316e-10,-1.22238518054075e-13,1.84561269102943e-14,7.83794001454672e-15,3.74858000695713e-08
2508.60666,0.31101,2.2774e-07,9.46999999999989e-10,9.54025644219943e-10,1.23059601194388e-13,5.44622667077845e-15,1.2467878245505e-14,5.96289829132848e-08
2518.76847566666,0.312269833333333,2.28684e-07,9.50833333333507e-10,9.54308000558705e-10,1.03205433117701e-13,3.47408666636505e-15,1.42507758170372e-14,6.81558843423518e-08
2528.85232,0.31352,2.29641666666667e-07,9.51500000000007e-10,9.54232055086179e-10,-1.53734135157374e-13,1.86724559988995e-14,1.33986021576712e-14,6.40802711888623e-08
2538.93482,0.31477,2.30587e-07,9.4916666666649e-10,9.5400053228839e-10,-1.37759820902587e-13,2.4470376721838e-14,1.04729875055592e-14,5.0088201113544e-08
2549.01732,0.31602,2.3154e-07,9.61666666666504e-10,9.53956535444374e-10,-1.40251383569319e-13,9.17405008886312e-15,5.66641371040802e-15,2.71002394845601e-08
2559.09982,0.31727,2.32510333333333e-07,9.61000000000005e-10,9.53720029521251e-10,-1.12948009396083e-13,-6.73679760038178e-15,1.18771834264859e-15,5.68039207353673e-09
2569.18232,0.31852,2.33462e-07,9.52333333333496e-10,9.53730639425582e-10,6.95495179145296e-14,-5.60648124505812e-15,-4.07261413701309e-15,-1.94777197857148e-08
2579.26482,0.31977,2.34415e-07,9.56499999999986e-10,9.5385912855708e-10,1.56045437044173e-13,-6.57799299592529e-15,-8.12869303235508e-15,-3.88763579808286e-08
2589.42798,0.32103,2.35375e-07,9.57749999999994e-10,9.5404273029967e-10,1.92537392316551e-13,-1.28426918591803e-14,-5.23342802395838e-15,-2.50294383754531e-08
2599.51048,0.32228,2.363305e-07,9.5400000000001e-10,9.54244203341713e-10,1.29264913506595e-13,-2.52190982238078e-15,5.07673935719698e-15,2.42800577952899e-08
2609.59298,0.32353,2.37283e-07,9.56666666666499e-10,9.54301260126683e-10,1.44652200484679e-14,1.37266432814681e-14,1.74515781629933e-14,8.34640694751853e-08
2619.67548,0.32478,2.38243833333333e-07,9.54000000000023e-10,9.5427313378181e-10,-7.50488874718936e-14,2.80237016343623e-14,2.4746889826127e-14,1.18354690472781e-07
2629.75798,0.32603,2.39191e-07,9.42583333333505e-10,9.54151162351739e-10,5.18745233971353e-14,4.22515383015646e-14,2.5994853245517e-14,1.24323211174212e-07
2639.84048,0.32728,2.40129e-07,9.5399999999997e-10,9.54376882828605e-10,2.11282626261694e-14,3.93489139335693e-14,2.48062565098264e-14,1.18638618090474e-07
2650.00364,0.32854,2.41099e-07,9.58333333333503e-10,9.54193418876992e-10,-1.34462275471288e-13,2.0201678093912e-14,2.0093671415727e-14,9.61001676404335e-08
2660.08614,0.32979,2.42045666666667e-07,9.61000000000005e-10,9.54107958277662e-10,-1.93652932875673e-14,-7.71924601757575e-15,1.23328475746572e-14,5.89831840527083e-08
2670.16864,0.33104,2.43021e-07,9.53666666666495e-10,9.54154688290416e-10,-2.82631920724605e-14,-1.33922829242976e-14,3.89153652747325e-15,1.86116964357416e-08
2680.25114,0.33229,2.43953e-07,9.46500000000001e-10,9.54051431893517e-10,1.12224134919004e-14,4.41752408232984e-15,-4.92520418042199e-15,-2.35553243411486e-08
2690.33364,0.33354,2.44914e-07,9.60000000000004e-10,9.541771331174e-10,-2.08592871111096e-14,3.76723093329282e-17,-1.29214398430013e-14,-6.17981905534845e-08
2700.41614,0.33479,2.45873e-07,9.58333333333503e-10,9.54009713319295e-10,-3.60993453978315e-14,-1.47770398765686e-14,-1.944878396015e-14,-9.30159232876739e-08
2710.5793,0.33605,2.46830666666667e-07,9.5441666666649e-10,9.54104934426605e-10,7.13681699067179e-14,-2.5004028421687e-14,-2.58817299451171e-14,-1.23782186694038e-07
2720.6618,0.3373,2.47781833333333e-07,9.49583333332996e-10,9.54152449659108e-10,2.47089401753137e-14,-4.20743062970938e-14,-3.59759684391824e-14,-1.72058979491742e-07
2730.7443,0.33855,2.48729833333333e-07,9.47583333333523e-10,9.54154352306955e-10,2.83858826547783e-13,-5.34679473937429e-14,-4.7421036798424e-14,-2.26796262948984e-07
2740.8268,0.3398,2.49677e-07,9.51583333333502e-10,9.54720167312204e-10,2.46307957148723e-13,-5.22157752378672e-14,-5.3173687312651e-14,-2.54308939321374e-07
2750.9093,0.34105,2.50633e-07,9.57083333333495e-10,9.54646968221253e-10,-3.20243191613723e-13,-5.21012736955642e-14,-5.30842904858606e-14,-2.53881389280203e-07
2760.9918,0.3423,2.51591166666667e-07,9.56499999999986e-10,9.54079680928976e-10,-3.85227675974325e-13,-5.55269623965698e-14,-5.08453133295065e-14,-2.43173237662857e-07
2771.0743,0.34355,2.52546e-07,9.50416666666512e-10,9.53876512869304e-10,-2.91900722548564e-13,-4.98259508881079e-14,-4.77176583617581e-14,-2.28214887817104e-07
2781.23746,0.34481,2.53492e-07,9.55500000000038e-10,9.53495879483879e-10,-2.83483204602451e-13,-3.76710194649231e-14,-4.4896649432516e-14,-2.14723105981598e-07
2791.31996,0.34606,2.54457e-07,9.60166666666489e-10,9.53309546460099e-10,-6.00325035721669e-14,-3.34417243679964e-14,-4.34818651896899e-14,-2.07956746559386e-07
2801.40246,0.34731,2.55412333333333e-07,9.54499999999984e-10,9.53375814476735e-10,8.92215376642244e-14,-4.28987321191904e-14,-4.00227079400396e-14,-1.91412951017581e-07
2811.48496,0.34856,2.56366e-07,9.52833333333483e-10,9.53487989535428e-10,3.18064018057326e-13,-4.39437170705484e-14,-3.44298312730393e-14,-1.64664410436275e-07
2821.56746,0.34981,2.57318e-07,9.48333333333518e-10,9.5401194251285e-10,1.97112807394449e-13,-3.44944392164515e-14,-3.06737682052994e-14,-1.46700630547084e-07
2831.64996,0.35106,2.58262666666667e-07,9.56500000000013e-10,9.53882215150216e-10,-2.74650426203956e-13,-2.66511440708905e-14,-2.68779457491039e-14,-1.28546697060932e-07
2841.81312,0.35232,2.59231e-07,9.58166666666487e-10,9.53462641660442e-10,-1.39939938243009e-13,-9.73625130264818e-15,-2.04696014094102e-14,-9.78980936971792e-08
2851.89562,0.35357,2.60179e-07,9.55083333333492e-10,9.5360233527373e-10,3.85588197497796e-14,-5.6876230731147e-15,-1.09365551412142e-14,-5.23052637188505e-08
2861.97812,0.35482,2.61141166666667e-07,9.49083333333512e-10,9.53539759299941e-10,-1.04463483508758e-13,-1.0405526410269e-14,1.093037805972e-15,5.22757211551826e-09
2872.06062,0.35607,2.62077166666667e-07,9.48416666666509e-10,9.53393408306713e-10,1.56760817527176e-14,4.62814748632755e-15,1.3117211683098e-14,6.27344906582948e-08
2882.14312,0.35732,2.63038e-07,9.54916666666477e-10,9.53571111463447e-10,9.84308817890765e-14,2.13942656679218e-14,2.40659542089856e-14,1.15098041869062e-07
2892.22562,0.35857,2.63987e-07,9.44583333333494e-10,9.53590270070291e-10,-2.06610946242443e-14,3.83570941067193e-14,3.28287140545151e-14,1.57006893304203e-07
2902.30812,0.35982,2.64927166666667e-07,9.59916666666509e-10,9.53529789274198e-10,1.18787137498459e-13,5.25487423148577e-14,3.9191994509695e-14,1.8743997374202e-07
2912.47128,0.36108,2.65906833333333e-07,9.519166666665e-10,9.53827844345288e-10,2.47887834381479e-13,4.38868421288806e-14,4.13539093734983e-14,1.97779566568905e-07
2922.55378,0.36233,2.66831e-07,9.52583333333476e-10,9.54025564942961e-10,1.94700521695394e-14,3.45149892235285e-14,3.5116742383379e-14,1.67949637485726e-07
2932.63628,0.36358,2.67812e-07,9.65416666666502e-10,9.53866784449627e-10,-2.40062062565189e-13,2.67125818421234e-14,2.4995802111936e-14,1.19545140535346e-07
2942.71878,0.36483,2.68761833333333e-07,9.53000000000022e-10,9.53545440817831e-10,2.05261349781661e-14,1.3598778880936e-14,1.73597511439004e-14,8.30248967751758e-08
2952.80128,0.36608,2.69718e-07,9.58500000000015e-10,9.53907836719583e-10,3.52277703538198e-13,6.72742905509972e-15,1.3556372392693e-14,6.48348244867926e-08
2962.88378,0.36733,2.70678833333333e-07,9.53999999999997e-10,9.54249996224907e-10,8.00301252641922e-14,-4.23443952042649e-16,1.38978268571889e-14,6.64678675778599e-08
2973.04694,0.36859,2.71626e-07,9.53583333333477e-10,9.54067896970112e-10,-3.75263312924664e-14,1.40868122098253e-14,1.57082586758843e-14,7.5126454536838e-08
2983.12944,0.36984,2.72586e-07,9.4708333333351e-10,9.54174943562322e-10,-3.21798530789103e-14,3.28743508657135e-14,1.68176433043454e-14,8.04322071077389e-08
2993.21194,0.37109,2.73520166666667e-07,9.31000000000024e-10,9.54003537263954e-10,-2.21313053520449e-13,2.39730239015447e-14,1.45918321321711e-14,6.97870232408183e-08
3003.29444,0.37234,2.74448e-07,9.56416666666492e-10,9.53732317455281e-10,-2.63964076116121e-14,1.08071885532134e-14,8.82937516932608e-15,4.22274464619943e-08
3013.37694,0.37359,2.75433e-07,9.71500000000003e-10,9.53950744448731e-10,1.54236222796067e-13,3.70220038306867e-16,5.93890592211607e-16,2.84034631057725e-09
3023.45944,0.37484,2.76391e-07,9.52916666666501e-10,9.54040789900874e-10,-1.31742319569715e-13,-1.57178077373239e-14,-1.1296270223267e-14,-5.40256401982335e-08
3033.6226,0.3761,2.77338833333333e-07,9.62499999999993e-10,9.53687259809591e-10,-2.5494254305539e-13,-2.89965218220522e-14,-2.02834780714207e-14,-9.70079386024468e-08
3043.7051,0.37735,2.78316e-07,9.57083333333495e-10,9.53530904814763e-10,2.38623751308379e-14,-2.38807019472595e-14,-2.21244156216814e-14,-1.05812422538476e-07
3053.7876,0.3786,2.79253e-07,9.44750000000006e-10,9.53734984559853e-10,1.76764101857482e-13,-1.98411161559381e-14,-2.00384402202524e-14,-9.58360184446854e-08
3063.8701,0.37985,2.802055e-07,9.55083333333519e-10,9.53884433018478e-10,1.3360721647637e-13,-1.72713069294241e-14,-1.40928161426032e-14,-6.74004250298414e-08
3073.9526,0.3811,2.81163166666667e-07,9.40666666666507e-10,9.54002198992806e-10,1.98192496171004e-16,-1.23224000512472e-15,-5.0436395092139e-15,-2.41217541745013e-08
3084.0351,0.38235,2.82086833333333e-07,9.53416666666488e-10,9.5388482940347e-10,-5.52145386455788e-14,5.22011722789175e-15,2.3352005033309e-15,1.11683502333217e-08
3094.1176,0.3836,2.8307e-07,9.68999999999987e-10,9.53891769915515e-10,-5.17103067683902e-14,6.4074816464661e-15,5.39303901159017e-15,2.57927952728226e-08
3104.28076,0.38486,2.84024833333333e-07,9.53333333333497e-10,9.53781408789933e-10,-3.36549714169763e-14,1.38366763812611e-14,7.49491583857434e-15,3.58452496627468e-08
3114.36326,0.38611,2.84976666666667e-07,9.57083333333495e-10,9.53824459972681e-10,1.32284989473013e-13,1.18542687217493e-14,9.771116670983e-15,4.67314275568752e-08
3124.44576,0.38736,2.85939e-07,9.64166666666494e-10,9.54045978768879e-10,-6.94145582877867e-15,2.34597079587162e-15,1.0851060320767e-14,5.18963754471465e-08
3134.52826,0.38861,2.86905e-07,9.51500000000007e-10,9.53810577061023e-10,-1.63864602449325e-13,4.42114237583097e-15,1.38721340177468e-14,6.63449887805282e-08
3144.61076,0.38986,2.87842e-07,9.42999999999984e-10,9.53718249563981e-10,-1.24120402880743e-13,1.8182041427314e-14,1.86922082996304e-14,8.93975179547541e-08
3154.69326,0.39111,2.88791e-07,9.54999999999998e-10,9.53562336255262e-10,1.44416257055295e-14,2.59716917822075e-14,2.06560458825373e-14,9.87897846556132e-08
3164.85642,0.39237,2.89752e-07,9.47000000000015e-10,9.53747132815392e-10,1.43696157706766e-13,2.34404272523249e-14,1.95943673987553e-14,9.37121919070906e-08
3174.93892,0.39362,2.90685e-07,9.53500000000009e-10,9.53849728570675e-10,1.47694927029553e-13,2.38083820994449e-14,1.57967410999891e-14,7.5549631347774e-08
3185.02142,0.39487,2.91659e-07,9.59500000000016e-10,9.54042522669451e-10,2.49966967918019e-13,1.3913655353974e-14,7.15850974392884e-15,3.42363509492249e-08
3195.10392,0.39612,2.92604e-07,9.58083333333496e-10,9.54349662506511e-10,1.10421525526317e-16,-1.33404404564672e-14,-5.73557307402835e-15,-2.74310016583965e-08
3205.18642,0.39737,2.93575166666667e-07,9.48083333333511e-10,9.54042743512502e-10,-1.15773667954863e-13,-2.50530806070275e-14,-1.80161734429716e-14,-8.61643077707337e-08
3215.26892,0.39862,2.94500166666667e-07,9.46916666666494e-10,9.54118115170601e-10,4.78068585904207e-14,-2.63117522909111e-14,-2.73052722630028e-14,-1.30590432562187e-07
3225.35142,0.39987,2.95469e-07,9.61416666666498e-10,9.54138357229683e-10,-4.93461535579508e-14,-3.42320224009457e-14,-3.35513336203075e-14,-1.6046289992321e-07
3235.51458,0.40113,2.96423e-07,9.46500000000001e-10,9.54019422863486e-10,-5.94133879932941e-14,-3.84229153828247e-14,-3.2768652211025e-14,-1.5671964100925e-07
3245.59708,0.40238,2.97362e-07,9.52083333333489e-10,9.54019530453696e-10,-3.06842548337662e-13,-2.99063140739792e-14,-2.75468919142326e-14,-1.31746004807199e-07
3255.67958,0.40363,2.98327166666667e-07,9.58999999999976e-10,9.5340573776681e-10,-3.07756121319111e-13,-2.41597398342917e-14,-2.5096236109668e-14,-1.20025477046238e-07
3265.76208,0.40488,2.9928e-07,9.47916666666495e-10,9.53404018211058e-10,2.78157489405921e-13,-2.02805261950362e-14,-2.555227100183e-14,-1.22206513487013e-07
3275.84458,0.40613,3.00223e-07,9.51500000000007e-10,9.53962052745622e-10,3.35716362011257e-13,-1.24291587249577e-14,-2.64769825744738e-14,-1.26629047095309e-07
3285.92708,0.40738,3.01183e-07,9.6091666666651e-10,9.5407545093508e-10,5.33137783358127e-14,-2.66538215483622e-14,-2.90493951276977e-14,-1.38931889741163e-07
3296.09024,0.40864,3.02144833333333e-07,9.60500000000017e-10,9.54068680302294e-10,-2.16686674671759e-13,-4.31127933445222e-14,-3.31261446707866e-14,-1.58429387555936e-07
3306.17274,0.40989,3.03104e-07,9.54416666666993e-10,9.53642077585737e-10,-4.21833827866968e-13,-4.19529553576146e-14,-3.22284768737595e-14,-1.54136193744067e-07
3316.25524,0.41114,3.04053666666667e-07,9.51083333333488e-10,9.5322501264656e-10,-1.35952494196887e-13,-3.18103419402549e-14,-2.77886055408945e-14,-1.3290202649993e-07
3326.33774,0.41239,3.05006166666667e-07,9.49833333333003e-10,9.53370172597343e-10,-5.55882730093167e-15,-2.48170546199834e-14,-2.33075633470552e-14,-1.1147095513809e-07
3336.42024,0.41364,3.05953333333333e-07,9.52166666666507e-10,9.53213894991958e-10,-7.66523590615466e-14,-1.22667436537541e-14,-1.50436811362448e-14,-7.1948040216823e-08
3346.50274,0.41489,3.069105e-07,9.55916666667007e-10,9.5321686787922e-10,1.12354375708448e-13,8.97439026425607e-15,-6.81795633469732e-15,-3.26076172529002e-08
3356.6659,0.41615,3.07865166666667e-07,9.634166666665e-10,9.53438603743375e-10,7.1547486920101e-14,-1.98484893132848e-15,-1.8162161362886e-15,-8.68625108659765e-09
3366.7484,0.4174,3.08837333333333e-07,9.56916666666479e-10,9.5335996285306e-10,7.03743761700534e-14,-1.43666569173384e-14,-3.85671682799504e-16,-1.84451674382371e-09
3376.8309,0.41865,3.09779e-07,9.43833333333499e-10,9.53579352495715e-10,2.7572538449382e-13,-2.60556163501638e-15,-5.37221637224682e-15,-2.56932087368326e-08
3386.9134,0.4199,3.10725e-07,9.57e-10,9.53911413622048e-10,1.61694866623775e-13,-6.40676424800453e-15,-1.55144583517066e-14,-7.41995834212055e-08
3396.9959,0.42115,3.11693e-07,9.59000000000002e-10,9.53902742228962e-10,-1.61687316434299e-13,-1.59628484854974e-14,-2.46214549334417e-14,-1.17754784464286e-07
3407.0784,0.4224,3.12643e-07,9.50083333333513e-10,9.53588038989179e-10,-1.68662748116959e-13,-3.25037402042672e-14,-2.75075656453128e-14,-1.31557922651496e-07
3417.1609,0.42365,3.13593166666667e-07,9.52999999999996e-10,9.53565416732729e-10,-1.75962837968471e-13,-5.37340139963857e-14,-3.04692415483687e-14,-1.45722459579155e-07
3427.32406,0.42491,3.14549e-07,9.47416666666482e-10,9.53236113313242e-10,-1.13542586848406e-13,-4.57349142045752e-14,-3.87649300536664e-14,-1.85397491561013e-07
3437.40656,0.42616,3.15488e-07,9.42999999999984e-10,9.53338331559032e-10,2.54902904558472e-13,-2.91437541514263e-14,-4.68183001248423e-14,-2.23913609292724e-07
3447.48906,0.42741,3.16435e-07,9.51750000000014e-10,9.53745919122359e-10,1.96668289960227e-13,-3.50474179984047e-14,-5.39944928410342e-14,-2.58234530978859e-07
3457.57156,0.42866,3.173915e-07,9.61916666666538e-10,9.53731668138952e-10,-1.64403497242065e-13,-6.42955968156698e-14,-6.32763211271007e-14,-3.02625883651351e-07
3467.65406,0.42991,3.18358833333333e-07,9.55916666666505e-10,9.53417112127875e-10,-3.00264445399213e-13,-9.17866658220178e-14,-7.5810044974808e-14,-3.62569780314299e-07
3477.73656,0.43116,3.19303333333333e-07,9.54083333333465e-10,9.53131139248154e-10,-1.44700332967194e-13,-9.40090849057178e-14,-9.26749922421828e-14,-4.43228223766961e-07
3487.89972,0.43242,3.20267e-07,9.59000000000002e-10,9.53127711461941e-10,-2.58433562105856e-13,-1.01844004715307e-13,-1.09521326509182e-13,-5.23797648522175e-07
3497.98222,0.43367,3.21221333333333e-07,9.47750000000009e-10,9.52614272123942e-10,-3.44596329094388e-13,-1.23017799628226e-13,-1.20711162210631e-13,-5.77314254050844e-07
3508.06472,0.43492,3.221625e-07,9.48500000000004e-10,9.52438518803752e-10,9.94662015784032e-14,-1.28957761018599e-13,-1.24549050577867e-13,-5.95669372328929e-07
3518.14722,0.43617,3.23118333333333e-07,9.50249999999999e-10,9.52813204527099e-10,5.06844247112551e-14,-1.31181203757029e-13,-1.2586061886074e-13,-6.01942090203539e-07
3528.22972,0.43742,3.24063e-07,9.4733333333349e-10,9.52539887653174e-10,-3.01607435429728e-13,-1.33653698639893e-13,-1.29840491234238e-13,-6.20976262424616e-07
3538.31222,0.43867,3.25013e-07,9.44000000000012e-10,9.52209989656239e-10,-1.10507410514101e-13,-1.28089034043589e-13,-1.33823002502204e-13,-6.40023055445323e-07
3548.39472,0.43992,3.25951e-07,9.58083333333496e-10,9.52318872832146e-10,-5.8230839773478e-16,-1.24391791223437e-13,-1.38580656520788e-13,-6.62777052925508e-07
3558.55788,0.44118,3.26929166666667e-07,9.7033333333349e-10,9.52208825039444e-10,-1.5200608545068e-13,-1.40306603067648e-13,-1.46629847210646e-13,-7.01273182311785e-07
3568.64038,0.44243,3.27891666666667e-07,9.59416666666495e-10,9.52014860661245e-10,-1.74796333621497e-13,-1.61820889479422e-13,-1.53980041198711e-13,-7.36426283993835e-07
3578.72153566667,0.443679833333333,3.28848e-07,9.50166666666505e-10,9.51859232372201e-10,-2.2521272659789e-13,-1.67454395255001e-13,-1.59504689704171e-13,-7.6284851597647e-07
3588.80538,0.44493,3.29792e-07,9.43499999999998e-10,9.51564435208049e-10,-2.8619277900032e-13,-1.70568388387977e-13,-1.64264150941713e-13,-7.85611156677758e-07
3598.88788,0.44618,3.30735e-07,9.4799999999999e-10,9.512868468142e-10,-4.57230061791511e-14,-1.65550243989355e-13,-1.64531924762494e-13,-7.86891814081493e-07
3608.97038,0.44743,3.31688e-07,9.57500000000014e-10,9.51472989195691e-10,2.19010245608081e-13,-1.50870013404733e-13,-1.58439873458337e-13,-7.57755916539873e-07
3619.13354,0.44869,3.3265e-07,9.54000000000023e-10,9.51724867305416e-10,-5.07901273794227e-14,-1.47419890230825e-13,-1.51280219451352e-13,-7.23514093028205e-07
3629.21604,0.44994,3.33596e-07,9.47500000000003e-10,9.51371408940932e-10,-4.05235679176466e-13,-1.46675490374262e-13,-1.4423521818725e-13,-6.8982060872163e-07
3639.29854,0.45119,3.34545e-07,9.51499999999981e-10,9.50914395947063e-10,-2.4189675869957e-13,-1.31880383944739e-13,-1.34079591170872e-13,-6.41250218643301e-07
3649.38104,0.45244,3.35499e-07,9.50999999999993e-10,9.50887615423533e-10,-5.08146654912892e-14,-1.22842959824505e-13,-1.22958169413837e-13,-5.8806081024009e-07
3659.46354,0.45369,3.36447e-07,9.51416666666513e-10,9.50812766616081e-10,-1.51110444176888e-13,-1.1993643351591e-13,-1.10763266715564e-13,-5.29737362552697e-07
3669.54604,0.45494,3.37401833333333e-07,9.52500000000008e-10,9.50585394535179e-10,-2.48070926480501e-13,-9.4687680273044e-14,-9.45149363714656e-14,-4.52027956559183e-07
3679.7092,0.4562,3.38352e-07,9.54583333333505e-10,9.5031662476312e-10,-2.3840007701165e-13,-6.79163450984631e-14,-7.57304151930333e-14,-3.62188942227551e-07
3689.7917,0.45745,3.39311e-07,9.45249999999993e-10,9.50108594381156e-10,-1.34338641119556e-13,-5.74894876567827e-14,-5.59041995519537e-14,-2.67367910900648e-07
3699.8742,0.4587,3.402425e-07,9.39499999999993e-10,9.50047947480881e-10,-1.0211726200401e-13,-3.83572574341418e-14,-3.39626191923333e-14,-1.62429917876377e-07
3709.9567,0.45995,3.4119e-07,9.52250000000001e-10,9.49904359857148e-10,4.83013960286777e-14,-1.22050587192869e-14,-1.31020545258595e-14,-6.26619999062846e-08
3720.0392,0.4612,3.42147e-07,9.52500000000008e-10,9.50144550272938e-10,2.23411062536261e-13,7.88518791774055e-15,3.34058015035867e-15,1.59766876756284e-08
3730.1217,0.46245,3.43095e-07,9.49000000000018e-10,9.5035118198222e-10,-7.05933316738405e-14,2.66915193247955e-14,2.07011978086319e-14,9.90057286499787e-08
3740.2042,0.4637,3.44045e-07,9.53999999999997e-10,9.5000336360959e-10,-6.0443045142065e-14,4.21064348421828e-14,4.21909021844715e-14,2.01782575664864e-07
3750.36736,0.46496,3.45003e-07,9.57249999999981e-10,9.50230295891936e-10,2.62254901962629e-13,5.24922629085651e-14,6.343970142385e-14,3.03407267679283e-07
3760.44986,0.46621,3.459595e-07,9.50999999999993e-10,9.50527873413516e-10,2.21791546808655e-13,7.36703975085695e-14,8.34641000413335e-14,3.99176130632465e-07
3770.53236,0.46746,3.46905e-07,9.38249999999985e-10,9.50673878985553e-10,2.33450927533929e-13,1.10691495688654e-13,1.04182139895658e-13,4.98262408196625e-07
3780.61486,0.46871,3.47836e-07,9.47500000000003e-10,9.50994775268584e-10,2.05475281543171e-13,1.37539706111217e-13,1.25314722139128e-13,5.9933127979583e-07
3790.69736,0.46996,3.488e-07,9.52000000000021e-10,9.5108482954864e-10,9.70391785153295e-14,1.45055988506214e-13,1.45832178060521e-13,6.97458242898144e-07
3800.77986,0.47121,3.4974e-07,9.46750000000008e-10,9.51188853625614e-10,1.11008975433894e-13,1.56557678177984e-13,1.63605316486877e-13,7.82460209285064e-07
3810.94302,0.47247,3.506935e-07,9.55250000000005e-10,9.51306847499508e-10,1.24978772351113e-13,1.75829004494496e-13,1.76431703260769e-13,8.43803798203678e-07
3821.02552,0.47372,3.516505e-07,9.53583333333504e-10,9.51438811170316e-10,1.38948569268747e-13,1.89164502082141e-13,1.8427309051112e-13,8.81306085053183e-07
3831.10802,0.47497,3.52600666666667e-07,9.48999999999991e-10,9.51584744638045e-10,1.5291836618638e-13,1.94895095647622e-13,1.90256528662416e-13,9.09922528385468e-07
3841.19052,0.47622,3.535485e-07,9.519166666665e-10,9.51744647902689e-10,1.668881631036e-13,1.97151764908286e-13,1.97049166892162e-13,9.4240905904947e-07
3851.27302,0.47747,3.545045e-07,9.53666666666495e-10,9.51918520964252e-10,1.80857960021234e-13,2.0103806606142e-13,2.03048766437101e-13,9.71102796003527e-07
3861.35552,0.47872,3.55455833333333e-07,9.41249999999989e-10,9.52106363822732e-10,1.94827756938454e-13,2.03797919997385e-13,2.09041345551558e-13,9.99762956985712e-07
3871.43802,0.47997,3.56387e-07,9.46583333333496e-10,9.52308176478129e-10,2.08797553855674e-13,2.12348445335898e-13,2.17135322310566e-13,1.03847328061575e-06
3881.60118,0.48123,3.57349e-07,9.63000000000007e-10,9.52523958930443e-10,2.22767350773721e-13,2.30579550452986e-13,2.27713074396491e-13,1.08906252972235e-06
3891.68368,0.48248,3.58313e-07,9.54666666666523e-10,9.52753711179677e-10,2.36737147690941e-13,2.42423179198314e-13,2.40083864513291e-13,1.14822717810704e-06
3901.76618,0.48373,3.59258333333333e-07,9.53499999999983e-10,9.52997433225825e-10,2.50706944608161e-13,2.54471569118409e-13,2.53318127596015e-13,1.21152147980703e-06
3911.84868,0.48498,3.6022e-07,9.59333333333477e-10,9.53255125068893e-10,2.64676741525794e-13,2.6672472021322e-13,2.66897637452595e-13,1.2764669617298e-06
3921.93118,0.48623,3.61177e-07,9.57500000000014e-10,9.53526786708877e-10,2.78646538443428e-13,2.79182632482786e-13,2.79735827241926e-13,1.33786699985269e-06
3932.01368,0.48748,3.62135e-07,9.63500000000021e-10,9.5381241814578e-10,2.92616335360648e-13,2.91845305927068e-13,2.91845305927079e-13,1.39578189791212e-06
3942.17684,0.48874,3.63104e-07,9.57166666666486e-10,9.54112019379598e-10,3.06586132277867e-13,3.04712740546117e-13,3.04712740546114e-13,1.45732180261185e-06
3952.25934,0.48999,3.64049333333333e-07,9.46333333333489e-10,9.54425590410336e-10,3.20555929195501e-13,3.17784936339895e-13,3.17784936339886e-13,1.51984099988641e-06
3962.34184,0.49124,3.64996666666667e-07,9.56833333333514e-10,9.54753131237989e-10,3.34525726112307e-13,3.31061893308389e-13,3.31061893308396e-13,1.58333948973581e-06
3972.42434,0.49249,3.65963e-07,9.55666666666498e-10,9.5509464186256e-10,3.48495523030354e-13,3.44543611451651e-13,3.44543611451641e-13,1.64781727216002e-06
3982.50684,0.49374,3.66908e-07,9.52499999999982e-10,9.5545012228405e-10,3.62465319947574e-13,3.58230090769616e-13,3.58230090769626e-13,1.71327434715908e-06
3992.58934,0.49499,3.67868e-07,9.72000000000017e-10,9.55819572502455e-10,3.76435116865621e-13,3.72121331262349e-13,3.72121331262349e-13,1.77971071473297e-06
4002.7525,0.49625,3.68852e-07,9.61000000000005e-10,9.56202992517781e-10,3.90404913782841e-13,3.86217332929797e-13,3.8621733292981e-13,1.8471263748817e-06
4012.835,0.4975,3.6979e-07,9.47916666666469e-10,9.56600382330021e-10,4.04374710700061e-13,4.00518095772001e-13,4.00518095772026e-13,1.91552132760534e-06
4022.9175,0.49875,3.70747833333333e-07,9.52500000000008e-10,9.57011741939181e-10,4.18344507617695e-13,4.15023619788946e-13,4.15023619788959e-13,1.98489557290372e-06
4033,0.5,3.71695e-07,9.47166666667031e-10,9.57437071345256e-10,4.25329406075478e-13,4.29733904980607e-13,4.29733904980633e-13,2.05524911077694e-06
