wvnmbr,Voltage,Current,DerivativeY1,DerivativeY1_1,DerivativeY2,DerivativeY2_1,DerivativeY2_2,Alpha
-4033.01075466666,-0.500001333333333,-5.07786833333333e-07,1.52550000000008e-09,1.52543864468853e-09,-3.77069597069297e-11,-3.90723763700393e-11,-3.89253110464231e-11,NaN
-4022.92691033334,-0.498751166666667,-5.06261333333333e-07,1.49491666666648e-09,1.4877316849816e-09,-3.58065684315405e-11,-3.46403833559349e-11,-3.45228343688821e-11,NaN
-4012.84978766667,-0.497501833333333,-5.04797e-07,1.43408333333295e-09,1.45382550782545e-09,-3.20057858807618e-11,-3.04786285963912e-11,-3.03939932500529e-11,NaN
-4002.75115566666,-0.496249833333333,-5.03393166666667e-07,1.41850000000003e-09,1.42372011322008e-09,-2.82050033299833e-11,-2.65871120914083e-11,-2.65387876899355e-11,NaN
-3992.40919933334,-0.494967666666667,-5.0196e-07,1.43208333333353e-09,1.39741550116548e-09,-2.44042207792049e-11,-2.29658338409861e-11,-2.29572176885297e-11,NaN
-3982.34014266667,-0.493719333333333,-5.00529e-07,1.38149999999997e-09,1.37491167166167e-09,-2.06034382284262e-11,-1.96147938451246e-11,-1.96492832458357e-11,NaN
-3972.27780766667,-0.492471833333333,-4.99197e-07,1.33500000000001e-09,1.35620862470863e-09,-1.6331127206111e-11,-1.65339921038238e-11,-1.66149843618533e-11,NaN
-3962.188586,-0.491221,-4.97859e-07,1.32966666666652e-09,1.34224941724945e-09,-1.09324009323833e-11,-1.37234286170838e-11,-1.38543210365828e-11,NaN
-3952.22976466666,-0.489986333333333,-4.96537666666667e-07,1.3195833333335e-09,1.33434382284386e-09,-8.50757575757808e-12,-1.11831033849045e-11,-1.13672932700239e-11,NaN
-3942.11500066666,-0.488732333333333,-4.95219833333333e-07,1.3408333333335e-09,1.32523426573429e-09,-7.64248251748963e-12,-8.91301640728596e-12,-9.15390106217674e-12,NaN
-3931.82950633334,-0.487457166666667,-4.93856e-07,1.33191666666648e-09,1.31905885780888e-09,-2.425990676e-12,-6.91316768422813e-12,-7.21414441304132e-12,NaN
-3921.90026033334,-0.486226166666667,-4.92556e-07,1.31e-09,1.32038228438229e-09,-1.13432400934038e-12,-5.18355721573104e-12,-5.69360040774104e-12,NaN
-3911.81507166667,-0.484975833333333,-4.91236e-07,1.32299999999999e-09,1.3167902097902e-09,-5.45512820512655e-12,-3.72418500179468e-12,-4.44944911082775e-12,NaN
-3901.72450566667,-0.483724833333333,-4.8991e-07,1.3195833333335e-09,1.30947202797204e-09,-5.20046620047838e-12,-2.9762664308323e-12,-3.47215288650646e-12,NaN
-3891.66485933334,-0.482477666666667,-4.88596833333333e-07,1.30550000000004e-09,1.30638927738925e-09,-4.64131701634266e-12,-2.53316294816329e-12,-2.73540646670759e-12,NaN
-3881.59445833334,-0.481229166666667,-4.87299e-07,1.30141666666649e-09,1.30018939393935e-09,-4.75903263402443e-12,-2.18397326506124e-12,-2.19152476719831e-12,NaN
-3871.40710033334,-0.479966166666667,-4.85994e-07,1.28966666666643e-09,1.2968712121212e-09,-6.34615384606115e-13,-2.09361167817828e-12,-1.81709255167805e-12,NaN
-3861.33401066666,-0.478717333333333,-4.84719666666667e-07,1.27333333333354e-09,1.29892016317014e-09,5.17482517474106e-13,-2.05089185371791e-12,-1.59105738884498e-12,NaN
-3851.25419933334,-0.477467666666667,-4.83447333333333e-07,1.30400000000005e-09,1.29790617715615e-09,-1.66142191141803e-12,-1.91051983443217e-12,-1.484751597538e-12,NaN
-3841.18379833334,-0.476219166666667,-4.82111666666667e-07,1.31866666666649e-09,1.2955973193473e-09,-1.43793706291013e-12,-1.84495157821165e-12,-1.47265542467063e-12,NaN
-3831.095921,-0.4749685,-4.8081e-07,1.285e-09,1.29503030303033e-09,-1.96561771557414e-12,-1.71976667454805e-12,-1.51230751172072e-12,NaN
-3821.03896333334,-0.473721666666667,-4.79541666666667e-07,1.2985833333335e-09,1.29166608391615e-09,-3.58391608389908e-12,-1.56992443948772e-12,-1.55256028934034e-12,NaN
-3810.94570866666,-0.472470333333333,-4.78212833333333e-07,1.31050000000002e-09,1.28786247086253e-09,-3.87470862473603e-12,-1.60082215690544e-12,-1.56261556716567e-12,NaN
-3800.77448266667,-0.471209333333333,-4.76920666666667e-07,1.26900000000001e-09,1.28391666666668e-09,-5.97552447554127e-12,-1.46822275147983e-12,-1.52236370903419e-12,NaN
-3790.713492,-0.469962,-4.75674833333333e-07,1.26058333333348e-09,1.27591142191145e-09,-4.38141025641112e-12,-1.30200021395468e-12,-1.45130414335832e-12,NaN
-3780.62561466666,-0.468711333333333,-4.743995e-07,1.27850000000001e-09,1.27515384615386e-09,1.72086247084926e-12,-1.41205223922585e-12,-1.35184687290911e-12,NaN
-3770.54177033334,-0.467461166666667,-4.73117833333333e-07,1.26575e-09,1.27935314685314e-09,2.0798368298252e-12,-1.48158981115755e-12,-1.20911861773054e-12,NaN
-3760.45658166666,-0.466210833333333,-4.71868e-07,1.27941666666649e-09,1.27931351981351e-09,5.83041958050464e-13,-1.40936967220105e-12,-1.04071244780768e-12,NaN
-3750.37004866666,-0.464960333333333,-4.70559e-07,1.28849999999999e-09,1.28051923076924e-09,2.30973193474206e-12,-1.23457129827241e-12,-8.80031366033585e-13,NaN
-3740.220332,-0.463702,-4.69291e-07,1.28525000000001e-09,1.28393298368299e-09,1.241550116531e-12,-8.4969257795904e-13,-7.3668018534008e-13,NaN
-3730.141865,-0.4624525,-4.679885e-07,1.30600000000003e-09,1.28300233100231e-09,-2.46212121213294e-12,-4.6868957130481e-13,-6.14287616821235e-13,NaN
-3720.05398766666,-0.461201833333333,-4.66679e-07,1.28158333333351e-09,1.27900874125873e-09,-2.60285547784784e-12,-3.0479178631917e-13,-5.07399826948573e-13,NaN
-3709.988964,-0.459954,-4.65425333333333e-07,1.26349999999999e-09,1.27779662004661e-09,-2.31148018646485e-12,-1.85851885638359e-13,-4.0264414204705e-13,NaN
-3699.90780833334,-0.458704166666667,-4.64152e-07,1.26549999999997e-09,1.2743857808858e-09,-3.27768065268295e-12,-2.00137382745679e-14,-3.03443099240708e-13,NaN
-3689.81858666666,-0.457453333333333,-4.62894333333333e-07,1.2654166666665e-09,1.27124125874125e-09,-1.85897435900618e-12,1.276543585284e-13,-2.0494671000907e-13,NaN
-3679.75087433334,-0.456205166666667,-4.61621166666667e-07,1.27116666666652e-09,1.27066783216779e-09,-8.04195804385594e-14,1.94858281819123e-13,-1.07940885545122e-13,NaN
-3669.594436,-0.454946,-4.60352e-07,1.27358333333347e-09,1.27108041958037e-09,1.85402097901785e-12,-1.77116763832163e-15,-2.5477862288356e-14,NaN
-3659.51328033334,-0.453696166666667,-4.59074e-07,1.28450000000001e-09,1.27437587412582e-09,3.21765734267384e-12,-3.35374593199592e-13,4.35809095601399e-14,NaN
-3649.42674733334,-0.452445666666667,-4.57783e-07,1.27550000000003e-09,1.27751573426572e-09,3.13374125876963e-12,-4.00510793554615e-13,9.53466584321307e-14,NaN
-3639.33887,-0.451195,-4.56523e-07,1.27541666666646e-09,1.28064335664336e-09,1.18881118882599e-12,-2.46491447362004e-13,1.2613753389262e-13,NaN
-3629.27787933334,-0.449947666666667,-4.55232166666667e-07,1.28399999999997e-09,1.27989335664337e-09,-1.88111888111386e-12,-6.48393635361063e-14,1.38289240766774e-13,NaN
-3619.165804,-0.448694,-4.53955e-07,1.27808333333349e-09,1.27688111888113e-09,-2.50058275057193e-12,1.63174892738931e-13,1.24144656516175e-13,NaN
-3609.026842,-0.447437,-4.52676e-07,1.27150000000003e-09,1.27489219114222e-09,-1.37907925406991e-12,2.98527808746278e-13,8.71292537143513e-14,NaN
-3598.94165333334,-0.446186666666667,-4.51412e-07,1.28350000000004e-09,1.27412296037299e-09,3.25466200454136e-13,2.69239102287332e-13,4.07958714605002e-14,NaN
-3588.849743,-0.4449355,-4.50109e-07,1.27925e-09,1.27554312354313e-09,1.78525641025496e-12,2.70762699463742e-13,-1.1921831156935e-14,NaN
-3578.76589866666,-0.443685333333333,-4.488535e-07,1.25349999999998e-09,1.2776934731935e-09,9.48135198127073e-13,3.21275463672858e-13,-6.81403806611398e-14,NaN
-3568.688776,-0.442436,-4.47602e-07,1.27183333333347e-09,1.27743939393939e-09,-9.76981352021148e-13,1.97516074913828e-13,-1.25950228371067e-13,NaN
-3558.610309,-0.4411865,-4.46309833333333e-07,1.28750000000002e-09,1.27573951048946e-09,-1.49825174827156e-12,-1.1891416956304e-13,-2.00054284531239e-13,NaN
-3548.463281,-0.4399285,-4.45027e-07,1.28758333333301e-09,1.27444289044284e-09,-1.46824009322823e-12,-4.53663108229781e-13,-2.94122460907795e-13,NaN
-3538.37137066666,-0.438677333333333,-4.43734666666667e-07,1.28174999999996e-09,1.272803030303e-09,2.86130536154002e-13,-7.74074130383803e-13,-3.91839442923906e-13,NaN
-3528.26736133334,-0.437424666666667,-4.424635e-07,1.27633333333352e-09,1.27501515151515e-09,1.95279720281684e-12,-9.13532200494227e-13,-4.88859062021535e-13,NaN
-3518.19830466666,-0.436176333333333,-4.41182e-07,1.25441666666651e-09,1.27670862470864e-09,-1.23543123534027e-13,-7.67838192407259e-13,-5.77669256882801e-13,NaN
-3508.10505,-0.434925,-4.39954666666667e-07,1.26e-09,1.27476806526808e-09,-1.81643356640774e-12,-6.92933009022643e-13,-6.54200548491491e-13,NaN
-3498.014484,-0.433674,-4.38662e-07,1.28133333333352e-09,1.27307575757582e-09,-5.57400932357501e-13,-7.63704942402154e-13,-7.2507077345961e-13,NaN
-3487.90644166667,-0.432420833333333,-4.37392e-07,1.28283333333351e-09,1.27365326340337e-09,9.58041958017285e-13,-7.47891963107813e-13,-7.77397434259604e-13,NaN
-3477.75806933334,-0.431162666666667,-4.36096333333333e-07,1.28649999999999e-09,1.27499184149186e-09,2.40384615317743e-13,-6.58882076052807e-13,-7.94147618874563e-13,NaN
-3467.70380033334,-0.429916166666667,-4.34819e-07,1.26999999999996e-09,1.274134032634e-09,-1.44318181819701e-12,-5.42579023230563e-13,-7.72895188181886e-13,NaN
-3457.63474366667,-0.428667833333333,-4.33556333333333e-07,1.27199999999999e-09,1.27210547785546e-09,-3.80011655012481e-12,-4.33288852853613e-13,-7.2343383075167e-13,NaN
-3447.537456,-0.427416,-4.32275e-07,1.26625000000004e-09,1.26653379953375e-09,-4.43094405596681e-12,-5.07823271735915e-13,-6.49276038985195e-13,NaN
-3437.44823433334,-0.426165166666667,-4.31023833333333e-07,1.26666666666648e-09,1.26324358974353e-09,-1.86567599068142e-12,-6.81431257956288e-13,-5.54757071584089e-13,NaN
-3427.35363533334,-0.424913666666667,-4.29741666666667e-07,1.25808333333296e-09,1.26280244755239e-09,-3.6043123540173e-13,-7.09231839020416e-13,-4.56156562440801e-13,NaN
-3417.193164,-0.423654,-4.28507666666667e-07,1.24883333333355e-09,1.26252272727273e-09,2.34324009327948e-12,-7.22251050081881e-13,-3.57284631245143e-13,NaN
-3407.11873,-0.422405,-4.27244e-07,1.2613333333335e-09,1.26748892773895e-09,3.05827505828372e-12,-5.91246917335764e-13,-2.54251922457273e-13,NaN
-3397.02950833334,-0.421154166666667,-4.25985e-07,1.27299999999999e-09,1.26863927738929e-09,5.12529137528276e-13,-2.26847572717098e-13,-1.59571369073901e-13,NaN
-3386.949697,-0.4199045,-4.24698e-07,1.28750000000004e-09,1.26851398601401e-09,1.27127039627174e-12,-2.1050020830109e-14,-9.56174961228903e-14,NaN
-3376.85778666666,-0.418653333333333,-4.2341e-07,1.2715e-09,1.27118181818184e-09,1.291666666662e-12,5.51383962308289e-14,-5.55269875201838e-14,NaN
-3366.77528666667,-0.417403333333333,-4.22155e-07,1.26808333333348e-09,1.27109731934733e-09,-1.40967365971015e-12,2.27323626462796e-13,-2.44598072622526e-14,NaN
-3356.718329,-0.4161565,-4.20873833333333e-07,1.27991666666647e-09,1.26836247086242e-09,-2.91987179489153e-12,4.35664335672128e-13,-3.8287807054281e-15,NaN
-3346.54038133334,-0.414894666666667,-4.19595166666667e-07,1.24666666666651e-09,1.26525757575755e-09,-2.75116550113376e-12,4.33871209308911e-13,1.23245844959429e-14,NaN
-3336.46057,-0.413645,-4.183805e-07,1.25950000000001e-09,1.26286013986015e-09,-1.19930069929067e-12,2.52337083208499e-13,2.36670839951423e-14,NaN
-3326.357905,-0.4123925,-4.17076166666667e-07,1.27724999999997e-09,1.26285897435897e-09,2.14335664335922e-12,2.68669414331639e-14,2.99262752472815e-14,NaN
-3316.299603,-0.4111455,-4.15826e-07,1.24758333333349e-09,1.26714685314687e-09,3.31759906762621e-12,-2.20408826281307e-13,3.37111916753964e-14,NaN
-3306.18752766667,-0.409891833333333,-4.14581e-07,1.26500000000003e-09,1.26949417249422e-09,1.03962703965473e-12,-3.55017060239273e-13,2.03124844366088e-14,NaN
-3296.15342366667,-0.408647833333333,-4.13296e-07,1.28283333333351e-09,1.26922610722618e-09,7.82051282046201e-13,-3.97373005419724e-13,-8.51329424752737e-15,NaN
-3285.95262233334,-0.407383166666667,-4.12015333333333e-07,1.27599999999996e-09,1.27105827505831e-09,2.55827505806219e-13,-2.71899372771285e-13,-2.62245852864885e-14,NaN
-3275.848613,-0.4061305,-4.10744e-07,1.27866666666652e-09,1.26973776223779e-09,-1.62150349651231e-12,-1.24623548755702e-13,-2.81551428737094e-14,NaN
-3265.75939133334,-0.404879666666667,-4.09458e-07,1.27233333333354e-09,1.26781526806529e-09,-1.03583916087025e-12,-6.09833001133955e-14,-1.64680630726297e-14,NaN
-3255.69302333334,-0.403631666666667,-4.08199333333333e-07,1.25399999999999e-09,1.26766608391605e-09,-1.17074592077167e-12,1.3075065031604e-13,3.19089383661562e-14,NaN
-3245.62799966667,-0.402383833333333,-4.0695e-07,1.25166666666646e-09,1.26547377622374e-09,-2.43851981352244e-12,3.543442789075e-13,1.20556876524311e-13,NaN
-3235.490382,-0.401127,-4.05696e-07,1.26749999999997e-09,1.262789044289e-09,-2.029137529131e-12,4.4554114162252e-13,2.11444156922479e-13,NaN
-3225.30974566667,-0.399864833333333,-4.04415e-07,1.27008333333351e-09,1.26141550116548e-09,1.1506410256595e-12,3.36182505088171e-13,2.81168728588843e-13,NaN
-3215.27026433334,-0.398620166666667,-4.03155833333333e-07,1.26141666666652e-09,1.26509032634032e-09,3.44609557108973e-12,1.82228415702164e-13,3.16825629808565e-13,NaN
-3205.077529,-0.3973565,-4.01892166666667e-07,1.26791666666651e-09,1.26830769230766e-09,2.06672494171434e-12,1.51529959571181e-13,2.99007877468671e-13,NaN
-3195.01653833334,-0.396109166666667,-4.0062e-07,1.2755833333335e-09,1.26922377622375e-09,7.35722610743831e-13,2.43924980009916e-13,2.23965610733645e-13,NaN
-3184.93538266666,-0.394859333333333,-3.99341e-07,1.25974999999999e-09,1.26977913752915e-09,2.55827505830828e-13,3.26563516997567e-13,9.74158369983028e-14,NaN
-3174.874392,-0.393612,-3.981005e-07,1.2705e-09,1.26973543123541e-09,-4.43764568783583e-13,3.1187296600446e-13,-4.89413859454088e-14,NaN
-3164.78113733334,-0.392360666666667,-3.968e-07,1.29100000000001e-09,1.26889160839158e-09,-4.97377622362863e-13,2.24561332389036e-13,-1.83867775124171e-13,NaN
-3154.624699,-0.3911015,-3.955185e-07,1.2529166666665e-09,1.26874067599069e-09,8.86363636365384e-13,-1.37283425106684e-13,-3.0088589268435e-13,NaN
-3144.49649166666,-0.389845833333333,-3.94294166666667e-07,1.25825e-09,1.27066433566431e-09,6.7773892770334e-13,-5.99967906485757e-13,-3.87549786721837e-13,NaN
-3134.435501,-0.3885985,-3.93002e-07,1.28108333333349e-09,1.27009615384609e-09,-2.91958041960455e-13,-8.17085515127496e-13,-4.44527327360158e-13,NaN
-3124.18495933334,-0.387327666666667,-3.91732e-07,1.27041666666648e-09,1.27008041958039e-09,-4.38811188779643e-13,-9.6693822280921e-13,-5.02635777755745e-13,NaN
-3114.07153966667,-0.386073833333333,-3.90461166666667e-07,1.26050000000004e-09,1.26921853146854e-09,-1.28642191139465e-12,-1.08903026924845e-12,-5.91257671546802e-13,NaN
-3103.962153,-0.3848205,-3.89211e-07,1.27675000000001e-09,1.2675075757576e-09,-7.18531468521597e-13,-1.04730622839135e-12,-7.14373759959938e-13,NaN
-3093.726399,-0.3835515,-3.87907666666667e-07,1.28091666666648e-09,1.26778146853149e-09,-1.38490675992289e-12,-8.34511390378013e-13,-8.52285832613502e-13,NaN
-3083.68288466666,-0.382306333333333,-3.86649166666667e-07,1.24858333333349e-09,1.26473776223776e-09,-3.71794871797782e-12,-4.99039109036896e-13,-9.72225243203423e-13,NaN
-3073.83161,-0.381085,-3.854105e-07,1.26258333333351e-09,1.26034557109554e-09,-3.65850815851568e-12,-2.73833710571493e-13,-1.04624078768084e-12,NaN
-3063.78675133334,-0.379839666666667,-3.84124e-07,1.26475000000002e-09,1.25742074592072e-09,-2.2112470862406e-12,-3.5681463463881e-13,-1.04685550048291e-12,NaN
-3053.66929866666,-0.378585333333333,-3.82881e-07,1.2474166666665e-09,1.25592307692306e-09,-2.61684149182584e-12,-6.37602727383872e-13,-9.55772186721582e-13,NaN
-3043.58142133334,-0.377334666666667,-3.81629166666667e-07,1.25116666666648e-09,1.25218706293707e-09,-1.69055944054356e-12,-1.03390330281608e-12,-8.0300195710199e-13,NaN
-3033.49623266666,-0.376084333333333,-3.80378666666667e-07,1.25999999999997e-09,1.25254195804197e-09,3.39248251746785e-12,-1.42433645259557e-12,-6.37729493021992e-13,NaN
-3023.33845,-0.374825,-3.79109166666667e-07,1.25025e-09,1.25897202797201e-09,5.03146853145928e-12,-1.47560493451593e-12,-4.80579147632273e-13,NaN
-3013.25595,-0.373575,-3.77878166666667e-07,1.2535833333335e-09,1.26260489510489e-09,2.88403263405322e-12,-1.1880909991774e-12,-3.58820007580279e-13,NaN
-3003.14387466666,-0.372321333333333,-3.76602e-07,1.26958333333352e-09,1.26474009324011e-09,2.38053613056973e-12,-7.02812067159185e-13,-3.08357105164167e-13,NaN
-2993.07616233334,-0.371073166666667,-3.75339e-07,1.261e-09,1.26736596736603e-09,5.36713286709629e-13,-1.15771482942606e-13,-3.19489230959768e-13,NaN
-2983.012483,-0.3698255,-3.7408e-07,1.2806666666665e-09,1.26581351981353e-09,-3.23921911425564e-12,4.40996869479872e-13,-3.44859109352113e-13,NaN
-2972.90444066666,-0.368572333333333,-3.72777666666667e-07,1.28300000000003e-09,1.26088752913752e-09,-4.63986013986393e-12,8.69086348439025e-13,-3.33798852566726e-13,NaN
-2962.770856,-0.367316,-3.71514e-07,1.25400000000002e-09,1.25653379953381e-09,-5.26398601398158e-12,9.30429321085562e-13,-2.565235020503e-13,NaN
-2952.66146933334,-0.366062666666667,-3.70269666666667e-07,1.23625000000001e-09,1.25035955710955e-09,-5.44376456876589e-12,5.39716169501375e-13,-1.14827574800524e-13,NaN
-2942.79002966666,-0.364838833333333,-3.690415e-07,1.24575e-09,1.24564627039627e-09,-1.97639860138856e-12,-6.91917502762571e-14,6.89497000398351e-14,NaN
-2932.69408633334,-0.363587166666667,-3.67778166666667e-07,1.23441666666646e-09,1.24640675990677e-09,1.66754079255954e-12,-5.61057396707441e-13,2.53124351835261e-13,NaN
-2922.62099666666,-0.362338333333333,-3.66572666666667e-07,1.23591666666698e-09,1.24898135198139e-09,4.80740093241143e-12,-8.7602547211177e-13,3.88770063735574e-13,NaN
-2912.54252966666,-0.361088833333333,-3.65306333333333e-07,1.25633333333352e-09,1.2560215617716e-09,7.42773892773819e-12,-9.17884474624211e-13,4.51853543541232e-13,NaN
-2902.37533666666,-0.359828333333333,-3.6406e-07,1.26416666666649e-09,1.26383682983687e-09,6.3330419580514e-12,-3.9322201952996e-13,4.51282020743992e-13,NaN
-2892.28342633334,-0.358577166666667,-3.62778e-07,1.28149999999998e-09,1.2686876456877e-09,2.79458041957401e-12,4.28803306189156e-13,4.09476907197221e-13,NaN
-2882.21033666666,-0.357328333333333,-3.61497e-07,1.288e-09,1.26942599067602e-09,-9.3152680654135e-13,1.12382408251427e-12,3.52554059577097e-13,NaN
-2872.13590266666,-0.356079333333333,-3.60202e-07,1.27533333333352e-09,1.26682459207462e-09,-3.7593240093384e-12,1.55336644031868e-12,3.22998665914099e-13,NaN
-2862.04130366666,-0.354827833333333,-3.58946333333333e-07,1.25949999999999e-09,1.26190734265734e-09,-6.27185314686377e-12,1.62183648074568e-12,3.60217751912678e-13,NaN
-2851.95880366666,-0.353577833333333,-3.57683e-07,1.24224999999999e-09,1.25428088578089e-09,-6.11975524474539e-12,1.2944540161869e-12,4.57341831638108e-13,NaN
-2841.881681,-0.3523285,-3.56461833333333e-07,1.24500000000001e-09,1.24966783216785e-09,-2.37296037296087e-12,6.98884891269449e-13,5.65939452120573e-13,NaN
-2831.72793133334,-0.351069666666667,-3.55193e-07,1.24091666666651e-09,1.24953496503497e-09,2.1896853146712e-12,4.62832336695169e-14,6.33164759361106e-13,NaN
-2821.64677566666,-0.349819833333333,-3.5398e-07,1.23958333333351e-09,1.25404720279719e-09,6.41142191139095e-12,-4.28842325149027e-13,6.22686821737488e-13,NaN
-2811.55620966666,-0.348568833333333,-3.52713833333333e-07,1.26449999999999e-09,1.26235780885775e-09,7.56672494169969e-12,-5.16314764141475e-13,5.04869578990891e-13,NaN
-2801.48446433334,-0.347320166666667,-3.51451e-07,1.26791666666649e-09,1.26918065268059e-09,5.6287878787921e-12,-3.57611567177332e-13,2.79575881176292e-13,NaN
-2791.39927566666,-0.346069833333333,-3.50178e-07,1.28900000000001e-09,1.27361538461533e-09,2.22902097903306e-12,-5.53759445060177e-14,6.88854890607209e-15,NaN
-2781.326186,-0.344821,-3.48873e-07,1.29400000000001e-09,1.27363869463866e-09,-2.33886946385187e-12,3.89622704189784e-13,-2.38918618882278e-13,NaN
-2771.158993,-0.3435605,-3.4759e-07,1.27566666666652e-09,1.26893764568763e-09,-6.06585081584584e-12,6.29901185774874e-13,-4.10046760740172e-13,NaN
-2761.06170533334,-0.342308666666667,-3.46321666666667e-07,1.26141666666649e-09,1.26150699300697e-09,-7.36276223775243e-12,4.35907232869046e-13,-4.85095836939154e-13,NaN
-2750.97920533334,-0.341058666666667,-3.45067166666667e-07,1.24183333333349e-09,1.25421212121213e-09,-4.66783216781167e-12,-5.80660000172209e-14,-4.7214224947821e-13,NaN
-2740.89804966666,-0.339808833333333,-3.43838e-07,1.2420833333335e-09,1.25217132867134e-09,-6.58799533791294e-13,-6.23132213997995e-13,-4.10612759077635e-13,NaN
-2730.81017233334,-0.338558166666667,-3.42583e-07,1.23850000000001e-09,1.25289452214454e-09,2.29195804197803e-12,-1.11389806650435e-12,-3.50009021622382e-13,NaN
-2720.73708266666,-0.337309333333333,-3.41361e-07,1.239e-09,1.2567552447553e-09,5.55390442892482e-12,-1.3799779286689e-12,-3.31636930244885e-13,NaN
-2710.65996,-0.33606,-3.40105e-07,1.26799999999996e-09,1.26400233100239e-09,6.1736596736526e-12,-1.24789776245785e-12,-3.72324184471478e-13,NaN
-2700.49948866666,-0.334800333333333,-3.38825e-07,1.28950000000002e-09,1.2691025641026e-09,2.20629370625548e-12,-7.63109185497341e-13,-4.5397117852035e-13,NaN
-2690.40757833334,-0.333549166666667,-3.37526e-07,1.29150000000002e-09,1.2684149184149e-09,-2.96241258743475e-12,-1.75826886478668e-13,-5.46639147526244e-13,NaN
-2680.32104533334,-0.332298666666667,-3.36242e-07,1.2755833333335e-09,1.26317773892773e-09,-5.77505827503888e-12,2.32793711920271e-13,-6.02102514367158e-13,NaN
-2670.24795566666,-0.331049833333333,-3.34974833333333e-07,1.25375000000001e-09,1.25686480186483e-09,-6.53642191141229e-12,3.48478317167836e-13,-5.60906387232566e-13,NaN
-2660.16007833334,-0.329799166666667,-3.337345e-07,1.2464166666665e-09,1.25010489510491e-09,-6.43473193474053e-12,1.95991914681701e-13,-4.12491600440315e-13,NaN
-2650.076234,-0.328549,-3.32482e-07,1.22474999999998e-09,1.24399533799535e-09,-2.88315850817099e-12,-1.45299314216625e-13,-2.02949056790352e-13,NaN
-2639.917107,-0.3272895,-3.31285e-07,1.217e-09,1.24433857808857e-09,3.29079254077914e-12,-4.84389941784876e-13,6.94029373576768e-15,NaN
-2629.83191833334,-0.326039166666667,-3.30048e-07,1.24533333333351e-09,1.2505769230769e-09,7.7199883449789e-12,-6.76025528420599e-13,1.63580217430448e-13,NaN
-2619.75076266666,-0.324789333333333,-3.28794333333333e-07,1.26549999999997e-09,1.25977855477853e-09,8.81497668998885e-12,-6.23764287246009e-13,2.26952223791214e-13,NaN
-2609.67364,-0.32354,-3.27517e-07,1.28016666666651e-09,1.26820687645688e-09,6.05390442891918e-12,-3.13467563035071e-13,1.9275940374828e-13,NaN
-2599.59248433334,-0.322290166666667,-3.26234e-07,1.28900000000001e-09,1.27188636363636e-09,1.10518648015923e-12,1.90775311646635e-13,9.93867403635708e-14,NaN
-2589.504607,-0.3210395,-3.24939e-07,1.28949999999999e-09,1.2704172494172e-09,-4.67657342658612e-12,7.71344436566314e-13,3.80284920840033e-15,NaN
-2579.33472533334,-0.319778666666667,-3.23655e-07,1.26875e-09,1.26253321678319e-09,-9.22406759905547e-12,1.10879626814878e-12,-4.46048682422077e-14,NaN
-2569.25356966666,-0.318528833333333,-3.224015e-07,1.2485e-09,1.25196911421909e-09,-8.70425407925142e-12,9.3780097519591e-13,-2.58964578099097e-14,NaN
-2559.16300366666,-0.317277833333333,-3.21158e-07,1.23275000000002e-09,1.24512470862469e-09,-4.07488344985579e-12,3.8367887346344e-13,5.49166322682787e-14,NaN
-2549.07915933334,-0.316027666666667,-3.19936e-07,1.22091666666649e-09,1.24381934731938e-09,1.58857808860726e-12,-2.25171165384947e-13,1.6851827408845e-13,NaN
-2539.01010266666,-0.314779333333333,-3.18716166666667e-07,1.22500000000001e-09,1.2483018648019e-09,6.56177156177382e-12,-6.85209452377597e-13,2.59129413723217e-13,NaN
-2528.92222533334,-0.313528666666667,-3.17486e-07,1.250166666667e-09,1.25694289044292e-09,8.77243589742309e-12,-8.50338727289753e-13,2.78276544242629e-13,NaN
-2518.82359333334,-0.312276666666667,-3.16215833333333e-07,1.2809166666665e-09,1.26584673659675e-09,6.728729603718e-12,-6.14737002124892e-13,2.06118492364083e-13,NaN
-2508.67387666666,-0.311018333333333,-3.14924166666667e-07,1.29400000000001e-09,1.27040034965036e-09,1.98776223776909e-12,-1.25487708748532e-13,5.80493262989024e-14,NaN
-2498.56180133334,-0.309764666666667,-3.13627833333333e-07,1.29491666666697e-09,1.26982226107229e-09,-2.11451048948965e-12,3.8341300406216e-13,-1.14643825555841e-13,NaN
-2488.51290966666,-0.308518833333333,-3.12334333333333e-07,1.2799166666665e-09,1.26617132867138e-09,-5.33886946386541e-12,7.40678693283868e-13,-2.43659008205952e-13,NaN
-2478.43847566666,-0.307269833333333,-3.11068e-07,1.2531666666665e-09,1.25914452214456e-09,-8.26078088581313e-12,8.08997162255734e-13,-2.7423892023018e-13,NaN
-2468.35194266666,-0.306019333333333,-3.09828e-07,1.2255e-09,1.24964976689976e-09,-7.88053613054578e-12,5.77215578298144e-13,-1.97463348661638e-13,NaN
-2458.28423033334,-0.304771166666667,-3.08617e-07,1.21958333333351e-09,1.24338344988347e-09,-2.58333333332472e-12,5.0717993754672e-14,-5.86572732442725e-14,NaN
-2448.09687233334,-0.303508166666667,-3.07388833333333e-07,1.23358333333348e-09,1.24448310023311e-09,4.55710955709956e-12,-6.19024751422643e-13,7.61721936548266e-14,NaN
-2438.021094,-0.302259,-3.06149833333333e-07,1.25725e-09,1.25249766899767e-09,8.8141025641059e-12,-1.05289556659706e-12,1.58769822739892e-13,NaN
-2427.942627,-0.3010095,-3.04874333333333e-07,1.26641666666653e-09,1.26211130536132e-09,8.95804195802956e-12,-1.03897824398209e-12,1.55571486385055e-13,NaN
-2417.856094,-0.299759,-3.03617e-07,1.27416666666647e-09,1.27041375291372e-09,6.10256410253092e-12,-5.99362521538239e-13,5.85358165941702e-14,NaN
-2407.769561,-0.2985085,-3.02326e-07,1.29033333333348e-09,1.27431643356638e-09,-7.38344988364887e-13,1.06313750661385e-13,-9.29182099460638e-14,NaN
-2397.687061,-0.2972585,-3.01036333333333e-07,1.29050000000002e-09,1.26893706293699e-09,-8.14423076923068e-12,7.33704210443515e-13,-2.37456036081425e-13,NaN
-2387.523901,-0.2959985,-2.99745e-07,1.27166666666651e-09,1.25802797202792e-09,-1.03199300699088e-11,9.66819195296832e-13,-3.21888279715972e-13,NaN
-2377.433335,-0.2947475,-2.98493e-07,1.2359166666665e-09,1.24829720279718e-09,-7.80273892771307e-12,7.50961059873848e-13,-3.10482975773199e-13,NaN
-2367.358901,-0.2934985,-2.97273166666667e-07,1.2265e-09,1.24242249417249e-09,-2.71794871793523e-12,2.08267738704074e-13,-2.07224724462954e-13,NaN
-2357.28312266666,-0.292249333333333,-2.9604e-07,1.22258333333349e-09,1.24286130536131e-09,2.92336829836256e-12,-4.17626544145463e-13,-6.06004179051241e-14,NaN
-2347.189868,-0.290998,-2.94828e-07,1.22124999999999e-09,1.24826923076922e-09,7.07109557109974e-12,-8.9116043376741e-13,6.48059421338527e-14,NaN
-2337.10199066666,-0.289747333333333,-2.935975e-07,1.25399999999999e-09,1.25700349650351e-09,9.23251748253757e-12,-1.14625952951887e-12,1.0537364210213e-13,NaN
-2327.03562266666,-0.288499333333333,-2.9232e-07,1.28625000000001e-09,1.26673426573429e-09,7.80128205128708e-12,-1.03737655259153e-12,3.0035051141031e-14,NaN
-2316.87246266666,-0.287239333333333,-2.91025e-07,1.29375e-09,1.27260606060608e-09,2.55944055942703e-12,-5.03676058239034e-13,-1.33795651131446e-13,NaN
-2306.80206166666,-0.285990833333333,-2.897325e-07,1.30199999999999e-09,1.27185314685315e-09,-3.65530303031116e-12,1.77699627267717e-13,-3.24979717878524e-13,NaN
-2296.70746266666,-0.284739333333333,-2.88421e-07,1.27625e-09,1.26529545454546e-09,-8.67307692307414e-12,6.87979291243482e-13,-4.811798267055e-13,NaN
-2286.63302866666,-0.283490333333333,-2.8718e-07,1.24349999999999e-09,1.254506993007e-09,-1.07322261072377e-11,8.44652770742298e-13,-5.54138530927956e-13,NaN
-2276.53708533334,-0.282238666666667,-2.85934e-07,1.2265e-09,1.24383100233098e-09,-7.75203962705113e-12,4.99089670393799e-13,-5.24473439978671e-13,NaN
-2266.449208,-0.280988,-2.84727e-07,1.21550000000002e-09,1.2390029137529e-09,-1.44696969696587e-12,-2.20250498296487e-13,-4.14325483140523e-13,NaN
-2256.30486866666,-0.279730333333333,-2.83503e-07,1.22700000000002e-09,1.24093706293705e-09,4.3755827505875e-12,-8.9614630136517e-13,-2.71258203964395e-13,NaN
-2246.20489233334,-0.278478166666667,-2.82273e-07,1.237e-09,1.24775407925407e-09,9.09411421911736e-12,-1.36357228922506e-12,-1.48476887070955e-13,NaN
-2236.11029333334,-0.277226666666667,-2.81029e-07,1.26316666666649e-09,1.25912529137529e-09,1.00023310023338e-11,-1.45169403060774e-12,-8.52995529763089e-14,NaN
-2226.04123666666,-0.275978333333333,-2.79746666666667e-07,1.29399999999999e-09,1.26775874125874e-09,4.7934149184173e-12,-1.02000608087613e-12,-8.83163684053347e-14,NaN
-2215.93722733334,-0.274725666666667,-2.78441e-07,1.2928333333335e-09,1.26871212121212e-09,-1.36655011654675e-12,-3.59245295766103e-13,-1.35681247967944e-13,NaN
-2205.87892533334,-0.273478666666667,-2.77161e-07,1.2755e-09,1.26502564102564e-09,-6.27039627039083e-12,2.69428960735924e-13,-1.79725824295346e-13,NaN
-2195.795081,-0.2722285,-2.7589e-07,1.25949999999999e-09,1.25617132867134e-09,-9.32459207458562e-12,8.17549857552444e-13,-1.64120636563959e-13,NaN
-2185.62654366666,-0.270967833333333,-2.74642e-07,1.238e-09,1.24637645687647e-09,-8.45046620045849e-12,1.10432530432756e-12,-6.13819941386307e-14,NaN
-2175.54001066666,-0.269717333333333,-2.73414e-07,1.216e-09,1.23927039627042e-09,-3.98368298369028e-12,9.47653063524812e-13,1.13267188157113e-13,NaN
-2165.466921,-0.2684685,-2.7221e-07,1.214e-09,1.23840909090909e-09,2.52447552445111e-12,5.10458430459499e-13,3.11830102725622e-13,NaN
-2155.38307666666,-0.267218333333333,-2.70986e-07,1.23950000000002e-09,1.24431934731932e-09,8.06439393940143e-12,9.66645270941392e-15,4.82406351520452e-13,NaN
-2145.285789,-0.2659665,-2.69731e-07,1.25199999999999e-09,1.2545378787879e-09,9.14189976691851e-12,-3.02753848406935e-13,5.79833150631808e-13,NaN
-2135.211355,-0.2647175,-2.68482e-07,1.2745e-09,1.26260314685316e-09,5.68968531467403e-12,-2.48779207910498e-13,5.65903715871714e-13,NaN
-2125.044162,-0.263457,-2.67182e-07,1.29400000000001e-09,1.26591724941724e-09,2.46008158508346e-12,-1.95426393269142e-14,4.44579083771458e-13,NaN
-2114.96435066666,-0.262207333333333,-2.65894e-07,1.28749999999999e-09,1.26752331002333e-09,-1.18531468529902e-12,3.24601195903016e-13,2.70950230983699e-13,NaN
-2104.883195,-0.2609575,-2.64607e-07,1.26500000000001e-09,1.26354662004665e-09,-6.22261072261532e-12,7.00207819552701e-13,1.07954397715336e-13,NaN
-2094.79935066666,-0.259707333333333,-2.63364e-07,1.2498333333335e-09,1.2550780885781e-09,-6.88461538463657e-12,7.94439827480461e-13,-1.07708783243128e-14,NaN
-2084.71281766666,-0.258456833333333,-2.62107333333333e-07,1.22341666666648e-09,1.24977738927737e-09,-2.89860139861252e-12,5.61047824957991e-13,-7.2263660959363e-14,NaN
-2074.635695,-0.2572075,-2.60917166666667e-07,1.22575000000001e-09,1.24928088578087e-09,2.27855477862619e-13,2.06685697552377e-13,-8.08314293579542e-14,NaN
-2064.47791233334,-0.255948166666667,-2.59655833333333e-07,1.25608333333352e-09,1.2502331002331e-09,2.49592074591349e-12,-1.8377408420976e-13,-7.2229032738199e-14,NaN
-2054.37659166666,-0.254695833333333,-2.58405e-07,1.25241666666651e-09,1.2542727272727e-09,5.56847319345961e-12,-6.61093037397842e-13,-9.1694839467083e-14,NaN
-2044.29678033334,-0.253446166666667,-2.57151e-07,1.26566666666651e-09,1.26137004662002e-09,5.17977855479297e-12,-9.69389660261908e-13,-1.5960320473546e-13,NaN
-2034.22772366666,-0.252197833333333,-2.55873666666667e-07,1.28900000000001e-09,1.26463228438228e-09,1.55565268066448e-12,-8.57777214736066e-13,-2.60156832301572e-13,NaN
-2024.13312466666,-0.250946333333333,-2.54573e-07,1.2843333333335e-09,1.26448135198135e-09,-2.9868881119006e-12,-4.52873607873757e-13,-3.70384137505468e-13,NaN
-2014.051969,-0.2496965,-2.53305e-07,1.24649999999997e-09,1.25865850815848e-09,-7.16346153847241e-12,-5.83906512156526e-14,-4.70689307448701e-13,NaN
-2003.969469,-0.2484465,-2.5208e-07,1.2451666666665e-09,1.2501544289044e-09,-6.87383449882928e-12,3.10097068801984e-14,-5.21808258142354e-13,NaN
-1993.818408,-0.247188,-2.50814666666667e-07,1.24633333333351e-09,1.24491083916082e-09,-3.53467365966448e-12,-9.5313559225467e-14,-4.84731168555691e-13,NaN
-1983.735908,-0.245938,-2.49587333333333e-07,1.22425000000002e-09,1.24308508158507e-09,2.98659673665581e-13,-2.53736303951001e-13,-3.69780657973079e-13,NaN
-1973.657441,-0.2446885,-2.48366166666667e-07,1.234583333333e-09,1.24550815850816e-09,4.11771561771464e-12,-4.54987106287641e-13,-2.36607293440005e-13,NaN
-1963.55343166666,-0.243435833333333,-2.47118166666667e-07,1.24658333333349e-09,1.2513205128205e-09,6.8018648018689e-12,-5.88660518221324e-13,-1.29640598439383e-13,NaN
-1953.48168633334,-0.242187166666667,-2.45873e-07,1.26024999999998e-09,1.25911188811189e-09,5.09557109558162e-12,-4.54282287755718e-13,-6.36090497952699e-14,NaN
-1943.405908,-0.240938,-2.44597666666667e-07,1.27599999999999e-09,1.26151165501166e-09,7.0163170161064e-13,-1.87600137377785e-13,-5.13083123241255e-14,NaN
-1933.234682,-0.239677,-2.43321e-07,1.28783333333352e-09,1.26051515151512e-09,-8.61013986007479e-13,-3.16911590807493e-14,-8.3099278206312e-14,NaN
-1923.156215,-0.2384275,-2.42022e-07,1.26750000000002e-09,1.25978962703965e-09,-2.93006993002332e-12,1.92700922263388e-13,-1.09998909471902e-13,NaN
-1913.05086133334,-0.237174666666667,-2.40786e-07,1.24216666666649e-09,1.25465501165507e-09,-5.93793706295038e-12,4.94533968445071e-13,-8.23795148790194e-14,NaN
-1902.98449333334,-0.235926666666667,-2.39537666666667e-07,1.23999999999999e-09,1.24791375291375e-09,-5.7386363636595e-12,5.75472956994751e-13,4.10696192007642e-15,NaN
-1892.900649,-0.2346765,-2.38306e-07,1.22900000000002e-09,1.24317773892775e-09,-2.6130536130486e-12,2.55696541782883e-13,1.23280370803929e-13,NaN
-1882.81546033334,-0.233426166666667,-2.37079666666667e-07,1.233e-09,1.24268764568765e-09,2.31322843822911e-12,-2.73291668076391e-13,2.49517962184332e-13,NaN
-1872.72086133334,-0.232174666666667,-2.3584e-07,1.25316666666699e-09,1.24780419580421e-09,6.60606060606796e-12,-4.68509284598567e-13,3.55077905875685e-13,NaN
-1862.58189933334,-0.230917666666667,-2.34573333333333e-07,1.25191666666651e-09,1.25589976689979e-09,6.88315850816301e-12,-2.67155445200493e-13,4.02426869900694e-13,NaN
-1852.498055,-0.2296675,-2.33336166666667e-07,1.2596666666665e-09,1.26157051282053e-09,3.31701631700956e-12,7.31691496895383e-14,3.61769405987671e-13,NaN
-1842.40614466666,-0.228416333333333,-2.32054e-07,1.27833333333349e-09,1.26253379953381e-09,-5.98193473219909e-13,4.56389536389092e-13,2.48536568469738e-13,NaN
-1832.320956,-0.227166,-2.307795e-07,1.28e-09,1.26037412587409e-09,-4.1794871795181e-12,8.16855286421924e-13,1.07136500396437e-13,NaN
-1822.24786633334,-0.225917166666667,-2.29494e-07,1.26625e-09,1.25417482517477e-09,-6.01777389279131e-12,9.06391788568733e-13,-3.04795419399672e-14,NaN
-1812.168055,-0.2246675,-2.28247e-07,1.2381666666665e-09,1.24833857808851e-09,-3.28321678318961e-12,6.01870995350291e-13,-1.37251357311255e-13,NaN
-1802.00623933334,-0.223407666666667,-2.27017666666667e-07,1.228e-09,1.24760839160839e-09,-3.13228438175251e-13,2.02706609010627e-13,-1.90005360696842e-13,NaN
-1791.918362,-0.222157,-2.25791e-07,1.23075000000001e-09,1.24771212121216e-09,5.20104895109638e-13,-2.38681407156379e-13,-1.94605871083508e-13,NaN
-1781.831829,-0.2209065,-2.24556166666667e-07,1.2381666666665e-09,1.24864860139861e-09,3.02564102562554e-12,-7.70253763945604e-13,-2.03093330112107e-13,NaN
-1771.75470633334,-0.219657166666667,-2.23314666666667e-07,1.25508333333349e-09,1.25376340326341e-09,7.22639860139907e-12,-1.22186609686404e-12,-2.65127085351804e-13,NaN
-1761.67220633334,-0.218407166666667,-2.22046e-07,1.2793333333335e-09,1.26310139860141e-09,7.48426573427865e-12,-1.38914197718369e-12,-3.74069081663137e-13,NaN
-1751.58567333334,-0.217156666666667,-2.20756e-07,1.2855833333335e-09,1.26873193473197e-09,7.93414918424655e-13,-1.0859974888229e-12,-5.0240541689228e-13,NaN
-1741.417136,-0.215896,-2.19474833333333e-07,1.268e-09,1.26468822843826e-09,-6.09149184149073e-12,-4.93107440064156e-13,-6.32344891222926e-13,NaN
-1731.342702,-0.214647,-2.1822e-07,1.259583333333e-09,1.25654895104899e-09,-8.61975524474471e-12,-3.22478407270957e-14,-7.40678981785731e-13,NaN
-1721.256169,-0.2133965,-2.16955666666667e-07,1.25800000000001e-09,1.24744871794877e-09,-8.20687645688411e-12,1.15898730897698e-13,-7.75670131135179e-13,NaN
-1711.17635766666,-0.212146833333333,-2.15704e-07,1.2443333333335e-09,1.24013519813522e-09,-5.56876456879022e-12,6.8572289223573e-14,-6.98368041880099e-13,NaN
-1701.08848033334,-0.210896166666667,-2.14467e-07,1.20508333333348e-09,1.23631118881119e-09,-1.29545454547656e-12,-1.52327905591234e-13,-5.2470116933794e-13,NaN
-1690.9824545,-0.20964325,-2.13293833333333e-07,1.20450000000002e-09,1.23754428904427e-09,3.00174825174791e-12,-5.37328919072656e-13,-2.86222951999955e-13,NaN
-1680.89040973334,-0.208392066666667,-2.12058e-07,1.24450000000001e-09,1.24231468531468e-09,5.26602564104295e-12,-7.59781595220549e-13,-1.58523464178514e-14,NaN
-1670.79903713334,-0.207140966666667,-2.10804833333333e-07,1.26399999999999e-09,1.24807634032635e-09,5.80594405593063e-12,-7.05121899037185e-13,2.34043001769682e-13,NaN
-1660.6934146,-0.2058881,-2.0953e-07,1.27541666666651e-09,1.25392657342655e-09,4.82342657340521e-12,-4.96493305409015e-13,4.08158506056424e-13,NaN
-1650.6117212,-0.2046382,-2.08254e-07,1.26991666666649e-09,1.25772319347316e-09,2.7555361305318e-12,-1.30106302718421e-13,4.93200562078273e-13,NaN
-1640.5001836,-0.2033846,-2.06990166666667e-07,1.25949999999999e-09,1.25943764568761e-09,-3.79662004666308e-13,4.82917806827043e-13,5.19261445796201e-13,NaN
-1630.41660813334,-0.202134466666667,-2.05735e-07,1.25158333333351e-09,1.25696386946383e-09,-4.72377622376866e-12,1.31143018816464e-12,5.24597435527799e-13,NaN
-1620.33141946666,-0.200884133333333,-2.04487e-07,1.24850000000001e-09,1.24999009324007e-09,-5.75291375289491e-12,1.87173243020575e-12,5.32922025463938e-13,NaN
-1610.2321153,-0.19963205,-2.03238e-07,1.237e-09,1.24545804195804e-09,-2.05361305358589e-12,1.80166295057313e-12,5.50168846454114e-13,NaN
-1600.12958473334,-0.198379566666667,-2.02013e-07,1.22849999999999e-09,1.2458828671329e-09,1.91724941726003e-12,1.3401119331581e-12,5.84151841336418e-13,NaN
-1590.05770496666,-0.197130883333333,-2.00781e-07,1.24841666666649e-09,1.24929254079256e-09,3.22377622375517e-12,7.76691834741296e-13,6.26794138018535e-13,NaN
-1579.94361313334,-0.195876966666667,-1.99516166666667e-07,1.26575e-09,1.25233041958041e-09,3.14131701630012e-12,1.09377836339639e-13,6.31767092946554e-13,NaN
-1569.849283,-0.1946255,-1.982495e-07,1.2550833333335e-09,1.25557517482516e-09,3.36975524474548e-12,-4.67834138481046e-13,5.63992588389346e-13,NaN
-1559.75239863334,-0.193373716666667,-1.97006e-07,1.26475e-09,1.2590699300699e-09,2.58245920744827e-12,-6.25168068639849e-13,4.27944875816795e-13,NaN
-1549.6548421,-0.19212185,-1.9572e-07,1.27250000000001e-09,1.26074009324006e-09,5.33799533804904e-13,-4.94574169782855e-13,2.35519219819044e-13,NaN
-1539.5707289,-0.19087165,-1.94461e-07,1.25416666666651e-09,1.26013752913751e-09,-1.7666083915965e-12,-2.17860601548075e-13,3.67197890938367e-15,NaN
-1529.46026676666,-0.189618183333333,-1.93211666666667e-07,1.247e-09,1.25720687645686e-09,-2.28059440559616e-12,1.47435109178574e-13,-2.1865944276938e-13,NaN
-1519.3674154,-0.1883669,-1.91967e-07,1.25674999999999e-09,1.25557634032632e-09,-8.86072261065275e-13,4.2632202740976e-13,-3.62107650819046e-13,NaN
-1509.2663636,-0.1871146,-1.90698166666667e-07,1.25566666666649e-09,1.25543473193473e-09,-1.66025641021636e-12,5.21746450004168e-13,-3.91869666092643e-13,NaN
-1499.18157823334,-0.185864316666667,-1.89455666666667e-07,1.24658333333351e-09,1.25225582750589e-09,-2.81614219109367e-12,2.87715167275352e-13,-3.32265966952382e-13,NaN
-1489.08267736666,-0.184612283333333,-1.88205e-07,1.2558333333335e-09,1.24980244755255e-09,-5.88286713271691e-13,-2.67562863870243e-13,-2.28407311044685e-13,NaN
-1478.99170806666,-0.183361233333333,-1.86944e-07,1.25850000000001e-09,1.25107925407934e-09,7.43881118844451e-13,-7.28799195972675e-13,-1.08041141914976e-13,NaN
-1468.91646746666,-0.182112133333333,-1.85688e-07,1.2540833333335e-09,1.25129020979024e-09,-4.1462703965795e-13,-8.08590588155406e-13,-4.71736365521388e-15,NaN
-1458.79713273334,-0.180857566666667,-1.84435833333333e-07,1.24458333333349e-09,1.25025000000003e-09,1.11655011655536e-12,-7.03886411497843e-13,3.60899003241297e-14,NaN
-1448.70092053334,-0.179605866666667,-1.83198833333333e-07,1.24e-09,1.25352331002335e-09,2.9184149184006e-12,-4.65681339598061e-13,1.48661563477256e-14,NaN
-1438.60363286666,-0.178354033333333,-1.81955833333333e-07,1.25291666666651e-09,1.25608682983683e-09,8.45571095544956e-13,-3.60939383044758e-15,-3.26351560560524e-14,NaN
-1428.5240904,-0.1771044,-1.80693e-07,1.264333333333e-09,1.25521445221444e-09,-3.81410256443906e-13,4.82413094149645e-13,-7.81645224058954e-14,NaN
-1418.43459986666,-0.175853533333333,-1.79427166666667e-07,1.2575e-09,1.25532400932394e-09,-5.48368298397705e-13,7.50218292173503e-13,-9.8685605529433e-14,NaN
-1408.34121076666,-0.174602183333333,-1.78178e-07,1.25991666666701e-09,1.25411771561764e-09,-1.37762237761445e-12,6.68533157662025e-13,-7.33222833323857e-14,NaN
-1398.2354538,-0.1733493,-1.76907333333333e-07,1.26925e-09,1.25256876456871e-09,-8.99184149161873e-13,3.68722509373309e-13,4.3453747927683e-15,NaN
-1388.1485175,-0.17209875,-1.756395e-07,1.24166666666649e-09,1.25231934731932e-09,-6.71037295998214e-13,1.00706563966029e-13,1.02664114941359e-13,NaN
-1378.06292553334,-0.170848366666667,-1.74424e-07,1.23741666666649e-09,1.25122668997671e-09,-6.87645687614955e-13,-2.10858585859147e-13,1.66264074992017e-13,NaN
-1367.97330056666,-0.169597483333333,-1.73164666666667e-07,1.2481666666665e-09,1.25094405594409e-09,1.76660839159319e-12,-5.69461786198509e-13,1.66154715273863e-13,NaN
-1357.85893986666,-0.168343533333333,-1.71927666666667e-07,1.24316666666701e-09,1.2547599067599e-09,3.19784382281194e-12,-5.59406551575534e-13,1.1348895609298e-13,NaN
-1347.76998706666,-0.167092733333333,-1.70678333333333e-07,1.261e-09,1.25733974358971e-09,1.48339160840564e-12,-2.23237615843225e-13,2.43952403588974e-14,NaN
-1337.67081733334,-0.165840666666667,-1.69405666666667e-07,1.27449999999999e-09,1.25772668997671e-09,9.48717948761516e-13,2.43738950254366e-14,-8.31746007636513e-14,NaN
-1327.5712443,-0.16458855,-1.68129333333333e-07,1.26258333333351e-09,1.25923717948723e-09,-1.46853146838421e-13,2.04358805444127e-13,-1.70330660157399e-13,NaN
-1317.48135046666,-0.163337633333333,-1.668805e-07,1.2606666666665e-09,1.25743298368304e-09,-3.0783799533778e-12,3.70961622916434e-13,-2.07275803676537e-13,NaN
-1307.38231516666,-0.162085583333333,-1.65608e-07,1.26399999999999e-09,1.25308041958048e-09,-4.51893939396761e-12,3.3817962230899e-13,-1.95585464514635e-13,NaN
-1297.31231746666,-0.160837133333333,-1.643525e-07,1.2385e-09,1.2483951048951e-09,-3.71066433569368e-12,5.07088724462253e-14,-1.5285984423668e-13,NaN
-1287.200511,-0.1595835,-1.63131e-07,1.23058333333351e-09,1.24565909090909e-09,-1.03846153846277e-12,-2.92650529828364e-13,-9.37863776764714e-14,NaN
-1277.10860066666,-0.158332333333333,-1.61891333333333e-07,1.24275e-09,1.24631818181817e-09,1.77068764566164e-12,-4.84606770044956e-13,-1.92964315063564e-14,NaN
-1267.00499463334,-0.157079716666667,-1.606455e-07,1.24724999999998e-09,1.24920046620041e-09,3.29312354310195e-12,-4.52303300566515e-13,5.55418314331551e-14,NaN
-1256.93378703334,-0.155831116666667,-1.59396833333333e-07,1.24925000000001e-09,1.25290442890438e-09,4.39248251748688e-12,-2.83396844702405e-13,9.96142724590925e-14,NaN
-1246.8293744,-0.1545784,-1.58147e-07,1.260583333333e-09,1.25798543123539e-09,4.9143356643342e-12,-8.12212988284372e-14,1.1740285348665e-13,NaN
-1236.75157956666,-0.153328983333333,-1.56875666666667e-07,1.28e-09,1.26273310023305e-09,1.37004662003247e-12,1.67312816010721e-13,1.27857593458523e-13,NaN
-1226.62821183334,-0.152073916666667,-1.55587e-07,1.26525e-09,1.26072552447545e-09,-3.37004662004207e-12,3.43336430073875e-13,1.27002870314954e-13,NaN
-1216.54732503334,-0.150824116666667,-1.54345166666667e-07,1.25416666666649e-09,1.25599300699296e-09,-4.87062937058919e-12,3.96503271282078e-13,1.18178702538846e-13,NaN
-1206.4457355,-0.14957175,-1.53078666666667e-07,1.2580833333335e-09,1.25098426573427e-09,-3.91841491836999e-12,4.61747632400527e-13,1.16386192345543e-13,NaN
-1196.3680751,-0.14832235,-1.51829e-07,1.24833333333351e-09,1.24815617715622e-09,-2.2453379953163e-12,4.99124128695708e-13,1.16316430361215e-13,NaN
-1186.26567896666,-0.147069883333333,-1.50582e-07,1.23016666666649e-09,1.24649358974364e-09,-6.35780885789181e-13,4.29880184236623e-13,9.67757765623955e-14,NaN
-1176.1526626,-0.1458161,-1.49368666666667e-07,1.2275e-09,1.24688461538464e-09,3.19842657341578e-12,1.98426179302903e-13,3.97414593644356e-14,NaN
-1166.08199273334,-0.144567566666667,-1.48127e-07,1.25283333333351e-09,1.25289044289047e-09,5.69667832167834e-12,-1.46171750948911e-13,-5.09232374659827e-14,NaN
-1155.9606415,-0.14331275,-1.46863e-07,1.26133333333349e-09,1.258277972028e-09,3.87033799532083e-12,-4.16783385691337e-13,-1.47509755412272e-13,NaN
-1145.8660425,-0.14206125,-1.45604333333333e-07,1.27691666666651e-09,1.26063111888111e-09,9.88053613039212e-13,-5.67833237612904e-13,-2.30870290123653e-13,NaN
-1135.77561093334,-0.140810266666667,-1.44309166666667e-07,1.2704166666665e-09,1.26025407925408e-09,-1.73747086245939e-12,-6.17601770209953e-13,-2.9120988821434e-13,NaN
-1125.6776511,-0.13955835,-1.430635e-07,1.26508333333349e-09,1.2571561771562e-09,-3.9067599067699e-12,-5.40263504612276e-13,-3.19732033995957e-13,NaN
-1115.57686816666,-0.138306083333333,-1.41779e-07,1.26175000000001e-09,1.25244055944054e-09,-3.60489510491996e-12,-3.99275869061641e-13,-3.22003101605614e-13,NaN
-1105.48778093334,-0.137055266666667,-1.4054e-07,1.239e-09,1.24994638694636e-09,-8.26048951022248e-13,-3.15851773032093e-13,-3.05715984584948e-13,NaN
-1095.39573616666,-0.135804083333333,-1.39301e-07,1.22624999999999e-09,1.2507884615385e-09,5.21853146907812e-13,-2.6558145558901e-13,-2.58293339060537e-13,NaN
-1085.29696973334,-0.134552066666667,-1.380875e-07,1.2275e-09,1.25099009324017e-09,7.29312354306864e-13,-2.01210938824052e-13,-1.76992245791386e-13,NaN
-1075.2070759,-0.13330115,-1.36846e-07,1.25075e-09,1.25224708624711e-09,7.62820512767354e-13,-2.6898528204081e-14,-8.80200793021827e-14,NaN
-1065.09849583334,-0.132047916666667,-1.35586e-07,1.27750000000001e-09,1.25251573426571e-09,-8.96561771581141e-13,2.0333220724484e-13,-1.80995433329893e-14,NaN
-1055.00846756666,-0.130796983333333,-1.34291e-07,1.28633333333352e-09,1.25045396270395e-09,-1.54574592074035e-12,2.83122191817073e-13,2.44934815834627e-14,NaN
-1044.8970644,-0.1295434,-1.33013333333333e-07,1.2578333333335e-09,1.24942424242423e-09,-9.88636363636742e-13,2.66683220160602e-13,5.6525763687607e-14,NaN
-1034.8097248,-0.1282928,-1.31775333333333e-07,1.23358333333299e-09,1.24847668997667e-09,-9.07342657342833e-13,1.9017285452038e-13,8.79453202831292e-14,NaN
-1024.712706,-0.127041,-1.30546166666667e-07,1.22908333333301e-09,1.24760955710954e-09,-1.98426573427262e-13,9.24187808959595e-14,1.12936373276664e-13,NaN
-1014.6205268,-0.1257898,-1.29317166666667e-07,1.22858333333351e-09,1.24807983682982e-09,7.7797202796999e-13,7.4170467212717e-14,1.4241366796413e-13,NaN
-1004.53775793334,-0.124539766666667,-1.28089e-07,1.23308333333349e-09,1.24916550116548e-09,1.92803030303423e-12,1.07864599169236e-13,1.85231202265648e-13,NaN
-994.434286333336,-0.123287166666667,-1.26851e-07,1.26199999999999e-09,1.25193589743589e-09,4.72202797204162e-12,6.27270475064851e-15,2.22381720065494e-13,NaN
-984.3318902,-0.1220347,-1.25565e-07,1.28000000000001e-09,1.25860955710956e-09,5.56614219116203e-12,-1.85049378962926e-13,2.29093951443775e-13,NaN
-974.251675566664,-0.120784983333333,-1.24291e-07,1.282e-09,1.26306818181821e-09,2.62441724942178e-12,-1.34157629808096e-13,2.01153822815548e-13,NaN
-964.155060066664,-0.119533233333333,-1.23001e-07,1.27349999999999e-09,1.26385839160841e-09,-4.76107226135763e-13,1.54676643810789e-13,1.49557711144206e-13,NaN
-954.062343133336,-0.118281966666667,-1.21744e-07,1.2455e-09,1.26211596736594e-09,-4.31934731936503e-12,4.46730909995135e-13,7.82622221137825e-14,NaN
-943.955779566664,-0.117028983333333,-1.2051e-07,1.24e-09,1.25521969696968e-09,-7.39306526805276e-12,4.91326475457725e-13,-5.77761111887921e-15,NaN
-933.864272533336,-0.115777866666667,-1.19264e-07,1.25116666666651e-09,1.24732983682983e-09,-6.8292540792435e-12,3.59052340573592e-13,-7.46647184140982e-14,NaN
-923.755558033336,-0.114524616666667,-1.18007666666667e-07,1.24400000000001e-09,1.24156118881119e-09,-2.73193473193029e-12,2.66112912851479e-13,-1.07023233828523e-13,NaN
-913.678300933336,-0.113275266666667,-1.16776e-07,1.2445833333335e-09,1.24186596736597e-09,2.78292540792988e-12,4.37687352896377e-14,-1.08914776178857e-13,NaN
-903.569317566664,-0.112021983333333,-1.155185e-07,1.24274999999999e-09,1.24712703962705e-09,5.11655011655979e-12,-3.57423960903132e-13,-9.28735399303689e-14,NaN
-893.466114833336,-0.110769416666667,-1.142905e-07,1.23675e-09,1.25209906759909e-09,4.01311188810879e-12,-6.73730054165115e-13,-6.44686150631719e-14,NaN
-883.377565333336,-0.109518666666667,-1.13045e-07,1.25975e-09,1.25515326340327e-09,1.61888111887336e-12,-7.22486177269108e-13,-5.17562573046491e-14,NaN
-873.292779966664,-0.108268383333333,-1.11771e-07,1.26049999999999e-09,1.25533682983684e-09,1.22319347319901e-12,-6.45449646972024e-13,-9.59725609753497e-14,NaN
-863.193744666664,-0.107016333333333,-1.10524e-07,1.27525e-09,1.25759965034967e-09,2.11771561768766e-12,-4.74868247692716e-13,-1.86958289728805e-13,NaN
-853.101565466664,-0.105765133333333,-1.092205e-07,1.264e-09,1.25957226107222e-09,2.88170163143717e-13,-4.68380291172774e-14,-2.66971180313712e-13,NaN
-843.008176366664,-0.104513783333333,-1.07996e-07,1.24325000000001e-09,1.25817599067595e-09,-3.16695804193663e-12,4.32782884589341e-13,-3.05680746807636e-13,NaN
-832.8979831,-0.10326035,-1.06734e-07,1.2526666666665e-09,1.25323834498834e-09,-4.42016317014277e-12,5.92785131133094e-13,-3.15527898535486e-13,NaN
-822.811718966664,-0.102009883333333,-1.05490666666667e-07,1.2455833333335e-09,1.24933566433567e-09,-1.11888111887786e-12,3.42522150151778e-13,-2.92342891046718e-13,NaN
-812.709860566664,-0.100757483333333,-1.04242833333333e-07,1.2585e-09,1.25100058275059e-09,-6.87645687610302e-14,-4.31529115015848e-14,-2.18160334345799e-13,NaN
-802.621983233334,-0.0995068166666667,-1.02973666666667e-07,1.248833333333e-09,1.24919813519814e-09,-2.26544289043612e-12,-3.65194357173493e-13,-1.05181137369142e-13,NaN
-792.5236201,-0.09825485,-1.01745166666667e-07,1.232166666667e-09,1.24646969696971e-09,-5.85955710948882e-13,-6.87030044030695e-13,6.31061527604629e-15,NaN
-782.4298277,-0.09700345,-1.00509333333333e-07,1.24641666666685e-09,1.24802622377625e-09,2.48310023310501e-12,-8.55770841075252e-13,9.26202922318612e-14,NaN
-772.341009333334,-0.0957526666666667,-9.92523333333333e-08,1.27483333333315e-09,1.25143589743592e-09,2.51777389276408e-12,-5.47253257208862e-13,1.68742098722235e-13,NaN
-762.2317571,-0.09449935,-9.79596666666667e-08,1.26024999999999e-09,1.25306177156178e-09,-5.24184149188641e-13,6.36121640045316e-14,2.36525062483118e-13,NaN
-752.1557099,-0.09325015,-9.67318333333333e-08,1.22141666666671e-09,1.25038752913755e-09,-1.37616550115991e-12,4.20356874205532e-13,2.76686658752973e-13,NaN
-742.0498185,-0.09199725,-9.55168333333333e-08,1.23975000000001e-09,1.25030944055946e-09,1.16550116547207e-12,6.20591365157855e-13,3.09446918174675e-13,NaN
-731.9487667,-0.09074495,-9.42523333333333e-08,1.28191666666665e-09,1.25271853146849e-09,2.18094405577897e-13,9.36088167065861e-13,3.76139598797678e-13,NaN
-721.853629966667,-0.0894933833333333,-9.2953e-08,1.26566666666664e-09,1.25074562937061e-09,-2.01453962701427e-12,1.08661886422483e-12,4.56273853577327e-13,NaN
-711.7571489,-0.08824165,-9.1721e-08,1.2275e-09,1.24868945221446e-09,7.35343822850318e-13,9.4791871332961e-13,5.03390330100648e-13,NaN
-701.676127666667,-0.0869918333333333,-9.0498e-08,1.23566666666666e-09,1.25221631701631e-09,4.00856643355683e-12,6.36508946768415e-13,5.09969210824222e-13,NaN
-691.5836796,-0.0857406,-8.92496666666667e-08,1.26441666666665e-09,1.25670658508158e-09,2.19871794872085e-12,3.94662089117158e-13,4.68694602491128e-13,NaN
-681.490156066666,-0.0844892333333333,-8.79691666666667e-08,1.26933333333335e-09,1.25661375291375e-09,-1.0397435897365e-12,2.74865325494591e-13,3.53958893227162e-13,NaN
-671.373241133334,-0.0832349666666667,-8.6711e-08,1.2455e-09,1.2546270979021e-09,7.48193473194829e-13,-4.58193979979134e-15,1.60791054090831e-13,NaN
-661.2930265,-0.08198525,-8.54781666666667e-08,1.25670833333334e-09,1.25811013986014e-09,4.29694055943734e-12,-3.57583600778943e-13,-6.23882951804583e-14,NaN
-651.1738262,-0.0807307,-8.41975833333333e-08,1.268575e-09,1.26322097902098e-09,8.80303030300481e-13,-4.00944162921312e-13,-2.58225416899956e-13,NaN
-641.1211704,-0.0794844,-8.29410166666667e-08,1.264525e-09,1.25987074592074e-09,-4.46148018648051e-12,-3.16692166930149e-13,-4.30125959302046e-13,NaN
-631.0136658,-0.0782313,-8.16685333333333e-08,1.25738333333335e-09,1.25429801864802e-09,-3.19892191142249e-12,-5.58245785614079e-13,-5.9179253481936e-13,NaN
-620.8835764,-0.0769754,-8.042625e-08,1.2442833333333e-09,1.2534729020979e-09,-1.31567599067422e-12,-7.44980096391261e-13,-7.02381075747602e-13,NaN
-610.8067226,-0.0757261,-7.91799666666667e-08,1.25541666666665e-09,1.25166666666667e-09,-2.22843822843574e-12,-7.00973227255522e-13,-7.32434612531679e-13,NaN
-600.7334985,-0.07447725,-7.79154166666667e-08,1.2548e-09,1.24901602564103e-09,-1.3164335664354e-12,-8.06630395370542e-13,-7.1036690048718e-13,NaN
-590.644949,-0.0732265,-7.66703666666667e-08,1.23070833333335e-09,1.2490337995338e-09,-6.81293706295954e-13,-9.35754895667951e-13,-6.62123676753561e-13,NaN
-580.539326466666,-0.0719736333333333,-7.5454e-08,1.24863333333335e-09,1.24765343822844e-09,-6.31235431233705e-13,-8.5012117833839e-13,-5.81926690568491e-13,NaN
-570.4420388,-0.0707218,-7.41731e-08,1.25878333333334e-09,1.24777132867133e-09,5.23776223779573e-13,-5.6395955654686e-13,-4.70113375056002e-13,NaN
-560.3498596,-0.0694706,-7.29364333333333e-08,1.240675e-09,1.248700990676e-09,-6.21416083915906e-13,-3.18641729446322e-13,-3.49432957775404e-13,NaN
-550.249883266667,-0.0682184333333333,-7.169175e-08,1.2619333333333e-09,1.2465284965035e-09,-8.80623543125245e-13,-2.84613245048082e-13,-2.39476466437856e-13,NaN
-540.1453362,-0.0669657,-7.04125666666667e-08,1.25096666666665e-09,1.24693974358974e-09,1.62226107226118e-12,-1.83469696969681e-13,-1.28085706926815e-13,NaN
-530.054501333334,-0.0657146666666667,-6.91898166666667e-08,1.2286666666667e-09,1.24977301864802e-09,3.42278554779134e-13,2.26656329178156e-13,-5.58394284676803e-15,NaN
-519.9722702,-0.0644647,-6.79552333333333e-08,1.25265833333335e-09,1.2476243006993e-09,-7.79428904430935e-13,4.89984690832686e-13,9.51170997513843e-14,NaN
-509.8752514,-0.0632129,-6.66845e-08,1.24954166666665e-09,1.24821416083916e-09,2.36987179487068e-12,3.41606398432426e-13,1.64933997229188e-13,NaN
-499.7830722,-0.0619617,-6.545615e-08,1.24285833333335e-09,1.25236404428904e-09,9.44289044290804e-13,2.79579513079061e-13,2.3274192785047e-13,NaN
-489.6856501,-0.06070985,-6.41987833333333e-08,1.26035833333335e-09,1.25010273892774e-09,-2.26340326341715e-13,3.18764377329161e-13,2.7811132901195e-13,NaN
-479.573574766667,-0.0594561833333333,-6.29354333333333e-08,1.25909166666666e-09,1.25191136363636e-09,1.90352564102274e-12,2.18285643502652e-13,2.53988582922434e-13,NaN
-469.5045181,-0.05820785,-6.16806e-08,1.2452833333333e-09,1.25390979020979e-09,4.94755244768173e-14,1.20950834993733e-13,1.74614183417027e-13,NaN
-459.4224214,-0.0569579,-6.04448666666667e-08,1.26119166666665e-09,1.25201031468531e-09,-1.33382867132587e-12,4.85673625884352e-14,8.12608247717253e-14,NaN
-449.2899122,-0.0557017,-5.91582166666667e-08,1.2531916666667e-09,1.25124213286713e-09,-8.8717948718135e-13,-1.12183315882953e-14,-1.46120330384472e-14,NaN
-439.230534733334,-0.0544545666666667,-5.79384833333333e-08,1.22845e-09,1.25023595571095e-09,-1.06646270396463e-12,-6.24502100154929e-14,-1.18191151074108e-13,NaN
-429.114964133334,-0.0532004666666667,-5.67013166666667e-08,1.25995e-09,1.2491092074592e-09,-7.47523310020336e-13,-1.58695049716824e-13,-2.24307759611674e-13,NaN
-419.0266835,-0.05194975,-5.54185833333333e-08,1.25340833333335e-09,1.24874090909091e-09,-6.74242424222798e-14,-2.08650997151043e-13,-3.03945935979147e-13,NaN
-408.9292614,-0.0506979,-5.41945e-08,1.24594166666665e-09,1.24897435897436e-09,-4.52214452217606e-13,-2.07075543618838e-13,-3.54756471861555e-13,NaN
-398.8382921,-0.04944685,-5.29267e-08,1.24601666666665e-09,1.24783648018648e-09,-1.70075757581154e-13,-4.94771026879207e-13,-3.98208704664571e-13,NaN
-388.7271578,-0.0481933,-5.17024666666667e-08,1.25229166666665e-09,1.2486342074592e-09,1.14720279720335e-12,-8.20259309932689e-13,-4.07121231565043e-13,NaN
-378.6559502,-0.0469447,-5.04221166666667e-08,1.25305833333335e-09,1.25013088578088e-09,-6.57925407886933e-14,-6.05829172437314e-13,-3.48150228892667e-13,NaN
-368.5452192,-0.0456912,-4.919635e-08,1.2411e-09,1.24850262237762e-09,-7.54749417248867e-13,-2.66431595778598e-13,-2.41346114090188e-13,NaN
-358.4554598,-0.0444403,-4.79399166666667e-08,1.24876666666665e-09,1.24862138694638e-09,-1.26252913750762e-13,-1.14847353129197e-13,-1.07224447918761e-13,NaN
-348.3600542,-0.0431887,-4.66988166666667e-08,1.249375e-09,1.24825011655012e-09,8.39743589775105e-14,8.34401427930848e-15,6.59702268500429e-14,NaN
-338.2581958,-0.0419363,-4.54411666666667e-08,1.24925833333336e-09,1.24878933566434e-09,-6.64044289036405e-14,9.0447963470197e-14,2.77108249598046e-13,NaN
-328.1684364,-0.0406854,-4.42003e-08,1.25380833333335e-09,1.24811730769231e-09,-6.23047785549286e-13,2.37790418117e-13,4.97373466119045e-13,NaN
-318.069938833334,-0.0394334166666667,-4.293355e-08,1.24779166666665e-09,1.24754324009324e-09,3.03292540792127e-13,4.92722847201242e-13,6.92038603658144e-13,NaN
-307.9655262,-0.0381807,-4.17047166666667e-08,1.239375e-09,1.2487238927739e-09,-7.43006992981863e-14,8.61503749873105e-13,8.44011526369456e-13,NaN
-297.8596348,-0.0369278,-4.04548e-08,1.24915833333335e-09,1.24739463869464e-09,-1.76969696969516e-12,1.3162492652274e-12,9.52838828748206e-13,NaN
-287.7843942,-0.0356787,-3.92064e-08,1.255775e-09,1.24518449883451e-09,-3.76136363636916e-13,1.55524745222586e-12,9.95092581226825e-13,NaN
-277.67205,-0.034425,-3.794325e-08,1.241825e-09,1.24664236596737e-09,4.3406177156154e-12,1.39518712205683e-12,9.6900239927544e-13,NaN
-267.5839038,-0.0331743,-3.672275e-08,1.24735e-09,1.25386573426574e-09,5.6899475524468e-12,1.2312140580834e-12,9.31437982062927e-13,NaN
-257.5094698,-0.0319253,-3.544855e-08,1.25575833333335e-09,1.25802226107226e-09,1.46040209790119e-12,1.21769772417564e-12,8.98702956428957e-13,NaN
-247.400217566666,-0.0306719833333333,-3.42112333333333e-08,1.24733333333335e-09,1.25678653846154e-09,-1.61448135198417e-12,9.01957918088136e-13,8.30485634336082e-13,NaN
-237.3089794,-0.0294209,-3.29538833333333e-08,1.258575e-09,1.2547932983683e-09,-3.30710955723649e-14,3.38532549575766e-13,7.0044905330429e-13,NaN
-227.2099441,-0.02816885,-3.16940833333333e-08,1.2874333333333e-09,1.25672039627039e-09,3.41395687645605e-12,-9.87244068333731e-14,5.01822359952068e-13,NaN
-216.9721736,-0.0268996,-3.03790166666667e-08,1.27789166666665e-09,1.26162121212121e-09,3.86407342657218e-12,-2.85229524903732e-13,2.46585776594545e-13,NaN
-206.823397966666,-0.0256413833333333,-2.91383e-08,1.22375833333335e-09,1.26444854312354e-09,1.99825174825248e-12,-2.57482145873942e-13,-4.51777852182837e-14,NaN
-196.782169,-0.0243965,-2.79315e-08,1.23515e-09,1.26561771561771e-09,2.63228438231484e-13,-1.49231574384449e-13,-3.47158956890426e-13,NaN
-186.660683333334,-0.0231416666666667,-2.6668e-08,1.27595e-09,1.264975e-09,-3.21701631701314e-12,-2.4720471155911e-14,-6.13823973344363e-13,NaN
-176.592433266666,-0.0218934333333333,-2.53796e-08,1.28725e-09,1.25918368298369e-09,-7.10559440559237e-12,-5.72273324103595e-14,-8.13635023087847e-13,NaN
-166.4435232,-0.0206352,-2.40935e-08,1.27215e-09,1.25076381118882e-09,-5.79554195804281e-12,-5.00065980879232e-13,-9.48951051022679e-13,NaN
-156.3646529,-0.01938565,-2.28353e-08,1.25198333333335e-09,1.2475925990676e-09,-1.11727855478123e-12,-1.17929238877073e-12,-1.01248558181316e-12,NaN
-146.2873958,-0.0181363,-2.15895333333333e-08,1.23723333333335e-09,1.24852925407925e-09,-1.37753496503635e-12,-1.59580795356011e-12,-9.89930355755221e-13,NaN
-136.171690766666,-0.0168821833333333,-2.03608333333333e-08,1.22649166666665e-09,1.24483752913753e-09,-3.19023892774015e-12,-1.66308286431744e-12,-9.2117127348318e-13,NaN
-126.125756633334,-0.0156367166666667,-1.913655e-08,1.22166666666665e-09,1.24214877622377e-09,4.02680652678761e-13,-1.54347233764595e-12,-8.58756949405637e-13,NaN
-115.9898866,-0.0143801,-1.79175e-08,1.233925e-09,1.24564289044289e-09,4.8203379953357e-12,-1.31346677927527e-12,-8.05736473271811e-13,NaN
-105.902547,-0.0131295,-1.66687e-08,1.2633e-09,1.25178945221445e-09,5.18123543123407e-12,-9.46646484915944e-13,-7.41822826579852e-13,NaN
-95.7984032333336,-0.0118768166666667,-1.53909e-08,1.27585e-09,1.25600536130535e-09,2.64796037296147e-12,-4.00764497821014e-13,-6.47429593284304e-13,NaN
-85.7472262,-0.0106307,-1.4117e-08,1.27049166666665e-09,1.25708537296037e-09,-9.26602564098979e-13,1.04770890622904e-13,-5.12257588869899e-13,NaN
-75.6727922,-0.0093817,-1.28499166666667e-08,1.26515e-09,1.25415215617716e-09,-4.17875874125593e-12,3.58398973007521e-13,-3.415795276275e-13,NaN
-65.5193114,-0.0081229,-1.15867e-08,1.25175e-09,1.24872785547786e-09,-5.6424533799534e-12,3.82612463542957e-13,-1.57189246988345e-13,NaN
-55.4521368,-0.0068748,-1.03464166666667e-08,1.22978333333334e-09,1.24286724941725e-09,-5.54046620046599e-12,2.45963882977103e-13,8.47730343685626e-15,NaN
-45.3462454,-0.0056219,-9.12713333333333e-09,1.22000000000002e-09,1.23764692307692e-09,-2.1460664335652e-12,-3.07763926889929e-14,1.31243437953433e-13,NaN
-35.2665685,-0.00437225,-7.90641666666667e-09,1.22621666666667e-09,1.23857511655012e-09,3.1598135198146e-12,-1.87019072553235e-13,2.03057837852442e-13,NaN
-25.1147009,-0.00311365,-6.6747e-09,1.2349e-09,1.24396655011655e-09,6.39218531468477e-12,-2.9129558685671e-14,2.2698760388633e-13,NaN
-15.0680946,-0.0018681,-5.43661666666667e-09,1.25634166666667e-09,1.25135948717949e-09,6.66980186480029e-12,1.59432491019687e-13,2.11208907927812e-13,NaN
-4.9771253,-0.00061705,-4.16201666666667e-09,1.271175e-09,1.25730615384615e-09,2.6981818181811e-12,2.22000292783033e-13,1.6910616835609e-13,NaN
5.14476366666667,0.000637833333333333,-2.89426666666667e-09,1.26891666666667e-09,1.25675585081585e-09,-2.0845979020984e-12,1.74235498800708e-13,1.19754227228849e-13,NaN
15.2471598,0.0018903,-1.62418333333333e-09,1.27297333333334e-09,1.25313695804196e-09,-4.31460955710943e-12,3.46266736482658e-14,8.621313813995e-14,NaN
25.3175608,0.0031388,-3.4832e-10,1.25495e-09,1.24812663170163e-09,-4.77262237762217e-12,-1.44210950083628e-14,9.51803678057026e-14,NaN
35.4191503333334,0.00439116666666667,8.85716666666667e-10,1.23706e-09,1.24359171328671e-09,-3.41997086247036e-12,1.18701001091945e-13,1.44869023221759e-13,NaN
45.556768,0.005648,2.1258e-09,1.21284166666667e-09,1.24128668997669e-09,-2.15151515159063e-14,2.21269371530055e-13,1.96871700122654e-13,NaN
55.5733956666667,0.00688983333333333,3.3114e-09,1.20900833333334e-09,1.24354868298368e-09,3.94934731934594e-12,1.23672404085334e-13,2.18345297255501e-13,NaN
65.6346552,0.0081372,4.54381666666667e-09,1.25261666666667e-09,1.24918538461538e-09,4.86948135198283e-12,4.09355201960277e-14,1.9333802256047e-13,NaN
75.8017137666667,0.00939768333333333,5.81663333333333e-09,1.26850833333333e-09,1.25328764568765e-09,3.17018648018563e-12,6.47437676651329e-14,1.13664908149818e-13,NaN
85.874669,0.0106465,7.08083333333333e-09,1.27495833333334e-09,1.25552575757575e-09,7.40815850813319e-13,1.16196488857217e-13,-2.26439439773684e-14,NaN
95.997499,0.0119015,8.36655e-09,1.27811666666667e-09,1.25476927738927e-09,-1.42829254079123e-12,1.14380471380533e-13,-2.04283266835479e-13,NaN
106.112935166666,0.0131555833333333,9.63706666666667e-09,1.26549166666665e-09,1.25266917249417e-09,-3.92586829836645e-12,4.87770537033845e-14,-4.00601426247814e-13,-1.91591986466346e-06
116.1915366,0.0144051,1.08975333333333e-08,1.24010000000002e-09,1.24691754079254e-09,-6.8002039627029e-12,-1.35874170916524e-14,-5.77989760514168e-13,-2.76429885463298e-06
126.2421759,0.01565115,1.21172666666667e-08,1.214075e-09,1.23906876456877e-09,-4.09155011654955e-12,-3.44405943492982e-13,-7.26242562564561e-13,-3.47333399487399e-06
136.3831544,0.0169084,1.33256833333333e-08,1.2117333333333e-09,1.23873444055944e-09,2.76220862470772e-12,-9.16296235487494e-13,-8.37000066122159e-13,-4.00304379449728e-06
146.483668466666,0.0181606333333333,1.45407333333333e-08,1.2324166666667e-09,1.24459318181818e-09,5.47409673659593e-12,-1.29228452529726e-12,-8.83161732585916e-13,-4.22381698193264e-06
156.5828382,0.0194127,1.57905166666667e-08,1.25623333333335e-09,1.24968263403263e-09,3.49466783216701e-12,-1.4584381304683e-12,-8.75435077598381e-13,-4.18686341460095e-06
166.651357133334,0.0206609666666667,1.70532e-08,1.26549166666665e-09,1.25158251748252e-09,2.04758158507987e-12,-1.65160334560754e-12,-8.57559437722925e-13,-4.10137122389225e-06
176.7631636,0.0219146,1.83215e-08,1.275575e-09,1.25377779720279e-09,1.95291375291391e-12,-1.69761448937522e-12,-8.34562759115845e-13,-3.99138710881491e-06
186.8565527,0.02316595,1.960435e-08,1.28181666666665e-09,1.25548834498834e-09,-1.76384032633624e-12,-1.23721799488766e-12,-7.84463282245779e-13,-3.75178091508851e-06
196.964191733334,0.0244190666666667,2.08851333333333e-08,1.256225e-09,1.25025011655012e-09,-7.72954545454389e-12,-4.79255866355931e-13,-6.97025434830242e-13,-3.33359990570985e-06
207.022897033334,0.0256661166666667,2.21168e-08,1.207975e-09,1.24002925407926e-09,-9.97284382284493e-12,1.45572700246769e-13,-5.68715617326671e-13,-2.71994425677973e-06
217.143844966666,0.0269208833333333,2.33010833333333e-08,1.2024e-09,1.23030442890443e-09,-6.82712703962771e-12,4.17653910341033e-13,-3.84650416849844e-13,-1.8396324284123e-06
227.221370933334,0.0281702666666667,2.45216e-08,1.23533333333335e-09,1.226375e-09,-1.9937937062961e-12,4.82430027138997e-13,-1.24787135956396e-13,-5.9680804153059e-07
237.309517133334,0.0294209666666667,2.577175e-08,1.23895833333335e-09,1.22631684149184e-09,1.3704254079266e-12,4.7169069738656e-13,1.86919125217004e-13,8.93961033646541e-07
247.2971072,0.0306592,2.69995166666667e-08,1.21905833333335e-09,1.22911585081585e-09,5.95212703963065e-12,2.05042430999096e-13,4.78386019703136e-13,2.28793313771065e-06
257.350704033334,0.0319056166666667,2.82098666666667e-08,1.2321083333333e-09,1.2382210955711e-09,8.93461538461404e-12,-6.41402317448701e-15,7.07845608544315e-13,3.38534856260325e-06
267.4435554,0.0331569,2.94637333333333e-08,1.2526583333333e-09,1.24698508158508e-09,5.46800699300286e-12,1.87957490175371e-13,8.63545790309768e-13,4.13000160582932e-06
277.534928,0.034408,3.07151833333333e-08,1.2663e-09,1.24915710955711e-09,1.16270396270422e-12,5.51921674943613e-13,9.02654404945732e-13,4.3170428062622e-06
287.655203766666,0.0356626833333333,3.19963333333333e-08,1.2522916666667e-09,1.24931048951049e-09,1.81923076923318e-12,8.37425385403694e-13,8.16427299769525e-13,3.90465230324555e-06
297.7370316,0.0369126,3.32197666666667e-08,1.2438416666667e-09,1.25279557109557e-09,2.75544871794863e-12,1.12918756686138e-12,6.77477638702244e-13,3.24011044596725e-06
307.826791,0.0381635,3.44840166666667e-08,1.25526666666665e-09,1.25482138694639e-09,-7.69609557106209e-13,1.42326671396182e-12,5.46932665114089e-13,2.61576492011086e-06
317.9221966,0.0394151,3.57303e-08,1.2425833333333e-09,1.25125635198136e-09,-4.17412587412329e-12,1.45105980090702e-12,4.34960348997404e-13,2.08024514737889e-06
328.0176022,0.0406667,3.69691833333333e-08,1.24638333333335e-09,1.24647313519814e-09,-3.55250582750874e-12,1.02031736540382e-12,3.42696092388851e-13,1.63898131142494e-06
338.1162342,0.0419187,3.82230666666667e-08,1.2580416666667e-09,1.24415134032634e-09,2.03700466197339e-13,2.21563578932574e-13,2.72056905778421e-13,1.3011417232881e-06
348.2059936,0.0431696,3.94852666666667e-08,1.2510083333333e-09,1.24688053613054e-09,2.05058275058037e-12,-4.03510067228005e-13,2.05943731807491e-13,9.84948282557566e-07
358.314573666666,0.0444228333333333,4.07250833333333e-08,1.2347e-09,1.2482525058275e-09,4.14306526807957e-13,-7.3017434095773e-13,1.17417881868358e-13,5.61563782848669e-07
368.3968048,0.0456728,4.19546666666667e-08,1.2364916666667e-09,1.24770914918415e-09,-3.0897435897241e-13,-9.72251303447808e-13,2.61464434526818e-15,1.25048207817174e-08
378.4958401,0.04692485,4.31980666666667e-08,1.24751666666665e-09,1.24763455710956e-09,-1.08834498834907e-12,-7.70806070741305e-13,-1.15352459036227e-13,-5.5168567365152e-07
388.5811632,0.0481752,4.44497e-08,1.257925e-09,1.24553245920745e-09,-2.01223776224197e-12,-2.21850219024423e-13,-2.17077782528448e-13,-1.03819809035345e-06
398.6761655,0.04942675,4.57139166666667e-08,1.25989166666665e-09,1.24361008158507e-09,-1.17380536130401e-12,6.80202020197641e-14,-2.91024319028287e-13,-1.39185543883094e-06
408.7824602,0.0506797,4.69694833333333e-08,1.23841666666665e-09,1.24318484848485e-09,-2.53846153847202e-13,1.29034024751116e-13,-3.00184810163654e-13,-1.43566648339139e-06
418.8762526,0.0519311,4.819075e-08,1.23573333333335e-09,1.24310238927738e-09,-6.46707459210646e-13,2.60579383579332e-13,-2.24386271137035e-13,-1.07315173152495e-06
428.9805308,0.0531838,4.944095e-08,1.23571666666665e-09,1.24189143356642e-09,2.59090909094485e-13,2.60181643638205e-13,-9.52871624368567e-14,-4.55721211654532e-07
439.068139266667,0.0544344333333333,5.06621833333333e-08,1.23954166666665e-09,1.24362057109557e-09,1.71509324009667e-12,6.69251095125488e-14,4.809793398155e-14,2.30033597303065e-07
449.1705354,0.0556869,5.19200333333333e-08,1.2441e-09,1.24532162004662e-09,2.48889860139901e-12,3.07418105342547e-15,1.77839880934329e-13,8.50538560990269e-07
459.2441628,0.0569358,5.31503833333333e-08,1.24605e-09,1.24859836829837e-09,4.00355477855569e-12,-1.03161041845785e-14,2.72445139453994e-13,1.30299849304084e-06
469.352474,0.058189,5.44121333333333e-08,1.254875e-09,1.25332872960373e-09,1.57730186480164e-12,-2.48489014998779e-14,2.99626194294288e-13,1.43299484227703e-06
479.4277146,0.0594381,5.56601333333333e-08,1.26270833333335e-09,1.25175297202797e-09,-8.55536130534005e-13,6.44763915645406e-14,2.43672263430184e-13,1.16538908597045e-06
489.5465116,0.0606926,5.693755e-08,1.26825e-09,1.25161765734266e-09,3.13228438268205e-14,2.6180567661101e-13,1.41323120118304e-13,6.75893183174497e-07
499.6088466,0.0619401,5.81966333333333e-08,1.24156666666665e-09,1.25181561771562e-09,-2.45139860139832e-12,4.87732497776814e-13,3.69705441483065e-14,1.76815645926683e-07
509.706672,0.063192,5.94206833333333e-08,1.243275e-09,1.24671486013986e-09,-3.99038461538497e-12,3.9622814544617e-13,-5.22902305241407e-14,-2.50083711202412e-07
519.837568,0.064448,6.06831833333333e-08,1.23860833333335e-09,1.24383484848485e-09,-1.53307109557024e-12,1.13419631093858e-13,-1.09431312409018e-13,-5.23367146303999e-07
529.899365266667,0.0656954333333333,6.18979e-08,1.22740833333335e-09,1.24364871794872e-09,-1.16908508158541e-12,5.06705629315242e-14,-1.13186386125378e-13,-5.41326194512677e-07
539.9908723,0.06694655,6.3138e-08,1.26093333333335e-09,1.24149667832168e-09,-1.37074592074557e-12,6.1865027080829e-15,-8.59913705025638e-14,-4.11263076316609e-07
550.086009033334,0.0681981166666667,6.44197666666667e-08,1.2449e-09,1.24090722610723e-09,3.3378205128215e-12,-3.65159403399007e-13,-5.99097091755889e-14,-2.86524696057164e-07
560.171601,0.0694485,6.56278e-08,1.22529166666665e-09,1.24817231934733e-09,5.39283216783133e-12,-7.55854920442469e-13,-1.34947473020338e-14,-6.45400957923356e-08
570.297791833334,0.0707039166666667,6.687035e-08,1.26598333333335e-09,1.25169289044289e-09,6.62878787858923e-14,-6.90432412193963e-13,7.02820936138742e-14,3.36131752066355e-07
580.386879066667,0.0719547333333333,6.81597666666667e-08,1.258325e-09,1.2483048951049e-09,-2.11150932401106e-12,-3.70170281410117e-13,1.51554047012965e-13,7.24823703105485e-07
590.4880653,0.07320705,6.9387e-08,1.232575e-09,1.24746987179487e-09,6.23688811184545e-13,2.15175331907942e-14,1.83221770882547e-13,8.7627803465566e-07
600.5951666,0.0744601,7.06249166666667e-08,1.256725e-09,1.24955227272727e-09,1.54909673659235e-12,4.97849853044628e-13,1.77293361291745e-13,8.47924771395302e-07
610.705091,0.0757135,7.190045e-08,1.271475e-09,1.25056806526806e-09,-1.42485431235204e-12,8.37669645168572e-13,1.70299471219657e-13,8.14475731920099e-07
620.7900108,0.0769638,7.31678666666667e-08,1.224525e-09,1.24670256410256e-09,-3.61558857808473e-12,8.45139944595746e-13,1.4648754868611e-13,7.00592624150961e-07
630.900876233334,0.0782173166666667,7.43495e-08,1.21706666666665e-09,1.24333688811189e-09,-1.21299533800589e-13,5.86193979932933e-13,8.42928875636717e-14,4.03139897043647e-07
640.984855,0.0794675,7.5602e-08,1.27679166666665e-09,1.24645996503496e-09,1.88033216783072e-12,4.18370651892674e-13,1.43845859195975e-14,6.87958457024228e-08
651.095586,0.080721,7.69030833333333e-08,1.26611666666665e-09,1.24709755244755e-09,-1.52062937062746e-12,4.00301386214898e-13,-4.10624808409087e-14,-1.96385777934781e-07
661.174053,0.0819705,7.81342333333333e-08,1.21331666666671e-09,1.24341870629371e-09,-1.92453379953342e-12,5.8183338400387e-14,-1.14875201552952e-13,-5.49403137861944e-07
671.2831708,0.0832238,7.93297166666667e-08,1.23681666666671e-09,1.24324848484848e-09,3.09053030302823e-12,-7.59613763050037e-13,-2.30502987716266e-13,-1.10240559342562e-06
681.3801896,0.0844756,8.06078666666667e-08,1.2735583333333e-09,1.24959976689976e-09,5.89184149184267e-12,-1.33264240509966e-12,-3.49794782004674e-13,-1.67293156610931e-06
691.451531633334,0.0857242166666667,8.18768333333333e-08,1.25180833333329e-09,1.25503216783217e-09,1.3986596736622e-12,-1.17978973683168e-12,-4.40802363231312e-13,-2.1081852154541e-06
701.557154166666,0.0869770833333333,8.31114833333333e-08,1.2300666666667e-09,1.25239708624709e-09,-1.4847902097907e-12,-8.45956465432407e-13,-5.21690352514238e-13,-2.49504081637244e-06
711.6478546,0.0882281,8.43369666666667e-08,1.248425e-09,1.25206258741259e-09,-3.94959207460683e-13,-7.28524700740061e-13,-5.98653485090044e-13,-2.86312536347412e-06
721.7472932,0.0894802,8.56083333333333e-08,1.2655583333333e-09,1.25160716783217e-09,-4.00285547785323e-12,-5.59681964570499e-13,-6.37086622485801e-13,-3.04693602058427e-06
731.840413433334,0.0907315166666667,8.68680833333333e-08,1.27365833333335e-09,1.24405687645688e-09,-5.85766317015712e-12,-2.10452569166484e-13,-6.23053191051422e-13,-2.97981960937637e-06
741.936760066666,0.0919832333333333,8.815565e-08,1.2571166666667e-09,1.23989184149185e-09,-6.67540792539385e-13,5.04905239968531e-15,-5.77975400196987e-13,-2.76423017485516e-06
752.047491066667,0.0932367333333333,8.93823166666667e-08,1.203175e-09,1.2427217948718e-09,1.16963869463316e-12,-5.01894924707685e-14,-4.86766324691076e-13,-2.32801285721819e-06
762.1208496,0.0944856,9.0562e-08,1.212975e-09,1.24223111888112e-09,-3.35853729604459e-12,-1.03694295238126e-13,-3.17907819680117e-13,-1.52042870281795e-06
772.240990933334,0.0957402666666667,9.18082666666667e-08,1.23808333333335e-09,1.23600472027971e-09,-6.1378205128238e-12,-4.51097316556626e-14,-1.12415803930348e-13,-5.37640801406012e-07
782.3277928,0.0969908,9.30381666666667e-08,1.24836666666665e-09,1.22995547785547e-09,-2.33033216781752e-12,-1.78306521181155e-13,5.12669736990629e-14,2.4518987421291e-07
792.410023933334,0.0982407666666667,9.4305e-08,1.26016666666665e-09,1.23134405594408e-09,5.84047202800158e-12,-5.43266066467358e-13,1.56839664350174e-13,7.5010274254431e-07
802.512420066667,0.0994932333333333,9.55585e-08,1.24522499999999e-09,1.24163642191147e-09,1.02633741258792e-11,-4.85320383323858e-13,2.54916324693903e-13,1.21916503114475e-06
812.613068566664,0.100745483333333,9.679545e-08,1.22083333333335e-09,1.25187080419584e-09,5.11858974356285e-12,1.25791820093627e-13,3.68357319108446e-13,1.76170891747518e-06
822.7061888,0.1019968,9.80001666666667e-08,1.22710833333336e-09,1.2518736013986e-09,-1.42479603730852e-12,5.87007409656482e-13,4.51459459401974e-13,2.15915393627031e-06
832.781698266664,0.103245933333333,9.92496666666667e-08,1.25100000000015e-09,1.24902121212122e-09,-9.41113053610211e-13,7.69011880226983e-13,4.80541163418581e-13,2.29824034678452e-06
842.882212333336,0.104498166666667,1.00502166666667e-07,1.28425000000015e-09,1.24999137529138e-09,5.21678321656795e-13,1.02502676711354e-12,4.92477314907491e-13,2.355326288688e-06
852.985280633336,0.105750716666667,1.01818166666667e-07,1.27491666666651e-09,1.25006456876453e-09,-1.27948717952041e-12,1.13076593696265e-12,5.10715390313539e-13,2.44255186671693e-06
863.085256966664,0.107002883333333,1.03052e-07,1.23433333333299e-09,1.24743240093234e-09,-2.80238927740131e-12,8.34606432216441e-13,5.16640396442611e-13,2.47088885255162e-06
873.1844267,0.10825495,1.04286833333333e-07,1.22525e-09,1.24445979020973e-09,-2.51990093239672e-12,5.30804589935994e-13,4.99040935000543e-13,2.38671751521999e-06
883.2737828,0.1095058,1.055025e-07,1.2423333333335e-09,1.24239259906754e-09,-3.03030303022876e-13,4.3823753702021e-13,4.69416350509574e-13,2.2450347198284e-06
893.375506766664,0.110758183333333,1.067715e-07,1.2519166666665e-09,1.24385372960368e-09,2.55332167852551e-13,4.03294122946018e-13,4.11382804836104e-13,1.96748297965093e-06
903.469164733336,0.112009566666667,1.08006333333333e-07,1.2239166666665e-09,1.24290326340325e-09,2.86421911468277e-13,1.59686446403175e-13,2.91418971325766e-13,1.39374290634062e-06
913.5676623,0.11326155,1.09219333333333e-07,1.22408333333349e-09,1.24442657342662e-09,3.87674825177362e-12,-3.34817404817258e-13,1.30398451962257e-13,6.23644770254273e-07
923.655270766664,0.114512183333333,1.104545e-07,1.2678333333335e-09,1.2506567599068e-09,3.51748251745931e-12,-4.89570172176209e-13,-8.3377913926294e-16,-3.98763936169232e-09
933.739787266664,0.115762433333333,1.11755e-07,1.28675e-09,1.25146153846154e-09,-5.30303030309576e-13,-1.74596989962069e-13,-7.416830282001e-14,-3.54717970008743e-07
943.818523133336,0.117011966666667,1.13028e-07,1.266e-09,1.24959615384618e-09,-1.45775058272777e-12,4.64362521587133e-14,-1.21842759818789e-13,-5.827262426116e-07
953.923204633336,0.118264716666667,1.14287e-07,1.2165e-09,1.24854603729608e-09,9.9650349651749e-14,-3.26825951774619e-14,-1.45352453300578e-13,-6.95163907089721e-07
964.030440366664,0.119517783333333,1.15461e-07,1.2335e-09,1.24979545454548e-09,-3.49358974386562e-13,-1.29833688044614e-13,-1.36935201483451e-13,-6.54907485355635e-07
974.176930633336,0.120775716666667,1.16754e-07,1.25891666666651e-09,1.24784731934731e-09,-2.914627039646e-12,-1.12542031229942e-13,-1.29958070630194e-13,-6.21538598666145e-07
984.257548566664,0.122025483333333,1.17978833333333e-07,1.23633333333349e-09,1.24396620046619e-09,-8.06818181819191e-13,-1.41763431409922e-13,-1.43452326156943e-13,-6.86076342489727e-07
994.348517866664,0.123276533333333,1.19226666666667e-07,1.24658333333349e-09,1.24623368298367e-09,3.6876456876532e-12,-1.63755728971877e-13,-1.60568779036439e-13,-7.67937638869926e-07
1004.46556723334,0.124530816666667,1.20472e-07,1.2516666666665e-09,1.2513414918415e-09,3.30827505828855e-12,-5.63044266538404e-14,-1.53955005690397e-13,-7.36306548954073e-07
1014.55949406666,0.125782233333333,1.2173e-07,1.259e-09,1.25285023310025e-09,-2.80361305361001e-12,1.73728821095088e-13,-1.35282529983695e-13,-6.47003404269846e-07
1024.63581013334,0.127031466666667,1.2299e-07,1.2565e-09,1.24573426573428e-09,-6.13461538460832e-12,1.67542650579997e-13,-1.46282244516186e-13,-6.99610734642629e-07
1034.70648,0.12828,1.24243e-07,1.251e-09,1.24058100233103e-09,-1.77972027971005e-12,-2.14423949646817e-13,-1.70174582699344e-13,-8.13878438996863e-07
1044.772848,0.129528,1.25492e-07,1.24600000000001e-09,1.24217482517486e-09,1.02389277390182e-12,-3.74822528520233e-13,-1.43153640141537e-13,-6.84647844155177e-07
1054.86287626666,0.130778933333333,1.26735e-07,1.22133333333351e-09,1.24262878787884e-09,1.18181818182365e-12,-3.08858709729539e-13,-5.72406896168123e-14,-2.73759819906494e-07
1064.96876766666,0.132031833333333,1.27934666666667e-07,1.21649999999999e-09,1.2445384615385e-09,1.19667832166651e-12,-3.48590757071611e-13,2.5581053009852e-14,1.22344166568857e-07
1075.0626945,0.13328325,1.29168e-07,1.23824999999999e-09,1.24502214452217e-09,9.60372960373491e-13,-3.13058849366117e-13,7.45723267602066e-14,3.56650258418379e-07
1085.15272276666,0.134534183333333,1.30411166666667e-07,1.26883333333351e-09,1.24645920745925e-09,2.00844988344022e-12,-4.23333108122807e-14,9.56245625243652e-14,4.57334864246964e-07
1095.2543123,0.13578655,1.31705666666667e-07,1.27499999999999e-09,1.24903904428905e-09,2.44988344983441e-12,2.8112614438742e-13,8.13262861706654e-14,3.88951803424922e-07
1105.336409,0.1370365,1.32961166666667e-07,1.2571666666665e-09,1.25135897435892e-09,2.17162004658721e-12,3.59251545554668e-13,4.27957384346795e-14,2.04675270774554e-07
1115.4435103,0.13828955,1.3422e-07,1.24641666666652e-09,1.25338228438222e-09,4.60372960525125e-14,3.38466943680953e-13,8.79429301310567e-15,4.20596622365923e-08
1125.5364961,0.13954085,1.35454e-07,1.23233333333351e-09,1.25145104895102e-09,-3.79720279719537e-12,4.86445277745371e-13,7.55606711932571e-15,3.61377123098186e-08
1135.6193994,0.1407909,1.36684666666667e-07,1.24249999999999e-09,1.24578787878783e-09,-6.31876456877039e-12,6.21820096163367e-13,3.76051461906129e-14,1.79850699172496e-07
1145.7341634,0.1420449,1.37939e-07,1.246333333333e-09,1.23881351981348e-09,-3.89189976686283e-12,2.97040021165974e-13,7.09814301027794e-14,3.3947640483938e-07
1155.83064446666,0.143296633333333,1.39177333333333e-07,1.24175e-09,1.23800407925411e-09,2.2406759907077e-12,-3.5569586613243e-13,1.08886589002648e-13,5.20761947403969e-07
1165.9233614,0.1445479,1.404225e-07,1.24316666666701e-09,1.2432948717949e-09,4.4405594405413e-12,-6.25640969336636e-13,1.49948003903234e-13,7.17142627363293e-07
1175.99443456666,0.145796483333333,1.41663666666667e-07,1.24275e-09,1.24688519813519e-09,3.47989510486316e-12,-5.54461110548054e-13,1.57462396102127e-13,7.5308102483626e-07
1186.10583773334,0.147050066666667,1.42908e-07,1.24116666666649e-09,1.25025466200462e-09,3.14976689977757e-12,-3.95073026811461e-13,1.0130927259187e-13,4.84522608048074e-07
1196.20016786666,0.148301533333333,1.44146e-07,1.24533333333351e-09,1.25318473193475e-09,1.47173659677361e-12,-5.31657714261573e-14,-1.77570059735588e-15,-8.49248111778899e-09
1206.2969178,0.1495533,1.45398666666667e-07,1.27e-09,1.25319813519817e-09,-1.16812354314048e-12,2.88335472901722e-13,-1.11649482761926e-13,-5.33975787122255e-07
1216.40133043334,0.150806016666667,1.46686e-07,1.26583333333299e-09,1.25084848484846e-09,-3.55827505831944e-12,4.94005833138164e-13,-2.06248388353143e-13,-9.86405335601988e-07
1226.4873257,0.15205645,1.47930333333333e-07,1.241e-09,1.24608158508153e-09,-4.28933566434476e-12,5.52536569710812e-13,-2.58568789387059e-13,-1.2366333405468e-06
1236.5819247,0.15330795,1.49168e-07,1.2493333333335e-09,1.24226981351977e-09,-2.60780885779284e-12,4.11239259933285e-13,-2.37811575364991e-13,-1.13735970826735e-06
1246.66697893334,0.154558266666667,1.50429e-07,1.2440833333335e-09,1.24086596736595e-09,-8.92191142180522e-13,5.87829803031116e-14,-1.45482671481529e-13,-6.95786689694269e-07
1256.76453546666,0.155810133333333,1.51656166666667e-07,1.21591666666649e-09,1.24048543123541e-09,5.00582750600165e-13,-4.24489713187169e-13,-3.69807751307886e-14,-1.76864576712467e-07
1266.86343633334,0.157062166666667,1.52860833333333e-07,1.22591666666649e-09,1.24186713286715e-09,3.09469696970684e-12,-9.10183158227347e-13,1.63478599787241e-14,7.818541728955e-08
1276.9752428,0.1583158,1.54108e-07,1.24175e-09,1.24667482517483e-09,5.1684149183836e-12,-1.1324561107131e-12,5.09465100094654e-15,2.436572217844e-08
1287.05263433334,0.159565166666667,1.55344333333333e-07,1.264e-09,1.25220396270392e-09,3.11946386944612e-12,-8.0946843011445e-13,-6.26249804693391e-14,-2.99510776157709e-07
1297.1450824,0.1608164,1.56636e-07,1.2723333333335e-09,1.25291375291372e-09,5.50699300714413e-13,-1.5707904011673e-13,-1.8397663695289e-13,-8.79888263687735e-07
1307.2356484,0.1620674,1.57889e-07,1.26399999999999e-09,1.25330536130534e-09,-6.62878787867918e-13,4.3584557954664e-13,-2.74517750364418e-13,-1.31291098000374e-06
1317.3447662,0.1633207,1.59164e-07,1.2569166666665e-09,1.25158799533798e-09,-4.46794871793494e-12,7.91741664137527e-13,-2.23707181818359e-13,-1.06990391304433e-06
1327.43667653334,0.164571866666667,1.60402833333333e-07,1.23966666666652e-09,1.24436946386947e-09,-6.55536130534233e-12,7.46141233971559e-13,-6.15146423983699e-14,-2.94200463644378e-07
1337.5295279,0.16582315,1.61643333333333e-07,1.2310833333335e-09,1.2384772727273e-09,-4.80477855477104e-12,3.57364897585591e-13,7.36540831077617e-14,3.52258658341469e-07
1347.63555373334,0.167076066666667,1.62865e-07,1.2208333333335e-09,1.23475990675993e-09,-2.07721445221717e-12,-1.65124489036235e-13,8.19689127591177e-14,3.92025234934911e-07
1357.7380843,0.16832855,1.64085e-07,1.2286666666665e-09,1.23432284382286e-09,2.39743589743788e-12,-6.30980653806881e-13,-1.13253611655344e-16,-5.41647707916863e-10
1367.824214,0.169579,1.65322333333333e-07,1.23249999999999e-09,1.23955477855481e-09,6.40821678323161e-12,-7.81071979552243e-13,-5.21495147203902e-14,-2.49410722575779e-07
1377.9111503,0.17082955,1.6655e-07,1.24741666666701e-09,1.24713927738933e-09,6.88927738929656e-12,-6.13104737457217e-13,-8.82810825902306e-14,-4.22213873257625e-07
1388.0243011,0.17208335,1.67817166666667e-07,1.26725e-09,1.2533333333334e-09,4.63519813518057e-12,-1.03076810471469e-13,-2.07022743561596e-13,-9.90108773555459e-07
1398.08529176666,0.173330683333333,1.690845e-07,1.26241666666649e-09,1.25640967365969e-09,1.54428904424891e-12,8.29103296059222e-13,-3.93522306671658e-13,-1.88206320582097e-06
1408.18594026666,0.174582933333333,1.70342e-07,1.25874999999999e-09,1.2564219114219e-09,-2.31789044289262e-12,1.14396394265721e-12,-6.02566355147703e-13,-2.88183908983684e-06
1418.2903529,0.17583565,1.71602e-07,1.26600000000001e-09,1.2517738927739e-09,-6.33857808858515e-12,-1.86017927325973e-13,-7.89849019494153e-13,-3.77753878888508e-06
1428.37231516666,0.177085583333333,1.72874e-07,1.24633333333351e-09,1.24374475524473e-09,-7.60081585085501e-12,-1.77833260137852e-12,-7.92311491816823e-13,-3.78931583042828e-06
1438.4605958,0.1783363,1.74094666666667e-07,1.22474999999999e-09,1.23657226107219e-09,-4.94930069930072e-12,-1.85077305947134e-12,-4.92599342035869e-13,-2.35590989669329e-06
1448.5640674,0.1795889,1.753235e-07,1.226333333333e-09,1.23384615384613e-09,5.19522144557293e-13,-3.27890386588582e-13,2.58645804826056e-14,1.23700167525505e-07
1458.6832677,0.18084345,1.76547333333333e-07,1.22725e-09,1.23761130536131e-09,5.26893939394364e-12,1.09356671508875e-12,6.44157147237759e-13,3.0807515737458e-06
1468.7875459,0.18209615,1.77778e-07,1.22933333333351e-09,1.24438403263401e-09,6.89481351979298e-12,7.45182201055178e-13,1.33759287094955e-12,6.39718329584567e-06
1478.87985953334,0.183347366666667,1.79006e-07,1.24116666666652e-09,1.25140093240089e-09,6.31526806525625e-12,6.6792507013413e-14,2.18031402324639e-12,1.04275888068306e-05
1488.9662581,0.18459785,1.80260333333333e-07,1.27399999999999e-09,1.25701456876453e-09,2.97319347321733e-12,8.03971825277813e-13,3.19352156933793e-12,1.52733640272684e-05
1499.06381463334,0.185849716666667,1.81554e-07,1.28283333333349e-09,1.25734731934733e-09,-1.40588578083469e-12,2.35846091911443e-12,4.22397922397711e-12,2.0201639766847e-05
1509.1639254,0.1871019,1.82826e-07,1.275e-09,1.25420279720286e-09,-8.0539044288956e-12,4.60337573055238e-12,5.12388235084183e-12,2.45055242866348e-05
1519.2710267,0.18835495,1.84104e-07,1.25466666666651e-09,1.24123951048954e-09,-1.68036130536342e-11,7.46038681125817e-12,5.78447181941046e-12,2.76648652232674e-05
1529.35702196666,0.189605383333333,1.85335333333333e-07,1.2275e-09,1.22059557109559e-09,-7.32371794871364e-12,8.7254743082992e-12,5.99227986950186e-12,2.86587298106611e-05
1539.44879786666,0.190856533333333,1.86559e-07,1.20733333333349e-09,1.22659207459211e-09,2.32162004661999e-11,7.7745718050046e-12,5.63436963665276e-12,2.69469852187741e-05
1549.52686156666,0.192105983333333,1.8775e-07,1.21358333333351e-09,1.26702797202799e-09,3.79831002330846e-11,6.73920633311639e-12,4.86990272091575e-12,2.32908391000318e-05
1559.63718926666,0.193359433333333,1.88986166666667e-07,1.237e-09,1.30255827505828e-09,2.28677156177214e-11,6.36774579687078e-12,3.85669901084849e-12,1.84450822257971e-05
1569.73178826666,0.194610933333333,1.90224e-07,1.23891666666649e-09,1.31276340326343e-09,-6.66054778553609e-12,5.5983333896335e-12,2.52818741267289e-12,1.20913311040877e-05
1579.82383303334,0.195862116666667,1.91464e-07,1.34800000000001e-09,1.28923717948721e-09,-1.52986596736851e-11,2.88946803598936e-12,7.65776655659771e-13,3.66241009228586e-06
1589.88939443334,0.197110016666667,1.9292e-07,1.53650000000001e-09,1.28216608391606e-09,1.09705710955201e-11,-1.65545251849513e-12,-1.32166670313087e-12,-6.32101466714764e-06
1599.87429583334,0.198347916666667,1.94537e-07,1.449e-09,1.31117832167825e-09,2.24685314685084e-11,-5.53369514543507e-12,-3.43458424472884e-12,-1.64262724747901e-05
1609.9760198,0.1996003,1.95818e-07,1.1405e-09,1.32710314685308e-09,6.93006993008535e-12,-7.83713061495927e-12,-5.38609641915962e-12,-2.57595915698938e-05
1620.16929286666,0.200864033333333,1.96818e-07,1.05699999999999e-09,1.32503846153842e-09,-2.70979020977598e-12,-9.52656295395609e-12,-7.11941057359957e-12,-3.40493549172153e-05
1630.3087926,0.2021211,1.97932e-07,1.1661666666665e-09,1.32168356643353e-09,-1.74487179487144e-11,-1.02721556141114e-11,-8.49004153889972e-12,-4.060454649039e-05
1640.39062043334,0.203371016666667,1.99150333333333e-07,1.5089166666665e-09,1.29014102564099e-09,-4.07543706293592e-11,-1.01054905802706e-11,-9.39322346906389e-12,-4.4924112243349e-05
1650.3693379,0.20460815,2.00949833333333e-07,1.52524999999999e-09,1.24017482517481e-09,-3.10623543123349e-11,-1.07213500106947e-11,-9.85249388467498e-12,-4.71206229267064e-05
1660.45815626666,0.205858933333333,2.02200833333333e-07,1.21758333333351e-09,1.22801631701632e-09,-5.20745920743791e-12,-1.14894174746313e-11,-9.7803105765078e-12,-4.67753984093851e-05
1670.68221456666,0.207126483333333,2.03385e-07,1.1705e-09,1.22975990675993e-09,-1.22086247085976e-11,-1.0114102564099e-11,-9.00085048418775e-12,-4.30475457939414e-05
1680.87199236666,0.208389783333333,2.04541833333333e-07,1.17199999999999e-09,1.20359906759912e-09,-3.560955710954e-11,-7.10117265182219e-12,-7.56072831535571e-12,-3.61600049864838e-05
1690.9098605,0.20963425,2.05729e-07,1.0105833333335e-09,1.15854079254085e-09,-4.25215617715768e-11,-4.4734088938409e-12,-5.75166935471655e-12,-2.75079838703835e-05
1701.00513166666,0.210885833333333,2.06563e-07,1.03e-09,1.11855594405597e-09,-1.43135198135463e-11,-3.45714142539812e-12,-3.79517958693526e-12,-1.81508588940382e-05
1711.06746666666,0.212133333333333,2.07789e-07,1.21950000000001e-09,1.12991375291376e-09,2.7929778554761e-11,-3.13890904586253e-12,-1.71851399719456e-12,-8.21897998658268e-06
1721.143245,0.2133825,2.09002e-07,1.2275e-09,1.17441550116549e-09,3.66360722610707e-11,-1.25086247086312e-12,4.34603185113346e-13,2.07853697228122e-06
1731.21633466666,0.214631333333333,2.10244e-07,1.23249999999998e-09,1.2031858974359e-09,2.74012237762258e-11,1.92058624145372e-12,2.42709025090133e-12,1.16078229390933e-05
1741.28539133334,0.215879666666667,2.11467e-07,1.24066666666649e-09,1.22921794871794e-09,2.80093240093216e-11,4.6741206378153e-12,4.01931056423996e-12,1.92227896550607e-05
1751.48215966666,0.217143833333333,2.12725333333333e-07,1.24950000000003e-09,1.25920454545454e-09,1.79810606060706e-11,6.97652562413344e-12,5.15739048974565e-12,2.46657806031314e-05
1761.59154633334,0.218397166666667,2.13966e-07,1.24383333333351e-09,1.26518006993009e-09,-2.67569930070535e-12,8.45311087462981e-12,5.76832982013205e-12,2.75876643571533e-05
1771.636405,0.2196425,2.15213e-07,1.25449999999999e-09,1.25385314685313e-09,-5.50961538463667e-12,8.02667888471795e-12,5.78192301837164e-12,2.76526753052557e-05
1781.73369266666,0.220894333333333,2.16475e-07,1.25349999999999e-09,1.25416083916081e-09,-1.69580419580956e-13,7.20487629921992e-12,5.37845321831128e-12,2.57230371310539e-05
1791.82291433334,0.222145166666667,2.1772e-07,1.24849999999999e-09,1.25351398601397e-09,-3.28030303029739e-12,7.40035809600716e-12,4.82364172004517e-12,2.30695908349986e-05
1801.91348033334,0.223396166666667,2.18972e-07,1.26800000000001e-09,1.24760023310022e-09,-5.01252913752366e-12,6.78777789038577e-12,4.18814624410516e-12,2.00302646457203e-05
1812.063197,0.2246545,2.20256e-07,1.25616666666651e-09,1.24348892773892e-09,-1.87645687644539e-12,4.07815805772562e-12,3.38591344685227e-12,1.61934990936413e-05
1822.141664,0.225904,2.21484333333333e-07,1.22491666666651e-09,1.24384731934733e-09,-1.30827505823759e-13,8.52347330643684e-14,2.38991614371014e-12,1.14300337307876e-05
1832.256428,0.227158,2.22705833333333e-07,1.23433333333348e-09,1.24322727272728e-09,1.57051282059865e-13,-3.00501908719104e-12,1.33544372922921e-12,6.38690479196579e-06
1842.322796,0.228406,2.23953e-07,1.23558333333349e-09,1.24416142191145e-09,1.47465034966448e-12,-3.60132123914665e-12,3.78768745634488e-13,1.81150269651277e-06
1852.39454133334,0.229654666666667,2.25177e-07,1.22700000000003e-09,1.24617657342661e-09,5.86538461526767e-13,-2.97554575858757e-12,-4.05895641795062e-13,-1.94124002597638e-06
1862.495862,0.230907,2.26407e-07,1.26733333333351e-09,1.2453344988345e-09,2.10664335637491e-13,-2.23726918009309e-12,-9.55656003735025e-13,-4.57052871351534e-06
1872.64557866666,0.232165333333333,2.27711666666667e-07,1.26991666666649e-09,1.24659790209788e-09,1.72989510487937e-12,-9.09739310609173e-13,-1.25091934226756e-12,-5.98265772388833e-06
1882.71597966666,0.233413833333333,2.28946833333333e-07,1.24666666666648e-09,1.24879428904426e-09,-8.92773892765335e-13,3.7705488552983e-13,-1.37423822438254e-12,-6.57244368182954e-06
1892.78100333334,0.234661666666667,2.30205e-07,1.24608333333349e-09,1.24481235431235e-09,-3.51340326338393e-12,5.74668761186863e-13,-1.34720805333538e-12,-6.44316895073443e-06
1902.88904566666,0.235914833333333,2.31439e-07,1.2404166666665e-09,1.24176748251749e-09,-1.95279720278933e-12,4.09129759127406e-13,-1.08704726251654e-12,-5.1989216902965e-06
1912.95944666666,0.237163333333333,2.32685833333333e-07,1.2239166666665e-09,1.24090675990677e-09,-7.29895104889815e-13,4.08341722688335e-13,-6.15770387411294e-13,-2.94498880935836e-06
1923.035225,0.2384125,2.33886833333333e-07,1.2345833333335e-09,1.24030769230771e-09,1.94172494172753e-12,1.6187521818053e-13,-1.09666459354324e-13,-5.24491762129376e-07
1933.105626,0.239661,2.35155e-07,1.24341666666702e-09,1.24479020979023e-09,3.77797202795768e-12,-1.19994594773677e-13,2.28603024343025e-13,1.09331881207534e-06
1943.264753,0.2409205,2.36373666666667e-07,1.23708333333351e-09,1.24786363636363e-09,1.39393939392043e-12,-2.05834206048181e-13,3.41362611399085e-13,1.6326037936478e-06
1953.35397466666,0.242171333333333,2.37629166666667e-07,1.26283333333299e-09,1.24757808857807e-09,4.39976689983286e-13,-2.74768926723767e-13,3.15716878164866e-13,1.50995028687545e-06
1963.42303133334,0.243419666666667,2.38899333333333e-07,1.2714166666665e-09,1.24874358974359e-09,7.89044289049058e-13,-2.5908876952181e-13,2.14971698008882e-13,1.02812551221639e-06
1973.51494166666,0.244670833333333,2.40172e-07,1.26049999999999e-09,1.24915617715617e-09,-8.36538461562516e-13,-8.02866457194976e-14,7.60284085011076e-14,3.63614127613993e-07
1983.58937566666,0.245919833333333,2.41420333333333e-07,1.23716666666649e-09,1.24707051282047e-09,-1.59207459209494e-12,1.92476042480432e-14,-2.43429847903783e-14,-1.16422970736592e-07
1993.69204066666,0.247172333333333,2.42646333333333e-07,1.21833333333351e-09,1.24597202797198e-09,-1.18327505824809e-12,1.34501762326849e-13,-4.28859219342324e-14,-2.0510658316372e-07
2003.81352633334,0.248427166666667,2.43857e-07,1.23583333333351e-09,1.24470396270397e-09,-2.12354312347364e-12,3.90445030008422e-13,-1.97215642467743e-14,-9.43205246584858e-08
2013.922913,0.2496805,2.45118e-07,1.25225e-09,1.24172494172503e-09,-2.12266899764103e-12,4.23090717654264e-13,2.25590666624764e-14,1.07891188385757e-07
2024.00406866666,0.250930333333333,2.463615e-07,1.2465e-09,1.24045862470869e-09,-5.71095571115322e-13,2.40759546411102e-13,9.42880422600645e-14,4.50942810809004e-07
2034.112111,0.2521835,2.47611e-07,1.25075000000001e-09,1.2405827505828e-09,1.56614219113309e-12,6.11703996498282e-14,1.79984342940986e-13,8.60794683630803e-07
2044.16638,0.25343,2.48863e-07,1.2505e-09,1.24359090909096e-09,3.09819347316495e-12,-1.90390527342997e-13,2.55796704926413e-13,1.22337554530024e-06
2054.24350266666,0.254679333333333,2.50112e-07,1.23958333333351e-09,1.24677913752913e-09,1.35664335659409e-12,-1.91419715543627e-13,3.07879280243704e-13,1.47246612290467e-06
2064.33810166666,0.255930833333333,2.51342166666667e-07,1.23849999999999e-09,1.24630419580414e-09,1.86771561765139e-13,8.13636926729014e-14,3.13786230812226e-13,1.50071675605847e-06
2074.482441,0.2571885,2.52589e-07,1.23441666666649e-09,1.24715268065266e-09,1.49329836831767e-12,2.48583944237095e-13,2.62307174708819e-13,1.25451257469435e-06
2084.552842,0.258437,2.53811e-07,1.24400000000001e-09,1.24929079254078e-09,6.80652680654801e-13,4.04184881141583e-13,1.85542399744099e-13,8.873766944283e-07
2094.63803066666,0.259687333333333,2.55077e-07,1.26549999999999e-09,1.24851398601397e-09,-4.79312354298102e-13,5.54081900385835e-13,1.0838688373679e-13,5.18372052654213e-07
2104.70843166666,0.260935833333333,2.56342e-07,1.2616666666665e-09,1.24833216783218e-09,1.78321678346935e-13,5.35553021853945e-13,5.06054299198483e-14,2.42025969181883e-07
2114.804375,0.2621875,2.57600333333333e-07,1.24825000000002e-09,1.24887062937066e-09,-4.39393939385962e-13,4.47262873995964e-13,4.55154612611521e-14,2.17682640814206e-07
2124.874776,0.263436,2.588385e-07,1.249166666667e-09,1.24745337995341e-09,-1.24708624708521e-12,2.81967275875116e-13,7.44930115848198e-14,3.56270924970877e-07
2135.037936,0.264696,2.60098666666667e-07,1.23774999999999e-09,1.24637645687649e-09,-3.28671328663623e-13,-9.75146109938283e-14,9.20380807562864e-14,4.40182125356152e-07
2145.15001133334,0.265949666666667,2.61314e-07,1.23125e-09,1.24679603729608e-09,-4.41724941713734e-13,-4.7665135186619e-13,8.40804078293978e-14,4.02123689618859e-07
2155.22175666666,0.267198333333333,2.62561166666667e-07,1.24658333333352e-09,1.24549300699306e-09,-2.33100233108041e-13,-6.76725729983913e-13,3.8364870974814e-14,1.83484165531719e-07
2165.32307733334,0.268450666666667,2.63807166666667e-07,1.24941666666648e-09,1.24632983682987e-09,1.80536130532588e-12,-5.96007623615501e-13,-3.57059433709522e-14,-1.7076755525238e-07
2175.384068,0.269698,2.6506e-07,1.24941666666648e-09,1.24910372960371e-09,9.22785547739906e-13,-1.52155557809572e-13,-1.03343227450928e-13,-4.94250218243569e-07
2185.470601,0.2709485,2.66306e-07,1.26083333333351e-09,1.24817540792535e-09,-7.59906759912259e-13,2.56658108392405e-13,-1.56106767613688e-13,-7.46597584239377e-07
2195.63913833334,0.272209166666667,2.67581666666667e-07,1.26058333333351e-09,1.24758391608389e-09,-7.32808857783787e-13,4.33299494380723e-13,-1.88215474487797e-13,-9.00160964941638e-07
2205.756591,0.2734635,2.68827166666667e-07,1.23316666666648e-09,1.24670979020978e-09,-1.57109557109236e-12,4.27110964714817e-13,-1.75356194621257e-13,-8.38660061232099e-07
2215.806827,0.2747095,2.70048e-07,1.2404166666665e-09,1.24444172494171e-09,-1.38956876456737e-12,1.01846390318523e-13,-1.13105222236199e-13,-5.40938019390517e-07
2225.89201566666,0.275959833333333,2.71308e-07,1.24400000000003e-09,1.24393065268065e-09,-4.81643356632181e-13,-2.76354852884719e-13,-1.43280726676314e-14,-6.85255649321502e-08
2236.008124,0.277214,2.72536e-07,1.2285e-09,1.24347843822844e-09,-6.60547785546557e-13,-3.58871828660288e-13,9.79662660907842e-14,4.68534316086359e-07
2246.070459,0.2784615,2.73765e-07,1.24858333333349e-09,1.24260955710955e-09,5.4982517481512e-13,-3.12821638909344e-13,1.71434692997994e-13,8.19905053468667e-07
2256.15027033334,0.279711166666667,2.75033166666667e-07,1.25524999999997e-09,1.24457808857807e-09,3.28205128204294e-12,-2.23832640786762e-13,1.67262144748703e-13,7.9994938792858e-07
2266.30939733334,0.280970666666667,2.762755e-07,1.25091666666649e-09,1.24917365967364e-09,3.70396270394026e-12,3.4523608470196e-15,8.51196069531725e-14,4.07093772384738e-07
2276.39324166666,0.282220833333333,2.77535e-07,1.25075000000001e-09,1.25198601398595e-09,2.76573426571695e-12,1.77880364405536e-13,-4.58168241514121e-14,-2.1912394159371e-07
2286.489185,0.2834725,2.78777e-07,1.2458333333335e-09,1.25470512820507e-09,7.92832167857937e-13,2.99898933597386e-13,-1.70850155290047e-13,-8.17109438343703e-07
2296.559586,0.284721,2.80026666666667e-07,1.2481666666665e-09,1.25357167832167e-09,-3.6567599067356e-12,4.74348163914863e-13,-2.48231880838671e-13,-1.18719595183712e-06
2306.650152,0.285972,2.81273333333333e-07,1.25683333333301e-09,1.2473916083916e-09,-6.0273892773901e-12,4.03215037780216e-13,-2.64190168911752e-13,-1.26351819914316e-06
2316.73399633334,0.287222166666667,2.82540333333333e-07,1.257e-09,1.24151689976689e-09,-5.25145687646225e-12,3.82878393756831e-14,-2.23145290553338e-13,-1.06721660699423e-06
2326.887746,0.288481,2.83787333333333e-07,1.2488333333335e-09,1.23688869463868e-09,-1.76456876457876e-12,-4.15462371764268e-13,-1.47288855691902e-13,-7.04424962004749e-07
2336.99713266666,0.289734333333333,2.85038e-07,1.23091666666703e-09,1.23798776223773e-09,3.84003496504853e-12,-8.64276882536487e-13,-6.49954545612105e-14,-3.10847826162311e-07
2347.068878,0.290983,2.86249166666667e-07,1.21349999999999e-09,1.24456876456877e-09,5.72465034970424e-12,-1.03248899248734e-12,9.21812032765632e-15,4.40866624366172e-08
2357.143312,0.292232,2.87465e-07,1.229833333333e-09,1.24943706293714e-09,3.30681818183299e-12,-7.87412136971484e-13,5.60402253977028e-14,2.68018469293361e-07
2367.21236866666,0.293480333333333,2.88708833333333e-07,1.2461666666665e-09,1.25118240093244e-09,1.40850815845781e-12,-3.11580971355546e-13,5.4001687136888e-14,2.58268938480769e-07
2377.30562333334,0.294731666666667,2.89957333333333e-07,1.26833333333348e-09,1.25225407925405e-09,-3.38286713327449e-13,2.43502021334376e-13,1.73300917822162e-14,8.28830476540775e-08
2387.40425533334,0.295983666666667,2.912455e-07,1.29533333333351e-09,1.25050582750579e-09,-2.75466200466487e-12,7.47537583194723e-13,-2.18561283700693e-14,-1.04529309595984e-07
2397.55531633334,0.297242166666667,2.92548e-07,1.27258333333352e-09,1.24674475524472e-09,-3.4463869463612e-12,9.77608188916037e-13,-2.82583261460701e-14,-1.3514851635077e-07
2407.63378333334,0.298491666666667,2.93790666666667e-07,1.2261666666665e-09,1.24361305361306e-09,-3.94551282048026e-12,9.36718354110422e-13,3.00169677641995e-14,1.43559411046172e-07
2417.723005,0.2997425,2.95000333333333e-07,1.212333333333e-09,1.23885372960376e-09,-3.85198135196289e-12,7.3372487415897e-13,1.46104782582468e-13,6.98762003655282e-07
2427.80012766666,0.300991833333333,2.96215333333333e-07,1.21658333333348e-09,1.23590909090914e-09,-7.50000000002298e-13,2.66338975034139e-13,2.76920430267395e-13,1.32440205780058e-06
2437.89875966666,0.302243833333333,2.974335e-07,1.2163333333335e-09,1.23735372960376e-09,3.30536130534226e-12,-2.75233325450375e-13,3.75107680249708e-13,1.79399325336817e-06
2447.96109466666,0.303491333333333,2.98648e-07,1.24275000000003e-09,1.24251981351982e-09,6.73426573426477e-12,-6.44710370146134e-13,4.04942350934004e-13,1.9366808088148e-06
2458.141731,0.3047535,2.99919e-07,1.27449999999998e-09,1.25082226107229e-09,8.364801864835e-12,-7.22036136171037e-13,3.59179555762578e-13,1.71781526669059e-06
2468.20944333334,0.306001666666667,3.01197e-07,1.2738333333335e-09,1.25924941724949e-09,5.8790792540929e-12,-3.4127112823245e-13,2.57947885362522e-13,1.23366379955989e-06
2478.314797,0.3072545,3.02466666666667e-07,1.2738333333335e-09,1.26258041958047e-09,3.38869463823649e-13,3.0350596263581e-13,1.25771631829948e-13,6.01516500056273e-07
2488.38788666666,0.308503333333333,3.03744666666667e-07,1.27116666666647e-09,1.25992715617714e-09,-5.41258741262396e-12,8.06336666555794e-13,-9.42619118176961e-15,-4.50817839128112e-08
2498.47710833334,0.309754166666667,3.05009e-07,1.24366666666651e-09,1.25175524475523e-09,-8.73164335663316e-12,9.72231906578619e-13,-1.04635443343238e-13,-5.0043038120679e-07
2508.54078766666,0.311001833333333,3.06232e-07,1.2248333333335e-09,1.24246386946387e-09,-7.7867132867101e-12,7.89684807941528e-13,-1.27733609690693e-13,-6.10899872433749e-07
2518.71873533334,0.312263666666667,3.07458666666667e-07,1.236e-09,1.23618181818181e-09,-3.47960372962136e-12,3.10152753843143e-13,-7.64875425916984e-14,-3.65809986308123e-07
2528.80661266666,0.313514333333333,3.08704e-07,1.23366666666652e-09,1.23550466200463e-09,1.35431235430778e-12,-2.05521547700393e-13,3.3654583234639e-14,1.60956702426534e-07
2538.86894766666,0.314761833333333,3.09926e-07,1.22500000000001e-09,1.23889044289042e-09,4.39627039629183e-12,-5.43871321918576e-13,1.56818532029581e-13,7.50001674924083e-07
2548.95816933334,0.316012666666667,3.11154e-07,1.23408333333349e-09,1.24429720279721e-09,6.21590909091681e-12,-7.14056676015249e-13,2.32159192228325e-13,1.11032657152677e-06
2559.05814566666,0.317264833333333,3.12394166666667e-07,1.26699999999998e-09,1.25132226107226e-09,5.56148018645282e-12,-6.90609382566509e-13,2.21777872998508e-13,1.06067678390591e-06
2569.12451366666,0.318512833333333,3.13688e-07,1.26766666666651e-09,1.25542016317012e-09,2.61800699300353e-12,-4.69060955149298e-13,1.29334459338828e-13,6.18556109881351e-07
2579.21104666666,0.319763333333333,3.149295e-07,1.264e-09,1.25655827505826e-09,-1.12762237732217e-13,-4.58720426129767e-14,-3.96341285869819e-15,-1.89554528024696e-08
2589.375551,0.3210235,3.16216e-07,1.26125000000001e-09,1.25519463869465e-09,-2.76544289043328e-12,5.42211749603497e-13,-1.25811281306922e-13,-6.01706127989627e-07
2599.433853,0.3222705,3.17452e-07,1.2445e-09,1.2510273892774e-09,-5.28671328672587e-12,9.62975687760949e-13,-1.98386363044944e-13,-9.48804344997558e-07
2609.536518,0.323523,3.18705e-07,1.24049999999996e-09,1.2446212121212e-09,-5.81177156178176e-12,9.22175095436968e-13,-2.10562200450382e-13,-1.00703661084965e-06
2619.62439533334,0.324773666666667,3.19933e-07,1.23725000000001e-09,1.23940384615383e-09,-2.66579254078928e-12,5.23546445501653e-13,-1.74824787466868e-13,-8.36118548754586e-07
2629.70823966666,0.326023833333333,3.211795e-07,1.23808333333352e-09,1.23928962703962e-09,1.71940559440434e-12,-1.06090165873531e-13,-1.24682558989291e-13,-5.96307890818348e-07
2639.78939533334,0.327273666666667,3.22409166666667e-07,1.22774999999998e-09,1.24284265734264e-09,5.27389277388709e-12,-8.03978412891072e-13,-9.79214286622229e-14,-4.68319876210631e-07
2649.94448933334,0.328532666666667,3.23635e-07,1.24191666666651e-09,1.2498374125874e-09,6.31468531468777e-12,-1.18608222695095e-12,-1.19153170367072e-13,-5.69862988712083e-07
2659.989348,0.329778,3.24893e-07,1.25941666666652e-09,1.25547202797202e-09,3.06351981352956e-12,-1.1263563167901e-12,-1.95789698974046e-13,-9.36385516832394e-07
2670.10142333334,0.331031666666667,3.26153833333333e-07,1.26899999999998e-09,1.25596445221446e-09,-1.24475524475631e-12,-8.22590903457287e-13,-3.21087576789039e-13,-1.53563623681714e-06
2680.15703666666,0.332278333333333,3.27431e-07,1.26583333333349e-09,1.2529825174825e-09,-3.76456876458485e-12,-3.71687442987377e-13,-4.58363943030681e-13,-2.19217537971195e-06
2690.257013,0.3335305,3.286855e-07,1.26500000000001e-09,1.24843531468529e-09,-4.54458041958271e-12,8.21244214745734e-14,-5.32681411159773e-13,-2.547606749025e-06
2700.327414,0.334779,3.29961e-07,1.25075000000001e-09,1.24389335664334e-09,-4.40442890442057e-12,3.17740729481403e-13,-4.80075266562701e-13,-2.29601214443031e-06
2710.52014933334,0.336042666666667,3.31187e-07,1.217e-09,1.23962645687645e-09,-3.99592074591106e-12,2.92496649889213e-13,-2.96899200172728e-13,-1.41995269647826e-06
2720.59055033334,0.337291166666667,3.32395e-07,1.212e-09,1.23590151515152e-09,-1.44609557109088e-12,5.43303154172206e-14,-3.73823514855787e-14,-1.78785159278855e-07
2730.66632866666,0.338540333333333,3.33611e-07,1.22541666666648e-09,1.23673426573427e-09,2.87995337995974e-12,-2.79081112125343e-13,2.32499502363764e-13,1.11195414173974e-06
2740.74614,0.33979,3.34845833333333e-07,1.2445e-09,1.24166142191144e-09,4.06818181819668e-12,-4.59597085683879e-13,4.50946322128411e-13,2.1566998014837e-06
2750.816541,0.3410385,3.361e-07,1.25750000000001e-09,1.24487062937066e-09,3.66724941726305e-12,-3.26254799949164e-13,5.60377159846394e-13,2.68006467752623e-06
2760.88425333334,0.342286666666667,3.37360833333333e-07,1.2668333333335e-09,1.24899592074596e-09,3.9798951048964e-12,7.24937783647274e-14,5.45728375104401e-13,2.61000527223844e-06
2770.957343,0.3435355,3.38633666666667e-07,1.25508333333351e-09,1.25283041958045e-09,1.61684149182626e-12,7.57488373142236e-13,4.45604835897049e-13,2.13115356298589e-06
2781.09361633334,0.344792166666667,3.39871e-07,1.26225000000001e-09,1.25222960372962e-09,-1.77826340327092e-12,1.45633362611711e-12,3.04545693253685e-13,1.45652288077849e-06
2791.170739,0.3460415,3.41158166666667e-07,1.24600000000001e-09,1.24927389277391e-09,-2.9702797202974e-12,1.59264495568832e-12,1.51334284355729e-13,7.23772664310008e-07
2801.229041,0.3472885,3.42363e-07,1.2224166666665e-09,1.24628904428902e-09,-2.80128205129899e-12,1.09857780705458e-12,2.07854507435021e-14,9.94086774689231e-08
2811.31288533334,0.348538666666667,3.43603e-07,1.23849999999999e-09,1.24367132867131e-09,-2.03962703963208e-12,2.94415616585972e-13,-6.08109497936568e-14,-2.90834977274011e-07
2821.40076266666,0.349789333333333,3.4484e-07,1.24566666666651e-09,1.24220979020976e-09,1.78030303018288e-13,-4.80951769650922e-13,-1.07889677563525e-13,-5.15994110086424e-07
2831.476541,0.3510385,3.46094333333333e-07,1.25025e-09,1.24402738927735e-09,3.32400932402989e-12,-1.07273442338972e-12,-1.66215167797949e-13,-7.94942106859756e-07
2841.65852166666,0.352300833333333,3.473405e-07,1.25483333333348e-09,1.24885780885782e-09,5.67540792544473e-12,-1.44663553033343e-12,-2.76379429721465e-13,-1.32181466388527e-06
2851.770597,0.3535545,3.48604e-07,1.25374999999999e-09,1.25537820512824e-09,5.33362470863849e-12,-1.43845089692927e-12,-4.40922390785792e-13,-2.10875926027987e-06
2861.89477133334,0.354809666666667,3.49848e-07,1.2478333333335e-09,1.25952505827509e-09,1.06439393937747e-12,-1.03750588380806e-12,-6.29029421423021e-13,-3.0084015807188e-06
2871.97727133334,0.356059666666667,3.51099666666667e-07,1.25391666666652e-09,1.25750699300699e-09,-3.652972027987e-12,-6.11149904842408e-13,-7.93585972003574e-13,-3.79541117045188e-06
2882.06246,0.35731,3.52355833333333e-07,1.26449999999999e-09,1.25221911421912e-09,-6.26515151515834e-12,-3.19319223446993e-13,-8.58784112023867e-13,-4.10722836185328e-06
2892.15974766666,0.358561833333333,3.53628666666667e-07,1.2660833333335e-09,1.24497668997668e-09,-9.35314685316873e-12,3.13813159498242e-14,-7.58740184041649e-13,-3.62875740193832e-06
2902.22477133334,0.359809666666667,3.54888e-07,1.23816666666651e-09,1.23351282051278e-09,-9.81643356643356e-12,2.32618999361808e-13,-5.04222597912148e-13,-2.41149938131897e-06
2912.386587,0.3610695,3.56105e-07,1.22491666666649e-09,1.22534382284381e-09,-3.97960372958739e-12,4.80760785385877e-15,-1.66261725206668e-13,-7.95164772727543e-07
2922.465054,0.362319,3.57337833333333e-07,1.213e-09,1.22555361305361e-09,3.22144522146638e-12,-3.6272710381305e-13,1.88553584291268e-13,9.01778011827803e-07
2932.56099733334,0.363570666666667,3.58531e-07,1.20708333333351e-09,1.23178671328674e-09,7.79603729605954e-12,-4.58113689853e-13,5.18333333315268e-13,2.47898550715998e-06
2942.64753033334,0.364821166666667,3.59752e-07,1.218e-09,1.24114568764573e-09,8.59644522144559e-12,-1.55928966364719e-13,7.80526890870784e-13,3.73295469546897e-06
2952.16272166666,0.366000833333333,3.60967e-07,1.22799999999999e-09,1.24897960372963e-09,7.09615384616033e-12,4.12094692744002e-13,9.44084557459689e-13,4.51518701393764e-06
2962.16456166666,0.367240833333333,3.62208e-07,1.2853333333335e-09,1.25533799533805e-09,4.16870629370998e-12,1.12242429872519e-12,1.01676722333034e-12,4.8627997637538e-06
2972.35460833334,0.368504166666667,3.63537666666667e-07,1.31175e-09,1.25731701631705e-09,-4.85431235456259e-13,1.85162809814733e-12,1.03965893928139e-12,4.97228188351969e-06
2982.710008,0.369788,3.648315e-07,1.286e-09,1.25436713286713e-09,-3.78175990679613e-12,2.27528276071538e-12,1.04363872895224e-12,4.99131566020636e-06
2992.824772,0.371042,3.66109666666667e-07,1.24275e-09,1.24975349650346e-09,-3.48018648019697e-12,2.13469708230201e-12,1.03879745399383e-12,4.96816173649223e-06
3002.911305,0.3722925,3.67317e-07,1.2061666666665e-09,1.24740675990674e-09,-1.24708624706464e-12,1.58191739017426e-12,1.04810599412937e-12,5.01268084148829e-06
3012.99111633334,0.373542166666667,3.68522e-07,1.21250000000001e-09,1.24725932400933e-09,-8.04195804196273e-13,1.02724029593399e-12,1.05800204863505e-12,5.0600097978198e-06
3023.08571533334,0.374793666666667,3.69742e-07,1.22799999999999e-09,1.24579836829835e-09,4.64743589725463e-13,5.23465479768599e-13,9.92134219596661e-13,4.74498974589707e-06
3033.28920533334,0.376058666666667,3.70978e-07,1.24399999999998e-09,1.24818881118878e-09,5.41550116550636e-12,-9.81948809333501e-16,7.99230769174784e-13,3.8224080264881e-06
3043.42413433334,0.377315166666667,3.7223e-07,1.284e-09,1.25662937062936e-09,8.22406759907532e-12,-2.9413398196142e-13,5.02827971433125e-13,2.40482942859321e-06
3053.674676,0.378586,3.73546e-07,1.3053333333335e-09,1.26463694638693e-09,4.99766899766156e-12,-2.690860669124e-13,1.57710018658675e-13,7.54265306628446e-07
3063.79481733334,0.379840666666667,3.74840666666667e-07,1.283e-09,1.26662470862468e-09,-1.72756410257403e-12,-4.92427057630613e-14,-1.83489862299147e-13,-8.7756021099592e-07
3073.851775,0.3810875,3.76112e-07,1.25108333333301e-09,1.26118181818178e-09,-6.54166666667167e-12,1.28358614013437e-13,-4.64102335164614e-13,-2.21961986383076e-06
3083.962506,0.382341,3.77342833333333e-07,1.23199999999999e-09,1.25354137529134e-09,-8.45920745919903e-12,8.16512392648539e-14,-6.40465667531871e-13,-3.0630966708046e-06
3094.03962866666,0.383590333333333,3.78576e-07,1.23758333333348e-09,1.24426340326339e-09,-7.96649184147579e-12,-1.70096111611861e-13,-6.95668635668578e-13,-3.32711086624103e-06
3104.196067,0.3848495,3.79818e-07,1.2301666666665e-09,1.23760839160839e-09,-2.91724941722828e-12,-7.2186288751072e-13,-6.48827701165358e-13,-3.10308900557345e-06
3114.298732,0.386102,3.81036333333333e-07,1.23050000000001e-09,1.23842890442893e-09,4.20745920749303e-12,-1.35166582209847e-12,-5.44666355854274e-13,-2.60492604973783e-06
3124.37854333334,0.387351666666667,3.82279e-07,1.24533333333351e-09,1.24602331002337e-09,8.83916083917662e-12,-1.47863321058777e-12,-4.12319551496605e-13,-1.97196307237507e-06
3134.45835466666,0.388601333333333,3.83527e-07,1.25900000000002e-09,1.25610722610728e-09,7.68764568762507e-12,-1.04502021327826e-12,-2.97578757058278e-13,-1.42320275114829e-06
3144.542199,0.3898515,3.84797e-07,1.26158333333348e-09,1.26139860139862e-09,2.33420745917575e-12,-5.12713815972887e-13,-2.58559527432018e-13,-1.23658904424009e-06
3154.61528866667,0.391100333333333,3.86050166666667e-07,1.27850000000001e-09,1.26077564102563e-09,-2.26631701632746e-12,-4.72646194397133e-14,-2.85320030901923e-13,-1.36457406083528e-06
3164.81340133334,0.392364666666667,3.87354e-07,1.27025000000002e-09,1.25686596736597e-09,-5.40821678320928e-12,3.70707521139514e-13,-3.13966433049439e-13,-1.50157859284514e-06
3174.88783533334,0.393613666666667,3.88590666666667e-07,1.25566666666649e-09,1.24995920745922e-09,-6.90151515151299e-12,6.12471312903695e-13,-2.82858521258632e-13,-1.35280162341085e-06
3184.95958066667,0.394862333333333,3.89865333333333e-07,1.24466666666651e-09,1.24306293706294e-09,-6.57459207458737e-12,7.18079400467133e-13,-1.64143044615531e-13,-7.85031952509061e-07
3195.02326,0.39611,3.9108e-07,1.21733333333348e-09,1.23681002331004e-09,-4.04836829837469e-12,6.06890645582201e-13,2.96912873486122e-14,1.4200180905858e-07
3205.13130233334,0.397363166666667,3.923e-07,1.21699999999998e-09,1.23496620046619e-09,9.07925407905725e-13,2.16402261182105e-13,2.44385611474944e-13,1.16880075053234e-06
3215.21111366666,0.398612833333333,3.93514e-07,1.22733333333352e-09,1.23862587412585e-09,5.28991841491468e-12,-2.53245273247859e-13,4.01840253013339e-13,1.92184468832466e-06
3225.30033533334,0.399863666666667,3.94754666666667e-07,1.2478333333335e-09,1.24554603729602e-09,9.70920745921886e-12,-7.25250104166945e-13,4.55461554770612e-13,2.17829439238119e-06
3235.45274066667,0.401122333333333,3.96009666666667e-07,1.26516666666649e-09,1.25804428904429e-09,1.10976107226111e-11,-8.23872279093561e-13,4.08320543414818e-13,1.95283738154913e-06
3245.53927366666,0.402372833333333,3.97285e-07,1.26566666666651e-09,1.26774125874125e-09,4.44930069927957e-12,-2.07339279078938e-13,2.99170800105872e-13,1.43081687007156e-06
3255.63790566667,0.403624833333333,3.98541e-07,1.28416666666649e-09,1.26694289044285e-09,-3.943473193483e-12,6.73275733930598e-13,1.53356763989566e-13,7.33445392993576e-07
3265.70292933334,0.404872666666667,3.99853333333333e-07,1.28349999999999e-09,1.25985431235428e-09,-8.49999999999723e-12,1.22863613842121e-12,-4.63431949797146e-15,-2.21641367294287e-08
3275.771986,0.406121,4.01108e-07,1.25533333333352e-09,1.24994289044286e-09,-1.01643356643171e-11,1.2645332927941e-12,-1.09401893279004e-13,-5.23226446116976e-07
3285.87599533334,0.407373666666667,4.02364e-07,1.25850000000001e-09,1.23952564102565e-09,-6.49941724939206e-12,8.14191243538483e-13,-1.14931487920227e-13,-5.4967233353152e-07
3296.03512233334,0.408633166666667,4.03625e-07,1.20399999999999e-09,1.23694405594407e-09,1.32575757575951e-12,1.7636678941428e-14,-3.25249844009732e-14,-1.55554273222046e-07
3306.10686766667,0.409881833333333,4.04772e-07,1.1825e-09,1.24217715617716e-09,4.84149184150688e-12,-6.53277704582455e-13,8.83970068435511e-14,4.22768293599592e-07
3316.18130166666,0.411130833333333,4.0599e-07,1.23950000000002e-09,1.24662703962708e-09,4.92832167832172e-12,-9.49608008736941e-13,1.76410898290937e-13,8.43704296174047e-07
3326.28396666667,0.412383333333333,4.07251e-07,1.26150000000001e-09,1.25203379953381e-09,5.60606060602289e-12,-1.04582559147342e-12,1.58392976045358e-13,7.57531624564756e-07
3336.371844,0.413634,4.08513e-07,1.28299999999997e-09,1.25783916083913e-09,3.99388111886499e-12,-8.49073679939156e-13,9.90149761085079e-15,4.73549885736342e-08
3346.43552333334,0.414881666666667,4.09817e-07,1.31066666666648e-09,1.26002156177154e-09,2.17569930071925e-12,-4.34750064746835e-13,-2.18334812614399e-13,-1.04420997337321e-06
3356.601372,0.416142,4.11134333333333e-07,1.28183333333354e-09,1.26219055944057e-09,-1.57604895102661e-12,1.70458824593187e-13,-4.41416379654713e-13,-2.11112181573993e-06
3366.69059366666,0.417392833333333,4.12380666666667e-07,1.23033333333352e-09,1.25686946386948e-09,-8.62966200467008e-12,8.88230915628322e-13,-5.87465164386001e-13,-2.80961600358522e-06
3376.76906066667,0.418642333333333,4.13595e-07,1.21983333333299e-09,1.24493123543123e-09,-9.63898601400391e-12,1.0312621195284e-12,-6.32529649034517e-13,-3.0251417997303e-06
3386.848872,0.419892,4.14820333333333e-07,1.2225e-09,1.23759149184148e-09,-4.71416083916088e-12,3.72585948674107e-13,-5.84265622318842e-13,-2.79431384587272e-06
3396.93271633334,0.421142166666667,4.1604e-07,1.2268333333335e-09,1.23550291375291e-09,2.59615384637536e-13,-5.45642658471321e-13,-4.58919779318229e-13,-2.19483372717414e-06
3407.01252766666,0.422391833333333,4.17274e-07,1.2380833333335e-09,1.23811072261075e-09,5.57313519814349e-12,-1.35478480457104e-12,-2.97533108766187e-13,-1.42298443322959e-06
3417.07486266667,0.423639333333333,4.18516166666667e-07,1.25391666666647e-09,1.24664918414919e-09,1.02441724941747e-11,-1.78743533439585e-12,-1.36198248628735e-13,-6.51382928224385e-07
3427.26490933334,0.424902666666667,4.19781833333333e-07,1.2644166666665e-09,1.2585990675991e-09,7.86363636367132e-12,-1.42800220713732e-12,2.45502583888758e-15,1.17414279251145e-08
3437.30439066667,0.426147333333333,4.21045e-07,1.27258333333352e-09,1.26237645687654e-09,6.13053613053366e-13,-6.34114500638703e-13,8.78256545577344e-14,4.20035739189164e-07
3447.416466,0.427401,4.22327e-07,1.27408333333351e-09,1.25982517482521e-09,-3.48776223779788e-12,4.72632118273689e-14,1.15193366734191e-13,5.50924797424392e-07
3457.48148966667,0.428648833333333,4.23593166666667e-07,1.2535833333335e-09,1.25540093240094e-09,-6.65734265735597e-12,6.71056158010484e-13,1.23867472450904e-13,5.9240965085215e-07
3467.55592366666,0.429897833333333,4.24834166666667e-07,1.24241666666652e-09,1.2465104895105e-09,-7.96095571095011e-12,1.1455039807192e-12,1.9924505197496e-13,9.52911118141113e-07
3477.59406066666,0.431142333333333,4.26078e-07,1.24824999999999e-09,1.23947902097904e-09,-6.61829836830228e-12,1.47095385290986e-12,4.047001751433e-13,1.9355225767723e-06
3487.613377,0.4323845,4.27330666666667e-07,1.21449999999999e-09,1.23327389277389e-09,-4.7097902098377e-12,1.6216031553011e-12,6.92167628078203e-13,3.31036691689575e-06
3497.28719966666,0.433583833333333,4.28507e-07,1.22016666666652e-09,1.23005944055937e-09,1.5034965034535e-12,1.37174543652935e-12,9.58182461364197e-13,4.58261177174181e-06
3507.65469833334,0.434869166666667,4.29771e-07,1.23899999999998e-09,1.2362808857808e-09,9.65442890444524e-12,8.347135231891e-13,1.11444533220775e-12,5.32995593664576e-06
3517.49252966666,0.436088833333333,4.30985e-07,1.23499999999997e-09,1.24936829836826e-09,1.17905011655318e-11,2.79475299254414e-13,1.10598772664314e-12,5.28950651872806e-06
3527.70677433334,0.437355166666667,4.32241e-07,1.26449999999999e-09,1.25986188811186e-09,8.7094988345138e-12,-7.37972253222847e-14,9.32903524469165e-13,4.46171250833079e-06
3537.81884966666,0.438608833333333,4.33514e-07,1.25999999999997e-09,1.26678729603728e-09,5.03059440562192e-12,-6.75776719755906e-15,6.43337395863243e-13,3.07683102369377e-06
3547.805902,0.439847,4.34761e-07,1.2829166666665e-09,1.26992307692311e-09,-1.39597902095347e-12,5.38904541508454e-13,2.85067394272315e-13,1.36336579869368e-06
3558.057788,0.441118,4.36079833333333e-07,1.30658333333353e-09,1.26399533799538e-09,-6.14743589743748e-12,1.10723539745165e-12,-1.05171164726808e-13,-5.02992526954299e-07
3568.55972,0.44242,4.37374166666667e-07,1.27408333333351e-09,1.25762820512823e-09,-5.01019813519909e-12,9.69212639213523e-13,-4.75661948571872e-13,-2.27490497143069e-06
3578.64087566666,0.443669833333333,4.38628e-07,1.23141666666649e-09,1.25397494172498e-09,-3.11596736597344e-12,1.19337071947004e-13,-7.63261997052859e-13,-3.65038346416585e-06
3588.72472,0.44492,4.39837e-07,1.22283333333352e-09,1.25139627039628e-09,-1.15064102566157e-12,-8.34508800376886e-13,-9.02193240418686e-13,-4.31483723678502e-06
3598.80184266666,0.446169333333333,4.41073666666667e-07,1.21850000000002e-09,1.25167365967366e-09,8.77622377602921e-13,-1.62022476717871e-12,-8.84595949306573e-13,-4.23067627929231e-06
3608.88972,0.44742,4.42274e-07,1.24016666666646e-09,1.25315151515149e-09,6.9988344984452e-13,-2.01565915565486e-12,-7.78212000819865e-13,-3.72188348218196e-06
3619.04750266667,0.448679333333333,4.43554e-07,1.27799999999999e-09,1.25307342657334e-09,-1.8257575757697e-12,-1.97236782540962e-12,-6.48527980343593e-13,-3.10165555816501e-06
3629.13269133334,0.449929666666667,4.4483e-07,1.283e-09,1.24949999999995e-09,-2.64073426570678e-12,-1.75722852831648e-12,-5.29358973380644e-13,-2.53171682921178e-06
3639.22056866666,0.451180333333333,4.4612e-07,1.27691666666647e-09,1.24779195804193e-09,-1.2692307692358e-12,-1.26021908043581e-12,-4.17732614518919e-13,-1.9978516346557e-06
3649.30172433334,0.452430166666667,4.47383833333333e-07,1.2505e-09,1.24696153846148e-09,-1.35343822843144e-12,-4.00607074083377e-13,-2.63493222357479e-13,-1.26018497649229e-06
3659.366748,0.453678,4.48621e-07,1.23525e-09,1.24508508158507e-09,-2.91666666662631e-12,6.21907311692204e-13,-2.86531991283742e-15,-1.37037039309616e-08
3669.162905,0.4548925,4.49854333333333e-07,1.18950000000001e-09,1.24112820512823e-09,-4.44405594403922e-12,1.63897475310931e-12,3.74809190249965e-13,1.79256569249983e-06
3678.434772,0.456042,4.51e-07,1.19283333333354e-09,1.23619696969699e-09,-5.04691142190619e-12,2.23637895116764e-12,8.04360703859659e-13,3.84694249672011e-06
3688.62078566666,0.457304833333333,4.5224e-07,1.2704166666665e-09,1.23103438228441e-09,1.02214452215131e-12,2.0109595396617e-12,1.20822300122164e-12,5.77845783192958e-06
3699.035336,0.458596,4.53540833333333e-07,1.282e-09,1.23824125874129e-09,1.13097319347242e-11,1.3926469826528e-12,1.53987076103794e-12,7.36459929192058e-06
3709.283189,0.4598665,4.54804e-07,1.25808333333352e-09,1.25365384615386e-09,1.30265151515215e-11,1.06595655552564e-12,1.76654247507418e-12,8.44868140252869e-06
3719.369722,0.461117,4.56057e-07,1.24999999999999e-09,1.26429428904433e-09,1.04696969697096e-11,1.11110075110348e-12,1.8543262881716e-12,8.86851703038591e-06
3729.46700966667,0.462368833333333,4.57304e-07,1.23999999999998e-09,1.27459324009328e-09,4.68677156176528e-12,1.41357431618466e-12,1.77076420403211e-12,8.46887228015357e-06
3739.48901466666,0.463611333333333,4.58537e-07,1.2515e-09,1.27366783216787e-09,-3.88228438227334e-12,1.76732734254227e-12,1.51904082999449e-12,7.26497788258234e-06
3749.60377866667,0.464865333333333,4.59807e-07,1.32575000000001e-09,1.26682867132874e-09,-3.88432400932655e-12,1.79487618661025e-12,1.14909380875128e-12,5.49566604185395e-06
3760.39070933334,0.466202666666667,4.611885e-07,1.28833333333351e-09,1.26589918414921e-09,3.99184148885648e-14,1.40678850939231e-12,7.43454686630937e-13,3.55565284910448e-06
3770.08200833334,0.467404166666667,4.62383666666667e-07,1.24158333333349e-09,1.26690850815851e-09,-3.27797202808377e-13,9.10630046275688e-13,3.85669999636798e-13,1.84450869391512e-06
3780.47908233334,0.468693166666667,4.63671666666667e-07,1.26316666666649e-09,1.2652435897436e-09,-3.05273892774553e-12,4.96017645792536e-13,1.12194194398974e-13,5.36580929734223e-07
3790.61804433334,0.469950166666667,4.6491e-07,1.24349999999999e-09,1.26080303030302e-09,-5.63111888113424e-12,8.35816356930255e-15,-9.29919307017175e-14,-4.44744016399518e-07
3800.602408,0.471188,4.66158666666667e-07,1.256e-09,1.25398135198133e-09,-6.51223776225141e-12,-6.29630192677645e-13,-2.75513537253134e-13,-1.31767343903673e-06
3810.85563833334,0.472459166666667,4.67422e-07,1.25516666666653e-09,1.24777855477852e-09,-5.24475524621823e-14,-1.39960727678302e-12,-4.62473093263423e-13,-2.21182783734681e-06
3820.93141666666,0.473708333333333,4.68669e-07,1.25425e-09,1.2538764568764e-09,7.01456876457313e-12,-1.901162517033e-12,-6.5852815132941e-13,-3.14948246287979e-06
3830.98971866666,0.474955333333333,4.699305e-07,1.25449999999998e-09,1.26180769230766e-09,4.78933566436249e-12,-1.67144037926821e-12,-8.30819746036446e-13,-3.97348574191344e-06
3841.077596,0.476206,4.71178e-07,1.25625e-09,1.26345512820513e-09,5.53613053613659e-13,-1.07127692758368e-12,-9.43753545112296e-13,-4.51360391140663e-06
3851.17757233334,0.477458166666667,4.72443e-07,1.26800000000001e-09,1.26291491841489e-09,-2.43502331003135e-12,-4.48983737681169e-13,-9.70454084538563e-13,-4.6413021434453e-06
3861.26007233334,0.478708166666667,4.73714e-07,1.2715e-09,1.25858508158507e-09,-4.84848484847345e-12,-7.7984527550068e-14,-9.15242891870422e-13,-4.37724861329332e-06
3871.321063,0.4799555,4.74986e-07,1.26949999999997e-09,1.25321794871795e-09,-4.10955710955187e-12,-2.01838210097035e-13,-8.01777775830147e-13,-3.83458936266592e-06
3881.49094466666,0.481216333333333,4.76253e-07,1.26050000000004e-09,1.25036596736596e-09,2.22027972030007e-13,-3.86631540758373e-13,-6.41767345694608e-13,-3.06932208810465e-06
3891.60033133334,0.482469666666667,4.77507e-07,1.23291666666655e-09,1.25366200466201e-09,3.15355477855822e-12,-3.32708338354887e-13,-4.35514529094182e-13,-2.0828955739287e-06
3901.67610966666,0.483718833333333,4.78718833333333e-07,1.22374999999995e-09,1.25667307692308e-09,1.98280885781829e-12,-2.40490966353524e-13,-1.96303349014352e-13,-9.38842103981683e-07
3911.75323233334,0.484968166666667,4.799545e-07,1.24758333333347e-09,1.25762762237764e-09,1.01252913754063e-12,-2.47710831835929e-13,5.09259404311475e-14,2.43558845540271e-07
3921.82901066666,0.486217333333333,4.81214e-07,1.25875000000002e-09,1.25869813519816e-09,2.69522144506655e-13,1.09045952217336e-14,2.74954871506831e-13,1.3150015593805e-06
3931.93570866667,0.487470333333333,4.82472e-07,1.29150000000002e-09,1.25816666666665e-09,-7.75349650378505e-13,3.01762275255475e-13,4.72851928919608e-13,2.26146574700682e-06
3942.084081,0.4887285,4.83797e-07,1.29599999999999e-09,1.2571474358974e-09,-1.02505827506906e-12,6.24862208270813e-13,7.7354886790002e-13,3.69958154213053e-06
3952.16792533334,0.489978666666667,4.85064e-07,1.24999999999999e-09,1.25611655011652e-09,-1.48339160838806e-12,9.80204394264441e-13,1.10492581133043e-12,5.28442779331945e-06
3962.249081,0.4912285,4.86297e-07,1.23550000000001e-09,1.25418065268063e-09,-2.00437062934953e-12,1.3677888332347e-12,1.4669827592096e-12,7.01600450056765e-06
3972.33830266666,0.492479333333333,4.87535e-07,1.23391666666648e-09,1.25210780885782e-09,-6.0094072592112e-13,1.78761552518325e-12,1.85971971154085e-12,8.89431166389102e-06
3982.42080266667,0.493729333333333,4.88764833333333e-07,1.23016666666648e-09,1.25297877122878e-09,1.44293206792358e-12,2.23968447010678e-12,2.28313666832085e-12,1.09193492832736e-05
3992.48313766667,0.494976833333333,4.89995333333333e-07,1.24708333333351e-09,1.25499367299366e-09,2.58687146186431e-12,2.72399566801026e-12,2.73723362955458e-12,1.30911173587393e-05
4002.64092033334,0.496236166666667,4.91259e-07,1.2660833333335e-09,1.25815251415251e-09,3.730810855804e-12,3.24054911889202e-12,3.22201059523708e-12,1.54096158902643e-05
4012.76375033334,0.497491166666667,4.925275e-07,1.28433333333353e-09,1.26245529470527e-09,4.87475024969074e-12,3.78934482275207e-12,3.73746756536833e-12,1.78748448778485e-05
4022.861038,0.498743,4.93827666666667e-07,1.28025000000003e-09,1.26790201465189e-09,6.01868964363043e-12,4.37038277958876e-12,4.28360453995e-12,2.04868043215e-05
4032.92471733334,0.499990666666667,4.95088e-07,1.26033333333297e-09,1.27449267399253e-09,6.59065934063998e-12,4.98366298940042e-12,4.86042151898374e-12,2.32454942212266e-05
