wvnmbr,Voltage,Current,DerivativeY1,DerivativeY1_1,DerivativeY2,DerivativeY2_1,DerivativeY2_2,Alpha
-4033,-0.5,-6.10444e-07,2.55200000000004e-09,2.09383487008738e-09,-3.41805464014357e-11,-3.4388741080243e-11,-3.44103370317744e-11,NaN
-4022.9175,-0.49875,-6.07892e-07,2.38100000000003e-09,2.05965432368595e-09,-3.36843490836117e-11,-3.3496973872685e-11,-3.35002496630859e-11,NaN
-4012.835,-0.4975,-6.05682e-07,2.10583333333355e-09,2.02646617192016e-09,-3.26919544479634e-11,-3.25878571085598e-11,-3.25770591327941e-11,NaN
-4002.7525,-0.49625,-6.03680333333333e-07,1.95450000000001e-09,1.99427041479002e-09,-3.16995598123151e-11,-3.16613907878672e-11,-3.16407654408991e-11,NaN
-3992.58934,-0.49499,-6.01773e-07,1.85966666666649e-09,1.96306705229553e-09,-3.0707165176667e-11,-3.07175749106074e-11,-3.06913685874008e-11,NaN
-3982.50684,-0.49374,-5.99961e-07,1.79974999999997e-09,1.93285608443669e-09,-2.9714770541019e-11,-2.97564094767802e-11,-2.97288685722993e-11,NaN
-3972.42434,-0.49249,-5.981735e-07,1.78899999999999e-09,1.90363751121349e-09,-2.87223759053705e-11,-2.87223759053705e-11,-2.87418284384914e-11,NaN
-3962.34184,-0.49124,-5.96383e-07,1.74066666666654e-09,1.87541133262595e-09,-2.77299812697221e-11,-2.77299812697223e-11,-2.77456807985321e-11,NaN
-3952.25934,-0.48999,-5.94692166666667e-07,1.69741666666646e-09,1.84817754867405e-09,-2.67375866340742e-11,-2.67375866340741e-11,-2.67452786752375e-11,NaN
-3942.17684,-0.48874,-5.92988166666667e-07,1.68858333333352e-09,1.8219361593578e-09,-2.57451919984259e-11,-2.57451919984259e-11,-2.57451919984259e-11,NaN
-3932.01368,-0.48748,-5.91315e-07,1.67008333333354e-09,1.7966871646772e-09,-2.47527973627777e-11,-2.47527973627777e-11,-2.47493031863502e-11,NaN
-3921.93118,-0.48623,-5.89648e-07,1.65908333333344e-09,1.77243056463224e-09,-2.37604027271295e-11,-2.37604027271295e-11,-2.37604027271295e-11,NaN
-3911.84868,-0.48498,-5.87996833333333e-07,1.632e-09,1.74916635922294e-09,-2.27680080914813e-11,-2.27680080914813e-11,-2.27680080914813e-11,NaN
-3901.76618,-0.48373,-5.86384e-07,1.62391666666655e-09,1.72689454844928e-09,-2.17756134558331e-11,-2.17756134558331e-11,-2.17756134558331e-11,NaN
-3891.68368,-0.48248,-5.84749e-07,1.632e-09,1.70561513231127e-09,-2.07832188201848e-11,-2.07832188201849e-11,-2.07832188201848e-11,NaN
-3881.60118,-0.48123,-5.8312e-07,1.6495e-09,1.68532811080891e-09,-1.97908241845366e-11,-1.97908241845366e-11,-1.97285075255465e-11,NaN
-3871.43802,-0.47997,-5.8145e-07,1.65983333333346e-09,1.6660334839422e-09,-1.87984295488884e-11,-1.87984295488884e-11,-1.87109184852083e-11,NaN
-3861.35552,-0.47872,-5.79800333333333e-07,1.61599999999998e-09,1.64773125171113e-09,-1.78060349132403e-11,-1.78060349132402e-11,-1.79247947828833e-11,NaN
-3851.27302,-0.47747,-5.78218e-07,1.59016666666657e-09,1.63042141411572e-09,-1.6813640277592e-11,-1.6813640277592e-11,-1.72883540518242e-11,NaN
-3841.19052,-0.47622,-5.7662e-07,1.607e-09,1.61410397115595e-09,-1.58212456419437e-11,-1.58212456419438e-11,-1.65486404343688e-11,NaN
-3831.10802,-0.47497,-5.75004e-07,1.61608333333347e-09,1.59877892283183e-09,-1.48288510062955e-11,-1.55714578592614e-11,-1.54452119608506e-11,NaN
-3821.02552,-0.47372,-5.73387833333333e-07,1.59466666666648e-09,1.58444626914336e-09,-1.38364563706474e-11,-1.50649482594101e-11,-1.3795467823522e-11,NaN
-3810.94302,-0.47247,-5.71814666666667e-07,1.59158333333301e-09,1.57110601009054e-09,-1.28440617349992e-11,-1.2643593525346e-11,-1.15553275567818e-11,NaN
-3800.77986,-0.47121,-5.70204666666667e-07,1.573166666667e-09,1.55875814567336e-09,-1.18516670993509e-11,-9.06936412512018e-12,-8.7951724771146e-12,NaN
-3790.69736,-0.46996,-5.68668333333333e-07,1.54574999999995e-09,1.54740267589183e-09,-1.08592724637028e-11,-5.33791752010893e-12,-5.6902745111941e-12,NaN
-3780.61486,-0.46871,-5.67113166666667e-07,1.56766666666653e-09,1.53703960074595e-09,-1.01747949687815e-12,-2.05911802920392e-12,-2.5438758228377e-12,NaN
-3770.53236,-0.46746,-5.65533e-07,1.58516666666701e-09,1.54536771689808e-09,7.97739473147762e-12,3.67984865225961e-13,-4.72883553176699e-14,NaN
-3760.44986,-0.46621,-5.63942833333333e-07,1.56050000000004e-09,1.55299439020891e-09,4.7578993861731e-12,1.89435870170418e-12,1.25269478095959e-12,NaN
-3750.36736,-0.46496,-5.62412e-07,1.55641666666654e-09,1.55488351567042e-09,6.72612441208101e-13,2.35956498909666e-12,1.49260318057392e-12,NaN
-3740.2042,-0.4637,-5.6083e-07,1.57291666666646e-09,1.55433961509133e-09,-1.40596616004803e-12,1.5387631733471e-12,1.01504302593801e-12,NaN
-3730.1217,-0.46245,-5.59266166666667e-07,1.60800000000002e-09,1.55207158335033e-09,-2.15635216350795e-12,-5.04137007327121e-13,1.54300341576687e-13,NaN
-3720.0392,-0.4612,-5.57614e-07,1.59508333333348e-09,1.55002691076431e-09,-1.57746683579439e-12,-2.04573972352062e-12,-8.09891205661575e-13,NaN
-3709.9567,-0.45995,-5.56076e-07,1.56216666666648e-09,1.54891664967874e-09,-1.69465144548908e-12,-2.15320557787528e-12,-1.68913208971297e-12,NaN
-3699.8742,-0.4587,-5.54489666666667e-07,1.59108333333353e-09,1.54663760787333e-09,-1.9355411976172e-12,-2.02429114540806e-12,-2.31321926211218e-12,NaN
-3689.7917,-0.45745,-5.52893833333333e-07,1.53933333333347e-09,1.5450455672835e-09,-1.37909314669165e-12,-2.11745108167681e-12,-2.58245793831434e-12,NaN
-3679.7092,-0.4562,-5.51411e-07,1.50141666666645e-09,1.54387942157995e-09,-2.12699702521879e-12,-2.40956237356946e-12,-2.57946240649501e-12,NaN
-3669.54604,-0.45494,-5.49891e-07,1.5095833333335e-09,1.54079157323307e-09,-3.09482660988571e-12,-2.73824976839379e-12,-2.55315413301427e-12,NaN
-3659.46354,-0.45369,-5.48391833333333e-07,1.52650000000005e-09,1.53768976836018e-09,-3.18532979229024e-12,-2.7691678377813e-12,-2.5862221682169e-12,NaN
-3649.38104,-0.45244,-5.46838e-07,1.56241666666649e-09,1.53442091364849e-09,-3.17312207902277e-12,-2.57291256433031e-12,-2.54288932994391e-12,NaN
-3639.29854,-0.45119,-5.45267e-07,1.55950000000001e-09,1.53134352420213e-09,-2.58315307255719e-12,-2.37437939727114e-12,-2.37920006155861e-12,NaN
-3629.21604,-0.44994,-5.43719e-07,1.54016666666651e-09,1.52925460750337e-09,-1.63191031129686e-12,-2.11307106076979e-12,-2.12490393453008e-12,NaN
-3619.13354,-0.44869,-5.42186666666667e-07,1.5245e-09,1.52807970357954e-09,-9.17819958169312e-13,-1.81502497863405e-12,-1.84767196854233e-12,NaN
-3608.97038,-0.44743,-5.4067e-07,1.51133333333349e-09,1.52741896758703e-09,-1.22739850656873e-12,-1.56604622541199e-12,-1.63518780135741e-12,NaN
-3598.88788,-0.44618,-5.39164e-07,1.52549999999997e-09,1.5256249065664e-09,-2.14101867161964e-12,-1.41798996283929e-12,-1.49383809677562e-12,NaN
-3588.80538,-0.44493,-5.37619e-07,1.496e-09,1.52313693024379e-09,-2.13818357531864e-12,-1.33843401678672e-12,-1.38050191520093e-12,NaN
-3578.72288,-0.44368,-5.36172e-07,1.48750000000003e-09,1.52134853941576e-09,-1.14818663313941e-12,-1.3377364557998e-12,-1.29137083478638e-12,NaN
-3568.64038,-0.44243,-5.34644e-07,1.51449999999998e-09,1.52084055697751e-09,-8.46538615443735e-13,-1.39138008416282e-12,-1.25961582148568e-12,NaN
-3558.55788,-0.44118,-5.33143e-07,1.51199999999997e-09,1.51965546218488e-09,-1.11576611777821e-12,-1.30364838683139e-12,-1.29511301309861e-12,NaN
-3548.39472,-0.43992,-5.3162e-07,1.50900000000004e-09,1.51860902474196e-09,-9.8905411221439e-13,-1.15374140596245e-12,-1.34848179559162e-12,NaN
-3538.31222,-0.43867,-5.30125e-07,1.49900000000003e-09,1.51767735396045e-09,-1.54383357115861e-12,-1.21038951051317e-12,-1.3869859644818e-12,NaN
-3528.22972,-0.43742,-5.28622e-07,1.52549999999997e-09,1.51552135759964e-09,-1.79623641909742e-12,-1.47185319569312e-12,-1.37896678517384e-12,NaN
-3518.14722,-0.43617,-5.27074e-07,1.50899999999999e-09,1.51408488112225e-09,-1.13044463068453e-12,-1.52619342806879e-12,-1.28844563365817e-12,NaN
-3508.06472,-0.43492,-5.25604e-07,1.50350000000005e-09,1.51326046833827e-09,-1.06523647194469e-12,-1.21679845575724e-12,-1.10270929911292e-12,NaN
-3497.98222,-0.43367,-5.24067e-07,1.52949999999997e-09,1.51195440817836e-09,-1.41229133162602e-12,-8.58026194159849e-13,-7.9153530487059e-13,NaN
-3487.89972,-0.43242,-5.22545e-07,1.53299999999997e-09,1.51043588567502e-09,-1.03568974759986e-12,-4.12633734498861e-13,-3.6344764732348e-13,NaN
-3477.73656,-0.43116,-5.21001e-07,1.55016666666652e-09,1.50988302868316e-09,5.09297115075488e-13,1.09730711126898e-13,8.30170437873166e-14,NaN
-3467.65406,-0.42991,-5.19444666666667e-07,1.52249999999999e-09,1.51145447990517e-09,1.26998629640933e-12,5.2134603236634e-13,3.93109762879083e-13,NaN
-3457.57156,-0.42866,-5.17956e-07,1.51133333333349e-09,1.51242300127598e-09,4.27336972519276e-13,7.57610463810114e-13,5.00603256530841e-13,NaN
-3447.48906,-0.42741,-5.16422e-07,1.53100000000002e-09,1.51230915385021e-09,7.07355583743938e-13,6.73151307408206e-13,4.65160465764244e-13,NaN
-3437.40656,-0.42616,-5.14894e-07,1.48275000000001e-09,1.51383771244347e-09,1.05447367626937e-12,3.03323763865613e-13,3.06636098794647e-13,NaN
-3427.32406,-0.42491,-5.134565e-07,1.46816666666648e-09,1.51441810120275e-09,-4.98321970320138e-14,-1.55131036887843e-13,6.22731898235247e-14,NaN
-3417.1609,-0.42365,-5.11957666666667e-07,1.52675e-09,1.51373804804941e-09,-1.10250137790743e-12,-3.67311920148442e-13,-1.64566118608331e-13,NaN
-3407.0784,-0.4224,-5.10403e-07,1.53275000000001e-09,1.51221309844693e-09,-1.25090507900688e-12,-2.97163306100394e-13,-2.96617234620509e-13,NaN
-3396.9959,-0.42115,-5.08892166666667e-07,1.52491666666646e-09,1.51123623789139e-09,-3.61177489865497e-13,-3.35801867037208e-13,-3.01273684001977e-13,NaN
-3386.9134,-0.4199,-5.07353166666667e-07,1.52008333333352e-09,1.5114907434672e-09,3.28482336328823e-13,-3.17293199111949e-13,-2.25845832310119e-13,NaN
-3376.8309,-0.41865,-5.05852e-07,1.50308333333353e-09,1.51189320256405e-09,5.42762387971861e-13,-9.74429332805503e-14,-1.48805259615894e-13,NaN
-3366.7484,-0.4174,-5.04347e-07,1.49949999999999e-09,1.51257626824315e-09,1.83832023372384e-13,1.40332620701002e-14,-1.43754317874842e-13,NaN
-3356.6659,-0.41615,-5.02853e-07,1.50649999999997e-09,1.51226086661079e-09,-6.84853186556184e-13,-8.02258340120494e-14,-2.2878720595738e-13,NaN
-3346.50274,-0.41489,-5.01334e-07,1.51449999999998e-09,1.51120656187003e-09,-5.67597793832367e-13,-3.54340412330411e-13,-3.59377695103497e-13,NaN
-3336.42024,-0.41364,-4.99824e-07,1.521e-09,1.51112567102313e-09,-4.21742281817508e-13,-6.24342462497012e-13,-5.53962201234726e-13,NaN
-3326.33774,-0.41239,-4.98292e-07,1.52350000000002e-09,1.5103630773064e-09,-8.60311105573387e-13,-8.61695736040742e-13,-7.97305068807596e-13,NaN
-3316.25524,-0.41114,-4.96777e-07,1.49966666666651e-09,1.50940504881198e-09,-8.84810527982379e-13,-1.05000515841631e-12,-1.02059500097833e-12,NaN
-3306.17274,-0.40989,-4.95292666666667e-07,1.50999999999997e-09,1.50859345625043e-09,-1.11118787137398e-12,-1.13970217105723e-12,-1.19765726586101e-12,NaN
-3296.09024,-0.40864,-4.93757e-07,1.51033333333352e-09,1.50718267306923e-09,-1.31187003103626e-12,-1.29298667393297e-12,-1.29992636195293e-12,NaN
-3285.92708,-0.40738,-4.92272e-07,1.49300000000003e-09,1.50596971618836e-09,-1.59706335364643e-12,-1.35195591848877e-12,-1.32867806047361e-12,NaN
-3275.84458,-0.40613,-4.90771e-07,1.50791666666652e-09,1.50398854636194e-09,-1.46114483529174e-12,-1.3148859183023e-12,-1.27627341307271e-12,NaN
-3265.76342433334,-0.404880166666667,-4.89256166666667e-07,1.5075e-09,1.50304742651778e-09,-9.63836477984075e-13,-1.22684944585125e-12,-1.12527952064096e-12,NaN
-3255.67958,-0.40363,-4.87756e-07,1.51091666666698e-09,1.50206087340597e-09,-1.00052001932215e-12,-9.40567547332467e-13,-8.89652664140703e-13,NaN
-3245.59708,-0.40238,-4.86234333333333e-07,1.50925e-09,1.50104638647913e-09,-6.68291845039789e-13,-6.4189143793038e-13,-6.04538496536629e-13,NaN
-3235.51458,-0.40113,-4.847375e-07,1.51725000000001e-09,1.50072428971589e-09,-5.49686855877628e-13,-3.14325085710101e-13,-3.43993213369096e-13,NaN
-3225.35142,-0.39987,-4.83199833333333e-07,1.50724999999994e-09,1.49994701276738e-09,-2.39643027020964e-14,3.15308645239987e-15,-1.40717520549629e-13,NaN
-3215.26892,-0.39862,-4.81723e-07,1.47833333333301e-09,1.50067636111049e-09,4.77108768032177e-13,9.36467079227086e-14,-3.14644325374595e-14,NaN
-3205.18642,-0.39737,-4.80243166666667e-07,1.49583333333354e-09,1.50090123030344e-09,-6.22985043451699e-15,-1.53171793437012e-14,-5.05841994677909e-14,NaN
-3195.10392,-0.39612,-4.78731333333333e-07,1.50883333333348e-09,1.50066390140962e-09,1.94942127795008e-13,-1.97772661424828e-13,-1.52120025309142e-13,NaN
-3185.02142,-0.39487,-4.772255e-07,1.49091666666648e-09,1.50129111455903e-09,-1.36833978872754e-13,-3.35895811022409e-13,-3.17500888952767e-13,NaN
-3174.93892,-0.39362,-4.757495e-07,1.47533333333348e-09,1.50039023345188e-09,-1.35761946288095e-12,-5.56992243174976e-13,-5.1774332189703e-13,NaN
-3164.85642,-0.39237,-4.74274833333333e-07,1.47425000000001e-09,1.49857587563327e-09,-1.2965591897141e-12,-7.4605074470369e-13,-6.91998097738899e-13,NaN
-3154.69326,-0.39111,-4.72801e-07,1.50541666666651e-09,1.49779711507245e-09,-3.9479471033251e-13,-7.87151274724915e-13,-8.25315453886815e-13,NaN
-3144.61076,-0.38986,-4.71264e-07,1.50350000000002e-09,1.49778628621261e-09,-3.64531661726135e-13,-9.25213932606268e-13,-9.31077997949838e-13,NaN
-3134.52826,-0.38861,-4.69794e-07,1.50250000000002e-09,1.49706805174899e-09,-9.92282762166931e-13,-1.0310702787508e-12,-1.01102685793045e-12,NaN
-3124.44576,-0.38736,-4.68259e-07,1.50299999999998e-09,1.49580172068827e-09,-1.00446310599249e-12,-1.00659386110026e-12,-1.03145821101684e-12,NaN
-3114.36326,-0.38611,-4.66788e-07,1.47850000000002e-09,1.49505912553701e-09,-1.069171064647e-12,-1.00259806609864e-12,-9.8914761439312e-13,NaN
-3104.28076,-0.38486,-4.65302e-07,1.49750000000002e-09,1.49366337855898e-09,-1.58290486005513e-12,-9.80004008464569e-13,-8.92703477020581e-13,NaN
-3094.1176,-0.3836,-4.63793e-07,1.51075000000001e-09,1.4918933158169e-09,-1.11349822948461e-12,-8.31108981834396e-13,-7.38691483615652e-13,NaN
-3084.0351,-0.38235,-4.622805e-07,1.493e-09,1.49143638210001e-09,-1.66768594234151e-13,-5.59621192014307e-13,-5.77036275891726e-13,NaN
-3073.9526,-0.3811,-4.60807e-07,1.48374999999996e-09,1.49155977862843e-09,1.17660271656364e-13,-3.41173277158637e-13,-4.46900747976944e-13,NaN
-3063.8701,-0.37985,-4.59313e-07,1.47349999999999e-09,1.49167170264332e-09,-1.90965065273684e-13,-2.46703638135544e-13,-3.54898244460616e-13,NaN
-3053.7876,-0.3786,-4.5786e-07,1.48966666666652e-09,1.49117784849788e-09,-3.85729763605367e-13,-2.48314569705345e-13,-3.07598434726631e-13,NaN
-3043.7051,-0.37735,-4.56333666666667e-07,1.5075e-09,1.49090024311611e-09,-1.96117126093045e-13,-3.46406790716103e-13,-3.0972233054881e-13,NaN
-3033.6226,-0.3761,-4.54845e-07,1.49816666666699e-09,1.4907856142457e-09,-5.53083497550757e-13,-4.29747025256641e-13,-3.62270487247426e-13,NaN
-3023.45944,-0.37484,-4.53337333333333e-07,1.51400000000002e-09,1.48979407612101e-09,-9.2716237438791e-13,-4.40869821121588e-13,-4.20588132726583e-13,NaN
-3013.37694,-0.37359,-4.51817e-07,1.5075e-09,1.48893128949692e-09,-4.4852846799316e-13,-3.86394035115604e-13,-4.2664371425269e-13,NaN
-3003.29444,-0.37234,-4.50322333333333e-07,1.49391666666648e-09,1.48889701918502e-09,1.23090745736418e-13,-3.57056458945787e-13,-3.54247544171426e-13,NaN
-2993.21194,-0.37109,-4.48829166666667e-07,1.48666666666649e-09,1.48917747098839e-09,7.71157520305656e-15,-3.52839013514219e-13,-2.20816263003939e-13,NaN
-2983.12944,-0.36984,-4.47349e-07,1.48808333333351e-09,1.48891244233543e-09,-3.51019653141454e-13,-1.50687981134061e-13,-6.55791540360995e-14,NaN
-2973.04694,-0.36859,-4.45853e-07,1.51149999999998e-09,1.48847543168211e-09,-2.30693220686839e-13,1.76528814015764e-13,9.5402690924036e-14,NaN
-2962.88378,-0.36733,-4.44326e-07,1.48391666666647e-09,1.48845105589406e-09,-5.76598564058053e-14,3.88331369403678e-13,2.4952564037978e-13,NaN
-2952.80128,-0.36608,-4.42885166666667e-07,1.47558333333354e-09,1.4883601119693e-09,4.45145039145513e-13,4.2933754405011e-13,3.95265863630283e-13,NaN
-2942.71878,-0.36483,-4.41374833333333e-07,1.47833333333351e-09,1.48934134597235e-09,1.35551484745855e-12,4.54209407296138e-13,5.14235416256015e-13,NaN
-2932.63628,-0.36358,-4.399285e-07,1.46725e-09,1.49107114166422e-09,1.18905486722955e-12,5.43072288950218e-13,5.69314974606635e-13,NaN
-2922.55378,-0.36233,-4.38440333333333e-07,1.46574999999999e-09,1.49171945570681e-09,1.5990830294058e-13,5.99441689858889e-13,5.88912332702277e-13,NaN
-2912.47128,-0.36108,-4.36997e-07,1.47149999999999e-09,1.4913909582701e-09,-3.62500660639023e-13,6.61462808285611e-13,6.27797157779165e-13,NaN
-2902.30812,-0.35982,-4.35497333333333e-07,1.49116666666651e-09,1.49099445438553e-09,4.04044636723829e-13,6.79019364705255e-13,7.04490455706728e-13,NaN
-2892.22562,-0.35857,-4.34014666666667e-07,1.47416666666649e-09,1.49219904754355e-09,1.2281110557435e-12,6.66256362682882e-13,7.81559777497963e-13,NaN
-2882.14312,-0.35732,-4.32549e-07,1.49383333333351e-09,1.49345067649701e-09,1.18611878713491e-12,7.73402563733812e-13,8.12896237841435e-13,NaN
-2872.06062,-0.35607,-4.31027e-07,1.51400000000002e-09,1.49457128511782e-09,1.11099628530115e-12,8.99648697055318e-13,7.98993187515757e-13,NaN
-2861.97812,-0.35482,-4.29521e-07,1.4825e-09,1.49567266906762e-09,7.23313853841437e-13,8.9931912202677e-13,7.38279594092265e-13,NaN
-2851.89562,-0.35357,-4.28062e-07,1.50116666666647e-09,1.4960179128255e-09,3.92619311879536e-13,6.85175288393802e-13,6.34769401041962e-13,NaN
-2841.81312,-0.35232,-4.26518666666667e-07,1.52549999999997e-09,1.49645790769138e-09,3.61003835497736e-13,3.9933257905445e-13,4.90346945756183e-13,NaN
-2831.64996,-0.35106,-4.25011e-07,1.49433333333353e-09,1.49673992049649e-09,3.12641094172745e-13,2.56449028132183e-13,3.10788438120757e-13,NaN
-2821.56746,-0.34981,-4.2353e-07,1.48400000000002e-09,1.49708318987972e-09,3.50244814910128e-13,1.4407925944752e-13,1.49249517011757e-13,NaN
-2811.48496,-0.34856,-4.22043e-07,1.49049999999998e-09,1.49744041012631e-09,-2.07243274650314e-14,4.3212759440917e-14,4.8168481262944e-14,NaN
-2801.40246,-0.34731,-4.20549e-07,1.48950000000001e-09,1.49704174122479e-09,-1.60070632028987e-13,-4.67392393026848e-15,2.82409159563956e-14,NaN
-2791.31996,-0.34606,-4.19064e-07,1.49391666666651e-09,1.49712026886226e-09,1.97985798087924e-13,1.92200973287448e-14,7.38922746672828e-14,NaN
-2781.23746,-0.34481,-4.17561166666667e-07,1.49150000000001e-09,1.49743771282097e-09,-8.11853043077213e-14,1.44244690444615e-13,1.47495204550577e-13,NaN
-2771.0743,-0.34355,-4.16081e-07,1.50633333333352e-09,1.49695789825364e-09,-1.34138561017493e-14,2.55449078959377e-13,2.54366376762171e-13,NaN
-2760.9918,-0.3423,-4.145485e-07,1.52199999999998e-09,1.49741088510876e-09,5.69742047764715e-13,3.86677937218488e-13,3.7823468983529e-13,NaN
-2750.9093,-0.34105,-4.13037e-07,1.49924999999999e-09,1.49809738234917e-09,7.95064252117136e-13,4.87185592011931e-13,4.80289359001915e-13,NaN
-2740.8268,-0.3398,-4.1155e-07,1.49550000000002e-09,1.499001013613e-09,6.72414248716273e-13,5.00346373762792e-13,5.20648853829917e-13,NaN
-2730.7443,-0.33855,-4.10046e-07,1.51791666666648e-09,1.4994422108466e-09,1.85686538766339e-13,5.24944877014508e-13,4.62515835073619e-13,NaN
-2720.6618,-0.3373,-4.08514166666667e-07,1.54249999999999e-09,1.49937238669053e-09,2.83241598530444e-13,4.13539968478879e-13,3.07634369710504e-13,NaN
-2710.5793,-0.33605,-4.06961e-07,1.53008333333351e-09,1.50000869404366e-09,2.78106525629235e-13,1.41031783254852e-13,6.057239302013e-14,NaN
-2700.41614,-0.33479,-4.05454e-07,1.50758333333352e-09,1.49992859974179e-09,-8.54473865037716e-14,-2.27064973854403e-13,-2.37815018175752e-13,NaN
-2690.33364,-0.33354,-4.03945833333333e-07,1.48741666666651e-09,1.49983779927066e-09,-2.92930379699196e-13,-6.2738011816399e-13,-5.39050253396748e-13,NaN
-2680.25114,-0.33229,-4.02479166666667e-07,1.47341666666647e-09,1.49934273898239e-09,-9.13245486873474e-13,-9.19526815872518e-13,-8.32862417520795e-13,NaN
-2670.16864,-0.33104,-4.00999e-07,1.4905833333335e-09,1.49801130829691e-09,-1.47932097367404e-12,-1.12588881266653e-12,-1.07552118521842e-12,NaN
-2660.08614,-0.32979,-3.99498e-07,1.50650000000003e-09,1.49638409703504e-09,-1.77227400394208e-12,-1.19307039348325e-12,-1.2243169723846e-12,NaN
-2650.00364,-0.32854,-3.97986e-07,1.50574999999998e-09,1.49446676028903e-09,-1.39862171283418e-12,-1.22686730935488e-12,-1.26858949465121e-12,NaN
-2639.84048,-0.32728,-3.964865e-07,1.48091666666646e-09,1.49358685360937e-09,-6.76096853837916e-13,-1.31895075618262e-12,-1.2310260973491e-12,NaN
-2629.75798,-0.32603,-3.95024166666667e-07,1.47575e-09,1.49311456658135e-09,-6.49355968803254e-13,-1.23964766229313e-12,-1.16129731585296e-12,NaN
-2619.67548,-0.32478,-3.93535e-07,1.47708333333353e-09,1.49228814167177e-09,-1.05555240964032e-12,-1.02795632920883e-12,-1.07932365330705e-12,NaN
-2609.59298,-0.32353,-3.9207e-07,1.47633333333351e-09,1.49100346176207e-09,-1.64051186512116e-12,-8.76647468152111e-13,-9.84665539380385e-13,NaN
-2599.51048,-0.32228,-3.90582333333333e-07,1.473e-09,1.48900711794153e-09,-1.43458609859183e-12,-8.4025717425082e-13,-8.74899054830089e-13,NaN
-2589.42798,-0.32103,-3.89124e-07,1.48466666666652e-09,1.48813428956489e-09,-2.59736913638006e-13,-8.63291417636171e-13,-7.82051692117777e-13,NaN
-2579.26482,-0.31977,-3.87613e-07,1.50558333333349e-09,1.48848764411425e-09,-1.39419918907827e-13,-7.96691054045663e-13,-7.58099972358101e-13,NaN
-2569.18232,-0.31852,-3.86112833333333e-07,1.48799999999999e-09,1.48785544972707e-09,-7.73733078135058e-13,-6.8209010965388e-13,-7.81093247760188e-13,NaN
-2559.09982,-0.31727,-3.84637e-07,1.47491666666648e-09,1.48694017795798e-09,-9.293028532249e-13,-6.93087814800324e-13,-8.0548228161715e-13,NaN
-2549.01732,-0.31602,-3.83163e-07,1.48475000000001e-09,1.48599684402062e-09,-9.998876909301e-13,-8.33453216798059e-13,-8.19298731213691e-13,NaN
-2538.93482,-0.31477,-3.816675e-07,1.48025000000002e-09,1.48494040257612e-09,-8.16703096333887e-13,-9.24747981173898e-13,-8.13482681804963e-13,NaN
-2528.85232,-0.31352,-3.802025e-07,1.4893333333335e-09,1.48436343782795e-09,-8.38855353461241e-13,-8.19025591500869e-13,-7.75731054643007e-13,NaN
-2518.76982,-0.31227,-3.78688833333333e-07,1.51025e-09,1.4832626918692e-09,-1.00843167454931e-12,-6.59685493142938e-13,-6.60300660675311e-13,NaN
-2508.60666,-0.31101,-3.77182e-07,1.49924999999999e-09,1.48234657447885e-09,-3.2213073908622e-13,-5.04999253074492e-13,-4.32972313299196e-13,NaN
-2498.52416,-0.30976,-3.75690333333333e-07,1.48850000000001e-09,1.48261843039102e-09,1.81420681477205e-13,-2.31091574598087e-13,-1.46521235392068e-13,NaN
-2488.44166,-0.30851,-3.74205e-07,1.46616666666651e-09,1.48270941584181e-09,-7.27017221958392e-14,1.14678817825477e-13,1.20589108323916e-13,NaN
-2478.35916,-0.30726,-3.72758e-07,1.46949999999999e-09,1.48247302694663e-09,-9.25653280190897e-14,4.82222103336407e-13,3.37976896312741e-13,NaN
-2468.27666,-0.30601,-3.71266e-07,1.4845e-09,1.48252428518577e-09,6.48916170234972e-13,6.83814923248898e-13,5.07721258104706e-13,NaN
-2458.19416,-0.30476,-3.69789e-07,1.4841666666665e-09,1.4837708592871e-09,1.27491751417216e-12,5.97451829830471e-13,6.07209509455874e-13,NaN
-2448.031,-0.3035,-3.68297666666667e-07,1.4804166666665e-09,1.48507412021411e-09,1.05312691114474e-12,5.10220845165333e-13,6.13189312548262e-13,NaN
-2437.9485,-0.30225,-3.66828166666667e-07,1.46683333333348e-09,1.48587711310939e-09,4.83319742993418e-13,5.46676010862563e-13,5.56020709087573e-13,NaN
-2427.866,-0.301,-3.65364e-07,1.4768333333335e-09,1.4860407597001e-09,-2.38489735520772e-13,5.2709990404337e-13,4.86534049767082e-13,NaN
-2417.7835,-0.29975,-3.638745e-07,1.48900000000002e-09,1.48540013363835e-09,-2.25822404430923e-13,4.08085955058871e-13,4.46792361402755e-13,NaN
-2407.701,-0.2985,-3.62386e-07,1.49258333333351e-09,1.48558911489124e-09,6.83310116504566e-13,3.32902611720122e-13,4.29313592338877e-13,NaN
-2397.6185,-0.29725,-3.60889333333333e-07,1.50499999999999e-09,1.48676675387136e-09,9.9472713613724e-13,3.75899609964592e-13,3.85614329246862e-13,NaN
-2387.45534,-0.29599,-3.59376e-07,1.48816666666648e-09,1.48757856916351e-09,5.18422463321848e-13,4.15793343770098e-13,3.10937257168801e-13,NaN
-2377.37284,-0.29474,-3.57913e-07,1.451e-09,1.487803598798e-09,2.16534727094708e-13,3.3134027239783e-13,2.36275310275235e-13,NaN
-2367.29034,-0.29349,-3.56474e-07,1.47550000000002e-09,1.4880116386177e-09,9.42594018755219e-14,1.39724225442172e-13,1.64397630314559e-13,NaN
-2357.20784,-0.29224,-3.54962e-07,1.51425e-09,1.48799211760175e-09,-7.98394829599783e-14,-1.83005801155291e-14,7.45947369858602e-14,NaN
-2347.12534,-0.29099,-3.534455e-07,1.51241666666651e-09,1.48785195965178e-09,-3.62580881407681e-13,-6.48589404508076e-14,-3.07627839636423e-14,NaN
-2337.04284,-0.28974,-3.51937166666667e-07,1.49525000000001e-09,1.48726695583894e-09,-3.63770036314913e-13,-7.6019029679093e-14,-1.20227209424734e-13,NaN
-2326.96034,-0.28849,-3.50455e-07,1.4815e-09,1.48712441957915e-09,2.53070095968565e-13,-1.31335768681848e-13,-1.67603304645856e-13,NaN
-2316.79718,-0.28723,-3.48974166666667e-07,1.4859166666665e-09,1.48777309603088e-09,4.16722349321622e-13,-2.01765739501694e-13,-1.76775200013377e-13,NaN
-2306.71468,-0.28598,-3.47483166666667e-07,1.4835833333335e-09,1.4879578642778e-09,-2.75095887417446e-13,-2.11811110950666e-13,-1.69705405803889e-13,NaN
-2296.63218,-0.28473,-3.46007e-07,1.48941666666702e-09,1.48722290425604e-09,-6.52766767089405e-13,-1.64292263942381e-13,-1.48177639388408e-13,NaN
-2286.54968,-0.28348,-3.44504333333333e-07,1.492e-09,1.48665233074362e-09,-4.51762780583672e-13,-9.694732447106e-14,-1.01793903304922e-13,NaN
-2276.46718,-0.28223,-3.43023e-07,1.47924999999999e-09,1.48631937869487e-09,-1.09246528794753e-13,-4.96822976008283e-14,-3.86695842814396e-14,NaN
-2266.38468,-0.28098,-3.41545833333333e-07,1.49416666666649e-09,1.48643383768603e-09,2.98009769953229e-13,-7.9944675236746e-15,1.24756379568459e-14,NaN
-2256.22152,-0.27972,-3.40034666666667e-07,1.5061666666665e-09,1.48691539823478e-09,3.97951633483069e-13,5.34529530688424e-14,1.78160412722128e-14,NaN
-2246.13902,-0.27847,-3.385335e-07,1.48733333333349e-09,1.48722974095299e-09,2.82025074175919e-13,4.61630401374945e-14,-3.74647755967281e-14,NaN
-2236.05652,-0.27722,-3.3706e-07,1.47275e-09,1.48747944838313e-09,-2.02425309753297e-13,-7.37446537769231e-14,-1.49308793630587e-13,NaN
-2225.97402,-0.27597,-3.35588e-07,1.47891666666652e-09,1.48682489033349e-09,-7.16213844032017e-13,-2.59319910841904e-13,-2.85944241019899e-13,NaN
-2215.89152,-0.27472,-3.34102166666667e-07,1.49449999999999e-09,1.48604702069507e-09,-5.29456122070138e-13,-4.63921494625507e-13,-4.01512509908641e-13,NaN
-2205.80902,-0.27347,-3.32599e-07,1.48708333333349e-09,1.48576597808935e-09,-3.45099360500147e-13,-6.0834862818927e-13,-4.7939662027635e-13,NaN
-2195.72652,-0.27222,-3.31128e-07,1.48158333333352e-09,1.48535682197407e-09,-5.25295967445967e-13,-6.38889016484622e-13,-5.21106947896084e-13,NaN
-2185.56336,-0.27096,-3.29635833333333e-07,1.48125000000002e-09,1.48471538615446e-09,-6.51234078538389e-13,-5.1565118284403e-13,-5.30920202644724e-13,NaN
-2175.48086,-0.26971,-3.281655e-07,1.48425e-09,1.48405435381699e-09,-6.43729189784324e-13,-3.62433045520649e-13,-5.19334222159939e-13,NaN
-2165.39836,-0.26846,-3.26667333333333e-07,1.49724999999998e-09,1.48342792777489e-09,-4.6244158039797e-13,-3.95736807717504e-13,-4.95999800554227e-13,NaN
-2155.31586,-0.26721,-3.25171e-07,1.48641666666651e-09,1.4831294706562e-09,-1.62949141918646e-13,-5.2370153321286e-13,-4.76930446888329e-13,NaN
-2145.23336,-0.26596,-3.236945e-07,1.46950000000001e-09,1.48310202949105e-09,-7.25516621745322e-14,-5.72279721140696e-13,-4.8042082065359e-13,NaN
-2135.15086,-0.26471,-3.22232e-07,1.48324999999999e-09,1.48298436733185e-09,-5.81703436094137e-13,-5.50170527814023e-13,-5.11587853780048e-13,NaN
-2124.9877,-0.26345,-3.20728e-07,1.47899999999998e-09,1.48193862261886e-09,-1.26219921931307e-12,-4.9934604619958e-13,-5.44497328842026e-13,NaN
-2114.9052,-0.2622,-3.19274e-07,1.471e-09,1.48045996889322e-09,-9.2226796378916e-13,-4.86830462493808e-13,-5.45563326884926e-13,NaN
-2104.8227,-0.26095,-3.17786e-07,1.47600000000001e-09,1.48009408669128e-09,-1.14565637575596e-13,-5.32780902748429e-13,-5.30537404828596e-13,NaN
-2094.7402,-0.2597,-3.16322e-07,1.47583333333349e-09,1.48023083761807e-09,1.70681480134799e-14,-5.72272547144182e-13,-5.3414279405926e-13,NaN
-2084.6577,-0.25845,-3.14834333333333e-07,1.4845e-09,1.48012822298731e-09,-2.86981773843117e-13,-5.53915191006956e-13,-5.54510621554588e-13,NaN
-2074.5752,-0.2572,-3.13353e-07,1.4791666666665e-09,1.47965687407038e-09,-7.59730307221127e-13,-4.98106893284099e-13,-5.57699253623516e-13,NaN
-2064.41204,-0.25594,-3.11876e-07,1.4734166666665e-09,1.47860876237287e-09,-9.80982015453121e-13,-4.98077964088997e-13,-5.05769994623705e-13,NaN
-2054.32954,-0.25469,-3.10406166666667e-07,1.47150000000001e-09,1.47769491003948e-09,-7.55620172598199e-13,-5.10022287491838e-13,-3.99401315576638e-13,NaN
-2044.24704,-0.25344,-3.08933e-07,1.48808333333351e-09,1.47709752202767e-09,-3.02441731402451e-13,-3.84846369386741e-13,-2.69816213671177e-13,NaN
-2034.16454,-0.25219,-3.0743e-07,1.49249999999999e-09,1.47709002657667e-09,1.98452966095226e-13,-1.24101219411087e-13,-1.39001869779727e-13,NaN
-2024.08204,-0.25094,-3.05948e-07,1.47975e-09,1.47749442795986e-09,2.54981237776659e-13,1.10504728787544e-13,-1.83042619572075e-14,NaN
-2013.99954,-0.24969,-3.044705e-07,1.47191666666651e-09,1.47759998905222e-09,6.54639214190809e-14,1.74276538694501e-13,8.67801910169293e-14,NaN
-2003.91704,-0.24844,-3.03004166666667e-07,1.48191666666649e-09,1.4776253558027e-09,2.35354519163714e-13,1.37257363692124e-13,1.52351342347364e-13,NaN
-1993.75388,-0.24718,-3.01506666666667e-07,1.48008333333348e-09,1.47807069809055e-09,2.68301660285509e-13,1.13729350646764e-13,1.4756169927292e-13,NaN
-1983.67138,-0.24593,-3.00044e-07,1.47208333333352e-09,1.47816195912327e-09,-2.11245819080453e-13,8.28078251560907e-14,8.86383488748825e-14,NaN
-1973.58888,-0.24468,-2.985625e-07,1.47758333333352e-09,1.47764820645239e-09,-3.33193654822347e-13,4.37795098683263e-14,2.00352461247309e-14,NaN
-1963.50638,-0.24343,-2.97088833333333e-07,1.48124999999999e-09,1.47749557181363e-09,2.04713961052748e-13,-3.26890949015177e-14,-3.6302431864813e-14,NaN
-1953.42388,-0.24218,-2.956e-07,1.47724999999999e-09,1.4780576343745e-09,3.75316164201879e-13,-1.26192545011464e-13,-8.62351632652498e-14,NaN
-1943.34138,-0.24093,-2.94134333333333e-07,1.48049999999997e-09,1.47824620414203e-09,-1.41134755784076e-13,-1.28472229370299e-13,-1.26443225040339e-13,NaN
-1933.17822,-0.23967,-2.92639e-07,1.48416666666653e-09,1.47777536486293e-09,-4.48250054734845e-13,-1.05232452305697e-13,-1.29441652023187e-13,NaN
-1923.09572,-0.23842,-2.91166e-07,1.46783333333351e-09,1.47734970403256e-09,-3.62595038013775e-13,-1.19971078547242e-13,-8.31526252686316e-14,NaN
-1913.01322,-0.23717,-2.89703333333333e-07,1.47166666666647e-09,1.4770501747869e-09,1.32222700459781e-15,-8.76011199645953e-14,-2.1107124869682e-16,NaN
-1902.93072,-0.23592,-2.88222666666667e-07,1.47016666666649e-09,1.47735234848657e-09,2.12934230293848e-13,4.56847250492517e-14,8.54595119076957e-14,NaN
-1892.84822,-0.23467,-2.86763e-07,1.46283333333351e-09,1.47747604324749e-09,3.57595868515785e-14,2.21413579724214e-13,1.43850861007678e-13,NaN
-1882.76572,-0.23342,-2.85297e-07,1.47925000000002e-09,1.47742386766027e-09,3.39713243788329e-13,2.92256765042565e-13,1.76999337627743e-13,NaN
-1872.68322,-0.23217,-2.838045e-07,1.498e-09,1.47815546973507e-09,5.99750277469466e-13,2.23179571779228e-13,1.74016683539068e-13,NaN
-1862.52006,-0.23091,-2.82301e-07,1.47375e-09,1.47862336821521e-09,1.89126594031434e-13,9.24084503842385e-14,1.16043360816139e-13,NaN
-1852.43756,-0.22966,-2.80857e-07,1.45300000000001e-09,1.47853372292313e-09,-1.53472709842543e-13,-1.67222846275887e-15,2.81715297383867e-14,NaN
-1842.35506,-0.22841,-2.79395e-07,1.47349999999999e-09,1.47831642279553e-09,-3.29852695791017e-13,-5.03919428520623e-14,-4.10388504956684e-14,NaN
-1832.27256,-0.22716,-2.7791e-07,1.48566666666652e-09,1.47787401753155e-09,-3.0023046953737e-13,-1.31126004519601e-13,-6.21041377092773e-14,NaN
-1822.19006,-0.22591,-2.76423666666667e-07,1.48650000000003e-09,1.47771596185645e-09,-2.35301667832629e-14,-1.43690191472163e-13,-4.15900039008732e-14,NaN
-1812.10756,-0.22466,-2.74937e-07,1.49583333333349e-09,1.47782695719798e-09,1.49362575213618e-13,-5.19880729887482e-16,-7.6754080271316e-15,NaN
-1801.9444,-0.2234,-2.73432e-07,1.49949999999997e-09,1.47801468700688e-09,1.06019766396611e-13,1.25749739137145e-13,1.60592883356975e-14,NaN
-1791.8619,-0.22215,-2.71938e-07,1.48974999999999e-09,1.47803899673077e-09,3.50432625946848e-14,1.11541342137219e-13,2.30015309251648e-14,NaN
-1781.7794,-0.2209,-2.704525e-07,1.47700000000001e-09,1.47808477353207e-09,1.67630259652201e-13,1.69030800045691e-14,8.90789572797502e-15,NaN
-1771.6969,-0.21965,-2.68984e-07,1.4655833333335e-09,1.47837425725008e-09,2.17789946160679e-13,-8.39250442697494e-14,-4.16845847551008e-14,NaN
-1761.6144,-0.2184,-2.67521333333333e-07,1.4605e-09,1.47852035342439e-09,-3.11666175910183e-13,-1.4395690765448e-13,-1.15812718596687e-13,NaN
-1751.5319,-0.21715,-2.66063e-07,1.47716666666649e-09,1.47775092489826e-09,-6.37608817117676e-13,-1.74205595069096e-13,-1.66674915931342e-13,NaN
-1741.36874,-0.21589,-2.64567e-07,1.47850000000002e-09,1.47724513579015e-09,-2.1463207924843e-13,-2.04852420804181e-13,-1.73713557591438e-13,NaN
-1731.28624,-0.21464,-2.63106e-07,1.47450000000002e-09,1.47732166073976e-09,5.27239197605965e-14,-2.0438630657389e-13,-1.51059152768137e-13,NaN
-1721.20374,-0.21339,-2.61618e-07,1.48024999999999e-09,1.47735058362968e-09,-1.11657870624584e-14,-1.31522884473535e-13,-1.21640559846145e-13,NaN
-1711.12124,-0.21214,-2.601455e-07,1.47299999999998e-09,1.47729932916564e-09,-1.43063829300343e-13,-5.27335488853197e-14,-1.12570805907733e-13,NaN
-1701.03874,-0.21089,-2.58672e-07,1.46375000000001e-09,1.47706445597107e-09,-1.51695583896297e-13,-6.20893803235281e-14,-1.36067751124075e-13,NaN
-1690.932042,-0.209637,-2.57218e-07,1.46900000000003e-09,1.47699593799784e-09,-1.26805439159507e-14,-1.37603271064516e-13,-1.83005389491569e-13,NaN
-1680.83367886666,-0.208385033333333,-2.55734e-07,1.48699999999999e-09,1.47703909488324e-09,-1.39886143134103e-13,-2.49128714248152e-13,-2.45274517899912e-13,NaN
-1670.74338173334,-0.207134066666667,-2.54244e-07,1.48749999999998e-09,1.47671616571157e-09,-4.98687210733331e-13,-3.82634660939599e-13,-3.16308370775921e-13,NaN
-1660.64448086666,-0.205882033333333,-2.52759e-07,1.48899999999999e-09,1.47604172046178e-09,-4.342453962752e-13,-4.46261244088859e-13,-3.7376503919068e-13,NaN
-1650.55378043334,-0.204631016666667,-2.51266e-07,1.48575000000001e-09,1.47584767491902e-09,-3.57723277999581e-13,-4.11769081563659e-13,-4.05855210329008e-13,NaN
-1640.4554173,-0.20337905,-2.497875e-07,1.48500000000002e-09,1.47532627390578e-09,-7.07966205355102e-13,-3.75369957106451e-13,-4.17791041983797e-13,NaN
-1630.364448,-0.202128,-2.48296e-07,1.47425000000001e-09,1.47443174250831e-09,-5.37870808699644e-13,-3.71336417753843e-13,-4.04581667286366e-13,NaN
-1620.265816,-0.200876,-2.46839e-07,1.45874999999998e-09,1.47425053228838e-09,6.75175730682089e-14,-3.61323869389762e-13,-3.74650854449741e-13,NaN
-1610.17525,-0.199625,-2.453785e-07,1.4605e-09,1.47456677765445e-09,7.01771274605949e-14,-3.74945261122337e-13,-3.50544906888857e-13,NaN
-1600.076618,-0.198373,-2.43918e-07,1.4683333333335e-09,1.4743908865433e-09,-5.517339011029e-13,-3.55950587121606e-13,-3.25526045626138e-13,NaN
-1589.97825486666,-0.197121033333333,-2.42441833333333e-07,1.47583333333349e-09,1.47346330985224e-09,-7.53664673419801e-13,-2.6403656857919e-13,-2.74349602164448e-13,NaN
-1579.88742,-0.19587,-2.40966333333333e-07,1.48341666666651e-09,1.47288355719646e-09,-3.28441754065148e-13,-2.16602914201466e-13,-2.00236967789368e-13,NaN
-1569.78892243334,-0.194618016666667,-2.39475e-07,1.4841666666665e-09,1.47280642634411e-09,-8.33635340977752e-14,-1.80771239754383e-13,-1.30804292663606e-13,NaN
-1559.69835643334,-0.193367016666667,-2.37998e-07,1.47050000000001e-09,1.47271683012826e-09,9.35628968572128e-14,-6.64560564087353e-14,-7.93219966768961e-14,NaN
-1549.59972443334,-0.192115016666667,-2.36534e-07,1.4595e-09,1.47299355213783e-09,2.27662763224058e-13,2.7060151148904e-14,-5.82525234043983e-14,NaN
-1539.509024,-0.190864,-2.35079e-07,1.45866666666649e-09,1.47317215565471e-09,3.14824042847455e-14,-1.80470173715946e-14,-7.70122205339681e-14,NaN
-1529.410392,-0.189612,-2.33616666666667e-07,1.47291666666648e-09,1.4730565169464e-09,-1.35375848453046e-13,-1.45530174068065e-13,-1.21615149041562e-13,NaN
-1519.31189443334,-0.188360016666667,-2.32133166666667e-07,1.47083333333349e-09,1.47290140395781e-09,-3.27803763011966e-13,-2.2873442599396e-13,-1.94810280088135e-13,NaN
-1509.221194,-0.187109,-2.30675e-07,1.46308333333351e-09,1.47240090942037e-09,-5.85897566572809e-13,-2.99252821152934e-13,-2.97649566384015e-13,NaN
-1499.12269643334,-0.185857016666667,-2.29207e-07,1.48600000000002e-09,1.47172960882466e-09,-4.7234648576786e-13,-3.9068322495465e-13,-3.96226980359993e-13,NaN
-1489.031996,-0.184606,-2.27703e-07,1.4895e-09,1.47145621644884e-09,-2.05251912084625e-13,-4.43580128096425e-13,-4.63638641436168e-13,NaN
-1478.933364,-0.183354,-2.26228e-07,1.46949999999999e-09,1.47131910500049e-09,-1.85147643962121e-13,-5.06272439044603e-13,-4.98930146310889e-13,NaN
-1468.842798,-0.182103,-2.24764e-07,1.461e-09,1.47108592116091e-09,-5.24754241318111e-13,-5.36710635787233e-13,-5.02916861314085e-13,NaN
-1458.744166,-0.180851,-2.23306e-07,1.46666666666651e-09,1.47026959651785e-09,-7.57908823902406e-13,-4.69056195729025e-13,-4.54277907887852e-13,NaN
-1448.645534,-0.179599,-2.21830666666667e-07,1.47650000000001e-09,1.46957010351311e-09,-5.57371061632979e-13,-3.68876774000915e-13,-3.3848597059747e-13,NaN
-1438.55510243334,-0.178348016666667,-2.20353e-07,1.46683333333351e-09,1.46915485439459e-09,-4.15985262033744e-13,-2.30171272009149e-13,-1.7304810195032e-13,NaN
-1428.456336,-0.177096,-2.18897e-07,1.46516666666651e-09,1.46873813298904e-09,6.61170128408744e-14,-2.70118250929446e-14,1.75911205375844e-14,NaN
-1418.36590443334,-0.175845016666667,-2.17422666666667e-07,1.48241666666648e-09,1.46928708842027e-09,5.48453343606916e-13,2.21594861281669e-13,1.90983183762447e-13,NaN
-1408.26740686666,-0.174593033333333,-2.15932166666667e-07,1.4793333333335e-09,1.46983503967626e-09,4.7360736747997e-13,4.11125636866909e-13,3.04477332151051e-13,NaN
-1398.176572,-0.173342,-2.14464e-07,1.46525000000003e-09,1.47023430315523e-09,3.83171193001766e-13,4.44310657367418e-13,3.46532751491202e-13,NaN
-1388.07794,-0.17209,-2.13001666666667e-07,1.4728333333335e-09,1.47060138206226e-09,3.58995484986702e-13,3.69677965305659e-13,3.19891713884591e-13,NaN
-1377.9877773,-0.17083905,-2.11518333333333e-07,1.47633333333347e-09,1.4709522941252e-09,3.19587268870153e-13,2.18828332669732e-13,2.4124005395847e-13,NaN
-1367.88887643334,-0.169587016666667,-2.10049e-07,1.467e-09,1.4712405566e-09,8.44045165180417e-14,5.37810871368832e-14,1.37060484207689e-13,NaN
-1357.79011,-0.168335,-2.08584333333333e-07,1.47025000000001e-09,1.47112110315824e-09,-2.17947556380561e-13,-2.49859454697539e-14,4.27319193258067e-14,NaN
-1347.699544,-0.167084,-2.071085e-07,1.46333333333299e-09,1.47080466148724e-09,-1.58074550569337e-13,-2.72556245063087e-14,-6.79815552147146e-15,NaN
-1337.600912,-0.165832,-2.05657666666667e-07,1.46375000000001e-09,1.4708049540571e-09,-1.15725535441329e-14,-2.81711620120971e-15,-1.06064743815966e-14,NaN
-1327.510346,-0.164581,-2.04181e-07,1.46858333333351e-09,1.47078151638015e-09,-1.25805038957834e-14,8.87249829086706e-15,9.25989682213135e-15,NaN
-1317.41184843334,-0.163329016666667,-2.027205e-07,1.46299999999999e-09,1.47077979304931e-09,2.1101270696809e-13,3.12709747675083e-14,2.75882427243566e-14,NaN
-1307.321148,-0.162078,-2.01255e-07,1.4645833333335e-09,1.47120354179409e-09,2.75733878452534e-13,7.53639561102738e-14,2.26927491642471e-14,NaN
-1297.222516,-0.160826,-1.99791333333333e-07,1.463e-09,1.47133126080621e-09,-3.98612275119671e-14,4.14683751821805e-14,-6.75891126800957e-15,NaN
-1287.123884,-0.159574,-1.98329e-07,1.4739166666665e-09,1.47112381933906e-09,-2.55421036339771e-13,-5.81782191726763e-14,-5.13627174696495e-14,NaN
-1277.033318,-0.158323,-1.968435e-07,1.47925e-09,1.47082041873354e-09,-1.23399359748499e-13,-1.29594767934728e-13,-1.00252817270783e-13,NaN
-1266.93482043334,-0.157071016666667,-1.953705e-07,1.4705e-09,1.47087702061957e-09,-1.06570930282405e-14,-1.77663194847261e-13,-1.44747041654929e-13,NaN
-1256.84412,-0.15582,-1.939025e-07,1.47024999999999e-09,1.47079910454748e-09,-3.19928914959018e-13,-1.96963468943635e-13,-1.7758963372554e-13,NaN
-1246.745488,-0.154568,-1.9243e-07,1.46858333333349e-09,1.47023716278965e-09,-3.30590726855164e-13,-1.94280414809655e-13,-1.88933205893324e-13,NaN
-1236.654922,-0.153317,-1.90965333333333e-07,1.47050000000001e-09,1.47013792309377e-09,-1.8384712375971e-14,-1.79506805142493e-13,-1.87437888788191e-13,NaN
-1226.55642443334,-0.152065016666667,-1.89489e-07,1.46766666666651e-09,1.4702003933649e-09,-7.74894863657658e-14,-1.65310349412747e-13,-1.91355965491447e-13,NaN
-1216.465724,-0.150814,-1.8803e-07,1.46683333333348e-09,1.46998294412104e-09,-2.99456575085001e-13,-1.82640129544752e-13,-2.06563690017345e-13,NaN
-1206.367092,-0.149562,-1.86555333333333e-07,1.49516666666649e-09,1.46960148021473e-09,-2.79239054112092e-13,-2.14783690228548e-13,-2.29117602410099e-13,NaN
-1196.26846,-0.14831,-1.85039666666667e-07,1.48866666666651e-09,1.46942446601281e-09,-7.10925879834149e-14,-2.55976204090706e-13,-2.51183512357672e-13,NaN
-1186.177894,-0.147059,-1.83578e-07,1.4703333333335e-09,1.46945929503876e-09,-1.93190483734933e-13,-2.94636379424352e-13,-2.68601044453555e-13,NaN
-1176.079262,-0.145807,-1.82099e-07,1.47433333333351e-09,1.46903808504534e-09,-5.37570688648241e-13,-2.99480772210376e-13,-2.71445772580479e-13,NaN
-1165.98883043334,-0.144556016666667,-1.80629333333333e-07,1.45950000000001e-09,1.46838415366146e-09,-4.11621252283806e-13,-2.55551043921739e-13,-2.4851116714109e-13,NaN
-1155.890064,-0.143304,-1.7918e-07,1.46058333333298e-09,1.46821484254078e-09,-5.93784683726564e-14,-2.06601248935687e-13,-2.02711170643305e-13,NaN
-1145.799498,-0.142053,-1.77708166666667e-07,1.469e-09,1.46826539672472e-09,-1.18663503135767e-13,-1.6890450819034e-13,-1.49739117391556e-13,NaN
-1135.700866,-0.140801,-1.76242e-07,1.46958333333352e-09,1.4679775155345e-09,-1.8011921749594e-13,-1.04905048619171e-13,-1.05397470355836e-13,NaN
-1125.602234,-0.139549,-1.74769e-07,1.47216666666649e-09,1.46790515828972e-09,4.97916147624453e-14,-5.15598573510636e-14,-8.44247347914656e-14,NaN
-1115.511668,-0.138298,-1.73297666666667e-07,1.46483333333349e-09,1.46807709876403e-09,-2.78460440790164e-14,-6.46884891952816e-14,-1.06206721040167e-13,NaN
-1105.413036,-0.137046,-1.71839333333333e-07,1.46083333333352e-09,1.46784946620157e-09,-2.18462856840703e-13,-1.49103077039339e-13,-1.70994591968661e-13,NaN
-1095.32247,-0.135795,-1.70376e-07,1.46566666666649e-09,1.46764017305035e-09,-2.55804208476128e-13,-2.48710008698636e-13,-2.68405189158586e-13,NaN
-1085.223838,-0.134543,-1.68908e-07,1.45999999999999e-09,1.46733785778461e-09,-2.98313665088307e-13,-3.74739496448865e-13,-3.88374145771207e-13,NaN
-1075.133272,-0.133292,-1.67456e-07,1.46725000000002e-09,1.46704354572017e-09,-4.19029876099103e-13,-5.4122219543444e-13,-5.08799150733756e-13,NaN
-1065.03464,-0.13204,-1.659735e-07,1.47616666666651e-09,1.46649979803242e-09,-7.44676172355308e-13,-6.36128535504005e-13,-6.04057672890453e-13,NaN
-1054.936008,-0.130788,-1.64503666666667e-07,1.46524999999999e-09,1.46555419337546e-09,-7.90211367562465e-13,-6.63635397420919e-13,-6.46943168022978e-13,NaN
-1044.84557643334,-0.129537016666667,-1.63043e-07,1.46183333333349e-09,1.46491937529729e-09,-7.04157134547541e-13,-6.63738028964912e-13,-6.34678284329769e-13,NaN
-1034.74681,-0.128285,-1.6158e-07,1.4595e-09,1.46414587910636e-09,-6.75801452654936e-13,-6.10609536067684e-13,-5.78576230490544e-13,NaN
-1024.656244,-0.127034,-1.60124e-07,1.45766666666651e-09,1.46356777239198e-09,-3.78226762403013e-13,-4.92922873946934e-13,-4.85477417693384e-13,NaN
-1014.55774643334,-0.125782016666667,-1.58664666666667e-07,1.45650000000001e-09,1.46338942558156e-09,-2.6339403686014e-13,-3.22144248911588e-13,-3.77200277614035e-13,NaN
-1004.467046,-0.124531,-1.57211e-07,1.457e-09,1.46304098431826e-09,-2.62513495964781e-13,-2.26034278336964e-13,-2.63034683603386e-13,NaN
-994.368548433336,-0.123279016666667,-1.55750666666667e-07,1.46349999999999e-09,1.46286439858963e-09,-1.22691529442048e-13,-1.71620818797513e-13,-1.45833262091416e-13,NaN
-984.277982433336,-0.122028016666667,-1.54284e-07,1.4715e-09,1.46279560125938e-09,-7.40012986206366e-15,-6.03746204458196e-14,-4.04942336372846e-14,NaN
-974.179216,-0.120776,-1.52807666666667e-07,1.474e-09,1.46284959832991e-09,9.93604989341204e-15,3.10629551549053e-14,4.06414610947627e-14,NaN
-964.080584,-0.119524,-1.51336e-07,1.465916666667e-09,1.46281547335916e-09,-1.57862201481134e-13,1.14675121928371e-13,9.47608297611041e-14,NaN
-953.990152433336,-0.118273016666667,-1.49875833333333e-07,1.46141666666651e-09,1.46253387392694e-09,1.65469961569493e-13,1.81119285468341e-13,1.36588282840236e-13,NaN
-943.891386,-0.117021,-1.48413166666667e-07,1.4575e-09,1.4631464132823e-09,5.47588846851993e-13,1.81430985994433e-13,1.64978362311485e-13,NaN
-933.80082,-0.11577,-1.46960833333333e-07,1.45883333333349e-09,1.46362905162065e-09,2.30810248625261e-13,1.52262794108511e-13,1.70702033920959e-13,NaN
-923.702188,-0.114518,-1.454955e-07,1.464083333333e-09,1.46360803377955e-09,6.92833737348953e-14,1.33327723048481e-13,1.68255742972956e-13,NaN
-913.611622,-0.113267,-1.44032666666667e-07,1.46975000000001e-09,1.46376761836812e-09,3.50583629737393e-14,1.56693561006196e-13,1.6422120982351e-13,NaN
-903.51299,-0.112015,-1.42556e-07,1.47233333333349e-09,1.4636781505055e-09,-6.2226777510307e-14,1.73846056873283e-13,1.61071790612451e-13,NaN
-893.414626866664,-0.110763033333333,-1.41088e-07,1.46450000000001e-09,1.4636431648131e-09,1.06864443883379e-13,1.65244734038389e-13,1.68738118569455e-13,NaN
-883.323792,-0.109512,-1.39627e-07,1.46200000000002e-09,1.46389187939327e-09,3.47466345035569e-13,1.86228374888221e-13,1.89309399326098e-13,NaN
-873.22516,-0.10826,-1.38164e-07,1.46149999999999e-09,1.46433809750317e-09,5.03417404701475e-13,1.93910704097036e-13,2.13948456541394e-13,NaN
-863.134728433336,-0.107009016666667,-1.36704e-07,1.45658333333349e-09,1.46489871420267e-09,3.02122735882735e-13,1.84150618509266e-13,2.2089289107955e-13,NaN
-853.035962,-0.105757,-1.35250833333333e-07,1.46008333333351e-09,1.46494234297493e-09,-1.51233134761346e-13,2.07396180974318e-13,1.94468341961701e-13,NaN
-842.945530433336,-0.104506016666667,-1.33783833333333e-07,1.462e-09,1.46459624793315e-09,-8.10899831626971e-14,2.06403814769346e-13,1.32909128253228e-13,NaN
-832.847032866664,-0.103254033333333,-1.32326833333333e-07,1.45691666666649e-09,1.46478016300861e-09,1.47830830442491e-13,1.06319232181214e-13,3.64451737286081e-14,NaN
-822.756198,-0.102003,-1.3087e-07,1.4544166666665e-09,1.46489190959403e-09,1.65732330667727e-13,-9.45406985872014e-14,-8.92214185118423e-14,NaN
-812.657566,-0.100751,-1.29418e-07,1.4665833333335e-09,1.46511162766994e-09,1.86883243860773e-13,-2.9307364587284e-13,-2.4292534775108e-13,NaN
-802.559068433334,-0.0994990166666667,-1.27936833333333e-07,1.47550000000001e-09,1.46526567608175e-09,-3.18477674091994e-13,-4.11691141471006e-13,-4.1380144130337e-13,NaN
-792.468368,-0.098248,-1.26467e-07,1.467e-09,1.46447467232176e-09,-1.02725090035838e-12,-5.12612280256618e-13,-5.55666208104273e-13,NaN
-782.369870433334,-0.0969960166666667,-1.25002833333333e-07,1.46999999999999e-09,1.46321117428104e-09,-1.13408608726323e-12,-6.18670274329762e-13,-6.17362742583188e-13,NaN
-772.27917,-0.095745,-1.23527e-07,1.47591666666651e-09,1.46220650014723e-09,-6.0027897951967e-13,-6.75313903985851e-13,-5.80611708688843e-13,NaN
-762.180538,-0.094493,-1.22051e-07,1.471e-09,1.462010616322e-09,-6.26990418840689e-14,-5.94630032601589e-13,-4.64714734959078e-13,NaN
-752.089972,-0.093242,-1.20585e-07,1.47049999999999e-09,1.46208110206346e-09,-1.35937016317313e-13,-3.33470339802456e-13,-2.97106190951646e-13,NaN
-741.99134,-0.09199,-1.1911e-07,1.46550000000001e-09,1.46173874228936e-09,-4.02627088573483e-13,-1.13666390615145e-14,-9.20559224921514e-14,NaN
-731.892708,-0.090738,-1.17654e-07,1.46008333333349e-09,1.46127584788632e-09,-1.04170724895382e-13,2.28233552732972e-13,1.30939604213433e-13,NaN
-721.802142,-0.089487,-1.16189833333333e-07,1.457e-09,1.46153040083957e-09,5.15121048418122e-13,3.57997804830914e-13,3.31304817428397e-13,NaN
-711.703778866666,-0.0882350333333333,-1.1474e-07,1.45591666666652e-09,1.46230608998315e-09,7.47226626503919e-13,4.38468669564114e-13,4.64313670396109e-13,NaN
-701.612944,-0.086984,-1.13278e-07,1.4625e-09,1.46302485409258e-09,6.93790912593787e-13,5.19761971068409e-13,5.18235654404871e-13,NaN
-691.514312,-0.085732,-1.11815e-07,1.46299999999999e-09,1.46369367180834e-09,5.43739382542133e-13,5.68208974665963e-13,5.16809332151764e-13,NaN
-681.424418166667,-0.0844810833333333,-1.10352e-07,1.4660833333335e-09,1.46411233285767e-09,3.48093671433265e-13,5.14321929677454e-13,4.88528376226629e-13,NaN
-671.325114,-0.083229,-1.08882833333333e-07,1.46825e-09,1.46438985915121e-09,2.35933713105881e-13,4.09203613493554e-13,4.49650172054201e-13,NaN
-661.226482,-0.081977,-1.074155e-07,1.4684166666665e-09,1.46458420028388e-09,3.06572723422885e-13,3.53828221703426e-13,4.06454479823504e-13,NaN
-651.136184866666,-0.0807260333333333,-1.05946e-07,1.46275e-09,1.46500300459805e-09,4.61091134567869e-13,3.28361813123204e-13,3.59523131444535e-13,NaN
-641.037284,-0.079474,-1.0449e-07,1.4605833333335e-09,1.46550638255301e-09,3.84691895627847e-13,3.04187025339632e-13,3.05494111665885e-13,NaN
-630.946718,-0.078223,-1.03024833333333e-07,1.45849999999999e-09,1.46577238838931e-09,2.74119553481175e-13,2.79448773836538e-13,2.43442315046904e-13,NaN
-620.848354866666,-0.0769710333333333,-1.01573e-07,1.451583333333e-09,1.46605462165997e-09,2.1877873791002e-13,2.25952408937986e-13,1.65354865080385e-13,NaN
-610.75752,-0.07572,-1.00121666666667e-07,1.449e-09,1.46620994586513e-09,5.28810580860361e-14,1.04940329699108e-13,6.37382373240741e-14,NaN
-600.658888,-0.074468,-9.8675e-08,1.45825000000015e-09,1.46616038377615e-09,-3.42973981989997e-14,-6.39428573456924e-14,-4.6754137711703e-14,NaN
-590.568590866667,-0.0732170333333333,-9.72051666666667e-08,1.46725e-09,1.46614135106873e-09,-6.37307753249368e-14,-1.86198715752034e-13,-1.46020379806439e-13,NaN
-580.46969,-0.071965,-9.57405e-08,1.45349999999999e-09,1.4660329222255e-09,-2.31463906318565e-13,-2.46940036294019e-13,-2.15395878129574e-13,NaN
-570.371326866667,-0.0707130333333333,-9.42981666666667e-08,1.44775e-09,1.46567842325609e-09,-4.4863284937089e-13,-2.63225015782784e-13,-2.32780416552149e-13,NaN
-560.280626433334,-0.0694620166666667,-9.2845e-08,1.44858333333336e-09,1.46513565652676e-09,-4.02283083044358e-13,-2.10935428179896e-13,-1.8625394141153e-13,NaN
-550.18186,-0.06821,-9.1401e-08,1.459875e-09,1.46487385709001e-09,-5.12172793612661e-14,-1.15976541252516e-13,-8.99711747527147e-14,NaN
-540.090756266667,-0.0669589333333333,-8.992525e-08,1.48456666666665e-09,1.46503322196803e-09,1.29427997614964e-13,6.01431010853318e-15,1.85067082864845e-14,NaN
-529.992662,-0.065707,-8.84318666666667e-08,1.50346666666665e-09,1.46513271308524e-09,1.53143144050924e-13,1.458590178384e-13,1.11317693350585e-13,NaN
-519.901961566667,-0.0644559833333333,-8.69183166666667e-08,1.49923333333335e-09,1.46533950825613e-09,2.7758263682628e-13,2.41616440964339e-13,1.7332066714373e-13,NaN
-509.803732866667,-0.0632040333333333,-8.54334e-08,1.47320000000001e-09,1.46568787835889e-09,2.74450251796376e-13,2.41642931526993e-13,1.89590936716066e-13,NaN
-499.706176333334,-0.0619521666666667,-8.39719166666667e-08,1.46216666666665e-09,1.46588840875973e-09,1.95760757132675e-13,1.53633239811036e-13,1.56259400641077e-13,NaN
-489.614938166667,-0.0607010833333333,-8.25090666666667e-08,1.47596666666669e-09,1.46607939987315e-09,8.90372186611395e-14,5.93554042102766e-14,7.91222851782219e-14,NaN
-479.516306166667,-0.0594490833333333,-8.10199833333333e-08,1.48903333333335e-09,1.46606648319705e-09,-9.28459119468804e-14,-2.1337647958913e-14,-2.14308282788403e-14,NaN
-469.4258746,-0.0581981,-7.9531e-08,1.47649166666665e-09,1.46589370804926e-09,-2.00945283771579e-13,-1.21959594850509e-13,-1.15731577116447e-13,NaN
-459.327780333334,-0.0569461666666667,-7.8067e-08,1.4636e-09,1.46566459262951e-09,-2.4847542790891e-13,-2.13597203185211e-13,-1.83744990755973e-13,NaN
-449.23587,-0.055695,-7.66038e-08,1.45736666666665e-09,1.46539675719344e-09,-1.81585275621256e-13,-2.64453987601862e-13,-2.19643005050429e-13,NaN
-439.137103566666,-0.0544429833333333,-7.51522666666667e-08,1.4522e-09,1.46530142207826e-09,-2.0714266838769e-13,-2.59468690277324e-13,-2.36242550574544e-13,NaN
-429.038337133334,-0.0531909666666667,-7.36994e-08,1.4532416666667e-09,1.46498247185667e-09,-3.59448873886568e-13,-2.36577004905888e-13,-2.49692871936914e-13,NaN
-418.948712166667,-0.0519400833333333,-7.22457833333333e-08,1.45599166666665e-09,1.46458252433049e-09,-3.29973310075416e-13,-2.3336792956967e-13,-2.70432723492936e-13,NaN
-408.8506179,-0.05068815,-7.07874166666667e-08,1.46224166666665e-09,1.46432252523652e-09,-1.74975745016498e-13,-2.56456569079925e-13,-3.06144672285911e-13,NaN
-398.760186333334,-0.0494371666666667,-6.93213e-08,1.45995833333335e-09,1.46423257284046e-09,-1.68731266093749e-13,-3.41607463673826e-13,-3.58460851836343e-13,NaN
-388.661554333334,-0.0481851666666667,-6.78675e-08,1.45999166666665e-09,1.46398506270433e-09,-4.05097793831956e-13,-4.64596348281781e-13,-4.29344699683596e-13,NaN
-378.570988333334,-0.0469341666666667,-6.64013166666667e-08,1.46010833333335e-09,1.46342237725279e-09,-5.74691574740164e-13,-5.61613037704055e-13,-5.17723632540661e-13,NaN
-368.4706087,-0.04568195,-6.49472833333333e-08,1.45555833333335e-09,1.46283567955485e-09,-7.24118892844624e-13,-6.19659547859282e-13,-6.24111676039226e-13,NaN
-358.379908266666,-0.0444309333333333,-6.34902e-08,1.45734166666665e-09,1.4619741394671e-09,-9.39022401418515e-13,-6.82293977097881e-13,-7.46457865478857e-13,NaN
-348.281141833334,-0.0431789166666667,-6.20326e-08,1.45699166666666e-09,1.46095763475201e-09,-8.63081458996679e-13,-7.9653942788408e-13,-8.62417129546243e-13,NaN
-338.183316433334,-0.0419270166666667,-6.05762166666667e-08,1.4569e-09,1.46024797654911e-09,-5.72454642231984e-13,-9.36917554329483e-13,-9.45286480752351e-13,NaN
-328.094094766667,-0.0406761833333333,-5.91188e-08,1.46015e-09,1.45981272546755e-09,-6.21138077873437e-13,-1.05428993693641e-12,-9.82252472533484e-13,NaN
-317.9964038,-0.0394243,-5.76559166666667e-08,1.4619e-09,1.45900570039336e-09,-1.14353175232419e-12,-1.07119228942332e-12,-9.66266357122655e-13,NaN
-307.9050312,-0.0381732,-5.6195e-08,1.46385833333335e-09,1.4575256619629e-09,-1.50034485492248e-12,-9.21300620128774e-13,-8.77037040191517e-13,NaN
-297.8063992,-0.0369212,-5.47282e-08,1.46585e-09,1.45600501068352e-09,-1.15450340513524e-12,-6.79166167060783e-13,-7.01124464328391e-13,NaN
-287.71422,-0.03567,-5.32633e-08,1.4617e-09,1.45521665515263e-09,-4.51031922203208e-13,-4.60049245101777e-13,-4.65536943397175e-13,NaN
-277.615050266666,-0.0344179333333333,-5.18048e-08,1.45556666666665e-09,1.45510294683911e-09,2.16311807741529e-13,-2.51701110580098e-13,-2.19362874530814e-13,NaN
-267.516418266666,-0.0331659333333333,-5.03521666666667e-08,1.454075e-09,1.45564927876811e-09,6.15149739140993e-13,9.57378333315845e-15,-1.44294709472412e-14,NaN
-257.4267933,-0.03191505,-4.889665e-08,1.45530833333335e-09,1.4563332463174e-09,2.94325749168009e-13,2.1984145177621e-13,1.14461214610467e-13,NaN
-247.329640066666,-0.0306632333333333,-4.744155e-08,1.45595e-09,1.45623793026645e-09,-3.04946035017903e-13,2.57716576976996e-13,1.73030809666965e-13,NaN
-237.2384019,-0.02941215,-4.598475e-08,1.455975e-09,1.45572335424736e-09,-2.1552017033223e-13,1.88038825065331e-13,1.81961967846128e-13,NaN
-227.1401732,-0.0281602,-4.45296e-08,1.45784166666665e-09,1.45580688992578e-09,3.43385278640344e-13,8.27858011306019e-14,1.4272866084914e-13,NaN
-217.049069466666,-0.0269091333333333,-4.30690666666667e-08,1.45693333333335e-09,1.45641012480464e-09,3.29047751175858e-13,-5.22693574063265e-15,5.72575286020206e-14,NaN
-206.949362,-0.025657,-4.16157333333333e-08,1.45363333333335e-09,1.45646498542813e-09,-4.39987315697797e-15,-2.97385119328363e-14,-3.57488693394916e-14,NaN
-196.858258266666,-0.0244059333333333,-4.01618e-08,1.45075e-09,1.45640132505833e-09,-9.67490769893014e-14,-5.33785902978351e-14,-9.96451041270595e-14,NaN
-186.7597607,-0.02315395,-3.87142333333333e-08,1.44845e-09,1.45627148727416e-09,-2.6172431236671e-13,-1.38522776397352e-13,-1.3497024478568e-13,NaN
-176.661532,-0.021902,-3.72649e-08,1.45466666666665e-09,1.45587787643359e-09,-3.52094233919528e-13,-2.09747473999482e-13,-1.47032835541312e-13,NaN
-166.572310333334,-0.0206511666666667,-3.58049e-08,1.4602e-09,1.45556729880632e-09,-2.53972249276737e-13,-1.74734214836456e-13,-1.44001188562758e-13,NaN
-156.474081633334,-0.0193992166666667,-3.43445e-08,1.45824166666665e-09,1.45536993193504e-09,-8.57526973058377e-14,-1.16716934827747e-13,-1.33693484241504e-13,NaN
-146.383112333334,-0.0181481666666667,-3.28884166666667e-08,1.45285e-09,1.4553957934117e-09,7.06912010089191e-14,-1.0143770333038e-13,-1.19024857591783e-13,NaN
-136.283270433334,-0.0168960166666667,-3.14388e-08,1.45165833333335e-09,1.45551131433706e-09,7.75747091289853e-14,-8.16748544867223e-14,-1.12850490422674e-13,NaN
-126.1929733,-0.01564505,-2.99851e-08,1.45925e-09,1.45555094282996e-09,-8.4758431674938e-14,-8.81882127879303e-14,-1.25145340410764e-13,NaN
-116.093938,-0.014393,-2.85203e-08,1.4572e-09,1.45534179747371e-09,-3.08188747196678e-13,-1.26962252112962e-13,-1.48927196839495e-13,NaN
-105.995037133334,-0.0131409666666667,-2.70707e-08,1.4578e-09,1.45493456533557e-09,-2.95254611278203e-13,-1.9076802577484e-13,-1.64489792754238e-13,NaN
-95.9060843333336,-0.0118901666666667,-2.56047e-08,1.45775e-09,1.45475128825115e-09,-1.3426030789713e-13,-2.39724039327843e-13,-1.66430145087901e-13,NaN
-85.8073179,-0.01063815,-2.41552e-08,1.45411666666665e-09,1.45466604471977e-09,-1.53945634858371e-13,-1.87199021316012e-13,-1.55282627765859e-13,NaN
-75.7166174666666,-0.00938713333333333,-2.26964666666667e-08,1.45265e-09,1.45444339698143e-09,-1.45934789009936e-13,-8.99723635771822e-14,-1.19247735288007e-13,NaN
-65.6173133,-0.00813505,-2.12499e-08,1.4495166666667e-09,1.45437417514176e-09,-1.4999377109346e-13,-3.57919039544785e-14,-6.39106157597539e-14,NaN
-55.5260751333334,-0.00688396666666667,-1.97974333333333e-08,1.4638e-09,1.45414340943925e-09,3.58625525682133e-14,-2.22593123102529e-14,-7.3668174344764e-15,NaN
-45.4279808666666,-0.00563203333333333,-1.83223e-08,1.46406666666665e-09,1.45444590024689e-09,2.77001555339329e-13,1.68499162870742e-14,2.6001742278583e-14,NaN
-35.3285422666667,-0.00437993333333333,-1.68693e-08,1.44815e-09,1.45469741254993e-09,-1.93378294716852e-14,6.55806299298944e-14,1.92435613772935e-14,NaN
-25.2394550333334,-0.00312911666666667,-1.5426e-08,1.4498e-09,1.45440722458795e-09,-2.05832710443058e-13,3.64331482692263e-14,-8.81283129725446e-15,NaN
-15.1423018,-0.0018773,-1.39697e-08,1.45095833333335e-09,1.45428574712904e-09,2.99100772387767e-14,-3.97238096541388e-14,-3.85903595172123e-14,NaN
-5.0489127,-0.00062595,-1.25240833333333e-08,1.448375e-09,1.45446704474243e-09,1.62933947164384e-13,-1.2155418969303e-13,-7.27840329283345e-14,NaN
5.04877826666667,0.000625933333333333,-1.107295e-08,1.45264166666665e-09,1.45461161502337e-09,-1.64729099187394e-13,-1.61867040434782e-13,-1.15740036514316e-13,NaN
15.1382688,0.0018768,-9.6188e-09,1.4571e-09,1.45413758654405e-09,-4.45089639630267e-13,-1.29735770809271e-13,-1.48641191199228e-13,NaN
25.2369008,0.0031288,-8.15875e-09,1.4522e-09,1.45372143574411e-09,-2.35487213753839e-13,-1.21713073451137e-13,-1.51293674825731e-13,NaN
35.3274668,0.0043798,-6.7144e-09,1.45148333333334e-09,1.45366661211654e-09,-1.09256910309935e-14,-1.59675143312194e-13,-1.37530365773256e-13,NaN
45.4269054,0.0056319,-5.25578333333333e-09,1.4627e-09,1.45369958436205e-09,8.35437948870141e-15,-1.64427900948563e-13,-1.28090770665245e-13,NaN
55.5259407,0.00688395,-3.789e-09,1.45718333333333e-09,1.45368332087552e-09,-7.53918548541951e-14,-1.08890632164013e-13,-1.32778137087596e-13,NaN
65.6161034,0.0081349,-2.34141666666667e-09,1.45386666666667e-09,1.45354880065234e-09,-2.01032110957269e-13,-8.33517061217222e-14,-1.48814952601805e-13,NaN
75.715542,0.009387,-8.81266666666667e-10,1.457225e-09,1.45328125665361e-09,-2.25468489282712e-13,-1.47533053331976e-13,-1.60961941848327e-13,NaN
85.8036882,0.0106377,5.73033333333333e-10,1.45468333333333e-09,1.45309786367377e-09,-1.44366614570909e-13,-2.08138260581997e-13,-1.66122043547438e-13,NaN
95.9037989666664,0.0118898833333333,2.0281e-09,1.45275e-09,1.45299252342446e-09,-1.17762199219661e-13,-2.0961285116604e-13,-1.69264826647627e-13,NaN
105.994633833334,0.0131409166666667,3.47853333333333e-09,1.45115e-09,1.45286233927533e-09,-2.31691922051646e-13,-1.8001891260983e-13,-1.70034352518359e-13,-8.13207772913891e-07
116.0935347,0.01439295,4.9304e-09,1.44528333333334e-09,1.45252913958036e-09,-2.95409484548309e-13,-1.4214204967744e-13,-1.60512941457086e-13,-7.67670589577368e-07
126.195124233334,0.0156453166666667,6.3691e-09,1.44680833333334e-09,1.45227152030624e-09,-8.9512975001432e-14,-1.11944725992627e-13,-1.3476536959292e-13,-6.44530028487878e-07
136.282867133334,0.0168959666666667,7.82401666666667e-09,1.455375e-09,1.45235011363036e-09,3.05829879122863e-14,-8.93128795698003e-14,-1.04216194688987e-13,-4.98425278947329e-07
146.380692533334,0.0181478666666667,9.27985e-09,1.45828333333332e-09,1.45233268628206e-09,-4.37344749224183e-14,-8.58663322832235e-14,-7.59906764958571e-14,-3.63433670197577e-07
156.471796266666,0.0193989333333333,1.07405833333333e-08,1.452675e-09,1.45226264468051e-09,-6.3898200790144e-14,-7.59501214394038e-14,-4.53347881042129e-14,-2.16818551802757e-07
166.5705627,0.02065095,1.21852e-08,1.44840833333335e-09,1.45220488988048e-09,-5.4240941659599e-14,-2.46750232836592e-14,-1.30026746906611e-14,-6.21867050422922e-08
176.661263133334,0.0219019666666667,1.36374e-08,1.45236666666665e-09,1.45215416279719e-09,-7.93298451459755e-14,1.98351821708569e-14,1.54070109952583e-14,7.3685704759931e-08
186.761911633334,0.0231542166666667,1.50899333333333e-08,1.45035e-09,1.45204623019019e-09,-1.14043919454214e-13,5.20516032864173e-14,3.6236880305064e-14,1.73306818850306e-07
196.859871466666,0.0244061333333333,1.65381e-08,1.45868333333335e-09,1.45192607495829e-09,1.35168784496194e-13,7.39415707348875e-14,5.05475437072946e-14,2.41749122078365e-07
206.948286533334,0.0256568666666667,1.80073e-08,1.4434e-09,1.45231656775918e-09,3.67900933958589e-13,5.11446512459126e-14,4.52161825424028e-14,2.16251307811492e-07
217.043961,0.0269085,1.94249e-08,1.447375e-09,1.4526618768262e-09,9.09329769636262e-14,6.35485271226686e-15,9.41135061555944e-15,4.5010807291806e-08
227.1377534,0.0281599,2.090205e-08,1.46375e-09,1.45249843371311e-09,-1.72457567933498e-13,-2.57666626045661e-14,-3.67799401634496e-14,-1.75904061651281e-07
237.236250966666,0.0294118833333333,2.23524e-08,1.453675e-09,1.45231696169034e-09,-2.22339501837824e-13,-5.72500693992944e-14,-7.66685952602942e-14,-3.6667589037532e-07
247.3261448,0.0306628,2.38094e-08,1.44071666666665e-09,1.45205375470943e-09,-2.37298315551692e-13,-1.37654072272424e-13,-1.04858073523018e-13,-5.01495134240521e-07
257.427465466666,0.0319151333333333,2.52338333333333e-08,1.4408e-09,1.45184236505923e-09,-9.91915634181348e-14,-1.85008899984259e-13,-1.18287066044181e-13,-5.65720750646083e-07
267.516956,0.033166,2.6691e-08,1.4624166666667e-09,1.4518553715826e-09,1.82274796706711e-14,-1.26477615059651e-13,-1.26975577143123e-13,-6.07274499380153e-07
277.6176045,0.03441825,2.81586666666667e-08,1.46265833333335e-09,1.45187882001857e-09,-7.62463475955937e-14,-8.41625012585678e-14,-1.37064964061955e-13,-6.55528088991959e-07
287.7118002,0.0356697,2.96163166666667e-08,1.45375e-09,1.4517028788874e-09,-2.38659426034488e-13,-9.83165639481745e-14,-1.39635730048829e-13,-6.67823056755269e-07
297.804517133334,0.0369209666666667,3.10661666666667e-08,1.45024166666665e-09,1.4514015011665e-09,-7.70313785894123e-14,-1.28657993742609e-13,-1.32909150925063e-13,-6.35652460945954e-07
307.903283566666,0.0381729833333333,3.25168e-08,1.44806666666665e-09,1.45154881613023e-09,9.10911534413699e-15,-1.68521321093848e-13,-1.3343784414243e-13,-6.38180993724665e-07
317.9943873,0.03942405,3.39623e-08,1.44785e-09,1.45141971939719e-09,-2.67021336836471e-13,-1.62046613297195e-13,-1.39630396928011e-13,-6.6779755052527e-07
328.092481566666,0.0406759833333333,3.54125e-08,1.44825e-09,1.45101477345655e-09,-2.66443841687743e-13,-1.03697425885142e-13,-1.2066875941118e-13,-5.7711145805347e-07
338.1823754,0.0419269,3.68588e-08,1.45045e-09,1.45088683171382e-09,-7.48558857504775e-14,-6.83304929043799e-14,-6.40746352013035e-14,-3.06443907484495e-07
348.2806041,0.04317885,3.83134e-08,1.45390833333335e-09,1.45086506168505e-09,3.95995190531091e-14,-3.57654633299684e-14,1.72895778610371e-14,8.26892854223513e-08
358.3796394,0.0444309,3.97666166666667e-08,1.45411666666665e-09,1.45096603075192e-09,1.88795706961682e-13,6.60757283517927e-14,9.87607392399126e-14,4.72333970277843e-07
368.470474266666,0.0456819333333333,4.12216333333333e-08,1.45649166666665e-09,1.45124265309898e-09,1.45968859241816e-13,2.08653204431586e-13,1.5943968647656e-13,7.62537630974852e-07
378.5704506,0.0469341,4.26796e-08,1.45283333333335e-09,1.45125796847041e-09,6.23385203141732e-14,2.87767276941841e-13,2.11133910746239e-13,1.00977087748201e-06
388.66021,0.048185,4.41273e-08,1.44901666666665e-09,1.4513673301396e-09,3.74501404335087e-13,2.72414266537645e-13,2.62525518771699e-13,1.25555682890813e-06
398.759379733334,0.0494370666666667,4.55776333333333e-08,1.4506e-09,1.45200697127908e-09,4.81819237127948e-13,2.09739634517436e-13,2.84030774683125e-13,1.35840805283234e-06
408.848870266667,0.0506879333333333,4.70285e-08,1.45373333333335e-09,1.45233096861386e-09,2.65004492362691e-13,1.97101021654958e-13,2.55327613171596e-13,1.22113206299459e-06
418.946157933334,0.0519397666666667,4.84851e-08,1.45448333333335e-09,1.4525369802638e-09,1.8151222753473e-14,2.53288950932326e-13,1.92138512573725e-13,9.18923321004772e-07
429.036858366666,0.0531907833333333,4.99374666666667e-08,1.45125e-09,1.45236727105937e-09,-1.50774649482302e-13,1.9367404326376e-13,1.08773908038466e-13,5.20223038444837e-07
439.135893666667,0.0544428333333333,5.13876e-08,1.4516e-09,1.45223543096484e-09,3.6978281878991e-14,-1.82731893387425e-14,-3.94394295222248e-15,-1.88623358584553e-08
449.23587,0.055695,5.28406666666667e-08,1.448e-09,1.45244122762312e-09,3.4918958149336e-13,-1.94167569608917e-13,-1.58640291827668e-13,-7.58714439175803e-07
459.3272426,0.0569461,5.42836e-08,1.44451666666665e-09,1.45293381012783e-09,-4.18487206200148e-14,-3.1471322838808e-13,-3.55108505878795e-13,-1.69834502811598e-06
469.4266812,0.0581982,5.57297e-08,1.44735e-09,1.45235753018188e-09,-9.68923135291208e-13,-5.04433037453831e-13,-5.59438340532547e-13,-2.67557467211218e-06
479.515902866666,0.0594490333333333,5.71783e-08,1.44870833333335e-09,1.45099596385724e-09,-1.04805884617916e-12,-7.37497599206933e-13,-7.14424952248879e-13,-3.41681498901638e-06
489.6134594,0.0607009,5.86271166666667e-08,1.44985833333335e-09,1.45026141248953e-09,-6.49684307685847e-13,-8.97039934855443e-13,-8.05627955150522e-13,-3.85300326376337e-06
499.7028155,0.06195175,6.00780166666667e-08,1.4534083333333e-09,1.44969659524187e-09,-8.17112505381341e-13,-9.38686549300187e-13,-8.50852167317383e-13,-4.06929297412661e-06
509.8010442,0.0632037,6.15339333333333e-08,1.44839166666665e-09,1.44862718747876e-09,-1.18015961101478e-12,-8.53079947288384e-13,-8.42800606299758e-13,-4.03078550839015e-06
519.9008861,0.06445585,6.29748e-08,1.44358333333334e-09,1.44733627601984e-09,-8.07680996926062e-13,-7.14827873356901e-13,-7.69323311732605e-13,-3.67937236046028e-06
529.992393133334,0.0657069666666667,6.44211e-08,1.447e-09,1.44701182548491e-09,-2.8314542798167e-13,-6.39065611509848e-13,-6.62666248790178e-13,-3.16927336377911e-06
540.092369466666,0.0669591333333333,6.58688e-08,1.4487e-09,1.44676998516388e-09,-4.4636118598101e-13,-5.78641615417354e-13,-5.69881162217783e-13,-2.72551860191114e-06
550.182935466666,0.0682101333333333,6.73185e-08,1.45205e-09,1.44611910311295e-09,-6.62087570873579e-13,-4.75337568285421e-13,-5.06259843068948e-13,-2.42124272772106e-06
560.280492,0.069462,6.87729e-08,1.44893333333336e-09,1.44544581002213e-09,-5.23273271574702e-13,-4.06875946711703e-13,-4.69050676996874e-13,-2.24328584650679e-06
570.3702514,0.0707129,7.02163666666667e-08,1.45455e-09,1.4450725565698e-09,-3.41624385609141e-13,-4.48339805643499e-13,-4.48594996548697e-13,-2.14545433131986e-06
580.4680768,0.0719648,7.1682e-08,1.46286666666665e-09,1.44476256125091e-09,-3.79556350844604e-13,-4.9079217340511e-13,-4.33939938996642e-13,-2.07536492563611e-06
590.5667088,0.0732168,7.31421e-08,1.45955833333335e-09,1.44431344386811e-09,-4.74005262484834e-13,-4.40607106855728e-13,-4.20938200484857e-13,-2.01318269797105e-06
600.6572748,0.0744678,7.46011166666667e-08,1.455475e-09,1.44381455072594e-09,-4.79840709872953e-13,-3.84215824257337e-13,-4.02217808559796e-13,-1.92365038876424e-06
610.75752,0.07572,7.605305e-08,1.45006666666665e-09,1.44335376244837e-09,-4.37173171153586e-13,-3.6264345690815e-13,-3.63792411902439e-13,-1.73987675257688e-06
620.8484893,0.07697105,7.750125e-08,1.44150833333336e-09,1.44294020438364e-09,-2.90392288987722e-13,-3.25183316056443e-13,-3.01075924780702e-13,-1.43992833590771e-06
630.9471213,0.07822305,7.89360666666667e-08,1.44204166666666e-09,1.44277297787039e-09,-1.60095736409262e-13,-2.43788053547801e-13,-2.34438727338269e-13,-1.12122869596563e-06
641.0364774,0.0794739,8.03853333333333e-08,1.43709999999999e-09,1.44262001291082e-09,-1.72898215886712e-13,-1.65047261809394e-13,-1.78422366881717e-13,-8.53324363347342e-07
651.135378266667,0.0807259333333333,8.18102666666667e-08,1.4236916666667e-09,1.44242718143862e-09,-1.43020981968514e-13,-1.08552967738754e-13,-1.25557543105908e-13,-6.00492597463038e-07
661.225944266666,0.0819769333333333,8.32327166666667e-08,1.434375e-09,1.44233397094688e-09,-4.49689309652636e-14,-6.22931344760354e-14,-7.88363150609084e-14,-3.77043245943475e-07
671.3230975,0.08322875,8.46790166666667e-08,1.430425e-09,1.44233724357669e-09,-6.17360151934643e-15,-4.49922573591106e-14,-4.95452949357954e-14,-2.36955758388587e-07
681.4233427,0.08448095,8.60935666666667e-08,1.43590000000001e-09,1.44232162374384e-09,-6.56236079391244e-14,-3.23087444061551e-14,-3.12335396194858e-14,-1.49377798180149e-07
691.513774266666,0.0857319333333333,8.75508166666667e-08,1.436225e-09,1.44220599636081e-09,-1.49067174066723e-14,-8.37134673655529e-15,-6.43912780595094e-15,-3.07958286371567e-08
701.613078433334,0.0869840166666667,8.89660166666667e-08,1.41909166666665e-09,1.44229181030903e-09,4.46605057136267e-14,-1.56880824333255e-15,2.49156499423572e-14,1.19161804072143e-07
711.703375566667,0.0882349833333333,9.0389e-08,1.41257499999999e-09,1.44229531737223e-09,-1.22858577358656e-14,2.1686349254244e-14,5.53328785190415e-14,2.64635505960633e-07
721.802142,0.089487,9.17911666666667e-08,1.429e-09,1.44226723859356e-09,5.07131154337852e-14,1.0035727929625e-13,8.65987936196893e-14,4.14168143398514e-07
731.892439133334,0.0907379666666667,9.3247e-08,1.4585833333333e-09,1.4423967436031e-09,1.12727826977066e-13,1.66853397908982e-13,1.16698898794301e-13,5.58125168146657e-07
741.991205566667,0.0919899833333333,9.47083333333333e-08,1.45741666666665e-09,1.44249269424751e-09,1.50956892190291e-13,1.58465043226846e-13,1.42034698405421e-13,6.792963836781e-07
752.089703133334,0.0932419666666667,9.61618333333333e-08,1.44458333333335e-09,1.44269865738748e-09,3.36828788113674e-13,1.4224209893115e-13,1.62793643468062e-13,7.78578294847253e-07
762.180269133334,0.0944929666666667,9.75975e-08,1.4486666666667e-09,1.44316635182374e-09,3.53155507481299e-13,1.69290329491596e-13,1.7435346828673e-13,8.3386441354523e-07
772.27917,0.095745,9.90591666666667e-08,1.456e-09,1.44340496840245e-09,1.0264671911967e-14,1.99637861037558e-13,1.83458808991081e-13,8.77411695174735e-07
782.369467133334,0.0969959666666667,1.005095e-07,1.44641666666665e-09,1.44318688116756e-09,-6.63614502380707e-14,2.25070089170302e-13,2.22539990096904e-13,1.0643216917678e-06
792.468368,0.098248,1.01952e-07,1.44675e-09,1.44327224550197e-09,3.1488199052918e-13,2.71982089885946e-13,3.1057822425205e-13,1.48537411598807e-06
802.558934,0.099499,1.03403e-07,1.4546666666665e-09,1.44381664514862e-09,5.61524609846426e-13,3.51631088730118e-13,4.24936825055606e-13,2.03230655461377e-06
812.657566,0.100751,1.04861333333333e-07,1.4544166666665e-09,1.44439529472166e-09,5.15707981307934e-13,5.01305289016137e-13,5.43270778424229e-13,2.59825154898544e-06
822.7557947,0.10200295,1.06311833333333e-07,1.4428333333335e-09,1.44484806111124e-09,5.41863726622361e-13,7.11568908469877e-13,6.59634268452378e-13,3.1547725882505e-06
832.846764,0.103254,1.07747e-07,1.43958333333349e-09,1.44547902217491e-09,7.68133668558664e-13,8.40580673046815e-13,7.5651466387958e-13,3.61811360985886e-06
842.945396,0.104506,1.09191e-07,1.444e-09,1.44638432844835e-09,9.20029426862851e-13,8.24299832083335e-13,8.06705209646979e-13,3.85815535048555e-06
853.035827566664,0.105756983333333,1.10635e-07,1.44833333333351e-09,1.44731908102863e-09,9.80208970379377e-13,7.82575305706625e-13,7.8995758547903e-13,3.7780580175084e-06
863.134594,0.107009,1.12087666666667e-07,1.4523333333335e-09,1.44834474638911e-09,8.89244376991894e-13,7.37399454437847e-13,7.05659810335771e-13,3.37489474508412e-06
873.22516,0.10826,1.13539666666667e-07,1.4536666666665e-09,1.44909756978262e-09,4.73698819152154e-13,6.13332620509989e-13,5.83915484960213e-13,2.79263927589667e-06
883.323657566664,0.109511983333333,1.14995e-07,1.4505e-09,1.44929214402742e-09,1.97004367789121e-13,4.34729928388618e-13,4.67700264997109e-13,2.236827354334e-06
893.414358,0.110763,1.16440666666667e-07,1.4485833333335e-09,1.44949157851819e-09,3.58059450198202e-13,2.76111980836362e-13,3.64061722952802e-13,1.74116476194818e-06
903.51299,0.112015,1.17892166666667e-07,1.44733333333301e-09,1.45000826292781e-09,2.59401402073798e-13,1.95426122687409e-13,2.48132923755043e-13,1.18672267882847e-06
913.611622,0.113267,1.19335333333333e-07,1.44633333333301e-09,1.45001038132234e-09,5.56571684885915e-15,1.74451492566043e-13,1.21998963817918e-13,5.8347330521613e-07
923.702053566664,0.114517983333333,1.20784833333333e-07,1.4475e-09,1.45001939436151e-09,5.48909186302708e-14,1.10608386162762e-13,3.3574523668019e-15,1.60573808847047e-08
933.80082,0.11577,1.22230333333333e-07,1.45108333333349e-09,1.4501201631596e-09,1.29279447634612e-13,-7.25469406641645e-14,-1.11115403761634e-13,-5.31421496251293e-07
943.891386,0.117021,1.23687e-07,1.4538333333335e-09,1.45027795325678e-09,8.96910651065128e-14,-2.85847067857623e-13,-2.28457771271255e-13,-1.09262412347122e-06
953.990018,0.118273,1.25138e-07,1.4495e-09,1.45029954528982e-09,-3.54773701933151e-13,-3.8596093096909e-13,-3.4031246610669e-13,-1.62758135964069e-06
964.080584,0.119524,1.26586e-07,1.45016666666652e-09,1.44956840585291e-09,-9.06813196972424e-13,-4.16879872631775e-13,-4.15854176819663e-13,-1.988867802181e-06
974.179216,0.120776,1.28038333333333e-07,1.44841666666651e-09,1.44848591889587e-09,-8.45783218948405e-13,-4.45220588784646e-13,-4.22923273489951e-13,-2.02267652538672e-06
984.277848,0.122028,1.29482833333333e-07,1.44608333333348e-09,1.44787683941502e-09,-2.58048502422749e-13,-4.17183053017362e-13,-3.59711852471267e-13,-1.72036103355823e-06
994.368414,0.123279,1.309305e-07,1.44925e-09,1.44796982189103e-09,8.44224482238364e-14,-3.03585635117016e-13,-2.61218476915074e-13,-1.24930575915905e-06
1004.46677713334,0.124530966666667,1.32381333333333e-07,1.44775000000001e-09,1.44804568431146e-09,-4.28369460991892e-14,-1.33286957524009e-13,-1.66955578862541e-13,-7.98483203255631e-07
1014.557612,0.125782,1.33826e-07,1.44341666666699e-09,1.44788414799883e-09,-1.3937084267758e-13,-1.76075048002205e-15,-8.90222610481479e-14,-4.2575863979549e-07
1024.65610956666,0.127033983333333,1.35268166666667e-07,1.447e-09,1.44776694262611e-09,-2.17502095190645e-14,2.9913468664934e-14,-3.3705814087235e-14,-1.61201719547646e-07
1034.74654113334,0.128284966666667,1.3672e-07,1.45908333333301e-09,1.44784064757979e-09,2.05582232940873e-14,-1.18224335957085e-14,-1.47126357073413e-14,-7.03647794698932e-08
1044.845442,0.129537,1.38186333333333e-07,1.4540833333335e-09,1.4478080590727e-09,-7.19938918923862e-14,-6.53796065648575e-14,-3.15848737100481e-14,-1.51058091656752e-07
1054.93573913334,0.130787966666667,1.39628166666667e-07,1.44075000000001e-09,1.447696659796e-09,-8.05963895029842e-14,-8.79146772414817e-14,-6.38764974821113e-14,-3.0549629230575e-07
1065.03450556666,0.132039983333333,1.41067833333333e-07,1.4429166666665e-09,1.44764686629369e-09,-1.23068095813709e-15,-9.54440447087706e-14,-8.61595190453163e-14,-4.12067264999339e-07
1075.133272,0.133292,1.42514e-07,1.4445e-09,1.44769419843409e-09,-1.21922353851484e-13,-9.82945515820011e-14,-8.48911525182745e-14,-4.06001164217835e-07
1085.223838,0.134543,1.43956833333333e-07,1.445e-09,1.44740302158599e-09,-2.53818508534452e-13,-7.13814399404001e-14,-5.6484441320829e-14,-2.70142980230052e-07
1095.32233556666,0.135794983333333,1.45404e-07,1.44658333333351e-09,1.44718656141702e-09,-6.09583456003459e-14,-1.3437978436291e-14,-9.3605842228119e-15,-4.47680115004047e-08
1105.41290156666,0.137045983333333,1.4685e-07,1.4455e-09,1.44728110489479e-09,1.39207569823347e-13,3.63417676551152e-14,3.79141299689656e-14,1.81328447677662e-07
1115.51139913334,0.138297966666667,1.48295e-07,1.44033333333349e-09,1.44746497655667e-09,1.56672102811591e-13,8.16125632243894e-14,7.49135983182994e-14,3.58282426739693e-07
1125.602234,0.139549,1.49730666666667e-07,1.44533333333351e-09,1.44759444910041e-09,1.51704077860801e-13,1.37138243609357e-13,9.86321013730094e-14,4.71718745697001e-07
1135.70073156666,0.140800983333333,1.51185666666667e-07,1.4571666666665e-09,1.44776838471239e-09,1.53217890925512e-13,1.44706384994312e-13,1.07263781316445e-13,5.13000693252563e-07
1145.799498,0.142053,1.52645e-07,1.45949999999999e-09,1.44790088488226e-09,8.26726917194015e-14,9.51293566625943e-14,1.07865776577899e-13,5.15879801024734e-07
1155.88979513334,0.143303966666667,1.54104666666667e-07,1.4439166666665e-09,1.44793373009583e-09,7.78990841586708e-14,6.77043610665752e-14,1.09714324857019e-13,5.24720684098786e-07
1165.988696,0.144556,1.55532833333333e-07,1.44475000000002e-09,1.44805668305058e-09,5.14498252019113e-14,8.22502132720203e-14,1.09205289683893e-13,5.22286168053401e-07
1176.079262,0.145807,1.56994166666667e-07,1.452416666667e-09,1.44803662974623e-09,-1.88018603669336e-14,1.1107152981038e-13,1.10349609987856e-13,5.27759004289746e-07
1186.1774907,0.14705895,1.58437666666667e-07,1.44291666666649e-09,1.44801907932985e-09,1.17748986392835e-13,1.48403701102066e-13,1.26876660855038e-13,6.06801421480617e-07
1196.26846,0.14831,1.5988e-07,1.44316666666649e-09,1.44827212771902e-09,2.93117246897092e-13,1.61027147806462e-13,1.47560894940262e-13,7.05726019279514e-07
1206.367092,0.149562,1.61324e-07,1.44558333333351e-09,1.44860531382364e-09,2.58928099538633e-13,1.37391724952544e-13,1.49318848357254e-13,7.14133622578171e-07
1216.465724,0.150814,1.62771166666667e-07,1.45041666666651e-09,1.44878998391809e-09,1.60588763808218e-13,1.46587455846073e-13,1.33730526720918e-13,6.39580779969608e-07
1226.55629,0.152065,1.64224833333333e-07,1.4501666666665e-09,1.44892649135126e-09,8.00867516795721e-14,1.56066160463586e-13,1.11788975436022e-13,5.34642925998366e-07
1236.654922,0.153317,1.656715e-07,1.44508333333349e-09,1.44895015742145e-09,-6.34584022327193e-14,9.08220635299763e-14,9.39497019898929e-14,4.49324661690792e-07
1246.74521913334,0.154567966666667,1.67115e-07,1.44975e-09,1.44879957454679e-09,3.81199649661427e-14,3.61410958379852e-14,9.82744944831176e-14,4.7000845187578e-07
1256.84412,0.15582,1.68571e-07,1.45150000000001e-09,1.44902639735138e-09,2.84661977998741e-13,7.02668783590718e-14,1.18610899802359e-13,5.67269520793891e-07
1266.934686,0.157071,1.70018e-07,1.44749999999999e-09,1.44936889850279e-09,8.69130671208129e-14,1.24859850702515e-13,1.31125306782834e-13,6.27121032439641e-07
1277.033318,0.158323,1.71466e-07,1.4498333333335e-09,1.44920022348563e-09,-8.96745490548858e-14,1.80175447935879e-13,1.42900302970616e-13,6.83436231598598e-07
1287.123884,0.159574,1.72917666666667e-07,1.45200000000001e-09,1.44918954940468e-09,2.45839845369495e-13,2.2651276502278e-13,1.59900656347179e-13,7.64742269486508e-07
1297.22238156666,0.160825983333333,1.7437e-07,1.446833333333e-09,1.44969190317636e-09,4.19531963724665e-13,1.61886003905984e-13,1.52728657785347e-13,7.30441406799486e-07
1307.32101356666,0.162077983333333,1.75811333333333e-07,1.4495e-09,1.45002861333213e-09,1.49096431024161e-13,6.26726588935659e-14,1.03583297076759e-13,4.9539837732363e-07
1317.411714,0.163329,1.77269e-07,1.45674999999999e-09,1.44999009603841e-09,5.80902172138745e-14,5.08527178276323e-14,3.27284573891484e-14,1.56527404904623e-07
1327.510346,0.164581,1.78724833333333e-07,1.45600000000001e-09,1.45014479376656e-09,-9.52664084537982e-14,7.49249868972693e-15,-3.71220967843737e-14,-1.77540462881787e-07
1337.60077756666,0.165831983333333,1.80181e-07,1.45758333333351e-09,1.44979956322151e-09,-4.01396407618862e-13,-1.19790835366135e-13,-8.99721019444462e-14,-4.30301357125612e-07
1347.699544,0.167084,1.8164e-07,1.45149999999999e-09,1.44934200095132e-09,-1.08497172448564e-13,-1.88986457933286e-13,-1.13546955099405e-13,-5.43050654823241e-07
1357.79011,0.168335,1.83084e-07,1.44375e-09,1.44958256887661e-09,1.34545327563378e-13,-1.47021558765281e-13,-1.23291548364744e-13,-5.89655231309645e-07
1367.8883387,0.16958695,1.845275e-07,1.4435e-09,1.44961109160644e-09,-2.09851865279456e-13,-9.05996827182394e-14,-1.27389476467293e-13,-6.09254017887053e-07
1377.987374,0.170839,1.85971e-07,1.4491666666665e-09,1.44916286514605e-09,-2.72160751086765e-13,-7.00918028292423e-14,-1.08599965935691e-13,-5.19391141431566e-07
1388.07794,0.17209,1.87425833333333e-07,1.45000000000002e-09,1.44906677010427e-09,4.56824239175442e-14,-6.94887776108428e-14,-7.55036322898559e-14,-3.61104328342789e-07
1398.17630313334,0.173341966666667,1.88871e-07,1.4490833333335e-09,1.44925422999388e-09,1.43917944532847e-13,-8.30707992379347e-14,-5.27268222847981e-14,-2.52171758753382e-07
1408.267138,0.174593,1.90324e-07,1.45099999999999e-09,1.44935460599334e-09,-1.08363156587234e-13,-5.70554738120629e-14,-4.57042886878553e-14,-2.18585728507134e-07
1418.36563556666,0.175844983333333,1.91773e-07,1.44658333333351e-09,1.44903750368071e-09,-3.04345323033477e-13,-1.9118792344843e-14,-4.45852111688642e-14,-2.13233618633698e-07
1428.45606713334,0.177095966666667,1.93217166666667e-07,1.45e-09,1.44874591534727e-09,-3.31425022735449e-14,-3.66208342855605e-14,-4.16901628986861e-14,-1.99387735602412e-07
1438.554968,0.178348,1.94673e-07,1.451083333333e-09,1.44897121867616e-09,1.90319524041056e-13,-5.20966204134652e-14,-4.87182091119717e-14,-2.33000130535517e-07
1448.645534,0.179599,1.96119333333333e-07,1.44549999999999e-09,1.44912655439535e-09,-1.27805839388063e-14,-5.95832342697603e-14,-7.29569898331693e-14,-3.48924733984723e-07
1458.74403156666,0.180850983333333,1.97564e-07,1.445666666667e-09,1.44894565750829e-09,-2.28514047132303e-13,-7.80957498891625e-14,-9.78407117651042e-14,-4.67933838876585e-07
1468.84266356666,0.182102983333333,1.99010666666667e-07,1.44650000000001e-09,1.44866952630109e-09,-8.92385255998502e-14,-9.78096300764111e-14,-1.03377259376878e-13,-4.94412979628547e-07
1478.9329607,0.18335395,2.00457e-07,1.44891666666649e-09,1.44876718045709e-09,1.4086766780739e-14,-1.52168022948529e-13,-9.28102307879009e-14,-4.438750168117e-07
1489.03186156666,0.184605983333333,2.019085e-07,1.45149999999999e-09,1.44869769983465e-09,-2.84831857269076e-13,-1.37640296037126e-13,-7.93167104754768e-14,-3.79340789230541e-07
1499.12242756666,0.185856983333333,2.0336e-07,1.4558333333335e-09,1.44819751674255e-09,-2.42224248187925e-13,-1.42931496378117e-14,-5.42116922202249e-14,-2.59273310618467e-07
1509.22105956666,0.187108983333333,2.04820166666667e-07,1.44650000000001e-09,1.44821325133827e-09,1.02523084705693e-13,4.98245126452881e-14,-1.32021407485554e-14,-6.31406731452649e-08
1519.31176,0.18836,2.06253e-07,1.44000000000001e-09,1.44840256291196e-09,1.32444487226408e-13,1.60879564926299e-14,3.27427109590321e-14,1.56595574151893e-07
1529.410392,0.189612,2.07700166666667e-07,1.45191666666648e-09,1.44847814031273e-09,2.96600715758806e-13,1.90248725613306e-14,6.89423279466676e-14,3.29724177136236e-07
1539.509024,0.190864,2.09156833333333e-07,1.4499166666665e-09,1.44899576434348e-09,1.92404320225597e-13,9.07022504649069e-14,7.13170019697217e-14,3.41081313768234e-07
1549.59945556666,0.192114983333333,2.106e-07,1.44525e-09,1.44886294895318e-09,-3.15845206008457e-13,1.11405579515815e-13,4.83824194110871e-14,2.31394179792156e-07
1559.698222,0.193367,2.12047333333333e-07,1.447e-09,1.44836407393146e-09,-1.9425694806753e-13,6.37143365061342e-14,3.53711348171853e-14,1.69166296951756e-07
1569.78851913334,0.194617966666667,2.13494e-07,1.4458333333335e-09,1.44847443505704e-09,2.81553187311983e-13,3.19928296565971e-16,3.51114046246035e-14,1.67924109074191e-07
1579.8870167,0.19586995,2.14939e-07,1.439e-09,1.44892718030608e-09,3.07279515578894e-13,-3.80859319145723e-14,3.20570358291899e-14,1.53316258313517e-07
1589.977986,0.197121,2.16372e-07,1.4565e-09,1.4490889940882e-09,1.94228635022743e-15,1.75004711824355e-14,3.44537878383026e-14,1.64778985313621e-07
1600.076618,0.198373,2.17852e-07,1.4621666666665e-09,1.44893106487878e-09,-1.98836138227034e-13,1.0048307047663e-13,6.18335102218597e-14,2.95725483669764e-07
1610.17511556666,0.199624983333333,2.19296333333333e-07,1.43991666666651e-09,1.44869132181175e-09,-1.16031318187468e-13,1.2151110169181e-13,1.11866324130427e-13,5.35012854536825e-07
1620.265816,0.200876,2.20731833333333e-07,1.444166666667e-09,1.44869900224241e-09,2.59158380333458e-13,1.41966554841143e-13,1.68099267896706e-13,8.0395302037555e-07
1630.364448,0.202128,2.22184666666667e-07,1.4540833333335e-09,1.44920963857241e-09,4.10022499562989e-13,2.0394100376693e-13,2.06667748274318e-13,9.88410970007608e-07
1640.455014,0.203379,2.2364e-07,1.44616666666651e-09,1.44951904724154e-09,2.77003254128425e-13,2.51315697586222e-13,2.14434967906289e-13,1.02555854216051e-06
1650.55351156666,0.204630983333333,2.25077e-07,1.44849999999999e-09,1.44976364508067e-09,3.12265472230412e-13,2.52036192935223e-13,2.09970461035271e-13,1.00420655277738e-06
1660.6438087,0.20588195,2.26537e-07,1.4563333333335e-09,1.450143578186e-09,2.52323570942085e-13,2.17462887867633e-13,2.04798905686868e-13,9.79473027198064e-07
1670.742844,0.207134,2.27989666666667e-07,1.457e-09,1.45026829222255e-09,2.71080130159034e-14,1.55417158725662e-13,1.95465425729097e-13,9.34834644791333e-07
1680.83341,0.208385,2.29451e-07,1.4576666666665e-09,1.45019779421203e-09,-2.41143627285734e-14,1.44937006777315e-13,1.94706956841664e-13,9.31207184894915e-07
1690.93190756666,0.209636983333333,2.30905e-07,1.44841666666651e-09,1.4502200634971e-09,1.89283260467809e-13,2.01133864287461e-13,2.1230965085196e-13,1.01539398233546e-06
1701.03874,0.21089,2.32347833333333e-07,1.43999999999999e-09,1.45057636073296e-09,3.45912893457603e-13,2.34366073474532e-13,2.39828968776866e-13,1.14700811154153e-06
1711.12124,0.21214,2.33785e-07,1.4495833333335e-09,1.45091188928401e-09,3.08726320725968e-13,2.74968689152241e-13,2.69885012502494e-13,1.29075440762062e-06
1721.20374,0.21339,2.35247e-07,1.4548333333335e-09,1.45119381337442e-09,3.90623230433328e-13,3.40477049333516e-13,2.91271638743433e-13,1.3930382722512e-06
1731.28624,0.21464,2.36694666666667e-07,1.447e-09,1.45169313574488e-09,3.80624891465782e-13,3.24140743953763e-13,2.85310192037571e-13,1.36452700539708e-06
1741.36874,0.21589,2.38141e-07,1.45266666666651e-09,1.45195506315735e-09,1.47693983247286e-13,2.51826125182525e-13,2.58813653331791e-13,1.23780442897813e-06
1751.5319,0.21715,2.396e-07,1.46350000000002e-09,1.45198852371137e-09,2.12887985379484e-13,2.14138421783839e-13,2.30256260874568e-13,1.10122559548706e-06
1761.6144,0.2184,2.41068e-07,1.45175e-09,1.45238083912811e-09,2.56155292306181e-13,1.71589647863434e-13,1.92251534781624e-13,9.19463861999071e-07
1771.6969,0.21965,2.425035e-07,1.44774999999999e-09,1.45250083429599e-09,-1.46332117739153e-14,1.31807811743652e-13,1.54338129347446e-13,7.38138879487785e-07
1781.7794,0.2209,2.439635e-07,1.44708333333352e-09,1.45235157270456e-09,1.37784359022726e-13,1.55364047801971e-13,1.50066129124017e-13,7.17707574071386e-07
1791.8619,0.22215,2.45397666666667e-07,1.43224999999999e-09,1.45277640301403e-09,2.79814756086281e-13,1.69289941861494e-13,1.6583590050123e-13,7.93128219788491e-07
1801.9444,0.2234,2.46828e-07,1.45566666666648e-09,1.45291120221673e-09,6.53431183788897e-14,1.30108783626551e-13,1.70051975614763e-13,8.13292057287997e-07
1812.10756,0.22466,2.48309e-07,1.46500000000002e-09,1.45290708925079e-09,2.10726743522264e-13,1.66625712605541e-13,1.66544744894666e-13,7.96518345148403e-07
1822.19006,0.22591,2.49758e-07,1.448e-09,1.45333265570378e-09,2.74246491047368e-13,2.33482377866082e-13,1.48660475890762e-13,7.10984884694949e-07
1832.27256,0.22716,2.51205e-07,1.44349999999998e-09,1.45345558223288e-09,-3.32142290820414e-14,1.39187933168005e-13,1.05484300540275e-13,5.04490133018707e-07
1842.35506,0.22841,2.52645e-07,1.45375e-09,1.45326622724561e-09,6.96958028555745e-14,1.20055653008214e-14,5.38771320395936e-14,2.57673240189361e-07
1852.43756,0.22966,2.541125e-07,1.47e-09,1.45359497383859e-09,3.55496915750483e-13,-1.27253038686351e-14,-2.54663244686962e-15,-1.21795464850286e-08
1862.52006,0.23091,2.55585e-07,1.47175e-09,1.45397722107711e-09,-1.16985473438484e-13,-7.03499436440972e-14,-6.80548556470683e-14,-3.25479744399022e-07
1872.68322,0.23217,2.57056e-07,1.45800000000001e-09,1.45336100289172e-09,-6.34987957451108e-13,-1.27563511659832e-13,-1.1233397249961e-13,-5.37249433693787e-07
1882.76572,0.23342,2.58501e-07,1.43899999999999e-09,1.45270724516221e-09,-1.42671219428692e-13,-1.17030620577424e-13,-1.09650917135112e-13,-5.24417429776623e-07
1892.84822,0.23467,2.59934e-07,1.44949999999999e-09,1.45307566045286e-09,2.64958813717563e-13,-1.22883141908583e-13,-8.80934948217703e-14,-4.21316714364988e-07
1902.93072,0.23592,2.614e-07,1.45250000000002e-09,1.45323716278964e-09,-1.46160350932616e-13,-9.18123659709701e-14,-7.30919456408368e-14,-3.49570174804002e-07
1913.01322,0.23717,2.62839e-07,1.4466666666665e-09,1.45278333975099e-09,-1.38354398358634e-13,-2.85238782050067e-15,-5.39372265402177e-14,-2.57960648670606e-07
1923.09572,0.23842,2.64293333333333e-07,1.4575e-09,1.45296045399293e-09,1.23046388369733e-13,2.92035163009438e-14,-3.79718050186468e-14,-1.81604284871789e-07
1933.17822,0.23967,2.65754e-07,1.46108333333351e-09,1.45302943252773e-09,2.0931957682227e-14,-2.57639538213451e-14,-3.04458909330671e-14,-1.45610782723364e-07
1943.34138,0.24093,2.672155e-07,1.46308333333351e-09,1.45300231790829e-09,-4.96613740300774e-15,-6.31956877408496e-14,-1.56716590462696e-14,-7.4951412829985e-08
1953.42388,0.24218,2.68680166666667e-07,1.45424999999999e-09,1.45301950025293e-09,-1.45945170522119e-13,-2.57477446717481e-14,1.20182512487862e-14,5.74785929289775e-08
1963.50638,0.24343,2.70124e-07,1.44891666666648e-09,1.45271042756725e-09,-7.27205976719063e-14,1.64514941744685e-14,5.62939844983768e-14,2.69232099774846e-07
1973.58888,0.24468,2.71578e-07,1.44941666666652e-09,1.45287405905758e-09,1.19145771521089e-13,8.15834492318236e-14,1.10558543053248e-13,5.28758249385099e-07
1983.67138,0.24593,2.73022833333333e-07,1.44066666666649e-09,1.45294871911029e-09,6.05581855413903e-14,1.79585292358866e-13,1.5373689346227e-13,7.35263403515204e-07
1993.75388,0.24718,2.74459333333333e-07,1.44924999999998e-09,1.45299517542867e-09,2.35728253565296e-13,2.38884853322109e-13,1.60507246630901e-13,7.67643353452135e-07
2003.91704,0.24844,2.75921333333333e-07,1.46008333333351e-09,1.45342017561742e-09,4.28141067749193e-13,1.97052744659255e-13,1.20546549560537e-13,5.7652697615909e-07
2013.99954,0.24969,2.773795e-07,1.4538333333335e-09,1.45385145756417e-09,2.58038120907981e-13,4.3096039489639e-14,4.2553969615224e-14,2.03518985116289e-07
2024.08204,0.25094,2.78829e-07,1.45425000000001e-09,1.45393625185924e-09,-7.00327300784994e-14,-1.11132353720706e-13,-7.41122384176949e-14,-3.54449835910715e-07
2034.16454,0.25219,2.80288e-07,1.45599999999998e-09,1.45371139210401e-09,-3.83761995363798e-13,-2.27695317914327e-13,-2.10521142460489e-13,-1.00684024655016e-06
2044.24704,0.25344,2.81741e-07,1.4473333333335e-09,1.45316872786851e-09,-7.02641433926155e-13,-3.20229934786784e-13,-3.13882657249107e-13,-1.50117792597399e-06
2054.32954,0.25469,2.83182666666667e-07,1.45491666666651e-09,1.45230610923616e-09,-5.27105181697588e-13,-3.88976030664855e-13,-3.55400743568663e-13,-1.69974268663274e-06
2064.41204,0.25594,2.84650833333333e-07,1.45475e-09,1.45211451750511e-09,-1.37816447342576e-13,-4.43829609955128e-13,-3.56381721817832e-13,-1.70443432173746e-06
2074.5752,0.2572,2.86092166666667e-07,1.439916666667e-09,1.45203047634147e-09,-1.62878358891486e-13,-3.89483598339383e-13,-3.49068210251112e-13,-1.66945665772271e-06
2084.6577,0.25845,2.87530666666667e-07,1.44625000000001e-09,1.45178876078733e-09,-2.41498486181676e-13,-2.42502947434371e-13,-3.43167716243696e-13,-1.6412369037742e-06
2094.7402,0.2597,2.88984666666667e-07,1.44716666666651e-09,1.45154747936911e-09,-5.17507946572919e-13,-2.27431448455591e-13,-3.42508556489334e-13,-1.63808440060116e-06
2104.8227,0.26095,2.90425e-07,1.44516666666648e-09,1.45075374489419e-09,-5.50388079762602e-13,-3.67532373813675e-13,-3.57643469989805e-13,-1.71046876951646e-06
2114.9052,0.2622,2.91875e-07,1.4496666666665e-09,1.45044670320958e-09,1.39980520518161e-14,-4.64368667374581e-13,-4.00068650276168e-13,-1.91337180566863e-06
2124.9877,0.26345,2.93324333333333e-07,1.46199999999999e-09,1.45078174099829e-09,-2.02457398048229e-13,-4.88532823516165e-13,-4.7926839262725e-13,-2.29215318213033e-06
2135.15086,0.26471,2.94799e-07,1.46816666666699e-09,1.45004178841349e-09,-1.0834815058105e-12,-5.22157026596801e-13,-5.67845919031735e-13,-2.71578483015178e-06
2145.23336,0.26596,2.96260666666667e-07,1.44350000000001e-09,1.44861477798667e-09,-8.18154620339562e-13,-5.87774123152503e-13,-6.0307157121119e-13,-2.88425534057526e-06
2155.31586,0.26721,2.97686e-07,1.4401666666665e-09,1.44840547917281e-09,-2.41909027759846e-13,-6.45208182231615e-13,-5.80060825767795e-13,-2.77420394932424e-06
2165.39836,0.26846,2.99141e-07,1.46225e-09,1.44813095993115e-09,-5.15381624353398e-13,-6.44360915410002e-13,-5.42748694668653e-13,-2.59575462667617e-06
2175.48086,0.26971,3.006105e-07,1.4494166666665e-09,1.4473747159241e-09,-7.51856402944449e-13,-5.28169344881368e-13,-5.05596004624489e-13,-2.41806784820408e-06
2185.56336,0.27096,3.02039833333333e-07,1.45458333333349e-09,1.44662724712526e-09,-6.52943252770981e-13,-3.45285222325928e-13,-4.67697908103428e-13,-2.23681608223379e-06
2195.72652,0.27222,3.03519666666667e-07,1.4605833333335e-09,1.44606882941856e-09,-1.71939530524202e-13,-3.25612144405045e-13,-4.31174035211412e-13,-2.06213669014154e-06
2205.80902,0.27347,3.04961e-07,1.4506666666665e-09,1.44628336806421e-09,-7.32245728446296e-14,-4.19887575034728e-13,-4.07052801066663e-13,-1.946774265971e-06
2215.89152,0.27472,3.06421e-07,1.45150000000002e-09,1.44592238027287e-09,-3.51215958082708e-13,-4.50391490547078e-13,-4.03013132604409e-13,-1.92745411245587e-06
2225.97402,0.27597,3.07864e-07,1.44250000000001e-09,1.44558093614805e-09,-3.29719623705646e-13,-4.36837042950963e-13,-4.097983907843e-13,-1.95990534722926e-06
2236.05652,0.27722,3.09306e-07,1.44949999999999e-09,1.44526294102546e-09,-7.11675236142391e-13,-3.85250174752525e-13,-3.92193163783047e-13,-1.87570643548414e-06
2246.13902,0.27847,3.10763e-07,1.44099999999999e-09,1.44415758567576e-09,-8.06617930193577e-13,-3.19111092123906e-13,-3.02033026199724e-13,-1.44450577747694e-06
2256.22152,0.27972,3.12188e-07,1.43016666666652e-09,1.44364970516507e-09,-1.58852220125853e-13,-2.09147125887067e-13,-1.46329010962046e-13,-6.99834400253263e-07
2266.38468,0.28098,3.13623333333333e-07,1.43866666666652e-09,1.44383988123551e-09,3.68879627326849e-13,-2.44130506115956e-14,3.26613563467141e-14,1.56206486875589e-07
2276.46718,0.28223,3.15065333333333e-07,1.43733333333349e-09,1.44438746441972e-09,5.00596465000467e-13,2.1937802697653e-13,2.09837790396561e-13,1.00357204102703e-06
2286.54968,0.28348,3.16498e-07,1.44133333333349e-09,1.44484107416551e-09,2.98857278763738e-13,4.68909090226279e-13,3.72231491360274e-13,1.78023756737522e-06
2296.63218,0.28473,3.17948e-07,1.44975e-09,1.44498517897725e-09,2.63351567049509e-13,5.94841382480922e-13,5.07485491424502e-13,2.42710452420414e-06
2306.71468,0.28598,3.193975e-07,1.44266666666649e-09,1.44536777729961e-09,6.87199408067136e-13,6.02417142255885e-13,6.02187642104766e-13,2.88002785354453e-06
2316.79718,0.28723,3.20833333333333e-07,1.44008333333349e-09,1.44635957779339e-09,9.19704674317137e-13,6.09369496580414e-13,6.58555026769585e-13,3.14961099759367e-06
2326.96034,0.28849,3.22277666666667e-07,1.44616666666699e-09,1.44720718664824e-09,6.17445091246228e-13,6.57318805608021e-13,6.83603516027556e-13,3.26940812013179e-06
2337.04284,0.28974,3.23725666666667e-07,1.43366666666651e-09,1.44759446797588e-09,5.52017977008285e-13,6.90138110483849e-13,6.94910865562018e-13,3.32348674834009e-06
2347.12534,0.29099,3.25145e-07,1.42416666666651e-09,1.44831122260226e-09,6.95997266831241e-13,7.24148924202672e-13,7.19224765057823e-13,3.43977061549394e-06
2357.20784,0.29224,3.26574e-07,1.45050000000002e-09,1.44898646250954e-09,7.4841634766736e-13,7.77380424834967e-13,7.60434480665966e-13,3.63686055970679e-06
2367.29034,0.29349,3.28046e-07,1.4530833333335e-09,1.44980805529759e-09,7.7833019999891e-13,7.92761996384364e-13,8.04278460196692e-13,3.84654915746244e-06
2377.37284,0.29474,3.29480166666667e-07,1.43641666666648e-09,1.45054312290954e-09,7.83864489188492e-13,8.26732034238073e-13,8.44103896795113e-13,4.03701863684619e-06
2387.45534,0.29599,3.30918833333333e-07,1.46241666666651e-09,1.45137578427597e-09,1.15664567714325e-12,8.98218888644788e-13,8.91844527882512e-13,4.26534339422071e-06
2397.6185,0.29725,3.32405e-07,1.47008333333349e-09,1.45285641426383e-09,1.08055108836282e-12,9.58579561480363e-13,9.46783249696468e-13,4.52809380289615e-06
2407.701,0.2985,3.33859e-07,1.43941666666648e-09,1.4535368864527e-09,5.68204640342899e-13,9.97589051894303e-13,1.00628536069098e-12,4.81266911634817e-06
2417.7835,0.29975,3.35283833333333e-07,1.44350000000001e-09,1.45399282354451e-09,9.75415637954339e-13,1.04748973081914e-12,1.07850561041166e-12,5.15807031066446e-06
2427.866,0.301,3.36746e-07,1.4540833333335e-09,1.45548771772861e-09,1.41601074392022e-12,1.13927381217768e-12,1.14497534747512e-12,5.47596905314188e-06
2437.9485,0.30225,3.38192e-07,1.46750000000001e-09,1.45682484503235e-09,1.16976130074583e-12,1.1961304027264e-12,1.19106619541736e-12,5.69640354330042e-06
2448.031,0.3035,3.39681e-07,1.47050000000001e-09,1.4578272403301e-09,1.11041303314286e-12,1.23373742776903e-12,1.22009681205321e-12,5.83524562286318e-06
2458.19416,0.30476,3.41133e-07,1.451e-09,1.45904567109864e-09,1.35650675364567e-12,1.26234915393977e-12,1.22395088536256e-12,5.85367814738616e-06
2468.27666,0.30601,3.42583e-07,1.46524999999997e-09,1.46054025383739e-09,1.39940504503497e-12,1.18854233429405e-12,1.18550205240836e-12,5.66979242456172e-06
2478.35916,0.30726,3.440635e-07,1.4625e-09,1.46184448118871e-09,9.80884806755455e-13,1.09349791066519e-12,1.09955055537598e-12,5.25872004745034e-06
2488.44166,0.30851,3.45508e-07,1.46483333333353e-09,1.4625020234509e-09,7.66098892388499e-13,1.01451759619101e-12,9.84019143280926e-13,4.70617851134356e-06
2498.52416,0.30976,3.46993166666667e-07,1.48683333333351e-09,1.46337667897348e-09,9.78047822898502e-13,8.69895761441952e-13,8.50008836230979e-13,4.06525965153946e-06
2508.60666,0.31101,3.48481666666667e-07,1.48041666666648e-09,1.4644581190967e-09,8.76090058659571e-13,6.90002334661011e-13,7.12233021873621e-13,3.4063318437434e-06
2518.76982,0.31227,3.49954e-07,1.47316666666646e-09,1.4651288590908e-09,5.69448534126001e-13,5.5221232179191e-13,5.9525315773438e-13,2.84686292829486e-06
2528.85232,0.31352,3.51428e-07,1.45858333333352e-09,1.46559701616495e-09,3.68260511750355e-13,4.7671766511613e-13,4.9820689428287e-13,2.38272862483112e-06
2538.93482,0.31477,3.52871166666667e-07,1.46450000000001e-09,1.4658653801143e-09,2.90359540045349e-13,4.12961402177553e-13,4.24831654167224e-13,2.03180356340846e-06
2549.01732,0.31602,3.54357e-07,1.48141666666648e-09,1.46617773524504e-09,3.1672385935717e-13,3.7320277321589e-13,3.79750770612547e-13,1.81619933771218e-06
2559.09982,0.31727,3.55834e-07,1.4689166666665e-09,1.46649882783302e-09,3.5464374428577e-13,3.64163878158946e-13,3.43571636973596e-13,1.64316869856937e-06
2569.18232,0.31852,3.57294833333333e-07,1.4575e-09,1.46688702273361e-09,4.19799051693493e-13,3.24890126699764e-13,3.02732128965717e-13,1.44784931244473e-06
2579.26482,0.31977,3.58749e-07,1.46408333333351e-09,1.46733842593641e-09,4.66416755393328e-13,2.81117463039861e-13,2.51366708122285e-13,1.2021886040631e-06
2589.42798,0.32103,3.60223e-07,1.46600000000002e-09,1.4678198562444e-09,3.45065384652367e-13,2.11550378608219e-13,1.94891112149467e-13,9.32087927671364e-07
2599.51048,0.32228,3.61681e-07,1.46099999999999e-09,1.46802855670571e-09,-5.55675100299281e-14,1.20990692975139e-13,1.4412359356282e-13,6.89286751822183e-07
2609.59298,0.32353,3.63145e-07,1.46349999999998e-09,1.46770872122434e-09,-1.69597084121946e-13,8.4781533232459e-14,1.10577021517446e-13,5.28846624648655e-07
2619.67548,0.32478,3.64608e-07,1.45600000000001e-09,1.46768936253747e-09,1.17651777695065e-13,6.28466520526921e-14,1.08459651932761e-13,5.18720074461031e-07
2629.75798,0.32603,3.66057e-07,1.46300000000002e-09,1.46794402477973e-09,7.45798319336631e-14,8.30986196619047e-14,1.24621193488554e-13,5.9601440364091e-07
2639.84048,0.32728,3.67534e-07,1.47500000000001e-09,1.46783852220133e-09,1.55021442534407e-13,1.47019211428159e-13,1.39888660766628e-13,6.69032725405612e-07
2650.00364,0.32854,3.69007e-07,1.46399999999999e-09,1.4682540676648e-09,3.6464302702152e-13,1.85594649521279e-13,1.36905416986667e-13,6.5476503776232e-07
2660.08614,0.32979,3.70462e-07,1.46883333333349e-09,1.46856780825538e-09,1.205906891027e-13,1.72322476070581e-13,8.90454298523828e-14,4.25869447120092e-07
2670.16864,0.33104,3.71944666666667e-07,1.47350000000002e-09,1.468495249043e-09,1.05226052677741e-13,4.21687146941547e-14,-7.29543167062543e-15,-3.48911949464694e-08
2680.25114,0.33229,3.73409e-07,1.46166666666652e-09,1.46877826036073e-09,-7.01761836806032e-14,-1.30916752943959e-13,-1.44394340319856e-13,-6.90581627616703e-07
2690.33364,0.33354,3.74868e-07,1.4545e-09,1.46835489667564e-09,-3.42423761951714e-13,-2.84721068353569e-13,-2.85388427119825e-13,-1.36490117318177e-06
2700.41614,0.33479,3.76318e-07,1.47149999999999e-09,1.46809341283683e-09,-3.36880035026631e-13,-4.4157104060652e-13,-3.7403907244192e-13,-1.7888825203744e-06
2710.5793,0.33605,3.77811e-07,1.47349999999999e-09,1.46768113660559e-09,-7.08976043246573e-13,-4.98684423407516e-13,-3.90684961431715e-13,-1.86849329380385e-06
2720.6618,0.3373,3.79265e-07,1.4555e-09,1.46667546075034e-09,-5.80670003852696e-13,-4.28942182049141e-13,-3.31582166837218e-13,-1.58582775443887e-06
2730.7443,0.33855,3.80722e-07,1.46199999999999e-09,1.46651979659788e-09,-1.83259152715526e-13,-2.21215965821569e-13,-2.15963849140615e-13,-1.03287058284642e-06
2740.8268,0.3398,3.82189e-07,1.47516666666649e-09,1.4663089424449e-09,-2.32601531171191e-13,1.6620863063943e-14,-7.87774294434348e-14,-3.76761619077297e-07
2750.9093,0.34105,3.83672333333333e-07,1.47600000000001e-09,1.46605459353554e-09,2.40471660369985e-13,1.07433757249638e-13,4.58451628995041e-14,2.19259474736759e-07
2760.9918,0.3423,3.85141e-07,1.45983333333353e-09,1.46678988576564e-09,6.37172793645269e-13,1.47276740666921e-13,1.12165923116844e-13,5.36445719254471e-07
2771.0743,0.34355,3.86592e-07,1.4585e-09,1.46732893912283e-09,4.14542231983682e-13,1.41895136029341e-13,1.02416711839451e-13,4.89819056623461e-07
2781.23746,0.34481,3.88058e-07,1.46999999999997e-09,1.46761897022961e-09,-1.57270455353069e-13,5.02112244798917e-14,3.11055598446165e-14,1.48765720995992e-07
2791.31996,0.34606,3.89532e-07,1.47350000000002e-09,1.46701439821212e-09,-6.72292501909118e-13,-7.46904294594925e-14,-5.9941799238029e-14,-2.86678170268834e-07
2801.40246,0.34731,3.91005e-07,1.47450000000002e-09,1.46627438522579e-09,-2.08825039453806e-13,-2.14991316054332e-13,-1.37990068018006e-13,-6.5995249921655e-07
2811.48496,0.34856,3.92481e-07,1.48299999999999e-09,1.46659674813322e-09,6.7224059430219e-14,-2.8664315706774e-13,-2.15835175307425e-13,-1.0322551862529e-06
2821.56746,0.34981,3.93971e-07,1.47383333333349e-09,1.46640883334465e-09,-3.61821143557373e-13,-2.86581585179793e-13,-2.95443444724437e-13,-1.41299038781252e-06
2831.64996,0.35106,3.95428666666667e-07,1.46650000000001e-09,1.4658731058461e-09,-3.56849343511432e-13,-2.84824496276579e-13,-3.6954382377301e-13,-1.76738350500135e-06
2841.81312,0.35232,3.96904e-07,1.468583333333e-09,1.46569513465763e-09,-1.62784925284731e-13,-3.6349551035538e-13,-4.3626452706611e-13,-2.08648252075096e-06
2851.89562,0.35357,3.98365833333333e-07,1.46099999999999e-09,1.46554753599553e-09,-4.12395146734003e-13,-5.19459448465365e-13,-4.89282457132419e-13,-2.34004653411157e-06
2861.97812,0.35482,3.99826e-07,1.46208333333351e-09,1.46487034436416e-09,-7.49820682990363e-13,-6.20587622390383e-13,-5.3583695278678e-13,-2.56269846984982e-06
2872.06062,0.35607,4.0129e-07,1.47350000000002e-09,1.46404789462955e-09,-8.34494175029358e-13,-6.40655675120987e-13,-5.85577048456589e-13,-2.80058588392282e-06
2882.14312,0.35732,4.02773e-07,1.46499999999999e-09,1.4632013560141e-09,-7.64815360106721e-13,-6.12606330300025e-13,-6.29204513074635e-13,-3.00923897557434e-06
2892.22562,0.35857,4.0422e-07,1.4555e-09,1.46251826390934e-09,-5.05228506499225e-13,-5.80800471219017e-13,-6.5391010899897e-13,-3.12739617347334e-06
2902.30812,0.35982,4.05684e-07,1.45899999999999e-09,1.46219089900111e-09,-5.19805091850315e-13,-6.24511259400626e-13,-6.75596180378554e-13,-3.23111216702787e-06
2912.47128,0.36108,4.07138e-07,1.47e-09,1.46147865372564e-09,-4.86977809984067e-13,-7.25753431952313e-13,-7.13914768561558e-13,-3.41437498007702e-06
2922.55378,0.36233,4.08624e-07,1.4490833333335e-09,1.46121694338114e-09,-4.04916683647032e-13,-7.65627498304436e-13,-7.61471382651552e-13,-3.6418196561596e-06
2932.63628,0.36358,4.10036166666667e-07,1.43133333333351e-09,1.46066882035834e-09,-1.03434675757679e-12,-7.72365510393974e-13,-7.89372179816737e-13,-3.77525825129744e-06
2942.71878,0.36483,4.11486666666667e-07,1.45850000000003e-09,1.45914824986598e-09,-1.46834677267728e-12,-8.02721185232206e-13,-7.56064258352061e-13,-3.61595949646638e-06
2952.80128,0.36608,4.12953166666667e-07,1.46466666666649e-09,1.45773212681299e-09,-8.26401315240828e-13,-7.4671038974622e-13,-6.47191058521937e-13,-3.09526158423535e-06
2962.88378,0.36733,4.14416e-07,1.47416666666649e-09,1.4574954472355e-09,-5.87159392037821e-14,-5.80063304737175e-13,-5.01194359620072e-13,-2.39701650253078e-06
2973.04694,0.36859,4.159015e-07,1.47558333333349e-09,1.45761469493458e-09,-2.3663427635551e-13,-3.29765397827286e-13,-3.6699889284758e-13,-1.75521209622756e-06
2983.12944,0.36984,4.17367166666667e-07,1.45974999999998e-09,1.45702217868279e-09,-3.69102357925271e-13,-7.17695597399826e-14,-2.41327021724595e-13,-1.15417271259589e-06
2993.21194,0.37109,4.18821e-07,1.45691666666652e-09,1.45687649021873e-09,1.0389344416675e-13,1.81611501954767e-14,-1.09842478448401e-13,-5.25333592579309e-07
3003.29444,0.37234,4.20281e-07,1.45866666666651e-09,1.45722996557112e-09,3.34068533067534e-13,-4.84607265983629e-14,5.41295741856265e-15,2.58880572192127e-08
3013.37694,0.37359,4.21738333333333e-07,1.44650000000001e-09,1.45754462728487e-09,9.71133736558995e-14,-4.89373257341406e-14,1.05571359136333e-13,5.04906500217245e-07
3023.45944,0.37484,4.23174e-07,1.44675000000002e-09,1.45742419231844e-09,-2.54089371597501e-13,1.60789077032294e-13,2.1592245070088e-13,1.03267259030856e-06
3033.6226,0.3761,4.24631833333333e-07,1.44691666666648e-09,1.45703644854167e-09,-1.26832808599975e-13,4.0605990163935e-13,3.52932574078962e-13,1.68793839776895e-06
3043.7051,0.37735,4.26067833333333e-07,1.46108333333351e-09,1.45717052670124e-09,5.38987293033794e-13,5.52582663888464e-13,5.32778705941588e-13,2.54807207189455e-06
3053.7876,0.3786,4.27554e-07,1.47158333333351e-09,1.45811442312774e-09,1.1801786752455e-12,7.47588638307232e-13,7.4740859659836e-13,3.5745628532965e-06
3063.8701,0.37985,4.29011e-07,1.45399999999998e-09,1.45953088405173e-09,1.46814574886202e-12,9.68326768628303e-13,9.53540332138098e-13,4.56041028413873e-06
3073.9526,0.3811,4.30462e-07,1.45974999999998e-09,1.46105071462546e-09,1.14059302966738e-12,1.11377129028187e-12,1.11970359863453e-12,5.35510416738253e-06
3084.0351,0.38235,4.319305e-07,1.45933333333352e-09,1.46181207011106e-09,8.43395848913435e-13,1.28073960375464e-12,1.27516192493387e-12,6.09860051055329e-06
3094.1176,0.3836,4.33380666666667e-07,1.45175000000003e-09,1.46273750632329e-09,1.23552628598286e-12,1.46451849640821e-12,1.44992315624576e-12,6.93441509508842e-06
3104.28076,0.38486,4.34834e-07,1.45066666666648e-09,1.46428312268303e-09,1.35460504956015e-12,1.56760900252369e-12,1.61245077183537e-12,7.7117210826909e-06
3114.36326,0.38611,4.36282e-07,1.46249999999995e-09,1.46544671642241e-09,1.68814223803104e-12,1.65523684294611e-12,1.74074033373188e-12,8.32527985697856e-06
3124.44576,0.38736,4.37759e-07,1.47049999999999e-09,1.46765940715909e-09,2.52986383233035e-12,1.84392960685131e-12,1.81901228943015e-12,8.69962399292681e-06
3134.52826,0.38861,4.39223e-07,1.46400000000002e-09,1.47050644408707e-09,2.17723693250968e-12,1.97700123282712e-12,1.81242604023562e-12,8.66812454025731e-06
3144.61076,0.38986,4.40687e-07,1.46499999999999e-09,1.47201388102411e-09,1.33955091470467e-12,1.8615436036761e-12,1.74350683232335e-12,8.33851093719863e-06
3154.69326,0.39111,4.42153e-07,1.4665833333335e-09,1.47318554591648e-09,1.5323893708398e-12,1.66630770925793e-12,1.6604494522031e-12,7.94127998879744e-06
3164.85642,0.39237,4.43620166666667e-07,1.471e-09,1.47507865976579e-09,1.92159316556662e-12,1.47205524467099e-12,1.57160161051717e-12,7.51635552856038e-06
3174.93892,0.39362,4.45095e-07,1.46183333333298e-09,1.47702873224761e-09,1.39757034889925e-12,1.33079809088782e-12,1.4950978116501e-12,7.1504677948483e-06
3185.02142,0.39487,4.46543833333333e-07,1.47925000000002e-09,1.47787380046359e-09,8.43789402560839e-13,1.4351420187216e-12,1.49298738531971e-12,7.14037445152905e-06
3195.10392,0.39612,4.480535e-07,1.50708333333356e-09,1.47871631105273e-09,1.40152570462655e-12,1.61781905444008e-12,1.59477470250583e-12,7.62718335981049e-06
3205.18642,0.39737,4.49558e-07,1.50325000000002e-09,1.48067685187284e-09,1.93378955355722e-12,1.70921550658727e-12,1.73841806445205e-12,8.3141733517272e-06
3215.26892,0.39862,4.5106e-07,1.48566666666649e-09,1.48258389015985e-09,2.03173627941227e-12,1.84960814822718e-12,1.85551301090574e-12,8.87419266085354e-06
3225.35142,0.39987,4.52529333333333e-07,1.4805e-09,1.48474032443167e-09,2.19545270938807e-12,2.02846680960262e-12,1.90760079665096e-12,9.12330815789589e-06
3235.51458,0.40113,4.54021e-07,1.4903333333335e-09,1.48697479557863e-09,1.96730107137882e-12,2.02683112431959e-12,1.86272448584186e-12,8.9086823235915e-06
3245.59708,0.40238,4.5551e-07,1.48441666666651e-09,1.48867492657442e-09,1.80704451591631e-12,1.76797947924842e-12,1.73754431568517e-12,8.3099945532769e-06
3255.67958,0.40363,4.56989833333333e-07,1.4845833333335e-09,1.49058888461046e-09,1.76115540554833e-12,1.48612902960764e-12,1.5631936528695e-12,7.47614355720196e-06
3265.76208,0.40488,4.58479166666667e-07,1.49275000000002e-09,1.49219723738552e-09,1.1815528097953e-12,1.31505337763914e-12,1.36333135082342e-12,6.52028037350331e-06
3275.84458,0.40613,4.59975333333333e-07,1.49691666666648e-09,1.49295199023005e-09,7.30367618740733e-13,1.14269167225964e-12,1.18834063633943e-12,5.6833682607538e-06
3285.92708,0.40738,4.61473e-07,1.509916666667e-09,1.493657972623e-09,8.16228378141246e-13,1.0164953873516e-12,1.07650243005891e-12,5.14848988289044e-06
3296.09024,0.40864,4.62995166666667e-07,1.51099999999999e-09,1.49458444698633e-09,1.23320271505481e-12,9.91286451687957e-13,1.02959613664226e-12,4.92415543611516e-06
3306.17274,0.40989,4.64495e-07,1.49391666666648e-09,1.49612437805311e-09,1.3515774234328e-12,1.03727414790748e-12,1.01816545373003e-12,4.86948695262188e-06
3316.25524,0.41114,4.65983e-07,1.48333333333349e-09,1.4972876018332e-09,8.58249903735301e-13,1.08120151346211e-12,1.02019213559674e-12,4.87917977894093e-06
3326.33774,0.41239,4.67461666666667e-07,1.49358333333348e-09,1.49784087786058e-09,9.60704092951173e-13,1.02977329164753e-12,1.02938905251382e-12,4.92316503376175e-06
3336.42024,0.41364,4.68970166666667e-07,1.51866666666655e-09,1.4992090100191e-09,1.26762308697082e-12,9.83047416971129e-13,1.00796132055488e-12,4.82068457656682e-06
3346.50274,0.41489,4.70499e-07,1.51441666666652e-09,1.50037612403452e-09,9.07448828592791e-13,9.51131182559468e-13,9.31179209354488e-13,4.45346578386929e-06
3356.6659,0.41615,4.71999e-07,1.50158333333346e-09,1.50102390767628e-09,4.69476469833813e-13,8.67596759422095e-13,8.0842016560099e-13,3.86635731374387e-06
3366.7484,0.4174,4.73502166666667e-07,1.51199999999999e-09,1.50131507697419e-09,6.5116423927933e-13,7.15327048706603e-13,6.53300706296528e-13,3.12448163880948e-06
3376.8309,0.41865,4.75023e-07,1.47941666666653e-09,1.50232623615484e-09,1.11131244950446e-12,4.68865566634227e-13,4.75433242267494e-13,2.27381115867062e-06
3386.9134,0.4199,4.76461e-07,1.46799999999997e-09,1.5035377018732e-09,5.40725724250914e-13,2.66690475723558e-13,2.91497272984702e-13,1.39411739253553e-06
3396.9959,0.42115,4.77959e-07,1.5065e-09,1.50340768760334e-09,-3.01135548556382e-13,1.47031933675984e-13,1.51805968313253e-13,7.26028544106862e-07
3407.0784,0.4224,4.79474e-07,1.51225000000003e-09,1.50293543077609e-09,-3.59038898580426e-13,3.68051473545213e-14,9.64969112155805e-14,4.61506966683211e-07
3417.1609,0.42365,4.809835e-07,1.49283333333346e-09,1.50268960980618e-09,2.31130187905426e-14,2.50213996645545e-15,1.32090870001176e-13,6.31738943483885e-07
3427.32406,0.42491,4.82459666666667e-07,1.50375e-09,1.50298165681367e-09,2.96085415295872e-13,1.53731455637079e-13,2.40174912372329e-13,1.1486626243894e-06
3437.40656,0.42616,4.83991e-07,1.52391666666654e-09,1.50328178063678e-09,2.44366614564115e-13,4.209456135872e-13,3.76633055336878e-13,1.8012885255242e-06
3447.48906,0.42741,4.855075e-07,1.50575000000001e-09,1.5034703900428e-09,5.30408389769754e-13,5.99272743356882e-13,4.95743314159698e-13,2.3709462851116e-06
3457.57156,0.42866,4.870025e-07,1.49174999999994e-09,1.50434259741632e-09,1.11180793072478e-12,6.44390704778776e-13,5.50916684992385e-13,2.63481892822445e-06
3467.65406,0.42991,4.88491e-07,1.49875000000003e-09,1.50569400590425e-09,9.85404539174907e-13,5.86698526882853e-13,5.06122070085737e-13,2.42058381345352e-06
3477.73656,0.43116,4.9e-07,1.50100000000003e-09,1.50631340649467e-09,1.13641683082275e-13,4.36944017172215e-13,3.70341915700047e-13,1.77120046639153e-06
3487.89972,0.43242,4.91493e-07,1.50216666666647e-09,1.50592128927041e-09,-1.30430474077094e-13,1.90711832519004e-13,2.02106062866416e-13,9.66594213708946e-07
3497.98222,0.43367,4.93004333333333e-07,1.50566666666651e-09,1.50605254554651e-09,1.36463075796465e-13,-7.41820544028608e-14,5.14296511847422e-14,2.45967896970506e-07
3508.06472,0.43492,4.94504333333333e-07,1.49383333333349e-09,1.506194215422e-09,-1.05873481467561e-13,-1.94197604714097e-13,-6.44157634941751e-14,-3.08075390624316e-07
3518.14722,0.43617,4.95992e-07,1.50358333333349e-09,1.50584079858358e-09,-4.39446533325841e-13,-1.32383960312846e-13,-1.19286435878204e-13,-5.70500345504454e-07
3528.22972,0.43742,4.975115e-07,1.5190833333335e-09,1.50531532235535e-09,-3.64489191905165e-13,-1.26602406800527e-14,-9.8397947072035e-14,-4.70598877301037e-07
3538.31222,0.43867,4.99030166666667e-07,1.51958333333351e-09,1.50511182019977e-09,2.93131403503702e-13,1.32829949506097e-14,-1.23883818097822e-14,-5.92487825685236e-08
3548.39472,0.43992,5.00550666666667e-07,1.50941666666651e-09,1.50590158516236e-09,6.25257650232486e-13,4.60901385677666e-14,1.12660848235894e-13,5.38812752432537e-07
3558.55788,0.44118,5.02049e-07,1.49883333333299e-09,1.50636233550023e-09,1.84912644301356e-13,2.10883651962187e-13,2.36635698646832e-13,1.13173595005007e-06
3568.64038,0.44243,5.03548333333333e-07,1.52141666666652e-09,1.50627141045096e-09,-8.8934630455364e-14,3.59505644189925e-13,3.33566808380733e-13,1.59531951834264e-06
3578.72288,0.44368,5.05091833333333e-07,1.52533333333351e-09,1.50618446623932e-09,1.28163529568146e-13,4.4719179399013e-13,4.08533053755048e-13,1.95385373535023e-06
3588.80538,0.44493,5.06599e-07,1.50058333333352e-09,1.5065277375101e-09,6.45488384035323e-13,5.13511330997529e-13,4.67852315924978e-13,2.23755455442381e-06
3598.88788,0.44618,5.08093e-07,1.50199999999996e-09,1.50747544300739e-09,8.60892470193509e-13,4.98021438862313e-13,4.80289523012237e-13,2.29703684918896e-06
3608.97038,0.44743,5.09603e-07,1.50649999999997e-09,1.50824952245048e-09,5.57695719795731e-13,4.28167654008955e-13,4.33639529563896e-13,2.07392818487081e-06
3619.13354,0.44869,5.11106e-07,1.51166666666652e-09,1.50859083444698e-09,5.60354330414847e-13,3.83040688237781e-13,3.70502042265861e-13,1.7719662890976e-06
3629.21604,0.44994,5.12626333333333e-07,1.49249999999996e-09,1.50937023111131e-09,3.14590930715446e-13,3.24369207594322e-13,3.1673642678537e-13,1.51482638897351e-06
3639.29854,0.45119,5.14091e-07,1.48633333333349e-09,1.50922001630841e-09,-4.64583946789462e-13,2.14718092453554e-13,2.8314790063665e-13,1.3541856117405e-06
3649.38104,0.45244,5.15599e-07,1.5206666666665e-09,1.50844106321774e-09,-9.87225078720461e-14,1.9245674696043e-13,2.80032161774874e-13,1.33928425196679e-06
3659.46354,0.45369,5.17132333333333e-07,1.53216666666656e-09,1.50902257129267e-09,7.89803657315275e-13,2.88845108787995e-13,2.80789570461483e-13,1.34290664133753e-06
3669.54604,0.45494,5.18663333333333e-07,1.525166666667e-09,1.51002067053237e-09,6.02374912229427e-13,3.41169264469279e-13,2.69104212015159e-13,1.28702014442033e-06
3679.7092,0.4562,5.20182666666667e-07,1.50824999999997e-09,1.51022732111713e-09,2.16821634313702e-13,3.399750695028e-13,2.70414361945457e-13,1.29328607886958e-06
3689.7917,0.45745,5.21679833333333e-07,1.4916666666665e-09,1.51045431380099e-09,4.26021351938534e-13,2.86648502917733e-13,2.78920517092302e-13,1.33396769044144e-06
3699.8742,0.4587,5.23166e-07,1.50608333333351e-09,1.511079363821e-09,3.1377551020628e-13,1.53710653017179e-13,2.49984906108155e-13,1.19557998573465e-06
3709.9567,0.45995,5.24692e-07,1.51000000000007e-09,1.51108186482141e-09,-2.23160018724411e-13,1.2912244107616e-13,1.7924400102998e-13,8.5725391796947e-07
3720.0392,0.4612,5.26186e-07,1.48991666666645e-09,1.51063304378356e-09,-3.22098650782086e-13,2.02787212874143e-13,9.88805330767389e-14,4.72906897323534e-07
3730.1217,0.46245,5.27671833333333e-07,1.49349999999999e-09,1.51043766751984e-09,9.47728147825048e-14,1.04244457899383e-13,2.10445011344468e-14,1.00647614121267e-07
3740.2042,0.4637,5.29173e-07,1.51958333333351e-09,1.51082258941312e-09,6.37449319345048e-13,-1.01477084168373e-13,-5.54521587915594e-14,-2.65205976829197e-07
3750.36736,0.46496,5.30711e-07,1.51049999999998e-09,1.51171256615853e-09,5.23171532764405e-13,-1.8977351964309e-13,-1.35773360238013e-13,-6.49350853312236e-07
3760.44986,0.46621,5.32194e-07,1.5015e-09,1.51186893247865e-09,-5.75950191393943e-13,-1.95230417029126e-13,-2.18511106255652e-13,-1.04505311687486e-06
3770.53236,0.46746,5.33714e-07,1.51549999999996e-09,1.51056066577574e-09,-1.22126869615955e-12,-2.18934537893215e-13,-2.52300116383866e-13,-1.20665273053153e-06
3780.61486,0.46871,5.35225e-07,1.52991666666655e-09,1.50942639508633e-09,-4.33175894463428e-13,-2.46715396579775e-13,-1.89180380336349e-13,-9.04775732043408e-07
3790.69736,0.46996,5.36773833333333e-07,1.52550000000002e-09,1.50969431398682e-09,2.84510500853884e-13,-1.94822991656213e-13,-6.38915979749226e-14,-3.05568512053978e-07
3800.77986,0.47121,5.38276e-07,1.50633333333352e-09,1.50999541608804e-09,3.17693701575858e-13,1.28376146339228e-14,7.21979769023766e-14,3.45294672141801e-07
3810.94302,0.47247,5.397865e-07,1.521e-09,1.51032970138997e-09,3.50876902286046e-13,3.14326654081694e-13,2.08238013368502e-13,9.95920933501531e-07
3821.02552,0.47372,5.41318e-07,1.52524999999996e-09,1.51069716989261e-09,3.84060102997888e-13,4.90489781061873e-13,3.38264655477579e-13,1.61778748271886e-06
3831.10802,0.47497,5.42837e-07,1.51350000000001e-09,1.51109782159596e-09,4.17243303708075e-13,4.74684131228745e-13,4.4459115290455e-13,2.12630551389133e-06
3841.19052,0.47622,5.44345e-07,1.50600000000001e-09,1.51153165650003e-09,4.50426504419089e-13,4.50426504421263e-13,5.08871183500638e-13,2.43373174717696e-06
3851.27302,0.47747,5.45849e-07,1.51049999999998e-09,1.5119986746048e-09,4.83609705132586e-13,4.83609705131903e-13,5.28579844595236e-13,2.52799056110765e-06
3861.35552,0.47872,5.47366e-07,1.515e-09,1.51249887591029e-09,5.167929058436e-13,5.16792905843255e-13,5.27984216912879e-13,2.52514190697464e-06
3871.43802,0.47997,5.48879e-07,1.51883333333349e-09,1.51303226041649e-09,5.49976106555442e-13,5.49976106554653e-13,5.42249997084769e-13,2.59336955127498e-06
3881.60118,0.48123,5.50403666666667e-07,1.51616666666648e-09,1.5135988281234e-09,5.83159307267284e-13,5.83159307266157e-13,5.78339097963785e-13,2.76596959895723e-06
3891.68368,0.48248,5.51911333333333e-07,1.51416666666654e-09,1.51419857903102e-09,6.16342507975817e-13,6.16342507977513e-13,6.16342507977457e-13,2.94772503815305e-06
3901.76618,0.48373,5.53432e-07,1.51883333333354e-09,1.51483151313935e-09,6.49525708687658e-13,6.4952570868895e-13,6.4952570868897e-13,3.10642730242551e-06
3911.84868,0.48498,5.54949e-07,1.50766666666651e-09,1.5154976304484e-09,6.82708909401154e-13,6.82708909400528e-13,6.82708909400437e-13,3.26512956669774e-06
3921.93118,0.48623,5.56447333333333e-07,1.49799999999995e-09,1.51619693095816e-09,7.15892110112169e-13,7.15892110111772e-13,7.15892110111877e-13,3.42383183096985e-06
3932.01368,0.48748,5.57945e-07,1.50233333333351e-09,1.51692941466862e-09,7.49075310824011e-13,7.49075310823268e-13,7.48958474281134e-13,3.58197531177934e-06
3942.17684,0.48874,5.59452e-07,1.50975000000006e-09,1.5176950815798e-09,7.82258511535852e-13,7.82258511534958e-13,7.82258511534814e-13,3.74123635951433e-06
3952.25934,0.48999,5.609645e-07,1.51816666666649e-09,1.5184939316917e-09,8.15441712245213e-13,8.15441712246254e-13,8.15698914912092e-13,3.90116872349261e-06
3962.34184,0.49124,5.62488333333333e-07,1.52449999999994e-09,1.51932596500429e-09,8.48624912956227e-13,8.48624912957611e-13,8.49149866032751e-13,4.06115153320011e-06
3972.42434,0.49249,5.640135e-07,1.52675e-09,1.52019118151761e-09,8.81808113669723e-13,8.81808113669247e-13,8.82458557845082e-13,4.22045397230257e-06
3982.50684,0.49374,5.65541833333333e-07,1.52525000000002e-09,1.52108958123163e-09,9.14991314380738e-13,9.16383616508488e-13,9.15462717373749e-13,4.37829995265706e-06
3992.58934,0.49499,5.67064e-07,1.50666666666696e-09,1.52202116414637e-09,9.48174515092579e-13,9.48522590623883e-13,9.47646316557347e-13,4.53222151396992e-06
4002.7525,0.49625,5.68555166666667e-07,1.48599999999999e-09,1.52298593026182e-09,9.81357715804421e-13,9.80081438852707e-13,9.79391778707696e-13,4.68404763729768e-06
4012.835,0.4975,5.70036e-07,1.510583333333e-09,1.52398387957798e-09,1.01454091651461e-12,1.0110601611948e-12,1.01069910382477e-12,4.8337783226402e-06
4022.9175,0.49875,5.71576333333333e-07,1.55000000000001e-09,1.52501501209485e-09,1.0477241172248e-12,1.0414587576503e-12,1.04156829190855e-12,4.98141356999741e-06
4033,0.5,5.73136e-07,1.55966666666705e-09,1.52607932781243e-09,1.06431571757989e-12,1.07127722821911e-12,1.07199934295906e-12,5.12695337936942e-06
