wvnmbr,Voltage,Current,DerivativeY1,DerivativeY1_1,DerivativeY2,DerivativeY2_1,DerivativeY2_2,Alpha
-4033,-0.5,-5.39378666666667e-07,2.00366666666702e-09,1.81770305074143e-09,-2.42895244600078e-11,-2.4940297528402e-11,-2.48437044154211e-11,NaN
-4022.9175,-0.49875,-5.37375e-07,1.9238333333335e-09,1.79341352628142e-09,-2.39510981751252e-11,-2.42338197845389e-11,-2.41791385456549e-11,NaN
-4012.835,-0.4975,-5.35531e-07,1.82749999999999e-09,1.76980085439118e-09,-2.32742456053598e-11,-2.35233518994009e-11,-2.35045566322417e-11,NaN
-4002.7525,-0.49625,-5.3372e-07,1.77483333333352e-09,1.7468650350707e-09,-2.25973930355944e-11,-2.28088938729879e-11,-2.28199586751816e-11,NaN
-3992.58934,-0.49499,-5.31981333333333e-07,1.70449999999999e-09,1.72460606831999e-09,-2.1920540465829e-11,-2.20904457052999e-11,-2.21253446744746e-11,NaN
-3982.50684,-0.49374,-5.30311e-07,1.65016666666648e-09,1.70302395413904e-09,-2.12436878960637e-11,-2.13680073963369e-11,-2.14207146301207e-11,NaN
-3972.42434,-0.49249,-5.28681e-07,1.61058333333353e-09,1.68211869252786e-09,-2.05668353262982e-11,-2.0641578946099e-11,-2.070606854212e-11,NaN
-3962.34184,-0.49124,-5.27089833333333e-07,1.60733333333355e-09,1.66189028348645e-09,-1.98899827565328e-11,-1.99111603545861e-11,-1.99814064104723e-11,NaN
-3952.25934,-0.48999,-5.25466333333333e-07,1.58941666666644e-09,1.64233872701479e-09,-1.92131301867674e-11,-1.91767516217982e-11,-1.92467282351777e-11,NaN
-3942.17684,-0.48874,-5.23911e-07,1.55766666666647e-09,1.62346402311291e-09,-1.8536277617002e-11,-1.84383527477353e-11,-1.85020340162363e-11,NaN
-3932.01368,-0.48748,-5.22351e-07,1.52616666666655e-09,1.60526617178079e-09,-1.78594250472368e-11,-1.76959637323974e-11,-1.77473237536479e-11,NaN
-3921.93118,-0.48623,-5.20858666666667e-07,1.517e-09,1.58774517301844e-09,-1.71825724774713e-11,-1.69495845757846e-11,-1.69825974474127e-11,NaN
-3911.84868,-0.48498,-5.19317e-07,1.52933333333346e-09,1.57090102682585e-09,-1.65057199077058e-11,-1.61992152778968e-11,-1.62078550975305e-11,NaN
-3901.76618,-0.48373,-5.178e-07,1.50033333333351e-09,1.55473373320303e-09,-1.58288673379404e-11,-1.5444855838734e-11,-1.54190763879112e-11,NaN
-3891.68368,-0.48248,-5.16316333333333e-07,1.4825833333335e-09,1.53924329214997e-09,-1.51520147681751e-11,-1.46865062582962e-11,-1.4613309923929e-11,NaN
-3881.60118,-0.48123,-5.14834833333333e-07,1.48316666666653e-09,1.52442970366668e-09,-1.44751621984097e-11,-1.39241665365834e-11,-1.37922163910509e-11,NaN
-3871.43802,-0.47997,-5.1335e-07,1.48641666666651e-09,1.51029296775315e-09,-1.37983096286443e-11,-1.31578366735957e-11,-1.29580443461848e-11,NaN
-3861.35552,-0.47872,-5.11862e-07,1.48333333333346e-09,1.49683308440939e-09,-1.31214570588788e-11,-1.2387516669333e-11,-1.21129085989658e-11,NaN
-3851.27302,-0.47747,-5.10383333333333e-07,1.47983333333353e-09,1.48405005363539e-09,-1.24446044891135e-11,-1.1407433799416e-11,-1.12600306450879e-11,NaN
-3841.19052,-0.47622,-5.08902333333333e-07,1.4571666666665e-09,1.47194387543116e-09,-1.17677519193482e-11,-1.04638726664792e-11,-1.0403476890943e-11,NaN
-3831.10802,-0.47497,-5.07469e-07,1.4436666666665e-09,1.46051454979669e-09,-1.10908993495828e-11,-9.56353815568697e-12,-9.54918995442497e-12,NaN
-3821.02552,-0.47372,-5.06015e-07,1.45091666666648e-09,1.44976207673199e-09,-1.04140467798173e-11,-8.68445233027797e-12,-8.70546461803529e-12,NaN
-3810.94302,-0.47247,-5.04567166666667e-07,1.45766666666646e-09,1.43968645623706e-09,-9.73719421005195e-12,-7.81796019477991e-12,-7.87872168857626e-12,NaN
-3800.77986,-0.47121,-5.03099666666667e-07,1.46333333333355e-09,1.43028768831189e-09,-9.06034164028668e-12,-6.98148740814626e-12,-7.07347437194728e-12,NaN
-3790.69736,-0.46996,-5.016405e-07,1.44075000000007e-09,1.42156577295649e-09,-8.3834890705213e-12,-6.18889909318767e-12,-6.29697132813837e-12,NaN
-3780.61486,-0.46871,-5.00218166666667e-07,1.41666666666649e-09,1.41352071017085e-09,-3.81480490599414e-12,-5.45129529843593e-12,-5.55735724208293e-12,NaN
-3770.53236,-0.46746,-4.98807166666667e-07,1.42408333333347e-09,1.4139361631445e-09,2.70812098427895e-13,-4.77083156967699e-12,-4.86047930144309e-12,NaN
-3760.44986,-0.46621,-4.9737e-07,1.43141666666695e-09,1.4140623343677e-09,-1.92779942166275e-13,-4.1344780281823e-12,-4.21166160198704e-12,NaN
-3750.36736,-0.46496,-4.95944333333333e-07,1.41750000000001e-09,1.41355060326017e-09,-5.69195602766989e-13,-3.54710276725107e-12,-3.6169276453085e-12,NaN
-3740.2042,-0.4637,-4.94535e-07,1.41566666666657e-09,1.41292394316217e-09,-9.58713674146037e-13,-3.02864583389121e-12,-3.08394110410435e-12,NaN
-3730.1217,-0.46245,-4.93113e-07,1.41200000000001e-09,1.41163317591187e-09,-1.61713836478193e-12,-2.5806448193654e-12,-2.62078017810601e-12,NaN
-3720.0392,-0.4612,-4.91711e-07,1.41449999999992e-09,1.40968966643261e-09,-2.24852488165063e-12,-2.20780895841041e-12,-2.22704727112119e-12,NaN
-3709.9567,-0.45995,-4.90284e-07,1.42799999999998e-09,1.40713612614857e-09,-1.95043394715754e-12,-1.89295072581469e-12,-1.90971729866361e-12,NaN
-3699.8742,-0.4587,-4.88855e-07,1.4135e-09,1.40578879853829e-09,-1.26865746298357e-12,-1.59820601269456e-12,-1.66419093006112e-12,NaN
-3689.7917,-0.45745,-4.87457e-07,1.39533333333347e-09,1.4045988112226e-09,-1.78667315983449e-12,-1.35249421162408e-12,-1.48404482374239e-12,NaN
-3679.7092,-0.4562,-4.86064333333333e-07,1.39599999999999e-09,1.40221545221862e-09,-2.52455416129204e-12,-1.1976149680164e-12,-1.35985229361191e-12,NaN
-3669.54604,-0.45494,-4.84665e-07,1.39966666666655e-09,1.39954970290002e-09,-2.3115633045703e-12,-1.09730041383695e-12,-1.28158650664421e-12,NaN
-3659.46354,-0.45369,-4.83265e-07,1.39350000000003e-09,1.39759232560948e-09,-1.69416445823678e-12,-1.03267404083619e-12,-1.24006356380817e-12,NaN
-3649.38104,-0.45244,-4.81878e-07,1.39100000000002e-09,1.39616137398355e-09,-1.64945978391216e-12,-1.03928673485518e-12,-1.22978077376786e-12,NaN
-3639.29854,-0.45119,-4.80483e-07,1.39149999999998e-09,1.39429340604166e-09,-1.99584833932854e-12,-1.13098590671408e-12,-1.24645607675368e-12,NaN
-3629.21604,-0.44994,-4.79095e-07,1.39599999999999e-09,1.39216967730489e-09,-2.13993993823308e-12,-1.29993412321359e-12,-1.28120065248572e-12,NaN
-3619.13354,-0.44869,-4.77691e-07,1.39900000000003e-09,1.39001352616519e-09,-2.09519751297069e-12,-1.51196774039949e-12,-1.32426986031263e-12,NaN
-3608.97038,-0.44743,-4.76297e-07,1.39783333333348e-09,1.38797928227895e-09,-1.86166164579162e-12,-1.73925314254489e-12,-1.37029650135739e-12,NaN
-3598.88788,-0.44618,-4.74895333333333e-07,1.39200000000002e-09,1.38629020287361e-09,-1.60967783338813e-12,-1.8138528019273e-12,-1.41603407137779e-12,NaN
-3588.80538,-0.44493,-4.73513e-07,1.3891666666665e-09,1.38475992661217e-09,-1.7347750420877e-12,-1.7321696053932e-12,-1.45735038795006e-12,NaN
-3578.72288,-0.44368,-4.72117e-07,1.38349999999999e-09,1.38282065278943e-09,-1.86387196388436e-12,-1.64773023821082e-12,-1.48988518544312e-12,NaN
-3568.64038,-0.44243,-4.70746e-07,1.36599999999999e-09,1.3810321826844e-09,-1.57640131524788e-12,-1.5527538755124e-12,-1.50870837453286e-12,NaN
-3558.55788,-0.44118,-4.69385e-07,1.37099999999999e-09,1.37966785015894e-09,-1.22340445612843e-12,-1.47004125338653e-12,-1.51066693484937e-12,NaN
-3548.39472,-0.43992,-4.68004e-07,1.38999999999999e-09,1.37858537377215e-09,-6.91461490258533e-13,-1.41920519050356e-12,-1.49654707942582e-12,NaN
-3538.31222,-0.43867,-4.66605e-07,1.3855e-09,1.37828492717842e-09,-5.09274464500754e-13,-1.40324748242714e-12,-1.46682715135823e-12,NaN
-3528.22972,-0.43742,-4.65233e-07,1.36766666666654e-09,1.37756682484315e-09,-1.34123460705347e-12,-1.37167253929101e-12,-1.42057773206948e-12,NaN
-3518.14722,-0.43617,-4.63869666666667e-07,1.376e-09,1.37560245796431e-09,-1.69313102599669e-12,-1.29427739697867e-12,-1.35998627429656e-12,NaN
-3508.06472,-0.43492,-4.62481e-07,1.38308333333347e-09,1.37418056279115e-09,-1.03886932130757e-12,-1.227579798451e-12,-1.29180379399281e-12,NaN
-3497.98222,-0.43367,-4.611035e-07,1.37200000000002e-09,1.3735247193217e-09,-1.15073765354754e-12,-1.20092131145756e-12,-1.22526455917713e-12,NaN
-3487.89972,-0.43242,-4.59737e-07,1.375e-09,1.37187908748406e-09,-1.79851940776428e-12,-1.17637340975256e-12,-1.17020116067435e-12,NaN
-3477.73656,-0.43116,-4.583535e-07,1.36974999999999e-09,1.36992768050617e-09,-1.66634389605024e-12,-1.12842675955325e-12,-1.13388690081709e-12,NaN
-3467.65406,-0.42991,-4.569975e-07,1.36999999999999e-09,1.36854639969196e-09,-1.07092837135001e-12,-1.08967060184529e-12,-1.10725980654725e-12,NaN
-3457.57156,-0.42866,-4.556135e-07,1.37725000000003e-09,1.36778582376347e-09,-4.42233497175037e-13,-1.06756384885428e-12,-1.07987506915699e-12,NaN
-3447.48906,-0.42741,-4.54243e-07,1.35550000000002e-09,1.36766193269761e-09,-4.7857633619545e-13,-1.04249017169473e-12,-1.05364437835076e-12,NaN
-3437.40656,-0.42616,-4.529025e-07,1.35199999999997e-09,1.36682867109108e-09,-1.21609020966658e-12,-1.01912076644813e-12,-1.02690621551075e-12,NaN
-3427.32406,-0.42491,-4.51539e-07,1.37975e-09,1.36522975227827e-09,-1.45853246958926e-12,-9.95611590199634e-13,-9.97670226032493e-13,NaN
-3417.1609,-0.42365,-4.50143e-07,1.37425000000003e-09,1.3639116061519e-09,-1.05193586868631e-12,-9.63689403587919e-13,-9.68428122671117e-13,NaN
-3407.0784,-0.4224,-4.487905e-07,1.35200000000002e-09,1.3631258805409e-09,-1.04636477232397e-12,-9.44045442769351e-13,-9.42377667140407e-13,NaN
-3396.9959,-0.42115,-4.47439e-07,1.35733333333348e-09,1.36181887660725e-09,-1.2702835851373e-12,-9.4796193125051e-13,-9.18981432561642e-13,NaN
-3386.9134,-0.4199,-4.46075833333333e-07,1.35383333333346e-09,1.36058531337063e-09,-1.08219891730478e-12,-9.49726549824735e-13,-8.94391267688928e-13,NaN
-3376.8309,-0.41865,-4.44731333333333e-07,1.35141666666652e-09,1.35965447877264e-09,-7.87433841456318e-13,-9.31366145668927e-13,-8.67179523944748e-13,NaN
-3366.7484,-0.4174,-4.43373e-07,1.35966666666653e-09,1.35901044568771e-09,-5.11928356248758e-13,-8.65226216847003e-13,-8.39477427570332e-13,NaN
-3356.6659,-0.41615,-4.42012e-07,1.36833333333349e-09,1.35863062206014e-09,-5.1205199061021e-13,-7.70746214603388e-13,-8.12517175979228e-13,NaN
-3346.50274,-0.41489,-4.40636333333333e-07,1.3645e-09,1.35798634170649e-09,-7.44656353108141e-13,-7.37397611879306e-13,-7.84612597877325e-13,NaN
-3336.42024,-0.41364,-4.39283e-07,1.36666666666649e-09,1.35714130935393e-09,-9.10960610659869e-13,-7.47123710773483e-13,-7.55665185518689e-13,NaN
-3326.33774,-0.41239,-4.37903e-07,1.3675e-09,1.35616442048517e-09,-8.21787205442901e-13,-7.17011845302222e-13,-7.28198754684988e-13,NaN
-3316.25524,-0.41114,-4.36548e-07,1.35450000000001e-09,1.35549773494304e-09,-7.37122207369341e-13,-6.8533339639064e-13,-7.03250371533191e-13,NaN
-3306.17274,-0.40989,-4.35194e-07,1.35149999999998e-09,1.35469017607043e-09,-7.3339713244203e-13,-6.84398553623069e-13,-6.79931645674263e-13,NaN
-3296.09024,-0.40864,-4.33845e-07,1.35499999999997e-09,1.35403094067816e-09,-4.2528048955778e-13,-6.69847978729011e-13,-6.57441534593121e-13,NaN
-3285.92708,-0.40738,-4.32484e-07,1.34150000000003e-09,1.35383961509132e-09,-3.42891873730839e-13,-6.3931259610237e-13,-6.3559687914231e-13,NaN
-3275.84458,-0.40613,-4.31162e-07,1.33800000000004e-09,1.3533451569307e-09,-6.39195300763948e-13,-6.03660935887487e-13,-6.14445951442584e-13,NaN
-3265.76342433334,-0.404880166666667,-4.29808e-07,1.35899999999998e-09,1.35256122448979e-09,-7.32440145871925e-13,-5.75404287625403e-13,-5.95042065521115e-13,NaN
-3255.67958,-0.40363,-4.28444e-07,1.35099999999997e-09,1.35188027663895e-09,-6.65954117492411e-13,-5.68546889209068e-13,-5.78502889053427e-13,NaN
-3245.59708,-0.40238,-4.27106e-07,1.33500000000001e-09,1.35122931625481e-09,-7.21317772388508e-13,-5.67624837970606e-13,-5.6526093091664e-13,NaN
-3235.51458,-0.40113,-4.25774e-07,1.358e-09,1.35043764109417e-09,-6.72166980000918e-13,-5.56056846336089e-13,-5.53968116318819e-13,NaN
-3225.35142,-0.39987,-4.2439e-07,1.37249999999998e-09,1.3498849822948e-09,-3.69253361725949e-13,-5.50693947519352e-13,-5.412670481701e-13,NaN
-3215.26892,-0.39862,-4.23029e-07,1.355e-09,1.34969913437072e-09,-1.7609968515985e-13,-5.57573808545597e-13,-5.274011313831e-13,NaN
-3205.18642,-0.39737,-4.2168e-07,1.33900000000004e-09,1.34953278292448e-09,-2.47825545309517e-13,-5.42987895503311e-13,-5.15089545410401e-13,NaN
-3195.10392,-0.39612,-4.20351e-07,1.33350000000002e-09,1.3492034832801e-09,-7.52643510236569e-13,-5.05361909659896e-13,-5.03402319576776e-13,NaN
-3185.02142,-0.39487,-4.19013e-07,1.34699999999999e-09,1.34802749590401e-09,-1.18853107280977e-12,-4.78706120620191e-13,-4.9131522578606e-13,NaN
-3174.93892,-0.39362,-4.17657e-07,1.35849999999999e-09,1.34682642113448e-09,-6.32049989803716e-13,-4.6487072189403e-13,-4.80182115662916e-13,NaN
-3164.85642,-0.39237,-4.16296e-07,1.35249999999999e-09,1.3467633959244e-09,-2.8283955091864e-14,-4.44739147207399e-13,-4.70230040700048e-13,NaN
-3154.69326,-0.39111,-4.14952e-07,1.33991666666649e-09,1.3467698532243e-09,-2.69845674118256e-13,-4.36758337447363e-13,-4.60812638544998e-13,NaN
-3144.61076,-0.38986,-4.13616166666667e-07,1.35350000000001e-09,1.34622370457617e-09,-3.76712949325997e-13,-4.48835727195512e-13,-4.51478807803771e-13,NaN
-3134.52826,-0.38861,-4.12245e-07,1.35116666666701e-09,1.34601642732565e-09,-4.12571632424679e-13,-4.62467108143506e-13,-4.41181888997622e-13,NaN
-3124.44576,-0.38736,-4.10913833333333e-07,1.34316666666647e-09,1.34539856131132e-09,-8.59576849609562e-13,-4.640494864276e-13,-4.29669245905318e-13,NaN
-3114.36326,-0.38611,-4.09558666666667e-07,1.3394166666665e-09,1.34429727362643e-09,-8.73348395963669e-13,-4.32001588359616e-13,-4.18515457439234e-13,NaN
-3104.28076,-0.38486,-4.08235e-07,1.33533333333351e-09,1.34365186451939e-09,-3.60548936553398e-13,-3.94897366616865e-13,-4.08661306850378e-13,NaN
-3094.1176,-0.3836,-4.06888e-07,1.34633333333349e-09,1.34357617575332e-09,-1.88735871677787e-14,-3.93992785495307e-13,-4.00330746104702e-13,NaN
-3084.0351,-0.38235,-4.05542333333333e-07,1.35183333333351e-09,1.34361411734506e-09,-1.40449576058976e-13,-3.9847509697342e-13,-3.94922180248464e-13,NaN
-3073.9526,-0.3811,-4.04184333333333e-07,1.3586666666665e-09,1.3432952766012e-09,-3.25179128262344e-13,-3.8325932603537e-13,-3.9156404666669e-13,NaN
-3063.8701,-0.37985,-4.02825e-07,1.346583333333e-09,1.34296375908853e-09,-2.56148685892768e-13,-3.7744981003293e-13,-3.86478341108711e-13,NaN
-3053.7876,-0.3786,-4.01491166666667e-07,1.33350000000002e-09,1.34278297922942e-09,-1.2386275264483e-13,-3.83528599224704e-13,-3.7928535486186e-13,NaN
-3043.7051,-0.37735,-4.00158e-07,1.33058333333351e-09,1.34271603358324e-09,-1.06017878850483e-13,-3.79053849398473e-13,-3.72632301462502e-13,NaN
-3033.6226,-0.3761,-3.9883e-07,1.33349999999999e-09,1.34257094347172e-09,-5.39395003288429e-13,-3.66011682790968e-13,-3.67105486573279e-13,NaN
-3023.45944,-0.37484,-3.97491e-07,1.34200000000001e-09,1.34163724357666e-09,-9.64786858136942e-13,-3.43824505370807e-13,-3.62110004514713e-13,NaN
-3013.37694,-0.37359,-3.96146e-07,1.33499999999998e-09,1.34064136975544e-09,-5.381888604434e-13,-3.35788659656023e-13,-3.57765590211797e-13,NaN
-3003.29444,-0.37234,-3.94821e-07,1.33999999999998e-09,1.34056086585578e-09,-1.95455540704059e-13,-3.56432274095999e-13,-3.54926054367018e-13,NaN
-2993.21194,-0.37109,-3.93466e-07,1.34941666666649e-09,1.34025045867404e-09,-5.70447046743496e-13,-3.68931771997573e-13,-3.53731866657993e-13,NaN
-2983.12944,-0.36984,-3.92122166666667e-07,1.34699999999999e-09,1.33941997176229e-09,-5.64161513662217e-13,-3.59855746970081e-13,-3.5142936599403e-13,NaN
-2973.04694,-0.36859,-3.90772e-07,1.34475000000004e-09,1.33912213564671e-09,-6.39916343899707e-14,-3.53025107603532e-13,-3.45087286204771e-13,NaN
-2962.88378,-0.36733,-3.89432666666667e-07,1.32808333333349e-09,1.33929198849351e-09,1.11926846209851e-13,-3.376708051244e-13,-3.35774290905878e-13,NaN
-2952.80128,-0.36608,-3.88115833333333e-07,1.32674999999996e-09,1.33934598933913e-09,-1.16631558282725e-13,-3.12577367416771e-13,-3.2668487757933e-13,NaN
-2942.71878,-0.36483,-3.86779166666667e-07,1.34091666666649e-09,1.33905872537694e-09,-6.08355606392535e-13,-3.19840494592567e-13,-3.18282190583329e-13,NaN
-2932.63628,-0.36358,-3.85434e-07,1.35041666666702e-09,1.33812927812635e-09,-6.87108805788569e-13,-3.43592095274581e-13,-3.09745838646982e-13,NaN
-2922.55378,-0.36233,-3.84078333333333e-07,1.34866666666652e-09,1.33768450776537e-09,-1.49291792189663e-13,-3.36256321239504e-13,-3.01892280794194e-13,NaN
-2912.47128,-0.36108,-3.82736666666667e-07,1.3401666666665e-09,1.33783069454197e-09,-1.01648206450477e-13,-3.02144504098366e-13,-2.9501319445208e-13,NaN
-2902.30812,-0.35982,-3.81398e-07,1.33583333333349e-09,1.33748121135247e-09,-5.45165235905637e-13,-2.77191376625851e-13,-2.88018458456251e-13,NaN
-2892.22562,-0.35857,-3.80065e-07,1.3326666666665e-09,1.33674036407016e-09,-4.92957560381349e-13,-2.69792789198449e-13,-2.79470605685665e-13,NaN
-2882.14312,-0.35732,-3.78732666666667e-07,1.32425e-09,1.3364952962317e-09,-2.40002604811385e-13,-2.56640122554527e-13,-2.69522699891217e-13,NaN
-2872.06062,-0.35607,-3.774165e-07,1.33283333333349e-09,1.33626035886053e-09,-1.62695266786053e-13,-2.30984118184479e-13,-2.60628953613921e-13,NaN
-2861.97812,-0.35482,-3.76067e-07,1.34675000000001e-09,1.33616990569813e-09,-5.58345979954478e-14,-2.08724960078941e-13,-2.53720912121162e-13,NaN
-2851.89562,-0.35357,-3.74723e-07,1.34091666666652e-09,1.33614868966454e-09,-2.20069159739829e-13,-2.20862625466157e-13,-2.47038179876193e-13,NaN
-2841.81312,-0.35232,-3.73385166666667e-07,1.332e-09,1.33572976737865e-09,-4.11155971817979e-13,-2.59769689315113e-13,-2.39757897172475e-13,NaN
-2831.64996,-0.35106,-3.72059e-07,1.32525e-09,1.33532637772091e-09,-3.55627156517179e-13,-2.65464350935457e-13,-2.32363263778491e-13,NaN
-2821.56746,-0.34981,-3.70734666666667e-07,1.34149999999997e-09,1.33501851306562e-09,-1.1412961410929e-13,-2.42540759159304e-13,-2.25069104358921e-13,NaN
-2811.48496,-0.34856,-3.69376e-07,1.34741666666699e-09,1.33509811849269e-09,8.26292781180262e-14,-2.37169952055139e-13,-2.18936321189923e-13,NaN
-2801.40246,-0.34731,-3.68039833333333e-07,1.332e-09,1.33518377162185e-09,5.97786284304747e-14,-2.32881603868581e-13,-2.14933467464499e-13,NaN
-2791.31996,-0.34606,-3.66712e-07,1.32416666666651e-09,1.33521767574955e-09,-1.68154054069196e-13,-2.13698420287114e-13,-2.11906191883778e-13,NaN
-2781.23746,-0.34481,-3.653915e-07,1.32933333333353e-09,1.33484746351372e-09,-4.49251398670911e-13,-1.98859924838249e-13,-2.08116336909805e-13,NaN
-2771.0743,-0.34355,-3.64053333333333e-07,1.34258333333349e-09,1.33431917295221e-09,-2.46415547351025e-13,-1.92592627360485e-13,-2.03735920527454e-13,NaN
-2760.9918,-0.3423,-3.62706333333333e-07,1.34066666666651e-09,1.33435463241901e-09,1.25965480536923e-14,-1.96256586371286e-13,-2.0032034694785e-13,NaN
-2750.9093,-0.34105,-3.61372e-07,1.3306666666665e-09,1.33434436604831e-09,-2.46347595642022e-13,-1.95924975949696e-13,-1.98073498860285e-13,NaN
-2740.8268,-0.3398,-3.60045e-07,1.33099999999997e-09,1.33386193722773e-09,-5.34842238783301e-13,-1.80750878071696e-13,-1.95680854245554e-13,NaN
-2730.7443,-0.33855,-3.5871e-07,1.331e-09,1.33327468157075e-09,-4.43240503750935e-13,-1.75466041765585e-13,-1.91807148379315e-13,NaN
-2720.6618,-0.3373,-3.57383e-07,1.33550000000002e-09,1.33297545622023e-09,-2.13410836036236e-13,-1.90560036078108e-13,-1.87295316428874e-13,NaN
-2710.5793,-0.33605,-3.56039e-07,1.33825000000002e-09,1.33284785989868e-09,-2.61731107535501e-13,-1.93539669224804e-13,-1.84549165939434e-13,NaN
-2700.41614,-0.33479,-3.547065e-07,1.328e-09,1.33245199400516e-09,-4.00950002639132e-13,-1.77157116349186e-13,-1.83149992486159e-13,NaN
-2690.33364,-0.33354,-3.53383e-07,1.32225e-09,1.3320459598934e-09,-2.60616510761851e-13,-1.72277788511425e-13,-1.8113156893199e-13,NaN
-2680.25114,-0.33229,-3.52062e-07,1.33600000000001e-09,1.33193076098363e-09,1.70650335605384e-13,-1.79232382371872e-13,-1.78832096835865e-13,NaN
-2670.16864,-0.33104,-3.50711e-07,1.3323333333335e-09,1.33238726056461e-09,3.92620255653014e-13,-1.85019433842655e-13,-1.76652721549044e-13,NaN
-2660.08614,-0.32979,-3.49397333333333e-07,1.32449999999998e-09,1.33271600149494e-09,3.75735199714154e-14,-1.91566957717679e-13,-1.73918608287581e-13,NaN
-2650.00364,-0.32854,-3.48062e-07,1.33724999999999e-09,1.33246240760455e-09,-2.92377328286713e-13,-1.9903159791106e-13,-1.70808565772915e-13,NaN
-2639.84048,-0.32728,-3.46722833333333e-07,1.33966666666651e-09,1.33213124683837e-09,-3.26206897855164e-13,-1.95357646095547e-13,-1.67989690563825e-13,NaN
-2629.75798,-0.32603,-3.45382666666667e-07,1.3384166666665e-09,1.33180999380884e-09,-4.36870031040227e-13,-1.76387841176193e-13,-1.66651766490038e-13,NaN
-2619.67548,-0.32478,-3.44046e-07,1.3388333333335e-09,1.33125750677628e-09,-3.58015847850134e-13,-1.52926351107748e-13,-1.67213746667375e-13,NaN
-2609.59298,-0.32353,-3.42705e-07,1.327e-09,1.33109396211314e-09,5.66358618879741e-15,-1.40669974487594e-13,-1.68271242875091e-13,NaN
-2599.51048,-0.32228,-3.41392e-07,1.31900000000001e-09,1.33126883394866e-09,1.25690842370657e-13,-1.48199834249467e-13,-1.69344555114337e-13,NaN
-2589.42798,-0.32103,-3.40067e-07,1.32574999999999e-09,1.33134534379788e-09,-1.08538698497814e-13,-1.59145492935886e-13,-1.71901583994042e-13,NaN
-2579.26482,-0.31977,-3.387405e-07,1.33600000000001e-09,1.33105175655167e-09,-4.18732587374544e-13,-1.57641901175003e-13,-1.76270007321359e-13,NaN
-2569.18232,-0.31852,-3.37395e-07,1.34125000000002e-09,1.33050787862313e-09,-3.34636684865999e-13,-1.59931328704377e-13,-1.80698184950782e-13,NaN
-2559.09982,-0.31727,-3.36058e-07,1.33958333333347e-09,1.33038248318193e-09,-2.62982551448108e-14,-1.74598555886773e-13,-1.84876207331041e-13,NaN
-2549.01732,-0.31602,-3.34715833333333e-07,1.33050000000001e-09,1.33045528211284e-09,2.76487953752448e-14,-1.89744078521918e-13,-1.90433591789275e-13,NaN
-2538.93482,-0.31477,-3.33397e-07,1.31791666666649e-09,1.33043778077269e-09,-2.74983578338761e-13,-2.0350835328031e-13,-1.97606294164867e-13,NaN
-2528.85232,-0.31352,-3.3208e-07,1.32550000000001e-09,1.32990531495616e-09,-5.93002295257579e-13,-2.17831893050017e-13,-2.04714061901298e-13,NaN
-2518.76982,-0.31227,-3.30746e-07,1.33200000000003e-09,1.32925177618217e-09,-3.27041193830472e-13,-2.30311950603872e-13,-2.10351111937519e-13,NaN
-2508.60666,-0.31101,-3.29416e-07,1.32025e-09,1.3292512325685e-09,1.0407559250067e-13,-2.34872187647462e-13,-2.14592495920103e-13,NaN
-2498.52416,-0.30976,-3.281055e-07,1.31199999999998e-09,1.32945992736717e-09,-1.24483756309359e-15,-2.27430293759161e-13,-2.17944318940255e-13,NaN
-2488.44166,-0.30851,-3.26792e-07,1.33124999999998e-09,1.32924874289338e-09,-1.83786722236048e-13,-2.21452856657419e-13,-2.20546446931176e-13,NaN
-2478.35916,-0.30726,-3.25443e-07,1.34741666666651e-09,1.3290923539227e-09,-1.61890227786381e-13,-2.28003588369485e-13,-2.21576418920417e-13,NaN
-2468.27666,-0.30601,-3.24097166666667e-07,1.34000000000001e-09,1.32892496243781e-09,-1.95648070545819e-13,-2.33525362699483e-13,-2.20226426872142e-13,NaN
-2458.19416,-0.30476,-3.22763e-07,1.3350833333335e-09,1.32870105778161e-09,-3.30735124236329e-13,-2.22732341145702e-13,-2.17726955090868e-13,NaN
-2448.031,-0.3035,-3.21427e-07,1.3276666666665e-09,1.32826349218933e-09,-4.38462177326952e-13,-2.13825608787419e-13,-2.14550833746052e-13,NaN
-2437.9485,-0.30225,-3.20107666666667e-07,1.32399999999999e-09,1.32782413342695e-09,-4.29599198174794e-13,-2.14500518379825e-13,-2.09708828979304e-13,NaN
-2427.866,-0.301,-3.18779e-07,1.32683333333351e-09,1.32740429379298e-09,-3.27666915824619e-13,-1.95778948346184e-13,-2.03609038013811e-13,NaN
-2417.7835,-0.29975,-3.17454e-07,1.31725000000002e-09,1.3271687995953e-09,-8.47527690263173e-14,-1.64018879603121e-13,-1.96954622621696e-13,NaN
-2407.701,-0.2985,-3.161445e-07,1.32049999999998e-09,1.32723478825493e-09,-5.03918548471564e-14,-1.55761356046408e-13,-1.89895581862563e-13,NaN
-2397.6185,-0.29725,-3.14813e-07,1.33316666666649e-09,1.32706801588561e-09,-1.69027044777663e-13,-1.78199102710138e-13,-1.82856780125377e-13,NaN
-2387.45534,-0.29599,-3.13478166666667e-07,1.33291666666651e-09,1.32689673416537e-09,-2.22005783450328e-13,-1.98057178459893e-13,-1.75970742964466e-13,NaN
-2377.37284,-0.29474,-3.12147166666667e-07,1.32983333333349e-09,1.32662400431871e-09,-2.09050601379795e-13,-1.92599419616399e-13,-1.68788139253105e-13,NaN
-2367.29034,-0.29349,-3.108185e-07,1.32808333333349e-09,1.32647863296262e-09,-3.2003367384616e-14,-1.64860141225722e-13,-1.60757220498605e-13,NaN
-2357.20784,-0.29224,-3.09491e-07,1.32150000000003e-09,1.32655999758394e-09,-4.15232130564073e-14,-1.44916651203859e-13,-1.52472682934997e-13,NaN
-2347.12534,-0.29099,-3.081755e-07,1.32383333333351e-09,1.3263955865365e-09,-2.60234282392249e-13,-1.54981674385322e-13,-1.44593871718206e-13,NaN
-2337.04284,-0.28974,-3.06843333333333e-07,1.32225e-09,1.32603952901916e-09,-3.91969995545656e-13,-1.53406214105003e-13,-1.36912370704127e-13,NaN
-2326.96034,-0.28849,-3.05531e-07,1.32566666666649e-09,1.32561164654541e-09,-2.41145514807253e-13,-1.28415555378199e-13,-1.29543119112777e-13,NaN
-2316.79718,-0.28723,-3.04192e-07,1.32608333333349e-09,1.32555723798954e-09,1.95057268192989e-13,-1.17391413077874e-13,-1.22948871816188e-13,NaN
-2306.71468,-0.28598,-3.02878833333333e-07,1.32800000000002e-09,1.3260017610818e-09,3.833731605843e-13,-1.13878989942573e-13,-1.17270826430501e-13,NaN
-2296.63218,-0.28473,-3.01536e-07,1.3296666666665e-09,1.32632398431071e-09,1.77532333688734e-13,-1.04609569478093e-13,-1.11186184598754e-13,NaN
-2286.54968,-0.28348,-3.002195e-07,1.31799999999999e-09,1.32635682574917e-09,-2.32922414247891e-13,-9.6476516724761e-14,-1.03184641430815e-13,NaN
-2276.46718,-0.28223,-2.989e-07,1.32574999999999e-09,1.32585813948221e-09,-4.03646364206555e-13,-8.7501369416356e-14,-9.40235131780137e-14,NaN
-2266.38468,-0.28098,-2.97568e-07,1.33450000000002e-09,1.32554953302076e-09,-2.08317289182416e-13,-8.08550690358397e-14,-8.63864732703045e-14,NaN
-2256.22152,-0.27972,-2.96231e-07,1.32700000000002e-09,1.32544150490385e-09,-3.27526293539019e-13,-8.0356535020042e-14,-8.19716056821418e-14,NaN
-2246.13902,-0.27847,-2.94914e-07,1.31908333333348e-09,1.32489448043368e-09,-5.12272833661779e-13,-8.13258364278196e-14,-8.0016861467768e-14,NaN
-2236.05652,-0.27722,-2.93592833333333e-07,1.32300000000002e-09,1.32441695923653e-09,-1.92211790376289e-13,-7.48958578650308e-14,-7.81396401291114e-14,NaN
-2225.97402,-0.27597,-2.92268e-07,1.32041666666651e-09,1.32451005685293e-09,2.50793713709642e-13,-7.33598700515231e-14,-7.54192586690055e-14,NaN
-2215.89152,-0.27472,-2.90952e-07,1.31949999999997e-09,1.32491854666395e-09,3.52380574869079e-13,-8.31396443954206e-14,-7.37477285640582e-14,NaN
-2205.80902,-0.27347,-2.89629e-07,1.32566666666649e-09,1.32521481800267e-09,1.87660913422044e-13,-7.96970766824723e-14,-7.31164403904892e-14,NaN
-2195.72652,-0.27222,-2.88300666666667e-07,1.33800000000001e-09,1.32529386849079e-09,-1.90353499890284e-13,-6.82274925245744e-14,-7.19062786484566e-14,NaN
-2185.56336,-0.27096,-2.86953e-07,1.32983333333351e-09,1.32483411100289e-09,-3.34950961515431e-13,-6.38729462794624e-14,-7.04855674345514e-14,NaN
-2175.48086,-0.26971,-2.85641e-07,1.32233333333349e-09,1.32462396656776e-09,-4.78474408639184e-14,-6.17315752835486e-14,-6.91878144085928e-14,NaN
-2165.39836,-0.26846,-2.84308333333333e-07,1.32950000000001e-09,1.32473841612116e-09,-1.27436823788213e-13,-6.59928975532521e-14,-6.79934210311818e-14,NaN
-2155.31586,-0.26721,-2.82982e-07,1.31566666666651e-09,1.32436909292018e-09,-2.46812876091202e-13,-8.01663423175964e-14,-6.75521412172861e-14,NaN
-2145.23336,-0.26596,-2.81677e-07,1.31316666666649e-09,1.32424479036898e-09,3.80737200538471e-14,-9.12182156651472e-14,-6.75015400163948e-14,NaN
-2135.15086,-0.26471,-2.80355666666667e-07,1.32499999999999e-09,1.32444524036029e-09,1.04770209964785e-13,-8.36665759635931e-14,-6.69169958299404e-14,NaN
-2124.9877,-0.26345,-2.79027e-07,1.3333333333335e-09,1.32445433078891e-09,4.18242768793232e-14,-6.44802657048683e-14,-6.66153023403731e-14,NaN
-2114.9052,-0.2622,-2.77689e-07,1.331e-09,1.32452888891405e-09,7.32915807892534e-14,-5.36268648928767e-14,-6.75445893325566e-14,NaN
-2104.8227,-0.26095,-2.76365e-07,1.32624999999998e-09,1.32460091395049e-09,-8.93848105260059e-14,-5.85821216964733e-14,-6.86872164995888e-14,NaN
-2094.7402,-0.2597,-2.750365e-07,1.32350000000001e-09,1.324350119293e-09,-2.33345224884062e-13,-6.56791759000773e-14,-7.05237219321114e-14,NaN
-2084.6577,-0.25845,-2.73718e-07,1.32025000000002e-09,1.32413422350072e-09,-2.06345745839906e-13,-6.75696517538579e-14,-7.49801995592e-14,NaN
-2074.5752,-0.2572,-2.72396e-07,1.328e-09,1.32393742780132e-09,-1.7403282067335e-13,-7.11428164183322e-14,-8.117405446029e-14,NaN
-2064.41204,-0.25594,-2.71062e-07,1.32641666666649e-09,1.32378615785937e-09,-1.5165405785263e-13,-7.9731027095286e-14,-8.77403642585295e-14,NaN
-2054.32954,-0.25469,-2.69743166666667e-07,1.31600000000001e-09,1.32363411968561e-09,1.39065059994617e-14,-9.30055623244908e-14,-9.4583755380352e-14,NaN
-2044.24704,-0.25344,-2.6843e-07,1.3195833333335e-09,1.32381397087137e-09,2.14060152364119e-13,-1.03727827746892e-13,-1.009603639221e-13,NaN
-2034.16454,-0.25219,-2.67104e-07,1.32099999999999e-09,1.32406223999034e-09,-1.40623230424979e-13,-1.03610146615574e-13,-1.0701878103816e-13,NaN
-2024.08204,-0.25094,-2.65788e-07,1.32566666666649e-09,1.32353272441052e-09,-4.04010660869638e-13,-1.05289347273135e-13,-1.14729142942613e-13,NaN
-2013.99954,-0.24969,-2.64452666666667e-07,1.326e-09,1.3232542186686e-09,-1.19710148211271e-13,-1.25052926592376e-13,-1.24779375322152e-13,NaN
-2003.91704,-0.24844,-2.63136e-07,1.32633333333352e-09,1.3232933041141e-09,-6.14906339923915e-14,-1.42028480895646e-13,-1.35035555228773e-13,NaN
-1993.75388,-0.24718,-2.618e-07,1.33000000000003e-09,1.32313123740062e-09,-1.52247691528891e-13,-1.47506715952356e-13,-1.44060242049924e-13,NaN
-1983.67138,-0.24593,-2.60476e-07,1.31699999999998e-09,1.32298880873104e-09,-1.37135986466149e-13,-1.63314966906929e-13,-1.52244448912011e-13,NaN
-1973.58888,-0.24468,-2.59166e-07,1.31399999999998e-09,1.32285696542768e-09,-1.40930900663066e-13,-1.77744707358387e-13,-1.58665134598477e-13,NaN
-1963.50638,-0.24343,-2.57848e-07,1.3205e-09,1.32270694692971e-09,-1.35618398304838e-13,-1.71928173972721e-13,-1.62778470129406e-13,NaN
-1953.42388,-0.24218,-2.56525e-07,1.3195e-09,1.32258572863107e-09,-1.19740348972689e-13,-1.62858293711325e-13,-1.65906859193123e-13,NaN
-1943.34138,-0.24093,-2.55209e-07,1.32383333333348e-09,1.32246746623177e-09,-1.27428329850178e-14,-1.60245302449676e-13,-1.6851664220389e-13,NaN
-1933.17822,-0.23967,-2.53877333333333e-07,1.33716666666649e-09,1.3225602429651e-09,-5.64376693801192e-15,-1.59618645368048e-13,-1.70887622963828e-13,NaN
-1923.09572,-0.23842,-2.52534666666667e-07,1.32666666666652e-09,1.32245617869789e-09,-1.86070654671729e-13,-1.71268543776139e-13,-1.73428191283154e-13,NaN
-1913.01322,-0.23717,-2.51224e-07,1.318166666667e-09,1.32218810165576e-09,-1.97879151657239e-13,-1.89813521520356e-13,-1.75298505584829e-13,NaN
-1902.93072,-0.23592,-2.49898333333333e-07,1.32375000000001e-09,1.32206042039458e-09,-3.8198109432757e-13,-1.89243513719859e-13,-1.75646455716923e-13,NaN
-1892.84822,-0.23467,-2.485765e-07,1.31666666666651e-09,1.3214241394671e-09,-6.62935929092594e-13,-1.72348163952019e-13,-1.74746412602716e-13,NaN
-1882.76572,-0.23342,-2.47265e-07,1.31724999999999e-09,1.32073454853639e-09,-4.32137005743999e-13,-1.65212455638594e-13,-1.73578184243862e-13,NaN
-1872.68322,-0.23217,-2.45942e-07,1.32450000000001e-09,1.32055986545562e-09,-4.58154960078783e-14,-1.59616163928768e-13,-1.72000183542202e-13,NaN
-1862.52006,-0.23091,-2.44616e-07,1.32025e-09,1.32064291754438e-09,-5.71775880162437e-14,-1.42467155275905e-13,-1.69499573808871e-13,NaN
-1852.43756,-0.22966,-2.433015e-07,1.31866666666649e-09,1.32044551027958e-09,-4.45187508991712e-14,-1.5047113787776e-13,-1.66940343075518e-13,NaN
-1842.35506,-0.22841,-2.41978666666667e-07,1.3225833333335e-09,1.32055388004258e-09,7.75725384475155e-14,-1.75569702108566e-13,-1.6346856394005e-13,NaN
-1832.27256,-0.22716,-2.40656333333333e-07,1.32333333333349e-09,1.32060065535648e-09,-1.42573066958479e-13,-1.77403528548503e-13,-1.57523792521477e-13,NaN
-1822.19006,-0.22591,-2.39332e-07,1.32058333333301e-09,1.32026873390866e-09,-1.47438220565773e-13,-1.69711440938654e-13,-1.50266609257989e-13,NaN
-1812.10756,-0.22466,-2.38015166666667e-07,1.322e-09,1.32030577891535e-09,4.3781663607778e-14,-1.57857895239324e-13,-1.42327256888608e-13,NaN
-1801.9444,-0.2234,-2.36688e-07,1.3225833333335e-09,1.32035629723588e-09,-1.0010230507946e-13,-1.39951297578111e-13,-1.32957385719232e-13,NaN
-1791.8619,-0.22215,-2.3537e-07,1.31275e-09,1.32010557430519e-09,-3.04804940845099e-13,-1.31265873899764e-13,-1.23437013614112e-13,NaN
-1781.7794,-0.2209,-2.340625e-07,1.3109166666665e-09,1.31974668735419e-09,-3.08489433508735e-13,-1.23732209096594e-13,-1.15327427976815e-13,NaN
-1771.6969,-0.21965,-2.32748166666667e-07,1.32475e-09,1.31948859543817e-09,-1.94099337852818e-13,-1.08695433311545e-13,-1.07770047407791e-13,NaN
-1761.6144,-0.2184,-2.31413e-07,1.32399999999999e-09,1.31935848867848e-09,-5.30967103827032e-14,-9.39022582152403e-14,-9.98641040111826e-14,NaN
-1751.5319,-0.21715,-2.30100166666667e-07,1.32350000000002e-09,1.31938240201741e-09,1.66593996096117e-13,-8.15266601488116e-14,-9.22746964076866e-14,NaN
-1741.36874,-0.21589,-2.28766e-07,1.32458333333351e-09,1.31969167667067e-09,2.80064856136234e-13,-6.71271724648391e-14,-8.4844903728096e-14,NaN
-1731.28624,-0.21464,-2.27451e-07,1.31549999999998e-09,1.31994253172968e-09,-1.00400537576773e-13,-4.92583045519042e-14,-7.6454639615079e-14,NaN
-1721.20374,-0.21339,-2.26135e-07,1.3175e-09,1.31949087559552e-09,-5.17688207361745e-13,-5.0286617822422e-14,-6.83052011729261e-14,NaN
-1711.12124,-0.21214,-2.24816e-07,1.31400000000001e-09,1.31890715531496e-09,-3.65538668297277e-13,-6.56589752995953e-14,-6.16625969600644e-14,NaN
-1701.03874,-0.21089,-2.23507e-07,1.3095e-09,1.31875979825893e-09,-1.82629655635224e-13,-6.13530763005796e-14,-5.60587117403764e-14,NaN
-1690.932042,-0.209637,-2.22197e-07,1.31349999999999e-09,1.31854189600368e-09,-1.87658082100371e-13,-5.12063774360246e-14,-5.19340338883347e-14,NaN
-1680.83341,-0.208385,-2.2088e-07,1.31949999999999e-09,1.31838448209472e-09,1.31151517209027e-13,-5.73402001974736e-14,-4.91887162928489e-14,NaN
-1670.74311286666,-0.207134033333333,-2.19558e-07,1.32e-09,1.3188041990381e-09,3.37069733552198e-13,-6.23974446557858e-14,-4.64875654929803e-14,NaN
-1660.644212,-0.205882,-2.1824e-07,1.3185e-09,1.31905862156183e-09,1.502572727251e-13,-5.83787267627014e-14,-4.40050082460971e-14,NaN
-1650.553646,-0.204631,-2.16921e-07,1.3215e-09,1.31910471358355e-09,6.02920413485211e-14,-5.57348098013873e-14,-4.26507338573652e-14,NaN
-1640.45514843334,-0.203379016666667,-2.15597e-07,1.3255833333335e-09,1.31917920564453e-09,-9.61261863263407e-14,-5.0813584703186e-14,-4.18395864800947e-14,NaN
-1630.36458243334,-0.202128016666667,-2.14269833333333e-07,1.32416666666651e-09,1.3189124612109e-09,-2.45606733260854e-13,-4.08944664899369e-14,-4.15000520615117e-14,NaN
-1620.26595043334,-0.200876016666667,-2.12948666666667e-07,1.3179166666665e-09,1.318687992178e-09,-5.06551677261067e-14,-3.29725480788998e-14,-4.30125115486179e-14,NaN
-1610.17525,-0.199625,-2.11634e-07,1.31833333333349e-09,1.31881115087545e-09,3.63352891983088e-16,-2.90276248778026e-14,-4.60443544256961e-14,NaN
-1600.076618,-0.198373,-2.10312e-07,1.328e-09,1.31868871888379e-09,-1.51957009221364e-13,-3.21529467431731e-14,-4.89048310320062e-14,NaN
-1589.9783893,-0.19712105,-2.08978e-07,1.31433333333351e-09,1.31850723685701e-09,-1.85696920305302e-14,-4.50984367335765e-14,-5.22409928318366e-14,NaN
-1579.88742,-0.19587,-2.07683333333333e-07,1.31300000000001e-09,1.31865157949973e-09,1.20244324152444e-13,-5.68132741285604e-14,-5.6964299779931e-14,NaN
-1569.78892243334,-0.194618016666667,-2.06352e-07,1.32216666666649e-09,1.31874772550531e-09,-6.4471071446795e-14,-5.6746145811493e-14,-6.1840312774695e-14,NaN
-1559.698222,-0.193367,-2.05039e-07,1.31791666666649e-09,1.31852263735683e-09,-1.87004990680852e-13,-5.31352570299003e-14,-6.70489258836382e-14,NaN
-1549.59972443334,-0.192115016666667,-2.03716166666667e-07,1.31650000000001e-09,1.31837371552395e-09,1.97616782578856e-14,-6.4290157144535e-14,-7.37253098852042e-14,NaN
-1539.509024,-0.190864,-2.02406e-07,1.3155833333335e-09,1.31856216071335e-09,-2.53620316024839e-14,-8.53090671688801e-14,-8.1471460193892e-14,NaN
-1529.410392,-0.189612,-2.01085e-07,1.322e-09,1.31832299146074e-09,-4.27160486837079e-13,-9.73515999645338e-14,-8.99291542875117e-14,NaN
-1519.31189443334,-0.188360016666667,-1.99762e-07,1.3200833333335e-09,1.31770783973968e-09,-3.05337229230734e-13,-1.13423461399917e-13,-9.87120364577419e-14,NaN
-1509.221194,-0.187109,-1.98444833333333e-07,1.32099999999999e-09,1.31771231700228e-09,5.71436121593643e-14,-1.31646594411813e-13,-1.06345774679017e-13,NaN
-1499.12269643334,-0.185857016666667,-1.9712e-07,1.3169166666665e-09,1.31782212696399e-09,9.75361842779052e-14,-1.25449466925856e-13,-1.12005069415258e-13,NaN
-1489.031996,-0.184606,-1.95811e-07,1.3071666666665e-09,1.31790738937084e-09,8.27076113480008e-14,-1.12119574149727e-13,-1.16860498567935e-13,NaN
-1478.93349843334,-0.183354016666667,-1.94505666666667e-07,1.31250000000001e-09,1.31798754218669e-09,-7.03819263517741e-14,-1.12711053679607e-13,-1.21101603308472e-13,NaN
-1468.842798,-0.182103,-1.93186e-07,1.32383333333351e-09,1.31776662551813e-09,-1.60441535108585e-13,-1.1725684989128e-13,-1.23578478143764e-13,NaN
-1458.744166,-0.180851,-1.91858e-07,1.32550000000001e-09,1.31766665911647e-09,-9.40404463696668e-14,-1.24697131513634e-13,-1.25300125521449e-13,NaN
-1448.64566843334,-0.179599016666667,-1.90535e-07,1.31699999999998e-09,1.31757854462539e-09,-1.97092044364292e-13,-1.36924131428685e-13,-1.27399375446118e-13,NaN
-1438.554968,-0.178348,-1.89224e-07,1.318e-09,1.31727247502774e-09,-4.07714029005722e-13,-1.37671498595465e-13,-1.29062951774767e-13,NaN
-1428.456336,-0.177096,-1.87899e-07,1.3205833333335e-09,1.31676311656738e-09,-4.02945140318894e-13,-1.31462188775557e-13,-1.29522880290984e-13,NaN
-1418.36603886666,-0.175845033333333,-1.86582833333333e-07,1.31624999999999e-09,1.31646658474711e-09,-1.64628115400884e-13,-1.28818378415305e-13,-1.28977226904769e-13,NaN
-1408.26767573334,-0.174593066666667,-1.852665e-07,1.31291666666651e-09,1.31643386033658e-09,-7.26771840842829e-14,-1.18508788245437e-13,-1.28239739093546e-13,NaN
-1398.176572,-0.173342,-1.83957e-07,1.31075000000001e-09,1.31632123037894e-09,-8.30426510226262e-14,-1.08700093016585e-13,-1.27830051939388e-13,NaN
-1388.07807443334,-0.172090016666667,-1.82645e-07,1.31458333333349e-09,1.31626777503454e-09,6.15331038105697e-14,-1.17399763007642e-13,-1.28211632932136e-13,NaN
-1377.98764286666,-0.170839033333333,-1.81327833333333e-07,1.319e-09,1.31644429658656e-09,1.32104728684601e-13,-1.3474830782192e-13,-1.28929641714546e-13,NaN
-1367.888742,-0.169587,-1.80007e-07,1.31775000000001e-09,1.31653198449191e-09,-8.57106993787927e-14,-1.31098199659722e-13,-1.28444244444148e-13,NaN
-1357.79011,-0.168335,-1.78692333333333e-07,1.31299999999998e-09,1.3162728751878e-09,-2.72332517913154e-13,-1.19917138097385e-13,-1.26667125707413e-13,NaN
-1347.699544,-0.167084,-1.77381e-07,1.31716666666651e-09,1.31598731945608e-09,-8.03075947360014e-14,-1.3175453635449e-13,-1.24277780879878e-13,NaN
-1337.600912,-0.165832,-1.76058e-07,1.31758333333351e-09,1.31611225999833e-09,-6.68484374850944e-14,-1.41081104587627e-13,-1.21440070798268e-13,NaN
-1327.510346,-0.164581,-1.74745833333333e-07,1.31e-09,1.31585362258111e-09,-3.38590153034355e-13,-1.32607667463339e-13,-1.19206789388925e-13,NaN
-1317.411714,-0.163329,-1.73438e-07,1.31191666666651e-09,1.31543507969226e-09,-2.69740915234009e-13,-1.21771985680477e-13,-1.18546045683222e-13,NaN
-1307.321148,-0.162078,-1.72122e-07,1.3205e-09,1.31531414075064e-09,-5.32043005966887e-14,-1.13393281973344e-13,-1.18148284766222e-13,NaN
-1297.222516,-0.160826,-1.70797e-07,1.3205e-09,1.31532867109107e-09,3.70808700760812e-14,-1.14718917428274e-13,-1.17246547661801e-13,NaN
-1287.123884,-0.159574,-1.69481e-07,1.30999999999999e-09,1.31538830249079e-09,1.08401851331561e-14,-1.18310291592917e-13,-1.1688308974541e-13,NaN
-1277.033318,-0.158323,-1.68177e-07,1.31349999999998e-09,1.31535035146133e-09,-1.76787696164748e-14,-1.08716255232709e-13,-1.16487957497397e-13,NaN
-1266.934686,-0.157071,-1.66854e-07,1.32341666666651e-09,1.31535294495156e-09,-8.97727015325438e-14,-9.64228412742023e-14,-1.1491277043805e-13,NaN
-1256.84412,-0.15582,-1.65530166666667e-07,1.3166666666665e-09,1.31517080605827e-09,-1.90018460212453e-13,-9.91859160134888e-14,-1.13223386623134e-13,NaN
-1246.745488,-0.154568,-1.64220666666667e-07,1.31308333333349e-09,1.31497290803114e-09,-2.89828195429883e-13,-1.08611695968032e-13,-1.12621532105426e-13,NaN
-1236.654922,-0.153317,-1.62904e-07,1.31383333333351e-09,1.31459114966741e-09,-3.93200676501002e-13,-1.11447777319751e-13,-1.12725711801968e-13,NaN
-1226.55642443334,-0.152065016666667,-1.61593e-07,1.3159166666665e-09,1.31418650667813e-09,-2.51974374655679e-13,-1.16026474100405e-13,-1.14303682790206e-13,NaN
-1216.465724,-0.150814,-1.60272166666667e-07,1.31750000000001e-09,1.3140872009181e-09,4.41846549983336e-14,-1.25584893056024e-13,-1.1822490538077e-13,NaN
-1206.367092,-0.149562,-1.58958e-07,1.3150833333335e-09,1.31427487598813e-09,1.92012654120185e-13,-1.24572772014358e-13,-1.21110693156249e-13,NaN
-1196.2688633,-0.14831005,-1.57642e-07,1.30999999999999e-09,1.31447122622634e-09,-2.03760749565489e-14,-1.14091002533391e-13,-1.19632801020674e-13,NaN
-1186.177894,-0.147059,-1.56338e-07,1.3105e-09,1.31423412383822e-09,-2.05897453319011e-13,-1.15008958740865e-13,-1.14137440392712e-13,NaN
-1176.07939643334,-0.145807016666667,-1.55021e-07,1.31991666666649e-09,1.3140594313197e-09,-1.15137564459803e-13,-1.22939482619473e-13,-1.06173799952659e-13,NaN
-1165.9890993,-0.14455605,-1.53698166666667e-07,1.319e-09,1.3140038487093e-09,-1.24966024145434e-13,-1.16065524469167e-13,-9.84795154579934e-14,NaN
-1155.89033286666,-0.143304033333333,-1.52383e-07,1.31058333333351e-09,1.31380949927141e-09,-1.9315933920955e-13,-1.05198096642236e-13,-9.31391972259222e-14,NaN
-1145.799498,-0.142053,-1.51077e-07,1.311e-09,1.31361753003088e-09,-1.7141667988358e-13,-1.08631802952204e-13,-8.96583417865838e-14,NaN
-1135.70100043334,-0.140801016666667,-1.49761e-07,1.31150000000001e-09,1.31346666591164e-09,-6.74911474032866e-14,-1.14769682781284e-13,-8.70862412264866e-14,NaN
-1125.602234,-0.139549,-1.48454e-07,1.30774999999999e-09,1.31348254773607e-09,8.02509683164856e-14,-1.16683597748062e-13,-8.6055650962033e-14,NaN
-1115.51180243334,-0.138298016666667,-1.471455e-07,1.30949999999999e-09,1.31362716784828e-09,1.06601131024901e-13,-1.05258385452232e-13,-8.73694642650256e-14,NaN
-1105.41317043334,-0.137046016666667,-1.45835e-07,1.31525e-09,1.31369574999812e-09,-1.01763346847528e-13,-6.04503266101286e-14,-9.06975703065649e-14,NaN
-1095.32247,-0.135795,-1.44515e-07,1.317e-09,1.31342364115458e-09,-2.99745369849709e-13,-6.93692693227947e-15,-9.6249865498682e-14,NaN
-1085.223838,-0.134543,-1.43201e-07,1.31408333333349e-09,1.31309625925842e-09,-2.59742576269462e-13,-3.12425601991638e-15,-1.04728139307367e-13,NaN
-1075.13340643334,-0.133292016666667,-1.41886833333333e-07,1.31416666666651e-09,1.31290415600204e-09,-2.18769583299108e-13,-4.89719487332934e-14,-1.15406038355401e-13,NaN
-1065.03464,-0.13204,-1.40572666666667e-07,1.3179166666665e-09,1.31265872009182e-09,-2.12707724605755e-13,-1.05979983594451e-13,-1.26872103354633e-13,NaN
-1054.93614243334,-0.130788016666667,-1.39251e-07,1.31775000000001e-09,1.31247874055283e-09,-9.4817172153532e-14,-1.58407585442742e-13,-1.38615689704714e-13,NaN
-1044.84571086666,-0.129537033333333,-1.37937166666667e-07,1.3093333333335e-09,1.31246908574752e-09,4.41487915944989e-14,-1.89321133501526e-13,-1.49510557423525e-13,NaN
-1034.74681,-0.128285,-1.36632333333333e-07,1.30508333333349e-09,1.31256703813602e-09,1.00908287842787e-14,-1.93959846063125e-13,-1.5742224833e-13,NaN
-1024.65637843334,-0.127034016666667,-1.35327e-07,1.30566666666651e-09,1.31248926740509e-09,-5.51937756235904e-14,-1.90089608325182e-13,-1.61680943521809e-13,NaN
-1014.55774643334,-0.125782016666667,-1.34021e-07,1.31e-09,1.31245665058477e-09,6.38897068233651e-14,-1.91763959231386e-13,-1.63168020124902e-13,NaN
-1004.467046,-0.124531,-1.32707e-07,1.31508333333349e-09,1.31261704681873e-09,7.0586725250398e-14,-1.93976054749344e-13,-1.62310360424979e-13,NaN
-994.368414,-0.123279,-1.31390833333333e-07,1.318e-09,1.31259782403527e-09,-7.33057373915216e-14,-1.88431331234042e-13,-1.5888779510415e-13,NaN
-984.2782513,-0.12202805,-1.30071e-07,1.32199999999999e-09,1.31247043534395e-09,-1.47455208494782e-13,-1.7855598783705e-13,-1.51474278899265e-13,NaN
-974.179216,-0.120776,-1.28746833333333e-07,1.31299999999999e-09,1.31230291361828e-09,-1.26347708895254e-13,-1.60860505463952e-13,-1.3630462019425e-13,NaN
-964.080584,-0.119524,-1.27445e-07,1.30591666666652e-09,1.31221773992616e-09,-5.17301260157636e-14,-1.27997576383138e-13,-1.11071794490026e-13,NaN
-953.990152433336,-0.118273016666667,-1.26135e-07,1.3065e-09,1.31219945336625e-09,7.60304121665835e-14,-8.25892876549292e-14,-7.85559762262361e-14,NaN
-943.891386,-0.117021,-1.24832e-07,1.3085e-09,1.31236980075049e-09,-9.85586687487837e-14,-3.06278697903119e-14,-4.23598340754417e-14,NaN
-933.80082,-0.11577,-1.23518e-07,1.31566666666651e-09,1.31200233602875e-09,-9.94430413675299e-13,2.14089827530874e-14,-4.33905118512972e-15,NaN
-923.702322433336,-0.114518016666667,-1.22200666666667e-07,1.31549999999998e-09,1.31038093992314e-09,-1.51414216630389e-12,5.97961915806457e-14,3.38222278317373e-14,NaN
-913.611622,-0.113267,-1.20887e-07,1.3153333333335e-09,1.30897405169615e-09,-6.69487417611985e-13,8.44679932798867e-14,7.16374488004265e-14,NaN
-903.513124433336,-0.112015016666667,-1.1957e-07,1.317e-09,1.30904196508792e-09,4.03632396356253e-13,1.09065105342384e-13,1.09606079179604e-13,NaN
-893.414895733336,-0.110763066666667,-1.18253e-07,1.31400000000001e-09,1.30978131648886e-09,7.49839652844119e-13,1.39376578627737e-13,1.47444418220648e-13,NaN
-883.323792,-0.109512,-1.16942e-07,1.3095833333335e-09,1.31054164439361e-09,7.28605498803606e-13,1.7785633370911e-13,1.84831320084824e-13,NaN
-873.225294433336,-0.108260016666667,-1.15633833333333e-07,1.30633333333349e-09,1.31123852748647e-09,5.13638946144617e-13,2.22556471160049e-13,2.23157076157086e-13,NaN
-863.134862866664,-0.107009033333333,-1.14329333333333e-07,1.3054166666665e-09,1.31156892228589e-09,3.37573331219025e-13,2.65747845725262e-13,2.6249550751513e-13,NaN
-853.035962,-0.105757,-1.13023e-07,1.30616666666651e-09,1.3119136741489e-09,4.77569801504791e-13,2.94120486800954e-13,2.9870316711691e-13,NaN
-842.945396,-0.104506,-1.11717e-07,1.31258333333351e-09,1.3125240618889e-09,6.07100387324082e-13,3.10452204591295e-13,3.27684255505877e-13,NaN
-832.847032866664,-0.103254033333333,-1.10397833333333e-07,1.31949999999999e-09,1.31312787492355e-09,5.97976265980234e-13,3.31358134318697e-13,3.48655351547473e-13,NaN
-822.756198,-0.102003,-1.09078e-07,1.31708333333299e-09,1.31372001442086e-09,6.53185425113671e-13,3.50750997273627e-13,3.62252088245988e-13,NaN
-812.657700433336,-0.100751016666667,-1.07763666666667e-07,1.3115833333335e-09,1.31443424577378e-09,7.00731613394953e-13,3.62556776341235e-13,3.69254462383325e-13,NaN
-802.559068433334,-0.0994990166666667,-1.06454833333333e-07,1.3103333333335e-09,1.31512147764765e-09,5.73287145043298e-13,3.74802090892616e-13,3.70131614968767e-13,NaN
-792.468368,-0.098248,-1.05143e-07,1.3134166666665e-09,1.31558082006387e-09,2.88004635818857e-13,3.88214786911225e-13,3.64058387571977e-13,NaN
-782.369736,-0.096996,-1.03828e-07,1.311e-09,1.31569748691929e-09,8.68367158226171e-14,3.99193403918723e-13,3.50119694112958e-13,NaN
-772.27917,-0.095745,-1.02521e-07,1.30600000000001e-09,1.31575449349551e-09,7.05204723392801e-14,4.08375539279047e-13,3.28389464162314e-13,NaN
-762.180538,-0.094493,-1.01216e-07,1.30641666666664e-09,1.31583852786397e-09,1.11085000035969e-13,3.98636608905001e-13,2.99463432734368e-13,NaN
-752.089972,-0.093242,-9.99081666666667e-08,1.31e-09,1.31597666349558e-09,2.31525629122532e-13,3.30681507693892e-13,2.6458882959919e-13,NaN
-741.991474433334,-0.0919900166666667,-9.8596e-08,1.31033333333335e-09,1.31630157912222e-09,3.32110391328941e-13,2.17400629020052e-13,2.2542869221779e-13,NaN
-731.892708,-0.090738,-9.72875e-08,1.3105e-09,1.31664088427824e-09,3.37294068571228e-13,1.26072215802792e-13,1.83365744967817e-13,NaN
-721.802142,-0.089487,-9.5975e-08,1.31266666666665e-09,1.31697616725936e-09,1.91254803809285e-13,7.79211107146698e-14,1.39099595764789e-13,NaN
-711.703644433334,-0.0882350166666667,-9.46621666666667e-08,1.31249999999999e-09,1.31702339388586e-09,-1.10059967384549e-13,4.39705203525779e-14,9.41851659463452e-14,NaN
-701.612944,-0.086984,-9.335e-08,1.31275e-09,1.31675604732459e-09,-3.0973143974788e-13,8.42746565061183e-15,5.02960315533169e-14,NaN
-691.514312,-0.085732,-9.20366666666667e-08,1.30400000000001e-09,1.31640393100636e-09,-2.95851453789065e-13,-3.20026001682633e-14,5.38540583284651e-15,NaN
-681.423880433334,-0.0844810166666667,-9.0742e-08,1.31695e-09,1.31616434441701e-09,-9.61518569720259e-14,-7.61643818169803e-14,-4.35399398895244e-14,NaN
-671.325114,-0.083229,-8.94027666666667e-08,1.365225e-09,1.31621162729242e-09,4.39406894798628e-14,-1.1609396164776e-13,-9.60600194073057e-14,NaN
-661.2272886,-0.0819771,-8.801155e-08,1.37933333333335e-09,1.31625222579597e-09,4.16241968622531e-15,-1.51607526749829e-13,-1.49615162076519e-13,NaN
-651.135916,-0.080726,-8.66441e-08,1.33814999999999e-09,1.31621995213179e-09,6.39416143991707e-15,-1.84770433494691e-13,-2.01283207093263e-13,NaN
-641.0376873,-0.07947405,-8.533525e-08,1.30870833333335e-09,1.31626501411885e-09,-2.38278330198188e-14,-2.14199226025333e-13,-2.48524267558783e-13,NaN
-630.9475246,-0.0782231,-8.40266833333333e-08,1.30624166666666e-09,1.31617229646575e-09,-2.36388234536568e-13,-2.42524107094898e-13,-2.90807012319335e-13,NaN
-620.849430333334,-0.0769711666666667,-8.27227666666667e-08,1.30664166666665e-09,1.31579223764978e-09,-4.3509903961078e-13,-2.73938911743573e-13,-3.31272163627959e-13,NaN
-610.759402066667,-0.0757202333333333,-8.14134e-08,1.31348333333335e-09,1.31530209838653e-09,-5.18417178190911e-13,-3.09702691079281e-13,-3.73553790327575e-13,NaN
-600.661173366667,-0.0744682833333333,-8.00958e-08,1.31334166666665e-09,1.3147554032934e-09,-5.42225475099215e-13,-3.55502033458913e-13,-4.17015237740311e-13,NaN
-590.5699352,-0.0732172,-7.87867166666667e-08,1.30895e-09,1.31421764743633e-09,-4.60423697780157e-13,-4.34029831903919e-13,-4.5866611796953e-13,NaN
-580.470227733334,-0.0719650666666667,-7.74779e-08,1.31025833333335e-09,1.31383455589784e-09,-3.02716747072855e-13,-5.41258790886356e-13,-4.96430152579213e-13,NaN
-570.3706547,-0.07071295,-7.61662e-08,1.3068e-09,1.31361221394219e-09,-2.49705165089641e-13,-6.17041217057676e-13,-5.28559815835286e-13,NaN
-560.2796854,-0.0694619,-7.48643e-08,1.30065e-09,1.31333514556766e-09,-3.73863696425312e-13,-6.32541953813266e-13,-5.54278973527947e-13,NaN
-550.1814567,-0.06820995,-7.35649e-08,1.30335833333336e-09,1.31286448654934e-09,-5.33261512147001e-13,-6.18470226597213e-13,-5.73887928225907e-13,NaN
-540.0929072,-0.0669592,-7.22575833333333e-08,1.31036666666665e-09,1.31226862254336e-09,-5.58141936018843e-13,-6.0274898156356e-13,-5.86890293251102e-13,NaN
-529.9950818,-0.0657073,-7.09441666666667e-08,1.31319166666665e-09,1.3117482026773e-09,-5.1489416521493e-13,-5.96873126688448e-13,-5.92534701134828e-13,NaN
-519.9053224,-0.0644564,-6.96312e-08,1.3092166666667e-09,1.31123883421293e-09,-6.09857905426444e-13,-5.97936048383635e-13,-5.90386906218635e-13,NaN
-509.805211633334,-0.0632042166666667,-6.83257333333333e-08,1.30605e-09,1.31052848686645e-09,-7.65641067748417e-13,-5.94349894914586e-13,-5.80019330257359e-13,NaN
-499.7052353,-0.06195205,-6.70191e-08,1.30586666666665e-09,1.30970755207744e-09,-8.04560125937197e-13,-5.77292227579366e-13,-5.61416469695872e-13,NaN
-489.6134594,-0.0607009,-6.5714e-08,1.30255e-09,1.30891936661457e-09,-8.04589194168622e-13,-5.42879933764131e-13,-5.34672069191479e-13,NaN
-479.514289666667,-0.0594488333333333,-6.4414e-08,1.30355833333335e-09,1.3080983736891e-09,-8.63848558291734e-13,-4.97607653762666e-13,-5.00062751999935e-13,NaN
-469.425068,-0.058198,-6.31068833333333e-08,1.30755e-09,1.30719166949799e-09,-8.69755449349699e-13,-4.47096056957223e-13,-4.58984104434684e-13,NaN
-459.3280492,-0.0569462,-6.17989e-08,1.30824166666665e-09,1.3063588627904e-09,-7.69720152212071e-13,-3.95919294928818e-13,-4.14772589649063e-13,NaN
-449.2382898,-0.0556953,-6.04904e-08,1.3105e-09,1.30565222919356e-09,-7.1276435102346e-13,-3.56968728881394e-13,-3.7141080752122e-13,NaN
-439.1388512,-0.0544432,-5.91779e-08,1.312375e-09,1.30493333408835e-09,-8.30997870846404e-13,-3.25069087238797e-13,-3.29738362183645e-13,NaN
-429.0402192,-0.0531912,-5.786565e-08,1.30905e-09,1.30399023345187e-09,-7.96366376739949e-13,-2.85233322837029e-13,-2.87854418649822e-13,NaN
-418.94804,-0.05194,-5.65598e-08,1.305175e-09,1.30334060133487e-09,5.81498637188172e-14,-2.43101477476633e-13,-2.44858459739365e-13,NaN
-408.848870266667,-0.0506879333333333,-5.52553e-08,1.3042e-09,1.30410653317931e-09,1.15779311724751e-12,-2.03632536201641e-13,-2.01449486089034e-13,NaN
-398.7592453,-0.04943705,-5.39514e-08,1.30555833333335e-09,1.30565618756937e-09,1.09913767393784e-12,-1.65523279935779e-13,-1.59249492937721e-13,NaN
-388.66021,-0.048185,-5.26441833333333e-08,1.30385e-09,1.30630480852718e-09,2.40142849592847e-13,-1.28897818496855e-13,-1.20105778624686e-13,NaN
-378.5712572,-0.0469342,-5.13437e-08,1.30464166666665e-09,1.30613647326855e-09,-1.66988587887864e-13,-9.07560836478657e-14,-8.51160759686671e-14,NaN
-368.4726252,-0.0456822,-5.00349e-08,1.308925e-09,1.30597083135141e-09,-1.4579690366739e-13,-5.64619220138849e-14,-5.51006277895137e-14,NaN
-358.3820592,-0.0444312,-4.872585e-08,1.30795e-09,1.30584487946122e-09,-5.62179588814968e-14,-3.01805562585182e-14,-3.20801092170035e-14,NaN
-348.282351733334,-0.0431790666666667,-4.7419e-08,1.306875e-09,1.30585839543365e-09,1.907753667506e-14,-6.08024467027266e-15,-1.82707284352546e-14,NaN
-338.183182,-0.041927,-4.61121e-08,1.304925e-09,1.30588303453457e-09,1.86227321115134e-14,1.28352593645557e-14,-1.26221188430465e-14,NaN
-328.092481566666,-0.0406759833333333,-4.480915e-08,1.30414999999999e-09,1.30589564089787e-09,2.60471169598212e-14,2.32160913532446e-14,-1.19795377580796e-14,NaN
-317.994521733334,-0.0394240666666667,-4.35038e-08,1.30505e-09,1.30593512876849e-09,-8.43201431517482e-14,2.75928762731971e-14,-1.53438317177816e-14,NaN
-307.903686866666,-0.0381730333333333,-4.219905e-08,1.3045e-09,1.30572700061156e-09,-2.46673197581044e-13,2.23950029093712e-14,-2.29368720641176e-14,NaN
-297.8063992,-0.0369212,-4.08948e-08,1.304875e-09,1.30544178237333e-09,-2.63695100681505e-13,6.84740282865186e-15,-3.41266193847013e-14,NaN
-287.7150266,-0.0356701,-3.95893e-08,1.3068e-09,1.3051996104102e-09,-2.00307103973152e-13,-1.73832580111758e-14,-4.81768744985159e-14,NaN
-277.6163946,-0.0344181,-3.82812e-08,1.30664166666665e-09,1.30504116816538e-09,-1.75585328478976e-14,-5.04876988113131e-14,-6.43827128344766e-14,NaN
-267.5165527,-0.03316595,-3.69760166666667e-08,1.3029e-09,1.30516449334451e-09,2.99801052496988e-14,-9.12226382568929e-14,-8.20422542720823e-14,NaN
-257.425852266666,-0.0319149333333333,-3.56754e-08,1.30270833333335e-09,1.30510112837588e-09,-2.32093686530177e-13,-1.43237217998214e-13,-1.00018720481583e-13,NaN
-247.328026866666,-0.0306630333333333,-3.43706e-08,1.30461666666665e-09,1.30470030597145e-09,-3.82669388510099e-13,-2.00104332202214e-13,-1.16825932505192e-13,NaN
-237.237326433334,-0.0294120166666667,-3.30661666666667e-08,1.30551666666665e-09,1.30433578959886e-09,-3.19662015749911e-13,-2.24287719949002e-13,-1.32000578891193e-13,NaN
-227.140307633334,-0.0281602166666667,-3.17595666666667e-08,1.30593333333335e-09,1.30406098193995e-09,-1.45421753607195e-13,-1.94452754922624e-13,-1.4538256384828e-13,NaN
-217.049472766666,-0.0269091833333333,-3.04543e-08,1.30833333333335e-09,1.30404494609164e-09,-1.87339086237065e-16,-1.53148733648547e-13,-1.56481076397033e-13,NaN
-206.9509752,-0.0256572,-2.91429e-08,1.30775e-09,1.30406060726177e-09,-1.10802717313499e-13,-1.41634759409126e-13,-1.64639926651441e-13,NaN
-196.858796,-0.024406,-2.78388e-08,1.30275e-09,1.30382334065702e-09,-2.06420492726074e-13,-1.47901909957616e-13,-1.6865900557564e-13,NaN
-186.760701733334,-0.0231540666666667,-2.65374e-08,1.30241666666665e-09,1.30364776627632e-09,-1.01274660807582e-13,-1.52280943835059e-13,-1.68017827189479e-13,NaN
-176.660994266666,-0.0219019333333333,-2.52339666666667e-08,1.29915833333335e-09,1.3036207913354e-09,-4.48054693570998e-14,-1.50963357236324e-13,-1.6347523486271e-13,NaN
-166.570831566666,-0.0206509833333333,-2.39390833333333e-08,1.30030833333335e-09,1.30355815533761e-09,-6.7170830596236e-14,-1.46248311903771e-13,-1.56219403400917e-13,NaN
-156.473409466666,-0.0193991333333333,-2.263335e-08,1.30551666666665e-09,1.30348644967421e-09,-1.29302664462245e-13,-1.40613237791598e-13,-1.47454779316408e-13,NaN
-146.3837845,-0.01814825,-2.132805e-08,1.304975e-09,1.30329955000868e-09,-1.88388657349526e-13,-1.31572557425473e-13,-1.3784391429876e-13,NaN
-136.285421366666,-0.0168962833333333,-2.00234e-08,1.303975e-09,1.30310967235951e-09,-1.43515519414629e-13,-1.26047558668611e-13,-1.28007858956029e-13,NaN
-126.1933766,-0.0156451,-1.87201e-08,1.30525e-09,1.30301251896985e-09,-1.5425047377437e-13,-1.27943586913117e-13,-1.19716750770301e-13,NaN
-116.094475733334,-0.0143930666666667,-1.74129e-08,1.3025e-09,1.30280117141196e-09,-1.75553334542295e-13,-1.25687168832333e-13,-1.14897712269682e-13,NaN
-105.995306,-0.013141,-1.61151e-08,1.30075e-09,1.30266141230077e-09,-7.28212983310367e-14,-1.1788236193568e-13,-1.12834101377348e-13,NaN
-95.9044711333336,-0.0118899666666667,-1.48114e-08,1.30285e-09,1.3026555288153e-09,-6.98345375840862e-15,-1.03068051700694e-13,-1.10177366062248e-13,NaN
-85.8062424333336,-0.0106380166666667,-1.35094e-08,1.3033e-09,1.30264744539325e-09,-4.86171827218569e-14,-8.63621767111251e-14,-1.0553119949563e-13,NaN
-75.7147354,-0.0093869,-1.22048e-08,1.2996e-09,1.30255829444986e-09,-1.27922489750589e-13,-8.54350509517151e-14,-1.00283140405538e-13,NaN
-65.6175821666667,-0.00813508333333333,-1.09102e-08,1.2997e-09,1.30239160041375e-09,-1.55764569979076e-13,-9.42432556179795e-14,-9.49995765942032e-14,NaN
-55.5267473,-0.00688405,-9.6054e-09,1.3047e-09,1.3022467653099e-09,-1.54781535255528e-13,-9.9208664008305e-14,-8.96495115799874e-14,NaN
-45.4263676666666,-0.00563183333333333,-8.3008e-09,1.300375e-09,1.30208203734324e-09,-1.58408174590519e-13,-9.55486401068179e-14,-8.42836382528275e-14,NaN
-35.32908,-0.00438,-7.00465e-09,1.30005e-09,1.30192994896072e-09,-1.11327549888071e-13,-8.20513547777041e-14,-7.84291867109976e-14,NaN
-25.2381107,-0.00312895,-5.7007e-09,1.303975e-09,1.30185938224346e-09,-4.90526399240968e-14,-7.10069342809931e-14,-7.20149687438429e-14,NaN
-15.1385376666666,-0.00187683333333333,-4.3967e-09,1.2978e-09,1.30183184368087e-09,-6.36838697745052e-14,-6.87478962923e-14,-6.53162697850144e-14,NaN
-5.04958486666666,-0.000626033333333333,-3.1051e-09,1.30034166666667e-09,1.30173201450391e-09,-8.93926438498926e-14,-6.70322482788901e-14,-5.90503328951211e-14,NaN
5.04716506666666,0.000625733333333333,-1.79601666666667e-09,1.30929166666667e-09,1.30165305839317e-09,-5.0292097971223e-14,-6.1011521637516e-14,-5.36921564213113e-14,NaN
15.1378655,0.00187675,-4.86516666666667e-10,1.30906666666667e-09,1.30163143030797e-09,-5.98031665555761e-15,-5.14370428132263e-14,-4.84686444798421e-14,NaN
25.2382451333334,0.00312896666666667,8.22116666666667e-10,1.30290833333333e-09,1.30164109775986e-09,-3.23478448009456e-15,-4.36982944201156e-14,-4.28883859670735e-14,NaN
35.3302899,0.00438015,2.1193e-09,1.29360833333333e-09,1.30162496073901e-09,3.33341827299594e-14,-3.47793681802105e-14,-3.66285133567067e-14,NaN
45.4287874666667,0.00563213333333333,3.40933333333333e-09,1.29475e-09,1.30170776612532e-09,7.93622165850374e-14,-2.1852339477486e-14,-2.966103100625e-14,NaN
55.5252685333334,0.00688386666666667,4.7088e-09,1.30378333333334e-09,1.30178368517218e-09,-3.8082402772385e-14,-1.65652598847412e-14,-2.33337456588285e-14,NaN
65.6155656666666,0.00813483333333333,6.0169e-09,1.30505833333334e-09,1.30163160131977e-09,-1.34967949444067e-13,-1.47666153158159e-14,-1.87353066143372e-14,NaN
75.7147354,0.0093869,7.31891666666667e-09,1.30341666666667e-09,1.30151374927329e-09,-1.24691669120093e-13,-1.01301592976249e-14,-1.60442774190628e-14,NaN
85.8058391333336,0.0106379666666667,8.62373333333333e-09,1.30249166666666e-09,1.30138221798153e-09,-9.03564255888924e-14,-1.27127605613296e-14,-1.49476397076292e-14,NaN
95.9054121666664,0.0118900833333333,9.9239e-09,1.29903333333334e-09,1.30133303642212e-09,3.78943086661871e-14,-1.96014018102562e-14,-1.47392152254859e-14,NaN
105.9944994,0.0131409,1.12218e-08,1.30155e-09,1.30145800659886e-09,1.02083946786198e-13,-2.11734144772416e-14,-1.52281417874521e-14,-7.28302433312926e-08
116.0935347,0.01439295,1.2527e-08,1.30305e-09,1.30153720431569e-09,4.65072821587991e-14,-1.40007740878678e-14,-1.66094851800097e-14,-7.94366682522203e-08
126.192435566666,0.0156449833333333,1.38279e-08,1.29786666666665e-09,1.30155102116318e-09,5.52673899721146e-15,-6.35499026984033e-15,-1.89463085818055e-14,-9.06127801738524e-08
136.2819261,0.01689585,1.51227333333333e-08,1.30205e-09,1.30154825779368e-09,-6.54588250395925e-14,-1.02835661638836e-14,-2.20819075287254e-14,-1.05609122963469e-07
146.381768,0.018148,1.6432e-08,1.30460833333335e-09,1.3014201035131e-09,-1.19670320958252e-13,-2.13616173238563e-14,-2.58923995073875e-14,-1.23833215035332e-07
156.472334,0.019399,1.773195e-08,1.29995e-09,1.30130891715177e-09,-3.7529540117865e-14,-3.40033450282553e-14,-2.9367417719691e-14,-1.40452867355044e-07
166.5721759,0.02065115,1.90319e-08,1.299125e-09,1.30134504443287e-09,8.18882269890284e-14,-4.60479985155117e-14,-3.14725565475287e-14,-1.50520922618616e-07
176.661532,0.021902,2.03302e-08,1.29985e-09,1.30147269360574e-09,7.66485839618457e-14,-5.33889223881221e-14,-3.51672998957505e-14,-1.68191434284024e-07
186.7593574,0.0231539,2.16316e-08,1.30165e-09,1.30149834160079e-09,1.39489758202249e-15,-5.74428139434756e-14,-4.39068507337651e-14,-2.09989286118007e-07
196.8571828,0.0244058,2.29335e-08,1.302e-09,1.30147548340091e-09,-1.50550786349545e-14,-5.99122118233733e-14,-5.65169811915712e-14,-2.70298605698819e-07
206.9481521,0.02565685,2.42356e-08,1.30245e-09,1.30146823144352e-09,-1.37025281811175e-13,-6.11237912848632e-14,-7.05383825727171e-14,-3.37357481869517e-07
217.0467841,0.02690885,2.55384e-08,1.3028e-09,1.30120143283729e-09,-2.57857199483191e-13,-6.22333177063361e-14,-8.47290357056411e-14,-4.05225822940023e-07
227.138291133334,0.0281599666666667,2.68412e-08,1.302625e-09,1.30095251704456e-09,-1.61483366931567e-13,-6.5574485322347e-14,-9.82142216263561e-14,-4.6972019038692e-07
237.236519833334,0.0294119166666667,2.814365e-08,1.301775e-09,1.30087846610342e-09,-1.62663367234402e-13,-7.44604237782186e-14,-1.10070999185231e-13,-5.26426517842409e-07
247.327489133334,0.0306629666666667,2.944475e-08,1.30071666666665e-09,1.30062719031009e-09,-1.7707111146374e-13,-8.59166655728217e-14,-1.18541757077261e-13,-5.66938838195596e-07
257.426121133334,0.0319149666666667,3.07450833333333e-08,1.29945833333335e-09,1.3005243238805e-09,6.19732798781299e-14,-9.8212258869912e-14,-1.22454418623065e-13,-5.85651567327702e-07
267.517090433334,0.0331660166666667,3.20436666666667e-08,1.2991e-09,1.30075113686984e-09,1.79078990086846e-13,-1.09362099760874e-13,-1.21890591605412e-13,-5.82955003330231e-07
277.615588,0.034418,3.33432833333333e-08,1.298875e-09,1.30088248186067e-09,7.11765838400899e-15,-1.42410059118303e-13,-1.17053341034107e-13,-5.5982032668486e-07
287.714354433334,0.0356700166666667,3.46414166666667e-08,1.30040833333335e-09,1.30076537218661e-09,-2.74645990472013e-13,-2.03455945634519e-13,-1.08860679661263e-13,-5.20638033162562e-07
297.8039794,0.0369209,3.59441e-08,1.30014166666665e-09,1.30033318987972e-09,-3.95236302068404e-13,-2.17065912472679e-13,-9.82084576583463e-14,-4.69692623583395e-07
307.9018048,0.0381728,3.72417e-08,1.30075e-09,1.29997489958247e-09,-2.32021015952959e-13,-1.64037369167996e-13,-8.56614072599984e-14,-4.09684991243471e-07
317.992505233334,0.0394238166666667,3.85456e-08,1.30435e-09,1.29986914784782e-09,-6.63836289222918e-14,-1.05598089544138e-13,-7.2437923591306e-14,-3.46442243262768e-07
328.0918094,0.0406759,3.98504e-08,1.30346666666665e-09,1.29984213232463e-09,3.84357516589083e-14,-5.98709621334576e-14,-5.96253504931043e-14,-2.85164719749629e-07
338.182509833334,0.0419269166666667,4.11525333333333e-08,1.30055e-09,1.29994601935114e-09,3.62886664096434e-14,-2.34853244793857e-14,-4.71773065767485e-14,-2.25630596671406e-07
348.282082866666,0.0431790333333333,4.24515e-08,1.2980416666667e-09,1.29991470965745e-09,-9.88560518545474e-14,5.70170224555782e-15,-3.42659741194769e-14,-1.63880745788803e-07
358.3812526,0.0444311,4.37486166666667e-08,1.29675e-09,1.29974830724743e-09,-1.62623728736864e-13,3.39706748146692e-14,-2.11831229882078e-14,-1.01310588204472e-07
368.4706087,0.04568195,4.5045e-08,1.29764166666665e-09,1.29958946219997e-09,-1.79568053636823e-13,5.03642301772728e-14,-9.95310026784473e-15,-4.76017838896922e-08
378.5688374,0.0469339,4.63439e-08,1.29885e-09,1.29938917114015e-09,-2.30683594192755e-13,5.25897058030367e-14,-2.35119777921133e-15,-1.12448589440542e-08
388.658865666667,0.0481848333333333,4.76427e-08,1.30108333333335e-09,1.29912809501159e-09,-2.17307677788385e-13,4.17387892328037e-14,3.26234283251413e-16,1.56025091989806e-09
398.7564222,0.0494367,4.89460666666667e-08,1.30330000000001e-09,1.29895455578458e-09,-1.07075754830238e-13,1.50013100665788e-14,-2.71764725760328e-15,-1.29974434059287e-08
408.848063666666,0.0506878333333333,5.02493e-08,1.30126666666665e-09,1.29891394350193e-09,-6.97905577325003e-14,-1.54157118122541e-14,-1.34822280855059e-14,-6.44802212785065e-08
418.947905566667,0.0519399833333333,5.15486e-08,1.2982e-09,1.29881497466911e-09,-1.1134831291006e-13,-4.86252291007134e-14,-3.49760608305751e-14,-1.67276812667968e-07
429.038874866667,0.0531910333333333,5.28457e-08,1.29505e-09,1.29869124687611e-09,-1.0325913384199e-13,-8.55126117350787e-14,-6.51571127625016e-14,-3.11620974081529e-07
439.1380446,0.0544431,5.41387e-08,1.2936e-09,1.29860845640143e-09,-1.11012235082096e-13,-1.13149434810764e-13,-9.9167054364834e-14,-4.74277216527467e-07
449.236138866666,0.0556950333333333,5.54329e-08,1.2937e-09,1.29846922240594e-09,6.37183458289279e-13,-1.29633412568514e-13,-1.35401750683262e-13,-6.47573590224297e-07
459.326167133334,0.0569459666666667,5.67261e-08,1.29745e-09,1.29988282331801e-09,1.74379213949693e-12,-1.51795367683312e-13,-1.74015259083716e-13,-8.32246891269946e-07
469.4230515,0.05819775,5.80278e-08,1.30214166666665e-09,1.30195680668494e-09,1.0127526482292e-12,-1.98701815779205e-13,-2.1480469980941e-13,-1.02732682517544e-06
479.514289666667,0.0594488333333333,5.93303833333333e-08,1.30135e-09,1.30190832861447e-09,-4.95938564104471e-13,-2.61303770373814e-13,-2.56888104787853e-13,-1.22859528376799e-06
489.612383933334,0.0607007666666667,6.06305e-08,1.29958333333334e-09,1.30096492955673e-09,-8.9683014715358e-13,-3.15627166228915e-13,-2.98801059967941e-13,-1.42904854767276e-06
499.704966433334,0.0619520166666667,6.192955e-08,1.29925e-09,1.30011466832016e-09,-9.27100651582392e-13,-3.59175616841497e-13,-3.39629332725954e-13,-1.62431419999369e-06
509.803329566666,0.0632039833333333,6.3229e-08,1.295875e-09,1.29911072825356e-09,-8.79472449357396e-13,-3.93837346702773e-13,-3.80754594241184e-13,-1.8210002333274e-06
519.902364866667,0.0644560333333333,6.45213e-08,1.29335e-09,1.29835572342144e-09,-7.81068842630995e-13,-4.22003648363322e-13,-4.24342560861501e-13,-2.02946442151153e-06
529.992662,0.065707,6.58157e-08,1.29715e-09,1.2975485905683e-09,-9.29544742425114e-13,-4.49058369786453e-13,-4.67604880618994e-13,-2.2363711681778e-06
540.091294,0.066959,6.71156e-08,1.30035e-09,1.29649663393659e-09,-9.07510268260693e-13,-4.73979923605025e-13,-5.05149954239655e-13,-2.41593456375487e-06
550.180381233334,0.0682098166666667,6.84164e-08,1.30160833333335e-09,1.29573357003178e-09,-7.45752923812577e-13,-5.01579074274142e-13,-5.35527086764821e-13,-2.56121650191871e-06
560.279013233334,0.0694618166666667,6.97188166666667e-08,1.29915833333335e-09,1.29500512808897e-09,-6.91942626105798e-13,-5.38105128042222e-13,-5.58811690771423e-13,-2.6725776515155e-06
570.369982533334,0.0707128666666667,7.10147166666667e-08,1.2992833333333e-09,1.29434968477957e-09,-5.72881794226338e-13,-5.76420317300768e-13,-5.7416394423065e-13,-2.74600147240746e-06
580.469421133334,0.0719649666666667,7.23173833333333e-08,1.29851666666665e-09,1.29385936450052e-09,-4.88580526547348e-13,-6.0202488638011e-13,-5.80600329015616e-13,-2.7767841822486e-06
590.568859733334,0.0732170666666667,7.361175e-08,1.29240833333335e-09,1.29337252372647e-09,-4.92020204306134e-13,-6.14365134651092e-13,-5.77333826107795e-13,-2.76116177703728e-06
600.659156866666,0.0744680333333333,7.49022e-08,1.29557499999999e-09,1.2928753240919e-09,-4.84478602762061e-13,-6.20265809529774e-13,-5.65614925937991e-13,-2.7051148631817e-06
610.757788866666,0.0757200333333333,7.62029e-08,1.2962e-09,1.29240356652095e-09,-4.84732572271413e-13,-6.21245132972987e-13,-5.47141260583202e-13,-2.61676255061531e-06
620.8476827,0.07697095,7.74946e-08,1.29815e-09,1.29190585894736e-09,-6.09163759839503e-13,-6.19286501132415e-13,-5.22154237897642e-13,-2.4972593986409e-06
630.9459114,0.0782229,7.87992e-08,1.3017e-09,1.29118523900127e-09,-6.51887736228281e-13,-5.74698837964546e-13,-4.91211246642118e-13,-2.34927117959274e-06
641.0364774,0.0794739,8.0098e-08,1.29895e-09,1.2906020834749e-09,-3.85082146071646e-13,-4.57426456863771e-13,-4.54992180386549e-13,-2.17604955837045e-06
651.1355127,0.08072595,8.13971e-08,1.30029999999999e-09,1.29041507470913e-09,-1.50684235961181e-13,-3.48614576031575e-13,-4.14075500938793e-13,-1.9803610914464e-06
661.2256754,0.0819769,8.26986e-08,1.29918333333335e-09,1.29030071500298e-09,-1.52128021017762e-13,-3.0066014310103e-13,-3.6906638010599e-13,-1.76510007876778e-06
671.324576266666,0.0832289333333333,8.39954666666667e-08,1.296825e-09,1.29011081866709e-09,-1.65593029665327e-13,-2.66611990730106e-13,-3.21975001307572e-13,-1.53988044103621e-06
681.423477133334,0.0844809666666667,8.529225e-08,1.296375e-09,1.28996952894365e-09,-1.56775917919258e-13,-2.27485877938283e-13,-2.75041996204088e-13,-1.3154182427152e-06
691.514446433334,0.0857320166666667,8.65882166666667e-08,1.29509166666665e-09,1.28979726683125e-09,-1.84502291481459e-13,-1.84999265360773e-13,-2.2639582940795e-13,-1.08276266238585e-06
701.6121374,0.0869839,8.78824333333333e-08,1.29869166666665e-09,1.28960052436069e-09,-2.49774815583913e-13,-1.35790157855241e-13,-1.73798277933042e-13,-8.3120915533194e-07
711.702837833334,0.0882349166666667,8.91856e-08,1.24130833333335e-09,1.28929771720009e-09,-3.11142570236262e-13,-9.47505767944164e-14,-1.17999491262291e-13,-5.64345392993566e-07
721.802276433334,0.0894870166666667,9.036505e-08,1.20570000000001e-09,1.28897823922022e-09,-2.19039408216264e-13,-5.80306598959027e-14,-6.00293154439173e-14,-2.87096726036126e-07
731.8923047,0.09073795,9.1597e-08,1.26764166666665e-09,1.28885963838365e-09,2.18260889256101e-14,-2.06296497822407e-14,-1.57791201552567e-15,-7.54653572642712e-09
741.99134,0.09199,9.29003333333333e-08,1.29666666666665e-09,1.28902189139807e-09,2.140952607482e-13,1.21141333870032e-14,5.50493387339322e-14,2.63279446118806e-07
752.089703133334,0.0932419666666667,9.41903333333333e-08,1.29408333333335e-09,1.28928782890515e-09,2.04119383607144e-13,4.87415195481815e-14,1.08685771186802e-13,5.19801514371662e-07
762.180403566666,0.0944929833333333,9.54885e-08,1.29983333333335e-09,1.28943013016528e-09,1.09415936184708e-13,9.30105074801257e-14,1.60724167007366e-13,7.68680798730881e-07
772.27917,0.095745,9.679e-08,1.29125e-09,1.28950666077752e-09,7.14391416908074e-14,1.44319971430001e-13,2.14841424086082e-13,1.02750246302039e-06
782.369601566667,0.0969959833333333,9.8071e-08,1.293e-09,1.28957300844866e-09,1.10701827899921e-13,1.98718765498171e-13,2.708051364281e-13,1.2951550003083e-06
792.468233566667,0.0982479833333333,9.9376e-08,1.3025e-09,1.28972806443332e-09,1.94023835946482e-13,2.85328129834621e-13,3.24125061592804e-13,1.55016333805254e-06
802.558934,0.099499,1.00676e-07,1.2960833333335e-09,1.28996105612056e-09,2.32283007540231e-13,4.14234067349578e-13,3.72385172354419e-13,1.78097256343418e-06
812.657297133336,0.100750966666667,1.01968166666667e-07,1.296e-09,1.2901926304484e-09,2.05200665172598e-13,5.05375783272929e-13,4.15054057789447e-13,1.98504114594953e-06
822.756198,0.102003,1.03268e-07,1.29550000000001e-09,1.2903714574509e-09,3.07569065362115e-13,5.33802287685248e-13,4.51638911528257e-13,2.16001218556992e-06
832.846764,0.103254,1.04559166666667e-07,1.29524999999999e-09,1.29080776857912e-09,5.9315669663831e-13,5.47795299394997e-13,4.81768104448926e-13,2.3041083256253e-06
842.945261566664,0.104505983333333,1.058585e-07,1.2964166666665e-09,1.29155777084418e-09,6.60997512208693e-13,5.51486809271352e-13,5.04761504011631e-13,2.4140767583165e-06
853.0355587,0.10575695,1.07152e-07,1.29575000000001e-09,1.29212976360354e-09,5.70228374370294e-13,5.49016789348641e-13,5.19857475094853e-13,2.48627488088843e-06
863.134594,0.107009,1.0845e-07,1.2935e-09,1.29269822759292e-09,5.61036490073442e-13,5.50702702228207e-13,5.25952940220567e-13,2.51542710540271e-06
873.22516,0.10826,1.09739e-07,1.29366666666649e-09,1.29325183658369e-09,5.14202095937664e-13,5.34668800863362e-13,5.22197199215239e-13,2.49746486581201e-06
883.323657566664,0.109511983333333,1.11037333333333e-07,1.30366666666649e-09,1.29372663178479e-09,5.32997349885704e-13,5.01271923287328e-13,5.08395464166731e-13,2.43145656775393e-06
893.414358,0.110763,1.12346333333333e-07,1.30283333333351e-09,1.29431783128346e-09,6.0426982113292e-13,4.64262466193389e-13,4.84103406854285e-13,2.31527716321615e-06
903.51299,0.112015,1.13643e-07,1.29358333333351e-09,1.29493517142706e-09,7.28951958138893e-13,4.22591381400331e-13,4.49815319463145e-13,2.151290658302e-06
913.611622,0.113267,1.149335e-07,1.295e-09,1.29577573519974e-09,9.20939885388835e-13,3.84530688915266e-13,4.06800346202726e-13,1.94556687314347e-06
923.702188,0.114518,1.16233e-07,1.29766666666649e-09,1.29677705119784e-09,1.02030066743524e-12,3.52917332704447e-13,3.58646674293873e-13,1.71526670314461e-06
933.80082,0.11577,1.17528833333333e-07,1.2945833333335e-09,1.29781633653461e-09,1.01421313808586e-12,3.16476217022709e-13,3.11037326439167e-13,1.48756982210036e-06
943.891117133336,0.117020966666667,1.18822166666667e-07,1.2930833333335e-09,1.29880547747401e-09,9.04982842198088e-13,2.74962158933823e-13,2.64912136770838e-13,1.26697108890401e-06
953.990018,0.118273,1.20115e-07,1.2924166666665e-09,1.299626302219e-09,8.53170419107714e-13,2.3339370897485e-13,2.18175504449807e-13,1.04344806475995e-06
964.080584,0.119524,1.21407e-07,1.29625000000001e-09,1.30051181831222e-09,-3.46954819682366e-14,1.82713987958589e-13,1.70600161913947e-13,8.15913817849312e-07
974.179081566664,0.120775983333333,1.227075e-07,1.30200000000001e-09,1.29955691125507e-09,-1.66288911790579e-12,1.25429387727119e-13,1.22417339863001e-13,5.85474234127396e-07
984.277848,0.122028,1.24011e-07,1.30275e-09,1.29718604007641e-09,-1.58325301818716e-12,7.4313535682416e-14,7.47602439658988e-14,3.57548992880386e-07
994.368414,0.123279,1.25313e-07,1.295e-09,1.29639040521869e-09,-3.88466518684499e-13,2.31113378551706e-14,2.95075984960175e-14,1.41123297154866e-07
1004.46677713334,0.124530966666667,1.26601e-07,1.2909166666665e-09,1.29640910703904e-09,-5.49361253986376e-14,-2.78586247968091e-14,-1.25401031913737e-14,-5.99744065674394e-08
1014.557612,0.125782,1.27894833333333e-07,1.29591666666649e-09,1.2962805329679e-09,3.95280753774727e-14,-6.23815384611732e-14,-5.10118369824638e-14,-2.43969655133523e-07
1024.656244,0.127034,1.29192833333333e-07,1.2960833333335e-09,1.2964881631898e-09,3.34945298913442e-14,-8.55387698370012e-14,-8.32758321206708e-14,-3.98275718837991e-07
1034.74681,0.128285,1.30487e-07,1.2945e-09,1.29634752202768e-09,-2.31461452504649e-13,-1.070455585827e-13,-1.05167188161215e-13,-5.02973508597115e-07
1044.845442,0.129537,1.31781833333333e-07,1.296e-09,1.29602524028479e-09,-3.83634585928599e-14,-1.25485665116325e-13,-1.17130916164517e-13,-5.60191338178125e-07
1054.936008,0.130788,1.33079e-07,1.2983333333335e-09,1.29627079511049e-09,1.47159807325036e-13,-1.47057165521583e-13,-1.23139678875595e-13,-5.88928898970237e-07
1065.03450556666,0.132039983333333,1.343785e-07,1.30250000000001e-09,1.29631955989944e-09,-7.54075211199144e-16,-1.69058707146171e-13,-1.24755765357867e-13,-5.96658008233277e-07
1075.133272,0.133292,1.35684e-07,1.30525e-09,1.29626928696007e-09,8.72896328245259e-15,-1.81079019195254e-13,-1.22109319551799e-13,-5.84001093508604e-07
1085.223838,0.134543,1.36989e-07,1.29949999999999e-09,1.296337017826e-09,2.24637024660718e-14,-1.73653337146942e-13,-1.15125014889156e-13,-5.50597897295964e-07
1095.32247,0.135795,1.38283e-07,1.28933333333349e-09,1.296314214365e-09,-2.06705323601582e-14,-1.47250435648099e-13,-1.03932747182362e-13,-4.97069660437383e-07
1105.413036,0.137046,1.39567666666667e-07,1.28883333333351e-09,1.29629567676128e-09,2.49864096580831e-14,-1.10745651657789e-13,-9.02782162251603e-14,-4.31765381946419e-07
1115.51139913334,0.138297966666667,1.40860666666667e-07,1.29166666666651e-09,1.29636418718432e-09,-2.03326613695459e-14,-6.35668976949815e-14,-7.57260045315162e-14,-3.62167847759425e-07
1125.602234,0.139549,1.42151e-07,1.2931666666665e-09,1.29625501143854e-09,-1.69471562217055e-13,-1.08144818482791e-14,-6.13575171823175e-14,-2.93448995219779e-07
1135.700866,0.140801,1.43447e-07,1.29916666666649e-09,1.29602524405989e-09,-2.88785325527698e-14,4.81094452258851e-14,-4.84635918345609e-14,-2.31782395730509e-07
1145.79936356666,0.142052983333333,1.44749333333333e-07,1.30150000000001e-09,1.29619725437344e-09,1.65011287535174e-13,7.83279859158584e-14,-3.73400789267277e-14,-1.78582986171306e-07
1155.890064,0.143304,1.4605e-07,1.30083333333351e-09,1.29635526663496e-09,4.67092497446414e-14,2.82897091365844e-14,-2.81002748697183e-14,-1.34392618942131e-07
1165.988696,0.144556,1.47351e-07,1.29699999999999e-09,1.29629067287293e-09,-1.28485356377792e-14,-3.69777887644872e-14,-2.10352098852862e-14,-1.00603177712238e-07
1176.07912756666,0.145806983333333,1.48644e-07,1.292e-09,1.29632956956368e-09,6.67682167175737e-14,-4.57445602004404e-14,-1.59834505254148e-14,-7.64425894693751e-08
1186.17775956666,0.147058983333333,1.49935e-07,1.28883333333349e-09,1.29642420930636e-09,1.77457775555151e-14,-3.3961703982705e-14,-1.35442156675398e-14,-6.47766836273643e-08
1196.26846,0.14831,1.51221666666667e-07,1.29016666666651e-09,1.29636506111879e-09,-9.4797352898197e-14,-2.54277827884629e-14,-1.49118598881333e-14,-7.13175907693332e-08
1206.36695756666,0.149561983333333,1.52515333333333e-07,1.29516666666653e-09,1.29623461460057e-09,-1.56912765105467e-13,-2.29373114444726e-14,-2.00727797521366e-14,-9.60002509884794e-08
1216.46545513334,0.150813966666667,1.53812e-07,1.29816666666699e-09,1.29605123558858e-09,-1.85522322139145e-13,-4.05784082943223e-14,-2.7710525507346e-14,-1.32528600252524e-07
1226.55629,0.152065,1.55111666666667e-07,1.29991666666648e-09,1.29586356995629e-09,-9.54211873452852e-14,-5.73097272052742e-14,-3.6787017859884e-14,-1.75937911503793e-07
1236.654922,0.153317,1.56411833333333e-07,1.2996666666665e-09,1.29586039321389e-09,3.50678007039664e-14,-6.21679133854434e-14,-4.70168988752089e-14,-2.24863429403173e-07
1246.745488,0.154568,1.57711e-07,1.29725000000001e-09,1.2959337055577e-09,1.34487757423427e-14,-6.72960904732715e-14,-5.69202327210505e-14,-2.72227199970242e-07
1256.84412,0.15582,1.59006333333333e-07,1.296e-09,1.29588729076537e-09,-1.64763075037553e-13,-6.99315909203516e-14,-6.39205858119861e-14,-3.05707149535586e-07
1266.934686,0.157071,1.60303e-07,1.298416666667e-09,1.29560417940762e-09,-2.41529630727635e-13,-6.67644933029556e-14,-6.59326998693403e-14,-3.15330303722932e-07
1277.033318,0.158323,1.61603166666667e-07,1.29274999999999e-09,1.29540423150392e-09,-1.41969051781511e-13,-5.96175957882384e-14,-6.39154056190177e-14,-3.0568237469965e-07
1287.123884,0.159574,1.628885e-07,1.29541666666649e-09,1.29532024130406e-09,-1.10297892745711e-13,-5.2986724998276e-14,-6.28670708486121e-14,-3.00668599710754e-07
1297.22238156666,0.160825983333333,1.64194e-07,1.30308333333352e-09,1.29518363571843e-09,-4.85760341851205e-14,-5.45625352266254e-14,-6.48751013542139e-14,-3.10272223867979e-07
1307.321148,0.162078,1.65494666666667e-07,1.294e-09,1.29522308923569e-09,7.57784245819796e-14,-6.12526936245063e-14,-6.74028117949565e-14,-3.22361273801966e-07
1317.411714,0.163329,1.66782e-07,1.29441666666649e-09,1.29533519256759e-09,6.66946023695665e-14,-6.15101354888967e-14,-6.88708326261662e-14,-3.29382242994708e-07
1327.51021156666,0.164580983333333,1.680835e-07,1.29758333333351e-09,1.29535647844043e-09,1.63519181255795e-13,-6.23816154939308e-14,-6.89098033007636e-14,-3.29568624481913e-07
1337.600912,0.165832,1.69377166666667e-07,1.29275e-09,1.2956622309301e-09,2.3767809010655e-13,-7.21878375646427e-14,-6.78607613878004e-14,-3.24551467506871e-07
1347.699544,0.167084,1.70669e-07,1.29491666666649e-09,1.29583183462064e-09,-1.22135646706961e-13,-8.00608339125834e-14,-6.65150454672926e-14,-3.18115434843573e-07
1357.79011,0.168335,1.71967e-07,1.2956666666665e-09,1.29541795963669e-09,-3.8703028380602e-13,-7.2178389956062e-14,-6.49901509902331e-14,-3.10822461257637e-07
1367.8883387,0.16958695,1.73260333333333e-07,1.29150000000001e-09,1.29505777405303e-09,-2.99123422952678e-13,-5.82136393041124e-14,-6.34464178228648e-14,-3.03439389587614e-07
1377.987374,0.170839,1.7455e-07,1.2943333333335e-09,1.29481971279078e-09,-2.02770730937831e-13,-5.86235689664525e-14,-6.24144309346228e-14,-2.98503800122109e-07
1388.07780556666,0.172089983333333,1.75849e-07,1.2980833333335e-09,1.29465223259115e-09,-3.66618345525356e-14,-6.47152326364507e-14,-6.19439731130127e-14,-2.96253784453539e-07
1398.1761687,0.17334195,1.77146166666667e-07,1.29500000000001e-09,1.29474638912168e-09,1.35188981249671e-13,-6.35199688065395e-14,-6.0990090120973e-14,-2.91691735361175e-07
1408.267138,0.174593,1.78439e-07,1.29591666666649e-09,1.29492261055365e-09,1.18843763929555e-13,-5.88674662033841e-14,-5.81529702839305e-14,-2.78122901357928e-07
1418.36577,0.175845,1.79738e-07,1.29449999999999e-09,1.29498407664954e-09,4.27671068460232e-14,-5.32504205483935e-14,-5.28962573736574e-14,-2.52982100482709e-07
1428.4559327,0.17709595,1.81028e-07,1.29150000000001e-09,1.29500814476734e-09,2.6656889161961e-14,-4.39323956368482e-14,-4.6069820819107e-14,-2.20333925656599e-07
1438.554968,0.178348,1.82321e-07,1.29150000000001e-09,1.29503739042786e-09,-7.56274207817148e-14,-3.60163197441903e-14,-3.83456177630937e-14,-1.83392084953926e-07
1448.645534,0.179599,1.83611e-07,1.293e-09,1.29485688992578e-09,-2.31942777104809e-13,-3.06956019487763e-14,-2.96615694327895e-14,-1.4185967989595e-07
1458.74403156666,0.180850983333333,1.84907e-07,1.29299999999998e-09,1.29457350487365e-09,-2.10848490341827e-13,-2.03750681780361e-14,-2.04260778732416e-14,-9.76899376546337e-08
1468.842798,0.182103,1.86197e-07,1.293e-09,1.2944351929451e-09,-7.6805250402356e-14,-1.77177850753262e-14,-1.11029064363765e-14,-5.31008568696267e-08
1478.93282626666,0.183353933333333,1.87493e-07,1.29650000000001e-09,1.29441989437285e-09,-1.33944143690817e-13,-1.96045649401708e-14,-1.76048545591729e-15,-8.41971305003921e-09
1489.031996,0.184606,1.8879e-07,1.2968333333335e-09,1.29416730465772e-09,-1.85894168994081e-13,-1.11613487164061e-14,8.166731196429e-15,3.90582796350952e-08
1499.122562,0.185857,1.90086666666667e-07,1.29649999999999e-09,1.29404810603486e-09,5.55863854914162e-14,7.48654641048134e-15,1.89468669933772e-14,9.0615450837891e-08
1509.22092513334,0.187108966666667,1.91383e-07,1.29333333333301e-09,1.2942784774287e-09,2.52259394322237e-13,3.46008292116358e-14,2.9111960496127e-14,1.3923111541626e-07
1519.31176,0.18836,1.92673333333333e-07,1.2966666666665e-09,1.2945526248235e-09,2.5602033266579e-13,5.69730862598943e-14,3.74559087671624e-14,1.79136954973385e-07
1529.410392,0.189612,1.93976333333333e-07,1.29883333333349e-09,1.29479051809403e-09,4.85864157037144e-14,6.43863807897739e-14,4.45309349530568e-14,2.12974036732011e-07
1539.509024,0.190864,1.95271e-07,1.29541666666702e-09,1.29464979765491e-09,-1.11168995902467e-13,6.23501996546666e-14,5.14207613802073e-14,2.45925380514035e-07
1549.59959,0.192115,1.96567166666667e-07,1.2955e-09,1.29456818010222e-09,1.29658467160927e-13,6.31476779276171e-14,5.80954665569402e-14,2.77847883533192e-07
1559.698222,0.193367,1.97862e-07,1.29041666666649e-09,1.29490911458923e-09,2.41366357867094e-13,6.50114051334297e-14,6.37696025043475e-14,3.04985055455575e-07
1569.788788,0.194618,1.99148e-07,1.28950000000001e-09,1.29505091281796e-09,5.66953196325758e-14,6.78409991917606e-14,6.78315649679249e-14,3.24411832455293e-07
1579.88728556666,0.195869983333333,2.00441e-07,1.29733333333349e-09,1.2950225052285e-09,5.81251368458858e-14,7.42649878880039e-14,6.96770352489532e-14,3.33237994668907e-07
1589.977986,0.197121,2.01742666666667e-07,1.292e-09,1.29516716309165e-09,2.08008675175401e-13,7.41681876434362e-14,7.00377350051667e-14,3.34963080459493e-07
1600.07648356666,0.198372983333333,2.03025e-07,1.29166666666651e-09,1.29543852257885e-09,1.71193949278954e-13,6.76818548246941e-14,6.88773140503368e-14,3.29413241110306e-07
1610.17511556666,0.199624983333333,2.04326e-07,1.30150000000001e-09,1.29550955099021e-09,4.12032737573208e-14,6.02331195868327e-14,6.49446991239213e-14,3.1060508276658e-07
1620.265816,0.200876,2.05628e-07,1.299e-09,1.29552092912636e-09,-2.75732934714935e-14,5.1368065985239e-14,5.89119989652389e-14,2.81753038529403e-07
1630.364448,0.202128,2.06924e-07,1.29725e-09,1.29545440440327e-09,-1.18783362400826e-13,4.92410217330204e-14,5.26216683888339e-14,2.51668848816162e-07
1640.455014,0.203379,2.082225e-07,1.29599999999999e-09,1.29528336240156e-09,4.35834711258759e-14,5.77784818303456e-14,4.71602543098548e-14,2.25549042351479e-07
1650.553646,0.204631,2.09516e-07,1.29308333333349e-09,1.29554157134552e-09,2.23205319865401e-13,6.22744052486101e-14,4.22256265874035e-14,2.01948648896278e-07
1660.6438087,0.20588195,2.10808666666667e-07,1.29316666666651e-09,1.29572977304129e-09,1.59772399527538e-13,4.76083835390135e-14,3.74320506325205e-14,1.79022850851185e-07
1670.742844,0.207134,2.12102333333333e-07,1.29758333333301e-09,1.29586111614457e-09,-5.93435487377499e-14,2.58395658107436e-14,3.29022798295318e-14,1.573587296195e-07
1680.83327556666,0.208384983333333,2.13403833333333e-07,1.29608333333351e-09,1.29561108594382e-09,-1.63798538281694e-13,1.45600448298113e-14,2.87022884412884e-14,1.37271814284423e-07
1690.932042,0.209637,2.146945e-07,1.290416666667e-09,1.29553351906801e-09,6.15906740025292e-14,1.04149265151992e-14,2.49559168947485e-14,1.19354385148797e-07
1701.03874,0.21089,2.15984666666667e-07,1.29274999999999e-09,1.29573426729182e-09,8.74330864420359e-14,1.47811170534589e-14,2.19542312419672e-14,1.04998497244191e-07
1711.12124,0.21214,2.1728e-07,1.296333333333e-09,1.29570838524089e-09,-2.36471947249939e-14,1.463887759798e-14,2.02265687845668e-14,9.6735763752276e-08
1721.20374,0.21339,2.18577333333333e-07,1.2960833333335e-09,1.29568697290237e-09,-1.27877566123768e-13,7.43557408268358e-15,1.94732653461084e-14,9.31330081770402e-08
1731.28624,0.21464,2.19872166666667e-07,1.29524999999999e-09,1.29545263010865e-09,-1.8183311060595e-13,1.57929906401774e-14,1.93040805140138e-14,9.23238633278921e-08
1741.36874,0.21589,2.21167833333333e-07,1.30691666666651e-09,1.29532330668116e-09,-1.26548732698312e-13,2.76343195545815e-14,2.00576166508092e-14,9.59277318082179e-08
1751.5319,0.21715,2.22486e-07,1.30508333333349e-09,1.29519953264325e-09,-5.94539702644136e-14,2.55241718669115e-14,2.13026770183368e-14,1.01882368348567e-07
1761.6144,0.2184,2.23778e-07,1.29200000000001e-09,1.29520439874063e-09,1.12850800692936e-13,2.12964606627045e-14,2.28289374429651e-14,1.09181874727224e-07
1771.6969,0.21965,2.2507e-07,1.28850000000001e-09,1.29542523424463e-09,2.53890235329197e-13,2.79972193385829e-14,2.51957362165582e-14,1.2050134712267e-07
1781.7794,0.2209,2.26355e-07,1.2915e-09,1.29571217921129e-09,3.45884580241899e-13,3.57476788075369e-14,2.8966698130072e-14,1.38536382361214e-07
1791.8619,0.22215,2.27653e-07,1.29875e-09,1.29611700340512e-09,3.54494628046109e-13,3.54930224837019e-14,3.37482434312002e-14,1.61404642497044e-07
1801.9444,0.2234,2.289525e-07,1.29999999999999e-09,1.29642116846738e-09,3.19750541824578e-14,3.80522931769977e-14,3.86322431582422e-14,1.84762902061158e-07
1812.10756,0.22466,2.30253e-07,1.2945e-09,1.29618095351348e-09,-3.23971097869532e-13,4.23219012434145e-14,4.313335019184e-14,2.06289935700104e-07
1822.19006,0.22591,2.315415e-07,1.29250000000001e-09,1.29577322627164e-09,-2.41616457904019e-13,4.60080816370902e-14,4.71709268890149e-14,2.25600085121376e-07
1832.27256,0.22716,2.32838e-07,1.29858333333352e-09,1.29569772059768e-09,6.89709846226995e-14,4.83194067710118e-14,5.09861008670857e-14,2.43846569364323e-07
1842.35506,0.22841,2.34138666666667e-07,1.29649999999999e-09,1.29591116824089e-09,1.41281040722847e-13,5.2359087372861e-14,5.33815513458059e-14,2.55303071653854e-07
1852.43756,0.22966,2.35431e-07,1.28666666666648e-09,1.29598028267912e-09,1.30207743474433e-13,5.76446251660925e-14,5.38002521274611e-14,2.57305553653075e-07
1862.52006,0.23091,2.36712e-07,1.2945e-09,1.29617158372784e-09,2.24940919759192e-13,5.43697581288811e-14,5.41547457028196e-14,2.59000957709137e-07
1872.68322,0.23217,2.3802e-07,1.29749999999999e-09,1.29643016451864e-09,1.22776469075923e-13,5.27322749204067e-14,5.58713225859787e-14,2.67210673237289e-07
1882.76572,0.23342,2.39307e-07,1.296e-09,1.29641713666599e-09,6.05893300717362e-14,6.02210207316818e-14,5.8610927829875e-14,2.80313133099402e-07
1892.84822,0.23467,2.40612e-07,1.30275000000004e-09,1.29655134317878e-09,4.11608039438989e-14,7.44173542450385e-14,6.14838396587494e-14,2.94053146194019e-07
1902.93072,0.23592,2.419125e-07,1.29258333333352e-09,1.29649945827388e-09,-1.17506436536597e-13,8.16211040402389e-14,6.41253288638421e-14,3.06686355435767e-07
1913.01322,0.23717,2.43197166666667e-07,1.2915e-09,1.29631633030571e-09,-9.03540661561806e-14,7.32618187509333e-14,6.64220366124585e-14,3.17670609885671e-07
1923.09572,0.23842,2.444955e-07,1.29391666666649e-09,1.29631875014156e-09,6.48863318867698e-14,6.04757064053453e-14,6.84192452628071e-14,3.2722247734386e-07
1933.17822,0.23967,2.45785e-07,1.30641666666649e-09,1.29644610296948e-09,1.38730020309031e-13,5.48472930636849e-14,7.03111348623949e-14,3.36270644994063e-07
1943.34138,0.24093,2.47108333333333e-07,1.2985e-09,1.29659621018218e-09,8.1681729302136e-14,5.15814873805994e-14,7.21090309103851e-14,3.44869278267059e-07
1953.42388,0.24218,2.48382e-07,1.28783333333349e-09,1.29660946642809e-09,7.5738786086509e-14,5.08113663552037e-14,7.40657951654099e-14,3.54227716008482e-07
1963.50638,0.24343,2.49684e-07,1.29566666666649e-09,1.29674768775436e-09,1.77665405780825e-13,6.81485761449603e-14,7.63615282386482e-14,3.65207308967448e-07
1973.58888,0.24468,2.50973333333333e-07,1.29499999999999e-09,1.29696479723965e-09,5.73200978473514e-14,9.27103023966706e-14,7.94782638067089e-14,3.80113435597303e-07
1983.67138,0.24593,2.52274e-07,1.3023333333335e-09,1.29686232795005e-09,-1.2741039812236e-13,1.0660641741005e-13,8.30134948566599e-14,3.97021062357939e-07
1993.75388,0.24718,2.53578e-07,1.30350000000001e-09,1.2967099764434e-09,-3.92893006786313e-15,1.03938985542474e-13,8.52492463064746e-14,4.07713786683139e-07
2003.91704,0.24844,2.54881e-07,1.30550000000001e-09,1.29685447008991e-09,2.59519845676521e-13,8.88788329889031e-14,8.58242669245459e-14,4.10463885291306e-07
2013.99954,0.24969,2.56189e-07,1.30250000000001e-09,1.29722901613476e-09,2.61797171703752e-13,7.78662576642951e-14,8.57438604215772e-14,4.10079332451021e-07
2024.08204,0.25094,2.57486e-07,1.29200000000001e-09,1.29737806443332e-09,4.76077223338001e-14,8.08762178491214e-14,8.6823516710405e-14,4.15242906006285e-07
2034.16454,0.25219,2.58773e-07,1.2920833333335e-09,1.29732423157943e-09,1.0500709717809e-13,9.04809161029569e-14,8.9998052334999e-14,4.30425467689126e-07
2044.24704,0.25344,2.60070166666667e-07,1.28958333333349e-09,1.29758807862768e-09,3.05759096090843e-13,9.36104853804736e-14,9.37743434718678e-14,4.48485990517629e-07
2054.32954,0.25469,2.61352166666667e-07,1.28849999999999e-09,1.29793574977161e-09,1.75399405044839e-13,9.6095675831387e-14,9.63130205569067e-14,4.60627489619989e-07
2064.41204,0.25594,2.62647166666667e-07,1.30741666666649e-09,1.29793887743777e-09,-1.08318799215896e-13,1.01102691916104e-13,9.72983846597419e-14,4.65340100546592e-07
2074.5752,0.2572,2.63967e-07,1.30991666666651e-09,1.29771911217318e-09,-1.42545697523181e-13,1.02325814131047e-13,9.69314729935958e-14,4.63585305621545e-07
2084.6577,0.25845,2.65267e-07,1.29800000000002e-09,1.29765378604272e-09,7.57765370321291e-14,9.80104760697046e-14,9.55217512980457e-14,4.56843158381958e-07
2094.7402,0.2597,2.66563e-07,1.2955e-09,1.29787066524724e-09,1.88698120762462e-13,8.34634454451647e-14,9.41590511041129e-14,4.50325896584888e-07
2104.8227,0.26095,2.67858e-07,1.2944166666665e-09,1.29803118228425e-09,5.45831540123237e-14,7.25901123570167e-14,9.3468111284758e-14,4.47021401796669e-07
2114.9052,0.2622,2.69151833333333e-07,1.288e-09,1.29797983155526e-09,1.65543575914501e-13,8.07158256712636e-14,9.35444938860265e-14,4.47386709889692e-07
2124.9877,0.26345,2.70434e-07,1.29458333333349e-09,1.29836226943608e-09,3.24173065453203e-13,1.0003245329395e-13,9.44377103754053e-14,4.51658614838895e-07
2135.15086,0.26471,2.71741e-07,1.30249999999998e-09,1.29862817768617e-09,9.4303759235589e-14,1.19286468800497e-13,9.53615966322293e-14,4.56077201284575e-07
2145.23336,0.26596,2.73039e-07,1.29675000000001e-09,1.29855087695455e-09,6.09017191143455e-15,1.22305300656832e-13,9.54230983737581e-14,4.56371340048408e-07
2155.31586,0.26721,2.743345e-07,1.30250000000001e-09,1.29864035802999e-09,-6.0126880936579e-14,1.02368179732884e-13,9.4856006828063e-14,4.53659163090736e-07
2165.39836,0.26846,2.75644e-07,1.30508333333349e-09,1.29843062319267e-09,-1.38826285225052e-13,8.26087124714011e-14,9.48474169474485e-14,4.53618081053015e-07
2175.48086,0.26971,2.76944666666667e-07,1.29925e-09,1.29836270545954e-09,1.05954646007422e-13,7.95966122491072e-14,9.49753171321003e-14,4.54229777588306e-07
2185.56336,0.27096,2.782425e-07,1.29966666666652e-09,1.29864253248469e-09,3.12911013456733e-13,8.51748936819358e-14,9.41639280344878e-14,4.50349221034507e-07
2195.72652,0.27222,2.79544e-07,1.29775000000001e-09,1.29898852748646e-09,1.00413750402772e-13,8.89474661097418e-14,9.37623544378355e-14,4.48428651659213e-07
2205.80902,0.27347,2.80838e-07,1.29599999999999e-09,1.29884335998549e-09,-6.83971701869874e-14,8.88922506090576e-14,9.47470380299333e-14,4.53138007969246e-07
2215.89152,0.27472,2.82136e-07,1.29249999999997e-09,1.29885173314608e-09,2.00421678104792e-13,9.16857187715904e-14,9.63172858161164e-14,4.60647888685774e-07
2225.97402,0.27597,2.83423e-07,1.29199999999998e-09,1.2992442033417e-09,1.70734331465161e-13,1.01510044138937e-13,9.67274806754077e-14,4.62609690186732e-07
2236.05652,0.27722,2.8472e-07,1.30250000000001e-09,1.29919320180901e-09,6.42436219779867e-14,1.10085849342588e-13,9.5216815381738e-14,4.55384769217008e-07
2246.13902,0.27847,2.86028e-07,1.30433333333352e-09,1.29937269058566e-09,1.2883077759593e-13,1.03867002935792e-13,9.34152239274132e-14,4.46768462261541e-07
2256.22152,0.27972,2.87328666666667e-07,1.30850000000001e-09,1.2994508633642e-09,6.8673695893901e-14,9.08255713389037e-14,9.28989267553147e-14,4.44299214916722e-07
2266.38468,0.28098,2.88645e-07,1.30216666666648e-09,1.29951003797745e-09,3.06490520737441e-13,8.81373994393343e-14,9.37499059219618e-14,4.48369115278948e-07
2276.46718,0.28223,2.89933e-07,1.2975e-09,1.30006384440568e-09,4.19998187954766e-13,9.4442682071483e-14,9.46979034100936e-14,4.52903016309143e-07
2286.54968,0.28348,2.9124e-07,1.29975000000001e-09,1.30035003435336e-09,9.40140207029868e-14,9.03856537226373e-14,9.50746436522411e-14,4.5470481746724e-07
2296.63218,0.28473,2.925325e-07,1.29000000000001e-09,1.30025187244709e-09,-2.7831038075221e-13,8.80310863932251e-14,9.50860307704399e-14,4.54759277597756e-07
2306.71468,0.28598,2.9382e-07,1.29275e-09,1.29979341359185e-09,-4.14473336497066e-13,1.07321784519946e-13,9.5109841370133e-14,4.54873154378897e-07
2316.79718,0.28723,2.95118e-07,1.30649999999999e-09,1.29942292577409e-09,-8.50717645347621e-15,1.13100062969623e-13,9.60347907208101e-14,4.59296825186483e-07
2326.96034,0.28849,2.96433e-07,1.3106666666665e-09,1.29977639923895e-09,4.54699804446213e-13,9.81067623251435e-14,9.68542643901021e-14,4.63216047083097e-07
2337.04284,0.28974,2.97739333333333e-07,1.30450000000001e-09,1.30033232538298e-09,3.14168120074416e-13,8.45797323420085e-14,9.62137145903087e-14,4.60152548040607e-07
2347.12534,0.29099,2.99042e-07,1.30149999999998e-09,1.30040473547909e-09,2.07969980432832e-14,8.31870906746271e-14,9.52631188481447e-14,4.55606220578083e-07
2357.20784,0.29224,3.00342333333333e-07,1.3019166666665e-09,1.30037391937907e-09,7.70761134647847e-14,9.49807714376013e-14,9.61567414318196e-14,4.59880067717398e-07
2367.29034,0.29349,3.01645833333333e-07,1.29833333333349e-09,1.30055888770602e-09,1.75524926952108e-13,1.01390531245909e-13,9.99930508452873e-14,4.78227634477461e-07
2377.37284,0.29474,3.02939e-07,1.28900000000001e-09,1.30072496923297e-09,7.53339071499288e-14,9.86438163556019e-14,1.05173184757157e-13,5.03002187969012e-07
2387.45534,0.29599,3.04223833333333e-07,1.29416666666652e-09,1.30070955552032e-09,5.18981177368683e-14,1.02368251420016e-13,1.097406797984e-13,5.24846729470609e-07
2397.6185,0.29725,3.05527333333333e-07,1.30416666666699e-09,1.30082876546845e-09,1.18758824280171e-13,1.19840411048536e-13,1.13608457875492e-13,5.43344798534962e-07
2407.701,0.2985,3.06832166666667e-07,1.30683333333349e-09,1.30094707316888e-09,6.03741496612393e-14,1.26905451081783e-13,1.17808106792131e-13,5.63430075962366e-07
2417.7835,0.29975,3.08141e-07,1.30841666666649e-09,1.30094951376777e-09,1.02886437601915e-13,1.22694666719973e-13,1.2277885648495e-13,5.87203226667152e-07
2427.866,0.301,3.09449e-07,1.30250000000001e-09,1.30115284604409e-09,1.78556328200051e-13,1.22350956714877e-13,1.27968933659324e-13,6.12025334892419e-07
2437.9485,0.30225,3.10746e-07,1.29150000000002e-09,1.30130662642417e-09,1.34744463826409e-13,1.13315717156206e-13,1.33170739819888e-13,6.3690353826903e-07
2448.031,0.3035,3.12032e-07,1.30150000000001e-09,1.30142233497174e-09,4.40072255282869e-14,1.19352191760138e-13,1.37908981804298e-13,6.59564695585773e-07
2458.19416,0.30476,3.13349e-07,1.31249999999999e-09,1.30139464087523e-09,1.5665133977523e-13,1.51020937458313e-13,1.41691454424e-13,6.77654782027826e-07
2468.27666,0.30601,3.14657e-07,1.2965e-09,1.30173563765129e-09,2.61051590444132e-13,1.76587205410005e-13,1.45106266495591e-13,6.93986491935435e-07
2478.35916,0.30726,3.15942e-07,1.28849999999999e-09,1.30191674405612e-09,-3.95497821780052e-14,1.79249515193043e-13,1.49565864475359e-13,7.15315004012587e-07
2488.44166,0.30851,3.17234e-07,1.30125e-09,1.30165653808694e-09,5.09449062644991e-14,1.60674352855202e-13,1.54948333238009e-13,7.41057245920913e-07
2498.52416,0.30976,3.185445e-07,1.30100000000002e-09,1.30201863386865e-09,4.80518622544023e-13,1.45758991226048e-13,1.59139840315684e-13,7.61103584118489e-07
2508.60666,0.31101,3.19836e-07,1.30725000000001e-09,1.30261757533202e-09,4.43575543426698e-13,1.485711586304e-13,1.61243687801888e-13,7.71165463400334e-07
2518.76982,0.31227,3.21159e-07,1.31299999999998e-09,1.3029057849555e-09,5.84648953941034e-14,1.61296556875015e-13,1.62239297897239e-13,7.75927076899839e-07
2528.85232,0.31352,3.22462e-07,1.29499999999999e-09,1.30273450512281e-09,-8.17930945961769e-14,1.68425594043075e-13,1.63958324745265e-13,7.84148509651267e-07
2538.93482,0.31477,3.23749e-07,1.29200000000001e-09,1.30274219876631e-09,2.66796341177754e-13,1.54801636675203e-13,1.66640219407819e-13,7.96974962385221e-07
2549.01732,0.31602,3.25046e-07,1.30333333333352e-09,1.30326809780517e-09,3.43692193856195e-13,1.43725797967129e-13,1.6862102641344e-13,8.06448387194713e-07
2559.09982,0.31727,3.26355666666667e-07,1.31300000000001e-09,1.30342958315402e-09,7.58227819246758e-15,1.60398910585134e-13,1.69133064038959e-13,8.08897262795021e-07
2569.18232,0.31852,3.27672e-07,1.30891666666648e-09,1.30328326236155e-09,-1.1095570303024e-13,1.82276183517957e-13,1.67895026246515e-13,8.02976212483333e-07
2579.26482,0.31977,3.289735e-07,1.304e-09,1.30320767174796e-09,8.04472732509155e-14,1.94116648824308e-13,1.66169379702264e-13,7.94723120315176e-07
2589.42798,0.32103,3.3028e-07,1.30175000000001e-09,1.30344415690805e-09,2.48337070669338e-13,1.90765746153751e-13,1.65396367234578e-13,7.91026104165373e-07
2599.51048,0.32228,3.31577e-07,1.30783333333349e-09,1.3037043458893e-09,2.52327346025242e-13,1.64117557523663e-13,1.64878952217495e-13,7.88551510605411e-07
2609.59298,0.32353,3.32895666666667e-07,1.30975e-09,1.3039488116001e-09,4.49439209643008e-13,1.42611393385271e-13,1.64322550091893e-13,7.85890456961227e-07
2619.67548,0.32478,3.341965e-07,1.30116666666651e-09,1.30460322430858e-09,4.4035349989398e-13,1.49617459519176e-13,1.63663359036594e-13,7.82737804088058e-07
2629.75798,0.32603,3.35498e-07,1.29274999999998e-09,1.30482951859989e-09,5.41178735683141e-14,1.66006818894527e-13,1.63368506830022e-13,7.81327641360975e-07
2639.84048,0.32728,3.36782e-07,1.303e-09,1.30471146005572e-09,-1.44560654453831e-13,1.76108768506752e-13,1.63748854275398e-13,7.83146694360599e-07
2650.00364,0.32854,3.38104e-07,1.30658333333351e-09,1.30454039729098e-09,-1.21023881249711e-13,1.73201716562408e-13,1.64457475402574e-13,7.86535751925354e-07
2660.08614,0.32979,3.39395166666667e-07,1.30108333333351e-09,1.30446941229322e-09,5.34062681757068e-14,1.54934881824671e-13,1.65281628090596e-13,7.90477351737633e-07
2670.16864,0.33104,3.40706166666667e-07,1.31141666666652e-09,1.30464720982734e-09,2.817627050812e-13,1.47214249845825e-13,1.64150994633655e-13,7.85069974334872e-07
2680.25114,0.33229,3.42018e-07,1.3094166666665e-09,1.30503293770338e-09,4.11538200178999e-13,1.54109760753929e-13,1.60420744280672e-13,7.67229646559736e-07
2690.33364,0.33354,3.43325e-07,1.30666666666647e-09,1.30547028622769e-09,1.45650713116029e-13,1.55755262362234e-13,1.56647389731889e-13,7.49183168282947e-07
2700.41614,0.33479,3.44631333333333e-07,1.30916666666649e-09,1.30532423912961e-09,-3.68090632479296e-14,1.48767286738383e-13,1.54860559790862e-13,7.4063745986934e-07
2710.5793,0.33605,3.45943333333333e-07,1.31333333333351e-09,1.3053966681012e-09,4.98564520145254e-13,1.48983474195654e-13,1.55373096563475e-13,7.43088722694881e-07
2720.6618,0.3373,3.47258e-07,1.2988333333335e-09,1.3063213681699e-09,6.49554161290119e-13,1.70173650697326e-13,1.5652730297803e-13,7.48608840329709e-07
2730.7443,0.33855,3.48541e-07,1.2985e-09,1.30669577642378e-09,-7.01346576340415e-14,1.86523787710889e-13,1.5581210159027e-13,7.45188311953465e-07
2740.8268,0.3398,3.49855e-07,1.31149999999999e-09,1.30618109885464e-09,-3.48374255365605e-13,1.81554648389671e-13,1.53324090991015e-13,7.33289130826594e-07
2750.9093,0.34105,3.51164e-07,1.30050000000001e-09,1.30599902791305e-09,-1.87607118321204e-13,1.60040757099306e-13,1.51954812967247e-13,7.26740409843355e-07
2760.9918,0.3423,3.52456e-07,1.29333333333351e-09,1.30580588461799e-09,2.67163469216587e-14,1.40091399581017e-13,1.52781397359332e-13,7.30693639544631e-07
2771.0743,0.34355,3.53750666666667e-07,1.30849999999999e-09,1.30605246060689e-09,6.4639063172594e-13,1.33917504431808e-13,1.53995816614434e-13,7.3650173163425e-07
2781.23746,0.34481,3.55073e-07,1.32066666666649e-09,1.30709866588145e-09,7.52124434673417e-13,1.28052875687189e-13,1.54320192866821e-13,7.38053096319579e-07
2791.31996,0.34606,3.56392e-07,1.31200000000001e-09,1.30755670947624e-09,1.1752814333289e-13,1.35749671564965e-13,1.54547612791898e-13,7.39140756830816e-07
2801.40246,0.34731,3.57697e-07,1.29600000000001e-09,1.30733372216811e-09,-2.87988780411984e-13,1.58267860545838e-13,1.56412215250488e-13,7.48058420763204e-07
2811.48496,0.34856,3.58984e-07,1.29558333333352e-09,1.30698073191541e-09,-1.58123626806098e-13,1.75031201842177e-13,1.60942824895526e-13,7.69726553848168e-07
2821.56746,0.34981,3.60288166666667e-07,1.306e-09,1.3070174749145e-09,2.28447039190471e-13,1.73996429965877e-13,1.66792691522355e-13,7.97704176846046e-07
2831.64996,0.35106,3.61596e-07,1.31833333333298e-09,1.30743762599379e-09,3.02549321614989e-13,1.62191851713406e-13,1.7072652400887e-13,8.16518158303291e-07
2841.81312,0.35232,3.62924833333333e-07,1.3155e-09,1.30762257355773e-09,1.16900533800163e-13,1.62877309443599e-13,1.72929440498238e-13,8.27053845861138e-07
2851.89562,0.35357,3.64227e-07,1.31116666666699e-09,1.30767142706139e-09,2.40124351628777e-13,1.7990330247372e-13,1.76613089566629e-13,8.44671297927356e-07
2861.97812,0.35482,3.65547166666667e-07,1.30983333333349e-09,1.30810282226099e-09,4.65953362476938e-13,1.97257973965776e-13,1.8288219524293e-13,8.74653977248796e-07
2872.06062,0.35607,3.66846666666667e-07,1.29566666666651e-09,1.30860333378635e-09,3.81681918043647e-13,1.93855696480359e-13,1.91556033887066e-13,9.16137553372924e-07
2882.14312,0.35732,3.681385e-07,1.30516666666651e-09,1.30886618609707e-09,3.44373598471874e-14,1.82472506476467e-13,2.00856590882152e-13,9.60618478132031e-07
2892.22562,0.35857,3.69457e-07,1.30574999999999e-09,1.30867220850604e-09,-1.97213791174549e-13,2.0050044687206e-13,2.09307533237699e-13,1.00103602852813e-06
2902.30812,0.35982,3.7075e-07,1.311e-09,1.30847175851473e-09,-4.66214787784428e-14,2.38164493331349e-13,2.1736819881815e-13,1.03958703782593e-06
2912.47128,0.36108,3.72079e-07,1.3185e-09,1.30857896554849e-09,8.14656051151629e-14,2.51262433488446e-13,2.24114309488203e-13,1.07185104537836e-06
2922.55378,0.36233,3.73387e-07,1.31516666666652e-09,1.30863468972496e-09,3.00077578203075e-13,2.38284913957355e-13,2.28885003589996e-13,1.09466740847389e-06
2932.63628,0.36358,3.74709333333333e-07,1.31183333333349e-09,1.30917912070489e-09,4.68167455657592e-13,2.12274820720608e-13,2.32274801765927e-13,1.11087948670661e-06
2942.71878,0.36483,3.76010666666667e-07,1.30483333333349e-09,1.30957102463627e-09,3.87317191019016e-13,1.94225025519568e-13,2.35889975634641e-13,1.12816944868741e-06
2952.80128,0.36608,3.77319e-07,1.31266666666651e-09,1.30995375508693e-09,4.77767522094836e-13,2.1982717827295e-13,2.40619031150619e-13,1.15078667072035e-06
2962.88378,0.36733,3.78636e-07,1.3150833333335e-09,1.31052655968046e-09,4.94846995406074e-13,2.58794392210598e-13,2.45081556209585e-13,1.17212918187193e-06
2973.04694,0.36859,3.79949166666667e-07,1.2975e-09,1.31094344907774e-09,2.73525447922776e-13,2.78424461766115e-13,2.48580155453318e-13,1.18886161303761e-06
2983.12944,0.36984,3.81231e-07,1.29841666666648e-09,1.31107361057631e-09,3.19750541714977e-14,2.84115957687122e-13,2.51035975353417e-13,1.20060683864678e-06
2993.21194,0.37109,3.82546e-07,1.3185e-09,1.31100739918609e-09,1.57409190090473e-13,2.68684294714421e-13,2.51824589692601e-13,1.20437847244287e-06
3003.29444,0.37234,3.83868e-07,1.32033333333352e-09,1.31138842895649e-09,3.5909646878014e-13,2.51378768690581e-13,2.50127199703814e-13,1.19626052032259e-06
3013.37694,0.37359,3.85186666666667e-07,1.32225e-09,1.31172559212365e-09,1.99712904028585e-13,2.43818735597315e-13,2.46513658735064e-13,1.17897836786335e-06
3023.45944,0.37484,3.865125e-07,1.31533333333301e-09,1.31178785476454e-09,1.04617318594301e-14,2.29753185272482e-13,2.44098524341198e-13,1.16742772511008e-06
3033.6226,0.3761,3.87817333333333e-07,1.29408333333351e-09,1.31174651558736e-09,1.40041865802894e-13,2.2126769249095e-13,2.45180399739183e-13,1.17260191179609e-06
3043.7051,0.37735,3.89100666666667e-07,1.2928333333335e-09,1.31206793849615e-09,4.02796024067032e-13,2.35787196657636e-13,2.48348411856088e-13,1.18775327409433e-06
3053.7876,0.3786,3.90403e-07,1.30916666666649e-09,1.3125521076355e-09,4.26033620993434e-13,2.67312647556332e-13,2.51429584447672e-13,1.20248931692365e-06
3063.8701,0.37985,3.91719e-07,1.32499999999999e-09,1.31292000573814e-09,3.34678210910286e-13,2.79775723212279e-13,2.52992930037138e-13,1.20996618713414e-06
3073.9526,0.3811,3.93053e-07,1.32500000000002e-09,1.31322146405732e-09,1.45529910077802e-13,2.57772995752228e-13,2.52908135823957e-13,1.20956064959284e-06
3084.0351,0.38235,3.94369e-07,1.31049999999999e-09,1.31321106555829e-09,-1.34365066820668e-14,2.33221623053108e-13,2.53785042957624e-13,1.21375455327559e-06
3094.1176,0.3836,3.95674e-07,1.31416666666649e-09,1.31319459104395e-09,1.63786269224106e-13,2.20826230582864e-13,2.5677100598413e-13,1.22803524601106e-06
3104.28076,0.38486,3.96997333333333e-07,1.31700000000001e-09,1.31353863809674e-09,5.30452747139747e-13,2.26381661428595e-13,2.61237712044336e-13,1.24939775325552e-06
3114.36326,0.38611,3.98308e-07,1.31049999999999e-09,1.31425549653823e-09,5.63268703712993e-13,2.54520256416531e-13,2.67199545968661e-13,1.27791087202403e-06
3124.44576,0.38736,3.99618333333333e-07,1.31058333333346e-09,1.31466517550417e-09,2.44603501781452e-13,2.88608228446052e-13,2.7349728914771e-13,1.30803051331513e-06
3134.52826,0.38861,4.00929166666667e-07,1.30983333333352e-09,1.3147447035418e-09,1.66148534883454e-13,3.10531815062236e-13,2.79765232046175e-13,1.33800763152518e-06
3144.61076,0.38986,4.02238e-07,1.3154166666665e-09,1.31499747257393e-09,4.40647956770262e-15,3.12836936996053e-13,2.85952829595572e-13,1.36760048937013e-06
3154.69326,0.39111,4.0356e-07,1.32599999999997e-09,1.31475351650093e-09,-2.59774664587658e-13,3.03068716377288e-13,2.9071149908237e-13,1.39035934343742e-06
3164.85642,0.39237,4.0489e-07,1.32100000000004e-09,1.31447792324476e-09,1.60208422988157e-13,2.96672890896097e-13,2.9408248101341e-13,1.4064814309337e-06
3174.93892,0.39362,4.06202e-07,1.31800000000001e-09,1.31507393334691e-09,5.78861733371036e-13,2.97282156569923e-13,2.97589673734915e-13,1.4232549613409e-06
3185.02142,0.39487,4.07526e-07,1.31199999999998e-09,1.3156356467115e-09,5.28248091696972e-13,2.99247324114878e-13,3.02970063938608e-13,1.44898726231508e-06
3195.10392,0.39612,4.08826e-07,1.31600000000001e-09,1.3161304295303e-09,5.73740817091017e-13,3.00453680018863e-13,3.09412431450137e-13,1.47979858519631e-06
3205.18642,0.39737,4.10158e-07,1.31408333333353e-09,1.31678312834568e-09,6.49314442755451e-13,3.0097541900978e-13,3.14671024087373e-13,1.50494837607004e-06
3215.26892,0.39862,4.11454166666667e-07,1.30999999999998e-09,1.31742905841581e-09,4.49529811923229e-13,3.07696515363663e-13,3.18442405085577e-13,1.52298541562667e-06
3225.35142,0.39987,4.12778e-07,1.32058333333299e-09,1.31768218796953e-09,7.65778009725285e-15,3.19018781774849e-13,3.19721466205111e-13,1.52910266445923e-06
3235.51458,0.40113,4.14095333333333e-07,1.31650000000002e-09,1.31744437397601e-09,2.14453705990326e-14,3.22909729863903e-13,3.17704216237957e-13,1.51945494722501e-06
3245.59708,0.40238,4.15411e-07,1.32208333333348e-09,1.31772507871073e-09,4.9443551004812e-13,3.22153523886857e-13,3.14828540001046e-13,1.50570171304848e-06
3255.67958,0.40363,4.167395e-07,1.32066666666649e-09,1.3184332449961e-09,6.82151162354098e-13,3.15966688271268e-13,3.13501076163122e-13,1.49935297295406e-06
3265.76208,0.40488,4.18052333333333e-07,1.31091666666648e-09,1.31908938103544e-09,5.41510000234698e-13,3.11214408609957e-13,3.13465999855954e-13,1.49918521670239e-06
3275.84458,0.40613,4.19361333333333e-07,1.30991666666701e-09,1.31951626499657e-09,3.52183326159207e-13,3.15580050705697e-13,3.12409783600995e-13,1.49413374765693e-06
3285.92708,0.40738,4.20672166666667e-07,1.32775000000002e-09,1.31979374768775e-09,-2.06677010457223e-14,3.19254328949658e-13,3.09241511107508e-13,1.47898114007939e-06
3296.09024,0.40864,4.22016833333333e-07,1.33141666666649e-09,1.31947492959448e-09,-3.34809395452114e-13,3.19878989497713e-13,3.05507245902492e-13,1.46112161083801e-06
3306.17274,0.40989,4.23335e-07,1.3205833333335e-09,1.31912412889685e-09,-4.94197679088531e-14,3.1454097967415e-13,3.02226754146758e-13,1.44543230244102e-06
3316.25524,0.41114,4.24658e-07,1.30699999999997e-09,1.31937609005866e-09,4.73938632053344e-13,3.08387291485876e-13,2.98966915078789e-13,1.42984176776812e-06
3326.33774,0.41239,4.25949e-07,1.30400000000002e-09,1.32007200616096e-09,6.55837806824339e-13,2.9866147569043e-13,2.9543017058561e-13,1.41292690280074e-06
3336.42024,0.41364,4.27266e-07,1.3225833333335e-09,1.32068776567231e-09,3.7378347565531e-13,2.74042160491172e-13,2.92353201216059e-13,1.39821096233767e-06
3346.50274,0.41489,4.28594166666667e-07,1.33816666666647e-09,1.32081957311227e-09,3.02322815913971e-13,2.62236498671259e-13,2.90888485348532e-13,1.39120579949298e-06
3356.6659,0.41615,4.29942333333333e-07,1.32741666666654e-09,1.32129241130414e-09,4.99943373577226e-13,2.80102106605396e-13,2.91358984664406e-13,1.39345601361238e-06
3366.7484,0.4174,4.31249e-07,1.31133333333348e-09,1.32181945985942e-09,4.03551986836043e-13,2.9129106439663e-13,2.92919603797272e-13,1.40091984424782e-06
3376.8309,0.41865,4.32565e-07,1.31999999999999e-09,1.32209951527781e-09,1.76757495449342e-13,2.80119332182199e-13,2.94439049298584e-13,1.40818675751497e-06
3386.9134,0.4199,4.33889e-07,1.31541666666653e-09,1.32217297485032e-09,4.77002121628375e-14,2.67663706475208e-13,2.94598233486246e-13,1.40894807319509e-06
3396.9959,0.42115,4.35195833333333e-07,1.3165e-09,1.32219491570214e-09,1.40996021050498e-13,2.79591089665677e-13,2.93721857386686e-13,1.40475670924067e-06
3407.0784,0.4224,4.36522e-07,1.3340833333335e-09,1.32245496689242e-09,3.62983872791102e-13,3.041401721982e-13,2.92501972658858e-13,1.39892247793367e-06
3417.1609,0.42365,4.37864e-07,1.3435833333335e-09,1.32292088344772e-09,4.39755147342059e-13,3.09364273666632e-13,2.90274114379858e-13,1.38826750355584e-06
3427.32406,0.42491,4.39209166666667e-07,1.32483333333351e-09,1.32333447718711e-09,4.00634782215395e-13,3.03115075708572e-13,2.87382209928192e-13,1.37443665617831e-06
3437.40656,0.42616,4.40513666666667e-07,1.32441666666654e-09,1.32372215301215e-09,1.3599402024986e-13,3.047339019451e-13,2.84756590698654e-13,1.36187934681965e-06
3447.48906,0.42741,4.41858e-07,1.32433333333299e-09,1.3236064652276e-09,-3.15522435386353e-14,3.12859312682547e-13,2.82866007530023e-13,1.3528374273175e-06
3457.57156,0.42866,4.43162333333333e-07,1.31049999999999e-09,1.32365904852507e-09,3.24687422139971e-13,3.09013606701298e-13,2.79813844527908e-13,1.33824012600304e-06
3467.65406,0.42991,4.44479e-07,1.31633333333354e-09,1.32425584007188e-09,5.43545720176377e-13,2.88896769195534e-13,2.73072912909881e-13,1.30600088782987e-06
3477.73656,0.43116,4.45795e-07,1.33299999999998e-09,1.32474613996543e-09,4.56808194971624e-13,2.63172996504886e-13,2.63922425119878e-13,1.26223768535594e-06
3487.89972,0.43242,4.47145e-07,1.33299999999998e-09,1.32516945646183e-09,4.12649021868147e-13,2.38724321692409e-13,2.55619194015931e-13,1.22252658007619e-06
3497.98222,0.43367,4.48461e-07,1.31350000000002e-09,1.32557143800916e-09,2.86657115679537e-13,2.23643068225858e-13,2.49266011947774e-13,1.19214179627196e-06
3508.06472,0.43492,4.49772e-07,1.31658333333352e-09,1.32574277069319e-09,2.29002921923697e-13,2.2349826882112e-13,2.43665675510686e-13,1.16535757852937e-06
3518.14722,0.43617,4.51094166666667e-07,1.32049999999995e-09,1.32602944385301e-09,2.18829984818221e-13,2.19381786238178e-13,2.37280893492236e-13,1.13482166452809e-06
3528.22972,0.43742,4.52413e-07,1.33241666666647e-09,1.32618043066282e-09,-1.13200940753751e-13,2.13980473743225e-13,2.30889631650666e-13,1.1042547600684e-06
3538.31222,0.43867,4.53759e-07,1.33350000000002e-09,1.3258030419715e-09,-4.75784653423445e-14,2.24641641128838e-13,2.25921317738186e-13,1.08049325874785e-06
3548.39472,0.43992,4.5508e-07,1.33250000000002e-09,1.32608527373214e-09,5.85026463418225e-13,2.34533946495001e-13,2.21776591622136e-13,1.06067065558413e-06
3558.55788,0.44118,4.56424e-07,1.32950000000004e-09,1.32697309489834e-09,9.13582414100535e-13,2.2505754356386e-13,2.1822870311747e-13,1.04370249317051e-06
3568.64038,0.44243,4.57739e-07,1.32283333333348e-09,1.32791243856034e-09,3.11983283881805e-13,2.00991894601962e-13,2.1602022168639e-13,1.03314019067404e-06
3578.72288,0.44368,4.59069666666667e-07,1.32349999999998e-09,1.3275970614661e-09,-5.57635318278893e-13,1.99698023675737e-13,2.15891687057211e-13,1.03252545983884e-06
3588.80538,0.44493,4.60386e-07,1.32816666666651e-09,1.32679716792378e-09,-3.82649286125109e-13,2.26311792490082e-13,2.1821193076616e-13,1.04362227757729e-06
3598.88788,0.44618,4.61726e-07,1.33133333333348e-09,1.32683176289385e-09,2.62125604957313e-13,2.48776339810064e-13,2.21654950581687e-13,1.06008889408633e-06
3608.97038,0.44743,4.63048666666667e-07,1.32300000000002e-09,1.3273214191337e-09,3.80133185339066e-13,2.54753518366521e-13,2.23876510288745e-13,1.07071374485922e-06
3619.13354,0.44869,4.64372e-07,1.32333333333304e-09,1.32759202926453e-09,2.0473283652716e-13,2.40980143681197e-13,2.23857678699019e-13,1.07062368073444e-06
3629.21604,0.44994,4.65695333333333e-07,1.32425e-09,1.32773088480675e-09,3.6465340853422e-13,2.18998246832554e-13,2.23631372442967e-13,1.06954134646636e-06
3639.29854,0.45119,4.670205e-07,1.33033333333347e-09,1.3283213360816e-09,3.86250726702549e-13,2.12578316405841e-13,2.26329484963355e-13,1.08244536286822e-06
3649.38104,0.45244,4.68356e-07,1.33074999999997e-09,1.32850338626016e-09,7.41787280914071e-14,2.19526820557511e-13,2.31160802503668e-13,1.10555166414798e-06
3659.46354,0.45369,4.69682e-07,1.32775000000002e-09,1.32846969353778e-09,1.59376958332352e-13,2.27794859659554e-13,2.36248254828318e-13,1.12988295787456e-06
3669.54604,0.45494,4.710115e-07,1.33250000000002e-09,1.32882214017682e-09,4.61964974675847e-13,2.38681235417751e-13,2.42412452168618e-13,1.159363901676e-06
3679.7092,0.4562,4.72347e-07,1.33125000000001e-09,1.32939362348713e-09,4.33650818822462e-13,2.47817275445561e-13,2.5042174124068e-13,1.19766919723803e-06
3689.7917,0.45745,4.73674e-07,1.33e-09,1.32968944181447e-09,3.52848686641069e-13,2.57131771758014e-13,2.58816179138123e-13,1.23781650892146e-06
3699.8742,0.4587,4.75007e-07,1.34199999999999e-09,1.33009932086042e-09,3.6008176855168e-13,2.68303511026186e-13,2.66391812536296e-13,1.27404779908663e-06
3709.9567,0.45995,4.76358e-07,1.34199999999999e-09,1.33040960535157e-09,2.35182752343736e-13,2.6534053269609e-13,2.75095559984055e-13,1.31567441731505e-06
3720.0392,0.4612,4.77691e-07,1.32133333333349e-09,1.3305696863651e-09,2.02037418742623e-13,2.63552333153058e-13,2.86696991104664e-13,1.37115952267448e-06
3730.1217,0.46245,4.79000666666667e-07,1.3175e-09,1.33081368018905e-09,4.57959598935615e-13,2.91516369350408e-13,3.00810407535579e-13,1.43865847082233e-06
3740.2042,0.4637,4.80326e-07,1.32825000000003e-09,1.33148560556298e-09,7.19395305290927e-13,3.42213824944416e-13,3.1695977849342e-13,1.51589459279462e-06
3750.36736,0.46496,4.81657166666667e-07,1.32400000000002e-09,1.33225247079964e-09,3.00065309142282e-13,3.74202759871692e-13,3.34654244519411e-13,1.60052029987544e-06
3760.44986,0.46621,4.82974e-07,1.33749999999997e-09,1.33208573618126e-09,-1.97553549718941e-13,3.66848984661336e-13,3.52852379361257e-13,1.68755485781471e-06
3770.53236,0.46746,4.84332166666667e-07,1.33350000000002e-09,1.3318573637002e-09,-1.04390812924303e-13,3.60374284404796e-13,3.71966942648311e-13,1.77897233440497e-06
3780.61486,0.46871,4.85641e-07,1.32750000000001e-09,1.33187695455541e-09,2.33970781340033e-13,3.79568951444031e-13,3.92571378825932e-13,1.87751529003707e-06
3790.69736,0.46996,4.86987166666667e-07,1.34333333333346e-09,1.33232530526288e-09,4.62440479814313e-13,4.06246796304727e-13,4.14651559148362e-13,1.98311615244869e-06
3800.77986,0.47121,4.88327666666667e-07,1.3404166666665e-09,1.33280183551504e-09,4.90620024499163e-13,4.27329782982829e-13,4.38291021286531e-13,2.09617444963124e-06
3810.94302,0.47247,4.89668e-07,1.32541666666651e-09,1.33330654531188e-09,5.18799569174501e-13,4.57020619245086e-13,4.63292192389535e-13,2.21574526794995e-06
3821.02552,0.47372,4.909785e-07,1.31116666666654e-09,1.33383943465339e-09,5.46979113850666e-13,4.90359269203089e-13,4.89526235482392e-13,2.34121243056796e-06
3831.10802,0.47497,4.92290333333333e-07,1.33725000000001e-09,1.33440050353958e-09,5.75158658527658e-13,5.11041318313866e-13,5.16960485700824e-13,2.47241971422133e-06
3841.19052,0.47622,4.93653e-07,1.34974999999994e-09,1.33498975197044e-09,6.03338203205478e-13,5.34496704769452e-13,5.44410620200941e-13,2.60370296617841e-06
3851.27302,0.47747,4.94989833333333e-07,1.34066666666651e-09,1.33560717994599e-09,6.3151774788247e-13,5.7219864690585e-13,5.71412196216839e-13,2.73284093842836e-06
3861.35552,0.47872,4.96334333333333e-07,1.34408333333348e-09,1.33625278746621e-09,6.59697292558635e-13,6.11947316403757e-13,5.99560617225041e-13,2.86746382151107e-06
3871.43802,0.47997,4.97678e-07,1.3448333333335e-09,1.33692657453111e-09,6.87876837235628e-13,6.40701051515097e-13,6.30657589783247e-13,3.0161884728764e-06
3881.60118,0.48123,4.99024e-07,1.33350000000002e-09,1.33762854114068e-09,7.16056381913447e-13,6.70094689601941e-13,6.64069894999946e-13,3.17598645434757e-06
3891.68368,0.48248,5.00345e-07,1.32424999999997e-09,1.33835868729493e-09,7.44235926589612e-13,7.0012823066379e-13,6.97210857709223e-13,3.33448671078324e-06
3901.76618,0.48373,5.016725e-07,1.33100000000005e-09,1.33911701299386e-09,7.72415471266605e-13,7.30801674700747e-13,7.294098070639e-13,3.48848168595778e-06
3911.84868,0.48498,5.03007e-07,1.33774999999998e-09,1.33990351823747e-09,8.00595015944424e-13,7.6211502171276e-13,7.6175690950114e-13,3.64318521935328e-06
3921.93118,0.48623,5.04348e-07,1.34349999999998e-09,1.34071820302575e-09,8.28774560620589e-13,7.94068271699803e-13,7.94571212443931e-13,3.80012318994924e-06
3932.01368,0.48748,5.05694e-07,1.35066666666652e-09,1.34156106735871e-09,8.56954105297582e-13,8.26661424661877e-13,8.27833675994713e-13,3.95920453736602e-06
3942.17684,0.48874,5.07049333333333e-07,1.34558333333352e-09,1.34243211123634e-09,8.85133649974574e-13,8.59894480599033e-13,8.61544300153494e-13,4.12042926160367e-06
3952.25934,0.48999,5.08385166666667e-07,1.3428333333335e-09,1.34333133465866e-09,9.13313194651566e-13,8.93767439511245e-13,8.95703084920274e-13,4.28379736266218e-06
3962.34184,0.49124,5.09735e-07,1.34766666666644e-09,1.34425873762565e-09,9.41492739328559e-13,9.28280301398513e-13,9.30310030295026e-13,4.44930884054143e-06
3972.42434,0.49249,5.110805e-07,1.3385e-09,1.34521432013731e-09,9.69672284005551e-13,9.63433066260786e-13,9.65365136277829e-13,4.61696369524179e-06
3982.50684,0.49374,5.12412e-07,1.33925000000002e-09,1.34619808219366e-09,9.97851828682543e-13,9.99225734098142e-13,1.00086840286863e-12,4.78676192676301e-06
3992.58934,0.49499,5.13759e-07,1.34150000000003e-09,1.34721002379468e-09,1.02603137335954e-12,1.03565830491058e-12,1.03681983006743e-12,4.9587035351051e-06
4002.7525,0.49625,5.15095e-07,1.33999999999998e-09,1.34825014494038e-09,1.05421091803653e-12,1.07273077869805e-12,1.07321941787418e-12,5.13278852026782e-06
4012.835,0.4975,5.16439e-07,1.35300000000003e-09,1.34931844563075e-09,1.08239046271269e-12,1.11044315546052e-12,1.110067166289e-12,5.30901688225174e-06
4022.9175,0.49875,5.17801e-07,1.35899999999998e-09,1.3504149258658e-09,1.11057000738969e-12,1.1487954351981e-12,1.1473630753118e-12,5.48738862105643e-06
4033,0.5,5.19157e-07,1.35599999999984e-09,1.35153958564553e-09,1.1246597797286e-12,1.18778761791074e-12,1.18510714494262e-12,5.66790373668209e-06
