wvnmbr,Voltage,Current,DerivativeY1,DerivativeY1_1,DerivativeY2,DerivativeY2_1,DerivativeY2_2,Alpha
-4032.850779,-0.4999815,-4.176465e-07,1.58750000000004e-09,1.42023114808333e-09,-1.95461314351579e-11,-1.97421958199011e-11,-1.97944265798523e-11,NaN
-4022.804576,-0.498736,-4.16059e-07,1.55618750000001e-09,1.40068501664818e-09,-1.92627874008823e-11,-1.91892632566037e-11,-1.92085240150674e-11,NaN
-4012.770472,-0.497492,-4.14534125e-07,1.41399999999999e-09,1.38170557328157e-09,-1.86960993323313e-11,-1.86353619957532e-11,-1.86287253655342e-11,NaN
-4002.679906,-0.496241,-4.13231e-07,1.3459375e-09,1.36329281798351e-09,-1.81294112637803e-11,-1.80804920373497e-11,-1.80550306312527e-11,NaN
-3992.500614,-0.494979,-4.1184225e-07,1.33200000000003e-09,1.34544675075401e-09,-1.7562723195229e-11,-1.75246533813931e-11,-1.74874398122228e-11,NaN
-3982.418114,-0.493729,-4.10567e-07,1.27912500000002e-09,1.32816737159305e-09,-1.69960351266779e-11,-1.69678460278834e-11,-1.69259529084445e-11,NaN
-3972.359812,-0.492482,-4.09284e-07,1.25199999999996e-09,1.31145468050065e-09,-1.6429347058127e-11,-1.64100699768207e-11,-1.63705699199179e-11,NaN
-3962.253114,-0.491229,-4.08063e-07,1.22749999999998e-09,1.2953086774768e-09,-1.58626589895759e-11,-1.58513252282048e-11,-1.5821290846643e-11,NaN
-3952.17868,-0.48998,-4.06829e-07,1.22150000000005e-09,1.2797293625215e-09,-1.52959709210247e-11,-1.52916117820359e-11,-1.52572448922317e-11,NaN
-3942.1264275,-0.48873375,-4.0562e-07,1.19250000000002e-09,1.26471673563475e-09,-1.47292828524737e-11,-1.47309296383139e-11,-1.47253651854571e-11,NaN
-3931.949152,-0.487472,-4.04444e-07,1.18149999999998e-09,1.25027079681655e-09,-1.41625947839226e-11,-1.41692787970388e-11,-1.42206231241797e-11,NaN
-3921.84346225,-0.486219125,-4.03257e-07,1.19062500000002e-09,1.23639154606691e-09,-1.35959067153715e-11,-1.36066592582107e-11,-1.37315644016525e-11,NaN
-3911.780119,-0.4849715,-4.0206275e-07,1.19149999999999e-09,1.22307898338581e-09,-1.30292186468204e-11,-1.30430710218294e-11,-1.32453551181942e-11,NaN
-3901.701652,-0.483722,-4.00874e-07,1.17337499999996e-09,1.21033310877327e-09,-1.24625305782693e-11,-1.26155096844256e-11,-1.27429189261192e-11,NaN
-3891.611086,-0.482471,-3.99716e-07,1.1755e-09,1.19815392222927e-09,-1.18958425097183e-11,-1.2315642929112e-11,-1.2204402010299e-11,NaN
-3881.5144705,-0.48121925,-3.98523e-07,1.1815e-09,1.18654142375383e-09,-1.13291544411672e-11,-1.18400161804802e-11,-1.16127466220982e-11,NaN
-3871.381558,-0.479963,-3.97353e-07,1.17700000000001e-09,1.17549561334694e-09,-1.07624663726161e-11,-1.11452239016452e-11,-1.09545900964695e-11,NaN
-3861.299058,-0.478713,-3.96169e-07,1.14450000000001e-09,1.1650164910086e-09,-1.01957783040649e-11,-1.03513216872772e-11,-1.02212510653853e-11,NaN
-3851.244789,-0.4774665,-3.95064e-07,1.11325e-09,1.15510405673881e-09,-9.62909023551391e-12,-9.48388025076908e-12,-9.40878214475635e-12,NaN
-3841.09876925,-0.476208625,-3.939425e-07,1.11949999999999e-09,1.14575831053757e-09,-9.06240216696289e-12,-8.53087486130758e-12,-8.52332180495799e-12,NaN
-3831.043492,-0.474962,-3.92825e-07,1.12775e-09,1.13697925240488e-09,-8.49571409841176e-12,-7.54845453930102e-12,-7.58031942148099e-12,NaN
-3820.936794,-0.473709,-3.91687e-07,1.13268750000002e-09,1.12876688234075e-09,-7.92902602986064e-12,-6.57298414310739e-12,-6.61487843522724e-12,NaN
-3810.846228,-0.472458,-3.90559625e-07,1.13500000000002e-09,1.12112120034516e-09,-7.36233796130951e-12,-5.6241544688301e-12,-5.6763612928611e-12,NaN
-3800.73953,-0.471205,-3.89417e-07,1.14018749999999e-09,1.11404220641813e-09,-6.7956498927586e-12,-4.72431402568618e-12,-4.79314940432699e-12,NaN
-3790.65198875,-0.469954375,-3.8827925e-07,1.14274999999999e-09,1.10752990055964e-09,-6.22896182420747e-12,-3.89692405446448e-12,-3.97582925393375e-12,NaN
-3780.566464,-0.468704,-3.871315e-07,1.12262500000002e-09,1.10158428276971e-09,-2.53315567518709e-12,-3.17784556927679e-12,-3.22919098890248e-12,NaN
-3770.483964,-0.467454,-3.86034e-07,1.10075e-09,1.10246358920927e-09,1.78444939296517e-12,-2.54759288284003e-12,-2.55660965405583e-12,NaN
-3760.4034805,-0.46620425,-3.8493e-07,1.11049999999998e-09,1.10515318155564e-09,1.75965480531799e-12,-1.96741040429964e-12,-1.95911236451826e-12,NaN
-3750.302832,-0.464952,-3.83813e-07,1.11874999999999e-09,1.1059828988199e-09,3.06225792203392e-13,-1.47692812964559e-12,-1.44121812757038e-12,NaN
-3740.099342,-0.463687,-3.826925e-07,1.11600000000002e-09,1.10576563314005e-09,1.4168497587716e-13,-1.08291139523684e-12,-1.00801061492525e-12,NaN
-3730.0228915,-0.46243775,-3.81581e-07,1.08275e-09,1.10626626877166e-09,-9.08146277101579e-16,-7.14962822921798e-13,-6.61932089810829e-13,NaN
-3719.98979575,-0.461193875,-3.80527e-07,1.08843749999999e-09,1.10576381684749e-09,-8.51672744569501e-13,-3.82296214994277e-13,-4.24724998287464e-13,NaN
-3709.8699905,-0.45993925,-3.79404125e-07,1.12050000000001e-09,1.10456292328252e-09,-1.31000702167728e-12,-1.79282524290479e-13,-3.1620207275312e-13,NaN
-3699.785474,-0.458689,-3.78286e-07,1.11806250000001e-09,1.10314380280414e-09,-1.54618380370961e-12,-1.29740285291852e-13,-3.20029911289349e-13,NaN
-3689.694908,-0.457438,-3.77168e-07,1.09812499999998e-09,1.1014705556751e-09,-1.75976805816571e-12,-2.15343904977544e-13,-4.02658624782554e-13,NaN
-3679.620474,-0.456189,-3.7608975e-07,1.0889375e-09,1.09962426668781e-09,-1.85439435208037e-12,-4.11283282428178e-13,-5.37851125043309e-13,NaN
-3669.44622325,-0.454927625,-3.74990125e-07,1.0985625e-09,1.09776176697094e-09,-1.72238966341252e-12,-7.07626802615301e-13,-7.0737366043872e-13,NaN
-3659.374814,-0.453679,-3.73892625e-07,1.11087500000001e-09,1.09617948736098e-09,-9.80969274502229e-13,-1.12059067268405e-12,-8.83778190605781e-13,NaN
-3649.292314,-0.452429,-3.72768375e-07,1.11131250000001e-09,1.09579982842194e-09,-4.6803650705642e-13,-1.38375521086215e-12,-1.03276245407419e-12,NaN
-3639.2158635,-0.45117975,-3.7167e-07,1.10624999999999e-09,1.09524341434687e-09,-6.88512905163369e-13,-1.32444216160634e-12,-1.13005477856413e-12,NaN
-3629.127314,-0.449929,-3.70555875e-07,1.103875e-09,1.09442280261161e-09,-3.70300006795663e-13,-1.18618243127175e-12,-1.16832090671583e-12,NaN
-3619.05288,-0.44868,-3.6946225e-07,1.07893749999999e-09,1.09450281433328e-09,9.03425049268659e-14,-1.12842577651792e-12,-1.15342681530012e-12,NaN
-3608.88467875,-0.447419375,-3.68398e-07,1.082625e-09,1.09460348762146e-09,-8.10351735033284e-13,-1.06097290037157e-12,-1.09854811557675e-12,NaN
-3598.80722,-0.44617,-3.67297e-07,1.07949999999999e-09,1.09288211086321e-09,-2.05857012616348e-12,-9.21265539439785e-13,-1.02147593002752e-12,NaN
-3588.748918,-0.444923,-3.66239e-07,1.08787500000001e-09,1.09048634736914e-09,-2.01242808444207e-12,-8.24913505325586e-13,-9.47164806100778e-13,NaN
-3578.658352,-0.443672,-3.6512125e-07,1.07949999999999e-09,1.08885725469433e-09,-1.4549621735492e-12,-8.27212099223151e-13,-9.10118723321102e-13,NaN
-3568.579885,-0.4424225,-3.6408e-07,1.06006249999997e-09,1.08757642302204e-09,-9.95216482818526e-13,-8.76588863327727e-13,-9.19274395932284e-13,NaN
-3558.493352,-0.441172,-3.63001125e-07,1.0985625e-09,1.08686682172869e-09,-8.09882443542301e-13,-9.48421857531589e-13,-9.51330176324698e-13,NaN
-3548.338258,-0.439913,-3.61882875e-07,1.11806250000001e-09,1.08595665813495e-09,-7.15132987157634e-13,-1.01345077749442e-12,-9.83268018406839e-13,NaN
-3538.26483225,-0.438664125,-3.60765e-07,1.09693749999999e-09,1.08543655575438e-09,-2.02227825092844e-13,-1.05851382677758e-12,-1.00435275916161e-12,NaN
-3528.140994,-0.437409,-3.59689e-07,1.09849999999999e-09,1.08555220248477e-09,-1.68506081677276e-13,-1.08550612670545e-12,-1.01220456554327e-12,NaN
-3517.60175675,-0.436102375,-3.58568e-07,1.11450000000001e-09,1.08509954359102e-09,-9.88640031483688e-13,-1.08384081469606e-12,-1.00238179636021e-12,NaN
-3507.0968,-0.4348,-3.5746e-07,1.094e-09,1.0835749224218e-09,-1.47770617681051e-12,-1.05723629306795e-12,-9.82688875110871e-13,NaN
-3497.18469425,-0.433571125,-3.5638e-07,1.06906250000001e-09,1.0821441312374e-09,-9.65706329702806e-13,-9.89812898498225e-13,-9.64454630889381e-13,NaN
-3487.560948,-0.432378,-3.55321875e-07,1.07050000000001e-09,1.08164350976239e-09,-7.87860427189709e-13,-8.58662050409456e-13,-9.50424401893755e-13,NaN
-3477.623636,-0.431146,-3.54239e-07,1.05943750000001e-09,1.08056841038302e-09,-1.81350936601015e-12,-7.75320273310268e-13,-9.47928779381488e-13,NaN
-3467.525004,-0.429894,-3.53203e-07,1.0625e-09,1.07801649103037e-09,-2.03802110466879e-12,-8.41566114413983e-13,-9.59138256052115e-13,NaN
-3457.44956175,-0.428644875,-3.52114e-07,1.07649999999999e-09,1.07649236817368e-09,-1.02954554463266e-12,-9.67446304745597e-13,-9.76155909492781e-13,NaN
-3447.392268,-0.427398,-3.5105e-07,1.0743125e-09,1.07595739994111e-09,-4.83318563274322e-13,-1.0826904933426e-12,-9.96220232311347e-13,NaN
-3437.27649575,-0.426143875,-3.49965375e-07,1.09150000000001e-09,1.07552573104713e-09,-2.95790957893297e-13,-1.12819736877524e-12,-1.02306392856572e-12,NaN
-3427.23230925,-0.424898625,-3.48867e-07,1.0811875e-09,1.07536581802532e-09,-5.99776467190424e-13,-1.11894737755637e-12,-1.05467439805945e-12,NaN
-3417.07519875,-0.423639375,-3.47803e-07,1.0793125e-09,1.07432617811275e-09,-1.08090995832228e-12,-1.11906474211225e-12,-1.07919163546132e-12,NaN
-3406.965476,-0.422386,-3.46708375e-07,1.08887499999999e-09,1.07320399810868e-09,-8.10618587057322e-13,-1.07588468009567e-12,-1.08337251417151e-12,NaN
-3396.8648275,-0.42113375,-3.4562525e-07,1.05868749999999e-09,1.07270494093864e-09,-6.05129079933601e-13,-9.99819027009133e-13,-1.06770785928906e-12,NaN
-3386.83274,-0.41989,-3.44591e-07,1.05193750000001e-09,1.07199373994881e-09,-1.05897642075682e-12,-9.87598035112176e-13,-1.04732524604593e-12,NaN
-3376.76738025,-0.418642125,-3.43521375e-07,1.06875000000001e-09,1.07058698809713e-09,-1.35131599809729e-12,-1.0197225975431e-12,-1.03044978404e-12,NaN
-3366.6011955,-0.41738175,-3.424535e-07,1.0515625e-09,1.06929110795262e-09,-1.84788160547218e-12,-1.00803110046309e-12,-1.01341019807309e-12,NaN
-3356.52373675,-0.416132375,-3.4141825e-07,1.0533125e-09,1.06689122488618e-09,-2.03809117986861e-12,-9.72808329101364e-13,-9.88589055987662e-13,NaN
-3346.38175,-0.414875,-3.40346875e-07,1.09062499999998e-09,1.06521492559288e-09,-1.15614948809725e-12,-9.76909288462443e-13,-9.55408539016918e-13,NaN
-3336.3294975,-0.41362875,-3.39237e-07,1.08787500000001e-09,1.06457892590999e-09,-3.96929998413873e-13,-9.84384708901364e-13,-9.21739834565452e-13,NaN
-3326.25708,-0.41238,-3.38171125e-07,1.06950000000004e-09,1.06442106559605e-09,2.294785838863e-14,-9.4364913534454e-13,-8.82247594207771e-13,NaN
-3316.150382,-0.411127,-3.37098e-07,1.06706249999998e-09,1.06462482162676e-09,-4.87603767922385e-13,-8.41142344276978e-13,-8.24938762063784e-13,NaN
-3306.075948,-0.409878,-3.36037e-07,1.05399999999998e-09,1.06344585806021e-09,-1.14689319123855e-12,-7.0427626834161e-13,-7.51984119863331e-13,NaN
-3296.001514,-0.408629,-3.3499e-07,1.06562500000001e-09,1.06233103524429e-09,-8.50737700740997e-13,-6.21733394615693e-13,-6.74220505708405e-13,NaN
-3285.84339525,-0.407369625,-3.3390575e-07,1.06218750000001e-09,1.06174438265872e-09,-8.08567294842767e-13,-6.00852357076275e-13,-5.97272960400134e-13,NaN
-3275.788118,-0.406123,-3.32865625e-07,1.04737500000001e-09,1.0607139006546e-09,-9.71148836893175e-13,-5.72036410544583e-13,-5.2543586549192e-13,NaN
-3265.689486,-0.404871,-3.31811e-07,1.04831249999999e-09,1.05980208498494e-09,-4.6281908990039e-13,-4.83601331837087e-13,-4.7004242824021e-13,NaN
-3255.623118,-0.403623,-3.30769e-07,1.06249999999997e-09,1.0597882624748e-09,-3.35327527239616e-14,-3.82369577308635e-13,-4.31854368541517e-13,NaN
-3245.540618,-0.402373,-3.29686e-07,1.07006250000001e-09,1.05973501947949e-09,1.49422976760959e-15,-3.36587772790307e-13,-4.05225595086133e-13,NaN
-3235.450052,-0.401122,-3.28628875e-07,1.04850000000001e-09,1.05979125093434e-09,1.84228408344874e-13,-3.53155616635506e-13,-3.86512981554225e-13,NaN
-3225.294958,-0.399863,-3.27589e-07,1.06774999999999e-09,1.06010347629618e-09,-5.74404289914462e-15,-3.88705534715954e-13,-3.66674633991697e-13,NaN
-3215.204392,-0.398612,-3.26493375e-07,1.08775000000001e-09,1.05977976284854e-09,-4.06143117624054e-13,-4.04591728132343e-13,-3.44435675747439e-13,NaN
-3205.121892,-0.397362,-3.254135e-07,1.0581875e-09,1.05929119006093e-09,-3.92779989355233e-13,-3.94880733945216e-13,-3.29453570718299e-13,NaN
-3195.02225175,-0.396109875,-3.24377e-07,1.05724999999999e-09,1.05899420286983e-09,-8.67724920157339e-13,-3.3263871818901e-13,-3.26226875528956e-13,NaN
-3184.973024,-0.394864,-3.23299e-07,1.05487500000003e-09,1.05755574022062e-09,-1.26748128496695e-12,-2.92918734899005e-13,-3.2599346841192e-13,NaN
-3174.870359,-0.3936115,-3.2226725e-07,1.02437500000001e-09,1.05645924029989e-09,-6.54082623615971e-13,-2.96262422661177e-13,-3.22955573290327e-13,NaN
-3164.799958,-0.392363,-3.2125025e-07,1.03987499999998e-09,1.05624757497338e-09,-2.2862918718049e-16,-2.77095007814478e-13,-3.16868284936545e-13,NaN
-3154.644864,-0.391104,-3.201875e-07,1.050125e-09,1.05645878304152e-09,3.95359322975239e-13,-2.73943364192865e-13,-3.07645488450448e-13,NaN
-3144.554298,-0.389853,-3.1915e-07,1.04187499999999e-09,1.05703829361934e-09,-8.17239631708702e-14,-3.1594798611274e-13,-3.00403988292455e-13,NaN
-3134.483897,-0.3886045,-3.1810375e-07,1.052e-09,1.05629533511518e-09,-7.41045946680751e-13,-3.42314768674848e-13,-2.95096536347065e-13,NaN
-3124.397364,-0.387354,-3.17046e-07,1.07637500000001e-09,1.05555620172597e-09,-3.25661396633604e-13,-3.27807969373209e-13,-2.87063633121577e-13,NaN
-3114.314864,-0.386104,-3.15951e-07,1.0781875e-09,1.05564401232191e-09,-5.40216086436084e-14,-3.10140859871481e-13,-2.77003768360729e-13,NaN
-3104.216232,-0.384852,-3.14889625e-07,1.09825000000001e-09,1.05544815850869e-09,-3.93761042153103e-13,-2.69724926886297e-13,-2.69776676374945e-13,NaN
-3094.069204,-0.383594,-3.137545e-07,1.08331250000001e-09,1.0548564902376e-09,-2.48938254547586e-13,-2.19787616577854e-13,-2.6488762903096e-13,NaN
-3083.99477,-0.382345,-3.12723e-07,1.04574999999999e-09,1.05495028199959e-09,6.25990962424178e-14,-2.16308269274209e-13,-2.53433786943036e-13,NaN
-3073.88504725,-0.381091625,-3.11663e-07,1.03475e-09,1.05498168843009e-09,-1.72916572288333e-13,-2.0770455201491e-13,-2.34263148191844e-13,NaN
-3063.813638,-0.379843,-3.106535e-07,1.00762500000002e-09,1.05460444885501e-09,-1.64554265102088e-13,-2.10314093507221e-13,-2.17006628341691e-13,NaN
-3053.739204,-0.378594,-3.0964775e-07,1.02543749999997e-09,1.05465257989988e-09,-2.19132936193779e-13,-2.71415092698241e-13,-2.08002634462182e-13,NaN
-3043.6506545,-0.37734325,-3.08602625e-07,1.05937499999999e-09,1.05416618298263e-09,-5.76883111735147e-13,-2.84821595988709e-13,-2.10003246750451e-13,NaN
-3033.574204,-0.376094,-3.07529e-07,1.06881250000003e-09,1.05349881367641e-09,-5.67311830392539e-13,-2.32732872886669e-13,-2.28939468860488e-13,NaN
-3023.411044,-0.374834,-3.06465e-07,1.07199999999997e-09,1.05303155932184e-09,-2.51570675439642e-13,-1.91562379258479e-13,-2.64045276723732e-13,NaN
-3013.328544,-0.373584,-3.05385e-07,1.078e-09,1.05299567232553e-09,-1.29726182925655e-13,-2.09410203786155e-13,-3.05069109228499e-13,NaN
-3003.262176,-0.372336,-3.04309e-07,1.07412500000003e-09,1.05277210695599e-09,-3.43978629188087e-13,-2.82402308886329e-13,-3.4978657706313e-13,NaN
-2993.147412,-0.371082,-3.0323675e-07,1.06399999999999e-09,1.05230771506716e-09,-2.57362142970488e-13,-3.73602004925543e-13,-3.89390990296031e-13,NaN
-2983.08003575,-0.369833875,-3.02181e-07,1.0365e-09,1.05225738267005e-09,-2.80402727128397e-13,-4.65022911543625e-13,-4.10413507688707e-13,NaN
-2973.014676,-0.368586,-3.0116375e-07,1.02449999999998e-09,1.0517469096129e-09,-4.92467269927722e-13,-5.34806492736591e-13,-4.19512688014053e-13,NaN
-2962.851516,-0.367326,-3.00132e-07,1.02887499999997e-09,1.05127244813019e-09,-5.3289004281223e-14,-5.40980931749332e-13,-4.24114648261121e-13,NaN
-2952.74784275,-0.366073375,-2.99106e-07,1.03156250000001e-09,1.05164033160434e-09,-4.58008675159245e-14,-4.72739160471537e-13,-4.21216127387208e-13,NaN
-2942.662318,-0.364823,-2.98068875e-07,1.03568750000001e-09,1.05118084639516e-09,-4.37113524655157e-13,-4.00545262813956e-13,-4.08996953913741e-13,NaN
-2932.5939335,-0.36357475,-2.97034625e-07,1.0744375e-09,1.05076610455503e-09,-1.94048138123587e-13,-3.10384717326952e-13,-3.94274365704114e-13,NaN
-2922.48824375,-0.362321875,-2.9592e-07,1.08900000000002e-09,1.05079275011892e-09,-7.29087153729039e-13,-2.32834522242118e-13,-3.85368001268439e-13,NaN
-2912.414818,-0.361073,-2.94856625e-07,1.05662500000002e-09,1.04930793024757e-09,-1.52610902851684e-12,-2.82026058304115e-13,-3.8383106214796e-13,NaN
-2902.275856,-0.359816,-2.9380675e-07,1.04281249999997e-09,1.04774053206188e-09,-1.15641987927247e-12,-3.92236142474518e-13,-3.89996880334721e-13,NaN
-2892.193356,-0.358566,-2.92771e-07,1.04187499999999e-09,1.04699509048903e-09,-6.67261716007847e-13,-4.52920631884137e-13,-4.0161161885468e-13,NaN
-2882.110856,-0.357316,-2.91723e-07,1.0583125e-09,1.04640600862987e-09,-5.0051317696948e-13,-4.77370094469183e-13,-4.09934971169315e-13,NaN
-2872.028356,-0.356066,-2.90654375e-07,1.05049999999999e-09,1.04599406413509e-09,2.63526637070301e-13,-4.91081888319923e-13,-4.04396861869426e-13,NaN
-2861.93779,-0.354815,-2.89622e-07,1.03731250000001e-09,1.04693306190401e-09,1.00432979795726e-12,-4.59180313771618e-13,-3.78928062262169e-13,NaN
-2851.831092,-0.353562,-2.8857975e-07,1.02550000000001e-09,1.048002723731e-09,8.42969263176942e-13,-3.72049790794017e-13,-3.32902597292621e-13,NaN
-2841.740526,-0.352311,-2.87571e-07,1.03487500000001e-09,1.04861900043036e-09,2.50603071417422e-13,-2.73542569748668e-13,-2.75179646830226e-13,NaN
-2831.593498,-0.351053,-2.8651e-07,1.04950000000001e-09,1.04850392987384e-09,-5.54596366848092e-13,-1.76548724904168e-13,-2.23379897733254e-13,NaN
-2821.5049485,-0.34980225,-2.85472e-07,1.05506249999999e-09,1.04750980769666e-09,-9.55330245305938e-13,-1.00667066799247e-13,-1.87519648869785e-13,NaN
-2811.436564,-0.348554,-2.84399875e-07,1.05549999999999e-09,1.04659326938322e-09,-1.56178084441297e-12,-7.36300043670024e-14,-1.70065001155115e-13,NaN
-2801.36515475,-0.347305375,-2.83361e-07,1.04025000000002e-09,1.04438624600784e-09,-1.8771029638265e-12,-9.02219889870047e-14,-1.75795509140857e-13,NaN
-2791.263498,-0.346053,-2.82319375e-07,1.04449999999998e-09,1.04283906345557e-09,-4.28104260572811e-13,-1.84419872132604e-13,-2.05353024377449e-13,NaN
-2781.193097,-0.3448045,-2.81272e-07,1.06368749999999e-09,1.04353003748669e-09,7.58634821853653e-13,-3.01109526255137e-13,-2.44434883817829e-13,NaN
-2771.03397,-0.343545,-2.80192e-07,1.05693750000002e-09,1.04435633309928e-09,6.80336757344576e-13,-3.43727704918476e-13,-2.73089863653455e-13,NaN
-2760.943404,-0.342294,-2.79158125e-07,1.02549999999999e-09,1.04489071100138e-09,6.64675304082985e-13,-3.37522714718961e-13,-2.8359379516829e-13,NaN
-2750.852838,-0.341043,-2.78141e-07,1.02662500000002e-09,1.04568568370744e-09,6.89460689936458e-13,-3.43328647428397e-13,-2.7080984696158e-13,NaN
-2740.78647,-0.339795,-2.77104875e-07,1.04649999999998e-09,1.04626963238125e-09,3.1594147092851e-13,-3.34875845607651e-13,-2.38528366115348e-13,NaN
-2730.687838,-0.338543,-2.76048e-07,1.04124999999997e-09,1.0463175666493e-09,-5.82506115653652e-13,-2.52993012354056e-13,-2.04798515904697e-13,NaN
-2720.605338,-0.337293,-2.75022375e-07,1.03412500000004e-09,1.04510462014995e-09,-1.30973096785912e-12,-1.14496829631605e-13,-1.78894920642546e-13,NaN
-2710.547036,-0.336046,-2.7397975e-07,1.05193750000001e-09,1.04369810471358e-09,-1.23206499581075e-12,-1.74444766969966e-14,-1.66783064061217e-13,NaN
-2700.383876,-0.334786,-2.729185e-07,1.04856249999997e-09,1.04264049015833e-09,-1.09654026705094e-12,-2.73393930994001e-14,-1.75213398895075e-13,NaN
-2690.29331,-0.333535,-2.71882625e-07,1.05149999999999e-09,1.04150502417948e-09,-8.77408746517014e-13,-9.42728365615579e-14,-1.98788767981097e-13,NaN
-2680.202744,-0.332284,-2.708155e-07,1.05081250000001e-09,1.04088567266529e-09,1.15180270221635e-13,-2.29570501430051e-13,-2.24785014434189e-13,NaN
-2670.112178,-0.331033,-2.69781e-07,1.03318750000003e-09,1.04173538471993e-09,1.23848572447855e-12,-3.82616881453174e-13,-2.4717778332785e-13,NaN
-2660.05690075,-0.329786375,-2.68749125e-07,1.05049999999999e-09,1.04336264411425e-09,1.05591151555005e-12,-4.13826770659088e-13,-2.64497568094216e-13,NaN
-2649.955244,-0.328534,-2.6768e-07,1.06706249999998e-09,1.04384720775103e-09,5.52829622420956e-14,-3.59623565997332e-13,-2.69164668973517e-13,NaN
-2639.80015,-0.327275,-2.66615e-07,1.05e-09,1.04347321003873e-09,-6.10030096944834e-13,-3.02432998219735e-13,-2.50930989529231e-13,NaN
-2629.725716,-0.326026,-2.6558e-07,1.03393750000002e-09,1.04262714755714e-09,-6.02007548303085e-13,-2.14183559669429e-13,-2.11032888813522e-13,NaN
-2619.643216,-0.324776,-2.64547125e-07,1.03425000000001e-09,1.04226919494213e-09,-1.48562255090744e-13,-9.55905153967735e-14,-1.65234394551262e-13,NaN
-2609.55265,-0.323525,-2.635115e-07,1.01024999999999e-09,1.04233002304695e-09,-3.2234379600859e-13,-2.0247541592469e-14,-1.27718106826136e-13,NaN
-2599.47015,-0.322275,-2.62526625e-07,1.00525000000001e-09,1.04162450735011e-09,-1.16745778500064e-12,-1.60742835552163e-14,-1.06933996114917e-13,NaN
-2589.38765,-0.321025,-2.61501e-07,1.04431250000001e-09,1.03999510747695e-09,-1.06861636163887e-12,-4.82755462040926e-14,-1.06387264431474e-13,NaN
-2579.22449,-0.319765,-2.60438e-07,1.06449999999998e-09,1.03948727462683e-09,-1.3961315658334e-13,-1.03398744512786e-13,-1.19230699766255e-13,NaN
-2569.150056,-0.318516,-2.59372e-07,1.06399999999999e-09,1.03971588116379e-09,4.17595104079301e-13,-1.86102380656947e-13,-1.41008798589744e-13,NaN
-2559.051424,-0.317264,-2.5831e-07,1.05150000000001e-09,1.04032246483499e-09,9.22153531223794e-13,-2.69757718099496e-13,-1.72818609904336e-13,NaN
-2548.985056,-0.316016,-2.57269e-07,1.06549999999998e-09,1.04156018822623e-09,6.778402398698e-13,-2.94640914473444e-13,-2.04791222935289e-13,NaN
-2538.902556,-0.314766,-2.56179e-07,1.057625e-09,1.04167814531473e-09,-1.63089764207348e-13,-2.29658274849395e-13,-2.18729997319099e-13,NaN
-2528.8019075,-0.31351375,-2.5515375e-07,1.01200000000001e-09,1.04123400869782e-09,-3.60875954155687e-13,-1.63585435267838e-13,-2.11768350878694e-13,NaN
-2518.72949,-0.312265,-2.54155e-07,1.01337499999999e-09,1.04095639340642e-09,-2.29874261025244e-13,-1.57692310448819e-13,-1.92212245278146e-13,NaN
-2508.5885115,-0.31100775,-2.53127e-07,1.026e-09,1.04077426017577e-09,-5.17462881378479e-13,-1.80144391089678e-13,-1.64778126392741e-13,NaN
-2498.491896,-0.309756,-2.52103e-07,1.025125e-09,1.03992146764366e-09,-8.33092906973337e-13,-1.79732363686502e-13,-1.43796392658277e-13,NaN
-2488.40133,-0.308505,-2.5107675e-07,1.03150000000002e-09,1.03910807436182e-09,-3.2201111576709e-13,-1.28467309538047e-13,-1.38584271319659e-13,NaN
-2478.326896,-0.307256,-2.5004e-07,1.043375e-09,1.03927744541213e-09,6.90552164251996e-14,-7.41076966745556e-14,-1.4633430637789e-13,NaN
-2468.244396,-0.306006,-2.4899e-07,1.06187499999998e-09,1.03924618479467e-09,-2.72215254026425e-13,-9.88480286837391e-14,-1.65313634611565e-13,NaN
-2458.178028,-0.304758,-2.4791625e-07,1.05700000000001e-09,1.03873301490407e-09,-2.55009315045917e-13,-1.58374329086383e-13,-1.83992957805543e-13,NaN
-2448.006802,-0.303497,-2.46876e-07,1.04775000000002e-09,1.03873616616458e-09,-4.78160603860929e-14,-2.06918071713338e-13,-1.89898408750314e-13,NaN
-2437.916236,-0.302246,-2.4582075e-07,1.05125000000001e-09,1.0386373827833e-09,-1.32511495164828e-13,-2.78192294281767e-13,-1.83313655967552e-13,NaN
-2427.8317195,-0.30099575,-2.447735e-07,1.03537499999999e-09,1.03847114317425e-09,-2.46252038551897e-13,-2.61433950118313e-13,-1.7302041472008e-13,NaN
-2417.74821125,-0.299745625,-2.4375e-07,1.02331249999999e-09,1.0381448787062e-09,-3.52200785974695e-13,-1.83410001955475e-13,-1.62739169887441e-13,NaN
-2407.668736,-0.298496,-2.42726875e-07,1.01400000000001e-09,1.0377667416023e-09,-2.78417970961439e-14,-1.51870022551037e-13,-1.45261422099909e-13,NaN
-2397.5842195,-0.29724575,-2.41722e-07,1.02143749999999e-09,1.03808919511201e-09,4.40421923486051e-13,-9.48198519222618e-14,-1.20164434199756e-13,NaN
-2387.43819975,-0.295987875,-2.40684e-07,1.03568749999999e-09,1.03864758544927e-09,4.80261444199967e-13,-1.95144143247379e-14,-9.77539862932162e-14,NaN
-2377.33251,-0.294735,-2.39650625e-07,1.05125000000001e-09,1.03904971800041e-09,1.2652608213092e-13,-1.08327650174237e-14,-8.13364600161923e-14,NaN
-2367.274208,-0.293488,-2.385815e-07,1.05499999999999e-09,1.03890063761354e-09,-3.33819140863018e-13,-6.38816628647084e-14,-7.350180427233e-14,NaN
-2357.1735595,-0.29223575,-2.37540625e-07,1.03625e-09,1.03838207971868e-09,-7.50494773381417e-13,-1.0549223408254e-13,-8.28472816039552e-14,NaN
-2347.093076,-0.290986,-2.36509e-07,1.04981249999999e-09,1.03739964806677e-09,-7.63742525312636e-13,-1.20716601926541e-13,-1.06298269173217e-13,NaN
-2337.00251,-0.289735,-2.35441e-07,1.0709375e-09,1.03685459466806e-09,-7.13124872589633e-13,-1.60119968003624e-13,-1.35907896756181e-13,NaN
-2326.92001,-0.288485,-2.34367125e-07,1.04268750000001e-09,1.03597339832159e-09,-2.98568483997066e-13,-1.83978512104815e-13,-1.67735286268496e-13,NaN
-2316.777015,-0.2872275,-2.33355625e-07,1.03112500000001e-09,1.03625745770006e-09,9.20181516002455e-13,-1.73582136163123e-13,-1.90556827788769e-13,NaN
-2306.67435,-0.285975,-2.32304875e-07,1.0228125e-09,1.0378137613536e-09,6.522458039824e-13,-1.88790338257269e-13,-1.95560431419304e-13,NaN
-2296.603949,-0.2847265,-2.3131e-07,9.98437499999993e-10,1.03756194930803e-09,-5.94747332897107e-14,-2.13725498266046e-13,-1.89115620079036e-13,NaN
-2286.525482,-0.283477,-2.30308e-07,1.016e-09,1.03769481188702e-09,9.81796020291266e-14,-2.31232860248267e-13,-1.80956278438351e-13,NaN
-2276.42685,-0.282225,-2.29278e-07,1.0370625e-09,1.03775830851208e-09,-6.0378491019009e-13,-2.11005462069976e-13,-1.7161909795166e-13,NaN
-2266.352416,-0.280976,-2.28233875e-07,1.0545e-09,1.03648724206664e-09,-1.10106047135853e-12,-1.54085863768547e-13,-1.66609127281887e-13,NaN
-2256.18119,-0.279715,-2.27169e-07,1.0510625e-09,1.03555618756937e-09,-6.34108360325919e-13,-1.18181559060607e-13,-1.80155805053077e-13,NaN
-2246.12792925,-0.278468625,-2.2613175e-07,1.04418749999998e-09,1.03521902534599e-09,-2.15912308319882e-13,-1.30707934253837e-13,-2.07638347458622e-13,NaN
-2236.0262725,-0.27721625,-2.25080625e-07,1.04181249999999e-09,1.03512436295273e-09,-3.29056150758538e-14,-1.8485146341827e-13,-2.36771972546016e-13,NaN
-2225.93066525,-0.275964625,-2.24048125e-07,1.0264375e-09,1.03515321411583e-09,-3.46058234591152e-15,-2.37900161295044e-13,-2.63398666033888e-13,NaN
-2215.859256,-0.274716,-2.2302775e-07,1.02606250000001e-09,1.03511744178804e-09,1.7673814808907e-13,-2.87688421143745e-13,-2.80683926134638e-13,NaN
-2205.78583025,-0.273467125,-2.21996e-07,1.032875e-09,1.03550669041201e-09,-1.73326406037713e-14,-3.77625542697282e-13,-2.87762000143412e-13,NaN
-2195.702322,-0.272217,-2.20962e-07,1.03249999999999e-09,1.03508277650683e-09,-4.07033568143874e-13,-4.29416202494136e-13,-2.88300494642463e-13,NaN
-2185.531096,-0.270956,-2.19931e-07,1.03349999999999e-09,1.03469262327573e-09,-8.44115948256898e-14,-3.51911838156111e-13,-2.82140417635858e-13,NaN
-2175.448596,-0.269706,-2.18895e-07,1.0405e-09,1.03491395331718e-09,-1.43031269112624e-14,-2.48152535009052e-13,-2.68620357107611e-13,NaN
-2165.3761785,-0.26845725,-2.1785e-07,1.04881250000002e-09,1.0346640170219e-09,-3.14171187343259e-13,-1.66180207932204e-13,-2.50011709486824e-13,NaN
-2155.299728,-0.267208,-2.16797375e-07,1.034125e-09,1.03428561094249e-09,-7.93049531132827e-13,-1.05470352346568e-13,-2.28663061757206e-13,NaN
-2145.209162,-0.265957,-2.1578175e-07,1.02668749999999e-09,1.03307791795964e-09,-1.08169706561853e-12,-1.27592867062009e-13,-2.04995475048834e-13,NaN
-2135.126662,-0.264707,-2.14744e-07,1.038125e-09,1.03212221681125e-09,-6.81154301343628e-13,-2.037007094333e-13,-1.85152214356562e-13,NaN
-2124.963502,-0.263447,-2.137055e-07,1.02968750000001e-09,1.03171560935695e-09,-4.43852069132577e-14,-2.47376990993241e-13,-1.80431590148939e-13,NaN
-2114.872936,-0.262196,-2.12684625e-07,1.0319375e-09,1.03203344639743e-09,4.40327782056297e-13,-2.39216484105217e-13,-1.87439624169517e-13,NaN
-2104.79547725,-0.260946625,-2.11641625e-07,1.04431249999999e-09,1.03259626492106e-09,9.80727196539606e-14,-2.0815708112605e-13,-1.87494057028819e-13,NaN
-2094.707936,-0.259696,-2.10596e-07,1.03331250000002e-09,1.03222959183673e-09,-9.42348637568312e-14,-1.63994699602459e-13,-1.71630565766515e-13,NaN
-2084.6153535,-0.25844475,-2.09575e-07,1.00381250000002e-09,1.03240779519355e-09,5.68772792135884e-13,-1.33507546442095e-13,-1.38103150015617e-13,NaN
-2074.563101,-0.2571985,-2.08588375e-07,1.04949999999999e-09,1.03336713742101e-09,4.75949342001122e-13,-1.24236875773015e-13,-8.72190460010298e-14,NaN
-2064.39691625,-0.255938125,-2.07476e-07,1.03418749999999e-09,1.03335969387755e-09,-1.51408440734787e-13,-7.82076161063423e-14,-3.25500650777617e-14,NaN
-2054.30433375,-0.254686875,-2.0652e-07,9.90999999999986e-10,1.03306432053954e-09,-5.57797175473995e-13,1.86565687254377e-14,1.02268344629972e-14,NaN
-2044.20570175,-0.253434875,-2.05494e-07,1.04e-09,1.0322440995266e-09,-9.29892947744907e-13,9.81203856987655e-14,4.12554216756849e-14,NaN
-2034.035484,-0.252174,-2.0444e-07,1.04693750000001e-09,1.03120453464405e-09,-5.14887794740208e-13,1.25511933102471e-13,6.32892943534016e-14,NaN
-2023.95802525,-0.250924625,-2.03400125e-07,1.04899999999999e-09,1.03121432393712e-09,1.82336377947505e-13,1.17062255309549e-13,7.16836066142651e-14,NaN
-2013.951144,-0.249684,-2.02342e-07,1.0514375e-09,1.03156920739994e-09,5.61913208679996e-13,8.59630423128998e-14,7.30495252468981e-14,NaN
-2003.868644,-0.248434,-2.0129725e-07,1.03850000000001e-09,1.03233815035448e-09,4.90614878026547e-13,3.40995850076274e-14,7.14705392573446e-14,NaN
-1993.71657475,-0.247175375,-2.00265e-07,1.027e-09,1.03255043715599e-09,1.00572068449582e-13,2.63714550627788e-15,5.97441529853196e-14,NaN
-1983.63105,-0.245925,-1.9924325e-07,1.0125e-09,1.03253929449138e-09,-4.75485005327488e-14,1.91505020110505e-14,4.44794575455507e-14,NaN
-1973.556616,-0.244676,-1.9824e-07,1.00806250000001e-09,1.03245534015493e-09,-2.0691507735209e-13,1.13698257536453e-14,3.24398995130689e-14,NaN
-1963.474116,-0.243426,-1.97227125e-07,1.018e-09,1.03212546433668e-09,3.50542339577513e-13,-1.63908111782086e-14,1.74549875993367e-14,NaN
-1953.367418,-0.242173,-1.96204e-07,1.0225625e-09,1.03315642483408e-09,8.60652279780115e-13,1.91539277728552e-14,-6.88664552383459e-15,NaN
-1943.30105,-0.240925,-1.95182e-07,1.0505e-09,1.03384676889624e-09,1.40660037600948e-14,2.16424740527257e-14,-4.25879028725146e-14,NaN
-1933.1681375,-0.23966875,-1.94103e-07,1.04637499999999e-09,1.0331845568416e-09,-6.83642324854829e-13,-3.94858699564355e-14,-8.79342740994134e-14,NaN
-1923.0574065,-0.23841525,-1.9308925e-07,1.0331875e-09,1.03247948424653e-09,-5.24536229586354e-13,-8.17125497998028e-14,-1.42247574740402e-13,NaN
-1912.9870055,-0.23716675,-1.92036625e-07,1.03512500000001e-09,1.03213548438243e-09,-7.55877822824186e-14,-1.82604941347604e-13,-2.01986148053321e-13,NaN
-1902.906522,-0.235917,-1.91019e-07,1.02581249999999e-09,1.03232830868196e-09,-1.61865925614963e-13,-3.18966904098225e-13,-2.61946430032333e-13,NaN
-1892.836121,-0.2346685,-1.89985e-07,1.0415e-09,1.0318117525312e-09,-5.37931210219584e-13,-3.96738636389689e-13,-3.21567564095271e-13,NaN
-1882.741522,-0.233417,-1.88936e-07,1.038125e-09,1.03125244626152e-09,-2.72768069491945e-13,-4.20753955533451e-13,-3.73894379759361e-13,NaN
-1872.64289,-0.232165,-1.8790875e-07,1.032625e-09,1.03126621639222e-09,-1.83918378672834e-13,-4.13418295401214e-13,-4.07508025635432e-13,NaN
-1862.499895,-0.2309075,-1.8687075e-07,1.02406250000001e-09,1.03088460950418e-09,-5.22258431675021e-13,-4.07860310107048e-13,-4.25662992822534e-13,NaN
-1852.42848575,-0.229658875,-1.85860625e-07,1.020875e-09,1.03022169952887e-09,-5.07535561394155e-13,-4.13887988474023e-13,-4.34240158263712e-13,NaN
-1842.32380425,-0.228406125,-1.84829e-07,1.0348125e-09,1.02986953838139e-09,-4.94909992298658e-13,-4.28302005516474e-13,-4.28147794045242e-13,NaN
-1832.23223,-0.227155,-1.83791e-07,1.0316875e-09,1.02923187954427e-09,-9.808850426958e-13,-4.11190178559836e-13,-4.10403708569378e-13,NaN
-1822.165862,-0.225907,-1.82765625e-07,1.03131249999999e-09,1.027907768296e-09,-4.76375455842346e-13,-3.6217371020055e-13,-3.91219616817191e-13,NaN
-1812.095461,-0.2246585,-1.81728375e-07,1.0413125e-09,1.02827912863259e-09,9.56505243603251e-14,-3.63340287988373e-13,-3.73864487656331e-13,NaN
-1801.928268,-0.223398,-1.80683e-07,1.04218750000001e-09,1.02809906934472e-09,-7.27162563138884e-13,-3.85431924889267e-13,-3.57091073313093e-13,NaN
-1791.829636,-0.222146,-1.79644e-07,1.0535e-09,1.02682480350631e-09,-5.12752978549978e-13,-3.6145360837809e-13,-3.38958376986315e-13,NaN
-1781.747136,-0.220896,-1.78576e-07,1.03418749999999e-09,1.02707356338762e-09,3.08778936102646e-13,-3.04386056719748e-13,-3.1411649642707e-13,NaN
-1771.6747185,-0.21964725,-1.77575625e-07,1.00850000000001e-09,1.02744236137851e-09,2.06396945570274e-13,-2.52318021548291e-13,-2.77857484141846e-13,NaN
-1761.582136,-0.218396,-1.76559e-07,1.0118125e-09,1.02748635727876e-09,2.12441108516996e-14,-2.41237412520374e-13,-2.39679761173476e-13,NaN
-1751.499636,-0.217146,-1.75552e-07,1.01362499999999e-09,1.02748484960022e-09,-2.61825720854217e-13,-2.33906269097723e-13,-2.05178400466505e-13,NaN
-1741.352608,-0.215888,-1.7453175e-07,1.031e-09,1.02696270583705e-09,-4.88833269156566e-13,-2.00311047990444e-13,-1.67626338443066e-13,NaN
-1731.262042,-0.214637,-1.7349e-07,1.03487500000001e-09,1.0265071830619e-09,-4.3534394890035e-13,-1.46600337154343e-13,-1.33858585031569e-13,NaN
-1721.171476,-0.213386,-1.72462e-07,1.038e-09,1.02609201793925e-09,-4.95524389001044e-13,-6.54855678941699e-14,-1.13322524762441e-13,NaN
-1711.097042,-0.212137,-1.71414e-07,1.03199999999999e-09,1.0255161342839e-09,-3.98168701442796e-13,-2.32063281971748e-14,-1.02908876547826e-13,NaN
-1701.006476,-0.210886,-1.70398e-07,9.79250000000005e-10,1.02529568053637e-09,-2.61840585289928e-14,-7.36660175418254e-14,-9.41088023715669e-14,NaN
-1690.927504875,-0.2096364375,-1.694555e-07,9.88000000000009e-10,1.02546376616684e-09,4.68736551224675e-13,-1.03947846023777e-13,-7.83681037252207e-14,NaN
-1680.841476,-0.208386,-1.68422e-07,1.02975e-09,1.02623315363881e-09,3.95913554101027e-13,-7.76876267323359e-14,-5.77186491257632e-14,NaN
-1670.7355846,-0.2071331,-1.67396e-07,1.03300000000001e-09,1.02625559327505e-09,-1.90487751704677e-13,-8.51981403717563e-14,-4.07624857965895e-14,NaN
-1660.610032325,-0.2058777625,-1.66356e-07,1.0293125e-09,1.02585217813541e-09,-3.02647002196861e-13,-8.9915438420304e-14,-2.83061158373544e-14,NaN
-1650.5342876,-0.2046286,-1.65337375e-07,1.02143749999998e-09,1.02565029927065e-09,-2.60012259620964e-13,-4.25521380276577e-14,-1.81709214831694e-14,NaN
-1640.44029355,-0.203377175,-1.64313125e-07,1.0326875e-09,1.02533215361616e-09,6.80925672151587e-14,3.14717285602553e-14,-8.36546712648399e-15,NaN
-1630.3354104,-0.2021244,-1.63272e-07,1.027e-09,1.02578648440508e-09,5.44903338693986e-13,9.37173558239638e-14,2.86241301784705e-15,NaN
-1620.2553302,-0.2008747,-1.62259125e-07,1.0183125e-09,1.02642196029355e-09,4.78644759790725e-13,8.86570717978386e-14,1.55444166752632e-14,NaN
-1610.1583114,-0.1996229,-1.61235375e-07,1.02256250000002e-09,1.02674377392466e-09,-1.15125767287662e-13,3.34681841016543e-14,3.69610035451674e-14,NaN
-1600.072585,-0.1983725,-1.60214e-07,1.0346875e-09,1.02619170875898e-09,-8.07100670456487e-13,1.51564384299015e-14,6.97566754076404e-14,NaN
-1589.9642738,-0.1971193,-1.59166e-07,1.03999999999999e-09,1.02512957258375e-09,-4.7007859747675e-13,1.72987499620943e-14,1.04079824841317e-13,NaN
-1579.871590475,-0.1958680375,-1.58134e-07,1.04312500000001e-09,1.02525155156402e-09,3.96337544451745e-13,3.44989367089379e-14,1.33616635729346e-13,NaN
-1569.7718494,-0.1946159,-1.5707975e-07,1.037e-09,1.02592224767265e-09,5.66475882805864e-13,1.22206933361268e-13,1.57571652425337e-13,NaN
-1559.6800735,-0.19336475,-1.5606e-07,1.0249375e-09,1.02638450332963e-09,3.85780255498467e-13,2.47181637899901e-13,1.75954337854617e-13,NaN
-1549.5899108,-0.1921138,-1.55029875e-07,1.0305e-09,1.02669380818365e-09,1.50280159233458e-13,3.15952291499032e-13,1.92764212107774e-13,NaN
-1539.4896656,-0.1908616,-1.53999e-07,1.0204375e-09,1.0266850636481e-09,1.59002044213846e-13,2.8881838064727e-13,2.09107796528725e-13,NaN
-1529.410392,-0.189612,-1.52989e-07,1.0125e-09,1.02701181227208e-09,1.50348110942047e-13,2.29568009867311e-13,2.18686779834068e-13,NaN
-1519.3012742,-0.1883587,-1.51974e-07,1.0151875e-09,1.02698575986999e-09,-3.10862080681714e-13,1.72526438248269e-13,2.16875734140037e-13,NaN
-1509.2002224,-0.1871064,-1.50958625e-07,1.031e-09,1.02639008811072e-09,-3.67499122290128e-13,1.15298669372042e-13,1.95330462672922e-13,NaN
-1499.1128828,-0.1858558,-1.49912e-07,1.0408125e-09,1.0262507616254e-09,4.61266110217899e-13,8.56258870789175e-14,1.51439082841759e-13,NaN
-1489.0231234,-0.1846049,-1.48877e-07,1.0525e-09,1.02731262033115e-09,1.26347001064592e-12,1.08691806090762e-13,1.01628698241764e-13,NaN
-1478.9236848,-0.1833528,-1.47807e-07,1.04349999999999e-09,1.0287777016467e-09,9.20020130693833e-13,1.35449940845873e-13,5.9767419327324e-14,NaN
-1468.8323122,-0.1821017,-1.4679e-07,1.02724999999999e-09,1.02915266059254e-09,5.45833427710828e-13,9.47394318678747e-14,2.43312617371557e-14,NaN
-1458.7264208,-0.1808488,-1.457525e-07,1.02400000000001e-09,1.02986936850212e-09,2.61624697048366e-13,1.35647641592525e-16,-9.05384072642997e-15,NaN
-1448.6229492,-0.1795962,-1.44742e-07,1.0170625e-09,1.02967590998664e-09,-8.64869532719279e-13,-9.63633223319715e-14,-3.91384283733723e-14,NaN
-1438.534803,-0.1783455,-1.43718375e-07,1.003e-09,1.02813962943668e-09,-1.46738884232915e-12,-1.306289317751e-13,-6.96701974704868e-14,NaN
-1428.4393974,-0.1770939,-1.42736e-07,1.0075e-09,1.02674113230198e-09,-9.82890325941299e-13,-1.10278968847597e-13,-1.08239978340228e-13,NaN
-1418.3367324,-0.1758414,-1.41703375e-07,1.03099999999999e-09,1.0261738487848e-09,-1.9576321094442e-13,-1.29675342792309e-13,-1.51025633625887e-13,NaN
-1408.2526192,-0.1745912,-1.40674e-07,1.03574999999999e-09,1.02634960588009e-09,9.45399386171047e-14,-1.74459681876598e-13,-1.87462590130898e-13,NaN
-1398.1668928,-0.1733408,-1.39631875e-07,1.03349999999999e-09,1.02636292866203e-09,-1.36745736036102e-14,-1.76737950033766e-13,-2.08228833685624e-13,NaN
-1388.064933575,-0.1720883875,-1.38607e-07,1.02943750000001e-09,1.02632225673288e-09,3.11474353892146e-13,-1.78070370614845e-13,-2.1127979462558e-13,NaN
-1377.978400575,-0.1708378875,-1.37573e-07,1.0195e-09,1.02698587736982e-09,6.04501234455773e-13,-2.27615081854553e-13,-2.05633711721277e-13,NaN
-1367.852445,-0.1695825,-1.36568e-07,1.00999999999999e-09,1.02753125920179e-09,-5.09786461758635e-14,-2.65732223707148e-13,-1.98968277980095e-13,NaN
-1357.7651054,-0.1683319,-1.35553e-07,1.0139375e-09,1.02688392007746e-09,-8.2703175609833e-13,-2.31989590750192e-13,-1.85834495398779e-13,NaN
-1347.6688932,-0.1670802,-1.34540125e-07,1.035e-09,1.0258771956896e-09,-9.42897913882231e-13,-1.76401463237756e-13,-1.57933779457653e-13,NaN
-1337.5630018,-0.1658273,-1.33483e-07,1.0515625e-09,1.0249981242497e-09,-1.92810850755656e-13,-1.08517280442366e-13,-1.23586801128551e-13,NaN
-1327.4796952,-0.1645772,-1.32437e-07,1.028e-09,1.02549157398808e-09,8.10781388027143e-13,-5.01532021066468e-14,-9.50570639609882e-14,NaN
-1317.373501325,-0.1633242625,-1.31427e-07,1.0055e-09,1.02661968702575e-09,3.69900790505016e-13,-4.74526437592123e-14,-7.15096916980763e-14,NaN
-1307.266198375,-0.1620711875,-1.30426e-07,1.00943749999999e-09,1.02623137556909e-09,-5.65328489886883e-13,-4.10257112142344e-14,-5.1356113166855e-14,NaN
-1297.17674145,-0.160820325,-1.29408125e-07,1.02487500000001e-09,1.02548903004598e-09,-1.66062651475688e-13,-9.05727781952158e-15,-3.9890165906376e-14,NaN
-1287.09948435,-0.159570975,-1.2837625e-07,1.0410625e-09,1.02589925026614e-09,3.97809831479924e-13,-5.45152802708258e-15,-3.7141130094806e-14,NaN
-1277.010229075,-0.1583201375,-1.27326e-07,1.04912499999999e-09,1.02628464970894e-09,-1.79556728351679e-13,-5.78075325015364e-14,-3.93293371909173e-14,NaN
-1266.92198205,-0.157069425,-1.26278e-07,1.05000000000001e-09,1.02554013680944e-09,-8.59475157987334e-13,-1.07753480527979e-13,-4.91513103749261e-14,NaN
-1256.8247616,-0.1558176,-1.25226e-07,1.04712500000001e-09,1.02456569939297e-09,-4.71539559219475e-13,-1.03251736434162e-13,-6.36447189846246e-14,NaN
-1246.73157415,-0.154566275,-1.2418375e-07,1.0345e-09,1.024597057691e-09,1.87141130036617e-13,-7.50626011957568e-14,-7.87620150901979e-14,NaN
-1236.6395966,-0.1533151,-1.23157e-07,9.89874999999994e-10,1.02493998165304e-09,3.1576309769181e-13,-5.5643913704363e-14,-9.51052628080343e-14,NaN
-1226.55770155,-0.152065175,-1.22204e-07,9.85062499999994e-10,1.02522858388638e-09,2.53069152189193e-13,-5.41045151994988e-14,-1.08093562931871e-13,NaN
-1216.463001725,-0.1508136625,-1.21186875e-07,1.023e-09,1.02544611995742e-09,1.65479399306544e-13,-9.81385962915753e-14,-1.10852856287023e-13,NaN
-1206.358320225,-0.1495609125,-1.20158e-07,1.01543750000001e-09,1.025559542685e-09,4.45446102969669e-13,-1.55240192604182e-13,-1.03218147060901e-13,NaN
-1196.270980625,-0.1483103125,-1.19156e-07,1.043e-09,1.02633701216336e-09,4.01459404516926e-13,-1.63590474198924e-13,-1.01992621567115e-13,NaN
-1186.1682148,-0.1470578,-1.18072e-07,1.0345e-09,1.02636246149403e-09,-7.02818155564e-13,-1.46009350280959e-13,-1.17505107914472e-13,NaN
-1176.0663564,-0.1458054,-1.17087e-07,1.0315e-09,1.02493137585223e-09,-1.50273151713486e-12,-1.17457684605143e-13,-1.42729731037673e-13,NaN
-1165.9798234,-0.1445549,-1.16009e-07,1.04350000000001e-09,1.02335699845976e-09,-8.83200921877994e-13,-9.73613020543063e-14,-1.71022525470274e-13,NaN
-1155.8844178,-0.1433033,-1.15e-07,1.0235e-09,1.02316497400847e-09,2.80726205576086e-13,-1.06532883867252e-13,-1.92258732420571e-13,NaN
-1145.7962716,-0.1420526,-1.13962e-07,1.02549999999999e-09,1.02391845087091e-09,3.6640481664299e-13,-1.57227064738972e-13,-2.04424464665963e-13,NaN
-1135.698547025,-0.1408007125,-1.12949e-07,1.01800000000001e-09,1.02389778364176e-09,8.99581530773057e-15,-2.64902580939428e-13,-2.10000989331245e-13,NaN
-1125.5748096,-0.1395456,-1.11926e-07,1.002e-09,1.02393644250153e-09,2.28799066797206e-13,-3.1110821864979e-13,-2.02482172074419e-13,NaN
-1115.4971492,-0.1382962,-1.10945e-07,9.95499999999991e-10,1.02435538177535e-09,-3.63994654467528e-14,-2.68557735919119e-13,-1.80914475431292e-13,NaN
-1105.4081964,-0.1370454,-1.09935e-07,1.0233125e-09,1.02386364357064e-09,-7.50882664387025e-13,-2.05234335188832e-13,-1.52116210599457e-13,NaN
-1095.3079512,-0.1357932,-1.08898375e-07,1.0396875e-09,1.02285361644658e-09,-6.51968334503973e-13,-1.11278872227044e-13,-1.22361715108509e-13,NaN
-1085.2133522,-0.1345417,-1.07855625e-07,1.0516875e-09,1.02255970690163e-09,5.59723889555483e-14,-5.58712220190706e-14,-9.42368194723985e-14,NaN
-1075.1308522,-0.1332917,-1.06795e-07,1.01375e-09,1.02296556122449e-09,5.88727944007974e-13,7.9129899156262e-15,-6.91448601343787e-14,NaN
-1065.0289938,-0.1320393,-1.05828125e-07,9.93999999999996e-10,1.02373716278964e-09,1.97951114408355e-13,7.23145547526857e-14,-5.13770403152376e-14,NaN
-1054.9271354,-0.1307869,-1.04807e-07,1.04056250000001e-09,1.02336146345331e-09,-1.02950165915431e-12,1.66446002792578e-14,-5.00364985612694e-14,NaN
-1044.8317298,-0.1295353,-1.03747e-07,1.04500000000001e-09,1.02167815947134e-09,-9.15949398627788e-13,-8.73769180901617e-14,-6.01135454254747e-14,NaN
-1034.7371308,-0.1282838,-1.02717e-07,1.01249999999999e-09,1.02152956465605e-09,1.52259252757792e-13,-1.61761021608497e-13,-7.03734065759047e-14,NaN
-1024.65039615,-0.127033275,-1.01722e-07,9.99499999999995e-10,1.02198267797685e-09,5.82108315024306e-13,-1.78338341762713e-13,-8.34977736732082e-14,NaN
-1014.5503526,-0.1257811,-1.00718e-07,1.02575e-09,1.0226937812861e-09,1.07194953453087e-12,-1.55549419795279e-13,-1.02321127719315e-13,NaN
-1004.46805425,-0.124531125,-9.96705e-08,1.035e-09,1.02412657704591e-09,5.64122347052296e-13,-1.21594251181474e-13,-1.25697680050227e-13,NaN
-994.357020775,-0.1232775875,-9.8648e-08,1.01625e-09,1.0238220259802e-09,-1.97490316881256e-13,-8.25338955652987e-14,-1.34807934481417e-13,NaN
-984.2834942,-0.1220287,-9.7638e-08,1.01575000000001e-09,1.02373159641215e-09,-3.9613581281607e-13,-4.70459091484103e-14,-1.21051709867389e-13,NaN
-974.1582444,-0.1207734,-9.66165e-08,1.0335e-09,1.02302975435457e-09,-1.0887435162747e-12,-5.92944212139249e-14,-1.07619773621713e-13,NaN
-964.053663725,-0.1195206625,-9.5571e-08,1.03325e-09,1.0215541093796e-09,-7.23641107386138e-13,-1.45093425803482e-13,-1.11496813556884e-13,NaN
-953.976003325,-0.1182712625,-9.455e-08,1.0235e-09,1.0215824721398e-09,-5.96945853813053e-13,-2.09568795798347e-13,-1.34420310101674e-13,NaN
-943.8986454,-0.1170219,-9.3524e-08,9.95125e-10,1.02036021767197e-09,-5.53427739020125e-13,-1.74355012718814e-13,-1.64352318097497e-13,NaN
-933.788721,-0.1157685,-9.255975e-08,1.0088125e-09,1.02047561666176e-09,4.12087476499846e-13,-9.86983702422749e-14,-1.90913914744783e-13,NaN
-923.68666095,-0.114516075,-9.1506375e-08,1.0418125e-09,1.02118439262497e-09,2.52719484019926e-13,-1.41706290665028e-13,-2.10108894113006e-13,NaN
-913.603455175,-0.1132659875,-9.0476125e-08,1.051875e-09,1.0209810556298e-09,7.55339871798202e-14,-2.66179986760957e-13,-2.14584289860842e-13,NaN
-903.530231075,-0.1120171375,-8.9402625e-08,1.0305625e-09,1.02133546059933e-09,3.16179301909294e-13,-3.12007643008033e-13,-2.03069513539951e-13,NaN
-893.4046788,-0.1107618,-8.8415e-08,1.0033125e-09,1.02161341423362e-09,1.55949172120295e-14,-2.67521294312104e-13,-1.80854546526041e-13,NaN
-883.300904725,-0.1095091625,-8.7396e-08,1.02750000000001e-09,1.02136665043376e-09,-4.62488533148982e-13,-1.74435633017211e-13,-1.66288780697585e-13,NaN
-873.213968425,-0.1082586125,-8.636e-08,1.023e-09,1.02068843716732e-09,-3.48356559604912e-13,-1.18890081955665e-13,-1.71764728796745e-13,NaN
-863.122495,-0.1070075,-8.535e-08,9.97499999999993e-10,1.02066993731455e-09,-5.93556054497404e-13,-1.03312991521443e-13,-1.81721822313849e-13,NaN
-853.029005075,-0.1057561375,-8.4365e-08,1.0135e-09,1.01950132505832e-09,-8.3681255521057e-13,-9.22523776122458e-14,-1.81930546947527e-13,NaN
-842.9437828,-0.1045058,-8.3323e-08,1.0325e-09,1.01899631220413e-09,1.93423123966605e-13,-1.35822138603896e-13,-1.82927221091772e-13,NaN
-832.8451508,-0.1032538,-8.23e-08,1.0308125e-09,1.01988817130626e-09,7.17446176583633e-13,-2.0190338287352e-13,-1.97788924887812e-13,NaN
-822.745409725,-0.1020016625,-8.1261375e-08,1.0285e-09,1.02043120455729e-09,-4.06683899972849e-14,-2.96243273929743e-13,-2.2035358132957e-13,NaN
-812.6599858,-0.1007513,-8.0243e-08,9.931875e-10,1.01980683452626e-09,-1.05321609775993e-12,-3.47016357773622e-13,-2.43865904081816e-13,NaN
-802.530198875,-0.0994954375,-7.9275e-08,1.0035e-09,1.01832477236177e-09,-7.05236103875486e-13,-2.85833475460187e-13,-2.63239626577979e-13,NaN
-792.4502195,-0.09824575,-7.8236e-08,1.049375e-09,1.01839636231851e-09,4.38077589526707e-13,-2.42936202919771e-13,-2.74087655130567e-13,NaN
-782.346243775,-0.0969930875,-7.717625e-08,1.013e-09,1.01920092754083e-09,3.00163791931977e-13,-2.38394247581442e-13,-2.74499237542501e-13,NaN
-772.2557786,-0.0957421,-7.621e-08,1.008125e-09,1.01899668990238e-09,-5.76381755532875e-13,-2.22329121585749e-13,-2.56600249375191e-13,NaN
-762.16823735,-0.094491475,-7.516e-08,1.00900000000001e-09,1.01804816402976e-09,-6.84949404290443e-13,-1.9637388526646e-13,-2.20609685686998e-13,NaN
-752.085939,-0.0932415,-7.4192e-08,9.86000000000007e-10,1.0176267910938e-09,-2.64342977756894e-13,-2.07126296293766e-13,-1.75616138941256e-13,NaN
-741.9687552,-0.0919872,-7.3188e-08,1.0465e-09,1.01751947807425e-09,-1.83586901741828e-13,-2.04274440101462e-13,-1.37151811912593e-13,NaN
-731.8717364,-0.0907354,-7.2099e-08,1.034375e-09,1.01725961729031e-09,-3.2381318093263e-13,-1.407396724208e-13,-1.08411333111947e-13,NaN
-721.7948826,-0.0894861,-7.111925e-08,1.0089375e-09,1.01687185171238e-09,-3.47282497904696e-13,-6.67151973450013e-14,-7.77155082196562e-14,NaN
-711.683345,-0.0882325,-7.0081125e-08,1.02268749999999e-09,1.0165650522945e-09,1.69465262519835e-13,1.97380913262187e-14,-4.14763907432819e-14,NaN
-701.61072585,-0.086983725,-6.9073875e-08,1.0045625e-09,1.01721078223742e-09,8.47967465288033e-13,6.81123952725677e-14,6.830436084249e-17,NaN
-691.502213,-0.0857305,-6.8072e-08,1.03893750000001e-09,1.01826098722508e-09,2.737537231876e-13,4.90189208852809e-14,4.35034300898445e-14,NaN
-681.4350384,-0.0844824,-6.6996e-08,1.0245e-09,1.0177582896838e-09,-6.16696230378951e-13,3.05726834485391e-14,8.885056154591e-14,NaN
-671.321181825,-0.0832285125,-6.6023e-08,9.97124999999996e-10,1.01702759476432e-09,-4.46018525334857e-13,6.56545141709983e-14,1.29584646429365e-13,NaN
-661.207426075,-0.0819746375,-6.500175e-08,1.0255e-09,1.01686625263313e-09,1.41761209200686e-13,1.28075493637463e-13,1.57310143047512e-13,NaN
-651.1230104,-0.0807244,-6.3972e-08,1.0225e-09,1.01731111718272e-09,5.33813195089456e-13,1.94937841776095e-13,1.74229281744036e-13,NaN
-641.018631375,-0.0794716875,-6.295675e-08,1.0065e-09,1.01793387902331e-09,4.54628360778332e-13,2.36586086608619e-13,1.7936496285537e-13,NaN
-630.927460425,-0.0782206125,-6.1959e-08,1.0264375e-09,1.01822037390428e-09,8.58397132438036e-13,2.26183080191351e-13,1.82217013014057e-13,NaN
-620.8492959,-0.07697115,-6.0903875e-08,1.03606250000001e-09,1.01965067328818e-09,1.02894487983878e-12,2.21567643518985e-13,1.88391356661698e-13,NaN
-610.7397748,-0.0757178,-5.9886875e-08,9.94687499999998e-10,1.02027826366396e-09,-2.14133176855835e-13,1.90145866331197e-13,1.8444141680716e-13,NaN
-600.662921,-0.0744685,-5.89145e-08,1.0204375e-09,1.01922240693447e-09,-1.1779410349046e-12,1.24348764348488e-13,1.64973444083198e-13,NaN
-590.5538032,-0.0732152,-5.7846e-08,1.0238125e-09,1.01792238159415e-09,-8.61616840132128e-13,8.80716927870487e-14,1.3622476681828e-13,NaN
-580.4600108,-0.0719638,-5.6866875e-08,9.92500000000001e-10,1.01749917325421e-09,4.38501296744978e-13,7.00083192560607e-14,1.04177337012606e-13,NaN
-570.3613788,-0.0707118,-5.5861e-08,1.0185625e-09,1.01879938418764e-09,1.33643004371571e-12,1.0306667654756e-13,7.3203192163467e-14,NaN
-560.263049275,-0.0694598375,-5.482975e-08,1.023125e-09,1.02017203334164e-09,4.75603283766541e-13,1.07121107425746e-13,4.71484217034084e-14,NaN
-550.179944325,-0.0682097625,-5.381475e-08,1.030875e-09,1.01975059075517e-09,-4.20159573263389e-13,3.28885848979883e-14,2.76042627366486e-14,NaN
-540.0646762,-0.0669557,-5.2768e-08,1.025875e-09,1.01933171419511e-09,1.26133590228562e-13,-3.53920429263349e-15,1.91425213052936e-14,NaN
-529.9854026,-0.0657061,-5.1763e-08,1.0095625e-09,1.02000285793563e-09,7.36612097666893e-14,-8.93357312848009e-15,1.85274219876991e-14,NaN
-519.888081325,-0.0644542625,-5.0748875e-08,1.01141875e-09,1.01947903661465e-09,-5.60902002310845e-13,-1.55514840062565e-14,1.28594102755472e-14,NaN
-509.801346675,-0.0632037375,-4.97401625e-08,1.0204375e-09,1.01888105393101e-09,-2.46317017372951e-13,-1.55067440156473e-14,2.56806752647396e-15,NaN
-499.7294333,-0.06195505,-4.8708e-08,1.02844375e-09,1.0189864025799e-09,-2.39725135336784e-13,9.78388454094094e-15,-1.94294343367412e-15,NaN
-489.622332,-0.060702,-4.7683275e-08,1.03116875e-09,1.01840160366033e-09,1.35893083648833e-13,4.34761309910785e-14,8.84424005005785e-15,NaN
-479.517952975,-0.0594492875,-4.66456625e-08,1.01996875e-09,1.0192581887472e-09,5.49021778522835e-13,4.9725787197564e-14,2.50500826144444e-14,NaN
-469.485563,-0.0582055,-4.56433375e-08,1.023525e-09,1.01949964721738e-09,-7.00229620152458e-14,2.11898556934344e-14,3.10002779760211e-14,NaN
-459.3611198,-0.0569503,-4.45986125e-08,1.04204375e-09,1.01911814282317e-09,2.09144034970109e-14,-2.02744475148523e-14,2.94006311067594e-14,NaN
-449.1971532,-0.0556902,-4.355925e-08,1.01373125e-09,1.01954147602437e-09,-1.34831762893616e-14,1.04706101335705e-14,2.29133618771306e-14,NaN
-439.09227005,-0.054437425,-4.257115e-08,9.88406250000003e-10,1.01909117647059e-09,7.16893361117285e-14,7.39304815171721e-14,1.45228446093073e-14,NaN
-429.061694925,-0.0531938625,-4.15824375e-08,1.00659375e-09,1.0196848546966e-09,4.58809939070176e-13,5.36822820733346e-14,3.44116816212322e-15,NaN
-418.99381455,-0.051945675,-4.05579625e-08,1.02391875e-09,1.02000879634873e-09,-2.34462558608211e-13,-3.58700330008781e-14,-1.19003460096479e-14,NaN
-408.8687664,-0.0506904,-3.95346e-08,1.04140625e-09,1.01921592957938e-09,-4.32611723935089e-13,-7.8863295550629e-14,-2.81411889483326e-14,NaN
-398.779007,-0.0494395,-3.847515e-08,1.04055e-09,1.01914357290086e-09,-4.81828580488861e-14,-6.69637859655681e-14,-4.7641094487739e-14,NaN
-388.6811816,-0.0481876,-3.74535e-08,1.0196875e-09,1.01911956386328e-09,-1.22483238578444e-13,-6.63750783742698e-14,-7.45136899740621e-14,NaN
-378.565510175,-0.0469334875,-3.6435775e-08,1.00185e-09,1.0188986064237e-09,9.16498674944086e-14,-6.90326787537795e-14,-1.13588173549228e-13,NaN
-368.4161632,-0.0456752,-3.54498e-08,9.81275000000002e-10,1.01930286359827e-09,6.37469775646088e-13,-1.16406204688606e-13,-1.54929980773764e-13,NaN
-358.3796394,-0.0444309,-3.4473225e-08,1.00004375e-09,1.02017354597499e-09,1.73819055924052e-13,-1.78533360883305e-13,-1.80059490982583e-13,NaN
-348.254288775,-0.0431755875,-3.34497125e-08,1.0296125e-09,1.01965050171012e-09,-5.80963965775118e-13,-2.07710572251853e-13,-1.91820455777278e-13,NaN
-338.102522,-0.041917,-3.2414e-08,1.05625625e-09,1.01901161804344e-09,-7.42920139754046e-13,-2.43868091357393e-13,-2.04115985362417e-13,NaN
-328.0869698,-0.0406753,-3.13372e-08,1.05335e-09,1.01816466143061e-09,-1.1048945757548e-12,-2.65957195675638e-13,-2.18759196562054e-13,NaN
-317.9407484,-0.0394174,-3.03073e-08,9.96799999999998e-10,1.01680182889193e-09,-7.35412042175099e-13,-2.72761242068611e-13,-2.3357545526965e-13,NaN
-307.923885475,-0.0381755375,-2.93436e-08,9.89131250000003e-10,1.01669383734626e-09,9.58241551339998e-14,-2.32805856263762e-13,-2.5014369552554e-13,NaN
-297.7515504,-0.0369144,-2.83290375e-08,1.00955e-09,1.0169934772022e-09,5.80628171079394e-13,-1.66151960360313e-13,-2.59515210690208e-13,NaN
-287.750517,-0.0356745,-2.73245e-08,1.01466875e-09,1.01785509368842e-09,6.07438305510932e-13,-1.80824565894174e-13,-2.54851398695566e-13,NaN
-277.615588,-0.034418,-2.62997e-08,1.0254875e-09,1.01820835381322e-09,-1.66682427687941e-13,-2.39835554812569e-13,-2.36526471062358e-13,NaN
-267.506571025,-0.0331647125,-2.5273525e-08,1.0345e-09,1.01752172883304e-09,-8.55220319259913e-13,-2.76408770316973e-13,-2.05987801429145e-13,NaN
-257.4195339,-0.03191415,-2.42307e-08,1.03365e-09,1.0164979131747e-09,-9.32691779541988e-13,-2.86405040865127e-13,-1.76813774707045e-13,NaN
-247.170471,-0.0306435,-2.3206225e-08,1.00915e-09,1.01565634527396e-09,-4.77804282090283e-13,-2.43877902186316e-13,-1.58036157167526e-13,NaN
-237.2968804,-0.0294194,-2.22124e-08,1.0027875e-09,1.01554230461052e-09,1.52983575505655e-13,-1.26154491821326e-13,-1.49746671680123e-13,NaN
-227.158825825,-0.0281625125,-2.120065e-08,1.0115e-09,1.01596231242497e-09,3.60620498199466e-13,-2.01465042128307e-14,-1.45399267830925e-13,NaN
-217.0512204,-0.0269094,-2.01894e-08,1.02435e-09,1.01626354560692e-09,1.57021110330832e-13,-5.62280632788878e-15,-1.33598551310218e-13,NaN
-206.9425059,-0.02565615,-1.915195e-08,1.0215375e-09,1.01627635464563e-09,1.68224648349767e-13,-6.05269646825069e-14,-1.17092287604496e-13,NaN
-196.8112066,-0.0244001,-1.8146325e-08,1.006575e-09,1.01659999490362e-09,1.1925312577984e-14,-1.57953214372976e-13,-1.03020845043577e-13,NaN
-186.735966,-0.023151,-1.71388e-08,1.0157125e-09,1.01630020527079e-09,-7.04743949466612e-13,-2.04824398873562e-13,-9.52944961900308e-14,NaN
-176.6058766,-0.0218951,-1.61149e-08,1.0147e-09,1.01519050700469e-09,-8.41259499082373e-13,-1.8099071802632e-13,-9.81932540341515e-14,NaN
-166.507748725,-0.0206431625,-1.51094e-08,1.01105e-09,1.01461768627262e-09,-2.07153828512473e-13,-1.35091061581852e-13,-1.08463165116352e-13,NaN
-156.4005466,-0.0193901,-1.40928e-08,1.01965e-09,1.01477619934766e-09,3.79814166232296e-13,-7.0264785036228e-14,-1.13209863661394e-13,NaN
-146.321273,-0.0181405,-1.30701e-08,1.02285e-09,1.01537731460509e-09,6.31311722802119e-13,-3.45901072487842e-14,-1.0669949088993e-13,NaN
-136.20913045,-0.016886825,-1.20471e-08,1.019975e-09,1.01603882279327e-09,4.00105679064175e-13,-3.7987857174564e-14,-9.24894623758978e-14,NaN
-126.160306,-0.015641,-1.103015e-08,1.0092375e-09,1.01617752596322e-09,-1.0248094520772e-13,-6.28895737676838e-14,-7.2117147487053e-14,NaN
-116.113800525,-0.0143954625,-1.0028625e-08,1.00554375e-09,1.01583386090285e-09,-7.0811039038277e-13,-9.17538827945613e-14,-5.40910963944577e-14,NaN
-105.9848202,-0.0131397,-9.0190625e-09,9.989625e-10,1.01476130518245e-09,-1.02058674885057e-12,-9.44473749302752e-14,-4.47755456654185e-14,NaN
-95.9095796,-0.0118906,-8.0307e-09,1.00113125e-09,1.01379268740515e-09,-4.72651843756341e-13,-7.70235058064631e-14,-4.32800071206513e-14,NaN
-85.8657964,-0.0106454,-7.0168e-09,1.02845e-09,1.01381600149494e-09,4.03375430360731e-13,-5.85158288910315e-14,-4.63618710748877e-14,NaN
-75.706366925,-0.0093858625,-5.9738e-09,1.04344375e-09,1.01459943826587e-09,7.37709800901425e-13,-2.18982637216822e-14,-4.70872563539147e-14,NaN
-65.5951318,-0.0081323,-4.9299125e-09,1.0316e-09,1.01529142109674e-09,1.74555624136449e-13,2.30306083056725e-14,-4.36629018411357e-14,NaN
-55.5327968,-0.0068848,-3.9106e-09,1.01340625e-09,1.01494854951415e-09,-2.42515402387103e-13,7.04588730486793e-15,-3.37121386214993e-14,NaN
-45.403514,-0.005629,-2.9031e-09,1.00260625e-09,1.01480639029197e-09,3.5705791750531e-14,-4.86353273740364e-14,-2.07138201446072e-14,NaN
-35.3746529,-0.00438565,-1.9053875e-09,9.887125e-10,1.01501996109765e-09,9.23928061790471e-14,-7.62246486781533e-14,-1.91908697806543e-14,NaN
-25.249302275,-0.0031303375,-9.25675e-10,9.985125e-10,1.01499117590432e-09,-2.5387041608172e-15,-6.58226940489115e-14,-3.12571149793364e-14,NaN
-15.124052475,-0.0018750375,9.16375e-11,1.015775e-09,1.01501488368933e-09,-2.02538845727154e-13,-3.99207011489492e-14,-4.8128326021101e-14,NaN
-5.0598018,-0.0006273,1.105875e-09,1.02891875e-09,1.01458609821287e-09,-3.13715840109629e-13,-1.82846790890543e-14,-6.37520555064011e-14,NaN
5.0114058,0.0006213,2.149475e-09,1.03438125e-09,1.01438745200911e-09,-1.0598272327792e-13,-2.76246225862731e-15,-7.21023184986089e-14,NaN
15.0922926,0.0018711,3.1746375e-09,1.0211625e-09,1.01437413276631e-09,6.08780776461004e-14,-5.24044754899493e-14,-7.08205232046257e-14,NaN
25.3078816,0.0031376,4.1918e-09,1.0077125e-09,1.0145092081644e-09,1.17077680128664e-13,-1.44095077079245e-13,-6.80012083062491e-14,NaN
35.3081084,0.0043774,5.1900625e-09,9.997e-10,1.01460828812657e-09,8.8163874040345e-14,-1.39514078012963e-13,-7.03328959297841e-14,NaN
45.4297285,0.00563225,6.1912e-09,1.01201875e-09,1.01468553591248e-09,-8.02362454416729e-14,-7.08783607235899e-14,-7.08835174972829e-14,NaN
55.5444925,0.00688625,7.2141e-09,1.0235875e-09,1.01444781563569e-09,-3.66317753516645e-13,-2.68406027026837e-14,-6.17735731960392e-14,NaN
65.6515938,0.0081393,8.238375e-09,1.019925e-09,1.01395290040545e-09,-2.77285230129635e-13,-1.37559059582598e-14,-4.33011529639747e-14,NaN
75.696486075,0.0093846375,9.25395e-09,1.0199125e-09,1.01389324517543e-09,-8.24407121340334e-14,-2.58772560979746e-14,-1.90357919692286e-14,NaN
85.8319192,0.0106412,1.02782e-08,1.016525e-09,1.01378801898118e-09,-1.23988085800547e-13,-3.10448617647868e-14,9.07302594026989e-15,NaN
95.92389675,0.011892375,1.1287e-08,1.0079125e-09,1.01364526900383e-09,-1.48971097872994e-13,4.1405477969006e-15,3.38899677252063e-14,NaN
106.0582208,0.0131488,1.2294025e-08,1.0123625e-09,1.01349007678543e-09,8.34383989443453e-14,7.50485016401773e-14,4.74307749687351e-14,2.26842836806994e-07
116.0923248,0.0143928,1.3311725e-08,1.01384375e-09,1.01381214580172e-09,2.59698690797116e-13,1.01639674135963e-13,5.42979595567193e-14,2.59685893532136e-07
126.24036105,0.015650925,1.43217125e-08,1.0132375e-09,1.01400947416703e-09,4.66962728488547e-14,6.73630714522295e-14,5.66892048468029e-14,2.71122284049927e-07
136.2520819,0.01689215,1.53382e-08,1.01019375e-09,1.01390553834741e-09,5.28141917143978e-13,2.76818402777966e-14,5.05031256489519e-14,2.41536687886292e-07
146.3527304,0.0181444,1.63421e-08,1.008475e-09,1.01506575800131e-09,8.64539825364176e-13,8.284898044527e-15,3.27542500976747e-14,1.56650761336705e-07
156.501674075,0.0194026375,1.735515e-08,1.0183e-09,1.01563461799814e-09,-4.05515201363347e-13,3.25978488195292e-15,-1.04566511455039e-15,-5.00100706958882e-09
166.6334775,0.02065875,1.83787e-08,1.013975e-09,1.01425472759859e-09,-8.858275385626e-13,-1.91823011950043e-14,-5.33415048566435e-14,-2.55111544966556e-07
176.5574806,0.0218891,1.93831e-08,1.0204e-09,1.01386296292102e-09,-1.1564942014562e-13,-8.45648700825523e-14,-1.19415332939745e-13,-5.71116809711824e-07
186.8077534,0.0231599,2.04195e-08,1.0303125e-09,1.0140234287583e-09,2.30450434892117e-14,-1.84973215756068e-13,-1.89448703816798e-13,-9.06059018254251e-07
196.889950925,0.0244098625,2.1443725e-08,1.01208125e-09,1.013909053008e-09,5.8720823235047e-14,-2.77183200406187e-13,-2.67077343368795e-13,-1.27732642480728e-06
207.0405078,0.0256683,2.24436625e-08,9.90600000000002e-10,1.01414087040477e-09,2.75055777027534e-13,-3.55758297727049e-13,-3.58021411243855e-13,-1.71227631464452e-06
217.07118375,0.026911875,2.3424925e-08,9.91143749999998e-10,1.01445916456205e-09,-2.87878547645454e-13,-4.43794875319532e-13,-4.46762333945614e-13,-2.13668942321815e-06
227.251484,0.028174,2.442595e-08,1.000225e-09,1.01356511330947e-09,-1.2177192575141e-12,-5.34626551481933e-13,-5.24774012416277e-13,-2.50978875503437e-06
237.133846375,0.0293991875,2.5425375e-08,1.008375e-09,1.01202372604702e-09,-1.1256514870098e-12,-6.10951347314953e-13,-5.97018524500602e-13,-2.85530598674201e-06
247.300434425,0.0306596125,2.64427e-08,1.03754375e-09,1.01131381033546e-09,-5.79172164148538e-13,-6.78970674118681e-13,-6.60478730132307e-13,-3.15881131802408e-06
257.3997722,0.0319117,2.75004625e-08,1.0373375e-09,1.01086538171873e-09,-4.65129235656595e-13,-7.60006214107182e-13,-7.14821356209017e-13,-3.41871083404312e-06
267.466845975,0.0331597875,2.8517375e-08,1.009775e-09,1.01038355186414e-09,-7.64431810460124e-13,-7.7914447526345e-13,-7.65214020046776e-13,-3.65971922631067e-06
277.5518666,0.0344101,2.95200125e-08,9.94374999999999e-10,1.00933651809781e-09,-1.14094812453273e-12,-7.16554317789457e-13,-8.034172150278e-13,-3.84243015882861e-06
287.715530725,0.0356701625,3.0506125e-08,9.99593750000003e-10,1.00810165561508e-09,-1.10293933611186e-12,-7.56685203531764e-13,-8.18522220718719e-13,-3.91467149039387e-06
297.8104322,0.0369217,3.15192e-08,1.0124375e-09,1.00713063942558e-09,-6.99688483884098e-13,-8.53996622370561e-13,-8.15302562650248e-13,-3.89927312571858e-06
307.985993675,0.0381832375,3.2531e-08,1.0229e-09,1.00670227864731e-09,-4.93636464019652e-13,-8.54491708003944e-13,-7.98380583300109e-13,-3.81834192013096e-06
318.030281,0.0394285,3.3565e-08,1.01805625e-09,1.00614336649754e-09,-6.45775385626008e-13,-8.2723341684225e-13,-7.66624606335404e-13,-3.66646550856063e-06
328.0635784,0.0406724,3.45671125e-08,1.01215e-09,1.00541072787606e-09,-7.67639555822231e-13,-7.80698639915348e-13,-7.22759060408809e-13,-3.45667376717256e-06
338.272008825,0.0419380125,3.55893e-08,1.012675e-09,1.0046080873859e-09,-7.07123887290913e-13,-6.58535316998012e-13,-6.77518188543913e-13,-3.24030437999263e-06
348.29734105,0.043180925,3.65924625e-08,1.0096e-09,1.00399648010147e-09,-7.25797158485871e-13,-5.55385600111002e-13,-6.32003499761847e-13,-3.02262543364362e-06
358.357155425,0.0444281125,3.76085e-08,1.01904375e-09,1.00315649306893e-09,-7.12581683616955e-13,-5.33844785822481e-13,-5.72590618732147e-13,-2.73847687219722e-06
368.3879322,0.0456717,3.863055e-08,1.00745e-09,1.00257131673424e-09,-5.03590610772706e-13,-4.95247139695388e-13,-5.07655036421195e-13,-2.42791539157963e-06
378.4784982,0.0469227,3.96234e-08,1.009375e-09,1.00214931184738e-09,-2.19549281976609e-13,-4.37589991766466e-13,-4.55396289687066e-13,-2.1779822550251e-06
388.538110925,0.0481698625,4.06493e-08,1.00824375e-09,1.00213221817029e-09,-3.84652752610461e-13,-4.11848290916053e-13,-4.13129185191552e-13,-1.97583523352481e-06
398.6600335,0.04942475,4.16398875e-08,9.54349999999996e-10,1.00138000634216e-09,-9.79730429907961e-13,-4.05382644745085e-13,-3.73351223026008e-13,-1.78559280577656e-06
408.7550358,0.0506763,4.2558e-08,9.54550000000003e-10,1.00017275731047e-09,-2.57043336202429e-13,-3.6664197828434e-13,-3.33254127393209e-13,-1.59382408753274e-06
418.911743,0.0519355,4.35489875e-08,1.01535e-09,1.00086591966975e-09,4.37757933362031e-13,-2.81982167504707e-13,-2.88468849825029e-13,-1.37963362959796e-06
429.0119882,0.0531877,4.45887e-08,1.01003125e-09,1.0010482731772e-09,-9.53978289431055e-14,-2.30758171411867e-13,-2.40274827698732e-13,-1.14914048029828e-06
439.1227192,0.0544412,4.556905e-08,1.01100625e-09,1.00067512401187e-09,-4.3078269043506e-14,-2.15217534812678e-13,-1.94195761549444e-13,-9.28762337845167e-07
449.2261908,0.0556938,4.66107125e-08,1.0141125e-09,1.00096211663911e-09,1.25703087838915e-13,-1.4707534319445e-13,-1.45943259892446e-13,-6.97989503833437e-07
459.360212375,0.0569501875,4.7597275e-08,9.8443125e-10,1.00092653018755e-09,-4.89884821853389e-13,-4.57426963402526e-14,-9.07021620960714e-14,-4.33792949155124e-07
469.4073228,0.0581958,4.8579575e-08,9.63362499999998e-10,9.99982346995402e-10,-5.00918834514834e-13,-2.98272608198665e-15,-3.38685832332632e-14,-1.61980180680824e-07
479.527733,0.0594505,4.9524e-08,9.807125e-10,9.99924692518517e-10,-5.49393814127256e-14,-5.43008836042289e-16,2.0896918097694e-14,9.99417822063626e-08
489.6150726,0.0607011,5.0541e-08,1.0065e-09,9.99872468232576e-10,-3.85340268182769e-13,3.54210639409995e-14,7.7234328705758e-14,3.69381572071016e-07
499.71309965,0.061953025,5.1537e-08,9.93499999999998e-10,9.99154011982151e-10,-2.24796498788387e-13,1.15291386037601e-13,1.37726607643347e-13,6.58692471337746e-07
509.8139498,0.0632053,5.2528e-08,9.98e-10,9.99422875234999e-10,6.67638706426101e-13,2.0333170885256e-13,2.00445483470263e-13,9.58652312249084e-07
519.9254874,0.0644589,5.3533e-08,1.0083125e-09,1.000489289395e-09,1.13647166413721e-12,2.74934121625154e-13,2.62556157461712e-13,1.25570336177341e-06
530.0096006,0.0657091,5.4544625e-08,1.0195e-09,1.00169581856327e-09,4.44113541642922e-13,3.22928112371596e-13,3.24502041856432e-13,1.55196628713946e-06
540.1058128,0.0669608,5.5572e-08,1.0158125e-09,1.00137751647829e-09,-4.98749617771278e-13,3.88849001988066e-13,3.88075520809621e-13,1.85601336039384e-06
550.2004118,0.0682123,5.657625e-08,9.98000000000004e-10,1.00069831932773e-09,2.56311014971973e-13,4.54300689567664e-13,4.50703265624091e-13,2.15553735733261e-06
560.2950108,0.0694638,5.7568e-08,9.88875e-10,1.00189013850823e-09,1.29721681125266e-12,4.90430061360115e-13,5.02073872852835e-13,2.40122287016573e-06
570.408464075,0.0707176375,5.8554e-08,1.005e-09,1.00329275295024e-09,5.42433223289427e-13,5.42149071619394e-13,5.33185022839063e-13,2.55001532662161e-06
580.4866286,0.0719671,5.9578e-08,1.010375e-09,1.00297500495481e-09,-2.65121520305973e-13,5.81075254712241e-13,5.48017687748717e-13,2.62095415879821e-06
590.5759847,0.07321795,6.057475e-08,1.01675e-09,1.00276250990962e-09,5.97723900881152e-13,5.72768460446785e-13,5.60323124719779e-13,2.67980624865981e-06
600.6637276,0.0744686,6.16115e-08,1.010625e-09,1.00417045275657e-09,1.37354144488003e-12,5.67291738188299e-13,5.71741027044287e-13,2.73441360760311e-06
610.7538903,0.07571955,6.2596e-08,1.01187500000001e-09,1.00550959279938e-09,9.7765047056579e-13,5.70196997311382e-13,5.64142089976746e-13,2.69807086510618e-06
620.87611535,0.076974475,6.363525e-08,1.00925e-09,1.00612575369771e-09,4.06028732247171e-13,5.15927316729276e-13,5.32837908960112e-13,2.54835521676575e-06
630.954784,0.078224,6.46145e-08,1.00687499999999e-09,1.00632165026388e-09,4.6238745498199e-13,4.51052166860719e-13,4.93388642002888e-13,2.35968480957903e-06
641.0380906,0.0794741,6.5649e-08,9.92750000000001e-10,1.00705052860767e-09,4.92263344017215e-13,4.61538304342776e-13,4.53690735528389e-13,2.1698252568749e-06
651.14861995,0.080727575,6.66e-08,1.01543750000001e-09,1.00730617695191e-09,-7.50760209747047e-14,4.91784381157398e-13,4.0982606638774e-13,1.96003770881093e-06
661.2450338,0.0819793,6.7679875e-08,1.0334375e-09,1.00690037656572e-09,-1.33240985073714e-13,4.0085957258206e-13,3.59486210117309e-13,1.71928187447409e-06
671.3525384,0.0832324,6.8666875e-08,9.80374999999997e-10,1.00703969498177e-09,4.6664236449291e-13,2.26364553833546e-13,3.04527953815622e-13,1.45643803998776e-06
681.43765985,0.084482725,6.9640625e-08,9.91562500000001e-10,1.00783366129471e-09,4.60572507304763e-13,1.69684194104188e-13,2.48000060827165e-13,1.18608724743427e-06
691.5340737,0.08573445,7.065e-08,1.0191875e-09,1.00796083999638e-09,1.22199894108447e-13,2.25881578882542e-13,1.91478783238937e-13,9.15768093751438e-07
701.616977,0.0869845,7.1679e-08,1.0128125e-09,1.00807806108292e-09,3.90516631180992e-13,1.9903771109205e-13,1.30619363632704e-13,6.24701304330323e-07
711.7051232,0.0882352,7.2675625e-08,1.01e-09,1.00874187325874e-09,3.9687811445366e-13,7.2659595298277e-14,6.85457715965741e-14,3.27827603287963e-07
721.809098925,0.0894878625,7.3699e-08,1.0206875e-09,1.00887181731183e-09,-5.3581904460047e-14,-8.49422733312224e-16,1.97466320852207e-14,9.44404143206207e-08
731.8959344,0.0907384,7.4717e-08,9.88187500000001e-10,1.00863470944982e-09,-1.80485260141978e-13,-1.8086122348855e-14,-1.21085504825534e-14,-5.79104588296032e-08
741.9985994,0.0919909,7.5675375e-08,9.92249999999994e-10,1.00851084679155e-09,3.61895229789173e-14,-5.6605773865457e-14,-3.64332068588272e-14,-1.74245771933521e-07
752.1109436,0.0932446,7.67015e-08,1.0233125e-09,1.00870708849578e-09,-3.90368411515056e-14,-9.71013685759059e-14,-6.14139088970998e-14,-2.9371869472526e-07
762.1849743,0.09449355,7.7722e-08,1.02625000000001e-09,1.00843277310924e-09,-7.44365670796478e-13,-1.02511169822064e-13,-8.40065503177161e-14,-4.01770458041251e-07
772.2767502,0.0957447,7.8754e-08,1.007625e-09,1.00721835715418e-09,-7.97031784411638e-13,-7.46846610123074e-14,-9.32552939361944e-14,-4.46003579694843e-07
782.3786086,0.0969971,7.973725e-08,9.76562500000004e-10,1.00683870954042e-09,5.80115064893774e-13,-6.16240663204845e-14,-8.98903532439584e-14,-4.29910385079801e-07
792.49720395,0.098251575,8.0707125e-08,1.010375e-09,1.00837858728397e-09,1.14684364311738e-12,-9.00888936377908e-14,-8.64423273929588e-14,-4.13419826661977e-07
802.563471125,0.0994995625,8.1758e-08,1.02943749999999e-09,1.00913239682666e-09,-1.19725248589912e-13,-7.83442520157771e-14,-8.71442067847033e-14,-4.16776641144233e-07
812.6720848,0.1007528,8.2766e-08,9.78999999999999e-10,1.00813913678679e-09,-1.09609716528143e-12,-5.74549215365485e-14,-8.53277744085025e-14,-4.08089355866751e-07
822.7658772,0.1020042,8.3716e-08,9.80125000000003e-10,1.00694020249609e-09,-6.21441029241861e-13,-9.30988753445166e-14,-7.64404218779312e-14,-3.65584626372714e-07
832.85483,0.103255,8.472625e-08,1.038e-09,1.00689625472831e-09,1.93280142250154e-14,-1.01869537601764e-13,-6.68576797001778e-14,-3.19754120305198e-07
842.9506389,0.10450665,8.5792e-08,1.037375e-09,1.00697885852454e-09,-5.51944834538279e-14,-7.25529500014226e-14,-7.15735458902812e-14,-3.42308262953519e-07
853.0698392,0.1057612,8.6801e-08,9.86062499999995e-10,1.0067858657614e-09,8.59405082783483e-14,-7.52944716032397e-14,-8.78191108990319e-14,-4.20004443430153e-07
863.15294415,0.107011275,8.7764125e-08,9.82999999999997e-10,1.0071507395411e-09,5.66750520963341e-13,-8.90361247315555e-14,-9.70284465871757e-14,-4.64049092373449e-07
873.2380656,0.1082616,8.8767e-08,1.018625e-09,1.00791936680333e-09,4.4828733380205e-13,-5.31059716749761e-14,-9.61667938479706e-14,-4.59928144490294e-07
883.3270184,0.1095124,8.9801375e-08,1.0270625e-09,1.0080473142087e-09,1.67369306213097e-13,-3.06958758346225e-14,-8.90411071191565e-14,-4.25848773178575e-07
893.4312966,0.1107651,9.0821125e-08,1.0153125e-09,1.00825410541575e-09,-2.14573093388447e-13,-1.07937339688419e-13,-7.69227071461923e-14,-3.67891208090485e-07
903.5218626,0.1120161,9.1832e-08,1.0354375e-09,1.00761816802193e-09,-6.52941601169127e-13,-2.03462471398184e-13,-6.55019555773917e-14,-3.13270222326656e-07
913.632694425,0.1132696125,9.2892e-08,1.0023125e-09,1.00694822221341e-09,-2.57264462389237e-13,-1.34903619090498e-13,-6.0514533912387e-14,-2.8941733610272e-07
923.7013814,0.1145179,9.3836625e-08,9.704375e-10,1.00710363909715e-09,-3.78609226709547e-13,2.44964346143345e-14,-5.96147097315697e-14,-2.85113829150986e-07
933.7992068,0.1157698,9.4832875e-08,1.0011875e-09,1.00619100375999e-09,-5.00033975854345e-13,5.92252803500393e-14,-5.46570082605891e-14,-2.61403082985426e-07
943.907518,0.117023,9.5839e-08,1.0210625e-09,1.00610357114544e-09,2.00447631883131e-13,-3.41279525550518e-17,-4.142205948127e-14,-1.98105501866943e-07
954.00514175,0.118274875,9.6875e-08,1.027e-09,1.00659189902376e-09,2.7713750594592e-13,-2.23849712157449e-14,-1.58695028009532e-14,-7.58976220915153e-08
964.1273668,0.1195298,9.7893e-08,1.01600000000001e-09,1.00665784615733e-09,-9.1989626039214e-14,-2.61603159174268e-14,2.18202213399376e-14,1.04357580321441e-07
974.2243856,0.1207816,9.8907e-08,1.0039375e-09,1.00640791977168e-09,1.31241647602561e-13,-4.77707887912876e-14,5.27174488800635e-14,2.52126929426391e-07
984.314145,0.1220325,9.9900875e-08,9.86874999999998e-10,1.00692032945254e-09,2.87585789032699e-13,3.72359471542593e-15,6.60795239247489e-14,3.1603250572706e-07
994.4030978,0.1232833,1.0088075e-07,9.900625e-10,1.00698309134975e-09,-2.87711782826552e-13,1.24239294569339e-13,8.16353866999791e-14,3.90430110304248e-07
1004.4815648,0.1245328,1.01881e-07,1.000125e-09,1.00634490588688e-09,-1.70952343201364e-13,1.85317286471634e-13,1.13865433495813e-13,5.4457381237128e-07
1014.61145255,0.125788675,1.02881e-07,1.0005e-09,1.00664118666334e-09,7.91904261704868e-13,1.87724684760457e-13,1.5332960081065e-13,7.33315482137891e-07
1024.6820552,0.1270372,1.03882e-07,1.037e-09,1.00792871441029e-09,1.13205706811038e-12,1.83946322581568e-13,1.85017817202523e-13,8.84867821403371e-07
1034.7645552,0.1282872,1.04955e-07,1.02249999999999e-09,1.00890530079957e-09,-5.60049491496779e-14,1.56727951503281e-13,2.00133221779926e-13,9.57158886773559e-07
1044.8873852,0.1295422,1.05927e-07,9.67312500000007e-10,1.00781670451199e-09,-8.38177252033242e-13,1.73557416814102e-13,1.93661209260764e-13,9.26205783421045e-07
1054.97815285,0.130793225,1.06889625e-07,9.865e-10,1.0072289462955e-09,2.07967621013872e-14,2.12532858098066e-13,1.66210688172807e-13,7.94920682565599e-07
1065.0741634,0.1320449,1.079e-07,1.0281875e-09,1.0078582980362e-09,4.78804729439286e-13,1.86164588203293e-13,1.29944074925518e-13,6.2147166268726e-07
1075.1639228,0.1332958,1.08946e-07,1.02750000000001e-09,1.00818655575438e-09,1.08959149697448e-13,1.32251158324918e-13,9.51367830014299e-14,4.55002005659013e-07
1085.224745425,0.1345431125,1.09955e-07,1.00399999999999e-09,1.00807621633559e-09,3.85206912953474e-13,5.5139329726927e-14,6.30178159398929e-14,3.0138955449514e-07
1095.3458614,0.1357979,1.10954e-07,1.0044375e-09,1.00895696958028e-09,7.76130971256242e-13,-3.39204236521554e-14,3.72528566965293e-14,1.78165836374705e-07
1105.4263449,0.13704765,1.11963875e-07,1.0225e-09,1.0096284782781e-09,-2.47407217604008e-13,-6.42305928387773e-14,1.48682486313803e-14,7.1109015193558e-08
1115.5132812,0.1382982,1.12999e-07,9.99312500000003e-10,1.00846215514508e-09,-1.10271396294373e-12,-3.23347312674318e-14,-1.38245058920157e-14,-6.6117202092249e-08
1125.5893284,0.1395474,1.139625e-07,9.84624999999995e-10,1.00742305035222e-09,-3.44847844798405e-13,-1.6218813475655e-14,-4.09013092379708e-14,-1.95614957225078e-07
1135.7121584,0.1408024,1.1496825e-07,1.00174999999999e-09,1.00777245945548e-09,5.01867964166863e-13,-3.83341583831014e-14,-5.69658505413039e-14,-2.72445372154062e-07
1145.81563,0.142055,1.15966e-07,9.95375000000001e-10,1.00842678628055e-09,3.90415836145724e-13,-3.69887990744947e-14,-7.12061842740382e-14,-3.40551316093226e-07
1155.9207148,0.1433078,1.16959e-07,1.0075e-09,1.00855329112777e-09,2.79902291105104e-13,-3.17993096883509e-14,-8.98686296520082e-14,-4.29806489640039e-07
1166.024993,0.1445605,1.17981e-07,1.03350000000001e-09,1.00898659086276e-09,-2.72979002921741e-13,-1.02070761720042e-13,-1.0844102142668e-13,-5.18630972040643e-07
1176.081580975,0.1458072875,1.19026e-07,1.0319375e-09,1.00800733312193e-09,-1.22738411402291e-12,-1.70449653883985e-13,-1.28820530220376e-13,-6.16098188010494e-07
1186.1956392,0.1470612,1.20044875e-07,1.0185625e-09,1.00653182263471e-09,-8.90295504994545e-13,-1.71499902257859e-13,-1.56148230738471e-13,-7.46795886140513e-07
1196.28197055,0.148311675,1.21063125e-07,9.97562499999995e-10,1.00622674211194e-09,2.3606140569462e-14,-1.83507546031761e-13,-1.85717047063017e-13,-8.88211964214429e-07
1206.3924999,0.14956515,1.2204e-07,1.00374999999999e-09,1.00657903491585e-09,7.21217496432545e-13,-2.34775483887801e-13,-2.10547509550268e-13,-1.00696635002302e-06
1216.4725801,0.15081485,1.23070625e-07,1.0135e-09,1.0076691771048e-09,8.87630523907842e-13,-2.38526004331128e-13,-2.26955377793222e-13,-1.08543876335889e-06
1226.532092,0.152062,1.24067e-07,1.02431250000001e-09,1.00835429596367e-09,3.54108388638633e-13,-1.82330756748905e-13,-2.24740769521098e-13,-1.07484715857916e-06
1236.6516956,0.1533166,1.2511925e-07,1.0126875e-09,1.00837739388208e-09,-5.12162648078356e-13,-1.93037331284682e-13,-2.02553445037425e-13,-9.68733867570294e-07
1246.7624266,0.1545701,1.26092375e-07,9.93874999999999e-10,1.00732997066751e-09,-1.19553458175734e-12,-2.5292688759941e-13,-1.81807152202699e-13,-8.69512467056386e-07
1256.864990775,0.1558225875,1.27107e-07,1.0178125e-09,1.00598632471857e-09,-9.71682540940836e-13,-2.39887721563835e-13,-1.75543883268445e-13,-8.39557702588215e-07
1266.9556576,0.1570736,1.28128e-07,1.01906249999999e-09,1.00538660558563e-09,-5.45646560510554e-13,-1.65599198251883e-13,-1.78674918617946e-13,-8.54532219477133e-07
1277.051567325,0.1583252625,1.29145125e-07,9.90999999999999e-10,1.00489503159755e-09,9.03531223812554e-14,-1.01953903382516e-13,-1.87467988264841e-13,-8.96586030831848e-07
1287.1674404,0.1595794,1.3011e-07,9.80437499999999e-10,1.00556731183039e-09,5.88703169946663e-13,-7.78089545908687e-14,-2.02114395609336e-13,-9.66634065957694e-07
1297.2531668,0.1608298,1.31106e-07,1.01450000000001e-09,1.00607243793744e-09,-2.54998697592148e-13,-1.45130850809041e-13,-2.13456786843321e-13,-1.02088028490284e-06
1307.3284074,0.1620789,1.32139e-07,1.03150000000001e-09,1.00505731443521e-09,-8.11524609843814e-13,-2.73615345919628e-13,-2.11087892226158e-13,-1.00955078890771e-06
1317.383483,0.1633255,1.33169e-07,1.01449999999999e-09,1.00444938871775e-09,-1.83488017848739e-13,-3.34308786134097e-13,-2.03852246217256e-13,-9.74945525386876e-07
1327.531620075,0.1645836375,1.34168e-07,9.70500000000002e-10,1.00469033839951e-09,3.49360262973483e-13,-3.02682015792388e-13,-2.02970347932779e-13,-9.70727750982856e-07
1337.63337765,0.165836025,1.3511e-07,9.74000000000006e-10,1.0051481092437e-09,1.43552232213219e-13,-2.29463427427314e-13,-2.08291098917611e-13,-9.96174820910313e-07
1347.69651925,0.167083625,1.36116e-07,9.93937500000001e-10,1.00497744286394e-09,-1.0078370971065e-13,-1.53788160601946e-13,-2.12718521393463e-13,-1.01734945014265e-06
1357.782044,0.168334,1.37097875e-07,1.005e-09,1.00494654182428e-09,2.43268533829064e-13,-9.50046484275826e-14,-1.98940440491071e-13,-9.5145428060947e-07
1367.9226192,0.1695912,1.38126e-07,1.0180625e-09,1.0054639799316e-09,1.21130999569461e-13,-8.34358974653476e-14,-1.56146724131098e-13,-7.4678868062699e-07
1377.995339175,0.1708399875,1.39134e-07,1.0075e-09,1.00518880382342e-09,-6.19851242384126e-13,-1.14083355929164e-13,-1.03772652649412e-13,-4.9630399093197e-07
1388.0827796,0.1720906,1.40141e-07,9.93500000000002e-10,1.00422427744683e-09,-9.69978085573564e-13,-1.34848225043332e-13,-6.79674736999927e-14,-3.25061830739096e-07
1398.1781852,0.1733422,1.41121e-07,9.92e-10,1.00324884765227e-09,-9.77619821513425e-13,-1.30851479093089e-13,-4.50472508557638e-14,-2.15443373658001e-07
1408.2889162,0.1745957,1.42125e-07,9.98999999999995e-10,1.0022690378038e-09,-3.98368309587965e-13,-5.53365810365062e-14,-1.78338639001341e-14,-8.52923925658587e-08
1418.3681898,0.1758453,1.43119e-07,1.0125625e-09,1.00245211103309e-09,8.41304446307313e-13,1.01282671121522e-13,2.20622686055985e-14,1.05515197678949e-07
1428.44827,0.177095,1.44150125e-07,1.033375e-09,1.00395164669642e-09,1.15649349362389e-12,1.79580093590622e-13,7.85402121115735e-14,3.75627101403178e-07
1438.5928782,0.1783527,1.4518575e-07,1.018375e-09,1.00476509802034e-09,3.53535046093744e-13,1.27641810073751e-13,1.54002449794392e-13,7.36533455538397e-07
1448.643215025,0.1795987125,1.46186875e-07,1.0064375e-09,1.0046587167886e-09,-3.68692524179303e-13,1.18556728269632e-13,2.42775903313795e-13,1.16110214628337e-06
1458.7393264,0.1808504,1.47198625e-07,1.00456249999999e-09,1.00402771297198e-09,-2.66240458447526e-13,2.52672183448195e-13,3.29020880399572e-13,1.57357812365013e-06
1468.8609465,0.18210525,1.48196e-07,9.86749999999988e-10,1.00412623587171e-09,2.77373213436302e-13,4.05514925275561e-13,3.98929154850195e-13,1.90792204493572e-06
1478.9301376,0.1833536,1.49172125e-07,9.88999999999997e-10,1.00458245939885e-09,5.45921906498579e-13,4.89846511752065e-13,4.42267112751201e-13,2.11519053924487e-06
1489.0408686,0.1846071,1.50174e-07,9.97937500000018e-10,1.0052180796847e-09,7.99066088699563e-13,5.46801843789214e-13,4.6460559142766e-13,2.22202674161055e-06
1499.128712325,0.1858577625,1.51168e-07,1.01550000000001e-09,1.00618059157625e-09,8.68475928106623e-13,5.78985327108701e-13,4.85293063855001e-13,2.32096682713261e-06
1509.2220006,0.1871091,1.52205e-07,1.02849999999999e-09,1.00695503154092e-09,8.42763284558809e-13,5.53764823402667e-13,5.02414884515599e-13,2.40285379550939e-06
1519.321136725,0.1883611625,1.53225e-07,1.014e-09,1.00786611814537e-09,8.40961856440627e-13,4.65395909662718e-13,4.97633122352117e-13,2.37998449820578e-06
1529.426423175,0.1896139875,1.54233e-07,1.01049999999999e-09,1.0086369552538e-09,3.51272820448876e-13,3.74404555368723e-13,4.64061241945211e-13,2.21942333104231e-06
1539.5162834,0.1908649,1.55246e-07,1.0105625e-09,1.00856866378627e-09,-4.78181130942986e-13,3.18827765861551e-13,4.0991493949979e-13,1.96046275412943e-06
1549.610781575,0.1921163875,1.56254125e-07,1.00668750000001e-09,1.00768059299191e-09,-1.73185547803703e-13,3.25229004234975e-13,3.41510299157473e-13,1.63331012640531e-06
1559.718387,0.1933695,1.57259375e-07,1.00025e-09,1.00822229269066e-09,1.35335313370678e-12,3.44521858237402e-13,2.63260701624093e-13,1.25907292081088e-06
1569.8162124,0.1946214,1.58254625e-07,9.98312500000002e-10,1.01038729925933e-09,1.5029445740561e-12,2.88698052641866e-13,1.85215342532283e-13,8.85812507763093e-07
1579.912928725,0.1958731625,1.59256e-07,1.01081249999999e-09,1.01122818183877e-09,-2.24695066706174e-13,1.79258196168786e-13,1.15657738547814e-13,5.53145706098241e-07
1589.9828256,0.1971216,1.6027625e-07,1.007375e-09,1.00993790912591e-09,-1.07751803551612e-12,4.42399708037334e-14,5.83218899551796e-14,2.78930778046511e-07
1600.0774246,0.1983731,1.6127075e-07,1.00718750000001e-09,1.00907314576774e-09,-6.78257151917212e-13,-7.82341298564362e-14,1.23585623973317e-14,5.91061679872386e-08
1610.1857358,0.1996263,1.62290625e-07,1.002125e-09,1.00858139482208e-09,-1.41929177331633e-13,-1.37473515793986e-13,-2.75029211529219e-14,-1.315357098618e-07
1620.2835612,0.2008782,1.63275e-07,1.0021875e-09,1.00878928741308e-09,9.48018358285489e-14,-1.27441567548506e-13,-6.84471183207257e-14,-3.27355783273036e-07
1630.38158825,0.202130125,1.64295e-07,1.0065e-09,1.00877099849374e-09,1.32068393395114e-13,-8.93817444943514e-14,-1.02422199962607e-13,-4.8984530416899e-07
1640.4646932,0.2033802,1.65288e-07,1.013125e-09,1.00905342419987e-09,4.9339452762227e-13,-5.54410217737425e-14,-1.11771203389506e-13,-5.34557929254159e-07
1650.574113475,0.2046335375,1.6632125e-07,1.03099999999999e-09,1.00975778754898e-09,7.60790165125215e-14,-2.28303760662021e-14,-9.57289236851407e-14,-4.57833982841977e-07
1660.6571176,0.2058836,1.6735e-07,1.027375e-09,1.00920558223289e-09,-4.94013171306184e-13,-1.62602895957442e-14,-6.53677491810844e-14,-3.12628365648665e-07
1670.764521375,0.2071366875,1.68376e-07,9.99999999999996e-10,1.00876976120637e-09,-6.12426810346818e-13,-6.63803689372861e-14,-3.64279400479612e-14,-1.74220582838075e-07
1680.85297005,0.208387425,1.6935e-07,9.805e-10,1.0079807286122e-09,-4.96603122381096e-13,-1.11962589110021e-13,-1.82270613822235e-14,-8.7172902262808e-08
1690.9542235,0.20963975,1.70337e-07,1.0045e-09,1.00777655496161e-09,2.70886656551137e-14,-5.52625278987652e-14,-6.86565767822506e-15,-3.28357541132503e-08
1701.046806,0.210891,1.71359e-07,1.028e-09,1.00803490594351e-09,1.06538370065425e-13,5.79826022561197e-14,2.11406381355366e-15,1.01107399778653e-08
1711.1313225,0.21214125,1.72393e-07,1.0295e-09,1.00798963170174e-09,5.08258256132699e-13,9.56817718884303e-14,1.71640060251105e-14,8.20887244679198e-08
1721.2017235,0.21338975,1.73418e-07,1.0125e-09,1.00905142245578e-09,1.00781090738109e-12,6.18989195350106e-14,4.24934281435828e-14,2.0322943894757e-07
1731.302372,0.214642,1.74418e-07,1.01137500000001e-09,1.0100052535165e-09,5.46071258691716e-13,2.27215198357285e-14,7.30106819731536e-14,3.491815224803e-07
1741.340509,0.2158865,1.7544075e-07,1.020125e-09,1.01014356497316e-09,-1.57616112481877e-13,3.35257816553024e-14,9.96670080736189e-14,4.76668299482525e-07
1751.5319,0.21715,1.7645825e-07,1.00031249999999e-09,1.00969002129154e-09,-4.76986313392923e-13,8.28717760005238e-14,1.08076585223637e-13,5.1688801628696e-07
1761.598268,0.218398,1.77441375e-07,9.84375000000015e-10,1.00918959234637e-09,-3.51242383746493e-13,1.10042718892296e-13,9.35040401408333e-14,4.47193235456159e-07
1771.6969,0.21965,1.78427e-07,1.00081250000001e-09,1.00898753652404e-09,-1.50205129221357e-13,1.47372092123662e-13,6.54534698329632e-14,3.13038333983737e-07
1781.79855675,0.220902375,1.79443e-07,1.0089375e-09,1.00888918208793e-09,-3.50517565517444e-14,1.30251139969276e-13,3.60488597270476e-14,1.72407589998923e-07
1791.853834,0.222149,1.80444875e-07,1.00975e-09,1.00891743301094e-09,2.96149120020348e-14,3.73947098665213e-14,9.05094577138348e-15,4.32871319500949e-08
1801.9444,0.2234,1.814625e-07,1.02506249999999e-09,1.00894841191193e-09,1.38908157602802e-13,-5.44907701937392e-14,-1.80423287284878e-14,-8.62893982666808e-08
1812.0934445,0.22465825,1.82495e-07,1.010875e-09,1.00919524932615e-09,2.66308410156839e-13,-1.22201058164599e-13,-4.83891757318636e-14,-2.31426492630652e-07
1822.181994,0.225909,1.8348425e-07,9.72999999999992e-10,1.00948102873225e-09,1.3211511019513e-13,-1.42518658270008e-13,-8.00494853374398e-14,-3.82845364657321e-07
1832.2705435,0.22715975,1.84441e-07,1.00037499999999e-09,1.00945947954654e-09,-4.31422569030131e-14,-1.44817837033666e-13,-1.07157367049415e-13,-5.12491755453724e-07
1842.35405175,0.228409875,1.85485e-07,1.0275625e-09,1.00939474421844e-09,5.81702020432214e-14,-1.22955356602598e-13,-1.26154779295984e-13,-6.03348944459054e-07
1852.453692,0.229662,1.86496125e-07,1.01243750000001e-09,1.00957581995062e-09,2.62207241387377e-13,-7.77145356365357e-14,-1.29764503257764e-13,-6.20612841667567e-07
1862.50695275,0.230908375,1.87509875e-07,1.0164375e-09,1.00991915870122e-09,-2.00763324197794e-13,-6.41497078733516e-14,-1.1952860594709e-13,-5.71658550181735e-07
1872.68322,0.23217,1.88529e-07,1.002375e-09,1.00917429330223e-09,-8.38785278262146e-13,-8.55702918301668e-14,-1.0321996569347e-13,-4.93660705490509e-07
1882.77277775,0.233420875,1.89514625e-07,1.02487500000001e-09,1.00824158814469e-09,-6.94252701080158e-13,-1.07005069870435e-13,-8.40986022241174e-14,-4.02210706289257e-07
1892.86737675,0.234672375,1.9057875e-07,1.0065e-09,1.00778578790007e-09,-6.0443611406803e-13,-9.9533112807634e-14,-6.279736742935e-14,-3.00335235531674e-07
1902.9367695,0.23592075,1.91527625e-07,9.73125000000008e-10,1.00703271591656e-09,-9.01336949881962e-14,-6.49280603682774e-14,-3.83463518903618e-14,-1.83395595997383e-07
1913.029352,0.237172,1.92525e-07,1.007875e-09,1.00760552051009e-09,6.85775725383447e-13,-2.45549558352296e-14,-1.47518709248401e-14,-7.05524261622787e-08
1923.0856375,0.23841875,1.93543375e-07,1.00849999999999e-09,1.00840426736732e-09,6.22586298670544e-13,1.48526788347125e-14,1.3076943054786e-14,6.25419015663678e-08
1933.162088,0.239668,1.94542e-07,1.03631250000001e-09,1.00885069310743e-09,2.96192297674244e-13,6.0075108249477e-14,5.08646948886492e-14,2.43265932076148e-07
1943.333314,0.240929,1.95616e-07,1.04650000000001e-09,1.00899665196267e-09,-3.10935695030755e-14,1.02872839455715e-13,9.33600598041083e-14,4.46504633845735e-07
1953.415814,0.242179,1.96635e-07,1.02431249999999e-09,1.00878850596842e-09,-3.21933254433315e-13,1.37230742994501e-13,1.32972021336995e-13,6.35953145524759e-07
1963.5043635,0.24342975,1.97664625e-07,1.02649999999999e-09,1.0083527854538e-09,-3.44441550204762e-13,1.4807995880878e-13,1.56549231161963e-13,7.48713714252867e-07
1973.59190475,0.244680375,1.98688e-07,9.85687499999998e-10,1.00809962286802e-09,1.63027475136213e-14,1.48825850958384e-13,1.58195952224178e-13,7.5658933672433e-07
1983.655248,0.245928,1.99636e-07,9.62000000000019e-10,1.00838539094883e-09,5.31157274230186e-13,1.85500893138284e-13,1.44124423483137e-13,6.89290721006307e-07
1993.75690475,0.247180375,2.00612e-07,9.80499999999987e-10,1.00916193741648e-09,7.79049355591332e-13,1.8815449463903e-13,1.24486229413235e-13,5.95368923280689e-07
2003.908974,0.248439,2.01597e-07,1.00331249999998e-09,1.00994348966001e-09,6.23600619493297e-13,1.39254319036919e-13,1.03598362274003e-13,4.95470428266971e-07
2013.98239975,0.249687875,2.02618625e-07,1.02300000000002e-09,1.01040913865546e-09,2.63523805748937e-13,7.12791020154502e-14,7.88401165071991e-14,3.77061426773561e-07
2024.078007,0.2509395,2.03643e-07,1.0321875e-09,1.01047053727151e-09,-8.78566049058597e-14,-2.74622956920914e-14,5.25055381410226e-14,2.51113443283152e-07
2034.1584905,0.25218925,2.04683e-07,1.01999999999999e-09,1.01023342544565e-09,-2.0728598042993e-13,-6.29108777774133e-14,2.64880646993946e-14,1.26682048562322e-07
2044.230908,0.253438,2.05683e-07,1.01450000000001e-09,1.01005596531065e-09,-2.59719925706516e-13,-1.84834856831122e-14,-5.06933817693648e-15,-2.42446608462179e-08
2054.32954,0.25469,2.06712e-07,1.016e-09,1.00971398559424e-09,-3.66685825273742e-13,3.06720404869023e-14,-4.2203515312502e-14,-2.01842899320662e-07
2064.387842,0.255937,2.07715e-07,1.00499999999999e-09,1.00932259366011e-09,-2.5692965865568e-13,1.56103040066838e-14,-6.81748437277169e-14,-3.26053600436907e-07
2074.567134,0.257199,2.08722e-07,9.94312499999998e-10,1.00920012627693e-09,-2.77122641509485e-13,-4.33141674773309e-14,-7.1835080757967e-14,-3.43559081885929e-07
2084.6577,0.25845,2.09703625e-07,9.98437500000019e-10,1.00876834837709e-09,-1.1054398174352e-13,-6.50149346038958e-14,-5.48061510296093e-14,-2.62116374489436e-07
2094.7180185,0.25969725,2.10718875e-07,1.0106875e-09,1.00897903831344e-09,1.93425247457318e-13,-8.53166579729758e-14,-2.37057003968305e-14,-1.13375088854407e-07
2104.814634,0.260949,2.11725e-07,9.98062499999982e-10,1.009155198872e-09,-9.58090783490314e-14,-1.03239490764869e-13,1.2092976437275e-14,5.78359742652283e-08
2114.913266,0.262201,2.12715e-07,9.89125e-10,1.00878742015674e-09,2.12646379304479e-14,-3.76683954960663e-14,5.16391456864178e-14,2.46969827195911e-07
2124.96451025,0.263447125,2.1370325e-07,1.019375e-09,1.00919772814786e-09,5.57416362772417e-14,1.05901570089292e-13,9.3658695715084e-14,4.47932892550402e-07
2135.15186825,0.264710125,2.1475375e-07,1.027375e-09,1.0088989034293e-09,2.61522061655349e-13,2.27071647226022e-13,1.3573846489908e-13,6.49183962560817e-07
2145.21823625,0.265958125,2.15758e-07,1.01712499999999e-09,1.00972077227117e-09,7.59991732542162e-13,2.70018491536605e-13,1.74348167452937e-13,8.33839061731438e-07
2155.3017445,0.26720825,2.16788e-07,1.03737500000001e-09,1.01041888689438e-09,2.05464733063134e-13,2.68169083055669e-13,2.05496638447046e-13,9.82810009964133e-07
2165.374162,0.268457,2.1783275e-07,1.01600000000003e-09,1.0101317017373e-09,-3.28961301501545e-13,2.57328019258044e-13,2.30510726964608e-13,1.10244260722204e-06
2175.46775275,0.269708375,2.1882e-07,1.00912500000001e-09,1.00976096429138e-09,-4.20527645020796e-13,2.1928893966673e-13,2.41214864533872e-13,1.15363630864026e-06
2185.56336,0.27096,2.19851e-07,9.92937499999999e-10,1.00929064644726e-09,4.69675842035225e-13,1.55715417422174e-13,2.32177556779957e-13,1.1104144019911e-06
2195.7164375,0.27221875,2.20805875e-07,9.74999999999994e-10,1.01070031597545e-09,1.21390914856602e-12,1.4362903145952e-13,2.10729936625341e-13,1.00783882733859e-06
2205.80902,0.27347,2.21801e-07,1.00393749999999e-09,1.01171846474439e-09,5.10801490406871e-13,1.85316983916939e-13,1.89051241433616e-13,9.0415811120425e-07
2215.86026425,0.274716125,2.2281375e-07,1.03899999999999e-09,1.01172191895626e-09,4.17382047157862e-13,2.18575911633512e-13,1.77412517004463e-13,8.48494646543084e-07
2225.957888,0.275968,2.23879e-07,1.04450000000001e-09,1.01255322883871e-09,7.8913876871524e-13,2.13813968300024e-13,1.72637906932886e-13,8.25659554896411e-07
2236.04341275,0.277218375,2.2490275e-07,1.01550000000001e-09,1.01330019649369e-09,6.33366554172928e-14,1.69068641128936e-13,1.71771189727916e-13,8.2151438565525e-07
2246.12591275,0.278468375,2.2591e-07,9.97624999999997e-10,1.01267990214954e-09,-1.0346596185643e-12,1.48986955323579e-13,1.71212698775716e-13,8.18843341970816e-07
2256.20841275,0.279718375,2.26898e-07,1.00599999999999e-09,1.01123087725656e-09,-1.02998864640258e-12,1.416485992811e-13,1.60085366666856e-13,7.65625666667572e-07
2266.38468,0.28098,2.27922e-07,9.95499999999991e-10,1.01061992485673e-09,-1.98341128903848e-13,1.38543564404163e-13,1.38309767012889e-13,6.61481494409469e-07
2276.45608925,0.282228625,2.28889e-07,9.86500000000007e-10,1.01083419499876e-09,2.13810760154123e-13,1.53369360322754e-13,1.1433501108081e-13,5.46819618212569e-07
2286.52649025,0.283477125,2.29895e-07,1.0075e-09,1.01104754637704e-09,2.58249054338397e-13,1.24968434051241e-13,9.20595050597926e-14,4.40284589416399e-07
2296.63218,0.28473,2.30904e-07,1.013e-09,1.01135069310743e-09,7.19734591949045e-13,9.04121892125615e-14,7.53294344587411e-14,3.60271208280936e-07
2306.70762225,0.285979125,2.31921e-07,1.02093750000002e-09,1.01248701556094e-09,1.22910484948668e-12,4.09605091694129e-14,6.95533296047899e-14,3.3264635897943e-07
2316.77399025,0.287227125,2.32945875e-07,1.04399999999999e-09,1.01380890280641e-09,6.22573557725338e-13,4.66796302872254e-15,7.50577486600311e-14,3.5897184141754e-07
2326.952274,0.288489,2.34009e-07,1.02737499999998e-09,1.01373216267639e-09,-5.05099917324974e-13,5.61887872458056e-14,8.83987405791507e-14,4.22776585378547e-07
2337.026708,0.289738,2.35000625e-07,9.96812500000001e-10,1.01279870297176e-09,-6.39498488074268e-13,9.26215192119877e-14,1.00123796666907e-13,4.7885294058086e-07
2347.101142,0.290987,2.36002625e-07,9.94874999999987e-10,1.01245316570024e-09,7.34685383581373e-14,9.2344553900279e-14,1.08246210414884e-13,5.17699267201619e-07
2357.18868325,0.292237625,2.36990375e-07,1.02368750000001e-09,1.01294564004847e-09,4.47469789802171e-13,1.3700769588665e-13,1.1489660299621e-13,5.49505492590569e-07
2367.266142,0.293487,2.3805e-07,1.03231250000001e-09,1.01334810527985e-09,1.26606066955304e-13,1.99872750576847e-13,1.13601835224304e-13,5.43313124985802e-07
2377.37384825,0.294740125,2.39055e-07,1.013e-09,1.01319885218238e-09,-1.7868892840132e-13,2.06362305381549e-13,1.12796261276285e-13,5.39460380017015e-07
2387.443241,0.2959885,2.40076e-07,1.02425e-09,1.01299072742304e-09,-1.78513386486707e-13,1.32413180612678e-13,1.14018418448863e-13,5.4530547953804e-07
2397.6185,0.29725,2.411035e-07,1.01049999999999e-09,1.01284182540941e-09,9.79339849144887e-14,4.62021807629643e-14,1.06626001540648e-13,5.09950442150925e-07
2407.555812,0.298482,2.42097e-07,9.95750000000011e-10,1.01318659539287e-09,4.61111803211548e-13,2.98712819829735e-14,1.01363692259462e-13,4.84782876023514e-07
2417.5999985,0.29972725,2.43095e-07,9.87999999999982e-10,1.01376404901583e-09,-8.60155382864169e-15,4.15607407853414e-14,1.0776565487092e-13,5.15400958078313e-07
2427.7510595,0.30098575,2.44073e-07,1.02025e-09,1.01316939228522e-09,-1.46654652426599e-13,7.89263629980114e-14,1.21825387525085e-13,5.82643157728667e-07
2437.89909575,0.302243875,2.451355e-07,1.02600000000003e-09,1.01347073971098e-09,4.84009405649387e-13,1.82931942123244e-13,1.42631698928218e-13,6.82151603569738e-07
2448.03402475,0.303500375,2.46125e-07,9.9174999999998e-10,1.01413741109652e-09,1.2041538313474e-13,2.20642505566607e-13,1.74269447181409e-13,8.33462573476304e-07
2458.19920125,0.304760625,2.47119e-07,1.02031249999999e-09,1.01371157047725e-09,-6.95223844256771e-14,1.93675959172313e-13,2.10880404207165e-13,1.00855845490383e-06
2468.26960225,0.306009125,2.48165625e-07,1.04150000000003e-09,1.01399836632766e-09,6.75427246369976e-13,2.50229582672575e-13,2.37640888940566e-13,1.13654338188966e-06
2478.35815175,0.307259875,2.49202e-07,1.0228125e-09,1.01506242496999e-09,7.56976375455644e-13,3.14815731597537e-13,2.52956707110036e-13,1.209792947048e-06
2488.417462,0.308507,2.5021125e-07,9.82499999999989e-10,1.01551231907858e-09,-2.91512831546058e-14,2.93222699935842e-13,2.62433513401405e-13,1.25511680322411e-06
2498.467698,0.309753,2.51167e-07,9.93625000000005e-10,1.01500412240368e-09,-5.89261648055324e-13,2.44931803867271e-13,2.63159306326607e-13,1.25858798677942e-06
2508.55725575,0.311003875,2.521985e-07,1.032875e-09,1.01433379578246e-09,1.53465395591759e-13,2.31438865401209e-13,2.56405575852615e-13,1.22628753668642e-06
2518.761754,0.312269,2.5323275e-07,1.026875e-09,1.01531105319486e-09,1.05971964257349e-12,2.1364564502307e-13,2.52989141705566e-13,1.20994806902662e-06
2528.824089,0.3135165,2.5425225e-07,1.02099999999997e-09,1.01645323506761e-09,4.67962184873419e-13,2.09833824287142e-13,2.48908531680267e-13,1.19043210803606e-06
2538.918688,0.314768,2.5527475e-07,1.03637499999999e-09,1.01624697756461e-09,8.4253040838948e-14,2.60370265962507e-13,2.38190536111186e-13,1.13917212922741e-06
2549.001188,0.316018,2.56325e-07,1.02762500000002e-09,1.01662174114929e-09,2.10844951188985e-13,2.70522037089316e-13,2.31374328381076e-13,1.10657287486602e-06
2559.091754,0.317269,2.5733e-07,9.94500000000029e-10,1.01666866746699e-09,-1.18249422410028e-13,2.36440043066678e-13,2.31364805248447e-13,1.10652732944909e-06
2569.166188,0.318518,2.58314e-07,9.86000000000007e-10,1.01638524230447e-09,7.46868558743804e-13,2.23617302677114e-13,2.28517076369386e-13,1.09290775654924e-06
2579.248688,0.319768,2.59302e-07,1.02049999999998e-09,1.01816240458447e-09,9.2311688826459e-13,2.18716291137725e-13,2.18255676866652e-13,1.0438314980579e-06
2589.40882325,0.321027625,2.60355e-07,1.03999999999999e-09,1.018231476081e-09,-9.74442371287737e-13,2.0458802484628e-13,2.07594833394601e-13,9.92844855365483e-07
2599.478216,0.322276,2.61382e-07,1.02481250000001e-09,1.0162135198419e-09,-1.05260453237912e-12,2.00751130640938e-13,1.96587075444395e-13,9.40199056473194e-07
2609.584914,0.323529,2.62404625e-07,1.00750000000002e-09,1.01612626701624e-09,6.47999530000501e-13,1.89789080247892e-13,1.8246716497057e-13,8.72669049859248e-07
2619.6371665,0.32477525,2.63397e-07,9.93687499999994e-10,1.0175095189019e-09,1.11083914697954e-12,1.57378612369192e-13,1.70660619750198e-13,8.16202964022686e-07
2629.749914,0.326029,2.64392e-07,9.95999999999991e-10,1.0183479453102e-09,3.70314163401344e-13,1.34690091240205e-13,1.55344158409044e-13,7.42950322825863e-07
2639.8384635,0.32727975,2.65389e-07,1.026e-09,1.0182501472287e-09,3.4751141022484e-13,1.42972950733461e-13,1.36939177183997e-13,6.54926499575638e-07
2649.9895245,0.32853825,2.66444e-07,1.0375e-09,1.01904296813065e-09,3.31563993521249e-13,1.70170554002252e-13,1.325736251318e-13,6.34047772369478e-07
2660.061942,0.329787,2.67464e-07,1.014625e-09,1.01891327521575e-09,-2.61016670819669e-13,1.55560241870866e-13,1.41930487954831e-13,6.78797985870931e-07
2670.160574,0.331039,2.6847325e-07,1.03149999999999e-09,1.01852093478901e-09,-2.45075624589146e-13,1.14476265896058e-13,1.48463908612536e-13,7.10044780320824e-07
2680.23399975,0.332287875,2.69527e-07,1.05856250000001e-09,1.01842312396657e-09,1.30271920088697e-13,9.60928828737578e-14,1.48574478328152e-13,7.10573592004205e-07
2690.301376,0.333536,2.70590375e-07,1.02650000000001e-09,1.01878147862919e-09,4.20802283177755e-13,1.00694834947991e-13,1.48824361358393e-13,7.11768684757532e-07
2700.387909,0.3347865,2.7158e-07,9.94437499999988e-10,1.01926472853292e-09,-4.37127681261251e-14,1.82066084021795e-13,1.4765703193444e-13,7.06185804903844e-07
2710.563168,0.336048,2.7257925e-07,1.00449999999999e-09,1.01869405309293e-09,-3.00655875558282e-13,2.7004473227626e-13,1.44906533090275e-13,6.93031245214359e-07
2720.653734,0.337299,2.73589e-07,1.00187499999999e-09,1.01866341678181e-09,2.28289428979378e-13,2.04593691728835e-13,1.47646786562336e-13,7.06136805298129e-07
2730.736234,0.338549,2.74583e-07,1.01000000000001e-09,1.01915063195089e-09,7.69382517157978e-13,8.63481364654736e-14,1.58488043678467e-13,7.57986295853538e-07
2740.806635,0.3397975,2.75609e-07,1.04399999999999e-09,1.02020218181612e-09,6.14219744501943e-13,8.29627233721571e-14,1.7224817704298e-13,8.23795629335991e-07
2750.901234,0.341049,2.76671e-07,1.05749999999999e-09,1.0203790714399e-09,-3.31326870370184e-13,1.49508767822184e-13,1.82052430672294e-13,8.70685537997928e-07
2760.971635,0.3422975,2.77724e-07,1.05093750000001e-09,1.01953952807538e-09,-5.19085936260995e-13,1.7598134427415e-13,1.8466628126749e-13,8.83186562583648e-07
2771.06119275,0.343548375,2.78772875e-07,1.00262500000002e-09,1.01934089956738e-09,8.48660218808586e-14,1.99116996538907e-13,1.77241126915041e-13,8.47674954811066e-07
2781.22636925,0.344808625,2.7972925e-07,9.78375000000008e-10,1.01970926011914e-09,4.77417382046326e-13,2.29404511462786e-13,1.66226453220759e-13,7.94996080621021e-07
2791.31491875,0.346059375,2.80729625e-07,1.00537500000001e-09,1.02029573433147e-09,7.68356871049046e-13,2.15393539833214e-13,1.59087711779904e-13,7.60854273729976e-07
2801.386328,0.347308,2.8174e-07,1.00018749999999e-09,1.02124597386124e-09,7.43010883598578e-13,1.86713514090415e-13,1.51494858097034e-13,7.24540625681467e-07
2811.4547125,0.34855625,2.8273e-07,1.01374999999998e-09,1.02178175609867e-09,6.00013590345831e-14,1.4589282718832e-13,1.43813333349465e-13,6.87802898627876e-07
2821.55636925,0.349808625,2.837675e-07,1.03450000000002e-09,1.02136597657931e-09,-4.45993255792153e-13,9.84757814801938e-14,1.41853794564303e-13,6.78431191394493e-07
2831.625762,0.351057,2.84799e-07,9.90000000000011e-10,1.02088976958708e-09,-3.21497230967423e-13,5.83634432717698e-14,1.44395000041009e-13,6.90584782804826e-07
2841.788922,0.352317,2.857475e-07,1.03449999999997e-09,1.02072298211738e-09,1.75851944551295e-13,5.22841395240167e-14,1.43056677850151e-13,6.84184111457244e-07
2851.871422,0.353567,2.86868e-07,1.08224999999999e-09,1.02124147347618e-09,5.95793506081168e-13,1.1020902071521e-13,1.3895444164266e-13,6.64564720899678e-07
2861.94888075,0.354816375,2.87912e-07,1.01700000000002e-09,1.02191456912954e-09,3.47747825545046e-13,2.18485036070756e-13,1.36984186173239e-13,6.55141759958969e-07
2872.056587,0.3560695,2.88902e-07,9.91687499999991e-10,1.02193696912727e-09,-1.01075335794446e-13,2.82461737497852e-13,1.386975344035e-13,6.63336034103696e-07
2882.13606225,0.357319125,2.89895375e-07,1.0185e-09,1.02171241845795e-09,-4.28831910121052e-14,2.26302167845612e-13,1.48371850816698e-13,7.09604503905947e-07
2892.21251275,0.358568375,2.90939e-07,1.03381249999999e-09,1.02185120274525e-09,1.54186674671792e-14,1.27487483508672e-13,1.61233880893704e-13,7.71118560795976e-07
2902.2819055,0.35981675,2.91963e-07,1.01668749999999e-09,1.02174325579288e-09,-9.99152019293288e-14,7.91693398716348e-14,1.74648973432783e-13,8.35277699026353e-07
2912.439016,0.361076,2.92972375e-07,1.03600000000004e-09,1.02165137234139e-09,-7.21944438153754e-14,9.75107695525433e-14,1.89645652546809e-13,9.07000946963e-07
2922.533615,0.3623275,2.94035e-07,1.0303125e-09,1.02159886690525e-09,-2.7899839181925e-14,1.46652887980364e-13,2.00586416959554e-13,9.59326341980476e-07
2932.632247,0.3635795,2.95033e-07,1.00749999999999e-09,1.02159557266303e-09,5.22833189880075e-13,2.16689175259828e-13,2.06407706641326e-13,9.87167292632429e-07
2942.702648,0.364828,2.9605e-07,1.02050000000001e-09,1.02264453328501e-09,1.27547056558578e-12,2.75946317821611e-13,2.15727553394614e-13,1.03174047275685e-06
2952.76095,0.366075,2.97074e-07,1.02350000000001e-09,1.0241465137942e-09,1.09729410632138e-12,2.8157630662328e-13,2.34145018402876e-13,1.11982400105723e-06
2962.839417,0.3673245,2.98097e-07,1.024e-09,1.02483912149766e-09,3.19894703163655e-13,2.96687633762793e-13,2.49650548483738e-13,1.19398088405266e-06
2973.038874,0.368589,2.99122e-07,1.03349999999999e-09,1.02478630320053e-09,-4.31944239960239e-13,2.92130969013277e-13,2.49415892323978e-13,1.1928586154625e-06
2983.09011825,0.369835125,3.00164e-07,1.04300000000002e-09,1.02397523301774e-09,-9.70395705452041e-13,2.12529700969862e-13,2.31764199970377e-13,1.10843747811919e-06
2993.195808,0.371088,3.01208e-07,1.008875e-09,1.02284551178962e-09,-5.42999983012197e-13,1.44675998783422e-13,1.96472882373687e-13,9.39652915700242e-07
3003.270242,0.372337,3.0218175e-07,9.91124999999989e-10,1.02288923305171e-09,4.34958889215279e-13,1.34501528530456e-13,1.48975620551743e-13,7.12492098290945e-07
3013.3466925,0.37358625,3.0319025e-07,1.02862499999999e-09,1.02371542956805e-09,9.4599042447146e-13,1.43803393246862e-13,1.04658840303553e-13,5.00542279712645e-07
3023.41911,0.374835,3.04239e-07,1.04837499999998e-09,1.02478121390065e-09,8.36331230606583e-13,1.09520639948645e-13,7.57272728183696e-14,3.62173913479159e-07
3033.590336,0.376096,3.05287e-07,1.02849999999999e-09,1.02538809202927e-09,2.94730628101074e-13,6.04451158368893e-14,6.4861794660141e-14,3.10208583157196e-07
3043.697034,0.377349,3.06296e-07,1.01625000000002e-09,1.02537067515686e-09,2.68371735486982e-13,2.95096384192248e-14,7.96087275622204e-14,3.8073739268888e-07
3053.54562,0.37857,3.073195e-07,1.02050000000001e-09,1.02592483550024e-09,1.22577096876476e-13,9.18193336938393e-15,1.139334678704e-13,5.44899194162783e-07
3063.571658,0.379813,3.08337e-07,1.029e-09,1.02561582935061e-09,-4.17982995086046e-13,6.5730010762777e-14,1.42064260157886e-13,6.79437765972498e-07
3073.686422,0.381067,3.093775e-07,1.02793750000001e-09,1.02508886951007e-09,-4.03271450089394e-13,1.81801273695135e-13,1.58265514796847e-13,7.56922027289268e-07
3084.010902,0.382347,3.10392875e-07,1.01568749999999e-09,1.02480928645043e-09,-9.81834950960222e-13,2.75235704207807e-13,1.75691550690383e-13,8.4026393808444e-07
3094.1176,0.3836,3.11408875e-07,1.03712499999999e-09,1.02312519960815e-09,-6.05334350722117e-13,3.24303486502534e-13,2.02629997523328e-13,9.69099988155047e-07
3104.264628,0.384858,3.12467125e-07,1.0381875e-09,1.02359861774899e-09,1.25083807107632e-12,3.28159404040453e-13,2.34804423129078e-13,1.12297767583472e-06
3114.339062,0.386107,3.1348525e-07,1.02143750000002e-09,1.0256268757503e-09,1.43236681465089e-12,2.4685597865058e-13,2.70104045984296e-13,1.29180195905533e-06
3124.437694,0.387359,3.1451e-07,1.0254375e-09,1.02646335137829e-09,2.98673950712377e-13,1.55205674558448e-13,3.08756601664571e-13,1.47666200796099e-06
3134.504062,0.388607,3.15536125e-07,1.0155e-09,1.02622422365172e-09,-9.37549548132163e-14,2.06500187441495e-13,3.41846875117703e-13,1.63491983751945e-06
3144.59361975,0.389857875,3.16541e-07,9.96937500000004e-10,1.02627584146866e-09,6.40737191102777e-13,3.35647169723612e-13,3.70901212683029e-13,1.77387536500579e-06
3154.701326,0.391111,3.1753e-07,1.03143749999998e-09,1.02750569803393e-09,8.93861554055871e-13,4.26033695539982e-13,3.97954949487645e-13,1.90326280189743e-06
3164.8181065,0.39236525,3.18603875e-07,1.04749999999998e-09,1.02806356457677e-09,7.15892489071008e-13,4.76966771942634e-13,4.12290588670726e-13,1.97182455451217e-06
3174.882458,0.393613,3.19625e-07,1.02675000000002e-09,1.02893748301207e-09,6.11372143197115e-13,5.18194691740571e-13,4.11287857551337e-13,1.96702888394118e-06
3184.989156,0.394866,3.20657375e-07,1.04443750000002e-09,1.02928630886317e-09,-1.46998657953864e-13,5.14592696389487e-13,4.03576873890642e-13,1.93015026643351e-06
3195.071656,0.396116,3.21713875e-07,1.04424999999997e-09,1.02864348569616e-09,-3.24882783301957e-13,4.34471336524707e-13,3.87989005926613e-13,1.85559959356206e-06
3205.154156,0.397366,3.22745875e-07,1.0005625e-09,1.02863654329656e-09,1.34300890167732e-13,3.42752823169131e-13,3.55341206488723e-13,1.6994579440765e-06
3215.01584925,0.398588625,3.23715e-07,9.88062500000024e-10,1.0289120874765e-09,3.19576887358796e-13,2.2970362687055e-13,3.15676792188805e-13,1.50975857133776e-06
3224.9944995,0.39982575,3.24722e-07,1.01481249999999e-09,1.02927569707128e-09,2.67792022469335e-13,1.29227276636752e-13,2.80583344911932e-13,1.34192034523098e-06
3235.13648625,0.401083125,3.25744625e-07,1.0345e-09,1.02944767152144e-09,9.27225843168008e-13,1.57914478889812e-13,2.49591731132233e-13,1.1936995836759e-06
3245.500288,0.402368,3.26791e-07,1.0541875e-09,1.03113014875762e-09,1.48421821558878e-12,2.69161153523613e-13,2.31735189043992e-13,1.1082987302104e-06
3255.590854,0.403619,3.27853e-07,1.05500000000001e-09,1.03241610795262e-09,1.34509700106609e-13,3.30681061049092e-13,2.35225086473775e-13,1.12498954400501e-06
3265.67839525,0.404869625,3.28901e-07,1.05300000000003e-09,1.03139916815783e-09,-7.53182405037788e-13,3.04251339584285e-13,2.52389000319625e-13,1.2070778276156e-06
3275.739722,0.406117,3.29959e-07,1.04949999999999e-09,1.03090974314254e-09,-3.01902364720748e-13,2.76671041947012e-13,2.71473086063987e-13,1.29834954204516e-06
3285.798024,0.407364,3.31e-07,1.01924999999997e-09,1.03079536342839e-09,-2.68024190809357e-13,2.56984889662768e-13,2.86667280127705e-13,1.37101742669772e-06
3295.953118,0.408623,3.319975e-07,1.0073125e-09,1.03037369476092e-09,-3.01433781059175e-13,2.49772197093275e-13,2.86419188708525e-13,1.36983090251903e-06
3306.055783,0.4098755,3.33014625e-07,1.00474999999999e-09,1.03019249586627e-09,1.98164171329794e-13,3.01429557877339e-13,2.67835232977162e-13,1.2809511142386e-06
3316.01326,0.41111,3.34007e-07,1.02218750000001e-09,1.03077002310358e-09,9.27964110172914e-13,3.00282135413674e-13,2.4888610222902e-13,1.19032483674749e-06
3326.289344,0.412384,3.35059e-07,1.04068750000002e-09,1.03204842408662e-09,1.19972352148463e-12,2.34292661691488e-13,2.39348801068205e-13,1.14471165728272e-06
3336.242788,0.413618,3.36088375e-07,1.05718749999997e-09,1.03316947014655e-09,8.62360274298574e-13,2.01648755482583e-13,2.35627375890121e-13,1.1269135368658e-06
3346.369651,0.4148735,3.37173375e-07,1.06418749999998e-09,1.03377314463521e-09,7.33023398038174e-13,1.90691159701517e-13,2.30979508580842e-13,1.1046846062562e-06
3356.552976,0.416136,3.3821675e-07,1.03700000000004e-09,1.03463551694263e-09,4.98828540849582e-13,1.82972485275192e-13,2.23208714998801e-13,1.06751994129861e-06
3366.66774,0.41739,3.39247375e-07,1.04012499999999e-09,1.03477080171691e-09,-4.53041829939648e-13,2.21943746188705e-13,2.10334873653821e-13,1.00594939573567e-06
3376.742174,0.418639,3.40297e-07,1.02024999999997e-09,1.03372943328275e-09,-9.70173446736688e-13,2.56335567451056e-13,1.91156067736853e-13,9.14224671784949e-07
3386.83274,0.41989,3.41287875e-07,1.02612500000003e-09,1.03283045482344e-09,-3.63445378151127e-13,2.09663148688637e-13,1.73368763418832e-13,8.2915495548137e-07
3396.899108,0.421138,3.4234925e-07,1.03962500000003e-09,1.03300254252645e-09,2.68086479875426e-13,1.62498822881672e-13,1.57657075815647e-13,7.54012101727007e-07
3406.99774,0.42239,3.43367125e-07,1.01437499999997e-09,1.03336662778319e-09,6.85057277627982e-13,1.44028507766199e-13,1.38898535507513e-13,6.64297343731584e-07
3417.072174,0.423639,3.44378e-07,1.01712499999999e-09,1.0343726570817e-09,7.03603847198849e-13,1.13881439368105e-13,1.19175790486382e-13,5.69971171891392e-07
3427.275664,0.424904,3.45401375e-07,1.02400000000002e-09,1.03477383547759e-09,-1.9541354277536e-13,8.2599968207022e-14,1.06544008612673e-13,5.0955830206061e-07
3437.36623,0.426155,3.46426e-07,1.03781249999999e-09,1.03398182999615e-09,-2.51002287707553e-13,6.31379401636791e-14,1.04102889867928e-13,4.97883386324873e-07
3447.472928,0.427408,3.47477e-07,1.05e-09,1.03427183090217e-09,4.08871095607166e-13,7.2379929822599e-14,1.09825284222987e-13,5.25251359327329e-07
3457.547362,0.428657,3.48526e-07,1.04199999999999e-09,1.03479957218736e-09,2.21320839656267e-13,1.1275836818185e-13,1.22836249631154e-13,5.87477715627258e-07
3467.6439775,0.42990875,3.49561e-07,1.03600000000001e-09,1.03471447258149e-09,-6.21545788042666e-15,1.52551137217301e-13,1.3744278026465e-13,6.57335036048326e-07
3477.712362,0.431157,3.50598e-07,1.03350000000002e-09,1.0347871412716e-09,-2.18607018278628e-13,1.93820904216281e-13,1.54509335437309e-13,7.38957691221913e-07
3487.883588,0.432418,3.51628e-07,1.05193749999999e-09,1.03427725854493e-09,-3.68454693198725e-13,2.52414842611898e-13,1.83448931282155e-13,8.77364453958133e-07
3497.966088,0.433668,3.52701875e-07,1.01237499999999e-09,1.03405023188521e-09,6.80319061586157e-13,2.57875916294779e-13,2.2361186307526e-13,1.06944804079472e-06
3508.032456,0.434916,3.5365275e-07,9.85062499999994e-10,1.0356378966681e-09,1.26994524224791e-12,2.11879294649132e-13,2.69751640448667e-13,1.29011654127623e-06
3518.139154,0.436169,3.54672e-07,1.03612499999999e-09,1.0365901223697e-09,4.81372737775492e-13,2.30829411337846e-13,3.19902970237692e-13,1.52997072722374e-06
3528.197456,0.437416,3.55725e-07,1.05500000000001e-09,1.03660064214365e-09,2.1934457745402e-13,3.07746237816884e-13,3.70430159235065e-13,1.77162250068944e-06
3538.279956,0.438666,3.56782e-07,1.07000000000002e-09,1.03702881152461e-09,2.32355206232933e-13,4.06739789845339e-13,4.195643455791e-13,2.00661208755222e-06
3548.37959625,0.439918125,3.57865e-07,1.06975000000002e-09,1.03706535255612e-09,-6.74172971073864e-14,5.1756448628124e-13,4.67605782582212e-13,2.23637548191493e-06
3558.5195665,0.44117525,3.589215e-07,1.05349999999999e-09,1.0368939769304e-09,-9.66896192437691e-15,5.67013182357954e-13,5.06189791349586e-13,2.42090769775889e-06
3568.616182,0.442427,3.59972e-07,1.03137499999999e-09,1.03704601463227e-09,3.30234688214379e-13,5.78319728356117e-13,5.31125992132038e-13,2.54016778845757e-06
3578.68255,0.443675,3.6098425e-07,1.012625e-09,1.03755444630682e-09,4.88174279145393e-13,5.84067122610461e-13,5.46866807369362e-13,2.61544994828825e-06
3588.76505,0.444925,3.6199725e-07,1.01237499999999e-09,1.03802236319056e-09,6.25329141090091e-13,5.51997804453911e-13,5.45107095529466e-13,2.60703393514092e-06
3598.855616,0.446176,3.63009e-07,1.01187499999998e-09,1.038805104589e-09,9.41550912816943e-13,5.15514461868938e-13,5.24202969857153e-13,2.50705768192551e-06
3608.913918,0.447423,3.64021e-07,1.02050000000001e-09,1.03990546501619e-09,8.61052911730825e-13,4.82159609263436e-13,4.94111095638831e-13,2.3631400226205e-06
3619.06397075,0.448681375,3.6505e-07,1.04800000000002e-09,1.04052721041247e-09,9.79665451086701e-13,4.02796669529132e-13,4.61410116610758e-13,2.20674403596449e-06
3629.15252025,0.449932125,3.66117e-07,1.07681250000001e-09,1.04186479591837e-09,1.24522639244389e-12,3.74699534175083e-13,4.31750382772876e-13,2.06489313500071e-06
3639.250144,0.451184,3.67203625e-07,1.0835e-09,1.04301766319735e-09,5.97054859680069e-13,4.29424564466094e-13,4.03800816128381e-13,1.93122129452704e-06
3649.30743775,0.452430875,3.68284e-07,1.04018749999998e-09,1.04305890563773e-09,7.027480803678e-14,4.03118445217802e-13,3.76171748715723e-13,1.7990822764665e-06
3659.38288,0.45368,3.69284e-07,1.00762499999999e-09,1.04315821281343e-09,1.661206935563e-14,3.54868099060015e-13,3.49057932101749e-13,1.66940750135619e-06
3669.489578,0.454933,3.7029925e-07,1.01156250000001e-09,1.04309212977644e-09,-2.16835319034349e-13,3.48347691367437e-13,3.20990229051783e-13,1.53517066068244e-06
3679.644672,0.456192,3.71307125e-07,1.04837499999998e-09,1.04272454217536e-09,-3.93564973158604e-13,3.11363653301162e-13,2.91618086600141e-13,1.39469519678328e-06
3689.75137,0.457445,3.72396e-07,1.07393749999999e-09,1.04230499983012e-09,-3.09053574258676e-13,2.62419649293992e-13,2.61042905514585e-13,1.24846606985236e-06
3699.82479575,0.458693875,3.73455e-07,1.06150000000003e-09,1.04210643502684e-09,1.9452309225616e-13,2.23263412613914e-13,2.2841140948631e-13,1.0924023931954e-06
3709.932502,0.459947,3.74519e-07,1.06000000000001e-09,1.04269404601463e-09,6.75101644430747e-13,1.89215616316806e-13,2.01008114870027e-13,9.61343158074042e-07
3719.97164725,0.461191625,3.75575e-07,1.03699999999998e-09,1.0434566383157e-09,5.39542231986719e-13,1.63281631293782e-13,1.90137985918252e-13,9.09355584826423e-07
3729.99566875,0.462434375,3.76593e-07,1.00824999999999e-09,1.04377313047861e-09,7.13648667017691e-14,1.62829343009058e-13,1.91069449153337e-13,9.1381040899422e-07
3739.99347575,0.463673875,3.775915e-07,1.04593750000001e-09,1.04359936804911e-09,3.539880574873e-13,1.68107187919021e-13,2.00372927771446e-13,9.58305306733003e-07
3750.157644,0.464934,3.78684875e-07,1.05625000000001e-09,1.04448110659358e-09,4.74789208136211e-13,1.93148634898054e-13,2.19312776164978e-13,1.04888719035424e-06
3760.1735995,0.46617575,3.79704e-07,1.01537500000002e-09,1.04454894646538e-09,-1.49902885682033e-13,2.53217353899455e-13,2.39494305281616e-13,1.14540754699903e-06
3770.120994,0.467409,3.80715625e-07,1.03924999999999e-09,1.04418130082222e-09,5.56618638021876e-13,2.90165502693887e-13,2.53706795346568e-13,1.21338032557054e-06
3780.324484,0.468674,3.817825e-07,1.07668749999998e-09,1.04566218374142e-09,7.97725560465981e-13,2.9813262387401e-13,2.6098204804062e-13,1.24817501236818e-06
3790.527974,0.469939,3.82869e-07,1.06875000000001e-09,1.04577675194315e-09,1.14136403467654e-13,2.98865435882717e-13,2.6191410652733e-13,1.25263268339158e-06
3800.73953,0.471205,3.8392e-07,1.05599999999998e-09,1.04589045654836e-09,1.13272806945592e-13,2.77746353937617e-13,2.52923570847379e-13,1.20963446927007e-06
3810.894624,0.472464,3.84981e-07,1.04899999999997e-09,1.04600329755704e-09,1.12409210418568e-13,2.32640688330741e-13,2.3470860939354e-13,1.12251943622997e-06
3821.0114045,0.47371825,3.86018e-07,1.029e-09,1.0461152749692e-09,1.11545613891543e-13,1.77382999730535e-13,2.1136620295259e-13,1.01088184020804e-06
3831.075756,0.474966,3.87039e-07,1.02700000000003e-09,1.04622638878482e-09,1.10682017364518e-13,1.43811024592428e-13,1.81329632044763e-13,8.67228674996693e-07
3841.15019,0.476215,3.88072e-07,1.04450000000001e-09,1.04633663900392e-09,1.09818420837389e-13,1.42569765594676e-13,1.50721225660552e-13,7.2084064446351e-07
3851.240756,0.477466,3.89128e-07,1.054e-09,1.0464460256265e-09,1.08954824310468e-13,1.41354040640516e-13,1.26329018194738e-13,6.04182260931356e-07
3861.290992,0.478712,3.9018e-07,1.05750000000002e-09,1.04655454865254e-09,1.08091227783339e-13,1.13425114148261e-13,1.08284417563616e-13,5.17881997043381e-07
3871.38256625,0.479963125,3.91243e-07,1.05162499999999e-09,1.04666220808206e-09,1.07227631256108e-13,1.02243634995316e-13,9.78428377861648e-14,4.67944006803397e-07
3881.544718,0.481223,3.9228325e-07,1.03049999999999e-09,1.04676900391506e-09,1.06364034729083e-13,1.03292202979982e-13,9.37591810072974e-14,4.48413474382727e-07
3891.64335,0.482475,3.93304e-07,1.01137499999999e-09,1.04687493615152e-09,1.05500438202058e-13,6.57463990054531e-14,9.28263265348229e-14,4.43951996470892e-07
3901.68652825,0.483720125,3.94306e-07,1.05e-09,1.04698000479146e-09,1.04636841674929e-13,7.12591476078914e-14,9.17242828580338e-14,4.38681352799292e-07
3911.77709425,0.484971125,3.95404e-07,1.06343750000001e-09,1.04708420983487e-09,1.03773245147904e-13,1.03752135010848e-13,9.03600455239744e-14,4.32156739462486e-07
3921.862619,0.4862215,3.96432875e-07,1.04375000000001e-09,1.04718755128176e-09,1.02909648620879e-13,1.02893262430633e-13,9.12903883940342e-14,4.36606205362772e-07
3931.965284,0.487474,3.974915e-07,1.05325000000001e-09,1.04729002913211e-09,1.02046052093854e-13,1.0203586608378e-13,9.47899987836425e-14,4.53343472443508e-07
3942.128444,0.488734,3.98539375e-07,1.06074999999998e-09,1.04739164338594e-09,1.01182455566829e-13,1.0117994597029e-13,9.74297745099157e-14,4.65968486786553e-07
3952.18775425,0.489981125,3.99613e-07,1.06924999999998e-09,1.04749239404325e-09,1.00318859039598e-13,1.00325502090162e-13,9.97401305666811e-14,4.77018015753692e-07
3962.269246,0.491231,4.00677875e-07,1.05912500000001e-09,1.04759228110402e-09,9.94552625124693e-14,9.9472534443396e-14,1.02669249683537e-13,4.91026846312568e-07
3972.335614,0.492479,4.0173125e-07,1.04775000000002e-09,1.04769130456827e-09,9.85916659854443e-14,9.86210430299919e-14,1.03093413311883e-13,4.93055454969875e-07
3982.42618,0.49373,4.02773375e-07,1.05787500000001e-09,1.04778946443599e-09,9.77280694584194e-14,9.77710278499502e-14,1.02654539068615e-13,4.90956491197724e-07
3992.524812,0.494982,4.03847e-07,1.07462500000002e-09,1.04788676070719e-09,9.68644729313944e-14,9.69224889032705e-14,1.01352626953826e-13,4.84729954996559e-07
4002.663774,0.496239,4.04922625e-07,1.06156249999999e-09,1.04798319338186e-09,9.60008764044728e-14,9.60754261899531e-14,9.91876769675157e-14,4.74375846366379e-07
4012.730142,0.497487,4.05970125e-07,1.04918749999999e-09,1.04807876246e-09,9.51372798773445e-14,9.52298397099975e-14,9.61596891097873e-14,4.59894165307678e-07
4022.83684,0.49874,4.07021e-07,1.02593749999998e-09,1.04817346794161e-09,9.42736833501127e-14,9.43857294634043e-14,9.2268663380434e-14,4.41284911819467e-07
4032.935472,0.499992,4.08022e-07,1.00099999999994e-09,1.0482673098267e-09,9.38418850866002e-14,9.35430954501731e-14,8.75145997795593e-14,4.1854808590224e-07
