wvnmbr,Voltage,Current,DerivativeY1,DerivativeY1_1,DerivativeY2,DerivativeY2_1,DerivativeY2_2,Alpha
-4032.967736,-0.499996,-3.30904125e-07,1.59212499999998e-09,1.37531636856484e-09,-2.65032809698626e-11,-2.67561483448502e-11,-2.68217432949701e-11,NaN
-4022.885236,-0.498746,-3.29312e-07,1.5070625e-09,1.34881308759498e-09,-2.61378476339737e-11,-2.60430223683534e-11,-2.60670952604118e-11,NaN
-4012.802736,-0.497496,-3.2789e-07,1.38362500000002e-09,1.3230406732969e-09,-2.54069809621961e-11,-2.53286470471185e-11,-2.53201329150647e-11,NaN
-4002.708137,-0.4962445,-3.2654475e-07,1.28949999999999e-09,1.29799912567059e-09,-2.46761142904185e-11,-2.46130223811456e-11,-2.45808562589286e-11,NaN
-3992.54901,-0.494985,-3.25311e-07,1.2326875e-09,1.27368844471606e-09,-2.39452476186411e-11,-2.38961483704345e-11,-2.38492652920036e-11,NaN
-3982.490708,-0.493738,-3.24079375e-07,1.20000000000001e-09,1.25010863043331e-09,-2.32143809468636e-11,-2.31780250149854e-11,-2.31253600142896e-11,NaN
-3972.38703475,-0.492485375,-3.22911e-07,1.15656249999999e-09,1.22725968282233e-09,-2.2483514275086e-11,-2.24586523147981e-11,-2.24091404257868e-11,NaN
-3962.317642,-0.491237,-3.2176625e-07,1.13600000000002e-09,1.20514160188313e-09,-2.17526476033085e-11,-2.17380302698728e-11,-2.1700606526495e-11,NaN
-3952.239175,-0.4899875,-3.20639e-07,1.11206250000001e-09,1.18375438761571e-09,-2.10217809315309e-11,-2.10161588802095e-11,-2.09776232705596e-11,NaN
-3942.160708,-0.488738,-3.19542125e-07,1.09999999999998e-09,1.16309804002007e-09,-2.02909142597533e-11,-2.0293038145808e-11,-2.02906170726322e-11,NaN
-3931.884624,-0.487464,-3.18439e-07,1.0823125e-09,1.14317255909621e-09,-1.95600475879756e-11,-1.95686680666685e-11,-1.96363613894488e-11,NaN
-3921.7839755,-0.48621175,-3.173775e-07,1.06525e-09,1.12397794484412e-09,-1.88291809161982e-11,-1.88430486427908e-11,-1.89994037279158e-11,NaN
-3911.7498715,-0.48496775,-3.163085e-07,1.04399999999999e-09,1.10551419726381e-09,-1.80983142444206e-11,-1.81161798741751e-11,-1.83603552524598e-11,NaN
-3901.762147,-0.4837295,-3.152895e-07,1.03375e-09,1.08778131635528e-09,-1.73674475726429e-11,-1.75793164460559e-11,-1.77003295936117e-11,NaN
-3891.64335,-0.482475,-3.14241e-07,1.032875e-09,1.07077930211853e-09,-1.66365809008655e-11,-1.71569882197097e-11,-1.69990144882929e-11,NaN
-3881.589081,-0.4812285,-3.1322375e-07,1.01050000000002e-09,1.05450815455355e-09,-1.5905714229088e-11,-1.6493932942492e-11,-1.62350151531833e-11,NaN
-3871.4440695,-0.47997075,-3.1222e-07,9.91312499999981e-10,1.03896787366035e-09,-1.51748475573104e-11,-1.56178352912306e-11,-1.53899301623979e-11,NaN
-3861.363586,-0.478721,-3.11241125e-07,9.75375000000004e-10,1.02415845943893e-09,-1.44439808855328e-11,-1.45934591688303e-11,-1.44549155772841e-11,NaN
-3851.256888,-0.477468,-3.1026925e-07,9.92750000000034e-10,1.01007991188928e-09,-1.37131142137552e-11,-1.34899724776321e-11,-1.34312153189916e-11,NaN
-3841.17136325,-0.476217625,-3.09255625e-07,1.00499999999998e-09,9.96732231011418e-10,-1.29822475419776e-11,-1.23355968224724e-11,-1.23266917740501e-11,NaN
-3831.099954,-0.474969,-3.0825925e-07,9.8562499999997e-10,9.84115416805329e-10,-1.22513808702001e-11,-1.11291708988217e-11,-1.11549174910457e-11,NaN
-3820.993256,-0.473716,-3.07284375e-07,1.008875e-09,9.72229469271018e-10,-1.15205141984225e-11,-9.90224813140303e-12,-9.96412261709618e-12,NaN
-3810.48829925,-0.472413625,-3.062415e-07,1.00318750000002e-09,9.61074388408484e-10,-1.07896475266449e-11,-8.71432494843765e-12,-8.81169336462776e-12,NaN
-3800.41689,-0.471165,-3.05278e-07,9.68999999999987e-10,9.50650174217728e-10,-1.00587808548674e-11,-7.61920416265584e-12,-7.71499771486959e-12,NaN
-3790.382786,-0.469921,-3.043035e-07,9.56499999999986e-10,9.40956826698749e-10,-9.3279141830899e-12,-6.61737230615181e-12,-6.67845196706987e-12,NaN
-3780.53722475,-0.468700375,-3.03365e-07,9.39250000000013e-10,9.31994345851548e-10,-4.26336600968472e-12,-5.69014982737797e-12,-5.70550118349338e-12,NaN
-3770.447667,-0.4674495,-3.02425e-07,9.27000000000019e-10,9.3243009467938e-10,4.1468804502894e-13,-4.84032034462376e-12,-4.80702578453446e-12,NaN
-3760.32887,-0.466195,-3.01511e-07,9.07999999999997e-10,9.32823721941606e-10,-1.85668135177683e-13,-4.07612931124612e-12,-3.99354410021131e-12,NaN
-3750.23527925,-0.464943625,-3.00609e-07,9.16062499999995e-10,9.32058758409024e-10,-1.15215520170316e-12,-3.36767577800729e-12,-3.27312171236388e-12,NaN
-3740.06606975,-0.463682875,-2.99678875e-07,9.19937499999996e-10,9.305194115382e-10,-1.84014006546077e-12,-2.69550116424094e-12,-2.66080421191938e-12,NaN
-3729.93719025,-0.462427125,-2.98769125e-07,9.33374999999983e-10,9.28378478278103e-10,-1.96585992887695e-12,-2.10671500566312e-12,-2.1666755722775e-12,NaN
-3719.83755,-0.461175,-2.97812125e-07,9.76625000000012e-10,9.26587691680446e-10,-2.05519660694428e-12,-1.67829522895291e-12,-1.81934707791199e-12,NaN
-3709.722786,-0.459921,-2.96815875e-07,9.61562500000007e-10,9.24268085064214e-10,-2.6587691680444e-12,-1.44299331939755e-12,-1.64265863262341e-12,NaN
-3699.8278205,-0.45869425,-2.95889e-07,9.36937500000015e-10,9.21270153344357e-10,-3.30873717411423e-12,-1.37310198081419e-12,-1.61178796395355e-12,NaN
-3689.767502,-0.457447,-2.94942e-07,9.40499999999995e-10,9.17650610715986e-10,-3.40188339486706e-12,-1.4795771368251e-12,-1.68533213137532e-12,NaN
-3679.660804,-0.456194,-2.94008e-07,9.34249999999981e-10,9.14466386554623e-10,-2.7469888898958e-12,-1.75389204165706e-12,-1.82550471718412e-12,NaN
-3669.5157925,-0.45493625,-2.930735e-07,8.98937500000025e-10,9.12156632936194e-10,-2.06202575369804e-12,-2.08055396045292e-12,-1.99454868990115e-12,NaN
-3659.4211935,-0.45368475,-2.92210125e-07,8.49312500000005e-10,9.10342335047227e-10,-1.72235710321927e-12,-2.47800464690867e-12,-2.14810380156474e-12,NaN
-3649.352809,-0.4524365,-2.91374875e-07,8.54562499999991e-10,9.08711918729756e-10,-1.44410122539638e-12,-2.69162281032179e-12,-2.25228017297149e-12,NaN
-3639.266276,-0.451186,-2.90501e-07,8.86437499999998e-10,9.07454132596434e-10,-1.12799129085579e-12,-2.5346413497037e-12,-2.29389595074331e-12,NaN
-3629.17066875,-0.449934375,-2.89602e-07,9.00062499999977e-10,9.06455936148044e-10,-1.51919848127847e-12,-2.28484138446192e-12,-2.27175510685204e-12,NaN
-3619.0911935,-0.44868475,-2.88700875e-07,9.24312500000011e-10,9.04415735633877e-10,-2.70924313121503e-12,-2.07821807052054e-12,-2.19546097469693e-12,NaN
-3608.938116,-0.447426,-2.87753375e-07,9.54437500000022e-10,9.01037449885614e-10,-3.65526186889925e-12,-1.91318113231079e-12,-2.08627645425565e-12,NaN
-3598.72656,-0.44616,-2.86792e-07,9.37062499999992e-10,8.97105211896079e-10,-3.55946411583459e-12,-1.77617933801911e-12,-1.97237615403244e-12,NaN
-3588.756984,-0.444924,-2.8587925e-07,9.17499999999995e-10,8.93918521653945e-10,-2.78664862171208e-12,-1.72987707593297e-12,-1.87489721041477e-12,NaN
-3578.66944275,-0.443673375,-2.84957e-07,8.90187499999995e-10,8.91531914652654e-10,-2.24063540510547e-12,-1.76020590817683e-12,-1.81485037824092e-12,NaN
-3568.616182,-0.442427,-2.84098875e-07,8.70000000000007e-10,8.89437250843734e-10,-1.23533587963549e-12,-1.79928853411751e-12,-1.78421722383971e-12,NaN
-3558.509484,-0.441174,-2.83217e-07,8.73937500000023e-10,8.89061242893383e-10,4.68137726789789e-14,-1.84424840732026e-12,-1.74512907180614e-12,NaN
-3548.346324,-0.439914,-2.82351e-07,8.77499999999976e-10,8.89530878389092e-10,-4.67133315589791e-13,-1.84315610548292e-12,-1.67623878244491e-12,NaN
-3538.0399925,-0.43863625,-2.81462e-07,8.84562499999973e-10,8.88126976262204e-10,-8.75805510883888e-13,-1.75827220004765e-12,-1.5781852093925e-12,NaN
-3527.86775825,-0.437375125,-2.80581875e-07,8.91500000000018e-10,8.87779267367324e-10,-1.92700429229044e-13,-1.58850281170719e-12,-1.46631060167529e-12,NaN
-3517.84172025,-0.436132125,-2.79679e-07,8.9393750000002e-10,8.87741575403746e-10,-1.22842745588799e-12,-1.34369962163162e-12,-1.35210359357438e-12,NaN
-3508.032456,-0.434916,-2.78794e-07,8.985e-10,8.85322412455548e-10,-2.60407441278363e-12,-1.11327778281132e-12,-1.25089157415761e-12,NaN
-3497.8995435,-0.43365975,-2.77882e-07,8.85999999999973e-10,8.82533426578179e-10,-2.62572481822923e-12,-9.71425500334131e-13,-1.18008059151452e-12,NaN
-3487.84224975,-0.432412875,-2.77022e-07,8.6950000000002e-10,8.8007096281909e-10,-2.69376783732369e-12,-9.28644474470106e-13,-1.1406400043125e-12,NaN
-3477.6780815,-0.43115275,-2.76143e-07,8.71500000000022e-10,8.77145890903531e-10,-2.53872256449767e-12,-1.02003191555543e-12,-1.13053599003514e-12,NaN
-3467.597598,-0.429903,-2.75279e-07,8.58312499999989e-10,8.74993517690094e-10,-1.01041501506262e-12,-1.19689691764047e-12,-1.14830676789069e-12,NaN
-3457.53123,-0.428655,-2.74426375e-07,8.57999999999994e-10,8.75125060873406e-10,1.31482309904916e-13,-1.32236279732016e-12,-1.18048042206967e-12,NaN
-3447.46990325,-0.427407625,-2.73563e-07,8.84187499999989e-10,8.75256482309904e-10,-2.86536784526757e-14,-1.377761883397e-12,-1.2080082895336e-12,NaN
-3437.34908975,-0.426152875,-2.72658e-07,9.07499999999984e-10,8.75067753516501e-10,5.44066683280073e-14,-1.36654859687921e-12,-1.21563435651514e-12,NaN
-3427.291796,-0.424906,-2.71748e-07,9.07187499999988e-10,8.7536529564656e-10,5.13049559446575e-14,-1.25034163008921e-12,-1.19478772223833e-12,NaN
-3417.1225865,-0.42364525,-2.70843625e-07,8.82500000000008e-10,8.7517036342839e-10,-4.67387426668468e-13,-1.12036507096678e-12,-1.14669201381612e-12,NaN
-3407.02899575,-0.422393875,-2.69983e-07,8.65312499999997e-10,8.74430520793223e-10,-1.50522874243982e-12,-1.03037290100607e-12,-1.08663207406361e-12,NaN
-3396.95557,-0.421145,-2.69113e-07,8.4900000000001e-10,8.7215990594351e-10,-2.7868425672155e-12,-9.31798907968916e-13,-1.03503352415562e-12,NaN
-3386.852905,-0.4198925,-2.68285e-07,8.32500000000031e-10,8.68856835658792e-10,-2.6256108575504e-12,-8.80724292861791e-13,-1.00167221569165e-12,NaN
-3376.754273,-0.4186405,-2.67448e-07,8.27562499999987e-10,8.66908684228409e-10,-1.70864005979764e-12,-9.14776393193315e-13,-9.87060292033636e-13,NaN
-3366.69092975,-0.417392875,-2.66629875e-07,8.45812499999988e-10,8.65439555539197e-10,-1.50312931776535e-12,-9.73651456754387e-13,-9.92713228804283e-13,NaN
-3356.601372,-0.416142,-2.65756375e-07,8.7956250000002e-10,8.63902425592879e-10,-7.49231296291959e-13,-1.05082221595224e-12,-1.01464461091558e-12,NaN
-3346.4402285,-0.41488225,-2.6487075e-07,8.91937500000017e-10,8.63941092946613e-10,3.55480163763836e-13,-1.14504116563225e-12,-1.03410402605841e-12,NaN
-3336.39503375,-0.413636875,-2.639725e-07,8.9600000000001e-10,8.64613385920406e-10,1.1035003624113e-13,-1.14899722221404e-12,-1.03911808017678e-12,NaN
-3326.30245125,-0.412385625,-2.6307875e-07,8.97249999999965e-10,8.64161793019095e-10,-7.09269320936101e-13,-1.06118486689182e-12,-1.03206629795562e-12,NaN
-3316.20785225,-0.411134125,-2.62178e-07,8.82937499999981e-10,8.63194847278534e-10,-9.67732847856878e-13,-1.00071036713841e-12,-1.01288480544206e-12,NaN
-3306.140476,-0.409886,-2.61312875e-07,8.60500000000036e-10,8.62226327323382e-10,-1.23922186799243e-12,-9.6922521401234e-13,-9.81606843870342e-13,NaN
-3296.082174,-0.408639,-2.60457e-07,8.37062499999985e-10,8.60716403542549e-10,-1.7780902455317e-12,-9.14472244736044e-13,-9.46785910134673e-13,NaN
-3285.8968325,-0.40737625,-2.5963875e-07,8.76124999999965e-10,8.58670146832318e-10,-1.5285064497503e-12,-8.45548132022856e-13,-9.18220834795029e-13,NaN
-3275.80425,-0.406125,-2.5870475e-07,8.33437500000017e-10,8.57659390643049e-10,-6.93932053953988e-13,-8.26045458106692e-13,-8.97185900158145e-13,NaN
-3265.725783,-0.4048755,-2.57971875e-07,8.02062500000025e-10,8.5728228272441e-10,-5.10646475570592e-13,-8.73063187675996e-13,-8.82956038036726e-13,NaN
-3255.62412625,-0.403623125,-2.57100625e-07,8.68437500000004e-10,8.56638097691908e-10,-5.15112884776098e-13,-9.16739165723794e-13,-8.72642169370078e-13,NaN
-3245.56179125,-0.402375625,-2.56235e-07,8.63312499999995e-10,8.56252056954858e-10,-4.94539797051521e-13,-9.14520076420019e-13,-8.60942202339515e-13,NaN
-3235.47425,-0.401125,-2.55374e-07,8.60124999999999e-10,8.55649018097805e-10,-7.61561700152007e-13,-9.10300735826238e-13,-8.48173711323274e-13,NaN
-3225.31814775,-0.399865875,-2.5451475e-07,8.82999999999996e-10,8.54728933554554e-10,-9.62708668372328e-13,-8.94927065576095e-13,-8.35866328000504e-13,NaN
-3215.220524,-0.398614,-2.53608e-07,8.77249999999996e-10,8.5372360076106e-10,-1.39217408661559e-12,-8.09932640680075e-13,-8.27600400772437e-13,NaN
-3205.1319745,-0.39736325,-2.5276025e-07,8.53187500000006e-10,8.51944585381323e-10,-1.87176309202951e-12,-7.38648415067473e-13,-8.26714254976225e-13,NaN
-3195.05854875,-0.396114375,-2.51901625e-07,8.49125000000013e-10,8.49980074577001e-10,-1.45401084962332e-12,-7.56759080717337e-13,-8.29960476886116e-13,NaN
-3184.973024,-0.394864,-2.51062e-07,8.42250000000009e-10,8.49036563682076e-10,-4.55506495051151e-13,-7.96533229917593e-13,-8.35738989398132e-13,NaN
-3174.89859,-0.393615,-2.50217125e-07,8.33375000000002e-10,8.49069061586899e-10,-1.00106316111648e-13,-8.18649043155683e-13,-8.43807069808776e-13,NaN
-3164.8261725,-0.39236625,-2.4939525e-07,8.49062499999972e-10,8.48836351049853e-10,-1.48921832884577e-13,-8.57814725562055e-13,-8.48191103681709e-13,NaN
-3154.65998775,-0.391105875,-2.48519e-07,8.34124999999996e-10,8.48771217921129e-10,3.43977213527509e-14,-9.30005050830765e-13,-8.43079522497995e-13,NaN
-3144.582529,-0.3898565,-2.47727e-07,8.28437500000011e-10,8.48905146492558e-10,-2.79793993068429e-13,-9.50000872101594e-13,-8.2584334901618e-13,NaN
-3134.49095475,-0.388605375,-2.46862125e-07,8.58999999999995e-10,8.48211629934993e-10,-7.5480475208867e-13,-8.56931221353685e-13,-7.94675081037614e-13,NaN
-3124.409463,-0.3873555,-2.46009e-07,8.40062499999988e-10,8.47395536988381e-10,-1.20007035833212e-12,-7.49586046887949e-13,-7.57052765173751e-13,NaN
-3114.298732,-0.386102,-2.45182e-07,8.34999999999994e-10,8.45811489218328e-10,-1.59750503975231e-12,-6.83224364944238e-13,-7.25156844145744e-13,NaN
-3104.208166,-0.384851,-2.44339e-07,8.65812500000011e-10,8.44200526908876e-10,-1.45394643706489e-12,-6.19484636895532e-13,-7.00596120259934e-13,NaN
-3094.053072,-0.383592,-2.43450375e-07,8.54500000000003e-10,8.42903596344199e-10,-1.51088996919472e-12,-5.69163661226015e-13,-6.82829225615846e-13,NaN
-3083.9846875,-0.38234375,-2.4263e-07,8.25687499999989e-10,8.41178746970487e-10,-1.28865461278792e-12,-5.91006839979571e-13,-6.75909767261407e-13,NaN
-3073.91227,-0.381095,-2.41799e-07,8.51124999999989e-10,8.40326287118623e-10,-3.3266608530224e-13,-6.86095329436077e-13,-6.82534729910346e-13,NaN
-3063.821704,-0.379844,-2.4092775e-07,8.4612500000001e-10,8.40513414799883e-10,1.2880458787187e-13,-7.73648476207565e-13,-6.96513683063982e-13,NaN
-3053.755336,-0.378596,-2.4010675e-07,8.23875000000031e-10,8.40583896294366e-10,-1.76537124283219e-13,-7.89267837980205e-13,-7.03342277730126e-13,NaN
-3043.680902,-0.377347,-2.3928e-07,8.42437500000001e-10,8.40160340551316e-10,-4.98420830596239e-13,-7.47668868203627e-13,-6.93299323356085e-13,NaN
-3033.6044515,-0.37609775,-2.38421875e-07,8.65499999999976e-10,8.39587054633174e-10,2.08603252620591e-13,-7.0435279266211e-13,-6.61290358470847e-13,NaN
-3023.4332255,-0.37483675,-2.37549e-07,8.39687500000018e-10,8.40577547056557e-10,4.50497887833791e-13,-6.42480896925387e-13,-6.07962966791119e-13,NaN
-3013.344676,-0.373586,-2.367425e-07,8.25124999999999e-10,8.40488050408842e-10,-1.03914938616924e-12,-5.409855328514e-13,-5.41038638657027e-13,NaN
-3003.25108525,-0.372334625,-2.3589875e-07,8.37812499999979e-10,8.38499248284219e-10,-1.41315417676462e-12,-4.46748733537725e-13,-4.73513949879574e-13,NaN
-2993.1816925,-0.37108625,-2.35066875e-07,8.37125e-10,8.37661742055312e-10,-7.70946114294445e-13,-3.78585577928179e-13,-4.20907588610773e-13,NaN
-2983.09616775,-0.369835875,-2.342245e-07,8.34875000000017e-10,8.3695735605563e-10,-1.00470707150781e-12,-3.21062054162649e-13,-3.90356781091801e-13,NaN
-2972.998544,-0.368584,-2.33397125e-07,8.28749999999994e-10,8.35652327912297e-10,-1.15701445672635e-12,-2.9715345367022e-13,-3.84802792965597e-13,NaN
-2962.827318,-0.367323,-2.32567e-07,8.31875000000001e-10,8.34643327142177e-10,-6.15786880790321e-13,-3.57605713327157e-13,-4.01862637872193e-13,NaN
-2952.769016,-0.366076,-2.31733375e-07,8.43812500000012e-10,8.34420754150716e-10,-1.02801733900941e-13,-4.50090777902553e-13,-4.30527792808408e-13,NaN
-2942.686516,-0.364826,-2.30879375e-07,8.49187500000002e-10,8.34437723674375e-10,4.51241817489696e-14,-5.08866369626761e-13,-4.62239285019773e-13,NaN
-2932.6100655,-0.36357675,-2.30035e-07,8.42687500000008e-10,8.34511002514214e-10,-3.62748873127545e-14,-5.40936428987716e-13,-4.90348502325264e-13,NaN
-2922.53059025,-0.362327125,-2.29194e-07,8.38999999999985e-10,8.3436517389975e-10,-3.40974597385886e-13,-5.55090835759991e-13,-5.07075395599666e-13,NaN
-2912.4249005,-0.36107425,-2.28357e-07,8.58000000000007e-10,8.33829053319442e-10,-7.97788455009853e-14,-5.75190367232421e-13,-5.09621894806063e-13,NaN
-2902.2899715,-0.35981775,-2.27478e-07,8.3556250000001e-10,8.34205616208748e-10,2.86012990100922e-13,-5.41476620727603e-13,-4.9926633124031e-13,NaN
-2892.18529,-0.358565,-2.26685875e-07,8.11249999999987e-10,8.34401079299644e-10,-2.61086746019074e-13,-4.43655547534901e-13,-4.79388676415331e-13,NaN
-2882.110856,-0.357316,-2.258555e-07,8.17999999999988e-10,8.3368344271671e-10,-5.15789570544707e-13,-4.03338714348244e-13,-4.60376199343338e-13,NaN
-2872.044488,-0.356068,-2.25049875e-07,7.96249999999997e-10,8.33369500158555e-10,-7.11174800109068e-13,-4.0605133029424e-13,-4.50749155124683e-13,NaN
-2861.945856,-0.354816,-2.24263e-07,8.04812500000021e-10,8.32261093116492e-10,-1.4866439500335e-12,-3.98657221707388e-13,-4.50673996715152e-13,NaN
-2851.863356,-0.353566,-2.2344025e-07,8.14749999999991e-10,8.30396212258488e-10,-1.56776130263413e-12,-4.29264233038073e-13,-4.59549438621416e-13,NaN
-2841.77279,-0.352315,-2.226335e-07,8.37124999999987e-10,8.29125570511223e-10,-8.75109005865992e-13,-4.91714139032783e-13,-4.78224133364037e-13,NaN
-2831.641894,-0.351059,-2.21766e-07,8.73875000000008e-10,8.28645994246756e-10,-5.46734495685193e-13,-5.36927227823122e-13,-5.07130098444082e-13,NaN
-2821.543262,-0.349807,-2.2088575e-07,8.62499999999986e-10,8.28032101519853e-10,-2.24093410949821e-13,-5.60682372757777e-13,-5.36177684852069e-13,NaN
-2811.44463,-0.348555,-2.20041e-07,8.40125000000003e-10,8.28197807424856e-10,1.30407823506547e-13,-5.68828299572572e-13,-5.50998249722051e-13,NaN
-2801.36717125,-0.347305625,-2.192055e-07,8.38125000000001e-10,8.28292917166866e-10,-7.7885399442521e-14,-5.57984167279192e-13,-5.48715740031096e-13,NaN
-2791.295762,-0.346057,-2.1836475e-07,8.3724999999999e-10,8.28042036625971e-10,-8.0503663729104e-14,-5.43327934537195e-13,-5.2938751796476e-13,NaN
-2781.229394,-0.344809,-2.17531e-07,8.17375000000011e-10,8.28131909839408e-10,5.49630229451805e-14,-5.22810295296659e-13,-4.91936957904864e-13,NaN
-2771.042036,-0.343546,-2.1673e-07,8.00000000000007e-10,8.28151962671861e-10,-2.92743748442886e-13,-4.68559796628565e-13,-4.39012890943877e-13,NaN
-2760.939371,-0.3422935,-2.15931e-07,7.8775e-10,8.27546422342522e-10,-7.62889589798298e-13,-3.92390429237064e-13,-3.80882519342047e-13,NaN
-2750.877036,-0.341046,-2.151545e-07,8.08500000000017e-10,8.26626183492265e-10,-8.41458045482703e-13,-3.23123527370974e-13,-3.29654350661752e-13,NaN
-2740.79554425,-0.339796125,-2.14314e-07,8.31312499999998e-10,8.25863506251557e-10,-7.34808546060274e-13,-2.60637544599414e-13,-2.89707128956024e-13,NaN
-2730.708003,-0.3385455,-2.13491875e-07,8.24999999999983e-10,8.25156566400144e-10,-5.84334441323236e-13,-2.21014871357333e-13,-2.64597345249891e-13,NaN
-2720.637602,-0.337297,-2.12664e-07,8.46437500000019e-10,8.2469483736891e-10,-4.95891752927179e-13,-2.11493428243584e-13,-2.59153715097434e-13,NaN
-2710.563168,-0.336048,-2.11799e-07,8.70000000000007e-10,8.2416478289429e-10,-4.32846723595648e-13,-2.1579582407198e-13,-2.74026529520761e-13,NaN
-2700.39093375,-0.334786875,-2.10924e-07,8.50499999999998e-10,8.23829143921719e-10,-2.07016297084995e-13,-2.77584739255198e-13,-3.04428631829657e-13,NaN
-2690.2549965,-0.33353025,-2.10098e-07,8.23999999999982e-10,8.2375075030012e-10,-3.78306983165571e-14,-3.64671011007545e-13,-3.40414093099785e-13,NaN
-2680.178546,-0.332281,-2.09276e-07,8.17999999999988e-10,8.23753482525086e-10,-1.2047200955834e-13,-4.06481779203292e-13,-3.72037611300685e-13,NaN
-2670.136376,-0.331036,-2.08462e-07,8.17e-10,8.23509806281003e-10,-3.04001789395278e-13,-4.44570318830264e-13,-3.9540215810617e-13,NaN
-2660.05891725,-0.329786625,-2.07642e-07,8.18500000000002e-10,8.23145478946295e-10,7.3357409001443e-14,-4.76008395975207e-13,-4.06096311255214e-13,NaN
-2649.979442,-0.328537,-2.06825e-07,7.99500000000007e-10,8.23656521099006e-10,3.4633145711178e-13,-4.5175146801944e-13,-4.00175492680139e-13,NaN
-2639.80317475,-0.327275375,-2.06043e-07,7.84000000000016e-10,8.23838141860519e-10,-1.8975797866319e-13,-3.90673059625756e-13,-3.83064768088482e-13,NaN
-2629.713617,-0.3260245,-2.05257e-07,8.01062499999997e-10,8.2327700514168e-10,-2.3745016874697e-13,-3.32664697544255e-13,-3.62749037481714e-13,NaN
-2619.61800975,-0.324772875,-2.04440875e-07,8.15499999999985e-10,8.23363241523025e-10,-3.59410037599903e-13,-2.98260564274907e-13,-3.47957986695787e-13,NaN
-2609.55265,-0.323525,-2.03626e-07,8.24812500000017e-10,8.2255818506648e-10,-1.18979337017816e-12,-2.98341902251766e-13,-3.45340032156742e-13,NaN
-2599.4318365,-0.32227025,-2.0279125e-07,8.47624999999999e-10,8.20983654782668e-10,-1.63985594237666e-12,-3.06066529838631e-13,-3.57390100225238e-13,NaN
-2589.34227875,-0.321019375,-2.0193075e-07,8.67124999999994e-10,8.19278473181727e-10,-1.52638932931663e-12,-3.32598870557248e-13,-3.86618810370358e-13,NaN
-2579.18718475,-0.319760375,-2.01057e-07,8.38874999999995e-10,8.17930876124035e-10,-6.40056966183032e-13,-4.16063374214937e-13,-4.28406175983344e-13,NaN
-2569.133924,-0.318514,-2.00253e-07,8.15625000000002e-10,8.1799835924936e-10,1.83134810527456e-13,-4.98866888839291e-13,-4.69599923224766e-13,NaN
-2559.0534405,-0.31726425,-1.9942575e-07,8.12875000000005e-10,8.1829714574509e-10,1.60419120478435e-13,-5.29287757487487e-13,-4.94534382810327e-13,NaN
-2548.96993225,-0.316014125,-1.9862725e-07,8.10249999999999e-10,8.18319197490317e-10,3.09541269338263e-13,-5.41996576317137e-13,-4.93462002605265e-13,NaN
-2538.8844075,-0.31476375,-1.9780525e-07,7.95625000000006e-10,8.18916228283767e-10,6.61512718294403e-13,-5.47874716744794e-13,-4.63387153645935e-13,NaN
-2528.83316325,-0.313517625,-1.97036e-07,7.97124999999994e-10,8.19642222926906e-10,3.59885699562765e-13,-4.95499628755013e-13,-4.06487142804739e-13,NaN
-2518.75872925,-0.312268625,-1.96211e-07,8.24249999999989e-10,8.19635999682892e-10,-3.71734778816914e-13,-3.78685592503334e-13,-3.35820213432654e-13,NaN
-2508.5885115,-0.31100775,-1.953875e-07,8.24000000000008e-10,8.18898753369272e-10,-1.00046716799944e-12,-2.47025395474015e-13,-2.67135805250656e-13,NaN
-2498.5140775,-0.30975875,-1.94563e-07,8.2025000000001e-10,8.17635065346893e-10,-1.15767132324619e-12,-1.25430555186275e-13,-2.10602533422152e-13,NaN
-2488.4154455,-0.30850675,-1.93747e-07,8.27999999999999e-10,8.1658341072278e-10,-9.1956570363975e-13,-5.51332092859333e-14,-1.72804909378829e-13,NaN
-2478.343028,-0.307258,-1.92907e-07,8.27812499999994e-10,8.15795933939614e-10,-9.87391418831802e-13,-4.56432880781892e-14,-1.56953989083041e-13,NaN
-2468.252462,-0.306007,-1.92091375e-07,8.18499999999989e-10,8.14608627885116e-10,-8.62767984552072e-13,-9.67874676531704e-14,-1.63877494598339e-13,NaN
-2458.161896,-0.304756,-1.9127e-07,8.13875000000007e-10,8.1407039797051e-10,1.23498691930054e-13,-2.26657127302597e-13,-1.88998698893552e-13,NaN
-2448.01587625,-0.303498125,-1.90463625e-07,8.08437500000015e-10,8.14855625268976e-10,6.71381288364569e-13,-3.20670850784899e-13,-2.21988583500908e-13,NaN
-2437.924302,-0.302247,-1.89653125e-07,8.11062499999995e-10,8.15413160547239e-10,4.24239507123141e-13,-3.24412552962136e-13,-2.5504072219065e-13,NaN
-2427.84482675,-0.300997375,-1.888415e-07,8.15749999999992e-10,8.15704104283223e-10,4.5324214591433e-13,-3.25932685488758e-13,-2.80003736314624e-13,NaN
-2417.7653515,-0.29974775,-1.88021625e-07,8.20750000000011e-10,8.16319644839067e-10,5.04905971822687e-13,-3.26146896822699e-13,-2.84298885389226e-13,NaN
-2407.684868,-0.298498,-1.872e-07,8.24312500000004e-10,8.16713916226868e-10,2.45629147885782e-13,-2.80088899109025e-13,-2.65484071383008e-13,NaN
-2397.60539275,-0.297248375,-1.86373e-07,8.18187499999993e-10,8.16810903134839e-10,-2.4460067045709e-13,-2.04474842439083e-13,-2.32865381554672e-13,NaN
-2387.451307,-0.2959895,-1.85563625e-07,8.10000000000005e-10,8.16224714885954e-10,-1.01321377607656e-12,-1.63085325188356e-13,-1.98683564771878e-13,NaN
-2377.360741,-0.2947385,-1.84753e-07,8.08625000000007e-10,8.14784475582686e-10,-1.15464110172349e-12,-1.68944040153711e-13,-1.78903409254916e-13,NaN
-2367.278241,-0.2934885,-1.83946375e-07,7.87312499999988e-10,8.13915432682507e-10,-6.20830879521417e-13,-1.56133137285604e-13,-1.80566340333053e-13,NaN
-2357.183642,-0.292237,-1.83178375e-07,7.86187499999997e-10,8.13542813823643e-10,-7.37118196334775e-13,-1.33571784743473e-13,-1.9877759981658e-13,NaN
-2347.0829935,-0.29098475,-1.82374e-07,8.12500000000008e-10,8.12441196289837e-10,-7.7433945276247e-13,-1.75208223294824e-13,-2.31717845007212e-13,NaN
-2337.018642,-0.289737,-1.81553375e-07,8.23999999999995e-10,8.11994134918118e-10,1.25479908944067e-13,-2.68798227932146e-13,-2.75932398328286e-13,NaN
-2326.944208,-0.288488,-1.80726e-07,8.36874999999993e-10,8.12692156107726e-10,2.71648989784583e-13,-3.44831934824762e-13,-3.18869096227892e-13,NaN
-2316.781048,-0.287228,-1.79879625e-07,8.35187500000013e-10,8.12537432897687e-10,-3.15481381231389e-13,-3.92018044023713e-13,-3.47286767714466e-13,NaN
-2306.69753975,-0.285977875,-1.79055625e-07,8.27312500000007e-10,8.12061193345263e-10,-2.29086445899165e-13,-4.2415765786764e-13,-3.58391141640226e-13,NaN
-2296.616048,-0.284728,-1.78225e-07,8.21249999999985e-10,8.12079260005889e-10,1.79633174024048e-13,-4.16668515095423e-13,-3.54387249712056e-13,NaN
-2286.541614,-0.283479,-1.77413125e-07,8.01999999999996e-10,8.12420459693311e-10,2.52407330856967e-13,-3.72339057580948e-13,-3.32341491268347e-13,NaN
-2276.43794075,-0.282226375,-1.76621e-07,7.96562500000005e-10,8.12584074667603e-10,-8.33951505127404e-14,-3.0425481581752e-13,-2.94025517288749e-13,NaN
-2266.368548,-0.280978,-1.7582e-07,7.99312500000002e-10,8.12253669392285e-10,-5.44498459762679e-14,-2.21325487947469e-13,-2.49139230738256e-13,NaN
-2256.205388,-0.279718,-1.75022375e-07,8.01499999999996e-10,8.1247517497565e-10,3.48988652064372e-14,-1.59358635578965e-13,-2.10626727853792e-13,NaN
-2246.1007065,-0.27846525,-1.74217e-07,7.98937500000005e-10,8.12323467122698e-10,-8.26992825431805e-13,-1.38607883268204e-13,-1.89272854670517e-13,NaN
-2236.032322,-0.277217,-1.734245e-07,8.055e-10,8.10821189324787e-10,-1.43240220616561e-12,-1.4036140105484e-13,-1.88766527704464e-13,NaN
-2225.941756,-0.275966,-1.72606e-07,8.18562500000004e-10,8.09458662710367e-10,-1.14352108768059e-12,-1.68357980052788e-13,-2.1096058032665e-13,NaN
-2215.8653055,-0.27471675,-1.71787375e-07,8.29000000000001e-10,8.08534147149426e-10,-7.02169075177547e-13,-2.33921031497065e-13,-2.51512573957207e-13,NaN
-2205.76566525,-0.273464625,-1.70948e-07,8.34687499999999e-10,8.08054324560012e-10,-1.21969070647365e-13,-2.96010224844676e-13,-2.9976455395031e-13,NaN
-2195.5914145,-0.27220325,-1.70118e-07,8.23624999999998e-10,8.08290209008131e-10,3.55943792611833e-13,-3.63792660761313e-13,-3.43731839984983e-13,NaN
-2185.385908,-0.270938,-1.6930075e-07,8.21499999999992e-10,8.08766212145236e-10,4.4761277152405e-13,-4.31142282316225e-13,-3.70353386712177e-13,NaN
-2175.271144,-0.269684,-1.68475e-07,8.07875000000013e-10,8.09185434551179e-10,3.71303710162994e-13,-4.45205532035061e-13,-3.74016810321131e-13,NaN
-2165.35298875,-0.268454375,-1.67685e-07,7.88437500000006e-10,8.09508819565562e-10,3.65754320596167e-13,-4.24186737861691e-13,-3.5707954163417e-13,NaN
-2155.29871975,-0.267207875,-1.66898125e-07,7.90312499999978e-10,8.09916943192371e-10,1.91579933860534e-13,-3.68441879896614e-13,-3.19334971089028e-13,NaN
-2145.23336,-0.26596,-1.66104375e-07,7.98499999999992e-10,8.09891979433283e-10,-3.57430236245486e-13,-2.80927269868813e-13,-2.73239314376627e-13,NaN
-2135.11053,-0.264705,-1.65301125e-07,7.98500000000019e-10,8.0920208271988e-10,-1.09893627262227e-12,-1.98189617794043e-13,-2.45503898166629e-13,NaN
-2124.95442775,-0.263445875,-1.64507375e-07,8.05062500000015e-10,8.07694106888038e-10,-1.23182150218537e-12,-1.38785952171378e-13,-2.43174524892673e-13,NaN
-2114.87999375,-0.262196875,-1.63691e-07,7.95624999999992e-10,8.0673843971551e-10,-8.7107508097576e-13,-1.33923985508846e-13,-2.59006170133471e-13,NaN
-2104.798502,-0.260947,-1.62916125e-07,7.8749999999998e-10,8.05951956726087e-10,-9.53279660921568e-13,-1.76480105988229e-13,-2.83007811177195e-13,NaN
-2094.75935675,-0.259702375,-1.62116e-07,8.20749999999998e-10,8.04831880393666e-10,-7.75263879136275e-13,-2.45627029729025e-13,-3.02608778451364e-13,NaN
-2084.6577,-0.25845,-1.61274625e-07,8.27750000000019e-10,8.04401428967814e-10,3.2894997622033e-14,-3.94658290442247e-13,-3.11789833971515e-13,NaN
-2074.551002,-0.257197,-1.604605e-07,8.18937500000014e-10,8.0489767038891e-10,7.50077861332661e-13,-5.3108646808467e-13,-3.03241095351034e-13,NaN
-2064.403974,-0.255939,-1.5963675e-07,8.29749999999982e-10,8.05901584690479e-10,6.54000515300255e-13,-4.74389340368369e-13,-2.6853623132977e-13,NaN
-2054.297276,-0.254686,-1.58801e-07,8.22999999999994e-10,8.06205671419511e-10,1.07249739518824e-13,-2.88758228202402e-13,-2.14040407456203e-13,NaN
-2044.21981725,-0.253436625,-1.5799075e-07,8.04000000000012e-10,8.06116084169517e-10,1.73693769961056e-13,-9.90719128778199e-14,-1.56556319919329e-13,NaN
-2034.12421,-0.252185,-1.57193e-07,7.86937500000004e-10,8.06553058959433e-10,-1.95078031213633e-14,3.32006072869187e-14,-1.02360010423254e-13,NaN
-2024.03868525,-0.250934625,-1.56416875e-07,7.7e-10,8.06077068563274e-10,-8.11434007565506e-13,9.48066340290526e-14,-5.12771312840472e-14,NaN
-2013.963243,-0.2496855,-1.55653e-07,7.77937499999994e-10,8.04930190944302e-10,-8.39256693243377e-13,1.1643678075553e-13,-1.05368857494894e-14,NaN
-2003.89989975,-0.248437875,-1.54861e-07,7.79999999999998e-10,8.04398555176788e-10,-3.65682121905481e-13,7.43246595876621e-14,4.82532086489132e-15,NaN
-1993.721616,-0.247176,-1.54093e-07,7.90187499999988e-10,8.04198826700491e-10,-3.81031422002717e-13,-6.84994373740748e-14,-1.47597942559471e-14,NaN
-1983.639116,-0.245926,-1.53280625e-07,8.35250000000001e-10,8.03636492332782e-10,-6.09934539853416e-13,-2.10937078960655e-13,-6.18958458868113e-14,NaN
-1973.55560775,-0.244675875,-1.524225e-07,8.47187500000013e-10,8.02978957620784e-10,-3.73434987202398e-13,-2.16876582599155e-13,-1.23123412091126e-13,NaN
-1963.482182,-0.243427,-1.5158625e-07,8.42374999999999e-10,8.02889622358377e-10,1.41009918118196e-12,-1.79471668350131e-13,-1.83821994062031e-13,NaN
-1953.387583,-0.2421755,-1.5073775e-07,8.25000000000009e-10,8.05799155983148e-10,2.52505719268839e-12,-1.91068403161069e-13,-2.30782973806921e-13,NaN
-1943.30810775,-0.240925875,-1.4993625e-07,7.97312499999999e-10,8.07939736743754e-10,5.2759405649043e-13,-2.02610067270016e-13,-2.58632747689629e-13,NaN
-1933.154022,-0.239667,-1.49143125e-07,7.79624999999988e-10,8.06854344096129e-10,-1.49149117194043e-12,-2.40946531333361e-13,-2.65863134412969e-13,NaN
-1923.063456,-0.238416,-1.48377e-07,7.78124999999999e-10,8.04956754399873e-10,-2.08284516636847e-12,-3.18864632946419e-13,-2.56461896350269e-13,NaN
-1912.98398075,-0.237166375,-1.47586875e-07,7.81125000000003e-10,8.02688653763392e-10,-1.54402987610121e-12,-3.5605226339919e-13,-2.50516200378171e-13,NaN
-1902.89744775,-0.235915875,-1.4681475e-07,7.79687500000003e-10,8.01868694647671e-10,-6.47117573444564e-13,-3.27418356596117e-13,-2.79967153573127e-13,NaN
-1892.81494775,-0.234665875,-1.460275e-07,7.97062500000006e-10,8.01394418616503e-10,-5.4776509660527e-13,-2.86973262507089e-13,-3.51259702907008e-13,NaN
-1882.749588,-0.233418,-1.45220625e-07,8.16125000000002e-10,8.0077316445446e-10,-4.64524253097485e-13,-3.0089950609721e-13,-4.41432760377904e-13,NaN
-1872.650956,-0.232166,-1.4439525e-07,8.41249999999995e-10,8.00465370110308e-10,9.33932535278797e-13,-3.72939001414058e-13,-5.3088483363132e-13,NaN
-1862.487796,-0.230906,-1.43538125e-07,8.26624999999988e-10,8.02641029525018e-10,1.54166713855383e-12,-4.94823416788059e-13,-6.05947548672256e-13,NaN
-1852.421428,-0.229658,-1.42742e-07,7.98500000000006e-10,8.03548704387416e-10,-9.13367941516346e-13,-7.03279085218935e-13,-6.6823947882323e-13,NaN
-1842.330862,-0.228407,-1.41941125e-07,8.03000000000011e-10,8.00814293641985e-10,-2.32935273165895e-12,-9.65954749414071e-13,-7.30145176879121e-13,NaN
-1832.256428,-0.227158,-1.41136e-07,8.03062499999986e-10,7.98889998924098e-10,-1.46518041178729e-12,-1.0502185927693e-12,-7.88322547820315e-13,NaN
-1822.157796,-0.225906,-1.40335e-07,7.82e-10,7.97883932818411e-10,-8.54902574236951e-13,-8.85814676157548e-13,-8.29806564183934e-13,NaN
-1812.09041975,-0.224657875,-1.39572e-07,7.76625000000011e-10,7.97180193775624e-10,-1.91193458515608e-13,-7.23540174888636e-13,-8.52647102668833e-13,NaN
-1801.9383505,-0.22339925,-1.3878175e-07,8.01000000000009e-10,7.97501545901379e-10,3.74583795782423e-13,-6.73320290653829e-13,-8.55744968502856e-13,NaN
-1791.8477845,-0.22214825,-1.3797e-07,8.11562499999996e-10,7.97929361367189e-10,2.12603909488472e-13,-7.17662872641503e-13,-8.26341556678907e-13,NaN
-1781.77435875,-0.220899375,-1.37158625e-07,7.90499999999983e-10,7.97926753720356e-10,-8.992707932227e-13,-7.79337137644204e-13,-7.6691503848584e-13,NaN
-1771.680768,-0.219648,-1.36389e-07,8.01812500000004e-10,7.96130819780743e-10,-2.41095282452575e-12,-7.70344201667536e-13,-7.01953006138828e-13,NaN
-1761.58112775,-0.218395875,-1.35555e-07,8.19125000000006e-10,7.93104848071305e-10,-2.50220064440877e-12,-7.37195427802008e-13,-6.55806925531923e-13,NaN
-1751.503669,-0.2171465,-1.3475075e-07,8.00500000000008e-10,7.91126418491926e-10,-1.76088643004392e-12,-7.13625407094805e-13,-6.25373095317249e-13,NaN
-1741.352608,-0.215888,-1.33954e-07,7.88375000000004e-10,7.89583075211217e-10,-1.26379632041539e-12,-5.94804226448597e-13,-5.82488601832255e-13,NaN
-1731.258009,-0.2146365,-1.33174e-07,7.94499999999988e-10,7.88598825851095e-10,-6.16442331651444e-14,-4.05600284822699e-13,-5.13105579686865e-13,NaN
-1721.16341,-0.213385,-1.32365e-07,8.02499999999997e-10,7.89459786744887e-10,1.6333049729326e-12,-3.29175200980024e-13,-4.21245343479818e-13,NaN
-1711.064778,-0.212133,-1.31569e-07,7.96687500000009e-10,7.9186543579696e-10,1.75621121089949e-12,-3.16809249951014e-13,-3.11732687081138e-13,NaN
-1700.99841,-0.210885,-1.30771625e-07,6.98187500000003e-10,7.92972209166686e-10,3.71400682914783e-13,-2.55477129873024e-13,-1.88176969000427e-13,NaN
-1690.9013912,-0.2096332,-1.30172625e-07,7.17375000000003e-10,7.9260823716279e-10,-5.81847833472923e-13,-1.54395974140269e-13,-5.79411416406509e-14,NaN
-1680.796810525,-0.2083804625,-1.29336875e-07,8.14812499999993e-10,7.9180851349974e-10,-7.32941289723595e-13,-6.74760415515629e-15,6.54314874533539e-14,NaN
-1670.7097734,-0.2071299,-1.28543e-07,8.51312499999994e-10,7.91142354583343e-10,-2.10901577612378e-13,1.56865859277773e-13,1.64923522824931e-13,NaN
-1660.624047,-0.2058795,-1.2763425e-07,8.64437500000013e-10,7.91386710344515e-10,3.11734835443839e-13,2.99015301499282e-13,2.39016997450997e-13,NaN
-1650.5488064,-0.2046304,-1.26814125e-07,8.01624999999999e-10,7.9176582425423e-10,2.04987655442123e-14,4.39952400429669e-13,3.01137802406695e-13,NaN
-1640.4525942,-0.2033787,-1.26031e-07,7.88187499999999e-10,7.91427707875603e-10,-2.38120484042511e-13,5.04830354756076e-13,3.47007719377947e-13,NaN
-1630.3418632,-0.2021252,-1.2523775e-07,7.98437500000004e-10,7.91289583286145e-10,7.82860313937473e-14,4.49859774508654e-13,3.76940783272488e-13,NaN
-1620.2512972,-0.2008742,-1.24434125e-07,7.85437500000002e-10,7.91584279938391e-10,3.91469795465189e-13,3.68066266566787e-13,4.12202698555589e-13,NaN
-1610.1437926,-0.1996211,-1.23666875e-07,6.96250000000002e-10,7.92072522877076e-10,8.99043579695891e-13,3.09568277269864e-13,4.58564778573572e-13,NaN
-1600.038405325,-0.1983682625,-1.23041625e-07,7.11437499999998e-10,7.93382367097783e-10,1.1535510430585e-12,3.14786243592281e-13,5.08655578748986e-13,NaN
-1589.926666075,-0.1971146375,-1.22244e-07,8.19312499999998e-10,7.94379624963193e-10,7.95020130693691e-13,4.2418066570349e-13,5.56941978285724e-13,NaN
-1579.863222,-0.195867,-1.21403e-07,8.31749999999997e-10,7.9497240735917e-10,5.31094985163911e-13,5.70232447778097e-13,6.05027288845137e-13,NaN
-1569.7629768,-0.1946148,-1.205805e-07,8.18000000000001e-10,7.9544181493352e-10,2.94026336949635e-13,7.52926767644405e-13,6.59626638436028e-13,NaN
-1559.6615217,-0.19336245,-1.19767e-07,8.06750000000002e-10,7.95560460033069e-10,1.36304757752085e-13,9.1594005800292e-13,7.08951068168203e-13,NaN
-1549.5649062,-0.1921107,-1.18967e-07,7.87999999999994e-10,7.95714424449025e-10,6.95267729733563e-13,8.8432732855237e-13,7.23524413962536e-13,NaN
-1539.488859,-0.1908615,-1.18191e-07,7.80999999999999e-10,7.96950995492537e-10,1.47553172212295e-12,7.31371149362066e-13,6.94380300400552e-13,NaN
-1529.3974864,-0.1896104,-1.17405e-07,7.76624999999997e-10,7.98665487893271e-10,6.77904652426736e-13,6.10747432278848e-13,6.41444346235746e-13,NaN
-1519.2682036,-0.1883546,-1.1663775e-07,8.20937499999996e-10,7.9830680479739e-10,-1.91874391266005e-13,5.46644950843303e-13,5.80422029125383e-13,NaN
-1509.180964825,-0.1871040125,-1.15763125e-07,8.49875000000001e-10,7.98281739110739e-10,6.91946589956999e-13,4.6343834252322e-13,5.14480131426367e-13,NaN
-1499.0673099,-0.18585015,-1.14938e-07,8.25499999999997e-10,7.99690697977304e-10,1.18221463113538e-12,3.18318620858259e-13,4.42458072786476e-13,NaN
-1488.960107775,-0.1845970875,-1.14112125e-07,8.13000000000009e-10,8.00646168373009e-10,7.74605596955856e-13,2.02588534319939e-13,3.70277718028708e-13,NaN
-1478.8623832,-0.1833452,-1.13312e-07,8.03187500000003e-10,8.01239909171216e-10,5.57268426238462e-13,2.59202599141928e-13,3.08900716054261e-13,NaN
-1468.775144425,-0.1820946125,-1.1250575e-07,7.87499999999993e-10,8.01760705225486e-10,7.10709755600182e-13,4.16249612642438e-13,2.5639217402781e-13,NaN
-1458.683368525,-0.1808434625,-1.11737e-07,7.49562500000005e-10,8.02661328682416e-10,8.46182104917245e-13,4.02893870837918e-13,2.02228730621206e-13,NaN
-1448.5761664,-0.1795904,-1.11006625e-07,7.93187500000005e-10,8.03453069435321e-10,-1.10705154703387e-12,2.10970214035854e-13,1.38923450855535e-13,NaN
-1438.502539,-0.1783415,-1.10150625e-07,8.36812500000004e-10,8.00447225588348e-10,-2.85422234931679e-12,1.23149769888831e-14,6.54505426244934e-14,NaN
-1428.45815085,-0.177096225,-1.09333e-07,8.34625000000004e-10,7.97744624736687e-10,-1.06887825885073e-12,-1.31018296845672e-13,-2.36643321227115e-14,NaN
-1418.391278725,-0.1758481625,-1.08481375e-07,8.16437499999998e-10,7.98309469070647e-10,1.04392724070747e-12,-1.93851016616633e-13,-1.3614746052453e-13,NaN
-1408.3187604,-0.1745994,-1.07700125e-07,7.80687499999997e-10,7.99832479218102e-10,1.2664563466897e-12,-2.13945553063956e-13,-2.67938325127164e-13,NaN
-1398.198854325,-0.1733447625,-1.0692e-07,7.71437499999993e-10,8.00842381764026e-10,1.08660445310294e-13,-3.06116522764395e-13,-3.96145996596222e-13,NaN
-1388.1077842,-0.1720937,-1.0615725e-07,7.875e-10,8.00049800108723e-10,-1.72930728895461e-13,-4.53628165102468e-13,-4.79297225266111e-13,NaN
-1378.0010862,-0.1708407,-1.05345e-07,7.95124999999999e-10,8.00496520306235e-10,1.01076680672254e-12,-5.68641905080268e-13,-5.06232582061694e-13,NaN
-1367.939255325,-0.1695932625,-1.04567e-07,8.01499999999996e-10,8.02071333722168e-10,1.02639428412901e-12,-6.33625729345571e-13,-5.09441621523019e-13,NaN
-1357.8243905,-0.16833925,-1.03742e-07,8.29875000000005e-10,8.02549308874493e-10,-1.45425505107686e-12,-6.31334604801687e-13,-5.15236815318712e-13,NaN
-1347.69409945,-0.167083325,-1.0290725e-07,7.97999999999998e-10,7.99162823620014e-10,-3.72391645337389e-12,-5.78480542613508e-13,-5.30762487768207e-13,NaN
-1337.592846,-0.165831,-1.02146e-07,7.82437499999999e-10,7.95101475967746e-10,-2.17252372647157e-12,-4.99244306554959e-13,-5.43541556678471e-13,NaN
-1327.50893445,-0.164580825,-1.01342375e-07,8.006875e-10,7.94817776167071e-10,3.93884204625385e-13,-3.51348226055505e-13,-5.41506157004926e-13,NaN
-1317.4173602,-0.1633297,-1.00544625e-07,8.07937500000001e-10,7.95889244376996e-10,6.28597193594449e-13,-3.19066640191751e-13,-5.35363271949792e-13,NaN
-1307.32336615,-0.162078275,-9.97265e-08,7.99562500000002e-10,7.9607497055426e-10,-3.01804684137739e-13,-5.02810480084832e-13,-5.32043650772722e-13,NaN
-1297.2160632,-0.1608252,-9.89455e-08,7.89250000000002e-10,7.95285635008721e-10,-1.19673930893119e-12,-6.4995635005438e-13,-5.15325677358468e-13,NaN
-1287.1303368,-0.1595748,-9.8148e-08,7.72312500000004e-10,7.93681491936397e-10,-1.07983334843366e-12,-6.53199648877881e-13,-4.77883971061514e-13,NaN
-1277.0438038,-0.1583243,-9.7400875e-08,7.63125000000002e-10,7.93125968311854e-10,-4.2765974314257e-13,-5.55526347536551e-13,-4.39698115019216e-13,NaN
-1266.9326695,-0.15707075,-9.662175e-08,8.11937499999999e-10,7.92826172450112e-10,-2.53774859000693e-13,-4.66186488267703e-13,-4.15528716999813e-13,NaN
-1256.8671081,-0.15582285,-9.5777e-08,8.15624999999995e-10,7.92618418593852e-10,4.02040533194427e-13,-4.03573021907699e-13,-3.98152052836695e-13,NaN
-1246.76666125,-0.154570625,-9.49905e-08,7.88437499999999e-10,7.93630253516501e-10,8.83399114362947e-13,-2.65463189103934e-13,-3.66248946634256e-13,NaN
-1236.66439955,-0.153318175,-9.4200125e-08,7.86500000000005e-10,7.94385216822578e-10,1.62389720039041e-13,-9.87605817552434e-14,-3.21516243569196e-13,NaN
-1226.571917875,-0.1520669375,-9.34175e-08,7.84687499999995e-10,7.93955032956579e-10,-4.65922925773986e-13,-1.25161310354027e-13,-2.93992721135423e-13,NaN
-1216.485788175,-0.1508164875,-9.263075e-08,7.91249999999997e-10,7.9345337097103e-10,-4.23028409477203e-13,-3.50034597924481e-13,-2.94313904639463e-13,NaN
-1206.3880636,-0.1495646,-9.1835e-08,7.85875000000008e-10,7.93108976137625e-10,-1.12993570069549e-12,-4.74967990204001e-13,-3.08038603387713e-13,NaN
-1196.293565425,-0.1483131125,-9.1059e-08,7.82750000000001e-10,7.91193499569639e-10,-1.39249261025157e-12,-4.29583884825435e-13,-3.23021469068033e-13,NaN
-1186.1948326,-0.1470611,-9.02695e-08,8.03499999999998e-10,7.90323990917122e-10,-3.76792934154568e-13,-3.59415761656008e-13,-3.41952763238345e-13,NaN
-1176.100132775,-0.1458095875,-8.9452e-08,7.95749999999996e-10,7.9043991370133e-10,2.90117698022864e-13,-3.30859070179864e-13,-3.63748591969906e-13,NaN
-1165.9903092,-0.1445562,-8.8678e-08,7.73749999999997e-10,7.90904226313167e-10,4.09285176334714e-13,-3.38006704595971e-13,-3.70085260239428e-13,NaN
-1155.916177675,-0.1433072375,-8.79045e-08,7.80999999999999e-10,7.91258484053999e-10,-2.88658151940096e-13,-3.16751698081476e-13,-3.41431719973619e-13,NaN
-1145.808068125,-0.1420540625,-8.7116e-08,8.25125000000006e-10,7.90326910009287e-10,-9.87666764819206e-13,-2.53131376969719e-13,-2.84209692242318e-13,NaN
-1135.712864175,-0.1408024875,-8.625425e-08,8.38000000000004e-10,7.89283150524361e-10,-8.75404171102269e-13,-2.43012186963973e-13,-2.2583157517937e-13,NaN
-1125.6086868,-0.1395498,-8.544e-08,7.85625000000001e-10,7.88576101667083e-10,-7.20710689936287e-13,-2.52977007729579e-13,-1.76963113274149e-13,NaN
-1115.507635,-0.1382975,-8.4683e-08,7.52000000000006e-10,7.87841729144488e-10,-6.22107097556442e-13,-1.95629456321799e-13,-1.31989432459374e-13,NaN
-1105.42694985,-0.137047725,-8.3936e-08,7.68937499999997e-10,7.8733188747197e-10,4.03170938186417e-13,-9.97031283117916e-14,-9.18584982958277e-14,NaN
-1095.338299525,-0.1357969625,-8.3145125e-08,7.980625e-10,7.88648071020861e-10,1.06103195995399e-12,-1.78902200751792e-15,-5.88553041522237e-14,NaN
-1085.22524955,-0.134543175,-8.2339875e-08,8.20562499999999e-10,7.89453951391878e-10,3.38456137171784e-13,6.86627784829782e-14,-3.06228964369523e-14,NaN
-1075.141338,-0.133293,-8.1504e-08,7.95937499999994e-10,7.89324983295205e-10,3.08967926765819e-15,5.7877891380727e-14,-5.8763223975245e-15,NaN
-1065.03282515,-0.132039775,-8.0748e-08,7.64375000000003e-10,7.89460130750413e-10,2.78565907494826e-13,-1.30982108457791e-14,9.92609954410316e-15,NaN
-1054.923404875,-0.1307864375,-7.997525e-08,7.815e-10,7.89882115110194e-10,4.3727137081254e-13,-6.46078574990583e-14,3.73707921941991e-15,NaN
-1044.82588195,-0.129534575,-7.9185e-08,8.06062499999996e-10,7.90334673492038e-10,1.17654844957032e-13,-8.38442727378182e-14,-2.76893259645269e-14,NaN
-1034.73128295,-0.128283075,-7.8363125e-08,8.18374999999998e-10,7.90117424800109e-10,-6.53505741919274e-13,-6.02199532807343e-14,-7.15117326613153e-14,NaN
-1024.669855375,-0.1270356875,-7.754825e-08,7.73375e-10,7.890276620082e-10,-1.2506377551019e-12,-3.40207141237572e-14,-1.15377369407569e-13,NaN
-1014.5527724,-0.1257814,-7.6816375e-08,7.50125000000007e-10,7.87616149289905e-10,-5.41739337244258e-13,-9.66533255221635e-14,-1.57312129706506e-13,NaN
-1004.4533338,-0.1245293,-7.6048e-08,7.86500000000005e-10,7.87944183333711e-10,6.51205293438067e-13,-2.19815692766018e-13,-1.96620283217237e-13,NaN
-994.3595414,-0.1232779,-7.5243375e-08,7.79624999999994e-10,7.88918559876781e-10,6.99416323132918e-13,-2.92966228192096e-13,-2.30491900947187e-13,NaN
-984.2649424,-0.1220264,-7.448875e-08,7.68687499999997e-10,7.89343015979977e-10,-1.92146198101756e-13,-2.90281314699783e-13,-2.5687221211032e-13,NaN
-974.1784094,-0.1207759,-7.3706e-08,7.99875000000004e-10,7.88534267480577e-10,-9.79472921243959e-13,-2.62635991503517e-13,-2.70670781999022e-13,NaN
-963.99649595,-0.119513575,-7.2889e-08,7.96687500000002e-10,7.87384070137489e-10,-8.40708453192756e-13,-2.66635644399935e-13,-2.71560930752823e-13,NaN
-953.943134375,-0.1182671875,-7.2112625e-08,7.74999999999999e-10,7.86852850574192e-10,-6.16009139504692e-13,-3.09559725216308e-13,-2.63757622834287e-13,NaN
-943.8462164,-0.1170154,-7.1339e-08,7.83124999999998e-10,7.8615205185848e-10,-4.16452665972033e-13,-2.9868282002439e-13,-2.47546757019497e-13,NaN
-933.772488175,-0.1157664875,-7.0546375e-08,7.85500000000004e-10,7.86019945242248e-10,-6.15670796637267e-15,-2.08860414496693e-13,-2.28378826390443e-13,NaN
-923.649759,-0.1145115,-6.9768e-08,8.00187499999999e-10,7.86139738442547e-10,3.10960469093306e-13,-1.28504513550041e-13,-2.12960760723662e-13,NaN
-913.580668725,-0.1132631625,-6.8946e-08,7.95999999999996e-10,7.86641866180434e-10,7.85037599944536e-14,-1.04534863179619e-13,-1.94176420114229e-13,NaN
-903.48738045,-0.112011825,-6.8176e-08,7.88500000000001e-10,7.86296745962536e-10,-5.9364517033241e-13,-1.47971366848624e-13,-1.65323340684921e-13,NaN
-893.40165405,-0.110761425,-6.7369e-08,7.98437499999997e-10,7.8545457583977e-10,-6.25700044168034e-14,-2.13337396416039e-13,-1.30537102377617e-13,NaN
-883.288200775,-0.1095075875,-6.6579125e-08,7.90812499999999e-10,7.86171605953702e-10,9.82159420372042e-13,-1.9966527193321e-13,-9.80608259218082e-14,NaN
-873.208322225,-0.1082579125,-6.5787375e-08,7.93312500000001e-10,7.87418894680514e-10,3.27420567283538e-13,-1.23152540480232e-13,-7.35358369582053e-14,NaN
-863.086198,-0.107003,-6.49925e-08,8.03187500000003e-10,7.86826447088269e-10,-1.22781702303562e-12,-3.34829144126834e-14,-5.35949592273094e-14,NaN
-853.0045046,-0.1057531,-6.4181e-08,8.05812500000002e-10,7.84963260634442e-10,-1.05365098869738e-12,5.03684648319534e-14,-3.14609984811046e-14,NaN
-842.8978066,-0.1045001,-6.3380875e-08,7.77000000000001e-10,7.84719145110874e-10,3.79597924075254e-13,5.90699722465139e-14,-5.25708250372251e-15,NaN
-832.7677172,-0.1032442,-6.2627e-08,7.62937499999997e-10,7.85722456482593e-10,9.59365090376078e-13,1.44709924166535e-14,1.66949346016324e-14,NaN
-822.715767175,-0.1019979875,-6.1855e-08,7.74999999999999e-10,7.86637875291627e-10,1.25894909850903e-13,-1.95259672092991e-15,1.91088997187183e-14,NaN
-812.612698875,-0.1007454375,-6.1077e-08,7.82500000000007e-10,7.85974246302295e-10,-8.91594869079856e-13,1.369770094258e-14,2.02000277858057e-15,NaN
-802.5173941,-0.09949385,-6.029e-08,7.81500000000003e-10,7.84854685553467e-10,-5.95477176719767e-13,8.17738662323529e-15,-1.53693713493395e-14,NaN
-792.4538492,-0.0982462,-5.9514e-08,7.72687499999998e-10,7.84783291948855e-10,2.11250608733822e-13,-2.68285643762585e-14,-2.55589846263195e-14,NaN
-782.36167,-0.096995,-5.8744625e-08,7.84312499999998e-10,7.85277186770935e-10,8.05714738725656e-13,-6.10442472313015e-14,-3.50731208331723e-14,NaN
-772.2460994,-0.0957409,-5.7945375e-08,7.95812499999998e-10,7.86394721426307e-10,5.85008862035427e-13,-1.05900654081721e-13,-4.41225187910298e-14,NaN
-762.1289156,-0.0944866,-5.7153e-08,7.946875e-10,7.86447204495005e-10,-2.26267936419796e-13,-1.12231728773012e-13,-4.67486967556649e-14,NaN
-752.0439958,-0.0932363,-5.6356e-08,7.84250000000003e-10,7.85942185553467e-10,-4.60832210241168e-14,-1.62817847811797e-14,-4.04589387999304e-14,NaN
-741.971275825,-0.0919875125,-5.55845e-08,7.68500000000001e-10,7.86355038052957e-10,1.4603020453451e-13,6.97644395603407e-14,-3.05471462941352e-14,NaN
-731.881718075,-0.0907366375,-5.4819e-08,7.57874999999996e-10,7.86234245962536e-10,-5.37206675123137e-13,2.24029528409495e-14,-2.17136250546863e-14,NaN
-721.7634252,-0.0894822,-5.406875e-08,7.95687500000001e-10,7.85280624702711e-10,-4.1098517237089e-13,-6.88115413379206e-14,-1.63291193761485e-14,NaN
-711.66701135,-0.088230475,-5.3227625e-08,8.07875000000003e-10,7.85412275617794e-10,3.02860342250384e-13,-6.28940322095766e-14,-1.16664266528392e-14,NaN
-701.5863262,-0.0869807,-5.2453e-08,7.96249999999997e-10,7.85886345387212e-10,-1.45403774717467e-13,3.02775916765369e-14,-2.40105166706417e-15,NaN
-691.4828546,-0.0857281,-5.1635125e-08,7.98562500000001e-10,7.85121468068359e-10,-8.40032970735572e-13,6.44182059342887e-14,5.26453347320013e-15,NaN
-681.4003546,-0.0844781,-5.0855875e-08,7.75124999999999e-10,7.8420627944574e-10,-3.58569205984187e-13,-7.96934414988468e-16,9.88328187812325e-15,NaN
-671.2759114,-0.0832229,-5.0084875e-08,7.86937499999998e-10,7.84404329656391e-10,6.08280977485483e-13,-3.93810998284875e-14,2.73081288742785e-14,NaN
-661.1974444,-0.0819734,-4.9282e-08,7.66374999999999e-10,7.85422841400711e-10,7.57368230310953e-13,3.44301741751861e-15,6.43513485688892e-14,NaN
-651.1415622,-0.0807267,-4.8552125e-08,7.68743750000002e-10,7.85919066117013e-10,4.1531673990354e-13,9.58658111453414e-14,1.05119278805301e-13,NaN
-640.97860385,-0.079466725,-4.77445125e-08,7.89343750000004e-10,7.86253474880519e-10,3.24331241930688e-13,1.64133994861277e-13,1.35476279761269e-13,NaN
-630.9362322,-0.0782217,-4.69734375e-08,7.83587499999998e-10,7.86567728600874e-10,-1.0116876939479e-13,1.66022507704218e-13,1.56362270138733e-13,NaN
-620.835987,-0.0769695,-4.61773375e-08,7.87106249999998e-10,7.86051137341729e-10,-4.22344786971356e-13,1.74712246287655e-13,1.67953140559248e-13,NaN
-610.7397748,-0.0757178,-4.5399225e-08,8.04187500000004e-10,7.85723039026931e-10,-1.524836349621e-14,2.08719081151758e-13,1.62405047240068e-13,NaN
-600.6403362,-0.0744657,-4.45689625e-08,8.14912500000001e-10,7.86020640614737e-10,5.28708322951992e-13,2.04234585712879e-13,1.33468917244856e-13,NaN
-590.5675154,-0.0732169,-4.37694e-08,7.73174999999999e-10,7.86780455672835e-10,3.62299967156635e-13,1.43492563883632e-13,8.77333258139008e-14,NaN
-580.4547679,-0.07196315,-4.30226125e-08,7.54806249999998e-10,7.8674524054905e-10,-2.50630039751858e-13,6.11050399514601e-14,4.0283919205329e-14,NaN
-570.34464185,-0.070709725,-4.22597875e-08,7.81206249999999e-10,7.86279195593332e-10,4.85996285306438e-14,-3.67674174126778e-14,4.86613903109897e-15,NaN
-560.3135626,-0.0694661,-4.14602e-08,8.17181250000003e-10,7.86842439806111e-10,6.36817580805877e-13,-1.43349826887276e-13,-1.64510740034075e-14,NaN
-550.105333825,-0.0682005125,-4.0625425e-08,8.0483125e-10,7.87552830754943e-10,3.38154884595403e-13,-1.67750046080764e-13,-3.44817018041523e-14,NaN
-540.1509824,-0.0669664,-3.98505375e-08,7.85393749999999e-10,7.87518749575302e-10,-3.56224801241137e-13,-1.05306231475338e-13,-5.66205906973351e-14,NaN
-529.99205705,-0.065706925,-3.90546375e-08,7.92600000000001e-10,7.86840381152461e-10,-6.39152642188841e-13,-3.45948312466712e-14,-8.51721358016828e-14,NaN
-519.9400062,-0.0644607,-3.82653375e-08,7.89712500000002e-10,7.86240444290924e-10,-4.20382044327224e-13,4.63403031436897e-15,-1.21841119733303e-13,NaN
-509.831695,-0.0632075,-3.74752125e-08,7.8276875e-10,7.85999617063807e-10,-1.81489388208237e-13,-1.51880178513693e-14,-1.65228855438592e-13,NaN
-499.725702775,-0.0619545875,-3.66998e-08,7.7189375e-10,7.85877465514508e-10,-2.42733060205137e-13,-1.07941475578478e-13,-2.07514516876903e-13,NaN
-489.5771624,-0.0606964,-3.5931425e-08,7.70599999999999e-10,7.85514150943396e-10,-5.98350047566162e-13,-2.51573930023201e-13,-2.44824950402195e-13,NaN
-479.539126225,-0.0594519125,-3.51586e-08,7.789125e-10,7.84680765419375e-10,-1.00799055471246e-12,-3.91384342074265e-13,-2.81928039462253e-13,NaN
-469.3694126,-0.0581911,-3.43736e-08,7.93831250000004e-10,7.83498169833972e-10,-3.66194307911864e-13,-4.74248359434017e-13,-3.15260622392534e-13,NaN
-459.306976775,-0.0569435875,-3.35709375e-08,7.88649999999999e-10,7.83948376803552e-10,8.23265815760268e-13,-4.62927665433154e-13,-3.3771206759361e-13,NaN
-449.23042545,-0.055694325,-3.27963e-08,7.75262499999998e-10,7.85144701465492e-10,1.07023885025717e-12,-3.73265389571206e-13,-3.45742821336526e-13,NaN
-439.18180265,-0.054448525,-3.20204125e-08,7.9531875e-10,7.86088854504066e-10,6.63044533851304e-13,-2.57828978419369e-13,-3.3618909730689e-13,NaN
-429.058771,-0.0531935,-3.12056625e-08,8.10256249999999e-10,7.86470790533195e-10,-4.49930066366336e-13,-1.91603848991063e-13,-3.09292496803493e-13,NaN
-418.868489075,-0.0519301375,-3.03999e-08,7.7553125e-10,7.85188994371333e-10,-1.24145889487877e-12,-1.93764877156784e-13,-2.71108966997513e-13,NaN
-408.8002054,-0.0506819,-2.96546e-08,7.59850000000002e-10,7.83987872743437e-10,-1.48780472094494e-12,-2.21523960199348e-13,-2.36886530674579e-13,NaN
-398.70177505,-0.049429925,-2.88802e-08,7.71737499999999e-10,7.82213384929443e-10,-1.61418668882662e-12,-2.57709826985213e-13,-2.2221065093215e-13,NaN
-388.644078,-0.048183,-2.8111125e-08,7.67937499999999e-10,7.80759499365784e-10,-9.527816315204e-13,-2.71004275636983e-13,-2.30287014042438e-13,NaN
-378.60210965,-0.046938025,-2.7344325e-08,7.77762500000003e-10,7.80307821666403e-10,-1.74939126593995e-13,-2.49722870211829e-13,-2.47777066746458e-13,NaN
-368.4637526,-0.0456811,-2.65556e-08,8.01112500000001e-10,7.80409621112596e-10,4.84696850438144e-13,-2.18980842733614e-13,-2.51222475900163e-13,NaN
-358.3231774,-0.0444239,-2.57421e-08,8.01837499999999e-10,7.81277215367279e-10,1.24491062934604e-12,-2.04698486340126e-13,-2.27846652200202e-13,NaN
-348.392217375,-0.0431926875,-2.4951925e-08,7.95749999999999e-10,7.82899442371288e-10,1.64989453328525e-12,-2.28711722725735e-13,-1.81223403246041e-13,NaN
-338.0912296,-0.0419156,-2.41506e-08,7.87862500000001e-10,7.84577004433849e-10,6.56378188067827e-13,-2.33304714324894e-13,-1.20265919011507e-13,NaN
-328.149380475,-0.0406830375,-2.33762e-08,7.87931250000001e-10,7.84212198747424e-10,-1.26491823144365e-12,-1.54473236710609e-13,-5.72585220203485e-14,NaN
-317.84073,-0.039405,-2.25747375e-08,7.8595e-10,7.82047167970962e-10,-1.96013768715055e-12,-7.5321362479889e-15,-4.99758497625258e-15,NaN
-307.9090642,-0.0381737,-2.18043e-08,7.5726875e-10,7.80291923373123e-10,-8.06045861741026e-13,1.36970226879391e-13,2.9209005440038e-14,NaN
-297.736225,-0.0369125,-2.10602e-08,7.52699999999999e-10,7.8043507624748e-10,3.33051711250653e-13,1.75736106187084e-13,4.16237605703237e-14,NaN
-287.6371897,-0.03566045,-2.02989e-08,7.7215e-10,7.80958026795624e-10,4.21145085392613e-13,1.3716106497289e-13,3.36181640651124e-14,NaN
-277.550152575,-0.0344098875,-1.95159e-08,7.82412500000001e-10,7.81277366418265e-10,4.42471587691649e-13,7.59505571575219e-14,1.51555949809911e-14,NaN
-267.5403474,-0.0331689,-1.8734075e-08,7.9064375e-10,7.81842969971007e-10,4.00770048585576e-13,-2.26119331106848e-14,-3.51124425614986e-15,NaN
-257.4618804,-0.0319194,-1.79346125e-08,7.92437499999999e-10,7.82078906515436e-10,2.0516057838251e-13,-1.16150312230446e-13,-1.84783030441494e-14,NaN
-247.329068725,-0.0306631625,-1.71492e-08,7.90806249999999e-10,7.82253291127772e-10,8.09491013386334e-14,-1.75077822337568e-13,-3.4575773181157e-14,NaN
-237.3234982,-0.0294227,-1.6353e-08,7.90787500000001e-10,7.82240804718114e-10,-5.73110376227621e-14,-1.87623557530754e-13,-5.14858153409501e-14,NaN
-227.1764702,-0.0281647,-1.5567625e-08,7.90575000000001e-10,7.82138669052527e-10,-9.50376848853098e-14,-1.14935835395147e-13,-5.88659718424441e-14,NaN
-217.03569335,-0.026907475,-1.477185e-08,7.884125e-10,7.82050729348343e-10,4.89464653837177e-16,2.9954450319912e-14,-5.85103553483047e-14,NaN
-206.894815675,-0.0256502375,-1.39908e-08,7.67750000000001e-10,7.82139647981834e-10,-4.51151215201927e-14,1.38373031233285e-13,-5.50772575317533e-14,NaN
-196.809895875,-0.0243999375,-1.323635e-08,7.53150000000001e-10,7.81960499105303e-10,-5.86134878479717e-13,1.0042485889627e-13,-4.86680490370518e-14,NaN
-186.71075975,-0.023147875,-1.24845e-08,7.46993749999999e-10,7.80967378224875e-10,-7.41303242995393e-13,-5.6512415151999e-14,-4.52416641577685e-14,NaN
-176.669698825,-0.0219030125,-1.17423625e-08,7.66e-10,7.80477892619312e-10,-6.03884714263502e-14,-1.59364909567885e-13,-4.84630823702014e-14,NaN
-166.5661264,-0.0206504,-1.09525e-08,7.99925000000001e-10,7.80846601282022e-10,2.9110561677504e-13,-1.55590476948229e-13,-6.04430112026967e-14,NaN
-156.3642496,-0.0193856,-1.01425125e-08,8.1331875e-10,7.81060103852862e-10,6.01825635913543e-14,-1.39217251530079e-13,-8.39992566674495e-14,NaN
-146.21621335,-0.018127475,-9.3258625e-09,8.171125e-10,7.80966966409205e-10,1.25236415322003e-14,-1.1473689287035e-13,-1.10344788519974e-13,NaN
-136.192292675,-0.0168847375,-8.5082875e-09,8.1118125e-10,7.81085151135926e-10,1.24805417450083e-13,-7.79174406568792e-14,-1.18687690733404e-13,NaN
-126.100315125,-0.0156335625,-7.7035e-09,8.007125e-10,7.81216577244105e-10,1.45533307662559e-13,-5.8176141607854e-14,-1.01935486307892e-13,NaN
-115.968915,-0.0143775,-6.9068625e-09,7.77118750000001e-10,7.81376217751252e-10,1.30767401300174e-13,-4.9962465516692e-14,-7.69752970535374e-14,NaN
-105.8049484,-0.0131174,-6.1492625e-09,7.5053125e-10,7.81478112046705e-10,-1.95820615982223e-13,-6.33406408639498e-14,-6.12695902706691e-14,NaN
-95.626967125,-0.0118555625,-5.4058e-09,7.36175e-10,7.80984576519287e-10,-5.15418455117765e-13,-8.85014254539648e-14,-5.47099125483279e-14,NaN
-85.6230098,-0.0106153,-4.6769125e-09,7.41506250000001e-10,7.8044727513647e-10,-5.73820117669634e-13,-7.47173237082587e-14,-4.97982587209251e-14,NaN
-75.6098774,-0.0093739,-3.9227875e-09,7.65856250000001e-10,7.79836936283948e-10,-2.41635852454326e-13,-3.15118667784086e-14,-4.83172155496814e-14,NaN
-65.531712875,-0.0081244375,-3.1452e-09,8.0584375e-10,7.79964003431561e-10,5.36816802192575e-13,-4.04900795702343e-14,-5.46950068171776e-14,NaN
-55.457783,-0.0068755,-2.3111e-09,8.2159375e-10,7.80910569888333e-10,4.8055377811519e-13,-8.17696660972229e-14,-6.97406313215814e-14,NaN
-45.376997025,-0.0056257125,-1.5020125e-09,8.0190625e-10,7.80925110987792e-10,-1.81285674647297e-13,-7.81388948661137e-14,-9.25848757625534e-14,NaN
-35.228255,-0.0043675,-7.072875e-10,7.840875e-10,7.80547998539038e-10,-2.33968422274797e-13,-7.06295818436721e-14,-1.19282060587857e-13,NaN
-25.1352692,-0.0031162,6.61625e-11,7.7318125e-10,7.80457174143242e-10,-2.51141588711039e-13,-1.00438155300408e-13,-1.45195450159382e-13,NaN
-15.0245382,-0.0018627,8.39075e-10,7.7133125e-10,7.80045715361616e-10,-4.19578373802181e-13,-1.6242908138098e-13,-1.6802863374674e-13,NaN
-4.9146138,-0.0006093,1.608825e-09,7.801625e-10,7.79618017395638e-10,-2.87646591655465e-13,-2.29554331768252e-13,-1.81224072258825e-13,NaN
5.1920842,0.0006437,2.3994e-09,7.753625e-10,7.79470422178305e-10,-1.74557464495129e-13,-2.55262305291281e-13,-1.7516037937046e-13,NaN
15.2197354,0.0018869,3.15955e-09,7.68e-10,7.79268902466647e-10,1.28005022763838e-13,-2.28470176312267e-13,-1.5730907888651e-13,NaN
25.327945775,0.0031400875,3.9354e-09,7.64725e-10,7.79726432223833e-10,4.53980412919805e-13,-1.67024742013311e-13,-1.4060134895805e-13,NaN
35.3633605,0.00438425,4.689e-09,7.683e-10,7.80176863292487e-10,6.21536586332503e-14,-9.2069195055662e-14,-1.22555456265555e-13,NaN
45.4575562,0.0056357,5.472e-09,7.76475e-10,7.798507395411e-10,-4.94564854243779e-13,-3.97852779203076e-14,-9.97027048156894e-14,NaN
55.5578014,0.0068879,6.24195e-09,7.82050000000001e-10,7.79187733583999e-10,-4.02100840336006e-13,-8.7564385612304e-15,-7.65955408016012e-14,NaN
65.6911172,0.0081442,7.0361e-09,7.98275e-10,7.79046537860428e-10,-3.68723244014546e-13,1.18446685481719e-15,-5.94770960319071e-14,NaN
75.7736172,0.0093942,7.8385e-09,8.0615e-10,7.7845028709597e-10,-7.4040861627682e-13,-5.43849727886669e-14,-5.49557231914399e-14,NaN
85.80469645,0.010637825,8.6484e-09,8.0045e-10,7.77565720627874e-10,-5.85325191397242e-13,-1.15424095848335e-13,-6.517616742804e-14,NaN
95.965335825,0.0118975125,9.4394e-09,7.7445e-10,7.77279636713176e-10,-1.72833331445828e-13,-1.14349351608294e-13,-8.02718717272414e-14,NaN
105.9674783,0.01313755,1.01973e-08,7.6415e-10,7.77220053964982e-10,5.07341191193406e-13,-9.48207214387187e-14,-8.82957232218432e-14,-4.22283893669685e-07
116.084762925,0.0143918625,1.09677e-08,7.6228125e-10,7.78294319095563e-10,1.16617307300276e-12,-9.24166913689377e-14,-8.63867077370095e-14,-4.13153819611785e-07
126.259013675,0.0156532375,1.17218625e-08,7.510125e-10,7.79552400110988e-10,1.07584932557931e-12,-8.63948633596343e-14,-7.18638446785427e-14,-3.43696648462596e-07
136.3279023,0.01690155,1.2469725e-08,7.52637500000001e-10,7.80446017746721e-10,6.34644470995963e-13,-7.97278831822572e-14,-4.05490198445179e-14,-1.93930094908564e-07
146.406873425,0.0181511125,1.32271375e-08,7.7664375e-10,7.8082168905298e-10,-1.52594764320811e-13,-5.33125674524671e-14,-3.00668373071532e-15,-1.4379791755595e-08
156.4900792,0.0194012,1.40230125e-08,8.0378125e-10,7.8014082821808e-10,-1.04893421991442e-12,2.29889534840392e-14,1.95999315515371e-14,9.37388030725687e-08
166.6217818,0.0206573,1.48347e-08,8.0794375e-10,7.78723820613151e-10,-1.39461886169555e-12,7.54696237806135e-14,1.59202445654299e-14,7.61403000955343e-08
176.7042818,0.0219073,1.56389e-08,8.1049375e-10,7.77351590494689e-10,-1.35292001234431e-12,6.39305240827584e-14,-1.09614621316375e-14,-5.24243841078315e-08
186.7859752,0.0231572,1.64556875e-08,7.90950000000001e-10,7.76017980588462e-10,-4.19234155926642e-13,5.67382065350065e-14,-5.00053070154736e-14,-2.39155816160961e-07
196.8846072,0.0244092,1.72208e-08,7.6158125e-10,7.76513122182835e-10,1.05967412908541e-12,1.31731360441311e-14,-8.99916529365758e-14,-4.3039486187058e-07
206.9663006,0.0256591,1.797885e-08,7.58887499999999e-10,7.78137328846633e-10,1.08570154476876e-12,-1.2968057206477e-13,-1.19564721505403e-13,-5.71831276764971e-07
217.0955834,0.0269149,1.8738575e-08,7.5843125e-10,7.78684525272373e-10,2.7524667886013e-13,-2.56256843207619e-13,-1.26911398903801e-13,-6.069675599747e-07
227.1780834,0.0281649,1.94957125e-08,7.606125e-10,7.78687822204353e-10,-3.56877420778208e-14,-2.90665814862986e-13,-1.07921721822955e-13,-5.1614736524022e-07
237.262700725,0.0294151625,2.02598e-08,7.791875e-10,7.78613149788217e-10,-1.55034655370539e-14,-2.31229164744923e-13,-6.53529733236663e-14,-3.12557698504491e-07
247.319792825,0.0306620125,2.10540875e-08,7.9014375e-10,7.78656815273279e-10,-6.00421300595296e-14,-8.03418134823135e-14,-1.16809534527833e-14,-5.58654295567897e-08
257.4538144,0.0319184,2.18400875e-08,7.86306249999999e-10,7.78493065528098e-10,-3.77467496434016e-14,9.21026819396051e-14,3.36757109110288e-14,1.61057747835355e-07
267.522904675,0.0331667375,2.26267e-08,7.90450000000001e-10,7.78581321773992e-10,-6.16295810776051e-14,2.32636760952676e-13,7.07775490263598e-14,3.38501321430416e-07
277.62062925,0.034418625,2.34209875e-08,7.70337500000002e-10,7.78369806365943e-10,-5.21805278715138e-13,3.15160732559358e-13,1.04335780963651e-13,4.98997213304418e-07
287.7513236,0.0356746,2.4167375e-08,7.7080625e-10,7.77537711216562e-10,-5.74520020272494e-13,2.65256454482251e-13,1.19993417551855e-13,5.73881562204524e-07
297.8862526,0.0369311,2.49626e-08,7.98012500000001e-10,7.77220766325398e-10,-2.45814316292721e-13,1.10061729791727e-13,1.09239476443925e-13,5.22449669949207e-07
308.0308608,0.0381888,2.57634e-08,7.91550000000002e-10,7.77046082583977e-10,-4.68077065731798e-13,-5.29895521511614e-14,7.56307515310409e-14,3.61712289931065e-07
318.1173938,0.0394393,2.65457e-08,7.5414375e-10,7.76284612193934e-10,-7.24159946982165e-15,-1.59698245828254e-13,2.30851594360495e-14,1.10407284259367e-07
328.1377856,0.0406816,2.72716875e-08,7.52399999999999e-10,7.77031599385037e-10,1.3652053981971e-12,-1.3887956983449e-13,-3.82634731670528e-14,-1.829992194946e-07
338.2283516,0.0419326,2.80505e-08,7.7325625e-10,7.79015022990329e-10,1.57205252383973e-12,-7.54680476921398e-14,-9.63931482193162e-14,-4.61010708874991e-07
348.347652725,0.0431871625,2.88182e-08,7.87556250000002e-10,7.80175704432717e-10,7.04741118145094e-13,-7.91389164634942e-14,-1.45738476398531e-13,-6.97010104514714e-07
358.50526735,0.044446475,2.96256125e-08,8.01399999999999e-10,7.80424505226619e-10,-5.63626158009703e-14,-1.07761880634116e-13,-1.81146446694803e-13,-8.66352571149058e-07
368.599765525,0.0456979625,3.0421e-08,7.75506249999997e-10,7.80062979201115e-10,-8.18070766041975e-13,-1.51575280522368e-13,-2.08702087965228e-13,-9.98140420703264e-07
378.658470825,0.0469450125,3.1176625e-08,7.69006250000002e-10,7.78788363694535e-10,-1.24182937325892e-12,-2.4224382633828e-13,-2.45574652591337e-13,-1.17448746891509e-06
388.8650864,0.0482104,3.19590125e-08,7.75231250000001e-10,7.77579320454597e-10,-1.25856007497348e-12,-3.30809185391395e-13,-3.07471643726739e-13,-1.47051655695397e-06
398.7999786,0.0494421,3.27270875e-08,7.7054375e-10,7.76271243544588e-10,-1.40985597069001e-12,-3.98794726025474e-13,-3.97183884510131e-13,-1.89957509983106e-06
408.877739825,0.0506915125,3.35001e-08,7.76356249999999e-10,7.74759608513217e-10,-6.15975092867312e-13,-4.74266162508189e-13,-4.86655323111271e-13,-2.32748198009738e-06
418.987865875,0.0519449375,3.42798e-08,7.80300000000001e-10,7.75039293358853e-10,3.77796991438052e-13,-5.25319407281639e-13,-5.51775225286053e-13,-2.63892499049851e-06
429.084279725,0.0531966625,3.50607e-08,7.7625e-10,7.75515202496093e-10,2.07526996647662e-13,-5.79949566783243e-13,-5.92799366633075e-13,-2.83512740563645e-06
439.1795845,0.05444825,3.58323e-08,7.95556249999998e-10,7.75454347352149e-10,-6.84163287956044e-14,-6.6655955209539e-13,-6.09211671492041e-13,-2.91362103757063e-06
449.2939452,0.0557022,3.66518125e-08,7.75900000000001e-10,7.75378369838502e-10,-6.74705613377305e-13,-7.28269846877765e-13,-6.02357467775917e-13,-2.88084006327612e-06
459.3498274,0.0569489,3.73841e-08,7.57681250000001e-10,7.74104936125394e-10,-1.21471678293958e-12,-6.83952231001768e-13,-5.79011550920367e-13,-2.7691856783148e-06
469.505828825,0.0582080125,3.8167175e-08,7.79168750000003e-10,7.72948936272622e-10,-9.24153788874132e-13,-5.22854135556324e-13,-5.46054782214732e-13,-2.61156634972263e-06
479.5470914,0.0594529,3.89424375e-08,7.83500000000002e-10,7.72256628547646e-10,-9.58484195565032e-13,-4.1021098476307e-13,-5.12443338219801e-13,-2.45081596539905e-06
489.6287848,0.0607028,3.9734175e-08,7.75831249999997e-10,7.71031967881492e-10,-8.31881243063229e-13,-3.92474304747881e-13,-4.81204119798245e-13,-2.30141100773074e-06
499.70826005,0.061952425,4.04941e-08,7.677625e-10,7.70592866061519e-10,-4.95004841560097e-14,-3.84029881668272e-13,-4.45603338938483e-13,-2.13114640361883e-06
509.872025,0.0632125,4.12697e-08,7.828e-10,7.7093296691318e-10,1.95444474959705e-13,-3.88162483916182e-13,-4.09551851780469e-13,-1.95872624764572e-06
519.9029026,0.0644561,4.20597e-08,7.69156249999996e-10,7.70983755011439e-10,1.16283494529879e-13,-3.98579839619746e-13,-3.85322193087694e-13,-1.84284527128897e-06
529.9797564,0.0657054,4.28080125e-08,7.69162499999999e-10,7.7116553390224e-10,-9.86017520214233e-14,-4.25406803642974e-13,-3.73396207796072e-13,-1.78580795032904e-06
540.1066194,0.0669609,4.3598025e-08,7.84581250000003e-10,7.70786551507396e-10,-7.07550496613737e-13,-4.40123436454151e-13,-3.62983371258148e-13,-1.73600742775636e-06
550.2609068,0.0682198,4.4377175e-08,7.68162500000005e-10,7.69750432909013e-10,-4.95653497247983e-13,-3.72887755950063e-13,-3.37691079129078e-13,-1.61504429148689e-06
560.311243625,0.0694658125,4.513435e-08,7.6855625e-10,7.697952445129e-10,-2.4900266710447e-13,-2.81497278293333e-13,-2.9929095834149e-13,-1.43139153989408e-06
570.3944494,0.0707159,4.59142875e-08,7.95081249999999e-10,7.69252427574804e-10,-1.41808775397112e-13,-2.47012097756812e-13,-2.62179107843811e-13,-1.25390008099214e-06
580.468782575,0.0719648875,4.67245125e-08,7.62756249999998e-10,7.69511626962106e-10,-4.60774875988209e-14,-2.15750633012308e-13,-2.27481815491311e-13,-1.08795650887149e-06
590.6183312,0.0732232,4.74398e-08,7.27293750000001e-10,7.69160272599606e-10,-1.13060778556688e-12,-1.4251998724019e-13,-1.88322074765699e-13,-9.00670792357691e-07
600.683186825,0.0744710125,4.81791e-08,7.47306250000006e-10,7.67250411390972e-10,-7.67005269088817e-13,-9.36708133759454e-14,-1.41682347400176e-13,-6.77611226696494e-07
610.763871975,0.0757207875,4.89344125e-08,7.49518750000002e-10,7.67626262061428e-10,5.14727683526148e-13,-8.34348934679278e-14,-1.01084212138676e-13,-4.83446231967581e-07
620.852119,0.0769715,4.96781375e-08,7.54568749999997e-10,7.68279866758024e-10,2.79012902330795e-13,-1.00892212258176e-13,-6.81482010879675e-14,-3.25926179116366e-07
630.948633675,0.0782232375,5.044355e-08,7.801875e-10,7.6818428786609e-10,7.92463447643353e-14,-1.04279271498064e-13,-2.53016159276087e-14,-1.21007728349433e-07
641.04716485,0.079475225,5.12385125e-08,7.62625000000001e-10,7.68438359447553e-10,-1.37934890948814e-15,-2.40523686505143e-14,2.77434511239195e-14,1.32686070592658e-07
651.14378035,0.080726975,5.19688e-08,7.60581249999999e-10,7.68181529168271e-10,-1.73747635846844e-13,1.0086533064141e-13,8.00221827174374e-14,3.82714786909483e-07
661.234548,0.081978,5.2759675e-08,7.89537499999996e-10,7.68090864175859e-10,2.73911852476809e-13,1.69755209124939e-13,1.29367214839882e-13,6.18712766625523e-07
671.3323734,0.0832299,5.3547875e-08,7.58787499999997e-10,7.68729352873225e-10,1.69872901990816e-13,1.7430754560506e-13,1.82565468361788e-13,8.73139196512899e-07
681.4310054,0.0844819,5.427725e-08,7.59562500000006e-10,7.68430609979841e-10,-4.32959976442641e-14,2.59140960868896e-13,2.40900528220141e-13,1.15213296105285e-06
691.522378,0.085733,5.5067e-08,7.87375000000003e-10,7.68642760877936e-10,1.06416686957815e-12,3.58699694739812e-13,3.01372038217811e-13,1.44134453060692e-06
701.6435948,0.0869878,5.5852e-08,7.75499999999999e-10,7.70558943718997e-10,9.46100704432727e-13,3.4923020502979e-13,3.58856760437576e-13,1.71627146296232e-06
711.71540735,0.088236475,5.6618e-08,7.89374999999999e-10,7.70534962286802e-10,-4.19288021812429e-13,3.46027773852235e-13,4.06229115802304e-13,1.94283490166319e-06
721.82452515,0.089489775,5.743075e-08,7.82749999999998e-10,7.69720367675372e-10,-1.59410391515219e-13,3.90882594930243e-13,4.42674542560035e-13,2.11713911659147e-06
731.9064202,0.0907397,5.81835e-08,7.63625000000003e-10,7.70216141503771e-10,1.47887834379122e-13,4.54625389245112e-13,4.69349397160617e-13,2.24471450815947e-06
742.00888355,0.091992175,5.8958e-08,7.80812500000001e-10,7.7001614334413e-10,5.63403403814507e-13,5.09948905895407e-13,4.84147883348227e-13,2.31548987688282e-06
752.1069106,0.0932441,5.9745125e-08,7.72499999999996e-10,7.713429483114e-10,1.31713982762924e-12,5.39223021174559e-13,4.77147834742996e-13,2.28201138355346e-06
762.203425275,0.0944958375,6.0503e-08,7.57437500000004e-10,7.72650422999389e-10,5.50357879000615e-13,5.29239111873918e-13,4.52505881006761e-13,2.16415856133668e-06
772.28663105,0.095745925,6.126e-08,7.63875000000003e-10,7.72443664069401e-10,-1.76358538698709e-13,4.59207422058265e-13,4.21807961868467e-13,2.01734242632745e-06
782.3765921,0.09699685,6.203075e-08,7.64999999999994e-10,7.72297705921991e-10,5.67702977417404e-13,3.61789098945576e-13,3.79708013046068e-13,1.81599484500293e-06
792.4679647,0.09824795,6.279e-08,7.63937499999998e-10,7.73579070024236e-10,1.12809173197584e-12,2.83241795761239e-13,3.26374399692621e-13,1.56092104200819e-06
802.5786957,0.09950145,6.3558625e-08,7.86999999999999e-10,7.74553889385943e-10,-1.39772843099506e-13,2.38193804237589e-13,2.69852925399638e-13,1.29060094756349e-06
812.70495375,0.100756875,6.4364e-08,7.82312500000002e-10,7.73299524338037e-10,-5.50588985594247e-13,1.72268782273641e-13,2.15396868249486e-13,1.03015893510624e-06
822.798040375,0.1020081875,6.512325e-08,8.04312500000007e-10,7.73452711414755e-10,1.29236980169411e-12,1.23235791472713e-13,1.65294282526793e-13,7.90537872954227e-07
832.8987897,0.10326045,6.5972625e-08,7.39749999999999e-10,7.75884263941425e-10,1.66671732372183e-12,1.36569438426164e-13,1.2253342918068e-13,5.860294439076e-07
842.9760468,0.1045098,6.660275e-08,7.49624999999993e-10,7.76786146062198e-10,-4.12576374889462e-13,1.24758921752994e-13,8.58891423498253e-14,4.10774159064382e-07
853.06016,0.10576,6.7471875e-08,8.24374999999999e-10,7.75059111191646e-10,-1.32314711261841e-12,8.91869543551398e-14,5.1390586657602e-14,2.45781066623314e-07
863.1805702,0.1070147,6.82515e-08,7.67125000000006e-10,7.74139851836961e-10,-5.51667577408179e-13,5.35526752264857e-14,2.33733980356606e-14,1.1178581669229e-07
873.2646834,0.1082649,6.9006125e-08,7.75562500000001e-10,7.7395577603683e-10,-6.30163692835572e-13,-1.64385595638686e-15,-1.31344684109205e-15,-6.28170228348372e-09
883.34254545,0.109514325,6.9802625e-08,7.79249999999997e-10,7.7287952445129e-10,-5.04080924823004e-13,-5.38323887389242e-14,-2.95411659396344e-14,-1.41283837102599e-07
893.435027125,0.1107655625,7.0564625e-08,7.60437500000001e-10,7.72947614187184e-10,2.11903157489203e-13,-7.86529993731233e-14,-6.22246841660177e-14,-2.97596315576606e-07
903.5242824,0.1120164,7.13235e-08,7.84000000000002e-10,7.73303330766269e-10,4.28230466715146e-13,-9.21127094261568e-14,-8.12546112328762e-14,-3.8860901024419e-07
913.62513255,0.113268675,7.2132625e-08,7.75249999999999e-10,7.73804075120614e-10,6.2266939794791e-13,-6.90753910943715e-14,-6.4175181332414e-14,-3.06924780285458e-07
923.71832,0.11452,7.2874e-08,7.55187500000001e-10,7.74548669562165e-10,-2.92602890246203e-15,-1.83122602062274e-14,-2.51455690831553e-14,-1.20261417354221e-07
933.8104992,0.1157712,7.3643e-08,7.92500000000005e-10,7.73798223062809e-10,-3.29872986930557e-14,-3.99975613160157e-14,2.03918408201964e-14,9.75261952270263e-08
943.920121125,0.1170245625,7.4459e-08,7.745625e-10,7.74482694964778e-10,1.01693979478608e-12,-4.30387392309875e-14,6.97281661363196e-14,3.33482533695442e-07
954.00110875,0.118274375,7.5192125e-08,7.355e-10,7.75832102652382e-10,3.7344772814781e-13,8.03529008677648e-14,1.14718962845121e-13,5.48655909259274e-07
964.100749,0.1195265,7.593e-08,7.82062499999995e-10,7.75229590421074e-10,-6.97268765996966e-13,2.71321323538978e-13,1.50511986452783e-13,7.19839935208962e-07
974.203111525,0.1207789625,7.675625e-08,7.92999999999999e-10,7.74437565120388e-10,-5.60626373190736e-13,3.46409414681914e-13,1.72539866878855e-13,8.2519066768148e-07
984.2907536,0.1220296,7.7516e-08,7.71500000000002e-10,7.74108337674693e-10,-6.26121911028608e-13,2.22149693675674e-13,1.78925587627309e-13,8.55731071261043e-07
994.408744,0.123284,7.829925e-08,8.04499999999999e-10,7.73185321298331e-10,1.89903791704572e-14,1.31525521543048e-13,1.72132644626391e-13,8.23243082995783e-07
1004.4880176,0.1245336,7.9125e-08,7.47375000000004e-10,7.74146318433034e-10,1.25330839883128e-12,1.1369706054421e-13,1.49299500229901e-13,7.14041088056048e-07
1014.5632582,0.1257827,7.9794e-08,7.33999999999999e-10,7.75691938095993e-10,7.02355942377149e-13,7.96333173685135e-14,1.04769863557482e-13,5.01073260492305e-07
1024.652211,0.1270335,8.0593e-08,8.00499999999995e-10,7.75551030317788e-10,-1.18381786676639e-13,5.22160868038647e-14,5.14543599150899e-14,2.46086069159126e-07
1034.7734278,0.1282883,8.1395e-08,7.90499999999997e-10,7.7545517452264e-10,-2.26647262680967e-14,1.30978608834776e-14,1.48464121789346e-14,7.1004579986209e-08
1044.8841588,0.1295418,8.2174e-08,7.40499999999999e-10,7.75505700865252e-10,4.16288449341685e-13,-4.00848518242137e-15,1.38056687369456e-14,6.60271113506094e-08
1054.965549725,0.1307916625,8.2876e-08,7.63750000000006e-10,7.76287751421323e-10,6.94600245758817e-13,-2.21231117276111e-14,3.81258254614917e-14,1.82340904381047e-07
1065.077087325,0.1320452625,8.37015e-08,8.29000000000007e-10,7.76894901356769e-10,-1.31742083625906e-13,-4.28799033969857e-14,5.16159187582242e-14,2.46858741887159e-07
1075.1526304,0.1332944,8.4534e-08,7.88249999999994e-10,7.76024267254071e-10,-4.23352595755491e-13,3.0121420868019e-14,5.0979618788051e-14,2.43815568116766e-07
1085.2262578,0.1345433,8.5278e-08,7.37687500000001e-10,7.76048196165258e-10,-8.71007837097099e-13,1.53937984272157e-13,5.51044302100128e-14,2.63542927091366e-07
1095.349995225,0.1357984125,8.6009375e-08,7.53750000000001e-10,7.74282251579877e-10,-1.16795963668487e-12,2.04764792572724e-13,6.51247620017531e-14,3.11466253051863e-07
1105.4239251,0.13704735,8.67855e-08,8.03812499999993e-10,7.73712276891889e-10,8.4435590273827e-13,1.56615650088294e-13,7.11229586565544e-14,3.40153280531347e-07
1115.5140878,0.1382983,8.7617e-08,7.94874999999998e-10,7.75970963385354e-10,1.06287373439963e-12,3.64138934217266e-14,6.63666686064614e-14,3.17405806378728e-07
1125.6018307,0.13954895,8.837525e-08,7.68999999999999e-10,7.75838024360688e-10,-3.6422257582261e-13,-6.83410736457764e-14,6.0973907172235e-14,2.9161433864982e-07
1135.715888925,0.1408028625,8.9155e-08,8.02375e-10,7.75242518233708e-10,-4.18956261750114e-13,-2.67718265867945e-14,5.44547644354132e-14,2.60435829908498e-07
1145.8091772,0.1420542,8.998e-08,7.92250000000005e-10,7.75000111837188e-10,-2.84852148406445e-14,7.98757936316715e-14,4.33094528418936e-14,2.07132165765578e-07
1155.9324105,0.14330925,9.07395e-08,7.65000000000007e-10,7.75185547804027e-10,5.46922070715135e-13,8.3770940014004e-14,4.28704033558373e-14,2.05032363875744e-07
1166.024690525,0.1445604625,9.151e-08,7.52249999999993e-10,7.76093955978618e-10,7.86526874900846e-13,3.01884263413189e-14,5.85143135487976e-14,2.79851064798597e-07
1176.121306025,0.1458122125,9.2244e-08,7.70375000000004e-10,7.76758601553829e-10,4.79780827425132e-13,5.2207264092436e-14,8.7739843787769e-14,4.19625339854547e-07
1186.2109646,0.1470631,9.305075e-08,7.91500000000004e-10,7.77053517633468e-10,6.16503205055694e-13,1.41459498757169e-13,1.24530784584497e-13,5.95582013230203e-07
1196.302034725,0.1483141625,9.3827e-08,7.38624999999994e-10,7.7799160796394e-10,4.22007718181898e-13,1.62299489388374e-13,1.54357132906496e-13,7.38229766074546e-07
1206.392600725,0.1495651625,9.4528e-08,7.36437500000006e-10,7.77897533069832e-10,-9.78040272712749e-13,1.7037059724085e-13,1.64389245631688e-13,7.86209435629812e-07
1216.4987946,0.1508181,9.5299875e-08,7.90187500000001e-10,7.76035527418515e-10,-1.44025275204404e-12,1.88503410114411e-13,1.53979780280209e-13,7.36425036122739e-07
1226.5893606,0.1520691,9.6108375e-08,8.18062499999996e-10,7.75017027565744e-10,-2.95058353530188e-13,1.41149350907997e-13,1.28855632384355e-13,6.16266067925176e-07
1236.681035675,0.1533202375,9.6936e-08,8.05312500000002e-10,7.75445410711454e-10,6.20244796031633e-13,1.2772793722358e-13,9.01854836125899e-14,4.31321878147169e-07
1246.7745256,0.1545716,9.7719e-08,8.12624999999999e-10,7.76257517157807e-10,1.17808798047541e-12,1.16079401271079e-13,4.03786973966234e-14,1.93115509288199e-07
1256.8546058,0.1558213,9.856125e-08,7.68125000000001e-10,7.77801586672405e-10,4.87739671339924e-13,4.45567031844561e-14,-7.83515662582569e-15,-3.74724882104707e-08
1266.949708925,0.1570728625,9.925525e-08,7.35562499999996e-10,7.77232996500487e-10,-9.09063625450269e-13,-6.31608050657889e-14,-3.12623310438717e-14,-1.49515496296778e-07
1277.06255725,0.158326625,1.00032375e-07,7.71499999999995e-10,7.75983459421505e-10,-1.7467906974092e-13,-1.65212716204887e-13,-2.20370742731444e-14,-1.05394703045473e-07
1287.1416292,0.1595762,1.0079825e-07,7.73000000000003e-10,7.76883638361005e-10,9.62438985028013e-13,-1.57506694501727e-13,1.16090171205914e-14,5.55213862289154e-08
1297.2438909,0.16082865,1.01578375e-07,7.65875000000005e-10,7.77908337391561e-10,4.60476879430931e-13,-3.91370142533716e-14,5.64802954731625e-14,2.70123152262951e-07
1307.3356668,0.1620798,1.0233e-07,7.32812500000006e-10,7.77804592119867e-10,-1.43209642347618e-13,9.27442541139553e-14,9.63336473298965e-14,4.60726139403853e-07
1317.4221998,0.1633303,1.03044e-07,7.55999999999991e-10,7.77621918106865e-10,2.49598660218716e-13,2.07152053055241e-13,1.28159741518113e-13,6.12937894217062e-07
1327.52748625,0.164583125,1.03842e-07,8.04625000000003e-10,7.78303789440304e-10,7.39052696550426e-14,3.25317447460223e-13,1.49625796637278e-13,7.1560163609133e-07
1337.606659025,0.1658327125,1.0465325e-07,8.06000000000008e-10,7.77769728646176e-10,-1.05245518018505e-12,3.46564052336794e-13,1.50571614914015e-13,7.20125114806159e-07
1347.7140628,0.1670858,1.05454e-07,8.07874999999993e-10,7.76198879079934e-10,-1.17884606672836e-12,2.02139357110065e-13,1.22594741541628e-13,5.86322676938221e-07
1357.7965628,0.1683358,1.06269e-07,7.74062499999999e-10,7.75412036512719e-10,-9.73394074614411e-14,2.53431698082538e-14,6.80278472151125e-14,3.25350573637495e-07
1367.90830205,0.169589425,1.07002125e-07,7.525e-10,7.76004200265011e-10,5.27708724998984e-13,-8.84206475863388e-14,-1.01673738993712e-15,-4.86265708230797e-09
1378.01217695,0.170842075,1.07774e-07,7.78437500000001e-10,7.76467453962717e-10,3.92988799293334e-13,-1.56978513992381e-13,-6.79322582848279e-14,-3.24893409188307e-07
1388.1158502,0.1720947,1.08559e-07,8.05e-10,7.76790177863598e-10,1.02274825024351e-12,-1.89576252978591e-13,-1.10936518268788e-13,-5.30565956937682e-07
1398.1939139,0.17334415,1.09384e-07,8.02499999999997e-10,7.78512950463204e-10,1.6885589141318e-12,-1.89217848473792e-13,-1.13857522778246e-13,-5.44535978504655e-07
1408.3002086,0.1745971,1.10164e-07,7.6987500000001e-10,7.80167295691862e-10,9.55527022130001e-13,-1.34084003303233e-13,-7.37081801268703e-14,-3.52517383215467e-07
1418.3964208,0.1758488,1.1092375e-07,7.66500000000002e-10,7.80424004507464e-10,-3.91772039004203e-13,-2.37687516898561e-14,-9.09701080604143e-15,-4.35074429854155e-08
1428.48033235,0.177098975,1.11697e-07,7.64624999999997e-10,7.79383751613853e-10,-1.06886339441435e-12,6.20611852890203e-14,5.27362658776011e-14,2.5221692376244e-07
1438.5864254,0.1783519,1.12453e-07,7.51500000000005e-10,7.78286277718635e-10,-8.74470542934084e-13,1.46858446003522e-13,1.00685072484237e-13,4.81537303185481e-07
1448.6729584,0.1796024,1.132e-07,7.62999999999999e-10,7.77634810527985e-10,-1.38668627828501e-12,2.63388673079322e-13,1.29567688535222e-13,6.19671553864105e-07
1458.79357025,0.180857125,1.13979e-07,7.80999999999999e-10,7.75512905162065e-10,-1.9184692745021e-12,2.84921223890184e-13,1.31855041111506e-13,6.30611066185463e-07
1468.884438725,0.1821081625,1.14762e-07,8.00874999999992e-10,7.73797871978981e-10,-5.60048783664164e-13,1.65950850671178e-13,1.06453085099839e-13,5.09123450477491e-07
1478.9785336,0.1833596,1.1558075e-07,8.22187499999998e-10,7.74392807594737e-10,8.81364810074815e-13,1.29291280362933e-14,6.18966591979767e-14,2.96027500512063e-07
1489.088962125,0.1846130625,1.16406375e-07,7.91875000000008e-10,7.75560601599131e-10,1.25933132687025e-12,-6.00477366226316e-14,1.39411659422158e-14,6.66751414627712e-08
1499.164001075,0.1858621375,1.171645e-07,7.57812499999994e-10,7.76911470248477e-10,2.08156540918252e-12,-6.97101227693831e-14,-2.30673979208386e-14,-1.10322337882272e-07
1509.2768494,0.1871159,1.17922e-07,7.65062500000002e-10,7.79723732417496e-10,1.87417750118883e-12,-9.88354130277063e-14,-3.78008308743638e-14,-1.80786582442609e-07
1519.36882695,0.188367075,1.18694625e-07,7.78500000000009e-10,7.80659825250855e-10,1.74395229790149e-13,-1.12993668208391e-13,-1.7952418235733e-14,-8.58593915622013e-08
1529.45616655,0.189617675,1.19479e-07,7.81687499999992e-10,7.80072522877076e-10,-3.60302611610591e-13,-5.16684510830114e-14,3.79143178449331e-14,1.81329346214897e-07
1539.5283824,0.1908664,1.20258e-07,7.73187499999995e-10,7.79939220027634e-10,-1.95595455163402e-13,7.52371509171497e-14,1.11496320104259e-13,5.33243270063847e-07
1549.6056395,0.19211575,1.21025375e-07,7.60437500000001e-10,7.79681331966749e-10,-1.61277718634415e-13,2.02607482150542e-13,1.7230008993419e-13,8.24043908380909e-07
1559.7095144,0.1933684,1.21778875e-07,7.41375000000004e-10,7.79616664590365e-10,-9.65130863666119e-13,2.86802486375928e-13,1.93912379237856e-13,9.27407031137572e-07
1569.800987825,0.1946195125,1.22508125e-07,7.57062500000013e-10,7.77751070239417e-10,-1.61329390246694e-12,3.5601322891742e-13,1.79939105793559e-13,8.60578332056152e-07
1579.915651,0.1958735,1.23293e-07,7.96937500000002e-10,7.76390076785431e-10,-5.71152517610928e-13,3.40643380950899e-13,1.49236156921616e-13,7.13738141799033e-07
1589.9868586,0.1971221,1.24102e-07,8.08999999999991e-10,7.76608765204195e-10,4.34997112052291e-13,1.80937193581247e-13,1.03987796075824e-13,4.97332937753941e-07
1600.087406275,0.1983743375,1.24911e-07,7.9599999999999e-10,7.77260071009536e-10,6.39568563274034e-13,-1.32705469390643e-14,4.71078810946378e-14,2.25298561756963e-07
1610.1986414,0.1996279,1.25694e-07,7.81437499999998e-10,7.77887902330743e-10,2.81791490180696e-13,-1.73747357980662e-13,-9.04966758909013e-15,-4.32810189043441e-08
1620.27650345,0.200877325,1.26473875e-07,7.86000000000018e-10,7.77823653989897e-10,-7.31662948196926e-14,-2.5263141406413e-13,-4.60485187888748e-14,-2.20232046381575e-07
1630.37836185,0.202129725,1.27266e-07,7.87375000000003e-10,7.77741569741104e-10,2.87095970463691e-13,-1.60701070967086e-13,-4.61060435326227e-14,-2.20507164721239e-07
1640.4816318,0.2033823,1.28048625e-07,7.66999999999996e-10,7.78397845930824e-10,1.2009155077125e-12,6.75075335013522e-16,-6.99016921940691e-15,-3.34312440928157e-08
1650.5742143,0.20463355,1.288e-07,7.50875000000001e-10,7.80143400756529e-10,1.68635756189289e-12,9.63342694200797e-14,6.83518302103995e-14,3.26900057527998e-07
1660.67425785,0.205885725,1.29550375e-07,7.41124999999997e-10,7.8177056105461e-10,8.53280227185552e-13,1.842739920688e-13,1.64101338224233e-13,7.84832487159375e-07
1670.7412308,0.2071338,1.3028225e-07,7.56562499999999e-10,7.818499612109e-10,-3.35372828376418e-13,2.80548738226507e-13,2.50194998322491e-13,1.19658477458583e-06
1680.87152185,0.208389725,1.310635e-07,7.83374999999998e-10,7.81099815397857e-10,-8.85220361729691e-13,3.78377355454119e-13,3.07800870823059e-13,1.47209112132767e-06
1690.9376882,0.2096377,1.31849e-07,8.03999999999999e-10,7.8007952048744e-10,-1.32309763528053e-12,4.41561516731462e-13,3.24122619531285e-13,1.55015165862788e-06
1701.0407565,0.21089025,1.326715e-07,8.17500000000001e-10,7.78453620127296e-10,-1.49570347006746e-12,3.89550641421506e-13,2.90628992186401e-13,1.38996474523931e-06
1711.117207,0.2121395,1.33484e-07,8.20187499999996e-10,7.77088113547305e-10,-8.09309100998963e-13,2.69722616692308e-13,2.21462526167924e-13,1.05916860341181e-06
1721.20374,0.21339,1.34311875e-07,8.02499999999997e-10,7.76835001925298e-10,4.87111825862613e-13,1.3018264100832e-13,1.4117226674278e-13,6.75171710508948e-07
1731.2842235,0.21463975,1.35089e-07,7.76562499999996e-10,7.78062337199031e-10,1.78215673061653e-12,1.01600283263884e-14,6.78625879342677e-14,3.24560203163889e-07
1741.3747895,0.21589075,1.35865e-07,7.90499999999997e-10,7.80399315386531e-10,1.82574492060979e-12,-5.49017128043297e-14,1.66226518860691e-14,7.94996394551131e-08
1751.539966,0.217151,1.3667e-07,7.78937500000008e-10,7.8171382704025e-10,8.94002412285797e-13,-1.06741016204142e-13,-3.14771200939711e-15,-1.50542748275514e-08
1761.61944125,0.218400625,1.37422875e-07,7.38750000000011e-10,7.82187320211103e-10,4.90214246075735e-13,-1.35734677245271e-13,1.29509207083186e-14,6.19391859963064e-08
1771.684801,0.2196485,1.381475e-07,7.54312500000004e-10,7.82694255532402e-10,3.74113088632051e-13,-7.08781710660906e-14,5.60229373936891e-14,2.67935787535035e-07
1781.78847425,0.220901125,1.389315e-07,7.64999999999981e-10,7.82935546388367e-10,-9.26507395410993e-14,9.18950094393596e-14,9.8972887673616e-14,4.73348593221642e-07
1791.87904025,0.222152125,1.396775e-07,7.79812500000006e-10,7.8250895405332e-10,-3.48213577884222e-13,2.5563378400307e-13,1.16048318746816e-13,5.55013698354337e-07
1801.9504495,0.22340075,1.40491125e-07,7.85375000000001e-10,7.82239119232599e-10,-6.98738929534174e-13,3.13911084121936e-13,9.94693107180602e-14,4.75722790390723e-07
1812.115626,0.224661,1.4124825e-07,7.69937499999985e-10,7.81111476194251e-10,-1.69611641826575e-12,2.63404610135008e-13,5.56954867338325e-14,2.66369719161808e-07
1822.181994,0.225909,1.42031e-07,7.92875000000009e-10,7.78846886396067e-10,-1.67429967269898e-12,1.21931912907366e-13,-8.18622988969082e-15,-3.91515342550431e-08
1832.248362,0.227157,1.42834e-07,7.95000000000002e-10,7.77762876848853e-10,-4.03189341773884e-13,-1.01942064219698e-13,-8.472024266096e-14,-4.0518376924807e-07
1842.330862,0.228407,1.43621e-07,7.92875000000009e-10,7.78040507712519e-10,9.66448843688154e-13,-3.27369343690409e-13,-1.63402674926214e-13,-7.81491053994937e-07
1852.44260125,0.229660625,1.4441975e-07,7.86500000000005e-10,7.7969577453623e-10,1.48885662755631e-12,-4.52326023108131e-13,-2.26563731031001e-13,-1.08356567014827e-06
1862.524093,0.2309105,1.45194e-07,7.96937500000002e-10,7.81018220967632e-10,7.7170561620875e-13,-4.07710439384898e-13,-2.50602279300092e-13,-1.19853264013087e-06
1872.68322,0.23217,1.46013625e-07,7.91812500000006e-10,7.81239185768647e-10,3.62052368117456e-13,-2.77014336771026e-13,-2.22099940501895e-13,-1.06221710674819e-06
1882.7798355,0.23342175,1.46777625e-07,7.67687499999989e-10,7.81742325703867e-10,4.29175915649402e-13,-1.55844487234276e-13,-1.46290101293821e-13,-6.99648310535666e-07
1892.85527775,0.234670875,1.47549e-07,7.62937500000003e-10,7.82097537599946e-10,7.65313200749616e-14,-4.87911202215277e-15,-4.24701069897438e-14,-2.03117902994427e-07
1902.946852,0.235922,1.483035e-07,7.50500000000004e-10,7.81895388344017e-10,-6.77615857663683e-13,1.42588127266247e-13,6.10342977444429e-14,2.91903163125596e-07
1913.0233025,0.23717125,1.4905e-07,7.51562499999994e-10,7.80742305884618e-10,-1.45795629572575e-12,2.4604771700866e-13,1.3873354963688e-13,6.63508280872035e-07
1923.087654,0.238419,1.49806625e-07,7.69749999999993e-10,7.78979475752565e-10,-1.29842479444608e-12,3.05931307989471e-13,1.82081080640587e-13,8.70822559585416e-07
1933.1963685,0.23967225,1.505895e-07,7.93437499999998e-10,7.78145456295726e-10,-5.86910235792107e-13,2.9516634983226e-13,1.92953376702955e-13,9.22820497275002e-07
1943.32827275,0.240928375,1.513935e-07,8.02125e-10,7.77805655280981e-10,-4.46994835648608e-15,2.16303059780106e-13,1.80148187533609e-13,8.61578288204217e-07
1953.415814,0.242179,1.5219375e-07,8.10875000000003e-10,7.78136516399013e-10,8.18417461323863e-13,9.13661190481291e-14,1.57097694365755e-13,7.51336799140567e-07
1963.50940475,0.243430375,1.5301525e-07,8.15625000000015e-10,7.79442490203629e-10,1.50082179098042e-12,-9.13972247360065e-15,1.36300760698876e-13,6.5187320334245e-07
1973.59997075,0.244681375,1.53825e-07,7.9937499999999e-10,7.81138159980974e-10,1.59277107069248e-12,2.93950476004999e-15,1.32005908103149e-13,6.31332603971582e-07
1983.679446,0.245931,1.54614e-07,7.71812499999997e-10,7.82628032345014e-10,9.11473079797717e-13,1.05326237413144e-13,1.48728810583399e-13,7.11311702790169e-07
1993.76093775,0.247180875,1.55368625e-07,7.58500000000013e-10,7.8296110614057e-10,4.05844413236745e-13,1.82354971110591e-13,1.81575993948233e-13,8.68406927578506e-07
2003.91603175,0.248439875,1.56131e-07,7.64687499999999e-10,7.83439721171487e-10,2.26437037078927e-13,2.21836919618739e-13,2.25058283923345e-13,1.07636570572035e-06
2013.98441625,0.249688125,1.56898e-07,7.54499999999995e-10,7.83413980214727e-10,-4.91079214704369e-13,3.00688208972332e-13,2.66865824297017e-13,1.2763148118553e-06
2024.098172,0.250942,1.5764e-07,7.52187499999998e-10,7.82457562742079e-10,-6.1298174930331e-13,3.85998320438286e-13,2.90193836729096e-13,1.38788356696524e-06
2034.16454,0.25219,1.58402375e-07,7.69812499999995e-10,7.82188016716121e-10,-5.08770725271788e-13,3.9825174723969e-13,2.84106918422129e-13,1.35877221854062e-06
2044.238974,0.253439,1.59179625e-07,7.96875000000001e-10,7.81440021291535e-10,-2.60519066117118e-13,3.243498211425e-13,2.49074280225474e-13,1.19122481846966e-06
2054.3194575,0.25468875,1.59996125e-07,7.85187499999996e-10,7.81666978583887e-10,3.92530125257981e-13,2.11504751203153e-13,1.95753940989662e-13,9.3621450038534e-07
2064.40296575,0.255938875,1.6075e-07,8.01937500000008e-10,7.82225081542051e-10,1.33307804253344e-13,1.06116284632553e-13,1.40416788613197e-13,6.71558554237029e-07
2074.5752,0.2572,1.616e-07,8.22000000000019e-10,7.81933594192393e-10,2.53170371921891e-13,9.10036068028465e-15,9.35440787527422e-14,4.47384724469637e-07
2084.649634,0.258449,1.62394e-07,7.96874999999987e-10,7.82731422285895e-10,7.91238901221041e-13,-4.97546966557626e-14,5.84642458923522e-14,2.7961161078951e-07
2094.7341505,0.25969925,1.6319375e-07,7.91999999999998e-10,7.83516071994835e-10,5.20018148769118e-13,-2.68412336222272e-14,4.46077905692739e-14,2.1334160707044e-07
2104.830766,0.260951,1.63978e-07,7.6031250000001e-10,7.83771458583433e-10,-1.00582685892185e-15,3.79896325497796e-14,5.71714713923419e-14,2.73428776224244e-07
2114.89410925,0.262198625,1.64714375e-07,7.58499999999987e-10,7.83514060341118e-10,5.14380280415574e-14,9.31447226142339e-14,8.87547879622852e-14,4.2447942068919e-07
2124.971568,0.263448,1.65495e-07,7.80749999999992e-10,7.83874334639516e-10,5.12677948538136e-13,1.61431272673101e-13,1.3144215218113e-13,6.28636379996709e-07
2135.15590125,0.264710625,1.66275875e-07,7.76000000000007e-10,7.84539416238194e-10,1.32505832521791e-13,2.3331055118242e-13,1.75373475943193e-13,8.38742711032662e-07
2145.23033525,0.265959625,1.67047e-07,7.83562500000004e-10,7.8413934630456e-10,-3.44602227683405e-13,2.58119911213049e-13,2.07080186325667e-13,9.90383499818407e-07
2155.319893,0.2672105,1.67843e-07,7.82e-10,7.83850211782827e-10,-1.88441414301319e-13,2.50334776240313e-13,2.17092232493086e-13,1.03826719887998e-06
2165.4003765,0.26846025,1.68611e-07,7.95500000000002e-10,7.83762463475957e-10,-1.18270657319531e-13,2.12999493891111e-13,2.03175706665878e-13,9.71709901445504e-07
2175.488926,0.269711,1.69434e-07,8.02999999999998e-10,7.83613670468188e-10,-1.33949806341092e-14,1.65874073036401e-13,1.69734348884524e-13,8.11772972925984e-07
2185.547228,0.270958,1.70217e-07,7.82374999999997e-10,7.83735673514689e-10,4.69411821326347e-14,1.45222683686572e-13,1.2451474532304e-13,5.95505303718887e-07
2195.730553,0.2722205,1.7099875e-07,7.90562499999998e-10,7.83707552832453e-10,2.51991834469358e-13,9.20764135569421e-14,7.6202783088854e-14,3.6444809303365e-07
2205.796921,0.2734685,1.71798125e-07,7.92125000000002e-10,7.84239657183628e-10,5.85920689030249e-13,9.84316532184206e-15,3.7016205331521e-14,1.77034025498579e-07
2215.883454,0.274719,1.72583e-07,7.78500000000009e-10,7.84879394210514e-10,3.98722224739175e-13,-2.86801420049287e-14,1.57051592547416e-14,7.51116312183294e-08
2225.969987,0.2759695,1.73355125e-07,7.73999999999991e-10,7.85037101633106e-10,4.32706573195442e-13,-3.77164439744095e-14,1.19766948651178e-14,5.72798450070851e-08
2236.05652,0.27722,1.74131e-07,7.67062499999998e-10,7.85744807356905e-10,4.74792039457265e-13,-3.62228511859019e-14,2.28595884505706e-14,1.09328466502729e-07
2246.13397875,0.278469375,1.7488925e-07,7.80750000000005e-10,7.8598668571202e-10,1.42719823783315e-14,6.38641565453957e-15,4.09559764624196e-14,1.95876409168094e-07
2256.2195035,0.27971975,1.756925e-07,7.91374999999994e-10,7.85773351321661e-10,-2.25608875625537e-13,8.02176466703435e-14,5.8081054217597e-14,2.77778954953725e-07
2266.38770475,0.280980375,1.76472e-07,8.006875e-10,7.85535467960769e-10,-4.22472054859823e-13,1.39934494990224e-13,7.22466820814644e-14,3.4552760995483e-07
2276.4530645,0.28222825,1.77293875e-07,7.90499999999997e-10,7.84928407211942e-10,-4.80014411425164e-13,1.56779610668458e-13,8.08236630274732e-14,3.86547953609654e-07
2286.537581,0.2834785,1.78053e-07,7.76062500000008e-10,7.84575439137919e-10,-3.55911940248251e-13,1.39165320489757e-13,7.81392635518054e-14,3.73709521334721e-07
2296.616048,0.284728,1.78846e-07,7.99500000000007e-10,7.84216583331445e-10,-3.14023250809821e-13,9.76194745057748e-14,6.69138430539958e-14,3.20022727649545e-07
2306.69552325,0.285977625,1.79652e-07,7.80499999999985e-10,7.83947392636299e-10,-2.63640597748359e-13,3.87148129692773e-14,5.62532853199116e-14,2.69037451530012e-07
2316.789114,0.287229,1.80407e-07,7.73500000000004e-10,7.83689302135948e-10,3.40678724320974e-15,-1.03445720645229e-14,5.16581190836722e-14,2.47060569530606e-07
2326.9260595,0.28848575,1.81199e-07,7.85062500000019e-10,7.83954206210786e-10,7.76127432105416e-13,-1.70942315947556e-14,6.20948065560285e-14,2.96975161789702e-07
2337.018642,0.289737,1.81977125e-07,7.69562500000001e-10,7.85241557000159e-10,1.10497901991017e-12,2.7905764438643e-14,9.20265324654649e-14,4.40126894400049e-07
2347.109208,0.290988,1.82738125e-07,7.71937499999987e-10,7.86164164250606e-10,9.31537945366388e-13,8.48655123793942e-14,1.34764911371903e-13,6.44527836996058e-07
2357.203807,0.2922395,1.83521e-07,7.89687500000001e-10,7.87104632890892e-10,5.36671980112637e-13,1.69725038771319e-13,1.84666707468598e-13,8.83188600936773e-07
2367.2681585,0.29348725,1.843175e-07,8.05062500000002e-10,7.87237508210831e-10,-1.00777339237272e-13,2.83812461954984e-13,2.34889239069993e-13,1.12338331729127e-06
2377.348642,0.294737,1.85131125e-07,8.00250000000001e-10,7.86903078212417e-10,-2.08102816598279e-13,3.59334409317494e-13,2.74861749962958e-13,1.31455619547502e-06
2387.43618325,0.295987625,1.85918e-07,7.89437500000007e-10,7.86821302577635e-10,-4.41875099096319e-13,3.90611542812419e-13,2.94832660162687e-13,1.41006924425633e-06
2397.60337625,0.297248125,1.8671e-07,8.03499999999985e-10,7.86019328014225e-10,-5.12887466307353e-13,3.52301726542477e-13,2.91406366554343e-13,1.39368262265121e-06
2407.701,0.2985,1.87525e-07,7.94499999999988e-10,7.8579552764502e-10,-7.39802996672987e-14,2.71792513833604e-13,2.71333061355096e-13,1.29767985865481e-06
2417.775434,0.299749,1.88299e-07,7.69499999999999e-10,7.8587136741489e-10,3.10590981675528e-13,2.27367507024702e-13,2.46675472497997e-13,1.17975225977303e-06
2427.85087625,0.300998125,1.89064e-07,7.62500000000005e-10,7.86416709608371e-10,8.20295335115345e-13,1.82288121565272e-13,2.25495800463866e-13,1.07845817613153e-06
2437.916236,0.302246,1.89824e-07,7.62500000000005e-10,7.87511958085121e-10,9.77701221998543e-13,1.36134618463189e-13,2.14300734449e-13,1.02491655606043e-06
2448.0168845,0.30349825,1.90589e-07,7.89000000000008e-10,7.88372112052368e-10,7.58066434120995e-13,1.31864193585541e-13,2.20320725430223e-13,1.05370781727498e-06
2458.178028,0.304758,1.91402e-07,7.81500000000013e-10,7.89028090953363e-10,5.1068682189873e-13,1.83246712275286e-13,2.43026438046232e-13,1.16230035587328e-06
2468.268594,0.306009,1.92152e-07,7.91499999999998e-10,7.89393485696166e-10,3.44325466035526e-13,2.76282936609155e-13,2.75470982945481e-13,1.31746991843491e-06
2478.33395375,0.307256875,1.92985e-07,8.22999999999994e-10,7.89716741885434e-10,9.84733516035324e-15,3.62221897646096e-13,3.02761335179807e-13,1.44798899433821e-06
2488.425528,0.308508,1.93798e-07,7.98000000000005e-10,7.89413180366486e-10,-4.71444709959639e-13,4.06294438885724e-13,3.13996270095287e-13,1.50172129176007e-06
2498.508028,0.309758,1.94581e-07,7.88437499999993e-10,7.88773852465515e-10,-4.96581179641614e-13,3.96747288606456e-13,3.11561872776145e-13,1.49007852197287e-06
2508.60161875,0.311009375,1.95374875e-07,7.87624999999983e-10,7.88420018007203e-10,-2.95655762304857e-13,3.55352722986945e-13,2.96860025852155e-13,1.41976534103205e-06
2518.7637705,0.31226925,1.9615625e-07,7.91062500000012e-10,7.88182540940905e-10,4.71424890710715e-13,2.86853222694617e-13,2.71122396534156e-13,1.29667233125031e-06
2528.844254,0.313519,1.96957e-07,7.89375000000005e-10,7.89362867788625e-10,1.13285691635117e-12,1.93649676031236e-13,2.39665626006761e-13,1.14622690698886e-06
2538.92171275,0.314768375,1.97735e-07,7.71000000000001e-10,7.90448254773607e-10,6.99038341752031e-13,1.16312585739829e-13,2.13523905384348e-13,1.02120128662079e-06
2548.993122,0.316017,1.98499e-07,7.82000000000013e-10,7.90760944472129e-10,6.9913814582446e-13,1.04340650123888e-13,1.99564613776069e-13,9.54439457189895e-07
2559.091754,0.317269,1.99299e-07,8.06999999999989e-10,7.91846531065256e-10,7.01213504269468e-13,1.47469034510165e-13,1.97584596999157e-13,9.44969811735099e-07
2569.166188,0.318518,2.00113e-07,7.98999999999993e-10,7.92163371480668e-10,1.36112935740304e-13,2.07570908046007e-13,2.07897890097263e-13,9.9429425698691e-07
2579.11862375,0.319751875,2.00897e-07,8.0200000000001e-10,7.92118756936737e-10,-1.07636922693522e-13,2.6414112459311e-13,2.22524469828989e-13,1.06424746439951e-06
2589.30799825,0.321015125,2.01717e-07,7.9456249999999e-10,7.91948097635281e-10,-4.3193008335368e-13,3.0171070055039e-13,2.33348946755177e-13,1.11601670187259e-06
2599.42982,0.32227,2.02486125e-07,7.87187499999998e-10,7.91254896770029e-10,-4.4650572493119e-13,3.16634982951368e-13,2.37795760991646e-13,1.13728407430787e-06
2609.55265,0.323525,2.03291375e-07,7.83125000000018e-10,7.91055086185418e-10,-1.19144119912101e-13,2.70962478237149e-13,2.29556752258313e-13,1.09788011949628e-06
2619.627084,0.324774,2.04052375e-07,7.75562499999995e-10,7.91016608530205e-10,7.87581542048532e-14,2.03952235529151e-13,2.07334971877547e-13,9.91602039414355e-07
2629.689419,0.3260215,2.048425e-07,7.82937499999986e-10,7.91212602493828e-10,3.99097374799008e-13,1.60196604619429e-13,1.77281919551576e-13,8.47870050029276e-07
2639.7618365,0.32727025,2.0561825e-07,7.93562500000002e-10,7.91814803279803e-10,5.14754722643929e-13,9.63311241915926e-14,1.44740202537375e-13,6.92235751265707e-07
2649.9249965,0.32853025,2.06429625e-07,8.14875000000008e-10,7.92242111939116e-10,7.28309248227267e-13,6.10461000096296e-14,1.17495864828987e-13,5.61936744834286e-07
2660.029678,0.329783,2.07248e-07,8.05687500000006e-10,7.93271421776258e-10,8.95235452671218e-13,7.81899166557404e-14,1.0122375074737e-13,4.841135905309e-07
2670.08798,0.33103,2.08041e-07,7.9531250000001e-10,7.94032582844458e-10,2.29522469364954e-13,9.08691250631881e-14,9.64511540894702e-14,4.61288128253988e-07
2680.25214825,0.332290125,2.08838625e-07,7.94187500000006e-10,7.93730466714988e-10,-1.749699879951e-13,1.15908809107421e-13,1.02964559014541e-13,4.92439195286935e-07
2690.325574,0.333539,2.09629375e-07,7.85437499999989e-10,7.93682642868468e-10,-2.34633711975073e-13,1.34869199388792e-13,1.15421384995649e-13,5.52015319544408e-07
2700.404041,0.3347885,2.104095e-07,7.71812499999997e-10,7.93261199291038e-10,-3.41989626038877e-13,1.3638911347968e-13,1.29607906834568e-13,6.19863902252282e-07
2710.58030825,0.336050125,2.11173e-07,7.84749999999997e-10,7.9299866361639e-10,-2.92463447643199e-13,1.56144690307042e-13,1.42028987420518e-13,6.79269070272043e-07
2720.637602,0.337297,2.11979e-07,7.97499999999991e-10,7.92676272395751e-10,-1.13349113230377e-13,1.58245212769272e-13,1.43357105035377e-13,6.85620937125716e-07
2730.76748975,0.338552875,2.12768e-07,7.85500000000004e-10,7.9277196538993e-10,6.15258131554478e-13,1.39158429573654e-13,1.33578513003624e-13,6.38853757843419e-07
2740.8247835,0.33979975,2.1355e-07,8.00937500000007e-10,7.9390678865886e-10,4.92287481030599e-13,1.27396348886829e-13,1.19698379648083e-13,5.72470511360397e-07
2750.91635775,0.341050875,2.14369875e-07,8.04625000000003e-10,7.93756540351991e-10,-1.97911475911075e-13,1.21402354761945e-13,1.04870289886224e-13,5.01553560325419e-07
2760.975668,0.342298,2.1515925e-07,8.09062499999993e-10,7.93510965707038e-10,-2.85892658956879e-14,1.05848629306784e-13,9.41084729364241e-14,4.50084001000289e-07
2771.066234,0.343549,2.15988e-07,8.19812499999998e-10,7.93699361820199e-10,1.63043755237827e-13,7.0431617410483e-14,9.13690273121511e-14,4.36982304536375e-07
2781.2193115,0.34480775,2.16798875e-07,7.84500000000003e-10,7.93837053217514e-10,1.94884085710003e-13,4.87741465194639e-14,9.76845989075699e-14,4.67187212166639e-07
2791.303828,0.346058,2.17557e-07,7.76750000000001e-10,7.94089129991619e-10,1.3367162902917e-13,7.11980406053438e-14,1.10753297228404e-13,5.29689682396715e-07
2801.38733625,0.347308125,2.18352375e-07,7.85500000000004e-10,7.94104396475572e-10,1.54380620172993e-13,1.13252854464115e-13,1.2841852663269e-13,6.14175562156343e-07
2811.468828,0.348558,2.19128e-07,7.81000000000012e-10,7.94397891231965e-10,5.87031274773573e-13,1.58725211030444e-13,1.49958291481522e-13,7.1719182882467e-07
2821.5533445,0.34980825,2.19914375e-07,7.86999999999993e-10,7.95278459025119e-10,6.23967275588989e-13,2.0064710160788e-13,1.72273878969291e-13,8.23918551592261e-07
2831.641894,0.351059,2.20702e-07,7.89437499999994e-10,7.95645825783143e-10,1.31051241251565e-13,2.3420658378199e-13,1.93255514431486e-13,9.24265503802759e-07
2841.796988,0.352318,2.2149325e-07,8.04500000000012e-10,7.95540561507622e-10,-1.21473589436044e-13,2.4097553924496e-13,2.08323193224312e-13,9.96328315420623e-07
2851.891587,0.3535695,2.22311e-07,8.07124999999992e-10,7.95402878604271e-10,-1.36267950576634e-13,2.10041558324174e-13,2.14531853806768e-13,1.02602190951063e-06
2861.986186,0.354821,2.231075e-07,7.9024999999999e-10,7.95268025606469e-10,-2.5015713832655e-13,2.09762268867095e-13,2.1445561825031e-13,1.0256573046754e-06
2872.052554,0.356069,2.238915e-07,8.01250000000002e-10,7.94902564327618e-10,-4.14978963283017e-13,2.17256833687904e-13,2.10795919998839e-13,1.00815439999445e-06
2882.14312,0.35732,2.2471e-07,8.12750000000015e-10,7.94438067679903e-10,-4.74883349566689e-14,1.95080408154618e-13,2.07643315802843e-13,9.93076727752727e-07
2892.209488,0.358568,2.25517e-07,7.98999999999993e-10,7.94807587657705e-10,5.82436040453162e-13,1.84324453051697e-13,2.09207197252807e-13,1.00055616077429e-06
2902.29702925,0.359818625,2.26308e-07,7.95749999999996e-10,7.95602939760809e-10,1.03658137783391e-12,1.85820863620306e-13,2.17285747821952e-13,1.03919270697455e-06
2912.46220575,0.361078875,2.271085e-07,7.9050000000001e-10,7.96880750413373e-10,1.11854812679821e-12,2.20865509862732e-13,2.32378422157222e-13,1.11137506249106e-06
2922.54873875,0.362329375,2.27889e-07,7.91875000000008e-10,7.97840036014406e-10,5.70759671793813e-13,2.62664777012819e-13,2.5117850486882e-13,1.20128850154653e-06
2932.628214,0.363579,2.2869225e-07,8.01999999999996e-10,7.9802226975696e-10,1.31846842511342e-13,2.76478690738017e-13,2.70715390535972e-13,1.29472578082421e-06
2942.70970575,0.364828875,2.29493e-07,7.81062499999988e-10,7.98103729699428e-10,-7.81692393939639e-14,3.01754818005958e-13,2.92140255029615e-13,1.39719252405468e-06
2952.793214,0.366079,2.30254375e-07,7.85999999999991e-10,7.97865931278172e-10,-4.00440128882147e-13,3.23895039421262e-13,3.11260992414475e-13,1.48863952893879e-06
2962.875714,0.367329,2.31065e-07,8.040625e-10,7.97302849441664e-10,-3.21335137828614e-13,3.27826441897489e-13,3.21956359062201e-13,1.5397912824714e-06
2973.03383275,0.368588375,2.318625e-07,7.98500000000019e-10,7.97223261002515e-10,2.39286280550097e-13,3.25143172390571e-13,3.23137896475715e-13,1.54544211357951e-06
2983.1314565,0.36984025,2.32662e-07,7.93312500000008e-10,7.97781422002764e-10,5.74208928854323e-13,3.20749518292335e-13,3.16137658206409e-13,1.51196271316109e-06
2993.21294825,0.371090125,2.33449125e-07,7.91999999999985e-10,7.98371678860224e-10,6.31912670727873e-13,3.27599167777552e-13,3.0538966348699e-13,1.46055926015517e-06
3003.29444,0.37234,2.34246e-07,8.15999999999986e-10,7.9904524734422e-10,5.70288964642252e-13,3.0456585327595e-13,2.92438342883721e-13,1.3986181616178e-06
3013.37694,0.37359,2.35081125e-07,8.13750000000016e-10,7.99512256789508e-10,5.50526342612905e-13,2.6134444070213e-13,2.78187654436137e-13,1.33046269512935e-06
3023.29812,0.37482,2.358735e-07,7.99500000000007e-10,8.00146300029446e-10,5.98084752768513e-13,2.44319212645297e-13,2.67388012274429e-13,1.27881223261683e-06
3033.42195825,0.376075125,2.36680125e-07,8.0524999999998e-10,8.00708426295045e-10,7.22864617542101e-14,2.43177178856092e-13,2.60495639994474e-13,1.24584871301705e-06
3043.58310175,0.377334875,2.37484e-07,8.00437500000006e-10,8.00290872952954e-10,-2.83692722371514e-13,2.51268817617114e-13,2.56728667981974e-13,1.22783275991379e-06
3053.767435,0.3785975,2.38281e-07,7.86999999999993e-10,8.00141040850302e-10,3.68921153381579e-15,2.53378730764776e-13,2.56461315614986e-13,1.22655411815863e-06
3063.86909175,0.379849875,2.39058e-07,7.829375e-10,8.00298251376022e-10,2.57834265781801e-13,2.53285879979472e-13,2.62082762225561e-13,1.25343929760051e-06
3073.960666,0.381101,2.39846875e-07,7.85812500000026e-10,8.00656709381866e-10,5.71689052979539e-13,2.74014082800171e-13,2.72433561727e-13,1.30294312130304e-06
3084.0351,0.38235,2.40629625e-07,7.96062499999991e-10,8.01441629481981e-10,5.7759872817054e-13,2.85709394367555e-13,2.77271771673879e-13,1.32608238626638e-06
3094.133732,0.383602,2.41439e-07,8.18687500000007e-10,8.01811906838207e-10,4.47251070239763e-13,2.75935422842969e-13,2.72839179462749e-13,1.30488303221315e-06
3104.27168575,0.384858875,2.42267e-07,8.17500000000014e-10,8.0233613162246e-10,3.60129193186484e-13,2.71763181619458e-13,2.59883411456794e-13,1.24292066348901e-06
3114.3209135,0.38610475,2.43074e-07,8.12999999999996e-10,8.0253216522458e-10,-2.09983521711176e-13,2.66910603453945e-13,2.36496276235935e-13,1.13106914721534e-06
3124.33384425,0.387346125,2.43893e-07,8.18499999999989e-10,8.01916164579038e-10,-3.54507604929074e-13,2.50705627616195e-13,2.05439412370718e-13,9.82536320033869e-07
3134.53531775,0.388610875,2.44711e-07,8.14812499999979e-10,8.01823150014722e-10,-5.72521461409856e-14,1.88680460015665e-13,1.73090647927455e-13,8.27824837913915e-07
3144.6047105,0.38985925,2.45522625e-07,7.91500000000011e-10,8.01801660286756e-10,1.21463679813443e-14,1.18202629971962e-13,1.46336759271441e-13,6.99871457385153e-07
3154.6912435,0.39110975,2.46294e-07,7.83937500000027e-10,8.01847442750684e-10,3.97922376497662e-13,9.98671684972004e-14,1.30722798427324e-13,6.25195992478506e-07
3164.84331275,0.392368375,2.470905e-07,7.87999999999994e-10,8.02597505039751e-10,8.03874379941362e-13,8.1639073321464e-14,1.26199085837091e-13,6.03560845307826e-07
3174.91976325,0.393617625,2.4787e-07,7.9074999999999e-10,8.03455191510567e-10,8.33655632064767e-13,6.81575126632904e-14,1.31683169098163e-13,6.2978906959991e-07
3185.01839525,0.394869625,2.48672e-07,8.0799999999999e-10,8.04264816303881e-10,6.82484314480734e-13,1.06115542881123e-13,1.45764351102195e-13,6.97133853097454e-07
3195.079722,0.396117,2.49486e-07,8.12499999999982e-10,8.04820160139529e-10,8.90514224555609e-14,1.76034565042911e-13,1.6224334286159e-13,7.75946422381517e-07
3205.154156,0.397366,2.50297e-07,8.16500000000013e-10,8.04442919148792e-10,-4.65019734309374e-13,2.2852330595899e-13,1.73629544226728e-13,8.30402168040873e-07
3215.26186225,0.398619125,2.51119e-07,8.13500000000009e-10,8.0389012067091e-10,-5.95448792724752e-13,2.34813874278166e-13,1.69410823728373e-13,8.10225678700914e-07
3225.335288,0.399868,2.51924e-07,8.08499999999977e-10,8.03252021563343e-10,-5.74706533556563e-13,2.11718386014505e-13,1.47638511685118e-13,7.06097229798391e-07
3235.506514,0.401129,2.52736e-07,7.9899999999998e-10,8.02740707603797e-10,-4.43268816960693e-13,1.77318719667235e-13,1.17929004840205e-13,5.64008284018372e-07
3245.5869975,0.40237875,2.53522e-07,7.82812500000023e-10,8.02365483929421e-10,-2.37092006614542e-13,1.08206101144241e-13,8.51340945233221e-14,4.07163060763714e-07
3255.65639025,0.403627125,2.54301625e-07,7.92000000000025e-10,8.02266523590568e-10,6.60547945592823e-13,1.5717636521271e-14,5.60518502472976e-14,2.68074066400119e-07
3265.7479645,0.40487825,2.55106e-07,8.03187499999976e-10,8.03686579820607e-10,1.26587946499394e-12,-5.03987089777907e-14,4.19497009231572e-14,2.006290044151e-07
3275.840547,0.4061295,2.55908e-07,8.04499999999999e-10,8.04798282520556e-10,9.9338744931948e-13,-6.02250522851502e-14,4.87019675937406e-14,2.32922453709194e-07
3285.910948,0.407378,2.56715e-07,8.23750000000028e-10,8.05673354719246e-10,8.01854232258549e-13,3.82519154763325e-15,7.44051187387726e-14,3.55850567881086e-07
3296.082174,0.408639,2.575555e-07,8.27499999999999e-10,8.06401990985073e-10,3.85901294480244e-13,1.04547948793826e-13,1.13946879195041e-13,5.44963335280631e-07
3306.16366575,0.409888875,2.5837e-07,8.10749999999986e-10,8.06445157308206e-10,-4.31765158893818e-13,2.02149941190488e-13,1.63845689605583e-13,7.83609819852788e-07
3316.247174,0.411139,2.59177e-07,8.06999999999989e-10,8.05538460667285e-10,-1.14545063308381e-12,2.94333468416048e-13,2.14569788377927e-13,1.02620333572052e-06
3326.321608,0.412388,2.59984e-07,7.92000000000025e-10,8.04154256042039e-10,-9.31229331355133e-13,3.43364001055744e-13,2.54415895609526e-13,1.21677167465425e-06
3336.404108,0.413638,2.60761e-07,7.77000000000008e-10,8.03676002004575e-10,-2.68354747559111e-13,3.32572180772814e-13,2.78921289792933e-13,1.3339713859662e-06
3346.486608,0.414888,2.61538e-07,7.87374999999977e-10,8.0361754654692e-10,2.10921396860785e-13,2.98341980762812e-13,2.89426678038908e-13,1.3842145471426e-06
3356.64271025,0.416147125,2.6233575e-07,7.94562500000003e-10,8.04097844798296e-10,5.66659918684361e-13,2.7552404746429e-13,2.90247335748304e-13,1.38813943183971e-06
3366.74335875,0.417399375,2.63127125e-07,8.09625000000008e-10,8.04750866384289e-10,8.04144063285884e-13,2.57014406528419e-13,2.87755569428685e-13,1.37622228857197e-06
3376.75024,0.41864,2.63955e-07,8.22937500000018e-10,8.05706132924868e-10,1.24116627783193e-12,2.15589645894035e-13,2.91141416543425e-13,1.39241547042508e-06
3386.679486,0.419871,2.64773e-07,8.19000000000002e-10,8.07233198939953e-10,1.40211131622412e-12,2.24489578166564e-13,3.04126019417265e-13,1.45451574503909e-06
3396.786184,0.421124,2.65593e-07,8.33999999999993e-10,8.08510355557316e-10,7.7936646356647e-13,3.00528663885641e-13,3.25424619330915e-13,1.55637861419133e-06
3406.9634595,0.42238575,2.66441e-07,8.24000000000008e-10,8.08791931867086e-10,-3.41308693284035e-14,3.75940342229396e-13,3.49760533426108e-13,1.67276776855965e-06
3417.136702,0.423647,2.67241e-07,7.97499999999991e-10,8.0844209381866e-10,-2.50738974834599e-13,4.21486210836549e-13,3.70145052667836e-13,1.77025894754182e-06
3427.2434,0.4249,2.68036e-07,7.84499999999977e-10,8.08290453917417e-10,-8.01858479234183e-14,4.36036644217436e-13,3.84270445942211e-13,1.83781517624536e-06
3437.34908975,0.426152875,2.6881e-07,7.815e-10,8.08281722122813e-10,2.10933429971566e-15,4.46143602368486e-13,3.89547742518895e-13,1.86305442074254e-06
3447.432598,0.427403,2.69599e-07,7.96624999999994e-10,8.08294672586016e-10,1.88339486737609e-13,4.12590422004185e-13,3.83517129355031e-13,1.83421235778493e-06
3457.478801,0.4286485,2.7040325e-07,8.04937499999998e-10,8.08658401096288e-10,5.69231466171082e-13,3.45293065270933e-13,3.66127749792913e-13,1.75104575987915e-06
3467.577433,0.4299005,2.71208875e-07,8.13375000000006e-10,8.09433135518358e-10,7.12414918797898e-13,2.96355319404173e-13,3.43701841875271e-13,1.64379141766434e-06
3477.56818225,0.431139125,2.7203e-07,8.37062499999985e-10,8.10083230933884e-10,3.23212303789445e-13,2.78847592496093e-13,3.22672747578357e-13,1.54321748841823e-06
3487.84829925,0.432413625,2.72883e-07,8.328125e-10,8.10079560125937e-10,2.716865047805e-14,2.81584455357136e-13,3.02199209236691e-13,1.44530056591461e-06
3497.958022,0.433667,2.73695625e-07,8.26250000000017e-10,8.1013756823484e-10,2.99711629934674e-13,2.69830628860705e-13,2.81162909441015e-13,1.34469217558746e-06
3508.008258,0.434913,2.745355e-07,8.16312500000021e-10,8.10678983385807e-10,3.22566762554594e-13,2.76579379222229e-13,2.64945578135273e-13,1.26713102586435e-06
3518.07563425,0.436161125,2.7532825e-07,7.8787499999999e-10,8.10782701759949e-10,3.29091542275582e-14,3.1103992581436e-13,2.5854433655161e-13,1.23651639220335e-06
3528.1510765,0.43741025,2.7611125e-07,7.95374999999986e-10,8.10744801694262e-10,2.25543047405541e-14,3.09683113743066e-13,2.57646744494389e-13,1.23222356062534e-06
3538.247692,0.438662,2.76919e-07,7.86875000000016e-10,8.1082781036943e-10,6.29842267096027e-13,2.64275690724654e-13,2.62851206228547e-13,1.25711446457131e-06
3548.36346425,0.439916125,2.77685e-07,7.94499999999988e-10,8.12004486228454e-10,1.1371484914724e-12,2.19221147988821e-13,2.77672888401773e-13,1.32800077061718e-06
3558.4832695,0.44117075,2.78508e-07,8.12499999999982e-10,8.13102107352375e-10,5.16599328410526e-13,2.25070608774062e-13,2.97486274603222e-13,1.42276044375454e-06
3568.61517375,0.442426875,2.7931e-07,8.32687500000023e-10,8.13037684885275e-10,1.05498567350916e-13,2.85657949261306e-13,3.17627173406151e-13,1.51908648150768e-06
3578.72590475,0.443680375,2.80173375e-07,8.47624999999999e-10,8.13313104487077e-10,2.72760991188898e-13,3.2867041949415e-13,3.3382812263543e-13,1.59656928216945e-06
3588.80235525,0.444929625,2.8100525e-07,8.20875000000001e-10,8.13583206867653e-10,1.85475605336905e-13,3.61288137760033e-13,3.43394916081113e-13,1.64232351169228e-06
3598.8737645,0.44617825,2.81815125e-07,8.15874999999996e-10,8.13684055697751e-10,-1.77024111531742e-13,4.21318043214174e-13,3.45818071291523e-13,1.6539125148725e-06
3608.974413,0.4474305,2.82637e-07,8.22437500000005e-10,8.13229158644589e-10,-4.22275278035242e-13,4.31019518827714e-13,3.39103252177977e-13,1.62179816259032e-06
3619.12648225,0.448689125,2.8346e-07,8.20062500000019e-10,8.1283950514168e-10,-4.00355897070703e-14,3.60564657227569e-13,3.24671419533185e-13,1.55277635428915e-06
3629.2099905,0.44993925,2.84277125e-07,8.0799999999999e-10,8.13149087465175e-10,3.05020357199457e-13,2.94256585324958e-13,3.04357911249535e-13,1.45562479293256e-06
3639.29854,0.45119,2.85076e-07,7.94437499999999e-10,8.13449545856079e-10,4.72631033545767e-13,2.51167473962573e-13,2.8233139730145e-13,1.35028059578954e-06
3649.364908,0.452438,2.85866e-07,7.99000000000006e-10,8.14094349532267e-10,9.67881492219623e-13,2.05209406294668e-13,2.678908530982e-13,1.28121712351313e-06
3659.46354,0.45369,2.86674e-07,8.08000000000016e-10,8.15385308840518e-10,1.27609911889323e-12,1.86505342275392e-13,2.65296159656126e-13,1.26880772009452e-06
3669.54301525,0.454939625,2.87482e-07,8.19250000000009e-10,8.16646547770053e-10,1.2664266178173e-12,2.29429160019226e-13,2.76945014928883e-13,1.3245196366164e-06
3679.693068,0.456198,2.883125e-07,8.1399999999997e-10,8.17918162076153e-10,6.29434556841236e-13,3.15219907066142e-13,3.05413115281945e-13,1.46067142091365e-06
3689.5960995,0.45742575,2.8911e-07,8.08749999999984e-10,8.17905416883735e-10,-4.76343603479281e-13,3.74950039229541e-13,3.4512323358199e-13,1.65058937800082e-06
3699.563659,0.4586615,2.8993e-07,8.25000000000009e-10,8.16965474869194e-10,-4.34473317629092e-13,4.08954556174642e-13,3.84270071295647e-13,1.83781338445744e-06
3709.650192,0.459912,2.9076e-07,8.20499999999991e-10,8.17036470248477e-10,-1.11315516772948e-13,4.48803255181562e-13,4.15166166121491e-13,1.98557731623322e-06
3719.79722,0.46117,2.91571e-07,8.13062500000011e-10,8.16742843835648e-10,-5.41885150286518e-13,4.79543791207734e-13,4.34596791222224e-13,2.07850639280194e-06
3729.9744955,0.46243175,2.92386125e-07,8.16499999999986e-10,8.15952699947904e-10,-2.70140603411861e-13,4.78420335529571e-13,4.3968059483651e-13,2.10282023617461e-06
3739.954154,0.463669,2.93204e-07,8.37437499999995e-10,8.16202562628825e-10,7.16326389045722e-13,4.44018977819518e-13,4.34865927097682e-13,2.07979356438022e-06
3750.15260275,0.464933375,2.94061e-07,8.29250000000021e-10,8.17385352725996e-10,1.14179893655609e-12,4.14577091866472e-13,4.32367086848905e-13,2.06784258927737e-06
3760.365167,0.4661995,2.948625e-07,7.92999999999999e-10,8.18486160501937e-10,1.11569273936072e-12,3.95700554538666e-13,4.37651065982022e-13,2.09311379382706e-06
3770.3488585,0.46743725,2.95647e-07,8.10750000000013e-10,8.19616738204717e-10,1.1233316439788e-12,3.82541905672417e-13,4.4804705710501e-13,2.14283375137179e-06
3780.518068,0.468698,2.96484e-07,8.25499999999997e-10,8.20732823789894e-10,7.49680280682538e-13,4.0320785805451e-13,4.63583728398409e-13,2.21713957060109e-06
3790.63585675,0.469952375,2.97298e-07,8.2381249999999e-10,8.21116098766082e-10,3.77262622037222e-13,4.57105892828034e-13,4.82097870386481e-13,2.30568546706578e-06
3800.771794,0.471209,2.98131625e-07,8.07187500000007e-10,8.21487349033969e-10,3.65237913743336e-13,5.30186343610729e-13,4.96420216486453e-13,2.37418364406564e-06
3810.94302,0.47247,2.98912375e-07,8.16437499999998e-10,8.21846574593569e-10,3.53213205455706e-13,5.78123781846681e-13,5.00880568960861e-13,2.39551576459542e-06
3821.009388,0.473718,2.997645e-07,8.443125e-10,8.2219377544488e-10,3.41188497168903e-13,5.51812301603113e-13,4.91348534853927e-13,2.34992777538835e-06
3831.099954,0.474969,3.00601e-07,8.33750000000013e-10,8.22528951587907e-10,3.29163788882928e-13,5.06779129559102e-13,4.67052459454232e-13,2.23372915391154e-06
3841.1885035,0.47621975,3.01432e-07,8.19125000000006e-10,8.22852103022646e-10,3.17139080595091e-13,4.63094598429145e-13,4.30890585085174e-13,2.06078105910301e-06
3851.2468055,0.47746675,3.0223925e-07,8.04000000000012e-10,8.23163229749097e-10,3.05114372308081e-13,3.72670029063481e-13,3.85426860636976e-13,1.84334585522032e-06
3861.327289,0.4787165,3.0304e-07,8.27499999999999e-10,8.23462331767262e-10,2.93089664022105e-13,2.74756327207045e-13,3.35102940995394e-13,1.60266623954319e-06
3871.43802,0.47997,3.0389425e-07,8.30812499999971e-10,8.23749409077141e-10,2.81064955734475e-13,2.27023198478031e-13,2.86870684333148e-13,1.3719902294194e-06
3881.57597375,0.481226875,3.04701625e-07,8.21875000000002e-10,8.24024461678731e-10,2.69040247447466e-13,2.1315082928389e-13,2.48589195356696e-13,1.18890484735811e-06
3891.667548,0.482478,3.05538e-07,8.38625000000015e-10,8.24287489572036e-10,2.5701553916149e-13,2.12106324221667e-13,2.24052609938173e-13,1.07155596057387e-06
3901.758114,0.483729,3.06378875e-07,8.27499999999999e-10,8.24538492757054e-10,2.4499083087386e-13,2.27371619967085e-13,2.09091945019106e-13,1.0000049544392e-06
3911.828515,0.4849775,3.07193e-07,8.24750000000002e-10,8.24777471233784e-10,2.3296612258685e-13,2.32672185273154e-13,2.02057661152762e-13,9.6636272725234e-07
3921.906982,0.486227,3.08028375e-07,8.19687499999982e-10,8.25004425002228e-10,2.20941414300875e-13,2.20713253168286e-13,2.02509449613446e-13,9.68523454673003e-07
3931.98645725,0.487476625,3.08832375e-07,7.89812500000004e-10,8.25219354062385e-10,2.08916706013038e-13,2.08774876120346e-13,2.03153089407293e-13,9.71601731947923e-07
3942.1546585,0.48873725,3.09608e-07,8.12812500000004e-10,8.25422258414254e-10,1.96891997726028e-13,1.9685705412933e-13,1.98246510276554e-13,9.48135483931345e-07
3952.227076,0.489986,3.10458e-07,8.36499999999983e-10,8.25613138057838e-10,1.84867289440259e-13,1.84959787195239e-13,1.88746215718595e-13,9.02699292567193e-07
3962.317642,0.491237,3.11281e-07,8.13500000000009e-10,8.25791992993135e-10,1.72842581152836e-13,1.73083075318073e-13,1.76430750554071e-13,8.4379924178034e-07
3972.388043,0.4924855,3.12085e-07,8.31999999999991e-10,8.25958823220143e-10,1.60817872865826e-13,1.61226918497832e-13,1.65658370435233e-13,7.92279162951114e-07
3982.490708,0.493738,3.12945e-07,8.61187500000016e-10,8.26113628738866e-10,1.4879316457923e-13,1.49391316734516e-13,1.54106255577328e-13,7.37029917978525e-07
3992.573208,0.494988,3.13807375e-07,8.59000000000021e-10,8.26256409549302e-10,1.36768456291807e-13,1.37576270028124e-13,1.41774405980363e-13,6.78051506862606e-07
4002.7303185,0.49624725,3.14663e-07,8.31312499999985e-10,8.2638716565145e-10,1.24743748005211e-13,1.25781778378657e-13,1.28662821644287e-13,6.15343929603112e-07
4012.8047525,0.49749625,3.1547e-07,8.31999999999991e-10,8.26505897045312e-10,1.12719039718615e-13,1.14007841786115e-13,1.14771502569099e-13,5.48907186200039e-07
4022.885236,0.498746,3.16327e-07,8.23062499999995e-10,8.26612603730887e-10,1.00694331431191e-13,1.02254460250497e-13,1.00100448754902e-13,4.78741276653879e-07
4032.967736,0.499996,3.17116125e-07,7.89124999999998e-10,8.26707285708174e-10,9.46819772874796e-14,9.0521633771805e-14,8.46496602016462e-14,4.04846200964395e-07
