wvnmbr,Voltage,Current,DerivativeY1,DerivativeY1_1,DerivativeY2,DerivativeY2_1,DerivativeY2_2,Alpha
-4033,-0.5,-4.16043666666667e-07,1.143666666667e-09,1.11995133903146e-09,-8.36565527066862e-12,-9.32074589617362e-12,-9.3060391090315e-12,NaN
-4022.9175,-0.49875,-4.149e-07,1.1210833333335e-09,1.11158568376079e-09,-8.11846401586834e-12,-8.51580194540572e-12,-8.51053355683111e-12,NaN
-4012.835,-0.4975,-4.138015e-07,1.09550000000001e-09,1.10371441099972e-09,-7.62408150626777e-12,-7.74874398181842e-12,-7.75085211172641e-12,NaN
-4002.7525,-0.49625,-4.12709e-07,1.09025000000003e-09,1.09633752074825e-09,-7.12969899666721e-12,-7.01957200541171e-12,-7.02699477371739e-12,NaN
-3992.58934,-0.49499,-4.11621e-07,1.07599999999998e-09,1.08945501300638e-09,-6.63531648706685e-12,-6.32828601618561e-12,-6.33896154280407e-12,NaN
-3982.50684,-0.49374,-4.10557e-07,1.071e-09,1.08306688777412e-09,-6.14093397746628e-12,-5.67488601414011e-12,-5.68675241898643e-12,NaN
-3972.42434,-0.49249,-4.09479e-07,1.07249999999999e-09,1.07717314505145e-09,-5.64655146786572e-12,-5.0593719992752e-12,-5.07036740226449e-12,NaN
-3962.34184,-0.49124,-4.08412e-07,1.06099999999996e-09,1.07177378483839e-09,-5.15216895826526e-12,-4.4817439715909e-12,-4.48980649263823e-12,NaN
-3952.25934,-0.48999,-4.07357e-07,1.05950000000002e-09,1.06686880713492e-09,-4.6577864486648e-12,-3.9420019310872e-12,-3.95010850191241e-12,NaN
-3942.17684,-0.48874,-4.06293e-07,1.06800000000005e-09,1.06245821194106e-09,-4.16340393906444e-12,-3.4401458777641e-12,-3.44370901472779e-12,NaN
-3932.01368,-0.48748,-4.05221e-07,1.06041666666648e-09,1.05854199925679e-09,-3.66902142946377e-12,-2.97617581162159e-12,-2.96919527925734e-12,NaN
-3921.93118,-0.48623,-4.04172166666667e-07,1.05291666666648e-09,1.05512016908213e-09,-3.1746389198632e-12,-2.55009173265969e-12,-2.52600302122936e-12,NaN
-3911.84868,-0.48498,-4.03115166666667e-07,1.05866666666704e-09,1.05219272141707e-09,-1.40367552335288e-12,-2.16189364087838e-12,-2.11692933404419e-12,NaN
-3901.76618,-0.48373,-4.02054833333333e-07,1.05133333333348e-09,1.05231281803542e-09,1.2953301127177e-13,-1.74737391866923e-12,-1.74327114315549e-12,NaN
-3891.68368,-0.48248,-4.010125e-07,1.05024999999998e-09,1.05245178743961e-09,-2.4466988727618e-13,-1.39563764028851e-12,-1.40497898282687e-12,NaN
-3881.60118,-0.48123,-3.99954333333333e-07,1.05700000000001e-09,1.05182347826087e-09,-7.86199677937728e-13,-1.09245183246399e-12,-1.10664252413105e-12,NaN
-3871.43802,-0.47997,-3.988985e-07,1.0516666666665e-09,1.05087938808373e-09,-1.14028985507155e-12,-8.32154083421834e-13,-8.53355002810336e-13,NaN
-3861.35552,-0.47872,-3.97851e-07,1.04991666666651e-09,1.04954289855073e-09,-1.0469806763191e-12,-6.26997333630502e-13,-6.47576561151221e-13,NaN
-3851.27302,-0.47747,-3.96798666666667e-07,1.04858333333348e-09,1.0487854267311e-09,-3.91400966167808e-13,-4.82371892651443e-13,-4.98605863511998e-13,NaN
-3841.19052,-0.47622,-3.95753833333333e-07,1.04283333333351e-09,1.04876009661839e-09,-2.89202898542361e-13,-3.70348536991859e-13,-4.10397950931993e-13,NaN
-3831.10802,-0.47497,-3.94713e-07,1.04766666666652e-09,1.04820702093401e-09,-7.39758454114833e-13,-3.05692198484224e-13,-3.71130045745394e-13,NaN
-3821.02552,-0.47372,-3.936585e-07,1.0523333333335e-09,1.04728057971016e-09,-5.12834138495265e-13,-3.13970838084486e-13,-3.59196900196117e-13,NaN
-3810.94302,-0.47247,-3.92608333333333e-07,1.05150000000001e-09,1.04718135265702e-09,-2.57037037042876e-13,-3.56048554227524e-13,-3.62230856895361e-13,NaN
-3800.77986,-0.47121,-3.915555e-07,1.04916666666648e-09,1.04676650563608e-09,-7.36473429969583e-13,-4.14270005645144e-13,-3.70692700698169e-13,NaN
-3790.69736,-0.46996,-3.9051e-07,1.04341666666648e-09,1.04570840579708e-09,-7.76521739138944e-13,-5.01227019691302e-13,-3.80738501478912e-13,NaN
-3780.61486,-0.46871,-3.89468666666667e-07,1.04233333333352e-09,1.0452134621578e-09,-4.49307568440097e-13,-5.08610861399957e-13,-3.88692481254015e-13,NaN
-3770.53236,-0.46746,-3.88425333333333e-07,1.0398333333335e-09,1.0448097906602e-09,-3.54283413857978e-13,-4.11609041055436e-13,-3.89188280008795e-13,NaN
-3760.44986,-0.46621,-3.87389e-07,1.03974999999998e-09,1.04450489533008e-09,-3.18872785823624e-13,-3.27608628754708e-13,-3.789261416658e-13,NaN
-3750.36736,-0.46496,-3.86345833333333e-07,1.0503333333335e-09,1.04417204508855e-09,-4.26272141701091e-13,-2.79179391198798e-13,-3.5667198818385e-13,NaN
-3740.2042,-0.4637,-3.85288333333333e-07,1.05325000000001e-09,1.04365235104668e-09,-3.56803542677769e-13,-2.72197610215959e-13,-3.23373335591445e-13,NaN
-3730.1217,-0.46245,-3.84239333333333e-07,1.04541666666651e-09,1.0434584380032e-09,-1.46658615137997e-13,-2.94697887934845e-13,-2.85050830504607e-13,NaN
-3720.0392,-0.4612,-3.831975e-07,1.038833333333e-09,1.0433590338164e-09,-3.96634460546741e-13,-2.88166633216446e-13,-2.49988216684551e-13,NaN
-3709.9567,-0.45995,-3.82161666666667e-07,1.0374166666665e-09,1.04266516908211e-09,-4.31352657007612e-13,-2.5504572179598e-13,-2.27843311022956e-13,NaN
-3699.8742,-0.4587,-3.81122666666667e-07,1.04233333333349e-09,1.04249632850239e-09,9.74235104718164e-14,-2.35255702580151e-13,-2.15254297209085e-13,NaN
-3689.7917,-0.45745,-3.80077e-07,1.03999999999999e-09,1.04286001610305e-09,1.43252818046421e-13,-1.99752246256143e-13,-1.99707773972663e-13,NaN
-3679.7092,-0.4562,-3.79042666666667e-07,1.0411666666665e-09,1.04278283413848e-09,-7.53703703750992e-14,-1.54662403628774e-13,-1.81893807015887e-13,NaN
-3669.54604,-0.45494,-3.77994666666667e-07,1.04674999999999e-09,1.0427092753623e-09,-4.22302737642532e-14,-1.53051802058404e-13,-1.66405898048147e-13,NaN
-3659.46354,-0.45369,-3.76949166666667e-07,1.04675000000002e-09,1.04269837359095e-09,-1.80370370362662e-13,-1.594891160373e-13,-1.54491145504626e-13,NaN
-3649.38104,-0.45244,-3.75901166666667e-07,1.040166666667e-09,1.04234853462157e-09,-4.22882447642107e-13,-1.52088946451029e-13,-1.52130023671463e-13,NaN
-3639.29854,-0.45119,-3.74868833333333e-07,1.03633333333351e-09,1.04185260869567e-09,-4.545732689142e-13,-1.46715188994926e-13,-1.64053445775772e-13,NaN
-3629.21604,-0.44994,-3.738285e-07,1.0449166666665e-09,1.04143938808374e-09,-4.66851851855279e-13,-1.56776998294498e-13,-1.85215877450687e-13,NaN
-3619.13354,-0.44869,-3.72779e-07,1.04674999999996e-09,1.04091890499196e-09,-3.65128824466219e-13,-2.01237071263185e-13,-2.09636892382374e-13,NaN
-3608.97038,-0.44743,-3.71735e-07,1.0419166666665e-09,1.04070913043481e-09,4.96779389773844e-15,-2.37873829802482e-13,-2.31452935358607e-13,NaN
-3598.88788,-0.44618,-3.70695166666667e-07,1.03950000000003e-09,1.04092884057975e-09,2.05644122387302e-13,-2.45172694809681e-13,-2.44523000986291e-13,NaN
-3588.80538,-0.44493,-3.69656e-07,1.04308333333351e-09,1.04112041867959e-09,2.89291465271818e-14,-2.80916509913529e-13,-2.50330214714247e-13,NaN
-3578.72288,-0.44368,-3.68609e-07,1.0385e-09,1.04098669887281e-09,-2.06473429952111e-13,-3.16305125751779e-13,-2.52976170597667e-13,NaN
-3568.64038,-0.44243,-3.67579e-07,1.03399999999998e-09,1.04070747181968e-09,-3.83752012879303e-13,-2.80618242356026e-13,-2.51683874788165e-13,NaN
-3558.55788,-0.44118,-3.66541e-07,1.04199999999999e-09,1.04021919484705e-09,-3.73140096636097e-13,-2.24626507037378e-13,-2.44888324526158e-13,NaN
-3548.39472,-0.43992,-3.65495e-07,1.04258333333353e-09,1.03996119162641e-09,-2.39371980699359e-13,-1.97721197696273e-13,-2.35866020250271e-13,NaN
-3538.31222,-0.43867,-3.64455833333333e-07,1.03625000000002e-09,1.03974045088565e-09,-3.64291465389921e-13,-1.82973170906807e-13,-2.29838409288288e-13,NaN
-3528.22972,-0.43742,-3.634225e-07,1.03941666666648e-09,1.03923260869563e-09,-4.85950080503303e-13,-1.90251084821679e-13,-2.26103651423599e-13,NaN
-3518.14722,-0.43617,-3.62377e-07,1.03766666666648e-09,1.03876855072465e-09,-5.27020933956455e-13,-2.20883983293039e-13,-2.1942195554309e-13,NaN
-3508.06472,-0.43492,-3.61347166666667e-07,1.03283333333352e-09,1.03817856682772e-09,-3.49396135259169e-13,-2.28406883088504e-13,-2.10877224257969e-13,NaN
-3497.98222,-0.43367,-3.60311333333333e-07,1.045666666667e-09,1.03806975845413e-09,1.09194847011958e-13,-2.24382110827047e-13,-2.03150027080007e-13,NaN
-3487.89972,-0.43242,-3.59255833333333e-07,1.05024999999998e-09,1.03839695652174e-09,1.20764895310048e-13,-2.26249220910665e-13,-1.88997955754381e-13,NaN
-3477.73656,-0.43116,-3.58210833333333e-07,1.0401666666665e-09,1.03831128824475e-09,-7.63929146606486e-14,-1.98408252235853e-13,-1.61166649648188e-13,NaN
-3467.65406,-0.42991,-3.571755e-07,1.03266666666651e-09,1.03824417069242e-09,2.24557165865055e-13,-1.41637611145887e-13,-1.23173217117445e-13,NaN
-3457.57156,-0.42866,-3.561455e-07,1.03225000000001e-09,1.03876040257648e-09,2.58655394525822e-13,-7.52678460012257e-14,-8.03239513150544e-14,NaN
-3447.48906,-0.42741,-3.55111e-07,1.03691666666649e-09,1.03876148148147e-09,-3.39476650558117e-13,-1.78385399872102e-14,-3.7887028222453e-14,NaN
-3437.40656,-0.42616,-3.54071666666667e-07,1.03699999999998e-09,1.03808144927536e-09,-6.37673107892274e-13,1.8207132025312e-14,-4.12754613193779e-15,NaN
-3427.32406,-0.42491,-3.53037e-07,1.03233333333351e-09,1.03748613526569e-09,-4.1452495974153e-13,5.48653379725259e-14,2.12703514488091e-14,NaN
-3417.1609,-0.42365,-3.52007e-07,1.03683333333353e-09,1.03725239935588e-09,-1.45861513673838e-13,8.19748885627211e-14,4.03882155115658e-14,NaN
-3407.0784,-0.4224,-3.50963333333333e-07,1.04500000000002e-09,1.03719441223834e-09,2.21964573267542e-13,6.00379658786137e-14,4.83814041483639e-14,NaN
-3396.9959,-0.42115,-3.49917e-07,1.04066666666649e-09,1.03769632850241e-09,5.58615136865076e-13,2.71221685440407e-14,4.60014207604463e-14,NaN
-3386.9134,-0.4199,-3.48882e-07,1.03849999999997e-09,1.03831164251207e-09,2.67544283418671e-13,1.0926492256186e-14,4.05351725990267e-14,NaN
-3376.8309,-0.41865,-3.4784e-07,1.03941666666648e-09,1.03823141706925e-09,5.39694041982644e-14,-9.23226507080684e-17,3.71420864364869e-14,NaN
-3366.7484,-0.4174,-3.46803166666667e-07,1.03608333333353e-09,1.03841958132047e-09,2.35265700489311e-13,1.81937174744912e-14,3.45950160634487e-14,NaN
-3356.6659,-0.41615,-3.45767833333333e-07,1.0398333333335e-09,1.03870194847023e-09,2.05450885667079e-13,3.48133087505032e-14,2.7964518696734e-14,NaN
-3346.50274,-0.41489,-3.447235e-07,1.03791666666649e-09,1.0388304830918e-09,9.86312399315656e-14,1.95961041476053e-14,1.57737826259549e-14,NaN
-3336.42024,-0.41364,-3.43692e-07,1.03133333333351e-09,1.03889921095009e-09,-1.26038647345374e-13,1.94129602389935e-14,-1.67427655221628e-16,NaN
-3326.33774,-0.41239,-3.42660833333333e-07,1.03399999999998e-09,1.03857840579711e-09,-2.51360708548472e-13,3.33905077502802e-14,-1.81399521588625e-14,NaN
-3316.25524,-0.41114,-3.41624e-07,1.03941666666651e-09,1.03839648953299e-09,-2.11771336569774e-13,1.13758563003354e-14,-3.59217438781822e-14,NaN
-3306.17274,-0.40989,-3.40582e-07,1.04808333333349e-09,1.03815486312397e-09,-4.16207729472512e-13,-5.10995137979981e-14,-5.09034841486224e-14,NaN
-3296.09024,-0.40864,-3.39527833333333e-07,1.04800000000002e-09,1.03756407407405e-09,-3.22858293068218e-13,-1.13081260552533e-13,-6.19699125644336e-14,NaN
-3285.92708,-0.40738,-3.38486e-07,1.04141666666651e-09,1.03750914653783e-09,3.07415458953238e-13,-1.39340796751968e-13,-6.75322587708602e-14,NaN
-3275.84458,-0.40613,-3.37445e-07,1.03458333333346e-09,1.03817890499196e-09,3.8703703704089e-13,-1.13869126467546e-13,-6.501946651093e-14,NaN
-3265.76476866667,-0.404880333333333,-3.36416833333333e-07,1.02791666666651e-09,1.03828322061192e-09,-3.47826087015655e-14,-5.13929519953378e-14,-5.57107750830559e-14,NaN
-3255.67958,-0.40363,-3.35389166666667e-07,1.0294166666665e-09,1.03810933977455e-09,-1.41900161040223e-13,-6.23952639971217e-15,-4.01986084002247e-14,NaN
-3245.59708,-0.40238,-3.34358e-07,1.0360833333335e-09,1.03799942028984e-09,-2.96127214173587e-13,1.67200899283228e-14,-1.67023818843166e-14,NaN
-3235.51458,-0.40113,-3.33317e-07,1.04400000000002e-09,1.03751708534621e-09,-3.18333333323174e-13,2.72718678778687e-14,8.52950556468471e-15,NaN
-3225.35142,-0.39987,-3.3227e-07,1.0415e-09,1.03736275362319e-09,-2.31723027371563e-14,2.4656349819e-14,2.48551602096443e-14,NaN
-3215.26892,-0.39862,-3.31234e-07,1.03466666666651e-09,1.03747074074073e-09,1.03792270532776e-13,4.07330097187986e-14,3.11396620081528e-14,NaN
-3205.18642,-0.39737,-3.30200666666667e-07,1.03799999999999e-09,1.03757033816425e-09,6.61191626477176e-14,4.72689739974681e-14,3.19128478202769e-14,NaN
-3195.10392,-0.39612,-3.29158e-07,1.03933333333349e-09,1.03760297906603e-09,1.15547504021921e-13,3.01464724992713e-14,3.10387752473307e-14,NaN
-3185.02142,-0.39487,-3.28122e-07,1.04075000000001e-09,1.0378014331723e-09,4.15418679550033e-13,1.8458048808479e-14,3.34952321256663e-14,NaN
-3174.93892,-0.39362,-3.270765e-07,1.0415833333335e-09,1.03843381642513e-09,6.15716586159339e-13,-1.97112651344431e-15,3.87537446224659e-14,NaN
-3164.85642,-0.39237,-3.26038833333333e-07,1.03575e-09,1.03903286634462e-09,3.31924315614989e-13,-6.15134542186625e-15,4.1506444644405e-14,NaN
-3154.69326,-0.39111,-3.25005e-07,1.03091666666651e-09,1.03909766505636e-09,-1.57528180358355e-13,3.8123042934778e-14,3.58920945202915e-14,NaN
-3144.61076,-0.38986,-3.23977e-07,1.03599999999998e-09,1.0387178099839e-09,-4.37423510460361e-13,7.05039930928212e-14,2.01864234626003e-14,NaN
-3134.52826,-0.38861,-3.22933e-07,1.03900000000001e-09,1.03822281803544e-09,-4.76529790658405e-13,5.67838689350453e-14,1.31158486753597e-16,NaN
-3124.44576,-0.38736,-3.21899e-07,1.04000000000001e-09,1.03776475040258e-09,-4.33937198065512e-13,2.62095109172306e-14,-2.24851032319367e-14,NaN
-3114.36326,-0.38611,-3.20853e-07,1.04449999999998e-09,1.03735494363931e-09,-6.6739130427452e-14,-2.5162980078658e-14,-4.75231036931296e-14,NaN
-3104.28076,-0.38486,-3.1981e-07,1.04550000000001e-09,1.03763127214173e-09,2.83510466990652e-13,-9.57141948091153e-14,-6.87385939968162e-14,NaN
-3094.1176,-0.3836,-3.18762e-07,1.0415e-09,1.03792196457329e-09,2.22705313904888e-14,-1.47554461793883e-13,-8.19677570670012e-14,NaN
-3084.0351,-0.38235,-3.17727e-07,1.03299999999998e-09,1.03767581320451e-09,-1.63848631375821e-14,-1.47407997077042e-13,-8.61785079678295e-14,NaN
-3073.9526,-0.3811,-3.16696e-07,1.03200000000001e-09,1.03788919484701e-09,2.47729468595801e-13,-1.15980894149226e-13,-7.89517207545677e-14,NaN
-3063.8701,-0.37985,-3.15663e-07,1.03125000000001e-09,1.0381712721417e-09,2.12004830917955e-13,-8.3495635061309e-14,-6.05616050334723e-14,NaN
-3053.7876,-0.3786,-3.146335e-07,1.03249999999999e-09,1.03831320450885e-09,8.67874396115308e-14,-3.24423751640679e-14,-3.70611965746573e-14,NaN
-3043.70778866666,-0.377350333333333,-3.13598e-07,1.03575e-09,1.03834484702092e-09,-2.87423510469207e-13,3.58247302533188e-14,-1.449120961514e-14,NaN
-3033.6226,-0.3761,-3.12562e-07,1.0415833333335e-09,1.03773835748791e-09,-6.58349436396216e-13,7.47403175479075e-14,2.77074448853356e-15,NaN
-3023.45944,-0.37484,-3.11514833333333e-07,1.04483333333348e-09,1.03702814814813e-09,-4.51288244762746e-13,5.64874652829154e-14,7.83209029403986e-15,NaN
-3013.37694,-0.37359,-3.10472333333333e-07,1.03941666666651e-09,1.03683578099838e-09,-1.18937198062086e-13,1.07974141738652e-14,-1.87782725192962e-15,NaN
-3003.29444,-0.37234,-3.09436e-07,1.03666666666651e-09,1.03679027375201e-09,4.44927536241605e-14,-2.42431126357351e-14,-1.9430241508156e-14,NaN
-2993.21194,-0.37109,-3.08399e-07,1.0405e-09,1.03692476650563e-09,2.38663446050477e-13,-6.18540658266068e-14,-3.72304323308641e-14,NaN
-2983.12944,-0.36984,-3.07355e-07,1.0381666666665e-09,1.03726760064411e-09,5.95555555552312e-13,-9.22025764868664e-14,-4.90821936850892e-14,NaN
-2973.04694,-0.36859,-3.06322666666667e-07,1.03699999999998e-09,1.03811587761674e-09,7.8083735910553e-13,-9.33073910678331e-14,-4.99620934061599e-14,NaN
-2962.88378,-0.36733,-3.05281e-07,1.03900000000001e-09,1.03882927536232e-09,2.39774557171053e-13,-8.83304456708534e-14,-4.09005583432966e-14,NaN
-2952.80128,-0.36608,-3.04244666666667e-07,1.03325000000001e-09,1.03859542673108e-09,-3.33703703704169e-13,-5.98411942689704e-14,-2.67719853555745e-14,NaN
-2942.71878,-0.36483,-3.032145e-07,1.03149999999999e-09,1.03816186795491e-09,-4.45008051528954e-13,-3.27538409847476e-15,-1.61747556763189e-14,NaN
-2932.63628,-0.36358,-3.02181666666667e-07,1.03424999999999e-09,1.03770541062802e-09,-5.48703703703015e-13,4.31533462486208e-14,-1.66293635155293e-14,NaN
-2922.55378,-0.36233,-3.01146e-07,1.0378333333335e-09,1.03706446054751e-09,-6.38438003221042e-13,6.37012828001567e-14,-3.0459257137717e-14,NaN
-2912.47128,-0.36108,-3.00106e-07,1.0445833333335e-09,1.03642853462158e-09,-3.94766505630909e-13,2.54850708301137e-14,-5.78536154022524e-14,NaN
-2902.30812,-0.35982,-2.99056833333333e-07,1.04199999999999e-09,1.03627492753624e-09,1.19516908229475e-13,-6.69569993861969e-14,-8.94649631784654e-14,NaN
-2892.22562,-0.35857,-2.98022e-07,1.0374166666665e-09,1.03666756843804e-09,3.40072463775779e-13,-1.46407717022227e-13,-1.12895203731364e-13,NaN
-2882.14312,-0.35732,-2.96982e-07,1.0375e-09,1.03695507246379e-09,8.12882447537816e-14,-2.01768949878165e-13,-1.25515921782315e-13,NaN
-2872.06062,-0.35607,-2.95947e-07,1.0355e-09,1.03683014492755e-09,4.57487922577874e-14,-2.27821089562718e-13,-1.25771246798232e-13,NaN
-2861.97812,-0.35482,-2.94911e-07,1.0378333333335e-09,1.03704657004831e-09,2.78590982279406e-13,-2.07303154488949e-13,-1.11018972102043e-13,NaN
-2851.89562,-0.35357,-2.93871333333333e-07,1.03250000000002e-09,1.0373873268921e-09,3.19307568438671e-13,-1.29222597183349e-13,-8.41675837460271e-14,NaN
-2841.81312,-0.35232,-2.92846e-07,1.03116666666652e-09,1.03768518518519e-09,1.119323671523e-13,1.33955673694352e-15,-5.1221487192522e-14,NaN
-2831.64996,-0.35106,-2.91809e-07,1.0375e-09,1.03761119162641e-09,-3.54492753630852e-13,9.49991147195957e-14,-1.88916828211124e-14,NaN
-2821.56746,-0.34981,-2.90771e-07,1.0385e-09,1.03697619967793e-09,-6.98099838976599e-13,1.07257393793023e-13,7.80019510292079e-15,NaN
-2811.48496,-0.34856,-2.89732e-07,1.03599999999998e-09,1.03621499194846e-09,-7.09935587759503e-13,7.92204469954559e-14,2.56535087088616e-14,NaN
-2801.40246,-0.34731,-2.88699e-07,1.03799999999999e-09,1.03555632850241e-09,-5.2050724637045e-13,3.16083315822775e-14,3.04636964874658e-14,NaN
-2791.31996,-0.34606,-2.87656e-07,1.0405e-09,1.03517397745571e-09,2.52495974320662e-14,-2.8473462624822e-14,2.23036682374628e-14,NaN
-2781.23746,-0.34481,-2.86618e-07,1.03975000000001e-09,1.03560682769727e-09,5.55483091794203e-13,-6.73862073792968e-14,7.48866230091487e-15,NaN
-2771.0743,-0.34355,-2.855765e-07,1.0364166666665e-09,1.0362849436393e-09,6.05104669883459e-13,-5.06040669941583e-14,-2.36658417450263e-15,NaN
-2760.9918,-0.3423,-2.84545166666667e-07,1.03375e-09,1.03681703703704e-09,6.99975845404539e-13,-3.46872194449847e-15,5.72891373922106e-15,NaN
-2750.9093,-0.34105,-2.83509e-07,1.03758333333349e-09,1.03768489533011e-09,6.14412238327432e-13,2.07284495176485e-14,3.12511602332439e-14,NaN
-2740.8268,-0.3398,-2.8247e-07,1.03633333333351e-09,1.03804586151369e-09,2.37657004833192e-13,3.88892093941956e-14,6.22181616646331e-14,NaN
-2730.7443,-0.33855,-2.81436333333333e-07,1.03175e-09,1.03816020933978e-09,-2.10998389697362e-13,8.11783736674555e-14,8.64606947899451e-14,NaN
-2720.6618,-0.3373,-2.804065e-07,1.02916666666649e-09,1.0376238647343e-09,-8.25579710140863e-13,1.31080968049291e-13,9.34022583291267e-14,NaN
-2710.5793,-0.33605,-2.79378e-07,1.0365e-09,1.0365090499195e-09,-8.45668276967168e-13,1.59786723921132e-13,7.88984374561747e-14,NaN
-2700.41614,-0.33479,-2.783335e-07,1.0408333333335e-09,1.03593252818036e-09,-2.38333333340375e-13,1.37129334794369e-13,4.49941172002228e-14,NaN
-2690.33364,-0.33354,-2.77296333333333e-07,1.04125000000002e-09,1.03603238325282e-09,2.31674718193653e-13,5.25214870808313e-14,4.48934491721285e-16,NaN
-2680.25114,-0.33229,-2.76251e-07,1.04266666666649e-09,1.03639587761675e-09,4.39710144928455e-13,-5.94239009868182e-14,-4.36654467043496e-14,NaN
-2670.16864,-0.33104,-2.75211e-07,1.04350000000001e-09,1.03691180354267e-09,5.35748792258165e-13,-1.59080824913202e-13,-8.23287001457278e-14,NaN
-2660.08614,-0.32979,-2.74164e-07,1.03999999999999e-09,1.03746737520127e-09,3.98558776159726e-13,-2.15272287957105e-13,-1.10173618747109e-13,NaN
-2650.00364,-0.32854,-2.73131e-07,1.03599999999998e-09,1.03770892109499e-09,-1.92753623160089e-14,-2.03260805774272e-13,-1.24172917324185e-13,NaN
-2639.84048,-0.32728,-2.72092e-07,1.03400000000001e-09,1.03742882447664e-09,-3.04468599035161e-13,-1.61116485020242e-13,-1.27828401032198e-13,NaN
-2629.75798,-0.32603,-2.71063e-07,1.026e-09,1.03709998389692e-09,-2.2223832528411e-13,-1.06659519086302e-13,-1.23384243945352e-13,NaN
-2619.67548,-0.32478,-2.7004e-07,1.0286666666665e-09,1.03698434782607e-09,-2.27415458930528e-13,-4.70683438736072e-14,-1.13444129787177e-13,NaN
-2609.59298,-0.32353,-2.69005666666667e-07,1.0330833333335e-09,1.03664515297906e-09,-4.57938808358483e-13,-1.1804180571159e-14,-1.05490903484129e-13,NaN
-2599.51048,-0.32228,-2.67973833333333e-07,1.03783333333353e-09,1.03606847020935e-09,-6.07447665052325e-13,-1.23564703958168e-14,-1.0300940211845e-13,NaN
-2589.42798,-0.32103,-2.6693e-07,1.046583333333e-09,1.03543025764896e-09,-5.55442834138534e-13,-7.38077279116542e-14,-1.0245754156159e-13,NaN
-2579.26482,-0.31977,-2.65880666666667e-07,1.04699999999997e-09,1.03495758454107e-09,-3.23824476643275e-13,-1.57993885502505e-13,-1.00540268622458e-13,NaN
-2569.18232,-0.31852,-2.64836e-07,1.0395833333335e-09,1.03478260869567e-09,1.90628019323355e-13,-1.87259561092923e-13,-9.36177014822287e-14,NaN
-2559.09982,-0.31727,-2.638015e-07,1.03216666666652e-09,1.03533884057972e-09,5.42061191619387e-13,-1.65655105135318e-13,-8.03261339191231e-14,NaN
-2549.01732,-0.31602,-2.62771666666667e-07,1.029e-09,1.03586673107891e-09,5.01964573270255e-13,-1.17817399081727e-13,-5.98821218947143e-14,NaN
-2538.93482,-0.31477,-2.617435e-07,1.028666666667e-09,1.03634276972626e-09,3.89903381640804e-13,-2.8593608563645e-14,-3.10480991923081e-14,NaN
-2528.85232,-0.31352,-2.60714333333333e-07,1.03225000000001e-09,1.03664653784219e-09,-5.14814814923586e-14,7.12128482170501e-14,4.63977663995713e-15,NaN
-2518.76982,-0.31227,-2.59679e-07,1.03791666666649e-09,1.03623980676328e-09,-3.64339774555321e-13,1.16523724395259e-13,4.16807807027841e-14,NaN
-2508.60666,-0.31101,-2.586385e-07,1.03599999999998e-09,1.03591785829308e-09,-3.36827697255385e-13,1.12824121915335e-13,6.63539975955452e-14,NaN
-2498.52416,-0.30976,-2.57607e-07,1.0360833333335e-09,1.03556615136877e-09,-3.30619967799006e-13,9.16910219594743e-14,7.11980837240014e-14,NaN
-2488.44166,-0.30851,-2.56566333333333e-07,1.03950000000003e-09,1.03525661835748e-09,-1.58711755235559e-13,6.37603491319983e-14,6.10209610469221e-14,NaN
-2478.35916,-0.30726,-2.55528e-07,1.0391666666665e-09,1.03524872785829e-09,5.52415459043951e-14,3.37192186510975e-14,4.13561473330109e-14,NaN
-2468.27666,-0.30601,-2.54488e-07,1.03549999999997e-09,1.03536710144929e-09,4.07858293068637e-13,1.69633986002522e-15,1.93116590619783e-14,NaN
-2458.19416,-0.30476,-2.53457e-07,1.03866666666649e-09,1.03606444444443e-09,6.89879227037776e-13,-3.60265817168106e-14,2.53952142534653e-15,NaN
-2448.031,-0.3035,-2.52410666666667e-07,1.03975000000001e-09,1.03674685990337e-09,3.89629629637885e-13,-6.53366721891114e-14,-5.54553907828102e-15,NaN
-2437.9485,-0.30225,-2.513775e-07,1.02883333333352e-09,1.03684370370371e-09,9.39533011263105e-14,-4.16442888587971e-14,-7.29450641784655e-15,NaN
-2427.866,-0.301,-2.50353e-07,1.03024999999998e-09,1.03693476650562e-09,2.38325280706093e-15,2.72495351913767e-15,-8.37962659725749e-15,NaN
-2417.7835,-0.29975,-2.49317e-07,1.03316666666649e-09,1.03684847020932e-09,-4.9163446052791e-13,2.78201311591357e-14,-1.20784534060283e-14,NaN
-2407.701,-0.2985,-2.48286666666667e-07,1.03433333333351e-09,1.03595149758456e-09,-8.60064412218294e-13,4.27231129482081e-14,-1.96152888857864e-14,NaN
-2397.6185,-0.29725,-2.47248333333333e-07,1.04483333333351e-09,1.03512834138488e-09,-5.1671497585156e-13,1.67748730035804e-14,-3.11140486731566e-14,NaN
-2387.45534,-0.29599,-2.46197e-07,1.0449166666665e-09,1.03491806763286e-09,-1.04524959746935e-13,-3.2604516636506e-14,-4.22359160058451e-14,NaN
-2377.37284,-0.29474,-2.451585e-07,1.03699999999998e-09,1.03491929146539e-09,2.65571658611335e-13,-7.07747485355491e-14,-5.09001348892907e-14,NaN
-2367.29034,-0.29349,-2.44123e-07,1.03524999999999e-09,1.03544921095008e-09,4.91723027369244e-13,-1.05065412650611e-13,-5.98956563512861e-14,NaN
-2357.20784,-0.29224,-2.43088e-07,1.031e-09,1.03590273752013e-09,3.66070853464626e-13,-1.16129975806466e-13,-6.32480820174836e-14,NaN
-2347.12534,-0.29099,-2.42061e-07,1.031e-09,1.03618135265701e-09,1.50281803541647e-13,-9.98022264221949e-14,-5.45265115529862e-14,NaN
-2337.04284,-0.28974,-2.41026e-07,1.0303333333335e-09,1.03620330112721e-09,1.01191626400614e-13,-5.95340116842237e-14,-3.68299101002164e-14,NaN
-2326.96034,-0.28849,-2.40000333333333e-07,1.03400000000001e-09,1.03638373590981e-09,7.27053140069988e-15,6.01992111715358e-15,-1.58926887172867e-14,NaN
-2316.79718,-0.28723,-2.38958e-07,1.0401666666665e-09,1.03621784219001e-09,-5.21191626401219e-13,4.39181248875613e-14,-1.55775906644912e-15,NaN
-2306.71468,-0.28598,-2.3792e-07,1.03383333333352e-09,1.03534135265701e-09,-6.10797101446438e-13,4.13944004908261e-14,1.50226951565302e-15,NaN
-2296.63218,-0.28473,-2.36890333333333e-07,1.0305e-09,1.03499624798712e-09,-2.93268921102738e-13,4.62584424352519e-14,-4.55587958098712e-15,NaN
-2286.54968,-0.28348,-2.35859e-07,1.04108333333299e-09,1.0347548148148e-09,-1.0052334944359e-13,3.26386831272628e-14,-1.8735847501452e-14,NaN
-2276.46718,-0.28223,-2.34808166666667e-07,1.04400000000001e-09,1.03479520128823e-09,2.86553945257104e-13,-3.13652858468977e-14,-3.79816247736489e-14,NaN
-2266.38468,-0.28098,-2.33771e-07,1.04175e-09,1.03532792270532e-09,4.69146537851405e-13,-1.03783069225984e-13,-5.61384600918488e-14,NaN
-2256.22152,-0.27972,-2.32724666666667e-07,1.0379166666665e-09,1.03573349436394e-09,3.54420289855302e-13,-1.43586047125039e-13,-6.43633911114427e-14,NaN
-2246.13902,-0.27847,-2.31695166666667e-07,1.027666666667e-09,1.03603676328503e-09,2.873752012853e-13,-1.2413553330594e-13,-5.83550247070703e-14,NaN
-2236.05652,-0.27722,-2.30669333333333e-07,1.0300833333335e-09,1.03630824476651e-09,1.76892109470513e-14,-7.26331987526576e-14,-4.29516575339552e-14,NaN
-2225.97402,-0.27597,-2.29635e-07,1.03216666666649e-09,1.03607214170692e-09,-3.29677938810214e-13,-2.2524076018755e-14,-2.56329924387542e-14,NaN
-2215.89152,-0.27472,-2.28605e-07,1.03208333333349e-09,1.03564888888889e-09,-4.4996779387612e-13,2.63736034294026e-14,-8.1622077089234e-15,NaN
-2205.80902,-0.27347,-2.27570833333333e-07,1.03199999999999e-09,1.03517220611917e-09,-5.54557165854031e-13,7.4730756842664e-14,9.66987799549186e-15,NaN
-2195.72652,-0.27222,-2.26541e-07,1.0409166666665e-09,1.03453977455718e-09,-3.09355877619598e-13,1.01015609853655e-13,2.2096138448316e-14,NaN
-2185.56336,-0.27096,-2.25489e-07,1.04425000000001e-09,1.03455349436393e-09,2.04235104671647e-13,6.42130862647679e-14,2.48327146864819e-14,NaN
-2175.48086,-0.26971,-2.244525e-07,1.03625e-09,1.03494824476652e-09,1.48156199687128e-13,3.54045135369132e-15,2.20772352070756e-14,NaN
-2165.39836,-0.26846,-2.234165e-07,1.03575e-09,1.03484980676331e-09,-5.87278583051374e-14,-3.78259873818606e-14,2.12804021808884e-14,NaN
-2155.31586,-0.26721,-2.22381e-07,1.0300833333335e-09,1.03483078904991e-09,2.11127214156004e-13,-4.53739628316259e-14,2.50017058419676e-14,NaN
-2145.23336,-0.26596,-2.21356333333333e-07,1.03199999999999e-09,1.03527206119162e-09,5.94903381641839e-13,-1.20123690176274e-14,3.50090504409535e-14,NaN
-2135.15086,-0.26471,-2.20317e-07,1.0376666666665e-09,1.0360205958132e-09,5.57624798704372e-13,2.63551712597199e-14,5.02605014578672e-14,NaN
-2124.9877,-0.26345,-2.19281e-07,1.03399999999999e-09,1.03638731078903e-09,7.1634460553362e-14,7.21946229777996e-14,6.56415784610022e-14,NaN
-2114.9052,-0.2622,-2.18249e-07,1.03250000000002e-09,1.0361638647343e-09,-1.2261674716444e-13,1.31475262744371e-13,8.07182967427549e-14,NaN
-2104.8227,-0.26095,-2.17216e-07,1.03550000000001e-09,1.0361420772947e-09,-1.18341384867998e-13,1.52471500697132e-13,9.14402974689685e-14,NaN
-2094.7402,-0.2597,-2.16178e-07,1.0375e-09,1.03592718196457e-09,-2.93276972627667e-13,1.28104627880139e-13,8.89059924710086e-14,NaN
-2084.6577,-0.25845,-2.15141e-07,1.0365e-09,1.03555552334944e-09,-4.08389694024511e-13,9.32834387426979e-14,6.65253501432812e-14,NaN
-2074.5752,-0.2572,-2.14105e-07,1.04299999999999e-09,1.03511040257652e-09,-2.11046698869895e-13,2.54522999374621e-14,2.68582359363312e-14,NaN
-2064.41204,-0.25594,-2.13055e-07,1.04150000000002e-09,1.0351334299517e-09,2.35732689191877e-13,-5.31856099325762e-14,-1.90818237811424e-14,NaN
-2054.32954,-0.25469,-2.12022e-07,1.02899999999999e-09,1.0355818679549e-09,4.65748792259736e-13,-7.88251192170348e-14,-6.53995994424069e-14,NaN
-2044.24704,-0.25344,-2.10997e-07,1.02974999999998e-09,1.03606492753622e-09,4.47721417075068e-13,-1.00081638621851e-13,-1.06700508042291e-13,NaN
-2034.16454,-0.25219,-2.099625e-07,1.0383333333335e-09,1.03647731078905e-09,6.5104669893302e-14,-1.57089755498721e-13,-1.34184685679001e-13,NaN
-2024.08204,-0.25094,-2.08920333333333e-07,1.03725000000001e-09,1.03619513687601e-09,-2.72568438000017e-13,-1.96644561135217e-13,-1.43689737727311e-13,NaN
-2013.99954,-0.24969,-2.07888e-07,1.03275e-09,1.03593217391305e-09,-1.34855072456881e-13,-1.7567853314533e-13,-1.40438166889165e-13,NaN
-2003.91704,-0.24844,-2.06854833333333e-07,1.037e-09,1.0359254267311e-09,-3.09669887272912e-13,-1.26583425519763e-13,-1.34951649355317e-13,NaN
-1993.75388,-0.24718,-2.05814e-07,1.03616666666651e-09,1.03531283413851e-09,-6.52149758461768e-13,-1.02906946099198e-13,-1.33745001277579e-13,NaN
-1983.67138,-0.24593,-2.047825e-07,1.03225e-09,1.03462112721417e-09,-4.04565217410968e-13,-8.64294102547758e-14,-1.35147416045597e-13,NaN
-1973.58888,-0.24468,-2.037495e-07,1.0350833333335e-09,1.03450370370368e-09,-1.22479871185211e-13,-6.45234801283614e-14,-1.27469426209154e-13,NaN
-1963.50638,-0.24343,-2.02712333333333e-07,1.03624999999999e-09,1.0343761674718e-09,-2.55611916261852e-13,-5.82491291130195e-14,-1.04570121367862e-13,NaN
-1953.42388,-0.24218,-2.01677e-07,1.03608333333299e-09,1.03399247987116e-09,-3.68115942008842e-14,-9.86810769588559e-14,-7.19056884554121e-14,NaN
-1943.34138,-0.24093,-2.00640166666667e-07,1.038e-09,1.0343025442834e-09,2.86409017716342e-13,-1.40598190542422e-13,-2.86902039768331e-14,NaN
-1933.17822,-0.23967,-1.99601e-07,1.03791666666701e-09,1.03456529790659e-09,-3.7190016104199e-14,-8.32502913319257e-14,3.05857162098434e-14,NaN
-1923.09572,-0.23842,-1.98564333333333e-07,1.03075000000001e-09,1.03422816425119e-09,-1.14098228661557e-13,4.59333784530114e-14,1.0070779358399e-13,NaN
-1913.01322,-0.23717,-1.975395e-07,1.0296666666665e-09,1.03433710144927e-09,3.49275362333833e-13,1.86616429788782e-13,1.70616177900776e-13,NaN
-1902.93072,-0.23592,-1.96505e-07,1.03308333333349e-09,1.03492671497586e-09,5.47246376821651e-13,2.94572032019688e-13,2.36067298102945e-13,NaN
-1892.84822,-0.23467,-1.95473333333333e-07,1.03200000000001e-09,1.03543159420291e-09,2.5235104669956e-13,3.5540746652973e-13,2.91005542928919e-13,NaN
-1882.76572,-0.23342,-1.94441e-07,1.032083333333e-09,1.03543141706926e-09,4.8381642513347e-14,4.03071359115162e-13,3.26065693618804e-13,NaN
-1872.68322,-0.23217,-1.93409166666667e-07,1.03891666666648e-09,1.03552835748794e-09,1.70233494359772e-13,3.93036318236982e-13,3.31988866073809e-13,NaN
-1862.52006,-0.23091,-1.92363166666667e-07,1.03958333333351e-09,1.03577188405798e-09,1.71481481476017e-13,3.00382954097757e-13,2.99337036659992e-13,NaN
-1852.43756,-0.22966,-1.9133e-07,1.03291666666702e-09,1.03587132045089e-09,1.04074074078203e-13,2.06811152342129e-13,2.30616911400304e-13,NaN
-1842.35506,-0.22841,-1.90297333333333e-07,1.03500000000001e-09,1.03598003220613e-09,1.59702093402778e-13,1.34551998878817e-13,1.37964987473279e-13,NaN
-1832.27256,-0.22716,-1.8926e-07,1.03975000000001e-09,1.0361907246377e-09,8.63478260858788e-13,3.11315332120444e-14,3.59507912797734e-14,NaN
-1822.19006,-0.22591,-1.88217833333333e-07,1.038e-09,1.03770698872785e-09,1.34967793879374e-12,-7.45239888926032e-14,-6.47044892125291e-14,NaN
-1812.10756,-0.22466,-1.87184e-07,1.04199999999998e-09,1.03889008051528e-09,4.23784219007076e-13,-1.57413859523375e-13,-1.59467006502937e-13,NaN
-1801.9444,-0.2234,-1.86133833333333e-07,1.04208333333349e-09,1.03855455716587e-09,-5.09066022538136e-13,-2.6170774891888e-13,-2.40972221342615e-13,NaN
-1791.8619,-0.22215,-1.85099833333333e-07,1.03391666666651e-09,1.03787194847021e-09,-8.87077294691956e-13,-3.53468116722922e-13,-3.05572090204749e-13,NaN
-1781.7794,-0.2209,-1.84066e-07,1.03291666666651e-09,1.03678040257648e-09,-1.04808373590234e-12,-3.87273036323595e-13,-3.58392280056982e-13,NaN
-1771.6969,-0.21965,-1.83034e-07,1.03300000000001e-09,1.0357757809984e-09,-1.07213365538242e-12,-3.90488283664466e-13,-4.06568128329703e-13,NaN
-1761.6144,-0.2184,-1.82e-07,1.03625e-09,1.03463613526572e-09,-1.22743961353633e-12,-4.00473697559059e-13,-4.47661149757448e-13,NaN
-1751.5319,-0.21715,-1.809615e-07,1.0395e-09,1.03332090177133e-09,-9.04404186816674e-13,-4.25599987553231e-13,-4.68252426972557e-13,NaN
-1741.36874,-0.21589,-1.79921e-07,1.03774999999999e-09,1.03282732689208e-09,-2.25418679558742e-13,-4.35410489548324e-13,-4.58838780229922e-13,NaN
-1731.28624,-0.21464,-1.78886e-07,1.03599999999998e-09,1.03287006441221e-09,-1.86578099829795e-13,-4.24939097761718e-13,-4.16663759801623e-13,NaN
-1721.20374,-0.21339,-1.77849e-07,1.03825000000001e-09,1.03245417069242e-09,-4.18019323657483e-13,-4.17272501108325e-13,-3.4768129776128e-13,NaN
-1711.12124,-0.21214,-1.768095e-07,1.03850000000001e-09,1.0320340257649e-09,-1.59790660221054e-13,-3.97442911930567e-13,-2.5872676817622e-13,NaN
-1701.03874,-0.21089,-1.75772e-07,1.01274999999999e-09,1.03213458937198e-09,9.05958131982722e-14,-2.58888932452256e-13,-1.50549606268995e-13,NaN
-1690.932042,-0.209637,-1.74784e-07,1.01175e-09,1.03221521739129e-09,2.12391304338549e-13,-1.01173485184205e-14,-3.04774616332367e-14,NaN
-1680.83354443334,-0.208385016666667,-1.737485e-07,1.03350000000001e-09,1.03255937198066e-09,4.94057971019901e-13,1.75699636708618e-13,8.75417738363895e-14,NaN
-1670.74338173334,-0.207134066666667,-1.72717e-07,1.0315833333335e-09,1.03320333333333e-09,4.08405797110457e-13,2.83197143457615e-13,1.93197054953274e-13,NaN
-1660.644212,-0.205882,-1.71685333333333e-07,1.03550000000001e-09,1.03337618357488e-09,9.99194847039962e-14,3.52210102142207e-13,2.80409443292229e-13,NaN
-1650.553646,-0.204631,-1.70646e-07,1.0371666666665e-09,1.03340317230274e-09,4.10386473489871e-14,3.8490603592585e-13,3.40385858327397e-13,NaN
-1640.45528286666,-0.203379033333333,-1.69611e-07,1.03899999999999e-09,1.03345826086958e-09,9.86876006412299e-14,3.87278029049942e-13,3.63921147464207e-13,NaN
-1630.36458243334,-0.202128016666667,-1.68568e-07,1.04349999999999e-09,1.03360054750402e-09,3.52262479864047e-13,3.33031047011337e-13,3.46401033147952e-13,NaN
-1620.26608486666,-0.200876033333333,-1.67524e-07,1.0395e-09,1.03416278582931e-09,4.82157809979552e-13,2.65583285490888e-13,2.97907897510501e-13,NaN
-1610.17525,-0.199625,-1.66489e-07,1.03350000000001e-09,1.03456486312398e-09,4.42334943636441e-13,2.30393776595244e-13,2.40090791030919e-13,NaN
-1600.07688686666,-0.198373033333333,-1.65457e-07,1.0345e-09,1.03504745571658e-09,7.42399355883845e-13,1.87260125868277e-13,1.83078722671836e-13,NaN
-1589.9783893,-0.19712105,-1.6442e-07,1.03641666666649e-09,1.03604966183575e-09,1.00984702094246e-12,1.16080908928365e-13,1.30429985979975e-13,NaN
-1579.88742,-0.19587,-1.63384166666667e-07,1.03349999999999e-09,1.03706714975846e-09,1.92028985504671e-13,6.06752923061747e-14,8.61203070739091e-14,NaN
-1569.788788,-0.194618,-1.62353e-07,1.03308333333351e-09,1.03643371980676e-09,-8.06666666672725e-13,2.47100500207713e-14,5.00643356336865e-14,NaN
-1559.69849086666,-0.193367033333333,-1.61318e-07,1.03458333333352e-09,1.03545381642512e-09,-5.40950080507807e-13,-5.90274841220525e-15,2.21171218018465e-14,NaN
-1549.59985886666,-0.192115033333333,-1.60283833333333e-07,1.03249999999999e-09,1.03535181964575e-09,-2.59388083734605e-13,-7.03276311514681e-15,-1.46838136816342e-15,NaN
-1539.509024,-0.190864,-1.59253e-07,1.03325e-09,1.03493504025765e-09,-2.95314009669597e-13,1.18758586280966e-15,-2.6634745078242e-14,NaN
-1529.41052643334,-0.189612016666667,-1.58217333333333e-07,1.03441666666649e-09,1.03476119162641e-09,-2.79259259263003e-13,-1.19159482524748e-14,-5.27544805329347e-14,NaN
-1519.3121633,-0.18836005,-1.57184166666667e-07,1.03366666666649e-09,1.03437652173912e-09,-2.83172302738043e-13,-3.89314040764392e-14,-7.32996322933526e-14,NaN
-1509.221194,-0.187109,-1.5615e-07,1.03608333333352e-09,1.03419484702093e-09,9.66183576019444e-15,-7.90734486204069e-14,-8.5498990999524e-14,NaN
-1499.122562,-0.185857,-1.55112e-07,1.03450000000001e-09,1.03439584541064e-09,1.48123993562283e-13,-1.06190347499306e-13,-9.17407093433853e-14,NaN
-1489.031996,-0.184606,-1.54081e-07,1.03833333333349e-09,1.03449109500805e-09,7.49677938662857e-14,-1.22409834536025e-13,-9.21637812854482e-14,NaN
-1478.93349843334,-0.183354016666667,-1.53035333333333e-07,1.03824999999999e-09,1.03454578099838e-09,1.55161030595156e-13,-1.4457675402838e-13,-8.61000451043551e-14,NaN
-1468.84306686666,-0.182103033333333,-1.520045e-07,1.03416666666652e-09,1.03480141706925e-09,2.88003220618398e-13,-1.20694220790592e-13,-7.07738569490609e-14,NaN
-1458.744166,-0.180851,-1.50967e-07,1.03666666666651e-09,1.03512178743961e-09,1.79524959737756e-13,-3.47921942934049e-14,-4.54424206600795e-14,NaN
-1448.645534,-0.179599,-1.49931166666667e-07,1.03583333333348e-09,1.03516046698872e-09,4.49033816427045e-14,2.58079612914442e-14,-1.58135175708258e-14,NaN
-1438.55510243334,-0.178348016666667,-1.48895333333333e-07,1.03124999999999e-09,1.0352115942029e-09,6.53220612005154e-14,2.96305724757817e-14,1.18096750815545e-14,NaN
-1428.456336,-0.177096,-1.47868666666667e-07,1.03208333333301e-09,1.03529111111112e-09,-9.28985507177772e-14,4.45432798916437e-14,3.0784541695872e-14,NaN
-1418.36590443334,-0.175845016666667,-1.46831166666667e-07,1.033166666667e-09,1.03502579710146e-09,-3.03929146534401e-13,6.26908274814095e-14,3.75186701747467e-14,NaN
-1408.26727243334,-0.174593016666667,-1.45802333333333e-07,1.0310833333335e-09,1.03468325281805e-09,-3.38888888892577e-13,5.98700459755592e-14,3.06323391330194e-14,NaN
-1398.17643756666,-0.173341983333333,-1.44769e-07,1.03600000000001e-09,1.03434801932368e-09,-3.04871175540356e-13,3.49791749312579e-14,9.85572585658355e-15,NaN
-1388.07794,-0.17209,-1.43730333333333e-07,1.036e-09,1.03407351046697e-09,-1.11425120777832e-13,-1.24997720689659e-14,-1.78611597705863e-14,NaN
-1377.9877773,-0.17083905,-1.42697e-07,1.037333333333e-09,1.03412516908212e-09,-2.78099838807456e-14,-5.69399628152748e-14,-4.01613840860916e-14,NaN
-1367.888742,-0.169587,-1.41655666666667e-07,1.03908333333349e-09,1.03401789049921e-09,9.61594203021961e-14,-8.89321073227838e-14,-5.22285238052171e-14,NaN
-1357.7905133,-0.16833505,-1.40618833333333e-07,1.035416666667e-09,1.03431748792273e-09,4.51795491140936e-13,-1.02896570128283e-13,-5.64053569283573e-14,NaN
-1347.699544,-0.167084,-1.39584833333333e-07,1.0324166666665e-09,1.03492148148149e-09,4.07334943630764e-13,-8.93904455205892e-14,-5.03735462996495e-14,NaN
-1337.60104643334,-0.165832016666667,-1.38554e-07,1.03266666666651e-09,1.03513215780999e-09,1.27012882438434e-13,-5.02036920369097e-14,-3.44261121742817e-14,NaN
-1327.510346,-0.164581,-1.375195e-07,1.03400000000001e-09,1.03517550724637e-09,3.98792270541201e-14,-6.03385532365867e-15,-1.41662740818234e-14,NaN
-1317.41184843334,-0.163329016666667,-1.36486e-07,1.03225e-09,1.0352119162641e-09,-1.14774557162329e-13,3.34000217798449e-14,5.92295446130083e-15,NaN
-1307.321148,-0.162078,-1.35455e-07,1.03200000000001e-09,1.03494595813204e-09,-3.65692431583232e-13,6.05564517247636e-14,2.04897186107302e-14,NaN
-1297.222516,-0.160826,-1.34422e-07,1.03474999999999e-09,1.03448053140093e-09,-4.31876006451275e-13,6.63354944104253e-14,2.40331105221324e-14,NaN
-1287.12415286666,-0.159574033333333,-1.333855e-07,1.03649999999998e-09,1.03408220611914e-09,-3.64114331709115e-13,5.25628696121946e-14,1.67253645529279e-14,NaN
-1277.033318,-0.158323,-1.32349e-07,1.03825000000002e-09,1.03375230273751e-09,-1.77705314002213e-13,1.51934265292039e-14,4.35362834848562e-15,NaN
-1266.93482043334,-0.157071016666667,-1.31309e-07,1.03733333333351e-09,1.03372679549114e-09,8.54830917866555e-14,-2.95098462053281e-14,-7.47313325422777e-15,NaN
-1256.84425443334,-0.155820016666667,-1.30274333333333e-07,1.03474999999999e-09,1.03392326892108e-09,3.81376811583317e-13,-4.96781115096703e-14,-1.3713256408146e-14,NaN
-1246.74575686666,-0.154568033333333,-1.292395e-07,1.03608333333299e-09,1.0344895491143e-09,5.30346215781982e-13,-5.76885652710085e-14,-1.02144923454028e-14,NaN
-1236.654922,-0.153317,-1.28202166666667e-07,1.03375e-09,1.03498396135265e-09,3.75917874413496e-13,-5.39438648866801e-14,4.23926105568523e-15,NaN
-1226.55655886666,-0.152065033333333,-1.27172e-07,1.02858333333351e-09,1.03524138486313e-09,1.3311594203588e-13,-3.04781441489917e-15,2.68236537892988e-14,NaN
-1216.46599286666,-0.150814033333333,-1.26145e-07,1.02949999999999e-09,1.03525019323672e-09,-7.38808373582397e-14,6.91238784285911e-14,5.19447996465771e-14,NaN
-1206.36695756666,-0.149561983333333,-1.25113e-07,1.03424999999999e-09,1.03509362318841e-09,-2.40402576487815e-13,1.13043563835666e-13,7.34228537233928e-14,NaN
-1196.2688633,-0.14831005,-1.240765e-07,1.03441666666651e-09,1.03476938808374e-09,-3.66457326892457e-13,1.32505993920295e-13,8.32060993368371e-14,NaN
-1186.17775956666,-0.147058983333333,-1.23044166666667e-07,1.03475000000002e-09,1.03436070853463e-09,-2.19146537846882e-13,1.34170665986114e-13,7.58364833326473e-14,NaN
-1176.07939643334,-0.145807016666667,-1.22007e-07,1.0388333333335e-09,1.03433109500805e-09,-5.84863124024549e-14,1.02428801918785e-13,5.65480965515823e-14,NaN
-1165.9890993,-0.14455605,-1.209665e-07,1.03999999999999e-09,1.03424373590982e-09,-1.42270531377456e-14,4.22135623548954e-14,3.3104968350443e-14,NaN
-1155.890064,-0.143304,-1.19927e-07,1.03724999999999e-09,1.03430264090178e-09,2.81988727861458e-13,-2.31847573258252e-14,7.5262552706148e-15,NaN
-1145.799498,-0.142053,-1.18892e-07,1.03750000000001e-09,1.03480771336555e-09,4.53148148165849e-13,-7.73039184110862e-14,-1.37847447301568e-14,NaN
-1135.70113486666,-0.140801033333333,-1.17852e-07,1.0345833333335e-09,1.03520893719811e-09,2.82053140111149e-13,-1.10292198185192e-13,-2.58668173488392e-14,NaN
-1125.602234,-0.139549,-1.16822833333333e-07,1.02925e-09,1.03537181964577e-09,1.95523349418659e-13,-9.95841116503926e-14,-3.44162008498971e-14,NaN
-1115.51180243334,-0.138298016666667,-1.157935e-07,1.0319166666665e-09,1.03559998389694e-09,1.67254428322434e-13,-3.68600451225658e-14,-4.23062510358764e-14,NaN
-1105.413036,-0.137046,-1.14759e-07,1.03233333333349e-09,1.03570632850242e-09,-1.94428341379376e-13,1.81107814238501e-14,-5.15696114351434e-14,NaN
-1095.32233556666,-0.135794983333333,-1.13728833333333e-07,1.03250000000001e-09,1.03521112721419e-09,-6.02053140091456e-13,1.17123245168674e-14,-6.90255876710146e-14,NaN
-1085.22397243334,-0.134543016666667,-1.12694e-07,1.0344166666665e-09,1.03450222222223e-09,-5.32471819654802e-13,-2.29849348509695e-14,-9.6349522967619e-14,NaN
-1075.13354086666,-0.133292033333333,-1.1166e-07,1.039e-09,1.03414618357488e-09,-3.29927536245375e-13,-8.96375647835359e-14,-1.32033301841261e-13,NaN
-1065.03477443334,-0.132040016666667,-1.10616e-07,1.04e-09,1.03384236714974e-09,-2.92842190024614e-13,-1.88890380329588e-13,-1.7605273281154e-13,NaN
-1054.93614243334,-0.130788016666667,-1.0958e-07,1.03308333333351e-09,1.03356049919483e-09,-1.3136070853276e-13,-2.5582467626857e-13,-2.24341745116856e-13,NaN
-1044.8458453,-0.12953705,-1.08549833333333e-07,1.036e-09,1.03357964573268e-09,1.51771336555921e-13,-3.04865578507189e-13,-2.64151419664331e-13,NaN
-1034.74681,-0.128285,-1.07508e-07,1.03599999999999e-09,1.03386404186794e-09,2.42753623186367e-13,-3.32389244403595e-13,-2.78803582229168e-13,NaN
-1024.656244,-0.127034,-1.06477833333333e-07,1.03075e-09,1.03406515297905e-09,2.28719806762227e-13,-2.93883330146207e-13,-2.6042889827932e-13,NaN
-1014.55774643334,-0.125782016666667,-1.054465e-07,1.03133333333301e-09,1.03432148148146e-09,1.96988727863624e-13,-2.30181865932497e-13,-2.10412815358528e-13,NaN
-1004.467046,-0.124531,-1.04415166666667e-07,1.03225000000001e-09,1.03445913043478e-09,-1.37495974228271e-13,-1.59737552177099e-13,-1.29673238150284e-13,NaN
-994.368414,-0.123279,-1.03382e-07,1.0320833333335e-09,1.03404648953301e-09,-8.60227858297072e-13,-4.51527617117401e-14,-2.46799205496325e-14,NaN
-984.278116866664,-0.122028033333333,-1.02351e-07,1.03099999999999e-09,1.03273867471818e-09,-1.04222141706802e-12,1.07296481132475e-13,9.24191691758301e-14,NaN
-974.179216,-0.120776,-1.0132e-07,1.0339166666665e-09,1.03196204669887e-09,-3.6972302736675e-13,2.51818466088432e-13,2.15263722540153e-13,NaN
-964.080584,-0.119524,-1.00283166666667e-07,1.03666666666666e-09,1.03199922866345e-09,-8.79951690851353e-14,3.66305733159129e-13,3.37296978018165e-13,NaN
-953.990152433336,-0.118273016666667,-9.92466666666667e-08,1.03508333333349e-09,1.0317860563607e-09,3.66479066017657e-13,4.72810075383739e-13,4.52305240297943e-13,NaN
-943.891386,-0.117021,-9.8213e-08,1.03433333333335e-09,1.03273218679548e-09,1.01288486312416e-12,5.75533185373625e-13,5.62149924779679e-13,NaN
-933.800954433336,-0.115770016666667,-9.7178e-08,1.03416666666665e-09,1.03381182608695e-09,9.42406602259766e-13,6.56085888586565e-13,6.7039095936161e-13,NaN
-923.7025913,-0.11451805,-9.61446666666667e-08,1.034e-09,1.034617e-09,1.17898228664267e-12,7.22643161179358e-13,7.70450715227918e-13,NaN
-913.611622,-0.113267,-9.511e-08,1.03233333333335e-09,1.03616979066023e-09,1.31487359098786e-12,7.93119888601864e-13,8.48727575476566e-13,NaN
-903.513258866664,-0.112015033333333,-9.408e-08,1.03199999999999e-09,1.03724674718198e-09,9.53199677944434e-13,8.63526937540746e-13,8.99870168018685e-13,NaN
-893.414358,-0.110763,-9.3046e-08,1.032e-09,1.03807619001612e-09,1.18105314009043e-12,9.21752589792056e-13,9.1613981930758e-13,NaN
-883.323926433336,-0.109512016666667,-9.2016e-08,1.03116666666665e-09,1.03960885346216e-09,1.44336553944216e-12,9.61785229838147e-13,8.87565219338091e-13,NaN
-873.225428866664,-0.108260033333333,-9.09836666666667e-08,1.03383333333334e-09,1.04096292109501e-09,1.06623913043784e-12,9.51075434821759e-13,8.14758693000529e-13,NaN
-863.135131733336,-0.107009066666667,-8.99483333333333e-08,1.05400833333335e-09,1.04174133172304e-09,6.41037037040484e-13,8.06472307871554e-13,6.97177248493251e-13,NaN
-853.035827566664,-0.105756983333333,-8.887565e-08,1.0520583333333e-09,1.04224499516909e-09,4.11566022538488e-13,5.57584172947984e-13,5.37161806994076e-13,NaN
-842.945127133336,-0.104505966666667,-8.78442166666667e-08,1.04241666666666e-09,1.04256446376811e-09,2.49628019316933e-13,3.24423932569441e-13,3.44421132923297e-13,NaN
-832.8463607,-0.10325395,-8.67908166666667e-08,1.05208333333336e-09,1.04274425120772e-09,3.45426731100522e-14,7.99508932917298e-14,1.26571481759788e-13,NaN
-822.7566013,-0.10200305,-8.574005e-08,1.041925e-09,1.04263354911433e-09,-1.62131239930921e-13,-1.55419133702776e-13,-1.04194826833257e-13,NaN
-812.658238166664,-0.100751083333333,-8.47069666666667e-08,1.044525e-09,1.04241998872786e-09,-2.33602254428046e-13,-3.43587127821939e-13,-3.26534127855061e-13,NaN
-802.558934,-0.099499,-8.3651e-08,1.04524166666671e-09,1.04216634460548e-09,-3.05762479871662e-13,-5.35923486352234e-13,-5.18869283407855e-13,NaN
-792.468368,-0.098248,-8.26164833333333e-08,1.0362e-09,1.04180846376812e-09,-5.1158454106237e-13,-6.81190462788477e-13,-6.66337171743219e-13,NaN
-782.369467133334,-0.0969959666666667,-8.15786e-08,1.04479166666665e-09,1.04114317552335e-09,-8.58479871175084e-13,-7.82897742304454e-13,-7.68852352886357e-13,NaN
-772.280111033334,-0.0957451166666667,-8.05269e-08,1.04476666666665e-09,1.04009150402577e-09,-1.19744927536235e-12,-8.85454284424577e-13,-8.32813410702424e-13,NaN
-762.1797314,-0.0944929,-7.94890666666667e-08,1.03085e-09,1.03874827697263e-09,-1.55793317230344e-12,-9.16667960823162e-13,-8.58983546014959e-13,NaN
-752.089972,-0.093242,-7.84652e-08,1.0289e-09,1.03697563768116e-09,-1.82938647343039e-12,-8.63786338693271e-13,-8.53738930055631e-13,NaN
-741.990802266666,-0.0919899333333333,-7.74312666666667e-08,1.03307500000001e-09,1.03508950402577e-09,-1.21259822866183e-12,-7.9717036305774e-13,-8.22261569579913e-13,NaN
-731.8943212,-0.0907382,-7.639905e-08,1.0316666666667e-09,1.03455044122384e-09,-4.31949275362144e-13,-7.31502036453245e-13,-7.64999015572126e-13,NaN
-721.8029486,-0.0894871,-7.53679333333333e-08,1.033125e-09,1.03422560547504e-09,-5.57780998391161e-13,-6.57204183372564e-13,-6.87634642127684e-13,NaN
-711.704988766666,-0.0882351833333333,-7.43328e-08,1.03561666666665e-09,1.03343487922705e-09,-4.36821256039277e-13,-5.79421592102867e-13,-5.92331899593755e-13,NaN
-701.6153638,-0.0869843,-7.32967e-08,1.03735e-09,1.03335196296296e-09,-2.6261835748839e-13,-5.02123260130899e-13,-4.82332434446207e-13,NaN
-691.5151186,-0.0857321,-7.22581e-08,1.036475e-09,1.03290964251208e-09,-2.4547745571672e-13,-4.12292314251007e-13,-3.68399250454192e-13,NaN
-681.424014866667,-0.0844810333333333,-7.122375e-08,1.0343e-09,1.03286100805153e-09,1.28922705314589e-13,-2.97688594522042e-13,-2.59840280753906e-13,NaN
-671.3230975,-0.08322875,-7.01895e-08,1.032275e-09,1.03316748792271e-09,9.63510466995658e-14,-1.6827623048399e-13,-1.60828862057533e-13,NaN
-661.2256754,-0.0819769,-6.91592e-08,1.03115000000001e-09,1.03305371014493e-09,1.28723027375022e-13,-4.01689803731003e-14,-7.26993801433601e-14,NaN
-651.135916,-0.080726,-6.81272e-08,1.0323e-09,1.03342493397746e-09,4.56079710143948e-13,6.36258510893363e-14,1.84433371301048e-15,NaN
-641.0368807,-0.07947395,-6.70946e-08,1.0324e-09,1.03396586956522e-09,1.90268921094203e-13,1.28396582417201e-13,6.12785228383388e-14,NaN
-630.9483312,-0.0782232,-6.60624e-08,1.03410833333335e-09,1.03380547181964e-09,-2.64495169082565e-13,1.43341213097025e-13,1.04390728512324e-13,NaN
-620.8488926,-0.0769711,-6.50263833333333e-08,1.0349e-09,1.03343687922705e-09,-2.63005636070772e-13,1.06921661337739e-13,1.27446862248099e-13,NaN
-610.7599398,-0.0757203,-6.39926e-08,1.03364166666665e-09,1.0332794605475e-09,-1.6608293075563e-13,8.14477258901878e-14,1.31774532444992e-13,NaN
-600.6605012,-0.0744682,-6.29591e-08,1.03265e-09,1.03310471336554e-09,-1.02912238324854e-13,9.75813543685985e-14,1.22026635200893e-13,NaN
-590.570472933334,-0.0732172666666667,-6.19273e-08,1.03339166666665e-09,1.03307363607085e-09,1.04562801931404e-13,1.02667793569758e-13,1.0290084404099e-13,NaN
-580.470765466667,-0.0719651333333333,-6.08923166666667e-08,1.03493333333335e-09,1.0333138389694e-09,3.42048309178363e-13,9.77804225692381e-14,8.28019308848646e-14,NaN
-570.3718646,-0.0707131,-5.98574333333333e-08,1.0349e-09,1.03375773268921e-09,3.39700483092429e-13,8.35317150925637e-14,6.90559864015415e-14,NaN
-560.2796854,-0.0694619,-5.88225166666667e-08,1.03376666666665e-09,1.03399323993559e-09,1.55881642512563e-13,5.60683763915453e-14,6.36043318519267e-14,NaN
-550.183204333334,-0.0682101666666667,-5.77899e-08,1.03175833333335e-09,1.03406949597424e-09,3.33188405794535e-14,4.74655551666974e-14,6.42477684970951e-14,NaN
-540.0904874,-0.0669589,-5.6759e-08,1.030925e-09,1.03405987761675e-09,-6.89541062802331e-14,4.02314236817793e-14,6.47398479427866e-14,NaN
-529.992662,-0.065707,-5.572805e-08,1.03325e-09,1.03393158776167e-09,-8.11127214164046e-14,3.70781628511378e-14,6.19427654957382e-14,NaN
-519.9045158,-0.0644563,-5.46925e-08,1.035e-09,1.03389765217391e-09,1.13671497588293e-14,6.0667340194854e-14,5.76799580161031e-14,NaN
-509.8058838,-0.0632043,-5.365805e-08,1.03505e-09,1.03395432206119e-09,1.23090177133809e-13,8.0394011062316e-14,5.18648787903563e-14,NaN
-499.7072518,-0.0619523,-5.26224e-08,1.035875e-09,1.03414383252818e-09,2.09942834138827e-13,7.53358603468952e-14,4.5358084531061e-14,NaN
-489.6158792,-0.0607012,-5.15863e-08,1.03644166666665e-09,1.03437420772947e-09,1.77561191625824e-13,5.96662179591731e-14,3.80060649508246e-14,NaN
-479.516978333334,-0.0594491666666667,-5.05495166666667e-08,1.03555e-09,1.03449895491143e-09,-3.38566827764895e-15,3.34402489362325e-14,2.81434828810283e-14,NaN
-469.4258746,-0.0581981,-4.95152e-08,1.03435833333335e-09,1.03436743639291e-09,-1.82293880837019e-13,-1.80476074891735e-15,1.67002217661056e-14,NaN
-459.327108166667,-0.0569460833333333,-4.84808e-08,1.03218333333335e-09,1.03413436714976e-09,-1.79838164250892e-13,-2.6096237174002e-14,2.79180055406467e-15,NaN
-449.236407733334,-0.0556950666666667,-4.74508333333333e-08,1.03055e-09,1.03400776006441e-09,-5.95426731074749e-14,-2.86685688504083e-14,-1.33416994386982e-14,NaN
-439.1388512,-0.0544432,-4.64197e-08,1.03376666666665e-09,1.03401528180354e-09,4.23848631241567e-14,-2.24587126887861e-14,-2.65675779666545e-14,NaN
-429.038606,-0.053191,-4.53833e-08,1.0353e-09,1.03409252979066e-09,6.94508856679803e-14,-2.11004066995409e-14,-3.30637938341656e-14,NaN
-418.9488466,-0.0519401,-4.43491e-08,1.0352e-09,1.03415418357488e-09,4.69629629631437e-14,-2.40821929723521e-14,-3.20473516014095e-14,NaN
-408.849408,-0.050688,-4.33129e-08,1.03595e-09,1.03418645571659e-09,4.07777777778289e-14,-3.21638376626407e-14,-2.40544819973363e-14,NaN
-398.760320766666,-0.0494371833333333,-4.22772e-08,1.03536666666665e-09,1.03423573913044e-09,2.82028985496344e-14,-3.92892470458912e-14,-1.41005646863166e-14,NaN
-388.6614199,-0.04818515,-4.12421666666667e-08,1.03345e-09,1.03424286151369e-09,-7.21594202912369e-14,-3.52006587473647e-14,-1.0717722569465e-14,NaN
-378.569375133334,-0.0469339666666667,-4.02103e-08,1.03213333333335e-09,1.03409142028985e-09,-1.9741787439568e-13,-1.98622186437282e-14,-1.84733941016773e-14,NaN
-368.471012,-0.045682,-3.91779e-08,1.0316e-09,1.0338480257649e-09,-2.20133655393416e-13,-5.76414354277125e-15,-3.6735731386193e-14,NaN
-358.3808493,-0.04443105,-3.81471e-08,1.03125833333335e-09,1.03365115297907e-09,-1.13575684380303e-13,-8.63350743310614e-15,-6.3253008544407e-14,NaN
-348.2830239,-0.04317915,-3.71153833333333e-08,1.0337e-09,1.03362087439614e-09,9.5684380030343e-15,-4.35889540791556e-14,-9.56735661148069e-14,NaN
-338.183719733334,-0.0419270666666667,-3.60797e-08,1.03624166666665e-09,1.03367028985507e-09,2.73904991956459e-14,-1.14990489548565e-13,-1.3233279799586e-13,NaN
-328.0942292,-0.0406762,-3.50429e-08,1.03723333333335e-09,1.03367565539453e-09,-1.57922705311943e-14,-1.9737785463677e-13,-1.69364835701893e-13,NaN
-317.9964038,-0.0394243,-3.40052333333333e-08,1.03646666666665e-09,1.03363870531401e-09,-4.25402576497777e-14,-2.51428507394113e-13,-2.01769553853632e-13,NaN
-307.904090166666,-0.0381730833333333,-3.29699666666667e-08,1.03491666666665e-09,1.03359057487923e-09,-6.08140096616399e-14,-2.73146174706388e-13,-2.26871837721285e-13,NaN
-297.804786,-0.036921,-3.19354e-08,1.03243333333335e-09,1.03351707729469e-09,-8.93115942017998e-14,-2.73778575151368e-13,-2.43715592376646e-13,NaN
-287.7146233,-0.03567005,-3.09051e-08,1.02974166666665e-09,1.03341195169082e-09,-1.41741545893298e-13,-2.6074093973397e-13,-2.52375456400164e-13,NaN
-277.6147814,-0.0344179,-2.98759166666667e-08,1.029125e-09,1.0332335942029e-09,-2.56966183575496e-13,-2.41478775373836e-13,-2.51976807788213e-13,NaN
-267.515880533334,-0.0331658666666667,-2.884685e-08,1.0298666666667e-09,1.03289801932367e-09,-4.81657004831874e-13,-2.062307763386e-13,-2.43303558588036e-13,NaN
-257.42639,-0.031915,-2.78161833333333e-08,1.03188333333335e-09,1.03227028019324e-09,-7.241650563609e-13,-1.81375228889237e-13,-2.31688441614289e-13,NaN
-247.331656566666,-0.0306634833333333,-2.67830833333333e-08,1.03484166666665e-09,1.03144968921095e-09,-7.79478260869545e-13,-1.90220680451734e-13,-2.19548006675081e-13,NaN
-237.2388052,-0.0294122,-2.57465e-08,1.03649166666665e-09,1.0307113236715e-09,-6.36555555554525e-13,-2.10973316219102e-13,-2.04612518697027e-13,NaN
-227.141517533334,-0.0281603666666667,-2.47101e-08,1.0346e-09,1.03017657809984e-09,-3.19561191625492e-13,-2.16691779613811e-13,-1.8423609600019e-13,NaN
-217.050144933334,-0.0269092666666667,-2.36773e-08,1.0327e-09,1.03007220128825e-09,1.69375201286976e-13,-1.89301350074465e-13,-1.55188525090171e-13,NaN
-206.950303033334,-0.0256571166666667,-2.26447e-08,1.0304e-09,1.03051532850242e-09,5.47780193236111e-13,-1.44160479077842e-13,-1.16406333456264e-13,NaN
-196.8571828,-0.0244058,-2.16165e-08,1.02673333333335e-09,1.03116776167472e-09,4.57334138486465e-13,-9.28313401325656e-14,-6.61360414483469e-14,NaN
-186.759088533334,-0.0231538666666667,-2.05912333333333e-08,1.02720833333335e-09,1.03142999677939e-09,2.5202093397643e-13,-1.53884966590866e-14,-1.81769123845298e-15,NaN
-176.6607254,-0.0219019,-1.95620833333333e-08,1.02754166666665e-09,1.03167180354267e-09,1.05560386472931e-13,6.77791388361065e-14,6.96789943081395e-14,NaN
-166.570293833334,-0.0206509166666667,-1.853615e-08,1.02679166666665e-09,1.03164111755233e-09,-2.3678743961623e-14,1.41131518899591e-13,1.34650810673995e-13,NaN
-156.472334,-0.019399,-1.75085e-08,1.028075e-09,1.03162444605475e-09,-4.84377616754157e-14,2.08654114370624e-13,1.82727953218406e-13,NaN
-146.381902433334,-0.0181480166666667,-1.648e-08,1.0304e-09,1.03154424202898e-09,-2.94168840579163e-13,2.54048846258598e-13,2.10327175203942e-13,NaN
-136.2847492,-0.0168962,-1.54477e-08,1.03455e-09,1.03103610837359e-09,-2.4638429951554e-13,2.86562539771448e-13,2.22139245617e-13,NaN
-126.194720933334,-0.0156452666666667,-1.44109e-08,1.038625e-09,1.03105147342995e-09,2.21878582931276e-13,2.8007716648387e-13,2.23353584375123e-13,NaN
-116.098912033334,-0.0143936166666667,-1.337045e-08,1.03935e-09,1.03147986553945e-09,5.50460547503346e-13,2.14101783161065e-13,2.16269886661706e-13,NaN
-105.998397966666,-0.0131413833333333,-1.23322e-08,1.03766666666665e-09,1.03215239452496e-09,6.41774879226416e-13,1.41627928773257e-13,2.04826233379433e-13,NaN
-95.9071598,-0.0118903,-1.12951166666667e-08,1.03425e-09,1.03276341529791e-09,4.56067149758519e-13,1.0997950446165e-13,1.91515988063131e-13,NaN
-85.8044948,-0.0106378,-1.02637e-08,1.02808333333335e-09,1.03306452882448e-09,3.78591867955056e-13,1.24456623803173e-13,1.80670847501489e-13,NaN
-75.7131222,-0.0093867,-9.23895e-09,1.02505e-09,1.03352059903382e-09,4.03115619968291e-13,1.70148523730796e-13,1.7368872743035e-13,NaN
-65.6165067,-0.00813495,-8.2136e-09,1.031125e-09,1.03387076006441e-09,1.88518518532965e-14,2.03173315907986e-13,1.66841863558769e-13,NaN
-55.5239242,-0.0068837,-7.1767e-09,1.0313e-09,1.03355830273752e-09,-1.41200483090985e-13,2.05273794020992e-13,1.60636582712946e-13,NaN
-45.427712,-0.005632,-6.151e-09,1.0347e-09,1.03358835909823e-09,-8.3591787440245e-14,1.87558890989447e-13,1.54605279550489e-13,NaN
-35.3282734,-0.0043799,-5.1073e-09,1.03229166666667e-09,1.03339111916264e-09,-1.29103864734751e-13,1.61651459466352e-13,1.44968613613592e-13,NaN
-25.238514,-0.003129,-4.08641666666667e-09,1.03194916666667e-09,1.03333015136876e-09,1.60442834136697e-14,1.38506628050494e-13,1.27017744226222e-13,NaN
-15.1374622,-0.0018767,-3.04340166666667e-09,1.04050416666667e-09,1.03342320772947e-09,-1.87504025764797e-13,8.3389698958373e-14,9.83331780474531e-14,NaN
-5.0485094,-0.0006259,-2.00540833333333e-09,1.03567583333334e-09,1.03295514331723e-09,-1.06647342995246e-13,2.19705018087527e-14,6.5008522874692e-14,NaN
5.0509292,0.0006262,-9.7205e-10,1.032975e-09,1.03320991304348e-09,5.68749597423339e-13,-2.40907994607222e-16,3.2322146049118e-14,NaN
15.1390754,0.0018769,6.05416666666667e-11,1.031975e-09,1.03409264251208e-09,7.09483091787563e-13,9.73029398102227e-19,2.40852288152365e-16,NaN
25.2397239,0.00312915,1.0919e-09,1.032435e-09,1.03462887922705e-09,2.29246376811271e-13,-1.39649927271496e-15,-3.13408428815745e-14,NaN
35.3277356666666,0.00437983333333333,2.12541166666667e-09,1.03734166666667e-09,1.0345511352657e-09,-2.04853462157686e-13,-3.74385496668252e-14,-6.34231105341223e-14,NaN
45.4252922,0.0056317,3.16658333333333e-09,1.03344416666667e-09,1.03421917230274e-09,-4.57217391303999e-13,-8.53639503996442e-14,-9.09491690592805e-14,NaN
55.5247308,0.0068838,4.1923e-09,1.02965833333334e-09,1.03363670048309e-09,-4.10497584540542e-13,-1.05599535734197e-13,-1.1153885939551e-13,NaN
65.6144902,0.0081347,5.2259e-09,1.03965e-09,1.03339817713366e-09,-1.4925684379989e-13,-1.43934335923995e-13,-1.35033529220102e-13,NaN
75.7147354,0.0093869,6.2716e-09,1.03355e-09,1.03333818679549e-09,1.61787439603696e-14,-1.8434799443019e-13,-1.63418419441192e-13,NaN
85.8039570666664,0.0106377333333333,7.293e-09,1.0344e-09,1.03343053462158e-09,-1.74879227062413e-14,-1.98614901787021e-13,-1.87127486625395e-13,NaN
95.90474,0.01189,8.3404e-09,1.0306e-09,1.03330321095008e-09,-1.99867793880664e-13,-2.02498939531928e-13,-1.99725254503844e-13,NaN
105.9928862,0.0131407,9.3542e-09,1.02665e-09,1.03303079903382e-09,-9.82691626406987e-14,-1.80518924906882e-13,-2.00034681442905e-13,-9.5668760690085e-07
116.090846033334,0.0143926166666667,1.03937e-08,1.0394e-09,1.0331066726248e-09,-1.62156763285311e-13,-1.94956077076887e-13,-1.93467596339789e-13,-9.252798085816e-07
126.1909568,0.0156448,1.1433e-08,1.03393333333335e-09,1.03270648550725e-09,-5.39992512078282e-13,-2.307671569154e-13,-1.86164241567006e-13,-8.90350720537855e-07
136.284883633334,0.0168962166666667,1.24615666666667e-08,1.0249e-09,1.03202668760064e-09,-7.09024959742971e-13,-1.99219227208784e-13,-1.78127303830148e-13,-8.51913192231143e-07
146.381499133334,0.0181479666666667,1.34828e-08,1.02866666666665e-09,1.03128843558776e-09,-6.11137198066784e-13,-1.38339778291255e-13,-1.71180154511111e-13,-8.18687695487922e-07
156.469779766666,0.0193986833333333,1.45189e-08,1.0367e-09,1.03080441320451e-09,-1.0903172302666e-13,-1.16038083813737e-13,-1.65080764813043e-13,-7.89516701279771e-07
166.5689495,0.02065075,1.55562e-08,1.03545e-09,1.03107037214171e-09,2.67869082125199e-13,-1.25930038974114e-13,-1.58046895608444e-13,-7.55876457257776e-07
176.658843333334,0.0219016666666667,1.65898e-08,1.03485e-09,1.03134015136876e-09,1.40026489532842e-13,-1.48846321112134e-13,-1.47879020020995e-13,-7.07247487056933e-07
186.759222966666,0.0231538833333333,1.76259e-08,1.03351666666665e-09,1.03135042512077e-09,2.97371980677316e-13,-1.67526486343392e-13,-1.28323230474873e-13,-6.13719797923306e-07
196.859064866666,0.0244060333333333,1.86568333333333e-08,1.029e-09,1.03193489533011e-09,3.3889371980768e-13,-1.58469107796912e-13,-1.04225922008491e-13,-4.98471800910174e-07
206.9509752,0.0256572,1.96839e-08,1.02778333333335e-09,1.03202821256039e-09,5.07359098229676e-14,-1.23059671870793e-13,-8.63952114982456e-14,-4.13194489774218e-07
217.0492039,0.02690915,2.07124e-08,1.02685e-09,1.03203636714976e-09,-1.88265700483634e-13,-8.04927274847253e-14,-7.70066038537906e-14,-3.68292453213781e-07
227.1401732,0.0281602,2.17376e-08,1.02604166666665e-09,1.03165168115942e-09,-5.97299516908889e-13,-4.94964550550952e-14,-7.41323798366393e-14,-3.54546164436101e-07
237.2363854,0.0294119,2.27644833333333e-08,1.0281e-09,1.03084176811594e-09,-3.59512077294822e-13,-1.88045500553324e-14,-7.71744553462062e-14,-3.69095221220986e-07
247.3261448,0.0306628,2.37938e-08,1.03275833333335e-09,1.03093265700483e-09,1.92093397747951e-14,-6.16555328383017e-15,-8.73484703540303e-14,-4.17753553867101e-07
257.4239702,0.0319147,2.483e-08,1.03660833333335e-09,1.03088018679549e-09,-3.06685990337635e-13,-4.81429641298587e-14,-1.03284873358839e-13,-4.93971133455317e-07
267.5137296,0.0331656,2.58670166666667e-08,1.0389e-09,1.03031928502416e-09,-4.46290660225114e-13,-1.29096327880273e-13,-1.19692694664252e-13,-5.72443322307292e-07
277.6147814,0.0344179,2.69078e-08,1.03734166666665e-09,1.02998760547504e-09,-7.83752012883665e-14,-1.99025691257078e-13,-1.29927614870904e-13,-6.21392940686932e-07
287.713144533334,0.0356698666666667,2.79417e-08,1.03155e-09,1.03016253462158e-09,1.84552334944336e-13,-2.11751035559035e-13,-1.27541724520056e-13,-6.09982160748094e-07
297.804786,0.036921,2.89709e-08,1.02765833333335e-09,1.03035671014493e-09,2.26943639292076e-13,-1.74545550763627e-13,-1.13019404280062e-13,-5.40527585687253e-07
307.9030147,0.03817295,2.99970166666667e-08,1.0257e-09,1.03061642190016e-09,2.32349436392045e-13,-1.22530471189689e-13,-8.99404867461427e-14,-4.30150154003291e-07
317.994521733334,0.0394240666666667,3.10223e-08,1.02459166666665e-09,1.03082140901771e-09,7.78985507239558e-14,-4.41521133904791e-14,-5.53127729758993e-14,-2.64539349015171e-07
328.0942292,0.0406762,3.20462e-08,1.02621666666665e-09,1.03077221900161e-09,-1.47569243155977e-13,4.46445073009244e-14,-8.99447785838275e-15,-4.30170680183523e-08
338.181837666666,0.0419268333333333,3.30747333333333e-08,1.028e-09,1.0305262705314e-09,-3.01082125604099e-13,1.05334993115475e-13,4.00348951163682e-14,1.91471237513065e-07
348.279931933334,0.0431787666666667,3.41022e-08,1.03068333333335e-09,1.0301700547504e-09,-3.74977455718297e-13,1.31718177787165e-13,8.23467513569698e-14,3.93832289098551e-07
358.3772196,0.0444306,3.51361e-08,1.03325e-09,1.02977631561997e-09,-3.74732689212198e-13,1.15320519031897e-13,1.14005242664518e-13,5.4524246491726e-07
368.4693988,0.0456818,3.61687e-08,1.0327e-09,1.02942058937198e-09,-1.97452495973734e-13,1.07543639913705e-13,1.37432205376886e-13,6.5728446049815e-07
378.566148733334,0.0469335666666667,3.72015e-08,1.03258333333335e-09,1.02938141062802e-09,3.16075684381368e-13,1.37129497071016e-13,1.5741433478398e-13,7.52851166358165e-07
388.6594034,0.0481849,3.82338666666667e-08,1.0319e-09,1.03005274074074e-09,8.54857487924745e-13,1.58054484351916e-13,1.76072126044282e-13,8.42084081081349e-07
398.7584387,0.04943695,3.92653e-08,1.030175e-09,1.03109112560387e-09,8.90579710145556e-13,1.68516767407869e-13,1.96449262319693e-13,9.39539950224619e-07
408.851693366666,0.0506882833333333,4.02942166666667e-08,1.0301e-09,1.03183390016103e-09,5.92297101447986e-13,1.98874098811937e-13,2.2039179438611e-13,1.0540477122814e-06
418.950190933334,0.0519402666666667,4.13255e-08,1.03031666666665e-09,1.03227571980676e-09,3.28702093397817e-13,2.43508348697327e-13,2.45915392102599e-13,1.1761170926646e-06
429.0377994,0.0531909,4.235485e-08,1.03025e-09,1.03249130434783e-09,8.29500805161822e-14,2.82832393599358e-13,2.68770034418466e-13,1.28542190374049e-06
439.136700266666,0.0544429333333333,4.3386e-08,1.0314e-09,1.0324416199678e-09,-1.5536231884155e-13,3.08850105564598e-13,2.79392537796376e-13,1.33622518076528e-06
449.236811033334,0.0556951166666667,4.441765e-08,1.03186666666665e-09,1.03218057971014e-09,-2.6268438003374e-13,3.11034929325461e-13,2.73523759511021e-13,1.30815711070488e-06
459.3240162,0.0569457,4.54497333333333e-08,1.033975e-09,1.03191625120773e-09,-8.33043478267162e-14,2.8785038375073e-13,2.57119536550335e-13,1.22970213132769e-06
469.4238581,0.05819785,4.64856e-08,1.03493333333335e-09,1.03201397101449e-09,2.4791465378427e-13,2.48368314779874e-13,2.33965171253563e-13,1.11896386251704e-06
479.514558533334,0.0594488666666667,4.75196e-08,1.03428333333335e-09,1.0324120805153e-09,5.26737520129328e-13,2.0306734190597e-13,2.04467947481974e-13,9.77890183609441e-07
489.6134594,0.0607009,4.85541666666667e-08,1.035325e-09,1.03306744605475e-09,6.11798711755341e-13,1.52258566594043e-13,1.72386324413359e-13,8.24456334150847e-07
499.704832,0.061952,4.959025e-08,1.0358e-09,1.03363567793881e-09,4.40640096617909e-13,9.7849134090732e-14,1.43554843987951e-13,6.86566645159766e-07
509.804001733334,0.0632040666666667,5.06257666666667e-08,1.029425e-09,1.03394872624799e-09,2.44019323671913e-13,7.23957351005288e-14,1.21571202189131e-13,5.81427488730627e-07
519.900617233334,0.0644558166666667,5.16491e-08,1.0267833333333e-09,1.03412371658615e-09,8.26586151381722e-14,8.94519579608527e-14,1.05736727907092e-13,5.05697394338266e-07
529.9934686,0.0657071,5.26793333333333e-08,1.03225e-09,1.03411404347826e-09,-1.10990338163612e-13,1.0666416003496e-13,9.26897261264554e-14,4.43298690170004e-07
540.0921006,0.0669591,5.37136e-08,1.03363333333335e-09,1.03390173590982e-09,-2.59193236715827e-13,1.02166562580315e-13,7.91414224060423e-14,3.7850245498542e-07
550.18186,0.06821,5.47466e-08,1.03406666666665e-09,1.03359565700483e-09,-2.62025764896995e-13,9.43367989919405e-14,6.35794233952767e-14,3.04075503194802e-07
560.278341066666,0.0694617333333333,5.57817333333333e-08,1.036225e-09,1.03337768438003e-09,-1.17688405797288e-13,8.43286206603361e-14,4.71173475063118e-14,2.25343835899752e-07
570.367159433334,0.0707125166666667,5.681905e-08,1.03823333333335e-09,1.03336028019324e-09,9.09468599043557e-14,5.39209672727931e-14,2.98409916920393e-14,1.42717786353231e-07
580.4672702,0.0719647,5.78582e-08,1.039975e-09,1.03355957809984e-09,2.51161030595566e-13,1.1527705823602e-16,1.03797671799913e-14,4.96423647738714e-08
590.567784266666,0.0732169333333333,5.8899e-08,1.0356e-09,1.03386260225443e-09,2.8532045088503e-13,-4.75723310540086e-14,-8.67337444759049e-15,-4.14813560536936e-08
600.6584847,0.07446795,5.99294e-08,1.03225e-09,1.03413021900161e-09,1.41951690822067e-13,-6.95263077318487e-14,-2.22426938145986e-14,-1.06378100852428e-07
610.7591332,0.0757202,6.09635e-08,1.02921666666665e-09,1.03414650563607e-09,-2.47858293064472e-14,-6.48712055512619e-14,-3.05449805023958e-14,-1.46084689359284e-07
620.849027033334,0.0769711166666667,6.19878333333333e-08,1.0285e-09,1.034080647343e-09,-6.21207729463414e-14,-4.33548057906959e-14,-3.84626011800079e-14,-1.83951570860907e-07
630.947793466667,0.0782231333333333,6.30205e-08,1.03140833333335e-09,1.03402226409018e-09,-1.99215780997751e-13,-2.89029525386134e-14,-4.50574695836665e-14,-2.15492245834927e-07
641.0364774,0.0794739,6.405065e-08,1.03249999999999e-09,1.033682215781e-09,-3.69460547504585e-13,-2.63931561218358e-14,-5.40711936613221e-14,-2.58601360988932e-07
651.135647133334,0.0807259666666667,6.50855e-08,1.03316666666665e-09,1.03328334299517e-09,-1.94512077295681e-13,-3.50667718420063e-14,-8.06884526007231e-14,-3.85901295046937e-07
661.2248688,0.0819768,6.61169833333333e-08,1.036025e-09,1.03329319162641e-09,7.56392914649835e-14,-6.72917712584018e-14,-1.23590591333425e-13,-5.91085436812033e-07
671.3226942,0.0832287,6.715755e-08,1.03823333333335e-09,1.0334346215781e-09,2.82326892106209e-14,-1.25590164064202e-13,-1.66662727121777e-13,-7.97082607973716e-07
681.4229394,0.0844809,6.819345e-08,1.03718333333335e-09,1.03334965700483e-09,-1.5789533011223e-13,-1.9259784172315e-13,-2.00426653961881e-13,-9.58562258078561e-07
691.5135054,0.0857319,6.92319166666667e-08,1.034825e-09,1.03311883091787e-09,-1.64064412237345e-13,-2.42536606688603e-13,-2.20137353964254e-13,-1.0528308233073e-06
701.6137506,0.0869841,7.02631e-08,1.0303833333333e-09,1.03302152818036e-09,-3.36376811589341e-14,-3.20451041253326e-13,-2.24001474359867e-13,-1.07131139911241e-06
711.70351,0.088235,7.12926833333333e-08,1.0288e-09,1.03305155555556e-09,-7.62342995166184e-14,-3.78900823667515e-13,-2.15972163321542e-13,-1.03291034632042e-06
721.802142,0.089487,7.23207e-08,1.02880833333335e-09,1.03286905958132e-09,-2.25898550723364e-13,-2.68685244463151e-13,-2.01165937457969e-13,-9.62097961755504e-07
731.890960366666,0.0907377833333333,7.33503e-08,1.03155e-09,1.03259975845411e-09,-3.63324476650387e-13,-1.04948600278569e-13,-1.81301157733253e-13,-8.67092493506862e-07
741.990264533334,0.0919898666666667,7.43838e-08,1.0345e-09,1.03214241062802e-09,-4.85817230276147e-13,-3.8332706636691e-14,-1.57411623411377e-13,-7.52838198923977e-07
752.087283333334,0.0932416666666667,7.54193e-08,1.036775e-09,1.03162812399356e-09,-4.76838164251475e-13,-3.84981829216442e-14,-1.3315959216958e-13,-6.36850223419731e-07
762.1789248,0.0944928,7.645735e-08,1.03605e-09,1.03118873429952e-09,-4.49998389692174e-13,-7.89366838585544e-14,-1.15055441333242e-13,-5.50265154202462e-07
772.277287933334,0.0957447666666667,7.74914e-08,1.03257499999999e-09,1.03072812721417e-09,-4.42447665057217e-13,-1.44310779714579e-13,-1.08653679532542e-13,-5.1964803254694e-07
782.368660533334,0.0969958666666667,7.85225e-08,1.0284e-09,1.0303038389694e-09,-2.85394524961617e-13,-1.96767110862268e-13,-1.25491767737405e-13,-6.00178019613676e-07
792.469040166667,0.0982480833333333,7.95482e-08,1.02458333333336e-09,1.03015733816425e-09,-2.00426731081183e-14,-2.15185981780902e-13,-1.72401328095805e-13,-8.2452809089298e-07
802.5585307,0.09949895,8.05716666666667e-08,1.025825e-09,1.03026375362319e-09,1.55755233495239e-13,-2.22291077349093e-13,-2.33643189488646e-13,-1.11742394972831e-06
812.657431566664,0.100750983333333,8.159985e-08,1.02914999999999e-09,1.03046884863124e-09,9.30982286643753e-14,-2.52116349973397e-13,-2.96466660971113e-13,-1.41788403073141e-06
822.7570046,0.1020031,8.26299666666667e-08,1.029525e-09,1.03044995008052e-09,1.07989774557097e-12,-3.17171867099417e-13,-3.61064014431619e-13,-1.72682789510774e-06
832.846764,0.103254,8.36589e-08,1.03115e-09,1.03262864412238e-09,1.57552334943484e-12,-4.01128407975688e-13,-4.27059476489878e-13,-2.04245836582116e-06
842.944723833336,0.104505916666667,8.46922666666667e-08,1.0326e-09,1.03360099677939e-09,-8.97333333333208e-13,-4.9133796230278e-13,-4.94602517997502e-13,-2.36549030346631e-06
853.035962,0.105757,8.57241e-08,1.0316833333333e-09,1.03083397745572e-09,-2.43835024154577e-12,-5.75835894421158e-13,-5.63537141772076e-13,-2.6951776345621e-06
863.1325775,0.10700875,8.67556333333333e-08,1.031225e-09,1.0287242962963e-09,-1.66319001609995e-12,-6.4879593829608e-13,-6.29185552901851e-13,-3.00914829648711e-06
873.2243534,0.1082599,8.778655e-08,1.02974166666671e-09,1.02750759742352e-09,-9.49908212558643e-13,-7.05637643508986e-13,-6.82039448208025e-13,-3.26192779577751e-06
883.323792,0.109512,8.88151166666667e-08,1.02984166666665e-09,1.02682447987118e-09,-5.58834943646694e-13,-7.30789938622227e-13,-7.25372746768085e-13,-3.46917400628215e-06
893.4127448,0.1107628,8.98462333333333e-08,1.03074166666664e-09,1.02638992753622e-09,-3.91312399357494e-13,-7.30234218768203e-13,-7.56814236068436e-13,-3.61954634641426e-06
903.51299,0.112015,9.08766e-08,1.03088333333335e-09,1.02604185507246e-09,-4.82801127211269e-13,-7.12702768792516e-13,-7.42671542281808e-13,-3.55190737613039e-06
913.611622,0.113267,9.1908e-08,1.02985000000001e-09,1.0254243252818e-09,-8.11413848636673e-13,-6.68916364909235e-13,-6.66674775628428e-13,-3.18844457909248e-06
923.702188,0.114518,9.29363e-08,1.0295e-09,1.02441902737519e-09,-1.14350080515666e-12,-5.97394491509357e-13,-5.43841389740312e-13,-2.60098055962758e-06
933.800954433336,0.115770016666667,9.3967e-08,1.0287e-09,1.02313732367149e-09,-1.12788164251098e-12,-5.02803707127073e-13,-3.88309793627838e-13,-1.8571337956114e-06
943.8905794,0.1170209,9.49937e-08,1.03196666666665e-09,1.02216326409017e-09,-6.33407407410425e-13,-3.96398738671563e-13,-2.10718888547885e-13,-1.00778598870728e-06
953.9884048,0.1182728,9.60309333333333e-08,9.83149999999998e-10,1.02187050885667e-09,-9.04750402622855e-15,-1.1358642286459e-13,-2.14144869119716e-14,-1.02417111318125e-07
964.080315133336,0.119523966666667,9.696e-08,9.83783333333344e-10,1.02214516908212e-09,4.7004025765877e-13,3.42233816736693e-13,1.71548322235555e-13,8.20448497648306e-07
974.178947133336,0.120775966666667,9.79985e-08,1.03991666666665e-09,1.02281058937198e-09,7.38495974241492e-13,5.85051753367149e-13,3.61410391094731e-13,1.72848447914871e-06
984.277848,0.122028,9.90398333333333e-08,1.03750000000001e-09,1.0236221610306e-09,9.26636070856977e-13,6.15560208173626e-13,5.40109410900586e-13,2.58313196517672e-06
994.368279566664,0.123278983333333,1.000735e-07,1.03049999999985e-09,1.0246638615137e-09,1.01746618357845e-12,6.64813311552876e-13,6.95672457715959e-13,3.32712914559807e-06
1004.46691156666,0.124530983333333,1.01100833333333e-07,1.028e-09,1.02565709339776e-09,9.1116344604875e-13,7.37958384095627e-13,8.10959427344159e-13,3.87850160903728e-06
1014.557612,0.125782,1.021295e-07,1.0270833333335e-09,1.0264861884058e-09,8.50946054744848e-13,8.05101860955849e-13,8.7012248029529e-13,4.16145534054269e-06
1024.65637843334,0.127034016666667,1.03155e-07,1.0249166666665e-09,1.02735898550724e-09,8.72612721413837e-13,8.58437748218551e-13,8.62250092559861e-13,4.12380479050368e-06
1034.74667556666,0.128284983333333,1.04179333333333e-07,1.02649999999999e-09,1.02823141384862e-09,8.90301127214093e-13,8.84153928759617e-13,8.0518255991356e-13,3.85087311263007e-06
1044.845442,0.129537,1.05208e-07,1.02983333333349e-09,1.02913958776167e-09,1.07937681160378e-12,8.49550075226565e-13,7.34056013319543e-13,3.51070267239781e-06
1054.93573913334,0.130787966666667,1.06239e-07,1.03800000000001e-09,1.03039016747183e-09,1.41116908213241e-12,7.27185772052931e-13,6.49946652902893e-13,3.1084405138834e-06
1065.0342367,0.13203995,1.07284e-07,1.04150000000001e-09,1.03196192592594e-09,1.81806763285082e-12,5.40536077855216e-13,5.44530484739291e-13,2.60427623136183e-06
1075.133272,0.133292,1.08322e-07,1.0358333333335e-09,1.03402630273753e-09,5.28149758454397e-13,3.58682162787702e-13,4.2686728526998e-13,2.04153919042164e-06
1085.22356913334,0.134542966666667,1.09355666666667e-07,1.0315e-09,1.03301822544285e-09,-1.55403703703663e-12,2.1792743167662e-13,3.07320590683425e-13,1.46979412935551e-06
1095.32247,0.135795,1.10385e-07,1.02916666666649e-09,1.03091822866346e-09,-8.35859903381306e-13,1.18136762116749e-13,1.93499432711108e-13,9.25432069487908e-07
1105.413036,0.137046,1.11414e-07,1.02799999999999e-09,1.03134650563608e-09,3.91014492757968e-13,5.20321787354205e-14,9.07518340204979e-14,4.34030510532816e-07
1115.51153356666,0.138297983333333,1.12441e-07,1.02491666666651e-09,1.03170025764898e-09,8.52737520097487e-14,1.46671023049498e-14,3.51622047262455e-15,1.68167066082044e-08
1125.602234,0.139549,1.13463833333333e-07,1.0245e-09,1.0315170531401e-09,-2.55386473445218e-13,-1.13998858002078e-14,-6.72762913801774e-14,-3.21756176166066e-07
1135.700866,0.140801,1.1449e-07,1.0280833333335e-09,1.03118948470208e-09,-3.09339774560432e-13,-5.11143085415806e-14,-1.17931686290631e-13,-5.64021108346496e-07
1145.7990947,0.14205295,1.1552e-07,1.0305e-09,1.03089837359098e-09,-3.80925925926992e-13,-1.05788015435586e-13,-1.43720472702054e-13,-6.87358782488084e-07
1155.88952626666,0.143303933333333,1.16551e-07,1.0343333333335e-09,1.03042763285023e-09,-5.09983896944589e-13,-1.66830545405983e-13,-1.52695283082866e-13,-7.30281788657185e-07
1165.98856156666,0.144555983333333,1.17588666666667e-07,1.0375e-09,1.02987840579709e-09,-4.32342995166041e-13,-2.19804411463218e-13,-1.52191908685659e-13,-7.27874345887934e-07
1176.079262,0.145807,1.18626e-07,1.0361666666665e-09,1.0295629468599e-09,6.24074074035618e-14,-2.30603184207107e-13,-1.39317228579708e-13,-6.66299788859473e-07
1186.17735626666,0.147058933333333,1.19661e-07,1.0335e-09,1.0300032206119e-09,6.29186795486319e-13,-1.77935069664839e-13,-1.11719097235528e-13,-5.34308725909047e-07
1196.26832556666,0.148309983333333,1.20693e-07,1.03149999999999e-09,1.03082132045087e-09,7.16682769737529e-13,-4.52430690735425e-14,-6.98473783890797e-14,-3.3405267925212e-07
1206.36682313334,0.149561966666667,1.21724e-07,1.02525e-09,1.03143658615138e-09,4.89838969415443e-13,7.20041472756987e-14,-1.56932889290138e-14,-7.50548600952834e-08
1216.465724,0.150814,1.227435e-07,1.02350000000001e-09,1.0318009983897e-09,2.25394524955312e-13,7.52293346393462e-14,4.51569892350542e-14,2.15968209385042e-07
1226.55629,0.152065,1.23771e-07,1.02849999999999e-09,1.03188737520129e-09,-8.91626409078273e-14,8.52255797482369e-14,1.02739288847863e-13,4.9136181622891e-07
1236.654922,0.153317,1.248005e-07,1.0299166666665e-09,1.03162267310789e-09,-4.12600644134232e-13,1.49573941048742e-13,1.44639117478849e-13,6.917523009858e-07
1246.74535356666,0.154567983333333,1.25830833333333e-07,1.03375e-09,1.03106217391302e-09,-5.38582930764564e-13,1.88584609520646e-13,1.62227206436976e-13,7.75869248176842e-07
1256.84412,0.15582,1.26868e-07,1.0345833333335e-09,1.03054550724636e-09,-4.04710144921434e-13,1.9287568593615e-13,1.57631059362674e-13,7.53887675212789e-07
1266.93455156666,0.157070983333333,1.279e-07,1.03299999999999e-09,1.03025275362317e-09,-1.09516908209951e-13,1.8242055590643e-13,1.40772893183953e-13,6.73261663053688e-07
1277.033318,0.158323,1.28934e-07,1.03249999999999e-09,1.03032647342994e-09,2.8636070853988e-13,1.54848145815214e-13,1.28945359715425e-13,6.16695198638989e-07
1287.1234807,0.15957395,1.29965e-07,1.03391666666651e-09,1.03082547504025e-09,6.10450885672208e-13,1.06753150209918e-13,1.3339950651255e-13,6.3799763984263e-07
1297.22238156666,0.160825983333333,1.31001833333333e-07,1.03275000000001e-09,1.03154737520128e-09,6.72898550720892e-13,6.58024286840617e-14,1.47877340543248e-13,7.07239454772056e-07
1307.32101356666,0.162077983333333,1.320305e-07,1.0290833333335e-09,1.0321712721417e-09,6.53397745571395e-13,7.42856511633099e-14,1.69601625647885e-13,8.1113820962032e-07
1317.411714,0.163329,1.3306e-07,1.02875e-09,1.03285417069242e-09,5.91690821259319e-13,1.39393712806391e-13,1.99872588756358e-13,9.55912381008669e-07
1327.510346,0.164581,1.34088e-07,1.0286666666665e-09,1.03335465378422e-09,1.66610305957777e-13,2.22706661379109e-13,2.31106022176322e-13,1.10528967127806e-06
1337.60077756666,0.165831983333333,1.35117333333333e-07,1.029e-09,1.03318739130434e-09,-2.58864734297249e-13,3.0155613278039e-13,2.53355857608695e-13,1.21170192769376e-06
1347.699544,0.167084,1.36146e-07,1.03099999999999e-09,1.03283692431562e-09,-2.61320450878e-13,3.57382286639002e-13,2.60732890018535e-13,1.24698338704517e-06
1357.78984113334,0.168334966666667,1.37179333333333e-07,1.036e-09,1.03266475040258e-09,-1.46086956517045e-13,3.5317188266169e-13,2.50703846654913e-13,1.19901839704524e-06
1367.88860756666,0.169586983333333,1.38218e-07,1.03858333333351e-09,1.03254475040259e-09,-6.34460547066075e-15,2.86599881757306e-13,2.19985764294204e-13,1.05210582923315e-06
1377.98723956666,0.170838983333333,1.392565e-07,1.0374166666665e-09,1.03265206119164e-09,1.94734299515619e-13,1.84644564246287e-13,1.70126406828861e-13,8.1364803265977e-07
1388.07780556666,0.172089983333333,1.40292833333333e-07,1.03725000000001e-09,1.03293421900162e-09,3.28872785823607e-13,6.97149229486079e-14,1.14274872577422e-13,5.46531999283323e-07
1398.17630313334,0.173341966666667,1.41331e-07,1.03375e-09,1.03330980676329e-09,4.99557165864623e-13,-2.58701455480529e-14,6.36903540395728e-14,3.04606041058826e-07
1408.26700356666,0.174592983333333,1.42360333333333e-07,1.0305e-09,1.03393333333335e-09,6.68188405808473e-13,-7.55606571897645e-14,2.0107989185354e-14,9.61686439299539e-08
1418.36577,0.175845,1.43392e-07,1.03083333333349e-09,1.03464618357491e-09,5.52713365549695e-13,-7.99844025906482e-14,-1.67817225986527e-14,-8.0260412428339e-08
1428.45620156666,0.177095983333333,1.44422e-07,1.03299999999999e-09,1.03503876006445e-09,1.37785829308761e-13,-6.27612701961025e-14,-4.6014191545897e-14,-2.20067872610812e-07
1438.55483356666,0.178347983333333,1.45458e-07,1.0305e-09,1.03492175523352e-09,-2.80152979068197e-13,-2.13379184257149e-14,-6.83787077739244e-14,-3.2702860239703e-07
1448.64566843334,0.179599016666667,1.46483e-07,1.03150000000001e-09,1.03447845410631e-09,-5.18832528186629e-13,2.21794363155826e-14,-8.93388430039379e-14,-4.27272727410138e-07
1458.74403156666,0.180850983333333,1.47521e-07,1.0355833333335e-09,1.03388409017715e-09,-7.89347826098786e-13,-1.55549114349361e-14,-1.15394085260326e-13,-5.51884755592863e-07
1468.84266356666,0.182102983333333,1.48554166666667e-07,1.035e-09,1.03289975845411e-09,-9.31578099849628e-13,-1.18330747511711e-13,-1.49547035724793e-13,-7.15224953466401e-07
1478.9329607,0.18335395,1.49591e-07,1.0355e-09,1.03202093397745e-09,-5.46787439612582e-13,-2.13155535332162e-13,-1.87845700566634e-13,-8.98392480970858e-07
1489.03172713334,0.184605966666667,1.50625166666667e-07,1.03566666666651e-09,1.03180618357489e-09,-7.49194846832056e-14,-2.67540320663765e-13,-2.20030259068257e-13,-1.05231863032645e-06
1499.12229313334,0.185856966666667,1.51662333333333e-07,1.0364166666665e-09,1.03187109500809e-09,2.00120772947422e-13,-2.8426643017997e-13,-2.35118890488826e-13,-1.12448165016395e-06
1509.22105956666,0.187108983333333,1.52698e-07,1.03591666666699e-09,1.03220642512078e-09,4.49484702078096e-13,-2.87716094505644e-13,-2.27091979101749e-13,-1.08609207396489e-06
1519.31176,0.18836,1.53734166666667e-07,1.0335833333335e-09,1.03277006441224e-09,4.34388083733418e-13,-2.61290155356488e-13,-1.9055134449806e-13,-9.11332517164635e-07
1529.410392,0.189612,1.54765166666667e-07,1.02775000000001e-09,1.03307520128825e-09,1.43542673103439e-13,-1.80553542288997e-13,-1.24820028417555e-13,-5.9696535330135e-07
1539.50888956666,0.190863983333333,1.55789666666667e-07,1.02508333333299e-09,1.03305714975845e-09,-1.84178743961294e-13,-5.63120446251928e-14,-4.60473031977576e-14,-2.20226232684928e-07
1549.59959,0.192115,1.56815333333333e-07,1.02666666666649e-09,1.03270684380033e-09,-3.90064412243006e-13,7.49990089209697e-14,2.7784763491987e-14,1.32883651483416e-07
1559.69808756666,0.193366983333333,1.57843e-07,1.0288333333335e-09,1.03227702093396e-09,-7.99468599054504e-13,1.72406506568289e-13,8.67564373434979e-14,4.14922091642816e-07
1569.78865356666,0.194617983333333,1.58873e-07,1.03150000000001e-09,1.03110790660222e-09,-9.74243156209076e-13,2.17121768690795e-13,1.25904352857926e-13,6.02151252798776e-07
1579.88728556666,0.195869983333333,1.59906e-07,1.03200000000001e-09,1.03032853462154e-09,-4.20692431385801e-14,2.19671632943077e-13,1.46070079965061e-13,6.98596034615509e-07
1589.97785156666,0.197120983333333,1.60937e-07,1.03808333333351e-09,1.03102376811594e-09,8.16731078915677e-13,1.7602008603787e-13,1.48690497747082e-13,7.11128467486044e-07
1600.076618,0.198373,1.61982166666667e-07,1.0393333333335e-09,1.03196199677938e-09,9.86103059573904e-13,9.94409608926419e-14,1.39010815475044e-13,6.64834334880645e-07
1610.17511556666,0.199624983333333,1.63015666666667e-07,1.03491666666649e-09,1.03299597423509e-09,6.99927536231385e-13,5.05693668454817e-14,1.26311000311341e-13,6.04096088445544e-07
1620.265816,0.200876,1.64052e-07,1.035083333333e-09,1.03336185185184e-09,3.89363929141905e-13,3.71099348890807e-14,1.2050338292232e-13,5.76320527019791e-07
1630.36417913334,0.202127966666667,1.65085833333333e-07,1.03133333333349e-09,1.03377470209337e-09,5.69130434785446e-13,4.80833858462855e-14,1.25392075711212e-13,5.99701231662318e-07
1640.45474513334,0.203378966666667,1.66114666666667e-07,1.02774999999999e-09,1.03450011272141e-09,4.82721417086639e-13,9.45773468098285e-14,1.29199481999595e-13,6.17910566085019e-07
1650.55351156666,0.204630983333333,1.67141333333333e-07,1.02766666666651e-09,1.03474014492754e-09,-3.13929146458903e-14,1.49005335016933e-13,1.19507639352118e-13,5.71558275162303e-07
1660.64407756666,0.205881983333333,1.6817e-07,1.02774999999999e-09,1.03443732689212e-09,-4.76239935594253e-13,1.89823938329054e-13,9.44103022141493e-14,4.5152753232854e-07
1670.742844,0.207134,1.69196833333333e-07,1.0319166666665e-09,1.03378766505636e-09,-6.91529790666764e-13,1.89646146548477e-13,5.80952665395758e-14,2.77846926928406e-07
1680.83341,0.208385,1.70233833333333e-07,1.03583333333351e-09,1.03305426731078e-09,-6.30378421896518e-13,1.31960885904497e-13,1.52165393410319e-14,7.27747533701526e-08
1690.93177313334,0.209636966666667,1.712685e-07,1.04916666666701e-09,1.03252690821256e-09,-3.33840579706559e-13,1.28625483424387e-15,-3.15580149458992e-14,-1.50929636697779e-07
1701.03874,0.21089,1.72332166666667e-07,1.04924999999999e-09,1.03238658615137e-09,-4.26570048279007e-14,-1.82982865410971e-13,-7.78939303322326e-14,-3.7253618854546e-07
1711.12124,0.21214,1.73367e-07,1.031583333333e-09,1.03244159420291e-09,2.90636070857104e-13,-2.84752446963594e-13,-1.15755701678951e-13,-5.5361422542107e-07
1721.20374,0.21339,1.74395333333333e-07,1.02558333333351e-09,1.03296785829309e-09,5.32415458941829e-13,-2.59542929821488e-13,-1.35963773254878e-13,-6.5026152426246e-07
1731.28624,0.21464,1.75418166666667e-07,1.02133333333349e-09,1.03350642512079e-09,3.12657004839316e-13,-1.61691093529489e-13,-1.34210838171146e-13,-6.4187792168809e-07
1741.36874,0.21589,1.76438e-07,1.0309166666665e-09,1.03359317230276e-09,1.12971014487089e-13,-6.83594576297122e-14,-1.1118499643258e-13,-5.31754330764513e-07
1751.5319,0.21715,1.7748e-07,1.03175e-09,1.03373236714977e-09,-2.91626409114485e-14,-2.64482718378338e-14,-7.30140055974652e-14,-3.49197418074834e-07
1761.6144,0.2184,1.785015e-07,1.02625000000001e-09,1.03353484702094e-09,-3.61723027378262e-13,1.48226438577427e-14,-2.86939425005108e-14,-1.37231898915486e-07
1771.6969,0.21965,1.795325e-07,1.03175e-09,1.03300892109501e-09,-5.34178743966675e-13,6.14255112913518e-14,6.77284137702698e-15,3.23918500640421e-08
1781.7794,0.2209,1.80565e-07,1.03483333333351e-09,1.03246648953301e-09,-7.32342995165823e-13,7.08694018523358e-14,1.7324695289061e-14,8.28572383389874e-08
1791.8619,0.22215,1.81602166666667e-07,1.037e-09,1.03154423510468e-09,-6.32399355871321e-13,3.66552078213173e-14,4.54938089364722e-15,2.17579086217911e-08
1801.9444,0.2234,1.82639e-07,1.03941666666649e-09,1.03120169082127e-09,-1.07520128825034e-13,-2.37828840829001e-14,-2.25056251178095e-14,-1.07635598389524e-07
1812.10756,0.22466,1.83681e-07,1.03824999999999e-09,1.03132919484703e-09,5.76400966185629e-13,-8.47948345753951e-14,-5.28189400393963e-14,-2.52612321927547e-07
1822.19006,0.22591,1.847155e-07,1.03425e-09,1.03235449275364e-09,1.29541062802345e-12,-1.23622037077659e-13,-7.69698053738774e-14,-3.68116460483761e-07
1832.27256,0.22716,1.857495e-07,1.03016666666652e-09,1.03392001610307e-09,1.06371980675285e-12,-1.45150144306819e-13,-9.61347023653916e-14,-4.59774663486655e-07
1842.35506,0.22841,1.86775833333333e-07,1.02708333333349e-09,1.03448193236714e-09,1.14975845406655e-13,-1.37956040982191e-13,-1.07016279135469e-13,-5.11816987169634e-07
1852.43756,0.22966,1.87803666666667e-07,1.0280833333335e-09,1.03414996779389e-09,-7.69090177123635e-13,-1.09229237556283e-13,-1.06935208588929e-13,-5.11429258468791e-07
1862.52006,0.23091,1.88832e-07,1.0316666666665e-09,1.03294375201289e-09,-1.03918679549925e-12,-1.00185219414737e-13,-1.03610205385538e-13,-4.95527069235182e-07
1872.68322,0.23217,1.89867e-07,1.03149999999999e-09,1.03207159420289e-09,-5.92495974251097e-13,-8.30610624914996e-14,-1.05579113100793e-13,-5.04943584395097e-07
1882.76572,0.23342,1.90895e-07,1.03358333333349e-09,1.03175876006439e-09,-3.45837359102419e-13,-6.15028822156889e-14,-1.18596932594836e-13,-5.67202721105737e-07
1892.84822,0.23467,1.91934166666667e-07,1.03483333333352e-09,1.03137991948468e-09,-3.72173913037464e-13,-8.02993130938239e-14,-1.4043893148161e-13,-6.71664454912048e-07
1902.93072,0.23592,1.92964666666667e-07,1.03350000000001e-09,1.03101441223832e-09,-1.90314009650705e-13,-1.10092899875433e-13,-1.60872257862563e-13,-7.69389059342693e-07
1913.01322,0.23717,1.94001166666667e-07,1.03891666666648e-09,1.03099929146538e-09,7.00966183645893e-14,-1.65479678250591e-13,-1.703213634313e-13,-8.1458043380187e-07
1923.09572,0.23842,1.950425e-07,1.033083333333e-09,1.03115460547505e-09,2.04154589364238e-13,-2.38822024627565e-13,-1.64228836487488e-13,-7.85442261461899e-07
1933.17822,0.23967,1.96067333333333e-07,1.02825000000001e-09,1.03140760064411e-09,1.51038647334938e-13,-2.62922439261364e-13,-1.45835614840539e-13,-6.97474679672143e-07
1943.34138,0.24093,1.97099e-07,1.0285833333335e-09,1.03145668276972e-09,-4.28260869505864e-14,-2.23006067817931e-13,-1.21150834106521e-13,-5.79417032683361e-07
1953.42388,0.24218,1.981245e-07,1.024e-09,1.03132194847021e-09,-1.05531400967529e-13,-1.14226931782448e-13,-8.87658337167597e-14,-4.2453224821059e-07
1963.50638,0.24343,1.99147e-07,1.02325e-09,1.03124561996778e-09,-2.2360708535454e-13,1.99866803586983e-14,-4.89580813764329e-14,-2.34147345713375e-07
1973.58888,0.24468,2.00171e-07,1.02891666666649e-09,1.0308747342995e-09,-2.04694041863345e-13,1.09703812614109e-13,-9.09540907272265e-15,-4.3499782521717e-08
1983.67138,0.24593,2.01204833333333e-07,1.0365e-09,1.03083623188405e-09,1.25628019331276e-13,1.16719238879614e-13,2.76039542888772e-14,1.32018911816369e-07
1993.75388,0.24718,2.02244e-07,1.0410833333335e-09,1.03112599033816e-09,-1.99194847018623e-14,6.79835546543923e-14,5.69074642698084e-14,2.72166133464301e-07
2003.91704,0.24844,2.03287e-07,1.0345833333335e-09,1.03079639291465e-09,-1.70217391296678e-13,4.10520354417937e-14,7.36374697512532e-14,3.52179203158167e-07
2013.99954,0.24969,2.04313166666667e-07,1.02850000000002e-09,1.03078555555557e-09,1.7219806765045e-13,4.31008020403159e-14,7.7889095945273e-14,3.72513067564349e-07
2024.08204,0.25094,2.05344e-07,1.0314166666665e-09,1.03114078904995e-09,1.37093397754096e-13,3.33391833332764e-14,7.26359962963907e-14,3.47389547504477e-07
2034.16454,0.25219,2.06376e-07,1.02799999999999e-09,1.03105974235108e-09,2.33051529776605e-13,2.83621196920452e-14,6.47024184014451e-14,3.09446348876477e-07
2044.24704,0.25344,2.074e-07,1.027e-09,1.03160689210951e-09,5.29524959715633e-13,5.30277812789998e-14,6.13405478668318e-14,2.93367837623978e-07
2054.32954,0.25469,2.0843e-07,1.0288333333335e-09,1.03211879227051e-09,2.36320450872719e-13,9.02639485938051e-14,6.91184595475666e-14,3.30566545662275e-07
2064.41204,0.25594,2.09457666666667e-07,1.03399999999999e-09,1.03207953301125e-09,-2.0603864728185e-14,1.18728684448243e-13,8.60145606710003e-14,4.11373985817828e-07
2074.5752,0.2572,2.10498e-07,1.0366666666665e-09,1.03207758454105e-09,-8.96618357367891e-14,1.22999391661311e-13,1.02848568889397e-13,4.91884459905812e-07
2084.6577,0.25845,2.11531e-07,1.03349999999999e-09,1.03190020933978e-09,-3.14959742344966e-13,1.09710036017924e-13,1.19587403163068e-13,5.71939754258151e-07
2094.7402,0.2597,2.12565e-07,1.03533333333351e-09,1.03144766505636e-09,-3.52471819652535e-13,9.61402148621892e-14,1.34420224113761e-13,6.42879332717987e-07
2104.8227,0.26095,2.13601666666667e-07,1.02950000000002e-09,1.03119526570047e-09,1.93156199583393e-14,1.05387545409694e-13,1.38572269075254e-13,6.62736939055563e-07
2114.9052,0.2622,2.14624e-07,1.0251666666665e-09,1.03148629629628e-09,4.72890499199519e-13,1.47117567891842e-13,1.32317534676678e-13,6.32822991931938e-07
2124.9877,0.26345,2.15652e-07,1.03449999999998e-09,1.03214104669887e-09,4.41924315631028e-13,1.61396046580474e-13,1.19710182791895e-13,5.72526961178628e-07
2135.15086,0.26471,2.16693e-07,1.03241666666649e-09,1.03237014492754e-09,1.29822866344401e-13,1.35459749351942e-13,1.0247836039525e-13,4.901138975425e-07
2145.23336,0.26596,2.17716833333333e-07,1.02816666666653e-09,1.03240069243156e-09,1.93067632842251e-13,1.09623729844133e-13,8.46116755921097e-14,4.04664535440525e-07
2155.31586,0.26721,2.18749333333333e-07,1.03525000000003e-09,1.03275628019323e-09,2.23824476641901e-13,4.99840214121391e-14,6.48500932479585e-14,3.10152619881541e-07
2165.39836,0.26846,2.19787333333333e-07,1.03341666666699e-09,1.03284834138484e-09,-4.78421900143443e-14,-1.15428753657352e-14,3.67977507850668e-14,1.75989242885102e-07
2175.48086,0.26971,2.20816166666667e-07,1.03033333333348e-09,1.0326605958132e-09,-1.59983896923595e-13,-2.21120695149776e-14,-1.77836516762444e-15,-8.50522471472558e-09
2185.56336,0.27096,2.21848e-07,1.03500000000001e-09,1.032528373591e-09,-9.00161030491843e-14,-3.96175173290715e-14,-4.6236096682638e-14,-2.21129158047399e-07
2195.72652,0.27222,2.22886166666667e-07,1.03500000000001e-09,1.0324805636071e-09,1.02979066016172e-13,-6.93140407796291e-14,-8.90521472743839e-14,-4.25901573920966e-07
2205.80902,0.27347,2.23918e-07,1.03191666666648e-09,1.03273433172303e-09,3.50048309162198e-13,-8.79876340952347e-14,-1.28623446616275e-13,-6.1515561425175e-07
2215.89152,0.27472,2.2495e-07,1.03249999999999e-09,1.03318066022542e-09,2.34025764893963e-13,-1.39684779885658e-13,-1.64667075209167e-13,-7.87538185782973e-07
2225.97402,0.27597,2.25983e-07,1.03250000000001e-09,1.03320238325282e-09,-2.83526570034721e-13,-2.10197870039548e-13,-1.92964281389832e-13,-9.22872650125283e-07
2236.05652,0.27722,2.27015e-07,1.031e-09,1.03261360708535e-09,-7.76763285017121e-13,-2.45524647016505e-13,-2.14430900257326e-13,-1.02553908818721e-06
2246.13902,0.27847,2.28045e-07,1.0319166666665e-09,1.03164885668278e-09,-7.99879227046371e-13,-2.5097058507744e-13,-2.29226558061039e-13,-1.09630092985714e-06
2256.22152,0.27972,2.29078833333333e-07,1.0355e-09,1.03101384863126e-09,-6.21529790667714e-13,-2.51206705716847e-13,-2.33331304203245e-13,-1.1159323244503e-06
2266.38468,0.28098,2.30116e-07,1.0335833333335e-09,1.03040579710145e-09,-4.99959742370127e-13,-2.3992497374348e-13,-2.29187629970443e-13,-1.09611475203255e-06
2276.46718,0.28223,2.31146e-07,1.03025000000001e-09,1.03001392914652e-09,6.86795490119213e-15,-2.04606984215884e-13,-2.14606519428335e-13,-1.0263790059616e-06
2286.54968,0.28348,2.321765e-07,1.0293333333335e-09,1.03041953301125e-09,2.94887278587545e-13,-1.57567473376739e-13,-1.80184663420977e-13,-8.61752738100325e-07
2296.63218,0.28473,2.33204666666667e-07,1.03016666666649e-09,1.0306037037037e-09,-1.11594202761345e-14,-1.12237768287782e-13,-1.25939952675269e-13,-6.02321512794765e-07
2306.71468,0.28598,2.34236833333333e-07,1.02816666666649e-09,1.0303972141707e-09,2.60869565678175e-15,-7.30532583403177e-14,-5.95238864549503e-14,-2.84679456958458e-07
2316.79718,0.28723,2.35261e-07,1.03049999999999e-09,1.03060892109501e-09,4.92431562022779e-14,-3.92036189077366e-14,1.22431773344608e-14,5.85543263822038e-08
2326.96034,0.28849,2.36297833333333e-07,1.02850000000002e-09,1.0304957004831e-09,-2.04927536226208e-13,1.45857157327725e-14,8.24804930884653e-14,3.94471923466573e-07
2337.04284,0.28974,2.37318e-07,1.02066666666701e-09,1.03019906602256e-09,5.32769726266426e-14,1.26224265055649e-13,1.41682860754742e-13,6.77613681870505e-07
2347.12534,0.29099,2.38339166666667e-07,1.028e-09,1.03060225442836e-09,3.03140096618849e-13,2.52189322193077e-13,1.86144642440253e-13,8.90256985583819e-07
2357.20784,0.29224,2.39374e-07,1.03250000000001e-09,1.0308053462158e-09,1.38937198067428e-13,3.17910252280721e-13,2.20188807133957e-13,1.05307690368414e-06
2367.29034,0.29349,2.40404166666667e-07,1.03366666666651e-09,1.03088012882449e-09,3.0328502414772e-13,3.1230729927504e-13,2.43303174432684e-13,1.16362387772153e-06
2377.37284,0.29474,2.41441333333333e-07,1.03891666666649e-09,1.03141191626409e-09,5.60330112708805e-13,2.65148435980994e-13,2.53657671526036e-13,1.2131453855593e-06
2387.45534,0.29599,2.42482e-07,1.04033333333349e-09,1.03200078904991e-09,3.75330112721074e-13,2.09542673108319e-13,2.52988096905612e-13,1.20994307215727e-06
2397.6185,0.29725,2.43522e-07,1.03400000000001e-09,1.03216257648953e-09,2.39758454122434e-13,1.64249455840164e-13,2.37526819025692e-13,1.13599783012287e-06
2407.701,0.2985,2.4455e-07,1.02725000000001e-09,1.03248030595815e-09,2.69959742363915e-13,1.61811508629063e-13,2.06460853172056e-13,9.87421471692442e-07
2417.7835,0.29975,2.455765e-07,1.02850000000002e-09,1.03270249597426e-09,1.51344605467355e-13,1.78940536922007e-13,1.69863485017428e-13,8.12390580518134e-07
2427.866,0.301,2.46607e-07,1.03124999999999e-09,1.03278299516909e-09,1.61095008039001e-13,1.55592880424117e-13,1.3327008631922e-13,6.37378673700617e-07
2437.9485,0.30225,2.47639e-07,1.02883333333349e-09,1.03302468599034e-09,3.63075684372259e-13,1.2782379363134e-13,9.62056689430743e-14,4.60114068858181e-07
2448.031,0.3035,2.48664666666667e-07,1.03600000000001e-09,1.03350914653783e-09,3.48341384849292e-13,1.04567518493782e-13,5.99754889547491e-14,2.86839295000974e-07
2458.19416,0.30476,2.49711e-07,1.0391666666665e-09,1.03372136876004e-09,-2.82648953303169e-13,3.80956303905021e-14,2.37210016502216e-14,1.13448268761929e-07
2468.27666,0.30601,2.50743e-07,1.02949999999999e-09,1.03294384863123e-09,-7.30563607079331e-13,-2.59537523249576e-14,-1.33454877956613e-14,-6.38262459792497e-08
2478.35916,0.30726,2.5177e-07,1.03299999999998e-09,1.03226024154588e-09,-4.93582930746911e-13,-7.01102880662935e-14,-4.88403641626722e-14,-2.33584350343215e-07
2488.44166,0.30851,2.52809e-07,1.03450000000002e-09,1.03195668276973e-09,-1.23961352645294e-13,-1.23377475942615e-13,-7.82252910916563e-14,-3.74120957394878e-07
2498.52416,0.30976,2.53839e-07,1.02750000000001e-09,1.03201231884059e-09,2.52286634455557e-13,-1.38833901996371e-13,-9.88426563685992e-14,-4.72725747849822e-07
2508.60666,0.31101,2.54864e-07,1.02983333333349e-09,1.03246125603864e-09,3.85193236711532e-13,-1.09343020062704e-13,-1.11758487558498e-13,-5.34497114410208e-07
2518.76982,0.31227,2.55898666666667e-07,1.03699999999998e-09,1.03278270531401e-09,1.63542673110125e-13,-9.1921925833007e-14,-1.1153792970505e-13,-5.33442272502413e-07
2528.84963133334,0.313519666666667,2.56938e-07,1.03258333333298e-09,1.03278834138486e-09,-2.23824476647691e-13,-8.06637743378314e-14,-9.443875239587e-14,-4.5166359841503e-07
2538.93482,0.31477,2.57963833333333e-07,1.03300000000003e-09,1.03233505636072e-09,-3.9361513687431e-13,-6.50005476562881e-14,-7.11636155613066e-14,-3.40347726597553e-07
2549.01732,0.31602,2.59004e-07,1.03658333333349e-09,1.03200111111111e-09,-1.3719001611612e-13,-6.60851844048531e-14,-5.19622049986614e-14,-2.48514893471859e-07
2559.09982,0.31727,2.60037e-07,1.03166666666648e-09,1.03206067632848e-09,-1.59967793888315e-13,-6.24646673962453e-14,-4.10987980137247e-14,-1.96559468761292e-07
2569.18232,0.31852,2.61067333333333e-07,1.02800000000003e-09,1.03168117552334e-09,-3.14412238311521e-13,-2.82218394812399e-14,-4.03515671549563e-14,-1.92985755958487e-07
2579.26482,0.31977,2.62093e-07,1.02783333333352e-09,1.03143185185186e-09,1.90901771452212e-14,1.76817662023916e-14,-4.42344101191699e-14,-2.11555874482986e-07
2589.42798,0.32103,2.63123e-07,1.03258333333349e-09,1.03171935587763e-09,2.14951690821659e-13,1.7288112518271e-14,-4.33694685272522e-14,-2.0741919730425e-07
2599.51048,0.32228,2.64158166666667e-07,1.0358333333335e-09,1.0318617552335e-09,2.58953301129587e-13,-4.01767353590886e-14,-3.52570628880447e-14,-1.68620735551518e-07
2609.59298,0.32353,2.65194666666667e-07,1.03391666666649e-09,1.03223726247989e-09,4.24500805155142e-13,-8.9849163343006e-14,-2.30627301120368e-14,-1.10300013579306e-07
2619.67548,0.32478,2.66226e-07,1.0286666666665e-09,1.03271075684381e-09,1.10547504018052e-13,-8.48399200301225e-14,-7.0417065088474e-15,-3.36777267814441e-08
2629.75798,0.32603,2.67252e-07,1.027e-09,1.03245835748792e-09,-2.771819645744e-13,-2.96193532326554e-14,1.10657087012515e-14,5.29229546581593e-08
2639.84048,0.32728,2.6828e-07,1.03249999999999e-09,1.03215639291467e-09,-1.90563607078214e-13,3.83684426708224e-14,2.64123340218042e-14,1.26319858365151e-07
2650.00364,0.32854,2.69317e-07,1.03400000000001e-09,1.03207723027377e-09,-1.77157809998132e-13,9.62214940837099e-14,3.9457020310462e-14,1.8870748844134e-07
2660.08614,0.32979,2.70348e-07,1.0354166666665e-09,1.03180207729467e-09,-1.76119162655796e-13,1.20018103884927e-13,5.53397817027848e-14,2.64668521187232e-07
2670.16864,0.33104,2.71387833333333e-07,1.03400000000001e-09,1.03172499194846e-09,6.83172302844044e-14,1.06559935278482e-13,7.43429385515762e-14,3.55553184377104e-07
2680.25114,0.33229,2.72416e-07,1.02891666666701e-09,1.03193871175524e-09,1.31175523351426e-13,1.04222136650729e-13,9.33921385388935e-14,4.46658053881665e-07
2690.33364,0.33354,2.73445666666667e-07,1.0320833333335e-09,1.03198734299516e-09,-1.18276972718293e-14,9.90148505975187e-14,1.11296498586384e-13,5.3228760193488e-07
2700.41614,0.33479,2.74480166666667e-07,1.0381666666665e-09,1.03191505636069e-09,-4.68115942013835e-14,7.46363991363707e-14,1.30054568846403e-13,6.22000111874101e-07
2710.5793,0.33605,2.75522e-07,1.0364166666665e-09,1.03189371980676e-09,1.74033816429339e-13,8.56307249481741e-14,1.56523142707804e-13,7.4858894338515e-07
2720.6618,0.3373,2.76553e-07,1.03025000000001e-09,1.03226312399355e-09,6.68091787449757e-13,1.45257648953065e-13,1.92818325582177e-13,9.22174600610412e-07
2730.7443,0.33855,2.775825e-07,1.02816666666649e-09,1.03322990338165e-09,8.26191626425549e-13,2.22959186912511e-13,2.34499082153781e-13,1.12151734943113e-06
2740.8268,0.3398,2.78609333333333e-07,1.02674999999997e-09,1.0339155072464e-09,3.66400966184654e-13,2.98380813243953e-13,2.73972757673649e-13,1.3103044932218e-06
2750.9093,0.34105,2.79636e-07,1.02983333333352e-09,1.03396270531402e-09,-5.59822866482403e-14,3.41513177281206e-13,3.00228831358096e-13,1.43587701953872e-06
2760.9918,0.3423,2.80669e-07,1.031e-09,1.03380354267311e-09,-8.66425120807987e-14,3.54085677611612e-13,3.08190418003891e-13,1.47395417306209e-06
2771.0743,0.34355,2.81698e-07,1.0355e-09,1.03378942028986e-09,-1.0942028984865e-13,3.53017854948385e-13,2.93747567604037e-13,1.40487967114974e-06
2781.23746,0.34481,2.8274e-07,1.03708333333353e-09,1.03358470209341e-09,-4.58937209792459e-16,3.00957783533867e-13,2.50383532654991e-13,1.19748646052387e-06
2791.31996,0.34606,2.83772166666667e-07,1.03624999999999e-09,1.03378850241544e-09,3.52616747159485e-13,2.04620216727917e-13,1.84711709546467e-13,8.83403828265712e-07
2801.40246,0.34731,2.848125e-07,1.03791666666649e-09,1.03428993558773e-09,4.14057971016423e-13,1.02743900672947e-13,1.12266664427609e-13,5.36927525523347e-07
2811.48496,0.34856,2.85848e-07,1.03875000000001e-09,1.03461661835748e-09,4.79766505654179e-13,-1.53909465157766e-15,4.22807672356125e-14,2.02212365039886e-07
2821.56746,0.34981,2.8689e-07,1.03824999999999e-09,1.03524946859904e-09,6.78123993564762e-13,-8.47228920181919e-14,-2.122877748233e-14,-1.01528935785057e-07
2831.64996,0.35106,2.879245e-07,1.03700000000001e-09,1.03597286634461e-09,4.72302737515575e-13,-1.42572643470733e-13,-7.56479700551467e-14,-3.6179463939418e-07
2841.81312,0.35232,2.88964e-07,1.0350833333335e-09,1.03619407407407e-09,-1.65217391309973e-13,-1.74059000989587e-13,-1.21093947534833e-13,-5.7914496647094e-07
2851.89562,0.35357,2.89994666666667e-07,1.028e-09,1.03564243156199e-09,-6.07761674725285e-13,-1.51102628611416e-13,-1.60717561865515e-13,-7.68649208922028e-07
2861.97812,0.35482,2.9102e-07,1.02958333333298e-09,1.03497855072462e-09,-6.15016103061029e-13,-1.2487745804886e-13,-1.99238003906485e-13,-9.52877409987537e-07
2872.06062,0.35607,2.92053833333333e-07,1.03349999999999e-09,1.03441239935586e-09,-6.05555555549296e-13,-1.60554390219821e-13,-2.40494267568669e-13,-1.15018997532842e-06
2882.14312,0.35732,2.93087e-07,1.03308333333353e-09,1.03376743961352e-09,-8.63832528176353e-13,-2.29333669394377e-13,-2.83782534012317e-13,-1.35722081484152e-06
2892.22562,0.35857,2.9412e-07,1.03491666666649e-09,1.03268473429951e-09,-1.05546698873147e-12,-2.92930122053507e-13,-3.2412071066197e-13,-1.5501425292529e-06
2902.30812,0.35982,2.95156833333333e-07,1.04116666666648e-09,1.03165650563606e-09,-6.10169082121508e-13,-3.69715413035041e-13,-3.54781025596244e-13,-1.69677881806899e-06
2912.47128,0.36108,2.96202333333333e-07,1.03858333333349e-09,1.03146439613527e-09,-7.69484701979305e-14,-4.45961041482608e-13,-3.71290218586387e-13,-1.77573582802185e-06
2922.55378,0.36233,2.97234e-07,1.03333333333351e-09,1.03150260869566e-09,2.87584541064275e-13,-4.6297968836111e-13,-3.71796475484395e-13,-1.7781570566645e-06
2932.63628,0.36358,2.98269e-07,1.029e-09,1.0320395652174e-09,6.08969404190928e-13,-4.25942155008357e-13,-3.51828558255441e-13,-1.68265832209124e-06
2942.71878,0.36483,2.99292e-07,1.02250000000001e-09,1.03272054750404e-09,3.12938808379883e-13,-3.42623333098271e-13,-3.07363209851511e-13,-1.4699979601594e-06
2952.80128,0.36608,3.00314e-07,1.02350000000001e-09,1.03266544283416e-09,-1.38075684378704e-13,-2.22498342238837e-13,-2.43051500947674e-13,-1.16242022192366e-06
2962.88378,0.36733,3.01339e-07,1.02899999999998e-09,1.03244439613529e-09,-4.6442834137828e-13,-1.18429264003397e-13,-1.73762334803891e-13,-8.31037253409913e-07
2973.04694,0.36859,3.02372e-07,1.03558333333349e-09,1.0317365861514e-09,-9.8382447664263e-13,-5.35031700465659e-14,-1.11838706777953e-13,-5.34880771546732e-07
2983.12944,0.36984,3.03410166666667e-07,1.03475e-09,1.030476747182e-09,-9.05652173920925e-13,-2.38125697226622e-14,-6.63891621160159e-14,-3.1751338403312e-07
2993.21194,0.37109,3.044415e-07,1.02891666666651e-09,1.02992528180356e-09,-2.32423510480316e-13,-1.09449493195214e-14,-4.48515790300358e-14,-2.1450755188278e-07
3003.29444,0.37234,3.05468e-07,1.02975000000002e-09,1.03001190016104e-09,3.67310789069176e-14,6.55695115263408e-15,-4.09379279187229e-14,-1.95790090046066e-07
3013.37694,0.37359,3.06501e-07,1.03699999999998e-09,1.02999874396137e-09,2.86714975832216e-14,-7.83599773048443e-15,-4.4125955623528e-14,-2.11037179069047e-07
3023.45944,0.37484,3.07542e-07,1.04308333333349e-09,1.03006924315621e-09,3.84484702077125e-13,-8.13903132738934e-14,-4.40223464061937e-14,-2.10541656725274e-07
3033.6226,0.3761,3.08587166666667e-07,1.03375000000003e-09,1.03076771336553e-09,8.01336553936731e-13,-1.24412645962553e-13,-2.90340542948875e-14,-1.38858520540766e-07
3043.7051,0.37735,3.096095e-07,1.02950000000002e-09,1.03167191626408e-09,6.10587761678941e-13,-1.03362527328657e-13,-1.50329321715123e-15,-7.1896632124624e-09
3053.7876,0.3786,3.10646166666667e-07,1.02125e-09,1.03198888888888e-09,1.59887278584215e-13,-4.43585723545982e-14,2.78699622099106e-14,1.33291123612616e-07
3063.8701,0.37985,3.11652e-07,1.01641666666651e-09,1.03199169082125e-09,-3.07681159422438e-13,6.2264038831566e-14,5.5781816631108e-14,2.66782601279212e-07
3073.9526,0.3811,3.12679e-07,1.02649999999999e-09,1.03137352657004e-09,-5.50676328503733e-13,1.60033808644586e-13,8.2159223653662e-14,3.92935417474036e-07
3084.0351,0.38235,3.13705e-07,1.02899999999998e-09,1.03089033816424e-09,-2.89758454108387e-13,2.12543387242435e-13,1.04665519535812e-13,5.00574223866927e-07
3094.1176,0.3836,3.14737e-07,1.03800000000001e-09,1.03079400966182e-09,-1.44251207726162e-13,2.12842725228554e-13,1.15708420983786e-13,5.53388100357237e-07
3104.28076,0.38486,3.15781e-07,1.04399999999999e-09,1.03060183574879e-09,-3.12801932316281e-14,1.30292440898291e-13,1.08751274252355e-13,5.20114789902567e-07
3114.36326,0.38611,3.16825e-07,1.03599999999998e-09,1.03073144927536e-09,1.698067632771e-13,4.03291683216092e-14,8.873854652741e-14,4.24401744261526e-07
3124.44576,0.38736,3.17853e-07,1.02950000000002e-09,1.03094144927534e-09,2.17149758391448e-14,1.8378029827365e-14,6.42418570927786e-14,3.07243664356767e-07
3134.52826,0.38861,3.18884e-07,1.03049999999999e-09,1.03077487922704e-09,1.27504025767074e-13,6.22283367416852e-15,4.20722643231851e-14,2.01215177197842e-07
3144.61076,0.38986,3.19914e-07,1.03149999999999e-09,1.03119645732688e-09,7.76062801939388e-13,-2.48861879280183e-14,2.79681530951924e-14,1.33760732194398e-07
3154.69326,0.39111,3.20947e-07,1.02950000000002e-09,1.03232700483092e-09,6.94967793896317e-13,-2.95546251537798e-14,2.45721743467695e-14,1.17519094701941e-07
3164.85642,0.39237,3.21973e-07,1.02549999999999e-09,1.03258639291467e-09,1.87536231894088e-13,2.77408683230931e-14,3.38601845329056e-14,1.61940012983462e-07
3174.93892,0.39362,3.22998e-07,1.031e-09,1.0327020772947e-09,-3.53945249574039e-14,9.82829704339138e-14,5.36716670915628e-14,2.56690581742257e-07
3185.02142,0.39487,3.24035e-07,1.03250000000002e-09,1.03251560386475e-09,-4.37753623196209e-13,1.32736717311998e-13,7.38450772808274e-14,3.53172108734392e-07
3195.10392,0.39612,3.25063e-07,1.0355e-09,1.03182657004831e-09,-6.06111111118528e-13,1.30232876692414e-13,8.67479061507601e-14,4.14881290286244e-07
3205.18642,0.39737,3.26106e-07,1.03200000000001e-09,1.03130338164252e-09,-4.54444444437567e-13,9.35717830835659e-14,9.17804903677336e-14,4.38950171323943e-07
3215.26892,0.39862,3.27127e-07,1.02849999999999e-09,1.03091768115944e-09,-1.09758454100536e-13,7.28228710113785e-14,9.16472680775984e-14,4.38313021240688e-07
3225.35142,0.39987,3.28163e-07,1.0375e-09,1.03108386473432e-09,5.6826086956414e-13,7.84883832366649e-14,8.76303338800685e-14,4.19101596817719e-07
3235.51458,0.40113,3.29202e-07,1.03450000000002e-09,1.03205420289856e-09,6.13091787436877e-13,7.72945335166715e-14,8.05885562032333e-14,3.85423529667638e-07
3245.59708,0.40238,3.30232e-07,1.02708333333349e-09,1.03231004830919e-09,4.93558776276036e-15,7.09772503422436e-14,7.99737730118429e-14,3.82483262230553e-07
3255.67958,0.40363,3.31256166666667e-07,1.03249999999999e-09,1.03206407407409e-09,6.61835748743502e-15,5.85038592850955e-14,9.10225843768721e-14,4.35325403541562e-07
3265.76208,0.40488,3.32297e-07,1.03075000000002e-09,1.03232328502416e-09,3.17190016097088e-13,5.74515624594503e-14,1.07494688834773e-13,5.1410503355761e-07
3275.84458,0.40613,3.33317666666667e-07,1.02774999999999e-09,1.03269845410628e-09,3.8095008050964e-13,1.08592763732754e-13,1.21804884768882e-13,5.82545101068566e-07
3285.92708,0.40738,3.343525e-07,1.03616666666647e-09,1.03308518518518e-09,1.67310788948553e-14,1.57137585472612e-13,1.25626024773529e-13,6.00820118482095e-07
3296.09024,0.40864,3.3539e-07,1.03675e-09,1.03273191626407e-09,-2.01779388095032e-13,1.65982722271901e-13,1.19303483435188e-13,5.70581877298725e-07
3306.17274,0.40989,3.36426e-07,1.03250000000002e-09,1.03268162640899e-09,3.03542673084132e-14,1.68646824896033e-13,1.10239112619537e-13,5.27230538615177e-07
3316.25524,0.41114,3.37455e-07,1.03083333333352e-09,1.03279262479869e-09,1.52198067635389e-13,1.31616835864187e-13,9.62234167571554e-14,4.60198949708134e-07
3326.33774,0.41239,3.38487666666667e-07,1.03400000000001e-09,1.03298602254426e-09,3.63301127220325e-13,5.25540417109726e-14,7.01944755705586e-14,3.35712709250498e-07
3336.42024,0.41364,3.39523e-07,1.03266666666648e-09,1.03351922705313e-09,2.51256038655934e-13,-1.12234684594037e-14,3.05205782600652e-14,1.45967982982921e-07
3346.50274,0.41489,3.40553e-07,1.03299999999998e-09,1.03348853462158e-09,-1.95869565224426e-13,-4.97771772187201e-14,-1.50598450442735e-14,-7.20253458639167e-08
3356.6659,0.41615,3.41589e-07,1.02849999999999e-09,1.03312748792268e-09,-1.57987117561633e-13,-5.37639307011098e-14,-5.55956214477752e-14,-2.65892102576316e-07
3366.7484,0.4174,3.4261e-07,1.0355e-09,1.03317256038645e-09,5.55797101573145e-14,-5.16264090160488e-14,-8.77293853937212e-14,-4.19575321448232e-07
3376.8309,0.41865,3.4366e-07,1.03991666666652e-09,1.033238647343e-09,-2.2045088549867e-14,-1.04476078008186e-13,-1.10621339990556e-13,-5.29058582563529e-07
3386.9134,0.4199,3.44689833333333e-07,1.03349999999999e-09,1.03312847020935e-09,-1.89677938802706e-13,-1.61391861339866e-13,-1.23579318140137e-13,-5.91031521539786e-07
3396.9959,0.42115,3.45727e-07,1.03224999999999e-09,1.03285929146539e-09,-3.98373590986663e-13,-1.53587413161509e-13,-1.27367568903049e-13,-6.09149242579799e-07
3407.0784,0.4224,3.46754333333333e-07,1.02850000000002e-09,1.03233172302738e-09,-3.1277777778709e-13,-1.0452219654823e-13,-1.20803857311515e-13,-5.77757578446376e-07
3417.1609,0.42365,3.47784e-07,1.03433333333351e-09,1.03223373590982e-09,-6.31723027428761e-14,-8.65966004637185e-14,-1.0601249085408e-13,-5.0701626060647e-07
3427.32406,0.42491,3.48823e-07,1.03358333333349e-09,1.03220537842189e-09,-1.9158615136428e-13,-8.67410270181579e-14,-8.65707117368513e-14,-4.14033838741463e-07
3437.40656,0.42616,3.49851166666667e-07,1.03200000000001e-09,1.03185056360709e-09,-6.99999999904675e-14,-6.54628766157691e-14,-5.53762191522979e-14,-2.6484278725012e-07
3447.48906,0.42741,3.50887e-07,1.03425000000001e-09,1.03206537842191e-09,2.95780998390671e-13,-3.82783137713661e-14,-8.59745445166686e-15,-4.11182604210154e-08
3457.57156,0.42866,3.51919666666667e-07,1.02416666666651e-09,1.03244212560387e-09,2.91787439576894e-14,2.78074665276703e-14,4.38904611541249e-14,2.09910901171902e-07
3467.65406,0.42991,3.52935333333333e-07,1.02616666666648e-09,1.03212373590983e-09,-2.28228663447649e-13,1.1102060569215e-13,9.41113629093013e-14,4.50097822609702e-07
3477.73656,0.43116,3.53972e-07,1.04141666666699e-09,1.03198566827698e-09,-1.30917874402709e-13,1.420838697118e-13,1.41942855319646e-13,6.78857134137437e-07
3487.89972,0.43242,3.55018166666667e-07,1.03550000000002e-09,1.03186190016102e-09,1.28502415416623e-14,1.75592584810841e-13,1.91577108493034e-13,9.16238344966684e-07
3497.98222,0.43367,3.56043e-07,1.02641666666649e-09,1.03201136876006e-09,5.47922705309912e-13,2.56200967737913e-13,2.38241196133463e-13,1.13941441629048e-06
3508.06472,0.43492,3.57071e-07,1.03241666666647e-09,1.03295774557164e-09,8.94999999993823e-13,3.05207054229918e-13,2.73703591697788e-13,1.30901717768507e-06
3518.14722,0.43617,3.58107833333333e-07,1.03300000000001e-09,1.03380136876005e-09,4.33784218997753e-13,3.09211626877801e-13,2.98837182642601e-13,1.4292213082907e-06
3528.22972,0.43742,3.59137e-07,1.0330833333335e-09,1.03382531400964e-09,4.62962962186474e-15,3.04898833890864e-13,3.12408639201733e-13,1.49412827444307e-06
3538.31222,0.43867,3.60174e-07,1.0345e-09,1.03381062801929e-09,2.51304347823918e-13,2.98157999798304e-13,3.14042783592355e-13,1.50194374761561e-06
3548.39472,0.43992,3.61206e-07,1.0365e-09,1.03432792270529e-09,3.80998389711848e-13,2.99977390371702e-13,3.03718382223767e-13,1.4525661758528e-06
3558.55788,0.44118,3.62247e-07,1.04066666666649e-09,1.03457262479871e-09,3.09267310812075e-13,2.74446645975766e-13,2.71161827422252e-13,1.2968609137586e-06
3568.64038,0.44243,3.63287333333333e-07,1.03e-09,1.03494645732691e-09,4.58357487932769e-13,2.29494345262402e-13,2.14672727774197e-13,1.02669565457225e-06
3578.72153566667,0.443679833333333,3.64307e-07,1.02883333333352e-09,1.03548933977458e-09,1.87673107888207e-13,1.99198596625841e-13,1.51561896241874e-13,7.24861242895919e-07
3588.80538,0.44493,3.65345e-07,1.03966666666651e-09,1.03532180354269e-09,-1.42938808383698e-13,1.3262982566999e-13,8.94763867055328e-14,4.27930545113418e-07
3598.88788,0.44618,3.66386333333333e-07,1.0395e-09,1.03520346215781e-09,2.39726247990971e-13,2.61737076741248e-14,2.37703713788585e-14,1.1368438485541e-07
3608.97038,0.44743,3.67424e-07,1.03533333333348e-09,1.03580125603867e-09,1.81239935601235e-13,-8.31468863503341e-14,-4.37992760547387e-14,-2.09474798522663e-07
3619.13354,0.44869,3.68457e-07,1.0385e-09,1.03556594202901e-09,-5.51731078905028e-13,-1.85917717252875e-13,-1.10201351297909e-13,-5.2704994099e-07
3629.21604,0.44994,3.69501e-07,1.03200000000001e-09,1.03469779388086e-09,-3.42568438017368e-13,-2.26176215701644e-13,-1.72174667701155e-13,-8.23444062918567e-07
3639.29854,0.45119,3.70521e-07,1.027e-09,1.03488080515298e-09,8.38486312293444e-14,-1.99177729546066e-13,-2.26637675613925e-13,-1.08391931815355e-06
3649.38104,0.45244,3.71555e-07,1.03900000000001e-09,1.03486549114332e-09,-1.84396135251964e-13,-2.18800472979662e-13,-2.72473129538956e-13,-1.30313235866457e-06
3659.46354,0.45369,3.72599e-07,1.03633333333351e-09,1.03451201288248e-09,-3.77512077283189e-13,-2.89207941067814e-13,-3.08672108252472e-13,-1.47625790903356e-06
3669.54604,0.45494,3.73627666666667e-07,1.03283333333349e-09,1.03411046698875e-09,-6.00909822870334e-13,-3.2644291660476e-13,-3.35284692681566e-13,-1.60353548673792e-06
3679.7092,0.4562,3.74664666666667e-07,1.03716666666647e-09,1.03331019323673e-09,-6.20362318851019e-13,-3.55339906810298e-13,-3.51277936140044e-13,-1.68002491197412e-06
3689.7917,0.45745,3.75702e-07,1.03366666666648e-09,1.03286974235105e-09,-4.84581320467304e-13,-3.79228145351166e-13,-3.61765882100217e-13,-1.73018465352278e-06
3699.8742,0.4587,3.76732e-07,1.03250000000002e-09,1.0323410305958e-09,-5.37463768118852e-13,-3.75131971966599e-13,-3.71869577706227e-13,-1.7785066759863e-06
3709.9567,0.45995,3.77767e-07,1.03150000000002e-09,1.03179481481481e-09,-3.05901771334291e-13,-3.76098902350431e-13,-3.72359654586358e-13,-1.78085052193476e-06
3720.0392,0.4612,3.78795e-07,1.02725000000001e-09,1.03172922705313e-09,9.25925925686098e-15,-3.73064864994079e-13,-3.50717793970816e-13,-1.67734597116477e-06
3730.1217,0.46245,3.798215e-07,1.028e-09,1.03181333333333e-09,1.16256038643609e-13,-3.18629329352232e-13,-3.07688257513908e-13,-1.47155253593608e-06
3740.2042,0.4637,3.80851e-07,1.03724999999999e-09,1.03196173913042e-09,1.91272141696697e-13,-2.45035713008293e-13,-2.51255204181614e-13,-1.20165532434685e-06
3750.36736,0.46496,3.81896e-07,1.03924999999999e-09,1.03219587761672e-09,-1.92721417075466e-13,-2.09142755567887e-13,-1.83766546223757e-13,-8.78883481939707e-07
3760.44986,0.46621,3.829295e-07,1.0253333333335e-09,1.03157629629627e-09,-8.50724637684527e-13,-1.44100044341745e-13,-1.08842981314278e-13,-5.20553388894373e-07
3770.53236,0.46746,3.83946666666667e-07,1.02525e-09,1.03049442834135e-09,-4.71666666670782e-13,-2.84219328339167e-14,-3.27771966690398e-14,-1.56760505808451e-07
3780.61486,0.46871,3.8498e-07,1.02783333333301e-09,1.03063296296293e-09,3.56521739266966e-14,7.13462173391482e-14,4.06593583898561e-14,1.94457800994964e-07
3790.69736,0.46996,3.86002333333333e-07,1.028e-09,1.0305657326892e-09,-1.27206119134772e-13,1.4477559767577e-13,1.06210373179335e-13,5.0796265433595e-07
3800.77986,0.47121,3.87036e-07,1.03724999999999e-09,1.03037855072466e-09,9.95088566886576e-14,1.89768025647778e-13,1.59534526101067e-13,7.62991211787712e-07
3810.94302,0.47247,3.88076833333333e-07,1.03975000000001e-09,1.03076475040258e-09,2.8059581319101e-13,2.20266532329638e-13,2.05384671660607e-13,9.82274516637686e-07
3821.02552,0.47372,3.891155e-07,1.03258333333349e-09,1.03093974235104e-09,3.76811594210418e-13,2.45405007690258e-13,2.48246700203728e-13,1.18726682706131e-06
3831.10802,0.47497,3.90142e-07,1.02924999999998e-09,1.031518373591e-09,6.46247987134393e-13,2.53246892400033e-13,2.79203909248669e-13,1.33532304423276e-06
3841.19052,0.47622,3.91174e-07,1.03141666666652e-09,1.03223223832531e-09,6.22004830914545e-13,2.61790796006461e-13,2.95697416558272e-13,1.41420503571347e-06
3851.27302,0.47747,3.92204833333333e-07,1.0306666666665e-09,1.03276238325283e-09,4.88333333327011e-13,2.81719981559727e-13,3.02117867099584e-13,1.44491153830236e-06
3861.35552,0.47872,3.93235333333333e-07,1.02558333333348e-09,1.03320890499196e-09,4.68268921099896e-13,3.05071613437448e-13,3.01055459986267e-13,1.43983046080389e-06
3871.43802,0.47997,3.94256e-07,1.02683333333351e-09,1.03369892109503e-09,5.53341384868731e-13,3.31967551527535e-13,2.93578440814097e-13,1.40407080389351e-06
3881.60118,0.48123,3.95289e-07,1.03550000000002e-09,1.0343155877617e-09,3.14847020938045e-13,3.30747451185696e-13,2.79458446410522e-13,1.33654039587641e-06
3891.68368,0.48248,3.96327e-07,1.03933333333349e-09,1.03432861513691e-09,-7.90096618335714e-14,2.71471804144656e-13,2.59009908434907e-13,1.23874304034086e-06
3901.76618,0.48373,3.97367666666667e-07,1.03308333333347e-09,1.03415756843803e-09,-1.27061191640953e-13,2.12113182184314e-13,2.33257436219181e-13,1.11557904278739e-06
3911.84868,0.48498,3.98393166666667e-07,1.0371666666665e-09,1.03407449275362e-09,-8.08745201700355e-15,1.69613444643954e-13,2.01607881204135e-13,9.64211605758906e-07
3921.93118,0.48623,3.99442e-07,1.03891666666652e-09,1.034141393534e-09,5.73272017791937e-14,1.45692446732915e-13,1.65046573584077e-13,7.89353178010803e-07
3932.01368,0.48748,4.00471e-07,1.03708333333353e-09,1.03418914715718e-09,3.81800445892648e-14,1.1977459778697e-13,1.26370477421109e-13,6.04380544187913e-07
3942.17684,0.48874,4.01516166666667e-07,1.04083333333348e-09,1.03421775362318e-09,1.90328873990256e-14,9.18598978057232e-14,8.84526367643142e-14,4.23034349742372e-07
3952.25934,0.48999,4.02552666666667e-07,1.03533333333295e-09,1.03422721293198e-09,-1.14269791627113e-16,6.19483467890719e-14,5.48701744868339e-14,2.62422573632684e-07
3962.34184,0.49124,4.03586833333333e-07,1.03216666666652e-09,1.03421752508359e-09,-1.92614269822799e-14,3.00399447371192e-14,2.55620966032088e-14,1.22253505493607e-07
3972.42434,0.49249,4.04617e-07,1.02858333333354e-09,1.03418869007802e-09,-3.84085841733462e-14,-3.86530835023821e-15,-9.75655552712895e-15,-4.66617873036602e-08
3982.50684,0.49374,4.05644e-07,1.02649999999999e-09,1.03414070791525e-09,-5.75557413648261e-14,-3.9767412472897e-14,-4.6016699910904e-14,-2.20079869139106e-07
3992.58934,0.49499,4.0667e-07,1.03391666666649e-09,1.03407357859529e-09,-7.67028985546517e-14,-7.76663676309605e-14,-8.32183365482011e-14,-3.98000740013136e-07
4002.7525,0.49625,4.07711833333333e-07,1.03716666666652e-09,1.03398730211814e-09,-9.5850055745718e-14,-1.17562173824325e-13,-1.2136146543902e-13,-5.80424399925748e-07
4012.835,0.4975,4.08744333333333e-07,1.03424999999999e-09,1.03388187848379e-09,-1.14997212936371e-13,-1.59454831053095e-13,-1.60446086583413e-13,-7.67350848877193e-07
4022.9175,0.49875,4.09780333333333e-07,1.03475e-09,1.03375730769226e-09,-1.34144370127023e-13,-2.03344339317166e-13,-2.00472199981225e-13,-9.58780086866728e-07
4033,0.5,4.10813833333333e-07,1.03350000000005e-09,1.03361358974354e-09,-1.43717948723591e-13,-2.49230698616538e-13,-2.41439805632507e-13,-1.1547121138946e-06
