wvnmbr,Voltage,Current,DerivativeY1,DerivativeY1_1,DerivativeY2,DerivativeY2_1,DerivativeY2_2,Alpha
-4033,-0.5,-3.84417e-07,1.03300000000003e-09,1.01474547511312e-09,-2.90834087481091e-12,-2.8300681577237e-12,-2.90723826632825e-12,NaN
-4022.9175,-0.49875,-3.83384e-07,1.02666666666653e-09,1.01183713423831e-09,-2.86693354264735e-12,-2.78439953830704e-12,-2.83919909249545e-12,NaN
-4012.835,-0.4975,-3.82363666666667e-07,1.01774999999998e-09,1.00901160802782e-09,-2.78411887832005e-12,-2.73483904268061e-12,-2.76927328676203e-12,NaN
-4002.7525,-0.49625,-3.813485e-07,1.01624999999997e-09,1.00626889648167e-09,-2.70130421399274e-12,-2.68138667084442e-12,-2.69746084912798e-12,NaN
-3992.58934,-0.49499,-3.80331166666667e-07,1.00575000000002e-09,1.00360899959984e-09,-2.61848954966564e-12,-2.62404242279847e-12,-2.62376177959331e-12,NaN
-3982.50684,-0.49374,-3.79337e-07,9.95083333333511e-10,1.00103191738234e-09,-2.53567488533823e-12,-2.56280629854276e-12,-2.54817607815801e-12,NaN
-3972.42434,-0.49249,-3.78341e-07,9.91499999999973e-10,9.98537649829161e-10,-2.45286022101092e-12,-2.49767829807728e-12,-2.47070374482209e-12,NaN
-3962.34184,-0.49124,-3.77354e-07,9.82000000000002e-10,9.96126196940313e-10,-2.37004555668382e-12,-2.42865842140204e-12,-2.39134477958555e-12,NaN
-3952.25934,-0.48999,-3.76377e-07,9.80000000000026e-10,9.93797558715793e-10,-2.28723089235662e-12,-2.35574666851705e-12,-2.31009918244838e-12,NaN
-3942.17684,-0.48874,-3.75394e-07,9.89250000000017e-10,9.915517351556e-10,-2.20441622802931e-12,-2.27894303942228e-12,-2.22696695341059e-12,NaN
-3932.01368,-0.48748,-3.743985e-07,9.83416666666496e-10,9.89388726259735e-10,-2.12160156370201e-12,-2.19824753411776e-12,-2.14194809247218e-12,NaN
-3921.93118,-0.48623,-3.73427166666667e-07,9.75250000000001e-10,9.87308532028196e-10,-2.0387868993749e-12,-2.11366015260347e-12,-2.05504259963314e-12,NaN
-3911.84868,-0.48498,-3.72448e-07,9.80083333333494e-10,9.85311152460985e-10,-1.9559722350476e-12,-2.02518089487943e-12,-1.96625047489347e-12,NaN
-3901.76618,-0.48373,-3.71467e-07,9.79333333333473e-10,9.83396587558101e-10,-1.87315757072029e-12,-1.93280976094562e-12,-1.87557171825319e-12,NaN
-3891.68368,-0.48248,-3.70489333333333e-07,9.80500000000014e-10,9.81564837319544e-10,-1.79034290639309e-12,-1.83654675080204e-12,-1.78300632971227e-12,NaN
-3881.60118,-0.48123,-3.69506e-07,9.77000000000023e-10,9.79815901745315e-10,-1.70752824206588e-12,-1.73639186444871e-12,-1.68855430927074e-12,NaN
-3871.43802,-0.47997,-3.68535333333333e-07,9.70166666666501e-10,9.78149780835413e-10,-1.62471357773858e-12,-1.61334233211816e-12,-1.57881461086394e-12,NaN
-3861.35552,-0.47872,-3.67565666666667e-07,9.71583333332968e-10,9.76566474589838e-10,-1.54189891341117e-12,-1.48588047369492e-12,-1.46675408446125e-12,NaN
-3851.27302,-0.47747,-3.66592166666667e-07,9.74083333333487e-10,9.7506598300859e-10,-1.45908424908407e-12,-1.3575539713517e-12,-1.35304177431904e-12,NaN
-3841.19052,-0.47622,-3.656175e-07,9.6758333333352e-10,9.7364830609167e-10,-1.37626958475686e-12,-1.23158502148152e-12,-1.23817737888063e-12,NaN
-3831.10802,-0.47497,-3.64657e-07,9.64833333333497e-10,9.72313443839076e-10,-1.29345492042956e-12,-1.11039499479147e-12,-1.12332898658554e-12,NaN
-3821.02552,-0.47372,-3.63687833333333e-07,9.73166666666504e-10,9.7106139625081e-10,-1.21064025610235e-12,-9.9142415216223e-13,-1.0099096762128e-12,NaN
-3810.94302,-0.47247,-3.62710666666667e-07,9.7333333333299e-10,9.69892163326872e-10,-1.12782559177515e-12,-8.8155848119438e-13,-8.99109571336856e-13,NaN
-3800.77986,-0.47121,-3.61741166666667e-07,9.71333333333491e-10,9.6880574506726e-10,-1.04501092744794e-12,-7.79964608534573e-13,-7.9202187304302e-13,NaN
-3790.69736,-0.46996,-3.60768e-07,9.70083333333509e-10,9.67802141471976e-10,-9.62196263120638e-13,-6.84346967445945e-13,-6.89570477975278e-13,NaN
-3780.61486,-0.46871,-3.59801e-07,9.67916666666518e-10,9.66881352541019e-10,-4.52457328356581e-13,-5.9015178283116e-13,-5.92496105088743e-13,NaN
-3770.53236,-0.46746,-3.58832166666667e-07,9.65000000000009e-10,9.66897226815263e-10,6.23060544970087e-14,-4.90090046336463e-13,-5.01978866742129e-13,NaN
-3760.44986,-0.46621,-3.57871e-07,9.63999999999982e-10,9.67005964650013e-10,6.13443490518635e-14,-3.98419015022566e-13,-4.19545430961399e-13,NaN
-3750.36736,-0.46496,-3.56904166666667e-07,9.69500000000001e-10,9.67019915513366e-10,4.31993552080787e-14,-3.23658837955153e-13,-3.46630373404106e-13,NaN
-3740.2042,-0.4637,-3.55932e-07,9.67416666667007e-10,9.67092363360429e-10,1.03615974693803e-13,-2.55129865601337e-13,-2.84474201853645e-13,NaN
-3730.1217,-0.46245,-3.54969333333333e-07,9.67499999999999e-10,9.67227147462754e-10,3.76688411265726e-14,-1.90853963984949e-13,-2.33719911251164e-13,NaN
-3720.0392,-0.4612,-3.53997e-07,9.73750000000012e-10,9.67167701042682e-10,-1.75626854514681e-13,-1.4051963388417e-13,-1.93983255504784e-13,NaN
-3709.9567,-0.45995,-3.53021833333333e-07,9.73499999999979e-10,9.66875893753725e-10,-2.63616767463524e-13,-1.02612158982658e-13,-1.62546281394705e-13,NaN
-3699.8742,-0.4587,-3.5205e-07,9.68916666666493e-10,9.66640467507755e-10,-2.89884821850122e-13,-7.71777332659236e-14,-1.38033380610366e-13,NaN
-3689.7917,-0.45745,-3.51084e-07,9.65250000000016e-10,9.66296124110024e-10,-2.77515723264825e-13,-7.1022962293933e-14,-1.19922756360536e-13,NaN
-3679.7092,-0.4562,-3.501195e-07,9.634166666665e-10,9.66085436061226e-10,-2.29529547668569e-13,-7.25774544208004e-14,-1.07283771236567e-13,NaN
-3669.54604,-0.45494,-3.49157166666667e-07,9.62250000000013e-10,9.65837065014687e-10,-2.52796401585703e-13,-7.58806138300853e-14,-9.9546372760226e-14,NaN
-3659.46354,-0.45369,-3.48195e-07,9.71083333333484e-10,9.65579843258054e-10,-1.4183503590188e-13,-8.39551346058452e-14,-9.66339104427019e-14,NaN
-3649.38104,-0.45244,-3.47215e-07,9.70833333333504e-10,9.65553394942884e-10,-3.41155330030069e-14,-9.76945179341729e-14,-9.8647696800661e-14,NaN
-3639.29854,-0.45119,-3.46253333333333e-07,9.6250000000002e-10,9.65511612192048e-10,3.28961773402501e-14,-1.19861009882874e-13,-1.04991475242898e-13,NaN
-3629.21604,-0.44994,-3.4529e-07,9.6941666666648e-10,9.65619187297564e-10,-1.09553255197634e-14,-1.54305897990272e-13,-1.14913358045777e-13,NaN
-3619.13354,-0.44869,-3.443145e-07,9.7099999999999e-10,9.65489701541009e-10,-2.71497278153098e-13,-1.90788453320034e-13,-1.27216084375909e-13,NaN
-3608.97038,-0.44743,-3.43348e-07,9.61083333333499e-10,9.65076192741258e-10,-2.98193805834828e-13,-2.17273523180532e-13,-1.39254581513738e-13,NaN
-3598.88788,-0.44618,-3.42392333333333e-07,9.59500000000016e-10,9.64893313929339e-10,-1.38811184858198e-13,-2.27965851062351e-13,-1.50123020095842e-13,NaN
-3588.80538,-0.44493,-3.41429e-07,9.63166666666519e-10,9.64798570371541e-10,-1.91847493710414e-13,-2.17634662414541e-13,-1.60675641680075e-13,NaN
-3578.72288,-0.44368,-3.40466e-07,9.5949999999999e-10,9.64509618941918e-10,-3.23108488675522e-13,-1.89300940413161e-13,-1.69735665109835e-13,NaN
-3568.64038,-0.44243,-3.3951e-07,9.62916666666486e-10,9.6415235339419e-10,-2.73019585193895e-13,-1.57953503314141e-13,-1.75711403453751e-13,NaN
-3558.55788,-0.44118,-3.38540166666667e-07,9.73166666666504e-10,9.6396357977153e-10,-2.44418522132476e-13,-1.49846131421015e-13,-1.78810101645302e-13,NaN
-3548.39472,-0.43992,-3.37563666666667e-07,9.62583333333488e-10,9.63663516349925e-10,-2.06154159780516e-13,-1.55122300162029e-13,-1.78982981579815e-13,NaN
-3538.31222,-0.43867,-3.36615e-07,9.57833333333489e-10,9.63551271451969e-10,1.12243010476445e-14,-1.58043254774838e-13,-1.76097487273167e-13,NaN
-3528.22972,-0.43742,-3.35648e-07,9.66499999999998e-10,9.63685964952021e-10,2.51723330867403e-14,-1.68557577710453e-13,-1.71423065317604e-13,NaN
-3518.14722,-0.43617,-3.34682e-07,9.62166666666492e-10,9.63601616118143e-10,-1.03639569037672e-13,-1.81665575828662e-13,-1.65361555854513e-13,NaN
-3508.06472,-0.43492,-3.33723666666667e-07,9.61000000000031e-10,9.63478685813945e-10,-2.05693598194795e-13,-1.81319235776858e-13,-1.57266327978429e-13,NaN
-3497.98222,-0.43367,-3.3276e-07,9.62666666667008e-10,9.63190228921753e-10,-3.1808194976188e-13,-1.65487692949229e-13,-1.47054857367029e-13,NaN
-3487.89972,-0.43242,-3.31798333333333e-07,9.66499999999998e-10,9.62842521914422e-10,-3.94424751027941e-13,-1.45258366932902e-13,-1.34833301139343e-13,NaN
-3477.73656,-0.43116,-3.30827e-07,9.60166666666516e-10,9.62401379419697e-10,-3.90514696439764e-13,-1.20724977447838e-13,-1.2090609836853e-13,NaN
-3467.65406,-0.42991,-3.29878e-07,9.59999999999977e-10,9.62061492521542e-10,-2.70985752784385e-14,-9.53308013230271e-14,-1.06549155694055e-13,NaN
-3457.57156,-0.42866,-3.28907e-07,9.67833333333474e-10,9.6234718226914e-10,3.72988818169579e-13,-9.27884661329636e-14,-9.37997148471149e-14,NaN
-3447.48906,-0.42741,-3.27942333333333e-07,9.58750000000022e-10,9.62807470157881e-10,2.60918518348628e-13,-9.45178473768934e-14,-8.42190065434084e-14,NaN
-3437.40656,-0.42616,-3.269895e-07,9.61166666666517e-10,9.62869019305838e-10,-5.03701480614098e-14,-7.19552344884862e-14,-7.74643467001312e-14,NaN
-3427.32406,-0.42491,-3.2602e-07,9.68416666666479e-10,9.62706729861758e-10,-3.02986288857564e-13,-5.57101050815357e-14,-7.18730915802734e-14,NaN
-3417.1609,-0.42365,-3.25052666666667e-07,9.67499999999999e-10,9.62263046728123e-10,-4.28485545164592e-13,-5.6658021438921e-14,-6.52292931183889e-14,NaN
-3407.0784,-0.4224,-3.24085e-07,9.61333333333506e-10,9.61849758771429e-10,-1.79727551396422e-13,-5.09505146026978e-14,-5.61592406166908e-14,NaN
-3396.9959,-0.42115,-3.2313e-07,9.59000000000002e-10,9.6190359162533e-10,1.57374270487206e-14,-4.44130543464491e-14,-4.66011283909864e-14,NaN
-3386.9134,-0.4199,-3.22167e-07,9.59833333333491e-10,9.61881233625527e-10,-5.27125944682147e-14,-4.28047882196651e-14,-3.81958770877315e-14,NaN
-3376.8309,-0.41865,-3.21210333333333e-07,9.57e-10,9.61798166436393e-10,1.32541695927177e-13,-2.74389880431587e-14,-3.06806597899792e-14,NaN
-3366.7484,-0.4174,-3.20253e-07,9.62833333333018e-10,9.62146317017381e-10,3.1057989233166e-13,-5.79548011974023e-15,-2.5087923523381e-14,NaN
-3356.6659,-0.41615,-3.19284666666667e-07,9.66999999999985e-10,9.62419326221057e-10,7.22656987340829e-14,3.7062601580106e-15,-2.24464828418035e-14,NaN
-3346.50274,-0.41489,-3.18319e-07,9.6133333333348e-10,9.62290848414849e-10,-1.37912712249497e-13,5.01118896950158e-15,-2.17359873895918e-14,NaN
-3336.42024,-0.41364,-3.17362e-07,9.61500000000018e-10,9.62143500796558e-10,-1.2048781777306e-13,-3.70149338188012e-15,-2.16955027482633e-14,NaN
-3326.33774,-0.41239,-3.16396e-07,9.62000000000006e-10,9.62049872779303e-10,-1.07124925444791e-13,-2.75299648156326e-14,-2.2108095539645e-14,NaN
-3316.25524,-0.41114,-3.15438e-07,9.61083333333499e-10,9.61929250945668e-10,-1.28947805538178e-13,-5.70807743338657e-14,-2.23581483191464e-14,NaN
-3306.17274,-0.40989,-3.14473833333333e-07,9.64000000000008e-10,9.61791977168227e-10,1.05217558712616e-13,-6.66523528187909e-14,-2.20453387423184e-14,NaN
-3296.09024,-0.40864,-3.1351e-07,9.69999999999988e-10,9.62139686063093e-10,1.90596993510074e-13,-4.50223348763678e-14,-2.27714161496516e-14,NaN
-3285.92708,-0.40738,-3.12533833333333e-07,9.63500000000021e-10,9.62173171155247e-10,-1.52270342095457e-13,-1.60133011092011e-14,-2.45211149620254e-14,NaN
-3275.84458,-0.40613,-3.11583e-07,9.53916666666529e-10,9.61835145378902e-10,-1.12811162199223e-13,3.32054243759848e-15,-2.51830871269449e-14,NaN
-3265.76476866667,-0.404880333333333,-3.10626e-07,9.58499999999989e-10,9.61947548830848e-10,7.6326757112702e-14,-5.61282158957503e-16,-2.54514878238143e-14,NaN
-3255.67958,-0.40363,-3.09666e-07,9.55999999999999e-10,9.61987798893128e-10,-5.25738597345331e-14,-2.90521791826859e-14,-2.69980249131056e-14,NaN
-3245.59708,-0.40238,-3.08714e-07,9.5949999999999e-10,9.61842401111379e-10,-1.04791916756736e-13,-4.45310627116678e-14,-2.962577201157e-14,NaN
-3235.51458,-0.40113,-3.07747e-07,9.67499999999972e-10,9.61778215059614e-10,-1.58365232833127e-14,-4.39430423332654e-14,-3.29064312953276e-14,NaN
-3225.35142,-0.39987,-3.06779e-07,9.70500000000002e-10,9.61810728064813e-10,-9.06598488514479e-14,-5.1030578187023e-14,-3.6458573193884e-14,NaN
-3215.26892,-0.39862,-3.05806e-07,9.69000000000014e-10,9.61596895361911e-10,-2.07457511310908e-13,-4.99197243378829e-14,-3.87378701642301e-14,NaN
-3205.18642,-0.39737,-3.04841e-07,9.54999999999998e-10,9.61395813042191e-10,-1.06406713621814e-13,-3.38458677704585e-14,-3.86957417602773e-14,NaN
-3195.10392,-0.39612,-3.03896e-07,9.48500000000004e-10,9.61384081934668e-10,-7.50007550094373e-14,-2.65425776430557e-14,-3.71633964676294e-14,NaN
-3185.02142,-0.39487,-3.02944e-07,9.57e-10,9.61245811532172e-10,-4.37155994474886e-14,-2.94468136503715e-14,-3.49707296060444e-14,NaN
-3174.93892,-0.39362,-3.01982e-07,9.61000000000005e-10,9.61296650735773e-10,1.23832551880103e-13,-2.99736458245253e-14,-3.32849463787787e-14,NaN
-3164.85642,-0.39237,-3.01022e-07,9.69500000000001e-10,9.61493476635932e-10,1.95529155046483e-13,-3.48655567403984e-14,-3.39914329802097e-14,NaN
-3154.69326,-0.39111,-3.00043e-07,9.685e-10,9.61687709045866e-10,1.52394920229662e-13,-4.29349341296964e-14,-3.79058082217418e-14,NaN
-3144.61076,-0.38986,-2.99085e-07,9.6275e-10,9.61798266476392e-10,4.44139920467708e-15,-3.82427312337977e-14,-4.36903673929801e-14,NaN
-3134.52826,-0.38861,-2.981175e-07,9.67083333333506e-10,9.61696591844275e-10,-1.65612471400393e-13,-3.8406435177952e-14,-4.88496030104299e-14,NaN
-3124.44576,-0.38736,-2.97150833333333e-07,9.61916666666511e-10,9.61467041533591e-10,-2.92751062682608e-13,-5.85352980113244e-14,-5.2070831047049e-14,NaN
-3114.36326,-0.38611,-2.96193666666667e-07,9.53916666666476e-10,9.6111108971891e-10,-1.70420054817693e-13,-6.98872538747762e-14,-5.32548161138804e-14,NaN
-3104.28076,-0.38486,-2.95243e-07,9.58333333333503e-10,9.61126201423955e-10,1.08492453580038e-13,-6.20608014978535e-14,-5.39057142098377e-14,NaN
-3094.1176,-0.3836,-2.94277e-07,9.62416666666499e-10,9.6132807462607e-10,3.35445499012728e-14,-4.707551096506e-14,-5.640404563982e-14,NaN
-3084.0351,-0.38235,-2.93318166666667e-07,9.60999999999978e-10,9.61193290523758e-10,-1.283475654423e-13,-3.35710080083591e-14,-6.02759092959716e-14,NaN
-3073.9526,-0.3811,-2.92355e-07,9.62583333333514e-10,9.61071379495185e-10,-6.02457964339508e-14,-2.87836259743704e-14,-6.39050884676189e-14,NaN
-3063.8701,-0.37985,-2.91393e-07,9.59416666666522e-10,9.6107279893089e-10,-2.81735335540333e-14,-4.05055164242636e-14,-6.75789127252307e-14,NaN
-3053.7876,-0.3786,-2.90436166666667e-07,9.6299999999998e-10,9.61015032428077e-10,-8.39109228553302e-14,-6.73804775488306e-14,-7.12994834293133e-14,NaN
-3043.70644433334,-0.377350166666667,-2.89467e-07,9.57583333333508e-10,9.60904977085179e-10,-8.04633174073768e-14,-9.12671042078037e-14,-7.38498259923541e-14,NaN
-3033.6226,-0.3761,-2.88521e-07,9.58000000000001e-10,9.60854105793263e-10,-8.90422206650068e-14,-1.0941850958825e-13,-7.50468049088587e-14,NaN
-3023.45944,-0.37484,-2.87551e-07,9.65499999999997e-10,9.60726892643849e-10,-1.74377298091437e-13,-1.16595270855341e-13,-7.54993255846026e-14,NaN
-3013.37694,-0.37359,-2.8659e-07,9.59000000000029e-10,9.6050535119708e-10,-1.25696505015866e-13,-1.02021538489778e-13,-7.48986168094909e-14,NaN
-3003.29444,-0.37234,-2.85633e-07,9.56833333333488e-10,9.60475499633818e-10,-1.30417261241789e-13,-7.71870821297375e-14,-7.33543305952219e-14,NaN
-2993.21194,-0.37109,-2.84676333333333e-07,9.61416666666498e-10,9.60244516674596e-10,-1.79747370648448e-13,-5.86338694469648e-14,-7.11967088519716e-14,NaN
-2983.12944,-0.36984,-2.83710166666667e-07,9.60166666666489e-10,9.60116004892521e-10,7.20297552964277e-14,-5.45191036646555e-14,-6.81706607949691e-14,NaN
-2973.04694,-0.36859,-2.82756e-07,9.61083333333473e-10,9.60388576185189e-10,2.3172287783075e-13,-6.21188583269878e-14,-6.53986374027699e-14,NaN
-2962.88378,-0.36733,-2.81788e-07,9.63583333333515e-10,9.60579450648182e-10,1.40241002064994e-13,-7.61955258996467e-14,-6.42750310287425e-14,NaN
-2952.80128,-0.36608,-2.80828833333333e-07,9.63000000000007e-10,9.60669058189319e-10,-2.38633189070039e-14,-8.17484698166476e-14,-6.42737302200062e-14,NaN
-2942.71878,-0.36483,-2.79862e-07,9.65333333333008e-10,9.60531724010368e-10,-3.2263754558527e-13,-6.49251614664582e-14,-6.37625426078055e-14,NaN
-2932.63628,-0.36358,-2.78898166666667e-07,9.61166666666517e-10,9.60023783098148e-10,-4.61640316506684e-13,-4.5235879979796e-14,-6.08997606392971e-14,NaN
-2922.55378,-0.36233,-2.77939666666667e-07,9.56249999999979e-10,9.59608443377355e-10,-2.93530619795074e-13,-4.1087421408622e-14,-5.50053012962136e-14,NaN
-2912.47128,-0.36108,-2.76985666666667e-07,9.58333333333503e-10,9.59436721858558e-10,-5.69510823201893e-14,-3.88083886895119e-14,-4.70886740883963e-14,NaN
-2902.30812,-0.35982,-2.76023e-07,9.58166666667017e-10,9.59494541212715e-10,1.49520185432879e-13,-2.72866537622059e-14,-3.91319387764337e-14,NaN
-2892.22562,-0.35857,-2.75069333333333e-07,9.54499999999984e-10,9.59735762229424e-10,2.40578306792605e-13,-2.04661420279061e-14,-3.31428107756588e-14,NaN
-2882.14312,-0.35732,-2.74114e-07,9.58250000000008e-10,9.599756978263e-10,2.33292373554528e-13,-2.18143124545622e-14,-2.93344483665429e-14,NaN
-2872.06062,-0.35607,-2.73152833333333e-07,9.63000000000007e-10,9.60202346976533e-10,9.98371046574837e-14,-2.02787284529682e-14,-2.7011507988682e-14,NaN
-2861.97812,-0.35482,-2.72188e-07,9.64416666666474e-10,9.60175372035615e-10,-1.50344099904069e-13,-2.37272253850814e-14,-2.53420132295943e-14,NaN
-2851.89562,-0.35357,-2.71224e-07,9.57333333333501e-10,9.59901658776725e-10,-2.77906445598517e-13,-3.22079899188834e-14,-2.28222066864278e-14,NaN
-2841.81312,-0.35232,-2.70273333333333e-07,9.54916666666503e-10,9.59619559144418e-10,-1.70890997913839e-13,-4.22063327895751e-14,-1.85462840329175e-14,NaN
-2831.64996,-0.35106,-2.69314166666667e-07,9.60666666666503e-10,9.59559876780897e-10,2.23249677199825e-14,-4.77000670009138e-14,-1.30488294032319e-14,NaN
-2821.56746,-0.34981,-2.68352e-07,9.60416666667026e-10,9.59664209079858e-10,1.35495707721208e-13,-3.2636929307221e-14,-7.56899900346716e-15,NaN
-2811.48496,-0.34856,-2.67393333333333e-07,9.56416666666492e-10,9.5983086819634e-10,1.51259560428026e-13,-5.65160191381845e-15,-3.09436510882494e-15,NaN
-2801.40246,-0.34731,-2.66439166666667e-07,9.56833333332985e-10,9.59966728200714e-10,9.29050865590355e-14,2.19619119288879e-14,-2.29313456461763e-16,NaN
-2791.31996,-0.34606,-2.65479666666667e-07,9.61583333333513e-10,9.60016678369458e-10,-6.85585554994354e-14,4.02660329562578e-14,1.47049573940708e-15,NaN
-2781.23746,-0.34481,-2.64516e-07,9.67583333333493e-10,9.59829611089715e-10,-1.94562730754629e-13,3.10589045957046e-14,3.36906272857497e-15,NaN
-2771.0743,-0.34355,-2.635445e-07,9.66083333333478e-10,9.59627552907948e-10,-6.34668961928808e-14,3.52223974069877e-15,5.55407304607891e-15,NaN
-2760.9918,-0.3423,-2.62583833333333e-07,9.59749999999997e-10,9.59702677297329e-10,3.90769515401773e-14,-1.7741476509744e-14,7.05547729755159e-15,NaN
-2750.9093,-0.34105,-2.61625e-07,9.56416666666518e-10,9.59705706811029e-10,-1.16121920457762e-13,-2.01021538173131e-14,8.21457309642688e-15,NaN
-2740.8268,-0.3398,-2.60671e-07,9.59500000000016e-10,9.59470433456414e-10,-9.78598986759687e-14,-3.77625545430606e-16,1.02039255122238e-14,NaN
-2730.7443,-0.33855,-2.59706e-07,9.58583333333483e-10,9.59509987013677e-10,7.26762403005689e-14,2.42878688805899e-14,1.27239967575674e-14,NaN
-2720.6618,-0.3373,-2.58753833333333e-07,9.52500000000008e-10,9.59615785937015e-10,2.00391477357953e-14,3.73927264628335e-14,1.4900050909754e-14,NaN
-2710.5793,-0.33605,-2.57801e-07,9.59000000000002e-10,9.59550065309148e-10,2.69230333710635e-14,3.985480900894e-14,1.67598035542402e-14,NaN
-2700.41614,-0.33479,-2.56835833333333e-07,9.6291666666646e-10,9.59669632003757e-10,1.85251459077854e-13,3.00905220247967e-14,1.76551444645349e-14,NaN
-2690.33364,-0.33354,-2.55875166666667e-07,9.56916666666506e-10,9.59920568227304e-10,2.55555052204823e-13,1.10235518077547e-14,1.64131278245852e-14,NaN
-2680.25114,-0.33229,-2.54922e-07,9.61083333333526e-10,9.60180742108166e-10,1.33066434112479e-13,-3.67253463432877e-15,1.24158018550797e-14,NaN
-2670.16864,-0.33104,-2.53953e-07,9.65499999999997e-10,9.60186701095529e-10,-3.76480781036536e-14,-8.01815745545775e-15,6.26409393758617e-15,NaN
-2660.08614,-0.32979,-2.52991e-07,9.61500000000018e-10,9.60105445951959e-10,-9.16366546619991e-14,-5.72963259945692e-15,-1.1917188136653e-16,NaN
-2650.00364,-0.32854,-2.5203e-07,9.63500000000021e-10,9.60003427786205e-10,-1.69282807456488e-13,-1.08620741145772e-15,-5.40695806058941e-15,NaN
-2639.84048,-0.32728,-2.51064e-07,9.57999999999975e-10,9.59766880337046e-10,-1.62170528586688e-13,-9.39119477904234e-16,-9.0539553465843e-15,NaN
-2629.75798,-0.32603,-2.50114e-07,9.52333333333496e-10,9.59679086729032e-10,4.56748737216579e-14,-7.15046043384484e-15,-1.14231932546711e-14,NaN
-2619.67548,-0.32478,-2.49159333333333e-07,9.57e-10,9.59858230084489e-10,2.06861990083348e-13,-8.90910038150344e-15,-1.44272001720984e-14,NaN
-2609.59298,-0.32353,-2.482e-07,9.61166666666491e-10,9.60092810709198e-10,1.85166519438395e-13,-2.56331065459983e-15,-1.96214311571188e-14,NaN
-2599.51048,-0.32228,-2.47237e-07,9.61416666666498e-10,9.60228563123366e-10,-5.44557445621318e-15,-4.05612344886307e-15,-2.70051249383339e-14,NaN
-2589.42798,-0.32103,-2.46277166666667e-07,9.66083333333505e-10,9.60081919560286e-10,-2.98888423293567e-13,-2.18937603754677e-14,-3.50263620972188e-14,NaN
-2579.26482,-0.31977,-2.45304833333333e-07,9.63583333333489e-10,9.59630786276779e-10,-3.56380287969686e-13,-4.14756110352859e-14,-4.12294469272232e-14,NaN
-2569.18232,-0.31852,-2.4435e-07,9.56916666666506e-10,9.59369158984347e-10,-1.20311332077835e-13,-5.53931267100333e-14,-4.46749446773235e-14,NaN
-2559.09982,-0.31727,-2.43391e-07,9.55999999999999e-10,9.59390163612623e-10,1.51164239303371e-14,-7.1001988181563e-14,-4.62263403804748e-14,NaN
-2549.01732,-0.31602,-2.42438e-07,9.52999999999996e-10,9.59399391832207e-10,3.06669837660661e-14,-8.18350683343603e-14,-4.67040879746918e-14,NaN
-2538.93482,-0.31477,-2.41485e-07,9.59000000000029e-10,9.59451497580156e-10,5.04022363622348e-14,-7.5073091758755e-14,-4.6816594325352e-14,NaN
-2528.85232,-0.31352,-2.4052e-07,9.6183333333352e-10,9.59500196304932e-10,1.19698822962006e-14,-5.49569216277442e-14,-4.73929697460636e-14,NaN
-2518.76982,-0.31227,-2.39561333333333e-07,9.62833333333494e-10,9.59475437344748e-10,-3.13191314220334e-14,-3.90765059417992e-14,-4.84463842970467e-14,NaN
-2508.60666,-0.31101,-2.38594333333333e-07,9.61749999999972e-10,9.59437558042088e-10,-3.6134265024673e-14,-3.78726957716863e-14,-4.93509659430105e-14,NaN
-2498.52416,-0.30976,-2.37637833333333e-07,9.581666666665e-10,9.59403168814699e-10,-2.57187780778487e-14,-4.61787162413425e-14,-4.97595178557187e-14,NaN
-2488.44166,-0.30851,-2.36678e-07,9.63916666666514e-10,9.59386120485932e-10,6.35121973288037e-14,-5.8769433492595e-14,-4.96191970148325e-14,NaN
-2478.35916,-0.30726,-2.3571e-07,9.5933333333349e-10,9.59530193209356e-10,6.81366886352944e-14,-6.76574994298443e-14,-4.92368727260877e-14,NaN
-2468.27800433334,-0.306010166666667,-2.34759333333333e-07,9.55499999999998e-10,9.59522393863203e-10,-2.04814001068986e-13,-6.17231363579681e-14,-4.86839874942567e-14,NaN
-2458.19416,-0.30476,-2.33799e-07,9.62166666666518e-10,9.59120565207218e-10,-3.6351427362823e-13,-4.21937809524333e-14,-4.69768627652617e-14,NaN
-2448.031,-0.3035,-2.32835e-07,9.58999999999989e-10,9.58795365315946e-10,-1.76488519937694e-13,-1.59461418115201e-14,-4.32779344822355e-14,NaN
-2437.9485,-0.30225,-2.31881e-07,9.53999999999983e-10,9.58767588167343e-10,-2.2558079845063e-14,4.79399837274295e-16,-3.83734017273397e-14,NaN
-2427.866,-0.301,-2.30927e-07,9.55999999999999e-10,9.58750249156256e-10,1.26380740948773e-14,-7.52938382343524e-15,-3.37369963444949e-14,NaN
-2417.7835,-0.29975,-2.29969e-07,9.61000000000005e-10,9.58792864315533e-10,9.54787575429316e-14,-2.69439069986539e-14,-3.00479254411051e-14,NaN
-2407.701,-0.2985,-2.29005e-07,9.59000000000002e-10,9.58941206671342e-10,1.45278866263057e-13,-3.80340347940618e-14,-2.76228417526242e-14,NaN
-2397.6185,-0.29725,-2.28051e-07,9.61500000000005e-10,9.59083422048059e-10,1.15634933218907e-13,-4.121918000996e-14,-2.67811125187368e-14,NaN
-2387.45534,-0.29599,-2.27082e-07,9.66500000000011e-10,9.5917247653778e-10,-2.78620882315486e-14,-4.23227800001926e-14,-2.72370014985055e-14,NaN
-2377.37284,-0.29474,-2.26118e-07,9.57583333333508e-10,9.59027697871596e-10,-1.78782833885662e-13,-3.84513131509276e-14,-2.7631566230409e-14,NaN
-2367.29034,-0.29349,-2.25166833333333e-07,9.50500000000006e-10,9.58814910870008e-10,-1.87737359091932e-13,-3.28021365705018e-14,-2.65595162755027e-14,NaN
-2357.20784,-0.29224,-2.24217e-07,9.519166666665e-10,9.58652223153412e-10,-5.12997651944595e-14,-3.08318109133072e-14,-2.41932855241446e-14,NaN
-2347.12534,-0.29099,-2.23263e-07,9.56499999999986e-10,9.58712311339619e-10,1.07828980639341e-13,-2.84962318408172e-14,-2.19514382523998e-14,NaN
-2337.04284,-0.28974,-2.22304e-07,9.58999999999989e-10,9.5886788111469e-10,1.42225758228644e-13,-2.18677055775609e-14,-2.09782569856527e-14,NaN
-2326.96034,-0.28849,-2.21345e-07,9.66999999999998e-10,9.58996762856077e-10,7.50064176717065e-14,-9.16244822740362e-15,-2.16337656731849e-14,NaN
-2316.79718,-0.28723,-2.2037e-07,9.67499999999999e-10,9.59017893950034e-10,-1.4480320427419e-14,1.60626510590699e-15,-2.33436680330763e-14,NaN
-2306.71468,-0.28598,-2.1941e-07,9.58500000000002e-10,9.58967802215222e-10,-9.18735418725116e-14,-3.90779617294278e-15,-2.48461419939132e-14,NaN
-2296.63218,-0.28473,-2.18453e-07,9.5400000000001e-10,9.58834146866289e-10,-2.15123785363669e-13,-2.15237481983978e-14,-2.52884568432028e-14,NaN
-2286.54968,-0.28348,-2.17502e-07,9.51000000000007e-10,9.58537554644495e-10,-2.14379147887867e-13,-3.46569516320278e-14,-2.41565742097811e-14,NaN
-2276.46718,-0.28223,-2.16551e-07,9.54499999999984e-10,9.58405388570513e-10,-6.71513888538283e-14,-3.93092101572905e-14,-2.18617187613661e-14,NaN
-2266.38468,-0.28098,-2.15593e-07,9.63999999999995e-10,9.58403251866787e-10,2.72391975788243e-14,-3.79851241417551e-14,-1.9330087626696e-14,NaN
-2256.22152,-0.27972,-2.14623e-07,9.65499999999997e-10,9.58459866965671e-10,5.13327972762069e-14,-2.81777562574268e-14,-1.72305232078197e-14,NaN
-2246.13902,-0.27847,-2.13662e-07,9.60500000000004e-10,9.58505917461339e-10,4.16742168509851e-14,-1.51680459366384e-14,-1.64636078043595e-14,NaN
-2236.05652,-0.27722,-2.12702e-07,9.56166666666511e-10,9.58543215399373e-10,5.55760039764412e-14,-4.88651349179379e-15,-1.73123737239961e-14,NaN
-2225.97402,-0.27597,-2.11749666666667e-07,9.52583333333503e-10,9.58617069469292e-10,1.54127688760421e-14,-5.49840622061486e-15,-1.95260363785408e-14,NaN
-2215.89152,-0.27472,-2.10796833333333e-07,9.558333333335e-10,9.58574040937125e-10,-3.41834847131467e-14,-2.12524132973966e-14,-2.25468013504814e-14,NaN
-2205.80902,-0.27347,-2.09838e-07,9.62416666666499e-10,9.58548702499866e-10,9.94548763346183e-15,-3.78240787776993e-14,-2.58394088335884e-14,NaN
-2195.72652,-0.27222,-2.08872e-07,9.6666666666651e-10,9.58593931912392e-10,8.03812091110988e-15,-4.04180633667196e-14,-2.93972697859789e-14,NaN
-2185.56336,-0.27096,-2.07904666666667e-07,9.61750000000012e-10,9.58564778741688e-10,-7.21458394740902e-14,-2.87490638531915e-14,-3.27801861353034e-14,NaN
-2175.48086,-0.26971,-2.069485e-07,9.55333333333486e-10,9.58449640233444e-10,-1.12364757228489e-13,-1.33767954532381e-14,-3.50403706831916e-14,NaN
-2165.39836,-0.26846,-2.05994e-07,9.56749999999993e-10,9.58340049227231e-10,-5.12667331049574e-14,-6.93264157814931e-15,-3.55610585291938e-14,NaN
-2155.31586,-0.26721,-2.05035e-07,9.58000000000014e-10,9.58347106767234e-10,3.75055682909507e-15,-1.31703368120389e-14,-3.44552220421403e-14,NaN
-2145.23336,-0.26596,-2.04078e-07,9.54499999999984e-10,9.58347550340889e-10,2.6463415552617e-14,-2.27046029750646e-14,-3.26861792704009e-14,NaN
-2135.15086,-0.26471,-2.03126e-07,9.58500000000002e-10,9.58400033598339e-10,6.14151320890537e-14,-3.21403992466539e-14,-3.1385843534591e-14,NaN
-2124.9877,-0.26345,-2.02161e-07,9.61499999999992e-10,9.58470380605067e-10,3.21373832614559e-14,-3.83146628456342e-14,-3.06521356001617e-14,NaN
-2114.9052,-0.2622,-2.01203e-07,9.57499999999987e-10,9.58464308364862e-10,-5.39574320236569e-14,-5.08229273509913e-14,-2.9797603962927e-14,NaN
-2104.8227,-0.26095,-2.00246e-07,9.59500000000016e-10,9.5836246574102e-10,-1.53071606002872e-13,-6.95667691574379e-14,-2.83192685416291e-14,NaN
-2094.7402,-0.2597,-1.99284e-07,9.55833333333513e-10,9.58158165152856e-10,-1.69302626713374e-13,-6.83905956474588e-14,-2.56876593012444e-14,NaN
-2084.6577,-0.25845,-1.98334333333333e-07,9.52333333333496e-10,9.58023860487593e-10,-1.3029268311141e-13,-5.24348546201121e-14,-2.1548008851068e-14,NaN
-2074.5752,-0.2572,-1.97379333333333e-07,9.58166666666487e-10,9.57897579786633e-10,-4.00867894330963e-14,-3.45595638984889e-14,-1.60360364614563e-14,NaN
-2064.41204,-0.25594,-1.96418e-07,9.60666666666503e-10,9.57943686908727e-10,1.23303094820795e-13,-1.71843633134939e-14,-1.03037426157431e-14,NaN
-2054.32954,-0.25469,-1.95458e-07,9.56750000000006e-10,9.58144185976275e-10,1.3127515156872e-13,-2.8025743311744e-15,-6.09052473618302e-15,NaN
-2044.24704,-0.25344,-1.945045e-07,9.57999999999988e-10,9.58206237211865e-10,-2.84585532271055e-14,1.32437704066112e-14,-3.76718277763263e-15,NaN
-2034.16454,-0.25219,-1.93542e-07,9.59749999999997e-10,9.58087268869821e-10,-1.73243825827968e-13,2.48655253082882e-14,-2.39997404164698e-15,NaN
-2024.08204,-0.25094,-1.92585e-07,9.59833333333504e-10,9.57859749560209e-10,-2.20776990047418e-13,2.33479820913431e-14,-8.18515020948612e-16,NaN
-2013.99954,-0.24969,-1.91622333333333e-07,9.58666666666488e-10,9.57645714889726e-10,-9.71303615838739e-14,1.6042023935221e-14,1.4669700768298e-15,NaN
-2003.91704,-0.24844,-1.90667666666667e-07,9.58333333333013e-10,9.57665488837041e-10,1.12960278454084e-13,1.02523938957527e-14,3.4889653046959e-15,NaN
-1993.75388,-0.24718,-1.89705666666667e-07,9.58250000000008e-10,9.57871635446634e-10,1.54067287295384e-13,7.1152570719364e-15,3.99258059106001e-15,NaN
-1983.67138,-0.24593,-1.88751166666667e-07,9.54833333333499e-10,9.57973623411632e-10,2.92060220289241e-14,1.12519229090976e-14,2.68935611104401e-15,NaN
-1973.58888,-0.24468,-1.87796e-07,9.59583333333511e-10,9.57930047490692e-10,-1.02105936715144e-13,1.80144861336958e-14,-4.22752820047574e-16,NaN
-1963.50638,-0.24343,-1.86832e-07,9.59833333333504e-10,9.57769411538201e-10,1.50095887418752e-13,1.60219719165266e-14,-5.05227869134975e-15,NaN
-1953.42388,-0.24218,-1.85876333333333e-07,9.54999999999998e-10,9.58230239265529e-10,4.74032065656686e-13,6.13661944323136e-15,-1.20465691685538e-14,NaN
-1943.34138,-0.24093,-1.84922e-07,9.59083333332981e-10,9.58717475669515e-10,2.1245951209676e-13,-9.27834333734447e-15,-2.2630141378205e-14,NaN
-1933.17822,-0.23967,-1.83958166666667e-07,9.59000000000002e-10,9.58655158289723e-10,-6.51760704306423e-14,-3.1515847886266e-14,-3.5302034895686e-14,NaN
-1923.09572,-0.23842,-1.83004e-07,9.56416666667021e-10,9.58587123528654e-10,-1.04072761175687e-13,-5.73376135428563e-14,-4.82480739226174e-14,NaN
-1913.01322,-0.23717,-1.82045333333333e-07,9.57249999999994e-10,9.58447012767371e-10,-1.64349702143396e-13,-7.47931326232093e-14,-6.10758900481507e-14,NaN
-1902.93072,-0.23592,-1.810895e-07,9.581666666665e-10,9.58258424124367e-10,-2.10848490339759e-13,-7.59957615728395e-14,-7.36327266065369e-14,NaN
-1892.84822,-0.23467,-1.80129e-07,9.565e-10,9.58025315786692e-10,-2.73630206800095e-13,-7.44218159218253e-14,-8.53662674788622e-14,NaN
-1882.76572,-0.23342,-1.791765e-07,9.57333333333501e-10,9.57711163710767e-10,-2.51846021427666e-13,-8.11014953127098e-14,-9.53015924916241e-14,NaN
-1872.68322,-0.23217,-1.78214333333333e-07,9.63250000000001e-10,9.57521623743837e-10,-1.11967428481178e-13,-9.91185442094136e-14,-1.03060830953892e-13,NaN
-1862.52006,-0.23091,-1.7725e-07,9.58166666666487e-10,9.57487228853804e-10,-7.21420643735622e-14,-1.24638331569826e-13,-1.09196067765691e-13,NaN
-1852.43756,-0.22966,-1.76298e-07,9.53000000000009e-10,9.57377339615089e-10,-7.13832702890811e-14,-1.40062446827645e-13,-1.14241618344878e-13,NaN
-1842.35506,-0.22841,-1.75344e-07,9.55750000000005e-10,9.57344462313226e-10,-8.25896396287596e-14,-1.42593718228357e-13,-1.18370313990701e-13,NaN
-1832.27256,-0.22716,-1.743865e-07,9.56749999999993e-10,9.57212160335832e-10,-2.3214285713894e-13,-1.42814036666571e-13,-1.21314805824262e-13,NaN
-1822.19006,-0.22591,-1.734305e-07,9.58750000000009e-10,9.56880176598948e-10,-2.93629716033182e-13,-1.4361416983441e-13,-1.22071608517647e-13,NaN
-1812.10756,-0.22466,-1.72469e-07,9.62249999999999e-10,9.56624900903766e-10,-1.68044576325109e-13,-1.48169065915658e-13,-1.19835545408833e-13,NaN
-1801.9444,-0.2234,-1.71506e-07,9.59833333333491e-10,9.56544087446298e-10,-1.0027124057549e-13,-1.42227482100827e-13,-1.14942184028608e-13,NaN
-1791.8619,-0.22215,-1.70549333333333e-07,9.56499999999986e-10,9.56424358422615e-10,-1.13903108412098e-13,-1.15331954840274e-13,-1.08158451768817e-13,NaN
-1781.7794,-0.2209,-1.69593e-07,9.57583333333005e-10,9.56316281229474e-10,-2.55253044633348e-14,-9.32312698070913e-14,-1.00209253947038e-13,NaN
-1771.6969,-0.21965,-1.68634166666667e-07,9.57000000000013e-10,9.56373307813688e-10,8.43101391536295e-14,-8.5398385949143e-14,-9.19650903053902e-14,NaN
-1761.6144,-0.2184,-1.67679e-07,9.58916666667011e-10,9.56484901507781e-10,2.53459874577066e-14,-7.45763190022242e-14,-8.39645793385522e-14,NaN
-1751.5319,-0.21715,-1.66716333333333e-07,9.61000000000005e-10,9.56423999788603e-10,-1.14274955270343e-13,-5.62244570912195e-14,-7.62950313430954e-14,NaN
-1741.36874,-0.21589,-1.65757e-07,9.57666666666487e-10,9.5625635159724e-10,-1.25477549516835e-13,-4.08604335653923e-14,-6.81766181691462e-14,NaN
-1731.28624,-0.21464,-1.64801e-07,9.57e-10,9.5617304468957e-10,-9.46567306164227e-14,-3.4649095472678e-14,-5.82263624890056e-14,NaN
-1721.20374,-0.21339,-1.63843e-07,9.57500000000001e-10,9.56067038136007e-10,-1.56543749544598e-14,-3.4078369850766e-14,-4.61920370431612e-14,NaN
-1711.12124,-0.21214,-1.62886e-07,9.57e-10,9.56141735939661e-10,7.53320196047312e-14,-3.21093812620239e-14,-3.35249612074537e-14,NaN
-1701.03874,-0.21089,-1.61929e-07,9.36166666666489e-10,9.56217702175217e-10,-1.65009399958336e-14,-2.35859787508916e-14,-2.15592664401444e-14,NaN
-1690.932042,-0.209637,-1.61013666666667e-07,9.38083333333499e-10,9.56108734059669e-10,-4.68593097669824e-14,-7.31683068906032e-15,-9.87840620342462e-15,NaN
-1680.83341,-0.208385,-1.60052833333333e-07,9.60833333333505e-10,9.56123983555683e-10,1.95833050161191e-14,1.05391478404438e-14,2.02854948480862e-15,NaN
-1670.74311286666,-0.207134033333333,-1.59092e-07,9.57916666666494e-10,9.56147900669701e-10,-2.85217860689264e-14,1.95387678521136e-14,1.38490991397297e-14,NaN
-1660.64434643334,-0.205882016666667,-1.58137e-07,9.5400000000001e-10,9.56066939983545e-10,-7.28196939150804e-14,1.73659550577403e-14,2.53592027373618e-14,NaN
-1650.55378043334,-0.204631016666667,-1.57184e-07,9.565e-10,9.56002261281871e-10,-2.07252712571206e-15,1.30372937278579e-14,3.60187983677905e-14,NaN
-1640.45555173334,-0.203379066666667,-1.56224e-07,9.59500000000003e-10,9.56062794929294e-10,4.01226528373446e-14,1.41429360638708e-14,4.57286052909623e-14,NaN
-1630.36471686666,-0.202128033333333,-1.55265e-07,9.59000000000002e-10,9.56082506587546e-10,5.09109304159949e-14,2.17154726502785e-14,5.52402017687425e-14,NaN
-1620.26595043334,-0.200876016666667,-1.54306e-07,9.59000000000002e-10,9.56164616790126e-10,1.78474219877406e-13,3.73062648963215e-14,6.43907488947366e-14,NaN
-1610.17525,-0.199625,-1.53347e-07,9.57500000000014e-10,9.56439455027301e-10,1.52294880207944e-13,5.68309642302709e-14,7.23930598553184e-14,NaN
-1600.076618,-0.198373,-1.52391e-07,9.56499999999986e-10,9.56469206550542e-10,-4.51822238359397e-14,8.48264635502501e-14,7.94748160088556e-14,NaN
-1589.97812043334,-0.197121016666667,-1.51434e-07,9.55999999999999e-10,9.56349090579629e-10,-6.87803423238623e-14,1.16377755393982e-13,8.63003598747858e-14,NaN
-1579.88742,-0.19587,-1.50479e-07,9.55583333333506e-10,9.56331645865894e-10,5.01993250033285e-15,1.24928316046242e-13,9.26515068581693e-14,NaN
-1569.788788,-0.194618,-1.49522833333333e-07,9.58249999999995e-10,9.56359130444629e-10,1.07470346628188e-13,1.1488586718989e-13,9.76330063492346e-14,NaN
-1559.69849086666,-0.193367033333333,-1.485625e-07,9.61666666666504e-10,9.5654658655915e-10,2.40232885604039e-13,1.13316397426095e-13,1.00353636887545e-13,NaN
-1549.59959,-0.192115,-1.475995e-07,9.59333333333504e-10,9.56839596215838e-10,2.04567676129073e-13,1.21165474223559e-13,1.00549204264859e-13,NaN
-1539.509024,-0.190864,-1.46643833333333e-07,9.57249999999994e-10,9.56955721911408e-10,8.06766102691606e-14,1.20018110484015e-13,9.88989957795186e-14,NaN
-1529.410392,-0.189612,-1.45685e-07,9.58249999999995e-10,9.57000949436376e-10,3.95120312179095e-14,1.1150846593933e-13,9.62736858912939e-14,NaN
-1519.31189443334,-0.188360016666667,-1.44727333333333e-07,9.54583333333505e-10,9.57034745973844e-10,3.85484382380099e-14,1.03329875537966e-13,9.25219608770025e-14,NaN
-1509.221194,-0.187109,-1.43775833333333e-07,9.52666666666494e-10,9.57078046312852e-10,1.51554961612558e-13,9.05379495247977e-14,8.68667135232428e-14,NaN
-1499.12283086666,-0.185857033333333,-1.42822e-07,9.57416666666493e-10,9.57337855897069e-10,3.12138062776704e-13,7.4755776876343e-14,7.90037826195376e-14,NaN
-1489.03213043334,-0.184606016666667,-1.41861e-07,9.61500000000005e-10,9.57702322438405e-10,3.05388193014244e-13,6.26406445704092e-14,6.92021856119945e-14,NaN
-1478.93363286666,-0.183354033333333,-1.40899e-07,9.5949999999999e-10,9.57948632283098e-10,1.7430934638016e-13,5.37699052660329e-14,5.79372770744252e-14,NaN
-1468.842798,-0.182103,-1.39942e-07,9.57e-10,9.58050941131166e-10,8.40524889203015e-14,4.49563851437371e-14,4.5481044032447e-14,NaN
-1458.744166,-0.180851,-1.38985e-07,9.55500000000012e-10,9.58116737260938e-10,1.19511955725544e-13,3.72706678596741e-14,3.26140968591288e-14,NaN
-1448.645534,-0.179599,-1.38031e-07,9.55999999999999e-10,9.58289965042617e-10,-1.34174424489777e-13,2.52044358979682e-14,2.01541994052377e-14,NaN
-1438.55510243334,-0.178348016666667,-1.37073e-07,9.57500000000001e-10,9.57848388411959e-10,-4.95027256186214e-13,4.42854549744808e-15,9.21049851830862e-15,NaN
-1428.456336,-0.177096,-1.36116e-07,9.57500000000001e-10,9.57299910530244e-10,-2.13283426573843e-13,-1.75808530717646e-14,6.26219980448371e-16,NaN
-1418.36577,-0.175845,-1.35158e-07,9.576666666665e-10,9.57421821558811e-10,1.24615884087514e-13,-3.35418580070018e-14,-7.61117178939255e-15,NaN
-1408.2675413,-0.17459305,-1.34200666666667e-07,9.59083333333497e-10,9.57549142298419e-10,5.20774347129248e-15,-3.93387380878349e-14,-1.75087890168987e-14,NaN
-1398.176572,-0.173342,-1.33239833333333e-07,9.59833333333504e-10,9.57432237045754e-10,-1.36612192043467e-13,-3.86341605555167e-14,-2.82197313014628e-14,NaN
-1388.07820886666,-0.172090033333333,-1.32281e-07,9.56916666666492e-10,9.57275917914332e-10,-9.66971694313836e-14,-4.42369607107814e-14,-3.84643616195162e-14,NaN
-1377.98764286666,-0.170839033333333,-1.31326e-07,9.56666666666486e-10,9.57238842706891e-10,-2.94872666049837e-14,-5.87203847427822e-14,-4.83197582563542e-14,NaN
-1367.888742,-0.169587,-1.30367666666667e-07,9.5516666666651e-10,9.57216943381122e-10,-2.26694451370359e-15,-6.53777593509621e-14,-5.79783537027656e-14,NaN
-1357.79011,-0.168335,-1.29415666666667e-07,9.54833333333512e-10,9.57234308817864e-10,2.34018135559743e-14,-5.91992995144496e-14,-6.73438669505381e-14,NaN
-1347.69967843334,-0.167084016666667,-1.28458e-07,9.58833333333503e-10,9.57263747008234e-10,4.95292456801337e-15,-5.33161636770721e-14,-7.65048899804618e-14,NaN
-1337.600912,-0.165832,-1.27498e-07,9.58916666666495e-10,9.57244214667e-10,-4.25528702010423e-14,-5.38069768396087e-14,-8.51658060642874e-14,NaN
-1327.51048043334,-0.164581016666667,-1.26540166666667e-07,9.58000000000001e-10,9.57178641267832e-10,-1.0934656881461e-13,-5.85606295698927e-14,-9.27174679372456e-14,NaN
-1317.41157956666,-0.163328983333333,-1.25582e-07,9.57500000000001e-10,9.5702552152937e-10,-1.47616593810332e-13,-6.06053117992733e-14,-9.85404146393971e-14,NaN
-1307.32141686666,-0.162078033333333,-1.24625166666667e-07,9.53999999999997e-10,9.56883408080212e-10,-5.62083323943408e-14,-6.6446026748824e-14,-1.02126770158784e-13,NaN
-1297.22278486666,-0.160826033333333,-1.23674e-07,9.54083333333504e-10,9.56913104864582e-10,4.63072021270465e-14,-8.04915691528347e-14,-1.03415469963238e-13,NaN
-1287.12415286666,-0.159574033333333,-1.22717e-07,9.58416666666494e-10,9.56976022484466e-10,4.93272780844687e-14,-1.04373908909407e-13,-1.02751741709912e-13,NaN
-1277.033318,-0.158323,-1.21757166666667e-07,9.58083333333496e-10,9.57011759420751e-10,3.39447099607454e-14,-1.3765111737658e-13,-1.00413077973711e-13,NaN
-1266.934686,-0.157071,-1.20800833333333e-07,9.60083333333511e-10,9.57043911904387e-10,-4.1633634582037e-14,-1.48092547977607e-13,-9.6201241159421e-14,NaN
-1256.84412,-0.15582,-1.19837e-07,9.59916666666509e-10,9.56928492151587e-10,-1.77401149137186e-13,-1.29335017338136e-13,-8.94673943105358e-14,NaN
-1246.745488,-0.154568,-1.18881e-07,9.54833333333492e-10,9.56689109606113e-10,-1.87775110047272e-13,-1.10155344504124e-13,-7.95933960542578e-14,NaN
-1236.654922,-0.153317,-1.17927333333333e-07,9.53499999999996e-10,9.56552941931492e-10,-6.16246498618901e-14,-9.6902339182473e-14,-6.64912440709641e-14,NaN
-1226.55655886666,-0.152065033333333,-1.16974e-07,9.54166666666503e-10,9.56565860306389e-10,4.63959168570034e-14,-8.0775627248639e-14,-5.06875889637425e-14,NaN
-1216.46558956666,-0.150813983333333,-1.16019e-07,9.58499999999995e-10,9.56645733765206e-10,-1.43415668153873e-13,-5.947043817892e-14,-3.29234719776472e-14,NaN
-1206.36736086666,-0.149562033333333,-1.15057e-07,9.60999999999998e-10,9.56279028970081e-10,-4.83377596320616e-13,-3.09566359891194e-14,-1.2720208875456e-14,NaN
-1196.26859443334,-0.148310016666667,-1.14097e-07,9.57500000000001e-10,9.55678978572565e-10,-4.63322121300876e-13,4.41142177282085e-15,1.13131458355628e-14,NaN
-1186.177894,-0.147059,-1.13142e-07,9.55499999999998e-10,9.5535238472748e-10,-1.63524372012869e-13,3.91875669991177e-14,3.92860382352213e-14,NaN
-1176.079262,-0.145807,-1.12186e-07,9.57000000000007e-10,9.55351929828539e-10,4.11135208797128e-14,7.23211018293253e-14,6.99348948960898e-14,NaN
-1165.988696,-0.144556,-1.11228e-07,9.55250000000011e-10,9.55434611769239e-10,-1.37988214182303e-14,1.02635185575065e-13,1.0199510303651e-13,NaN
-1155.890064,-0.143304,-1.102755e-07,9.51833333333495e-10,9.55324332185703e-10,7.97655854795246e-14,1.27640844848423e-13,1.34993759376285e-13,NaN
-1145.79976686666,-0.142053033333333,-1.09324333333333e-07,9.55249999999992e-10,9.55594142940198e-10,4.5579543138565e-13,1.56862679503598e-13,1.6761015369109e-13,NaN
-1135.70100043334,-0.140801016666667,-1.08365e-07,9.58666666666501e-10,9.56235923048474e-10,6.2085419073377e-13,1.93716695546696e-13,1.97687264583899e-13,NaN
-1125.602234,-0.139549,-1.07407e-07,9.58000000000008e-10,9.56835851321666e-10,5.74636647106746e-13,2.30607631848875e-13,2.23550209219716e-13,NaN
-1115.51193686666,-0.138298033333333,-1.06449e-07,9.57500000000001e-10,9.57385196342687e-10,4.49540570939654e-13,2.61547020342067e-13,2.44062146120733e-13,NaN
-1105.41330486666,-0.137046033333333,-1.05492e-07,9.56499999999993e-10,9.57734932463545e-10,2.90527909275969e-13,2.81574265657515e-13,2.60009721773502e-13,NaN
-1095.32260443334,-0.135795016666667,-1.04536e-07,9.54499999999997e-10,9.57966252161239e-10,2.64748729685004e-13,2.9438077213064e-13,2.72704088719213e-13,NaN
-1085.22397243334,-0.134543016666667,-1.03583e-07,9.54666666666503e-10,9.58264429922915e-10,3.00819101225067e-13,3.08483731241318e-13,2.81748285423866e-13,NaN
-1075.133272,-0.133292,-1.02626666666667e-07,9.55166666666497e-10,9.58567890363689e-10,3.225074935602e-13,3.23802449447801e-13,2.86303333303084e-13,NaN
-1065.03450556666,-0.132039983333333,-1.01672666666667e-07,9.57333333333501e-10,9.58909444910035e-10,3.38966907516607e-13,3.39544074240114e-13,2.86126805953632e-13,NaN
-1054.936008,-0.130788,-1.00712e-07,9.5991666666686e-10,9.59245824178723e-10,2.73588963886807e-13,3.45111023743982e-13,2.81228971487401e-13,NaN
-1044.84557643334,-0.129537016666667,-9.97528333333333e-08,9.58499999999995e-10,9.59456622837809e-10,1.93336202407259e-13,3.240078733063e-13,2.72157928019284e-13,NaN
-1034.74681,-0.128285,-9.8795e-08,9.55749999999999e-10,9.59632496583537e-10,2.08465933542214e-13,2.84694408045553e-13,2.59774510998635e-13,NaN
-1024.65651286666,-0.127034033333333,-9.78413333333333e-08,9.54500000000004e-10,9.59873554704893e-10,2.02757801233319e-13,2.4626243405833e-13,2.44377467336726e-13,NaN
-1014.55774643334,-0.125782016666667,-9.6886e-08,9.5541666666665e-10,9.60038012186004e-10,1.72704836656401e-13,2.10491978995056e-13,2.26091627306168e-13,NaN
-1004.467046,-0.124531,-9.59305e-08,9.56500000000006e-10,9.60218964378206e-10,1.98768847161855e-13,1.67885342146594e-13,2.05369489529003e-13,NaN
-994.368279566664,-0.123278983333333,-9.4973e-08,9.58249999999995e-10,9.60435549880328e-10,1.58835232206977e-13,1.29527641396212e-13,1.82522535344887e-13,NaN
-984.278116866664,-0.122028033333333,-9.4014e-08,9.5949999999999e-10,9.6053663484262e-10,6.54002166934679e-14,1.10670889607152e-13,1.57702685533846e-13,NaN
-974.179216,-0.120776,-9.3054e-08,9.59500000000003e-10,9.60566350313714e-10,2.24803128777068e-14,1.0174761775147e-13,1.3106617705293e-13,NaN
-964.080852866664,-0.119524033333333,-9.2095e-08,9.56083333333354e-10,9.60581595468375e-10,8.54226596275315e-14,8.99317817600851e-14,1.02807395325361e-13,NaN
-953.990286866664,-0.118273033333333,-9.11418333333333e-08,9.70191666666651e-10,9.6073719563297e-10,2.02903142389512e-13,6.76885403374974e-14,7.33234509880817e-14,NaN
-943.891117133336,-0.117020966666667,-9.01546166666667e-08,9.79916666666644e-10,9.60987401753155e-10,1.57277816787787e-13,3.60627736176298e-14,4.23330648861942e-14,NaN
-933.8012233,-0.11577005,-8.9182e-08,9.74625000000004e-10,9.61051751266545e-10,-3.07670237259526e-17,5.70257310174381e-15,9.49853614548044e-15,NaN
-923.7029946,-0.1145181,-8.82053666666667e-08,9.67375000000009e-10,9.60987340219107e-10,-3.53690532815365e-14,-1.9533889040369e-14,-2.43180837016857e-14,NaN
-913.612563033336,-0.113267116666667,-8.724725e-08,9.66091666666701e-10,9.60981013159982e-10,-4.24241394668236e-14,-4.13753171864006e-14,-5.7968687110751e-14,NaN
-903.5137966,-0.1120151,-8.62731833333333e-08,9.75024999999999e-10,9.60902491940173e-10,-1.62155333828911e-13,-5.94635428663544e-14,-9.01226044619635e-14,NaN
-893.415702333336,-0.110763166666667,-8.52972e-08,9.65791666666645e-10,9.60656702492324e-10,-2.05292494353366e-13,-7.97132215647912e-14,-1.1968325569586e-13,NaN
-883.324733033336,-0.109512116666667,-8.43416e-08,9.543e-10,9.60491906951467e-10,-1.10129806641127e-13,-1.0710344062231e-13,-1.47015979759198e-13,NaN
-873.2247567,-0.10825995,-8.33886e-08,9.51599999999999e-10,9.60436442879042e-10,-5.81606227412393e-14,-1.3679577178555e-13,-1.72896982799637e-13,NaN
-863.134594,-0.107009,-8.24384e-08,9.51299999999996e-10,9.60375585705984e-10,-4.93370933277263e-14,-1.65522897112447e-13,-1.97335902469852e-13,NaN
-853.036096433336,-0.105757016666667,-8.1486e-08,9.55000000000004e-10,9.60337768692386e-10,-8.40945812287578e-14,-2.01626962018932e-13,-2.20208296882886e-13,NaN
-842.946740333336,-0.104506166666667,-8.05284e-08,9.57550000000003e-10,9.60207396543527e-10,-2.16194779798764e-13,-2.47369181361015e-13,-2.41663599191666e-13,NaN
-832.8491838,-0.1032543,-7.95709e-08,9.58874999999999e-10,9.59905379132789e-10,-3.36909480775946e-13,-2.89665924725349e-13,-2.6097072605755e-13,NaN
-822.7578112,-0.1020032,-7.861065e-08,9.58899999999997e-10,9.59533577581975e-10,-3.99104924994739e-13,-3.19215619610059e-13,-2.76513633527054e-13,NaN
-812.657566,-0.100751,-7.76531e-08,9.565e-10,9.59107169282799e-10,-3.76437933665726e-13,-3.3802657620357e-13,-2.87109583447307e-13,NaN
-802.5597406,-0.0994991,-7.669765e-08,9.55525000000003e-10,9.58780701714643e-10,-2.64801486627957e-13,-3.53825479777902e-13,-2.92484436800447e-13,NaN
-792.467426966667,-0.0982478833333333,-7.574205e-08,9.55116666666653e-10,9.58577566309544e-10,-2.13024266307728e-13,-3.56914143441627e-13,-2.93378345619589e-13,NaN
-782.369736,-0.096996,-7.47874166666667e-08,9.54808333333348e-10,9.58354653182028e-10,-2.65042526444583e-13,-3.39561788135886e-13,-2.90726187875933e-13,NaN
-772.279438866667,-0.0957450333333333,-7.38324333333333e-08,9.55858333333352e-10,9.58047481256654e-10,-3.42224720076711e-13,-3.1428694143997e-13,-2.8463788928938e-13,NaN
-762.181479033334,-0.0944931166666667,-7.28757e-08,9.57741666666653e-10,9.57670203741874e-10,-3.97030132807904e-13,-2.84924232745298e-13,-2.74738449461048e-13,NaN
-752.090913033334,-0.0932421166666667,-7.191695e-08,9.59308333333347e-10,9.57253420991039e-10,-4.62705365164641e-13,-2.55337024748822e-13,-2.60749972023076e-13,NaN
-741.9929532,-0.0919902,-7.09570833333333e-08,9.58300000000004e-10,9.56744793011545e-10,-4.96440840487582e-13,-2.34560883187553e-13,-2.42357226680786e-13,NaN
-731.8935146,-0.0907381,-7.000035e-08,9.56741666666645e-10,9.56260539310063e-10,-4.48326217279628e-13,-2.17403438764994e-13,-2.19642380970218e-13,NaN
-721.8029486,-0.0894871,-6.90436e-08,9.56633333333344e-10,9.55848140576986e-10,-3.82729884406591e-13,-1.94673470532502e-13,-1.93416728487148e-13,NaN
-711.7043166,-0.0882351,-6.80870833333333e-08,9.56483333333356e-10,9.5549507954125e-10,-3.80128749613223e-13,-1.65014782846434e-13,-1.6473211716063e-13,NaN
-701.612675133334,-0.0869839666666667,-6.71306333333333e-08,9.55074999999999e-10,9.55087883077759e-10,-1.94805186225423e-13,-1.27928954548067e-13,-1.34511908433893e-13,NaN
-691.514312,-0.085732,-6.61769333333333e-08,9.53816666666649e-10,9.55105469168799e-10,1.91466209124941e-13,-8.7811750252977e-14,-1.04412740937049e-13,NaN
-681.423611566667,-0.0844809833333333,-6.5223e-08,9.56116666666654e-10,9.55470815496009e-10,3.25462543507776e-13,-5.4283021589895e-14,-7.66575842530719e-14,NaN
-671.3259206,-0.0832291,-6.42647e-08,9.5785e-10,9.55756394255815e-10,1.90778858712994e-13,-3.04868306912254e-14,-5.223567119102e-14,NaN
-661.2268853,-0.08197705,-6.33073e-08,9.5675e-10,9.55852373213435e-10,8.46345141837286e-14,-1.64104060146086e-14,-3.10625854293141e-14,NaN
-651.1383358,-0.0807263,-6.23512e-08,9.56674999999999e-10,9.55925663284182e-10,2.54528132008515e-13,-8.13045991647752e-15,-1.32669153851404e-14,NaN
-641.0388972,-0.0794742,-6.139395e-08,9.57733333333351e-10,9.56361429477452e-10,3.48286390027301e-13,4.83458098924887e-15,1.08863443869511e-16,NaN
-630.9483312,-0.0782232,-6.04357333333333e-08,9.57225000000006e-10,9.56622236064237e-10,1.05434154793721e-13,2.56120112516264e-14,8.9671416568748e-15,NaN
-620.848758166666,-0.0769710833333333,-5.94795e-08,9.56266666666649e-10,9.5657229778704e-10,-9.56795925916465e-14,4.69314453496538e-14,1.48479339529885e-14,NaN
-610.757654433334,-0.0757200166666667,-5.85232e-08,9.55199999999999e-10,9.56430876879054e-10,-1.69337640717077e-13,6.17297729597404e-14,1.87760305391372e-14,NaN
-600.659022433334,-0.0744680166666667,-5.75691e-08,9.5291666666665e-10,9.56233622505606e-10,-1.48126420379919e-13,6.84639365736747e-14,2.11887630545073e-14,NaN
-590.568456433334,-0.0732170166666667,-5.66173666666667e-08,9.53799999999996e-10,9.56134624038294e-10,-5.45195436664677e-14,6.42331141268295e-14,2.20896641980403e-14,NaN
-580.4700933,-0.07196505,-5.56615e-08,9.5643333333335e-10,9.56124583418273e-10,5.82695342309799e-15,4.74494852537344e-14,2.09105998635695e-14,NaN
-570.3726712,-0.0707132,-5.47045e-08,9.58000000000001e-10,9.5614627794514e-10,3.47707007330273e-14,2.32896235860712e-14,1.749266636967e-14,NaN
-560.2825085,-0.06946225,-5.37455e-08,9.5975e-10,9.56194124819739e-10,1.48093199542484e-14,-1.3233264445673e-15,1.22293461545476e-14,NaN
-550.182532166667,-0.0682100833333333,-5.2785e-08,9.58175000000001e-10,9.56175896585049e-10,-6.64872552793374e-14,-2.6181205667779e-14,5.81971146556626e-15,NaN
-540.0921006,-0.0669591,-5.182915e-08,9.56350000000001e-10,9.5606115030918e-10,-1.28180517489813e-13,-4.47707506808655e-14,-5.96068886132297e-16,NaN
-529.992662,-0.065707,-5.08723e-08,9.55225e-10,9.55919535550069e-10,-1.25803717713719e-13,-4.72768722537049e-14,-6.15076528266827e-15,NaN
-519.902364866667,-0.0644560333333333,-4.99187e-08,9.54375e-10,9.55809542873753e-10,-8.2865693447435e-14,-4.42755570299532e-14,-1.07927117227303e-14,NaN
-509.8026574,-0.0632039,-4.896355e-08,9.54050000000003e-10,9.55753804163174e-10,4.67130248285224e-15,-4.67628965987493e-14,-1.47411794058109e-14,NaN
-499.7052353,-0.06195205,-4.80106e-08,9.54874999999998e-10,9.55818885478718e-10,1.13638379880118e-13,-5.0221232550523e-14,-1.85248644119878e-14,NaN
-489.615610333334,-0.0607011666666667,-4.70538e-08,9.58249999999995e-10,9.55981080922934e-10,1.28423444850707e-13,-3.97164942195658e-14,-2.2595427329366e-14,NaN
-479.5172472,-0.0594492,-4.60941e-08,9.59025e-10,9.5607573236842e-10,2.29036897778405e-14,-1.90294443456082e-14,-2.65155737728503e-14,NaN
-469.4274878,-0.0581983,-4.513575e-08,9.57950000000005e-10,9.5602688830249e-10,-7.52805839323632e-14,-9.21158374759318e-15,-2.92338830435792e-14,NaN
-459.3272426,-0.0569461,-4.41782e-08,9.55875000000002e-10,9.55925171200555e-10,-9.82157957516157e-14,-1.11714356254604e-14,-2.99414426748112e-14,NaN
-449.236004433334,-0.0556950166666667,-4.3224e-08,9.53483333333353e-10,9.55830456710987e-10,-9.68791290095115e-14,-1.66997920845129e-14,-2.85807912615033e-14,NaN
-439.1368347,-0.05444295,-4.22712333333333e-08,9.532e-10,9.55731412942536e-10,-6.77121792110614e-14,-1.95111794834814e-14,-2.51704579430383e-14,NaN
-429.038471566667,-0.0531909833333333,-4.13176e-08,9.53616666666645e-10,9.55695032352565e-10,2.05962573707063e-14,-1.62455628290274e-14,-2.02237021439169e-14,NaN
-418.949518766667,-0.0519401833333333,-4.0364e-08,9.5423333333335e-10,9.55772605457277e-10,1.04016040377758e-13,-1.03084468379989e-14,-1.50296063970975e-14,NaN
-408.8502146,-0.0506881,-3.94091333333333e-08,9.55750000000002e-10,9.5590306443332e-10,7.95754150716138e-14,-2.53944668246661e-15,-1.04456269627936e-14,NaN
-398.761127366666,-0.0494372833333333,-3.84525e-08,9.57116666666649e-10,9.55931756287421e-10,-3.26551375269323e-14,4.68740081522969e-15,-6.52072031955259e-15,NaN
-388.6610166,-0.0481851,-3.74949e-08,9.56549999999999e-10,9.55837754158266e-10,-1.0146124487541e-13,4.30767842865598e-15,-3.22711828979751e-15,NaN
-378.5704506,-0.0469341,-3.65394e-08,9.56025e-10,9.5572883379767e-10,-8.94863605812352e-14,-2.2502500428715e-15,-5.95124952994192e-16,NaN
-368.4718186,-0.0456821,-3.558285e-08,9.55816666666651e-10,9.55658781437104e-10,-9.53777737500104e-15,-8.46578237147617e-15,1.68000295478002e-15,NaN
-358.381924766666,-0.0444311833333333,-3.46277666666667e-08,9.55525e-10,9.5570975824292e-10,5.69189940122297e-14,-1.34897081838114e-14,3.43722576294206e-15,NaN
-348.2830239,-0.04317915,-3.36718e-08,9.56133333333351e-10,9.55772619425128e-10,3.00232357087014e-14,-1.23185193443616e-14,4.13425360813749e-15,NaN
-338.184257466667,-0.0419271333333333,-3.27155e-08,9.55850000000001e-10,9.55769804714337e-10,-2.86479686216728e-14,-2.43524109227851e-15,3.8750095906156e-15,NaN
-328.092884866666,-0.0406760333333333,-3.17601e-08,9.55250000000001e-10,9.55715323487885e-10,-5.09958700457339e-14,1.00644942999375e-14,3.70443467122317e-15,NaN
-317.993849566666,-0.0394239833333333,-3.0805e-08,9.55750000000002e-10,9.55667812974246e-10,1.13883289165656e-14,1.7342535926428e-14,4.41039689909e-15,NaN
-307.9042246,-0.0381731,-2.98486e-08,9.55299999999999e-10,9.55738100145718e-10,8.69931935039237e-14,1.65812220460673e-14,5.43499739420737e-15,NaN
-297.806264766666,-0.0369211833333333,-2.88944e-08,9.55299999999998e-10,9.55841799361254e-10,8.63448209472437e-14,1.40057069158774e-14,5.85886586150367e-15,NaN
-287.7158332,-0.0356702,-2.7938e-08,9.5766666666665e-10,9.55910789787613e-10,2.90222881605832e-14,6.58047565844094e-15,5.18385721209433e-15,NaN
-277.616125733334,-0.0344180666666667,-2.69790666666667e-08,9.5839166666665e-10,9.55899843937575e-10,-2.82563119588381e-14,-2.2339566009643e-15,3.57050089291193e-15,NaN
-267.518434766666,-0.0331661833333333,-2.60212166666667e-08,9.57083333333351e-10,9.55854277163695e-10,-3.53225629873529e-14,-3.38366714786644e-16,1.6667227788833e-15,NaN
-257.426927733334,-0.0319150666666667,-2.50649e-08,9.56208333333351e-10,9.558291988116e-10,-4.39751561001044e-14,7.74330897487151e-15,-4.98607951095279e-17,NaN
-247.327623566666,-0.0306629833333333,-2.41088e-08,9.5388333333335e-10,9.55766326851495e-10,-5.26926242196409e-14,1.0636049601096e-14,-1.22788541022405e-15,NaN
-237.236250966666,-0.0294118833333333,-2.31571333333333e-08,9.51999999999999e-10,9.55723813563161e-10,1.66213749651574e-14,3.9272360321681e-15,-1.83079196260551e-15,NaN
-227.13856,-0.02816,-2.22048e-08,9.53158333333299e-10,9.55799569601425e-10,7.16102101216777e-14,-6.17495011327122e-15,-2.55702582473654e-15,NaN
-217.0488006,-0.0269091,-2.12508166666667e-08,9.56575000000002e-10,9.55867033983404e-10,4.88255868385837e-14,-1.33805400079715e-14,-4.05018599312741e-15,NaN
-206.950706333334,-0.0256571666666667,-2.029165e-08,9.5875833333335e-10,9.55897220775102e-10,4.93106676635279e-14,-1.35961921062247e-14,-6.30328923111087e-15,NaN
-196.8612158,-0.0244063,-1.93333e-08,9.59075e-10,9.55965655318731e-10,2.87246974320721e-15,-7.87944702391699e-15,-9.13139992249483e-15,NaN
-186.760836166666,-0.0231540833333333,-1.83735e-08,9.58300000000001e-10,9.55902965714589e-10,-5.95257914483244e-14,-5.7604880262635e-15,-1.19026936265058e-14,NaN
-176.661666433334,-0.0219020166666667,-1.74167e-08,9.5469166666665e-10,9.55846603735835e-10,-8.15462033872356e-14,-1.14059313988885e-14,-1.38544855134424e-14,NaN
-166.571100433334,-0.0206510166666667,-1.64641166666667e-08,9.52425000000001e-10,9.55739873307814e-10,-7.64762508780082e-14,-2.10140971160621e-14,-1.47161982139049e-14,NaN
-156.472334,-0.019399,-1.551185e-08,9.51799999999999e-10,9.55693651234079e-10,-2.85414165667121e-14,-2.77736903883868e-14,-1.48607017444032e-14,NaN
-146.3809614,-0.0181479,-1.45605166666667e-08,9.53825e-10,9.55682790474681e-10,-4.85915120764819e-14,-2.67894199885855e-14,-1.49269137335389e-14,NaN
-136.2839426,-0.0168961,-1.36042e-08,9.58108333333351e-10,9.55596468209926e-10,2.12001781845638e-14,-1.85903948388695e-14,-1.48728811869047e-14,NaN
-126.193914333334,-0.0156451666666667,-1.26443e-08,9.60625e-10,9.5572519083105e-10,6.94053092936023e-14,-9.4810159537163e-15,-1.48879071469602e-14,NaN
-116.096492233334,-0.0143933166666667,-1.168295e-08,9.59966666666649e-10,9.55735278828513e-10,-6.92106087724405e-14,-5.59886036442644e-15,-1.49560385997507e-14,NaN
-105.995574866666,-0.0131410333333333,-1.07243666666667e-08,9.554e-10,9.55586769613505e-10,-1.21385440969015e-13,-7.19207210197346e-15,-1.42697462529651e-14,NaN
-95.9044711333336,-0.0118899666666667,-9.77215e-09,9.5360833333335e-10,9.55492507946575e-10,-2.80556562239583e-14,-1.32306392821747e-14,-1.25571489882443e-14,NaN
-85.8055702666664,-0.0106379333333333,-8.81715e-09,9.52641666666665e-10,9.55530658301057e-10,8.03981970149816e-14,-1.99848507527508e-14,-1.03638515385773e-14,NaN
-75.7146009666667,-0.00938688333333333,-7.86686666666667e-09,9.54300000000001e-10,9.55653304340605e-10,9.34148187573447e-14,-1.94493536437983e-14,-8.49258803331321e-15,NaN
-65.6173133,-0.00813505,-6.90855e-09,9.56433333333335e-10,9.55717487938572e-10,3.87479520109698e-14,-1.11298854374952e-14,-7.19944846886382e-15,NaN
-55.5259407,-0.00688395,-5.954e-09,9.54141666666665e-10,9.55730800244627e-10,-4.11539143951442e-14,-1.6161757986463e-15,-6.24105299012628e-15,NaN
-45.4283841666666,-0.00563208333333333,-5.00026666666667e-09,9.55116666666665e-10,9.55635180109781e-10,-1.13143181800623e-13,6.13000764429924e-15,-4.97294339605891e-15,NaN
-35.32908,-0.00438,-4.04376666666667e-09,9.55233333333335e-10,9.55504513881025e-10,-7.99198924856686e-14,7.60303886878578e-15,-2.75330356726058e-15,NaN
-25.2381107,-0.00312895,-3.0898e-09,9.564525e-10,9.5547534032481e-10,1.6007440711535e-14,3.05619424930595e-15,1.80458575075282e-16,NaN
-15.1401508666666,-0.00187703333333333,-2.13086166666667e-09,9.5669e-10,9.55536528762449e-10,8.26507961674201e-14,-2.56373975623917e-15,3.0463724486824e-15,NaN
-5.0501226,-0.0006261,-1.17642e-09,9.54988333333335e-10,9.55640641917145e-10,1.14090069990785e-13,-3.37925763816128e-15,5.14591003817571e-15,NaN
5.04635846666666,0.000625633333333333,-2.20885e-10,9.55555e-10,9.5576470890243e-10,7.78517067209316e-14,3.23647350935038e-15,6.08866772286642e-15,NaN
15.1386721,0.00187685,7.3469e-10,9.553775e-10,9.55796345330587e-10,-3.56095268297544e-14,8.88728371826652e-15,6.2396583477402e-15,NaN
25.2393206,0.0031291,1.68987e-09,9.54763333333335e-10,9.55693489848771e-10,-1.14384621773841e-13,1.37479018303193e-14,6.54052602607402e-15,NaN
35.3284078333334,0.00437991666666667,2.64421666666667e-09,9.56365e-10,9.55567576087039e-10,-9.20314352156374e-14,1.51447504439635e-14,7.60976131808809e-15,NaN
45.4273087,0.00563195,3.6026e-09,9.57341666666665e-10,9.55509426978339e-10,-6.01485877350436e-15,8.41143333461561e-15,9.27650059592535e-15,NaN
55.526344,0.006884,4.5589e-09,9.5425e-10,9.55555546369492e-10,8.21408752179722e-14,1.54120991052245e-15,1.09293260887093e-14,NaN
65.6166411333334,0.00813496666666667,5.5111e-09,9.56025000000001e-10,9.55673708728775e-10,1.06607737434385e-13,1.40568778137453e-15,1.20774707436619e-14,NaN
75.7162141666666,0.00938708333333333,6.47095e-09,9.5505e-10,9.55768761844361e-10,4.59979274727967e-14,8.83528483177607e-15,1.21915889737751e-14,NaN
85.8039570666664,0.0106377333333333,7.4212e-09,9.56766666666665e-10,9.55765704583721e-10,-4.38453683362861e-14,1.79679186081044e-14,1.14623039726559e-14,NaN
95.9044711333336,0.0118899666666667,8.38448333333333e-09,9.55e-10,9.55681071107688e-10,-9.11097457856108e-14,2.42101528896694e-14,1.08926650511308e-14,NaN
105.994633833334,0.0131409166666667,9.3312e-09,9.55016666666685e-10,9.5558348509215e-10,-5.73766298973466e-14,2.31200741286072e-14,1.08927255853095e-14,5.20956441036541e-08
116.093938,0.014393,1.02945166666667e-08,9.5935e-10,9.55566317847894e-10,3.69546875355357e-14,1.3191582234527e-14,1.11893513350358e-14,5.35142889936495e-08
126.1933766,0.0156451,1.12499e-08,9.51641666666651e-10,9.55657394467221e-10,1.2050858079112e-13,1.94742012069679e-15,1.10732431301204e-14,5.29589888831845e-08
136.281388366666,0.0168957833333333,1.21978e-08,9.5475833333335e-10,9.55807335009476e-10,1.43008241032098e-13,-4.65242723001004e-15,9.96899577558585e-15,4.76778058832367e-08
146.3797515,0.01814775,1.31594166666667e-08,9.6033333333335e-10,9.55943410949285e-10,5.44334715014624e-14,-4.55498097222959e-15,7.82167266747259e-15,3.74079997139993e-08
156.4699142,0.0193987,1.41184666666667e-08,9.58941666666651e-10,9.55916201952479e-10,-7.39981841787172e-14,4.95132703162834e-15,5.2869295085954e-15,2.52853150411084e-08
166.571907033334,0.0206511166666667,1.50773e-08,9.5531666666665e-10,9.55795414580927e-10,-1.21474816341244e-13,1.65098175605771e-14,3.31682118659508e-15,1.5863057848933e-08
176.662607466666,0.0219021333333333,1.60291e-08,9.51758333333351e-10,9.55673252319796e-10,-7.30511072353486e-14,1.88237128850209e-14,1.99242381478756e-15,9.52898346202746e-09
186.760298433334,0.0231540166666667,1.69808166666667e-08,9.5238333333335e-10,9.55649312366457e-10,5.81185304313355e-14,1.04228714898053e-14,9.95759005981015e-16,4.76232568077877e-09
196.8575861,0.02440585,1.79338666666667e-08,9.54091666666651e-10,9.55789489380659e-10,1.13562406094436e-13,-1.25880098076921e-15,-3.42507092833358e-16,-1.63807740050736e-09
206.9481521,0.02565685,1.8889e-08,9.57316666666651e-10,9.55876437178646e-10,5.75006417661417e-14,-8.69834646758314e-15,-2.76168725240244e-15,-1.32080694680117e-08
217.0455742,0.0269087,1.98485e-08,9.589e-10,9.55904490664191e-10,-1.06073561500347e-14,-1.37380487143162e-14,-6.18575414265876e-15,-2.95840415518462e-08
227.137484533334,0.0281598666666667,2.08068e-08,9.5855e-10,9.55855222466346e-10,-6.88446793815941e-14,-1.10901539261513e-14,-9.91322501223318e-15,-4.7411076145463e-08
237.235847666666,0.0294118333333333,2.17656e-08,9.5705e-10,9.55766801305428e-10,-9.33237823436837e-14,-4.79933377469349e-15,-1.3140104834337e-14,-6.28439796424813e-08
247.3281613,0.03066305,2.27209e-08,9.54700000000001e-10,9.55668574901658e-10,-9.92197445023851e-14,-9.93897636332689e-15,-1.5421021727698e-14,-7.37527126107296e-08
257.426121133334,0.0319149666666667,2.3675e-08,9.52966666666651e-10,9.55568361816423e-10,-5.15154929897623e-14,-2.22315364709127e-14,-1.66716925408368e-14,-7.97341817170456e-08
267.516956,0.033166,2.46268333333333e-08,9.5315e-10,9.55565543915679e-10,3.17694908151958e-14,-3.08667712359542e-14,-1.73982525593576e-14,-8.32090339795364e-08
277.615588,0.034418,2.55813e-08,9.54991666666699e-10,9.55631900798054e-10,7.79449893162491e-14,-3.03217450814814e-14,-1.84419491561721e-14,-8.8200626399084e-08
287.714354433334,0.0356700166666667,2.65368166666667e-08,9.5631666666665e-10,9.55721433894311e-10,9.20191095310228e-14,-2.23750480947196e-14,-2.02558248175196e-14,-9.68756839098763e-08
297.8039794,0.0369209,2.74939333333333e-08,9.57491666666651e-10,9.55815939017116e-10,5.57481294403231e-14,-1.26486602918454e-14,-2.27796047434783e-14,-1.08945935729679e-07
307.902073666666,0.0381728333333333,2.84518e-08,9.56783333333349e-10,9.55832930153192e-10,-8.29549744424918e-14,-1.04374258284796e-14,-2.5558783001094e-14,-1.22237657831319e-07
317.9923708,0.0394238,2.94075e-08,9.55349999999999e-10,9.55650029068231e-10,-1.72082701004716e-13,-2.04405320703867e-14,-2.76835693461731e-14,-1.32399679481697e-07
328.092078266666,0.0406759333333333,3.03625e-08,9.5595e-10,9.55488764751182e-10,-1.34463124873074e-13,-3.44617550979271e-14,-2.84580264367984e-14,-1.36103604697731e-07
338.182509833334,0.0419269166666667,3.13194e-08,9.559e-10,9.55381102818485e-10,-3.96262278494439e-14,-4.39576901799632e-14,-2.80740186902323e-14,-1.34267045909807e-07
348.282082866666,0.0431790333333333,3.22743e-08,9.5605833333335e-10,9.55409512295483e-10,1.81689656997538e-14,-4.22850302532499e-14,-2.733463930558e-14,-1.30730883635383e-07
358.380446,0.044431,3.32315166666667e-08,9.55150000000003e-10,9.55417440749884e-10,8.57899763749036e-15,-3.12524869520416e-14,-2.67118632926014e-14,-1.27752389660268e-07
368.471012,0.045682,3.41846e-08,9.53600000000002e-10,9.55426670290758e-10,7.56358203663587e-14,-1.96426516483814e-14,-2.6142625807083e-14,-1.25029949512136e-07
378.569644,0.046934,3.51387166666667e-08,9.5385833333335e-10,9.55568712390617e-10,-1.46892719357759e-14,-1.34818731055663e-14,-2.5886956465379e-14,-1.23807183095291e-07
388.66021,0.048185,3.60923166666667e-08,9.54841666666648e-10,9.55397291746887e-10,-1.46209710299342e-13,-1.37838645312188e-14,-2.55269895228169e-14,-1.22085602065646e-07
398.757766533334,0.0494368666666667,3.70484e-08,9.55500000000002e-10,9.55276292970018e-10,-1.95955740785663e-14,-1.93023795164561e-14,-2.45976292071066e-14,-1.17640835338336e-07
408.848332533334,0.0506878666666667,3.80033166666667e-08,9.57050000000003e-10,9.5535810059873e-10,7.510504201713e-14,-2.85699063432599e-14,-2.3904775371144e-14,-1.14327186557645e-07
418.9464268,0.0519398,3.89625e-08,9.58691666666648e-10,9.55426503054052e-10,3.24351438694969e-14,-3.54959935881824e-14,-2.39252477954087e-14,-1.14425098151955e-07
429.037530533334,0.0531908666666667,3.99207e-08,9.578e-10,9.55422970886469e-10,-6.66486405884767e-14,-3.57609959825159e-14,-2.42274589202944e-14,-1.15870455705756e-07
439.136700266666,0.0544429333333333,4.08781e-08,9.5591666666665e-10,9.55293205772875e-10,-1.36565569624138e-13,-2.94950123654983e-14,-2.40965137044232e-14,-1.15244195977676e-07
449.2354667,0.05569495,4.18325333333333e-08,9.52074999999998e-10,9.5514983974722e-10,-1.42372137534143e-13,-1.94058520402502e-14,-2.30336374990707e-14,-1.10160874995556e-07
459.3272426,0.0569461,4.278225e-08,9.50674999999999e-10,9.55008461497807e-10,-6.18604989169966e-14,-9.43750377772921e-15,-2.03012723444166e-14,-9.70930416472098e-08
469.426412333334,0.0581981666666667,4.37338833333333e-08,9.52691666666651e-10,9.55026118749387e-10,7.78228272438508e-14,-4.66501981712655e-15,-1.59063919293086e-14,-7.60740483575629e-08
479.5164406,0.0594491,4.46876333333333e-08,9.55024999999999e-10,9.55164107152295e-10,1.30287209223337e-13,-8.31981111431896e-15,-1.2431385987971e-14,-5.94544547250787e-08
489.6126528,0.0607008,4.56439333333333e-08,9.578e-10,9.55286693167833e-10,1.02874357289883e-13,-1.64462798000497e-14,-1.2495513043788e-14,-5.97611493398557e-08
499.702546633334,0.0619517166666667,4.66032333333333e-08,9.59133333333351e-10,9.55369855866875e-10,3.16738959737879e-14,-2.11673977417625e-14,-1.60099203267551e-14,-7.65691841714374e-08
509.801985233334,0.0632038166666667,4.75622e-08,9.58133333333353e-10,9.55350040959781e-10,-7.6561379268295e-14,-2.31574476210812e-14,-2.10174919002391e-14,-1.00518439522883e-07
519.901827133334,0.0644559666666667,4.85195e-08,9.55550000000001e-10,9.55216733108338e-10,-1.40424849185631e-13,-2.55020430776595e-14,-2.54115130145731e-14,-1.21533323113176e-07
529.993334166667,0.0657070833333333,4.94733e-08,9.52683333333346e-10,9.55069191261409e-10,-1.15058098711623e-13,-2.15184610621046e-14,-2.78760724905027e-14,-1.33320346693709e-07
540.092369466666,0.0669591333333333,5.04248666666667e-08,9.50375000000003e-10,9.54986616910915e-10,-6.51059480397564e-14,-1.73019404377883e-14,-2.8150900211744e-14,-1.34634740143123e-07
550.181322266667,0.0682099333333333,5.137405e-08,9.50850000000002e-10,9.5493897936533e-10,-2.11773388622067e-15,-1.66064757477516e-14,-2.66506278200931e-14,-1.27459524356967e-07
560.2800887,0.06946195,5.23265666666667e-08,9.54158333333346e-10,9.54982381443142e-10,6.32590772163781e-14,-9.11790854969392e-15,-2.39439376475829e-14,-1.14514484401483e-07
570.370116966667,0.0707128833333333,5.32823666666667e-08,9.58066666666651e-10,9.55065497519763e-10,7.30595068220604e-14,9.77448592591668e-16,-2.04980091183684e-14,-9.80339566530663e-08
580.468614533334,0.0719648666666667,5.42427e-08,9.59725000000005e-10,9.55128500456786e-10,4.56956367454041e-14,4.20367723725102e-15,-1.62793782224913e-14,-7.78578958466975e-08
590.566574366666,0.0732167833333333,5.52018166666667e-08,9.5755e-10,9.55156888793254e-10,-8.77011181815502e-15,-2.26673235650214e-16,-1.07685793005648e-14,-5.15019010027012e-08
600.657409233334,0.0744678166666667,5.61578e-08,9.5485e-10,9.5511096023315e-10,-4.26673499590262e-14,-8.80288861529329e-15,-3.4089926873539e-15,-1.63038780699534e-08
610.7567134,0.0757199,5.71115166666667e-08,9.5359166666665e-10,9.55071554093335e-10,-5.43163491812152e-14,-3.3459402178468e-14,5.82062299815355e-15,2.78377621650822e-08
620.847951566667,0.0769709833333333,5.80649833333333e-08,9.5304166666665e-10,9.55002327534788e-10,-9.9473185500194e-14,-7.35176405899923e-14,1.64372577602e-14,7.86129718966087e-08
630.9475246,0.0782231,5.90176e-08,9.52708333333347e-10,9.54872607722335e-10,-6.72061277334198e-14,-8.04489738740873e-14,2.7728731802083e-14,1.32615673836049e-07
641.0368807,0.07947395,5.99704e-08,9.55399999999996e-10,9.54867915279321e-10,1.95588612800804e-14,-3.4121858112582e-14,3.86951713075412e-14,1.85063862775197e-07
651.135647133334,0.0807259666666667,6.09284e-08,9.5648333333335e-10,9.54911725444895e-10,3.72163959919122e-14,2.86191391729699e-14,4.84428990203436e-14,2.31683430097295e-07
661.225540966667,0.0819768833333333,6.18833666666667e-08,9.55733333333349e-10,9.54942348071305e-10,6.11689959007971e-14,7.76627932332995e-14,5.66903107824485e-14,2.71127573307362e-07
671.324038533334,0.0832288666666667,6.28398666666667e-08,9.55708333333298e-10,9.55034063436697e-10,9.73173231557361e-14,1.04733892729003e-13,6.31621628625332e-14,3.0207990934255e-07
681.423208266667,0.0844809333333333,6.37947833333333e-08,9.54883333333303e-10,9.55136982717616e-10,8.45557090758557e-14,1.11748381383423e-13,6.73190193477646e-14,3.21960527315396e-07
691.5139087,0.08573195,6.47496333333333e-08,9.55216666666705e-10,9.55203174854849e-10,2.32993197274742e-14,1.08768111073357e-13,6.90487570699658e-14,3.30233185986793e-07
701.611465233334,0.0869838166666667,6.57052166666667e-08,9.55683333333353e-10,9.55183581357071e-10,-6.22485786770513e-14,1.05160149353682e-13,6.81608677194512e-14,3.25986758658245e-07
711.7027034,0.0882349,6.6661e-08,9.57091666666651e-10,9.55078677697494e-10,-1.2727534409973e-13,1.0377323932901e-13,6.4442252948663e-14,3.08202079319693e-07
721.8017387,0.08948695,6.76194e-08,9.55099999999997e-10,9.54929030668872e-10,-1.08268118568969e-13,1.02917473682071e-13,5.81569269109943e-14,2.78141824356929e-07
731.8910948,0.0907378,6.85712e-08,9.52850000000001e-10,9.54862141460357e-10,-3.42306735376795e-16,9.73785500973855e-14,4.9383732560028e-14,2.36183068765351e-07
741.991474433334,0.0919900166666667,6.95251e-08,9.53250000000002e-10,9.54928346055401e-10,7.45326432455117e-14,8.03594555276222e-14,3.77575826409655e-14,1.80579743065487e-07
752.089972,0.093242,7.04777e-08,9.53208333333348e-10,9.55011206746848e-10,9.14789500708392e-14,4.9348320904466e-14,2.27755939213318e-14,1.08926753536804e-07
762.179865833334,0.0944929166666667,7.14315166666667e-08,9.54216666666651e-10,9.55111303955543e-10,4.61860310162465e-13,1.1713576374507e-14,3.97964011721364e-15,1.90330614301522e-08
772.278094533334,0.0957448666666667,7.23861333333333e-08,9.56083333333302e-10,9.55934927367172e-10,1.05928814922281e-12,-2.56060192761963e-14,-2.06904260969258e-14,-9.8954211767906e-08
782.369198266666,0.0969959333333333,7.33436833333333e-08,9.5655833333335e-10,9.57229880253988e-10,7.87663839120971e-13,-6.28021963406138e-14,-5.38955726312169e-14,-2.57761434323211e-07
792.466889233334,0.0982478166666667,7.429925e-08,9.56191666666701e-10,9.57510255045414e-10,-1.6267950576452e-13,-9.82354421648164e-14,-9.33722979840154e-14,-4.46563164271378e-07
802.5577241,0.09949885,7.52560666666667e-08,9.56633333333351e-10,9.56904521242459e-10,-6.61537067657561e-13,-1.30788210332395e-13,-1.33308816279797e-13,-6.37563903946855e-07
812.657028266664,0.100750933333333,7.62125166666667e-08,9.55166666666649e-10,9.56187180910099e-10,-6.69563957658424e-13,-1.64490429536116e-13,-1.70242376742785e-13,-8.14202671378537e-07
822.756198,0.102003,7.71664e-08,9.5329166666665e-10,9.55565393327142e-10,-5.40179090503911e-13,-1.98853664743639e-13,-2.03429678454679e-13,-9.72924549131074e-07
832.846629566664,0.103253983333333,7.81191e-08,9.52250000000001e-10,9.55106822729091e-10,-3.76655851019794e-13,-2.30118908187789e-13,-2.33148413677112e-13,-1.11505763062967e-06
842.946068166664,0.104506083333333,7.90709e-08,9.53716666666644e-10,9.54812081625103e-10,-2.91048683626562e-13,-2.57700562485499e-13,-2.59910053711966e-13,-1.24304808297027e-06
853.0351554,0.1057569,8.00265333333333e-08,9.56349999999998e-10,9.54524725361838e-10,-3.5292343352548e-13,-2.83511933422376e-13,-2.83674956992061e-13,-1.35670631604899e-06
863.133249666664,0.107008833333333,8.09836e-08,9.56758333333355e-10,9.54106234758052e-10,-4.63635171044177e-13,-3.10685581917714e-13,-3.03602810759273e-13,-1.45201344276174e-06
873.2235468,0.1082598,8.194005e-08,9.57350000000006e-10,9.5359745501975e-10,-5.36737242063138e-13,-3.37768671014097e-13,-3.18572533819635e-13,-1.52360777044173e-06
883.3221788,0.1095118,8.28983e-08,9.58224999999997e-10,9.53032760273925e-10,-5.47798836521132e-13,-3.62555977053505e-13,-3.27675494026938e-13,-1.56714366708536e-06
893.414223566664,0.110762983333333,8.38565e-08,9.54149999999998e-10,9.52501857346708e-10,-4.29846655647594e-13,-3.84597349711278e-13,-3.30653202514529e-13,-1.58138488159123e-06
903.512855566664,0.112014983333333,8.48066e-08,9.53000000000002e-10,9.5217306696263e-10,-2.41864104126614e-13,-4.02576322496033e-13,-3.28125005968303e-13,-1.56929350680493e-06
913.6132352,0.1132672,8.57625e-08,9.53749999999996e-10,9.52018129138455e-10,-1.48220042731298e-13,-4.1377048740738e-13,-3.21140742458906e-13,-1.53589050741216e-06
923.701246966664,0.114517883333333,8.67141e-08,9.53116666666651e-10,9.51876626877168e-10,-1.67432727813294e-13,-3.9457791176678e-13,-3.10343179620844e-13,-1.48424998949099e-06
933.800954433336,0.115770016666667,8.76687333333333e-08,9.54700000000001e-10,9.51683263682828e-10,-2.3727170113408e-13,-3.25044895876826e-13,-2.95888298184114e-13,-1.41511794783707e-06
943.8897728,0.1170208,8.86235e-08,9.55733333333349e-10,9.514020834749e-10,-2.80570530096296e-13,-2.47422494546592e-13,-2.77885088463514e-13,-1.32901564047768e-06
953.988942533336,0.118272866666667,8.95802e-08,9.57449999999998e-10,9.51122122622635e-10,-2.7474216101448e-13,-2.06666866257245e-13,-2.56341969310871e-13,-1.22598333148677e-06
964.0789708,0.1195238,9.05384e-08,9.56716666666654e-10,9.50852599152871e-10,-2.23648610387702e-13,-1.90077936187957e-13,-2.31399448624582e-13,-1.10669301516104e-06
974.1784094,0.1207759,9.14936333333333e-08,9.56400000000001e-10,9.5067482540186e-10,-1.43081005987521e-13,-1.74847633795515e-13,-2.04383735193661e-13,-9.77487429187074e-07
984.277982433336,0.122028016666667,9.24512e-08,9.55033333333351e-10,9.50566437140896e-10,-9.22865372564295e-14,-1.52457077252853e-13,-1.77006251633896e-13,-8.46551638249068e-07
994.3692206,0.1232791,9.34037e-08,9.52283333333348e-10,9.50490252327347e-10,-8.5475510958927e-14,-1.20104334975904e-13,-1.48820117164451e-13,-7.11748386438679e-07
1004.4662394,0.1245309,9.43557666666667e-08,9.54375e-10,9.50395486118978e-10,-9.71544278084329e-14,-8.17876204796651e-14,-1.18039216976051e-13,-5.64535385537635e-07
1014.557612,0.125782,9.531245e-08,9.55775000000003e-10,9.5029594347173e-10,-9.09763905567297e-14,-4.66218458392859e-14,-8.40900475745062e-14,-4.02169792747638e-07
1024.6546308,0.1270338,9.62673166666667e-08,9.2844166666665e-10,9.50213533337864e-10,-1.21423475051218e-13,-1.9907009552661e-14,-4.77350906518673e-14,-2.28298259639365e-07
1034.74627226666,0.128284933333333,9.71693333333333e-08,9.02758333333307e-10,9.50053096521628e-10,-1.2606108480912e-13,-1.87409503575764e-15,-9.91477464419681e-15,-4.74184874287674e-08
1044.845442,0.129537,9.80728333333333e-08,9.26833333333348e-10,9.49961411168246e-10,-1.28735456445012e-14,1.25305577978617e-14,2.83896196600162e-14,1.35776441852251e-07
1054.93587356666,0.130787983333333,9.9023e-08,9.51583333333349e-10,9.50027349430339e-10,1.07303676183045e-13,3.16322830718304e-14,6.56328484271505e-14,3.13896231608111e-07
1065.03410226666,0.132039933333333,9.9976e-08,9.55499999999998e-10,9.50176018520612e-10,1.54785121593854e-13,5.8966505129984e-14,1.00294662704175e-13,4.79670125976489e-07
1075.13313756666,0.133291983333333,1.00934e-07,9.55999999999999e-10,9.50336919673526e-10,1.38795612585219e-13,9.11637338139325e-14,1.315405184035e-13,6.29106827147174e-07
1085.223838,0.134543,1.01888e-07,9.55500000000005e-10,9.50453609745782e-10,9.37724146293254e-14,1.23562872423223e-13,1.6010400719573e-13,7.65714817023057e-07
1095.32233556666,0.135794983333333,1.02845e-07,9.53000000000002e-10,9.50524464502785e-10,1.11705625648973e-13,1.53234629977137e-13,1.88272306187117e-13,9.00432768720994e-07
1105.413036,0.137046,1.03794e-07,9.51583333333495e-10,9.5067702099708e-10,2.06603207317959e-13,1.77353690891089e-13,2.16548625706912e-13,1.03566734033741e-06
1115.51153356666,0.138297983333333,1.04748166666667e-07,9.53999999999997e-10,9.50937670917421e-10,2.80332227228824e-13,1.97767925649798e-13,2.42844008734063e-13,1.16142786785856e-06
1125.60196513334,0.139548966666667,1.05702e-07,9.56583333333004e-10,9.51237685451538e-10,2.91237060867688e-13,2.36169851652572e-13,2.65024160076229e-13,1.26750685253849e-06
1135.700866,0.140801,1.06661333333333e-07,9.59000000000002e-10,9.51520145039156e-10,2.61951856218274e-13,3.07269511673453e-13,2.82545825756787e-13,1.35130612318463e-06
1145.79922913334,0.142052966666667,1.0762e-07,9.58666666666997e-10,9.51761589163975e-10,2.30049566995272e-13,3.73324056963964e-13,2.96509005624024e-13,1.41808654863664e-06
1155.890064,0.143304,1.08578666666667e-07,9.55499999999998e-10,9.51980244173147e-10,2.23175874119911e-13,3.99382336975887e-13,3.07581666668082e-13,1.47104275362996e-06
1165.988696,0.144556,1.09531e-07,9.51333333333005e-10,9.52207940912214e-10,2.51921523321078e-13,3.97151949259931e-13,3.15470041086703e-13,1.50876976171901e-06
1176.079262,0.145807,1.10481333333333e-07,9.50333333333494e-10,9.52484087219789e-10,3.14732874281764e-13,3.84140360372498e-13,3.19579816268866e-13,1.5284252082424e-06
1186.17762513334,0.147058966666667,1.11431666666667e-07,9.52333333333502e-10,9.52837406660778e-10,3.97679637895404e-13,3.6170445968655e-13,3.18935053938676e-13,1.52534156231541e-06
1196.26832556666,0.148309983333333,1.12386e-07,9.5516666666651e-10,9.5327944649558e-10,4.24002808672867e-13,3.30208572027852e-13,3.12587617733969e-13,1.49498425872768e-06
1206.36682313334,0.149561966666667,1.13342e-07,9.56499999999993e-10,9.53685412278124e-10,4.07702892479782e-13,3.01594074476931e-13,3.00214266218557e-13,1.43580736017571e-06
1216.46518626666,0.150813933333333,1.14299e-07,9.57999999999995e-10,9.54094852280539e-10,4.20235075156697e-13,2.79381483578865e-13,2.82055401437741e-13,1.3489606155718e-06
1226.55629,0.152065,1.15258e-07,9.58000000000001e-10,9.54525882428437e-10,4.44727324886969e-13,2.54730009103382e-13,2.5871443063317e-13,1.2373298856369e-06
1236.654922,0.153317,1.16215e-07,9.55000000000004e-10,9.54984306930313e-10,4.57304808718935e-13,2.24047486226337e-13,2.31129160536083e-13,1.10540033299866e-06
1246.74521913334,0.154567966666667,1.17168e-07,9.52000000000001e-10,9.55440492045875e-10,4.53356625672314e-13,1.87591310084723e-13,2.00117282185924e-13,9.5708265393268e-07
1256.84412,0.15582,1.18119e-07,9.52999999999989e-10,9.55891020181658e-10,5.09717000005265e-13,1.50057415685498e-13,1.66187798266007e-13,7.94811209098294e-07
1266.934686,0.157071,1.19074e-07,9.53250000000002e-10,9.56459926045886e-10,5.74472524857344e-13,1.17977599555329e-13,1.2942325822928e-13,6.18980800226991e-07
1277.0329147,0.15832295,1.200255e-07,9.54000000000017e-10,9.57039965231373e-10,1.79436963468031e-13,9.98062407703381e-14,9.00244206817288e-14,4.30551577173486e-07
1287.12374956666,0.159573983333333,1.20982e-07,9.59749999999997e-10,9.56818799972822e-10,-6.74402874355658e-13,8.52455475705959e-14,5.07411184397716e-14,2.42674914277169e-07
1297.22224713334,0.160825966666667,1.21945e-07,9.59916666666496e-10,9.55691159482661e-10,-9.32202503641513e-13,4.76352526214702e-14,1.64817821223224e-14,7.88259144980637e-08
1307.32087913334,0.162077966666667,1.22901833333333e-07,9.558333333335e-10,9.54954394965539e-10,-4.5780859513442e-13,-3.21820025943372e-15,-1.07625031601504e-14,-5.14728412007193e-08
1317.411714,0.163329,1.23856666666667e-07,9.54583333333505e-10,9.54775542292393e-10,-1.01245215070571e-13,-4.86174986556996e-14,-3.2352939764987e-14,-1.54731451049938e-07
1327.51007713334,0.164580966666667,1.24811e-07,9.53500000000009e-10,9.54751904535397e-10,-1.4670962727497e-14,-8.74158649620455e-14,-4.94685581760844e-14,-2.36588756494317e-07
1337.60077756666,0.165831983333333,1.25763666666667e-07,9.53499999999996e-10,9.54746200366938e-10,2.1776635182229e-14,-1.14502493148019e-13,-6.24535906401458e-14,-2.98691085670263e-07
1347.699544,0.167084,1.26718e-07,9.54166666666496e-10,9.54795457805762e-10,8.37769069891403e-14,-1.28303679303994e-13,-7.16366235776503e-14,-3.42609938849632e-07
1357.78997556666,0.168334983333333,1.27672e-07,9.52999999999996e-10,9.54913754180916e-10,3.44581228744491e-14,-1.34515472610792e-13,-7.7579990638363e-14,-3.71034737835649e-07
1367.8883387,0.16958695,1.28624e-07,9.52333333333496e-10,9.54864374051511e-10,-6.77346410255577e-14,-1.3334284388852e-13,-8.02705583370871e-14,-3.83902670307808e-07
1377.987374,0.170839,1.29576666666667e-07,9.51999999999994e-10,9.54778284898865e-10,-4.38628281565311e-14,-1.23688410677894e-13,-7.92605496592634e-14,-3.79072194022564e-07
1388.07794,0.17209,1.30528e-07,9.54083333333001e-10,9.54776648395198e-10,1.19349626621213e-14,-1.11536522598776e-13,-7.46482253631476e-14,-3.57013251736793e-07
1398.17630313334,0.173341966666667,1.31484833333333e-07,9.58000000000014e-10,9.54802154824189e-10,3.96677539010721e-14,-9.70983280136488e-14,-6.69087862415001e-14,-3.19998542894131e-07
1408.267138,0.174593,1.32444e-07,9.56249999999993e-10,9.54855983903e-10,3.47440863164494e-14,-7.55103542606588e-14,-5.65116662148129e-14,-2.70273186244757e-07
1418.36563556666,0.175844983333333,1.33397333333333e-07,9.55583333333493e-10,9.54871642996822e-10,-1.60658603129316e-14,-3.84019030699158e-14,-4.38267335820637e-14,-2.09606117131609e-07
1428.45620156666,0.177095983333333,1.34355166666667e-07,9.55333333333512e-10,9.54823852182374e-10,-2.79734535323207e-13,1.73866244463189e-14,-2.91241812725148e-14,-1.39289562607679e-07
1438.55483356666,0.178347983333333,1.35308e-07,9.52416666666501e-10,9.54312173926175e-10,-4.38106374618034e-13,6.45870712507639e-14,-1.15231536322053e-14,-5.5110734762721e-08
1448.64526513334,0.179598966666667,1.3626e-07,9.51000000000007e-10,9.53947639433138e-10,-4.09786556108066e-14,7.4319917027753e-14,9.55971249519077e-15,4.57203641074341e-08
1458.7437627,0.18085095,1.3721e-07,9.53666666666495e-10,9.54230216614954e-10,2.61569722228119e-13,6.51817882332378e-14,3.15983262521287e-14,1.51122429901485e-07
1468.84266356666,0.182102983333333,1.38167333333333e-07,9.56499999999986e-10,9.54470778877594e-10,2.45837957821299e-13,6.32517691299398e-14,5.22300637626604e-14,2.49795957125767e-07
1478.93309513334,0.183353966666667,1.39123e-07,9.56666666667002e-10,9.54721892530596e-10,2.42203485164593e-13,6.84416416010648e-14,7.09001484178374e-14,3.39087666346179e-07
1489.03186156666,0.184605983333333,1.40080666666667e-07,9.57e-10,9.54955185847923e-10,1.70981600187443e-13,7.6345016643835e-14,8.68856123035305e-14,4.15539884929928e-07
1499.122562,0.185857,1.41037e-07,9.57166666666499e-10,9.55063855730971e-10,8.95811154674668e-14,8.48605406632413e-14,9.96362899211904e-14,4.76521386579606e-07
1509.221194,0.187109,1.41995e-07,9.55499999999998e-10,9.55134348078858e-10,7.68581017347854e-14,9.6058442952931e-14,1.09388994139718e-13,5.2316475458126e-07
1519.31176,0.18836,1.42948e-07,9.54083333333504e-10,9.55217571934441e-10,2.39746842111778e-14,1.08935892961595e-13,1.16607992193218e-13,5.57690397445825e-07
1529.41025756666,0.189611983333333,1.43903166666667e-07,9.55999999999999e-10,9.55182297447281e-10,-3.27593301528e-14,1.18490047850502e-13,1.21498603828711e-13,5.81080279180792e-07
1539.509024,0.190864,1.4486e-07,9.54166666666496e-10,9.55152053274135e-10,6.70768307278973e-14,1.26197758718044e-13,1.24013942857298e-13,5.93110161491425e-07
1549.59959,0.192115,1.458115e-07,9.51750000000001e-10,9.55316451108736e-10,2.12359472086312e-13,1.33843601681528e-13,1.23774605355321e-13,5.91965503873274e-07
1559.698222,0.193367,1.467635e-07,9.54666666666496e-10,9.55576772218308e-10,2.82647021077397e-13,1.38372612174982e-13,1.20348921517794e-13,5.75581798563363e-07
1569.78865356666,0.194617983333333,1.47720833333333e-07,9.57750000000008e-10,9.55881745150891e-10,2.61912312103801e-13,1.39444735894308e-13,1.13845821273238e-13,5.44480014785051e-07
1579.88715113334,0.195869966666667,1.48679e-07,9.56583333333507e-10,9.56100596842516e-10,1.95523492416163e-13,1.409755495864e-13,1.05661889296097e-13,5.05339470546551e-07
1589.977986,0.197121,1.49634e-07,9.57e-10,9.56272792135724e-10,1.66692148554027e-13,1.28040324190838e-13,9.76464766564965e-14,4.67004888357157e-07
1600.076618,0.198373,1.50593e-07,9.54999999999998e-10,9.56433981139624e-10,4.5812664684757e-14,9.3314073569233e-14,9.02105276274923e-14,4.31441653870615e-07
1610.17525,0.199625,1.51544e-07,9.49500000000005e-10,9.56364417465093e-10,-9.42962090514901e-14,6.92516760426038e-14,8.24282169309467e-14,3.94221907061049e-07
1620.265816,0.200876,1.52492e-07,9.52499999999995e-10,9.56245388721521e-10,-3.0440478074768e-14,6.03595847759979e-14,7.3639770298702e-14,3.52190205776401e-07
1630.364448,0.202128,1.53449e-07,9.55583333333506e-10,9.56303536508944e-10,6.77119904628178e-14,4.8141457446721e-14,6.37079057252509e-14,3.04689983903374e-07
1640.45487956666,0.203378983333333,1.54403166666667e-07,9.55499999999998e-10,9.56380812702446e-10,6.95646182984438e-14,3.82737292720904e-14,5.30252016117253e-14,2.53598790316947e-07
1650.553646,0.204631,1.5536e-07,9.57916666666494e-10,9.5644266574554e-10,8.50208007680029e-14,3.63142058112221e-14,4.18373799850631e-14,2.00091817319867e-07
1660.64394313334,0.205881966666667,1.56319e-07,9.58000000000014e-10,9.56550854303982e-10,1.03617862238484e-13,3.21403228021235e-14,2.93880146107266e-14,1.40551374225214e-07
1670.742844,0.207134,1.57276e-07,9.57083333333495e-10,9.56649901470017e-10,2.31045248305879e-14,1.63308116370436e-14,1.5584811568689e-14,7.45360553285126e-08
1680.83327556666,0.208384983333333,1.58233166666667e-07,9.54999999999998e-10,9.56597063353643e-10,-5.79005186928576e-14,-6.39867799005679e-15,1.27112372381881e-15,6.07928737478561e-09
1690.93190756666,0.209636983333333,1.59186e-07,9.70416666666494e-10,9.56534100432632e-10,-7.08670260550479e-14,-2.76227618518018e-14,-1.30194613078358e-14,-6.22669888635625e-08
1701.03874,0.21089,1.60174e-07,9.69500000000001e-10,9.56455329301533e-10,-7.83577581999174e-14,-4.29378672822378e-14,-2.6403928547278e-14,-1.2627965826959e-07
1711.12124,0.21214,1.61125e-07,9.50916666666512e-10,9.56377384916232e-10,-2.95514432222469e-14,-4.74768263857115e-14,-3.79465959758943e-14,-1.81483719884712e-07
1721.20374,0.21339,1.62075833333333e-07,9.53000000000009e-10,9.56396226415089e-10,1.33392979820222e-14,-4.22325723527125e-14,-4.78170611932789e-14,-2.28690292663508e-07
1731.28624,0.21464,1.63031e-07,9.54083333333491e-10,9.56404063512196e-10,-8.75246324879797e-14,-4.01351668794561e-14,-5.62051362381756e-14,-2.68807173313014e-07
1741.36874,0.21589,1.63984e-07,9.54999999999985e-10,9.56221177150113e-10,-1.75132317075804e-13,-4.22605926693593e-14,-6.24216214790066e-14,-2.98538189682205e-07
1751.5319,0.21715,1.64941e-07,9.565e-10,9.56053798878044e-10,-7.55122803860085e-14,-4.43059402741174e-14,-6.6808692675196e-14,-3.19519834533546e-07
1761.6144,0.2184,1.65897e-07,9.5441666666649e-10,9.56070152589341e-10,-3.01866029454835e-14,-5.56514541589183e-14,-7.09994502135101e-14,-3.39562587977657e-07
1771.6969,0.21965,1.66849833333333e-07,9.54166666666509e-10,9.55993425672153e-10,-5.66613437853124e-14,-7.44165711019645e-14,-7.48525129906622e-14,-3.57990279520558e-07
1781.7794,0.2209,1.67805333333333e-07,9.58083333333522e-10,9.5595682990177e-10,4.08267080454394e-14,-8.70922501305655e-14,-7.73181524440081e-14,-3.69782468210474e-07
1791.8619,0.22215,1.68766e-07,9.5883333333349e-10,9.56075079088244e-10,5.30306462215866e-14,-1.01364952935966e-13,-7.87307997696267e-14,-3.76538607593867e-07
1801.9444,0.2234,1.69723e-07,9.5883333333349e-10,9.56062891194213e-10,-1.55597144520797e-13,-1.17158451155504e-13,-7.91969368854513e-14,-3.78767959017376e-07
1812.10756,0.22466,1.70683666666667e-07,9.57e-10,9.55763884799203e-10,-2.30528060283685e-13,-1.1192786022521e-13,-7.73663652426677e-14,-3.70013051160585e-07
1822.19006,0.22591,1.71637e-07,9.51583333332999e-10,9.55601835073646e-10,-3.2885795828377e-14,-9.06479081844164e-14,-7.28573011351101e-14,-3.48447961950527e-07
1832.27256,0.22716,1.72586833333333e-07,9.52500000000008e-10,9.55698113207546e-10,6.77044402706539e-14,-7.05910085518598e-14,-6.71480559952984e-14,-3.21142876499253e-07
1842.35506,0.22841,1.73542e-07,9.52083333333502e-10,9.55737243954187e-10,-2.51081564711315e-14,-5.11275160320092e-14,-6.11041455833732e-14,-2.92237218007437e-07
1852.43756,0.22966,1.74491e-07,9.51333333333495e-10,9.55647896894604e-10,-6.61160690739108e-14,-4.04671743399976e-14,-5.45646739266555e-14,-2.60961483997048e-07
1862.52006,0.23091,1.75444666666667e-07,9.59500000000003e-10,9.5560501181604e-10,-1.37137874019101e-13,-4.15653791970857e-14,-4.74115525229396e-14,-2.26750903370581e-07
1872.68322,0.23217,1.7641e-07,9.60500000000017e-10,9.55373621146565e-10,-2.50641766137243e-13,-3.60192949852644e-14,-3.90850142996084e-14,-1.86928329258997e-07
1882.76572,0.23342,1.77365666666667e-07,9.53500000000009e-10,9.55103728283765e-10,-1.78342091548142e-13,-2.24847956951869e-14,-2.88829456382322e-14,-1.38135826965458e-07
1892.84822,0.23467,1.78317e-07,9.51166666666493e-10,9.55016936963469e-10,-1.12388351563879e-13,-1.55385924632344e-14,-1.72644095394688e-14,-8.25689151887638e-08
1902.93072,0.23592,1.79268e-07,9.52499999999995e-10,9.54878951580637e-10,-9.19273369746964e-14,-1.31554256832642e-14,-4.59970821550156e-15,-2.19986045089205e-08
1913.01322,0.23717,1.80222e-07,9.54499999999997e-10,9.5483308228952e-10,3.29943298071548e-14,-1.65562593224693e-15,8.91923783580672e-15,4.26572244321191e-08
1923.09572,0.23842,1.81177e-07,9.52999999999996e-10,9.54944940240252e-10,8.73991105902231e-14,1.46074766905769e-14,2.20512844925081e-14,1.05462664964169e-07
1933.17822,0.23967,1.82128e-07,9.57499999999987e-10,9.550078805107e-10,5.74003186168366e-14,2.46324693117138e-14,3.37361121246242e-14,1.61346623204724e-07
1943.34138,0.24093,1.83092e-07,9.58000000000001e-10,9.55059740877485e-10,2.72774204020222e-13,3.95199120103376e-14,4.38331905481301e-14,2.09636998273666e-07
1953.42253566666,0.242179833333333,1.84044e-07,9.55499999999998e-10,9.55553428918741e-10,4.67872054480505e-13,6.14800959621967e-14,5.13736345944997e-14,2.45699991538912e-07
1963.50638,0.24343,1.85003e-07,9.53000000000009e-10,9.55995484986446e-10,1.9801788639547e-13,6.5525640440572e-14,5.54573874165992e-14,2.65230983296779e-07
1973.58888,0.24468,1.8595e-07,9.5100000000002e-10,9.55949464691532e-10,-4.62317002270175e-14,5.72891753982307e-14,5.75719572870905e-14,2.75344143546955e-07
1983.67138,0.24593,1.86905e-07,9.53416666666488e-10,9.55903021585992e-10,-8.91800116226258e-14,6.36249810129072e-14,5.89223788773173e-14,2.8180268158717e-07
1993.75388,0.24718,1.87856833333333e-07,9.60499999999991e-10,9.55771104668286e-10,-1.92512854196413e-13,7.66987456935104e-14,5.92864557847771e-14,2.83543918970673e-07
2003.91704,0.24844,1.88826e-07,9.61583333333513e-10,9.55517995877599e-10,-6.89256834810898e-14,8.22006403174589e-14,5.8895686290404e-14,2.81675021388889e-07
2013.99954,0.24969,1.8978e-07,9.56416666666492e-10,9.55633253301324e-10,1.76396973880687e-13,8.42837821042217e-14,5.71369777965943e-14,2.73263806853277e-07
2024.08204,0.25094,1.90738833333333e-07,9.58333333333489e-10,9.55870789825361e-10,1.35792052663811e-13,7.9437639776898e-14,5.27208323718834e-14,2.5214311134379e-07
2034.16454,0.25219,1.91696666666667e-07,9.55583333333506e-10,9.55904837406652e-10,5.33326538133273e-14,6.42992452661008e-14,4.58854251187008e-14,2.19452033176395e-07
2044.24704,0.25344,1.9265e-07,9.51666666666493e-10,9.55977455132987e-10,1.11192590245922e-13,4.95928261770819e-14,3.73693468283303e-14,1.78722963092014e-07
2054.32954,0.25469,1.936e-07,9.53500000000009e-10,9.56127222587144e-10,1.16727823209602e-13,3.10470799861943e-14,2.72779219761616e-14,1.30459626842512e-07
2064.41204,0.25594,1.94557e-07,9.60500000000017e-10,9.56210910779407e-10,9.24992638956099e-15,7.5893073954376e-15,1.57853514783454e-14,7.54951592442606e-08
2074.5752,0.2572,1.95521e-07,9.58999999999989e-10,9.56145722439923e-10,-7.230344968022e-14,-9.50308383611116e-15,3.6089197564414e-15,1.72600510090676e-08
2084.6577,0.25845,1.96475e-07,9.53416666666488e-10,9.56066303880046e-10,2.10084033500468e-15,-2.30148235678588e-14,-8.613569202746e-15,-4.11953309696548e-08
2094.7402,0.2597,1.97427833333333e-07,9.5400000000001e-10,9.56149924120593e-10,-5.7334254472367e-15,-3.82779243836191e-14,-2.10513467051086e-14,-1.00680353807041e-07
2104.8227,0.26095,1.98383e-07,9.59083333333497e-10,9.56054837029152e-10,-1.49873156807716e-13,-4.40170819495643e-14,-3.32406007865698e-14,-1.58976786370551e-07
2114.9052,0.2622,1.99346e-07,9.558333333335e-10,9.55850177806977e-10,-3.59030404589555e-14,-3.89873260510927e-14,-4.41284039685326e-14,-2.11048888545156e-07
2124.9877,0.26345,2.00294666666667e-07,9.55999999999999e-10,9.55983030948234e-10,8.65251761088983e-14,-4.71732021873698e-14,-5.46828294318037e-14,-2.61526575543409e-07
2135.15086,0.26471,2.01258e-07,9.59666666666489e-10,9.56023228159195e-10,-5.81817632699511e-14,-6.52568913020524e-14,-6.5712887087425e-14,-3.14279025200728e-07
2145.23336,0.26596,2.02214e-07,9.565e-10,9.55866667421694e-10,-1.2533881477271e-13,-7.90236385249892e-14,-7.58093089820861e-14,-3.62566260349107e-07
2155.31586,0.26721,2.03171e-07,9.58250000000008e-10,9.5577255052965e-10,-9.36695432893455e-14,-9.66398634995559e-14,-8.38051429390958e-14,-4.00807205360893e-07
2165.39836,0.26846,2.041305e-07,9.58000000000014e-10,9.55679328335115e-10,-1.13230197737555e-13,-1.09660632741416e-13,-8.92892167288478e-14,-4.27035384355359e-07
2175.48086,0.26971,2.05087e-07,9.52916666666501e-10,9.55546090134175e-10,-1.10719759607164e-13,-1.06717439559641e-13,-9.20048448590148e-14,-4.40023171064853e-07
2185.56336,0.27096,2.06036333333333e-07,9.53333333333497e-10,9.55457888815901e-10,-1.11804155630149e-13,-9.80855114673104e-14,-9.23304885357628e-14,-4.41580597344952e-07
2195.72652,0.27222,2.06993666666667e-07,9.50833333333494e-10,9.55322481822914e-10,-1.64528075378545e-13,-8.9463852843303e-14,-9.05862944686597e-14,-4.3323879963272e-07
2205.80902,0.27347,2.07938e-07,9.5166666666648e-10,9.55128832665144e-10,-1.1485065724112e-13,-8.24027675630733e-14,-8.65679173624986e-14,-4.14020474342385e-07
2215.89152,0.27472,2.08897e-07,9.54833333333512e-10,9.55092780508432e-10,-5.77004386679293e-14,-7.88952902606503e-14,-8.12161757885753e-14,-3.88425188554056e-07
2225.97402,0.27597,2.09847666666667e-07,9.53500000000009e-10,9.55013431787808e-10,-1.0210782426303e-13,-7.63935914545365e-14,-7.54785496873327e-14,-3.60984368069852e-07
2236.05652,0.27722,2.10804e-07,9.54666666666496e-10,9.54888564859906e-10,-1.42059654047773e-13,-7.56589339854832e-14,-6.89550845141473e-14,-3.29785186806791e-07
2246.13902,0.27847,2.11757e-07,9.58500000000002e-10,9.54729312479712e-10,-1.57596057290437e-13,-7.07093366296848e-14,-6.10737107529831e-14,-2.92091660122963e-07
2256.22152,0.27972,2.12721e-07,9.64499999999995e-10,9.54573372745325e-10,-1.20805869518988e-13,-6.22728489129097e-14,-5.16941628017846e-14,-2.47232952530274e-07
2266.38468,0.28098,2.13686e-07,9.54250000000004e-10,9.54487700740674e-10,-3.63928590327194e-14,-5.82980734354494e-14,-4.06173805433534e-14,-1.94257037381255e-07
2276.46718,0.28223,2.146295e-07,9.47000000000015e-10,9.5450058702726e-10,1.08886951008158e-13,-4.26462946429804e-14,-2.74818588746256e-14,-1.3143497722647e-07
2286.54968,0.28348,2.1558e-07,9.52250000000001e-10,9.54705474642691e-10,1.63370065012929e-13,-1.40760524835457e-14,-1.34573059037025e-14,-6.43610282350989e-08
2296.63218,0.28473,2.16534e-07,9.54583333333492e-10,9.54827327157285e-10,7.21647149369224e-14,9.82468420856713e-15,-2.50082719259569e-17,-1.19604778776316e-10
2306.71468,0.28598,2.17489166666667e-07,9.53000000000009e-10,9.54849804072565e-10,4.12419684783831e-14,2.74807706205865e-14,1.2649166332795e-14,6.04960128959761e-08
2316.79718,0.28723,2.1844e-07,9.55750000000005e-10,9.54909811094242e-10,6.11640882805124e-14,3.76033727708442e-14,2.43065048836637e-14,1.16248501617522e-07
2326.96034,0.28849,2.19400666666667e-07,9.59999999999977e-10,9.54972132249126e-10,2.39765717640267e-14,4.38133800939689e-14,3.47724991463531e-14,1.66303256786906e-07
2337.04284,0.28974,2.2036e-07,9.55333333332996e-10,9.5495776423777e-10,-7.48082251799816e-14,5.38298322740047e-14,4.46921847103298e-14,2.13745231223316e-07
2347.12534,0.29099,2.21311333333333e-07,9.49500000000005e-10,9.54822515798766e-10,-1.40643049676282e-13,6.00272042525365e-14,5.47850069035131e-14,2.62015250408106e-07
2357.20784,0.29224,2.22259e-07,9.53833333333497e-10,9.54676478138418e-10,-2.66644393589846e-14,5.85359789526204e-14,6.51323760858358e-14,3.11502668236606e-07
2367.29034,0.29349,2.23219e-07,9.55999999999999e-10,9.54769186920048e-10,1.32556796308403e-13,6.82512214836312e-14,7.50518347580479e-14,3.5894355753849e-07
2377.37284,0.29474,2.24171e-07,9.52500000000008e-10,9.54941591731035e-10,1.36071409699015e-13,8.99694513014802e-14,8.39855227214839e-14,4.01669891276662e-07
2387.45534,0.29599,2.25124e-07,9.57500000000014e-10,9.55041329739446e-10,1.51135926066058e-13,1.08048267035279e-13,9.15431613253815e-14,4.37815119382259e-07
2397.6185,0.29725,2.26086e-07,9.57999999999988e-10,9.55243863583167e-10,2.05107514699324e-13,1.14621990001689e-13,9.70354477084268e-14,4.64082575996824e-07
2407.701,0.2985,2.2704e-07,9.53000000000009e-10,9.55451544768844e-10,2.07187592014408e-13,1.09320439960269e-13,1.00477867095033e-13,4.80546320889288e-07
2417.7835,0.29975,2.27992e-07,9.53166666666495e-10,9.55658238767195e-10,2.07088495777438e-13,1.00843821292912e-13,1.02128762263524e-13,4.88441906477723e-07
2427.866,0.301,2.28946333333333e-07,9.55999999999973e-10,9.55865721760399e-10,1.06687014428945e-13,8.94469615929255e-14,1.01816685387264e-13,4.8694936489561e-07
2437.9485,0.30225,2.29904e-07,9.52416666667003e-10,9.55871612796053e-10,-1.05976352809505e-14,8.26856436265421e-14,1.00347529288682e-13,4.79922966163262e-07
2448.031,0.3035,2.30851166666667e-07,9.58500000000028e-10,9.55844526489837e-10,-6.42540034808642e-14,8.94227664761563e-14,9.85947557053673e-14,4.71540135982191e-07
2458.19416,0.30476,2.31821e-07,9.62416666666499e-10,9.55743104789092e-10,-4.7968243899043e-14,9.80233268088564e-14,9.65575286418906e-14,4.6179687611339e-07
2468.27666,0.30601,2.32776e-07,9.55499999999998e-10,9.55748590002039e-10,1.14938428203596e-13,1.01273215914962e-13,9.43031056893002e-14,4.51014853296653e-07
2478.35916,0.30726,2.33732e-07,9.54083333333491e-10,9.55972981645499e-10,1.88008222163977e-13,1.04764114236714e-13,9.12517958833755e-14,4.36421632485709e-07
2488.44166,0.30851,2.34684166666667e-07,9.52499999999995e-10,9.56124606446367e-10,1.16570212987549e-13,1.05682718255572e-13,8.65461545139771e-14,4.13916391153804e-07
2498.52416,0.30976,2.35637e-07,9.55083333333016e-10,9.56206122071474e-10,1.9398797254151e-13,9.31810326807744e-14,8.03329910499147e-14,3.8420126154307e-07
2508.60666,0.31101,2.36594333333333e-07,9.63000000000007e-10,9.5651258239145e-10,3.15912213941603e-13,7.2493864169104e-14,7.25866113202982e-14,3.47153358488383e-07
2518.76982,0.31227,2.37563e-07,9.64333333333483e-10,9.56837946499357e-10,1.33687437238618e-13,5.76776546759397e-14,6.28822359442107e-14,3.00741128428834e-07
2528.85232,0.31352,2.38523e-07,9.57499999999974e-10,9.56779957265927e-10,-1.14337244335068e-13,4.51280879257754e-14,5.23892654742255e-14,2.50557356615861e-07
2538.93482,0.31477,2.39478e-07,9.53166666666508e-10,9.56609272010687e-10,-1.9316311430801e-13,3.41880438226432e-14,4.27148450428105e-14,2.04288389335181e-07
2549.01732,0.31602,2.40429333333333e-07,9.53000000000022e-10,9.56393631037311e-10,-1.19051394141684e-13,3.16505759057974e-14,3.43793850216191e-14,1.6442314575557e-07
2559.09982,0.31727,2.41384e-07,9.51416666667016e-10,9.56371169222404e-10,1.02880774973561e-14,3.1228667530638e-14,2.70912647763961e-14,1.29566918495807e-07
2569.18232,0.31852,2.42332166666667e-07,9.50500000000006e-10,9.56414207192306e-10,3.93308266731841e-14,2.85501224757998e-14,2.0266972652262e-14,9.6928999641253e-08
2579.26482,0.31977,2.43285e-07,9.57416666666493e-10,9.5644983087575e-10,1.4915966387291e-13,2.38436916822149e-14,1.34702227184913e-14,6.4422804305828e-08
2589.42798,0.32103,2.44247e-07,9.59999999999977e-10,9.56712526520052e-10,2.28641456582805e-13,1.33404641239384e-14,5.85899633224891e-15,2.80212868064078e-08
2599.51048,0.32228,2.45205e-07,9.59500000000016e-10,9.56907113788916e-10,4.96462735995309e-14,-8.11021830419322e-19,-2.59013886009726e-15,-1.23876206352478e-08
2609.59298,0.32353,2.46166e-07,9.61000000000005e-10,9.56811819067251e-10,-9.19962324568663e-14,-1.43065884726699e-14,-1.05415298718255e-14,-5.04160124304698e-08
2619.67548,0.32478,2.47127e-07,9.59000000000002e-10,9.56723121324002e-10,-5.94785083831043e-14,-3.46217937949491e-14,-1.71147122417458e-14,-8.18529715909582e-08
2629.75798,0.32603,2.48084e-07,9.53499999999983e-10,9.56692862050485e-10,-8.98123400288415e-14,-5.07125126950708e-14,-2.20909044199294e-14,-1.05652151573575e-07
2639.84048,0.32728,2.49034e-07,9.55999999999999e-10,9.56543496643944e-10,-1.30790995646369e-13,-5.14278478538742e-14,-2.5035508558349e-14,-1.19735040931234e-07
2650.00364,0.32854,2.49996e-07,9.5675000000002e-10,9.56431280059192e-10,-1.86867199737088e-14,-4.60158352476086e-14,-2.59232669731907e-14,-1.23980842045695e-07
2660.08614,0.32979,2.509475e-07,9.53833333333484e-10,9.56506123203997e-10,1.51447371401467e-14,-3.69056591438518e-14,-2.59910701491109e-14,-1.24305118104443e-07
2670.16864,0.33104,2.51903666666667e-07,9.55833333333487e-10,9.56461569533472e-10,-6.09923214572253e-14,-1.9841446558826e-14,-2.62920761016317e-14,-1.25744711790412e-07
2680.25114,0.33229,2.52859166666667e-07,9.56166666666485e-10,9.56384138561082e-10,2.84689347420805e-14,-7.89986039483349e-15,-2.68062309334466e-14,-1.28203713159962e-07
2690.33364,0.33354,2.53816e-07,9.58250000000008e-10,9.56518507402957e-10,1.62885909087682e-14,-8.37468575929001e-15,-2.783464455769e-14,-1.33122213101996e-07
2700.41614,0.33479,2.54775666666667e-07,9.6000000000003e-10,9.564167157429e-10,-1.45749809354653e-13,-1.60216303492344e-14,-2.89612194717846e-14,-1.38510180082448e-07
2710.5793,0.33605,2.55736e-07,9.60166666666516e-10,9.56227007784247e-10,-1.49691952253375e-13,-2.54244409224599e-14,-2.91038137813846e-14,-1.39192152867492e-07
2720.6618,0.3373,2.56696e-07,9.57e-10,9.56117331838393e-10,-9.10033824871654e-14,-3.46541620181147e-14,-2.81837481922194e-14,-1.3479183918018e-07
2730.7443,0.33855,2.5765e-07,9.519166666665e-10,9.56045001019273e-10,-1.03531978809625e-14,-3.96459100513723e-14,-2.60807527122435e-14,-1.2473403471073e-07
2740.8268,0.3398,2.58599833333333e-07,9.519166666665e-10,9.56096625442631e-10,5.96096929366161e-14,-2.98451270143406e-14,-2.277005666129e-14,-1.08900270988778e-07
2750.9093,0.34105,2.59553833333333e-07,9.54583333333505e-10,9.56164220405146e-10,2.37160902038551e-14,-1.07394413641714e-14,-1.86829024206111e-14,-8.93530115768357e-08
2760.9918,0.3423,2.60509e-07,9.50249999999999e-10,9.56144057623039e-10,-2.92164035491724e-14,1.49920180564832e-15,-1.43088643505797e-14,-6.84336990679899e-08
2771.0743,0.34355,2.61454333333333e-07,9.56249999999979e-10,9.56105787598048e-10,9.58194598636962e-14,4.277142391772e-15,-1.06939713991279e-14,-5.11450806045247e-08
2781.23746,0.34481,2.624215e-07,9.60249999999984e-10,9.56335696542766e-10,2.24594554806971e-13,9.85802636083222e-16,-9.06297673994865e-15,-4.33446713649718e-08
2791.31996,0.34606,2.63374833333333e-07,9.56333333333527e-10,9.56554976707662e-10,6.62868921125533e-14,-1.01037702897033e-14,-9.55514569990171e-15,-4.56985229125734e-08
2801.40246,0.34731,2.64334166666667e-07,9.62583333333514e-10,9.56468270326991e-10,-9.59855640397068e-14,-2.54345896625886e-14,-1.11090492234807e-14,-5.31302354166468e-08
2811.48496,0.34856,2.653e-07,9.58749999999995e-10,9.56363005579582e-10,-7.73941652063693e-14,-3.14548000698721e-14,-1.29003538071083e-14,-6.16973442948658e-08
2821.56746,0.34981,2.66251666666667e-07,9.54583333333505e-10,9.56313481996579e-10,-5.76277680808886e-14,-2.71348919101705e-14,-1.44582366822414e-14,-6.9148088480285e-08
2831.64996,0.35106,2.67209166666667e-07,9.57166666666486e-10,9.56247750043421e-10,-7.63220382541026e-14,-1.89857787624001e-14,-1.4918001186976e-14,-7.13469621985809e-08
2841.81312,0.35232,2.68166e-07,9.53916666666476e-10,9.5616083792007e-10,-7.98140010778395e-14,-1.02755992335711e-15,-1.3716822651234e-14,-6.56021952885104e-08
2851.89562,0.35357,2.69117e-07,9.51166666666506e-10,9.56088122041265e-10,-7.41202141235918e-14,1.22214262907217e-14,-1.11038134429603e-14,-5.31051947272014e-08
2861.97812,0.35482,2.70068333333333e-07,9.53750000000016e-10,9.56012597491823e-10,-1.98777624250017e-14,1.21455264206594e-14,-8.0110932150083e-15,-3.83139240717788e-08
2872.06062,0.35607,2.710245e-07,9.56833333333488e-10,9.56048366516415e-10,1.10252591602964e-13,1.25591532740534e-14,-5.10655760411635e-15,-2.44226668022956e-08
2882.14312,0.35732,2.71982e-07,9.56916666666506e-10,9.56233102675029e-10,9.93831494859001e-14,7.38186480246023e-15,-2.66495790295881e-15,-1.27454508402378e-08
2892.22562,0.35857,2.72938333333333e-07,9.57250000000007e-10,9.56247132815387e-10,-5.14781384258864e-14,-3.67860784517131e-15,-9.12335896888498e-16,-4.36334559381456e-09
2902.30812,0.35982,2.738965e-07,9.61333333333506e-10,9.56130146398177e-10,-1.21332495262309e-13,-1.75866029433018e-14,1.0034568515556e-15,4.79914146396157e-09
2912.47128,0.36108,2.74861e-07,9.56250000000006e-10,9.56004467824862e-10,-1.42145537457194e-13,-3.20493090954404e-14,4.40598090496088e-15,2.10720825889433e-08
2922.55378,0.36233,2.75809e-07,9.54999999999998e-10,9.55845855323263e-10,-1.19729023676895e-13,-3.21919109310363e-14,9.60422962274165e-15,4.59332721087644e-08
2932.63628,0.36358,2.76771e-07,9.55416666666491e-10,9.55765009777508e-10,1.58978685823143e-14,-1.58821740130385e-14,1.59357629072136e-14,7.62145182518911e-08
2942.71878,0.36483,2.77719833333333e-07,9.49999999999992e-10,9.55877651060428e-10,1.69127084787904e-13,7.66620305191283e-15,2.23191779192408e-14,1.06743894396369e-07
2952.80128,0.36608,2.78671e-07,9.53083333333516e-10,9.56103263947084e-10,2.61549902980436e-13,2.80157333362134e-14,2.74161518127314e-14,1.31120726060889e-07
2962.88378,0.36733,2.79626e-07,9.62249999999986e-10,9.56400750866389e-10,2.45390609080499e-13,4.22925358172606e-14,3.04916111613179e-14,1.45829444684564e-07
2973.04694,0.36859,2.805955e-07,9.65749999999977e-10,9.56594045165245e-10,1.26124978295488e-13,5.55530476378491e-14,3.23532135233472e-14,1.54732760329052e-07
2983.12944,0.36984,2.815575e-07,9.59250000000009e-10,9.56653000822979e-10,-2.18549684074473e-14,6.5005920879325e-14,3.36621676394215e-14,1.60992975666798e-07
2993.21194,0.37109,2.82514e-07,9.53250000000029e-10,9.5655033522843e-10,-1.73194749605682e-13,6.17053656580538e-14,3.45542248862575e-14,1.65259336412536e-07
3003.29444,0.37234,2.83464e-07,9.49499999999978e-10,9.56306611323768e-10,-1.30011438538866e-13,4.89003101282591e-14,3.61814048952043e-14,1.73041501672716e-07
3013.37694,0.37359,2.84413e-07,9.53583333333477e-10,9.56290312351352e-10,-6.86057441809694e-14,4.24081631306921e-14,3.87243515121005e-14,1.85203420275263e-07
3023.45944,0.37484,2.85371166666667e-07,9.63000000000007e-10,9.56169399835406e-10,-1.65545463467971e-13,4.29207501336696e-14,4.13719025549631e-14,1.97865620915041e-07
3033.6226,0.3761,2.86339e-07,9.57416666666519e-10,9.55959221424417e-10,-6.59650652785057e-14,4.52872340977908e-14,4.41363081228772e-14,2.11086691022456e-07
3043.7051,0.37735,2.87286e-07,9.51500000000007e-10,9.56037469704849e-10,1.30886316788601e-13,5.44261672905133e-14,4.66162829110642e-14,2.22947440009437e-07
3053.7876,0.3786,2.88242e-07,9.56999999999974e-10,9.56220994057994e-10,3.41494144836965e-13,6.25153639282565e-14,4.82256507376483e-14,2.30644416571361e-07
3063.8701,0.37985,2.892e-07,9.57e-10,9.56720457994523e-10,4.50157421465572e-13,5.57787031835063e-14,4.8264774787232e-14,2.3083153159111e-07
3073.9526,0.3811,2.90156e-07,9.52416666666514e-10,9.57121308900925e-10,1.90246853462391e-13,3.51109371484578e-14,4.58323314324538e-14,2.19198106850866e-07
3084.0351,0.38235,2.91104833333333e-07,9.49999999999992e-10,9.57100951701448e-10,-5.27569516799062e-16,1.34598818991445e-14,4.13209164614909e-14,1.97621774381043e-07
3094.1176,0.3836,2.92056e-07,9.56583333333507e-10,9.57120253761891e-10,1.55599975795011e-14,2.33091097640592e-15,3.59420749251045e-14,1.71896880076587e-07
3104.28076,0.38486,2.93018e-07,9.59500000000016e-10,9.57132071696607e-10,-5.03550476869047e-14,7.48584788130013e-15,3.05158618600558e-14,1.45945426287223e-07
3114.36326,0.38611,2.93975e-07,9.60499999999991e-10,9.57019543666517e-10,-1.34478319636228e-13,2.19857037309648e-14,2.54699051905608e-14,1.21812590041813e-07
3124.44576,0.38736,2.94939e-07,9.59749999999997e-10,9.56863115057334e-10,-1.84968326949979e-13,2.81932535588971e-14,2.13154863283675e-14,1.01943630266105e-07
3134.52826,0.38861,2.958945e-07,9.53500000000009e-10,9.56649607012617e-10,-1.75373923149362e-13,3.11857057370134e-14,1.85481369396437e-14,8.87084810156873e-08
3144.61076,0.38986,2.96846e-07,9.53250000000002e-10,9.56512367211036e-10,1.30797602052544e-14,3.75179325699223e-14,1.6951675429022e-14,8.10732303127139e-08
3154.69326,0.39111,2.97801e-07,9.60000000000004e-10,9.56675766533028e-10,2.06012593718646e-13,3.34810873389769e-14,1.52511867469245e-14,7.29404583548563e-08
3164.85642,0.39237,2.98766e-07,9.62000000000006e-10,9.56924392398473e-10,9.16545863655191e-14,2.30020252177066e-14,1.19531082594743e-14,5.71670395018336e-08
3174.93892,0.39362,2.99725e-07,9.61000000000005e-10,9.56859075705759e-10,-1.80392911879215e-14,1.46605344499902e-14,7.19240788943055e-15,3.43984725146679e-08
3185.02142,0.39487,3.00688e-07,9.60916666666484e-10,9.56888313816097e-10,8.13712277353445e-14,3.42159942822777e-15,1.9183150123948e-15,9.17455005927948e-09
3195.10392,0.39612,3.01646833333333e-07,9.54833333333485e-10,9.5702181816123e-10,-4.55059382284197e-14,-9.67630196299609e-15,-3.45382561060083e-15,-1.65182963985257e-08
3205.18642,0.39737,3.02597666666667e-07,9.52666666666997e-10,9.5679730193964e-10,-2.24313310232566e-13,-2.31826832095631e-14,-7.97516303390786e-15,-3.81420840752115e-08
3215.26892,0.39862,3.03552166666667e-07,9.51666666666493e-10,9.56573191540765e-10,-7.7242217636556e-14,-3.2481116739927e-14,-1.12075723479872e-14,-5.36014329686344e-08
3225.35142,0.39987,3.04501e-07,9.5558333333303e-10,9.56642817504367e-10,1.4419258269508e-13,-2.90851040874598e-14,-1.42491347236189e-14,-6.81480356346991e-08
3235.51458,0.40113,3.05463333333333e-07,9.57500000000014e-10,9.56861576706155e-10,1.79528415134735e-13,-1.97624430858121e-14,-1.83478977945276e-14,-8.77508155390451e-08
3245.59708,0.40238,3.06416e-07,9.57833333333462e-10,9.57001874334637e-10,1.0573474673026e-13,-1.40175960593526e-14,-2.39801847038561e-14,-1.14687839888007e-07
3255.67958,0.40363,3.07379e-07,9.62499999999993e-10,9.57073046199615e-10,-6.26845077629799e-14,-9.87085840293182e-15,-3.09142003162796e-14,-1.47850523251772e-07
3265.76208,0.40488,3.08341e-07,9.57500000000014e-10,9.56876505319111e-10,-1.46199989428087e-13,-9.55479116561298e-15,-3.80498261517245e-14,-1.81977429421291e-07
3275.84458,0.40613,3.09294e-07,9.55916666666505e-10,9.56780646220759e-10,6.32847478617531e-14,-2.12682542670466e-14,-4.44064823973671e-14,-2.12378828856973e-07
3285.92708,0.40738,3.10252833333333e-07,9.65000000000009e-10,9.57003074814834e-10,8.49254796225651e-14,-4.39115848624869e-14,-5.03374860349614e-14,-2.40744498428076e-07
3296.09024,0.40864,3.11224e-07,9.60666666667006e-10,9.56950497180004e-10,-1.29024251208376e-13,-6.76828859785984e-14,-5.53558148417099e-14,-2.64745201416873e-07
3306.17274,0.40989,3.12174166666667e-07,9.53500000000009e-10,9.56745026312417e-10,-1.49243659726276e-13,-8.02214449624825e-14,-5.82162850491691e-14,-2.78425711104722e-07
3316.25524,0.41114,3.13131e-07,9.48416666666483e-10,9.56652009860552e-10,-6.24098696115002e-14,-7.20653694199242e-14,-5.90345859402888e-14,-2.82339324062251e-07
3326.33774,0.41239,3.14071e-07,9.46999999999989e-10,9.56620206573194e-10,-1.11403995564576e-13,-5.72691244294032e-14,-5.81870326030098e-14,-2.78285808101351e-07
3336.42024,0.41364,3.15025e-07,9.56250000000006e-10,9.56429201869423e-10,-2.50764456726147e-13,-5.02890505140274e-14,-5.54895442244644e-14,-2.65384776725699e-07
3346.50274,0.41489,3.159835e-07,9.57499999999987e-10,9.56118677659742e-10,-2.31987134472218e-13,-4.57076162484625e-14,-5.10096236444536e-14,-2.43959069603909e-07
3356.6659,0.41615,3.1694e-07,9.54250000000004e-10,9.55965227600478e-10,-6.485801867665e-14,-4.99857069957269e-14,-4.57304203713095e-14,-2.18710706123654e-07
3366.7484,0.4174,3.17892e-07,9.54583333333505e-10,9.55988961622389e-10,1.52615763285988e-13,-6.19583054175413e-14,-4.07749129579052e-14,-1.95010453276938e-07
3376.8309,0.41865,3.18849166666667e-07,9.57833333333489e-10,9.5627045912705e-10,1.90600768608844e-13,-6.60874848167131e-14,-3.62437234322752e-14,-1.73339546850012e-07
3386.9134,0.4199,3.19807666666667e-07,9.634166666665e-10,9.56370163159607e-10,-5.34761074240131e-14,-6.02140788963304e-14,-3.10147888174386e-14,-1.48331598692098e-07
3396.9959,0.42115,3.20776e-07,9.62166666666518e-10,9.56163506912202e-10,-1.56926921714456e-13,-4.73976713601556e-14,-2.39168391323578e-14,-1.14384882806929e-07
3407.0784,0.4224,3.21732e-07,9.52500000000008e-10,9.56056309316178e-10,-1.31236456849209e-13,-2.75618737967942e-14,-1.48244826179554e-14,-7.0899699477178e-08
3417.1609,0.42365,3.22681e-07,9.53500000000009e-10,9.55901033998504e-10,-1.44910794503582e-13,-7.96083825589013e-15,-3.81323211409654e-15,-1.82371970674182e-08
3427.32406,0.42491,3.23639e-07,9.5949999999999e-10,9.5576648772717e-10,-1.21001230649644e-14,1.05002671113062e-14,8.70848606982672e-15,4.16492812035191e-08
3437.40656,0.42616,3.246e-07,9.54999999999998e-10,9.55876833752374e-10,1.55972766462302e-13,3.8975587525751e-14,2.1496774868396e-14,1.02810662414068e-07
3447.48906,0.42741,3.25549e-07,9.50916666666525e-10,9.56078433260095e-10,2.04814944843808e-13,6.41213242089326e-14,3.33385807047292e-14,1.5944538597914e-07
3457.57156,0.42866,3.26501833333333e-07,9.563333333335e-10,9.56286463642061e-10,2.12673748751357e-13,7.34839436112896e-14,4.34186302072756e-14,2.07654318382622e-07
3467.65406,0.42991,3.27461666666667e-07,9.58583333333483e-10,9.56503780757598e-10,6.6287835892545e-14,7.64427279085231e-14,5.19309243302363e-14,2.48365290275043e-07
3477.73656,0.43116,3.28419e-07,9.58333333333e-10,9.56419039313846e-10,-1.41165900329105e-13,7.81960451583502e-14,5.99977880193764e-14,2.86945942701365e-07
3487.89972,0.43242,3.29378333333333e-07,9.58583333333509e-10,9.5622144895694e-10,-1.07184383192391e-13,7.37286030890036e-14,6.81919751394613e-14,3.26135533275684e-07
3497.98222,0.43367,3.30336166666667e-07,9.56083333333467e-10,9.56204670547462e-10,5.70671664905106e-14,6.05567375717186e-14,7.61424138677574e-14,3.64159370671883e-07
3508.06472,0.43492,3.312905e-07,9.519166666665e-10,9.56335583289921e-10,1.67266906763733e-13,5.80362510929611e-14,8.33283454996168e-14,3.98526869780776e-07
3518.14722,0.43617,3.3224e-07,9.55750000000019e-10,9.56539204360989e-10,1.65726668025e-13,7.46734051563362e-14,8.8941724428207e-14,4.25373464656642e-07
3528.22972,0.43742,3.33202e-07,9.55250000000005e-10,9.56667036625971e-10,1.57558306341508e-13,9.83608518477191e-14,9.23606335262691e-14,4.41724769038678e-07
3538.31222,0.43867,3.341505e-07,9.53833333333511e-10,9.56854320973672e-10,2.4679871948852e-13,1.14529532241773e-13,9.37305971374229e-14,4.4827676891811e-07
3548.39472,0.43992,3.35109666666667e-07,9.58249999999982e-10,9.57160634064948e-10,2.6949553406499e-13,1.14290680469149e-13,9.32140814960582e-14,4.45806476720278e-07
3558.55788,0.44118,3.36067e-07,9.57416666666493e-10,9.57393312041802e-10,1.59478885893581e-13,1.06220071182614e-13,9.11338716782209e-14,4.35857647156709e-07
3568.64038,0.44243,3.370245e-07,9.59000000000029e-10,9.57479591836735e-10,2.39039011759521e-14,9.39310808470709e-14,8.82679183372264e-14,4.22150913786735e-07
3578.72288,0.44368,3.37985e-07,9.57333333333501e-10,9.57441119844154e-10,-9.04956322184635e-14,8.06318764984682e-14,8.51763674067016e-14,4.07365235423355e-07
3588.80538,0.44493,3.38939166666667e-07,9.57999999999975e-10,9.57298600572298e-10,-1.48649082269609e-13,7.38304027680737e-14,8.23193548372729e-14,3.93701262265218e-07
3598.88788,0.44618,3.39901e-07,9.58916666666508e-10,9.57143821679615e-10,-7.83492642364471e-14,7.20620063242936e-14,8.06277402187881e-14,3.8561093148116e-07
3608.97038,0.44743,3.40857e-07,9.60000000000004e-10,9.57141902043825e-10,8.87241688610735e-15,7.64164997973132e-14,8.0122250666459e-14,3.8319337275263e-07
3619.13354,0.44869,3.41821e-07,9.57499999999987e-10,9.57161566513387e-10,8.3555120167195e-14,8.06047219837474e-14,8.0022500315883e-14,3.82716305858571e-07
3629.21604,0.44994,3.42772e-07,9.49750000000012e-10,9.57309012284159e-10,1.94602369259922e-13,7.89024385238708e-14,7.98569789990114e-14,3.81924682169185e-07
3639.29854,0.45119,3.437205e-07,9.54999999999998e-10,9.57550771251907e-10,3.09339773647949e-13,7.11701840911311e-14,7.92647376523535e-14,3.79092223554734e-07
3649.38104,0.45244,3.44682e-07,9.59249999999983e-10,9.57927691831455e-10,3.74442229717452e-13,6.12093157005318e-14,7.75899333968878e-14,3.71082290159029e-07
3659.46354,0.45369,3.45639e-07,9.55083333333519e-10,9.58299655711342e-10,1.42854311535055e-13,5.67340117949339e-14,7.408280096088e-14,3.54309048073774e-07
3669.54604,0.45494,3.46592166666667e-07,9.64000000000008e-10,9.58213400454525e-10,-1.81411243744083e-13,5.72158591187313e-14,6.96768363946984e-14,3.33237043626818e-07
3679.7092,0.4562,3.47567e-07,9.67916666666492e-10,9.57936833223854e-10,-1.9833121928621e-13,5.81240273150816e-14,6.61790185235118e-14,3.16508349460274e-07
3689.7917,0.45745,3.48528e-07,9.60999999999978e-10,9.57816738015953e-10,-2.31932395607515e-14,5.91436679877213e-14,6.42744821540906e-14,3.07399697258694e-07
3699.8742,0.4587,3.49489e-07,9.59250000000009e-10,9.57890446744732e-10,6.53346244150059e-14,6.57557513739859e-14,6.34711890956132e-14,3.03557860892063e-07
3709.9567,0.45995,3.504465e-07,9.53000000000022e-10,9.57947407264783e-10,7.69836236347134e-14,7.57632900047576e-14,6.28621764245055e-14,3.00645191595461e-07
3720.0392,0.4612,3.51395e-07,9.48749999999984e-10,9.58044413992001e-10,1.38256245897416e-13,8.2201434144993e-14,6.19520454401895e-14,2.96292391235689e-07
3730.1217,0.46245,3.52344e-07,9.56250000000006e-10,9.58223919756578e-10,9.35562904393538e-14,8.1998798118739e-14,6.02153235593774e-14,2.87986330066588e-07
3740.2042,0.4637,3.533075e-07,9.64000000000008e-10,9.5823152657288e-10,4.02340181357281e-14,7.4203478146255e-14,5.74751783286073e-14,2.74881287658557e-07
3750.36736,0.46496,3.54272e-07,9.60749999999998e-10,9.58304387792849e-10,1.00368449274914e-13,6.00753226647343e-14,5.38946184030735e-14,2.57756870623395e-07
3760.44986,0.46621,3.55229e-07,9.56499999999986e-10,9.5843226347143e-10,5.77013824399593e-14,4.57992516601723e-14,4.96596764925161e-14,2.37502800616381e-07
3770.53236,0.46746,3.56185e-07,9.59500000000016e-10,9.58419790557729e-10,1.17571556920617e-13,3.33234908137582e-14,4.51062004218558e-14,2.15725306365397e-07
3780.61486,0.46871,3.57148e-07,9.58000000000001e-10,9.58667406585271e-10,1.31936019691613e-13,2.3284380612685e-14,4.03242638323606e-14,1.9285517485042e-07
3790.69736,0.46996,3.58101e-07,9.54166666666456e-10,9.58683662597112e-10,1.32963374037904e-14,1.89775148281779e-14,3.50912143308505e-14,1.6782754679972e-07
3800.77851566667,0.471209833333333,3.59056333333333e-07,9.59916666666509e-10,9.58693999260079e-10,7.37698853068824e-15,2.25331355781838e-14,2.90925619448503e-14,1.39138339736241e-07
3810.94302,0.47247,3.60020833333333e-07,9.59833333333518e-10,9.58698416574174e-10,1.45763965903361e-15,3.32362183688301e-14,2.21370015096738e-14,1.05872615915831e-07
3821.02552,0.47372,3.60976e-07,9.58083333333496e-10,9.58696914539397e-10,-4.46170921282781e-15,3.56502003415466e-14,1.44354589730382e-14,6.90391516101827e-08
3831.10802,0.47497,3.61937e-07,9.5608333333352e-10,9.58689493155748e-10,-1.03810580844824e-14,2.10335789918947e-14,6.25969502013309e-15,2.99376718354191e-08
3841.19052,0.47622,3.62888166666667e-07,9.56166666666511e-10,9.58676152423228e-10,-1.63004069558269e-14,1.56350171227798e-15,-2.28827604161148e-15,-1.09439288946636e-08
3851.27302,0.47747,3.63849333333333e-07,9.65416666666476e-10,9.58656892341836e-10,-2.22197558274815e-14,-1.2316911684557e-14,-1.11078555846897e-14,-5.31245267093855e-08
3861.35552,0.47872,3.64819e-07,9.62666666667008e-10,9.58631712911573e-10,-2.81391046994463e-14,-2.27798949593453e-14,-1.97761434641905e-14,-9.45815556983024e-08
3871.43802,0.47997,3.65774666666667e-07,9.59000000000002e-10,9.58600614132438e-10,-3.40584535711009e-14,-3.27076489074156e-14,-2.78921980614609e-14,-1.33397468989596e-07
3881.60118,0.48123,3.66737e-07,9.54166666666483e-10,9.58563596004431e-10,-3.99778024426522e-14,-3.91146700791892e-14,-3.5378773299867e-14,-1.69202828825451e-07
3891.68368,0.48248,3.67683e-07,9.53166666666508e-10,9.58520658527552e-10,-4.58971513141e-14,-4.64710956928683e-14,-4.22462207138578e-14,-2.02047142544537e-07
3901.76618,0.48373,3.68643333333333e-07,9.53999999999997e-10,9.58471801701803e-10,-5.18165001857546e-14,-5.35747100667505e-14,-4.90220674117594e-14,-2.34453365882328e-07
3911.84868,0.48498,3.69591e-07,9.53250000000002e-10,9.58417025527181e-10,-5.77358490576161e-14,-6.04255132008342e-14,-5.57063133935638e-14,-2.66421498838783e-07
3921.93118,0.48623,3.70549833333333e-07,9.58916666666508e-10,9.58356330003687e-10,-6.36551979292707e-14,-6.70235050951065e-14,-6.22989586592547e-14,-2.97951541413827e-07
3932.01368,0.48748,3.71508833333333e-07,9.66583333333492e-10,9.58289715131322e-10,-6.95745468006151e-14,-7.33686857495802e-14,-6.8800003208858e-14,-3.29043493607582e-07
3942.17684,0.48874,3.72483e-07,9.69083333333508e-10,9.58217180910086e-10,-7.54938956722698e-14,-7.94610551642424e-14,-7.52094470423642e-14,-3.59697355420003e-07
3952.25934,0.48999,3.73447e-07,9.59166666666515e-10,9.58138727339978e-10,-8.14132445442346e-14,-8.53006133391061e-14,-8.1527290159773e-14,-3.89913126851088e-07
3962.34184,0.49124,3.74401333333333e-07,9.54500000000011e-10,9.58054354420998e-10,-8.73325934158892e-14,-9.08873602741971e-14,-8.77535325610685e-14,-4.19690807900762e-07
3972.42434,0.49249,3.75356e-07,9.57333333333501e-10,9.57964062153146e-10,-9.3251942287337e-14,-9.62212959694507e-14,-9.38881742462764e-14,-4.49030398569148e-07
3982.50684,0.49374,3.76316e-07,9.5649999999996e-10,9.57867850536423e-10,-9.91712911587849e-14,-1.01302420424893e-13,-9.9931215215387e-14,-4.77931898856199e-07
3992.58934,0.49499,3.77269e-07,9.62499999999993e-10,9.57765719570828e-10,-1.0509064003075e-13,-1.06130733640537e-13,-1.05882655468388e-13,-5.06395308761856e-07
4002.7525,0.49625,3.78241e-07,9.61416666666498e-10,9.57657669256361e-10,-1.11009988902404e-13,-1.10706235616382e-13,-1.117424950053e-13,-5.34420628286217e-07
4012.835,0.4975,3.79191833333333e-07,9.57166666666486e-10,9.57543699593024e-10,-1.16929337773852e-13,-1.15028926352415e-13,-1.17510733826113e-13,-5.62007857429236e-07
4022.9175,0.49875,3.80155333333333e-07,9.5675000000002e-10,9.57423810580814e-10,-1.22848686645507e-13,-1.1909880584865e-13,-1.23187371930828e-13,-5.89156996190917e-07
4033,0.5,3.81105333333333e-07,9.50000000000019e-10,9.57298002219733e-10,-1.25808361081231e-13,-1.22915874105074e-13,-1.2877240931943e-13,-6.15868044571187e-07
