wvnmbr,VOltage,Current,DerivativeY1,DerivativeY1_1,DerivativeY2,DerivativeY2_1,DerivativeY2_2,Alpha
-4033,-0.5,-3.65868e-07,1.09099999999999e-09,1.03207645351319e-09,-6.11810353168856e-12,-6.17376010455221e-12,-6.0566044436164e-12,NaN
-4022.9175,-0.49875,-3.64777e-07,1.06349999999998e-09,1.0259583499815e-09,-6.03164055752945e-12,-6.00659509974077e-12,-5.93270409074438e-12,NaN
-4012.835,-0.4975,-3.63741e-07,1.02099999999999e-09,1.02001317239813e-09,-5.85871460921101e-12,-5.8389418793779e-12,-5.80319652166024e-12,NaN
-4002.7525,-0.49625,-3.62735e-07,1.00750000000002e-09,1.01424092076308e-09,-5.68578866089258e-12,-5.6708004434636e-12,-5.66808173636396e-12,NaN
-3992.58934,-0.49499,-3.61726e-07,1.0060833333335e-09,1.00864159507635e-09,-5.51286271257435e-12,-5.50217079199786e-12,-5.52735973485554e-12,NaN
-3982.50684,-0.49374,-3.60722833333333e-07,9.95500000000004e-10,1.00321519533793e-09,-5.33993676425592e-12,-5.33305292498068e-12,-5.381030517135e-12,NaN
-3972.42434,-0.49249,-3.59735e-07,9.83916666666483e-10,9.97961721547836e-10,-5.16701081593748e-12,-5.16344684241206e-12,-5.22909408320233e-12,NaN
-3962.34184,-0.49124,-3.58755e-07,9.78999999999999e-10,9.92881173706058e-10,-4.99408486761926e-12,-4.99335254429202e-12,-5.07155043305752e-12,NaN
-3952.25934,-0.48999,-3.57777e-07,9.74500000000007e-10,9.87973551812598e-10,-4.82115891930082e-12,-4.82277003062053e-12,-4.90839956670059e-12,NaN
-3942.17684,-0.48874,-3.56806e-07,9.65000000000009e-10,9.83238855867456e-10,-4.64823297098239e-12,-4.65169930139761e-12,-4.73964148413152e-12,NaN
-3932.01368,-0.48748,-3.55847e-07,9.56000000000025e-10,9.78677085870633e-10,-4.47530702266406e-12,-4.48014035662326e-12,-4.56527618535032e-12,NaN
-3921.93118,-0.48623,-3.54894e-07,9.56166666666485e-10,9.74288241822128e-10,-4.30238107434562e-12,-4.30238107434567e-12,-4.38530367035699e-12,NaN
-3911.84868,-0.48498,-3.53934666666667e-07,9.64000000000008e-10,9.70072323721941e-10,-4.12945512602729e-12,-4.1294551260273e-12,-4.19972393915153e-12,NaN
-3901.76618,-0.48373,-3.52966e-07,9.60333333333505e-10,9.66029331570073e-10,-3.95652917770896e-12,-3.95652917770892e-12,-4.02634917090943e-12,NaN
-3891.68368,-0.48248,-3.52014e-07,9.52499999999982e-10,9.62159265366524e-10,-3.78360322939053e-12,-3.78360322939053e-12,-3.84160227320171e-12,NaN
-3881.60118,-0.48123,-3.51061e-07,9.48000000000016e-10,9.58462125111292e-10,-3.61067728107209e-12,-3.67990527541875e-12,-3.64334025125911e-12,NaN
-3871.43802,-0.47997,-3.50118e-07,9.40000000000007e-10,9.54937910804379e-10,-3.43775133275376e-12,-3.59526899670797e-12,-3.43141144418759e-12,NaN
-3861.35552,-0.47872,-3.49181e-07,9.36833333333491e-10,9.51586622445785e-10,-3.26482538443543e-12,-3.40206901041811e-12,-3.20697862692503e-12,NaN
-3851.27302,-0.47747,-3.48244333333333e-07,9.37499999999991e-10,9.48408260035509e-10,-3.0918994361171e-12,-3.13170311197551e-12,-2.97127698787722e-12,NaN
-3841.19052,-0.47622,-3.47306e-07,9.46666666666487e-10,9.45402823573551e-10,-2.91897348779867e-12,-2.85010600400743e-12,-2.72593189165273e-12,NaN
-3831.10802,-0.47497,-3.46351e-07,9.47500000000003e-10,9.42570313059911e-10,-2.74604753948023e-12,-2.57284540102797e-12,-2.47286056615223e-12,NaN
-3821.02552,-0.47372,-3.45411e-07,9.38500000000019e-10,9.3991072849459e-10,-2.5731215911619e-12,-2.28186399394604e-12,-2.2136239734153e-12,NaN
-3810.94302,-0.47247,-3.44474e-07,9.40083333333502e-10,9.37424069877587e-10,-2.40019564284347e-12,-1.98007208100228e-12,-1.94996768146329e-12,NaN
-3800.77986,-0.47121,-3.43530833333333e-07,9.41999999999983e-10,9.35110337208903e-10,-2.22726969452524e-12,-1.67562540616266e-12,-1.6851472625424e-12,NaN
-3790.69736,-0.46996,-3.4259e-07,9.39583333332985e-10,9.32969530488537e-10,-2.05434374620686e-12,-1.3702497333055e-12,-1.4298470872006e-12,NaN
-3780.61486,-0.46871,-3.41651666666667e-07,9.35666666666501e-10,9.31001649716489e-10,-6.43005899021617e-13,-1.08762962221065e-12,-1.19453272154609e-12,NaN
-3770.53236,-0.46746,-3.40718666666667e-07,9.36166666667018e-10,9.31683518690494e-10,5.58918850558448e-13,-8.5329499543419e-13,-9.795927302615e-13,NaN
-3760.44986,-0.46621,-3.39779333333333e-07,9.36916666666986e-10,9.32119487417606e-10,-2.29884406602666e-14,-6.67383291768783e-13,-7.85045513824956e-13,NaN
-3750.36736,-0.46496,-3.38844833333333e-07,9.33166666666485e-10,9.31637541809173e-10,-5.95172974850868e-13,-5.13567517039361e-13,-6.19491593745638e-13,NaN
-3740.2042,-0.4637,-3.37913e-07,9.2933333333302e-10,9.30929141467905e-10,-4.90264030137563e-13,-3.80011711289099e-13,-4.90046670309398e-13,NaN
-3730.1217,-0.46245,-3.36986166666667e-07,9.24666666666515e-10,9.30657013748898e-10,-1.89534304282192e-13,-2.73617024814694e-13,-3.9274110823859e-13,NaN
-3720.0392,-0.4612,-3.36063666666667e-07,9.30416666666992e-10,9.3055007285934e-10,-1.81731183037173e-13,-1.9710171576053e-13,-3.23052305480273e-13,NaN
-3709.9567,-0.45995,-3.35125333333333e-07,9.35749999999996e-10,9.30293551382824e-10,-2.61978376259954e-13,-1.55337700972385e-13,-2.79407151246995e-13,NaN
-3699.8742,-0.4587,-3.34192166666667e-07,9.3074999999999e-10,9.3002611610682e-10,-3.75701223891758e-13,-1.67468292059343e-13,-2.58255961730925e-13,NaN
-3689.7917,-0.45745,-3.33263833333333e-07,9.32416666666994e-10,9.2954214893504e-10,-6.41717064187083e-13,-2.48882152211972e-13,-2.53965285109911e-13,NaN
-3679.7092,-0.4562,-3.32327333333333e-07,9.34416666666493e-10,9.28742681978446e-10,-7.35051567793945e-13,-3.92702854283746e-13,-2.62194194965623e-13,NaN
-3669.54604,-0.45494,-3.31395e-07,9.26666666666518e-10,9.28072045799452e-10,-5.01090058664832e-13,-4.5656999716038e-13,-2.79609302442507e-13,NaN
-3659.46354,-0.45369,-3.30474e-07,9.2158333333352e-10,9.27740501861116e-10,-1.96673952608072e-13,-4.09327610287426e-13,-3.02489963883014e-13,NaN
-3649.38104,-0.45244,-3.29551833333333e-07,9.25916666666471e-10,9.27678697894236e-10,-8.07615499057239e-14,-3.92399100986948e-13,-3.27506401940552e-13,NaN
-3639.29854,-0.45119,-3.28622166666667e-07,9.30916666666503e-10,9.27578978761305e-10,-1.85427000981455e-13,-4.22167315364774e-13,-3.52889198645003e-13,NaN
-3629.21604,-0.44994,-3.2769e-07,9.29500000000009e-10,9.27307843892273e-10,-2.94693349035317e-13,-4.41580294369801e-13,-3.76466805184535e-13,NaN
-3619.13354,-0.44869,-3.26763166666667e-07,9.31999999999998e-10,9.26989592063234e-10,-4.69710525721825e-13,-4.30278618074473e-13,-3.94329277690707e-13,NaN
-3608.97038,-0.44743,-3.25826e-07,9.29583333333503e-10,9.2636842284083e-10,-6.91977734484502e-13,-4.15670382520303e-13,-4.0319517551818e-13,NaN
-3598.88788,-0.44618,-3.24904e-07,9.215e-10,9.25605636594265e-10,-7.12098046763053e-13,-3.93645978502483e-13,-4.03122704359037e-13,NaN
-3588.80538,-0.44493,-3.23983e-07,9.22000000000013e-10,9.24944226747303e-10,-4.61823408613099e-13,-3.50780604728201e-13,-3.95279668916528e-13,NaN
-3578.72288,-0.44368,-3.2306e-07,9.2499999999999e-10,9.24681989777039e-10,-1.77942875265146e-13,-3.25481461650435e-13,-3.79901549994674e-13,NaN
-3568.64038,-0.44243,-3.22133e-07,9.21999999999987e-10,9.24588340996773e-10,-2.71127318851683e-13,-3.34254731084642e-13,-3.59276906180325e-13,NaN
-3558.55788,-0.44118,-3.21216e-07,9.27249999999999e-10,9.24139735139336e-10,-4.72012389858802e-13,-3.53217717600787e-13,-3.39481903488036e-13,NaN
-3548.39472,-0.43992,-3.202785e-07,9.27999999999994e-10,9.23644316217056e-10,-3.47195481964972e-13,-3.6096218696839e-13,-3.27667027554085e-13,NaN
-3538.31222,-0.43867,-3.1936e-07,9.20750000000005e-10,9.23445344175406e-10,-1.75324846928317e-13,-3.48793716356281e-13,-3.21098242705269e-13,NaN
-3528.22972,-0.43742,-3.18437e-07,9.215e-10,9.23293666523199e-10,-2.01557037916457e-13,-3.2221711274257e-13,-3.12287194407592e-13,NaN
-3518.14722,-0.43617,-3.17517e-07,9.1924999999999e-10,9.23042230099573e-10,-2.44508180625364e-13,-2.81463381950312e-13,-3.02612387885741e-13,NaN
-3508.06472,-0.43492,-3.165985e-07,9.20499999999998e-10,9.22804650161948e-10,-1.08452815074952e-13,-2.44163807189481e-13,-2.96123648662593e-13,NaN
-3497.98222,-0.43367,-3.15676e-07,9.24250000000023e-10,9.22825324469423e-10,-1.03981215119404e-13,-2.41239749027477e-13,-2.91718610233069e-13,NaN
-3487.89972,-0.43242,-3.1475e-07,9.29750000000016e-10,9.22596687731709e-10,-4.49463747772453e-13,-2.69029217278289e-13,-2.8665280931154e-13,NaN
-3477.73656,-0.43116,-3.138165e-07,9.23999999999989e-10,9.21926396973878e-10,-6.31344990838222e-13,-2.88339323404276e-13,-2.81183086119075e-13,NaN
-3467.65406,-0.42991,-3.12902e-07,9.16416666666499e-10,9.21333997750033e-10,-5.14866323885863e-13,-2.84796543348782e-13,-2.75115608196285e-13,NaN
-3457.57156,-0.42866,-3.11983666666667e-07,9.16166666666493e-10,9.20896664326106e-10,-2.96020294905183e-13,-2.85337425969787e-13,-2.66750805315013e-13,NaN
-3447.48906,-0.42741,-3.11069666666667e-07,9.16833333333495e-10,9.20741957160223e-10,-8.03802653108929e-14,-2.94083769314014e-13,-2.57297259302792e-13,NaN
-3437.40656,-0.42616,-3.1015e-07,9.25333333333518e-10,9.20735903795485e-10,-1.19934766287475e-14,-2.87369158558847e-13,-2.49328334776436e-13,NaN
-3427.32406,-0.42491,-3.09219e-07,9.32750000000019e-10,9.20717970206965e-10,-9.20075577367369e-14,-2.6302039440017e-13,-2.4303596101759e-13,NaN
-3417.1609,-0.42365,-3.082845e-07,9.23916666666495e-10,9.20551888680011e-10,-2.9417804858143e-13,-2.39292207597349e-13,-2.37263513065715e-13,NaN
-3407.0784,-0.4224,-3.07371166666667e-07,9.14749999999972e-10,9.20129614109802e-10,-4.78331898795617e-13,-2.31148921478134e-13,-2.30718941005004e-13,NaN
-3396.9959,-0.42115,-3.06455e-07,9.15916666667015e-10,9.1959522488242e-10,-4.0563961433838e-13,-2.19778200373555e-13,-2.22744933453654e-13,NaN
-3386.9134,-0.4199,-3.05539333333333e-07,9.17000000000008e-10,9.19318334881125e-10,-1.80773252705222e-13,-1.8817949379473e-13,-2.12847201344772e-13,NaN
-3376.8309,-0.41865,-3.04621e-07,9.17833333332993e-10,9.19233678377009e-10,-1.25947548830663e-13,-1.72001871735434e-13,-2.01247362245404e-13,NaN
-3366.7484,-0.4174,-3.03703666666667e-07,9.16833333333522e-10,9.19066439783464e-10,-1.0630667361059e-13,-1.78324888585855e-13,-1.90147569971781e-13,NaN
-3356.6659,-0.41615,-3.02787333333333e-07,9.20249999999992e-10,9.19021065029788e-10,-3.12134287662735e-14,-1.81952954133488e-13,-1.8194080977414e-13,NaN
-3346.50274,-0.41489,-3.01863166666667e-07,9.22666666666487e-10,9.19004012925932e-10,-8.13570711263555e-14,-1.82278349053171e-13,-1.76408914062237e-13,NaN
-3336.42024,-0.41364,-3.00942e-07,9.20583333333493e-10,9.18858350887536e-10,-2.06157934870032e-13,-1.83863386344396e-13,-1.71959953024993e-13,NaN
-3326.33774,-0.41239,-3.00022e-07,9.17499999999995e-10,9.18591697056192e-10,-3.02126510982436e-13,-1.73174725490387e-13,-1.68137556699707e-13,NaN
-3316.25524,-0.41114,-2.99107e-07,9.14499999999992e-10,9.18254097865571e-10,-3.37261319623272e-13,-1.48995163085542e-13,-1.65548517103828e-13,NaN
-3306.17274,-0.40989,-2.98193e-07,9.1900000000001e-10,9.17917174416945e-10,-1.61431553757181e-13,-1.35824644487496e-13,-1.64053588248798e-13,NaN
-3296.09024,-0.40864,-2.97269e-07,9.24000000000016e-10,9.17931234758056e-10,4.35230696002485e-14,-1.41005603792776e-13,-1.62393669258291e-13,NaN
-3285.92708,-0.40738,-2.96345e-07,9.18083333333477e-10,9.18004220556145e-10,-6.7519460616043e-14,-1.57943525223877e-13,-1.60382400587062e-13,NaN
-3275.84458,-0.40613,-2.95432833333333e-07,9.15583333333514e-10,9.17796195836824e-10,-1.73248544700319e-13,-1.76699610251508e-13,-1.58891121947375e-13,NaN
-3265.76342433334,-0.404880166666667,-2.94513833333333e-07,9.15916666666512e-10,9.17657723466745e-10,-1.81486745641114e-13,-1.86272304169774e-13,-1.57268573595553e-13,NaN
-3255.67958,-0.40363,-2.93601e-07,9.16749999999974e-10,9.17433222345542e-10,-3.01930206042216e-13,-1.84829508914023e-13,-1.5388331462145e-13,NaN
-3245.59708,-0.40238,-2.92680333333333e-07,9.09166666666511e-10,9.1705386305466e-10,-2.82907502621128e-13,-1.72905867832364e-13,-1.49586725991866e-13,NaN
-3235.51458,-0.40113,-2.91782666666667e-07,9.1391666666651e-10,9.168674073403e-10,-4.21517663687641e-14,-1.53288118926837e-13,-1.45539339860028e-13,NaN
-3225.35142,-0.39987,-2.908525e-07,9.2616666666698e-10,9.16969559521923e-10,-3.15692314621636e-15,-1.34076276337518e-13,-1.41113151208611e-13,NaN
-3215.26892,-0.39862,-2.89930333333333e-07,9.19750000000004e-10,9.16861093494007e-10,-1.60041375038514e-13,-1.19428699394394e-13,-1.36634614919686e-13,NaN
-3205.18642,-0.39737,-2.89013e-07,9.20750000000005e-10,9.16649476771846e-10,-2.17299183833393e-13,-1.17766193057642e-13,-1.32879225827506e-13,NaN
-3195.10392,-0.39612,-2.88088833333333e-07,9.17999999999982e-10,9.16426495126341e-10,-2.77923433530834e-13,-1.22020780901627e-13,-1.29163835374566e-13,NaN
-3185.02142,-0.39487,-2.87177e-07,9.08416666666517e-10,9.16093629904784e-10,-2.03979705084682e-13,-1.19248110341951e-13,-1.24801801320585e-13,NaN
-3174.93892,-0.39362,-2.86272e-07,9.10000000000026e-10,9.16018535716171e-10,1.60309406817991e-14,-1.17840804866351e-13,-1.19449516242942e-13,NaN
-3164.85642,-0.39237,-2.85357e-07,9.17999999999982e-10,9.16125691786148e-10,2.64454838540084e-14,-1.14185578751265e-13,-1.1385300253683e-13,NaN
-3154.69326,-0.39111,-2.84436e-07,9.20499999999972e-10,9.16071426683879e-10,-2.1555792127816e-14,-1.07408017146697e-13,-1.10389011154076e-13,NaN
-3144.61076,-0.38986,-2.83516e-07,9.19750000000004e-10,9.16082580201892e-10,7.13870454149416e-15,-1.06648644581246e-13,-1.0952281573186e-13,NaN
-3134.52826,-0.38861,-2.825965e-07,9.15333333333533e-10,9.16085704092962e-10,-5.49653823817181e-14,-1.07515999485829e-13,-1.09985495657283e-13,NaN
-3124.44576,-0.38736,-2.81685333333333e-07,9.14250000000011e-10,9.15972649437129e-10,-1.63136009126985e-13,-1.02013747390374e-13,-1.10568597033971e-13,NaN
-3114.36326,-0.38611,-2.80768e-07,9.1666666666648e-10,9.15759432074708e-10,-2.95950455650673e-13,-9.84458217338287e-14,-1.09864609925464e-13,NaN
-3104.28076,-0.38486,-2.79852e-07,9.16499999999994e-10,9.15380748525827e-10,-3.20780198868918e-13,-1.08215490701574e-13,-1.07507968366926e-13,NaN
-3094.1176,-0.3836,-2.78935e-07,9.14500000000018e-10,9.1511787167697e-10,-1.69328108606783e-13,-1.159072068498e-13,-1.04197639411996e-13,NaN
-3084.0351,-0.38235,-2.78023e-07,9.106666666665e-10,9.15042092308614e-10,-1.0032314797645e-15,-1.16202912542329e-13,-1.00283515626092e-13,NaN
-3073.9526,-0.3811,-2.77113666666667e-07,9.14499999999992e-10,9.15115865214011e-10,3.92364492981737e-14,-1.15737881069544e-13,-9.68316645279564e-14,NaN
-3063.8701,-0.37985,-2.76194e-07,9.20499999999998e-10,9.1512056520721e-10,-2.63039177958613e-14,-1.05920951219685e-13,-9.50509454890108e-14,NaN
-3053.7876,-0.3786,-2.75272666666667e-07,9.18499999999996e-10,9.15063257378419e-10,-6.38915943711993e-14,-1.04486501835666e-13,-9.4194870620556e-14,NaN
-3043.7051,-0.37735,-2.74357e-07,9.12333333333503e-10,9.14992782018468e-10,-1.54084275215294e-13,-1.0923368557847e-13,-9.30388307407364e-14,NaN
-3033.6226,-0.3761,-2.73448e-07,9.11583333333483e-10,9.14755088827989e-10,-2.35715984503314e-13,-8.90922628825986e-14,-9.08715741740971e-14,NaN
-3023.45944,-0.37484,-2.72533833333333e-07,9.14000000000004e-10,9.14521350049461e-10,-1.43712201859919e-13,-6.32889814214922e-14,-8.77529260632121e-14,NaN
-3013.37694,-0.37359,-2.7162e-07,9.12000000000002e-10,9.14467664424269e-10,-1.85442101376898e-14,-5.07210717648626e-14,-8.52767333124475e-14,NaN
-3003.29444,-0.37234,-2.70709833333333e-07,9.12000000000002e-10,9.14484261629186e-10,9.61611059500286e-14,-5.02915192730685e-14,-8.43295923160485e-14,NaN
-2993.21194,-0.37109,-2.69796e-07,9.18416666666502e-10,9.14659986636169e-10,5.50182337038595e-14,-6.7385447520232e-14,-8.35350978573239e-14,NaN
-2983.12944,-0.36984,-2.68873e-07,9.16499999999994e-10,9.14594298096593e-10,-1.63038800430353e-13,-8.71865742235929e-14,-8.19939480348838e-14,NaN
-2973.04694,-0.36859,-2.67963e-07,9.13583333333511e-10,9.14333909035308e-10,-2.2303921567812e-13,-9.60004114277398e-14,-8.00827349554862e-14,NaN
-2962.88378,-0.36733,-2.67045833333333e-07,9.16416666666499e-10,9.14148219665237e-10,-1.91292554753923e-13,-1.00844313312444e-13,-7.76811583351404e-14,NaN
-2952.80128,-0.36608,-2.66130166666667e-07,9.12416666666495e-10,9.139513239258e-10,-1.38810241143244e-14,-9.91737557435302e-14,-7.50973271653434e-14,NaN
-2942.71878,-0.36483,-2.65221e-07,9.11416666666997e-10,9.14120457617009e-10,1.47564686252466e-13,-8.07051971395952e-14,-7.29126195845422e-14,NaN
-2932.63628,-0.36358,-2.64307333333333e-07,9.15000000000005e-10,9.14246453298305e-10,-6.32432218165355e-14,-6.16167991683206e-14,-7.05231382978862e-14,NaN
-2922.55378,-0.36233,-2.63391e-07,9.15249999999986e-10,9.13993971173376e-10,-1.84366199311695e-13,-6.10941721980387e-14,-6.82302231225914e-14,NaN
-2912.47128,-0.36108,-2.62476833333333e-07,9.18999999999983e-10,9.13877720899682e-10,-1.46732277817186e-13,-7.3050747558592e-14,-6.64941002594629e-14,NaN
-2902.30812,-0.35982,-2.61553e-07,9.18416666666528e-10,9.13700506617741e-10,-2.12770013667326e-13,-8.48459752502328e-14,-6.38188838246049e-14,NaN
-2892.22562,-0.35857,-2.6064e-07,9.06916666666502e-10,9.13452180872347e-10,-1.35149342754562e-13,-7.64022559321541e-14,-5.90866739349362e-14,NaN
-2882.14312,-0.35732,-2.59739166666667e-07,9.06333333333497e-10,9.13430207932232e-10,-1.64905584827198e-14,-4.89025842208065e-14,-5.25432276371374e-14,NaN
-2872.06062,-0.35607,-2.58827333333333e-07,9.09916666667035e-10,9.13419199755382e-10,4.13420085021693e-14,-2.91984860358139e-14,-4.55694908520858e-14,NaN
-2861.97812,-0.35482,-2.57919333333333e-07,9.13666666666503e-10,9.13512891949236e-10,1.54365519788251e-13,-2.12035639855646e-14,-4.06378744644708e-14,NaN
-2851.89562,-0.35357,-2.57e-07,9.18666666666482e-10,9.13727930794958e-10,1.38513896119473e-13,-2.27731211038657e-14,-3.85733201109611e-14,NaN
-2841.81312,-0.35232,-2.56082e-07,9.19333333333485e-10,9.13789919741475e-10,-7.57982438276986e-14,-3.26783096870085e-14,-3.79155589485862e-14,NaN
-2831.64996,-0.35106,-2.55161333333333e-07,9.17000000000008e-10,9.13576334307303e-10,-2.39586400599639e-13,-3.72149057001897e-14,-3.75794418137916e-14,NaN
-2821.56746,-0.34981,-2.54248e-07,9.10666666666526e-10,9.13310746940276e-10,-1.97300618363599e-13,-3.42326371548055e-14,-3.70682758344259e-14,NaN
-2811.48496,-0.34856,-2.5334e-07,9.0958333333348e-10,9.13181733070576e-10,-1.00493027404053e-14,-3.11487514204637e-14,-3.59425597060574e-14,NaN
-2801.40246,-0.34731,-2.52428833333333e-07,9.07499999999984e-10,9.13290648334795e-10,1.68260700504585e-13,-3.10066210693748e-14,-3.43704921661649e-14,NaN
-2791.31996,-0.34606,-2.51525e-07,9.11666666666527e-10,9.13518254471585e-10,1.45939507881047e-13,-3.28119732224168e-14,-3.32252821491158e-14,NaN
-2781.23746,-0.34481,-2.506055e-07,9.24166666666502e-10,9.13582527350557e-10,-5.29475941226212e-14,-3.42876823947679e-14,-3.36214179991518e-14,NaN
-2771.0743,-0.34355,-2.49676666666667e-07,9.20750000000005e-10,9.1341235928334e-10,-1.98109432447566e-13,-4.31143042000137e-14,-3.57418404275844e-14,NaN
-2760.9918,-0.3423,-2.48764e-07,9.12833333333491e-10,9.13186308485662e-10,-2.39130557885495e-13,-5.90984048224685e-14,-3.75262462696816e-14,NaN
-2750.9093,-0.34105,-2.47851e-07,9.1024999999998e-10,9.12934098167569e-10,-2.3152468534709e-13,-6.63281750414433e-14,-3.73229538453034e-14,NaN
-2740.8268,-0.3398,-2.469435e-07,9.04500000000007e-10,9.12723259114968e-10,1.57232704387493e-14,-5.18931628464718e-14,-3.6163193720465e-14,NaN
-2730.7443,-0.33855,-2.46042e-07,9.02583333333499e-10,9.12965544708446e-10,2.51073070735592e-13,-2.65551285168944e-14,-3.4927329294404e-14,NaN
-2720.6618,-0.3373,-2.45138333333333e-07,9.11916666666508e-10,9.13225405256439e-10,8.47197369589422e-14,-1.43313109282599e-14,-3.45948740863997e-14,NaN
-2710.5793,-0.33605,-2.44218166666667e-07,9.23333333333013e-10,9.13134984182364e-10,-4.44356988033077e-14,-1.99156151877626e-14,-3.66974007437084e-14,NaN
-2700.41614,-0.33479,-2.43291666666667e-07,9.2041666666698e-10,9.13136533858833e-10,-2.47721730308866e-14,-3.42775190092795e-14,-4.05236642620034e-14,NaN
-2690.33364,-0.33354,-2.42377333333333e-07,9.10333333333501e-10,9.13085439836302e-10,-1.62174303686493e-13,-4.13673102146424e-14,-4.36589592974569e-14,NaN
-2680.25114,-0.33229,-2.41471e-07,9.09166666666511e-10,9.1281218525146e-10,-2.36319999689587e-13,-4.00235251240444e-14,-4.46722971897237e-14,NaN
-2670.16864,-0.33104,-2.40559e-07,9.11499999999988e-10,9.12612799836923e-10,-9.87819656112194e-14,-3.93157679414758e-14,-4.4398361397829e-14,NaN
-2660.08614,-0.32979,-2.39648e-07,9.06500000000009e-10,9.12614621320237e-10,9.92463022956584e-14,-3.47093835773462e-14,-4.49952487106322e-14,NaN
-2650.00364,-0.32854,-2.38746e-07,9.16000000000007e-10,9.12811292441514e-10,2.55431417844302e-13,-3.12669514443591e-14,-4.71211340224793e-14,NaN
-2639.84048,-0.32728,-2.37816e-07,9.23000000000001e-10,9.13125484155926e-10,1.32047158477908e-13,-4.59732805394548e-14,-5.00693911163035e-14,NaN
-2629.75798,-0.32603,-2.369e-07,9.169166666665e-10,9.1307538675847e-10,-2.04260949663999e-13,-7.02899600935331e-14,-5.39198302269193e-14,NaN
-2619.67548,-0.32478,-2.35982166666667e-07,9.1299999999999e-10,9.12716962256598e-10,-3.59967571924747e-13,-8.27424532264567e-14,-5.80145933952082e-14,NaN
-2609.59298,-0.32353,-2.35074e-07,9.07833333333498e-10,9.12355451614621e-10,-2.88236049133284e-13,-8.89826842426347e-14,-6.05244287423748e-14,NaN
-2599.51048,-0.32228,-2.341665e-07,9.04999999999994e-10,9.12140490158331e-10,-6.87425913874963e-14,-8.59314649885032e-14,-6.0883189353744e-14,NaN
-2589.42798,-0.32103,-2.33264e-07,9.093333333335e-10,9.12217966431846e-10,1.02395675251934e-13,-6.0778226123045e-14,-6.05451223482883e-14,NaN
-2579.26482,-0.31977,-2.32347833333333e-07,9.16999999999994e-10,9.12345281508835e-10,1.47356112266497e-13,-3.35078309583543e-14,-6.15928618989508e-14,NaN
-2569.18232,-0.31852,-2.3143e-07,9.15250000000012e-10,9.12512678656379e-10,8.33965661716644e-14,-3.33098279069138e-14,-6.44363926154181e-14,NaN
-2559.09982,-0.31727,-2.30517333333333e-07,9.14500000000018e-10,9.12512074641178e-10,-1.4433886762501e-13,-6.069541838407e-14,-6.73579807543615e-14,NaN
-2549.01732,-0.31602,-2.29601e-07,9.1324999999997e-10,9.12224000921129e-10,-3.45540102829395e-13,-8.62420486147077e-14,-6.87087597764708e-14,NaN
-2538.93482,-0.31477,-2.28690833333333e-07,9.07833333333485e-10,9.1182099443552e-10,-3.06926544202764e-13,-8.09238792947691e-14,-6.86661835707823e-14,NaN
-2528.85232,-0.31352,-2.27785333333333e-07,9.06416666666515e-10,9.11610147832723e-10,-1.47511835683265e-15,-5.80132936446796e-14,-6.79353742845044e-14,NaN
-2518.76982,-0.31227,-2.26878e-07,9.12666666666515e-10,9.11818044198806e-10,2.40999229874997e-13,-4.90110873477115e-14,-6.71246761386959e-14,NaN
-2508.60666,-0.31101,-2.2596e-07,9.17250000000001e-10,9.12092146292473e-10,2.30207177212207e-13,-4.87503558918393e-14,-6.77014119787916e-14,NaN
-2498.52416,-0.30976,-2.250435e-07,9.16833333333508e-10,9.1227845855323e-10,1.07089062043851e-13,-5.70436943215453e-14,-6.96092089772068e-14,NaN
-2488.44166,-0.30851,-2.24126333333333e-07,9.1575e-10,9.12306324416561e-10,-1.68762788134955e-13,-7.84213177653985e-14,-7.05929279110091e-14,NaN
-2478.35916,-0.30726,-2.23212e-07,9.06750000000003e-10,9.1194093297696e-10,-4.89505236056856e-13,-9.74709284562224e-14,-7.00136962929555e-14,NaN
-2468.27666,-0.30601,-2.22312833333333e-07,9.03500000000006e-10,9.11327313944447e-10,-4.48155677365056e-13,-1.00458223467822e-13,-6.84129857866026e-14,NaN
-2458.19416,-0.30476,-2.21405e-07,9.11833333333e-10,9.1104462162223e-10,-6.37462532282406e-14,-7.94850590568511e-14,-6.53467985924446e-14,NaN
-2448.031,-0.3035,-2.20489166666667e-07,9.11749999999995e-10,9.11199821437991e-10,2.10404916682581e-13,-5.32824888027551e-14,-6.10888750444328e-14,NaN
-2437.9485,-0.30225,-2.195815e-07,9.09416666666994e-10,9.11465431455595e-10,1.81213995043724e-13,-4.47490116348777e-14,-5.73581896341324e-14,NaN
-2427.866,-0.301,-2.18670333333333e-07,9.15749999999986e-10,9.11562249428078e-10,2.05355727221967e-14,-5.6495039374269e-14,-5.57461437979903e-14,NaN
-2417.7835,-0.29975,-2.1775e-07,9.17666666666481e-10,9.1150650260104e-10,-8.81984869477882e-14,-7.0049999374808e-14,-5.55287448142447e-14,NaN
-2407.701,-0.2985,-2.16835e-07,9.11916666666508e-10,9.11385852454182e-10,-2.77924377299038e-13,-6.84898204483842e-14,-5.41978683902645e-14,NaN
-2397.6185,-0.29725,-2.15926166666667e-07,9.09500000000012e-10,9.10950653846442e-10,-3.20815118498448e-13,-5.18433483178664e-14,-5.08548623664474e-14,NaN
-2387.45534,-0.29599,-2.15016e-07,9.05083333333502e-10,9.10744222217186e-10,-2.45579363849752e-14,-2.15603505644888e-14,-4.68865314360513e-14,NaN
-2377.37284,-0.29474,-2.14116e-07,9.04499999999994e-10,9.10901537973672e-10,2.32048479763878e-13,-5.79361064071892e-17,-4.36959170063956e-14,NaN
-2367.29034,-0.29349,-2.13207e-07,9.12500000000003e-10,9.11208319176713e-10,2.94376241058679e-13,-1.11238472939816e-14,-4.21958332976328e-14,NaN
-2357.20784,-0.29224,-2.12291e-07,9.15666666666518e-10,9.11490290455789e-10,9.68953619176284e-14,-4.04265831485067e-14,-4.33942798589351e-14,NaN
-2347.12534,-0.29099,-2.11375666666667e-07,9.14833333333506e-10,9.11402109900549e-10,-1.91170807945114e-13,-6.42516423575671e-14,-4.67545527717064e-14,NaN
-2337.04284,-0.28974,-2.10461333333333e-07,9.10666666666989e-10,9.11107948839899e-10,-3.40762720174547e-13,-7.5257149867165e-14,-4.98217392024416e-14,NaN
-2326.96034,-0.28849,-2.09554333333333e-07,9.10583333333005e-10,9.10720584460199e-10,-2.72266453744024e-13,-6.9937965810632e-14,-5.06205437620531e-14,NaN
-2316.79718,-0.28723,-2.08640166666667e-07,9.07416666666489e-10,9.10563415932411e-10,-3.97602437201833e-14,-5.23645227571936e-14,-4.92690656331658e-14,NaN
-2306.71468,-0.28598,-2.077395e-07,9.0608333333349e-10,9.10641063972759e-10,1.20909684631359e-13,-3.39180291447991e-14,-4.75377879761374e-14,NaN
-2296.63218,-0.28473,-2.06828e-07,9.14000000000018e-10,9.10805235301674e-10,1.27882284988933e-13,-3.30078847909844e-14,-4.71728841280268e-14,NaN
-2286.54968,-0.28348,-2.059115e-07,9.15666666666505e-10,9.10896828542737e-10,-1.68699555327668e-14,-5.15623703070852e-14,-4.83276702571871e-14,NaN
-2276.46718,-0.28223,-2.04996666666667e-07,9.13249999999997e-10,9.10771495390608e-10,-1.64355364790931e-13,-6.99142715051723e-14,-4.97586597719543e-14,NaN
-2266.38468,-0.28098,-2.04085e-07,9.12833333333504e-10,9.10568117813155e-10,-2.1896116938047e-13,-7.79571125165548e-14,-4.97485549154708e-14,NaN
-2256.22152,-0.27972,-2.03171e-07,9.08999999999985e-10,9.10333573051847e-10,-1.91810686536928e-13,-6.87436582499586e-14,-4.71108125878328e-14,NaN
-2246.13902,-0.27847,-2.02267e-07,9.03999999999993e-10,9.10184496440081e-10,-8.10512883329639e-15,-4.81682221199944e-14,-4.28701458233306e-14,NaN
-2236.05652,-0.27722,-2.01363e-07,9.054166666665e-10,9.10317362794181e-10,2.11890416547203e-13,-2.08060451910815e-14,-3.92354141453342e-14,NaN
-2225.97402,-0.27597,-2.00456166666667e-07,9.11583333333496e-10,9.10608277273176e-10,1.82914675302505e-13,-2.6417457916547e-16,-3.73381719367951e-14,NaN
-2215.89152,-0.27472,-1.99539833333333e-07,9.17000000000008e-10,9.10683192144786e-10,-2.12868166118772e-14,-9.04306932406881e-15,-3.75099127196736e-14,NaN
-2205.80902,-0.27347,-1.98622166666667e-07,9.15000000000005e-10,9.10565703639952e-10,-1.59654427812329e-13,-3.18536843764766e-14,-3.89640011063205e-14,NaN
-2195.72652,-0.27222,-1.97709833333333e-07,9.13083333333498e-10,9.10363883289161e-10,-2.46972373860365e-13,-4.72260243229443e-14,-3.97932950199285e-14,NaN
-2185.56336,-0.27096,-1.96796e-07,9.0816666666651e-10,9.10071758892231e-10,-2.34723134530201e-13,-4.76712997954345e-14,-3.81469467457289e-14,NaN
-2175.48086,-0.26971,-1.958935e-07,9.03416666666485e-10,9.09894437020101e-10,-5.07514326414032e-14,-3.85867639720356e-14,-3.45381685671373e-14,NaN
-2165.39836,-0.26846,-1.94989166666667e-07,9.05749999999988e-10,9.09970256026948e-10,1.84838086172788e-13,-3.10916924451081e-14,-3.28781763600632e-14,NaN
-2155.31586,-0.26721,-1.94082e-07,9.09333333333526e-10,9.10264113192446e-10,2.87563138455431e-13,-3.09823510603429e-14,-3.55918950773711e-14,NaN
-2145.23336,-0.26596,-1.931705e-07,9.14666666666504e-10,9.10545382303859e-10,1.78137292648381e-13,-4.41172061798224e-14,-4.10333639325427e-14,NaN
-2135.15086,-0.26471,-1.92252666666667e-07,9.17250000000001e-10,9.10620387777743e-10,-1.88852899649813e-13,-5.97187140722661e-14,-4.63817880798036e-14,NaN
-2124.98904433334,-0.263450166666667,-1.91336e-07,9.14333333333492e-10,9.1016767650456e-10,-4.91288968412225e-13,-5.87170625397168e-14,-4.98621165476702e-14,NaN
-2114.9052,-0.2622,-1.90424e-07,9.04499999999994e-10,9.09637809840918e-10,-3.07973189272892e-13,-4.77564368864361e-14,-5.05763510577164e-14,NaN
-2104.8227,-0.26095,-1.89527e-07,9.00500000000015e-10,9.09551730126014e-10,2.32659101355913e-14,-3.95015843090306e-14,-4.76948959574823e-14,NaN
-2094.7402,-0.2597,-1.88623e-07,9.06333333333497e-10,9.0968434166119e-10,1.9695802849469e-13,-2.67178568300597e-14,-4.15425007724995e-14,NaN
-2084.6577,-0.25845,-1.87714333333333e-07,9.08999999999985e-10,9.09945646183003e-10,1.89473902776727e-13,-1.78098286009862e-14,-3.44663554233659e-14,NaN
-2074.5752,-0.2572,-1.86805e-07,9.16083333332998e-10,9.10063289466743e-10,2.97354790960389e-14,-2.68282231316305e-14,-2.82209081111136e-14,NaN
-2064.41204,-0.25594,-1.85882166666667e-07,9.17500000000008e-10,9.10005117141195e-10,-1.25196304945894e-13,-5.89277471450825e-14,-2.23586025927755e-14,NaN
-2054.32954,-0.25469,-1.8497e-07,9.09249999999992e-10,9.09812896856851e-10,-2.14513163750696e-13,-8.61428490168829e-14,-1.60561801533225e-14,NaN
-2044.24704,-0.25344,-1.84063666666667e-07,9.05666666666494e-10,9.09576090813694e-10,-1.55704734716688e-13,-6.18244556144412e-14,-9.15997009089714e-15,NaN
-2034.16454,-0.25219,-1.83158666666667e-07,9.06583333333517e-10,9.09501487387418e-10,1.3661124822222e-14,-3.3831789392208e-15,-1.93496290225843e-15,NaN
-2024.08204,-0.25094,-1.822505e-07,9.07833333333512e-10,9.09603413063338e-10,1.15987904590228e-13,3.94959901596647e-14,4.27769054376547e-15,NaN
-2013.99954,-0.24969,-1.81343e-07,9.07833333333498e-10,9.09733463196598e-10,1.38848935804697e-13,4.78732513322428e-14,7.23919386065748e-15,NaN
-2003.91704,-0.24844,-1.80434833333333e-07,9.150833333335e-10,9.09881110934948e-10,1.04270009892797e-13,4.09164797748163e-14,6.52126754087058e-15,NaN
-1993.75388,-0.24718,-1.79512833333333e-07,9.18833333332995e-10,9.09942003216384e-10,-1.07432595684325e-13,2.93477398849699e-14,3.57756551148825e-15,NaN
-1983.67138,-0.24593,-1.78597166666667e-07,9.10916666666493e-10,9.09666245743579e-10,-3.04400061913689e-13,1.2335948336966e-14,-1.1973601344615e-15,NaN
-1973.58888,-0.24468,-1.77691e-07,9.05083333333502e-10,9.09333203092557e-10,-2.60513639415977e-13,-4.41939560575759e-15,-9.40210770317972e-15,NaN
-1963.50638,-0.24343,-1.76787e-07,9.02249999999998e-10,9.09145218464747e-10,1.88728321519744e-13,-1.49362945756328e-14,-2.16876614769339e-14,NaN
-1953.42388,-0.24218,-1.758865e-07,9.03000000000005e-10,9.09710659735596e-10,5.95821347409564e-13,-1.98317026274357e-14,-3.71548800431579e-14,NaN
-1943.34138,-0.24093,-1.74981e-07,9.13249999999997e-10,9.10336861159566e-10,3.24561900236527e-13,-3.69322817180738e-14,-5.60079118597067e-14,NaN
-1933.17822,-0.23967,-1.7406e-07,9.17499999999995e-10,9.10359783536069e-10,-8.33097389925402e-14,-6.50209469146377e-14,-7.92014582281129e-14,NaN
-1923.09572,-0.23842,-1.73146e-07,9.12166666666514e-10,9.10170241681581e-10,-3.20439496563714e-13,-9.54267003511473e-14,-1.05467248061456e-13,NaN
-1913.01322,-0.23717,-1.72235666666667e-07,9.105e-10,9.09718904542942e-10,-4.77820373437243e-13,-1.31074526993925e-13,-1.30012409548601e-13,NaN
-1902.93072,-0.23592,-1.71325e-07,9.05833333333496e-10,9.09214600934707e-10,-4.77204089177046e-13,-1.60282101824627e-13,-1.49072410819225e-13,NaN
-1892.84822,-0.23467,-1.70424e-07,9.00000000000002e-10,9.08764496364588e-10,-3.06802909840434e-13,-1.72749821522831e-13,-1.63233181358584e-13,NaN
-1882.76572,-0.23342,-1.69525e-07,9.030833333335e-10,9.08600995115026e-10,-4.84939258734363e-14,-1.8770783369299e-13,-1.748527173746e-13,NaN
-1872.68322,-0.23217,-1.68617833333333e-07,9.16000000000007e-10,9.08667508512841e-10,9.50502842678074e-14,-2.17633093379465e-13,-1.84679180777464e-13,NaN
-1862.52006,-0.23091,-1.67693e-07,9.18416666666502e-10,9.08791095683561e-10,-2.50930560913532e-14,-2.48758375100038e-13,-1.92341866472242e-13,NaN
-1852.43756,-0.22966,-1.66781e-07,9.12000000000002e-10,9.08617322400658e-10,-2.95092565330359e-13,-2.53245706679765e-13,-1.97345165213807e-13,NaN
-1842.35506,-0.22841,-1.65869e-07,9.08499999999998e-10,9.08200910552901e-10,-3.91275378072441e-13,-2.2734118165102e-13,-1.981840086291e-13,NaN
-1832.27256,-0.22716,-1.64964e-07,9.03499999999992e-10,9.07834771644513e-10,-3.73717411489747e-13,-1.98574230989142e-13,-1.93813697326296e-13,NaN
-1822.19006,-0.22591,-1.64062e-07,9.03500000000006e-10,9.07453475729921e-10,-2.73189464469606e-13,-1.66655909372808e-13,-1.85272867833515e-13,NaN
-1812.10756,-0.22466,-1.63157e-07,9.08833333333513e-10,9.07288392715574e-10,-4.60410579358317e-14,-1.3285347693018e-13,-1.74641323410255e-13,NaN
-1801.9444,-0.2234,-1.62244333333333e-07,9.1e-10,9.0736139361405e-10,5.56477307912449e-14,-1.13931955372023e-13,-1.63025150263704e-13,NaN
-1791.8619,-0.22215,-1.61337e-07,9.09583333332991e-10,9.07399688177156e-10,-3.82785189615182e-14,-1.19050974859765e-13,-1.50861318491716e-13,NaN
-1781.7794,-0.2209,-1.60425166666667e-07,9.12249999999996e-10,9.07284836576127e-10,-1.4465314428049e-13,-1.38441992845634e-13,-1.38520356588481e-13,NaN
-1771.6969,-0.21965,-1.595125e-07,9.09083333333506e-10,9.07110381888595e-10,-1.9717981531555e-13,-1.44467086335105e-13,-1.25436221523271e-13,NaN
-1761.6144,-0.2184,-1.58607e-07,9.06250000000002e-10,9.06890476945495e-10,-2.66708570211297e-13,-1.28328941105346e-13,-1.11081578825011e-13,NaN
-1751.5319,-0.21715,-1.577e-07,9.05166666666493e-10,9.06576964748173e-10,-1.95352669364958e-13,-1.00720751456711e-13,-9.67716770147797e-14,NaN
-1741.36874,-0.21589,-1.56796666666667e-07,9.03583333333487e-10,9.06499771606765e-10,8.2946386094405e-14,-7.17841954927944e-14,-8.45826453396636e-14,NaN
-1731.28624,-0.21464,-1.55892833333333e-07,9.08833333333499e-10,9.06742857520362e-10,2.09679154670904e-13,-4.85391612967294e-14,-7.51869510833894e-14,NaN
-1721.20374,-0.21339,-1.54979e-07,9.11416666666507e-10,9.06919129916107e-10,2.87199785551713e-14,-5.02106694265588e-14,-6.71677582986135e-14,NaN
-1711.12124,-0.21214,-1.5407e-07,9.13000000000003e-10,9.06800297477472e-10,-2.22100160818203e-13,-7.12245922750039e-14,-5.85968247949385e-14,NaN
-1701.03874,-0.21089,-1.53153e-07,8.92499999999993e-10,9.06474929594471e-10,-3.49664394056195e-13,-7.5948405045394e-14,-4.88053767073655e-14,NaN
-1690.932042,-0.209637,-1.52285e-07,8.85916666666491e-10,9.0610096868936e-10,-2.40820856643932e-13,-5.8900709370584e-14,-3.75410907853922e-14,NaN
-1680.8338133,-0.20838505,-1.51381166666667e-07,9.02749999999998e-10,9.05993287881183e-10,2.07016768954156e-14,-3.48033163688981e-14,-2.46120459708301e-14,NaN
-1670.742844,-0.207134,-1.504795e-07,9.04583333333514e-10,9.0614237204315e-10,1.75762757933927e-13,-8.39613849812053e-15,-1.15914191641861e-14,NaN
-1660.644212,-0.205882,-1.49572e-07,9.07833333333512e-10,9.06344813397051e-10,2.28924588703131e-13,1.23424770059274e-14,-4.29730071095606e-16,NaN
-1650.55378043334,-0.204631016666667,-1.48663833333333e-07,9.11499999999988e-10,9.06600221220557e-10,1.60730329869519e-13,1.80902666941803e-14,1.00369144247315e-14,NaN
-1640.4554173,-0.20337905,-1.47749e-07,9.13916666666497e-10,9.0666627405679e-10,-9.44264498225286e-14,1.94211098380941e-14,2.17570813382833e-14,NaN
-1630.36458243334,-0.202128016666667,-1.46836e-07,9.11000000000001e-10,9.06411368320912e-10,-2.77658233101619e-13,3.08359911609813e-14,3.480669912124e-14,NaN
-1620.26608486666,-0.200876033333333,-1.45927e-07,9.07416666666502e-10,9.06110957590587e-10,-1.11608794458134e-13,5.1966365322063e-14,4.87357569877135e-14,NaN
-1610.17525,-0.199625,-1.45021166666667e-07,9.03500000000006e-10,9.06188150731995e-10,1.86055554293553e-13,7.00574295491732e-14,6.37334325006606e-14,NaN
-1600.07648356666,-0.198372983333333,-1.4412e-07,9.030833333335e-10,9.06483068699174e-10,2.68311098022767e-13,7.99255052093342e-14,7.96998273098846e-14,NaN
-1589.9783893,-0.19712105,-1.43215e-07,9.05499999999995e-10,9.06724772928041e-10,2.21616004899833e-13,8.52495071693313e-14,9.43476883256808e-14,NaN
-1579.88742,-0.19587,-1.42309e-07,9.08499999999998e-10,9.06926300708973e-10,1.46610531004189e-13,8.42444621860254e-14,1.05316162000185e-13,NaN
-1569.78892243334,-0.194618016666667,-1.41398e-07,9.12000000000002e-10,9.07017993990049e-10,2.1762478566726e-14,8.53243843074832e-14,1.12324433147342e-13,NaN
-1559.69835643334,-0.193367016666667,-1.40485e-07,9.13500000000004e-10,9.06969825666107e-10,-2.51600640237244e-14,9.1637428747655e-14,1.16140719215806e-13,NaN
-1549.59972443334,-0.192115016666667,-1.39571e-07,9.09166666666498e-10,9.06967673862002e-10,-3.88457268701317e-15,1.18842693343419e-13,1.17916161873625e-13,NaN
-1539.50915843334,-0.190864016666667,-1.38666666666667e-07,9.02749999999998e-10,9.06962056520733e-10,1.06297235882379e-14,1.63616008308346e-13,1.18042752462259e-13,NaN
-1529.41052643334,-0.189612016666667,-1.377655e-07,9.03333333333506e-10,9.06988933309178e-10,1.40432588125573e-13,1.71678472656177e-13,1.15627208232713e-13,NaN
-1519.31202886666,-0.188360033333333,-1.3686e-07,9.05250000000001e-10,9.07242921696984e-10,2.79422146213286e-13,1.41998689167254e-13,1.09361401570276e-13,NaN
-1509.221194,-0.187109,-1.35955e-07,9.07666666666496e-10,9.07547777601605e-10,3.09039653595253e-13,1.14915771769643e-13,9.85789059229125e-14,NaN
-1499.122562,-0.185857,-1.35044666666667e-07,9.111666666665e-10,9.07861001004175e-10,2.09307307829409e-13,9.91527712003909e-14,8.45663468079003e-14,NaN
-1489.03186156666,-0.184605983333333,-1.34132666666667e-07,9.11833333333503e-10,9.07966392217264e-10,2.22258714996593e-15,7.94571302644432e-14,6.98677706727543e-14,NaN
-1478.93363286666,-0.183354033333333,-1.33221e-07,9.0683333333351e-10,9.07865446178474e-10,-1.74248944836231e-14,5.18890776879585e-14,5.57233106698189e-14,NaN
-1468.84293243334,-0.182103016666667,-1.32319e-07,9.01999999999991e-10,9.07931542428296e-10,1.00544934954112e-13,2.77732861890813e-14,4.0799852012408e-14,NaN
-1458.74403156666,-0.180850983333333,-1.31417e-07,9.05583333333489e-10,9.08066536048383e-10,2.18717675750341e-13,7.2256066934359e-15,2.47647693293008e-14,NaN
-1448.64580286666,-0.179599033333333,-1.30507833333333e-07,9.09000000000012e-10,9.08368977779797e-10,5.75607601556002e-14,-6.87472926608569e-15,9.77831593716812e-15,NaN
-1438.55510243334,-0.178348016666667,-1.29599e-07,9.10916666666506e-10,9.08181657568694e-10,-2.96294933070104e-13,-1.6191074923351e-14,-4.00965153838279e-15,NaN
-1428.456336,-0.177096,-1.28686e-07,9.13083333333498e-10,9.07776387913657e-10,-2.1335232206656e-13,-3.63890416670427e-14,-1.69515448195281e-14,NaN
-1418.36590443334,-0.175845016666667,-1.27772833333333e-07,9.11000000000001e-10,9.07754952924561e-10,-9.46605057117809e-14,-5.91647593052482e-14,-2.61798057255174e-14,NaN
-1408.26781016666,-0.174593083333333,-1.26864e-07,9.054166666665e-10,9.07587066902233e-10,-1.84169894364444e-13,-6.83371552494921e-14,-2.99147245540673e-14,NaN
-1398.176572,-0.173342,-1.25962e-07,9.02000000000004e-10,9.07386613135832e-10,-1.66052269956681e-13,-6.42463021214658e-14,-3.15129923142423e-14,NaN
-1388.07807443334,-0.172090016666667,-1.2506e-07,9.03000000000005e-10,9.0725496236232e-10,-8.26840170262589e-15,-4.50078298107656e-14,-3.52133085050142e-14,NaN
-1377.9877773,-0.17083905,-1.24156e-07,9.06749999999989e-10,9.07370076332427e-10,1.75429605796951e-13,-2.43111234761336e-14,-4.24108714002727e-14,NaN
-1367.888742,-0.169587,-1.232465e-07,9.105e-10,9.07605821573914e-10,1.9767340898369e-13,-2.30909565466003e-14,-5.27489668404366e-14,NaN
-1357.79024443334,-0.168335016666667,-1.22335e-07,9.11750000000008e-10,9.07765423150394e-10,1.02013446888226e-13,-3.77686448084151e-14,-6.45483023962632e-14,NaN
-1347.6999473,-0.16708405,-1.21423e-07,9.093333333335e-10,9.0780984846769e-10,-5.94709581926982e-14,-3.15154552756392e-14,-7.56142975477944e-14,NaN
-1337.600912,-0.165832,-1.20516333333333e-07,9.06416666666501e-10,9.07646481234009e-10,-2.07088495773664e-13,-1.28779013500858e-14,-8.48029434956577e-14,NaN
-1327.510346,-0.164581,-1.19610166666667e-07,9.04583333333005e-10,9.07395671476143e-10,-1.51073637002367e-13,-3.21661264263191e-14,-9.19370153664107e-14,NaN
-1317.4121173,-0.16332905,-1.18707166666667e-07,9.02416666666993e-10,9.07344333960004e-10,-4.762282271606e-15,-5.68296216339181e-14,-9.6839728977915e-14,NaN
-1307.321148,-0.162078,-1.17805333333333e-07,9.0591666666699e-10,9.073861469116e-10,4.49500554935393e-14,-7.24992657649096e-14,-9.96122467189725e-14,NaN
-1297.222516,-0.160826,-1.16895333333333e-07,9.09666666666492e-10,9.07434234070991e-10,5.3796990490942e-14,-1.13744255282448e-13,-9.99536015241337e-14,NaN
-1287.12401843334,-0.159574016666667,-1.15986e-07,9.12166666666495e-10,9.07493740892582e-10,-1.4129557483706e-13,-1.6288794360922e-13,-9.59542182665097e-14,NaN
-1277.033318,-0.158323,-1.15071e-07,9.12166666666508e-10,9.07151642921317e-10,-4.25300497555413e-13,-1.87474646609542e-13,-8.5967677104279e-14,NaN
-1266.934686,-0.157071,-1.14161666666667e-07,9.08499999999998e-10,9.06643139897471e-10,-3.08820226201574e-13,-1.75718655594126e-13,-6.9720442555268e-14,NaN
-1256.8445233,-0.15582005,-1.13254e-07,9.04166666667002e-10,9.06534002468914e-10,4.22599228343045e-14,-1.27842246245429e-13,-4.61881203725611e-14,NaN
-1246.745488,-0.154568,-1.12353333333333e-07,9.00250000000009e-10,9.06727659743139e-10,2.62640905361724e-14,-5.04808587966367e-14,-1.48133713175612e-14,NaN
-1236.6553253,-0.15331705,-1.114535e-07,9.05166666666507e-10,9.06586530649986e-10,-2.13697176986046e-13,2.30040791658743e-14,2.1817979865955e-14,NaN
-1226.5566933,-0.15206505,-1.10543e-07,9.1025e-10,9.06300265389167e-10,-9.51260692921145e-14,6.8645012576605e-14,6.09327913614308e-14,NaN
-1216.465724,-0.150814,-1.09633e-07,9.10333333333488e-10,9.06396278511402e-10,-1.0076860931288e-14,1.04310688698708e-13,1.02738794226752e-13,NaN
-1206.36722643334,-0.149562016666667,-1.08722333333333e-07,9.12000000000002e-10,9.06280111667305e-10,-3.31093758239314e-14,1.44363594741618e-13,1.47110134896383e-13,NaN
-1196.2688633,-0.14831005,-1.07809e-07,9.09666666666512e-10,9.06330059759754e-10,2.81357259887999e-13,1.94649746444668e-13,1.90731130029858e-13,NaN
-1186.17802843334,-0.147059016666667,-1.06903e-07,9.05000000000001e-10,9.06842826187081e-10,5.64229937257079e-13,2.64065723867622e-13,2.31031112261766e-13,NaN
-1176.079262,-0.145807,-1.05999e-07,9.01499999999997e-10,9.07458519634268e-10,6.34044749976754e-13,3.29683790810066e-13,2.65969735523465e-13,NaN
-1165.98896486666,-0.144556033333333,-1.051e-07,9.01583333333498e-10,9.08110915687034e-10,6.37044062910947e-13,3.60362502338664e-13,2.92100244114743e-13,NaN
-1155.89019843334,-0.143304016666667,-1.04195833333333e-07,9.07000000000003e-10,9.0873260776009e-10,4.71070598048025e-13,3.65011310858373e-13,3.07764972269611e-13,NaN
-1145.799498,-0.142053,-1.03286e-07,9.114166666665e-10,9.0905305688313e-10,1.29253776979208e-13,3.64517941275014e-13,3.13295823463692e-13,NaN
-1135.70100043334,-0.140801016666667,-1.02373e-07,9.14166666666497e-10,9.08991115314048e-10,7.77376988450854e-15,3.50532883282098e-13,3.09802274378488e-13,NaN
-1125.602234,-0.139549,-1.01457666666667e-07,9.10083333333501e-10,9.09068604422899e-10,1.59745785106411e-13,3.14287950032658e-13,2.99459893641622e-13,NaN
-1115.51180243334,-0.138298016666667,-1.00552833333333e-07,9.03916666666856e-10,9.09310606884261e-10,3.0195710359579e-13,2.80770258105271e-13,2.84476672023369e-13,NaN
-1105.41330486666,-0.137046033333333,-9.96498333333333e-08,9.02416666666497e-10,9.09672518630091e-10,4.2820599938073e-13,2.52255794901599e-13,2.65136923923736e-13,NaN
-1095.32260443334,-0.135795016666667,-9.8748e-08,9.00916666666641e-10,9.10167018883023e-10,4.36003741121776e-13,2.17961095537892e-13,2.40475653462735e-13,NaN
-1085.223838,-0.134543,-9.7848e-08,9.06000000000002e-10,9.10544526112335e-10,2.31137926869563e-13,1.81028561016526e-13,2.10811059369381e-13,NaN
-1075.13354086666,-0.133292033333333,-9.6936e-08,9.11000000000001e-10,9.10629294736762e-10,-2.34749560275825e-14,1.38549700906627e-13,1.77966841364507e-13,NaN
-1065.03464,-0.13204,-9.6026e-08,9.07499999999997e-10,9.10497576200279e-10,-1.475346742487e-13,1.03356641526904e-13,1.44081801149586e-13,NaN
-1054.936008,-0.130788,-9.5121e-08,9.08500000000005e-10,9.10334225388264e-10,-5.13870642508099e-14,8.74305175510147e-14,1.11827182290576e-13,NaN
-1044.84557643334,-0.129537016666667,-9.4209e-08,9.11333333333357e-10,9.10394802071778e-10,1.65261198821684e-13,8.18629364445293e-14,8.27831605384093e-14,NaN
-1034.74694443334,-0.128285016666667,-9.32983333333333e-08,9.07833333333353e-10,9.10664747785908e-10,2.8021151856596e-13,6.75406871318329e-14,5.58238211414257e-14,NaN
-1024.65651286666,-0.127034033333333,-9.23933333333333e-08,9.15616666666648e-10,9.1095522510891e-10,2.36437688278449e-13,4.26548467310095e-14,2.98622736852087e-14,NaN
-1014.55814973334,-0.125782066666667,-9.14671e-08,9.23274999999993e-10,9.11137623162465e-10,1.23808957541404e-13,1.58347519927574e-14,5.98540057827512e-15,NaN
-1004.4678526,-0.1245311,-9.05467833333333e-08,9.12933333333351e-10,9.11202843023992e-10,-9.27945706546311e-14,-1.65331552324264e-14,-1.48557507875008e-14,NaN
-994.366935233336,-0.123278816666667,-8.96412333333333e-08,9.04933333333302e-10,9.10952034021155e-10,-3.66883262733874e-13,-4.67491203984432e-14,-3.34937097865948e-14,NaN
-984.277175833336,-0.122027916666667,-8.87369166666667e-08,9.20999999999992e-10,9.10469076498525e-10,-3.15374451668981e-13,-6.54266054240614e-14,-5.06327705640315e-14,NaN
-974.1788127,-0.12077595,-8.77992333333333e-08,9.30658333333353e-10,9.10321285117817e-10,-3.21137889325796e-15,-7.53923970845788e-14,-6.79012420162031e-14,NaN
-964.0817939,-0.11952415,-8.68756e-08,9.1570000000001e-10,9.10462653740738e-10,1.34072874435323e-13,-8.34513067781507e-14,-8.76820789015082e-14,NaN
-953.990959033336,-0.118273116666667,-8.59678333333333e-08,9.18858333333343e-10,9.10589430866688e-10,1.05589594330996e-13,-1.01197202190752e-13,-1.09890630747281e-13,NaN
-943.8925959,-0.11702115,-8.50378833333333e-08,9.17550000000004e-10,9.106738329294e-10,-2.08292751081199e-14,-1.26674906486629e-13,-1.33478203850445e-13,NaN
-933.801761033336,-0.115770116666667,-8.41327333333333e-08,9.05291666666656e-10,9.10547772316472e-10,-2.3992446035235e-13,-1.53252645867528e-13,-1.58436010808451e-13,NaN
-923.701515833336,-0.114517916666667,-8.32273e-08,9.02833333333287e-10,9.10193984008695e-10,-3.93858958677956e-13,-1.80166575841675e-13,-1.83749647153548e-13,NaN
-913.610949833336,-0.113266916666667,-8.23270666666667e-08,9.03116666666647e-10,9.09760054399116e-10,-4.06428420421766e-13,-1.96977528420722e-13,-2.08249927898561e-13,NaN
-903.512317833336,-0.112014916666667,-8.14210666666667e-08,9.01375e-10,9.09381127167852e-10,-2.5140178712677e-13,-2.01566248851418e-13,-2.33262431170125e-13,NaN
-893.4159712,-0.1107632,-8.05243166666667e-08,9.04783333333353e-10,9.09257250824862e-10,-4.50044168630987e-14,-2.13645377103492e-13,-2.59871227465879e-13,NaN
-883.325136333336,-0.109512166666667,-7.96115e-08,9.1340833333336e-10,9.09291118334126e-10,3.42235007160127e-14,-2.48694693171404e-13,-2.86893490852794e-13,NaN
-873.2271765,-0.10826025,-7.86975e-08,9.08850000000004e-10,9.09325697826294e-10,-1.02294219575221e-13,-3.00514421599482e-13,-3.12505167290395e-13,NaN
-863.1354006,-0.1070091,-7.77938e-08,9.05874999999998e-10,9.09086529894975e-10,-3.8749745180598e-13,-3.53063160198037e-13,-3.34347143655391e-13,NaN
-853.0343488,-0.1057568,-7.688575e-08,9.04749999999994e-10,9.08550702922682e-10,-5.64760054964605e-13,-3.82300636489535e-13,-3.49308994602363e-13,NaN
-842.945396,-0.104506,-7.59843e-08,9.00724999999998e-10,9.07957009785046e-10,-5.82199577946851e-13,-3.74884225495524e-13,-3.5595873210665e-13,NaN
-832.846495133336,-0.103253966666667,-7.50843e-08,9.01100000000002e-10,9.07386303766789e-10,-4.44410688804308e-13,-3.62987580199202e-13,-3.54917342095906e-13,NaN
-822.7570046,-0.1020031,-7.41821e-08,9.07091666666654e-10,9.07068188407437e-10,-2.31140003171069e-13,-3.71694989159267e-13,-3.46815668461617e-13,NaN
-812.6591792,-0.1007512,-7.32701166666667e-08,9.122e-10,9.06924023760447e-10,-2.29357969602831e-13,-3.7481852011645e-13,-3.32070844911918e-13,NaN
-802.5605472,-0.0994992,-7.23577e-08,9.10608333333347e-10,9.06609472468232e-10,-3.75166198554952e-13,-3.69935978795506e-13,-3.11049214073442e-13,NaN
-792.470250066667,-0.0982482333333333,-7.14489e-08,9.05433333333355e-10,9.06173691363337e-10,-4.65665700242017e-13,-3.60870773333883e-13,-2.83373744324131e-13,NaN
-782.3681228,-0.0969958,-7.05468333333333e-08,9.00750000000002e-10,9.05678141067748e-10,-5.38798915792048e-13,-3.18544135597295e-13,-2.4872070320318e-13,NaN
-772.2783634,-0.0957449,-6.96474e-08,9.01508333333299e-10,9.05096093531753e-10,-4.0046631860295e-13,-2.40729655274723e-13,-2.08336090690626e-13,NaN
-762.180806866666,-0.0944930333333333,-6.87438166666667e-08,9.04849999999999e-10,9.04877208430542e-10,-6.84604030311865e-15,-1.52647773105133e-13,-1.64370258009773e-13,NaN
-752.089703133334,-0.0932419666666667,-6.78377e-08,9.04858333333347e-10,9.05082401451146e-10,1.08048219288241e-13,-7.32378438984784e-14,-1.19235264010743e-13,NaN
-741.995373,-0.0919905,-6.69341e-08,9.10758333333349e-10,9.05093304869118e-10,-1.26928507252033e-13,-1.3383949001368e-14,-7.65031147608854e-14,NaN
-731.8951278,-0.0907383,-6.60161833333333e-08,9.14300000000001e-10,9.04828544436642e-10,-9.26019464393697e-14,1.3411383970613e-14,-3.97533169918189e-14,NaN
-721.801604266666,-0.0894869333333333,-6.51055e-08,9.07091666666647e-10,9.0490810097624e-10,1.88521163182515e-13,2.48266108703795e-14,-9.11260506567817e-15,NaN
-711.70351,-0.088235,-6.4202e-08,9.01299999999999e-10,9.05205586763007e-10,1.1937491977951e-13,4.85477384992953e-14,1.71979220093433e-14,NaN
-701.6121374,-0.0869839,-6.33029e-08,9.00750000000002e-10,9.05146850815799e-10,6.8073361420489e-14,7.32203417242371e-14,3.88166914749751e-14,NaN
-691.514312,-0.085732,-6.24005e-08,9.0315e-10,9.05341733485848e-10,2.88706614721982e-13,9.14016651827937e-14,5.361605372408e-14,NaN
-681.425628066666,-0.0844812333333333,-6.14966e-08,9.07950000000001e-10,9.05724264045243e-10,2.71150252553952e-13,1.03208271286951e-13,6.01537519507501e-14,NaN
-671.3275338,-0.0832293,-6.05846e-08,9.11108333333348e-10,9.05884033990956e-10,1.05976352804232e-13,8.93657883810579e-14,5.79873899645599e-14,NaN
-661.228767366666,-0.0819772833333333,-5.96743833333333e-08,9.09766666666649e-10,9.05936216750851e-10,-1.3222836305236e-14,5.3206051397912e-14,4.82953387827247e-14,NaN
-651.137663633334,-0.0807262166666667,-5.87650666666667e-08,9.06591666666653e-10,9.05857588318346e-10,-1.95829652616086e-13,2.47335936847633e-14,3.46383629542105e-14,NaN
-641.036342966667,-0.0794738833333333,-5.78612e-08,9.01683333333351e-10,9.05544557445619e-10,-3.07972811766582e-13,3.77515862286174e-15,2.02672766214484e-14,NaN
-630.9442982,-0.0782227,-5.69617e-08,8.99366666666653e-10,9.05241642694813e-10,-1.13332785944468e-13,-2.70814077295872e-14,6.63035204494052e-15,NaN
-620.8496992,-0.0769712,-5.60624666666667e-08,9.01474999999999e-10,9.0531789187373e-10,9.69916268398526e-14,-5.12520161001126e-14,-6.14972027869537e-15,NaN
-610.7591332,-0.0757202,-5.515875e-08,9.06733333333349e-10,9.05435625948492e-10,1.15967235951305e-13,-5.06915361826336e-14,-1.85651864145993e-14,NaN
-600.661845533334,-0.0744683666666667,-5.4249e-08,9.10600000000002e-10,9.05549826345633e-10,1.1901949459055e-13,-5.03474242460751e-14,-3.11584778137265e-14,NaN
-590.5707418,-0.0732173,-5.333755e-08,9.10625e-10,9.05673664937673e-10,-4.06011461144874e-16,-5.90224660861122e-14,-4.29448210053765e-14,NaN
-580.471437633334,-0.0719652166666667,-5.242775e-08,9.07225000000002e-10,9.0554901432271e-10,-2.17425083240613e-13,-6.67144204143878e-14,-5.11368548562647e-14,NaN
-570.369713666666,-0.0707128333333333,-5.15231e-08,9.02099999999999e-10,9.05238814771192e-10,-2.6496145628055e-13,-7.13031771885953e-14,-5.46838446928062e-14,NaN
-560.279819833334,-0.0694619166666667,-5.062355e-08,8.99849999999997e-10,9.05019091410149e-10,-1.20896660551433e-13,-5.64909615550136e-14,-5.44492128379877e-14,NaN
-550.179574633334,-0.0682097166666667,-4.97234e-08,9.00874999999999e-10,9.04997021450089e-10,5.55164518631978e-14,-2.74751664529711e-14,-5.14251504823074e-14,NaN
-540.092369466666,-0.0669591333333333,-4.88218e-08,9.0505e-10,9.05130124313876e-10,1.31528932327967e-13,-1.31010276333985e-14,-4.74506905745005e-14,NaN
-529.995216233334,-0.0657073166666667,-4.79133e-08,9.10299999999999e-10,9.05260079314745e-10,7.01717479454547e-14,-2.40308989435412e-14,-4.39557760707542e-14,NaN
-519.9053224,-0.0644564,-4.70012e-08,9.10608333333354e-10,9.05270467809767e-10,-4.66771614308916e-14,-4.45619372608415e-14,-4.02621111583119e-14,NaN
-509.8046739,-0.06320415,-4.60920833333333e-08,9.07049999999999e-10,9.05166724991883e-10,-1.41352390013246e-13,-5.88280664058296e-14,-3.53988880324275e-14,NaN
-499.704966433334,-0.0619520166666667,-4.51871e-08,9.02041666666649e-10,9.0498776302974e-10,-2.21315979222035e-13,-5.57983436887812e-14,-3.05512204456587e-14,NaN
-489.612787233334,-0.0607008166666667,-4.4288e-08,8.99100000000003e-10,9.04724093033439e-10,-1.86640788390547e-13,-3.18763130410689e-14,-2.76686836393596e-14,NaN
-479.514692966667,-0.0594488833333333,-4.33889e-08,8.993e-10,9.04614481452959e-10,1.12704138259282e-13,-4.12874609100776e-15,-2.67115642464494e-14,NaN
-469.425740166666,-0.0581980833333333,-4.24894e-08,9.03866666666651e-10,9.04949501309958e-10,3.19253644853624e-13,8.13811328869571e-15,-2.6865813586626e-14,NaN
-459.3288558,-0.0569463,-4.15811666666667e-08,9.1e-10,9.05252988742666e-10,1.09229540873034e-13,-5.863081198711e-15,-2.78799743812404e-14,NaN
-449.2390964,-0.0556954,-4.06694e-08,9.1133333333335e-10,9.05167960391704e-10,-1.64189166231855e-13,-3.29820398000903e-14,-2.97275955884041e-14,NaN
-439.139792233334,-0.0544433166666667,-3.97585e-08,9.089e-10,9.04924610410202e-10,-2.56193515142159e-13,-4.91494720656969e-14,-3.18827913766013e-14,NaN
-429.038606,-0.053191,-3.88516e-08,9.03749999999999e-10,9.0465557336142e-10,-2.08820226204386e-13,-4.79959793413049e-14,-3.31874376870472e-14,NaN
-418.946695666667,-0.0519398333333333,-3.7951e-08,8.99399999999999e-10,9.04506969957794e-10,7.23610198823124e-15,-3.51678039143164e-14,-3.3136704319199e-14,NaN
-408.847660366667,-0.0506877833333333,-3.70528e-08,8.99099999999999e-10,9.04670045565396e-10,2.09912266793658e-13,-2.2013224356272e-14,-3.23903317484287e-14,NaN
-398.759917466667,-0.0494371333333333,-3.61528e-08,9.0244166666665e-10,9.04926794491381e-10,1.53406740054101e-13,-1.96406257766953e-14,-3.24906594972479e-14,NaN
-388.661285466667,-0.0481851333333333,-3.52479166666667e-08,9.08000000000001e-10,9.04976859045504e-10,-1.83703670143441e-14,-3.70402407325751e-14,-3.40615685973181e-14,NaN
-378.5728704,-0.0469344,-3.43368e-08,9.11416666666702e-10,9.04890053757352e-10,-1.78093784683379e-13,-6.23257537794049e-14,-3.6266746221845e-14,NaN
-368.472759633334,-0.0456822166666667,-3.34250833333333e-08,9.08750000000002e-10,9.04620671476138e-10,-3.10985526286391e-13,-6.40894188943623e-14,-3.81715683637305e-14,NaN
-358.380983733334,-0.0444310666666667,-3.25193e-08,9.04049999999999e-10,9.0426808270478e-10,-1.86738752104762e-13,-4.20213664580197e-14,-3.87245664937203e-14,NaN
-348.2810074,-0.0431789,-3.16169833333333e-08,9.00999999999999e-10,9.04247193971928e-10,5.40434098168151e-14,-2.60901684500106e-14,-3.72499265040635e-14,NaN
-338.1823754,-0.0419269,-3.07173e-08,8.98441666666652e-10,9.04376169524413e-10,1.42543149335298e-13,-2.16952959734366e-14,-3.45919794732059e-14,NaN
-328.0918094,-0.0406759,-2.98201e-08,9.01299999999999e-10,9.04532280270599e-10,1.12627786963826e-13,-1.99627552513505e-14,-3.266086379436e-14,NaN
-317.9955972,-0.0394242,-2.89147e-08,9.06891666666646e-10,9.04601425098341e-10,-8.59145545004233e-15,-2.91428384623148e-14,-3.23874000569165e-14,NaN
-307.9058378,-0.0381733,-2.80063166666667e-08,9.10200000000001e-10,9.04515097359699e-10,-1.23870491592682e-13,-4.14945928965011e-14,-3.34972599234498e-14,NaN
-297.8055926,-0.0369211,-2.70943e-08,9.10400000000003e-10,9.04353684115155e-10,-1.42664235505505e-13,-4.23283603164278e-14,-3.54121779741303e-14,NaN
-287.7158332,-0.0356702,-2.61855166666667e-08,9.05208333333351e-10,9.04229768888688e-10,-4.64848203431137e-14,-3.70321028977155e-14,-3.67789163445713e-14,NaN
-277.6151847,-0.03441795,-2.52838833333333e-08,9.00175e-10,9.04260714474469e-10,2.18256736655364e-14,-2.73295155090649e-14,-3.67222884334726e-14,NaN
-267.516014966666,-0.0331658833333333,-2.43851666666667e-08,8.9794166666665e-10,9.04273420236019e-10,6.51853194144869e-15,-1.96865372681973e-14,-3.59853939842757e-14,NaN
-257.42639,-0.031915,-2.3488e-08,9.0065e-10,9.04273751538352e-10,1.65119538386365e-14,-2.71405737348665e-14,-3.65865651904351e-14,NaN
-247.3285646,-0.0306631,-2.25838666666667e-08,9.05799999999999e-10,9.04306444143696e-10,4.0914554500606e-14,-3.9854463407266e-14,-3.97079668171449e-14,NaN
-237.2396118,-0.0294123,-2.16764e-08,9.09083333333351e-10,9.04355580647353e-10,-5.03965076599335e-14,-4.82759298122101e-14,-4.35879967695445e-14,NaN
-227.140038766666,-0.0281601833333333,-2.07657e-08,9.1125e-10,9.04205651128376e-10,-2.3825573625653e-13,-5.64986554553606e-14,-4.62061042895613e-14,NaN
-217.049069466666,-0.0269091333333333,-1.98539e-08,9.0138333333335e-10,9.0387906917484e-10,-2.26461056120897e-13,-5.88636335634512e-14,-4.76653250162196e-14,NaN
-206.9477488,-0.0256568,-1.89629333333333e-08,8.95050000000002e-10,9.03752729016134e-10,-4.35202382844168e-14,-5.38634162147083e-14,-4.86456785035581e-14,NaN
-196.858930433334,-0.0244060166666667,-1.80638e-08,9.010083333333e-10,9.03792028698271e-10,1.03009316934876e-13,-5.19724363250825e-14,-4.9222495319798e-14,NaN
-186.759222966666,-0.0231538833333333,-1.71609166666667e-08,9.04741666666649e-10,9.03958747650004e-10,1.4827138402546e-13,-5.10441661784433e-14,-5.01293730911972e-14,NaN
-176.6639518,-0.0219023,-1.62543166666667e-08,9.077416666667e-10,9.04088571466322e-10,3.17124963191257e-14,-4.35196992932323e-14,-5.17615553793019e-14,NaN
-166.573251366666,-0.0206512833333333,-1.53454333333333e-08,9.09308333333351e-10,9.04022172642642e-10,-1.29700087582179e-13,-4.21216898621748e-14,-5.2654276984857e-14,NaN
-156.472468433334,-0.0193990166666667,-1.44357e-08,9.0306666666665e-10,9.03829171291158e-10,-2.14599519053008e-13,-5.08339489427943e-14,-5.16817481766792e-14,NaN
-146.3821713,-0.01814805,-1.35393e-08,8.9893333333335e-10,9.03592973604536e-10,-1.99812283404257e-13,-5.71215057783859e-14,-4.87289643327443e-14,NaN
-136.283136,-0.016896,-1.26378333333333e-08,9.02750000000001e-10,9.03429546724349e-10,-8.16761610307389e-14,-5.21188989667879e-14,-4.45044773533754e-14,NaN
-126.190687933334,-0.0156447666666667,-1.17338e-08,9.020083333333e-10,9.03429621282475e-10,9.22274570212913e-14,-4.02467516579271e-14,-4.0567783815135e-14,NaN
-116.095685633334,-0.0143932166666667,-1.08338166666667e-08,9.04908333333335e-10,9.03614001638392e-10,1.37838909149317e-13,-3.67639049858876e-14,-3.73671191143924e-14,NaN
-105.9977258,-0.0131413,-9.92398333333333e-09,9.09541666666685e-10,9.03705299100773e-10,1.72797420853925e-14,-3.92348859149748e-14,-3.43452639387819e-14,NaN
-95.9039334,-0.0118899,-9.01473333333333e-09,9.03825e-10,9.03648561122563e-10,-5.62891194216364e-14,-3.91950068005149e-14,-3.12492622713079e-14,NaN
-85.8071834666664,-0.0106381333333333,-8.11633333333333e-09,9.03166666666665e-10,9.0359272086193e-10,-1.32437692058134e-13,-3.40729017371143e-14,-2.75467561739132e-14,NaN
-75.7160797333334,-0.00938706666666667,-7.2084e-09,9.03200000000001e-10,9.03383685738447e-10,-2.17131947118498e-13,-2.61963597666715e-14,-2.31207654089353e-14,NaN
-65.6186576333334,-0.00813521666666667,-6.30993333333333e-09,9.03425e-10,9.03158456967693e-10,-1.02181816122827e-13,-1.46246903222729e-14,-1.9271662773571e-14,NaN
-55.5241930666667,-0.00688373333333333,-5.40155e-09,9.03466666666665e-10,9.03179322106201e-10,6.88528241480804e-14,9.00577961663108e-16,-1.67929154165479e-14,NaN
-45.4297285,-0.00563225,-4.503e-09,9.02875000000001e-10,9.03296162615989e-10,1.48463630735136e-13,3.56567513050545e-15,-1.49607496323462e-14,NaN
-35.3306932,-0.0043802,-3.5958e-09,9.014e-10,9.03476249367671e-10,1.4004177142598e-13,-8.54723799995194e-15,-1.34582833347224e-14,NaN
-25.2391861666666,-0.00312908333333333,-2.7002e-09,8.9925e-10,9.03576246158841e-10,2.7949859189372e-14,-2.09229448192771e-14,-1.25873952876228e-14,NaN
-15.1400164333334,-0.00187701666666667,-1.7973e-09,9.05395e-10,9.0353214908605e-10,-9.64886898155558e-14,-2.3456682505886e-14,-1.24352171841453e-14,NaN
-5.05119806666666,-0.000626233333333333,-8.8941e-10,9.07819166666667e-10,9.0338326877921e-10,-1.42298995069979e-13,-1.39742947145456e-14,-1.28272973143371e-14,NaN
5.0485094,0.0006259,1.83383333333333e-11,9.04475e-10,9.0324755109591e-10,-8.91058310121553e-14,-2.70030696341793e-15,-1.36102417798651e-14,NaN
15.1382688,0.0018768,9.1954e-10,8.98489166666669e-10,9.03205057117186e-10,6.97977304120471e-15,1.40924106046962e-15,-1.49235703023032e-14,NaN
25.2382451333334,0.00312896666666667,1.81531666666667e-09,9.00755e-10,9.03261510641992e-10,1.3584764094374e-13,-3.45261362850372e-15,-1.61830592446636e-14,NaN
35.3298866,0.0043801,2.72105e-09,9.05841666666665e-10,9.03476752399073e-10,9.43513254366676e-14,-1.9013111483393e-14,-1.65600815202566e-14,NaN
45.427712,0.005632,3.627e-09,9.03183333333335e-10,9.03450213292866e-10,-1.24878725074556e-13,-3.63938408141482e-14,-1.63477610897649e-14,NaN
55.526344,0.006884,4.52741666666667e-09,9.0415e-10,9.03226994948924e-10,-1.53844084804279e-13,-3.86288084287343e-14,-1.6030566575999e-14,NaN
65.6182543333334,0.00813516666666667,5.4353e-09,9.023e-10,9.03142525123257e-10,-6.10735803764295e-14,-2.67694935641398e-14,-1.51982937297302e-14,NaN
75.7150042666667,0.00938693333333333,6.33201666666667e-09,9.02e-10,9.03104847788171e-10,-3.22459172349604e-15,-1.45009500775061e-14,-1.35510928064606e-14,NaN
85.8075867666664,0.0106381833333333,7.2393e-09,9.03841666666665e-10,9.0313607593981e-10,6.73453343607161e-14,-9.23527975157078e-15,-1.15378127092479e-14,NaN
95.9042022666664,0.0118899333333333,8.1397e-09,9.03325e-10,9.03239538456893e-10,4.35243908883078e-14,-1.0907803202209e-14,-9.42615470381047e-15,NaN
105.9961126,0.0131411,9.04595e-09,9.03516666666666e-10,9.03223124721587e-10,-4.67007557739851e-14,-1.38843397493364e-14,-7.24842935673708e-15,-3.46664012713513e-08
116.094072433334,0.0143930166666667,9.94673333333333e-09,9.03725e-10,9.03146136945345e-10,-2.65557166253975e-14,-9.8469991166151e-15,-4.98090294275526e-15,-2.38217097262208e-08
126.1933766,0.0156451,1.08534e-08,9.03983333333335e-10,9.03170013288336e-10,-1.27927586131732e-14,4.11187240990244e-15,-2.50636860683155e-15,-1.19869802935422e-08
136.283808166666,0.0168960833333333,1.17547e-08,9.0215e-10,9.03120551428118e-10,-2.72281554143396e-14,1.9399400190056e-14,-9.05644539442677e-17,-4.33134344950845e-10
146.381499133334,0.0181479666666667,1.26577e-08,9.0375e-10,9.03115556977507e-10,4.97700023406357e-14,2.08954639390892e-14,2.11419264312123e-15,1.01113561192754e-08
156.4715274,0.0193989,1.35622e-08,9.0475e-10,9.032200914328e-10,2.2764671906801e-14,6.33536870312238e-15,4.02181551342237e-15,1.92347698468026e-08
166.571503733334,0.0206510666666667,1.44672e-08,9.01358333333352e-10,9.03161086321321e-10,-4.18578752258086e-14,-3.6094414142371e-15,4.74636499975275e-15,2.27000065205566e-08
176.661263133334,0.0219019666666667,1.53649166666667e-08,9.02950000000001e-10,9.03136375682348e-10,1.65754037466606e-14,-3.11619011289111e-15,3.70219207921301e-15,1.77061360310187e-08
186.7609706,0.0231541,1.62731e-08,9.05741666666648e-10,9.03194237128814e-10,7.82048668528007e-14,-2.26968324699022e-15,1.5062457944124e-15,7.20378423414626e-09
196.858258266666,0.0244059333333333,1.71764e-08,9.03199999999999e-10,9.03292785416054e-10,8.48247789681393e-14,3.99761374382566e-15,-1.16504839396487e-15,-5.57197057983199e-09
206.9501686,0.0256571,1.80795e-08,9.04208333333352e-10,9.03363886686751e-10,3.46162993496595e-14,1.08765656490285e-14,-3.81071280372745e-15,-1.822514819174e-08
217.0471874,0.0269089,1.89848166666667e-08,9.0365e-10,9.03362018014753e-10,-7.38997485786939e-14,5.5782977361629e-15,-5.86178780278753e-15,-2.80346373176795e-08
227.138694433334,0.0281600166666667,1.98868e-08,9.01891666666649e-10,9.03216087189593e-10,-2.00060024009608e-13,-8.61238843785832e-15,-7.89065259436778e-15,-3.77379037121937e-08
237.2367887,0.02941195,2.07886e-08,9.0125e-10,9.02961897966734e-10,-1.2595090866574e-13,-2.21962065648465e-14,-1.07844009793173e-14,-5.15775699010827e-08
247.327758,0.030663,2.16893e-08,9.01300000000001e-10,9.02964185372262e-10,8.3611435140027e-14,-2.82375317283691e-14,-1.41792514161477e-14,-6.78138111207064e-08
257.426255566666,0.0319149833333333,2.25912e-08,9.0243333333335e-10,9.03129120837014e-10,1.50644672963933e-13,-2.39026328734028e-14,-1.6820122919186e-14,-8.04440661352374e-08
267.516956,0.033166,2.34941666666667e-08,9.04349999999999e-10,9.0326547471819e-10,4.5415968274424e-14,-1.86064072017206e-14,-1.78562275981493e-14,-8.53993493824532e-08
277.614109233334,0.0344178166666667,2.43999e-08,9.05325000000002e-10,9.03219952773563e-10,-6.15422772882823e-14,-1.95149677800995e-14,-1.80842216803696e-14,-8.64897558626372e-08
287.713951133334,0.0356699666666667,2.53048166666667e-08,9.0365e-10,9.03142390163613e-10,-5.31434649332785e-14,-2.05026996828903e-14,-1.85623396245962e-14,-8.87764069002427e-08
297.8039794,0.0369209,2.62072e-08,9.02541666666647e-10,9.03113665843696e-10,-7.12674692518267e-14,-2.03479281947252e-14,-1.87125478140556e-14,-8.94947938933094e-08
307.902880266666,0.0381729333333333,2.71099e-08,9.01650000000002e-10,9.02999855225109e-10,-1.15401915483251e-13,-1.93287979054095e-14,-1.78568272103349e-14,-8.5402217092906e-08
317.993984,0.039424,2.80105e-08,9.01500000000002e-10,9.0288286201273e-10,-7.03693741650487e-14,-1.24513385757881e-14,-1.6620998156454e-14,-7.94917303134757e-08
328.092616,0.040676,2.89129e-08,9.03349999999999e-10,9.02859116476779e-10,6.76773539600994e-14,-6.51836881856141e-15,-1.5064046151104e-14,-7.20454381139757e-08
338.1827787,0.04192695,2.98172e-08,9.04699999999999e-10,9.0301821672065e-10,1.17116091719762e-13,-1.40086749819093e-14,-1.27661713421924e-14,-6.1055602071355e-08
348.280738533334,0.0431788666666667,3.07223e-08,9.05149999999999e-10,9.03093348660219e-10,2.81821219054806e-14,-2.10678364742715e-14,-1.02309344008064e-14,-4.89305558299437e-08
358.3796394,0.0444309,3.16275e-08,9.03783333333352e-10,9.03074580964461e-10,-3.05799678365271e-14,-1.58426770821804e-14,-8.1436525296892e-15,-3.89479034028614e-08
368.470070966666,0.0456818833333333,3.25298666666667e-08,9.01100000000002e-10,9.03032188724546e-10,-7.28888725303173e-14,-6.39088794412299e-15,-6.81353864437417e-15,-3.2586489168746e-08
378.5700473,0.04693405,3.34297e-08,9.00533333333299e-10,9.029288032194e-10,-8.46870823797824e-14,-1.25975221863711e-15,-6.05183066016676e-15,-2.8943537939928e-08
388.6610166,0.0481851,3.43309333333333e-08,9.01683333333351e-10,9.02862814559786e-10,-5.18697101481806e-14,-1.90185015146414e-15,-5.56928615624726e-15,-2.66357163994434e-08
398.758169833334,0.0494369166666667,3.52330666666667e-08,9.02933333333349e-10,9.02825063799104e-10,2.42857520364e-14,1.22369542167656e-15,-5.75516149177197e-15,-2.75246853954312e-08
408.849139133334,0.0506879666666667,3.61368e-08,9.0476666666665e-10,9.02911386063859e-10,1.04387509720646e-13,5.06684604676804e-15,-6.92644282942181e-15,-3.31264657059304e-08
418.9468301,0.05193985,3.70426e-08,9.05700000000002e-10,9.03033838818545e-10,5.55357992254867e-14,-1.26264776199062e-15,-8.84073079973673e-15,-4.22817559987409e-08
429.0377994,0.0531909,3.79482e-08,9.04308333333351e-10,9.0302245766231e-10,-2.778130119929e-14,-1.39989290600969e-14,-1.12594046353126e-14,-5.38493265167124e-08
439.1376413,0.05444305,3.88512166666667e-08,9.01491666666649e-10,9.02978276216147e-10,-3.68344507614784e-14,-1.90253308388021e-14,-1.37143749679658e-14,-6.55904889772277e-08
449.2378865,0.05569525,3.97511833333333e-08,8.99891666666651e-10,9.02948788760787e-10,-6.30571096365329e-14,-1.61490518477026e-14,-1.56607608046879e-14,-7.48992908050291e-08
459.3284525,0.05694625,4.0651e-08,9.00358333333352e-10,9.02852161996873e-10,-5.69676927372009e-14,-1.56318440948856e-14,-1.73173073130627e-14,-8.28219045407347e-08
469.425068,0.058198,4.15519e-08,9.01899999999995e-10,9.02834853375313e-10,3.8566369951456e-15,-1.83061721668172e-14,-1.98659594710338e-14,-9.50111105136399e-08
479.5132142,0.0594487,4.24548e-08,9.05250000000001e-10,9.02859875270864e-10,2.66386743377818e-14,-2.3243533351757e-14,-2.37190281935448e-14,-1.13438830490866e-07
489.612518366667,0.0607007833333333,4.33624e-08,9.06808333333354e-10,9.02888130723988e-10,2.30871593919093e-14,-2.98216910231292e-14,-2.78967812582367e-14,-1.33419388626349e-07
499.704294266667,0.0619519333333333,4.42684166666667e-08,9.04574999999998e-10,9.02906049589648e-10,-3.77556683051281e-14,-3.86519181740135e-14,-3.13614479184593e-14,-1.49989533523066e-07
509.803329566666,0.0632039833333333,4.517155e-08,9.0219166666665e-10,9.02812619387378e-10,-1.1994779043642e-13,-4.48316197264694e-14,-3.39592952153406e-14,-1.62414020595107e-07
519.9037092,0.0644562,4.60728e-08,9.00025000000003e-10,9.02666154008775e-10,-1.08058034534238e-13,-4.16971998295299e-14,-3.60939858133488e-14,-1.72623410411668e-07
529.994409633334,0.0657072166666667,4.69716e-08,8.99241666666649e-10,9.02596503318309e-10,-3.98454664893482e-14,-3.62713458942252e-14,-3.75816262088565e-14,-1.79738212303227e-07
540.090756266667,0.0669589333333333,4.78712833333333e-08,9.01399999999998e-10,9.02586463075796e-10,-6.28477806245545e-15,-3.30277767289855e-14,-3.77080906117509e-14,-1.803430420562e-07
550.180784533334,0.0682098666666667,4.87744e-08,9.04908333333353e-10,9.02583933762184e-10,-9.49124932953508e-15,-3.13484991102597e-14,-3.75482843628757e-14,-1.7957875130071e-07
560.2780722,0.0694617,4.96811e-08,9.05891666666652e-10,9.02567480577137e-10,-1.66726124413801e-14,-3.66114072859948e-14,-3.97663729084015e-14,-1.90187000866268e-07
570.3694448,0.0707128,5.05861833333333e-08,9.07824999999998e-10,9.02550588537302e-10,-1.66587389674226e-14,-4.56804692308199e-14,-4.42077804282325e-14,-2.11428515091547e-07
580.4704966,0.0719651,5.149675e-08,9.0330833333335e-10,9.02534163099202e-10,-4.35863024451715e-14,-5.14557360628721e-14,-4.86785775900505e-14,-2.32810588474155e-07
590.5707418,0.0732173,5.23928e-08,8.95925e-10,9.02463415932411e-10,-7.66268771657593e-14,-5.12560878713275e-14,-5.05534046862233e-14,-2.41777152847155e-07
600.658888,0.074468,5.32886e-08,8.9955e-10,9.02380909344871e-10,-5.47252863412575e-14,-4.41085204984223e-14,-4.99026166397757e-14,-2.38664688277188e-07
610.757385566667,0.0757199833333333,5.41919e-08,9.01900000000002e-10,9.02353965359729e-10,-1.68101202745141e-14,-3.76929032483384e-14,-5.08448295883257e-14,-2.43170924118079e-07
620.8488926,0.0769711,5.50924e-08,9.0288333333335e-10,9.02347289104322e-10,-1.92831849721091e-14,-3.95745121959109e-14,-5.44980395343963e-14,-2.606427977732e-07
630.946449133334,0.0782229666666667,5.59976666666667e-08,9.05550000000001e-10,9.02315398989785e-10,-4.93646515214525e-14,-4.60042092295932e-14,-5.88921007489726e-14,-2.8165787314726e-07
641.036611833334,0.0794739166666667,5.69035e-08,9.0519166666665e-10,9.02248559801279e-10,-9.73778190520214e-14,-5.16758178349545e-14,-6.18252897920457e-14,-2.95686168570653e-07
651.1343028,0.0807258,5.780805e-08,9.026e-10,9.02120643351681e-10,-1.1315299704781e-13,-5.66318267425052e-14,-6.07520931418039e-14,-2.90553488939062e-07
661.225540966667,0.0819768833333333,5.87087e-08,8.99625000000001e-10,9.02022253807183e-10,-7.12182042635134e-14,-7.37404006672757e-14,-5.47260047677661e-14,-2.6173306628062e-07
671.326055033334,0.0832291166666667,5.96073e-08,8.98958333333349e-10,9.01978206943154e-10,-2.31056573572204e-14,-8.75000809258308e-14,-4.42789438697787e-14,-2.11768861985898e-07
681.424283733334,0.0844810666666667,6.05066166666667e-08,8.99449999999998e-10,9.01976042492469e-10,1.76424343331908e-14,-6.28545513575786e-14,-3.00366146451296e-14,-1.4365337438975e-07
691.5135054,0.0857319,6.14062e-08,9.01600000000002e-10,9.0201349181182e-10,1.05895188261683e-14,-2.2036623188211e-14,-1.34891677393464e-14,-6.45134109273089e-08
701.6121374,0.0869839,6.23098166666667e-08,9.0425e-10,9.01997221530121e-10,-4.57758575134417e-14,3.51522892805499e-15,3.35934928638538e-15,1.60664531087996e-08
711.7010902,0.0882347,6.32147e-08,9.04675e-10,9.01921940096793e-10,-8.99910907755738e-14,-1.48898036766426e-14,1.92758157201214e-14,9.21886838788415e-08
721.8005288,0.0894868,6.41191666666667e-08,9.03450000000003e-10,9.0181723934857e-10,-9.47850838443834e-14,-4.54913276875403e-14,3.39077066000969e-14,1.62167292435246e-07
731.8919014,0.0907379,6.50216e-08,9.01666666666648e-10,9.01732369929104e-10,-6.96795699419258e-14,-1.059568948378e-14,4.72575077121242e-14,2.26014167318855e-07
741.99134,0.09199,6.59225e-08,8.99399999999996e-10,9.01677880208686e-10,-2.81166240084299e-14,5.90181875731768e-14,5.83400415550979e-14,2.7901759004612e-07
752.090240866666,0.0932420333333333,6.68204e-08,8.98150000000001e-10,9.01676136681087e-10,2.49971686793679e-14,1.12601549714432e-13,6.40118848593056e-14,3.06143797153201e-07
762.180538,0.094493,6.77188e-08,9.01150000000004e-10,9.01727874546045e-10,3.00356463340063e-13,1.41242568255178e-13,6.16541480228372e-14,2.94867664457047e-07
772.2787667,0.09574495,6.86227e-08,9.03941666666649e-10,9.02276849607768e-10,4.40987904596377e-13,1.35475002512191e-13,5.14304568432994e-14,2.45971750120128e-07
782.3681228,0.0969958,6.95266833333333e-08,9.0365e-10,9.02609850355237e-10,2.12934230294261e-14,1.05466836392089e-13,3.3681243216241e-14,1.6108420668637e-07
792.468368,0.098248,7.043e-08,9.03216666666705e-10,9.02319436453826e-10,-3.04083237069757e-13,6.53306361619378e-14,7.83482877888595e-15,3.74709202468458e-08
802.558934,0.099499,7.13331166666667e-08,9.01649999999998e-10,9.02001683881098e-10,-2.78020547842074e-13,1.35404991901225e-14,-2.77180876596054e-14,-1.32564767067678e-07
812.657700433336,0.100751016666667,7.22333e-08,9.00891666666643e-10,9.01763395358142e-10,3.57460153873579e-13,-4.4674001583433e-14,-7.20113686616805e-14,-3.44402197947168e-07
822.756332433336,0.102003016666667,7.31349e-08,8.99500000000001e-10,9.02716604188845e-10,8.30180562791367e-13,-9.86269615319625e-14,-1.19816726822389e-13,-5.73036519585339e-07
832.846764,0.103254,7.40323e-08,8.98500000000007e-10,9.03423756483725e-10,1.11876354314735e-13,-1.51480449451707e-13,-1.67663557139842e-13,-8.01869186320983e-07
842.944723833336,0.104505916666667,7.49319e-08,9.01766666666647e-10,9.02940356897475e-10,-5.50640727989581e-13,-2.13209481458544e-13,-2.16604555836313e-13,-1.03593483226063e-06
853.0335422,0.1057567,7.58358333333333e-08,9.03949999999997e-10,9.02322475027746e-10,-7.30226807701564e-13,-2.88607246793695e-13,-2.66857446344138e-13,-1.27627474338501e-06
863.1333841,0.10700885,7.67398e-08,9.03283333333351e-10,9.01479903282071e-10,-8.01102138966462e-13,-3.69003711972855e-13,-3.13850851418055e-13,-1.50102581112983e-06
873.224891133336,0.108259966666667,7.76424e-08,9.01700000000001e-10,9.00720270749813e-10,-6.22466533786327e-13,-4.20956042708699e-13,-3.52963459712686e-13,-1.68808611166937e-06
883.324329733336,0.109512066666667,7.85432e-08,8.996e-10,9.00234970214499e-10,-4.48079042940566e-13,-4.3765877171318e-13,-3.81980513371367e-13,-1.82686332481958e-06
893.4151646,0.1107631,7.94416e-08,8.99416666666652e-10,8.99824112663932e-10,-3.76561096134235e-13,-4.52524400743918e-13,-4.00563124802922e-13,-1.91573668384006e-06
903.51299,0.112015,8.03420333333333e-08,9.02149999999999e-10,8.9948184802223e-10,-2.62910824705372e-13,-4.67587291628869e-13,-4.09983735328462e-13,-1.96079177765786e-06
913.6100088,0.1132668,8.12459e-08,9.024416666667e-10,8.99298291014521e-10,-2.40955155650272e-13,-4.8276101996181e-13,-4.10876930966669e-13,-1.96506358288407e-06
923.700305933336,0.114517766666667,8.21469166666667e-08,9.0285000000001e-10,8.9899993771093e-10,-4.00262463480544e-13,-4.59796669721015e-13,-4.032192747892e-13,-1.92844000986139e-06
933.8000134,0.1157699,8.30516e-08,9.03133333333297e-10,8.9849776608756e-10,-5.46202065735351e-13,-3.79951063705788e-13,-3.87838381589513e-13,-1.85487921629767e-06
943.891386,0.117021,8.39531833333333e-08,9.00958333333342e-10,8.97907533579459e-10,-5.31597922186243e-13,-3.18725471832769e-13,-3.65880126143455e-13,-1.74986147286e-06
953.990690166664,0.118273083333333,8.48535166666667e-08,8.99808333333346e-10,8.97434570243187e-10,-3.53290183991984e-13,-2.89154540596537e-13,-3.38081960658151e-13,-1.61691372488681e-06
964.0797774,0.1195239,8.57528e-08,8.99491666666653e-10,8.97200953211475e-10,-1.57411927031925e-13,-2.64923347937175e-13,-3.05550647131106e-13,-1.46132918193138e-06
974.1788127,0.12077595,8.66525e-08,9.00166666666653e-10,8.97119746389124e-10,-3.7519724868817e-14,-2.41699860968575e-13,-2.70543087504654e-13,-1.29390172284835e-06
984.276100366664,0.122027783333333,8.75531333333333e-08,9.00549999999998e-10,8.97125913761737e-10,5.63187539283458e-15,-2.10014394650469e-13,-2.3547548136543e-13,-1.12618708479119e-06
994.3668008,0.1232788,8.84536e-08,9.03166666666703e-10,8.97131010139909e-10,-1.19581039966814e-13,-1.80206267498061e-13,-2.01710291849037e-13,-9.64701395799742e-07
1004.4654328,0.1245308,8.93594666666667e-08,9.04075e-10,8.96886751681804e-10,-3.82523197961012e-13,-1.61073679750714e-13,-1.68895448274929e-13,-8.07760839575747e-07
1014.55734313334,0.125781966666667,9.026175e-08,9.00899999999997e-10,8.96365963743987e-10,-4.36437216395649e-13,-1.39394464076911e-13,-1.36324119978315e-13,-6.5198492163542e-07
1024.65651286666,0.127034033333333,9.11612666666667e-08,8.7974166666665e-10,8.96013877249013e-10,-1.98797349128386e-13,-1.07142763906524e-13,-1.04686908952411e-13,-5.00676521076748e-07
1034.74681,0.128285,9.20212333333333e-08,8.80708333333305e-10,8.9596836904573e-10,9.50342401072619e-15,-7.54533950731115e-14,-7.49457320394446e-14,-3.58436109753865e-07
1044.8458453,0.12953705,9.29226833333333e-08,8.98558333333357e-10,8.96032884097034e-10,1.12246219242959e-13,-5.13937904450641e-14,-4.89514890404369e-14,-2.34115817149916e-07
1054.93587356666,0.130787983333333,9.381835e-08,9.01316666666702e-10,8.96192861484216e-10,1.60208800501705e-13,-3.11468803482482e-14,-2.6601789358641e-14,-1.27225949106544e-07
1065.03316123334,0.132039816666667,9.47253166666667e-08,9.02774999999996e-10,8.96353301698037e-10,9.79660732195014e-14,-1.08783778246981e-14,-4.00780295432659e-15,-1.91677532598228e-08
1075.1324654,0.1332919,9.56239e-08,8.60508333333292e-10,8.96388793630655e-10,-6.32326515528e-14,1.07576013189929e-14,2.13501368950899e-14,1.02109350367821e-07
1085.22370356666,0.134542983333333,9.64463333333333e-08,8.64799999999997e-10,8.96226836394932e-10,-1.76765989409297e-13,3.63841952249147e-14,4.96796576976064e-14,2.37598362901596e-07
1095.32220113334,0.135794966666667,9.73535e-08,8.98416666666704e-10,8.96035261651837e-10,-9.82862956462781e-14,7.40364954082129e-14,7.99629405256394e-14,3.82431454687841e-07
1105.41290156666,0.137045983333333,9.82431666666667e-08,8.95250000000003e-10,8.96030263803639e-10,1.06361978750112e-13,1.17439785378531e-13,1.09056833878755e-13,5.21576162028828e-07
1115.51139913334,0.138297966666667,9.9144e-08,9.06583333333146e-10,8.96247985609337e-10,2.83818055521647e-13,1.49386389354323e-13,1.3664571604955e-13,6.53522989802196e-07
1125.602234,0.139549,1.00056333333333e-07,9.07999999999997e-10,8.96597899914683e-10,3.16479233203096e-13,1.72201702357998e-13,1.66094124627298e-13,7.94363204739251e-07
1135.700866,0.140801,1.0096e-07,9.01333333333511e-10,8.96880944075743e-10,2.56703247336539e-13,1.95383798353681e-13,1.97723794129484e-13,9.4563553714101e-07
1145.79936356666,0.142052983333333,1.01859e-07,9.02999999999998e-10,8.97111306409356e-10,1.71987851744259e-13,2.13616425093209e-13,2.30909242322159e-13,1.10434855023641e-06
1155.88992956666,0.143303983333333,1.02766e-07,9.0216666666649e-10,8.97224919779232e-10,9.44828874967994e-14,2.26563759867788e-13,2.65709710919814e-13,1.27078557396433e-06
1165.988696,0.144556,1.03663333333333e-07,8.95000000000003e-10,8.97300272184349e-10,1.37373911831137e-13,2.48722774034377e-13,2.99753424711311e-13,1.43360333557584e-06
1176.079262,0.145807,1.04556e-07,8.95583333333511e-10,8.97499667602894e-10,2.91677991949108e-13,3.00307263109867e-13,3.29903662405204e-13,1.57780012454663e-06
1186.17762513334,0.147058966666667,1.054545e-07,9.01833333333505e-10,8.97883628168247e-10,4.6517456038738e-13,3.64120941170961e-13,3.54029483000533e-13,1.69318448391559e-06
1196.26846,0.14831,1.06359666666667e-07,9.06333333333497e-10,8.98430016723669e-10,5.21823918246413e-13,3.90144302337382e-13,3.70237938695015e-13,1.77070318506312e-06
1206.36682313334,0.149561966666667,1.07267166666667e-07,9.06166666666494e-10,8.9892727600474e-10,4.50069367372459e-13,3.79715044190102e-13,3.76956830000205e-13,1.80283701304446e-06
1216.46558956666,0.150813983333333,1.08172e-07,9.0241666666649e-10,8.99330155458414e-10,3.09583361648736e-13,3.6514667559397e-13,3.74835848147922e-13,1.79269318679441e-06
1226.55629,0.152065,1.09072e-07,8.98999999999994e-10,8.99546442728038e-10,1.76684258605784e-13,3.93234627299144e-13,3.66571653871942e-13,1.75316877938755e-06
1236.654922,0.153317,1.0997e-07,8.95416666666509e-10,8.99683523975625e-10,1.93888498792698e-13,4.40676553239372e-13,3.52582071458664e-13,1.68626208088926e-06
1246.745488,0.154568,1.10862833333333e-07,8.93500000000008e-10,8.99934219725623e-10,3.92359396589169e-13,4.29869065441532e-13,3.30242194676362e-13,1.57941919193043e-06
1256.84398556666,0.155819983333333,1.11757e-07,8.99583333333496e-10,9.00468242768804e-10,6.53846349861419e-13,3.81804647077787e-13,2.9771627022469e-13,1.42386042281373e-06
1266.9342827,0.15707095,1.12662e-07,9.08749999999998e-10,9.01241912425346e-10,7.59558729152184e-13,3.14587002712278e-13,2.56449806335345e-13,1.22649907377774e-06
1277.0329147,0.15832295,1.135745e-07,9.07999999999997e-10,9.01987360227108e-10,3.85105646031932e-13,2.2151048487981e-13,2.08963286497106e-13,9.99389631073116e-07
1287.12374956666,0.159573983333333,1.14478e-07,9.02250000000004e-10,9.0201212371741e-10,-1.26381779125014e-13,1.33065353516289e-13,1.56229909508797e-13,7.47186523737725e-07
1297.22197826666,0.160825933333333,1.15379e-07,8.99500000000008e-10,9.01734596668858e-10,-7.55021820031698e-14,6.10977874153867e-14,9.97890672047772e-14,4.77252060544587e-07
1307.32101356666,0.162077983333333,1.16277e-07,8.96500000000004e-10,9.01861119353404e-10,2.16969806788829e-13,-1.09503487343765e-15,4.29723455268828e-14,2.05519913389439e-07
1317.411714,0.163329,1.17172e-07,8.95000000000003e-10,9.02168536282436e-10,3.4437086155255e-13,-4.64482945718488e-14,-8.72389999967875e-15,-4.17229999984636e-08
1327.51021156666,0.164580983333333,1.18067e-07,8.98583333333488e-10,9.02549861076509e-10,-2.1926421511888e-13,-6.85875501765102e-14,-5.2362947719492e-14,-2.50431489093223e-07
1337.60064313334,0.165831966666667,1.18969166666667e-07,9.04749999999994e-10,9.01730007852198e-10,-8.0745770006678e-13,-9.51661646238546e-14,-9.01308608561082e-14,-4.31060638877039e-07
1347.69940956666,0.167083983333333,1.198765e-07,9.06083333333007e-10,9.00934945676375e-10,-4.31998648522003e-13,-1.54207234777269e-13,-1.22565616474865e-13,-5.86183383140659e-07
1357.78984113334,0.168334966666667,1.20781333333333e-07,9.04500000000007e-10,9.00866010555154e-10,-2.38209434714933e-13,-2.14748405669925e-13,-1.4571572439176e-13,-6.96901290569287e-07
1367.8883387,0.16958695,1.216855e-07,9.00583333333497e-10,9.00458526806945e-10,-2.6567419420253e-13,-2.3405278115371e-13,-1.5678638085134e-13,-7.49847908419452e-07
1377.987374,0.170839,1.225825e-07,8.96249999999991e-10,9.00334662166749e-10,-2.22522971438503e-14,-2.08048596920468e-13,-1.57557118960982e-13,-7.53534047204696e-07
1388.07780556666,0.172089983333333,1.23478e-07,8.97250000000005e-10,9.00414022212657e-10,4.06983548175822e-14,-1.71913665575184e-13,-1.50131127573682e-13,-7.18018436221957e-07
1398.17643756666,0.173341983333333,1.24377e-07,8.97000000000011e-10,9.00416058876384e-10,7.07905803825752e-14,-1.50904419511901e-13,-1.36701872205752e-13,-6.53791562723162e-07
1408.267138,0.174593,1.25272e-07,9.01000000000003e-10,9.00555603373423e-10,1.80267389969361e-13,-1.23901899141345e-13,-1.20009507885505e-13,-5.73958515974154e-07
1418.36563556666,0.175844983333333,1.26179e-07,9.06416666666501e-10,9.00776593656323e-10,7.80953890962025e-14,-8.1033566317838e-14,-1.00182202432886e-13,-4.79132272505107e-07
1428.45620156666,0.177095983333333,1.27084833333333e-07,9.04499999999994e-10,9.00711794151615e-10,-3.3408740854846e-13,-1.71855732419536e-14,-7.69535501789112e-14,-3.68038718246967e-07
1438.55483356666,0.178347983333333,1.27988e-07,9.00083333333496e-10,9.00108418839226e-10,-5.41053213732703e-13,2.20892270515135e-14,-5.23641336834737e-14,-2.50437161094874e-07
1448.64526513334,0.179598966666667,1.28885e-07,8.95499999999997e-10,8.9962968772415e-10,-1.71160917185523e-13,9.2853814262225e-15,-2.78651968799297e-14,-1.33268332904012e-07
1458.74389713334,0.180850966666667,1.29779e-07,8.94999999999996e-10,8.99766097004855e-10,1.96458772189562e-13,8.31875213709866e-15,-3.1675990840628e-15,-1.51493869237786e-08
1468.842798,0.182103,1.30675e-07,8.96916666666504e-10,9.00022605268529e-10,2.60328659759091e-13,2.122138986156e-14,2.07257991783218e-14,9.91233873745825e-08
1478.93322956666,0.183353983333333,1.31572833333333e-07,9.03499999999992e-10,9.00286754324373e-10,2.22726826579314e-13,2.9800564621779e-14,4.03958548005422e-14,1.93197566437376e-07
1489.0315927,0.18460595,1.32482e-07,9.08583333333493e-10,9.00468058921687e-10,1.12629013870836e-13,4.26106653160861e-14,5.36515508326309e-14,2.56594373547365e-07
1499.122562,0.185857,1.3339e-07,9.07250000000003e-10,9.00512012352115e-10,-4.84344681309543e-14,5.02941559164961e-14,6.15595896624699e-14,2.94415428820508e-07
1509.221194,0.187109,1.342965e-07,9.02000000000004e-10,9.00371189985425e-10,-9.71407430932654e-14,5.87923975283837e-14,6.64503009063166e-14,3.17805786943253e-07
1519.31176,0.18836,1.35194e-07,8.95750000000003e-10,9.00317730865928e-10,7.0082750078812e-14,7.67594732104847e-14,6.95399381726538e-14,3.32582312999649e-07
1529.410392,0.189612,1.36088e-07,8.93500000000008e-10,9.00511355485583e-10,1.7025395063734e-13,9.72071904364909e-14,7.07762576618321e-14,3.38495145339197e-07
1539.509024,0.190864,1.36981e-07,8.94250000000002e-10,9.00658238767203e-10,1.19878139940441e-13,9.62255219790558e-14,7.03269169386546e-14,3.36346124489218e-07
1549.59959,0.192115,1.378765e-07,9.01666666666503e-10,9.00751111765464e-10,1.25049076234732e-13,7.16862198063739e-14,6.84712446167869e-14,3.27471169906372e-07
1559.698222,0.193367,1.38784333333333e-07,9.0475e-10,9.00908336919672e-10,1.29676398859536e-13,5.53904949076025e-14,6.70879179721642e-14,3.20855259866872e-07
1569.788788,0.194618,1.39686e-07,9.02333333333492e-10,9.01010464563183e-10,5.27097631569841e-15,5.2927253479332e-14,6.61973274985274e-14,3.16595914123392e-07
1579.88688226666,0.195869933333333,1.40589e-07,9.0241666666651e-10,9.00918878872304e-10,-1.2243293543762e-13,5.16805036924404e-14,6.31934991300935e-14,3.02229778448273e-07
1589.977986,0.197121,1.41490833333333e-07,8.97499999999999e-10,9.00765598692308e-10,-6.96004817006758e-14,4.80060636520914e-14,5.90376413770362e-14,2.82353937020608e-07
1600.076618,0.198373,1.42384e-07,8.92666666666995e-10,9.00779677908902e-10,4.40204383630227e-14,4.51612806333336e-14,5.49586098781185e-14,2.62845525504045e-07
1610.17511556666,0.199624983333333,1.43276166666667e-07,8.96833333333512e-10,9.00853639569034e-10,1.06549223458453e-13,4.64353032905496e-14,5.00273193952203e-14,2.39261092759749e-07
1620.265816,0.200876,1.44177666666667e-07,9.04416666666499e-10,9.00992776355819e-10,1.97176984003751e-13,4.78954650316757e-14,4.38610194106651e-14,2.09770092833616e-07
1630.36431356666,0.202127983333333,1.45085e-07,9.07166666666496e-10,9.01247993537041e-10,1.93089499955815e-13,4.94234948724737e-14,3.66180882740581e-14,1.75129987397669e-07
1640.455014,0.203379,1.45992e-07,9.03916666666498e-10,9.01378955355731e-10,4.43856787979803e-14,4.46357769890836e-14,2.90825280035921e-14,1.39090351321527e-07
1650.55351156666,0.204630983333333,1.46892833333333e-07,9.01000000000003e-10,9.01336764894637e-10,-1.0155571662511e-13,2.5246319515503e-14,2.27311235386315e-14,1.08714069097803e-07
1660.64407756666,0.205881983333333,1.47794e-07,8.98083333333507e-10,9.0117584392248e-10,-1.27715237035361e-13,5.21969197762547e-15,1.8874851827508e-14,9.02710304793861e-08
1670.742844,0.207134,1.48689e-07,8.93999999999995e-10,9.01081334420567e-10,-4.8998844825686e-14,1.52714437805269e-15,1.62556616068341e-14,7.7744468554424e-08
1680.83341,0.208385,1.49582e-07,8.94999999999983e-10,9.01077846232829e-10,5.3561047053597e-14,6.84456799771281e-15,1.19842964552765e-14,5.73162004382789e-08
1690.93150426666,0.209636933333333,1.50479e-07,9.13583333333511e-10,9.01188456514674e-10,1.71817783720459e-13,8.25364378213682e-15,5.1879397624479e-15,2.4811885820403e-08
1701.03874,0.21089,1.51409166666667e-07,9.18166666666508e-10,9.0142148180027e-10,1.67295219980522e-13,5.80512263203351e-15,-3.57451719053342e-15,-1.70955169982033e-08
1711.11989566666,0.212139833333333,1.52315333333333e-07,9.04416666666486e-10,9.01523046954635e-10,-5.19047241505915e-14,-6.01703300051459e-15,-1.32744550289829e-14,-6.34865240516573e-08
1721.20374,0.21339,1.53218e-07,9.01583333333498e-10,9.01317672351969e-10,-2.5269730533281e-13,-2.80051382903638e-14,-2.18879139688355e-14,-1.04681327677039e-07
1731.28624,0.21464,1.541185e-07,8.97999999999999e-10,9.01017652343969e-10,-2.4696010480102e-13,-3.99919434116987e-14,-2.85469807369961e-14,-1.36529038307373e-07
1741.36874,0.21589,1.55014e-07,8.9666666666651e-10,9.00823752142367e-10,-1.10507410517462e-13,-3.67534709944692e-14,-3.53762043340876e-14,-1.69190542467375e-07
1751.5319,0.21715,1.55911833333333e-07,8.9616666666651e-10,9.00796637522934e-10,9.28984801495516e-14,-3.33480166509668e-14,-4.46256584029197e-14,-2.13427061927007e-07
1761.6144,0.2184,1.56806333333333e-07,8.98583333333494e-10,9.01009549102666e-10,2.31691733299784e-13,-3.59769287823482e-14,-5.5873183125148e-14,-2.67219571468099e-07
1771.6969,0.21965,1.57709e-07,9.00583333333497e-10,9.01260020989534e-10,1.48173420311349e-13,-4.8020004291196e-14,-6.80482228033317e-14,-3.25448022102891e-07
1781.7794,0.2209,1.586075e-07,9.02083333333512e-10,9.01305895943289e-10,-6.21116371075179e-14,-7.53133897105069e-14,-8.09717769527037e-14,-3.87256324556409e-07
1791.8619,0.22215,1.59513166666667e-07,9.04916666666513e-10,9.01135797715319e-10,-2.48197392164091e-13,-1.05454187078449e-13,-9.3550937370273e-14,-4.4741752655348e-07
1801.9444,0.2234,1.60417333333333e-07,9.02416666666484e-10,9.0080950115896e-10,-3.29122214926685e-13,-1.19098520816194e-13,-1.041450061991e-13,-4.98084812256565e-07
1812.10756,0.22466,1.61318e-07,8.97333333333486e-10,9.00477553285465e-10,-2.15329528041147e-13,-1.13897830499734e-13,-1.12456317442263e-13,-5.37834561680388e-07
1822.19006,0.22591,1.62212e-07,8.94750000000002e-10,9.00378842102878e-10,-1.50211027792642e-14,-9.82527911581853e-14,-1.18522139824428e-13,-5.66845016551612e-07
1832.27256,0.22716,1.631075e-07,8.97999999999999e-10,9.00447511079907e-10,3.83710087802158e-14,-8.93419266704578e-14,-1.22005122436608e-13,-5.83502759479429e-07
1842.35506,0.22841,1.64008e-07,9.02833333333506e-10,9.00455584120439e-10,-5.68416045695365e-14,-1.16096754503321e-13,-1.23678008954035e-13,-5.91503521084515e-07
1852.43756,0.22966,1.64913166666667e-07,9.04000000000006e-10,9.00333827870768e-10,-1.62451773158095e-13,-1.67912733074144e-13,-1.24100107913847e-13,-5.93522255240138e-07
1862.52006,0.23091,1.65816e-07,9.049166666665e-10,9.00130680574122e-10,-2.96730012751817e-13,-1.88702646182047e-13,-1.22076192105318e-13,-5.83842657894999e-07
1872.68322,0.23217,1.66723e-07,9.02583333333499e-10,8.99740367845264e-10,-3.37866278585039e-13,-1.63538468919796e-13,-1.16838181112068e-13,-5.5879130097076e-07
1882.76572,0.23342,1.67621166666667e-07,8.94666666666495e-10,8.99454948016952e-10,-1.34359404140666e-13,-1.25396588903871e-13,-1.09001737166203e-13,-5.21312656012275e-07
1892.84822,0.23467,1.68512333333333e-07,8.9275e-10,8.99471649036983e-10,6.40444857153691e-14,-9.20789729359478e-14,-9.92665748829459e-14,-4.74753184222785e-07
1902.93072,0.23592,1.69406666666667e-07,8.978333333335e-10,8.99583036988383e-10,1.25932448444629e-13,-6.47392238215618e-14,-8.85030418517196e-14,-4.23275417551702e-07
1913.01322,0.23717,1.70308e-07,9.00666666666501e-10,8.99723513933872e-10,6.09356950337804e-14,-5.32216420839029e-14,-7.75944999782965e-14,-3.71104130330983e-07
1923.09572,0.23842,1.71208e-07,9.02250000000011e-10,8.99704908378451e-10,-2.36746585425407e-13,-5.27536515612345e-14,-6.61554001170275e-14,-3.16395391864045e-07
1933.17822,0.23967,1.721125e-07,9.05833333333509e-10,8.99250020763021e-10,-5.0398838781298e-13,-4.43604202813613e-14,-5.43294655846286e-14,-2.5983657453518e-07
1943.34138,0.24093,1.73019666666667e-07,9.01583333333498e-10,8.98696931602825e-10,-1.93025323335708e-13,-3.22462723466797e-14,-4.33663563746915e-14,-2.07404313096351e-07
1953.42253566666,0.242179833333333,1.73915666666667e-07,8.92666666666492e-10,8.9886397011635e-10,3.30524662694306e-13,-2.45137863451189e-14,-3.28365112234647e-14,-1.57044184112222e-07
1963.50638,0.24343,1.74805e-07,8.90249999999997e-10,8.99357980928213e-10,3.3827493260824e-13,-1.11710261097535e-14,-2.18747220145641e-14,-1.04618235721828e-07
1973.58888,0.24468,1.75696166666667e-07,8.97916666666505e-10,8.99540519981566e-10,9.00001510049194e-14,-6.21514033735904e-16,-1.29748339475126e-14,-6.20535536620168e-08
1983.67138,0.24593,1.76600833333333e-07,9.02083333333009e-10,8.99537981230223e-10,1.38781927929091e-14,-6.31101281189403e-15,-9.18630374221106e-15,-4.39344961584007e-08
1993.75388,0.24718,1.77500333333333e-07,9.05666666666997e-10,8.99568276367152e-10,-3.85635386198562e-14,-1.5028213323752e-14,-9.16855534471688e-15,-4.38496125182112e-08
2003.91704,0.24844,1.78412166666667e-07,9.07333333333498e-10,8.99460854152983e-10,-1.94010623120793e-13,-1.44684271528102e-14,-9.40117645436704e-15,-4.49621482600163e-08
2013.99954,0.24969,1.79315e-07,8.99916666666494e-10,8.99180255120911e-10,-2.16502638793625e-13,-7.39918732341156e-15,-8.39892477626817e-15,-4.01687706691086e-08
2024.08204,0.25094,1.80212e-07,8.93499999999994e-10,8.99027848875396e-10,-8.01773539572081e-14,4.47146976388837e-15,-6.1743199340115e-15,-2.9529356206142e-08
2034.16454,0.25219,1.81102e-07,8.92500000000006e-10,8.99019900412996e-10,2.02628221775913e-15,9.46589630957274e-15,-3.11734930812203e-15,-1.49090619084097e-08
2044.24704,0.25344,1.81997e-07,8.9524999999999e-10,8.99031901439832e-10,9.47879151662122e-14,-1.20483777958121e-14,-7.044505761397e-16,-3.36911145110291e-09
2054.32954,0.25469,1.828925e-07,8.99500000000001e-10,8.99209476243329e-10,1.79086729021101e-13,-3.51891760544455e-14,2.53895161404785e-16,1.21428120671854e-09
2064.41204,0.25594,1.83796e-07,9.07250000000003e-10,8.99390074897874e-10,4.7360453616326e-14,-2.61039877037477e-14,6.74464585413729e-16,3.22570019110914e-09
2074.5752,0.2572,1.84707e-07,9.04000000000006e-10,8.99304197150561e-10,-1.38310040992053e-13,-6.6125511435461e-15,1.19950878373849e-15,5.73678113961887e-09
2084.6577,0.25845,1.85604e-07,8.96500000000011e-10,8.9911345481589e-10,-1.38840441842778e-13,-1.1421146207312e-15,1.75416723223245e-15,8.38949545850302e-09
2094.7402,0.2597,1.865e-07,8.98499999999987e-10,8.99026516266876e-10,-1.80676044020221e-14,5.67093738100633e-15,2.61072308074277e-15,1.24860669079002e-08
2104.8227,0.26095,1.87401e-07,8.97499999999999e-10,8.99077319607086e-10,6.66700642556838e-14,2.27504899709033e-14,3.30745375815408e-15,1.58182571042152e-08
2114.9052,0.2622,1.88295e-07,8.93500000000008e-10,8.99159856395387e-10,1.54279636381312e-13,3.40659563464307e-14,3.00709453648013e-15,1.4381756478818e-08
2124.9877,0.26345,1.89188e-07,9.02500000000004e-10,8.99385878879848e-10,1.57786699588964e-13,2.85455359122959e-14,2.53984628721722e-15,1.2147090938865e-08
2135.15086,0.26471,1.901e-07,9.07499999999984e-10,8.99475429794565e-10,-4.87893270484553e-14,1.41479309722696e-14,2.7754691191886e-15,1.32739827439455e-08
2145.23336,0.26596,1.91003e-07,9.01916666666496e-10,8.99288300225751e-10,-1.75654223956803e-13,-9.8561694141069e-16,3.13594889486473e-15,1.49980164537009e-08
2155.31586,0.26721,1.91903833333333e-07,8.96250000000004e-10,8.99124121346651e-10,-7.55868385070798e-14,-1.16898131933721e-14,3.88896774302904e-15,1.85994109449215e-08
2165.39836,0.26846,1.927955e-07,8.91583333333486e-10,8.99137126548737e-10,7.53886460272456e-15,-9.71125958609422e-15,5.41610769883198e-15,2.59031237770225e-08
2175.48086,0.26971,1.93687e-07,8.92416666666512e-10,8.99139199075857e-10,3.98848218507178e-14,-2.71528578467005e-15,5.61453019774365e-15,2.68521009457305e-08
2185.56336,0.27096,1.94580333333333e-07,9.01833333333518e-10,8.99216896192439e-10,1.38043896806628e-13,-9.20760341744352e-16,3.22168582321669e-15,1.54080626327755e-08
2195.72652,0.27222,1.95490666666667e-07,9.05833333333483e-10,8.9941528686947e-10,1.44239771386023e-13,-3.38738072158348e-15,4.41036925184849e-16,2.10930703349276e-09
2205.80902,0.27347,1.96392e-07,9.01500000000003e-10,8.99505375735211e-10,-2.15425792972677e-14,-7.24338043010445e-15,-6.62965699311002e-16,-3.17070551844392e-09
2215.89152,0.27472,1.97293666666667e-07,8.9808333333352e-10,8.99372201710876e-10,-2.01802419084133e-13,-7.05402406195027e-15,-3.15644497262525e-16,-1.50960411734251e-09
2225.97402,0.27597,1.98188166666667e-07,8.96749999999991e-10,8.99101770897042e-10,-1.7508607216356e-13,4.92944715304414e-15,1.47060721843566e-15,7.03333887077924e-09
2236.05652,0.27722,1.99087166666667e-07,9.00749999999996e-10,8.99022029566548e-10,-3.42335047281934e-14,2.06900415457425e-14,5.25605370063783e-15,2.51376481334853e-08
2246.13902,0.27847,1.99989666666667e-07,8.95916666666489e-10,8.99033303887586e-10,4.11372095994096e-14,1.88542550803745e-14,1.04978493010863e-14,5.02071053530214e-08
2256.22152,0.27972,2.00879e-07,8.98416666666492e-10,8.99104303985747e-10,1.35616510762278e-13,6.53524468909186e-15,1.60085972878544e-14,7.65628565940863e-08
2266.38468,0.28098,2.017865e-07,9.03500000000019e-10,8.99304536909111e-10,1.81377267888238e-13,9.12475958891698e-15,2.13813372208371e-14,1.02258569317047e-07
2276.46718,0.28223,2.02686e-07,9.01749999999997e-10,8.99467058521524e-10,9.53173722315692e-14,1.7531608793336e-14,2.61461602854764e-14,1.25046853539235e-07
2286.54968,0.28348,2.0359e-07,8.99000000000001e-10,8.99495171653574e-10,-3.15390307073115e-14,1.73621130156843e-14,2.9507429337034e-14,1.41122488133641e-07
2296.63218,0.28473,2.04484e-07,9.00166666666501e-10,8.99403980460109e-10,-7.4540193441553e-14,2.26710951205664e-14,3.21262301176795e-14,1.53647187519337e-07
2306.71468,0.28598,2.05390333333333e-07,8.98083333333494e-10,8.99346091266691e-10,-3.61654095582243e-15,4.1995930472397e-14,3.51343658775678e-14,1.68033923762281e-07
2316.79718,0.28723,2.06280166666667e-07,8.95833333333498e-10,8.99396747378198e-10,2.87869864931259e-14,5.94617098906356e-14,3.83003345922189e-14,1.83175513267134e-07
2326.96034,0.28849,2.07182e-07,8.99583333333006e-10,8.99403665239677e-10,1.35337153292751e-15,5.99837855289502e-14,4.05695049190758e-14,1.94028067004276e-07
2337.04284,0.28974,2.08079333333333e-07,9.00000000000015e-10,8.99399454121263e-10,2.74836349667665e-14,5.14221904444949e-14,4.06874183451069e-14,1.94592000780946e-07
2347.12534,0.29099,2.08982e-07,8.99166666666989e-10,8.9945863250961e-10,1.22699079638968e-13,4.15151652193483e-14,3.82730942148316e-14,1.83045233201369e-07
2357.20784,0.29224,2.09877666666667e-07,8.99500000000001e-10,8.99644852280541e-10,1.40916744057076e-13,3.25416608736239e-14,3.51798913556726e-14,1.68251654309739e-07
2367.29034,0.29349,2.10781e-07,9.00500000000015e-10,8.99740465997725e-10,-1.4045240739192e-14,2.96778243626678e-14,3.25893860798903e-14,1.55862281251649e-07
2377.37284,0.29474,2.11678666666667e-07,8.97499999999999e-10,8.99616761799063e-10,-7.10265238228153e-14,3.02967859804739e-14,2.88681152886573e-14,1.38064899206622e-07
2387.45534,0.29599,2.12576e-07,9.00666666666475e-10,8.99598412950079e-10,6.8166889392111e-14,2.34859044425232e-14,2.27507079878801e-14,1.08807733855079e-07
2397.6185,0.29725,2.1348e-07,9.02500000000004e-10,8.99753095577847e-10,1.65837089552956e-13,1.43396518644457e-14,1.5938735172331e-14,7.62287334328874e-08
2407.701,0.2985,2.14381e-07,8.99000000000014e-10,8.99930087129185e-10,8.09720114455755e-14,1.54838712334862e-14,9.70311904912398e-15,4.64062215392886e-08
2417.7835,0.29975,2.15278e-07,8.96999999999998e-10,8.99915039600738e-10,-4.20932523943314e-14,1.62574454500837e-14,3.45342270612187e-15,1.65163694640611e-08
2427.866,0.301,2.16175e-07,9.00000000000002e-10,8.99845900624396e-10,-9.48388789513245e-14,1.71019730090234e-15,-2.55106106936339e-15,-1.22007268534771e-08
2437.9485,0.30225,2.17078e-07,8.99499999999988e-10,8.99725361842836e-10,-1.03453645613668e-13,-1.97789031295202e-14,-7.54578499342079e-15,-3.60885369250559e-08
2448.031,0.3035,2.17974e-07,8.99999999999988e-10,8.99638993333169e-10,-5.93510989244338e-14,-3.50475939505806e-14,-1.13069049892862e-14,-5.40765021226731e-08
2458.19416,0.30476,2.18878e-07,9.00500000000015e-10,8.99606659644987e-10,-4.6668667458736e-14,-3.42438513689784e-14,-1.38277617733783e-14,-6.61327736987658e-08
2468.27666,0.30601,2.19775e-07,8.98833333333501e-10,8.99545655998251e-10,-3.65372564081975e-14,-2.00440927493522e-14,-1.53238041455198e-14,-7.32877589568338e-08
2478.35916,0.30726,2.20675666666667e-07,8.99499999999975e-10,8.9953358513217e-10,1.62546150551976e-14,-1.85100118351039e-14,-1.72705831339863e-14,-8.25984410755866e-08
2488.44166,0.30851,2.21574e-07,8.99666666666514e-10,8.99578165228362e-10,1.21669422492575e-13,-2.78961532478884e-14,-2.00442948344524e-14,-9.5864018773468e-08
2498.52416,0.30976,2.22475e-07,9.01000000000029e-10,8.99776923977156e-10,8.0446329478265e-14,-2.5090958129019e-14,-2.18576043325828e-14,-1.04536368547135e-07
2508.60666,0.31101,2.23376e-07,9.03999999999993e-10,8.99739057887318e-10,-1.61049325398281e-13,-9.84993508832993e-15,-2.23378750866031e-14,-1.0683331563158e-07
2518.76982,0.31227,2.24283e-07,9.03499999999992e-10,8.99454825326359e-10,-1.97582806715153e-13,-5.04805813047928e-15,-2.30403323686786e-14,-1.10192893937159e-07
2528.85232,0.31352,2.25183e-07,8.98500000000013e-10,8.99343892273888e-10,3.61276586134313e-15,-1.33387420235181e-14,-2.47277289864306e-14,-1.18263051674233e-07
2538.93482,0.31477,2.2608e-07,8.95666666666483e-10,8.99462050858082e-10,1.03248846715406e-13,-2.10884109395685e-14,-2.68765726996497e-14,-1.28540130302672e-07
2549.01732,0.31602,2.26974333333333e-07,8.96833333333499e-10,8.99550389967319e-10,9.22567140047336e-14,-2.83494074520682e-14,-2.87591401030358e-14,-1.37543713536258e-07
2559.09982,0.31727,2.27873666666667e-07,8.96833333333512e-10,8.99646564286091e-10,2.20361729527413e-14,-2.92560025500175e-14,-3.0682154003954e-14,-1.4674073654065e-07
2569.18232,0.31852,2.28768e-07,8.9641666666649e-10,8.99594462313224e-10,-1.03348886723321e-13,-2.56025853088073e-14,-3.37480369657982e-14,-1.61403655053817e-07
2579.26482,0.31977,2.296665e-07,9.06833333333497e-10,8.99439866512644e-10,-9.35572342144858e-14,-3.36038688064096e-14,-3.81366634075852e-14,-1.82392738036277e-07
2589.42798,0.32103,2.30581666666667e-07,9.06583333333503e-10,8.99407347844795e-10,-4.13354020863265e-14,-5.07660393916876e-14,-4.27567414173977e-14,-2.04488763300598e-07
2599.51048,0.32228,2.31479666666667e-07,8.97583333333004e-10,8.99357195708472e-10,-9.05796280751902e-14,-4.84269626734434e-14,-4.62431868537697e-14,-2.21163067561507e-07
2609.59298,0.32353,2.32376833333333e-07,8.94166666666494e-10,8.99226188588645e-10,-1.46702077058404e-13,-3.71822993816755e-14,-4.8821508721016e-14,-2.3349417214399e-07
2619.67548,0.32478,2.33268e-07,8.95000000000009e-10,8.99063791554355e-10,-4.44460803224186e-14,-4.94904790516984e-14,-5.11644217823263e-14,-2.44699408524169e-07
2629.75798,0.32603,2.34166833333333e-07,8.97000000000011e-10,8.99137296428e-10,6.16331438227754e-14,-6.8584095083342e-14,-5.30116263376345e-14,-2.53533865093035e-07
2639.84048,0.32728,2.35062e-07,9.02166666667006e-10,8.99187057842001e-10,2.08253112573838e-14,-7.21864578363786e-14,-5.36788250473847e-14,-2.56724815444014e-07
2650.00364,0.32854,2.35971166666667e-07,9.02999999999992e-10,8.99178947050515e-10,-1.20265087165953e-14,-6.50396363495376e-14,-5.30672306096812e-14,-2.53799798568041e-07
2660.08614,0.32979,2.36868e-07,8.97916666666492e-10,8.99163004824567e-10,-9.55306650964033e-14,-5.1076253405536e-14,-5.11879115366848e-14,-2.44811750827623e-07
2670.16864,0.33104,2.37767e-07,8.98499999999987e-10,8.98987885720322e-10,-2.19726569873091e-13,-4.24568268035555e-14,-4.77173315637945e-14,-2.28213324870322e-07
2680.25114,0.33229,2.38665e-07,8.94000000000008e-10,8.98723551684821e-10,-1.16329550688244e-13,-4.3492390325256e-14,-4.29578781631965e-14,-2.0545072165007e-07
2690.33364,0.33354,2.39555e-07,8.94083333333503e-10,8.98755226618946e-10,8.56880488044206e-14,-3.82623766902108e-14,-3.63960516013082e-14,-1.74068072875822e-07
2700.41614,0.33479,2.40453166666667e-07,9.01583333333498e-10,8.9889492778243e-10,1.23086970633925e-14,-2.73619526324999e-14,-2.77921098159262e-14,-1.32918786076169e-07
2710.5793,0.33605,2.41358166666667e-07,9.05416666666513e-10,8.98779844013072e-10,-8.21385157840196e-14,-1.72320644505406e-14,-1.91291477569473e-14,-9.14872284027914e-08
2720.6618,0.3373,2.42264e-07,9.03916666666472e-10,8.98730650750862e-10,7.01412640770262e-15,-1.02801620134504e-14,-1.14412483666243e-14,-5.47190139273336e-08
2730.7443,0.33855,2.43166e-07,8.99333333333515e-10,8.98793872265888e-10,2.36604075619011e-14,-7.57449969720295e-15,-3.11449797777325e-15,-1.48954251110895e-08
2740.8268,0.3398,2.44062666666667e-07,8.95250000000016e-10,8.98777971565986e-10,3.54858922309023e-16,-5.76185065241687e-15,6.63510082930518e-15,3.17330909227639e-08
2750.9093,0.34105,2.449565e-07,8.92833333332992e-10,8.98794581983732e-10,7.38031061515558e-15,4.32449281596451e-15,1.63573966401673e-14,7.82310274094958e-08
2760.9918,0.3423,2.45848333333333e-07,8.94750000000002e-10,8.98792732187216e-10,-2.27015334411697e-14,2.42005281270432e-14,2.44489398727273e-14,1.16929712434783e-07
2771.0743,0.34355,2.46746e-07,9.05333333333495e-10,8.9874917891685e-10,5.06598865926677e-14,4.24635442886895e-14,3.0300021710085e-14,1.44913147309102e-07
2781.23746,0.34481,2.47659e-07,9.06083333333516e-10,8.98894051960401e-10,1.1235815080515e-13,5.09095136698663e-14,3.35838662627687e-14,1.60618490821937e-07
2791.31996,0.34606,2.48558166666667e-07,8.97666666666485e-10,8.9897389521846e-10,5.57147387208244e-14,5.10832760197216e-14,3.51134070314168e-14,1.67933685802428e-07
2801.40246,0.34731,2.49454333333333e-07,8.95583333332988e-10,8.99005481437843e-10,4.0704017453485e-14,5.15766753132038e-14,3.65544914860471e-14,1.74825828846312e-07
2811.48496,0.34856,2.50349333333333e-07,8.95833333333498e-10,8.99055303253367e-10,-4.80380830772458e-15,4.45577905489027e-14,3.83583835322278e-14,1.83453138632394e-07
2821.56746,0.34981,2.51246e-07,8.98333333333514e-10,8.98995873821228e-10,-8.15439383276632e-14,3.26147815890642e-14,3.97177571036644e-14,1.89954490495786e-07
2831.64996,0.35106,2.52146e-07,8.99000000000014e-10,8.98892215376712e-10,3.10614811960466e-14,3.74253965526933e-14,3.94235053284537e-14,1.88547199396952e-07
2841.81312,0.35232,2.53044e-07,8.98166666666472e-10,8.9905799678362e-10,2.17369023086818e-13,4.53167928865978e-14,3.71033710395532e-14,1.77450904971776e-07
2851.89562,0.35357,2.53942333333333e-07,8.991666666665e-10,8.99326953422886e-10,1.73041858251483e-13,4.09544072001429e-14,3.28605761807822e-14,1.5715927738635e-07
2861.97812,0.35482,2.54842333333333e-07,9.01333333333517e-10,8.99404080500123e-10,5.3259039458134e-14,2.93287715456502e-14,2.7380333460934e-14,1.30949420900119e-07
2872.06062,0.35607,2.55745e-07,9.03333333333493e-10,8.99433471501802e-10,-4.1837489717678e-14,9.35857729659358e-15,2.18359711270963e-14,1.04432905390461e-07
2882.14312,0.35732,2.56649e-07,8.96583333333492e-10,8.99320405520687e-10,-1.68658029252104e-13,-6.22557213335993e-15,1.71584158430107e-14,8.2061988814399e-08
2892.22562,0.35857,2.57538166666667e-07,8.93500000000021e-10,8.99096155443298e-10,-1.12890439184995e-13,-5.79141739504275e-15,1.40047163186435e-14,6.69790780456863e-08
2902.30812,0.35982,2.58436e-07,8.97916666666492e-10,8.99094624642317e-10,4.5887222823716e-14,1.31972055821562e-14,1.21596747670942e-14,5.8154966277407e-08
2912.47128,0.36108,2.59334e-07,9.00500000000002e-10,8.99187929888945e-10,1.24137390798894e-13,3.55624748190007e-14,1.06251713033494e-14,5.08160366681928e-08
2922.55378,0.36233,2.60237e-07,9.03249999999999e-10,8.99342899423915e-10,1.18535149904239e-13,3.03938234461003e-14,9.21609310875996e-15,4.40769670418955e-08
2932.63628,0.36358,2.611405e-07,9.04999999999994e-10,8.99425000188754e-10,-5.16904875110906e-14,3.94987974670215e-16,8.67411654596288e-15,4.14849052198225e-08
2942.71878,0.36483,2.62047e-07,8.98249999999993e-10,8.99239518448893e-10,-1.40700619870464e-13,-2.07970218003844e-14,8.63937590957963e-15,4.13187543501634e-08
2952.80128,0.36608,2.62937e-07,8.93499999999994e-10,8.99143598949013e-10,-5.46982944131999e-14,-1.73619954668711e-14,8.6960259363352e-15,4.15896892607336e-08
2962.88378,0.36733,2.63834e-07,9.02500000000004e-10,8.99130121860067e-10,3.27017599499838e-14,-7.76376225623815e-16,9.55195696581509e-15,4.56832724452026e-08
2973.04694,0.36859,2.64742e-07,9.01500000000003e-10,8.99209002468913e-10,1.36052534221397e-13,2.14986871848994e-14,1.03659811636165e-14,4.95764316520789e-08
2983.12944,0.36984,2.65637e-07,8.9600000000001e-10,8.99402226928509e-10,2.14333846752668e-13,3.65979707744101e-14,9.99489571963918e-15,4.7801675180883e-08
2993.21194,0.37109,2.66534e-07,8.98999999999987e-10,8.99637670162418e-10,1.49244603505802e-13,3.34140956216798e-14,9.86759654126051e-15,4.71928530234198e-08
3003.29444,0.37234,2.67435e-07,8.98000000000013e-10,8.99700716135521e-10,-1.5646069749273e-13,2.13240871923573e-14,1.0812446253402e-14,5.17116994727922e-08
3013.37694,0.37359,2.6833e-07,9.00166666666501e-10,8.99324748767433e-10,-3.33541907330985e-13,8.7590684016999e-15,1.14385188576082e-14,5.47059597537783e-08
3023.45944,0.37484,2.69235333333333e-07,9.05999999999995e-10,8.99033632320859e-10,-1.02956276848102e-13,2.4083538443653e-15,1.11085804458873e-14,5.31279934368523e-08
3033.6226,0.3761,2.70142e-07,9.00833333333504e-10,8.99118836213736e-10,1.48236653155031e-13,9.27509512461393e-15,1.13717558685701e-14,5.4386658501857e-08
3043.7051,0.37735,2.71037e-07,8.98499999999973e-10,8.99330105627169e-10,1.96993891899921e-13,1.67801668270039e-14,1.33135492324866e-14,6.36734963292837e-08
3053.7876,0.3786,2.71939e-07,8.96583333333492e-10,8.99512823997536e-10,1.71081640197891e-13,1.4741890452324e-14,1.5908666022592e-14,7.60849244558748e-08
3063.8701,0.37985,2.72830166666667e-07,8.9600000000001e-10,8.99672268907565e-10,7.9412897230672e-14,9.53325781262889e-15,1.74663467701416e-14,8.35347019441555e-08
3073.9526,0.3811,2.73731e-07,8.98916666666519e-10,8.99671649791998e-10,-7.86031393653697e-14,8.16664474903032e-16,1.78548112940251e-14,8.53925757540331e-08
3084.0351,0.38235,2.74628e-07,8.99500000000028e-10,8.99515062628834e-10,-1.29497081849823e-13,-6.29886870605616e-15,1.84956242419024e-14,8.84573333308376e-08
3094.1176,0.3836,2.7553e-07,9.01500000000003e-10,8.99412655628298e-10,-1.17413002942147e-13,8.98405770357636e-15,1.99525698344649e-14,9.54253339909191e-08
3104.28076,0.38486,2.76431e-07,8.99500000000001e-10,8.9928023662295e-10,-5.18188407497012e-14,4.22284964979733e-14,2.19029112479961e-14,1.04753053794764e-07
3114.36326,0.38611,2.77329e-07,8.97499999999999e-10,8.99309017946798e-10,1.00162706594851e-13,4.96131366240626e-14,2.35077105559368e-14,1.12428180919698e-07
3124.44576,0.38736,2.78226e-07,8.94499999999969e-10,8.9948056203614e-10,1.90148700992436e-13,2.46895244792095e-14,2.41159220166891e-14,1.15337018340687e-07
3134.52826,0.38861,2.79118e-07,8.98833333333501e-10,8.99689315348783e-10,1.18957960546149e-13,1.19830337278855e-14,2.41018357163036e-14,1.15269649077974e-07
3144.61076,0.38986,2.80023666666667e-07,9.04500000000033e-10,8.99718477957232e-10,-4.00924520702399e-14,2.15460622184268e-14,2.36621738077574e-14,1.13166918211014e-07
3154.69326,0.39111,2.80927e-07,9.0308333333301e-10,8.99609130444643e-10,-8.87845704363834e-14,3.10029286587999e-14,2.24615644771639e-14,1.07424873586436e-07
3164.85642,0.39237,2.81829833333333e-07,9.01999999999964e-10,8.99540908816359e-10,-5.65962234002067e-14,3.66515637937659e-14,2.07434854099333e-14,9.9207973699681e-08
3174.93892,0.39362,2.82731e-07,8.94916666666991e-10,8.99495937997842e-10,5.65716852752087e-14,3.59323107137177e-14,1.84887494307255e-14,8.8424453799122e-08
3185.02142,0.39487,2.83619666666667e-07,8.97166666666524e-10,8.99654052186909e-10,2.25849773866686e-13,2.95707561799724e-14,1.54801513520546e-14,7.40355064663481e-08
3195.10392,0.39612,2.84525333333333e-07,9.01166666666476e-10,8.99947637545576e-10,1.44774891088576e-13,1.99449175267629e-14,1.2265634038284e-14,5.86617280091844e-08
3205.18642,0.39737,2.85422e-07,8.97166666667e-10,8.99943601969087e-10,-8.5980618656887e-14,1.19960120792153e-15,8.82403209076603e-15,4.22018926080114e-08
3215.26892,0.39862,2.86319666666667e-07,9.01583333333524e-10,8.99775676308262e-10,-8.90875217981379e-14,-1.77277761301674e-14,5.01387319581631e-15,2.39793935452084e-08
3225.35142,0.39987,2.87225166666667e-07,9.03750000000013e-10,8.9976542692549e-10,3.72035606692247e-14,-2.20402633668315e-14,2.19634394392612e-15,1.05042536448641e-08
3235.51458,0.40113,2.88127166666667e-07,8.99916666666494e-10,8.99850083429601e-10,-2.78941765413693e-14,-9.31808449736894e-15,1.79842150464953e-15,8.60114632658471e-09
3245.59708,0.40238,2.89025e-07,8.93916666666487e-10,8.99709638572408e-10,-1.42331460886161e-13,4.96524483964984e-15,2.83832524236103e-15,1.35745989852049e-08
3255.67958,0.40363,2.89915e-07,8.94333333333509e-10,8.99565420507828e-10,-8.22659252333327e-14,4.89462440193637e-15,2.8808242770731e-15,1.37778552381757e-08
3265.76208,0.40488,2.90813666666667e-07,9.05999999999995e-10,8.99545106721941e-10,6.65832370323055e-15,-5.26838749315418e-15,1.16476308223808e-15,5.57060604548647e-09
3275.84458,0.40613,2.91727e-07,9.0516666666648e-10,8.99578737155235e-10,8.35456824168054e-14,-9.9617280037025e-15,-6.8111828600886e-16,-3.25752223743368e-09
3285.92708,0.40738,2.92624e-07,9.04083333333514e-10,8.99712198086775e-10,3.10482683647745e-14,-4.85508740909709e-15,-1.1726754253037e-15,-5.60844768623509e-09
3296.09024,0.40864,2.93535166666667e-07,9.02500000000004e-10,8.99640833691964e-10,-2.67654231490623e-14,8.07193694696589e-15,4.30542938767001e-16,2.0591184027987e-09
3306.17274,0.40989,2.94429e-07,8.95416666666502e-10,8.99658667240476e-10,4.90545274723446e-14,2.16224616121738e-14,3.47858291492472e-15,1.66367008974661e-08
3316.25524,0.41114,2.95326e-07,8.92499999999993e-10,8.99738942746909e-10,9.56023919049515e-14,2.46442366072689e-14,6.46705604127396e-15,3.09293984582668e-08
3326.33774,0.41239,2.96214e-07,8.96499999999971e-10,8.99849872024286e-10,7.71195270564406e-14,2.11800621977161e-14,9.04377012607012e-15,4.32528136464223e-08
3336.42024,0.41364,2.97119e-07,9.04000000000019e-10,8.99893181801022e-10,-1.39301003930649e-15,1.61786941792186e-14,1.1233648736426e-14,5.3726146130733e-08
3346.50274,0.41489,2.98022e-07,9.03500000000006e-10,8.99847086004208e-10,-4.50000755064663e-14,9.92471288272289e-15,1.28517545170032e-14,6.14649129074066e-08
3356.6659,0.41615,2.98926e-07,9.04333333333468e-10,8.99803181650009e-10,-6.6139663430601e-15,5.74210082080907e-15,1.35478946145968e-14,6.47942785915499e-08
3366.7484,0.4174,2.99830666666667e-07,9.00166666666501e-10,8.99833858071522e-10,5.76098363901899e-14,-1.19425356887672e-15,1.48157122893908e-14,7.08577544275212e-08
3376.8309,0.41865,3.00726333333333e-07,8.97416666666531e-10,8.99918401322789e-10,-2.50345421169721e-14,-4.36021244670862e-15,1.81192251133623e-14,8.66571635856458e-08
3386.9134,0.4199,3.016255e-07,8.98333333333514e-10,8.99783788987288e-10,-8.72669822627683e-14,1.35661319484309e-14,2.17897656270511e-14,1.04211922564157e-07
3396.9959,0.42115,3.02523e-07,8.97416666666504e-10,8.99743867358264e-10,1.61649565516079e-14,3.39659909925706e-14,2.44429345151231e-14,1.16900991159284e-07
3407.0784,0.4224,3.03420333333333e-07,8.97749999999979e-10,8.99816118900391e-10,2.39784593038993e-14,3.81626291548773e-14,2.69747260231992e-14,1.29009559241387e-07
3417.1609,0.42365,3.043185e-07,8.99833333333476e-10,8.99791824276871e-10,-4.82174001736571e-14,2.79867151110212e-14,2.99967885383459e-14,1.43462901705133e-07
3427.32406,0.42491,3.0522e-07,9.0175000000001e-10,8.99719684100044e-10,-1.35327715959157e-14,1.96969206928852e-14,3.244659907656e-14,1.55179386887896e-07
3437.40656,0.42616,3.06122e-07,8.98083333333507e-10,8.9976475873368e-10,1.56448428430541e-13,2.99393132460809e-14,3.36663334336459e-14,1.6101289903048e-07
3447.48906,0.42741,3.07016166666667e-07,8.95583333333517e-10,9.00032580956905e-10,1.87378725069612e-13,4.44114068937078e-14,3.41580671018098e-14,1.63364668747786e-07
3457.57156,0.42866,3.07913166666667e-07,8.98916666666519e-10,9.00139516183819e-10,4.56418416435295e-14,4.61758917002882e-14,3.42683699626651e-14,1.63892204169268e-07
3467.65406,0.42991,3.08814e-07,8.98916666666466e-10,9.00123864640192e-10,1.03581998845196e-13,4.12837160509161e-14,3.4195392213945e-14,1.6354318015365e-07
3477.73656,0.43116,3.09711e-07,9.02499999999978e-10,9.00346680181509e-10,1.52982891273949e-13,5.1289237747121e-14,3.4382706154006e-14,1.64439029432203e-07
3487.89972,0.43242,3.10619e-07,8.99000000000014e-10,9.0042983042274e-10,-5.05343646899997e-14,5.61083334076213e-14,3.56777129086154e-14,1.70632539997726e-07
3497.98222,0.43367,3.11509e-07,9.0108333333351e-10,9.00245611452129e-10,-1.99728004413016e-13,3.93946981548797e-14,3.74855528336884e-14,1.79278730943727e-07
3508.06472,0.43492,3.12421166666667e-07,9.04416666666486e-10,9.00030374413914e-10,-1.33745951207622e-13,3.28054831204801e-14,3.77257945337878e-14,1.80427712987681e-07
3518.14722,0.43617,3.13317833333333e-07,8.9941666666648e-10,8.99978119549714e-10,1.26448692691639e-13,3.50611473934554e-14,3.6826048571372e-14,1.76124580123953e-07
3528.22972,0.43742,3.1422e-07,8.99583333333522e-10,9.00283271799297e-10,2.50346364957209e-13,2.16608897717184e-14,3.70879388116691e-14,1.77377098664504e-07
3538.31222,0.43867,3.15117e-07,9.03000000000018e-10,9.00478812279628e-10,6.71126941290437e-14,2.02080807650249e-16,3.88722502019412e-14,1.85910761835371e-07
3548.39472,0.43992,3.16026e-07,9.06499999999983e-10,9.00417497187555e-10,-8.04312290942991e-14,3.88188360522438e-15,4.00981470686793e-14,1.91773746850205e-07
3558.55788,0.44118,3.1693e-07,9.02000000000017e-10,9.0031794982144e-10,-2.83132121143389e-15,3.03193041940738e-14,4.03884234786378e-14,1.93162025332616e-07
3568.64038,0.44243,3.1783e-07,8.97500000000025e-10,9.00411834545132e-10,1.17270493096771e-13,5.01694389468272e-14,4.18832204637609e-14,2.003110543919e-07
3578.72288,0.44368,3.18725e-07,8.94416666666474e-10,9.00552490807633e-10,-1.64358196095389e-14,6.35316238291424e-14,4.48241128471473e-14,2.14376191877661e-07
3588.80538,0.44493,3.19618833333333e-07,8.985e-10,9.00378962905913e-10,-6.62444222935479e-14,7.37604064795637e-14,4.729971130889e-14,2.26216010607735e-07
3598.88788,0.44618,3.20522e-07,9.02083333333512e-10,9.00420001963046e-10,1.30388948033065e-13,7.33513837659889e-14,4.8605630375544e-14,2.32461710491732e-07
3608.97038,0.44743,3.21423e-07,9.04833333333482e-10,9.00639740801979e-10,9.78976496317218e-14,5.29049481462256e-14,4.99686583859565e-14,2.38980540106748e-07
3619.13354,0.44869,3.22331666666667e-07,9.0099999999999e-10,9.0061579726231e-10,-2.7255241716519e-14,2.64791632172829e-14,5.05552074351848e-14,2.41785774690014e-07
3629.21604,0.44994,3.23225e-07,8.9666666666651e-10,9.00585230318546e-10,8.7691680440363e-14,3.06638146210594e-14,4.80422301210677e-14,2.29767187535541e-07
3639.29854,0.45119,3.24125e-07,8.99999999999988e-10,9.0079118062319e-10,2.57541695923079e-13,5.6734245754189e-14,4.31660076110975e-14,2.06446123357423e-07
3649.38104,0.45244,3.25025e-07,9.00500000000002e-10,9.01100313710392e-10,1.61643902844091e-13,5.94529015424298e-14,3.7569357373945e-14,1.79679535266693e-07
3659.46354,0.45369,3.25926e-07,9.03000000000018e-10,9.01114468428879e-10,-7.09076083297346e-14,4.0997903785745e-14,3.08077834245817e-14,1.47341572900173e-07
3669.54604,0.45494,3.26831e-07,9.06500000000009e-10,9.00958498493733e-10,-1.65900322392503e-13,3.64751280878519e-14,2.17526676568384e-14,1.04034497489227e-07
3679.7092,0.4562,3.27739e-07,9.08999999999999e-10,9.00782667784094e-10,-7.33736890965432e-14,3.48882163250614e-14,1.13056389420676e-14,5.40704471142363e-08
3689.7917,0.45745,3.28649e-07,8.98249999999993e-10,9.0081175111554e-10,4.81013160008026e-14,1.17338563643036e-14,1.54136394437109e-15,7.37174060351391e-09
3699.8742,0.4587,3.295355e-07,8.91000000000005e-10,9.00878870416095e-10,6.66021126006032e-15,-1.57021796951395e-14,-7.41630676685595e-15,-3.54692932327893e-08
3709.9567,0.45995,3.30431e-07,8.99249999999994e-10,9.0082507153806e-10,6.72901235986768e-14,-2.70567665331827e-14,-1.56378331763847e-14,-7.47896369305355e-08
3720.0392,0.4612,3.31334e-07,8.99000000000014e-10,9.01013450663293e-10,1.53741685349642e-13,-3.57926142363282e-14,-2.18516318666653e-14,-1.04507804579704e-07
3730.1217,0.46245,3.32229e-07,8.94500000000022e-10,9.01132554908759e-10,-2.41039812164418e-14,-5.10503578805714e-14,-2.53147176234866e-14,-1.21070388634066e-07
3740.2042,0.4637,3.33123e-07,9.01500000000003e-10,9.0096524270086e-10,-2.0649391832134e-13,-5.55562573376446e-14,-2.76116168127217e-14,-1.32055558669539e-07
3750.36736,0.46496,3.34032e-07,9.07999999999997e-10,9.00719567072116e-10,-8.45555203216151e-14,-4.01483486766943e-14,-2.98674918558983e-14,-1.4284452626734e-07
3760.44986,0.46621,3.34939e-07,9.03499999999979e-10,9.00796131660216e-10,2.72552417153299e-14,-2.21752603908333e-14,-2.94749004497785e-14,-1.40966915194593e-07
3770.53236,0.46746,3.35839e-07,8.97166666666497e-10,9.00774077555547e-10,-1.53787930277705e-13,-1.67927825027497e-14,-2.46802323629665e-14,-1.1803589390984e-07
3780.61486,0.46871,3.36733333333333e-07,8.95916666666516e-10,9.00488555799661e-10,-1.2420882722481e-13,-1.98860543561088e-14,-1.71450094937157e-14,-8.19978714916838e-08
3790.69736,0.46996,3.37630833333333e-07,8.99333333333489e-10,9.00525659901097e-10,4.00830143379449e-14,-1.84408102058463e-14,-8.29546233621292e-15,-3.9673950303627e-08
3800.77986,0.47121,3.38532e-07,9.08583333333506e-10,9.00568721828337e-10,4.60408401399002e-14,-7.03035204348562e-15,2.44781843168957e-15,1.17069577167762e-08
3810.94302,0.47247,3.39448e-07,9.10749999999994e-10,9.00617741581377e-10,5.1998665940925e-14,3.83221882580716e-15,1.51691634909821e-14,7.25481732177405e-08
3821.02552,0.47372,3.403535e-07,8.97583333333493e-10,9.00672719160219e-10,5.79564917420531e-14,2.17953787989994e-14,2.82417170714652e-14,1.35069081646138e-07
3831.10802,0.47497,3.41243166666667e-07,8.90583333333512e-10,9.00733654564861e-10,6.39143175431812e-14,5.13102692559329e-14,4.07093377950907e-14,1.94696832933042e-07
3841.19052,0.47622,3.42134666666667e-07,9.03416666666485e-10,9.00800547795305e-10,6.98721433443093e-14,7.1801356288604e-14,5.29350436761578e-14,2.5316760019032e-07
3851.27302,0.47747,3.4305e-07,9.0425e-10,9.0087339885155e-10,7.58299691454375e-14,7.64566144721181e-14,6.46532261461755e-14,3.09211081568665e-07
3861.35552,0.47872,3.43943166666667e-07,8.985e-10,9.00952207733596e-10,8.17877949464622e-14,8.55605247960859e-14,7.49652560808471e-14,3.58529485604051e-07
3871.43802,0.47997,3.44847e-07,9.08916666666478e-10,9.01036974441443e-10,8.77456207475903e-14,1.01850799009633e-13,8.40355231601538e-14,4.01909023809431e-07
3881.60118,0.48123,3.45761e-07,9.06749999999989e-10,9.01127698975091e-10,9.37034465488218e-14,1.02554416374021e-13,9.29369726336524e-14,4.44481173465294e-07
3891.68368,0.48248,3.466605e-07,8.9575000000003e-10,9.01224381334541e-10,9.966127234995e-14,9.96612723499263e-14,1.01974496207704e-13,4.87704112297715e-07
3901.76618,0.48373,3.475525e-07,8.91250000000012e-10,9.01327021519791e-10,1.05619098150975e-13,1.05619098150992e-13,1.10431044969448e-13,5.28148475940838e-07
3911.84868,0.48498,3.48443e-07,8.9874999999998e-10,9.01435619530842e-10,1.11576923952103e-13,1.11576923952106e-13,1.17584845677622e-13,5.62362305414714e-07
3921.93118,0.48623,3.4935e-07,9.04500000000007e-10,9.01550175367695e-10,1.17534749753231e-13,1.17534749753215e-13,1.24853206498168e-13,5.97124031078195e-07
3932.01368,0.48748,3.50252e-07,9.07999999999997e-10,9.01670689030349e-10,1.23492575554359e-13,1.23659098635717e-13,1.31609299746649e-13,6.29435781397017e-07
3942.17684,0.48874,3.51166e-07,9.03999999999993e-10,9.01797160518804e-10,1.29450401355487e-13,1.29569826999673e-13,1.37853125423077e-13,6.59297556371238e-07
3952.25934,0.48999,3.5206e-07,8.99000000000014e-10,9.0192958983306e-10,1.35408227156615e-13,1.35463734850356e-13,1.43584683527477e-13,6.86709356000977e-07
3962.34184,0.49124,3.52964e-07,8.99500000000001e-10,9.02067976973117e-10,1.4136605295764e-13,1.41340822187764e-13,1.48803974059747e-13,7.11671180285747e-07
3972.42434,0.49249,3.53859e-07,8.9299999999998e-10,9.02212321938975e-10,1.47323878758561e-13,1.47201089011905e-13,1.53510997019964e-13,7.34183029225915e-07
3982.50684,0.49374,3.5475e-07,8.93499999999994e-10,9.02362624730634e-10,1.53281704559896e-13,1.53044535322774e-13,1.57705752408179e-13,7.54244902821726e-07
3992.58934,0.49499,3.55646e-07,9.06666666666521e-10,9.02518885348095e-10,1.59239530361024e-13,1.58871161120372e-13,1.61388240224264e-13,7.71856801072567e-07
4002.7525,0.49625,3.56563333333333e-07,9.07000000000023e-10,9.02681103791356e-10,1.65197356162153e-13,1.64680966404698e-13,1.64558460468348e-13,7.87018723979056e-07
4012.835,0.4975,3.5746e-07,8.98333333333487e-10,9.02849280060419e-10,1.71155181963281e-13,1.70473951175749e-13,1.67216413140301e-13,7.9973067154057e-07
4022.9175,0.49875,3.5836e-07,9.05583333333476e-10,9.03023414155283e-10,1.77113007764409e-13,1.76250115433533e-13,1.693620982402e-13,8.09992643757478e-07
4033,0.5,3.59271166666667e-07,9.1116666666699e-10,9.03203506075948e-10,1.80091920665076e-13,1.82009459178045e-13,1.70995515768099e-13,8.17804640630039e-07
