wvnmbr,Voltage,Current,DerivativeY1,DerivativeY1_1,DerivativeY2,DerivativeY2_1,DerivativeY2_2,Alpha
-4032.951604,-0.499994,-3.056661e-07,1.88109999999998e-09,1.5666001323316e-09,-4.83481697259456e-11,-5.02939108856547e-11,-5.00966924728805e-11,NaN
-4022.8699106,-0.4987441,-3.03785e-07,1.79590000000001e-09,1.51825196260565e-09,-4.76274155926522e-11,-4.86482074865092e-11,-4.8534614505453e-11,NaN
-4012.770472,-0.497492,-3.020743e-07,1.64000000000001e-09,1.47134530114629e-09,-4.61859073260654e-11,-4.70056132088285e-11,-4.69638918337395e-11,NaN
-4002.6855522,-0.4962417,-3.00505e-07,1.47915e-09,1.42588014795352e-09,-4.47443990594786e-11,-4.53661280526126e-11,-4.53845244577399e-11,NaN
-3992.532878,-0.494983,-2.99116e-07,1.29459999999999e-09,1.38185650302734e-09,-4.33028907928919e-11,-4.37297520178615e-11,-4.37965123774543e-11,NaN
-3982.4527978,-0.4937333,-2.979158e-07,1.2225e-09,1.33927436636774e-09,-4.18613825263052e-11,-4.20964851045752e-11,-4.21998555928827e-11,NaN
-3972.359812,-0.492482,-2.96671e-07,1.18590000000003e-09,1.29813373797472e-09,-4.04198742597185e-11,-4.04663273127536e-11,-4.05945541040251e-11,NaN
-3962.2765054,-0.4912319,-2.95544e-07,1.03260000000001e-09,1.2584346178483e-09,-3.89783659931316e-11,-3.88392786423968e-11,-3.89806079108814e-11,NaN
-3952.210944,-0.489984,-2.946058e-07,1.04529999999997e-09,1.22017700598846e-09,-3.75368577265449e-11,-3.72153390935049e-11,-3.73580170134517e-11,NaN
-3942.104246,-0.488731,-2.934534e-07,1.13425e-09,1.18336090239521e-09,-3.60953494599582e-11,-3.55945086660776e-11,-3.5726781411736e-11,NaN
-3931.949152,-0.487472,-2.923373e-07,1.05870000000001e-09,1.14798630706855e-09,-3.46538411933715e-11,-3.39767873601152e-11,-3.40869011057342e-11,NaN
-3921.8650388,-0.4862218,-2.91336e-07,1.01415e-09,1.11405322000847e-09,-3.32123329267846e-11,-3.23621751756175e-11,-3.24383760954464e-11,NaN
-3911.76802,-0.48497,-2.90309e-07,1.00195e-09,1.08156164121498e-09,-3.17708246601978e-11,-3.07506721125847e-11,-3.07812063808726e-11,NaN
-3901.516134,-0.483699,-2.893321e-07,9.72849999999977e-10,1.05051157068807e-09,-3.03293163936112e-11,-2.91422781710166e-11,-2.91214240455592e-11,NaN
-3891.336842,-0.482437,-2.883633e-07,9.18549999999992e-10,1.02090300842775e-09,-2.88878081270244e-11,-2.75369933509133e-11,-2.74412776779284e-11,NaN
-3881.423728,-0.481208,-2.87495e-07,9.12650000000004e-10,9.92735954434023e-10,-2.74462998604376e-11,-2.59348176522747e-11,-2.57374761630609e-11,NaN
-3871.333162,-0.479957,-2.86538e-07,9.16400000000028e-10,9.66010408706878e-10,-2.60047915938509e-11,-2.4335751075101e-11,-2.40120385840046e-11,NaN
-3861.266794,-0.478709,-2.856622e-07,8.71950000000014e-10,9.40726371246321e-10,-2.45632833272641e-11,-2.2739793619392e-11,-2.22680889922934e-11,NaN
-3851.131865,-0.4774525,-2.847941e-07,9.08599999999977e-10,9.1688384205235e-10,-2.31217750606774e-11,-2.08783324629829e-11,-2.05134106205578e-11,NaN
-3841.085662,-0.476207,-2.83845e-07,8.94400000000003e-10,8.94482821124966e-10,-2.16802667940907e-11,-1.89600290398369e-11,-1.87575834381338e-11,NaN
-3830.9620254,-0.4749519,-2.830053e-07,8.67000000000004e-10,8.73523308464169e-10,-2.02387585275038e-11,-1.70450563980568e-11,-1.70120746368079e-11,NaN
-3820.8617802,-0.4736997,-2.82111e-07,8.80049999999988e-10,8.54005304069959e-10,-1.87972502609171e-11,-1.52449820387843e-11,-1.52942593220219e-11,NaN
-3810.805898,-0.472453,-2.812452e-07,8.5804999999999e-10,8.35928807942335e-10,-1.73557419943304e-11,-1.35655419469396e-11,-1.36134812925309e-11,NaN
-3800.5685308,-0.4711838,-2.803949e-07,8.45300000000008e-10,8.19293820081298e-10,-1.59142337277436e-11,-1.19244755838649e-11,-1.19718122995696e-11,NaN
-3790.302126,-0.469911,-2.795546e-07,8.7005000000003e-10,8.04100340486848e-10,-1.44727254611568e-11,-1.02578652776402e-11,-1.03829485585829e-11,NaN
-3780.1809092,-0.4686562,-2.786548e-07,8.04549999999995e-10,7.90348369158984e-10,-7.24482640777631e-12,-8.62260681433198e-12,-8.86421903172405e-12,NaN
-3770.2427906,-0.4674241,-2.779455e-07,8.39649999999974e-10,7.89610687671295e-10,1.33837799270706e-12,-7.14226973218928e-12,-7.42189086721679e-12,NaN
-3759.998164,-0.466154,-2.769755e-07,9.00249999999995e-10,7.93025125144398e-10,5.64955548257072e-12,-5.82996065401361e-12,-6.06636921149638e-12,NaN
-3749.9084046,-0.4649031,-2.76145e-07,7.36500000000028e-10,8.00909798636436e-10,6.89740934109469e-12,-4.6485610588703e-12,-4.81654403609233e-12,NaN
-3739.986418,-0.463673,-2.755025e-07,6.91000000000016e-10,8.06819943826588e-10,2.45982355206222e-12,-3.62357789551556e-12,-3.68517289256811e-12,NaN
-3729.9450546,-0.4624281,-2.74763e-07,8.20350000000003e-10,8.05829445740561e-10,-1.63727660875676e-12,-2.71436097924087e-12,-2.68522949234014e-12,NaN
-3719.7754418,-0.4611673,-2.738618e-07,8.14999999999998e-10,8.03545390609074e-10,-2.89151056649075e-12,-1.91427319007396e-12,-1.82781660146059e-12,NaN
-3709.545334,-0.459899,-2.73133e-07,8.24899999999991e-10,8.00046424607579e-10,-5.43834514938014e-12,-1.20735683973029e-12,-1.12771793091935e-12,NaN
-3699.212788,-0.458618,-2.72212e-07,8.97299999999988e-10,7.92668700310314e-10,-5.76688033704056e-12,-4.83968820180285e-13,-5.82536960046679e-13,NaN
-3689.404532,-0.457402,-2.713384e-07,8.24249999999989e-10,7.88512663933498e-10,-1.25902342068981e-12,1.33811112279641e-13,-1.87031657135699e-13,NaN
-3679.2341126,-0.4561411,-2.705635e-07,7.82199999999998e-10,7.90150653468934e-10,7.9946714534827e-13,4.8316875986691e-13,7.84380727462706e-14,NaN
-3669.2234,-0.4549,-2.69774e-07,8.25750000000003e-10,7.90111598224195e-10,-1.2859526829598e-12,7.17854371914046e-13,2.41052362018047e-13,NaN
-3659.2005884,-0.4536574,-2.68912e-07,8.28500000000026e-10,7.87578748103015e-10,-2.11829656390814e-12,9.0852441211132e-13,3.19986940887411e-13,NaN
-3649.106796,-0.452406,-2.68117e-07,7.62050000000013e-10,7.85875005096378e-10,-5.73355002378593e-13,8.61790961402612e-13,3.29957646045957e-13,NaN
-3639.0299422,-0.4511567,-2.673879e-07,8.36499999999983e-10,7.86432038098258e-10,1.27959296926232e-12,6.08884605247984e-13,2.8911654187385e-13,NaN
-3628.9595412,-0.4499082,-2.66444e-07,9.02949999999996e-10,7.88434191034903e-10,1.16076751455293e-12,2.93404664838033e-13,2.144117085491e-13,NaN
-3618.875428,-0.448658,-2.65582e-07,6.98500000000011e-10,7.88753573127363e-10,-1.05892772203143e-12,-1.66739986896791e-13,1.20015311840524e-13,NaN
-3608.76873,-0.447405,-2.65047e-07,5.24899999999968e-10,7.8631633559084e-10,-2.74701635371101e-12,-7.58746937192485e-13,2.04551054240716e-14,NaN
-3598.8177058,-0.4461713,-2.645322e-07,6.0125e-10,7.83259540419941e-10,-1.86922806858641e-12,-1.09976353357827e-12,-7.4155534452747e-14,NaN
-3588.756984,-0.444924,-2.638445e-07,7.62000000000017e-10,7.82577879453667e-10,-5.44651067974558e-13,-1.08401348210563e-12,-1.62118356684939e-13,NaN
-3578.674484,-0.443674,-2.630082e-07,8.57799999999983e-10,7.82170238283992e-10,2.19801127995144e-14,-8.73261458586499e-13,-2.42742508233553e-13,NaN
-3568.5968236,-0.4424246,-2.621289e-07,8.49650000000012e-10,7.82621839679266e-10,1.28560499671518e-12,-5.30341178558381e-13,-3.05688032648724e-13,NaN
-3558.4965784,-0.4411724,-2.613089e-07,7.57450000000003e-10,7.84741448277423e-10,1.69573942784667e-12,-2.92200831550188e-13,-3.37521930126927e-13,NaN
-3548.346324,-0.439914,-2.60614e-07,8.9164999999998e-10,7.8601331853496e-10,1.90668078552188e-12,-2.4456764280176e-13,-3.40738614114091e-13,NaN
-3538.239626,-0.438661,-2.595256e-07,9.19500000000024e-10,7.88554809848466e-10,1.62425366373017e-12,-1.78319547916216e-13,-3.28269388959369e-13,NaN
-3528.14906,-0.43741,-2.58775e-07,8.15750000000019e-10,7.8926182586242e-10,-1.8099679494435e-12,-2.16476789189371e-15,-3.06526930701347e-13,NaN
-3518.114956,-0.436166,-2.578941e-07,8.86999999999974e-10,7.84934873949579e-10,-3.09657976398147e-12,1.25472303453571e-13,-2.82610832175425e-13,NaN
-3508.016324,-0.434914,-2.57001e-07,8.25649999999985e-10,7.83068666334457e-10,-3.73129062946232e-13,1.62589408035601e-13,-2.67432255174503e-13,NaN
-3497.893494,-0.433659,-2.562428e-07,6.42800000000004e-10,7.84188615823687e-10,-8.75447348750219e-13,1.44086076982717e-13,-2.64088997687902e-13,NaN
-3487.851324,-0.432414,-2.557154e-07,6.30900000000009e-10,7.81317771636957e-10,-3.39406555074775e-12,-2.01523324747134e-14,-2.85080683649759e-13,NaN
-3477.672032,-0.431152,-2.54981e-07,7.44849999999983e-10,7.77400484722191e-10,-1.39856508641166e-12,-2.81377006241908e-13,-3.55168251552163e-13,NaN
-3467.61373,-0.429905,-2.542257e-07,7.74499999999992e-10,7.78520641464133e-10,5.3669845296599e-13,-5.16396418869293e-13,-4.64447098687679e-13,NaN
-3457.515098,-0.428653,-2.53432e-07,8.39000000000025e-10,7.78473881628123e-10,-6.49206097533447e-13,-6.80819740573213e-13,-5.89965739529616e-13,NaN
-3447.3648436,-0.4273946,-2.525477e-07,8.70499999999995e-10,7.77222229269067e-10,1.47945027067615e-13,-7.84913916346959e-13,-7.212786128937e-13,NaN
-3437.16458,-0.42613,-2.51691e-07,8.1239999999999e-10,7.78769771682259e-10,1.03746970486292e-12,-1.00368971057755e-12,-8.38680488920657e-13,NaN
-3427.090146,-0.424881,-2.509229e-07,7.42650000000023e-10,7.79297168678792e-10,-2.18980044848679e-13,-1.33038846366962e-12,-9.44856084473016e-13,NaN
-3417.0132922,-0.4236317,-2.502057e-07,7.60700000000013e-10,7.78331811592561e-10,-6.78570862307438e-13,-1.48103423407407e-12,-1.06711161289626e-12,NaN
-3406.9864476,-0.4223886,-2.494015e-07,8.37199999999981e-10,7.77940026954178e-10,2.68854900451457e-13,-1.43783977283563e-12,-1.20142750909891e-12,NaN
-3396.907174,-0.421139,-2.485313e-07,8.36749999999989e-10,7.78869521393464e-10,6.77667670842774e-13,-1.39583670333762e-12,-1.32097083497685e-12,NaN
-3386.808542,-0.419887,-2.47728e-07,7.60650000000017e-10,7.79295362295863e-10,5.76209540419572e-13,-1.35179061796704e-12,-1.42502715891593e-12,NaN
-3376.693778,-0.418633,-2.4701e-07,6.63499999999998e-10,7.80021940474303e-10,1.77219302815413e-12,-1.36356465856339e-12,-1.52038991759632e-12,NaN
-3366.6096648,-0.4173828,-2.46401e-07,7.11999999999987e-10,7.82839748352171e-10,8.52239008816152e-14,-1.43199783518115e-12,-1.60573261886922e-12,NaN
-3356.5303912,-0.4161332,-2.45586e-07,8.23499999999994e-10,7.80192388276067e-10,-6.81694885501354e-12,-1.40211378737469e-12,-1.68928135925052e-12,NaN
-3346.1994584,-0.4148524,-2.44754e-07,8.21900000000014e-10,7.69205850642144e-10,-9.59709563070566e-12,-1.45212562708744e-12,-1.77746379400091e-12,NaN
-3336.0976,-0.4136,-2.439422e-07,7.97000000000004e-10,7.60998197014655e-10,-5.7624912229042e-12,-1.61783342841038e-12,-1.86666055845542e-12,NaN
-3326.168354,-0.412369,-2.4316e-07,7.92600000000004e-10,7.57680868196336e-10,-3.28031665496405e-12,-1.75884381061584e-12,-1.95002924744936e-12,NaN
-3316.126184,-0.411124,-2.42357e-07,7.47000000000027e-10,7.54437563704727e-10,-2.30206573195318e-12,-2.03598634648471e-12,-2.0192741992534e-12,NaN
-3306.05175,-0.409875,-2.41666e-07,7.05449999999997e-10,7.53076736732429e-10,-1.31833733493346e-12,-2.32275234171632e-12,-2.0715834255843e-12,NaN
-3295.985382,-0.408627,-2.409461e-07,7.10999999999986e-10,7.5180088903486e-10,-4.5797809689953e-13,-2.27937897997402e-12,-2.10148045247877e-12,NaN
-3285.7794722,-0.4073617,-2.40244e-07,6.45999999999991e-10,7.5216078053863e-10,4.09871684522548e-13,-2.16502096465654e-12,-2.09948021373319e-12,NaN
-3275.6518026,-0.4061061,-2.396541e-07,7.28000000000005e-10,7.52620632403905e-10,-1.52330177353503e-13,-2.26755207883933e-12,-2.07000658999356e-12,NaN
-3265.584628,-0.404858,-2.38788e-07,8.44650000000006e-10,7.51856120183923e-10,1.0090817459061e-12,-2.33126914616123e-12,-2.02154907438213e-12,NaN
-3255.5053544,-0.4036084,-2.379648e-07,8.13100000000001e-10,7.54638795895717e-10,2.30602901537927e-12,-2.26258738983718e-12,-1.95456785054528e-12,NaN
-3245.347034,-0.402349,-2.371618e-07,7.93849999999999e-10,7.56468178214682e-10,-8.67489637364489e-13,-2.15601036058052e-12,-1.87121204690478e-12,NaN
-3235.385524,-0.401114,-2.363771e-07,7.73399999999985e-10,7.52903816620989e-10,-4.70588914811147e-12,-1.96448326617029e-12,-1.77302084734784e-12,NaN
-3225.2078452,-0.3998522,-2.35615e-07,7.46049999999995e-10,7.47056399918459e-10,-5.04602539128866e-12,-1.69605220724964e-12,-1.65473073947975e-12,NaN
-3215.1769676,-0.3986086,-2.34885e-07,6.86800000000014e-10,7.42811765838411e-10,-4.37436408525758e-12,-1.40302460001338e-12,-1.52146159208442e-12,NaN
-3205.0799488,-0.3973568,-2.342414e-07,7.12900000000009e-10,7.38307671747944e-10,-2.52934777684658e-12,-1.08077493040837e-12,-1.38483978870957e-12,NaN
-3195.0176138,-0.3961093,-2.334592e-07,7.64349999999992e-10,7.37753070284718e-10,-9.94427959861899e-14,-7.44287264367043e-13,-1.24469650658642e-12,NaN
-3184.932694,-0.394859,-2.327127e-07,7.55349999999982e-10,7.38108786155971e-10,-1.5942858275392e-12,-5.23446916028769e-13,-1.10440991393199e-12,NaN
-3174.874392,-0.393612,-2.319485e-07,7.27700000000002e-10,7.3456449862964e-10,-3.00561111236934e-12,-5.93831824179189e-13,-9.66946363724276e-13,NaN
-3164.8015712,-0.3923632,-2.312573e-07,7.34500000000013e-10,7.32097563931233e-10,-2.17502831321146e-12,-8.20494258804114e-13,-8.16931235236117e-13,NaN
-3154.65293,-0.391105,-2.304795e-07,7.60650000000004e-10,7.30214442003217e-10,3.8413667353772e-14,-8.79582525355063e-13,-6.51698588804009e-13,NaN
-3144.5446188,-0.3898518,-2.29736e-07,7.24749999999982e-10,7.3217439126594e-10,3.92447394051931e-12,-7.96720267436397e-13,-4.96200687970331e-13,NaN
-3134.32661,-0.388585,-2.2903e-07,6.66850000000001e-10,7.38063389884255e-10,2.74345172031057e-12,-6.6338088723309e-13,-3.59278074527528e-13,NaN
-3124.260242,-0.387337,-2.284023e-07,7.24050000000023e-10,7.37661294706561e-10,-2.93626016444312e-12,-5.09050132102761e-13,-2.32929469285821e-13,NaN
-3114.2721142,-0.3860987,-2.275819e-07,7.33800000000001e-10,7.32190869555369e-10,-2.89636571609775e-12,-3.71230968860612e-13,-1.17306479809176e-13,NaN
-3104.216232,-0.384852,-2.269347e-07,7.15549999999987e-10,7.31868563274366e-10,1.47414267593795e-12,-2.01827561133674e-13,-6.34424145889936e-15,NaN
-3094.045006,-0.383591,-2.261508e-07,7.9429999999999e-10,7.35139154907245e-10,2.60159913021795e-12,3.95033336687377e-15,1.02057106508415e-13,NaN
-3083.970572,-0.382342,-2.253461e-07,7.36950000000006e-10,7.37071761534802e-10,1.91862612969711e-12,2.94089724368352e-13,1.97575140477916e-13,NaN
-3073.880006,-0.381091,-2.246769e-07,7.06000000000007e-10,7.38976407166639e-10,9.79816077374504e-13,6.0358359671346e-13,2.90867629493226e-13,NaN
-3063.821704,-0.379844,-2.239341e-07,8.05450000000004e-10,7.39031393689551e-10,-9.17823733266066e-13,7.68651495274318e-13,4.0580659494528e-13,NaN
-3053.698874,-0.378589,-2.23066e-07,7.53299999999997e-10,7.37140759700107e-10,-1.50177693718926e-12,8.13788567514194e-13,5.38610398282489e-13,NaN
-3043.66477,-0.377345,-2.224275e-07,6.54099999999993e-10,7.36027839815172e-10,-1.23764637930665e-12,7.94340620808999e-13,6.56388766961266e-13,NaN
-3033.525808,-0.376088,-2.217578e-07,7.31550000000005e-10,7.34665466941494e-10,-1.51838829871636e-12,7.16748176730536e-13,7.36432148631718e-13,NaN
-3023.4416948,-0.3748378,-2.209644e-07,7.84500000000016e-10,7.3299106321774e-10,2.45586536501174e-13,7.29756040445442e-13,7.85543809031305e-13,NaN
-3013.360808,-0.373588,-2.201888e-07,7.45699999999996e-10,7.35156640014496e-10,2.68524202133692e-12,8.18882583954761e-13,8.19575989565839e-13,NaN
-3003.2694354,-0.3723369,-2.19473e-07,7.10399999999993e-10,7.38361547260413e-10,3.11834356384076e-12,8.30202023722269e-13,8.51080082181653e-13,NaN
-2993.17161,-0.371085,-2.18768e-07,6.92000000000004e-10,7.41393327142178e-10,3.06662212054648e-12,8.18522402967696e-13,8.8172541013431e-13,NaN
-2983.0786242,-0.3698337,-2.18089e-07,6.76299999999989e-10,7.44494791501506e-10,1.90635631611156e-12,7.39025780434779e-13,9.07103995378207e-13,NaN
-2973.00661,-0.368585,-2.174154e-07,7.08499999999983e-10,7.45206039774401e-10,3.77854538041405e-13,6.79970413856136e-13,9.29017530463282e-13,NaN
-2962.84345,-0.367325,-2.16672e-07,7.51700000000003e-10,7.45250500577589e-10,-4.38353077080127e-13,8.78337074162248e-13,9.4661784966154e-13,NaN
-2952.785148,-0.366078,-2.15912e-07,7.9625000000001e-10,7.4432933362024e-10,-4.3335692767625e-13,1.05497508417463e-12,9.56158024912415e-13,NaN
-2942.682483,-0.3648255,-2.150795e-07,7.41099999999999e-10,7.44383786722237e-10,7.30120727536496e-13,9.26663338302339e-13,9.600825884617e-13,NaN
-2932.587884,-0.363574,-2.144298e-07,7.62750000000011e-10,7.45789575075313e-10,1.25426340347415e-12,7.39726206687615e-13,9.56949478958769e-13,NaN
-2922.505384,-0.362324,-2.13554e-07,8.68400000000013e-10,7.46892313529185e-10,1.9051111010422e-13,7.57256206786743e-13,9.37657419391354e-13,NaN
-2912.4115916,-0.3610726,-2.12693e-07,7.82849999999987e-10,7.46170597295522e-10,-4.18401889057275e-13,9.262932605905e-13,8.98655106701505e-13,NaN
-2902.26779,-0.359815,-2.119883e-07,7.88649999999996e-10,7.46055509751071e-10,1.11713289089235e-12,1.10902631259194e-12,8.43549963991838e-13,NaN
-2892.161092,-0.358562,-2.111157e-07,7.48150000000003e-10,7.48404863077307e-10,2.08048653423599e-12,1.1620813360411e-12,7.7557227980144e-13,NaN
-2882.0971438,-0.3573143,-2.10492e-07,6.1935e-10,7.50216482819542e-10,7.09364311762264e-13,1.02354957307734e-12,6.93361050055467e-13,NaN
-2872.004158,-0.356063,-2.09877e-07,7.5600000000001e-10,7.49823591700831e-10,6.73581508075195e-13,8.12992669507708e-13,5.96216686510656e-13,NaN
-2861.905526,-0.354811,-2.0898e-07,8.34299999999996e-10,7.51563645835693e-10,1.57826564588096e-12,5.87895086417289e-13,4.87662888071398e-13,NaN
-2851.831092,-0.353562,-2.082084e-07,7.00749999999981e-10,7.52980122992593e-10,4.41913746630605e-13,2.92101939830879e-13,3.62859234923338e-13,NaN
-2841.740526,-0.352311,-2.075785e-07,6.83900000000003e-10,7.52447473328954e-10,6.5361333212535e-13,-1.39647194997472e-14,2.20561367858864e-13,NaN
-2831.5959178,-0.3510533,-2.068406e-07,7.36250000000021e-10,7.54287349656844e-10,6.53807560760083e-13,-1.66189270863234e-13,7.69032810118432e-14,NaN
-2821.535196,-0.349806,-2.06106e-07,7.22800000000002e-10,7.53755088450474e-10,-1.25143774490927e-12,-2.53166057471832e-13,-6.43338654325431e-14,NaN
-2811.4341442,-0.3485537,-2.05395e-07,7.94999999999988e-10,7.51784474167025e-10,-9.50327300729236e-14,-3.82625920531205e-13,-2.23999337711103e-13,NaN
-2801.350031,-0.3473035,-2.04516e-07,8.35349999999993e-10,7.53565022990328e-10,1.14060341117605e-12,-4.42010547286646e-13,-4.1107371154112e-13,NaN
-2791.2868894,-0.3460559,-2.037243e-07,7.76499999999994e-10,7.54065680989377e-10,-6.68028720922421e-13,-4.8265247444833e-13,-6.01921875143527e-13,NaN
-2781.1955168,-0.3448048,-2.02963e-07,7.91149999999999e-10,7.52228965548484e-10,-9.16400711228216e-13,-6.63169254748033e-13,-7.76163618927133e-13,NaN
-2771.0267106,-0.3435441,-2.02142e-07,7.26000000000016e-10,7.52232879566921e-10,8.21219053661807e-14,-8.47378942464225e-13,-9.28726470684637e-13,NaN
-2760.959536,-0.342296,-2.01511e-07,6.54950000000006e-10,7.52393209359216e-10,4.41630614510588e-13,-9.12271717616993e-13,-1.05618057137396e-12,NaN
-2750.889135,-0.3410475,-2.008321e-07,7.34199999999996e-10,7.53116140795942e-10,-4.61769235996229e-13,-9.987058050039e-13,-1.16317179049201e-12,NaN
-2740.7751776,-0.3397936,-2.000426e-07,7.22050000000008e-10,7.51469670887223e-10,-3.06847606967347e-12,-1.15640091757945e-12,-1.24994621209153e-12,NaN
-2730.736234,-0.338549,-1.99388e-07,7.07049999999991e-10,7.46979188656595e-10,-4.75052662574499e-12,-1.32203382696814e-12,-1.30949099288799e-12,NaN
-2720.637602,-0.337297,-1.986285e-07,7.76249999999987e-10,7.41968617635733e-10,-3.56264921062816e-12,-1.47131986586695e-12,-1.34844535143843e-12,NaN
-2710.530904,-0.336044,-1.978355e-07,7.82900000000009e-10,7.39853890235339e-10,-1.81256653604867e-12,-1.58391683902578e-12,-1.37692117049949e-12,NaN
-2700.3854892,-0.3347862,-1.970627e-07,7.57150000000013e-10,7.38343484563636e-10,-1.57102369249581e-12,-1.66662125781324e-12,-1.39092299043596e-12,NaN
-2690.3167014,-0.3335379,-1.963212e-07,7.43349999999995e-10,7.36711842850347e-10,-1.86336836621422e-12,-1.62449718895618e-12,-1.38352688191422e-12,NaN
-2680.2083902,-0.3322847,-1.95576e-07,7.48699999999999e-10,7.34616747831208e-10,-1.36366622120517e-12,-1.42801648305569e-12,-1.34922890906154e-12,NaN
-2670.1266968,-0.3310348,-1.948238e-07,7.55049999999992e-10,7.33984510407937e-10,2.97957484880937e-13,-1.31909606958874e-12,-1.27866037305739e-12,NaN
-2660.053876,-0.329786,-1.940659e-07,7.95249999999995e-10,7.3521266280097e-10,-4.34107227796847e-13,-1.25613650147572e-12,-1.17472469069364e-12,NaN
-2649.971376,-0.328536,-1.932333e-07,7.88250000000001e-10,7.33116295952343e-10,-8.22533919228068e-13,-1.07558436812081e-12,-1.05840515861907e-12,NaN
-2639.7936972,-0.3272742,-1.924894e-07,7.34550000000009e-10,7.33567594962513e-10,1.13946012367212e-12,-8.93099667014389e-13,-9.37490940605292e-13,NaN
-2629.725716,-0.326026,-1.917642e-07,7.12300000000003e-10,7.35395216199687e-10,-7.41596072391493e-13,-7.04224274277644e-13,-8.03672801688629e-13,NaN
-2619.6561216,-0.3247776,-1.910648e-07,7.13349999999987e-10,7.3208440281773e-10,-2.68589039389323e-12,-5.24761237196894e-13,-6.61891637801471e-13,NaN
-2609.544584,-0.323524,-1.903375e-07,6.7890000000001e-10,7.30023435411901e-10,-4.95434777684231e-13,-4.72954465334864e-13,-5.27752129587343e-13,NaN
-2599.4588576,-0.3222736,-1.89707e-07,6.84250000000015e-10,7.31093533262362e-10,-4.29110512129524e-13,-4.34656874717055e-13,-4.050688719103e-13,NaN
-2589.403782,-0.321027,-1.88969e-07,7.2024999999999e-10,7.29165214387642e-10,-2.11548279689288e-12,-3.03370157231289e-13,-2.94659582584053e-13,NaN
-2579.2035184,-0.3197624,-1.882665e-07,7.1584999999999e-10,7.26862567668576e-10,-9.72267208770197e-13,-9.8872471973973e-14,-2.0289683063058e-13,NaN
-2569.109726,-0.318511,-1.875373e-07,7.40750000000013e-10,7.27220679970101e-10,-7.04376090014312e-15,8.46500928232604e-14,-1.30853898398991e-13,NaN
-2559.0425514,-0.3172629,-1.86785e-07,7.55649999999998e-10,7.26848480146776e-10,-1.73552062334463e-13,1.26467478691344e-13,-7.53820337142838e-14,NaN
-2548.993122,-0.316017,-1.86026e-07,7.30499999999995e-10,7.26873575845433e-10,1.59831932773081e-12,1.79258894031639e-14,-3.53756951617907e-14,NaN
-2538.878358,-0.314763,-1.85324e-07,7.2649999999999e-10,7.30045118802238e-10,3.14664205304735e-12,-1.04371506319586e-13,-1.42531509196437e-14,NaN
-2528.7781128,-0.3135108,-1.84573e-07,6.93000000000005e-10,7.33166859951527e-10,2.58239201340895e-12,-1.0190352406056e-13,-1.1780056712672e-14,NaN
-2518.705292,-0.312262,-1.83938e-07,6.88500000000013e-10,7.35209902829055e-10,5.57840494688583e-13,-5.57823937670874e-14,-2.52213125262368e-14,NaN
-2508.558264,-0.311004,-1.83196e-07,7.3359999999999e-10,7.34282540940904e-10,-1.69186504790566e-12,-1.00868904394037e-13,-5.20548869588008e-14,NaN
-2498.451566,-0.309751,-1.824708e-07,6.73499999999983e-10,7.31826172733244e-10,-5.16228000634275e-13,-1.6348473687508e-13,-8.76982535556873e-14,NaN
-2488.377132,-0.308502,-1.81849e-07,7.06900000000002e-10,7.33250084939636e-10,1.36310675213481e-12,-1.20036916612386e-13,-1.32330843064047e-13,NaN
-2478.286566,-0.307251,-1.81057e-07,7.78300000000012e-10,7.34552386237514e-10,-7.72086004213002e-13,-1.07832220154719e-13,-1.91565587203674e-13,NaN
-2468.083076,-0.305986,-1.802924e-07,7.76500000000007e-10,7.3170591293121e-10,-3.00446272848793e-12,-1.78274701378408e-13,-2.6542404665826e-13,NaN
-2458.0255806,-0.3047391,-1.79504e-07,7.00100000000005e-10,7.28543460780538e-10,-2.61888377992688e-12,-2.23223131699878e-13,-3.38645466895786e-13,NaN
-2447.861614,-0.303479,-1.788922e-07,7.13599999999994e-10,7.26468145371356e-10,-1.14258590228478e-12,-3.33177454508633e-13,-3.93956190214629e-13,NaN
-2437.859774,-0.302239,-1.780768e-07,7.68600000000004e-10,7.26258288975968e-10,4.12659403384363e-13,-4.68927844149711e-13,-4.32612111482268e-13,NaN
-2427.777274,-0.300989,-1.77355e-07,7.36949999999993e-10,7.27293464178125e-10,8.61253369271937e-13,-4.88604524559786e-13,-4.66877809549522e-13,NaN
-2417.7060664,-0.2997404,-1.766029e-07,7.07649999999997e-10,7.27980795714512e-10,1.29470089922127e-13,-5.18960529541814e-13,-5.02963101011072e-13,NaN
-2407.612274,-0.298489,-1.759397e-07,7.64450000000011e-10,7.27552404357969e-10,-8.320120501034e-13,-6.15588216372245e-13,-5.35992675391508e-13,NaN
-2397.529774,-0.297239,-1.75074e-07,8.19350000000002e-10,7.26316771614305e-10,-1.10931391424496e-12,-6.34422032076327e-13,-5.49892224255524e-13,NaN
-2387.406944,-0.295984,-1.74301e-07,7.57999999999986e-10,7.25333776529479e-10,-7.76336383609844e-13,-6.39492351918653e-13,-5.38169697034908e-13,NaN
-2377.29218,-0.29473,-1.73558e-07,6.72499999999995e-10,7.24764098847086e-10,2.24221952932539e-13,-6.51116697293132e-13,-5.12493366653414e-13,NaN
-2367.2371044,-0.2934834,-1.72956e-07,6.97450000000014e-10,7.25782220435344e-10,1.04038370065015e-12,-5.87658082869271e-13,-4.78187431270048e-13,NaN
-2357.183642,-0.292237,-1.721631e-07,7.82399999999995e-10,7.26844866248386e-10,-5.55059570998454e-13,-4.77610423812809e-13,-4.28365094633646e-13,NaN
-2347.093076,-0.290986,-1.713912e-07,7.73549999999987e-10,7.24672101293347e-10,-1.94325466035465e-12,-3.07153794489963e-13,-3.60693577931173e-13,NaN
-2337.010576,-0.289736,-1.70616e-07,7.52599999999999e-10,7.22958356927677e-10,-7.76852816598325e-13,-2.11816801755301e-13,-2.76293953434003e-13,NaN
-2326.9329156,-0.2884866,-1.69886e-07,7.41200000000017e-10,7.23118395660151e-10,-2.74549253663929e-13,-2.5207270453628e-13,-1.78426630844426e-13,NaN
-2316.781048,-0.287228,-1.691336e-07,6.93449999999996e-10,7.22409258420349e-10,-1.24817606287767e-12,-2.10775700042714e-13,-8.30682750012134e-14,NaN
-2306.682416,-0.285976,-1.684991e-07,6.94299999999996e-10,7.20622043534395e-10,-1.44711941380287e-12,-7.57615796900469e-15,2.66382015297194e-15,NaN
-2296.607982,-0.284727,-1.67745e-07,7.54550000000005e-10,7.19515019592743e-10,-9.10779406102529e-14,2.2434931543964e-13,9.30271551453019e-14,NaN
-2286.525482,-0.283477,-1.6699e-07,7.01899999999997e-10,7.20439887653175e-10,1.78369838501418e-12,3.88801763995211e-13,1.91011755345693e-13,NaN
-2276.42685,-0.282225,-1.663412e-07,6.47000000000006e-10,7.23082416362772e-10,2.24275464902939e-12,4.12204471939577e-13,2.82466518298217e-13,NaN
-2266.34435,-0.280975,-1.65696e-07,6.96600000000001e-10,7.24925396951234e-10,1.03193617069495e-12,3.60497632777002e-13,3.61393103310205e-13,NaN
-2256.189256,-0.279716,-1.64948e-07,7.34849999999998e-10,7.25146288704161e-10,3.82616254048687e-13,3.91975814319653e-13,4.3536379777843e-13,NaN
-2246.106756,-0.278466,-1.642263e-07,7.05900000000001e-10,7.25690629459331e-10,8.18998731567743e-13,4.79964483962475e-13,5.08624531828574e-13,NaN
-2236.024256,-0.277216,-1.635362e-07,6.34650000000006e-10,7.26784286167297e-10,5.64585834333708e-13,5.72656721092267e-13,5.67405457361328e-13,NaN
-2225.949822,-0.275967,-1.62957e-07,6.04999999999998e-10,7.26819801127998e-10,-5.03182405037194e-13,6.10837257199347e-13,5.98717120221306e-13,NaN
-2215.855223,-0.2747155,-1.623262e-07,7.15000000000004e-10,7.25777921357223e-10,-6.4328184103639e-14,5.4495603495806e-13,6.09434854119718e-13,NaN
-2205.7775626,-0.2734661,-1.61527e-07,8.04100000000004e-10,7.26691144759791e-10,-1.17704817776255e-13,4.87915133483195e-13,6.08690332473963e-13,NaN
-2195.702322,-0.272217,-1.60718e-07,7.98499999999992e-10,7.2554251172167e-10,1.33319554236796e-13,5.8204800297305e-13,5.95084324571283e-13,NaN
-2185.5423884,-0.2709574,-1.5993e-07,7.24349999999986e-10,7.26957783868265e-10,1.55365806700033e-12,7.39228882941096e-13,5.71638938936322e-13,NaN
-2175.432464,-0.269704,-1.592693e-07,6.6664999999999e-10,7.28649827855671e-10,8.024853337561e-13,7.41036406708224e-13,5.50354265158406e-13,NaN
-2165.366096,-0.268456,-1.585967e-07,6.77200000000011e-10,7.28562754535777e-10,1.36118598382772e-12,6.08297606876288e-13,5.3715457195505e-13,NaN
-2155.287629,-0.2672065,-1.579149e-07,7.2185000000001e-10,7.31372199823326e-10,2.75057022809135e-12,5.40862473071243e-13,5.25410104358562e-13,NaN
-2145.2002894,-0.2659559,-1.57153e-07,8.07450000000007e-10,7.3406389499196e-10,2.47289632834269e-12,5.85582030556514e-13,5.05704875073324e-13,NaN
-2135.118596,-0.264706,-1.563e-07,8.23000000000007e-10,7.36317992480011e-10,1.20539536569314e-12,4.6054542698949e-13,4.74855636042357e-13,NaN
-2124.963502,-0.263447,-1.55507e-07,7.77249999999988e-10,7.36474685723346e-10,-1.60843903599212e-12,1.31106241340216e-13,4.34929111876479e-13,NaN
-2114.889068,-0.262198,-1.547455e-07,7.03749999999984e-10,7.33101114408027e-10,-3.58076287118602e-12,-3.925229078253e-15,3.8778866586724e-13,NaN
-2104.806568,-0.260948,-1.540995e-07,6.95850000000007e-10,7.29313159980974e-10,-1.46508754445153e-12,1.37909500455869e-13,3.30862854640211e-13,NaN
-2094.716002,-0.259697,-1.533538e-07,7.66550000000018e-10,7.30170939319124e-10,1.13096446125596e-12,3.29486673216557e-13,2.60742925323072e-13,NaN
-2084.625436,-0.258446,-1.525664e-07,7.541e-10,7.31575088903486e-10,8.68152166526746e-13,3.75752336166976e-13,1.7365180981857e-13,NaN
-2074.5461624,-0.2571964,-1.518456e-07,7.23699999999998e-10,7.31907243652178e-10,2.71293800539276e-13,2.94790904315129e-13,7.00162572101059e-14,NaN
-2064.3983278,-0.2559383,-1.51119e-07,7.48300000000004e-10,7.32117676504564e-10,-5.37424969987909e-13,1.92354312056646e-13,-3.552170551642e-14,NaN
-2054.2964694,-0.2546859,-1.50349e-07,8.20499999999991e-10,7.30832393712202e-10,-5.52347731545407e-13,4.0213952955977e-14,-1.30971024716642e-13,NaN
-2044.2252618,-0.2534373,-1.49478e-07,8.34900000000002e-10,7.31012981041474e-10,1.35157761217701e-12,-1.66848112888372e-13,-2.28194533680692e-13,NaN
-2034.1379222,-0.2521867,-1.486792e-07,7.55499999999997e-10,7.33535548936556e-10,1.51456828014232e-12,-3.11364412755828e-13,-3.4113863536476e-13,NaN
-2024.073974,-0.250939,-1.47967e-07,6.90749999999996e-10,7.34042117601758e-10,-1.15264049015824e-12,-4.36494891843357e-13,-4.64970636254403e-13,NaN
-2013.983408,-0.249688,-1.472977e-07,6.70000000000005e-10,7.31230267956239e-10,-2.21411923259894e-12,-6.25447813091477e-13,-5.84991186274828e-13,NaN
-2003.908974,-0.248439,-1.46627e-07,7.03850000000003e-10,7.2961387913656e-10,-6.13346848173336e-13,-8.12323175553279e-13,-7.00867485256489e-13,NaN
-1993.7159698,-0.2471753,-1.4589e-07,7.31250000000002e-10,7.30003574259893e-10,7.04338150354311e-13,-9.82058610141821e-13,-8.26999868848614e-13,NaN
-1983.67138,-0.24593,-1.451645e-07,6.3789999999999e-10,7.31022555437269e-10,-4.19856621894448e-14,-1.07477011866092e-12,-9.6220154092433e-13,NaN
-1973.5719414,-0.2446779,-1.446142e-07,6.85699999999994e-10,7.29919602935514e-10,-2.81120523681127e-12,-1.11409533231226e-12,-1.09072217744325e-12,NaN
-1963.490248,-0.243428,-1.437931e-07,7.98249999999999e-10,7.25400144963646e-10,-6.4311932320098e-13,-1.16402440387001e-12,-1.19388986680003e-12,NaN
-1953.399682,-0.242177,-1.430177e-07,7.47600000000006e-10,7.28633364289112e-10,3.87557362567666e-12,-1.19914425642968e-12,-1.26644429871855e-12,NaN
-1943.26072,-0.24092,-1.422979e-07,7.45850000000011e-10,7.33151292215e-10,1.03599175519305e-12,-1.28674752631172e-12,-1.31953555035191e-12,NaN
-1933.049164,-0.239654,-1.41526e-07,6.62499999999997e-10,7.30705347799498e-10,-3.8506370472721e-12,-1.44833261202384e-12,-1.35698808263789e-12,NaN
-1923.0118336,-0.2384096,-1.409729e-07,7.00800000000003e-10,7.25450018120455e-10,-5.38613728510337e-12,-1.51511879313468e-12,-1.3753260914019e-12,NaN
-1912.980956,-0.237166,-1.401244e-07,7.31649999999997e-10,7.19933073229291e-10,-4.09487077850012e-12,-1.44058740583326e-12,-1.37072194384361e-12,NaN
-1902.9137814,-0.2359179,-1.395096e-07,5.89699999999991e-10,7.17260276563455e-10,-2.42014315159994e-12,-1.31511325022469e-12,-1.34560100918902e-12,NaN
-1892.80789,-0.234665,-1.38945e-07,6.29550000000009e-10,7.15092786926091e-10,-1.7600245758676e-12,-1.22070640043004e-12,-1.30943793655154e-12,NaN
-1882.72539,-0.233415,-1.382505e-07,7.01199999999999e-10,7.1374022741172e-10,-8.45805114498215e-13,-1.24660146579473e-12,-1.26185981358323e-12,NaN
-1872.6461164,-0.2321654,-1.375426e-07,7.2215e-10,7.13401176697095e-10,-6.28345489139138e-13,-1.29043103207228e-12,-1.19678649499861e-12,NaN
-1862.4910224,-0.2309064,-1.368062e-07,7.5905000000001e-10,7.12483536433442e-10,-1.85353915151034e-12,-1.19631109185199e-12,-1.11377337137495e-12,NaN
-1852.4109422,-0.2296567,-1.360245e-07,8.02100000000002e-10,7.09694098394074e-10,-2.79642630637185e-12,-9.83782400540759e-13,-1.0132232111049e-12,NaN
-1842.330862,-0.228407,-1.35202e-07,7.42049999999991e-10,7.06890683820698e-10,-1.36860008154169e-12,-8.59444034930342e-13,-8.98363326303227e-13,NaN
-1832.2225508,-0.2271538,-1.345404e-07,7.27500000000005e-10,7.06956898230991e-10,4.23052617273723e-13,-8.56730598210941e-13,-7.77427221541917e-13,NaN
-1822.157796,-0.225906,-1.33747e-07,7.54299999999998e-10,7.07736789055246e-10,3.09293528732965e-15,-7.43119832500909e-13,-6.56244091198408e-13,NaN
-1812.083362,-0.224657,-1.330318e-07,7.58300000000002e-10,7.06963084101566e-10,-6.61489501461083e-13,-5.26211640626246e-13,-5.40201825232952e-13,NaN
-1801.9234284,-0.2233974,-1.322304e-07,7.67900000000005e-10,7.06413810052323e-10,4.20871367414941e-13,-3.69701476383868e-13,-4.32804593263928e-13,NaN
-1791.8352822,-0.2221467,-1.31496e-07,7.16549999999988e-10,7.07804826836395e-10,1.87340313483876e-12,-3.5517955306921e-13,-3.27945566411309e-13,NaN
-1781.73907,-0.220895,-1.307973e-07,6.93449999999996e-10,7.10160616322001e-10,1.72316473759314e-12,-2.8528457888718e-13,-2.24795000773751e-13,NaN
-1771.648504,-0.219644,-1.301091e-07,7.05149999999994e-10,7.11251156311582e-10,8.49875421866676e-13,-3.05252356643476e-14,-1.29607109330695e-13,NaN
-1761.5587446,-0.2183931,-1.29387e-07,7.54100000000014e-10,7.11860367165734e-10,4.08398264966237e-13,1.69250735692317e-13,-4.37884671043942e-14,NaN
-1751.467372,-0.217142,-1.286009e-07,7.58550000000009e-10,7.12067952841514e-10,-1.92999841446539e-14,2.2170046651347e-13,2.86529549806523e-14,NaN
-1741.304212,-0.215882,-1.278699e-07,7.29949999999998e-10,7.11821767197445e-10,-5.30360823574672e-13,1.83377859776493e-13,7.45197784228302e-14,NaN
-1731.1870282,-0.2146277,-1.27141e-07,6.73400000000004e-10,7.11007231194365e-10,-1.68707671747926e-12,1.19512765376838e-13,9.56017684176466e-14,NaN
-1721.1279196,-0.2133806,-1.265231e-07,6.50399999999991e-10,7.08447613762486e-10,-1.49808432807126e-12,7.68589573354828e-14,1.18040862004974e-13,NaN
-1711.024448,-0.212128,-1.258402e-07,7.06050000000003e-10,7.08011062538222e-10,7.14632268001066e-13,9.91980633786627e-14,1.48549215748416e-13,NaN
-1700.9774384,-0.2108824,-1.25111e-07,5.17100000000009e-10,7.09876878298489e-10,1.66407959410211e-12,1.99335569906835e-13,1.78293039068012e-13,NaN
-1690.84678438,-0.20962643,-1.24806e-07,5.30099999999998e-10,7.11339221726427e-10,1.230496726993e-12,3.08113421411818e-13,2.1301751183155e-13,NaN
-1680.7543632,-0.2083752,-1.240508e-07,7.61999999999991e-10,7.12337871752475e-10,-5.04219234863857e-13,3.25457140968112e-13,2.60617044753173e-13,NaN
-1670.678316,-0.207126,-1.23282e-07,8.03900000000006e-10,7.10330783256699e-10,-9.16000362408919e-13,2.18148995645936e-13,3.24521951555045e-13,NaN
-1660.5966226,-0.2058761,-1.22443e-07,7.62500000000005e-10,7.10505871027657e-10,6.87208090783658e-13,1.50483725732612e-13,3.96503632183023e-13,NaN
-1650.4879081,-0.20462285,-1.21757e-07,6.65249999999993e-10,7.11705199438266e-10,-3.13612992367199e-13,2.27361823197044e-13,4.70362656315177e-13,NaN
-1640.42750894,-0.20337559,-1.211125e-07,6.78600000000007e-10,7.09878645042922e-10,-1.29313800992114e-12,3.25603023595837e-13,5.53547390052702e-13,NaN
-1630.34702544,-0.20212584,-1.203998e-07,7.43099999999988e-10,7.09118923418424e-10,-4.54488210378488e-13,3.60148720587453e-13,6.47109073426248e-13,NaN
-1620.27920556,-0.20087766,-1.196263e-07,7.47999999999988e-10,7.08969668622165e-10,-6.95525379962859e-14,5.78611490663397e-13,7.47309771263723e-13,NaN
-1610.1566982,-0.1996227,-1.189038e-07,7.4315000000001e-10,7.08979818342431e-10,7.22292124397292e-13,9.78977833138063e-13,8.4605875356908e-13,NaN
-1600.0620992,-0.1983712,-1.1814e-07,7.42400000000003e-10,7.1041425287096e-10,2.10543726924758e-12,1.17986543971551e-12,9.35689785853321e-13,NaN
-1589.97040396,-0.19712006,-1.17419e-07,7.35299999999996e-10,7.13190692880926e-10,2.15200457541509e-12,1.23043370045093e-12,1.01825024778311e-12,NaN
-1579.86556114,-0.19586729,-1.166694e-07,7.12e-10,7.1471826202179e-10,1.01753493850351e-12,1.28378928952589e-12,1.09449044858067e-12,NaN
-1569.7863682,-0.1946177,-1.15995e-07,6.792e-10,7.15225762757933e-10,7.31283268024049e-13,1.32841489397471e-12,1.16072966730288e-12,NaN
-1559.678057,-0.1933645,-1.15311e-07,7.005e-10,7.16180828557838e-10,1.72919262044435e-12,1.36219880138656e-12,1.21367245861079e-12,NaN
-1549.5907174,-0.1921139,-1.14594e-07,7.202e-10,7.18684147998822e-10,2.62469818115932e-12,1.28479725438526e-12,1.24416510944003e-12,NaN
-1539.4945052,-0.1908622,-1.138706e-07,7.43249999999996e-10,7.21430224920157e-10,1.74445174296117e-12,1.13725752579093e-12,1.23901554337315e-12,NaN
-1529.4027293,-0.18961105,-1.131075e-07,7.53900000000003e-10,7.22173051484744e-10,7.17712179210951e-13,1.07454573670367e-12,1.20276983433962e-12,NaN
-1519.29837044,-0.18835834,-1.123628e-07,7.40249999999999e-10,7.22865649278579e-10,5.62200163083956e-13,1.08548229506575e-12,1.14799673419663e-12,NaN
-1509.22014542,-0.18710887,-1.11627e-07,6.94950000000005e-10,7.23297451810912e-10,1.18379238487882e-12,1.07992885606333e-12,1.06816902621193e-12,NaN
-1499.1072366,-0.1858551,-1.109729e-07,6.76300000000009e-10,7.25233234048336e-10,2.81986285080115e-12,9.90681863439251e-13,9.50197855485427e-13,NaN
-1489.00691074,-0.18460289,-1.102744e-07,7.17449999999997e-10,7.28937177512515e-10,3.30323846519743e-12,8.82731757921716e-13,8.07250335193447e-13,NaN
-1478.92102302,-0.18335247,-1.09538e-07,7.71199999999992e-10,7.31839710978731e-10,1.98586491200251e-12,7.93517127229484e-13,6.62310769307928e-13,NaN
-1468.82295564,-0.18210054,-1.08732e-07,7.39449999999996e-10,7.3290890733652e-10,1.17476047022572e-12,5.91842683151675e-13,5.1593910777774e-13,NaN
-1458.74126224,-0.18085064,-1.080591e-07,7.06250000000014e-10,7.34189231919183e-10,1.90255215293674e-12,3.30854415065506e-13,3.65735827853909e-13,NaN
-1448.61923884,-0.17959574,-1.073195e-07,7.48100000000007e-10,7.36714011642393e-10,-1.75169935898863e-12,1.34323923626295e-13,2.10182999623263e-13,NaN
-1438.5533548,-0.1783478,-1.065629e-07,7.26849999999989e-10,7.30685833201205e-10,-5.67004688667923e-12,-2.69458034675766e-14,4.610528870725e-14,NaN
-1428.4434304,-0.1770944,-1.058658e-07,7.51950000000003e-10,7.25373917869035e-10,-2.10740900133657e-12,-1.50280862452593e-13,-1.25803506492293e-13,NaN
-1418.36625396,-0.17584506,-1.05059e-07,7.78200000000006e-10,7.26471015198532e-10,3.6980339305528e-13,-2.23580138268014e-13,-3.09824808709764e-13,NaN
-1408.2639116,-0.1745926,-1.043094e-07,7.44349999999989e-10,7.26113524655145e-10,-1.68047407642129e-13,-4.02411279630693e-13,-5.05994670194898e-13,NaN
-1398.16423102,-0.17334047,-1.035703e-07,7.45499999999999e-10,7.26134920383248e-10,-6.9049525470572e-13,-7.22305659523482e-13,-7.06788194614066e-13,NaN
-1388.06035612,-0.17208782,-1.028184e-07,6.95250000000008e-10,7.24732534145734e-10,-1.56916691204766e-12,-9.59301861462603e-13,-8.90929655950953e-13,NaN
-1377.97301652,-0.17083722,-1.021798e-07,6.70000000000005e-10,7.22996586559153e-10,-1.04123592833343e-12,-1.04150518799413e-12,-1.03833062290335e-12,NaN
-1367.87882082,-0.16958577,-1.014784e-07,7.03399999999998e-10,7.22650062289067e-10,-4.96330607719812e-14,-1.08639555669285e-12,-1.15997507032088e-12,NaN
-1357.77744638,-0.16833343,-1.00773e-07,7.14799999999993e-10,7.22897320437609e-10,-1.8055788353092e-13,-1.17807486627042e-12,-1.26503841043394e-12,NaN
-1347.69333318,-0.16708323,-1.000488e-07,7.05199999999996e-10,7.22288946522005e-10,-9.84890937506756e-13,-1.34147076497178e-12,-1.34800202835287e-12,NaN
-1337.5746975,-0.16582875,-9.93626e-08,7.12549999999997e-10,7.20927538562595e-10,-1.10052096310228e-12,-1.56219218529752e-12,-1.41100697854795e-12,NaN
-1327.50082812,-0.16457982,-9.86237e-08,7.03400000000005e-10,7.20087904595801e-10,-1.27331762893851e-12,-1.72138786917382e-12,-1.45504985741111e-12,NaN
-1317.4084876,-0.1633286,-9.79558e-08,7.26350000000002e-10,7.18380903304718e-10,-2.05575324469426e-12,-1.76218758088746e-12,-1.48038970685919e-12,NaN
-1307.30429006,-0.16207591,-9.7171e-08,7.46349999999998e-10,7.15976398106412e-10,-1.53963849690822e-12,-1.70932842647051e-12,-1.48960291686367e-12,NaN
-1297.21090096,-0.16082456,-9.64631e-08,7.07500000000002e-10,7.15301626310902e-10,-2.06489388207986e-13,-1.57080162031636e-12,-1.47941453221531e-12,NaN
-1287.10831662,-0.15957207,-9.5756e-08,7.17350000000005e-10,7.15563419329996e-10,-1.70702620671111e-13,-1.39325906755614e-12,-1.44456919527271e-12,NaN
-1277.0187992,-0.1583212,-9.50284e-08,7.42000000000008e-10,7.1496022106956e-10,-1.38743119889481e-12,-1.12805192364438e-12,-1.39183738787595e-12,NaN
-1266.92557142,-0.15706987,-9.4272e-08,7.21700000000002e-10,7.12788556932206e-10,-2.52818240503761e-12,-1.0008879055904e-12,-1.33298410910851e-12,NaN
-1256.8263748,-0.1558178,-9.3585e-08,7.41999999999988e-10,7.09903856259484e-10,-3.40324073025419e-12,-1.15856411257258e-12,-1.2646912049174e-12,NaN
-1246.7237098,-0.1545653,-9.2788e-08,7.47999999999995e-10,7.05982075471698e-10,-3.76694149357814e-12,-1.20878130565723e-12,-1.1819589907957e-12,NaN
-1236.6452428,-0.1533158,-9.2089e-08,7.01900000000003e-10,7.02369973272328e-10,-1.26402579899877e-12,-1.08123332049696e-12,-1.08825791734459e-12,NaN
-1226.53701226,-0.15206261,-9.13842e-08,7.03500000000004e-10,7.03454023873701e-10,1.53471426306346e-12,-9.51264137038223e-13,-9.83412426527651e-13,NaN
-1216.449592,-0.150812,-9.0682e-08,7.04200000000009e-10,7.05439401798455e-10,-3.76775238399407e-14,-8.56424284953359e-13,-8.71465855431202e-13,NaN
-1206.3485402,-0.1495597,-8.99758e-08,6.56599999999996e-10,7.03378668826021e-10,-2.44140977145555e-12,-8.25358715338548e-13,-7.61017404261454e-13,NaN
-1196.23958372,-0.14830642,-8.93688e-08,6.50549999999993e-10,7.00556582255544e-10,-2.19893259190463e-12,-7.60588104272205e-13,-6.46644210763326e-13,NaN
-1186.16127804,-0.14705694,-8.86747e-08,7.25899999999997e-10,6.98980803642211e-10,-1.58323348207224e-12,-6.20163255034268e-13,-5.24196291388636e-13,NaN
-1176.0687762,-0.1458057,-8.7917e-08,6.726e-10,6.97390115291399e-10,-5.14710978731033e-13,-4.76900555516159e-13,-4.02931945726388e-13,NaN
-1165.9757904,-0.1445544,-8.73295e-08,6.62000000000003e-10,6.97951381684749e-10,1.36272905388585e-12,-3.4362124634881e-13,-2.86316780981723e-13,NaN
-1155.86860844,-0.14330134,-8.6593e-08,7.6425e-10,7.00115573399171e-10,1.62388162812296e-12,-1.95147812298799e-13,-1.65705276083432e-13,NaN
-1145.787399,-0.1420515,-8.5801e-08,7.27900000000006e-10,7.01199144940995e-10,1.98568030985958e-12,-3.99762833668324e-14,-2.8821359596931e-14,NaN
-1135.6750548,-0.1407978,-8.51372e-08,6.74700000000002e-10,7.0408693401889e-10,2.15809361480439e-12,6.28253400739716e-14,1.15702656739971e-13,NaN
-1125.57287376,-0.13954536,-8.44516e-08,6.8244999999999e-10,7.05515332170604e-10,3.875574758208e-13,1.87930304435662e-13,2.47869403364244e-13,NaN
-1115.48956716,-0.13829526,-8.37723e-08,6.923e-10,7.04862048970532e-10,-4.43466443180959e-13,4.12372145186492e-13,3.6573079208591e-13,NaN
-1105.38141728,-0.13704208,-8.3067e-08,6.76050000000002e-10,7.04628399284242e-10,-1.05166651566292e-12,5.92788391063895e-13,4.71934899505184e-13,NaN
-1095.30012718,-0.13579223,-8.24202e-08,7.00499999999994e-10,7.02758715939206e-10,-1.30929692631777e-12,7.22607337324884e-13,5.65387900639415e-13,NaN
-1085.203673,-0.1345405,-8.1666e-08,7.30700000000006e-10,7.02009805431607e-10,7.36977621236831e-13,8.44497089179182e-13,6.36888138024658e-13,NaN
-1075.1139136,-0.1332896,-8.09588e-08,7.11800000000003e-10,7.0423267118168e-10,1.41800040771021e-12,8.03432552117115e-13,6.76217328553746e-13,NaN
-1065.02157308,-0.13203838,-8.02424e-08,7.19899999999997e-10,7.04845806247027e-10,9.6790414279141e-14,6.55635923297843e-13,6.93325546978652e-13,NaN
-1054.9150364,-0.1307854,-7.9519e-08,7.06700000000005e-10,7.04426252010238e-10,-1.19843597816497e-13,6.48400457174201e-13,7.03431728721633e-13,NaN
-1044.82559964,-0.12953454,-7.8829e-08,6.57999999999998e-10,7.04606119051394e-10,4.46133547758685e-13,7.69396460787669e-13,7.11816413224411e-13,NaN
-1034.73398506,-0.12828341,-7.8203e-08,6.31549999999998e-10,7.05318519105755e-10,1.30353745271694e-12,8.07569346154056e-13,7.1726955289427e-13,NaN
-1024.65495344,-0.12703384,-7.75659e-08,6.76099999999998e-10,7.07213193956828e-10,1.34238034836595e-12,7.45207414959339e-13,7.13761057622273e-13,NaN
-1014.56237094,-0.12578259,-7.68508e-08,7.47200000000004e-10,7.08003279802487e-10,1.00952682959994e-12,6.7934734096823e-13,6.93577292273557e-13,NaN
-1004.4654328,-0.1245308,-7.60715e-08,7.74400000000006e-10,7.09232247616028e-10,1.3448968266551e-12,5.60828859733207e-13,6.52904910095648e-13,NaN
-994.37543142,-0.12327987,-7.5302e-08,7.77899999999997e-10,7.10693073455797e-10,1.16844096129e-12,4.38289026269668e-13,6.03476821365538e-13,NaN
-984.245584,-0.122024,-7.45157e-08,7.53499999999994e-10,7.11569129538608e-10,8.63828172778382e-13,3.76721956966928e-13,5.60687091713737e-13,NaN
-974.16848822,-0.12077467,-7.3795e-08,6.27200000000001e-10,7.12420729801354e-10,5.35828671091193e-13,3.16118598927354e-13,5.23429340161968e-13,NaN
-964.06517794,-0.11952209,-7.32613e-08,6.41000000000006e-10,7.1264078688079e-10,7.89489569413001e-13,3.75422714936561e-13,4.90287068315762e-13,NaN
-953.96267426,-0.11826961,-7.2513e-08,7.5225e-10,7.1399970894018e-10,5.28325669890545e-13,5.75922334181995e-13,4.59927999239543e-13,NaN
-943.8397636,-0.1170146,-7.17568e-08,7.55549999999999e-10,7.13697438220571e-10,-6.77972321004016e-13,6.82278502595583e-13,4.19533476880801e-13,NaN
-933.80630488,-0.11577068,-7.10019e-08,7.67899999999999e-10,7.12643764298172e-10,3.07143423407113e-13,6.17889582412326e-13,3.63835672875169e-13,NaN
-923.71138324,-0.11451914,-7.0221e-08,7.62399999999999e-10,7.14311725067385e-10,1.31227207864227e-13,4.38361842277936e-13,3.01718891575052e-13,NaN
-913.6285606,-0.1132691,-6.94771e-08,7.25850000000001e-10,7.12906218713901e-10,-1.58501947949002e-12,2.1457529062077e-13,2.45723026847238e-13,NaN
-903.4988745,-0.11201325,-6.87693e-08,7.0905e-10,7.11141686108405e-10,2.70151079299666e-13,7.00524735030207e-14,1.98140613266697e-13,NaN
-893.3788676,-0.1107586,-6.8059e-08,7.22499999999999e-10,7.134465208725e-10,1.54461120297201e-12,8.47856482699124e-14,1.54174512543806e-13,NaN
-883.3108864,-0.1095104,-6.73243e-08,6.66000000000001e-10,7.14230908514349e-10,1.65295420055074e-13,1.78288442856499e-13,1.15878923206707e-13,NaN
-873.19144412,-0.10825582,-6.6727e-08,6.58150000000007e-10,7.1377711171261e-10,-1.42168508913123e-13,1.57547258827498e-13,7.71069304115582e-14,NaN
-863.0926508,-0.1070038,-6.6008e-08,6.918e-10,7.13946571496523e-10,2.82013522389957e-13,2.31078638691375e-14,3.14423029108842e-14,NaN
-852.9883726,-0.1057511,-6.53434e-08,7.04549999999994e-10,7.1434113875739e-10,-3.0945372488617e-13,-9.46248305450829e-14,-1.53635603541516e-14,NaN
-842.91684236,-0.10450246,-6.45989e-08,7.77699999999999e-10,7.13327664046751e-10,-1.02872715123802e-12,-2.00839042408487e-13,-6.08326323280858e-14,NaN
-832.81199954,-0.10324969,-6.3788e-08,7.39600000000004e-10,7.12283684454914e-10,-1.04967269926983e-13,-2.43486640624035e-13,-9.44766708330209e-14,NaN
-822.73312924,-0.10200014,-6.31197e-08,6.42e-10,7.13117729506897e-10,5.91752191442705e-13,-1.85245186016543e-13,-1.03355664767695e-13,NaN
-812.6382076,-0.1007486,-6.2504e-08,6.77349999999999e-10,7.13467188837799e-10,1.17612420439897e-12,-1.31153244547822e-13,-9.27451706192476e-14,NaN
-802.51828136,-0.09949396,-6.1765e-08,7.36000000000001e-10,7.15469977915695e-10,2.04697733810513e-12,-6.39757290281565e-14,-7.25165667925527e-14,NaN
-792.44836432,-0.09824552,-6.1032e-08,7.47399999999995e-10,7.1756114351401e-10,2.10009173480496e-13,-3.93630506370136e-15,-5.08958539889118e-14,NaN
-782.35473324,-0.09699414,-6.02702e-08,6.96500000000002e-10,7.15889996262656e-10,-2.90874657410143e-12,5.47762871449094e-15,-3.36471003167584e-14,NaN
-772.2614248,-0.0957428,-5.9639e-08,6.61100000000004e-10,7.11743650365807e-10,-3.14574395796057e-12,1.80231812918288e-14,-2.00511989631009e-14,NaN
-762.16222818,-0.09449073,-5.8948e-08,7.24499999999998e-10,7.09598508346735e-10,-6.63646515209935e-13,-1.25458129714494e-14,-4.49241816542302e-15,NaN
-752.0593212,-0.0932382,-5.819e-08,6.94499999999997e-10,7.10416357335387e-10,1.1663174703846e-12,-1.63531298185873e-14,1.56493950502528e-14,NaN
-741.94673502,-0.09198447,-5.7559e-08,7.10999999999999e-10,7.11931143287504e-10,1.91369357176846e-12,6.74483307989017e-14,3.06949516111545e-14,NaN
-731.86471898,-0.09073453,-5.6768e-08,7.49000000000006e-10,7.14243744478924e-10,2.4973236653152e-12,1.20223410709726e-13,3.61019263138327e-14,NaN
-721.7384206,-0.0894791,-5.6061e-08,7.12100000000002e-10,7.16925790618134e-10,-5.66065482798312e-14,1.29545840952713e-13,3.76452006139683e-14,NaN
-711.6676163,-0.08823055,-5.53438e-08,7.37949999999994e-10,7.14130531382364e-10,-3.69776025504542e-12,8.5524332559305e-14,3.1899483570715e-14,NaN
-701.56971024,-0.08697864,-5.45851e-08,7.019e-10,7.09530270108043e-10,-2.23374827289394e-12,6.78603582601761e-15,1.58896061284562e-14,NaN
-691.4997932,-0.0857302,-5.394e-08,7.04550000000004e-10,7.09663034836576e-10,7.110049491493e-13,-2.20459023930851e-14,-6.77775358269793e-15,NaN
-681.4084206,-0.0844791,-5.3176e-08,7.13449999999999e-10,7.10952280006342e-10,1.68413723980162e-12,-3.79271980042368e-14,-3.93467730141621e-14,NaN
-671.3146282,-0.0832277,-5.25131e-08,6.91099999999998e-10,7.1303130931618e-10,2.30688243221817e-12,-7.13125627158945e-14,-8.3421776444707e-14,NaN
-661.20083212,-0.08197382,-5.17938e-08,7.41550000000003e-10,7.15566044870778e-10,1.23153044236549e-12,-1.37971335926699e-13,-1.3242307470934e-13,NaN
-651.11421846,-0.08072331,-5.103e-08,7.40850000000002e-10,7.1549437020091e-10,-4.31990135676843e-13,-2.30479458719926e-13,-1.7903211455321e-13,NaN
-641.0106662,-0.0794707,-5.03121e-08,7.08099999999998e-10,7.14702064599425e-10,-3.49671113728418e-13,-3.05146455447028e-13,-2.26564738126954e-13,NaN
-630.92598838,-0.07822043,-4.96138e-08,7.32095e-10,7.14795027973454e-10,-9.05422093365641e-13,-3.29919310104352e-13,-2.85479269095006e-13,NaN
-620.83816482,-0.07696977,-4.884791e-08,7.22274999999997e-10,7.12891220412693e-10,-1.19834333733499e-12,-2.73350595371677e-13,-3.53364978521184e-13,NaN
-610.7341286,-0.0757171,-4.816925e-08,7.02670000000001e-10,7.12398341298784e-10,2.83481335930569e-13,-2.59011014723969e-13,-4.23219195581561e-13,NaN
-600.62404288,-0.07446368,-4.744257e-08,6.97825000000001e-10,7.13458183084555e-10,2.14317764841874e-13,-3.86019919176512e-13,-4.90168480807283e-13,NaN
-590.5352514,-0.0732129,-4.67736e-08,7.23570000000002e-10,7.12826976828467e-10,3.09120251875546e-14,-5.35158791806699e-13,-5.48119631136316e-13,NaN
-580.4269402,-0.0719597,-4.599543e-08,7.48780000000002e-10,7.1352000713493e-10,4.06010158780277e-13,-6.41417262247203e-13,-6.01385211594845e-13,NaN
-570.3678316,-0.0707126,-4.527604e-08,7.19694999999998e-10,7.13638997146028e-10,-1.95738346281909e-12,-7.28554980600699e-13,-6.48054519631138e-13,NaN
-560.22999884,-0.06945574,-4.455604e-08,7.19894999999999e-10,7.09605240209291e-10,-3.97302634261238e-12,-7.483363063763e-13,-6.78278191693005e-13,NaN
-550.1068462,-0.0682007,-4.383625e-08,6.68564999999998e-10,7.05692944460803e-10,-2.08996104102031e-12,-6.7440465699846e-13,-6.96435854356387e-13,NaN
-540.0727422,-0.0669567,-4.321891e-08,6.41130000000004e-10,7.05425318127251e-10,5.70479965571086e-13,-6.5187678289658e-13,-7.07146595353311e-13,NaN
-529.96991588,-0.06570418,-4.255399e-08,7.06805000000002e-10,7.06833904391945e-10,5.17664896147375e-13,-7.88280257994833e-13,-7.11558624526464e-13,NaN
-519.8383746,-0.0644481,-4.18053e-08,7.54499999999999e-10,7.06460647919546e-10,-8.7244461935723e-13,-8.83548866540909e-13,-7.10719387741637e-13,NaN
-509.78789662,-0.06320207,-4.104499e-08,7.24099999999999e-10,7.05089015153231e-10,-8.40189188883223e-13,-8.34549235008209e-13,-7.00222358395595e-13,NaN
-499.65264498,-0.06194553,-4.03571e-08,6.92559999999997e-10,7.04780269541779e-10,-1.16603128043666e-12,-7.53279818109486e-13,-6.73033827438042e-13,NaN
-489.6062,-0.0607,-3.965987e-08,7.01715000000001e-10,7.02756952592358e-10,-1.52440530929363e-12,-6.16953777664631e-13,-6.22680396401187e-13,NaN
-479.4785304,-0.0594444,-3.895367e-08,6.86745000000003e-10,7.01731458923192e-10,-2.43261965163314e-13,-4.90857233034076e-13,-5.56459230143097e-13,NaN
-469.3919974,-0.0581939,-3.828638e-08,6.52194999999998e-10,7.02270428662031e-10,2.90269202020537e-13,-4.41787043800209e-13,-4.88281633527003e-13,NaN
-459.282073,-0.0569405,-3.764928e-08,7.01225e-10,7.02311997327233e-10,2.22916317470346e-13,-3.32772500858454e-13,-4.21304715380192e-13,NaN
-449.1963466,-0.0556901,-3.688393e-08,7.65485000000003e-10,7.02716261296972e-10,-1.22016013953008e-13,-2.66065207106295e-13,-3.56925587830968e-13,NaN
-439.0811793,-0.05443605,-3.611831e-08,7.18745e-10,7.02067965299327e-10,-5.23023398038441e-13,-3.21418054885937e-13,-2.94928591315007e-13,NaN
-428.98432182,-0.05318427,-3.544644e-08,6.89189999999998e-10,7.01670214500895e-10,-6.84365840675648e-13,-2.97598832660079e-13,-2.31297246099609e-13,NaN
-418.9004506,-0.0519341,-3.473993e-08,6.79284999999997e-10,7.00699233617976e-10,-1.35452009105529e-12,-1.9126499357003e-13,-1.6413925643554e-13,NaN
-408.78939696,-0.05068056,-3.408787e-08,6.61485000000004e-10,6.98961174318784e-10,-4.92880472943951e-13,-7.03749444836437e-14,-9.6618072160007e-14,NaN
-398.68471546,-0.04942781,-3.341696e-08,7.16665000000002e-10,6.99713472672088e-10,1.24651050986445e-12,5.7441680821412e-14,-4.1036489824406e-14,NaN
-388.55761048,-0.04817228,-3.265454e-08,7.29199999999997e-10,7.01454195338513e-10,1.42464999207237e-12,1.27845349208776e-13,1.02733629789882e-15,NaN
-378.4793048,-0.0469228,-3.195856e-08,7.17160000000001e-10,7.02562772656232e-10,9.8970746789273e-13,1.09702406047025e-13,3.99825782444545e-14,NaN
-368.358088,-0.045668,-3.122022e-08,7.28550000000002e-10,7.03433610274299e-10,3.70256800833579e-13,4.20993216587639e-14,8.00130605346109e-14,NaN
-358.2384844,-0.0444134,-3.050146e-08,6.60895000000001e-10,7.033032862579e-10,1.44370314163288e-13,4.27429569508458e-14,1.27497746620202e-13,NaN
-348.1922814,-0.0431679,-2.989843e-08,6.22019999999999e-10,7.03722350902625e-10,-3.63743233144198e-14,1.12227056966492e-13,1.82206708075708e-13,NaN
-338.179149,-0.0419265,-2.925742e-08,6.7895e-10,7.03230537611271e-10,-6.44345794921633e-13,1.65109733638298e-13,2.34925830840879e-13,NaN
-328.0369606,-0.0406691,-2.854053e-08,7.11505000000001e-10,7.02433659312782e-10,-5.56150195925544e-14,2.35400068580578e-13,2.85063086425708e-13,NaN
-318.01084194,-0.03942609,-2.783441e-08,7.03435000000001e-10,7.03119307572086e-10,2.43946635260888e-15,2.77419319720307e-13,3.27855393648842e-13,NaN
-307.8848662,-0.0381707,-2.713366e-08,7.47609999999998e-10,7.02438538245487e-10,-1.69765849736275e-13,2.75864983400723e-13,3.55511576012525e-13,NaN
-297.7773616,-0.0369176,-2.633919e-08,7.80619999999999e-10,7.02779775872613e-10,2.90091678180608e-13,3.24594850425183e-13,3.70851725193237e-13,NaN
-287.6529184,-0.0356624,-2.557242e-08,7.23660000000003e-10,7.03018721601848e-10,-1.03354390812921e-12,3.82348117960668e-13,3.77874584667032e-13,NaN
-277.59276122,-0.03441517,-2.489187e-08,6.83575000000002e-10,7.00712688056355e-10,-8.4653706765739e-13,4.53080894792269e-13,3.80188549572021e-13,NaN
-267.53502384,-0.03316824,-2.420527e-08,6.91824999999999e-10,7.01325647466534e-10,1.71874663072766e-12,5.3604086178269e-13,3.80237249198304e-13,NaN
-257.462687,-0.0319195,-2.350822e-08,6.80315e-10,7.0415018131781e-10,1.91582210242601e-12,5.59441350424411e-13,3.77818979454877e-13,NaN
-247.33880842,-0.03066437,-2.284464e-08,7.01309999999999e-10,7.05157291671386e-10,4.83209698974047e-13,5.26149333723038e-13,3.66482711375373e-13,NaN
-237.2476778,-0.0294133,-2.21056e-08,7.31419999999998e-10,7.05116600715758e-10,2.29111588031549e-13,4.1777095869573e-13,3.3850461539778e-13,NaN
-227.09274512,-0.02815432,-2.13818e-08,7.15995000000002e-10,7.05615514847449e-10,7.75708906203969e-13,2.71721994727138e-13,2.99974077192029e-13,NaN
-217.02307006,-0.02690591,-2.067361e-08,7.05650000000001e-10,7.06668018528166e-10,-2.8951827900983e-13,1.59061304382947e-13,2.55513318159916e-13,NaN
-206.9546049,-0.02565765,-1.99705e-08,6.87934999999999e-10,7.05036478289429e-10,-1.21974472807986e-12,9.29042386108909e-14,2.02076644917652e-13,NaN
-197.0217292,-0.0244262,-1.929774e-08,7.02650000000001e-10,7.04228529072006e-10,9.57879453668279e-13,6.53132683777475e-14,1.44183761654366e-13,NaN
-186.89704402,-0.02317097,-1.85652e-08,7.04270000000001e-10,7.06952237196766e-10,2.28304746426879e-12,2.09490197331988e-14,8.3608220704856e-14,NaN
-176.8289015,-0.02192275,-1.78892e-08,6.96575e-10,7.08794624000544e-10,1.26821354957064e-12,-2.56098524802303e-14,1.54842243649715e-14,NaN
-166.7516444,-0.0206734,-1.717205e-08,7.26385e-10,7.09488664295907e-10,4.09928197693955e-13,-5.26640541962887e-14,-5.97447701986335e-14,NaN
-156.5054046,-0.0194031,-1.643643e-08,7.3373e-10,7.09614480395932e-10,-2.41595109741755e-13,-9.80868416162557e-14,-1.35097908692529e-13,NaN
-146.47476898,-0.01815953,-1.570459e-08,7.03754999999999e-10,7.09005474076423e-10,-3.54115948266033e-13,-1.44762629376073e-13,-2.01552843759918e-13,NaN
-136.23264284,-0.01688974,-1.502892e-08,6.72685e-10,7.089062484994e-10,-2.57770221296249e-13,-2.25010082150963e-13,-2.59751582579726e-13,NaN
-126.1534499,-0.01564015,-1.435922e-08,6.57145000000002e-10,7.08489933633831e-10,-6.21547260413506e-13,-2.96516281959308e-13,-3.12314802267719e-13,NaN
-116.0165044,-0.0143834,-1.371463e-08,6.85809999999999e-10,7.07663153978573e-10,-5.56326700491447e-13,-3.12169009006404e-13,-3.5541124772173e-13,NaN
-106.00732434,-0.01314249,-1.29876e-08,7.138e-10,7.07377280232848e-10,-1.18339543364516e-12,-3.77543490699712e-13,-3.91089698013557e-13,NaN
-95.8575539,-0.01188415,-1.228703e-08,6.75685e-10,7.05296363111282e-10,-2.36327142177625e-12,-4.49980389042966e-13,-4.21226935035662e-13,NaN
-85.8012684,-0.0106374,-1.163623e-08,6.98064999999999e-10,7.02650737389295e-10,-2.14399697614908e-12,-4.64159975503675e-13,-4.47379739068108e-13,NaN
-75.67456672,-0.00938192,-1.08909e-08,7.38725e-10,7.01008369158984e-10,-1.71250492649888e-12,-5.00785376133145e-13,-4.71295546968515e-13,NaN
-65.59577708,-0.00813238,-1.015878e-08,7.25895000000001e-10,6.99225727536298e-10,-1.35320358331998e-12,-5.70195882587557e-13,-4.86260077444955e-13,NaN
-55.52698928,-0.00688408,-9.43911e-09,7.5683e-10,6.98301961992344e-10,-6.69116514529802e-14,-5.85211400235227e-13,-4.92057457098963e-13,NaN
-45.39004378,-0.00562733,-8.64512e-09,7.3382e-10,6.99091904233392e-10,1.17478566898441e-12,-5.08321502400424e-13,-4.9041786975286e-13,NaN
-35.32908,-0.00438,-7.97147e-09,6.85250000000001e-10,7.00651533330313e-10,9.73338524088814e-13,-4.65753507489205e-13,-4.77179294530812e-13,NaN
-25.15841862,-0.00311907,-7.27462e-09,7.35655e-10,7.01038581281569e-10,1.70580250968417e-13,-5.05253571855311e-13,-4.52735357309066e-13,NaN
-14.9358122,-0.0018517,-6.50016e-09,6.9841e-10,7.0099269383225e-10,2.20461731862628e-13,-4.60043364459964e-13,-4.19726689256948e-13,NaN
-5.00519498,-0.00062053,-5.8778e-09,6.7208e-10,7.01479504745295e-10,2.15089469750108e-13,-3.47518392958208e-13,-3.84216098503828e-13,NaN
5.03899152,0.00062472,-5.156e-09,7.0731e-10,7.0142287277175e-10,-3.93595664681006e-13,-2.95057580435298e-13,-3.47827367116133e-13,NaN
15.1342358,0.0018763,-4.46318e-09,7.1345e-10,7.00692313415933e-10,-8.04201114407947e-13,-2.70944764479046e-13,-3.09350149203928e-13,NaN
25.5192108,0.0031638,-3.7291e-09,7.0383e-10,6.99814470542934e-10,-4.17803234501195e-13,-2.79136984010738e-13,-2.75613114915841e-13,NaN
35.45273178,0.00439533,-3.05552e-09,6.6421e-10,6.9985670694693e-10,4.64017644793805e-13,-2.60034550462629e-13,-2.48157446375743e-13,NaN
45.72518608,0.00566888,-2.40068e-09,7.10665e-10,7.00742505832522e-10,2.00463996919392e-13,-1.65368748237064e-13,-2.22237036323354e-13,NaN
55.74404534,0.00691099,-1.63419e-09,7.29225e-10,7.00257634940769e-10,-6.44024326711895e-13,-1.26126264773742e-13,-1.97110549428869e-13,NaN
65.5451226,0.0081261,-9.4223e-10,6.7907e-10,6.99454457179098e-10,-1.12458419216745e-12,-1.03036388390598e-13,-1.72886514410784e-13,NaN
75.78781336,0.00939596,-2.7605e-10,6.6331e-10,6.98008466556434e-10,-1.34098580941816e-12,-5.34457565922755e-14,-1.46562446443756e-13,NaN
85.8299027,0.01064095,3.8439e-10,6.65405e-10,6.96772485560262e-10,-1.53505798545889e-13,-5.72478662769833e-14,-1.1416416451639e-13,NaN
95.8918344,0.0118884,1.05476e-09,6.6388e-10,6.97701454959342e-10,1.33742463022961e-12,-9.55065462809837e-14,-7.80186351275961e-14,NaN
106.0207139,0.01314415,1.71215e-09,6.56655e-10,6.99447334820721e-10,1.50789604521059e-12,-1.23070974144887e-13,-4.18644516328563e-14,-2.00221290418008e-07
116.21468602,0.01440797,2.36807e-09,6.86125e-10,7.00717247049763e-10,4.57711329814741e-13,-1.14319199682625e-13,-4.81403822398852e-16,-2.30236610712494e-09
126.2478221,0.01565185,3.0844e-09,7.1336e-10,7.00362757480351e-10,-9.75016251783851e-13,-9.89927327249183e-14,4.93027776884904e-14,2.3579589329278e-07
136.2653908,0.0168938,3.79479e-09,7.22955e-10,6.98767214546196e-10,-1.4088234161588e-12,-6.05383186341449e-14,1.03310342310015e-13,4.9409294148268e-07
146.3628129,0.01814565,4.53031e-09,7.24765e-10,6.97545110648033e-10,-8.50373847652019e-13,4.46253790124428e-14,1.58256480944675e-13,7.56878821909315e-07
156.5796118,0.0194123,5.24432e-09,7.2098e-10,6.97066466850892e-10,-7.83767072866941e-13,1.73733690470827e-13,2.0702187442454e-13,9.90104616813017e-07
166.687923,0.0206655,5.97227e-09,6.90025e-10,6.95977576502299e-10,-6.06025447915237e-13,2.9615008360476e-13,2.4579058063021e-13,1.17552016823144e-06
176.74388586,0.02191221,6.62437e-09,7.01065e-10,6.95854415955061e-10,4.45563376294012e-13,3.93292058381121e-13,2.81136594409354e-13,1.34456632108821e-06
186.75782486,0.02315371,7.3744e-09,7.39925e-10,6.96868703254887e-10,8.77674013001511e-13,4.38231122246836e-13,3.15211939031939e-13,1.50753536058753e-06
196.9225174,0.0244139,8.10422e-09,7.07085000000001e-10,6.97609763981064e-10,1.54172348184545e-12,4.51076298467755e-13,3.49459203043829e-13,1.6713266232531e-06
207.130847,0.0256795,8.78857e-09,6.96825e-10,6.99952150218578e-10,1.28584883009806e-12,4.7791234683506e-13,3.83311005138264e-13,1.83322654631344e-06
217.17237172,0.02692442,9.49787e-09,7.16205e-10,7.0018146164126e-10,-1.47343088178609e-13,5.13332494449987e-13,4.10566380875283e-13,1.96357834331657e-06
227.21671954,0.02816969,1.022098e-08,7.10930000000001e-10,6.99657464042221e-10,8.95576173865659e-13,5.02440989907483e-13,4.29041401047067e-13,2.05193713544249e-06
237.27881256,0.02941716,1.091973e-08,6.85035000000001e-10,7.01972613988992e-10,1.64654975197633e-12,4.46608786388914e-13,4.3606421745106e-13,2.0855245182442e-06
247.39010818,0.03067073,1.159105e-08,6.67384999999999e-10,7.02950563546173e-10,5.53827663140803e-13,3.85378226121079e-13,4.29619225453876e-13,2.05470064347506e-06
257.49551562,0.03192357,1.22545e-08,6.6426e-10,7.03080269315273e-10,2.77627805839228e-13,3.16236371077106e-13,4.07482243370272e-13,1.94882812046652e-06
267.6040688,0.0331768,1.291957e-08,7.02550000000001e-10,7.03505819157852e-10,8.20811909669739e-13,2.39526431239128e-13,3.72252434266004e-13,1.78033772909828e-06
277.6914084,0.0344274,1.36596e-08,7.45005e-10,7.04721893134613e-10,6.24976443407605e-13,2.14009459137079e-13,3.34573412473019e-13,1.60013371182748e-06
287.819078,0.035683,1.440958e-08,7.076e-10,7.04755772044667e-10,-3.24400043036358e-13,2.71179308957438e-13,2.96694132784876e-13,1.41897193940593e-06
297.8443094,0.0369259,1.50748e-08,6.67865e-10,7.0407309304854e-10,5.47797345353233e-13,3.23465470438861e-13,2.55506159017158e-13,1.22198597790815e-06
307.8961586,0.0381721,1.574531e-08,6.9175e-10,7.05851366735374e-10,1.61779287186574e-12,3.02209807265759e-13,2.12442599004913e-13,1.01602982132784e-06
318.03439466,0.03942901,1.64583e-08,7.16895000000001e-10,7.07308678792272e-10,3.48336655416688e-13,2.19269996324793e-13,1.67534895166706e-13,8.01253846449463e-07
328.1184272,0.0406792,1.71791e-08,7.46810000000001e-10,7.06548040046207e-10,-1.04365189472006e-12,1.45220217567762e-13,1.16540458325928e-13,5.57367409384873e-07
338.19423242,0.04192837,1.795192e-08,7.39850000000001e-10,7.05221375002831e-10,-1.17828291694012e-12,9.82988245213081e-14,6.13902203933146e-14,2.9360540188107e-07
348.2600358,0.0431763,1.86588e-08,7.01589999999999e-10,7.04191474212327e-10,-8.86738544474423e-13,1.33590335317557e-14,1.05294418267978e-14,5.03582000412069e-08
358.42876134,0.04443699,1.93551e-08,6.8498e-10,7.03447897913883e-10,-5.56243742780304e-13,-6.61231405215974e-14,-3.67226263648838e-14,-1.75629952179879e-07
368.5186014,0.0456879,2.002876e-08,6.699e-10,7.03078986726766e-10,-5.93665315182733e-13,-1.05257587771884e-13,-8.59181905859415e-14,-4.10913085411025e-07
378.58956702,0.04693647,2.06949e-08,6.8712e-10,7.02260567283517e-10,-9.65734897732479e-13,-1.04443719738399e-13,-1.35091425385428e-13,-6.46089425756395e-07
388.75280768,0.04819648,2.1403e-08,7.0572e-10,7.01147516931301e-10,-5.17182099254543e-13,-1.14049824451725e-13,-1.81182358748289e-13,-8.66524324448339e-07
398.7725542,0.0494387,2.210634e-08,7.17750000000002e-10,7.01226203085008e-10,3.4693713334388e-13,-2.25329610008468e-13,-2.25020101810576e-13,-1.0761830956158e-06
408.9034502,0.0506947,2.28385e-08,7.2362e-10,7.01841391197989e-10,5.96866859951457e-13,-3.39187411906553e-13,-2.6514628759014e-13,-1.2680909406485e-06
418.97449648,0.05194328,2.355358e-08,7.0713e-10,7.02419936804911e-10,4.39639629435183e-14,-3.71653368561471e-13,-2.96680887225327e-13,-1.41890859107765e-06
429.07175726,0.05319511,2.425276e-08,6.9298e-10,7.01929319123876e-10,-4.54093127817176e-13,-4.00357365153124e-13,-3.15810103609696e-13,-1.51039614769855e-06
439.11892818,0.05444073,2.493954e-08,6.96455000000001e-10,7.01511750549277e-10,6.54176595166454e-13,-4.42516592305511e-13,-3.24785639054936e-13,-1.55332262156709e-06
449.3068508,0.0557038,2.564567e-08,6.97729999999999e-10,7.03237672314209e-10,1.32675281433323e-12,-4.09660538059064e-13,-3.32685094751455e-13,-1.59110262707218e-06
459.40370828,0.05695558,2.6335e-08,6.79619999999998e-10,7.04165256177943e-10,1.08813393282059e-13,-3.38796581808795e-13,-3.43820691328052e-13,-1.64435982809068e-06
469.4363604,0.0581994,2.700491e-08,7.38750000000001e-10,7.03455299100773e-10,-6.92450678384759e-13,-3.47299595876944e-13,-3.57178573496413e-13,-1.70824535150458e-06
479.555964,0.059454,2.78125e-08,7.2352e-10,7.02780354821174e-10,-7.42567781829897e-13,-3.63755044289426e-13,-3.72738091628858e-13,-1.78266043822497e-06
489.64967574,0.06070539,2.845195e-08,6.79699999999999e-10,7.01970163537113e-10,-2.78468708237978e-13,-3.13061579059862e-13,-3.89411429139517e-13,-1.86240248718899e-06
499.73112716,0.06195526,2.91719e-08,6.87915000000002e-10,7.02223417404698e-10,-4.08640795941043e-13,-2.83156114587276e-13,-4.08091131944328e-13,-1.95174019625548e-06
509.9034824,0.0632164,2.982778e-08,6.84850000000003e-10,7.01152881945231e-10,-1.55214546195825e-12,-3.16713567785056e-13,-4.28476546590638e-13,-2.0492356576074e-06
519.9537184,0.0644624,3.05416e-08,7.07259999999998e-10,6.99119126480781e-10,-1.13244863983329e-12,-3.70342167483512e-13,-4.49843362626296e-13,-2.15142477777794e-06
530.05186644,0.06571434,3.12423e-08,6.882e-10,6.98887984665564e-10,-5.1423911073855e-13,-4.17606098341123e-13,-4.7639024215178e-13,-2.27838811463895e-06
540.12863958,0.06696363,3.1918e-08,7.21435e-10,6.98090648259304e-10,-1.09051830166036e-12,-4.52142708912422e-13,-5.07586740232837e-13,-2.42758875763531e-06
550.2770388,0.0682218,3.268517e-08,7.05654999999999e-10,6.96706948062244e-10,-1.35771597318175e-12,-5.32213150049405e-13,-5.39207376771751e-13,-2.57881788890837e-06
560.31735362,0.06946657,3.332931e-08,6.62960000000001e-10,6.9537521631294e-10,-1.30439647557128e-12,-6.5600888371006e-13,-5.72157697876744e-13,-2.73640638114965e-06
570.4339728,0.0707208,3.401109e-08,6.91980000000001e-10,6.94098155111101e-10,-3.74731647375941e-13,-7.20078369901708e-13,-6.07304778668311e-13,-2.90450111537018e-06
580.55865798,0.07197603,3.471327e-08,7.19235e-10,6.94625753018188e-10,1.01562458945828e-12,-7.18165660677397e-13,-6.42237194936286e-13,-3.07156919317354e-06
590.75158152,0.07323972,3.544956e-08,7.2102e-10,6.96129404290018e-10,5.56045663548423e-13,-6.97974082787291e-13,-6.74746024785137e-13,-3.22704620549413e-06
600.83383954,0.07448969,3.615531e-08,7.08619999999998e-10,6.95737844345285e-10,-1.46679539740309e-13,-7.16740268008651e-13,-7.04033672648622e-13,-3.36711756484124e-06
610.9720756,0.0757466,3.68668e-08,6.89605000000001e-10,6.95836045210537e-10,1.2043579696021e-13,-7.71983629676442e-13,-7.26741822265527e-13,-3.47572175866122e-06
620.9343922,0.0769817,3.753452e-08,6.55665000000002e-10,6.95978715939206e-10,-9.08383315590449e-13,-7.87352371688357e-13,-7.38344751684407e-13,-3.53121402979499e-06
631.0620618,0.0782373,3.817813e-08,6.88399999999998e-10,6.94019278579356e-10,-2.05094260345658e-12,-7.49153403260812e-13,-7.41347372974547e-13,-3.54557439248696e-06
641.0844701,0.07947985,3.891132e-08,7.26069999999999e-10,6.91876830732293e-10,-1.42303630886314e-12,-6.96580343510476e-13,-7.41314293319068e-13,-3.54541618543902e-06
651.1028454,0.0807219,3.963027e-08,7.00440000000001e-10,6.9117320596163e-10,-3.82259847334915e-13,-6.65779617430533e-13,-7.37429695783592e-13,-3.52683767548674e-06
661.1611474,0.0819689,4.03122e-08,6.86649999999999e-10,6.91112311037623e-10,-4.52649323880611e-13,-6.72033931161571e-13,-7.28500473456599e-13,-3.48413269914026e-06
671.260586,0.083221,4.100357e-08,6.85295000000001e-10,6.90267907313869e-10,-8.94890597748733e-13,-6.89301253844592e-13,-7.14719224266911e-13,-3.41822237692871e-06
681.36066988,0.08447318,4.168279e-08,6.88830000000003e-10,6.89322529842125e-10,-8.92720559921972e-13,-6.94441932458198e-13,-6.94360268789452e-13,-3.32085345942781e-06
691.43478124,0.08572214,4.238123e-08,6.94650000000002e-10,6.88482466194025e-10,-8.5062815692286e-13,-7.07047836886091e-13,-6.67793462854158e-13,-3.19379482234597e-06
701.56632252,0.08697822,4.307209e-08,6.60304999999999e-10,6.8762127352828e-10,-9.91201839226304e-13,-6.73502250881464e-13,-6.36349237820822e-13,-3.0434093982735e-06
711.77497476,0.08824386,4.370184e-08,6.50809999999996e-10,6.86500062515572e-10,-1.1995583138918e-12,-5.85116987771414e-13,-6.02500058760342e-13,-2.88152202015816e-06
721.9090165,0.08950025,4.437371e-08,6.91595000000001e-10,6.85222156900496e-10,-2.73270402500635e-13,-5.43209650969667e-13,-5.65522124578318e-13,-2.70467103059196e-06
731.95780062,0.09074607,4.508503e-08,7.12320000000003e-10,6.85953521710571e-10,4.47198351038631e-13,-5.57629057018935e-13,-5.25673614349919e-13,-2.51409119906483e-06
742.1171696,0.0920056,4.579835e-08,7.18165000000003e-10,6.86116553602573e-10,-4.42047158486099e-13,-5.71886164342748e-13,-4.8795807618428e-13,-2.33371253827264e-06
752.1996696,0.0932556,4.652136e-08,6.53980000000001e-10,6.85069427393599e-10,-1.09425734444743e-12,-5.37732812127214e-13,-4.50273935419946e-13,-2.15348403896496e-06
762.23103116,0.09449926,4.710631e-08,6.70179999999997e-10,6.83928038913678e-10,-1.17969727513616e-12,-4.42864130446576e-13,-4.07208486596569e-13,-1.94751884894011e-06
772.31554766,0.09574951,4.786172e-08,6.90179999999996e-10,6.82710032843326e-10,-7.01698113207363e-13,-3.59392037009765e-13,-3.59079142504238e-13,-1.71733502936809e-06
782.4149056,0.0970016,4.848667e-08,6.60180000000002e-10,6.82524642687264e-10,-2.28302906068231e-13,-2.76503137378164e-13,-3.10525621510997e-13,-1.48512253766129e-06
792.4845,0.09825,4.918208e-08,7.26335000000004e-10,6.8225342703119e-10,3.11461018369413e-13,-1.58635135624062e-13,-2.66792089857115e-13,-1.27596216888185e-06
802.58668104,0.09950244,4.993934e-08,7.19779999999999e-10,6.83147564724002e-10,4.54411368320911e-13,-1.1452535842975e-13,-2.28726822877505e-13,-1.09391089202285e-06
812.68547436,0.10075446,5.062164e-08,6.76789999999999e-10,6.83162249767832e-10,-5.75514847448187e-13,-1.62455571603267e-13,-1.93071251499303e-13,-9.23384246301014e-07
822.7650706,0.1020041,5.129292e-08,6.93099999999997e-10,6.81996535029106e-10,-8.0753312645804e-13,-1.98290024480829e-13,-1.60803588955283e-13,-7.69060642829614e-07
832.866929,0.1032565,5.200784e-08,6.53949999999998e-10,6.81547183514916e-10,3.25790504882301e-14,-1.54952932807925e-13,-1.329606017249e-13,-6.35898529988652e-07
842.99677642,0.10451237,5.260082e-08,6.49210000000002e-10,6.82061693130083e-10,1.1019012888173e-12,-9.90156849073176e-14,-1.06452434038241e-13,-5.09120336704631e-07
853.0807283,0.10576255,5.330626e-08,7.1368e-10,6.8375098609255e-10,1.23779179596355e-12,-8.2064359920141e-14,-8.39301443076699e-14,-4.01405037993204e-07
863.1636316,0.1070126,5.402818e-08,6.63219999999998e-10,6.8453727672201e-10,5.23776586105981e-13,-4.32499038741975e-14,-6.96724248799513e-14,-3.33215945078028e-07
873.2429052,0.1082622,5.46327e-08,6.36909999999999e-10,6.84798539264762e-10,-2.104368728625e-13,-2.476743638108e-14,-6.21833707996352e-14,-2.97398729911299e-07
883.3290349,0.10951265,5.5302e-08,6.84150000000006e-10,6.84116402976285e-10,-1.03644827742391e-12,-6.55687233508326e-14,-5.82044617024449e-14,-2.78369164663867e-07
893.40935708,0.11076238,5.6001e-08,7.05500000000006e-10,6.82725642709914e-10,-7.78367913202915e-13,-1.06706448692703e-13,-5.55805900062365e-14,-2.65820213073305e-07
903.43386254,0.11200519,5.6713e-08,6.75849999999998e-10,6.82559667149879e-10,4.55730594123116e-14,-1.03135564231842e-13,-5.55832394164838e-14,-2.65832884165792e-07
913.6027494,0.1132659,5.73527e-08,6.65949999999998e-10,6.82816788828739e-10,-6.98148315928864e-14,-5.29173832078964e-14,-5.4981725794218e-14,-2.6295607988539e-07
923.7029946,0.1145181,5.80449e-08,7.03e-10,6.82420037486693e-10,-3.64051337515932e-13,-4.55206619028186e-15,-4.69344188544956e-14,-2.24468959738892e-07
933.79444786,0.11576921,5.87587e-08,6.967e-10,6.82088686153707e-10,-1.66476590636341e-13,-1.64217929613812e-14,-3.51978270180724e-14,-1.68337433564694e-07
943.887353,0.1170205,5.94383e-08,6.80649999999999e-10,6.8208708430542e-10,6.22322136400147e-14,-5.46397566742085e-14,-2.66741131706988e-14,-1.27571845598994e-07
953.9795322,0.1182717,6.012e-08,6.84349999999997e-10,6.82213150580987e-10,-3.91696810799937e-13,-5.35950105255128e-14,-2.20733165525826e-14,-1.05568035686265e-07
964.0838104,0.1195244,6.0807e-08,6.96000000000002e-10,6.81303690683821e-10,-8.92503340959131e-13,-4.12296578465729e-14,-1.73644239530678e-14,-8.3047244992933e-08
974.18437824,0.12077664,6.1512e-08,6.83e-10,6.80428143899069e-10,-2.43395603524332e-13,-1.57989896979554e-14,-9.95868909487484e-15,-4.76285130624449e-08
984.281881,0.1220285,6.2173e-08,6.759e-10,6.80816899476772e-10,6.09055018233894e-13,2.54177183830556e-14,-4.58852309173748e-16,-2.19451104387445e-09
994.372447,0.1232795,6.28638e-08,6.86899999999999e-10,6.81646253935537e-10,8.62745305669563e-13,2.64733030400245e-14,1.13413771984367e-14,5.42413692099147e-08
1004.4622064,0.1245304,6.35468e-08,6.86600000000003e-10,6.82542390088111e-10,1.05402953634435e-13,3.03294229603945e-15,2.09172722241757e-14,1.00039128028666e-07
1014.5600318,0.1257823,6.4237e-08,6.98100000000003e-10,6.81857059842805e-10,-2.5064372918971e-13,1.01426969272508e-14,2.53180559555928e-14,1.21086354570226e-07
1024.6727793,0.12703605,6.4943e-08,6.99399999999994e-10,6.82041102629732e-10,1.44797277401179e-13,5.87119538703363e-14,2.96127200868677e-14,1.41626052589367e-07
1034.77496034,0.12828849,6.56358e-08,6.89549999999997e-10,6.82146654397608e-10,-5.44914267594025e-13,8.90396740986119e-14,3.75399543733191e-14,1.79538912220222e-07
1044.84253824,0.12953664,6.63221e-08,6.74100000000002e-10,6.80951274094543e-10,-2.77548019207526e-13,7.31749565618236e-14,5.01351200592783e-14,2.3977666115307e-07
1054.948107,0.1307895,6.6984e-08,6.67950000000007e-10,6.81591558359193e-10,8.89208589096052e-13,6.51823014721379e-14,6.66667995671649e-14,3.18841215321223e-07
1065.04778758,0.13204163,6.7658e-08,6.85249999999996e-10,6.82729691272736e-10,6.79870665247167e-13,7.15973153104249e-14,8.45062057068413e-14,4.04160114250111e-07
1075.145371,0.1332935,6.83545e-08,6.81599999999997e-10,6.82951299689687e-10,5.91929488776543e-13,8.08452211404376e-14,1.03196483260971e-13,4.93548398204644e-07
1085.2431964,0.1345454,6.90212e-08,6.83800000000004e-10,6.83913550250289e-10,4.39123196448305e-13,1.01759844906322e-13,1.24582927106615e-13,5.95831390509898e-07
1095.3418284,0.1357974,6.97221e-08,6.814e-10,6.83829546082584e-10,-3.60127522707231e-13,1.10146538719065e-13,1.48935156172297e-13,7.12298572997942e-07
1105.4348142,0.1370487,7.0384e-08,6.458e-10,6.83193295204874e-10,1.7013680944078e-13,9.61275915453782e-14,1.75884955248431e-13,8.4118891640554e-07
1115.5294132,0.1383002,7.10137e-08,6.64249999999999e-10,6.84169819701465e-10,4.76419058189379e-13,1.04959776352793e-13,2.04803324026214e-13,9.79494158386241e-07
1125.6417574,0.1395539,7.17125e-08,6.62150000000004e-10,6.84146133321253e-10,-1.95412353620666e-13,1.93648502310395e-13,2.32153093841524e-13,1.11029740532903e-06
1135.7165947,0.14080295,7.2338e-08,6.5325e-10,6.83778994994224e-10,-1.93351378287069e-13,2.98437033058081e-13,2.54712933189237e-13,1.21819228916592e-06
1145.8180498,0.1420553,7.3019e-08,7.07399999999996e-10,6.83759430564679e-10,6.92767673126936e-15,3.1626565149791e-13,2.72572126208174e-13,1.30360582099561e-06
1155.9207148,0.1433078,7.37528e-08,7.13650000000003e-10,6.83792850347687e-10,-1.43482298579882e-13,2.96184292297412e-13,2.8660315488595e-13,1.37071074075889e-06
1166.00426338,0.14455793,7.44463e-08,6.82599999999999e-10,6.83472465967519e-10,-3.37247163016195e-13,3.00678726589733e-13,2.92805005058565e-13,1.40037176332357e-06
1176.091361,0.1458085,7.5118e-08,6.94249999999993e-10,6.83118356021654e-10,-3.01371491993055e-13,3.30421458060487e-13,2.8711173523376e-13,1.37314308155277e-06
1186.202092,0.147062,7.58348e-08,6.93499999999999e-10,6.82869722983533e-10,-3.977117261999e-13,3.49290268485259e-13,2.70238409248384e-13,1.29244456597053e-06
1196.2942712,0.1483132,7.6505e-08,6.88250000000006e-10,6.82322932569254e-10,-2.28534055131332e-13,3.27140727241985e-13,2.42431392102324e-13,1.15945448396764e-06
1206.3957263,0.14956555,7.72113e-08,6.93000000000005e-10,6.8241265487327e-10,7.44205418016142e-13,2.80991819912526e-13,2.0445302047871e-13,9.7781879359383e-07
1216.4826626,0.1508161,7.7891e-08,6.94849999999999e-10,6.83811343405287e-10,1.71623083195539e-12,2.10732331007317e-13,1.58425384340593e-13,7.57686620759358e-07
1226.5708088,0.1520668,7.8601e-08,6.7945e-10,6.85845116537181e-10,1.26567872431986e-12,1.28962233565904e-13,1.03993722375707e-13,4.97361280927294e-07
1236.675087,0.1533195,7.92499e-08,6.73399999999997e-10,6.86342700853926e-10,9.59432829734427e-14,5.00860444179528e-14,3.95069631404787e-14,1.88946345454463e-07
1246.7712992,0.1545712,7.99478e-08,6.81549999999995e-10,6.86037003103128e-10,-1.02776959830014e-15,-3.60240388452724e-14,-3.23027138690258e-14,-1.54491240243167e-07
1256.8820302,0.1558247,8.0613e-08,6.92149999999999e-10,6.8634064531473e-10,4.55756642279506e-13,-1.32394658588628e-13,-1.04728427670832e-13,-5.00875088860501e-07
1266.96678868,0.15707498,8.13321e-08,6.83199999999998e-10,6.86948516387687e-10,7.31347255883504e-13,-2.38789777773288e-13,-1.77003452326438e-13,-8.46538250256877e-07
1277.05485422,0.15832567,8.19794e-08,6.63950000000003e-10,6.87803339826497e-10,1.07322815918823e-12,-3.40302478911288e-13,-2.55188929698114e-13,-1.22046879420837e-06
1287.1505018,0.1595773,8.266e-08,6.84300000000004e-10,6.89094972706063e-10,8.37505945774242e-13,-3.97616914341934e-13,-3.37442648267884e-13,-1.61385614388988e-06
1297.2446975,0.16082875,8.3348e-08,6.98499999999998e-10,6.89478351718045e-10,-9.26379985956665e-13,-4.34877072178316e-13,-4.16061653144421e-13,-1.98986008025593e-06
1307.3259876,0.1620786,8.4057e-08,7.082e-10,6.8724221273415e-10,-2.36914765906346e-12,-4.81168474619148e-13,-4.88211655262389e-13,-2.33492530777664e-06
1317.4262328,0.1633308,8.47644e-08,6.96250000000002e-10,6.84740056399918e-10,-1.68505288908028e-12,-5.16198372909987e-13,-5.54216294989976e-13,-2.65059967169119e-06
1327.5418034,0.1645849,8.54495e-08,6.89250000000001e-10,6.8387210695599e-10,-7.17483974722078e-13,-5.53493736958489e-13,-6.14067091145771e-13,-2.9368426098276e-06
1337.63624108,0.16583638,8.61429e-08,6.81250000000005e-10,6.83305088450474e-10,-6.20181091304314e-13,-6.05549333715881e-13,-6.66956431921583e-13,-3.18979163092931e-06
1347.71793448,0.16708628,8.6812e-08,6.74750000000004e-10,6.82631744773381e-10,-1.00016818047958e-12,-6.56495039441758e-13,-7.11168924689519e-13,-3.4012426832977e-06
1357.81882496,0.16833856,8.74924e-08,6.81499999999999e-10,6.81304752089515e-10,-1.75831389159452e-12,-6.97869592123812e-13,-7.3949770057698e-13,-3.53672813319425e-06
1367.900841,0.1695885,8.8175e-08,6.91350000000002e-10,6.79115116990192e-10,-1.6358818999298e-12,-7.56973459622323e-13,-7.45612959475902e-13,-3.5659750235804e-06
1377.99576264,0.17084004,8.88751e-08,6.75749999999999e-10,6.78032988289655e-10,-1.02324118326571e-12,-8.24721455593496e-13,-7.33043490507546e-13,-3.50586017199261e-06
1388.0847961,0.17209085,8.95265e-08,6.50449999999994e-10,6.7706863462366e-10,-1.49617488504838e-12,-8.33500240868017e-13,-7.08193212798779e-13,-3.38701101773329e-06
1398.18254084,0.17334274,9.0176e-08,6.77399999999995e-10,6.75040638519559e-10,-1.40208441867303e-12,-7.56049171564346e-13,-6.73614282330958e-13,-3.22163352419154e-06
1408.28222142,0.17459487,9.08813e-08,7.00050000000003e-10,6.74264465786314e-10,-3.58033024530488e-13,-6.83460975600659e-13,-6.28718175954715e-13,-3.00691301543559e-06
1418.373836,0.175846,9.15761e-08,6.85500000000003e-10,6.74324572470498e-10,-1.16557566422773e-13,-6.67051966783005e-13,-5.71342569482278e-13,-2.7325079410022e-06
1428.49674666,0.17710101,9.22523e-08,6.73299999999999e-10,6.74031350653469e-10,3.93942105143806e-13,-6.22316287045159e-13,-5.03893029500479e-13,-2.40992318456751e-06
1438.5606142,0.1783487,9.29227e-08,7.08150000000004e-10,6.75112456680785e-10,9.55512016127343e-13,-5.12751849986669e-13,-4.30382796984486e-13,-2.05835250731711e-06
1448.6229492,0.1795962,9.36686e-08,7.20950000000001e-10,6.75942374685724e-10,3.79904414596157e-13,-3.67117254525813e-13,-3.48847210338647e-13,-1.66839970161962e-06
1458.7127086,0.1808471,9.43646e-08,6.87999999999993e-10,6.75872265509978e-10,4.40587555775167e-14,-1.85407322673974e-13,-2.59814937841054e-13,-1.24259318097895e-06
1468.8097274,0.1820989,9.50446e-08,6.43149999999996e-10,6.76030492196879e-10,1.28205055607005e-13,1.06036479374351e-14,-1.69392483055661e-13,-8.10137962440118e-07
1478.9337673,0.18335405,9.56509e-08,6.24700000000004e-10,6.76128675621192e-10,-1.69246189041585e-13,1.12044126855547e-13,-8.12537127181217e-14,-3.88604712999712e-07
1489.0384488,0.1846068,9.6294e-08,6.56899999999999e-10,6.75691999818795e-10,-4.3868604045366e-13,9.87223944194632e-14,2.50570642912477e-15,1.19838133566837e-08
1499.1161092,0.1858562,9.69647e-08,6.73149999999997e-10,6.75251303540284e-10,-1.63237559174666e-13,9.92977688171268e-14,7.86393973442234e-14,3.76101465559329e-07
1509.2268402,0.1871097,9.76403e-08,6.60400000000002e-10,6.75365524700446e-10,1.43285804887748e-13,1.67923506879673e-13,1.47575255525235e-13,7.0579470033808e-07
1519.31208264,0.18836004,9.82855e-08,6.45200000000001e-10,6.7553787515006e-10,1.02329611088181e-14,2.48196891384642e-13,2.14976064035209e-13,1.02814639321187e-06
1529.41894196,0.18961306,9.89307e-08,6.43500000000002e-10,6.75385990622664e-10,-1.60246551450892e-13,2.91572501965163e-13,2.85738881446968e-13,1.36657725909419e-06
1539.51402492,0.19086462,9.95725e-08,6.24849999999999e-10,6.75217382047158e-10,1.82494507236869e-13,3.03054953008974e-13,3.56144605717972e-13,1.70330028821639e-06
1549.62330404,0.19211794,1.001804e-07,6.39999999999998e-10,6.75750979637137e-10,7.04323993748631e-13,3.43365891387257e-13,4.1862302864357e-13,2.00211013699099e-06
1559.7054814,0.1933679,1.008525e-07,7.14149999999997e-10,6.76626030034655e-10,6.8325500011334e-13,4.23019238927986e-13,4.72291988206886e-13,2.25878776968511e-06
1569.7976606,0.1946191,1.016087e-07,7.23650000000008e-10,6.77117489637364e-10,2.4234127613281e-13,4.60056344623714e-13,5.21077294779489e-13,2.4921088011193e-06
1579.9055685,0.19587225,1.022998e-07,6.90600000000001e-10,6.77110712586921e-10,5.68903599175693e-13,4.66926912900441e-13,5.68875450355018e-13,2.72070867561096e-06
1589.994118,0.197123,1.029899e-07,6.7864999999999e-10,6.78255296835716e-10,1.2944896826658e-12,5.21285552360789e-13,6.19223707682151e-13,2.96150468891464e-06
1600.09944478,0.19837583,1.036571e-07,6.85750000000003e-10,6.79699691952252e-10,9.98590568302624e-13,6.09048660769787e-13,6.72456144164338e-13,3.21609460252509e-06
1610.19009144,0.19962684,1.043614e-07,7.09800000000007e-10,6.80252477972321e-10,3.06042605721563e-13,7.22146589637167e-13,7.22261853904276e-13,3.45429582302045e-06
1620.28694892,0.20087862,1.050767e-07,7.0575e-10,6.80311777163696e-10,7.28232802558361e-14,8.54468156435509e-13,7.60909809386939e-13,3.63913387098101e-06
1630.37953142,0.20212987,1.057729e-07,6.84399999999997e-10,6.80398124532832e-10,-4.57586808306581e-14,9.37603780493806e-13,7.87433868823699e-13,3.76598806828726e-06
1640.46195076,0.20337986,1.064455e-07,6.74400000000005e-10,6.80220259802034e-10,-2.5072878207888e-13,9.30959406299428e-13,8.04319732172511e-13,3.84674654517288e-06
1650.5713912,0.2046332,1.071217e-07,6.97750000000004e-10,6.79896666968675e-10,3.21454619583745e-13,8.75619836495996e-13,8.10864375602812e-13,3.87804701375258e-06
1660.66550624,0.20588464,1.07841e-07,7.13649999999997e-10,6.80863169041202e-10,1.44733289542236e-12,8.35519137461588e-13,8.06649386155025e-13,3.85788836856751e-06
1670.77881836,0.20713846,1.08549e-07,7.01999999999996e-10,6.82791332759519e-10,1.75656696640907e-12,8.22340298914925e-13,7.93498664172592e-13,3.79499361126022e-06
1680.8636575,0.20838875,1.09245e-07,6.88550000000003e-10,6.8437630297402e-10,1.24626605359078e-12,8.12254419546379e-13,7.73646882512637e-13,3.70005030766913e-06
1690.9469641,0.20963885,1.099261e-07,6.52499999999999e-10,6.85283864866701e-10,1.21332136628228e-12,7.79143716361921e-13,7.48683115274883e-13,3.58065837740161e-06
1701.0605182,0.2108927,1.1055e-07,6.57449999999989e-10,6.86802945706584e-10,1.84121441029276e-12,7.06933737010642e-13,7.16567836556779e-13,3.42706356614112e-06
1711.1123674,0.2121389,1.11241e-07,6.82500000000006e-10,6.88966293687286e-10,1.85894357743116e-12,6.10094355602858e-13,6.74435694154791e-13,3.22556201552291e-06
1721.2222918,0.2133923,1.11915e-07,6.81700000000009e-10,6.90520832861447e-10,1.09697728147853e-12,5.3827767819115e-13,6.22919843845776e-13,2.9791818618711e-06
1731.310438,0.214643,1.126044e-07,6.89149999999995e-10,6.91160248250244e-10,4.40311785091471e-13,4.94756805150589e-13,5.65969455931126e-13,2.70681044140973e-06
1741.380839,0.2158915,1.132933e-07,6.95499999999995e-10,6.9140145643163e-10,5.07135495708029e-13,4.51397099897068e-13,5.10138793571281e-13,2.43979423012352e-06
1751.523834,0.217149,1.139954e-07,6.912e-10,6.9217451924166e-10,8.20492536637251e-13,4.06618277542056e-13,4.58108030762176e-13,2.19095145147128e-06
1761.6402112,0.2184032,1.146757e-07,6.808e-10,6.93042441504904e-10,3.96558245939935e-13,3.78680973372779e-13,4.06823303641879e-13,1.9456766695916e-06
1771.7267442,0.2196537,1.15357e-07,6.91549999999999e-10,6.92967635733539e-10,-5.24753675054976e-13,3.94298761101267e-13,3.53995423701496e-13,1.69302159161585e-06
1781.787466,0.220901,1.160588e-07,6.9750000000001e-10,6.91992934154794e-10,-1.08775736709811e-12,4.04949380269989e-13,3.01618457999003e-13,1.44252305999523e-06
1791.8643198,0.2221503,1.16752e-07,6.78600000000007e-10,6.90792120999343e-10,-1.40722892930751e-12,3.52853799254611e-13,2.54522871284762e-13,1.21728329744886e-06
1801.9532726,0.2234011,1.17416e-07,6.72499999999995e-10,6.89178476296179e-10,-1.27016013952735e-12,2.76086702302108e-13,2.14256069439995e-13,1.02470294079998e-06
1812.1301448,0.2246628,1.18097e-07,6.75649999999993e-10,6.88251800720289e-10,1.67233119662904e-13,2.10243495730697e-13,1.79487414423326e-13,8.58418068981124e-07
1822.198126,0.225911,1.187673e-07,7.04500000000005e-10,6.89512942535505e-10,1.41814990146993e-12,1.37679467741984e-13,1.51400459866369e-13,7.24089155882634e-07
1832.288692,0.227162,1.19506e-07,7.19700000000006e-10,6.91088100523228e-10,8.5416657228893e-13,7.38433053307558e-14,1.31410217343431e-13,6.28483648164235e-07
1842.351027,0.2284095,1.202067e-07,6.7949999999999e-10,6.91221275680083e-10,-2.92614781762119e-13,5.53986313426888e-14,1.1841600238324e-13,5.66337402702452e-07
1852.4101356,0.2296566,1.20865e-07,6.59900000000002e-10,6.90502870959704e-10,-5.43184443588743e-13,4.22426840230077e-14,1.12713778744283e-13,5.39065898342223e-07
1862.536192,0.230912,1.215265e-07,6.81050000000014e-10,6.90134906792905e-10,-3.23019773944945e-14,-7.86106890292207e-15,1.13736977372372e-13,5.43959456998301e-07
1872.691286,0.232171,1.222271e-07,7.06499999999994e-10,6.90438267004915e-10,6.01232757254244e-13,-2.40874175322888e-14,1.15654249476884e-13,5.53129019237271e-07
1882.7560408,0.2334188,1.229395e-07,7.2294999999999e-10,6.91337372307414e-10,9.49237242066625e-13,4.07491474373671e-14,1.13230230441796e-13,5.41535884721633e-07
1892.8667718,0.2346723,1.23673e-07,7.24800000000004e-10,6.92336741489048e-10,6.78817187252107e-13,1.26829906687977e-13,1.08120974132936e-13,5.17100311070564e-07
1902.946852,0.235922,1.243891e-07,7.06999999999995e-10,6.92695006681918e-10,5.73106978640382e-13,1.70399844448033e-13,1.06395062455916e-13,5.0884595087612e-07
1913.01322,0.23717,1.25087e-07,6.89049999999997e-10,6.93482955446329e-10,6.44012888174093e-13,1.59992050914101e-13,1.09521684482347e-13,5.23799360567747e-07
1923.0924936,0.2384196,1.257672e-07,6.8005e-10,6.93983032458266e-10,2.15816892794998e-13,1.59901834943354e-13,1.12644844034796e-13,5.38736210601198e-07
1933.1814464,0.2396704,1.264471e-07,6.77900000000009e-10,6.93914589231919e-10,2.92571745681736e-14,2.11277797859911e-13,1.11794205262781e-13,5.346679382133e-07
1943.3429932,0.2409302,1.27123e-07,6.87600000000017e-10,6.94041546807403e-10,-2.90113592606783e-13,2.48198239884541e-13,1.05162748914786e-13,5.02952277418542e-07
1953.4383988,0.2421818,1.278223e-07,7.05499999999993e-10,6.93334362046706e-10,-4.95792656685969e-13,2.20626432232104e-13,9.09388290380184e-14,4.34924834529653e-07
1963.50638,0.24343,1.28534e-07,7.06799999999997e-10,6.93049961494031e-10,1.91304446306648e-13,1.48692876887153e-13,6.8636656758633e-14,3.28262271454332e-07
1973.58888,0.24468,1.292359e-07,7.02650000000004e-10,6.93716970939319e-10,4.63112981041897e-13,4.29425917137853e-14,4.07904049779189e-14,1.95084545546569e-07
1983.6826724,0.2459314,1.299393e-07,6.87349999999997e-10,6.93976187456114e-10,-6.73820471586334e-14,-7.70950869403813e-14,9.7037905411336e-15,4.64094330228129e-08
1993.770012,0.247182,1.306106e-07,6.71349999999992e-10,6.93582206845002e-10,-4.51578178441575e-13,-1.35821100084494e-13,-2.53813492229333e-14,-1.21389061500985e-07
2003.9057476,0.2484386,1.31282e-07,6.74199999999994e-10,6.93073031099231e-10,-4.0930315522408e-13,-1.16807774004632e-13,-6.15024673381748e-14,-2.94142235095619e-07
2014.0043796,0.2496906,1.31959e-07,6.81499999999992e-10,6.92763600534553e-10,-4.01475118349046e-13,-9.85470621555162e-14,-9.26961520568976e-14,-4.43329422880815e-07
2024.0804268,0.2509398,1.32645e-07,6.97499999999997e-10,6.92270080862533e-10,1.17499830117497e-14,-1.25260185519557e-13,-1.18201635730541e-13,-5.65312170885196e-07
2034.16454,0.25219,1.33354e-07,7.09300000000013e-10,6.92787100500577e-10,7.45817572312029e-13,-1.74392165205358e-13,-1.4055077858983e-13,-6.72199375864404e-07
2044.2567192,0.2534412,1.340636e-07,7.10950000000003e-10,6.93761716007157e-10,2.88294185598977e-13,-2.1405789216886e-13,-1.61266165400086e-13,-7.71272964956933e-07
2054.3279268,0.2546898,1.347759e-07,6.98399999999993e-10,6.93363688871775e-10,-7.07430519377782e-13,-2.32302241982635e-13,-1.77898491616371e-13,-8.50818872947861e-07
2064.4088136,0.2559396,1.354604e-07,6.78299999999991e-10,6.92346854968402e-10,-9.75336360959779e-13,-2.24111754690803e-13,-1.8536710224935e-13,-8.86538315105587e-07
2074.5800396,0.2572006,1.361325e-07,6.72250000000001e-10,6.91413016149855e-10,-5.90541122109194e-13,-2.00222611651067e-13,-1.82044010350655e-13,-8.70645266894437e-07
2084.669799,0.2584515,1.368049e-07,6.73000000000009e-10,6.91165772724183e-10,1.50774649482922e-13,-1.64049868667641e-13,-1.71082448025367e-13,-8.18220403599581e-07
2094.7539122,0.2597017,1.374785e-07,6.90550000000012e-10,6.91714565448821e-10,1.54278692609334e-13,-1.16159172438007e-13,-1.58380717938902e-13,-7.57472998838227e-07
2104.8097944,0.2609484,1.38186e-07,7.08250000000003e-10,6.91474330109402e-10,-5.94135767514793e-13,-8.61588523963366e-14,-1.4888958160687e-13,-7.1208060768503e-07
2114.9116528,0.2622008,1.38895e-07,7.04999999999992e-10,6.90526293913792e-10,-6.6309939069931e-13,-8.24558317270223e-14,-1.43889147442304e-13,-6.88165487767541e-07
2124.9877,0.26345,1.39596e-07,7.10999999999999e-10,6.90148131328003e-10,-1.87638451606979e-13,-1.08711963947388e-13,-1.41076299521478e-13,-6.74712736841851e-07
2135.1597326,0.2647111,1.40317e-07,6.92149999999992e-10,6.90151017010578e-10,6.76266733105356e-14,-1.53477736863199e-13,-1.3692358745397e-13,-6.54851939997248e-07
2145.23336,0.26596,1.409803e-07,6.66000000000001e-10,6.90283384674624e-10,2.38765317447745e-13,-1.64470977341714e-13,-1.31047840060672e-13,-6.26750539420605e-07
2155.3223128,0.2672108,1.41649e-07,6.71350000000006e-10,6.90628547645473e-10,4.10537045006634e-13,-1.38577914036117e-13,-1.2559708042695e-13,-6.00681688998457e-07
2165.394327,0.2684595,1.42323e-07,6.76100000000004e-10,6.91104458764638e-10,3.44542911504148e-13,-1.15655418123978e-13,-1.21964632913843e-13,-5.83309113935771e-07
2175.4840864,0.2697104,1.430012e-07,7.05000000000006e-10,6.91317633468481e-10,3.82392579670842e-14,-1.10338828194063e-13,-1.22164980022624e-13,-5.84267295760376e-07
2185.5544874,0.2709589,1.43733e-07,7.20699999999994e-10,6.91180937280572e-10,-2.27629731137812e-13,-1.18786944090815e-13,-1.28851215254135e-13,-6.16244942519776e-07
2195.7370058,0.2722213,1.444426e-07,7.06249999999987e-10,6.90862374006206e-10,-3.30964461255918e-13,-1.4787692187678e-13,-1.4230754365447e-13,-6.8060129573877e-07
2205.817086,0.273471,1.451455e-07,6.96750000000003e-10,6.9051900835806e-10,-2.63173571314983e-13,-1.89301028463864e-13,-1.60577833186476e-13,-7.67980941326624e-07
2215.8850672,0.2747192,1.458361e-07,6.79700000000014e-10,6.90336026863576e-10,-1.07672314208705e-13,-1.9424386630483e-13,-1.80616719063668e-13,-8.63819091174064e-07
2225.9595012,0.2759682,1.465049e-07,6.6444999999999e-10,6.90303663729643e-10,1.10886996307687e-13,-1.72873323703772e-13,-1.99754026060852e-13,-9.55345342030162e-07
2236.052487,0.2772195,1.47165e-07,6.71049999999989e-10,6.90557800856191e-10,1.05725497746209e-13,-1.79824450532257e-13,-2.16747713874633e-13,-1.03661950113955e-06
2246.1245012,0.2784682,1.47847e-07,6.98250000000018e-10,6.90515114725135e-10,-3.0357029604274e-13,-2.00961831874092e-13,-2.31770500666724e-13,-1.10846761188433e-06
2256.2150672,0.2797192,1.485615e-07,7.11349999999998e-10,6.89950660264106e-10,-6.08108337674647e-13,-2.14986970277713e-13,-2.47720292692999e-13,-1.18474922592304e-06
2266.38468,0.28098,1.492697e-07,7.03749999999984e-10,6.89298898049786e-10,-7.75832974699739e-13,-2.31629039941572e-13,-2.66795316071511e-13,-1.27597759860288e-06
2276.4623404,0.2822294,1.49969e-07,7.00450000000004e-10,6.88398994314706e-10,-8.14472015221382e-13,-2.65468501671793e-13,-2.86974903445873e-13,-1.37248866865418e-06
2286.5432272,0.2834792,1.506706e-07,6.74900000000006e-10,6.87669954019343e-10,-4.39789689460367e-13,-3.28678967736013e-13,-3.0584157135532e-13,-1.46272055865588e-06
2296.640246,0.284731,1.513188e-07,6.61200000000006e-10,6.87519414935786e-10,-7.19087635052013e-14,-3.85947723208685e-13,-3.21218093618253e-13,-1.53626044773947e-06
2306.7098404,0.2859794,1.51993e-07,6.84600000000001e-10,6.87526136492333e-10,1.50392987383642e-13,-3.98042061940875e-13,-3.30835118860946e-13,-1.58225491629148e-06
2316.7947602,0.2872297,1.52688e-07,6.96200000000006e-10,6.87820200910553e-10,1.44113683209156e-13,-3.73266077863662e-13,-3.34115468569124e-13,-1.59794354533059e-06
2326.9611466,0.2884901,1.533854e-07,6.93700000000003e-10,6.87814363858751e-10,-2.72560533647476e-13,-3.42863766777311e-13,-3.32169648034096e-13,-1.58863744711959e-06
2337.0436466,0.2897401,1.540754e-07,6.99799999999989e-10,6.87275079843258e-10,-7.16229133162675e-13,-3.2393860460135e-13,-3.27819829393098e-13,-1.56783396666264e-06
2347.1301796,0.2909906,1.54785e-07,6.92799999999994e-10,6.86381905592426e-10,-8.80847810822113e-13,-3.08581209061942e-13,-3.21792089070061e-13,-1.53900564337855e-06
2357.20784,0.29224,1.55461e-07,6.79899999999998e-10,6.85513384221614e-10,-7.55047113184619e-13,-3.0650400692867e-13,-3.12515062325594e-13,-1.49463725460067e-06
2367.2935664,0.2934904,1.561448e-07,6.77500000000001e-10,6.84871811366056e-10,-4.27315454483789e-13,-3.15626096727002e-13,-3.00189250648597e-13,-1.43568772049329e-06
2377.3720334,0.2947399,1.56816e-07,6.71799999999997e-10,6.84658753312646e-10,3.27749212892612e-13,-3.03695126878191e-13,-2.84857526129756e-13,-1.36236208149014e-06
2387.4545334,0.2959899,1.574884e-07,6.81850000000004e-10,6.85527309791842e-10,5.74229880631327e-13,-2.73825966077194e-13,-2.64716715725765e-13,-1.26603646651453e-06
2397.614467,0.2972495,1.581797e-07,6.983e-10,6.85807213073909e-10,-1.63257378423436e-13,-2.37433210533952e-13,-2.38411350332919e-13,-1.1402281972444e-06
2407.7026132,0.2985002,1.58885e-07,7.01199999999999e-10,6.85200795034995e-10,-5.3084044938734e-13,-1.7994516789211e-13,-2.08019325947233e-13,-9.9487503713894e-07
2417.7835,0.29975,1.595821e-07,6.84499999999995e-10,6.84745532175134e-10,-7.65936940813742e-13,-1.28598268264151e-13,-1.78755834866513e-13,-8.54919210231149e-07
2427.8668066,0.3010001,1.60254e-07,6.7509999999999e-10,6.83668921153367e-10,-8.77297900291939e-13,-1.12768455104156e-13,-1.53516474183895e-13,-7.34209224357759e-07
2437.9485,0.30225,1.609323e-07,6.74050000000006e-10,6.8299093637455e-10,-1.55430474076481e-13,-1.18766155614187e-13,-1.32001484338744e-13,-6.31311446837471e-07
2448.0301934,0.3034999,1.616021e-07,6.72900000000017e-10,6.83358060205214e-10,4.68209925479441e-13,-1.40027468168525e-13,-1.1213154341122e-13,-5.362812945754e-07
2458.202226,0.304761,1.622781e-07,6.79600000000008e-10,6.83927356225509e-10,6.21065029785463e-13,-1.47177973237689e-13,-9.09740943152442e-14,-4.35093494551168e-07
2468.2710138,0.3060093,1.629613e-07,6.92949999999982e-10,6.84600190264785e-10,5.05453124646359e-13,-1.10635561031842e-13,-6.7625197750391e-14,-3.23424858806218e-07
2478.347061,0.3072585,1.63664e-07,6.93350000000004e-10,6.84938262474802e-10,-2.70634668962191e-14,-5.46128760053097e-14,-4.19445864834223e-14,-2.0060454405115e-07
2488.4473062,0.3085107,1.64348e-07,6.8250000000002e-10,6.84546063330993e-10,-6.50671589390665e-13,-3.24017857900973e-15,-1.57924394157639e-14,-7.55290580753926e-08
2498.5177072,0.3097592,1.65029e-07,6.76899999999995e-10,6.8363691929602e-10,-6.51831298556906e-13,4.2781975244328e-14,6.34905234778721e-15,3.0365032967678e-08
2508.5961742,0.3110087,1.657018e-07,6.74449999999988e-10,6.83242400733879e-10,-1.17505492762809e-13,6.52079465401471e-14,2.27401061046147e-14,1.08757029195983e-07
2518.7665936,0.3122696,1.663779e-07,6.74600000000003e-10,6.83401908310495e-10,1.30890280640216e-13,4.90742431929134e-14,3.43899030344583e-14,1.64473449295235e-07
2528.8531266,0.3135201,1.67051e-07,6.8685000000001e-10,6.83504181295159e-10,3.85863213209248e-13,2.24602755000768e-14,4.27475388775003e-14,2.04444751153262e-07
2538.9372398,0.3147703,1.677516e-07,6.98149999999999e-10,6.84173634736913e-10,6.14934653106427e-13,1.73894463577992e-14,5.0941106236634e-14,2.43631377653467e-07
2549.009254,0.316019,1.684473e-07,6.94949999999998e-10,6.84734050601372e-10,1.62115223448098e-13,3.30096666970641e-14,6.07757046101085e-14,2.90666413352693e-07
2559.0893342,0.3172687,1.691415e-07,6.97200000000007e-10,6.8449786518381e-10,-1.7249428073064e-13,7.28553139568157e-14,7.00044560730965e-14,3.34803920349592e-07
2569.1774804,0.3185194,1.698417e-07,6.78249999999995e-10,6.84389062039911e-10,-1.7251806382906e-13,1.20354838266993e-13,7.51589054770964e-14,3.59455634890461e-07
2579.1607686,0.3197571,1.70498e-07,6.65499999999987e-10,6.84152829056151e-10,-4.28956488255878e-13,1.32474908332523e-13,7.38284112329064e-14,3.53092401548683e-07
2589.2965042,0.3210137,1.711727e-07,6.71599999999999e-10,6.83531149063399e-10,-2.50779745860942e-13,1.11178625532691e-13,6.55091320886164e-14,3.13304544771644e-07
2599.365292,0.322262,1.718412e-07,6.79249999999996e-10,6.8365126956443e-10,2.45951210672996e-13,6.3312931270603e-14,5.25041186498355e-14,2.51106654412257e-07
2609.4606976,0.3235136,1.725312e-07,6.94900000000002e-10,6.84023051484745e-10,5.31399352193688e-13,2.89401156858834e-15,3.89583841199686e-14,1.86322706660719e-07
2619.5722352,0.3247672,1.73231e-07,7.10300000000001e-10,6.84714068268817e-10,7.94008924324334e-13,-2.36303953424646e-14,2.71236570259352e-14,1.29721837950125e-07
2629.6999048,0.3260228,1.739518e-07,6.99800000000002e-10,6.85611069333394e-10,4.37707535844604e-13,-1.2266806482211e-14,1.66297654053495e-14,7.95336606342802e-08
2639.775952,0.327272,1.746306e-07,6.73100000000001e-10,6.85589483340506e-10,-3.20996511812096e-13,5.24563696083558e-15,6.11391347467061e-15,2.92404557484247e-08
2649.9326592,0.3285312,1.75298e-07,6.74699999999995e-10,6.8496907630977e-10,-5.65049038483657e-13,1.52435857685098e-14,-6.65485093644448e-15,-3.18275479569084e-08
2660.0191922,0.3297817,1.7598e-07,6.75000000000011e-10,6.84459385263539e-10,-3.01535708623506e-13,5.70876534352545e-15,-2.2817910364074e-14,-1.09129136523832e-07
2670.12831,0.331035,1.76648e-07,6.69000000000004e-10,6.84366004892523e-10,-1.53886271489648e-13,-3.35696460614441e-14,-4.17038805857567e-14,-1.9945334193188e-07
2680.2317816,0.3322876,1.77318e-07,6.91149999999991e-10,6.84151612720559e-10,-7.90108496254332e-15,-7.77476251267372e-14,-6.23405998051535e-14,-2.98150694720299e-07
2690.3070222,0.3335367,1.780303e-07,7.10100000000003e-10,6.84350202722598e-10,4.11115767061338e-13,-9.89820224201361e-14,-8.09849205930898e-14,-3.87319185445212e-07
2700.395975,0.3347875,1.787382e-07,6.99050000000008e-10,6.84973844254682e-10,4.14589798184088e-13,-1.07949339421036e-13,-9.35136765744341e-14,-4.47239322747293e-07
2710.571234,0.336049,1.794284e-07,6.84149999999996e-10,6.85179382318966e-10,-1.37169584814496e-13,-1.01731266199996e-13,-1.00368637830177e-13,-4.80023920057368e-07
2720.637602,0.337297,1.801065e-07,6.72799999999998e-10,6.84699505085053e-10,-5.49963192824873e-13,-7.95977194827738e-14,-1.0423425582869e-13,-4.98511658311126e-07
2730.752366,0.338551,1.80774e-07,6.64400000000007e-10,6.84079455933316e-10,-5.15013363836374e-13,-8.53803140758585e-14,-1.07974119350282e-13,-5.16397962110044e-07
2740.818734,0.339799,1.814353e-07,6.67649999999991e-10,6.8366947835738e-10,-4.32322362906832e-13,-1.18130121138547e-13,-1.13264143087098e-13,-5.41698075633947e-07
2750.9157528,0.3410508,1.821093e-07,6.86849999999997e-10,6.83214811207502e-10,-3.70557657024959e-13,-1.37560184547193e-13,-1.19503731251772e-13,-5.71539584247605e-07
2761.003899,0.3423015,1.82809e-07,6.97849999999996e-10,6.82928363043331e-10,-8.92857142856752e-14,-1.44102721931433e-13,-1.24957124262472e-13,-5.97621029081388e-07
2771.0807528,0.3435508,1.83505e-07,6.98499999999998e-10,6.83036239778931e-10,1.4668961924394e-13,-1.46502348682812e-13,-1.26719618560747e-13,-6.06050349638355e-07
2781.2358468,0.3448098,1.84206e-07,7.00000000000013e-10,6.83221742281818e-10,1.52272984665578e-13,-1.42640258604161e-13,-1.22152164149779e-13,-5.84206002455465e-07
2791.3151204,0.3460594,1.84905e-07,6.82000000000006e-10,6.83340785748262e-10,-4.04301343177786e-14,-1.25039379354982e-13,-1.11786379516961e-13,-5.34630510733292e-07
2801.3919742,0.3473087,1.8557e-07,6.57850000000004e-10,6.83140882013183e-10,-2.9844956850688e-13,-8.45893936692064e-14,-9.78132547496029e-14,-4.67802522715492e-07
2811.4817336,0.3485596,1.862207e-07,6.63299999999987e-10,6.82743886611248e-10,-1.91294253550618e-13,-5.21584206839912e-14,-8.18300608001469e-14,-3.91361160348529e-07
2821.575526,0.349811,1.868966e-07,6.77399999999982e-10,6.82758293506082e-10,2.86025731047006e-14,-5.1978457932833e-14,-6.52839175151052e-14,-3.12227431593981e-07
2831.6475402,0.3510597,1.875755e-07,6.94900000000015e-10,6.82801091757458e-10,6.12545018006508e-14,-6.52530591764639e-14,-4.98192884148728e-14,-2.38266161984174e-07
2841.821186,0.352321,1.882864e-07,7.11250000000019e-10,6.82880802509683e-10,8.07555097511035e-14,-6.62999203270715e-14,-3.51511448762607e-14,-1.68114171147334e-07
2851.9012662,0.3535707,1.88998e-07,6.9859999999999e-10,6.8296260277696e-10,4.46601282025606e-14,-5.24941061015353e-14,-1.9471290407848e-14,-9.31235628201426e-08
2861.990219,0.3548215,1.896836e-07,6.86999999999985e-10,6.82970122766088e-10,-5.5192643095045e-14,-3.54142812644816e-14,-3.33924938462073e-15,-1.59703231438383e-08
2872.0638464,0.3560704,1.90372e-07,6.61700000000007e-10,6.8285221749077e-10,-1.0487949896978e-13,1.23008811966186e-16,1.17429118353667e-14,5.61617522561016e-08
2882.1455398,0.3573203,1.91007e-07,6.45300000000007e-10,6.82760363768148e-10,-1.54217536071139e-13,6.02776226817476e-14,2.55887243022905e-14,1.22380855358781e-07
2892.2369124,0.3585714,1.916626e-07,6.63299999999987e-10,6.82543782418628e-10,-1.79354572017593e-13,1.02672383456324e-13,3.74489413302702e-14,1.79103632449118e-07
2902.304087,0.3598195,1.923336e-07,6.912e-10,6.82401654624113e-10,1.52787718860775e-13,1.05606948011748e-13,4.57926629381042e-14,2.19008387964846e-07
2912.47128,0.36108,1.93045e-07,7.08400000000017e-10,6.82849357856349e-10,5.7689755147348e-13,9.30500874694162e-14,4.94667676157232e-14,2.36580192944763e-07
2922.561846,0.362331,1.937504e-07,7.04850000000004e-10,6.8355544972706e-10,3.75050397518008e-13,6.65028038805204e-14,4.93155919686037e-14,2.35857178980279e-07
2932.6338602,0.3635797,1.944547e-07,6.97449999999988e-10,6.83599458651385e-10,-2.33815035447992e-13,2.88286595391804e-14,4.91561585038094e-14,2.35094671105175e-07
2942.7115206,0.3648291,1.951453e-07,6.73550000000005e-10,6.83087819656164e-10,-3.18585924935948e-13,1.03807635891023e-14,5.17871452501465e-14,2.47677651196353e-07
2952.793214,0.366079,1.958018e-07,6.5215e-10,6.82962286801513e-10,-4.14222292670016e-15,1.99689963073351e-14,5.52292235322522e-14,2.64139764719467e-07
2962.875714,0.367329,1.964496e-07,6.57599999999983e-10,6.83079535210311e-10,1.00857890325618e-13,4.16658673112306e-14,5.61644477061008e-14,2.68612575985699e-07
2973.0372608,0.3685888,1.97117e-07,6.83700000000005e-10,6.83164002582165e-10,6.72251919635724e-14,5.82798483208919e-14,5.36348389077258e-14,2.56514446949993e-07
2983.1141146,0.3698381,1.97817e-07,7.04500000000018e-10,6.83213985594238e-10,1.32002989875804e-13,5.83242740462827e-14,4.73501809160139e-14,2.26457386989632e-07
2993.199841,0.3710885,1.98526e-07,7.03699999999988e-10,6.83428008561916e-10,2.23932591904747e-13,4.02867634070038e-14,3.78885246379643e-14,1.8120598739896e-07
3003.2896004,0.3723394,1.992244e-07,6.98600000000004e-10,6.83661850778047e-10,2.62661102176411e-13,1.46099498363634e-14,2.80297618687746e-14,1.34055382850661e-07
3013.3721004,0.3735894,1.999232e-07,6.88300000000002e-10,6.83953330766269e-10,2.00566830505504e-13,-4.78711879194583e-15,2.14958781782828e-14,1.02806373896135e-07
3023.4481476,0.3748386,2.00601e-07,6.69799999999981e-10,6.84062984439059e-10,-2.93630659813277e-14,-5.00307738477659e-15,1.97676385670744e-14,9.45408801033993e-08
3033.638732,0.376102,2.012628e-07,6.61850000000008e-10,6.83894604634306e-10,2.12445355502143e-14,2.08378489842656e-14,2.07805412537494e-14,9.93851973005406e-08
3043.6994538,0.3773493,2.019247e-07,6.72449999999999e-10,6.84105473510159e-10,9.03468934743073e-14,5.81488004647534e-14,2.14796806592631e-14,1.02728907500824e-07
3053.7908264,0.3786004,2.026077e-07,6.9645e-10,6.84075298421255e-10,-3.92151577612201e-13,7.14121938503394e-14,1.8593325666182e-14,8.89246010121748e-08
3063.845902,0.379847,2.033176e-07,7.05900000000014e-10,6.83321170354935e-10,-6.14097148292951e-13,3.58210848993311e-14,9.91982001553821e-15,4.74426174656175e-08
3073.9138832,0.3810952,2.040195e-07,7.00400000000008e-10,6.82847104124669e-10,-3.12964619810364e-13,-1.25078423324261e-14,-2.64240456598764e-15,-1.26375870547235e-08
3084.010902,0.382347,2.047184e-07,6.8275e-10,6.82695241115314e-10,-1.03843801671713e-13,-3.84208928775275e-14,-1.43201724146966e-14,-6.84877811137664e-08
3094.0958218,0.3835973,2.05385e-07,6.64349999999998e-10,6.82639416521326e-10,2.01453034044468e-13,-4.68918555190356e-14,-2.24454513503252e-14,-1.07347810805903e-07
3104.2517224,0.3848564,2.060471e-07,6.63449999999989e-10,6.83098147183403e-10,5.18222383293301e-13,-3.27052228469125e-14,-2.68493650106372e-14,-1.28410006572613e-07
3114.3156706,0.3861041,2.067119e-07,6.68499999999991e-10,6.83675861287912e-10,4.16978867018184e-13,-1.24026629135502e-14,-2.83562556937696e-14,-1.35616875057159e-07
3124.40543,0.387355,2.073841e-07,6.88050000000009e-10,6.83932104917439e-10,6.78226007378285e-14,-3.8247522563268e-15,-3.02735693172978e-14,-1.44786635865337e-07
3134.5210006,0.3886091,2.08088e-07,7.093e-10,6.83811506489388e-10,-1.94395116537611e-13,-1.26462456609243e-14,-3.59164991332239e-14,-1.7177456107194e-07
3144.6075336,0.3898596,2.088027e-07,7.12650000000002e-10,6.83543314684364e-10,-3.35299214025102e-13,-5.00460181423692e-14,-4.50039873384e-14,-2.15236461183652e-07
3154.669062,0.391107,2.095133e-07,6.87150000000013e-10,6.83140908061338e-10,-3.58253301320163e-13,-9.56695056414659e-14,-5.41106449090761e-14,-2.58790040869494e-07
3164.848354,0.392369,2.10177e-07,6.65300000000003e-10,6.82826808081724e-10,5.38103920815212e-14,-1.15087353404682e-13,-5.88410274532365e-14,-2.81413609558957e-07
3174.9171418,0.3936173,2.108439e-07,6.49999999999996e-10,6.83248528845501e-10,5.01696527667452e-13,-9.60571201731783e-14,-5.70458424079753e-14,-2.72827941951186e-07
3185.0069012,0.3948682,2.11477e-07,6.58549999999988e-10,6.83830201137058e-10,5.37122584882931e-13,-4.59059947614454e-14,-5.09083704232024e-14,-2.4347481506749e-07
3195.1006936,0.3961196,2.12161e-07,6.97999999999997e-10,6.84322774015267e-10,2.20521982378162e-13,3.25741082076301e-15,-4.48677414598727e-14,-2.14584850460261e-07
3205.1840002,0.3973697,2.12873e-07,7.115e-10,6.84271245101815e-10,-4.56722122811375e-13,1.21328512198845e-14,-4.1106311812837e-14,-1.96595404322264e-07
3215.264887,0.3986195,2.13584e-07,7.00900000000009e-10,6.83409329769644e-10,-1.05224693651091e-12,-6.04182960763039e-15,-3.91699581048832e-14,-1.87334582240746e-07
3225.335288,0.399868,2.142748e-07,6.9125000000001e-10,6.82166751228793e-10,-8.34335998550684e-13,-3.16391066847756e-14,-3.77794227536569e-14,-1.80684195778359e-07
3235.530712,0.401132,2.149665e-07,6.80599999999983e-10,6.81740657772542e-10,1.22881605472735e-13,-6.60152097025351e-14,-3.39117983862746e-14,-1.621868618474e-07
3245.584981,0.4023785,2.15636e-07,6.61249999999989e-10,6.82412514439738e-10,4.33582300845206e-13,-7.18023963030963e-14,-2.45909993906654e-14,-1.17609127520574e-07
3255.671514,0.403629,2.16289e-07,6.55500000000002e-10,6.82607822374233e-10,3.5459976443377e-13,-2.85331678318142e-14,-9.44694069540447e-15,-4.51810207171518e-08
3265.7612734,0.4048799,2.16947e-07,6.67300000000005e-10,6.83121713968606e-10,6.12340030351782e-13,2.87667029168303e-14,1.01038811249846e-14,4.83229097281872e-08
3275.687293,0.4061105,2.176236e-07,6.85000000000009e-10,6.83832502434936e-10,1.21267186119551e-13,6.20601841139291e-14,3.16116763416167e-14,1.51186278155558e-07
3285.596374,0.407339,2.18317e-07,7.00049999999996e-10,6.83364248340845e-10,-6.90299893542494e-13,5.8069615893849e-14,5.15083137185587e-14,2.46344109088759e-07
3295.747435,0.4085975,2.190237e-07,6.94850000000006e-10,6.82451902647851e-10,-7.84884708600263e-13,3.657729897263e-14,6.73359900529816e-14,3.22041691557738e-07
3305.8476802,0.4098497,2.197067e-07,6.88450000000017e-10,6.81794478923645e-10,-2.45453464404791e-13,3.24823920839869e-14,8.18395371174554e-14,3.91406481866091e-07
3316.029392,0.411112,2.204006e-07,6.87349999999997e-10,6.81960995719042e-10,6.04291150422386e-13,5.22643804304802e-14,9.93242742513065e-14,4.7502913772364e-07
3326.168354,0.412369,2.210814e-07,6.78849999999988e-10,6.83003061224489e-10,1.02721069559957e-12,8.91935050807447e-14,1.19798164955864e-13,5.72947745441089e-07
3336.3589384,0.4136324,2.217583e-07,6.78500000000002e-10,6.84015417110241e-10,7.63126005119641e-13,1.40672527413481e-13,1.41200290473308e-13,6.75305737046256e-07
3346.446278,0.414883,2.224384e-07,6.93749999999999e-10,6.84529313234729e-10,1.2689019003759e-13,1.97597255317041e-13,1.61540303122144e-13,7.72584058410254e-07
3356.6110512,0.4161432,2.231458e-07,6.98999999999985e-10,6.84269197490316e-10,-5.61064803280356e-13,2.40817852482562e-13,1.77625988556238e-13,8.49515597442877e-07
3366.635476,0.417386,2.238364e-07,6.88599999999992e-10,6.83407183628168e-10,-7.1657398808547e-13,2.49853668773348e-13,1.8662941885749e-13,8.92575481492344e-07
3376.717976,0.418636,2.24523e-07,6.91100000000008e-10,6.82836049514145e-10,-9.00105325146211e-14,2.37931485222813e-13,1.89996850846055e-13,9.08680591002872e-07
3386.8754898,0.4198953,2.252186e-07,6.77000000000013e-10,6.83227162563139e-10,6.85534213685613e-13,2.1777925642064e-13,1.91411962402359e-13,9.15448515837369e-07
3396.9321786,0.4211421,2.25877e-07,6.56450000000007e-10,6.84207117941516e-10,1.21740752904914e-12,1.81615573307286e-13,1.93391738235632e-13,9.24917008953023e-07
3406.9509572,0.4223842,2.265315e-07,6.69149999999993e-10,6.85661977621237e-10,1.22928888536569e-12,1.60647411954541e-13,1.97002677811396e-13,9.42186719967546e-07
3417.104438,0.423643,2.272153e-07,6.92149999999979e-10,6.86665695712248e-10,3.93239937484682e-13,1.86073472389789e-13,2.00389302981493e-13,9.58383622954966e-07
3427.267598,0.424903,2.279158e-07,6.88850000000012e-10,6.86448457496206e-10,-6.68297696437377e-13,2.03864309580037e-13,2.00102359137322e-13,9.5701128283067e-07
3437.3815554,0.4261569,2.28593e-07,6.85100000000015e-10,6.85329100319373e-10,-1.15267559854134e-12,1.86426250202297e-13,1.94539968160321e-13,9.30408543375448e-07
3447.4438904,0.4274044,2.29286e-07,6.84599999999988e-10,6.84143106299124e-10,-5.54160343382872e-13,1.74329066673066e-13,1.84369574056082e-13,8.81767528094305e-07
3457.4909,0.42865,2.299622e-07,6.7949999999999e-10,6.84220779632607e-10,7.31719857754265e-13,1.5574557852174e-13,1.71404969234413e-13,8.19762896338497e-07
3467.5846924,0.4299014,2.30645e-07,6.8110000000001e-10,6.85606546014632e-10,1.45446895739445e-12,1.26986083200554e-13,1.58837952481527e-13,7.59659772737738e-07
3477.6873574,0.4311539,2.313244e-07,6.94700000000004e-10,6.87129717547396e-10,1.09192903576508e-12,1.2398515195923e-13,1.49921738360846e-13,7.17017009551872e-07
3487.8368052,0.4324122,2.320344e-07,6.92300000000007e-10,6.87790404086162e-10,4.15051303540081e-13,1.45431304292499e-13,1.46465821246393e-13,7.00488710308836e-07
3497.909626,0.433661,2.32709e-07,6.77949999999992e-10,6.87959820154476e-10,-2.41537180910545e-13,1.65262920601616e-13,1.47914715635122e-13,7.07418205211453e-07
3508.012291,0.4349135,2.333903e-07,6.98049999999994e-10,6.87307329724341e-10,-9.37107295748724e-13,1.80609131418527e-13,1.51036853258582e-13,7.22350167758436e-07
3518.098824,0.436164,2.341051e-07,6.87300000000014e-10,6.86085605562979e-10,-1.03503816620961e-12,1.8612804511725e-13,1.51436705925406e-13,7.24262506599768e-07
3528.1780976,0.4374136,2.347649e-07,6.71449999999998e-10,6.85237253391922e-10,-4.43888876305288e-13,1.58782076007105e-13,1.45790851061617e-13,6.97260592033821e-07
3538.27189,0.438665,2.35448e-07,6.91749999999997e-10,6.85197827810368e-10,5.12931776484108e-13,1.12799541003522e-13,1.35689845176434e-13,6.4895143345251e-07
3548.338258,0.439913,2.361484e-07,6.97499999999997e-10,6.8626311694489e-10,9.73530544293432e-13,8.43675768949083e-14,1.26171654394148e-13,6.03429651450273e-07
3558.509484,0.441174,2.36843e-07,6.98800000000001e-10,6.87144888898955e-10,6.44029876102223e-13,8.81391793788504e-14,1.19318712608828e-13,5.70654712477003e-07
3568.60005,0.442425,2.37546e-07,6.97400000000005e-10,6.87551176697095e-10,2.78746970486614e-13,1.11572689951372e-13,1.14904551777565e-13,5.49543508501398e-07
3578.6841632,0.4436752,2.382378e-07,6.81250000000012e-10,6.87702382839928e-10,-1.89091485651696e-13,1.42532271953681e-13,1.12975339499257e-13,5.40316841083403e-07
3588.8021536,0.4449296,2.389085e-07,6.79649999999978e-10,6.87172993725791e-10,-6.09359215384348e-13,1.61377242367693e-13,1.10958851447637e-13,5.30672767793047e-07
3598.891913,0.4461805,2.395971e-07,6.7949999999999e-10,6.8648366440916e-10,-2.40921085414669e-13,1.55742146710045e-13,1.05051585991923e-13,5.02420628657023e-07
3608.950215,0.4474275,2.402675e-07,6.8495000000004e-10,6.86691151554962e-10,5.90999796144702e-13,1.19614799322199e-13,9.53567296157394e-14,4.56053924249188e-07
3619.1343466,0.4486901,2.40967e-07,7.02249999999983e-10,6.87665664001449e-10,1.02178418537144e-12,5.20703652205994e-14,8.47192116899816e-14,4.05178838517303e-07
3629.2184598,0.4499403,2.41672e-07,6.96499999999983e-10,6.88734719925705e-10,9.95106344424464e-13,-1.77644967786131e-15,7.48192496067396e-14,3.57831193771363e-07
3639.282408,0.451188,2.4236e-07,6.82799999999996e-10,6.89655876690298e-10,4.53101995515986e-13,-1.03094905027547e-15,6.73181721534767e-14,3.21956475516628e-07
3649.3697476,0.4524386,2.430376e-07,6.86499999999998e-10,6.89640923916737e-10,-5.74050941130923e-13,4.28317180736962e-14,6.31263871287437e-14,3.01908808007035e-07
3659.4651532,0.4536902,2.43733e-07,6.78300000000004e-10,6.88507774808036e-10,-1.09744841332789e-12,8.6152839126404e-14,5.91189567853412e-14,2.82742836799458e-07
3669.542007,0.4549395,2.443942e-07,6.68999999999991e-10,6.87446027090081e-10,-4.83111168996128e-13,1.09729323157081e-13,5.1320456198988e-14,2.45445660082117e-07
3679.6866152,0.4561972,2.45071e-07,6.85650000000011e-10,6.87541552470044e-10,1.46237174114966e-13,1.06531300318826e-13,3.91801987401329e-14,1.8738355919194e-07
3689.7917,0.45745,2.457655e-07,6.96999999999996e-10,6.87738501438311e-10,3.7044893429132e-13,6.63881435120049e-14,2.49924950284206e-14,1.19529324048968e-07
3699.862101,0.4586985,2.46465e-07,7.04749999999999e-10,6.88282450338627e-10,7.14920496501036e-13,9.5756696707191e-15,1.23180154422557e-14,5.89122477673099e-08
3709.964766,0.459951,2.47175e-07,7.03300000000006e-10,6.89168342431313e-10,4.98823869170159e-13,-3.18484067793169e-14,5.42337257723094e-15,2.59378688476262e-08
3720.031134,0.461199,2.478716e-07,6.76799999999989e-10,6.89280098076967e-10,-3.04364198509957e-13,-3.29104891308001e-14,5.74705690722947e-15,2.74859243389235e-08
3730.1144406,0.4624491,2.485286e-07,6.62400000000005e-10,6.88559614034293e-10,-7.87152596887962e-13,-6.01203518323883e-15,1.04654338434979e-14,5.00520749036856e-08
3740.196134,0.463699,2.491964e-07,6.81600000000011e-10,6.87705792883191e-10,-6.72361774898373e-13,1.61656689877031e-14,1.57584165808516e-14,7.53663401692903e-08
3750.3617138,0.4649593,2.498918e-07,6.87800000000002e-10,6.87214890484496e-10,-2.33779927065359e-13,2.82256608854484e-14,1.88764203001003e-14,9.02785318700449e-08
3760.465992,0.466212,2.50572e-07,6.9480000000001e-10,6.8723823302906e-10,3.91485084599363e-13,2.07756285612263e-14,1.91983199389729e-14,9.18180518820443e-08
3770.5307468,0.4674598,2.512814e-07,7.05899999999988e-10,6.87997860653695e-10,4.48434845637232e-13,-9.76025881443969e-15,1.93209999641567e-14,9.24047824372712e-08
3780.626959,0.4687115,2.519838e-07,7.03700000000001e-10,6.88135102720335e-10,1.08094325690073e-13,-3.00969822782367e-14,2.23261384057022e-14,1.06777183679445e-07
3790.6828412,0.4699582,2.526888e-07,6.94100000000012e-10,6.88214049305075e-10,8.18162463878198e-14,-1.30556184434322e-14,2.92343208172881e-14,1.39816316952247e-07
3800.7814732,0.4712102,2.53372e-07,6.71850000000006e-10,6.8829873521311e-10,8.75555696877798e-14,3.21471062791149e-14,3.97345319023368e-14,1.90034717793785e-07
3810.9397936,0.4724696,2.540325e-07,6.71999999999994e-10,6.88389160444451e-10,9.3294892992858e-14,8.88851689393053e-14,5.25701059611059e-14,2.51422245900941e-07
3821.009388,0.473718,2.54716e-07,6.80749999999971e-10,6.88485324999096e-10,9.90342162982464e-14,1.32034220914325e-13,6.50865459601632e-14,3.11283480679041e-07
3831.099954,0.474969,2.55394e-07,6.8825000000002e-10,6.88587228877047e-10,1.04773539603842e-13,1.31243904616932e-13,7.51371515214015e-14,3.5935159423279e-07
3841.1816474,0.4762189,2.560925e-07,7.04100000000023e-10,6.88694872078304e-10,1.1051286290923e-13,9.8281772128871e-14,8.23999251875049e-14,3.9408659872285e-07
3851.264954,0.477469,2.568022e-07,7.11699999999984e-10,6.88808254602866e-10,1.16252186214412e-13,8.20198509642998e-14,8.86629734857546e-14,4.24040307975348e-07
3861.3611662,0.4787207,2.575159e-07,6.99899999999981e-10,6.88927376450733e-10,1.219915095198e-13,9.04337160348933e-14,9.57744968123382e-14,4.580519412764e-07
3871.4331804,0.4799694,2.58202e-07,6.81500000000018e-10,6.89052237621905e-10,1.27730832825292e-13,9.56106965391872e-14,1.03914730838208e-13,4.96983495313169e-07
3881.5923074,0.4812289,2.588789e-07,6.6660000000002e-10,6.89182838116383e-10,1.33470156130577e-13,1.01422804486924e-13,1.12789135838776e-13,5.39426301837624e-07
3891.68368,0.48248,2.595352e-07,6.71199999999978e-10,6.89319177934166e-10,1.39209479435862e-13,1.07870039878337e-13,1.2118542262587e-13,5.7958245603677e-07
3901.7556942,0.4837287,2.602213e-07,6.86899999999993e-10,6.89461257075255e-10,1.4494880274125e-13,1.14952402713271e-13,1.27132613292239e-13,6.08025541832447e-07
3911.840614,0.484979,2.60909e-07,7.01850000000014e-10,6.89609075539649e-10,1.50688126046742e-13,1.22669892991856e-13,1.30461275519383e-13,6.23945230744875e-07
3921.9295668,0.4862298,2.61625e-07,7.11000000000012e-10,6.89762633327348e-10,1.5642744935213e-13,1.31022510713988e-13,1.38905538918528e-13,6.64330838306003e-07
3932.005614,0.487479,2.62331e-07,6.96299999999998e-10,6.89921930438353e-10,1.62166772657209e-13,1.40010255879771e-13,1.47700838344085e-13,7.06395313819537e-07
3942.1510288,0.4887368,2.630176e-07,6.9099999999999e-10,6.90086966872663e-10,1.67906095962597e-13,1.49633128489127e-13,1.56847173796061e-13,7.50138657285509e-07
3952.2407882,0.4899877,2.63713e-07,6.74049999999993e-10,6.90257742630278e-10,1.73645419268192e-13,1.59891128542056e-13,1.6634454527443e-13,7.95560868703796e-07
3962.3273212,0.4912382,2.643657e-07,6.56849999999989e-10,6.90434257711199e-10,1.7938474257358e-13,1.70784256038635e-13,1.76192952779205e-13,8.42661948074459e-07
3972.4025618,0.4924873,2.650267e-07,6.72349999999994e-10,6.90616512115426e-10,1.85124065878762e-13,1.82312510978735e-13,1.86392396310399e-13,8.9144189539756e-07
3982.4874816,0.4937376,2.657104e-07,7.00500000000014e-10,6.90804505842957e-10,1.90863389184047e-13,1.94475893362512e-13,1.96942875867949e-13,9.419007106728e-07
3992.5748212,0.4949882,2.664277e-07,7.23300000000002e-10,6.90998238893794e-10,1.96602712489642e-13,2.07274403189837e-13,2.07844391451943e-13,9.94038393900597e-07
4002.7339482,0.4962477,2.67157e-07,7.15649999999992e-10,6.91197711267936e-10,2.02342035795031e-13,2.20708040460811e-13,2.19096943062305e-13,1.04785494508059e-06
4012.818868,0.497498,2.67859e-07,6.85400000000031e-10,6.91402922965384e-10,2.08081359100109e-13,2.34776805175333e-13,2.30700530699086e-13,1.10335036421302e-06
4022.909434,0.498749,2.685278e-07,6.79000000000002e-10,6.91613873986136e-10,2.13820682405497e-13,2.49480697333428e-13,2.42655154362247e-13,1.1605246512977e-06
4032.9822548,0.4999978,2.69217e-07,6.89199999999945e-10,6.91830564330195e-10,2.16690344058502e-13,2.64819716935199e-13,2.54960814051828e-13,1.21937780633483e-06
