wvnmbr,Voltage,Current,DerivativeY1,DerivativeY1_1,DerivativeY2,DerivativeY2_1,DerivativeY2_2,Alpha
-4032.983868,-0.499998,-3.473065e-07,4.26830000000005e-09,3.70487970073406e-09,-3.7043553359684e-10,-3.12692146033718e-10,-3.12692146033718e-10,NaN
-4022.9021746,-0.4987481,-3.430382e-07,3.63930000000003e-09,3.33444416713722e-09,-3.5672175978484e-10,-2.92516088673756e-10,-2.92516088673756e-10,NaN
-4012.810802,-0.497497,-3.400279e-07,2.75159999999998e-09,2.99143618116438e-09,-3.29294212160839e-10,-2.72953356257125e-10,-2.72953356257125e-10,NaN
-4002.7379812,-0.4962482,-3.37535e-07,2.32644999999998e-09,2.67585574281554e-09,-3.01866664536838e-10,-2.54003948783826e-10,-2.54003948783826e-10,NaN
-3992.5699816,-0.4949876,-3.35375e-07,2.05e-09,2.38770285209071e-09,-2.74439116912837e-10,-2.35667866253857e-10,-2.35667866253858e-10,NaN
-3982.4931278,-0.4937383,-3.33435e-07,1.848e-09,2.12697750898987e-09,-2.47011569288836e-10,-2.1794510866722e-10,-2.1794510866722e-10,NaN
-3972.4065948,-0.4924878,-3.31679e-07,1.6885e-09,1.89367971351303e-09,-2.19584021664835e-10,-2.00835676023915e-10,-2.00835676023915e-10,NaN
-3962.3289344,-0.4912384,-3.30058e-07,1.54290000000001e-09,1.6878094656602e-09,-1.92156474040835e-10,-1.8433956832394e-10,-1.8433956832394e-10,NaN
-3952.235142,-0.489987,-3.285932e-07,1.4338e-09,1.50936676543136e-09,-1.64728926416834e-10,-1.68456785567297e-10,-1.68456785567297e-10,NaN
-3942.1590948,-0.4887378,-3.271904e-07,1.3976e-09,1.35835161282653e-09,-1.37301378792833e-10,-1.53187327753984e-10,-1.53187327753984e-10,NaN
-3931.997548,-0.487478,-3.25798e-07,1.37750000000001e-09,1.2347640078457e-09,-6.77415713691329e-11,-1.38531194884003e-10,-1.38531194884003e-10,NaN
-3921.9158546,-0.4862281,-3.244354e-07,1.33519999999999e-09,1.22286847008827e-09,4.87430532857129e-13,-1.24488386957354e-10,-1.24488386957354e-10,NaN
-3911.8341612,-0.4849782,-3.231276e-07,1.2857e-09,1.23573886891141e-09,3.94604445897377e-12,-1.11058903974035e-10,-1.11058903974035e-10,NaN
-3901.7516612,-0.4837282,-3.21864e-07,1.22300000000001e-09,1.23076055900621e-09,-1.08892448512607e-11,-9.82427459340478e-11,-9.82427459340478e-11,NaN
-3891.6683546,-0.4824781,-3.206816e-07,1.165e-09,1.21396037920889e-09,-1.91538329519463e-11,-8.60399128373916e-11,-8.58635191433776e-11,NaN
-3881.585048,-0.481228,-3.19534e-07,1.14724999999998e-09,1.19245289310232e-09,-2.07366296175227e-11,-7.44504046840667e-11,-7.39866219619438e-11,NaN
-3871.4202748,-0.4799678,-3.183871e-07,1.16450000000001e-09,1.17248711997385e-09,-1.89715593331168e-11,-6.3474221474073e-11,-6.26917953239312e-11,NaN
-3861.339388,-0.478718,-3.17205e-07,1.16755000000001e-09,1.15450977443609e-09,-1.73708401438381e-11,-5.31113632074105e-11,-5.20476866066342e-11,NaN
-3851.2681804,-0.4774694,-3.16052e-07,1.15424999999999e-09,1.13774543968617e-09,-1.78521902582523e-11,-4.33618298840792e-11,-4.21227468046687e-11,NaN
-3841.1655154,-0.4762169,-3.148965e-07,1.27849999999998e-09,1.11880539391958e-09,-1.99451291271647e-11,-3.42256215040791e-11,-3.29730148491257e-11,NaN
-3831.083822,-0.474967,-3.13495e-07,1.24475e-09,1.09785518143184e-09,-1.98315135665251e-11,-2.57027380674103e-11,-2.4655273731891e-11,NaN
-3821.009388,-0.473718,-3.12407e-07,1.0875e-09,1.07914236678653e-09,-1.91197450147113e-11,-1.77931795740726e-11,-1.72384211584748e-11,NaN
-3810.910756,-0.472466,-3.1132e-07,9.69999999999988e-10,1.05961569140242e-09,-2.07480957829359e-11,-1.04969460240661e-11,-1.07794149054337e-11,NaN
-3800.7645346,-0.4712081,-3.10467e-07,8.95000000000009e-10,1.03764617522066e-09,-1.4726855181431e-11,-3.81403741739098e-12,-5.31446267413967e-12,NaN
-3790.6868742,-0.4699587,-3.0953e-07,9.76200000000006e-10,1.03016198103956e-09,-3.41336220987222e-12,2.25554624595306e-12,-9.27256008157382e-13,NaN
-3780.610827,-0.4687095,-3.085146e-07,1.03789999999999e-09,1.03081945080092e-09,-3.93954723766028e-12,7.71180496596591e-12,2.33914170273482e-12,NaN
-3770.5178412,-0.4674582,-3.074542e-07,1.03530000000001e-09,1.02228288656424e-09,-1.39824043805164e-11,8.94668591054234e-12,4.57671007362662e-12,NaN
-3760.4038838,-0.4662043,-3.06444e-07,1.01520000000002e-09,1.00285464203988e-09,-2.28952844066667e-11,9.26591162281338e-12,5.91114234909625e-12,NaN
-3749.8462964,-0.4648954,-3.054238e-07,9.60499999999991e-10,9.76492317750902e-10,-2.40467554756446e-11,8.96804086528707e-12,6.45963935668573e-12,NaN
-3739.6871694,-0.4636359,-3.04523e-07,9.36399999999971e-10,9.54761131088594e-10,-1.29364743380203e-11,7.97900624174775e-12,6.33799007151394e-12,NaN
-3729.59741,-0.462385,-3.03551e-07,9.74299999999996e-10,9.50619369074862e-10,5.33458646615993e-13,6.41411917515295e-12,5.67048273253297e-12,NaN
-3719.87788,-0.46118,-3.025744e-07,9.88000000000009e-10,9.55828048381826e-10,2.93783099052039e-12,4.19431580973343e-12,4.58490000286686e-12,NaN
-3709.775215,-0.4599275,-3.01575e-07,1.03930000000002e-09,9.56495031055903e-10,-5.64716410591802e-12,1.47221558988306e-12,3.20613719861226e-12,NaN
-3699.7096536,-0.4586796,-3.004958e-07,1.13094999999999e-09,9.4453372016999e-10,-1.6774403399805e-11,-1.29596410303338e-12,1.65875977685639e-12,NaN
-3689.6368328,-0.4574308,-2.993131e-07,9.33399999999995e-10,9.22946224256293e-10,-1.80721967963388e-11,-3.94304959269294e-12,6.28850720085818e-14,NaN
-3679.5809506,-0.4561841,-2.98629e-07,7.14050000000012e-10,9.08389326577312e-10,-1.07240764955877e-11,-6.42850747419425e-12,-1.45722807565259e-12,NaN
-3669.4395688,-0.4549268,-2.97885e-07,7.25850000000015e-10,9.01498071265117e-10,-4.45342432167486e-12,-7.3267147279076e-12,-2.76575627361465e-12,NaN
-3659.3796536,-0.4536796,-2.971773e-07,8.45499999999993e-10,8.99482477933963e-10,-6.80091533179348e-13,-6.39695923321729e-12,-3.7453065803698e-12,NaN
-3649.3882994,-0.4524409,-2.96194e-07,9.74149999999981e-10,9.00137888198759e-10,-7.29723765933713e-13,-5.30730640384458e-12,-4.29603261906631e-12,NaN
-3639.2848278,-0.4511883,-2.95229e-07,9.61700000000003e-10,8.98023030402095e-10,-3.79041353383537e-12,-4.50788047527628e-12,-4.56197901114313e-12,NaN
-3629.1902288,-0.4499368,-2.942706e-07,9.34900000000009e-10,8.92557061131088e-10,-4.14852893102555e-12,-3.82066425649989e-12,-4.54348680648198e-12,NaN
-3619.1278938,-0.4486893,-2.933592e-07,8.80399999999987e-10,8.89725972540044e-10,-2.21665576985897e-12,-3.14432405583564e-12,-4.26177434417997e-12,NaN
-3608.9590876,-0.4474286,-2.925098e-07,8.42199999999986e-10,8.8812374959137e-10,2.1376348479909e-12,-2.55399971685675e-12,-3.76436097344534e-12,NaN
-3598.8814272,-0.4461792,-2.916748e-07,9.07150000000011e-10,8.94001242236026e-10,1.31931023210198e-11,-2.08042604762651e-12,-3.11889862617346e-12,NaN
-3588.789248,-0.444928,-2.906955e-07,9.58399999999996e-10,9.1450995423341e-10,1.60355017979738e-11,-1.65861425062483e-12,-2.41317335671373e-12,NaN
-3578.7164272,-0.4436792,-2.89758e-07,9.455e-10,9.26072245831973e-10,1.94880679960947e-12,-1.26597486237705e-12,-1.72508263580117e-12,NaN
-3568.6226348,-0.4424278,-2.888045e-07,9.33500000000013e-10,9.18407567832628e-10,-1.1613215102975e-11,-8.0760943888559e-13,-1.10625272955813e-12,NaN
-3558.541748,-0.441178,-2.87891e-07,9.04250000000026e-10,9.02845815626024e-10,-1.32463305001641e-11,-3.44269860330925e-13,-6.00690704542621e-13,NaN
-3548.3737484,-0.4399174,-2.86996e-07,8.74299999999988e-10,8.919149068323e-10,-5.38674403399723e-12,-1.42997496790041e-13,-2.67371072386395e-13,NaN
-3538.2968946,-0.4386681,-2.861424e-07,8.63349999999972e-10,8.92072327558029e-10,9.48291925466377e-13,-3.12070167219995e-15,-7.7869584204893e-14,NaN
-3528.205522,-0.437417,-2.852693e-07,8.77550000000025e-10,8.93811490683233e-10,1.83729977116641e-12,3.35283358256192e-13,5.06588679697211e-14,NaN
-3518.1278616,-0.4361676,-2.843873e-07,8.82100000000013e-10,8.95746927100362e-10,-5.14481856816661e-13,4.67553743881778e-13,1.31751369538605e-13,NaN
-3508.0534276,-0.4349186,-2.835051e-07,9.04199999999977e-10,8.927825269696e-10,-7.56261850277886e-12,2.4935967602227e-13,1.58242520517161e-13,NaN
-3497.958022,-0.433667,-2.825789e-07,9.02050000000013e-10,8.80621690094804e-10,-1.06554102647931e-11,-5.05066674754589e-14,1.36606616708169e-13,NaN
-3487.891654,-0.432419,-2.81701e-07,8.75300000000016e-10,8.71471706440013e-10,-8.40043314808945e-12,-3.49894637457947e-13,7.7889102179486e-14,NaN
-3477.712362,-0.431157,-2.808283e-07,8.58349999999966e-10,8.63820823798625e-10,-6.533638443937e-12,-4.33224470344078e-13,-1.44650442596224e-14,NaN
-3467.637928,-0.429908,-2.799843e-07,8.62799999999989e-10,8.58404429552139e-10,2.37532690421698e-12,-2.43112428438592e-13,-1.43043752243767e-13,NaN
-3457.5570412,-0.4286582,-2.791027e-07,8.97000000000038e-10,8.68571477607059e-10,1.13131578947389e-11,-3.75297658953997e-14,-3.19729263156769e-13,NaN
-3447.4753478,-0.4274083,-2.781903e-07,8.99400000000009e-10,8.81030745341617e-10,9.04576659039167e-12,-2.84662920537639e-14,-5.38034897139288e-13,NaN
-3437.3920412,-0.4261582,-2.773039e-07,8.72599999999963e-10,8.86663010787843e-10,4.24713958809946e-12,-3.51633360604529e-13,-7.52078297710339e-13,NaN
-3427.307928,-0.424908,-2.764451e-07,8.56599999999997e-10,8.89525024517816e-10,1.39673095782798e-12,-8.36489751364998e-13,-9.28633874137908e-13,NaN
-3417.148801,-0.4236485,-2.755907e-07,8.30900000000024e-10,8.89456472703499e-10,4.43960444590307e-13,-1.21986081380437e-12,-1.08166910386507e-12,NaN
-3407.0638812,-0.4223982,-2.747833e-07,8.25499999999997e-10,8.90412945406997e-10,3.13179960771401e-12,-1.44125299678559e-12,-1.22017201140226e-12,NaN
-3396.9805746,-0.4211481,-2.739397e-07,8.89699999999974e-10,8.95720071918927e-10,4.98149722131419e-12,-1.54653795779735e-12,-1.32328072671559e-12,NaN
-3386.8948482,-0.4198977,-2.730039e-07,9.15200000000016e-10,9.00375939849625e-10,2.61114743380347e-12,-1.60117677058431e-12,-1.39243378351029e-12,NaN
-3376.8171878,-0.4186483,-2.721093e-07,1.00070000000002e-09,9.00942366786534e-10,-2.29240764955986e-12,-1.70280530137514e-12,-1.44589328058187e-12,NaN
-3366.740334,-0.417399,-2.710025e-07,1.051e-09,8.95791124550505e-10,-5.86826577313121e-12,-1.84100077465848e-12,-1.48497134007981e-12,NaN
-3356.6529944,-0.4161484,-2.700073e-07,8.80750000000013e-10,8.89205835240271e-10,-3.79445897352072e-12,-1.96380851254328e-12,-1.51343139236789e-12,NaN
-3346.4833816,-0.4148876,-2.69241e-07,8.11599999999973e-10,8.88202206603464e-10,-6.34521085296636e-14,-2.00045638565438e-12,-1.52797969991288e-12,NaN
-3336.4299192,-0.4136412,-2.683841e-07,8.49449999999975e-10,8.89078931023212e-10,-2.96829029094049e-13,-1.65868275934237e-12,-1.51922872326056e-12,NaN
-3326.3280608,-0.4123888,-2.675421e-07,8.5170000000001e-10,8.87608548545276e-10,-3.64355181431944e-12,-1.11590864204092e-12,-1.49686612971426e-12,NaN
-3316.2342684,-0.4111374,-2.666807e-07,8.9275e-10,8.81791827394573e-10,-9.18604118993027e-12,-9.57208546386475e-13,-1.47349630713367e-12,NaN
-3306.1582212,-0.4098882,-2.657566e-07,8.80500000000006e-10,8.69236466165415e-10,-1.29876511931991e-11,-1.15990378850291e-12,-1.46109055927602e-12,NaN
-3296.0749146,-0.4086381,-2.649197e-07,8.32450000000008e-10,8.55816525008175e-10,-1.03337610330174e-11,-1.30743235145252e-12,-1.47090086514185e-12,NaN
-3285.9117546,-0.4073781,-2.640917e-07,8.22999999999981e-10,8.4856894409938e-10,-5.77129780974193e-12,-1.29026595156372e-12,-1.50612218450152e-12,NaN
-3275.8332876,-0.4061286,-2.632737e-07,8.32850000000004e-10,8.44273929388691e-10,-2.30818077803174e-12,-1.27473994476679e-12,-1.56046686905584e-12,NaN
-3265.7612734,-0.4048799,-2.62426e-07,8.79750000000012e-10,8.43952582543317e-10,5.13434128800289e-12,-1.29926384149165e-12,-1.61918227386561e-12,NaN
-3255.6828064,-0.4036304,-2.615142e-07,9.01700000000014e-10,8.54542611964697e-10,7.83760215756865e-12,-1.35079451760091e-12,-1.67689689186411e-12,NaN
-3245.5978866,-0.4023801,-2.606226e-07,8.60100000000015e-10,8.59627786858454e-10,4.79159856161319e-14,-1.56752653413525e-12,-1.74137782870775e-12,NaN
-3235.51458,-0.40113,-2.59794e-07,8.3099999999999e-10,8.54638443935929e-10,-5.19830009807231e-12,-1.90183965349999e-12,-1.81198090046782e-12,NaN
-3225.35142,-0.39987,-2.589606e-07,8.18000000000001e-10,8.4923118666231e-10,-5.16471886237343e-12,-2.23247017175804e-12,-1.88125637370986e-12,NaN
-3215.2673068,-0.3986198,-2.58158e-07,8.3695e-10,8.44309006211182e-10,-2.06379535796116e-12,-2.47998636149158e-12,-1.94193600977437e-12,NaN
-3205.1807738,-0.3973693,-2.572867e-07,8.85999999999999e-10,8.45103595946387e-10,8.72074207256217e-13,-2.44617925577911e-12,-1.96648279113554e-12,NaN
-3195.087788,-0.396118,-2.56386e-07,8.73849999999997e-10,8.46053154625694e-10,-4.30344883948787e-13,-2.23468966083542e-12,-1.93332194164416e-12,NaN
-3185.0190002,-0.3948697,-2.55539e-07,8.34549999999976e-10,8.4424290617849e-10,-1.91974501471201e-12,-2.07853714413157e-12,-1.85987656316828e-12,NaN
-3174.926821,-0.3936185,-2.547169e-07,8.08899999999999e-10,8.4221366459627e-10,-7.12781954888833e-13,-1.94806586700499e-12,-1.76794348257511e-12,NaN
-3164.8556134,-0.3923699,-2.539212e-07,8.67950000000009e-10,8.42817342268712e-10,9.67522066035226e-13,-1.73177248367624e-12,-1.65948847887953e-12,NaN
-3154.6706752,-0.3911072,-2.52981e-07,8.42600000000008e-10,8.44148708728341e-10,9.23970251717664e-13,-1.46439671577547e-12,-1.52917656263685e-12,NaN
-3144.6018874,-0.3898589,-2.52236e-07,7.82450000000005e-10,8.44665282772147e-10,8.68224910102912e-13,-1.30167321013165e-12,-1.3786885395004e-12,NaN
-3134.504062,-0.388607,-2.514161e-07,8.31500000000003e-10,8.45885158548547e-10,-5.88983327883986e-13,-1.15445221215172e-12,-1.21851145638254e-12,NaN
-3124.4304346,-0.3873581,-2.50573e-07,8.66999999999977e-10,8.43487316116379e-10,-2.37267898005912e-12,-8.90479491123512e-13,-1.06373559345523e-12,NaN
-3114.3463214,-0.3861079,-2.496821e-07,8.72899999999992e-10,8.41139800588428e-10,-2.3215675057212e-12,-6.46215032609258e-13,-9.28352004795613e-13,NaN
-3104.2420432,-0.3848552,-2.488272e-07,8.51600000000018e-10,8.38844181104937e-10,-1.51648414514515e-12,-5.26160221562787e-13,-8.19153656521419e-13,NaN
-3094.0998548,-0.3835978,-2.479789e-07,8.58299999999997e-10,8.38106832298138e-10,1.66900948022244e-13,-4.84229145469136e-13,-7.41807789256329e-13,NaN
-3084.0221944,-0.3823484,-2.471106e-07,8.57249999999999e-10,8.39177983000981e-10,3.58483164431947e-13,-4.9748625492125e-13,-6.9423216401457e-13,NaN
-3073.9090436,-0.3810946,-2.462644e-07,8.41450000000019e-10,8.38823798627002e-10,-2.35305655443508e-13,-5.35323132812052e-13,-6.62836334317316e-13,NaN
-3063.8079918,-0.3798423,-2.454277e-07,7.89200000000006e-10,8.38707371690094e-10,1.16157240928481e-12,-5.64085418534013e-13,-6.39975813546015e-13,NaN
-3053.7456568,-0.3785948,-2.44686e-07,8.07349999999988e-10,8.41146943445572e-10,-3.9942791761904e-13,-6.38293805744525e-13,-6.35042629185954e-13,NaN
-3043.66477,-0.377345,-2.43813e-07,8.56999999999993e-10,8.37908515854856e-10,-6.45791108205294e-12,-7.47297222070937e-13,-6.54520147624897e-13,NaN
-3033.5653314,-0.3760929,-2.42972e-07,8.23499999999994e-10,8.28231121281466e-10,-6.80274599542304e-12,-8.68244208068309e-13,-6.83732643979783e-13,NaN
-3023.386846,-0.374831,-2.42166e-07,8.43499999999991e-10,8.2430302386401e-10,-1.11668846028082e-12,-1.02521763687681e-12,-7.1204384832206e-13,NaN
-3013.2890206,-0.3735791,-2.41285e-07,8.1755000000001e-10,8.25997744360904e-10,2.00857306309041e-12,-1.10726832493473e-12,-7.44265705297856e-13,NaN
-3003.237978,-0.372333,-2.405309e-07,8.19250000000009e-10,8.28320169990191e-10,1.56964694344399e-12,-9.81248423984294e-13,-7.83189761785898e-13,NaN
-2993.2095202,-0.3710897,-2.396465e-07,8.56299999999994e-10,8.29137038247792e-10,-1.87724746639516e-14,-7.93674015770748e-13,-8.20908954758206e-13,NaN
-2983.1302466,-0.3698401,-2.388183e-07,8.44700000000016e-10,8.28282625040863e-10,-5.18796992480682e-13,-6.87820095440249e-13,-8.49910489752321e-13,NaN
-2973.0461334,-0.3685899,-2.379571e-07,8.3425e-10,8.28099444262831e-10,7.08483164433761e-14,-6.21403337220398e-13,-8.72165018709629e-13,NaN
-2962.867648,-0.367328,-2.371498e-07,7.8555e-10,8.2842432167375e-10,-2.24907649558554e-12,-6.67618037179466e-13,-8.87935972985777e-13,NaN
-2952.80128,-0.36608,-2.36386e-07,7.87799999999983e-10,8.2360129127166e-10,-3.57561294540641e-12,-7.88261192885619e-13,-8.9257683540619e-13,NaN
-2942.694582,-0.364827,-2.355742e-07,8.43449999999994e-10,8.21273095782937e-10,7.18576332134552e-13,-9.08232112227223e-13,-8.85116167985007e-13,NaN
-2932.6338602,-0.3635797,-2.346991e-07,8.75100000000018e-10,8.25038443935929e-10,3.08506047727991e-12,-9.25983325537639e-13,-8.71447079627737e-13,NaN
-2922.5400678,-0.3623283,-2.33824e-07,8.42049999999985e-10,8.27443216737497e-10,1.33028767570968e-12,-8.26665221714821e-13,-8.5909984799231e-13,NaN
-2912.4664404,-0.3610794,-2.33015e-07,7.98599999999985e-10,8.27699019287348e-10,-3.63605753514278e-12,-8.30099900341221e-13,-8.44491929967488e-13,NaN
-2902.3057002,-0.3598197,-2.322268e-07,7.95850000000028e-10,8.20171101667211e-10,-6.64126348479846e-12,-9.05245817139875e-13,-8.176194187069e-13,NaN
-2892.2151342,-0.3585687,-2.314233e-07,7.93800000000016e-10,8.14416492317751e-10,-1.67889833278925e-13,-9.65449122033445e-13,-7.82765425106467e-13,NaN
-2882.1294078,-0.3573183,-2.306392e-07,8.28949999999978e-10,8.19835322000654e-10,3.95331807780366e-12,-9.54351670352847e-13,-7.51894801213997e-13,NaN
-2872.0477144,-0.3560684,-2.297654e-07,8.37100000000002e-10,8.22323128473358e-10,-7.2217227852134e-13,-8.60242752537776e-13,-7.26972936267914e-13,NaN
-2861.9563418,-0.3548173,-2.28965e-07,8.2990000000001e-10,8.18390977443611e-10,-4.85667701863321e-12,-7.73527499165115e-13,-7.05386864944013e-13,NaN
-2851.875455,-0.3535675,-2.281056e-07,8.51599999999992e-10,8.12609774436092e-10,-5.39041353383561e-12,-6.63521867510806e-13,-6.83061853975655e-13,NaN
-2841.7986012,-0.3523182,-2.272618e-07,8.27800000000002e-10,8.0761015037594e-10,-1.67474664923369e-12,-5.45754744748221e-13,-6.54631815785867e-13,NaN
-2831.633828,-0.351058,-2.2645e-07,7.85799999999994e-10,8.09260281137625e-10,4.43376920562232e-12,-5.24150980344981e-13,-6.25994039397138e-13,NaN
-2821.5489082,-0.3498077,-2.256902e-07,7.51799999999995e-10,8.16477688787184e-10,6.66451454723789e-12,-5.53963678090021e-13,-6.01474224160517e-13,NaN
-2811.4744742,-0.3485587,-2.249464e-07,7.81000000000012e-10,8.225893102321e-10,4.2172932330823e-12,-4.82364348466971e-13,-5.83206728831055e-13,NaN
-2801.3871346,-0.3473081,-2.241282e-07,8.70699999999992e-10,8.24912275253349e-10,-1.78203661326269e-13,-3.06701855586702e-13,-5.7425277456481e-13,NaN
-2791.311894,-0.346059,-2.23205e-07,8.701e-10,8.22232902909448e-10,-5.0867113435749e-12,-2.19285757565395e-13,-5.65861793268429e-13,NaN
-2781.2189082,-0.3448077,-2.22388e-07,7.56100000000003e-10,8.14738852566199e-10,-4.95366949983721e-12,-3.85875259144073e-13,-5.52644248359384e-13,NaN
-2771.0565548,-0.3435478,-2.216928e-07,7.74499999999992e-10,8.12325563909773e-10,-1.03553448839509e-12,-6.79811191285819e-13,-5.31988649147562e-13,NaN
-2760.983734,-0.342299,-2.20839e-07,8.65449999999993e-10,8.12667783589409e-10,-8.21706440011431e-13,-8.53505341702538e-13,-5.05199005867968e-13,NaN
-2750.901234,-0.341049,-2.199619e-07,8.60499999999997e-10,8.10682151029751e-10,2.04723765948389e-14,-8.12512388117869e-13,-4.85594817392911e-13,NaN
-2740.802602,-0.339797,-2.19118e-07,8.5340000000001e-10,8.12708728342599e-10,2.43611474338077e-12,-6.57152815359612e-13,-4.80394264454536e-13,NaN
-2730.720102,-0.338547,-2.182551e-07,8.20700000000015e-10,8.15554380516512e-10,-1.38176691729361e-12,-5.43198592234888e-13,-4.79517050532068e-13,NaN
-2720.6424416,-0.3372976,-2.174766e-07,7.84050000000012e-10,8.09945194508011e-10,-6.19683720170147e-12,-4.95042580923622e-13,-4.63030837987774e-13,NaN
-2710.563168,-0.336048,-2.16687e-07,7.64599999999999e-10,8.03160706113109e-10,-4.01258581235666e-12,-4.42927011793542e-13,-4.21310275690821e-13,NaN
-2700.400008,-0.334788,-2.159474e-07,7.4864999999999e-10,8.01920022883298e-10,9.41026479243021e-13,-4.19498255857919e-13,-3.75650595768208e-13,NaN
-2690.317508,-0.333538,-2.151897e-07,7.86549999999988e-10,8.05042759071595e-10,4.59535796011706e-12,-4.14014232880386e-13,-3.5741367432624e-13,NaN
-2680.2358146,-0.3322881,-2.143743e-07,8.44350000000017e-10,8.11110738803532e-10,6.77459954232406e-13,-2.69289784909187e-13,-3.65028393039938e-13,NaN
-2670.1541212,-0.3310382,-2.13501e-07,8.16450000000017e-10,8.0639767898006e-10,-5.16681922196828e-12,-9.18667957538564e-14,-3.75449692859527e-13,NaN
-2660.0643618,-0.3297873,-2.127414e-07,7.91749999999991e-10,8.00777100359596e-10,-1.0401765282782e-12,-7.0517922083629e-14,-3.78958666679479e-13,NaN
-2649.995574,-0.328539,-2.119175e-07,8.25699999999994e-10,8.04317325923504e-10,3.65639915004747e-12,-2.30899711466962e-13,-3.80266581256004e-13,NaN
-2639.824348,-0.327278,-2.1109e-07,8.09549999999988e-10,8.08089898659691e-10,4.36207093821445e-12,-4.8530467896568e-13,-3.965762675421e-13,NaN
-2629.749914,-0.326029,-2.102984e-07,7.82949999999992e-10,8.13041467799933e-10,3.05146289637213e-12,-5.35153859233126e-13,-4.42245138997644e-13,NaN
-2619.6625744,-0.3247784,-2.095241e-07,8.6455000000001e-10,8.14192824452435e-10,-7.18976789799134e-13,-3.49048591662118e-13,-5.07233284989202e-13,NaN
-2609.5865272,-0.3235292,-2.085693e-07,8.48550000000019e-10,8.11603514220334e-10,-2.62517979731873e-12,-2.61937427212595e-13,-5.78740779139686e-13,NaN
-2599.486282,-0.322277,-2.07827e-07,7.77999999999982e-10,8.08942464857797e-10,-4.24861065707797e-12,-4.82074020773187e-13,-6.52637301183002e-13,NaN
-2589.411848,-0.321028,-2.070133e-07,8.00999999999982e-10,8.03106292906178e-10,-4.69615070284478e-12,-9.49080958874473e-13,-7.14966868398711e-13,NaN
-2579.26482,-0.31977,-2.06225e-07,7.76900000000016e-10,7.99550163452108e-10,-6.88623733246098e-14,-1.28078607080454e-12,-7.55980165122404e-13,NaN
-2569.1678012,-0.3185182,-2.054595e-07,8.05600000000006e-10,8.02968568159529e-10,2.43366296175366e-12,-1.17112371782624e-12,-7.91290345090352e-13,NaN
-2559.083688,-0.317268,-2.046138e-07,8.16099999999991e-10,8.04417489375615e-10,-1.19038084341135e-12,-8.78236003919522e-13,-8.36581494344267e-13,NaN
-2549.0003814,-0.3160179,-2.038273e-07,7.78900000000005e-10,8.00587806472706e-10,-3.39809578293591e-12,-7.05517095845257e-13,-8.83777635952698e-13,NaN
-2538.9203012,-0.3147682,-2.03056e-07,7.84700000000014e-10,7.97621297809743e-10,-2.12249101013489e-12,-6.755517609168e-13,-9.06934747833208e-13,NaN
-2528.8313484,-0.3135174,-2.022579e-07,7.75050000000002e-10,7.96342824452437e-10,-1.43944099379147e-13,-8.52693034815118e-13,-8.89998205376717e-13,NaN
-2518.7569144,-0.3122684,-2.015059e-07,8.07449999999993e-10,7.97333409610985e-10,3.09381333769197e-12,-1.01959901127863e-12,-8.47459520694296e-13,NaN
-2508.590528,-0.311008,-2.00643e-07,8.32999999999992e-10,8.02530451127821e-10,4.91844557044895e-12,-9.27439186274934e-13,-8.01814998658189e-13,NaN
-2498.5185138,-0.3097593,-1.998399e-07,8.11000000000007e-10,8.07170300751883e-10,1.65864661654241e-12,-7.57244833391406e-13,-7.5798731381529e-13,NaN
-2488.425528,-0.308508,-1.99021e-07,8.22000000000006e-10,8.05847744360905e-10,-2.19818568159608e-12,-5.75838224351999e-13,-7.0089950729764e-13,NaN
-2478.326896,-0.307256,-1.981959e-07,8.14999999999998e-10,8.02773929388691e-10,-2.50526315789584e-12,-3.77605539122345e-13,-6.14229251760049e-13,NaN
-2468.0395196,-0.3059806,-1.97391e-07,7.73450000000008e-10,8.00837218045114e-10,-9.6206276560997e-13,-4.15445982867384e-13,-5.02347291584016e-13,NaN
-2457.903784,-0.304724,-1.96649e-07,7.67699999999995e-10,8.00849803857471e-10,-4.817669172937e-13,-6.4483787223529e-13,-3.85859929845232e-13,NaN
-2447.905977,-0.3034845,-1.958556e-07,8.08499999999991e-10,7.99873684210526e-10,-2.07964203988318e-12,-6.77336387008771e-13,-2.78591523710803e-13,NaN
-2437.8565476,-0.3022386,-1.95032e-07,8.43000000000016e-10,7.96690519777704e-10,-3.7229650212485e-12,-4.10124634333734e-13,-1.79813824124996e-13,NaN
-2427.793406,-0.300991,-1.941696e-07,8.22900000000002e-10,7.92427754168029e-10,-5.07049689440909e-12,3.45091578608576e-14,-8.61500637876937e-14,NaN
-2417.7326842,-0.2997437,-1.933862e-07,7.52499999999993e-10,7.86549525988886e-10,-4.07580091533217e-12,2.76500755921161e-13,2.25423413626301e-15,NaN
-2407.5501658,-0.2984813,-1.926646e-07,7.64300000000009e-10,7.84276152337365e-10,-2.19442628310575e-13,1.49577136115194e-13,7.99618793596432e-14,NaN
-2397.5313872,-0.2972392,-1.918576e-07,7.66999999999996e-10,7.86110640732265e-10,1.16102484472056e-12,-1.33085758188488e-14,1.32100370846746e-13,NaN
-2387.2916002,-0.2959697,-1.911306e-07,7.74949999999983e-10,7.86598202026806e-10,8.16851912389446e-13,-2.48374997485502e-14,1.49557857964471e-13,NaN
-2377.2704018,-0.2947273,-1.903077e-07,8.20299999999993e-10,7.87744344557044e-10,7.72311212784029e-15,2.20354999771816e-13,1.32335766887312e-13,NaN
-2367.266142,-0.293487,-1.8949e-07,7.78800000000012e-10,7.86613648251062e-10,-3.61564236678614e-12,5.76339378572077e-13,8.40800102413425e-14,NaN
-2357.1763826,-0.2922361,-1.887501e-07,7.67600000000002e-10,7.80513059823472e-10,-5.19631415495256e-12,6.81807990980214e-13,2.61398012444944e-14,NaN
-2347.1164674,-0.2909889,-1.879548e-07,7.92549999999995e-10,7.76221019941157e-10,3.80974174566396e-13,4.75474103671768e-13,-1.62006464757293e-14,NaN
-2337.010576,-0.289736,-1.87165e-07,7.85450000000008e-10,7.81275008172604e-10,8.34145145472387e-12,7.32364093564016e-14,-4.45902763483214e-14,NaN
-2326.9506608,-0.2884888,-1.863839e-07,7.99999999999994e-10,7.92903922850604e-10,8.61900130761751e-12,-3.13956281409182e-13,-7.74748693365582e-14,NaN
-2316.7786282,-0.2872277,-1.85565e-07,8.10799999999996e-10,7.9851301078784e-10,1.09638770840191e-12,-4.50011858969061e-13,-1.15125558631431e-13,NaN
-2306.7041942,-0.2859787,-1.847623e-07,7.94700000000012e-10,7.95096698267408e-10,-1.73200392285005e-12,-4.22928527471391e-13,-1.40700448095056e-13,NaN
-2296.624114,-0.284729,-1.839756e-07,7.69299999999988e-10,7.95049002942139e-10,1.07901274926535e-12,-4.32317213031219e-13,-1.345250153463e-13,NaN
-2286.5351612,-0.2834782,-1.832237e-07,7.68549999999994e-10,7.97254723765939e-10,2.47273618829688e-12,-4.73876301462712e-13,-9.22144943737969e-14,NaN
-2276.451048,-0.282228,-1.824385e-07,7.73700000000015e-10,7.99994475318733e-10,4.98469271003469e-12,-5.34356650997719e-13,-2.68190496577631e-14,NaN
-2266.3717744,-0.2809784,-1.816763e-07,8.15049999999994e-10,8.07224109186008e-10,4.86671297809684e-12,-5.23150428638222e-13,4.67019017822796e-14,NaN
-2256.2158738,-0.2797193,-1.808084e-07,8.69900000000002e-10,8.09727901274927e-10,-6.71788166060315e-14,-2.21459868681086e-13,1.14628032429736e-13,NaN
-2246.1366002,-0.2784697,-1.799365e-07,8.63800000000003e-10,8.07089751552796e-10,-2.94087937234392e-12,2.8893013255193e-13,1.80864172622232e-13,NaN
-2236.0411946,-0.2772181,-1.790808e-07,7.85099999999996e-10,8.03846142530239e-10,-3.10009807126591e-12,6.74289892793909e-13,2.55953827223044e-13,NaN
-2225.9595012,-0.2759682,-1.783663e-07,7.23900000000008e-10,8.00889555410264e-10,-1.38079437724764e-12,7.98222642230741e-13,3.36302386962847e-13,NaN
-2215.867322,-0.274717,-1.77633e-07,7.90450000000001e-10,8.01084553775744e-10,3.17665086629674e-12,7.15870952981342e-13,4.05071484004321e-13,NaN
-2205.8041804,-0.2734694,-1.767854e-07,8.59999999999996e-10,8.07242857142858e-10,4.97086466165533e-12,6.20528291624115e-13,4.3182188650578e-13,NaN
-2195.718454,-0.272219,-1.75913e-07,8.33700000000003e-10,8.11026283099054e-10,-5.07518796989201e-14,6.14447801732638e-13,3.89745313399901e-13,NaN
-2185.547228,-0.270958,-1.75118e-07,7.99699999999991e-10,8.0714135338346e-10,-6.21135992154433e-12,6.41543007933893e-13,2.86807999865702e-13,NaN
-2175.448596,-0.269706,-1.743136e-07,7.83799999999992e-10,7.98603563255966e-10,-9.56297809741806e-12,6.35126637269102e-13,1.52555460832403e-13,NaN
-2165.3959402,-0.2684597,-1.735504e-07,7.52100000000011e-10,7.88015397188624e-10,-7.67448512585797e-12,4.29030778088699e-13,-1.78871480869468e-15,NaN
-2155.3061808,-0.2672088,-1.728094e-07,7.57450000000003e-10,7.8325459300425e-10,-2.2569467146132e-12,-4.96092867439103e-14,-1.75699049107045e-13,NaN
-2145.2196478,-0.2659583,-1.720355e-07,7.98199999999989e-10,7.83501503759398e-10,2.67668355671733e-12,-5.67309763037474e-13,-3.66947044631049e-13,NaN
-2135.126662,-0.264707,-1.71213e-07,8.32500000000005e-10,7.88607960117684e-10,3.20456031382824e-12,-8.92590084754929e-13,-5.76870780947458e-13,NaN
-2124.979634,-0.263449,-1.703705e-07,8.3315000000002e-10,7.89910624387054e-10,-3.94271003595875e-12,-1.04629107362224e-12,-7.90891100485364e-13,NaN
-2114.881002,-0.262197,-1.695467e-07,8.1075e-10,7.80722540045767e-10,-9.39118175874381e-12,-1.1548553341658e-12,-9.81437425676898e-13,NaN
-2104.8081812,-0.2609482,-1.68749e-07,7.26549999999986e-10,7.71128260869566e-10,-5.62858777378192e-12,-1.37351206434568e-12,-1.13148517452768e-12,NaN
-2094.7232614,-0.2596979,-1.680936e-07,7.07949999999986e-10,7.69465364498203e-10,2.7433311539721e-12,-1.68828778860841e-12,-1.23570709327971e-12,NaN
-2084.6625396,-0.2584506,-1.673331e-07,7.52799999999996e-10,7.76614923177511e-10,8.46466165413516e-12,-1.84507812469515e-12,-1.30405608763835e-12,NaN
-2074.5679406,-0.2571991,-1.66588e-07,7.96400000000011e-10,7.86394687806473e-10,8.47795848316398e-12,-1.63141586234132e-12,-1.34826711818392e-12,NaN
-2064.395908,-0.255938,-1.657403e-07,8.2765e-10,7.93570840143839e-10,5.59701699901937e-12,-1.23914548141758e-12,-1.36835715132851e-12,NaN
-2054.317441,-0.2546885,-1.649327e-07,7.95599999999994e-10,7.97588721804512e-10,3.76467799934582e-12,-1.0496946478851e-12,-1.35435726855897e-12,NaN
-2044.2292948,-0.2534378,-1.641491e-07,8.06850000000014e-10,8.0110019614253e-10,2.10503432494205e-12,-1.01255236426295e-12,-1.2907515077636e-12,NaN
-2034.1621202,-0.2521897,-1.63319e-07,7.66650000000011e-10,8.01798790454396e-10,8.33622098725062e-13,-9.975769162513e-13,-1.17687431199338e-12,NaN
-2024.0634882,-0.2509377,-1.626158e-07,7.41499999999994e-10,8.0276744033998e-10,2.51305982347331e-12,-1.04888866116553e-12,-1.0320084912739e-12,NaN
-2013.9817948,-0.2496878,-1.61836e-07,8.02999999999998e-10,8.06824910101343e-10,2.2476381170333e-12,-1.00062177276126e-12,-8.7917512302931e-13,NaN
-2003.8936486,-0.2484371,-1.610098e-07,8.85849999999998e-10,8.07262716574047e-10,-4.34843085975868e-12,-7.68304325190353e-13,-7.37614754523579e-13,NaN
-1993.7442008,-0.2471788,-1.600643e-07,9.10549999999996e-10,7.98128048381826e-10,-1.02586220987264e-11,-5.02666342462653e-13,-6.10186282054825e-13,NaN
-1983.6560546,-0.2459281,-1.591887e-07,8.19700000000001e-10,7.86745472376594e-10,-1.05838100686509e-11,-3.57361087680798e-13,-4.7966281406208e-13,NaN
-1973.5356444,-0.2446734,-1.584249e-07,7.55900000000005e-10,7.76960428244524e-10,-7.18818241255318e-12,-4.08649949892209e-13,-3.45252298211821e-13,NaN
-1963.4926678,-0.2434283,-1.576769e-07,7.5744999999999e-10,7.72369107551488e-10,-1.60080091533095e-12,-4.80966555082604e-13,-2.31095783636392e-13,NaN
-1953.4109744,-0.2421784,-1.5691e-07,7.36150000000002e-10,7.73758826413862e-10,1.18780647270214e-13,-3.61770623426996e-13,-1.53521026068269e-13,NaN
-1943.3591252,-0.2409322,-1.562046e-07,6.95600000000013e-10,7.72606668846028e-10,-2.59547237659366e-12,-5.82523600149499e-14,-1.03478289909968e-13,NaN
-1933.194352,-0.239672,-1.555188e-07,7.35450000000004e-10,7.68567881660675e-10,-6.19937070938144e-12,2.64467417725736e-13,-6.35391478148014e-14,NaN
-1923.1166916,-0.2384226,-1.547337e-07,7.629e-10,7.60207927427265e-10,-8.44792415822132e-12,4.07484226736401e-13,-3.1344534683948e-14,NaN
-1913.0317718,-0.2371723,-1.53993e-07,7.27599999999984e-10,7.51672033344232e-10,-4.9020513239617e-12,3.15040067480457e-13,-6.0986372836397e-15,NaN
-1902.938786,-0.235921,-1.532785e-07,7.60000000000002e-10,7.50403824779342e-10,4.70464203988228e-12,6.68221412183724e-14,1.94944948430206e-14,NaN
-1892.860319,-0.2346715,-1.52473e-07,8.0825000000001e-10,7.61081317423996e-10,1.12522474664915e-11,-1.32590737726716e-13,4.33320882794169e-14,NaN
-1882.7584606,-0.2334191,-1.51662e-07,8.04499999999999e-10,7.72908319712325e-10,8.2553448839486e-12,-2.2445154762949e-14,6.27671130091785e-14,NaN
-1872.650956,-0.232166,-1.50864e-07,8.15000000000011e-10,7.77592007191894e-10,3.53140732265444e-12,2.61844635773766e-13,9.11909385438273e-14,NaN
-1862.5103808,-0.2309088,-1.50032e-07,7.89499999999995e-10,7.79971134357634e-10,1.86652500817166e-12,2.74018863437319e-13,1.46246115229611e-13,NaN
-1852.3536736,-0.2296496,-1.49285e-07,7.41499999999994e-10,7.81325057208237e-10,2.05247629944338e-12,1.40526329635173e-15,2.22689467531119e-13,NaN
-1842.1630892,-0.2283862,-1.48549e-07,7.3855e-10,7.84076086956521e-10,3.40590879372393e-12,-2.18089819334585e-13,3.03600004365765e-13,NaN
-1832.087042,-0.227137,-1.478079e-07,7.935e-10,7.88136874795685e-10,3.80748610657139e-12,-1.89645051800938e-13,3.86979740719549e-13,NaN
-1822.173928,-0.225908,-1.46962e-07,8.32500000000005e-10,7.91691059169663e-10,3.99942791762495e-13,7.83300465448575e-14,4.7309385186442e-13,NaN
-1812.091428,-0.224658,-1.461429e-07,8.17049999999996e-10,7.8893676037921e-10,-4.09953416149096e-12,4.27052055163039e-13,5.62326363909281e-13,NaN
-1801.9331076,-0.2233986,-1.453279e-07,7.78949999999987e-10,7.83491990846681e-10,-4.57842432167484e-12,7.24738974953703e-13,6.59758708290809e-13,NaN
-1791.8522208,-0.2221488,-1.44585e-07,7.07400000000003e-10,7.7977991173586e-10,-2.92824452435429e-12,9.49133078879342e-13,7.65288251581587e-13,NaN
-1781.7721406,-0.2208991,-1.439131e-07,7.52500000000006e-10,7.77635501797973e-10,4.53130107879105e-13,1.04285361180434e-12,8.6237360243523e-13,NaN
-1771.6969,-0.21965,-1.4308e-07,8.1154999999999e-10,7.80686171951618e-10,5.11430205949746e-12,1.0536017567512e-12,9.20199568220565e-13,NaN
-1761.6055274,-0.2183989,-1.4229e-07,8.08650000000005e-10,7.87864105916968e-10,6.19976299444299e-12,1.1641275679195e-12,9.15128817176531e-13,NaN
-1751.523834,-0.217149,-1.414627e-07,8.44300000000007e-10,7.93085697940504e-10,1.68352402745953e-12,1.2686153086634e-12,8.53911002124893e-13,NaN
-1741.3501882,-0.2158877,-1.406014e-07,8.17500000000001e-10,7.91231153971887e-10,-4.0120382477934e-12,1.14791101955848e-12,7.64098364766061e-13,NaN
-1731.2572024,-0.2146364,-1.398277e-07,7.26899999999999e-10,7.85061621444917e-10,-3.70359594638787e-12,9.6103519019606e-13,6.49084453983878e-13,NaN
-1721.1763156,-0.2133866,-1.391476e-07,7.16200000000002e-10,7.83823962079111e-10,2.22115070284407e-12,7.53895598096858e-13,4.92818265940227e-13,NaN
-1711.105108,-0.212138,-1.383953e-07,8.08299999999993e-10,7.89503922850606e-10,5.04562765609721e-12,3.82574477668315e-13,2.88217861656083e-13,NaN
-1701.014542,-0.210887,-1.37531e-07,8.05150000000001e-10,7.93915217391306e-10,4.27515527950276e-12,3.8642016787496e-14,4.39341093434321e-14,NaN
-1690.91970102,-0.20963547,-1.36785e-07,8.04000000000012e-10,7.98054233409611e-10,1.22402745995383e-12,-1.64617267274859e-13,-2.14381171318081e-13,NaN
-1680.82034308,-0.20838338,-1.35923e-07,8.47999999999996e-10,7.96363272311213e-10,-4.16262667538399e-12,-3.89387277729619e-13,-4.60402879931919e-13,NaN
-1670.7299384,-0.2071324,-1.35089e-07,7.97499999999991e-10,7.89728980058843e-10,-5.68997221314156e-12,-8.06308775645896e-13,-6.79940394442718e-13,NaN
-1660.62299842,-0.20587937,-1.34328e-07,7.56199999999995e-10,7.8498332788493e-10,-3.37745178162752e-12,-1.32403146675036e-12,-8.67172875635356e-13,NaN
-1650.53719136,-0.20462896,-1.335766e-07,7.50150000000005e-10,7.82974076495588e-10,2.04192546583878e-12,-1.68086088913841e-12,-1.02458280021737e-12,NaN
-1640.4421084,-0.2033774,-1.328277e-07,7.82300000000003e-10,7.89067178816608e-10,5.57733736515144e-12,-1.71113927804182e-12,-1.15736883290384e-12,NaN
-1630.360415,-0.2021275,-1.32012e-07,8.25649999999998e-10,7.94128751225891e-10,6.0950474011141e-13,-1.46806698642742e-12,-1.26163674987052e-12,NaN
-1620.245651,-0.2008735,-1.311764e-07,8.16750000000007e-10,7.9028618829683e-10,-4.62557208237945e-12,-1.29672547622856e-12,-1.33383955296691e-12,NaN
-1610.16169912,-0.19962332,-1.303785e-07,7.73500000000004e-10,7.84877607061132e-10,-3.4008254331487e-12,-1.31463963610076e-12,-1.37297207277761e-12,NaN
-1600.05976006,-0.19837091,-1.296294e-07,7.89649999999997e-10,7.83484537430533e-10,-9.22008826414234e-13,-1.36977419351664e-12,-1.36789849155549e-12,NaN
-1589.961854,-0.197119,-1.287992e-07,7.53449999999998e-10,7.83033589408304e-10,-6.363435763315e-13,-1.30842215524566e-12,-1.32051988688994e-12,NaN
-1579.8599956,-0.1958666,-1.281225e-07,7.18550000000004e-10,7.8221185027787e-10,-1.2204396861709e-12,-1.0886176933411e-12,-1.25881504716994e-12,NaN
-1569.7791088,-0.1946168,-1.273621e-07,7.90050000000005e-10,7.80592710035962e-10,-2.99177018633539e-12,-8.77448890329787e-13,-1.19322225584151e-12,NaN
-1559.6853164,-0.1933654,-1.265424e-07,8.31249999999996e-10,7.76228309905199e-10,-4.79392775416899e-12,-8.09597421036779e-13,-1.11363647841785e-12,NaN
-1549.5657128,-0.1921108,-1.256996e-07,8.17699999999985e-10,7.71004854527624e-10,-5.44561948349188e-12,-8.53562367603113e-13,-1.01904700721494e-12,NaN
-1539.48877834,-0.19086149,-1.24907e-07,7.59750000000008e-10,7.65337070938215e-10,-4.65784570120936e-12,-9.38354457476291e-13,-9.24801462167133e-13,NaN
-1529.39127558,-0.18960963,-1.241801e-07,7.55650000000011e-10,7.61689163125205e-10,-1.66064073226529e-12,-1.02402664915424e-12,-8.52611474192222e-13,NaN
-1519.29006246,-0.18835731,-1.233957e-07,7.74049999999987e-10,7.62015789473685e-10,3.40250081725701e-13,-1.04165784276795e-12,-8.10623391648337e-13,NaN
-1509.2066752,-0.1871072,-1.22632e-07,7.43050000000005e-10,7.62369663288657e-10,-7.66525008172924e-13,-9.10452813247047e-13,-7.94037317273755e-13,NaN
-1499.1028003,-0.18585455,-1.219096e-07,7.50950000000009e-10,7.60482739457339e-10,-1.15315462569336e-13,-6.59389867328732e-13,-7.85140962095015e-13,NaN
-1489.0045716,-0.1846026,-1.211301e-07,7.2485e-10,7.62139032363518e-10,1.16368094148413e-12,-5.13467045579571e-13,-7.68735726030181e-13,NaN
-1478.9196518,-0.1833523,-1.204599e-07,7.12199999999998e-10,7.62810101340307e-10,-3.89242399476951e-12,-6.16060436584664e-13,-7.49706359409953e-13,NaN
-1468.8258594,-0.1821009,-1.197057e-07,7.76949999999992e-10,7.54354184373979e-10,-6.30797646289572e-12,-7.90726246829277e-13,-7.34196857236424e-13,NaN
-1458.74102026,-0.18085061,-1.18906e-07,7.94949999999999e-10,7.50194148414516e-10,5.7635665250106e-13,-7.65984328375206e-13,-7.14565915871613e-13,NaN
-1448.6358548,-0.1795978,-1.181158e-07,7.74250000000005e-10,7.55506897678981e-10,5.09888035305536e-12,-6.12648663059949e-13,-6.78815654456377e-13,NaN
-1438.52899548,-0.17834478,-1.173575e-07,7.63900000000001e-10,7.60391909120627e-10,2.79726217718148e-12,-5.24256813076996e-13,-6.25647790103022e-13,NaN
-1428.43326724,-0.17709314,-1.16588e-07,7.60249999999995e-10,7.61101422033344e-10,1.04006211180207e-12,-5.31214768007055e-13,-5.60182250277898e-13,NaN
-1418.3512512,-0.1758432,-1.15837e-07,7.58499999999993e-10,7.62472033344231e-10,3.6059578293557e-12,-6.20216398314957e-13,-4.82885987801137e-13,NaN
-1408.2477796,-0.1745906,-1.15071e-07,7.72500000000009e-10,7.68313337692055e-10,4.08318895063717e-12,-6.73038091179437e-13,-3.95673469212328e-13,NaN
-1398.15874614,-0.17333979,-1.14292e-07,7.77350000000007e-10,7.70638411245505e-10,1.29619973847756e-12,-6.26464422082329e-13,-3.01471604147493e-13,NaN
-1388.0795532,-0.1720902,-1.135163e-07,7.50799999999994e-10,7.7090573716901e-10,-2.22981366459063e-13,-3.85144158140004e-13,-2.01109303737057e-13,NaN
-1377.9680156,-0.1708366,-1.127904e-07,7.1665e-10,7.70192448512587e-10,-1.67177182085684e-12,-4.58565227394714e-14,-9.18692280777217e-14,NaN
-1367.864544,-0.169584,-1.12083e-07,7.89199999999999e-10,7.67562193527297e-10,-5.64228506048297e-13,1.06893149976839e-13,3.57053110666364e-14,NaN
-1357.76776718,-0.16833223,-1.11212e-07,8.12349999999994e-10,7.6906399150049e-10,2.51918927754197e-12,1.81441839597722e-13,1.72191696179295e-13,NaN
-1347.6906714,-0.1670829,-1.104583e-07,7.50800000000001e-10,7.72600572082381e-10,3.27020268061515e-12,2.94901064103656e-13,2.89668244175836e-13,NaN
-1337.5722777,-0.16582845,-1.097104e-07,7.70200000000011e-10,7.75604396861721e-10,2.92865315462697e-13,3.89119251665471e-13,3.82246681878806e-13,NaN
-1327.48001784,-0.16457724,-1.089179e-07,7.91349999999996e-10,7.73186302713306e-10,-3.42961752206624e-12,4.84431695541171e-13,4.62998884356959e-13,NaN
-1317.3842896,-0.1633256,-1.081277e-07,7.88449999999998e-10,7.68745161817588e-10,-2.49315952925852e-12,6.338003699633e-13,5.30533416571258e-13,NaN
-1307.29388492,-0.16207462,-1.07341e-07,7.47500000000007e-10,7.68199983654789e-10,-7.91892775417031e-13,7.92166532800801e-13,5.74178512513252e-13,NaN
-1297.19073596,-0.16082206,-1.066327e-07,7.57399999999993e-10,7.67161376266754e-10,-1.9617767244194e-12,8.41479099303501e-13,5.91088247402875e-13,NaN
-1287.10323504,-0.15957144,-1.058262e-07,7.90199999999994e-10,7.6427643020595e-10,-2.15182249100998e-12,8.04596970135707e-13,5.77359140975612e-13,NaN
-1277.00960396,-0.15832006,-1.050523e-07,7.71550000000004e-10,7.62857731284734e-10,-1.41650049035588e-12,6.9726143080176e-13,5.29074416700676e-13,NaN
-1266.91056866,-0.15706801,-1.042831e-07,7.61150000000011e-10,7.61443429225239e-10,-6.57600523046294e-13,5.45144330962624e-13,4.52128564591197e-13,NaN
-1256.8183088,-0.1558168,-1.0353e-07,7.50450000000001e-10,7.61542530238642e-10,-4.67374959137526e-13,4.13229997631035e-13,3.64366836288915e-13,NaN
-1246.729356,-0.154566,-1.027822e-07,7.36549999999991e-10,7.60508679306963e-10,-2.44088754495005e-12,2.14289734224975e-13,2.84441192683101e-13,NaN
-1236.63983858,-0.15331513,-1.020569e-07,7.12049999999996e-10,7.56660755148741e-10,-2.90304020921859e-12,4.2217526200717e-14,2.127564229037e-13,NaN
-1226.53838348,-0.15206278,-1.013581e-07,7.67600000000002e-10,7.54702598888526e-10,-4.58156260215472e-13,3.50862768269101e-14,1.41274746939282e-13,NaN
-1216.43346,-0.15081,-1.005217e-07,8.00699999999999e-10,7.55744442628311e-10,1.93354037267094e-12,-3.92331463046045e-14,6.87278496694579e-14,NaN
-1206.34394258,-0.14955913,-9.97567e-08,7.46700000000004e-10,7.58569679633868e-10,1.50509970578671e-12,-2.35722202677024e-13,-3.40748745311797e-15,NaN
-1196.24410068,-0.14830698,-9.90283e-08,7.63100000000004e-10,7.58754642039884e-10,1.1605017979733e-12,-3.1743616361958e-13,-6.7762258548322e-14,NaN
-1186.1601488,-0.1470568,-9.82305e-08,8.08150000000005e-10,7.60890683229815e-10,4.27792579274226e-12,-2.54176942940347e-13,-1.1307305232412e-13,NaN
-1176.0679696,-0.1458056,-9.7412e-08,7.72100000000001e-10,7.67310493625368e-10,6.2705377574371e-12,-2.10913692177571e-13,-1.39860275679199e-13,NaN
-1165.968531,-0.1445535,-9.66863e-08,7.10249999999992e-10,7.73431758744689e-10,4.64922360248517e-12,-2.05108337474772e-13,-1.56502065064901e-13,NaN
-1155.86844712,-0.14330132,-9.59915e-08,7.35049999999996e-10,7.76608940830339e-10,1.69123079437739e-12,-1.22644011066846e-13,-1.65876101134689e-13,NaN
-1145.78062356,-0.14205066,-9.52162e-08,7.90400000000004e-10,7.76814220333444e-10,-2.83589408392557e-15,-1.93541929777395e-14,-1.72251098371016e-13,NaN
-1135.68521796,-0.14079906,-9.44107e-08,7.88600000000006e-10,7.76603269042171e-10,-1.39060150376004e-12,5.99311555964423e-14,-1.77319143642524e-13,NaN
-1125.58537606,-0.13954691,-9.3639e-08,7.92200000000002e-10,7.74033017325924e-10,-5.34202353710217e-13,4.48794181485579e-14,-1.79523036476822e-13,NaN
-1115.49247092,-0.13829562,-9.28263e-08,7.91600000000003e-10,7.75534864334751e-10,1.66021575678304e-12,-1.00543883753464e-13,-1.86943929117119e-13,NaN
-1105.3936776,-0.1370436,-9.20558e-08,7.86549999999995e-10,7.7735344883949e-10,-1.14802222948725e-12,-1.86577040840607e-13,-1.95809924614353e-13,NaN
-1095.32101812,-0.13579482,-9.12532e-08,7.94449999999998e-10,7.73238819875776e-10,-2.2659284079766e-12,-1.79660224387574e-13,-1.88205461949044e-13,NaN
-1085.20867392,-0.13454112,-9.04669e-08,7.79250000000004e-10,7.72821592023537e-10,3.38787185354864e-13,-1.53466087687812e-13,-1.7171587483592e-13,NaN
-1075.1445644,-0.1332934,-8.96947e-08,7.54749999999996e-10,7.73916394246486e-10,6.02950310559416e-13,-1.95428404018734e-13,-1.69268453951564e-13,NaN
-1065.0289938,-0.1320393,-8.89574e-08,7.36349999999993e-10,7.74027492644655e-10,-2.07084014383786e-12,-3.33784124899179e-13,-1.82508977109976e-13,NaN
-1054.9206826,-0.1307861,-8.8222e-08,7.57899999999994e-10,7.6977471395881e-10,-5.19691892775454e-12,-4.04366642368358e-13,-2.02996612668743e-13,NaN
-1044.84810378,-0.12953733,-8.74416e-08,7.86500000000005e-10,7.63633654789146e-10,-4.97186171951617e-12,-3.75846850968491e-13,-2.30024062247136e-13,NaN
-1034.7218054,-0.1282819,-8.6649e-08,7.73100000000009e-10,7.59830990519778e-10,-4.54549689440955e-12,-3.30676045107059e-13,-2.5735449323174e-13,NaN
-1024.62865828,-0.12703058,-8.58954e-08,7.58449999999997e-10,7.54542661000327e-10,-3.01500490356298e-12,-2.54485384925436e-13,-2.76895270647844e-13,NaN
-1014.53430126,-0.12577911,-8.51321e-08,7.31199999999993e-10,7.53800980712652e-10,7.28955541026997e-13,-1.88360029338687e-13,-2.91192410621018e-13,NaN
-1004.44381592,-0.12452812,-8.4433e-08,7.54400000000003e-10,7.56000572082381e-10,2.26235697940536e-12,-1.37395903527849e-13,-2.99153297280904e-13,NaN
-994.34510326,-0.12327611,-8.36233e-08,7.86100000000004e-10,7.58325694671462e-10,4.03896698267387e-12,-3.95082822152199e-14,-2.99594555833966e-13,NaN
-984.27115322,-0.12202717,-8.28608e-08,7.43150000000004e-10,7.64078506047729e-10,4.53420235371072e-12,-1.85259647537831e-14,-2.94592864800363e-13,NaN
-974.1598576,-0.1207736,-8.2137e-08,7.70400000000002e-10,7.67394099378884e-10,8.18919581562778e-13,-1.89813004275541e-13,-2.75880961947596e-13,NaN
-964.0918764,-0.1195254,-8.132e-08,7.57999999999999e-10,7.65716345210855e-10,-2.41597744360944e-12,-3.8559143117918e-13,-2.36129730068763e-13,NaN
-954.0053434,-0.1182749,-8.0621e-08,7.355e-10,7.62562144491665e-10,-2.18400621118059e-12,-4.14690176341308e-13,-1.82331257389483e-13,NaN
-943.88928884,-0.11702074,-7.9849e-08,7.55299999999999e-10,7.61348332788493e-10,-3.94409937894903e-14,-3.43025716741484e-13,-1.2359499247898e-13,NaN
-933.8000134,-0.1157699,-7.91104e-08,7.74999999999999e-10,7.62483262504086e-10,6.05344883949461e-14,-2.31368107865336e-13,-6.266034411494e-14,NaN
-923.673957,-0.1145145,-7.8299e-08,8.1785e-10,7.61469401765283e-10,-9.04968944098964e-13,-7.85335440682589e-14,7.73630438454151e-15,NaN
-913.575325,-0.1132625,-7.74747e-08,7.85000000000004e-10,7.60673324615888e-10,-1.22940503432514e-12,-1.75814630625345e-14,9.78005005115312e-14,NaN
-903.47854818,-0.11201073,-7.6729e-08,7.56549999999994e-10,7.59010591696633e-10,-1.00955377574396e-12,1.79441990888245e-14,2.03838092298205e-13,NaN
-893.39887128,-0.11076108,-7.59616e-08,7.55500000000003e-10,7.586542170644e-10,-5.91884602811461e-13,1.89400832677645e-13,3.17159139195564e-13,NaN
-883.31072508,-0.10951038,-7.5218e-08,7.14350000000002e-10,7.5782682249101e-10,-2.22944589735201e-12,4.3013722752114e-13,4.2828612867806e-13,NaN
-873.19717098,-0.10825653,-7.45329e-08,7.25099999999994e-10,7.54195325269696e-10,-6.1331317423981e-13,6.49202769143595e-13,5.31262476467398e-13,NaN
-863.0999102,-0.1070047,-7.37678e-08,7.67000000000003e-10,7.5660019614253e-10,2.46560967636489e-12,7.92872468829414e-13,6.26985893848275e-13,NaN
-853.00434328,-0.10575308,-7.29989e-08,7.65799999999998e-10,7.59126544622426e-10,1.84949329846365e-12,8.19992875566549e-13,6.996109261737e-13,NaN
-842.92950598,-0.10450403,-7.22362e-08,7.54199999999999e-10,7.60299182739458e-10,2.46383622098738e-12,7.6718093248018e-13,7.31092829251319e-13,NaN
-832.8302287,-0.10325195,-7.14905e-08,7.53000000000007e-10,7.64054217064401e-10,3.80809905197794e-12,8.26090654306808e-13,7.26714182182615e-13,NaN
-822.74845464,-0.10200204,-7.07302e-08,7.83250000000002e-10,7.67915380843414e-10,4.34773618829694e-12,9.72829119200617e-13,6.93852312611167e-13,NaN
-812.6446604,-0.1007494,-6.9924e-08,7.78899999999998e-10,7.72749689440995e-10,4.47765201046092e-12,1.03717302616148e-12,6.39880167230243e-13,NaN
-802.5557076,-0.0994986,-6.91724e-08,7.60749999999996e-10,7.76870684864335e-10,3.26741091860064e-12,9.63445811818212e-13,5.79621839740461e-13,NaN
-792.4502195,-0.09824575,-6.84025e-08,7.55549999999999e-10,7.79284511278196e-10,1.70331971232438e-12,7.03671654639494e-13,5.19633416293144e-13,NaN
-782.3398918,-0.0969923,-6.76613e-08,8.06850000000001e-10,7.80277324288984e-10,-2.50607224582762e-13,3.87412671854138e-13,4.54104621230677e-13,NaN
-772.2573918,-0.0957423,-6.67888e-08,8.29150000000002e-10,7.7878329682903e-10,-2.2435689767897e-12,1.32928542780282e-13,3.81072185401264e-13,NaN
-762.17110078,-0.09449183,-6.6003e-08,7.88900000000003e-10,7.75790186335405e-10,-2.04067996077148e-12,-4.61381187273691e-14,3.04006537398314e-13,NaN
-752.08335788,-0.09324118,-6.5211e-08,7.81400000000001e-10,7.74701936907487e-10,-1.40904462242569e-12,-1.87439972177039e-13,2.28727038936571e-13,NaN
-741.97182028,-0.09198758,-6.44402e-08,7.70400000000002e-10,7.72972097090553e-10,-3.49224828375331e-12,-3.19652299409328e-13,1.70148003912569e-13,NaN
-731.86673548,-0.09073478,-6.36702e-08,7.34650000000001e-10,7.67717440339981e-10,-3.94437397842444e-12,-2.48541010537205e-13,1.25726126507831e-13,NaN
-721.7888331,-0.08948535,-6.29709e-08,7.34449999999997e-10,7.65083349133705e-10,1.26035469107589e-12,-4.10044825136562e-14,7.59758296711362e-14,NaN
-711.6837483,-0.08823255,-6.22013e-08,7.70449999999998e-10,7.70238149722133e-10,4.69676936907495e-12,3.39154825240635e-14,1.27313399646295e-14,NaN
-701.6020549,-0.08698265,-6.143e-08,7.65625000000005e-10,7.74476887871854e-10,2.12303040209187e-12,1.30672887374019e-13,-5.9779300300893e-14,NaN
-691.49245314,-0.08572929,-6.067005e-08,7.63680000000004e-10,7.74484210526316e-10,-1.44882559660047e-12,2.39039755015184e-13,-1.30031365093685e-13,NaN
-681.40890456,-0.08447916,-5.990264e-08,7.8176e-10,7.71579236678653e-10,-3.47954233409621e-12,1.69880878440179e-13,-1.89531285887365e-13,NaN
-671.30099666,-0.08322601,-5.910653e-08,7.63104999999999e-10,7.67525125858124e-10,-1.81758499509662e-12,3.32792935711545e-14,-2.45779617413427e-13,NaN
-661.2038972,-0.0819742,-5.837643e-08,7.70974999999996e-10,7.6794406668846e-10,4.55911082052956e-12,-1.18153943382347e-13,-3.18182368635517e-13,NaN
-651.11558968,-0.08072348,-5.756458e-08,7.76979999999998e-10,7.76643347499183e-10,5.87270349787543e-12,-3.08147212575653e-13,-4.19533418632492e-13,NaN
-641.01970012,-0.07947182,-5.682247e-08,7.87805000000001e-10,7.79689473684211e-10,-5.74977933965237e-13,-4.29464977939478e-13,-5.46141119352917e-13,NaN
-630.9088078,-0.0782183,-5.598897e-08,8.38045000000002e-10,7.75493391631252e-10,-5.00269532526969e-12,-5.1707298237535e-13,-6.83456228590337e-13,NaN
-620.81848378,-0.07696733,-5.514638e-08,8.13960000000001e-10,7.69684083033672e-10,-6.9281685191239e-12,-8.29028836740874e-13,-8.26885400570667e-13,NaN
-610.7349352,-0.0757172,-5.436105e-08,7.29089999999999e-10,7.61637054593005e-10,-4.77727770513281e-12,-1.18907557519916e-12,-9.76079581257114e-13,NaN
-600.5991996,-0.0744606,-5.36882e-08,7.13725000000001e-10,7.60129527623406e-10,1.23490438051652e-12,-1.3532544120796e-12,-1.10867377209685e-12,NaN
-590.49419546,-0.07320781,-5.29336e-08,7.27100000000003e-10,7.64106863354038e-10,1.56811866623126e-12,-1.45164819593174e-12,-1.21204358392143e-12,NaN
-580.3829805,-0.07195425,-5.2234e-08,7.36814999999999e-10,7.63265764955869e-10,-3.79659284079743e-12,-1.45661017822044e-12,-1.30128466947059e-12,NaN
-570.33806806,-0.07070891,-5.145997e-08,8.10049999999998e-10,7.56513677672443e-10,-5.12715511605081e-12,-1.44920345128929e-12,-1.37173279548506e-12,NaN
-560.25419684,-0.06945874,-5.06139e-08,8.12185000000004e-10,7.53011454723767e-10,-2.59255884275919e-12,-1.56674093518685e-12,-1.41100634499521e-12,NaN
-550.13483522,-0.06820417,-4.98356e-08,6.61249999999999e-10,7.51328559986924e-10,-9.08734880680179e-13,-1.66050597094636e-12,-1.42661246940902e-12,NaN
-540.0283792,-0.0669512,-4.92914e-08,7.02499999999996e-10,7.51193984962407e-10,1.80127737822804e-12,-1.61433686220052e-12,-1.42185339415421e-12,NaN
-529.9144218,-0.0656973,-4.84306e-08,7.91865000000002e-10,7.54931114743381e-10,3.57537021902575e-12,-1.40478232156507e-12,-1.39769244322607e-12,NaN
-519.8351482,-0.0644477,-4.770767e-08,7.8745e-10,7.58344725400458e-10,1.51556472703511e-12,-1.16032457657299e-12,-1.36630775556056e-12,NaN
-509.779266,-0.063201,-4.68557e-08,8.23835000000002e-10,7.57962244197451e-10,-1.18594311866683e-13,-1.05462292839937e-12,-1.32525403399777e-12,NaN
-499.64603086,-0.06194471,-4.606e-08,7.78625000000003e-10,7.58107536776725e-10,2.3071118012421e-12,-9.82839246648712e-13,-1.25857289572223e-12,NaN
-489.4900496,-0.0606856,-4.529845e-08,6.80254999999999e-10,7.62576467799935e-10,4.44383703824785e-12,-9.07523123980626e-13,-1.17325943260537e-12,NaN
-479.44199142,-0.05943987,-4.469949e-08,7.12474999999999e-10,7.6699521085322e-10,3.61904217064652e-13,-9.90767704665242e-13,-1.07858780638421e-12,NaN
-469.38586724,-0.05819314,-4.38735e-08,8.18144999999998e-10,7.63300276234064e-10,-3.23638689114086e-12,-1.10506709990614e-12,-9.7720801194683e-13,NaN
-459.3002215,-0.05694275,-4.30632e-08,7.74505e-10,7.60522437070939e-10,-2.46469352729647e-12,-1.02060677225672e-12,-8.79502234268751e-13,NaN
-449.19618528,-0.05569008,-4.232449e-08,7.60350000000001e-10,7.58370889179471e-10,-7.51726626348464e-12,-8.78498601658667e-13,-7.81592277551723e-13,NaN
-439.0920684,-0.0544374,-4.15425e-08,7.44794999999999e-10,7.45487904543969e-10,-9.72090062111816e-12,-8.14400624979494e-13,-6.75318179062152e-13,NaN
-429.0006958,-0.0531863,-4.08349e-08,6.91475000000002e-10,7.38929087937235e-10,-2.860209218699e-12,-7.35135507736437e-13,-5.68548655530891e-13,NaN
-418.9052902,-0.0519347,-4.015955e-08,7.56360000000003e-10,7.39767486106571e-10,-6.43493788819831e-13,-6.48324474293718e-13,-4.70536266509783e-13,NaN
-408.8147242,-0.0506837,-3.932218e-08,8.3887e-10,7.37642100359595e-10,-1.19006864988576e-12,-5.61627844257922e-13,-3.79273319634661e-13,NaN
-398.7152856,-0.0494316,-3.848181e-08,7.8034e-10,7.373873488068e-10,-3.91216083687429e-13,-2.97900226273206e-13,-2.83354901552945e-13,NaN
-388.6368186,-0.0481821,-3.77615e-08,6.75040000000001e-10,7.36859668192221e-10,-2.86011196469406e-12,5.44410335328309e-14,-1.82860169276027e-13,NaN
-378.5268942,-0.0469287,-3.713173e-08,6.22540000000001e-10,7.31667124877412e-10,-4.2475629290618e-12,2.25740930695992e-13,-8.66285335300188e-14,NaN
-368.3992246,-0.0456731,-3.651642e-08,6.90469999999999e-10,7.28364542334097e-10,1.37282036613249e-12,2.16920118852776e-13,6.52838932286959e-15,NaN
-358.30470626,-0.04442161,-3.575079e-08,7.4976e-10,7.34412765609677e-10,5.16842840797643e-12,1.26118516377174e-13,9.06317436857348e-14,NaN
-348.2318048,-0.0431728,-3.50169e-08,7.84394999999999e-10,7.3870139915005e-10,2.70969352729655e-12,1.07426822240356e-13,1.50460831457384e-13,NaN
-338.1291398,-0.0419203,-3.4182e-08,7.99349999999999e-10,7.3983215266427e-10,7.70630107878107e-13,2.51300063173531e-13,1.9551417004927e-13,NaN
-328.05575438,-0.04067143,-3.34182e-08,7.27820000000001e-10,7.40242659365806e-10,-1.25395308924506e-12,4.10600210348194e-13,2.51112636355526e-13,NaN
-317.98930572,-0.03942342,-3.272636e-08,6.94679999999998e-10,7.3732424648578e-10,3.78722621771842e-13,4.23923012320512e-13,3.18245856346906e-13,NaN
-307.859055,-0.0381675,-3.202884e-08,7.35730000000001e-10,7.4100010460935e-10,6.8619271003597e-12,3.47726541034917e-13,3.92437132319791e-13,NaN
-297.7834111,-0.03691835,-3.12549e-08,7.81670000000004e-10,7.51048100686499e-10,8.76492726381172e-12,3.24915689974083e-13,4.70032080339561e-13,NaN
-287.68623098,-0.03566653,-3.04655e-08,7.87274999999999e-10,7.58529959136973e-10,5.08062602157565e-12,3.34038025382426e-13,5.32150560223509e-13,NaN
-277.56896652,-0.03441222,-2.968035e-08,7.60819999999998e-10,7.61209352729651e-10,-9.91388525661868e-13,3.04294543787275e-13,5.72688766726773e-13,NaN
-267.4750128,-0.0331608,-2.894386e-08,7.46525000000001e-10,7.56547182085649e-10,-4.34720660346516e-12,3.49605064197179e-13,6.08181074253853e-13,NaN
-257.39235148,-0.03191078,-2.81873e-08,7.26330000000001e-10,7.5251493952272e-10,-2.34757682249091e-12,4.51895358037117e-13,6.53159446790552e-13,NaN
-247.2817818,-0.0306573,-2.74912e-08,7.21749999999998e-10,7.51852028440668e-10,-1.60942301405669e-12,5.22418589639425e-13,7.07658607838664e-13,NaN
-237.1960554,-0.0294069,-2.67438e-08,7.63249999999999e-10,7.49296093494607e-10,-1.55512013729985e-12,7.31327695498673e-13,7.56558411804516e-13,NaN
-227.07790368,-0.02815248,-2.59647e-08,7.75505000000001e-10,7.48741788166068e-10,1.43089244851257e-12,1.09031906292897e-12,7.77921101223566e-13,NaN
-217.02484458,-0.02690613,-2.519279e-08,7.69650000000001e-10,7.52157878391632e-10,1.76877574370708e-12,1.26260660886015e-12,7.69197106538392e-13,NaN
-206.9001594,-0.0256509,-2.44254e-08,7.36160000000001e-10,7.52279339653482e-10,2.89153318077753e-13,1.14899462543966e-12,7.46742720567982e-13,NaN
-196.8337914,-0.0244029,-2.372047e-08,7.55549999999999e-10,7.52736185027787e-10,2.77135501797993e-12,1.00111228347205e-12,7.20253904647172e-13,NaN
-186.73370752,-0.02315072,-2.29143e-08,7.74635e-10,7.57822049689442e-10,4.33275580255001e-12,7.51100206494121e-13,6.85451674109332e-13,NaN
-176.61894352,-0.02189672,-2.21712e-08,7.34350000000003e-10,7.61401696632887e-10,9.43276397515347e-13,4.44765383044794e-13,6.30746812797991e-13,NaN
-166.51264882,-0.02064377,-2.14456e-08,7.31845000000002e-10,7.59708602484473e-10,-1.81458891794715e-12,3.7706439194872e-13,5.48116589032959e-13,NaN
-156.41966302,-0.01939247,-2.070751e-08,7.40949999999999e-10,7.57772518796993e-10,-8.43989865969143e-13,4.02955552177762e-13,4.39390456720538e-13,NaN
-146.28320148,-0.01813578,-1.99637e-08,7.31455e-10,7.58020622752534e-10,-2.24101013403101e-13,3.72641043316485e-13,3.12319883646757e-13,NaN
-136.21271982,-0.01688727,-1.92446e-08,8.07950000000001e-10,7.57324316770187e-10,-8.88057371690241e-13,2.66295976852318e-13,1.85636738909987e-13,NaN
-126.0913417,-0.01563245,-1.83478e-08,8.49869999999999e-10,7.56244508009154e-10,-6.7456440013087e-13,1.91788878239456e-15,7.30911417985586e-14,NaN
-115.9858536,-0.0143796,-1.754486e-08,7.4895e-10,7.55975187969925e-10,6.11377901274978e-13,-2.59438136051807e-13,-3.20938097986963e-14,NaN
-105.91795306,-0.01313141,-1.68499e-08,7.32830000000001e-10,7.57467263811704e-10,5.28815789473679e-13,-3.09210627351094e-13,-1.27079762671786e-13,NaN
-95.86860432,-0.01188552,-1.60792e-08,7.39040000000001e-10,7.57032819548873e-10,-8.77124060150476e-13,-2.51342416962088e-13,-1.97903330766726e-13,NaN
-85.8028816,-0.0106376,-1.537182e-08,7.05159999999999e-10,7.55713015691403e-10,-8.5196714612627e-13,-2.51614573997011e-13,-2.49635999059972e-13,NaN
-75.75127438,-0.00939143,-1.466888e-08,7.27809999999999e-10,7.5532888525662e-10,-8.86517652827802e-13,-3.36337116365971e-13,-2.92500109102592e-13,NaN
-65.66224092,-0.00814062,-1.39162e-08,7.8692e-10,7.53939980385747e-10,-1.70949493298442e-12,-4.85265654659116e-13,-3.24758543950761e-13,NaN
-55.5013394,-0.0068809,-1.309504e-08,7.94205000000001e-10,7.51909895390651e-10,-1.10256701536433e-12,-5.61952778138287e-13,-3.60522706826553e-13,NaN
-45.33277518,-0.00562023,-1.232779e-08,7.41455e-10,7.51734846355019e-10,-1.34839326577323e-12,-4.343563255855e-13,-4.13294299016218e-13,NaN
-35.2701982,-0.0043727,-1.161213e-08,7.24200000000001e-10,7.49213108859105e-10,-1.33840062111806e-12,-2.14687774762655e-13,-4.61784167117089e-13,NaN
-25.1909246,-0.0031231,-1.087939e-08,7.57735e-10,7.49058045112782e-10,2.94914351095133e-12,-7.69125276539339e-14,-4.84287401610528e-13,NaN
-15.05139798,-0.00186603,-1.009666e-08,7.69105e-10,7.55111395881007e-10,3.32865315462569e-12,-1.41710278262807e-13,-4.83154697777285e-13,NaN
-4.988821,-0.0006185,-9.34118e-09,7.49115e-10,7.55715351422034e-10,1.90549199084798e-13,-3.92837132867056e-13,-4.73328711392701e-13,NaN
5.105778,0.000633,-8.59843e-09,7.35825000000001e-10,7.55492494279177e-10,-2.1373896698258e-13,-5.92955000463493e-13,-4.72666799195881e-13,NaN
15.18408368,0.00188248,-7.86953e-09,7.60555e-10,7.55287873488069e-10,-2.50686008499523e-12,-6.64314808735112e-13,-4.83723463276406e-13,NaN
25.28037654,0.00313419,-7.07732e-09,7.79015e-10,7.50478774109187e-10,-5.52104118993134e-12,-6.73932880701299e-13,-4.91265098144404e-13,NaN
35.40917538,0.00438993,-6.3115e-09,7.5916e-10,7.44245791108206e-10,-3.56433229813666e-12,-6.16416282328314e-13,-4.83227560706514e-13,NaN
45.47110708,0.00563738,-5.559e-09,7.554e-10,7.43350109512913e-10,2.27742154298777e-12,-5.89151295094639e-13,-4.63991841428401e-13,NaN
55.61119832,0.00689452,-4.8007e-09,7.205e-10,7.48800634194182e-10,4.42973357306305e-12,-6.22580738821898e-13,-4.46290463260516e-13,NaN
65.68885872,0.00814392,-4.118e-09,7.161e-10,7.52209576659039e-10,2.61782445243556e-12,-5.45360266140412e-13,-4.37231892524568e-13,NaN
75.76006632,0.00939252,-3.3685e-09,7.5854e-10,7.54036283099053e-10,9.78282935599909e-13,-3.10246670220006e-13,-4.32223173742226e-13,NaN
85.88684866,0.01064801,-2.60092e-09,7.5237e-10,7.54166142530239e-10,-1.6289367440341e-12,-1.59403086701747e-13,-4.18442927414478e-13,NaN
95.9563624,0.0118964,-1.86376e-09,7.5185e-10,7.50778409610984e-10,-3.5301716247139e-12,-2.50407624601587e-13,-3.85984825275358e-13,NaN
106.05063876,0.01314786,-1.09722e-09,7.4305e-10,7.47105799280811e-10,-3.07726544622421e-12,-3.83651037123228e-13,-3.37066007427278e-13,-1.61205481813046e-06
116.1487868,0.0143998,-3.7766e-10,7.39275e-10,7.44623878718536e-10,-2.47197613599195e-13,-3.75760562312716e-13,-2.91747090877142e-13,-1.39531217376024e-06
126.244999,0.0156515,3.8133e-10,7.5497e-10,7.46611404053613e-10,2.47072164105923e-12,-2.61984394249905e-13,-2.65665968266346e-13,-1.27057636996948e-06
136.3468574,0.0169039,1.13228e-09,7.9093e-10,7.49565322000654e-10,4.66973684210435e-13,-1.55419012566078e-13,-2.55633599824366e-13,-1.22259547742088e-06
146.4680742,0.0181587,1.96319e-09,7.97085e-10,7.47545351422034e-10,-1.61455541026482e-12,-1.24918272631424e-13,-2.55330046263086e-13,-1.22114369951911e-06
156.57525616,0.01941176,2.72645e-09,7.41025e-10,7.46336211180125e-10,-1.22159447531876e-12,-1.97167128498133e-13,-2.56700334087092e-13,-1.22769724998174e-06
166.675824,0.020664,3.44524e-09,7.11275e-10,7.45102162471396e-10,-1.25287757437074e-12,-2.7591703889362e-13,-2.49540912042792e-13,-1.19345653585683e-06
176.7389656,0.0219116,4.149e-09,6.81705e-10,7.43830456031383e-10,-1.70315462569395e-13,-2.58485815563903e-13,-2.40732415645793e-13,-1.15132894439292e-06
186.8279184,0.0231624,4.80865e-09,7.09895e-10,7.44761531546258e-10,-1.29544785877648e-13,-2.27906296314883e-13,-2.49901470522099e-13,-1.19518094597526e-06
196.93848808,0.02441588,5.56879e-09,7.7558e-10,7.43571366459628e-10,-1.20067505720824e-12,-2.51984922380636e-13,-2.74093700017559e-13,-1.31088291312746e-06
207.03913658,0.02566813,6.35981e-09,7.79755e-10,7.42360181431841e-10,-1.19139261196471e-12,-2.95141984881192e-13,-2.88520955617898e-13,-1.37988283121603e-06
217.10098762,0.02691557,7.1283e-09,7.56845e-10,7.41188581235699e-10,-1.06657486106568e-12,-3.67149700665578e-13,-2.8135363853988e-13,-1.34560435823421e-06
227.2216398,0.0281703,7.8735e-09,7.1319e-10,7.4022703170971e-10,-6.86332951945249e-13,-4.37180124493876e-13,-2.61646156145848e-13,-1.2513511815671e-06
237.2803451,0.02941735,8.55468e-09,7.13230000000001e-10,7.39815915331808e-10,6.51565871199686e-13,-3.51827628354084e-13,-2.4006095169556e-13,-1.14811759506572e-06
247.4213236,0.0306746,9.29996e-09,7.729e-10,7.41530163452109e-10,3.644308597581e-12,-2.06537544067083e-13,-2.1641773499813e-13,-1.0350413412954e-06
257.47349544,0.03192084,1.010048e-08,7.7871e-10,7.4710453252697e-10,4.09700637463223e-12,-1.09921277571214e-13,-1.83860092592668e-13,-8.79330877617108e-07
267.58946934,0.03317499,1.085738e-08,7.49105e-10,7.49724176201374e-10,5.72817914350969e-13,-2.04321919359037e-14,-1.42295288441169e-13,-6.80542683849069e-07
277.6930216,0.0344276,1.159869e-08,7.27675e-10,7.48250168355672e-10,-1.8902721477607e-12,-1.99501340193231e-14,-8.97398653067129e-14,-4.2919066016254e-07
287.81520632,0.03568252,1.231273e-08,7.2523e-10,7.45943631905852e-10,-1.50787348806782e-12,-1.58236066506517e-13,-2.99521224307768e-14,-1.43249281190672e-07
297.90714354,0.03693369,1.304915e-08,7.48185e-10,7.45234421379536e-10,6.36122915985774e-14,-2.58995473854913e-13,2.87922784433346e-14,1.37702201250731e-07
307.9590734,0.0381799,1.38091e-08,7.5324e-10,7.46070856489049e-10,9.94885583523975e-13,-9.83440828452223e-14,8.85044104463231e-14,4.23281963004154e-07
318.04625168,0.03943048,1.455563e-08,7.46549999999999e-10,7.47224192546584e-10,1.89596273291816e-13,2.09331600922636e-13,1.45070606746898e-13,6.93815945311251e-07
328.1293163,0.04068055,1.53022e-08,7.35205000000001e-10,7.46450049035633e-10,-3.12417620137311e-12,4.06216900929509e-13,1.93175112839758e-13,9.23880974451017e-07
338.2904598,0.0419403,1.602604e-08,7.40150000000002e-10,7.40975840143838e-10,-3.68772311212803e-12,4.20347212352044e-13,2.29074243818448e-13,1.09557247043606e-06
348.32770954,0.04318469,1.67825e-08,7.6317e-10,7.39074602811377e-10,1.61526397515537e-12,3.16936820537987e-13,2.47104415846991e-13,1.18180372796387e-06
358.47473754,0.04444269,1.755238e-08,7.44889999999999e-10,7.44206368094149e-10,4.48423014056884e-12,2.50034486417882e-13,2.45495464834754e-13,1.17410874486187e-06
368.49464538,0.04568493,1.827228e-08,7.4371e-10,7.48043063092515e-10,8.29570938215117e-13,2.66375370116345e-13,2.32573806320853e-13,1.11230950849104e-06
378.6478842,0.0469437,1.90398e-08,7.70065000000001e-10,7.45865509970579e-10,-3.73105181431844e-12,2.87263340291437e-13,2.16337948719612e-13,1.03465975474597e-06
388.73006156,0.04819366,1.981241e-08,7.32849999999999e-10,7.40580959463878e-10,-4.08683720169986e-12,3.40305277606436e-13,1.93777146049895e-13,9.26760263716889e-07
398.8209502,0.0494447,2.05055e-08,7.01395e-10,7.37691835567179e-10,-5.54576659038904e-13,2.98394037810283e-13,1.66016098539575e-13,7.9399003649362e-07
408.91562986,0.05069621,2.12152e-08,7.29875000000001e-10,7.394718061458e-10,3.36891304347821e-12,1.57472583684583e-13,1.39615421985264e-13,6.67725931233871e-07
418.99780722,0.05194617,2.196525e-08,7.4155e-10,7.44429661654136e-10,2.87744115724084e-12,5.67743115306053e-14,1.09329173733942e-13,5.22878656988418e-07
429.0704667,0.05319495,2.26983e-08,7.61625000000002e-10,7.45226688460282e-10,-1.70835240274573e-13,-4.31681156675657e-14,6.7873920384153e-14,3.24614401837253e-07
439.2114452,0.0544522,2.34885e-08,7.95795e-10,7.44087991173587e-10,-8.3588999673084e-13,-8.85998542218459e-14,2.67632568718937e-14,1.27998185039492e-07
449.2866858,0.0557013,2.428989e-08,7.4184e-10,7.4355490846682e-10,-6.68952271984455e-14,-1.19807644942666e-13,3.68007041764031e-15,1.76003367800189e-08
459.3901574,0.0569539,2.497218e-08,6.87454999999999e-10,7.4395420071919e-10,1.08066606734219e-12,-1.35484425600836e-13,2.15496714751145e-15,1.0306364618533e-08
469.51451994,0.05820909,2.56648e-08,7.03360000000001e-10,7.45716240601504e-10,1.91930287675707e-12,-1.13798781665169e-13,1.52273401688737e-14,7.2826409503309e-08
479.56798234,0.05945549,2.63789e-08,7.64265e-10,7.47792806472704e-10,2.01265364498217e-12,-8.78275750522933e-14,3.46253008924708e-14,1.65599265137904e-07
489.6771808,0.0607088,2.719333e-08,8.04689999999999e-10,7.49741547891469e-10,1.54589653481545e-12,-3.55930653300228e-14,4.99261763246296e-14,2.38777365030837e-07
499.76339116,0.06195926,2.798828e-08,7.84485000000002e-10,7.50884599542335e-10,7.47295684864259e-13,-1.93500865900744e-15,6.08734745615591e-14,2.91134008772674e-07
509.85121472,0.06320992,2.87623e-08,7.47230000000001e-10,7.51236139261197e-10,-3.23137463223211e-13,1.00910398181984e-13,7.46659355296444e-14,3.57097952533082e-07
519.95992922,0.06446317,2.948274e-08,6.99035e-10,7.50238324615888e-10,-5.34890487087387e-13,2.60317047572512e-13,9.56395619710996e-14,4.57406600731346e-07
530.08033942,0.06571787,3.016037e-08,7.39845000000001e-10,7.50166358287022e-10,-1.01988394900382e-13,2.64421844227893e-13,1.17020958393752e-13,5.5966545318751e-07
540.13033344,0.06696384,3.096243e-08,7.5468e-10,7.50034347826088e-10,8.97797482837737e-13,1.59526996202512e-13,1.23616757300905e-13,5.91210578395633e-07
550.26437518,0.06822023,3.166973e-08,7.51350000000001e-10,7.51961953252698e-10,8.36578130107752e-13,1.2697035435835e-13,1.05935057914433e-13,5.06645929155984e-07
560.34832706,0.06947041,3.246513e-08,7.71685000000001e-10,7.51707504086303e-10,-2.52857551487428e-12,1.6835151312432e-13,6.26900042609616e-14,2.99821759508947e-07
570.45421846,0.07072331,3.32131e-08,7.43785000000001e-10,7.46904802222949e-10,-5.51103220006515e-12,1.56979130621072e-13,-7.07148063959277e-16,-3.38201247980524e-09
580.57567724,0.07197814,3.39527e-08,7.33945000000001e-10,7.40685439686173e-10,-3.73398169336382e-12,5.63252682631796e-14,-8.40167200902803e-14,-4.01819096083949e-07
590.6901186,0.0732321,3.468099e-08,7.70264999999998e-10,7.39436838836222e-10,1.00093658058165e-12,-1.13626613789241e-13,-1.86340184090064e-13,-8.91192184778567e-07
600.69591094,0.07447259,3.549323e-08,7.54580000000001e-10,7.42687312847336e-10,2.78109431186652e-12,-3.4587620509602e-13,-3.03368951623445e-13,-1.45089498602517e-06
610.79962452,0.07572522,3.619015e-08,7.14184999999999e-10,7.44999027459955e-10,-5.79764628963535e-13,-4.50030891593287e-13,-4.31299020440893e-13,-2.06273444558688e-06
620.92084132,0.07698002,3.69216e-08,7.35639999999999e-10,7.41527783589409e-10,-3.99663779012745e-12,-4.81411632871273e-13,-5.70618842052723e-13,-2.72904663590433e-06
631.06343302,0.07823747,3.766143e-08,7.19595000000003e-10,7.370057518797e-10,-2.20138852566217e-12,-6.31119617621358e-13,-7.22217170209823e-13,-3.45408211839481e-06
641.1163308,0.0794838,3.836079e-08,7.33344999999998e-10,7.37125006538085e-10,-5.5945815626024e-13,-8.48824783615791e-13,-8.72497002786638e-13,-4.17281175245783e-06
651.228675,0.0807375,3.912812e-08,7.54350000000001e-10,7.35886835567179e-10,1.07993053285399e-12,-1.1042041877475e-12,-1.00702951478243e-12,-4.81622811417684e-06
661.2716516,0.0819826,3.986949e-08,7.45300000000004e-10,7.39284867603793e-10,2.69276152337367e-12,-1.28818253439527e-12,-1.12641499867966e-12,-5.38720216759837e-06
671.35382896,0.08323256,4.061872e-08,7.38994999999999e-10,7.41272358613927e-10,1.951331317424e-12,-1.32129516801448e-12,-1.23224794963706e-12,-5.89335975913376e-06
681.55659302,0.08449747,4.134748e-08,7.49839999999996e-10,7.43187530238641e-10,2.0727933965348e-12,-1.33861987424514e-12,-1.31668961219794e-12,-6.29721118877276e-06
691.53851,0.085735,4.21184e-08,7.3276e-10,7.45417945406996e-10,1.52285142203322e-12,-1.39192118716514e-12,-1.36818007261269e-12,-6.54346991249547e-06
701.71384966,0.08699651,4.2813e-08,7.19815000000003e-10,7.46233233082707e-10,1.31874468780652e-12,-1.42613990915159e-12,-1.38112077170822e-12,-6.60536021251757e-06
711.75981068,0.08824198,4.355803e-08,7.28124999999999e-10,7.48055434782609e-10,-3.35165903890127e-13,-1.43622483918039e-12,-1.35738275888031e-12,-6.49183058594931e-06
721.87747844,0.08949634,4.426925e-08,7.91564999999999e-10,7.45562901274927e-10,-2.0922270349788e-12,-1.4399333201179e-12,-1.30722406781418e-12,-6.2519411938939e-06
731.9749812,0.0907482,4.514116e-08,7.66180000000003e-10,7.43870980712652e-10,-2.83826250408625e-12,-1.45374961998838e-12,-1.2457815860351e-12,-5.95808584625483e-06
742.0131182,0.0919927,4.580161e-08,7.33520000000001e-10,7.39886376266754e-10,-4.21820693036945e-12,-1.3583412205174e-12,-1.16901269484635e-12,-5.59093027969993e-06
752.18982908,0.09325438,4.66082e-08,7.7162e-10,7.35434566851913e-10,-2.93621935272978e-12,-1.1472796723962e-12,-1.06757987955703e-12,-5.10581681527275e-06
762.22667552,0.09449872,4.734485e-08,7.04694999999998e-10,7.34013937561295e-10,-2.33676037920871e-12,-9.44788363006608e-13,-9.45382998729319e-13,-4.52139695044457e-06
772.3614432,0.0957552,4.801759e-08,7.43724999999998e-10,7.30761046093495e-10,-3.52433556717881e-12,-7.60735561737201e-13,-8.16836069114457e-13,-3.90660728706914e-06
782.54299368,0.09701748,4.88323e-08,7.19050000000001e-10,7.26965266426937e-10,-1.69197940503448e-12,-5.86384852608134e-13,-6.95578658884527e-13,-3.32668054249122e-06
792.54564028,0.09825758,4.945569e-08,6.85755000000002e-10,7.27377087283426e-10,-6.54294704151613e-13,-4.20474254354749e-13,-5.81454661124011e-13,-2.78087011841918e-06
802.66976084,0.09951274,5.020381e-08,7.34249999999999e-10,7.25656677018634e-10,-3.28143020594959e-12,-2.53752337001561e-13,-4.69711047731295e-13,-2.24644414132358e-06
812.72717558,0.10075963,5.092419e-08,7.09665e-10,7.20814226871527e-10,-4.99335240274589e-12,-1.31679347203165e-13,-3.62623186332517e-13,-1.73428480419899e-06
822.84718248,0.10201428,5.162314e-08,7.18295000000002e-10,7.15669972213142e-10,-2.71555491990831e-12,-1.10322978537919e-13,-2.66411418405343e-13,-1.27414156628642e-06
832.8596696,0.1032556,5.236078e-08,7.15499999999998e-10,7.15383117031711e-10,-4.52155116050822e-13,-1.68589927659675e-13,-1.81369663896132e-13,-8.67420131677153e-07
842.96790014,0.10450879,5.305414e-08,7.20150000000001e-10,7.14765661981041e-10,-1.66975318731615e-12,-1.90197891007605e-13,-1.07637283041357e-13,-5.14787005849968e-07
853.08548724,0.10576314,5.380108e-08,7.33205e-10,7.12043610657078e-10,-7.98514220333665e-13,-8.68825699986595e-14,-4.46598705384421e-14,-2.13590685183853e-07
863.17000374,0.10701339,5.452055e-08,7.11855e-10,7.13168633540373e-10,1.05833605753441e-13,5.11861190903951e-14,9.10683115335277e-15,4.35544098638611e-08
873.2433085,0.10826225,5.522479e-08,7.31270000000002e-10,7.12255277868585e-10,1.48402991173584e-12,1.03934622347944e-13,6.2662300080781e-14,2.99689261255909e-07
883.3504098,0.1095153,5.598309e-08,7.39235000000003e-10,7.16136693363845e-10,3.04474910101332e-12,4.70846185779301e-14,1.25856440215351e-13,6.01922105377766e-07
893.45210688,0.11076768,5.670326e-08,6.90904999999999e-10,7.18344776070612e-10,1.14070447858783e-12,5.46133154021061e-14,1.94815936868989e-13,9.31728393721252e-07
903.54509268,0.11201898,5.73649e-08,6.91345e-10,7.18418102321021e-10,1.7716827394574e-12,1.45294042416673e-13,2.66522945668159e-13,1.27467495754337e-06
913.655985,0.1132725,5.808595e-08,7.08370000000001e-10,7.21888141549527e-10,3.04876430205962e-12,2.08699787217206e-13,3.42880379780246e-13,1.63986268590552e-06
923.7368718,0.1145223,5.878164e-08,7.12424999999997e-10,7.2451563092514e-10,2.83087365152045e-12,2.81551858705095e-13,4.2126978253471e-13,2.014768525166e-06
933.812919,0.1157715,5.95108e-08,7.21679999999999e-10,7.27549888852567e-10,3.11982592350412e-12,3.80814299697071e-13,5.0297487304638e-13,2.40553200152617e-06
943.9272797,0.11702545,6.0225e-08,7.29099999999998e-10,7.30755282772148e-10,2.19491663942415e-12,5.2608063366964e-13,5.91740290287963e-13,2.83006225789895e-06
954.01494194,0.11827609,6.0969e-08,7.47650000000002e-10,7.31939722131416e-10,1.22133540372687e-12,6.75496629770714e-13,6.81025408067421e-13,3.25707803858332e-06
964.1031688,0.1195268,6.17203e-08,7.64450000000004e-10,7.33197953579602e-10,1.43031791435098e-12,8.37667789740743e-13,7.56034887091335e-13,3.61581902521943e-06
974.195348,0.120778,6.24979e-08,7.5115e-10,7.34800357960118e-10,2.96592432167342e-12,9.83289948798225e-13,8.06648088805621e-13,3.85788216385297e-06
984.29002766,0.12202951,6.32226e-08,7.34650000000001e-10,7.39129802222949e-10,5.31024517816314e-12,1.05655909894597e-12,8.40049642716998e-13,4.01762872603782e-06
994.380513,0.1232805,6.39672e-08,7.454e-10,7.45420848316444e-10,2.92908058188981e-12,1.03908973745117e-12,8.64098679236551e-13,4.13264585721829e-06
1004.48422658,0.12453313,6.47134e-08,7.40400000000001e-10,7.44987963386728e-10,-8.7885338345868e-13,9.36686412733324e-13,8.74928966714364e-13,4.18444288428609e-06
1014.57600248,0.12578428,6.5448e-08,7.41750000000001e-10,7.43663141549527e-10,-1.33332543314792e-12,8.72020124949679e-13,8.58905778111594e-13,4.10781024314241e-06
1024.6852816,0.1270376,6.61969e-08,7.31149999999997e-10,7.42321312520432e-10,-2.00212160836872e-12,8.37818783351029e-13,8.13281127799398e-13,3.88960539382321e-06
1034.76866886,0.12828771,6.69103e-08,7.28949999999997e-10,7.39658898332789e-10,-2.31687561294563e-12,7.6105191818594e-13,7.46681327004385e-13,3.57108460741228e-06
1044.8611707,0.12953895,6.76548e-08,7.15850000000003e-10,7.37687561294541e-10,-1.99357960117723e-12,7.20189259133884e-13,6.60384075886295e-13,3.15835862380402e-06
1054.95915742,0.13079087,6.8342e-08,7.44200000000001e-10,7.35671739130435e-10,-1.1477361882972e-12,6.70977941843755e-13,5.58059978073906e-13,2.66898250383172e-06
1065.05932196,0.13204306,6.91432e-08,7.67499999999997e-10,7.35392088917947e-10,5.31284733573328e-13,4.99971055067281e-13,4.47144237964239e-13,2.13851592069853e-06
1075.1461776,0.1332936,6.9877e-08,7.50750000000004e-10,7.36734308597581e-10,6.48226544622788e-13,2.63128660822432e-13,3.34705070524571e-13,1.60076338076969e-06
1085.24569686,0.13454571,7.06447e-08,7.31500000000002e-10,7.36688542007192e-10,-2.92374959136955e-13,8.87289429764252e-14,2.25522402936786e-13,1.07858540534985e-06
1095.34150576,0.13579736,7.134e-08,7.07549999999998e-10,7.36149558679308e-10,-7.0190421706426e-13,5.09888261681963e-14,1.23181637898373e-13,5.89129572557436e-07
1105.4315878,0.1370483,7.20598e-08,7.4015e-10,7.35284733573064e-10,-5.55034324942457e-13,1.40794073771392e-14,2.98640240419064e-14,1.42827941069987e-07
1115.5302198,0.1383003,7.28203e-08,7.34599999999998e-10,7.35039490029423e-10,4.53285387381747e-13,-1.02842298922201e-13,-5.29603181083662e-14,-2.53288477909577e-07
1125.61296178,0.13955033,7.3529e-08,7.34499999999999e-10,7.36191304347827e-10,3.38027133049986e-13,-2.51620228253783e-13,-1.27518700679694e-13,-6.09872046728971e-07
1135.721031,0.1408035,7.42893e-08,7.4565e-10,7.35715544295523e-10,3.0450310558946e-13,-3.18645797836935e-13,-1.92659448382956e-13,-9.21414753135876e-07
1145.81667858,0.14205513,7.50203e-08,7.366e-10,7.36800310559006e-10,-7.02860411899786e-13,-2.80023810309928e-13,-2.41283073968222e-13,-1.15396252767411e-06
1155.9013564,0.1433054,7.57625e-08,7.37000000000002e-10,7.34309823471723e-10,-2.44347008826409e-12,-2.57585563433942e-13,-2.73740846754765e-13,-1.30919535404453e-06
1165.99829454,0.14455719,7.64943e-08,7.27850000000004e-10,7.31913370382478e-10,-4.69352729652697e-14,-2.30219940307921e-13,-2.90651525830576e-13,-1.39007251484189e-06
1176.10249208,0.14580988,7.72182e-08,7.2485e-10,7.34215952925792e-10,1.82342268715271e-12,-2.01625242182056e-13,-2.84778747055221e-13,-1.36198531200323e-06
1186.1972524,0.1470614,7.7944e-08,7.37899999999998e-10,7.35560215756784e-10,9.54846355018371e-13,-2.1643546844922e-13,-2.5596381298314e-13,-1.22417475774545e-06
1196.2813656,0.1483116,7.8694e-08,7.30400000000003e-10,7.36125645635829e-10,6.00604772802214e-14,-2.41757617194375e-13,-2.17509252965647e-13,-1.04026164461831e-06
1206.38814426,0.14956461,7.94048e-08,7.49399999999998e-10,7.35680336711344e-10,-2.31006864988487e-13,-2.69040814238417e-13,-1.78374961223977e-13,-8.53097640636412e-07
1216.47564518,0.15081523,8.01928e-08,7.44099999999996e-10,7.35663631905852e-10,-5.91762013729923e-13,-2.52928883593968e-13,-1.40408681025531e-13,-6.71519778817757e-07
1226.58121394,0.15206809,8.0893e-08,7.28599999999998e-10,7.34496812683884e-10,-1.72280156914015e-12,-1.74967668199942e-13,-1.04535378244321e-13,-4.99951808994579e-07
1236.6767002,0.1533197,8.165e-08,7.39999999999999e-10,7.32218028767572e-10,-1.4764628963715e-12,-7.89306152740932e-14,-6.74295458827029e-14,-3.22489132482492e-07
1246.76113604,0.15456994,8.2373e-08,7.07900000000004e-10,7.31543886891141e-10,3.5753514220286e-13,5.56256288930148e-14,-2.60362103459941e-14,-1.2452100600258e-07
1256.86259114,0.15582229,8.30658e-08,7.30250000000001e-10,7.32933099051978e-10,1.41099215429871e-12,1.36448844206768e-13,1.48943494654037e-14,7.1233845269322e-08
1266.9492048,0.1570728,8.38335e-08,7.58700000000004e-10,7.34365871199739e-10,9.79650212488144e-13,1.49404926921728e-13,5.56115946845787e-14,2.6596849631755e-07
1277.05929052,0.15832622,8.45832e-08,7.30650000000003e-10,7.34892399476954e-10,1.41941811049674e-13,2.18076206205248e-13,1.01297029619598e-13,4.84464054702425e-07
1287.13501508,0.15957538,8.52948e-08,7.38399999999998e-10,7.34649754821838e-10,-2.01348479895178e-13,2.77334356454418e-13,1.54089072556708e-13,7.3694773831469e-07
1297.24453618,0.16082873,8.606e-08,7.34099999999997e-10,7.34489702517164e-10,-1.75964367439744e-13,2.52688126216685e-13,2.16471711951395e-13,1.03529949194145e-06
1307.34478138,0.16208093,8.6763e-08,7.1175e-10,7.34297826086958e-10,9.33695652174512e-13,1.98434576110096e-13,2.87206865543969e-13,1.37359805260159e-06
1317.41243994,0.16332909,8.74835e-08,7.26250000000003e-10,7.36357093821513e-10,2.29497384766217e-12,2.01865568928235e-13,3.63841616689501e-13,1.74011207981935e-06
1327.5236549,0.16458265,8.82155e-08,7.37149999999997e-10,7.38887773782283e-10,2.34718045112673e-12,2.19192604783702e-13,4.41440734253264e-13,2.11123829425474e-06
1337.62970762,0.16583557,8.89578e-08,7.59299999999997e-10,7.41051454723766e-10,2.01614089571716e-12,2.60888588660019e-13,5.10925908500954e-13,2.44355869283065e-06
1347.723742,0.167087,8.97341e-08,7.63100000000004e-10,7.42920055573717e-10,-7.36752206603171e-13,4.53313680786349e-13,5.65938510379629e-13,2.70666244094605e-06
1357.81334008,0.16833788,9.0484e-08,7.34250000000006e-10,7.3957795031056e-10,-2.72992808107188e-12,6.39481375704221e-13,6.07878132760777e-13,2.9072432436385e-06
1367.9076971,0.16958935,9.12026e-08,7.3365e-10,7.37460199411573e-10,1.66451454724148e-13,6.92641686440132e-13,6.4458081683392e-13,3.08277781964049e-06
1378.0059258,0.1708413,9.19513e-08,7.34700000000003e-10,7.39910853220008e-10,2.10401274926494e-12,7.3242660865566e-13,6.80117149707699e-13,3.25273419425421e-06
1388.106171,0.1720935,9.2672e-08,7.37850000000002e-10,7.41668224910103e-10,9.52353710363002e-13,7.96507326770682e-13,7.03063108881894e-13,3.3624757381308e-06
1398.19084882,0.17334377,9.3427e-08,7.50999999999998e-10,7.41815560640734e-10,-8.20627656097157e-13,8.6691553150153e-13,7.02790093068336e-13,3.36117001032682e-06
1408.2840766,0.1745951,9.4174e-08,7.48349999999994e-10,7.40026969597909e-10,-2.24906832298174e-12,8.77938803492048e-13,6.83195014645901e-13,3.2674544178717e-06
1418.3956142,0.1758487,9.49237e-08,7.40349999999991e-10,7.37317423994771e-10,-2.07912716574035e-12,8.17165056330142e-13,6.39142666307639e-13,3.05676927364523e-06
1428.46674114,0.17709729,9.56547e-08,7.3225000000001e-10,7.35868715266428e-10,-7.77729650212918e-13,7.25647437915141e-13,5.61186465752904e-13,2.68393527099215e-06
1438.56771228,0.17834958,9.63882e-08,7.15150000000012e-10,7.35761964694345e-10,9.71812683882878e-13,5.51713575942134e-13,4.57480009638469e-13,2.18794787218398e-06
1448.67045794,0.17960209,9.7085e-08,7.20950000000001e-10,7.37812340634194e-10,2.45116868257603e-12,3.39407433145408e-13,3.37348140735538e-13,1.61340415134388e-06
1458.7554584,0.1808524,9.78301e-08,7.56149999999999e-10,7.40664302059497e-10,2.52155933311575e-12,1.6948781079104e-13,1.98788088722052e-13,9.50725641714162e-07
1468.87038372,0.18210642,9.85973e-08,7.63199999999996e-10,7.42855459300425e-10,6.41909120627536e-13,7.97010933383257e-14,4.47558978544077e-14,2.14049946260211e-07
1478.94659224,0.18335564,9.93565e-08,7.36399999999996e-10,7.41948120300752e-10,-1.10531219352753e-12,4.14555535216371e-15,-1.0823326982974e-13,-5.17637377446583e-07
1489.0501445,0.18460825,1.000701e-07,7.14849999999996e-10,7.4064483491337e-10,9.30941484145411e-14,-2.10577054287282e-13,-2.47064574109559e-13,-1.18161318052398e-06
1499.142727,0.1858595,1.007862e-07,7.37950000000001e-10,7.42134308597581e-10,2.12535959463857e-12,-5.04446953243314e-13,-3.70254919918032e-13,-1.77078439960798e-06
1509.24281088,0.18711168,1.01546e-07,7.66400000000004e-10,7.44895554102648e-10,2.84686989212149e-12,-7.01499656528111e-13,-4.78122014250749e-13,-2.28667050293836e-06
1519.3214392,0.1883612,1.02319e-07,7.60499999999996e-10,7.47828048381824e-10,2.00367767244186e-12,-8.06852618489205e-13,-5.69418845365429e-13,-2.72330752131292e-06
1529.43934894,0.18961559,1.03067e-07,7.54849999999995e-10,7.48902909447531e-10,-4.31431840470895e-13,-9.16526575349192e-13,-6.41730930072461e-13,-3.06914792643351e-06
1539.5219296,0.1908656,1.038287e-07,7.45700000000009e-10,7.46965184700882e-10,-1.31654952598833e-12,-9.10638365580864e-13,-6.95417210737787e-13,-3.32590839918072e-06
1549.6052362,0.1921157,1.045584e-07,7.40700000000004e-10,7.46269810395555e-10,6.82894736842946e-13,-7.5774134235666e-13,-7.30262252148961e-13,-3.49255859723416e-06
1559.71362806,0.19336891,1.053101e-07,7.41949999999992e-10,7.48330974174568e-10,1.76013403072949e-12,-7.12554934943482e-13,-7.43917284347994e-13,-3.55786527296867e-06
1569.796854,0.194619,1.060423e-07,7.20999999999997e-10,7.49790078457014e-10,4.67914351095387e-13,-7.40391459710441e-13,-7.41824079728421e-13,-3.54785429435332e-06
1579.91185998,0.19587303,1.067521e-07,7.59450000000005e-10,7.49266802876759e-10,1.72289964040516e-12,-6.81315259269675e-13,-7.3170887175176e-13,-3.49947721272581e-06
1589.965887,0.1971195,1.075612e-07,7.73950000000002e-10,7.53235877737824e-10,1.30998692383082e-12,-5.72952827593385e-13,-7.15472552203129e-13,-3.42182524966714e-06
1600.0717784,0.1983724,1.083e-07,7.42050000000004e-10,7.5188677672442e-10,-5.20335894083056e-12,-4.70102824848898e-13,-6.90044601794239e-13,-3.30021331292897e-06
1610.1784764,0.1996254,1.090453e-07,7.35600000000006e-10,7.42829159856163e-10,-6.75147106897666e-12,-4.62474333457769e-13,-6.53202150277898e-13,-3.12401028393777e-06
1620.25565284,0.20087474,1.097712e-07,7.28349999999998e-10,7.38383834586467e-10,-3.23717718208556e-12,-5.44599706937614e-13,-6.12116917973581e-13,-2.92751569465626e-06
1630.34944524,0.20212614,1.10502e-07,7.43849999999995e-10,7.36354805491992e-10,-2.34914187643052e-12,-6.05618290171341e-13,-5.76698722681564e-13,-2.75812432586835e-06
1640.43275184,0.20337624,1.112589e-07,7.84250000000003e-10,7.33685550833606e-10,-3.80752696959779e-12,-6.13448073228413e-13,-5.48681116351979e-13,-2.62412707820512e-06
1650.54017578,0.20462933,1.120705e-07,7.50800000000001e-10,7.28739751552796e-10,-4.79786694998304e-12,-5.77689870843656e-13,-5.26809356539478e-13,-2.51952300953663e-06
1660.6579242,0.2058837,1.127605e-07,6.94099999999998e-10,7.2408981693364e-10,-4.68488067996108e-12,-5.13762193831189e-13,-5.11680529815713e-13,-2.44716775129254e-06
1670.7517166,0.2071351,1.134587e-07,7.15249999999997e-10,7.19369990192874e-10,-5.15823798627096e-12,-4.69471955021985e-13,-4.94132344497647e-13,-2.36324164759744e-06
1680.82631192,0.20838412,1.14191e-07,7.52649999999995e-10,7.13773340961098e-10,-2.59555410264828e-12,-4.76447077069816e-13,-4.63800759299107e-13,-2.21817754447399e-06
1690.92494392,0.20963612,1.14964e-07,6.47500000000006e-10,7.14178881987577e-10,2.36373814972223e-12,-4.96397753806885e-13,-4.29393497484146e-13,-2.05362107492418e-06
1701.050839,0.2108915,1.15486e-07,6.50500000000003e-10,7.18500817260543e-10,3.81303530565548e-12,-4.7000818560043e-13,-3.96420643632665e-13,-1.89592481737362e-06
1711.1180136,0.2121396,1.16265e-07,7.607e-10,7.21804952598888e-10,2.3002370055575e-12,-4.01271565698817e-13,-3.55095531571902e-13,-1.69828297708301e-06
1721.2013202,0.2133897,1.170074e-07,7.3965e-10,7.23101291271658e-10,-4.36098398169395e-13,-3.03048703922783e-13,-3.03287737619588e-13,-1.45050657122412e-06
1731.2886598,0.2146403,1.177443e-07,7.08549999999999e-10,7.2093275580255e-10,-1.43788002615252e-12,-2.09734742059098e-13,-2.40577770181059e-13,-1.15058933564854e-06
1741.36874,0.21589,1.184245e-07,7.1285e-10,7.20225531219352e-10,2.09360084995119e-12,-1.60424315661291e-13,-1.61429513733306e-13,-7.72054196115811e-07
1751.5214142,0.2171487,1.1917e-07,7.42399999999996e-10,7.25119957502452e-10,5.53593494606085e-12,-1.10372460554801e-13,-7.2029699963092e-14,-3.44489869388701e-07
1761.6369848,0.2184028,1.199093e-07,7.45349999999997e-10,7.31297401111474e-10,5.04440176528301e-12,-1.62493370783916e-14,1.71731099816883e-14,8.21322651298136e-08
1771.7065792,0.2196512,1.206607e-07,7.634e-10,7.35208761033018e-10,4.0464367440339e-12,1.11275009303658e-13,1.05594814357543e-13,5.05018677362162e-07
1781.787466,0.220901,1.214361e-07,7.70650000000002e-10,7.39390274599542e-10,4.8361147433799e-12,2.19221228062068e-13,1.98579580933871e-13,9.49728430553296e-07
1791.8619,0.22215,1.22202e-07,7.394e-10,7.44880990519778e-10,6.75604772802754e-13,2.666701908085e-13,2.98398465420712e-13,1.42712309549036e-06
1801.960532,0.223402,1.229149e-07,7.12399999999995e-10,7.40741484145147e-10,-5.15217391304233e-12,3.01587449328951e-13,3.9992266681108e-13,1.91267362387908e-06
1812.115626,0.224661,1.236268e-07,6.94700000000004e-10,7.34576642693693e-10,-2.26475972540081e-12,4.04612820166146e-13,4.94908561142885e-13,2.36695398807467e-06
1822.2045788,0.2259118,1.243043e-07,7.08100000000001e-10,7.36211964694346e-10,1.28917129780919e-12,5.4031334541875e-13,5.73123800497352e-13,2.74102687194386e-06
1832.2741732,0.2271602,1.25043e-07,7.52150000000007e-10,7.37154985289311e-10,1.53244524354165e-13,6.08357604639274e-13,6.26855715762517e-13,2.99800559712508e-06
1842.3566732,0.2284102,1.258086e-07,7.65999999999995e-10,7.36518453743054e-10,-1.09597090552513e-12,7.18293491013388e-13,6.57318386760871e-13,3.1436966323346e-06
1852.4544986,0.2296621,1.26575e-07,7.62700000000002e-10,7.34963043478261e-10,-9.8457829355991e-13,8.68230402808963e-13,6.70822413592467e-13,3.20828110848571e-06
1862.5265128,0.2309108,1.27334e-07,7.41500000000007e-10,7.34549297155934e-10,-4.74468780646966e-13,8.34657049457453e-13,6.71909183274917e-13,3.21347870261917e-06
1872.691286,0.232171,1.28058e-07,7.13249999999995e-10,7.34014105916967e-10,2.66279830009435e-13,7.29443198017276e-13,6.58045311655859e-13,3.14717322965846e-06
1882.781852,0.233422,1.287605e-07,7.12000000000013e-10,7.35081856815953e-10,2.49787512258893e-12,7.26568629141673e-13,6.21956640353863e-13,2.974575236475e-06
1892.864352,0.234672,1.29482e-07,7.30799999999998e-10,7.39009856162145e-10,3.45044132069344e-12,7.30886075216866e-13,5.62452291457635e-13,2.68998922001478e-06
1902.946852,0.235922,1.302221e-07,7.50999999999978e-10,7.4198273945734e-10,1.61959790781297e-12,6.36143468656416e-13,4.87165972645639e-13,2.32992421700088e-06
1913.01322,0.23717,1.30984e-07,7.51499999999992e-10,7.42249051977771e-10,-1.04084668192321e-12,4.59914554557857e-13,4.01020847575316e-13,1.91792579275151e-06
1923.09572,0.23842,1.317251e-07,7.45500000000012e-10,7.39901046093494e-10,-2.44674730304081e-12,2.65283156074575e-13,3.02008119938091e-13,1.44438666057348e-06
1933.17822,0.23967,1.32475e-07,7.44450000000001e-10,7.37355557371689e-10,-1.33322164105831e-12,5.93563090918272e-14,1.97880970780124e-13,9.46387251557115e-07
1943.3349272,0.2409292,1.33214e-07,7.29200000000004e-10,7.37234602811377e-10,-8.40143837810096e-15,-8.3025633477143e-14,1.04373855231451e-13,4.99179307628679e-07
1953.4271064,0.2421804,1.339334e-07,7.29600000000012e-10,7.37338754494933e-10,1.97842432166965e-13,-9.49554945183757e-14,2.22004948999596e-14,1.06176279956329e-07
1963.522512,0.243432,1.346732e-07,7.3579999999999e-10,7.37630287675711e-10,6.5589244851269e-13,-7.61293913532585e-14,-5.46442056345111e-14,-2.61341853034618e-07
1973.5937196,0.2446806,1.35405e-07,7.43999999999997e-10,7.38650539391959e-10,3.17644655116669e-13,-1.11918455972165e-13,-1.1622089363518e-13,-5.55839056516078e-07
1983.691545,0.2459325,1.361612e-07,7.52650000000008e-10,7.38265576985944e-10,-1.14157404380423e-12,-2.2464159101745e-13,-1.52840061802077e-13,-7.30974208618629e-07
1993.7748516,0.2471826,1.369103e-07,7.38399999999998e-10,7.3636739130435e-10,-1.68079437724685e-12,-3.60290226362113e-13,-1.75505908009482e-13,-8.39376081784479e-07
2003.937205,0.2484425,1.37638e-07,7.2784999999999e-10,7.34903988231451e-10,-8.06358287022677e-13,-3.80798890701101e-13,-1.91171644473019e-13,-9.14299169218787e-07
2014.0132522,0.2496917,1.38366e-07,7.30499999999995e-10,7.34754674730305e-10,-8.68094148424602e-14,-2.85817848391193e-13,-1.93764031362268e-13,-9.26697541297803e-07
2024.106238,0.250943,1.39099e-07,7.30500000000021e-10,7.34730369401766e-10,5.38411245501389e-14,-1.92991229564666e-13,-1.83934155486876e-13,-8.79685091458972e-07
2034.1798654,0.2521919,1.39827e-07,7.24500000000001e-10,7.34862356979405e-10,4.90135665249406e-13,-1.09221413620535e-13,-1.6733615403182e-13,-8.00303345369574e-07
2044.2623654,0.2534419,1.40548e-07,7.24649999999989e-10,7.35710640732265e-10,4.50138934292176e-13,3.29534967069927e-14,-1.45641092744017e-13,-6.9654435660182e-07
2054.3448654,0.2546919,1.412763e-07,7.44149999999998e-10,7.35762634847989e-10,-4.86678653144162e-14,1.00742853532365e-13,-1.19356007040201e-13,-5.70833077148787e-07
2064.4434974,0.2559439,1.420363e-07,7.58400000000008e-10,7.35613305001636e-10,-3.75653808433903e-13,7.13234487945158e-15,-9.29744688512094e-14,-4.44660503201436e-07
2074.5945584,0.2572024,1.427931e-07,7.41050000000003e-10,7.35011327231122e-10,-1.22948676038602e-13,-3.18957069588239e-14,-6.86402922393181e-14,-3.28279658535869e-07
2084.673832,0.258452,1.435184e-07,7.26849999999989e-10,7.35367407649558e-10,1.31751389342962e-12,2.12045018344226e-14,-4.16577921133393e-14,-1.99232918802927e-07
2094.756332,0.259702,1.442468e-07,7.31299999999998e-10,7.37646355017981e-10,1.7698185681604e-12,1.66504583785888e-14,-9.99612399553031e-15,-4.78075495438406e-08
2104.8380254,0.2609519,1.44981e-07,7.34100000000004e-10,7.38907044785879e-10,6.33344230139942e-13,-4.65346205590415e-14,2.05435768316466e-14,9.82518891948316e-08
2114.921332,0.262202,1.45715e-07,7.36500000000002e-10,7.38913043478261e-10,1.34414841450569e-13,-7.97929282922465e-14,4.22241027989444e-14,2.01941361212343e-07
2125.011898,0.263453,1.46454e-07,7.43099999999988e-10,7.3917587446878e-10,-8.83213468442787e-14,-7.47377693051283e-14,5.33379163748825e-14,2.55094382662482e-07
2135.175058,0.264713,1.472012e-07,7.43500000000009e-10,7.38736400784572e-10,-1.12307126511822e-12,-5.87055122801205e-14,5.90233296637513e-14,2.82285489696202e-07
2145.2349732,0.2659602,1.47941e-07,7.38550000000013e-10,7.36929731938544e-10,-1.26188296829048e-12,1.89291491883999e-14,6.49691765261833e-14,3.10722148603485e-07
2155.331992,0.267212,1.486783e-07,7.34399999999994e-10,7.36212634847991e-10,-1.13811703171372e-13,1.32844611997796e-13,7.26145525940684e-14,3.47286990667284e-07
2165.414492,0.268462,1.494098e-07,7.32649999999998e-10,7.36702108532201e-10,8.45349787511951e-13,1.88560614683014e-13,8.18942631219664e-14,3.91668214931144e-07
2175.505058,0.269713,1.501436e-07,7.43750000000003e-10,7.37903334423015e-10,7.24060150376385e-13,1.78336675298119e-13,9.65968130031115e-14,4.61984757840968e-07
2185.575459,0.2709615,1.508973e-07,7.43000000000009e-10,7.38150228832954e-10,-4.25318731611645e-13,1.4537401173745e-13,1.13938172645164e-13,5.4492169525948e-07
2195.7442652,0.2722222,1.516296e-07,7.30349999999993e-10,7.37052696959792e-10,-1.0820774763002e-12,1.29774375039619e-13,1.23278806902733e-13,5.89594293882636e-07
2205.8275718,0.2734723,1.52358e-07,7.32199999999994e-10,7.35986073880354e-10,-9.33957175547727e-13,1.26566117697806e-13,1.27519005410802e-13,6.09873504138618e-07
2215.9141048,0.2747228,1.53094e-07,7.37000000000015e-10,7.35184782608696e-10,-1.78653154625813e-13,1.11534355919783e-13,1.33903856486197e-13,6.40409748412246e-07
2225.990152,0.275972,1.53832e-07,7.31999999999996e-10,7.35628767571102e-10,6.8922033344169e-13,1.28020368311867e-13,1.36516583121225e-13,6.52905397536293e-07
2236.0815246,0.2772231,1.54558e-07,7.38349999999989e-10,7.3656322327558e-10,7.7999346191545e-13,1.68801640697981e-13,1.29792777564413e-13,6.2074806661241e-07
2246.155152,0.278472,1.553087e-07,7.50350000000003e-10,7.37188754494933e-10,3.69867603792192e-13,1.59161974201473e-13,1.15731538110056e-13,5.53498660526355e-07
2256.2352322,0.2797217,1.560587e-07,7.30499999999995e-10,7.37302958483164e-10,-2.87512258914529e-14,1.24133312308366e-13,9.68834451804141e-14,4.63355607384589e-07
2266.3911328,0.2809808,1.567697e-07,7.27350000000003e-10,7.3713125204315e-10,1.48389996730577e-13,9.78947930057807e-14,7.69499370030458e-14,3.68021437840654e-07
2276.4808922,0.2822317,1.575134e-07,7.35600000000006e-10,7.37599738476625e-10,7.85861392612605e-13,5.77985542968619e-14,6.42279180916711e-14,3.07176999568862e-07
2286.5650054,0.2834819,1.582409e-07,7.37799999999992e-10,7.38702974828375e-10,1.13407159202439e-12,2.16442562764575e-14,6.29373267461793e-14,3.01004606177379e-07
2296.6378262,0.2847307,1.58989e-07,7.4295e-10,7.39867881660674e-10,1.00879372343934e-12,1.36120764217897e-14,6.80395806940101e-14,3.254066902757e-07
2306.7275856,0.2859816,1.597268e-07,7.47100000000006e-10,7.40720562275254e-10,2.17391304347691e-14,1.84291828457883e-14,7.16345271361076e-14,3.4259991239008e-07
2316.813312,0.287232,1.604832e-07,7.48749999999996e-10,7.39911359921544e-10,-8.38067996076544e-13,3.88565257901334e-14,7.1691313037739e-14,3.42871497137013e-07
2326.9772786,0.2884921,1.612243e-07,7.34100000000004e-10,7.39044426283101e-10,-6.88043478260852e-13,4.40982256206719e-14,7.38659414302573e-14,3.53271893796883e-07
2337.0533258,0.2897413,1.619514e-07,7.32349999999996e-10,7.38535272965022e-10,-4.91288002616046e-13,1.90945387017534e-14,8.14330634592051e-14,3.8946247741359e-07
2347.133406,0.290991,1.62689e-07,7.38499999999991e-10,7.38061850277869e-10,4.50187969925278e-13,4.29413598076145e-14,9.25486139799512e-14,4.42623805991071e-07
2357.2336512,0.2922432,1.634284e-07,7.43950000000014e-10,7.39435648904872e-10,1.24579110820585e-12,1.01499512509214e-13,1.05879088647834e-13,5.06378250054858e-07
2367.298406,0.293491,1.641769e-07,7.46650000000014e-10,7.4055343249428e-10,2.54151683556569e-13,1.55742561385153e-13,1.19547070051811e-13,5.71746856769531e-07
2377.3962314,0.2947429,1.649217e-07,7.35049999999996e-10,7.39943952271986e-10,-7.68568159528749e-13,2.16115944178704e-13,1.29109822796954e-13,6.17481761202823e-07
2387.4642126,0.2959911,1.65647e-07,7.35949999999992e-10,7.39016296175223e-10,-5.9303694017655e-13,2.38008816373243e-13,1.33941898684536e-13,6.40591689360824e-07
2397.626566,0.297251,1.663936e-07,7.35800000000003e-10,7.38757878391633e-10,-2.97956848643957e-13,1.89240526066032e-13,1.36421532018421e-13,6.52450805305492e-07
2407.709066,0.298501,1.671186e-07,7.22999999999999e-10,7.38420382477935e-10,-3.69810395556374e-14,1.15891780546615e-13,1.36830198776139e-13,6.54405298494578e-07
2417.8020518,0.2997523,1.678396e-07,7.42549999999991e-10,7.38683916312521e-10,6.76781627983179e-13,7.93637279494052e-14,1.34234282753636e-13,6.41990047952172e-07
2427.8926178,0.3010033,1.686037e-07,7.50700000000002e-10,7.39773945733901e-10,4.37438705459727e-13,1.19707040019979e-13,1.26717592737134e-13,6.06040660916728e-07
2437.9581792,0.3022512,1.69341e-07,7.42750000000015e-10,7.39558793723441e-10,-5.38525661982124e-13,1.84815745983007e-13,1.12230857783135e-13,5.36756276354124e-07
2448.0439056,0.3035016,1.700892e-07,7.50300000000007e-10,7.38696894409937e-10,-4.86948349135448e-13,1.74498548486511e-13,9.2362472289758e-14,4.4173356312493e-07
2458.2046458,0.3047613,1.708416e-07,7.4239999999999e-10,7.3858489702517e-10,2.53824779339856e-13,1.0114093877512e-13,7.09758682683936e-14,3.39449804761882e-07
2468.2823062,0.3060107,1.71574e-07,7.23699999999998e-10,7.39204543968617e-10,9.88206930370541e-13,1.10136486453721e-14,4.95752166670451e-14,2.3709886232065e-07
2478.387391,0.3072635,1.72289e-07,7.35e-10,7.40561310885911e-10,5.99133703824887e-13,-5.27305221002032e-14,3.0826673279023e-14,1.47431915682284e-07
2488.457792,0.308512,1.73044e-07,7.44049999999993e-10,7.40402811376267e-10,-4.72319385420516e-13,-5.79787146251263e-14,1.57615492617154e-14,7.53813225560302e-08
2498.544325,0.3097625,1.737771e-07,7.35800000000003e-10,7.3961667211507e-10,-4.01797973193956e-13,-2.11657241184086e-14,3.04009162279445e-15,1.45395686307561e-08
2508.618759,0.3110115,1.745156e-07,7.421e-10,7.39599215429879e-10,-4.58940830336617e-13,1.10606918941018e-14,-6.59462753591378e-15,-3.15395229978485e-08
2518.7924048,0.3122728,1.752613e-07,7.41700000000005e-10,7.38698790454397e-10,-2.18739784243324e-13,1.08592693524149e-14,-1.23057658595931e-14,-5.88536628067496e-08
2528.8692586,0.3135221,1.75999e-07,7.35849999999986e-10,7.39161735861392e-10,9.1992481202973e-13,-2.54271081825673e-14,-1.53937569331285e-14,-7.36223157671363e-08
2538.959018,0.314773,1.76733e-07,7.39999999999992e-10,7.40538640078456e-10,1.08030402092212e-12,-7.11761456758737e-14,-1.6403052385267e-14,-7.84493809730161e-08
2549.0318388,0.3160218,1.77479e-07,7.46400000000021e-10,7.41322343903236e-10,7.49215429879913e-13,-7.25112018322165e-14,-1.32418819834961e-14,-6.33307399210683e-08
2559.115952,0.317272,1.782258e-07,7.42600000000001e-10,7.42037070938216e-10,4.325351422034e-13,-1.39556033359776e-14,-3.25722618960581e-15,-1.55780382981147e-08
2569.206518,0.318523,1.789642e-07,7.39199999999989e-10,7.42187414187643e-10,-6.23283752860769e-13,6.80235697502934e-14,1.35334344678684e-14,6.47251213680663e-08
2579.2962774,0.3197739,1.797042e-07,7.328e-10,7.40790503432494e-10,-6.46109839816354e-13,9.773282310635e-14,3.19188627906605e-14,1.52655430737942e-07
2589.42798,0.32103,1.804298e-07,7.42150000000009e-10,7.4089519450801e-10,5.28269042170805e-13,6.66344967242906e-14,4.60063801505316e-14,2.20030513763412e-07
2599.526612,0.322282,1.811885e-07,7.53999999999995e-10,7.41847041516836e-10,4.82469761359504e-13,2.43898642558203e-14,5.34672601944947e-14,2.55712983538888e-07
2609.6058856,0.3235316,1.819378e-07,7.45950000000003e-10,7.41860134030729e-10,7.45668519127364e-14,4.55486277113006e-15,5.74093892646439e-14,2.74566644309166e-07
2619.691612,0.324782,1.826804e-07,7.41400000000002e-10,7.41996175220661e-10,-7.7745995423285e-13,2.86406236923375e-14,6.29322965530598e-14,3.00980548732025e-07
2629.782178,0.326033,1.834206e-07,7.3714999999999e-10,7.40305214122264e-10,-1.66502124877431e-12,9.04101343980454e-14,7.03142333513554e-14,3.36285463854308e-07
2639.852579,0.3272815,1.841547e-07,7.32250000000003e-10,7.38666132723113e-10,-8.27075841778887e-13,1.42885683019223e-13,7.44824232181313e-14,3.5622028495628e-07
2650.00364,0.32854,1.848851e-07,7.31400000000004e-10,7.38651062438706e-10,3.70578620464745e-13,1.56891304018357e-13,7.24439915032135e-14,3.46471263711021e-07
2660.106305,0.3297925,1.856175e-07,7.41449999999998e-10,7.39407289964042e-10,9.51119646943812e-13,1.2941188021717e-13,6.46485573344445e-14,3.09188752469082e-07
2670.1823522,0.3310417,1.86368e-07,7.46750000000007e-10,7.40553301732593e-10,8.6945080091406e-13,6.38083015130648e-14,5.32429054547651e-14,2.54639982609746e-07
2680.2640456,0.3322916,1.87111e-07,7.50350000000003e-10,7.4114619156587e-10,-7.22785223930429e-13,8.94424884012475e-15,4.41078485670063e-14,2.10950580103074e-07
2690.3505786,0.3335421,1.878687e-07,7.36999999999989e-10,7.39107731284733e-10,-1.79754821837138e-12,-1.13572901449861e-14,4.13579222807472e-14,1.97798758734008e-07
2700.4354984,0.3347924,1.88585e-07,7.30350000000006e-10,7.37551095129128e-10,-5.99885583523223e-13,-7.86520372754376e-15,4.2222011997916e-14,2.01931361729163e-07
2710.603498,0.336053,1.893294e-07,7.30000000000007e-10,7.37907960117686e-10,7.44197450147142e-13,2.58080475956907e-14,4.05505034507157e-14,1.93937190416466e-07
2720.6787386,0.3373021,1.90045e-07,7.29199999999991e-10,7.39039490029422e-10,1.46411408957146e-12,6.542993050724e-14,3.34662757471887e-14,1.60056101399598e-07
2730.7620452,0.3385522,1.907878e-07,7.56600000000003e-10,7.40836188296829e-10,1.47067669172917e-12,5.3795562770513e-14,2.34106806006728e-14,1.11964124611913e-07
2740.8413188,0.3398018,1.915582e-07,7.57300000000001e-10,7.4198084341288e-10,5.59823471723064e-13,-1.62030814903437e-14,1.60015267696916e-14,7.65290410724381e-08
2750.933498,0.341053,1.923024e-07,7.41599999999986e-10,7.41955835240275e-10,-6.87863680941323e-13,-6.78793311966856e-14,1.71039833617282e-14,8.18016595560914e-08
2761.007932,0.342302,1.930414e-07,7.37599999999995e-10,7.40605116050998e-10,-1.03220823798641e-12,-2.81440330917162e-14,2.90123583311497e-14,1.38754757235933e-07
2771.0936584,0.3435524,1.937776e-07,7.25950000000007e-10,7.39891418764302e-10,-4.69017652827891e-13,6.14634581188101e-14,4.60424550975875e-14,2.20203046118897e-07
2781.2422996,0.3448106,1.944933e-07,7.23300000000016e-10,7.39667080745342e-10,9.71502124877078e-13,1.30133497637208e-13,6.09274959955972e-14,2.91392372152856e-07
2791.344158,0.346063,1.952242e-07,7.50200000000001e-10,7.41834423014057e-10,2.31649231775044e-12,1.5060533628906e-13,7.13083497291757e-14,3.41039933487362e-07
2801.418592,0.347312,1.959937e-07,7.58399999999995e-10,7.44300065380843e-10,1.70373488068049e-12,9.58906711203213e-14,7.84601990462652e-14,3.75244430221268e-07
2811.5002854,0.3485619,1.96741e-07,7.54849999999995e-10,7.45241892775418e-10,-1.28407976460962e-13,1.2147198773491e-14,8.70745720622715e-14,4.16443605515212e-07
2821.5852052,0.3498122,1.975034e-07,7.44600000000003e-10,7.44043249427921e-10,-2.05492808107188e-12,6.605769856051e-15,1.02326519578997e-13,4.89387702334333e-07
2831.6572194,0.3510609,1.982302e-07,7.30800000000011e-10,7.41132036613274e-10,-1.59906015037707e-12,8.89501915230969e-14,1.22733860026027e-13,5.86988026211433e-07
2841.8284454,0.3523219,1.98965e-07,7.30399999999989e-10,7.40845129127167e-10,3.2500817260566e-13,1.95003590141101e-13,1.4071079826683e-13,6.729646873631e-07
2851.9020728,0.3535708,1.99691e-07,7.35749999999994e-10,7.41782052958485e-10,8.82698594312256e-13,2.66426136103529e-13,1.52849490506988e-13,7.31019302424725e-07
2861.9950586,0.3548221,2.004365e-07,7.50500000000004e-10,7.42610526315791e-10,1.23875449493244e-12,2.61269854614478e-13,1.60603118572117e-13,7.68101871431864e-07
2872.068686,0.356071,2.01192e-07,7.55149999999998e-10,7.4425956194835e-10,8.84390323634171e-13,1.79270639402323e-13,1.66284386161477e-13,7.95273151207064e-07
2882.159252,0.357322,2.019468e-07,7.63000000000005e-10,7.4437930696306e-10,-1.31185845047392e-12,7.20774787799782e-14,1.73522551835612e-13,8.29890465300753e-07
2892.2393322,0.3585717,2.02718e-07,7.41200000000017e-10,7.41635845047402e-10,-2.46024027459811e-12,4.55482310116104e-14,1.84899899683282e-13,8.84303868050479e-07
2902.3315114,0.3598229,2.034292e-07,7.18850000000007e-10,7.39458826413863e-10,-1.51162144491621e-12,1.26847457172966e-13,1.96430842541054e-13,9.39451855631128e-07
2912.491445,0.3610825,2.041557e-07,7.19049999999991e-10,7.3861260215757e-10,-5.27705132401848e-14,2.4269491213199e-13,2.02133157980277e-13,9.66723799036107e-07
2922.5642658,0.3623313,2.048673e-07,7.37149999999977e-10,7.39353285387383e-10,1.61663942464839e-12,3.14681388046256e-13,1.98570364920677e-13,9.49684353968455e-07
2932.660478,0.363583,2.0563e-07,7.57350000000011e-10,7.41845881006867e-10,2.40711016672135e-12,2.99988077907144e-13,1.84198406949936e-13,8.80948902804042e-07
2942.7252328,0.3648308,2.06382e-07,7.55750000000017e-10,7.44167505720826e-10,1.45491173586104e-12,1.8521031572255e-13,1.63692280987914e-13,7.82876126463936e-07
2952.821445,0.3660825,2.071415e-07,7.51999999999993e-10,7.44755704478589e-10,-2.56374632234352e-13,6.17910172698636e-14,1.47634102556906e-13,7.06076142663463e-07
2962.899912,0.367332,2.07886e-07,7.44049999999993e-10,7.43654756456357e-10,-1.5422033344242e-12,7.66227324597326e-14,1.41052242385626e-13,6.74597680974733e-07
2973.0622654,0.3685919,2.086296e-07,7.23699999999998e-10,7.4167129780974e-10,-1.33832134684513e-12,1.92004441096179e-13,1.39126324811016e-13,6.65386770835294e-07
2983.1512182,0.3698427,2.093334e-07,7.18900000000016e-10,7.40978113762667e-10,1.22372507355344e-12,2.72661347934233e-13,1.37414716752707e-13,6.57200819252077e-07
2993.228072,0.371092,2.100674e-07,7.42799999999998e-10,7.44118747956847e-10,3.39834096109821e-12,2.44263793769264e-13,1.341726590799e-13,6.41695326034304e-07
3003.3089588,0.3723418,2.10819e-07,7.64949999999985e-10,7.47774795684863e-10,2.22703497875152e-12,1.1009651049348e-13,1.27939733750474e-13,6.11885683154441e-07
3013.3858126,0.3735911,2.115973e-07,7.72500000000003e-10,7.4857281791435e-10,-8.07829355997936e-13,-3.91694096452459e-14,1.21466365589645e-13,5.80926096298302e-07
3023.4707324,0.3748414,2.12364e-07,7.65349999999993e-10,7.46159136972867e-10,-3.07790944753165e-12,-8.60794856101074e-14,1.23203563365046e-13,5.89234433485003e-07
3033.646798,0.376103,2.13128e-07,7.37249999999996e-10,7.42416999019287e-10,-2.81021575678381e-12,-1.4980665639653e-14,1.35020702473778e-13,6.45751185744156e-07
3043.7155858,0.3773513,2.138385e-07,7.14700000000001e-10,7.405387054593e-10,-2.93658058188574e-13,1.29189769871273e-13,1.50250286488854e-13,7.18588326685824e-07
3053.811798,0.378603,2.145574e-07,7.20349999999995e-10,7.4182968290291e-10,2.8485779666566e-12,2.74800653698789e-13,1.65271056411892e-13,7.90426791535136e-07
3063.8918782,0.3798527,2.152792e-07,7.38300000000019e-10,7.46235861392613e-10,4.36103301732633e-12,3.19253155443123e-13,1.78613381331437e-13,8.54237910715568e-07
3073.9630858,0.3811013,2.16034e-07,7.71150000000002e-10,7.50551748937562e-10,2.09084668192219e-12,2.32541600651615e-13,1.87440351791673e-13,8.96453856394958e-07
3084.0463924,0.3823514,2.168215e-07,7.7684999999998e-10,7.50417554756457e-10,-2.01732592350304e-12,1.19774914351263e-13,1.92717609830592e-13,9.21692916581092e-07
3094.1409914,0.3836029,2.175877e-07,7.47300000000003e-10,7.46517097090556e-10,-3.56709709055104e-12,1.24780587878371e-13,2.00364722383165e-13,9.58266063571659e-07
3104.2839864,0.3848604,2.183161e-07,7.16850000000018e-10,7.43283360575355e-10,-1.78604936253748e-12,2.26543585231048e-13,2.13405774528804e-13,1.02063631296385e-06
3114.387458,0.386113,2.190214e-07,7.15200000000014e-10,7.42944998365481e-10,7.45562275252396e-13,3.36722986332073e-13,2.27737648708632e-13,1.08918005904128e-06
3124.4546326,0.3873611,2.197465e-07,7.41749999999988e-10,7.4477448512586e-10,3.383246158875e-12,4.10872320456691e-13,2.35164709951348e-13,1.12470078672384e-06
3134.5419722,0.3886117,2.205049e-07,7.78599999999988e-10,7.49711490683231e-10,3.99687806472746e-12,3.78088801687878e-13,2.31924962778159e-13,1.10920634372163e-06
3144.626892,0.389862,2.213037e-07,7.93050000000009e-10,7.52768241255315e-10,5.00898986597329e-13,2.11707617042945e-13,2.22859565723174e-13,1.06585009693692e-06
3154.7037458,0.3911113,2.22091e-07,7.68150000000012e-10,7.50713288656426e-10,-2.88415331807944e-12,6.63135768780448e-14,2.15792219019224e-13,1.03204974313542e-06
3164.872552,0.392372,2.2284e-07,7.23749999999994e-10,7.46999934619156e-10,-3.61525008172764e-12,7.96429025143052e-14,2.14206832576926e-13,1.02446746015052e-06
3174.959085,0.3936225,2.235385e-07,7.02000000000002e-10,7.43482788492971e-10,-2.01860084995075e-12,1.71779275218904e-13,2.1857546179153e-13,1.04536090422036e-06
3185.045618,0.394873,2.24244e-07,7.22450000000003e-10,7.42962732919254e-10,8.77084014383687e-13,2.51207181695184e-13,2.26466183115408e-13,1.08309913663891e-06
3195.1232784,0.3961224,2.249834e-07,7.55899999999979e-10,7.45236956521738e-10,3.04800588427465e-12,2.73041084475518e-13,2.3169244933191e-13,1.10809432289174e-06
3205.2098114,0.3973729,2.257558e-07,7.71800000000005e-10,7.49058744687804e-10,2.50910428244483e-12,2.12819697259727e-13,2.31446846284373e-13,1.10691969962091e-06
3215.285052,0.398622,2.26527e-07,7.67750000000004e-10,7.50255165086628e-10,-1.16574043804973e-12,1.41372032415326e-13,2.31764340614224e-13,1.10843815076368e-06
3225.3546464,0.3998704,2.272913e-07,7.64100000000012e-10,7.46727263811704e-10,-3.77938868911212e-12,1.27765357809963e-13,2.42014027144917e-13,1.15745839069308e-06
3235.534745,0.4011325,2.280552e-07,7.22800000000002e-10,7.42696387708403e-10,-2.31092677345533e-12,1.99027965315817e-13,2.62274794208143e-13,1.25435771143025e-06
3245.6067592,0.4023812,2.287369e-07,7.09649999999972e-10,7.42105410264794e-10,1.58658058188905e-12,3.52962896286149e-13,2.86104844336858e-13,1.36832751639367e-06
3255.6892592,0.4036312,2.294745e-07,7.39549999999988e-10,7.45869548872182e-10,5.0899885583525e-12,4.83548222807356e-13,3.09579891277301e-13,1.48059948002187e-06
3265.7774054,0.4048819,2.30216e-07,7.56250000000017e-10,7.52285387381499e-10,5.30322000653777e-12,4.76020735630277e-13,3.27262750848497e-13,1.56516967797107e-06
3275.8550658,0.4061313,2.30987e-07,7.71250000000021e-10,7.56475988885257e-10,1.93098234717233e-12,3.63559584522705e-13,3.34958650597068e-13,1.60197615502946e-06
3285.951278,0.407383,2.317585e-07,7.78499999999996e-10,7.56147352075843e-10,-1.75566361555983e-12,2.59637306105755e-13,3.39849609384765e-13,1.62536769705757e-06
3296.1015324,0.4086414,2.32544e-07,7.69749999999993e-10,7.52964661654137e-10,-3.35406178489745e-12,2.28161952513358e-13,3.51216984718374e-13,1.67973340517483e-06
3306.1912918,0.4098923,2.33298e-07,7.24950000000019e-10,7.49439228506048e-10,-2.37700228832979e-12,3.00350066257087e-13,3.68513456514149e-13,1.76245566158941e-06
3316.2745984,0.4111424,2.339939e-07,7.0900000000001e-10,7.48210657077478e-10,6.12945406995349e-13,4.54541713556333e-13,3.86159282379954e-13,1.84684874181717e-06
3326.370004,0.412394,2.34716e-07,7.49049999999985e-10,7.50665119320039e-10,3.77030075187851e-12,5.62986277612493e-13,3.99088670980617e-13,1.90868494816817e-06
3336.444438,0.413643,2.35492e-07,7.80699999999983e-10,7.55751258581235e-10,3.12105263157876e-12,5.06736720359325e-13,4.03396648047901e-13,1.92928831675083e-06
3346.5043532,0.4148902,2.362774e-07,7.91899999999993e-10,7.56907224583197e-10,-6.3127656096816e-13,3.36005889584983e-13,4.01347486725878e-13,1.91948797999333e-06
3356.682032,0.416152,2.370758e-07,7.793e-10,7.54488705459299e-10,-2.53112945407197e-12,2.17994915002685e-13,4.00384455874592e-13,1.91488218026979e-06
3366.7669518,0.4174023,2.37836e-07,7.35600000000006e-10,7.51844965675053e-10,-2.74763811703206e-12,2.36632920884459e-13,4.04535777863455e-13,1.93473632891218e-06
3376.855098,0.418653,2.38547e-07,7.07450000000012e-10,7.48993429225234e-10,-1.43605753513983e-12,3.49310027847104e-13,4.13435049217767e-13,1.97729806147628e-06
3386.9384046,0.4199031,2.392509e-07,7.13299999999991e-10,7.48972850604773e-10,2.05721641059321e-12,5.08175821785354e-13,4.22314575098082e-13,2.01976535916474e-06
3397.012032,0.421152,2.399736e-07,7.47049999999996e-10,7.53107862046421e-10,4.98091696632889e-12,6.10391196515168e-13,4.24981951796064e-13,2.03252237815509e-06
3407.086466,0.422401,2.40745e-07,7.88699999999992e-10,7.58934684537431e-10,3.48055737169066e-12,5.49597207489163e-13,4.21700794490312e-13,2.0168298866928e-06
3417.177032,0.423652,2.41551e-07,7.9899999999998e-10,7.60068976789802e-10,-1.26380353056436e-12,4.15127594827763e-13,4.18769924809768e-13,2.0028126838728e-06
3427.332126,0.424911,2.42343e-07,7.66800000000012e-10,7.56407077476302e-10,-3.21226708074511e-12,3.36484315857845e-13,4.19110779735086e-13,2.00444285960259e-06
3437.422692,0.426162,2.430846e-07,7.31850000000021e-10,7.53644442628312e-10,-1.54816933638456e-12,3.53141246197981e-13,4.23006543457459e-13,2.02307477305741e-06
3447.5108382,0.4274127,2.438067e-07,7.31700000000007e-10,7.53310738803533e-10,1.48121935272945e-12,4.30810827603223e-13,4.32490986001594e-13,2.06843515044241e-06
3457.5941448,0.4286628,2.44548e-07,7.44649999999999e-10,7.56606881333771e-10,4.14454069957442e-12,5.08684283757504e-13,4.44412566863853e-13,2.12545140674017e-06
3467.6830976,0.4299136,2.45296e-07,7.65000000000021e-10,7.61599820202682e-10,3.57330009807088e-12,5.20497329983503e-13,4.50852028406359e-13,2.15624883150867e-06
3477.744626,0.431161,2.46078e-07,7.93099999999992e-10,7.63753481529913e-10,3.99370709383067e-13,4.22031315563879e-13,4.50262984745781e-13,2.15343166617547e-06
3487.9134322,0.4324217,2.468822e-07,7.89449999999986e-10,7.62398561621448e-10,-2.96006047727873e-12,3.00967641739753e-13,4.47651045934047e-13,2.14093978490196e-06
3498.0056114,0.4336729,2.476569e-07,7.55499999999997e-10,7.57833360575355e-10,-4.03796175220773e-12,2.82282411382528e-13,4.454991431573e-13,2.1306480759697e-06
3508.0792388,0.4349218,2.483932e-07,7.24749999999995e-10,7.54322638117032e-10,-1.24050343249699e-12,3.95848911215186e-13,4.44722706989903e-13,2.12693468560388e-06
3518.1665784,0.4361724,2.491064e-07,7.284e-10,7.55352353710361e-10,2.91149068322783e-12,5.53822592956284e-13,4.47551415005839e-13,2.14046328915836e-06
3528.253918,0.437423,2.4985e-07,7.55000000000009e-10,7.60145619483488e-10,4.19074043805133e-12,6.20881738066028e-13,4.49468710182954e-13,2.14963296174456e-06
3538.324319,0.4386715,2.506164e-07,7.73950000000008e-10,7.63733834586464e-10,1.71747303040411e-12,5.39256375911439e-13,4.41037056628758e-13,2.10930766213754e-06
3548.406819,0.4399215,2.513979e-07,7.86749999999986e-10,7.63580565544296e-10,-1.13626185027574e-12,4.03389335651302e-13,4.23240277168561e-13,2.0241926299366e-06
3558.5627196,0.4411806,2.521899e-07,7.72000000000002e-10,7.61461310885912e-10,-3.00040045766623e-12,3.27005455077641e-13,4.04550904805749e-13,1.93480867515793e-06
3568.664578,0.442433,2.529419e-07,7.52400000000001e-10,7.57579764628964e-10,-3.12555573716906e-12,3.28414266457281e-13,3.9012645186782e-13,1.86582216110697e-06
3578.72288,0.44368,2.536947e-07,7.45550000000008e-10,7.55210199411574e-10,2.67097090553388e-13,4.07799980786695e-13,3.8009224286496e-13,1.8178324658759e-06
3588.8190922,0.4449317,2.54433e-07,7.44149999999985e-10,7.58113958810071e-10,4.62078293559947e-12,5.02041142497701e-13,3.70274410169202e-13,1.77087761385271e-06
3598.9007856,0.4461816,2.55183e-07,7.71999999999976e-10,7.64451765282773e-10,5.28313174239939e-12,4.75825908521233e-13,3.53771608414829e-13,1.69195117067962e-06
3608.9792526,0.4474311,2.55977e-07,7.8585000000003e-10,7.68680222294869e-10,1.97236842105346e-12,3.23158561258861e-13,3.25410219194966e-13,1.55630974397592e-06
3619.149672,0.448692,2.567547e-07,7.7705000000003e-10,7.6839650212488e-10,-1.5372180451132e-12,1.85976269466755e-13,2.87858190378719e-13,1.37671308441996e-06
3629.2224928,0.4499408,2.575311e-07,7.52400000000001e-10,7.65605786204643e-10,-2.9107714939537e-12,1.14003296890569e-13,2.51413165274559e-13,1.20241079044354e-06
3639.322738,0.451193,2.582595e-07,7.41949999999998e-10,7.62574959136973e-10,-2.0766672115066e-12,9.48438671574174e-14,2.26061278110595e-13,1.08116263444198e-06
3649.3963654,0.4524419,2.59015e-07,7.47699999999972e-10,7.6145245178163e-10,9.54486760380711e-13,1.68790916478704e-13,2.12089322818406e-13,1.01434023956629e-06
3659.4804786,0.4536921,2.597549e-07,7.58999999999987e-10,7.64483932657734e-10,3.79400130761702e-12,2.96722213035927e-13,2.00124886900158e-13,9.57119024305103e-07
3669.554106,0.454941,2.60533e-07,7.93050000000022e-10,7.69040454396864e-10,3.24440993788658e-12,3.37618902995408e-13,1.86289423352959e-13,8.90949416035891e-07
3679.7245254,0.4562019,2.61341e-07,8.06500000000002e-10,7.70972752533507e-10,1.57240928406206e-13,2.45454199371684e-13,1.66022389290442e-13,7.94020122693418e-07
3689.807832,0.457452,2.62146e-07,7.83500000000002e-10,7.69354936253676e-10,-2.43937561294507e-12,1.09386950945782e-13,1.41565821969161e-13,6.77053931156857e-07
3699.8854924,0.4587014,2.62908e-07,7.45850000000011e-10,7.66094001307617e-10,-2.38131742399489e-12,1.2550852536485e-14,1.17844981142202e-13,5.63606431549662e-07
3709.9567,0.45995,2.636377e-07,7.35649999999989e-10,7.64592301405686e-10,-2.54127165741284e-13,8.45631442371453e-15,1.01725183911761e-13,4.86511749143205e-07
3720.0529122,0.4612017,2.643793e-07,7.47649999999976e-10,7.65585746976134e-10,2.02338999673307e-12,1.03050597509491e-13,9.75310562831192e-14,4.66452877875787e-07
3730.1273462,0.4624507,2.65133e-07,7.66450000000013e-10,7.68639081399153e-10,2.52614416476201e-12,2.07776792928202e-13,1.00265717590186e-13,4.79531692822629e-07
3740.220332,0.463702,2.659122e-07,7.93300000000029e-10,7.70638035305659e-10,3.09275907158481e-13,2.35730349507881e-13,1.01543500193327e-13,4.85642827011564e-07
3750.383492,0.464962,2.667196e-07,7.99949999999985e-10,7.6925763321347e-10,-2.71434292252571e-12,1.62586498087214e-13,9.99944941285725e-14,4.78234537136651e-07
3760.465992,0.466212,2.675121e-07,7.70699999999971e-10,7.65209349460607e-10,-4.23748774109275e-12,4.21352683741729e-14,9.79755407122008e-14,4.68578672971395e-07
3770.5541382,0.4674627,2.68261e-07,7.34849999999998e-10,7.60782657731284e-10,-2.3779830009806e-12,-7.25548165970594e-15,9.83480343466612e-14,4.7036016426664e-07
3780.622926,0.468711,2.689818e-07,7.36500000000028e-10,7.60453383458646e-10,1.78449656750523e-12,7.50541123348969e-14,1.08117317706556e-13,5.17082823813963e-07
3790.7126854,0.4699619,2.69734e-07,7.65200000000031e-10,7.64351650866295e-10,4.73156260215761e-12,1.09925388698673e-13,1.33773284956427e-13,6.39785275878564e-07
3800.7903458,0.4712113,2.705122e-07,7.80849999999971e-10,7.69916508662961e-10,3.63449656750662e-12,1.50909330126977e-13,1.72995022083382e-13,8.27367496920523e-07
3810.9526992,0.4724712,2.712957e-07,7.89449999999986e-10,7.71620644001308e-10,-2.74051977770066e-13,1.98005936614916e-13,2.18003110631275e-13,1.04262357258436e-06
3821.049718,0.473723,2.720911e-07,7.83650000000017e-10,7.69368404707421e-10,-2.95635828702251e-12,2.51215208162285e-13,2.64053363228929e-13,1.26286391109488e-06
3831.132218,0.474973,2.72863e-07,7.5414999999997e-10,7.65707927427263e-10,-3.56105753514317e-12,3.10537144768876e-13,3.11053673020645e-13,1.48764800140308e-06
3841.2090718,0.4762223,2.735994e-07,7.32599999999989e-10,7.62246289637135e-10,-1.03966165413485e-12,3.75971746435103e-13,3.63472283259368e-13,1.7383457025448e-06
3851.2867322,0.4774717,2.743282e-07,7.48350000000027e-10,7.63628604118993e-10,3.20181431840568e-12,4.47519013160345e-13,4.28323530258159e-13,2.04850384036511e-06
3861.3660058,0.4787213,2.750961e-07,7.80400000000006e-10,7.68649918273946e-10,4.67067669172906e-12,5.25178944945844e-13,5.08587474888045e-13,2.43237487989935e-06
3871.4485058,0.4799713,2.75889e-07,8.01749999999976e-10,7.72969957502451e-10,2.52491827394518e-12,6.08951541789944e-13,6.01199307422949e-13,2.87530103550106e-06
3881.6124724,0.4812314,2.766996e-07,7.97300000000007e-10,7.73699754821836e-10,-3.59447531872465e-13,6.98836803693887e-13,6.9936108390011e-13,3.3447704012614e-06
3891.699812,0.482482,2.774836e-07,7.75200000000016e-10,7.72251062438706e-10,-1.61171134357424e-12,7.94834730656846e-13,7.9745277869899e-13,3.81390459377778e-06
3901.7895714,0.4837329,2.7825e-07,7.36599999999994e-10,7.70476332134688e-10,-1.7075187969921e-12,8.96945322680061e-13,8.96945322679436e-13,4.28973849977122e-06
3911.868845,0.4849825,2.789568e-07,7.38150000000005e-10,7.68836024844722e-10,-2.58981693364924e-13,1.00516857976146e-12,1.00516857976178e-12,4.80732799016503e-06
3921.963444,0.486234,2.797263e-07,7.63999999999993e-10,7.69958368747958e-10,2.09289800588518e-12,1.11950450190354e-12,1.11950450190354e-12,5.35415196562563e-06
3932.0152932,0.4874802,2.804848e-07,7.8804999999999e-10,7.73021820856492e-10,2.42172070492744e-12,1.2399530891038e-12,1.23995308910463e-12,5.93021042615258e-06
3942.1881324,0.4887414,2.813024e-07,8.14100000000015e-10,7.74801810157813e-10,1.8167318493869e-12,1.36651434136473e-12,1.36651434136473e-12,6.53550337174436e-06
3952.283538,0.489993,2.82113e-07,7.94800000000017e-10,7.76655284555266e-10,1.89021694552478e-12,1.49918825868385e-12,1.49918825868426e-12,7.17003080240298e-06
3962.357972,0.491242,2.82892e-07,7.68999999999999e-10,7.78582244048862e-10,1.96370204166435e-12,1.63797484106364e-12,1.63797484106364e-12,7.83379271813045e-06
3972.440472,0.492492,2.83651e-07,7.52949999999984e-10,7.80582688638595e-10,2.03718713780393e-12,1.78287408850244e-12,1.78287408850203e-12,8.52678911892275e-06
3982.518939,0.4937415,2.843979e-07,7.51149999999993e-10,7.8265661832447e-10,2.11067223394351e-12,1.93388600100026e-12,1.93388600099985e-12,9.24902000478189e-06
3992.6022456,0.4949916,2.851533e-07,7.60549999999998e-10,7.84804033106482e-10,2.1841573300864e-12,2.09101057855793e-12,2.09101057855751e-12,1.00004853757098e-05
4002.7710518,0.4962523,2.85919e-07,7.85850000000003e-10,7.87024932984643e-10,2.25764242622598e-12,2.25424782117419e-12,2.25424782117419e-12,1.07811852317026e-05
4012.8527452,0.4975022,2.86725e-07,8.13800000000012e-10,7.89319317958934e-10,2.33112752236059e-12,2.42359772885113e-12,2.42359772885154e-12,1.15911195727682e-05
4022.921533,0.4987505,2.875466e-07,8.08200000000001e-10,7.91687188029364e-10,2.40461261850017e-12,2.59906030158625e-12,2.59906030158708e-12,1.24302883988947e-05
4033.0209716,0.5000026,2.883414e-07,7.94799999999991e-10,7.94128543195934e-10,2.44135516656996e-12,2.78063553938163e-12,2.78063553938204e-12,1.3298691710088e-05
