wvnmbr,Voltage,Current,DerivativeY1,DerivativeY1_1,DerivativeY2,DerivativeY2_1,DerivativeY2_2,Alpha
-4032.979835,-0.4999975,-4.33952e-07,1.35116666666707e-09,1.30693056628062e-09,-1.38072147778084e-11,-1.51325425568387e-11,-1.53191892685389e-11,NaN
-4022.87985866667,-0.498745333333333,-4.32600833333333e-07,1.36566666666651e-09,1.29312335150281e-09,-1.35461333181974e-11,-1.43054516321934e-11,-1.44489536372976e-11,NaN
-4012.818868,-0.497498,-4.31220666666667e-07,1.31491666666649e-09,1.27983829964422e-09,-1.30239703989755e-11,-1.35021480185554e-11,-1.36052511802533e-11,NaN
-4002.74577833334,-0.496249166666667,-4.29971e-07,1.2583333333335e-09,1.26707541070486e-09,-1.25018074797535e-11,-1.27226317159248e-11,-1.2788081897406e-11,NaN
-3992.573208,-0.494988,-4.28704e-07,1.20849999999998e-09,1.25483468468471e-09,-1.19796445605314e-11,-1.19669027243014e-11,-1.19974457887557e-11,NaN
-3982.490708,-0.493738,-4.27554e-07,1.16816666666654e-09,1.24311612158379e-09,-1.14574816413094e-11,-1.12349610436853e-11,-1.12333428543024e-11,NaN
-3972.41089666666,-0.492488333333333,-4.26367666666667e-07,1.18350000000001e-09,1.23191972140209e-09,-1.09353187220874e-11,-1.05268066740765e-11,-1.0495773094046e-11,NaN
-3962.309576,-0.491236,-4.25187e-07,1.20833333333347e-09,1.22124548413962e-09,-1.04131558028655e-11,-9.84243961547507e-12,-9.78473650798674e-12,NaN
-3952.223043,-0.4899855,-4.23951e-07,1.17175e-09,1.21109340979636e-09,-9.89099288364335e-12,-9.18185986788088e-12,-9.10023309612443e-12,NaN
-3942.152642,-0.488737,-4.228435e-07,1.14391666666651e-09,1.20146349837233e-09,-9.36882996442141e-12,-8.545067431294e-12,-8.44226285845913e-12,NaN
-3931.997548,-0.487478,-4.21663166666667e-07,1.28875000000003e-09,1.19235574986752e-09,-8.84666704519947e-12,-7.93206230571442e-12,-7.81082579499083e-12,NaN
-3921.06139633334,-0.486122166666667,-4.20266e-07,1.26608333333353e-09,1.18377016428193e-09,-8.32450412597733e-12,-7.34284449114213e-12,-7.20592190571952e-12,NaN
-3910.93991066667,-0.484867333333333,-4.19131e-07,1.14216666666648e-09,1.17570674161557e-09,-7.80234120675528e-12,-6.77741398757714e-12,-6.62755119064523e-12,NaN
-3901.04696166667,-0.483640833333333,-4.17981666666667e-07,1.06024999999996e-09,1.16816548186842e-09,-7.28017828753324e-12,-6.23577079501945e-12,-6.07571364976793e-12,NaN
-3891.71459966667,-0.482483833333333,-4.170105e-07,1.05166666666698e-09,1.1611463850405e-09,-6.7580153683113e-12,-5.71791491346906e-12,-5.55040928308764e-12,NaN
-3881.637477,-0.4812345,-4.15878333333333e-07,1.24975000000001e-09,1.1546494511318e-09,-6.23585244908936e-12,-5.22384634292597e-12,-5.05163809060435e-12,NaN
-3870.889532,-0.479902,-4.14511e-07,1.25800000000005e-09,1.14867468014232e-09,-5.71368952986722e-12,-4.75356508339018e-12,-4.57940007231807e-12,NaN
-3861.11354,-0.47869,-4.13362333333333e-07,1.1165833333335e-09,1.14322207207207e-09,-4.02372418253918e-12,-4.30707113486168e-12,-4.13369522822878e-12,NaN
-3851.256888,-0.477468,-4.12277833333333e-07,1.11266666666649e-09,1.14062723177724e-09,-1.89598982098342e-12,-3.74891959298747e-12,-3.6915072220377e-12,NaN
-3841.125992,-0.476212,-4.11137e-07,1.1659166666665e-09,1.1394300924301e-09,-3.19957294963972e-13,-3.36078636327541e-12,-3.27894144122851e-12,NaN
-3831.043492,-0.474962,-4.09946e-07,1.11750000000001e-09,1.13998731718731e-09,-5.77111852112772e-13,-3.01549563096889e-12,-2.9001255691866e-12,NaN
-3820.993256,-0.473716,-4.08902e-07,1.05825000000002e-09,1.13827586872587e-09,-1.88464958464731e-12,-2.53852122697446e-12,-2.55712266540517e-12,NaN
-3810.93226533334,-0.472468666666667,-4.078295e-07,1.15849999999998e-09,1.13621801801802e-09,-2.05227272727733e-12,-2.13420913072378e-12,-2.2477589673356e-12,NaN
-3800.77986,-0.47121,-4.06585e-07,1.22024999999999e-09,1.13417132327132e-09,-1.54756639757352e-12,-1.84118209242978e-12,-1.97138994781301e-12,NaN
-3790.705426,-0.469961,-4.05389e-07,1.14208333333349e-09,1.13312288522287e-09,-4.32335907338475e-13,-1.45183532562187e-12,-1.72785155878372e-12,NaN
-3780.606794,-0.468709,-4.04300833333333e-07,1.098e-09,1.13330665145664e-09,-2.08053995553489e-12,-1.10752252850157e-12,-1.51890144873293e-12,NaN
-3770.516228,-0.467458,-4.03193e-07,1.06908333333301e-09,1.1289618053118e-09,-5.53308763308119e-12,-9.11715189356639e-13,-1.33997643593276e-12,NaN
-3760.457926,-0.466211,-4.02162666666667e-07,1.09991666666648e-09,1.12224047619048e-09,-3.02171229671187e-12,-7.91178823973232e-13,-1.18135461002124e-12,NaN
-3750.383492,-0.464962,-4.00993166666667e-07,1.15633333333352e-09,1.12291838071838e-09,2.03162805662566e-12,-7.86556174401231e-13,-1.04727738816959e-12,NaN
-3740.20285566666,-0.463699833333333,-3.9985e-07,1.15708333333351e-09,1.12630373230373e-09,2.4064818064807e-12,-8.20151960608172e-13,-9.48095954510909e-13,NaN
-3730.097502,-0.462447,-3.98679e-07,1.17099999999998e-09,1.12773134433134e-09,-1.02306657307053e-12,-8.30734952747633e-13,-8.84108422453369e-13,NaN
-3720.04457733334,-0.461200666666667,-3.97508e-07,1.15999999999999e-09,1.12425759915759e-09,-4.09365859366072e-12,-8.67602741463084e-13,-8.44173470242499e-13,NaN
-3709.95401133334,-0.459949666666667,-3.96359e-07,1.08200000000001e-09,1.11954402714402e-09,-1.47414004913425e-12,-8.5293472707852e-13,-8.16650689180627e-13,NaN
-3699.8742,-0.4587,-3.95344e-07,1.07325000000001e-09,1.12130931905932e-09,1.26150403650668e-12,-8.22835268657054e-13,-8.03583617933764e-13,NaN
-3689.775568,-0.457448,-3.942125e-07,1.09550000000001e-09,1.12206703521703e-09,-1.06184333684362e-12,-9.07566865562345e-13,-8.0792983011232e-13,NaN
-3679.72264333334,-0.456201666666667,-3.93153e-07,1.13024999999999e-09,1.11918563238563e-09,-2.22740727740423e-12,-1.02063361066348e-12,-8.25772246735353e-13,NaN
-3669.54738433334,-0.454940166666667,-3.91952e-07,1.163e-09,1.11761222066222e-09,8.3257868258046e-13,-1.1041580593137e-12,-8.48256246189249e-13,NaN
-3659.44203066666,-0.453687333333333,-3.90827e-07,1.11874999999999e-09,1.12085078975079e-09,1.63748976248945e-12,-1.11156969024239e-12,-8.82956167306928e-13,NaN
-3649.30710166666,-0.452430833333333,-3.897145e-07,1.14749999999999e-09,1.1208872001872e-09,-2.10400432900823e-12,-1.06587314591839e-12,-9.2697628629653e-13,NaN
-3639.290474,-0.451189,-3.88532e-07,1.12625000000001e-09,1.11664278109278e-09,-1.59635544636172e-12,-1.05775816338603e-12,-9.59097112679124e-13,NaN
-3629.20931833334,-0.449939166666667,-3.87462e-07,1.08600000000001e-09,1.11769448929448e-09,9.79700479680836e-14,-1.05214795212998e-12,-9.78906383392303e-13,NaN
-3619.085144,-0.448684,-3.8636e-07,1.06808333333349e-09,1.11683872118871e-09,-3.2929302679202e-12,-1.03103754011799e-12,-9.91639620664901e-13,NaN
-3608.982479,-0.4474315,-3.85325833333333e-07,1.05783333333347e-09,1.11110862875864e-09,-3.96578039077331e-12,-9.32315634776673e-13,-9.78732770066853e-13,NaN
-3598.871748,-0.446178,-3.84244333333333e-07,1.12891666666652e-09,1.10890716040717e-09,-2.01910904411363e-12,-8.97581749263165e-13,-9.37117820814626e-13,NaN
-3588.752951,-0.4449235,-3.83068e-07,1.16583333333301e-09,1.10707041067041e-09,-1.37906282906802e-12,-1.08325314431109e-12,-8.78445824806313e-13,NaN
-3578.61130033334,-0.443666166666667,-3.81912666666667e-07,1.17150000000002e-09,1.10614903474903e-09,5.91371241363591e-13,-1.17796895722798e-12,-8.06218104434107e-13,NaN
-3568.39167833334,-0.442399166666667,-3.80725e-07,1.1328333333335e-09,1.10825315315314e-09,1.11304551304795e-12,-9.81226750127804e-13,-7.27807829780366e-13,NaN
-3558.372362,-0.441157,-3.79647e-07,1.06741666666646e-09,1.10837512577513e-09,1.49979524989939e-13,-6.68100125899073e-13,-6.45984404738738e-13,NaN
-3548.176938,-0.439893,-3.78590166666667e-07,1.076e-09,1.10855311220312e-09,2.20176670175243e-13,-5.11746701070897e-13,-5.58376423614593e-13,NaN
-3538.062174,-0.438639,-3.77495e-07,1.05883333333352e-09,1.10881547911548e-09,-1.75488182988672e-12,-5.78179136912055e-13,-4.69252791283627e-13,NaN
-3528.03882466666,-0.437396333333333,-3.764725e-07,1.09991666666648e-09,1.10504334854335e-09,-3.33217795717824e-12,-5.68873932804899e-13,-3.74474470671147e-13,NaN
-3517.776184,-0.436124,-3.75295166666667e-07,1.17233333333348e-09,1.10215112320112e-09,-1.79980694980273e-12,-4.3277167774172e-13,-2.68092332760821e-13,NaN
-3507.935664,-0.434904,-3.74127833333333e-07,1.14483333333352e-09,1.10144373464374e-09,-4.39338364335235e-13,-3.14874136169707e-13,-1.58696210085036e-13,NaN
-3497.974154,-0.433669,-3.730055e-07,1.11041666666653e-09,1.10127244647245e-09,8.85655785651146e-13,-1.75749806687137e-13,-5.3369114019301e-14,NaN
-3487.891654,-0.432419,-3.71907e-07,1.0449166666665e-09,1.10321504621504e-09,1.31134608634195e-12,1.04785816070788e-13,4.34661714090662e-14,NaN
-3477.728494,-0.431159,-3.70915666666667e-07,1.0585e-09,1.10389513864513e-09,5.49458874461376e-13,4.06142397725806e-13,1.28916783855417e-13,NaN
-3467.63927233334,-0.429908166666667,-3.6979e-07,1.0763333333335e-09,1.10431396396397e-09,4.76696501699401e-13,4.59864280480282e-13,2.02913655808633e-13,NaN
-3457.563494,-0.428659,-3.68763e-07,1.0340833333335e-09,1.10484853164853e-09,4.73110448106897e-13,5.24824241717165e-13,2.63400869464048e-13,NaN
-3447.46620633334,-0.427407166666667,-3.67721833333333e-07,1.1565e-09,1.10526018486018e-09,7.74356499360039e-13,6.88039685420087e-13,3.09457944927398e-13,NaN
-3437.38101766667,-0.426156833333333,-3.6645e-07,1.23491666666648e-09,1.10639724464725e-09,4.35916110923365e-13,5.81971095713898e-13,3.38194004061087e-13,NaN
-3427.29314033334,-0.424906166666667,-3.65252e-07,1.13033333333349e-09,1.10613201708203e-09,4.7938165437716e-13,3.88540616760779e-13,3.52289446840559e-13,NaN
-3417.13939066666,-0.423647333333333,-3.64189333333333e-07,1.0814166666665e-09,1.10735600795601e-09,1.7601234351196e-12,3.3339360666806e-13,3.51982084006978e-13,NaN
-3407.05957933334,-0.422397666666667,-3.63089166666667e-07,1.07116666666651e-09,1.10965226395227e-09,1.72325962325937e-12,2.95529385488791e-13,3.24195934552034e-13,NaN
-3396.99321133334,-0.421149666666667,-3.62047e-07,1.04541666666702e-09,1.11080252720253e-09,3.91763191761922e-13,3.09074271788507e-13,2.6780090552464e-13,NaN
-3386.88785766666,-0.419896833333333,-3.60998333333333e-07,1.0929166666665e-09,1.11043579033579e-09,-1.18089095589222e-12,3.31720696777734e-13,1.98996150671274e-13,NaN
-3376.8309,-0.41865,-3.59861166666667e-07,1.12016666666649e-09,1.10844074529074e-09,-7.78366678369344e-13,2.95583893211053e-13,1.31157120341569e-13,NaN
-3366.716136,-0.417396,-3.58758e-07,1.1280833333335e-09,1.10887905697905e-09,8.75143325141016e-13,3.02805395048122e-13,5.86518599699208e-14,NaN
-3356.641702,-0.416147,-3.57605e-07,1.15750000000003e-09,1.11019103194102e-09,1.48699251198777e-12,2.34983156130497e-13,-3.41713919597329e-14,NaN
-3346.486608,-0.414888,-3.56443e-07,1.12900000000001e-09,1.11185304200303e-09,1.89083596583788e-12,-1.10175028725711e-14,-1.46426096225009e-13,NaN
-3336.42024,-0.41364,-3.55347e-07,1.09316666666648e-09,1.1139727038727e-09,4.99596349606488e-13,-2.65095728600021e-13,-2.68539504944094e-13,NaN
-3326.32698533334,-0.412388666666667,-3.54256666666667e-07,1.11399999999999e-09,1.11285223470224e-09,-1.67468702468868e-12,-4.90269678698488e-13,-3.92510797450128e-13,NaN
-3316.22969766667,-0.411136833333333,-3.53119e-07,1.10833333333349e-09,1.11062332982332e-09,-2.58280975781931e-12,-6.78937886572433e-13,-5.10046160220002e-13,NaN
-3306.17274,-0.40989,-3.5204e-07,1.10125000000001e-09,1.1076866151866e-09,-2.46210366210792e-12,-7.86488256683858e-13,-6.11312896112371e-13,NaN
-3296.09024,-0.40864,-3.509165e-07,1.1476666666665e-09,1.10569912249911e-09,-7.67520767517837e-13,-8.65724707513238e-13,-6.93368830404503e-13,NaN
-3285.90557066666,-0.407377333333333,-3.49744666666667e-07,1.14224999999998e-09,1.10615157365156e-09,-1.10337252836424e-12,-9.54438917498957e-13,-7.69920580825539e-13,NaN
-3275.85130166666,-0.406130833333333,-3.48632e-07,1.1088333333335e-09,1.10349237744238e-09,-2.15928980928344e-12,-1.0503248611526e-12,-8.38097014481933e-13,NaN
-3265.737882,-0.404877,-3.47527e-07,1.0574166666665e-09,1.101832994033e-09,1.84377559376061e-13,-1.07753520609007e-12,-8.85653478725323e-13,NaN
-3255.66479233334,-0.403628166666667,-3.46517166666667e-07,1.05083333333351e-09,1.10386113256113e-09,8.25903825905778e-13,-1.07486662951608e-12,-9.24159547491642e-13,NaN
-3245.580948,-0.402378,-3.45425333333333e-07,1.06908333333352e-09,1.10348480168481e-09,-1.23369310869105e-12,-1.12750552957888e-12,-9.58656132071052e-13,NaN
-3235.51189133334,-0.401129666666667,-3.44379e-07,1.083833333333e-09,1.10139374634375e-09,-1.82078799579473e-12,-1.12240144197936e-12,-9.81758247040269e-13,NaN
-3225.33663233334,-0.399868166666667,-3.43257666666667e-07,1.1355e-09,1.09984322569322e-09,-1.53133555633133e-12,-1.02481221707007e-12,-9.946419779891e-13,NaN
-3215.25950966667,-0.398618833333333,-3.42108e-07,1.1578333333335e-09,1.09833107523109e-09,-1.24017784017224e-12,-9.78152305322677e-13,-9.97459135299173e-13,NaN
-3205.162222,-0.397367,-3.40942e-07,1.14166666666647e-09,1.09736287001288e-09,-7.80414180420515e-13,-1.05677727736105e-12,-9.85524028937234e-13,NaN
-3195.099887,-0.3961195,-3.39824666666667e-07,1.08599999999999e-09,1.09677024687024e-09,-1.84980987480666e-12,-1.10710642694415e-12,-9.56582583698167e-13,NaN
-3184.997222,-0.394867,-3.3877e-07,1.02233333333352e-09,1.09366325026326e-09,-2.73992043991646e-12,-9.85373591352284e-13,-9.06514671694949e-13,NaN
-3174.94429733334,-0.393620666666667,-3.3778e-07,1.02425e-09,1.09129040599041e-09,-1.24892067392898e-12,-7.60678020605874e-13,-8.37409325102002e-13,NaN
-3164.852387,-0.3923695,-3.367215e-07,1.08066666666651e-09,1.0911654089154e-09,-2.7482449983183e-13,-5.44234893565865e-13,-7.61766616238395e-13,NaN
-3154.677128,-0.391108,-3.35618666666667e-07,1.14824999999999e-09,1.09074075699075e-09,2.74514449517188e-13,-4.4892723993003e-13,-6.84714690416734e-13,NaN
-3144.58387333334,-0.389856666666667,-3.34425e-07,1.1623333333335e-09,1.09171443781444e-09,1.19100561602095e-12,-4.75914096780138e-13,-6.0804312165988e-13,NaN
-3134.072531,-0.3885535,-3.33294e-07,1.11650000000001e-09,1.09312276822279e-09,4.43664443677136e-13,-5.37046656270916e-13,-5.36249738445821e-13,NaN
-3123.977932,-0.387302,-3.32192e-07,1.093e-09,1.09260176670179e-09,-5.50432900439248e-13,-5.64960056719102e-13,-4.67623789340208e-13,NaN
-3113.951894,-0.386059,-3.31108e-07,1.031e-09,1.09202190242191e-09,-1.68585468599796e-13,-4.43768992242702e-13,-3.98204731263144e-13,NaN
-3104.127506,-0.384841,-3.3013e-07,1.025e-09,1.09226459576459e-09,3.57815607814044e-13,-3.09988572468543e-13,-3.31449659176811e-13,NaN
-3093.980478,-0.383583,-3.29058e-07,1.1115e-09,1.09273753363754e-09,-5.80750555750335e-13,-2.94056217057109e-13,-2.73575363788696e-13,NaN
-3083.926209,-0.3823365,-3.27907e-07,1.13699999999999e-09,1.09110309465309e-09,-1.50988650989034e-12,-2.46544829258225e-13,-2.20005582811394e-13,NaN
-3073.823544,-0.381084,-3.26784e-07,1.11949999999999e-09,1.08971776061776e-09,-1.55522405493774e-14,-1.83067490505422e-13,-1.66743610436185e-13,NaN
-3063.757176,-0.379836,-3.25668e-07,1.11725e-09,1.09107199017199e-09,5.95194220195616e-13,-1.66960525252985e-13,-1.23723960888486e-13,NaN
-3053.682742,-0.378587,-3.245495e-07,1.08800000000002e-09,1.09090814905815e-09,-8.36708786706982e-13,-9.95757696499364e-14,-9.17238349580872e-14,NaN
-3043.632506,-0.377341,-3.23492e-07,1.03824999999999e-09,1.08939857259858e-09,-5.61457236450305e-13,5.76201346643788e-14,-5.9483092895094e-14,NaN
-3033.614534,-0.376099,-3.22473e-07,1.04750000000001e-09,1.08978523458525e-09,1.06673101673028e-12,1.61870786902444e-13,-2.85058890268419e-14,NaN
-3023.42448733334,-0.374835666666667,-3.21397e-07,1.054e-09,1.09153203463204e-09,1.1571077571016e-12,1.72317607022798e-13,-1.10114116184053e-14,NaN
-3013.308379,-0.3735815,-3.20365e-07,1.12516666666649e-09,1.09209945009945e-09,-8.38884988883174e-13,1.23155682269944e-13,-1.05326806183799e-14,NaN
-3003.278308,-0.372338,-3.19146666666667e-07,1.1635833333335e-09,1.08985426465427e-09,-2.43859541359216e-12,1.99396603421452e-14,-1.63601674097741e-14,NaN
-2993.19043066666,-0.371087333333333,-3.18037833333333e-07,1.10641666666701e-09,1.08722225927227e-09,-1.56782789283254e-12,-3.58846188299886e-14,-1.70575689740265e-14,NaN
-2983.105242,-0.369837,-3.16933833333333e-07,1.08025000000001e-09,1.08671860886861e-09,4.46346671337853e-13,-6.36763079457544e-14,-1.26607722783512e-14,NaN
-2973.02005333334,-0.368586666666667,-3.15877333333333e-07,1.06341666666648e-09,1.08811495261494e-09,1.65668948168812e-12,-1.01940045510912e-13,-1.30449262271565e-14,NaN
-2962.859582,-0.367327,-3.14807e-07,1.03958333333299e-09,1.09003198783199e-09,1.79208494209264e-12,-6.49192910689353e-14,-2.57477198884312e-14,NaN
-2952.744818,-0.366073,-3.13798166666667e-07,1.06916666666651e-09,1.09169912249913e-09,1.14088569089048e-12,-2.79407800756085e-14,-5.16489275557604e-14,NaN
-2942.64753033334,-0.364821166666667,-3.12668666666667e-07,1.12758333333352e-09,1.09231375921377e-09,-7.8534573534609e-13,-9.78728770928755e-14,-8.72632640261415e-14,NaN
-2932.58116233334,-0.363573166666667,-3.11543e-07,1.12833333333351e-09,1.09012843102844e-09,-1.80835380835826e-12,-1.51137476246501e-13,-1.21826348399091e-13,NaN
-2922.489252,-0.362322,-3.10412e-07,1.10649999999997e-09,1.08869705159705e-09,-7.08020358023684e-13,-1.08498384400732e-13,-1.53745780953513e-13,NaN
-2912.358356,-0.361066,-3.0933e-07,1.1055e-09,1.08871239031239e-09,8.7447057447505e-13,-1.33371364942239e-13,-1.88076092341708e-13,NaN
-2902.130668,-0.359798,-3.08201e-07,1.08233333333354e-09,1.090445992746e-09,1.90010530010848e-12,-2.6143452122805e-13,-2.2363168976566e-13,NaN
-2892.06161133334,-0.358549666666667,-3.07165333333333e-07,1.01458333333349e-09,1.09251260091261e-09,1.57033754533635e-12,-2.52077930292316e-13,-2.62838962708514e-13,NaN
-2881.9818,-0.3573,-3.06171833333333e-07,1.04166666666649e-09,1.09358666783667e-09,-3.05364455362574e-13,-1.75797351691686e-13,-3.05670051794347e-13,NaN
-2871.923498,-0.356053,-3.05082e-07,1.12791666666651e-09,1.09190187200188e-09,-2.89856382356272e-12,-2.7112162825456e-13,-3.41585214476972e-13,NaN
-2861.828899,-0.3548015,-3.03916e-07,1.13349999999998e-09,1.08778954018955e-09,-2.37570200070487e-12,-4.07198118240647e-13,-3.58660719572884e-13,NaN
-2851.74371033334,-0.353551166666667,-3.02815e-07,1.11199999999999e-09,1.08715046800047e-09,-2.34716859722897e-13,-4.20870023999459e-13,-3.61645797358842e-13,NaN
-2841.45015,-0.352275,-3.01692e-07,1.09450000000001e-09,1.0873201064701e-09,-2.0061425062628e-13,-3.44184342247512e-13,-3.61938071386018e-13,NaN
-2831.141802,-0.350997,-3.00626e-07,1.08599999999999e-09,1.08674923949922e-09,-4.52035802037115e-13,-3.330564015722e-13,-3.58903254962675e-13,NaN
-2820.98401933334,-0.349737666666667,-2.9952e-07,1.07425000000001e-09,1.08641603486603e-09,-6.91757341743543e-13,-4.6170094145902e-13,-3.49300784007835e-13,NaN
-2811.218782,-0.348527,-2.984775e-07,1.06300000000001e-09,1.08536572481573e-09,-6.93240318230427e-13,-5.74192258748638e-13,-3.32758783642345e-13,NaN
-2801.071754,-0.347269,-2.97394e-07,1.08808333333351e-09,1.08502955422957e-09,1.08848133847821e-13,-5.46523730018732e-13,-3.11754578810289e-13,NaN
-2790.948924,-0.346014,-2.96301333333333e-07,1.11100000000002e-09,1.08558342108343e-09,-4.62808587818153e-13,-4.3571479084039e-13,-2.90855997948159e-13,NaN
-2780.866424,-0.344764,-2.95172e-07,1.08816666666648e-09,1.08410393705393e-09,-1.07189072190308e-12,-3.1961261832157e-13,-2.6575945005705e-13,NaN
-2770.72074033334,-0.343506166666667,-2.94125e-07,1.09449999999998e-09,1.08343963963962e-09,4.52837252836891e-13,-2.39210212866039e-13,-2.32635805849855e-13,NaN
-2760.665127,-0.3422595,-2.92983e-07,1.09099999999999e-09,1.0850096115596e-09,6.32388557396623e-13,-2.39470855985598e-13,-1.99748747616896e-13,NaN
-2750.86762566666,-0.341044833333333,-2.91943e-07,1.04333333333352e-09,1.08470441675441e-09,-9.6242248742453e-13,-2.29719330313142e-13,-1.67701826775064e-13,NaN
-2740.838899,-0.3398015,-2.90896333333333e-07,1.08200000000001e-09,1.08308476658475e-09,-4.28036153042006e-13,-1.94456444931143e-13,-1.28058531752944e-13,NaN
-2730.752366,-0.338551,-2.89779e-07,1.07416666666649e-09,1.08384834444833e-09,9.44617994621377e-13,-1.34052537241889e-13,-8.5293872460613e-14,NaN
-2720.645668,-0.337298,-2.88748e-07,1.05349999999999e-09,1.084974002574e-09,-8.4696677195754e-13,4.67078770728384e-14,-4.9165355457967e-14,NaN
-2710.58602166666,-0.336050833333333,-2.87672e-07,1.07749999999999e-09,1.08215441090442e-09,-1.99585234584908e-12,2.40244093907028e-13,-1.22391439365201e-14,NaN
-2700.41614,-0.33479,-2.86593e-07,1.12116666666651e-09,1.0809822978823e-09,4.41619866611884e-13,2.79471910588917e-13,2.98441751224836e-14,NaN
-2690.33364,-0.33354,-2.85429666666667e-07,1.13274999999998e-09,1.08303765063764e-09,1.93084415583805e-12,1.44742170798242e-13,6.36252001175136e-14,NaN
-2680.25114,-0.33229,-2.843275e-07,1.04925000000001e-09,1.08484398619398e-09,1.35720135720612e-12,7.34454452369617e-14,8.27404313685851e-14,NaN
-2670.16864,-0.33104,-2.83331166666667e-07,1.00933333333351e-09,1.08575205335205e-09,-5.53264303213792e-14,1.97349939548349e-13,9.35874480163404e-14,NaN
-2660.094206,-0.329791,-2.82308833333333e-07,1.08708333333348e-09,1.08473333333333e-09,-4.54513279513735e-13,2.68831697364801e-13,1.04857884364229e-13,NaN
-2650.011706,-0.328541,-2.81157e-07,1.14491666666653e-09,1.08484302679302e-09,8.75040950040335e-13,1.8555463886995e-13,1.16560577145278e-13,NaN
-2639.848546,-0.327281,-2.80019e-07,1.13350000000003e-09,1.08648341523341e-09,1.13484263484304e-12,9.03961384138937e-14,1.18463559306101e-13,NaN
-2629.78755533334,-0.326033666666667,-2.7889e-07,1.10149999999999e-09,1.08711271206271e-09,-1.05045630044721e-13,4.69641732432424e-14,1.06094206822198e-13,NaN
-2619.66606966666,-0.324778833333333,-2.77816e-07,1.05749999999999e-09,1.08627332397332e-09,-6.09778284775459e-13,8.71237264550563e-14,8.6899038377865e-14,NaN
-2609.59029133334,-0.323529666666667,-2.76775e-07,1.06299999999999e-09,1.08589315549316e-09,-1.68693693693617e-13,1.08460313985195e-13,6.81367824023285e-14,NaN
-2599.50510266666,-0.322279333333333,-2.7569e-07,1.05625000000001e-09,1.08593593658594e-09,5.59248859244539e-13,4.2492157112608e-14,5.1398254942697e-14,NaN
-2589.44276766666,-0.321031833333333,-2.746625e-07,1.0574166666665e-09,1.08701165321165e-09,8.39086814089313e-13,4.61839990912311e-14,3.33851526252398e-14,NaN
-2579.280952,-0.319772,-2.73575166666667e-07,1.11374999999996e-09,1.08761411021412e-09,-7.01275301265901e-13,6.36679386799501e-14,9.20985026436727e-15,NaN
-2569.190386,-0.318521,-2.72435e-07,1.14408333333349e-09,1.08560910260912e-09,-7.03261378254905e-13,-3.46956257755387e-14,-1.57319765154038e-14,NaN
-2559.107886,-0.317271,-2.71287e-07,1.10450000000002e-09,1.08620758745761e-09,3.10652860655331e-13,-1.22082449723739e-13,-4.0794498631311e-14,NaN
-2549.03210766666,-0.316021833333333,-2.70226e-07,1.07650000000002e-09,1.08623040833043e-09,-1.11445828945824e-12,-1.21032469771242e-13,-6.95181770309535e-14,NaN
-2538.906589,-0.3147665,-2.69134e-07,1.0885e-09,1.08397867087869e-09,-1.51707616707813e-12,-1.82331447040378e-13,-9.17051611108137e-14,NaN
-2528.56059966666,-0.313483833333333,-2.68049e-07,1.05599999999998e-09,1.08319625599627e-09,3.45513045507024e-13,-2.90675230303118e-13,-1.02691965293796e-13,NaN
-2518.48751,-0.312235,-2.67022e-07,1.05758333333352e-09,1.0846696969697e-09,1.76624254123645e-12,-2.7282833060354e-13,-1.11966282036679e-13,NaN
-2508.534066,-0.311001,-2.65933833333333e-07,1.07600000000003e-09,1.08672874107874e-09,4.54267579265171e-13,-1.63205345719728e-13,-1.29106844443037e-13,NaN
-2498.53088166666,-0.309760833333333,-2.6487e-07,1.08491666666647e-09,1.08557823212823e-09,-2.57341172341014e-12,-7.65982382313275e-14,-1.48407459070118e-13,NaN
-2488.449726,-0.308511,-2.63764e-07,1.12324999999998e-09,1.08158191763192e-09,-1.97518135017327e-12,-8.65252295830347e-14,-1.55068184433412e-13,NaN
-2478.334962,-0.307257,-2.626235e-07,1.09750000000001e-09,1.08162786942789e-09,1.24702234702431e-12,-1.66730235225396e-13,-1.53035084209407e-13,NaN
-2468.26187233334,-0.306008166666667,-2.61569e-07,1.04499999999999e-09,1.08407596232597e-09,1.58254650754222e-12,-1.83028860550277e-13,-1.56521019816816e-13,NaN
-2458.15517433334,-0.304755166666667,-2.605335e-07,1.04099999999999e-09,1.08479296244297e-09,5.07859482860342e-13,-1.10470535129541e-13,-1.67056078851708e-13,NaN
-2447.95034,-0.30349,-2.59487e-07,1.09308333333352e-09,1.08509168129169e-09,-7.36044811048374e-13,-7.42167129650478e-14,-1.78264884042515e-13,NaN
-2437.859774,-0.302239,-2.58347333333333e-07,1.11575000000001e-09,1.08332087282087e-09,-1.17638352639626e-12,-1.10859740598127e-13,-1.79730652002223e-13,NaN
-2427.761142,-0.300987,-2.572555e-07,1.09349999999998e-09,1.0827389142389e-09,-1.40871065874445e-13,-1.64945093107532e-13,-1.72522281437587e-13,NaN
-2417.767368,-0.299748,-2.56160333333333e-07,1.07858333333349e-09,1.08303913068913e-09,-3.75394875394767e-13,-1.59951537354041e-13,-1.68379251118062e-13,NaN
-2407.67142466666,-0.298496333333333,-2.55098333333333e-07,1.08866666666649e-09,1.08198812448811e-09,-4.50359775372058e-13,-1.03689413273094e-13,-1.65003150907631e-13,NaN
-2397.59699066666,-0.297247333333333,-2.53983e-07,1.09975000000002e-09,1.08213841113838e-09,6.64958464954455e-13,-1.63678046520441e-13,-1.58212831057051e-13,NaN
-2387.44592966666,-0.295988833333333,-2.52898833333333e-07,1.072e-09,1.08331804141802e-09,1.00381712882978e-12,-2.25025119297477e-13,-1.55485368013413e-13,NaN
-2377.36611833334,-0.294739166666667,-2.51839e-07,1.07191666666648e-09,1.08414604539604e-09,6.31279981291699e-13,-1.65446133684199e-13,-1.61085652101393e-13,NaN
-2367.258076,-0.293486,-2.50755e-07,1.098e-09,1.0845806013806e-09,4.51237276235666e-13,-1.8038763177743e-13,-1.69744273829317e-13,NaN
-2357.16616566666,-0.292234833333333,-2.49643e-07,1.08350000000002e-09,1.08504851994851e-09,3.59541359483336e-14,-2.44875905338996e-13,-1.78583313875193e-13,NaN
-2347.07559966666,-0.290983833333333,-2.48588e-07,1.07700000000003e-09,1.0846525096525e-09,-8.34968409965094e-13,-2.06886974724593e-13,-1.88576232799058e-13,NaN
-2336.99175533334,-0.289733666666667,-2.47489e-07,1.08599999999999e-09,1.08337858312858e-09,-1.49655434654831e-12,-1.07281736363607e-13,-1.96340972726573e-13,NaN
-2326.903878,-0.288483,-2.46416e-07,1.07849999999997e-09,1.0816594009594e-09,-1.46850649351188e-12,-8.4036091311922e-14,-1.96331303280339e-13,NaN
-2316.75550566666,-0.287224833333333,-2.45332e-07,1.0885e-09,1.08044157014156e-09,-7.01237276244221e-13,-2.13125356487648e-13,-1.8888957626803e-13,NaN
-2306.682416,-0.285976,-2.44239e-07,1.05791666666651e-09,1.08025692640691e-09,5.05235755240097e-13,-2.9949509254451e-13,-1.80126187935742e-13,NaN
-2296.607982,-0.284727,-2.43216166666667e-07,1.06124999999999e-09,1.08145204165204e-09,6.42628992632402e-13,-2.02636353696569e-13,-1.74609881948303e-13,NaN
-2286.54295833334,-0.283479166666667,-2.421165e-07,1.10575e-09,1.08154218439218e-09,-8.26828126830094e-13,-6.84629404268181e-14,-1.69192384462295e-13,NaN
-2276.455081,-0.2822285,-2.41004666666667e-07,1.09891666666651e-09,1.07979838539838e-09,-1.28005440505133e-12,-2.14813726060095e-14,-1.55017153391576e-13,NaN
-2266.35510466666,-0.280976333333333,-2.39918666666667e-07,1.1078333333335e-09,1.07898207558208e-09,-3.06145431136941e-13,-1.41766104033026e-13,-1.32602084090707e-13,NaN
-2256.21479833334,-0.279719166666667,-2.38789e-07,1.082166666667e-09,1.0791860945361e-09,5.80697905701347e-13,-2.80496082958684e-13,-1.10087630207218e-13,NaN
-2246.14036433334,-0.278470166666667,-2.37754333333333e-07,1.04141666666651e-09,1.08014347139348e-09,2.10930735927649e-13,-2.50287879628679e-13,-9.3197259706387e-14,NaN
-2236.04576533334,-0.277218666666667,-2.36706166666667e-07,1.05599999999999e-09,1.07960795600796e-09,-4.1943371943761e-13,-1.95647980650361e-13,-8.02246192159385e-14,NaN
-2225.949822,-0.275967,-2.35642333333333e-07,1.080416666667e-09,1.0793046039546e-09,9.53904878908726e-13,-2.11535087530366e-13,-6.27733704395409e-14,NaN
-2215.89286433334,-0.274720166666667,-2.34545333333333e-07,1.10225000000001e-09,1.08151576576578e-09,1.189092664096e-12,-1.74199401547017e-13,-4.39974063765166e-14,NaN
-2205.817086,-0.273471,-2.33437833333333e-07,1.08633333333299e-09,1.0816827892828e-09,-4.80791505796367e-13,-2.47705900395438e-14,-2.995889699807e-14,NaN
-2195.734586,-0.272221,-2.32372666666667e-07,1.06891666666649e-09,1.08055418275418e-09,-3.2753012752943e-13,1.18962320254501e-13,-1.85895224233132e-14,NaN
-2185.547228,-0.270958,-2.313e-07,1.07833333333352e-09,1.08102772902774e-09,7.69041769076548e-14,1.45478905215831e-13,-1.28922370300412e-14,NaN
-2175.46338366666,-0.269707833333333,-2.30216e-07,1.06000000000001e-09,1.080707991108e-09,-6.33742833742046e-13,1.1788455246462e-13,-1.35229833727292e-14,NaN
-2165.406426,-0.268461,-2.2918e-07,1.0705e-09,1.07976024336025e-09,-4.2996080496326e-13,1.14267215002132e-13,-1.26298087480696e-14,NaN
-2155.283596,-0.267206,-2.28075e-07,1.09549999999999e-09,1.07984806949807e-09,4.37887562884441e-13,8.05963815053354e-14,-3.87210358788128e-15,NaN
-2145.22260533334,-0.265958666666667,-2.26989e-07,1.0963333333335e-09,1.08063601848602e-09,9.24239499246778e-13,4.60737467051571e-14,1.0220361910654e-14,NaN
-2135.183124,-0.264714,-2.25882333333333e-07,1.12500000000001e-09,1.08169654849657e-09,6.73247923273696e-14,6.28147215870693e-14,1.77209997101815e-14,NaN
-2124.97291233334,-0.263448166666667,-2.24739e-07,1.08116666666648e-09,1.08077066807068e-09,-1.21116473617494e-12,1.08675690910667e-13,1.68785658723548e-14,NaN
-2114.89041233334,-0.262198166666667,-2.2372e-07,1.04600000000001e-09,1.07927421902422e-09,-1.70568035568464e-12,1.38087339867887e-13,1.93067195324415e-14,NaN
-2104.830766,-0.260951,-2.22647e-07,1.06600000000002e-09,1.07735930735931e-09,-7.09143559148678e-13,4.51289348261661e-14,3.54701730507425e-14,NaN
-2094.707936,-0.259696,-2.21588e-07,1.09099999999999e-09,1.07785593190592e-09,2.21957996957134e-12,-9.19026806258469e-14,6.17337664594678e-14,NaN
-2084.641568,-0.258448,-2.20465e-07,1.0999166666665e-09,1.08179846729845e-09,2.70557213057717e-12,-1.39436147114516e-13,7.5621405943303e-14,NaN
-2074.53487,-0.257195,-2.19388166666667e-07,1.06700000000001e-09,1.08326707616707e-09,4.2731367732176e-14,-8.31368022941218e-14,6.8795185055412e-14,NaN
-2064.42951633334,-0.255942166666667,-2.18331e-07,1.08666666666699e-09,1.08188393003391e-09,-9.55259155265419e-13,4.97094113811377e-15,5.40293359391304e-14,NaN
-2054.29458733334,-0.254685666666667,-2.17214833333333e-07,1.0945e-09,1.08135655785654e-09,4.23578448590923e-13,-3.74526277865997e-14,3.52028220752676e-14,NaN
-2044.24704,-0.25344,-2.16142e-07,1.0479166666665e-09,1.0827310869311e-09,4.64142389156468e-13,-1.46235471955562e-13,6.31457822857232e-15,NaN
-2034.15512966666,-0.252188833333333,-2.15119e-07,1.06183333333349e-09,1.08228484263486e-09,-1.73046683047445e-12,-1.49542569993976e-13,-2.60438552449733e-14,NaN
-2024.057842,-0.250937,-2.14018333333333e-07,1.088e-09,1.07927015327015e-09,-2.25768983270272e-12,-7.05040298516958e-14,-4.84469864498812e-14,NaN
-2013.943078,-0.249683,-2.12943e-07,1.07916666666652e-09,1.07776946296945e-09,2.36609336612508e-13,3.44773720991256e-14,-6.16308192264639e-14,NaN
-2003.860578,-0.248433,-2.1186e-07,1.08700000000002e-09,1.07974337194337e-09,1.48627003627734e-12,1.16960387062395e-13,-7.76064986028538e-14,NaN
-1993.701451,-0.2471735,-2.10769e-07,1.09875e-09,1.08074200304201e-09,2.71604071604384e-13,1.23157654105919e-13,-1.02001376343633e-13,NaN
-1983.62567266666,-0.245924333333333,-2.096625e-07,1.0875833333335e-09,1.08028658008658e-09,8.11512811499661e-14,4.87231396133441e-14,-1.29459898110026e-13,NaN
-1973.54855,-0.244675,-2.08593833333333e-07,1.06275000000001e-09,1.08090430560431e-09,-2.91213291213538e-13,-5.37405220769246e-14,-1.61689087672155e-13,NaN
-1963.48083766666,-0.243426833333333,-2.07537e-07,1.06233333333299e-09,1.07970415350415e-09,-1.22179712179433e-12,-6.4089229035857e-14,-1.96449311476032e-13,NaN
-1953.363385,-0.2421725,-2.06469166666667e-07,1.07249999999999e-09,1.07846071136072e-09,-1.01446121445923e-12,-1.93502608542138e-14,-2.22558285173574e-13,NaN
-1943.29836133334,-0.240924666666667,-2.05392e-07,1.0825833333335e-09,1.07767523107524e-09,-5.03744003744273e-13,-6.30843783143824e-14,-2.4084163911916e-13,NaN
-1933.17822,-0.23967,-2.04304e-07,1.14741666666651e-09,1.07745322335323e-09,9.61723411723471e-13,-3.24500924685376e-13,-2.62873582043528e-13,NaN
-1923.07017766666,-0.238416833333333,-2.03097166666667e-07,1.10300000000001e-09,1.07959867789868e-09,1.63266058266032e-12,-6.41258724957071e-13,-3.03385109041603e-13,NaN
-1913.01187566666,-0.237169833333333,-2.02098e-07,1.0345833333335e-09,1.08071854451855e-09,6.17090792085828e-13,-6.52011447818657e-13,-3.60472072835247e-13,NaN
-1902.922654,-0.235919,-2.01028e-07,1.06149999999999e-09,1.08083285948285e-09,-9.32432432441312e-13,-4.96140369011706e-13,-4.17667813252515e-13,NaN
-1892.83074366666,-0.234667833333333,-1.99975e-07,1.07933333333349e-09,1.07885367965367e-09,-2.40287820287838e-12,-4.50211069402346e-13,-4.60192390080069e-13,NaN
-1882.753621,-0.2334185,-1.98869333333333e-07,1.06250000000001e-09,1.0760271030771e-09,-4.0091845090876e-13,-4.47382258109731e-13,-4.80199114783004e-13,NaN
-1872.650956,-0.232166,-1.9785e-07,1.0296666666665e-09,1.07805184275185e-09,2.99179244179821e-12,-3.52737052442571e-13,-4.91790447720647e-13,NaN
-1862.528126,-0.230911,-1.9681e-07,1.09200000000001e-09,1.08201068796069e-09,1.77421902422225e-12,-3.36285373387439e-13,-5.14063635591158e-13,NaN
-1852.43218266666,-0.229659333333333,-1.95666e-07,1.1523333333335e-09,1.08160028080029e-09,-1.6924944424912e-12,-5.11900012907369e-13,-5.40140815798785e-13,NaN
-1842.31473,-0.228405,-1.94505333333333e-07,1.11399999999999e-09,1.07862569907571e-09,-2.88962208962464e-12,-6.7469470833883e-13,-5.47491477442608e-13,NaN
-1832.23357433334,-0.227155166666667,-1.93438e-07,1.03916666666651e-09,1.07582103662104e-09,-2.74287761788066e-12,-6.60791596755644e-13,-5.25625139314834e-13,NaN
-1822.18871566666,-0.225909833333333,-1.92427e-07,1.02649999999999e-09,1.07313994383995e-09,-2.39357084357483e-12,-5.38445703752842e-13,-4.79159090297639e-13,NaN
-1811.994636,-0.224646,-1.91385e-07,1.05549999999999e-09,1.07103389493389e-09,-7.95937170933165e-13,-4.84829370791088e-13,-4.16784504374358e-13,NaN
-1801.82475433334,-0.223385166666667,-1.90316e-07,1.04900000000001e-09,1.07154806949808e-09,8.70676845691747e-13,-3.97255204565005e-13,-3.4982916909202e-13,NaN
-1791.765108,-0.222138,-1.89287e-07,1.0953333333335e-09,1.07277524862528e-09,-3.80212355218596e-13,-3.44322699711092e-13,-2.86540957206125e-13,NaN
-1781.722938,-0.220893,-1.88125333333333e-07,1.14649999999999e-09,1.07078764478765e-09,-2.64930677432577e-12,-5.11328890327561e-13,-2.16488788989818e-13,NaN
-1771.65522566666,-0.219644833333333,-1.86994e-07,1.1136666666665e-09,1.06747663507663e-09,-2.59118404119013e-12,-6.56218634246624e-13,-1.26122412955717e-13,NaN
-1761.566004,-0.218394,-1.85898e-07,1.0635e-09,1.06560527670527e-09,1.61837194336574e-12,-5.29082547011985e-13,-2.09849582742475e-14,NaN
-1751.49291433334,-0.217145166666667,-1.84867e-07,1.00949999999999e-09,1.07071337896336e-09,4.60169942669713e-12,-1.02922918360026e-13,7.20989858256691e-14,NaN
-1741.36201833334,-0.215889166666667,-1.83879e-07,1.04350000000001e-09,1.07480867555866e-09,1.62729320230354e-12,3.26423618943699e-13,1.33596335997487e-13,NaN
-1731.24322133334,-0.214634666666667,-1.8278e-07,1.07599999999999e-09,1.07396796536796e-09,-8.42994617988836e-13,5.19636582194841e-13,1.77837296134467e-13,NaN
-1721.15803266666,-0.213384333333333,-1.81727e-07,1.0963333333335e-09,1.07312268632268e-09,-6.34719784718038e-13,4.88147656528554e-13,2.22949713854391e-13,NaN
-1711.072844,-0.212134,-1.80587333333333e-07,1.14833333333351e-09,1.07269852579853e-09,-8.13829413825822e-13,2.84715936938293e-13,2.68145310586591e-13,NaN
-1701.02798533334,-0.210888666666667,-1.79430333333333e-07,1.0534166666665e-09,1.07149502749503e-09,-1.86109746110019e-12,2.44441204935239e-13,3.0821242635401e-13,NaN
-1690.9167166,-0.2096351,-1.784805e-07,9.36666666666503e-10,1.06897633087633e-09,4.96957996918507e-14,5.98292548176459e-13,3.46373470187831e-13,NaN
-1680.80544786666,-0.208381533333333,-1.77557e-07,1.0185e-09,1.07159441909442e-09,2.71129051129361e-12,9.74143898973803e-13,3.77197050419628e-13,NaN
-1670.7444572,-0.2071342,-1.764435e-07,1.1005e-09,1.07439891189892e-09,2.13590148590537e-12,9.53972968332796e-13,3.88316186730385e-13,NaN
-1660.63036536666,-0.205880283333333,-1.75356e-07,1.09774999999999e-09,1.07586622206623e-09,7.13536913533579e-13,6.85427016341921e-13,3.7549505715436e-13,NaN
-1650.54665546666,-0.204630133333333,-1.74248e-07,1.11425e-09,1.07582598572598e-09,-1.782760032835e-13,4.44956104833861e-13,3.45299407332414e-13,NaN
-1640.4570305,-0.20337925,-1.731275e-07,1.13133333333351e-09,1.07550967005966e-09,5.78901953898807e-13,2.78820521984774e-13,3.09594814712625e-13,NaN
-1630.35449993334,-0.202126766666667,-1.71985333333333e-07,1.07166666666648e-09,1.07698378963378e-09,-2.2811220311074e-13,2.54984858156179e-13,2.67196016323699e-13,NaN
-1620.26070753334,-0.200875366666667,-1.70984166666667e-07,1.022083333333e-09,1.07505344565344e-09,2.48683748688948e-13,3.79873736998952e-13,2.18372562234337e-13,NaN
-1610.1526652,-0.1996222,-1.69941166666667e-07,1.08708333333352e-09,1.07748115713116e-09,5.00579150580034e-12,3.45206465989427e-13,1.58625114461054e-13,NaN
-1600.0701652,-0.1983722,-1.6881e-07,1.1360833333335e-09,1.08506502866504e-09,5.89783842283907e-12,-4.36127833191641e-15,6.84647013603233e-14,NaN
-1589.94518426666,-0.197116933333333,-1.67669e-07,1.1288333333335e-09,1.08927683397684e-09,6.84936234931854e-13,-4.23492715500157e-13,-5.34614796206952e-14,NaN
-1579.87034696666,-0.195867883333333,-1.66552333333333e-07,1.04508333333349e-09,1.0864349011349e-09,-5.56615186615609e-12,-5.55336013741198e-13,-1.77749548813183e-13,NaN
-1569.7823352,-0.1946172,-1.65578833333333e-07,1.0271666666665e-09,1.07814453024452e-09,-6.35619223119227e-12,-3.59846454287537e-13,-2.65140010470839e-13,NaN
-1559.6925758,-0.1933663,-1.64498e-07,1.06391666666649e-09,1.07372251667252e-09,-2.82321867321302e-12,-1.89069489322595e-13,-3.06851273505617e-13,NaN
-1549.59017966666,-0.192113833333333,-1.63451e-07,1.0835e-09,1.0724980928981e-09,5.89935064936382e-13,-2.41246755340973e-13,-3.21123044561638e-13,NaN
-1539.49235426666,-0.190861933333333,-1.62331e-07,1.09450000000001e-09,1.07490238680239e-09,3.27382707383135e-12,-3.8899705438103e-13,-3.31100914046497e-13,NaN
-1529.40057836666,-0.189610783333333,-1.61262e-07,1.10099999999999e-09,1.07904574704576e-09,1.83497425997663e-12,-4.88433645019723e-13,-3.55005964831362e-13,NaN
-1519.2891752,-0.1883572,-1.60129e-07,1.0965e-09,1.07857233532234e-09,-3.83924183924797e-12,-5.83802316947002e-13,-3.78269417836919e-13,NaN
-1509.20317993334,-0.187106766666667,-1.59069e-07,1.031e-09,1.07136726336726e-09,-6.23892593892965e-12,-6.32610058650768e-13,-3.64953545229982e-13,NaN
-1499.1007838,-0.1858543,-1.58067e-07,1.0965e-09,1.06609448344448e-09,-1.40244822744828e-12,-6.0860350381056e-13,-3.05883750540107e-13,NaN
-1489.0142508,-0.1846038,-1.56876e-07,1.11449999999999e-09,1.06856236691237e-09,2.92094594594265e-12,-5.01666409791792e-13,-2.28477186255619e-13,NaN
-1478.9204584,-0.1833524,-1.55838e-07,1.08175000000002e-09,1.07193637533637e-09,2.50135135134807e-12,-3.58395701294717e-13,-1.56187573464941e-13,NaN
-1468.8339254,-0.1821019,-1.547125e-07,1.06208333333351e-09,1.07356506961506e-09,9.136363636483e-13,-3.44496992514411e-13,-9.35459856625206e-14,NaN
-1458.71701046666,-0.180847633333333,-1.53713833333333e-07,1.03074999999998e-09,1.07376364806367e-09,-1.31872879372177e-12,-3.48646563058174e-13,-3.68010182759095e-14,NaN
-1448.63289726666,-0.179597433333333,-1.52651e-07,1.09199999999999e-09,1.07092761202762e-09,-3.83305545807302e-12,-3.01039558976966e-13,2.97699450777611e-14,NaN
-1438.51073943334,-0.178342516666667,-1.51529833333333e-07,1.03150000000001e-09,1.06609753714752e-09,-2.10658418159504e-12,-1.35185339028311e-13,1.20282778379979e-13,NaN
-1428.4063268,-0.1770898,-1.50588e-07,9.52416666666501e-10,1.06671444366443e-09,2.64559202059626e-12,3.32183656261246e-13,2.22759353098919e-13,NaN
-1418.1891246,-0.1758231,-1.49625e-07,9.86000000000007e-10,1.07138872118871e-09,4.60004387504963e-12,9.49073295007927e-13,3.10232669652493e-13,NaN
-1408.1175137,-0.17457445,-1.48616e-07,1.0985e-09,1.07591453141453e-09,2.98516146016988e-12,1.26089277413536e-12,3.64787884744541e-13,NaN
-1398.0789734,-0.1733299,-1.47428e-07,1.1825833333335e-09,1.07735904410905e-09,-5.08652158646628e-13,1.02324161616465e-12,3.95950286898967e-13,NaN
-1388.041643,-0.1720855,-1.46250833333333e-07,1.13916666666651e-09,1.07489722709724e-09,-2.50934245934629e-12,5.9406388387004e-13,4.26527969763617e-13,NaN
-1377.9571265,-0.17083525,-1.45149666666667e-07,1.1069166666665e-09,1.07234035919036e-09,-6.10331110422436e-14,3.3756769857137e-13,4.58074354856487e-13,NaN
-1367.8217942,-0.1695787,-1.44037e-07,1.04633333333351e-09,1.07477516087515e-09,2.49488709488278e-12,3.88817029229414e-13,4.76774774012487e-13,NaN
-1357.7493767,-0.16832995,-1.43057e-07,1.06649999999999e-09,1.07733013338013e-09,1.50997425997426e-12,7.1115522071661e-13,4.77855169835129e-13,NaN
-1347.6527612,-0.1670782,-1.41904e-07,1.08799999999999e-09,1.0777951093951e-09,1.33061308060782e-13,8.89007321357521e-13,4.65958504754504e-13,NaN
-1337.5517094,-0.1658259,-1.40881e-07,1.1125e-09,1.07759625599625e-09,7.06964431964232e-13,6.55435324006742e-13,4.40581154828592e-13,NaN
-1327.4934074,-0.1645789,-1.39679e-07,1.13375000000001e-09,1.07920903825903e-09,2.3832982332981e-12,2.42415100070718e-13,3.96267905391729e-13,NaN
-1317.3975985,-0.16332725,-1.386135e-07,1.03049999999999e-09,1.08236285246284e-09,9.20828945825217e-13,4.33464074506387e-14,3.2902347796751e-13,NaN
-1307.2800114,-0.1620729,-1.37618e-07,9.93083333333496e-10,1.08105069615068e-09,-1.06460453961023e-12,9.09253444399185e-14,2.53447767497234e-13,NaN
-1297.2027543,-0.16082355,-1.36627333333333e-07,1.0415e-09,1.08023364338362e-09,1.03115713116459e-12,2.3615141112914e-13,1.81317914212163e-13,NaN
-1287.05841496666,-0.159565883333333,-1.35535e-07,1.10508333333299e-09,1.08311301041301e-09,2.69515912016981e-12,3.51527434270037e-13,1.00411023942657e-13,NaN
-1276.9784692,-0.1583162,-1.34417166666667e-07,1.13699999999999e-09,1.08562396162396e-09,1.15565110565074e-12,2.13983344959516e-13,6.66556035202559e-15,NaN
-1266.922587,-0.1570695,-1.33261e-07,1.1438333333335e-09,1.08542431262431e-09,-1.27234117233673e-12,-1.59088609948909e-13,-9.41889382067542e-14,NaN
-1256.83067666666,-0.155818333333333,-1.321295e-07,1.086e-09,1.08307927927929e-09,-3.56365976365341e-12,-4.93490010411003e-13,-1.95404037858952e-13,NaN
-1246.7471012,-0.1545682,-1.31089e-07,1.04675000000002e-09,1.078296993097e-09,-5.92083772083766e-12,-6.26054623817974e-13,-2.75024874185325e-13,NaN
-1236.64470506666,-0.153315733333333,-1.30036e-07,1.051e-09,1.07123760383761e-09,-4.40366795367119e-12,-5.15934696439217e-13,-3.09025371639181e-13,NaN
-1226.5466108,-0.1520638,-1.28987e-07,1.03299999999999e-09,1.06948965718966e-09,1.19640517140689e-12,-3.80960162547181e-13,-3.07317239827019e-13,NaN
-1216.4471722,-0.1508117,-1.2797e-07,1.0914166666665e-09,1.07363041418043e-09,4.06664911665148e-12,-4.27769884956674e-13,-3.05716511782205e-13,NaN
-1206.363059,-0.1495615,-1.26804166666667e-07,1.132e-09,1.07762295542296e-09,3.35875160874583e-12,-4.9882816354038e-13,-3.23220622341581e-13,NaN
-1196.24520303334,-0.148307116666667,-1.25706e-07,1.03683333333351e-09,1.08034791739792e-09,-3.33333333332712e-13,-4.55110910894324e-13,-3.56987178892619e-13,NaN
-1186.1545026,-0.1470561,-1.247305e-07,1.0375e-09,1.0769562887563e-09,-4.08238270737838e-12,-4.08596793448808e-13,-3.85171977230386e-13,NaN
-1176.0340924,-0.1458014,-1.23631e-07,1.09674999999999e-09,1.07218315198316e-09,-2.32246402245757e-12,-4.56201610092045e-13,-3.806542121719e-13,NaN
-1165.96261593334,-0.144552766666667,-1.22537e-07,1.12475e-09,1.07231136071138e-09,1.18524336025142e-12,-5.34148655362943e-13,-3.50355872651241e-13,NaN
-1155.8481208,-0.1432988,-1.213815e-07,1.012e-09,1.07455363870367e-09,1.98104890604501e-12,-4.61309564774013e-13,-3.20371448060739e-13,NaN
-1145.8067574,-0.1420539,-1.20513e-07,1.02225e-09,1.07627345852347e-09,1.1104978354844e-12,-1.79012759255307e-13,-3.00805349777005e-13,NaN
-1135.71686356666,-0.140802983333333,-1.19337e-07,1.15783333333351e-09,1.07677463437463e-09,-5.84357084387894e-14,-8.68071540756033e-14,-2.87590614045773e-13,NaN
-1125.59914203334,-0.139548616666667,-1.18197333333333e-07,1.1420833333335e-09,1.0761565871066e-09,-2.42052182051257e-12,-2.05816419754825e-13,-2.72035825974205e-13,NaN
-1115.503602,-0.138297,-1.17052833333333e-07,1.04016666666649e-09,1.07193359073361e-09,-3.72686322686612e-12,-1.6216172459439e-13,-2.38972254460366e-13,NaN
-1105.400937,-0.1370445,-1.16117e-07,9.92500000000007e-10,1.06870286065286e-09,-7.44588744598236e-13,-1.73382079154182e-14,-1.81493665828025e-13,NaN
-1095.2990786,-0.1357921,-1.15067833333333e-07,1.1058333333335e-09,1.07044441324441e-09,1.6307183807186e-12,8.21679889632125e-14,-1.17933163407676e-13,NaN
-1085.2024631,-0.13454035,-1.13905333333333e-07,1.0994166666665e-09,1.0719642974143e-09,2.10518895519043e-12,1.98547456481717e-13,-6.69033117906423e-14,NaN
-1075.1123004,-0.1332894,-1.12869e-07,1.05266666666651e-09,1.07465479115479e-09,2.85582368082254e-12,2.11274292871799e-13,-3.41096863722061e-14,NaN
-1065.0047958,-0.1320363,-1.118e-07,1.108e-09,1.07767594477595e-09,5.99286299285259e-13,-6.37120708033553e-14,-2.15546463292527e-14,NaN
-1054.8706734,-0.1307799,-1.10653e-07,1.09083333333349e-09,1.07585336375336e-09,-5.57084357085643e-13,-3.44969442190846e-13,-1.53980570751966e-14,NaN
-1044.8075318,-0.1295323,-1.09618333333333e-07,1.052e-09,1.07656177606177e-09,5.08391833386369e-13,-3.50983397483539e-13,-9.44743694644663e-15,NaN
-1034.718579,-0.1282815,-1.08549e-07,1.02375e-09,1.07687014742014e-09,-1.51241956242585e-12,-1.54201646684413e-13,-1.27615291491973e-14,NaN
-1024.6300295,-0.12703075,-1.07570833333333e-07,1.019e-09,1.07353693693692e-09,-2.71217678717516e-12,1.32956246759691e-13,-1.28253699597595e-14,NaN
-1014.5067962,-0.1257757,-1.06511e-07,1.09675e-09,1.07144579384579e-09,-2.83535158533252e-13,2.54557932366369e-13,2.75343422544549e-15,NaN
-1004.4238929,-0.12452565,-1.05377333333333e-07,1.159e-09,1.07296986661986e-09,1.75011115010871e-12,6.52337053713495e-14,2.00833999401644e-14,NaN
-994.3369566,-0.1232751,-1.04193e-07,1.079083333333e-09,1.074946016146e-09,1.88423423423222e-12,-7.33960719255876e-14,2.46353485616472e-14,NaN
-984.2407444,-0.1220234,-1.03219166666667e-07,1.0591666666665e-09,1.07673833508832e-09,-7.16017316019177e-13,-2.45773624353603e-14,1.29277426310243e-14,NaN
-974.1687302,-0.1207747,-1.02074666666667e-07,1.1085833333335e-09,1.07351398151397e-09,-4.07602082602225e-12,9.57001800032595e-15,-4.27765419204701e-15,NaN
-964.068485,-0.1195225,-1.01002e-07,1.034916666667e-09,1.06858629343628e-09,-1.27135252134975e-12,9.76941617764917e-14,-5.43414306161661e-15,NaN
-953.9601738,-0.1182693,-1.00004833333333e-07,9.87500000000002e-10,1.07097127647127e-09,1.89329589330437e-12,2.41926837514636e-13,2.2185805556906e-15,NaN
-943.894074666664,-0.117021333333333,-9.9027e-08,1.0934166666665e-09,1.07237288522289e-09,7.39686439688916e-13,1.67645071829577e-13,2.71291104083969e-15,NaN
-933.788721,-0.1157685,-9.7818e-08,1.14566666666665e-09,1.07245064935064e-09,9.88089388086612e-13,-1.07893442460862e-13,3.1889201544756e-15,NaN
-923.6876692,-0.1145162,-9.67356666666667e-08,1.086e-09,1.07434906399906e-09,1.58946413946952e-12,-2.69950913748139e-13,2.38723461261215e-15,NaN
-913.5866174,-0.1132639,-9.5646e-08,1.12483333333335e-09,1.07562957762958e-09,-9.89124839121378e-13,-3.33582319560917e-13,-4.36714469871824e-15,NaN
-903.506806066664,-0.112014233333333,-9.4486e-08,1.0555e-09,1.07237081432082e-09,-1.79879489880018e-12,-3.33230448382263e-13,-8.31100314095124e-16,NaN
-893.3881435,-0.11075975,-9.3535e-08,9.92000000000007e-10,1.07203198783198e-09,1.20843278342872e-12,-1.23875538321803e-13,1.10176167412322e-14,NaN
-883.319490133336,-0.109511466666667,-9.2502e-08,1.093e-09,1.07478767988767e-09,1.86147186147512e-12,5.11441937951993e-14,3.46419906463406e-15,NaN
-873.197466733336,-0.108256566666667,-9.1349e-08,9.99499999999995e-10,1.07575493155493e-09,9.56259506264011e-13,1.75954718697038e-13,-2.73872097712774e-14,NaN
-863.1281412,-0.1070082,-9.0503e-08,1.05050000000001e-09,1.0767001989002e-09,-6.83660933644765e-14,3.78683238426056e-13,-6.6005275829484e-14,NaN
-853.0222498,-0.1057553,-8.9248e-08,1.20224999999999e-09,1.0756181993682e-09,-2.13405873405618e-12,2.47886881379824e-13,-9.85222527867644e-14,NaN
-842.9179716,-0.1045026,-8.80985e-08,1.10391666666665e-09,1.07243208143209e-09,-2.08342108341872e-12,-1.45474172849929e-13,-1.14035483652804e-13,NaN
-832.8274056,-0.1032516,-8.70401666666667e-08,1.00375000000001e-09,1.07145135720137e-09,6.39551889553562e-13,-2.82080785274363e-13,-1.19993804768697e-13,NaN
-822.724202866664,-0.101999033333333,-8.6091e-08,1.03458333333335e-09,1.0737111852112e-09,5.11653211646953e-13,-1.84272261119962e-13,-1.37051432746131e-13,NaN
-812.616294966664,-0.100745883333333,-8.4971e-08,1.072e-09,1.07247466362466e-09,-4.91441441453693e-13,-2.14442867741108e-14,-1.62285049583282e-13,NaN
-802.537693533334,-0.0994963666666667,-8.3947e-08,1.07508333333334e-09,1.07272830232829e-09,1.20963788463519e-12,7.02254471927033e-14,-1.84374492909076e-13,NaN
-792.4550591,-0.09824635,-8.28208333333333e-08,1.11500000000001e-09,1.07489393939393e-09,-3.17827892818607e-13,-9.60787909755939e-14,-2.05772285998303e-13,NaN
-782.3350522,-0.0969917,-8.1717e-08,1.09341666666666e-09,1.07209264654265e-09,-3.06783081782284e-12,-2.83283203978592e-13,-2.15854747147117e-13,NaN
-772.2404532,-0.0957402,-8.0634e-08,1.13316666666665e-09,1.06875827775828e-09,-1.23923891424078e-12,-3.48679933346587e-13,-2.0521127492607e-13,NaN
-762.176505,-0.0944925,-7.94506666666667e-08,1.0755e-09,1.06961416871417e-09,1.33022113021759e-12,-4.4854630619461e-13,-1.93103498017861e-13,NaN
-752.0246374,-0.0932339,-7.8483e-08,9.51666666666698e-10,1.07141872001872e-09,1.44121914121892e-12,-3.92942496886214e-13,-1.9827484458311e-13,NaN
-741.9558496,-0.0919856,-7.75473333333333e-08,1.05191666666665e-09,1.07249660699661e-09,2.1340821340823e-12,-1.98005143077201e-13,-2.17338129061075e-13,NaN
-731.8632671,-0.09073435,-7.63791666666667e-08,1.1703333333333e-09,1.07568688428688e-09,2.23271323271301e-12,-3.15931324011258e-13,-2.45088239899249e-13,NaN
-721.7513262,-0.0894807,-7.52066666666667e-08,1.06958333333334e-09,1.07696203346203e-09,-1.0259389259385e-12,-5.09275352239629e-13,-2.7608261284908e-13,NaN
-711.6526942,-0.0882287,-7.424e-08,1.05083333333335e-09,1.07363500643501e-09,-2.48113373113344e-12,-3.84186540157367e-13,-2.93235148405691e-13,NaN
-701.5814866,-0.0869801,-7.3105e-08,1.0805e-09,1.07199976599977e-09,-3.2151281151287e-12,-2.05952596349443e-13,-2.92277524383483e-13,NaN
-691.4836612,-0.0857282,-7.2079e-08,1.03800000000001e-09,1.06720475020475e-09,-5.02383292383278e-12,-1.17050089479052e-13,-2.73049544857913e-13,NaN
-681.402236666666,-0.0844783333333333,-7.1029e-08,1.037e-09,1.0619521001521e-09,1.70849420850603e-14,-1.0923565371792e-13,-2.25168878125201e-13,NaN
-671.3033358,-0.0832263,-7.0005e-08,1.05941666666665e-09,1.06723892008892e-09,5.20875453375372e-12,-2.08275853996995e-13,-1.72287766709409e-13,NaN
-661.1877652,-0.0819722,-6.89101666666667e-08,1.0805e-09,1.07236960921961e-09,2.39367906867919e-12,-2.57968370790043e-13,-1.44002161401452e-13,NaN
-651.1052652,-0.0807222,-6.7844e-08,1.08608333333335e-09,1.07202627822628e-09,-5.2339709839637e-13,-1.30865874991359e-13,-1.29188054886266e-13,NaN
-641.012548266666,-0.0794709333333333,-6.6738e-08,1.108e-09,1.07132281502282e-09,-1.64916344916321e-12,-3.20442010751397e-14,-1.12595914835632e-13,NaN
-630.939189733334,-0.0782220666666667,-6.5628e-08,1.0555e-09,1.06872795132795e-09,-3.00337252837247e-12,-3.03192784964989e-15,-8.40079582714511e-14,NaN
-620.862470366666,-0.0769727833333333,-6.4627e-08,1.06e-09,1.06531606996607e-09,-1.5963554463549e-12,9.80015903633626e-14,-3.68157102218457e-14,NaN
-610.7470342,-0.0757187,-6.3508e-08,1.105e-09,1.06553524043524e-09,9.28235053235495e-13,2.74132530782427e-14,1.27969174803408e-14,NaN
-600.6338834,-0.0744649,-6.2417e-08,1.0545e-09,1.06717254007254e-09,1.80664560664461e-12,-2.15217023923397e-13,5.09074471096253e-14,NaN
-590.561734766667,-0.0732161833333333,-6.1399e-08,1.047e-09,1.06914853164853e-09,2.49345969345862e-12,-2.53078159527634e-13,8.06468724322457e-14,NaN
-580.4785626,-0.0719661,-6.0323e-08,1.08899999999999e-09,1.07215945945946e-09,-2.65379665378699e-13,-8.24187184909993e-14,9.89688997575963e-14,NaN
-570.350893,-0.0707105,-5.9221e-08,1.0595e-09,1.06861777231777e-09,-2.92722300222125e-12,1.12706877582273e-13,1.13808957836554e-13,NaN
-560.2772656,-0.0694616,-5.8204e-08,1.0555e-09,1.06630501345502e-09,1.77952790452749e-12,3.02164015108883e-13,1.37469645786494e-13,NaN
-550.169761,-0.0682085,-5.711e-08,1.029e-09,1.07217682812683e-09,3.08832046331937e-12,4.59638114202831e-13,1.46012204693253e-13,NaN
-540.0614498,-0.0669553,-5.6146e-08,1.0515e-09,1.07248165438166e-09,-1.07381244881246e-12,4.71711660377841e-13,1.32410686298269e-13,NaN
-529.9708838,-0.0657043,-5.5007e-08,1.1085e-09,1.0700292032292e-09,-1.55272025272082e-12,3.8502427516291e-13,1.22752525389836e-13,NaN
-519.8972564,-0.0644554,-5.3929e-08,1.0895e-09,1.06937621387621e-09,-1.40069615069913e-13,2.50117754108592e-13,1.22801886381002e-13,NaN
-509.791365,-0.0632025,-5.2828e-08,1.151e-09,1.06974906399906e-09,1.08013923013997e-12,-6.59031503503427e-14,1.22102322729378e-13,NaN
-499.686011333334,-0.0619496666666667,-5.1627e-08,1.08533333333335e-09,1.07153649233649e-09,1.65246285246274e-12,-2.17003784085236e-13,1.09611201974479e-13,NaN
-489.6037802,-0.0606997,-5.06573333333333e-08,1.006e-09,1.07305398970399e-09,2.6166783666705e-13,-3.84633038731488e-15,7.88721732510831e-14,NaN
-479.5136175,-0.05944875,-4.9615e-08,1.01066666666665e-09,1.07205982800983e-09,-1.49809289809254e-12,1.88638736697611e-13,3.89248472050612e-14,NaN
-469.370084766667,-0.0581911833333333,-4.8636e-08,1.02e-09,1.0700578039078e-09,-1.16110916110827e-12,2.91418855572927e-13,8.29660688624726e-15,NaN
-459.297263966667,-0.0569423833333333,-4.7575e-08,1.093e-09,1.06973760968761e-09,-7.68009243009504e-13,2.62574838699804e-13,-1.06188971052066e-14,NaN
-449.209789933334,-0.0556917666666667,-4.645e-08,1.1275e-09,1.06852178542179e-09,-7.97876447877074e-13,-2.74798737437028e-16,-2.24471513386647e-14,NaN
-439.117073,-0.0544405,-4.532e-08,1.1025e-09,1.06814185679186e-09,2.03885866385858e-12,-2.25373222159828e-13,-2.69895046165528e-14,NaN
-429.061325233334,-0.0531938166666667,-4.4245e-08,1.0605e-09,1.0725995027495e-09,3.64850239850244e-12,-2.29959617506111e-13,-4.18352251696336e-14,NaN
-418.955971566667,-0.0519409833333333,-4.3199e-08,1.10883333333335e-09,1.07543886158886e-09,6.83055458055404e-13,-2.21415012720768e-13,-8.28018785050128e-14,NaN
-408.8223869,-0.05068465,-4.20273333333333e-08,1.03833333333335e-09,1.07396561366561e-09,-1.81038668538688e-12,-1.97831538147553e-13,-1.34796843877565e-13,NaN
-398.7491628,-0.0494358,-4.11223333333333e-08,1.04266666666665e-09,1.07181808821809e-09,-2.52681057681046e-12,-2.11371736640331e-13,-1.7675771747883e-13,NaN
-388.6464978,-0.0481833,-3.9942e-08,1.0940833333333e-09,1.06891199251199e-09,-1.78101965601908e-12,-3.60808939589153e-13,-2.00650402470073e-13,NaN
-378.5688374,-0.0469339,-3.89341666666667e-08,1.0315e-09,1.06825604890605e-09,-5.65490815490688e-13,-2.62793263421459e-13,-2.07787343121898e-13,NaN
-368.4500404,-0.0456794,-3.7879e-08,1.06925e-09,1.06778101088101e-09,-2.71510471510677e-13,-8.32431793838712e-14,-2.03895164502726e-13,NaN
-358.3868988,-0.0444318,-3.67956666666667e-08,1.1195e-09,1.06771302796303e-09,1.68468468468601e-13,-1.96176966147068e-13,-1.96054085373402e-13,NaN
-348.269177266666,-0.0431774333333333,-3.564e-08,1.1204166666667e-09,1.06811794781795e-09,-1.81557856557809e-13,-3.93395716489785e-13,-1.85788103471346e-13,NaN
-338.187887166666,-0.0419275833333333,-3.45548333333333e-08,1.0555e-09,1.06734991224991e-09,1.20616590616552e-12,-4.30189900758583e-13,-1.73161058156472e-13,NaN
-328.104177266666,-0.0406774333333333,-3.3529e-08,9.9941666666665e-10,1.07053027963028e-09,2.12049842049846e-12,-2.53825486584375e-13,-1.74448633368574e-13,NaN
-317.9794652,-0.0394222,-3.2556e-08,1.00175e-09,1.07159090909091e-09,-2.08453258452476e-13,1.82379919954377e-14,-1.89848164688146e-13,NaN
-307.900729333334,-0.0381726666666667,-3.15255e-08,1.07208333333335e-09,1.07011337311337e-09,-1.76138118638115e-12,1.65180453686885e-13,-1.99447964463362e-13,NaN
-297.816885,-0.0369225,-3.04118333333333e-08,1.11166666666665e-09,1.06806814671815e-09,-2.95670995671114e-12,7.18796851123456e-14,-1.97749797628825e-13,NaN
-287.6795362,-0.0356657,-2.93021666666667e-08,1.11491666666665e-09,1.06419995319995e-09,-1.95300105300175e-12,-1.16290636339754e-13,-1.80145853357114e-13,NaN
-277.5825174,-0.0344139,-2.8182e-08,1.09683333333335e-09,1.06416214461214e-09,1.47401719901767e-12,-3.00634256032615e-13,-1.52677340894826e-13,NaN
-267.496791,-0.0331635,-2.71085e-08,1.08375e-09,1.06714798759799e-09,1.84787937287976e-12,-4.40291916318609e-13,-1.37299262131901e-13,NaN
-257.4118712,-0.0319132,-2.60145e-08,1.01333333333335e-09,1.0678579033579e-09,-6.95989820989876e-13,-3.36516486195374e-13,-1.33879555303091e-13,NaN
-247.326279233334,-0.0306628166666667,-2.50818333333333e-08,9.8325e-10,1.06575600795601e-09,1.87691587691837e-13,-1.71676173080978e-14,-1.23521511331697e-13,NaN
-237.229126,-0.029411,-2.4048e-08,1.05775e-09,1.06823328653329e-09,1.3794898794907e-12,1.89309250446406e-13,-1.08631814719727e-13,NaN
-227.1159752,-0.0281572,-2.29663333333333e-08,1.122e-09,1.06851498771499e-09,3.46554346557055e-14,1.52679872279642e-13,-9.74304072522223e-14,NaN
-217.019763,-0.0269055,-2.1804e-08,1.12791666666665e-09,1.0683025974026e-09,1.1798584298474e-13,-2.81573228993983e-14,-9.35198672236399e-14,NaN
-206.9344399,-0.02565515,-2.07105e-08,1.0775e-09,1.06875095940096e-09,-1.24260266760359e-12,-1.73729452855469e-13,-9.92793162602578e-14,NaN
-196.8531498,-0.0244053,-1.9649e-08,1.0345e-09,1.06581739206739e-09,-1.48473733473763e-12,-1.83827133785015e-13,-9.53842675582449e-14,NaN
-186.785303033334,-0.0231571166666667,-1.86415e-08,1.0275e-09,1.06578148473148e-09,1.51976716976681e-12,-1.35465244250801e-13,-7.848509498244e-14,NaN
-176.617841166666,-0.0218965833333333,-1.7594e-08,1.07025e-09,1.06885692640693e-09,3.37842517842581e-12,-1.45951113622213e-13,-6.78599636053591e-14,NaN
-166.5685462,-0.0206507,-1.6501e-08,1.09e-09,1.07253833508834e-09,1.51743009243106e-12,-2.41066199807818e-13,-7.02459437156987e-14,NaN
-156.4473294,-0.0193959,-1.5414e-08,1.079e-09,1.07189178659179e-09,-2.20250087750093e-12,-2.05155216938265e-13,-7.78412097738623e-14,NaN
-146.387951933334,-0.0181487666666667,-1.4343e-08,1.0805e-09,1.06813333333333e-09,-4.3824265824269e-12,-3.45410521542317e-14,-7.4477613457129e-14,NaN
-136.2799096,-0.0168956,-1.3253e-08,1.05391666666665e-09,1.06312693342693e-09,-3.63710951210918e-12,8.6871759370949e-14,-4.56401100676871e-14,NaN
-126.1917634,-0.0156449,-1.22351666666667e-08,1.05e-09,1.06085911430912e-09,-4.17242892242796e-13,1.41594361087291e-13,5.64379476659743e-15,NaN
-116.0511882,-0.0143877,-1.1153e-08,1.0856666666667e-09,1.06229244764245e-09,2.13571721071639e-12,3.53907165315469e-14,5.9692879971723e-14,NaN
-105.9565892,-0.0131362,-1.00638333333333e-08,1.06725e-09,1.06513054873055e-09,2.99605124605089e-12,-7.93613699124477e-14,1.02248479850063e-13,NaN
-95.9191243666664,-0.0118917833333333,-9.0185e-09,1.03791666666665e-09,1.06828455013455e-09,2.53502983503006e-12,4.55325562784109e-14,1.26560517364859e-13,NaN
-85.7811034,-0.0106349,-7.988e-09,1.07575e-09,1.07020060840061e-09,3.02860652861305e-13,1.70535498734866e-13,1.33448191415438e-13,NaN
-75.6789761333334,-0.00938246666666667,-6.867e-09,1.11016666666666e-09,1.06889027144027e-09,-2.57822042821965e-12,3.86455218010097e-14,1.38741739734121e-13,NaN
-65.6072308,-0.0081338,-5.76766666666667e-09,1.062e-09,1.06504416754417e-09,-2.99304726804696e-12,-6.11518466450129e-14,1.58374704691148e-13,NaN
-55.4946177333334,-0.00688006666666667,-4.743e-09,1.03933333333334e-09,1.06290417690418e-09,-3.16549666549527e-13,4.75612600744535e-14,1.92024071592935e-13,NaN
-45.3857688,-0.0056268,-3.689e-09,1.0395e-09,1.06441106821107e-09,2.09012226512188e-12,2.4324171411052e-13,2.26078045247939e-13,NaN
-35.276651,-0.0043735,-2.664e-09,1.07275e-09,1.06708442143442e-09,2.07438867438815e-12,3.73928614446383e-13,2.45831282810425e-13,NaN
-25.1755992,-0.0031212,-1.5435e-09,1.09175e-09,1.06855984555985e-09,1.49467649467815e-13,2.92595403041175e-13,2.47673828858239e-13,NaN
-15.131816,-0.001876,-4.805e-10,1.05933333333333e-09,1.06738335673336e-09,-1.17330349830307e-12,2.24460693730609e-13,2.41214299313856e-13,NaN
-5.033184,-0.000624,5.75166666666667e-10,1.03975e-09,1.06621323856324e-09,5.39265239264901e-13,3.18109984668386e-13,2.34043479681699e-13,NaN
5.07324513333334,0.000628966666666667,1.599e-09,1.03375e-09,1.06846188721189e-09,2.60196852696799e-12,4.65167572175242e-13,2.16039107077282e-13,NaN
15.1568206,0.0018791,2.64266666666667e-09,1.07316666666667e-09,1.07141717561718e-09,1.67511115011107e-12,5.82447941415979e-13,1.72347615676092e-13,NaN
25.2715846,0.0031331,3.74533333333333e-09,1.08275e-09,1.07181210951211e-09,1.62624312624736e-13,5.54830442847278e-13,1.13498540297335e-13,NaN
35.3512615,0.00438275,4.80816666666667e-09,1.10283333333334e-09,1.07174242424243e-09,-8.67678717678892e-13,2.97011772864672e-13,5.92541937063351e-14,NaN
45.4454572,0.0056342,5.951e-09,1.11141666666666e-09,1.07007675207675e-09,-1.49382239382359e-12,-4.62768848220052e-14,1.2304925042924e-14,NaN
55.5690938,0.0068893,7.031e-09,1.0785e-09,1.06875477945478e-09,1.71267696267337e-13,-2.39523890220637e-13,-2.96269206907892e-14,NaN
65.6607352666667,0.00814043333333333,8.108e-09,1.062e-09,1.07041928746929e-09,7.49672399673292e-13,-2.63472462858296e-13,-7.63890977676575e-14,NaN
75.7225325333334,0.00938786666666667,9.155e-09,1.04308333333335e-09,1.07025412425412e-09,-1.66832514332459e-12,-1.67731583744367e-13,-1.31317782331849e-13,NaN
85.8194169,0.01063965,1.01941666666667e-08,1.0615e-09,1.06708263718264e-09,-1.2949631449633e-12,-6.64788962631697e-14,-1.7706530506354e-13,NaN
95.9223507666664,0.0118921833333333,1.1278e-08,1.05941666666665e-09,1.0676641979642e-09,2.43449748449749e-12,-8.80051375331038e-14,-2.14169050388297e-13,NaN
106.007539433334,0.0131425166666667,1.2313e-08,1.0675e-09,1.07195163215163e-09,3.26460746460789e-12,-2.29828138367956e-13,-2.63003990987813e-13,-1.25784517428954e-06
116.1028106,0.0143941,1.3413e-08,1.0915e-09,1.07419341289341e-09,2.55092430092551e-13,-4.50351973230143e-13,-3.23546284185002e-13,-1.54739527218914e-06
126.1828908,0.0156438,1.4496e-08,1.0815e-09,1.07246181701182e-09,-3.43383058383107e-12,-6.19863072081368e-13,-3.80176542737126e-13,-1.81823563917756e-06
136.2799096,0.0168956,1.5576e-08,1.0795e-09,1.06732575172575e-09,-2.72415467415471e-12,-6.38331823502044e-13,-4.15919732368438e-13,-1.98918132871862e-06
146.393867,0.0181495,1.6655e-08,1.0685e-09,1.06701350766351e-09,3.46346671346611e-13,-5.66955195772332e-13,-4.31098527036127e-13,-2.06177556408582e-06
156.4953221,0.01940185,1.7713e-08,1.08641666666665e-09,1.06801844506844e-09,-6.33570258570774e-13,-5.91578855183618e-13,-4.42054020044979e-13,-2.11417140021512e-06
166.5895178,0.0206533,1.88278333333333e-08,1.07125e-09,1.06574636714637e-09,-1.72065344565349e-12,-7.46945656299752e-13,-4.41829230224565e-13,-2.11309631846531e-06
176.6381406,0.0218991,1.98555e-08,1.02208333333335e-09,1.06457713817714e-09,-7.12595062594588e-13,-7.31459039096736e-13,-4.20823647576049e-13,-2.01263483623328e-06
186.772935166666,0.0231555833333333,2.0872e-08,1.01425e-09,1.06432117702118e-09,-1.38512928512916e-12,-4.15167656978764e-13,-3.85053256197987e-13,-1.84155905138168e-06
196.854763,0.0244055,2.1884e-08,1.059e-09,1.06180687960688e-09,-2.21160348660374e-12,-1.31897166137213e-13,-3.31521580839579e-13,-1.58553799531973e-06
206.9550082,0.0256577,2.299e-08,1.07541666666665e-09,1.05989797004797e-09,-1.92927342927334e-13,-9.80464311000688e-14,-2.61190303505316e-13,-1.24917101676455e-06
217.053909066666,0.0269097333333333,2.40348333333333e-08,1.091e-09,1.06142102492102e-09,1.6830145080144e-12,-1.33317217994202e-13,-1.92167637228578e-13,-9.1906261283233e-07
227.1087158,0.0281563,2.5172e-08,1.08008333333335e-09,1.063263999064e-09,1.26778986778977e-12,-1.63211637400781e-13,-1.31229210284388e-13,-6.27617962229682e-07
237.217564733334,0.0294095666666667,2.6195e-08,1.04508333333335e-09,1.0639566046566e-09,3.42743067743878e-13,-1.27683518215307e-13,-7.36307489990929e-14,-3.52147060430444e-07
247.2971072,0.0306592,2.72621666666667e-08,1.069e-09,1.06394948519949e-09,-9.240113490102e-13,-3.38660052156191e-14,-1.85668884333873e-14,-8.87981620727219e-08
257.424911233334,0.0319148166666667,2.8333e-08,1.11191666666665e-09,1.06210858195858e-09,-9.30112905112688e-13,-9.68002092202909e-14,4.25551526677939e-14,2.03524643193797e-07
267.497328733334,0.0331635666666667,2.9486e-08,1.065e-09,1.06208925938926e-09,7.75915525905895e-14,-1.21859491606664e-13,1.09441916263182e-13,5.23417860389131e-07
277.608059733334,0.0344170666666667,3.0463e-08,1.012e-09,1.06226376506377e-09,-2.47227097228161e-13,9.94067069445235e-14,1.71386586747629e-13,8.19674980097356e-07
287.734385,0.0356725,3.151e-08,9.9991666666665e-10,1.0615948051948e-09,4.82689832689974e-13,3.91231033835548e-13,2.28830847169807e-13,1.09440839950777e-06
297.8152718,0.0369223,3.24628333333333e-08,1.055e-09,1.06322914472915e-09,1.8675587925594e-12,5.94353810900083e-13,2.74376748020448e-13,1.31223662096736e-06
307.9239863,0.03817555,3.362e-08,1.13558333333335e-09,1.06532992277992e-09,1.49918684918711e-12,5.48294838077304e-13,2.99463604446241e-13,1.43221723865594e-06
317.9867246,0.0394231,3.4734e-08,1.06316666666665e-09,1.06622751842752e-09,2.43336843337212e-13,4.6821929374236e-13,3.14027198582255e-13,1.50186921061078e-06
328.109823466666,0.0406781333333333,3.57463333333333e-08,1.05358333333335e-09,1.0658165964666e-09,1.0727067977069e-12,5.61709688952649e-13,3.23474196368997e-13,1.54705050437346e-06
338.1960876,0.0419286,3.68411666666667e-08,1.10333333333335e-09,1.06837293202293e-09,3.26054171054134e-12,4.84012043455714e-13,3.1450556072677e-13,1.50415702956281e-06
348.2922998,0.0431803,3.7953e-08,1.05691666666665e-09,1.07233767988768e-09,1.55566573066556e-12,3.09455897300736e-13,2.7699914540216e-13,1.32477852148859e-06
358.4030308,0.0444338,3.8955e-08,1.0115e-09,1.07148426348426e-09,-3.20570668070665e-12,3.41664082931186e-13,2.22820566946643e-13,1.06566358104916e-06
368.4919836,0.0456846,3.9976e-08,1.0955e-09,1.06592626652627e-09,-3.72561132561084e-12,3.15138122354665e-13,1.79194019030808e-13,8.57014873625603e-07
378.5809364,0.0469354,4.1146e-08,1.103e-09,1.06403304083304e-09,4.35787410787487e-13,1.56777083730381e-13,1.56110662658547e-13,7.4661621271479e-07
388.6779552,0.0481872,4.2182e-08,1.0535e-09,1.06679784134784e-09,1.24766877266811e-12,1.26359910141954e-13,1.30143999438868e-13,6.22427823403282e-07
398.773629666667,0.0494388333333333,4.3253e-08,1.06383333333335e-09,1.06652837837838e-09,4.75315900315784e-13,7.26447619778499e-14,9.03413031636344e-14,4.32067102086947e-07
408.8752192,0.0506912,4.43096666666667e-08,1.06575e-09,1.06774847314847e-09,6.32795132796164e-13,-4.31305744714731e-14,4.19199247467782e-14,2.00486596615026e-07
418.968205,0.0519425,4.53845e-08,1.0673333333333e-09,1.06779396864397e-09,1.31195156196026e-13,-6.13651312054765e-14,-1.35261935312223e-14,-6.46904908014979e-08
429.0531248,0.0531928,4.64443333333333e-08,1.09125e-09,1.06801086346087e-09,1.4788668538657e-12,-1.69875455654649e-13,-7.41513684790646e-14,-3.54636979682483e-07
439.1489337,0.05444445,4.7567e-08,1.067e-09,1.0707517023517e-09,8.77846027844824e-13,-2.67321581494933e-13,-1.44763898494842e-13,-6.9234907975794e-07
449.252002,0.055697,4.85783333333333e-08,1.05733333333335e-09,1.06976655551656e-09,-9.95162045161718e-13,-2.34313963920877e-13,-2.15861838602037e-13,-1.03238270635757e-06
459.348751933334,0.0569487666666667,4.96816666666667e-08,1.08533333333335e-09,1.06876137826138e-09,-1.30616590616576e-12,-3.66814050675175e-13,-2.73654601677101e-13,-1.30878287758614e-06
469.4274878,0.0581983,5.0749e-08,1.06125e-09,1.06715422370422e-09,-2.17408447408498e-12,-4.92836063124019e-13,-3.1901088821206e-13,-1.52570424797072e-06
479.5253132,0.0594502,5.18041666666667e-08,1.04199999999999e-09,1.06441320931321e-09,-8.56098631098632e-13,-4.340318885073e-13,-3.51005260749001e-13,-1.67872081227783e-06
489.630263566667,0.0607029833333333,5.2833e-08,1.0695e-09,1.06544202644203e-09,-3.21264771264817e-13,-4.82395270419299e-13,-3.75916014160194e-13,-1.79785919815745e-06
499.719619666667,0.0619538333333333,5.39431666666667e-08,1.0965e-09,1.06377067977068e-09,-1.87656780156799e-12,-5.82106462262791e-13,-3.92972058471773e-13,-1.87943158399544e-06
509.799565433334,0.0632035166666667,5.5026e-08,1.05141666666665e-09,1.06168889083889e-09,1.02071487071544e-12,-4.59943515308657e-13,-3.87437405396722e-13,-1.85296150407128e-06
519.9178247,0.06445795,5.6046e-08,9.96000000000001e-10,1.06581210951211e-09,2.37412249912275e-12,-2.08934798122278e-13,-3.72875393991392e-13,-1.78331710169796e-06
530.014977933334,0.0657097666666667,5.7018e-08,1.04133333333335e-09,1.06643713583714e-09,-1.66368901368904e-12,-2.90596566307765e-14,-3.6465814677387e-13,-1.74401722370112e-06
540.1058128,0.0669608,5.81286666666667e-08,1.137e-09,1.06248473148473e-09,-1.76234643734605e-12,-1.31719695357914e-13,-3.49074819177442e-13,-1.66948826563124e-06
550.1931524,0.0682114,5.9292e-08,1.10366666666665e-09,1.06291244296244e-09,-3.42222417222946e-13,-4.82460737097534e-13,-3.23043857426332e-13,-1.5449923616042e-06
560.3014636,0.0694646,6.0336e-08,1.00875e-09,1.06180028665029e-09,-1.98121855621981e-12,-5.48984599762099e-13,-2.90078072379228e-13,-1.38732991137892e-06
570.3783174,0.0707139,6.13095e-08,1.0955e-09,1.05895000585e-09,4.29832104831932e-13,-4.14332819871655e-13,-2.44559992423031e-13,-1.16963474637102e-06
580.4753362,0.0719657,6.2527e-08,1.05875e-09,1.06265995085995e-09,2.28071838071921e-12,-3.75021471102582e-13,-2.00551228298648e-13,-9.59158048384838e-07
590.612685,0.0732225,6.3427e-08,1.04641666666665e-09,1.06351144261144e-09,-3.96443196443416e-13,-2.84474520401211e-13,-1.64553004586945e-13,-7.86992630633215e-07
600.6661474,0.0744689,6.46198333333333e-08,1.0605e-09,1.06186706446706e-09,3.58652158651235e-13,-1.21357997648047e-13,-1.21123334723934e-13,-5.79285513897076e-07
610.7752652,0.0757222,6.5548e-08,1.0491666666667e-09,1.06422874692875e-09,-1.35714285714652e-13,4.9592104286654e-14,-8.06708733881608e-14,-3.85817220552073e-07
620.8714774,0.0769739,6.67181666666667e-08,1.0985e-09,1.06159563589563e-09,-2.68221013220958e-12,4.76439537778716e-14,-4.40889415261407e-14,-2.10860155125021e-07
630.9664797,0.07822545,6.7745e-08,1.03991666666665e-09,1.05886432666433e-09,5.24166374166984e-13,-1.05569158337879e-14,6.59124099813991e-15,3.1523326512843e-08
641.062019733334,0.0794770666666667,6.8798e-08,1.014e-09,1.06264396864397e-09,1.43527846027858e-12,1.04751819713643e-13,5.27971448555659e-14,2.52508084091837e-07
651.1391424,0.0807264,6.9773e-08,1.079e-09,1.06173488358488e-09,-1.06740376740276e-12,2.17357964260999e-13,8.45660341326834e-14,4.0444625019979e-07
661.243689466667,0.0819791333333333,7.0956e-08,1.085e-09,1.06050916110916e-09,1.65842693342755e-12,2.79361949780298e-13,1.14119847916362e-13,5.45790576991296e-07
671.3327767,0.08322995,7.1943e-08,1.0915e-09,1.06505173745174e-09,2.47500292500312e-12,2.85649798280779e-13,1.29759455719371e-13,6.20588701266557e-07
681.469453333334,0.0844866666666667,7.3139e-08,1.0975e-09,1.06545916695917e-09,-1.49123669123682e-12,1.04467098552775e-13,1.30508738235599e-13,6.24172226344169e-07
691.5554486,0.0857371,7.4138e-08,1.002e-09,1.06206926406926e-09,-2.13005733005871e-12,4.08806958966352e-14,1.40649412054876e-13,6.72671101132016e-07
701.6730357,0.08699145,7.5143e-08,1.027e-09,1.06119905229905e-09,-1.94101146601173e-12,2.24625665127485e-13,1.63080415002404e-13,7.79949810881063e-07
711.7365806,0.0882391,7.6192e-08,1.07591666666665e-09,1.05818724113724e-09,-5.54247104245582e-13,3.18409821389281e-13,1.90589494115863e-13,9.11514971858475e-07
721.8279532,0.0894902,7.72948333333333e-08,1.05541666666665e-09,1.06009055809056e-09,4.38153445653505e-12,2.93054515770646e-13,2.11274424938211e-13,1.0104429018784e-06
731.901446166667,0.0907390833333333,7.83028333333333e-08,1.11458333333336e-09,1.06695031005031e-09,2.49927752427711e-12,1.70164258061302e-13,2.00418380909019e-13,9.58522691304004e-07
742.010026233334,0.0919923166666667,7.9524e-08,1.12508333333335e-09,1.06508911313911e-09,-8.85951210950991e-13,-2.74025045913398e-14,1.72558192467215e-13,8.25278311799724e-07
752.0637575,0.09323875,8.0553e-08,9.77083333333345e-10,1.06517840762841e-09,8.06765531765344e-13,5.07307406776782e-14,1.46657513759815e-13,7.0140550059042e-07
762.1595664,0.0944904,8.14781666666667e-08,1.02799999999999e-09,1.06670264420265e-09,8.17655317678094e-14,2.30140385560938e-13,1.12622173354611e-13,5.38627785609009e-07
772.2840096,0.0957456,8.2609e-08,1.08691666666665e-09,1.06534193869195e-09,-2.27399379898922e-12,1.387230681553e-13,7.38342454293554e-14,3.53120304227352e-07
782.3947406,0.0969991,8.3652e-08,1.01983333333335e-09,1.06215465660467e-09,-1.32252544752501e-12,1.67793366704342e-13,4.2462930155496e-14,2.03083579004546e-07
792.478988233334,0.0982493166666667,8.46486666666667e-08,1.1185e-09,1.0626968877969e-09,2.72545337544733e-12,2.02971232959927e-13,1.76476381361575e-14,8.44017476077098e-08
802.5960376,0.0995036,8.5889e-08,1.12816666666665e-09,1.06760556335556e-09,3.04032409031859e-12,-1.0248757690022e-13,-1.69625775814906e-14,-8.11253710419116e-08
812.6728914,0.1007529,8.6905e-08,1.00833333333335e-09,1.06877753597753e-09,-1.35674505674662e-12,-2.20036270036618e-13,-6.22507894092047e-14,-2.97721166739675e-07
822.7691036,0.1020046,8.79056666666667e-08,1.09233333333335e-09,1.06489207324207e-09,-3.30073710074433e-12,-1.45829385452132e-13,-9.98957832411006e-14,-4.77762441587872e-07
832.8572498,0.1032553,8.90896666666667e-08,1.08408333333329e-09,1.06217606177604e-09,-1.9526793026846e-12,-1.7902103673572e-13,-1.25123239801472e-13,-5.98415494702692e-07
842.9591082,0.1045077,9.00738333333333e-08,9.64000000000001e-10,1.0609867146367e-09,-6.04969579963672e-13,-3.56077550335496e-14,-1.3944487803285e-13,-6.66910286244065e-07
853.0472544,0.1057584,9.10176666666667e-08,1.08175e-09,1.06096612261612e-09,2.1437960687979e-12,8.88153115988462e-14,-1.44358718042315e-13,-6.90411260202376e-07
863.150726,0.107011,9.22373333333333e-08,1.14266666666665e-09,1.06527430677429e-09,2.90987773487283e-12,-1.50966494681572e-13,-1.57010442403903e-13,-7.50919507149101e-07
873.2304029,0.10826065,9.3303e-08,1.02291666666671e-09,1.06678587808586e-09,-7.01357201353788e-13,-3.42244254437578e-13,-1.83575300417426e-13,-8.77968828083342e-07
883.3254052,0.1095122,9.42831666666667e-08,1.1045e-09,1.06387159237159e-09,-3.0808968058878e-12,-4.11329491753772e-13,-2.05464629026342e-13,-9.82656921430331e-07
893.445949833336,0.110766916666667,9.5512e-08,1.1035833333333e-09,1.06062408447409e-09,-1.52859775359445e-12,-4.91521003163181e-13,-2.09150818137396e-13,-1.00028652152668e-06
903.504386266664,0.112013933333333,9.64903333333333e-08,9.61833333333348e-10,1.0608143968644e-09,1.94036211535927e-12,-2.88967739876208e-13,-1.98755895537969e-13,-9.50571674312026e-07
913.622645533336,0.113268366666667,9.74356666666667e-08,1.05175e-09,1.0645048087048e-09,2.29679127178725e-12,-1.52968006729807e-13,-1.93214583518029e-13,-9.24069747260139e-07
923.723025166664,0.114520583333333,9.85938333333333e-08,1.09316666666665e-09,1.06540797940797e-09,-1.91337018836957e-12,-2.45211957681942e-13,-2.01676249274209e-13,-9.64538583485347e-07
933.8484094,0.1157759,9.9622e-08,1.02658333333335e-09,1.06067806832807e-09,-2.71547034046356e-12,-1.81211002543634e-13,-2.02790881732045e-13,-9.6986943437065e-07
943.9111477,0.11702345,1.00647e-07,1.07541666666651e-09,1.05997703872705e-09,9.34880659889062e-13,-1.09667376961149e-13,-1.88100170921666e-13,-8.9960951310362e-07
953.9972774,0.1182739,1.01772833333333e-07,1.1424166666665e-09,1.06254782964784e-09,-1.104928629925e-12,-2.19404182959297e-13,-1.74974933296578e-13,-8.36836637505373e-07
964.1023622,0.1195267,1.02931833333333e-07,1.051e-09,1.0577671814672e-09,-2.12052767052722e-12,-2.75943991971949e-13,-1.49946734731094e-13,-7.1713655740958e-07
974.199112133336,0.120778466666667,1.03874833333333e-07,9.89083333333498e-10,1.05830677430679e-09,3.02358722358701e-12,-7.74668879178452e-14,-1.09741750410622e-13,-5.24851849789931e-07
984.285914,0.122029,1.0491e-07,1e-09,1.06381435591437e-09,2.32043992043923e-12,1.3744464845356e-13,-8.85855056050414e-14,-4.23669809415415e-07
994.3918054,0.1232819,1.05874833333333e-07,1.075e-09,1.06294765414767e-09,-7.4681174681487e-13,1.38219647947322e-13,-8.32064733314298e-14,-3.97944002889447e-07
1004.491244,0.124534,1.0706e-07,1.11816666666699e-09,1.06232073242074e-09,-9.61697086702959e-13,4.44300182637731e-14,-7.30439936346845e-14,-3.49340839122404e-07
1014.5640648,0.1257828,1.08111166666667e-07,1.10825e-09,1.06102425997426e-09,-2.78002223002057e-12,-6.64367172895237e-14,-5.51372508956974e-14,-2.63699895588118e-07
1024.6618902,0.1270347,1.092765e-07,1.1069166666665e-09,1.0567606879607e-09,-1.47856557855752e-12,-2.20716601487003e-13,-1.85315530849678e-14,-8.86291669281069e-08
1034.7540694,0.1282859,1.10325e-07,1.02108333333351e-09,1.05806712881715e-09,3.54534339534333e-12,-2.01486048917005e-13,3.10656750812836e-14,1.48574967780052e-07
1044.85646553334,0.129538366666667,1.11318666666667e-07,9.673333333335e-10,1.06385137475139e-09,2.12012987012763e-12,9.30371719094411e-14,6.28020279249174e-14,3.00357524858301e-07
1054.9432674,0.1307889,1.12259666666667e-07,1.0691666666665e-09,1.0623073885574e-09,-9.55481455479183e-13,2.90914232917237e-13,7.61664047738639e-14,3.64274109788045e-07
1064.99780526666,0.132035433333333,1.13457e-07,1.1336666666665e-09,1.06194041184043e-09,1.84500409503497e-13,1.29279385436837e-13,8.40146037427122e-14,4.01808974421667e-07
1075.1114938,0.1332893,1.14527e-07,1.0405e-09,1.06267638937641e-09,-1.05460102959918e-12,-9.86799364269833e-14,8.53981165129226e-14,4.08425774627021e-07
1085.19937113334,0.134539966666667,1.15538e-07,1.01433333333349e-09,1.05983120978123e-09,-6.19547794551721e-13,-2.21973408412103e-14,9.22503539103365e-14,4.41197344788566e-07
1095.3377954,0.1357969,1.16555666666667e-07,1.10583333333349e-09,1.06143729378731e-09,1.75606353106325e-12,1.89962201445871e-13,1.00593452823366e-13,4.81099122198707e-07
1105.43656183334,0.137048916666667,1.17749666666667e-07,1.09725000000001e-09,1.06334333684336e-09,1.34804609804098e-13,1.93913954317854e-13,9.76187740747074e-14,4.66872397748601e-07
1115.5205406,0.1382991,1.18750166666667e-07,1.03866666666651e-09,1.06170690300691e-09,-6.57224757235643e-13,1.29005339663889e-13,9.28558126191081e-14,4.44093016873995e-07
1125.6046538,0.1395493,1.19827e-07,1.0084166666665e-09,1.06202888732888e-09,9.84971334963261e-13,2.12022779252695e-13,9.15086065540505e-14,4.37649857432415e-07
1135.704899,0.1408015,1.20767e-07,1.108e-09,1.06367684567684e-09,4.0630923130954e-13,8.79227456725518e-14,8.54164955246222e-14,4.08513674248193e-07
1145.7753,0.14205,1.22043e-07,1.09549999999999e-09,1.0628415057915e-09,-1.40365040364878e-12,-1.46354393601276e-13,7.12898841960099e-14,3.40951620067873e-07
1155.918295,0.1433075,1.22958e-07,1.003e-09,1.06086954486954e-09,-9.27290277292076e-13,2.98342013057301e-14,5.93518132989694e-14,2.83856498386375e-07
1165.9987785,0.14455725,1.24049e-07,1.019e-09,1.06098692523692e-09,-1.66590616595131e-13,3.22599320429044e-13,5.23855504629914e-14,2.50539589170828e-07
1176.09727606666,0.145809233333333,1.24996e-07,1.09333333333351e-09,1.06053636363635e-09,-5.93494793494311e-13,3.63762334856138e-13,4.39310209985059e-14,2.10104883036333e-07
1186.1964458,0.1470613,1.26235666666667e-07,1.1218333333335e-09,1.05979993564993e-09,4.35135135138141e-13,2.10637140787949e-13,3.25472441414647e-14,1.55660732850483e-07
1196.2829788,0.1483118,1.27239666666667e-07,1.0694166666665e-09,1.06140663390663e-09,2.91633029133034e-12,-7.20303824147914e-14,1.34817501532105e-14,6.44779355153546e-08
1206.387257,0.1495645,1.283745e-07,1.04416666666651e-09,1.06563259623259e-09,2.61288756289059e-12,-2.71465182322601e-13,-1.96559517686959e-14,-9.40067258502847e-08
1216.47379,0.150815,1.29328e-07,1.00408333333349e-09,1.06663240903241e-09,-2.27478647477964e-12,-1.41482851845176e-13,-5.44048988650337e-14,-2.60197342397987e-07
1226.55561783334,0.152064916666667,1.30382666666667e-07,1.05149999999999e-09,1.06108302328303e-09,-4.22385632385306e-12,3.02972609928677e-14,-6.12771475816383e-14,-2.93064618868705e-07
1236.67441483334,0.153319416666667,1.31431e-07,1.11299999999999e-09,1.0581846963847e-09,7.82710307708135e-13,4.41259308833642e-15,-3.669290544711e-14,-1.75487808660091e-07
1246.73352343334,0.154566516666667,1.32608666666667e-07,1.11391666666651e-09,1.06264844389845e-09,3.91185503684679e-12,-5.00201126040396e-14,-1.33121853652371e-14,-6.36669734859166e-08
1256.84264123334,0.155819816666667,1.33658833333333e-07,1.0535e-09,1.0660084064584e-09,1.03852521351793e-12,-1.02930294623987e-13,-8.96014533440513e-15,-4.28528689906332e-08
1266.92957753334,0.157070366666667,1.34715666666667e-07,1.0160833333335e-09,1.06472549432548e-09,-1.21131683631377e-12,-9.10588609148495e-14,-1.23147918886068e-15,-5.88968307715977e-09
1277.03264583334,0.158322916666667,1.35691e-07,1.04416666666649e-09,1.06358577278577e-09,-8.24684099678721e-13,1.03241597279718e-14,3.17297720904174e-14,1.51751083910692e-07
1287.1242873,0.15957405,1.36804e-07,1.0560833333335e-09,1.06307612612613e-09,-9.4778869778989e-13,6.08293193347745e-14,8.32750538654841e-14,3.98271996747967e-07
1297.2281622,0.1608267,1.37803166666667e-07,1.05458333333351e-09,1.06169019539019e-09,-1.33156955657918e-12,1.43442166029878e-14,1.44939033725358e-13,6.93186683034321e-07
1307.3094523,0.16207655,1.38913166666667e-07,1.11041666666649e-09,1.06041298701297e-09,1.41291973790997e-12,-4.73803010572554e-14,2.17247384461392e-13,1.03900923003274e-06
1317.40673996666,0.163328383333333,1.40024e-07,1.0994166666665e-09,1.06451603486601e-09,3.09158476658583e-12,-9.61276575162697e-15,2.80967655530405e-13,1.34375835253672e-06
1327.50698516666,0.164580583333333,1.41112e-07,1.05650000000001e-09,1.06659615654614e-09,-9.53922428914612e-13,8.06191909846481e-14,3.27066515722175e-13,1.56423116214953e-06
1337.60427283334,0.165832416666667,1.42137e-07,9.87500000000008e-10,1.06260819000818e-09,-4.41636539136222e-12,2.10337858679744e-13,3.84333082810379e-13,1.83811474387573e-06
1347.719709,0.1670865,1.43087e-07,1.05649999999999e-09,1.05776342576342e-09,-2.34636714636467e-12,3.42077609968243e-13,4.69591768405982e-13,2.24587367498513e-06
1357.8167278,0.1683383,1.4425e-07,1.1235833333335e-09,1.05791545571545e-09,1.67486837487634e-12,4.26846411330429e-13,5.6771447729331e-13,2.71515619575061e-06
1367.8992278,0.1695883,1.45334166666667e-07,1.08550000000001e-09,1.06111316251317e-09,3.0260705510727e-12,6.06863161771845e-13,6.5467683336967e-13,3.13106311611581e-06
1377.99853196666,0.170840383333333,1.46421e-07,1.03591666666649e-09,1.0639675968176e-09,2.52579267578355e-12,9.11655199710786e-13,7.11619405718078e-13,3.40339715778211e-06
1388.069874,0.172089,1.47406e-07,1.01599999999999e-09,1.06616474786474e-09,5.29586404584226e-13,1.13971869870127e-12,7.3480356823865e-13,3.51427793505441e-06
1398.188671,0.1733435,1.48453e-07,1.09350000000001e-09,1.06502676962677e-09,-1.23288873288013e-12,9.95318942771507e-13,7.42853888733555e-13,3.55277946785613e-06
1408.2840766,0.1745951,1.49593e-07,1.1354166666665e-09,1.06369897039897e-09,2.74710424714471e-13,6.58329024987007e-13,7.46567684633907e-13,3.57054110042303e-06
1418.377869,0.1758465,1.50723833333333e-07,1.04691666666649e-09,1.06557619047619e-09,2.28948753948747e-12,6.70744626692359e-13,7.36484753011855e-13,3.52231838396974e-06
1428.4502865,0.17709525,1.51686833333333e-07,9.7058333333351e-10,1.06827794547795e-09,1.33112495612374e-12,1.01604895902701e-12,7.06529026711099e-13,3.37905186687917e-06
1438.5436756,0.1783466,1.52665e-07,1.0240833333335e-09,1.06823844038844e-09,1.21609921607816e-13,1.18000323362257e-12,6.55435781902735e-13,3.1346928699696e-06
1448.6406944,0.1795984,1.53735e-07,1.11399999999999e-09,1.06852116532117e-09,5.57912132907897e-13,9.91868879131311e-13,5.82968090233315e-13,2.78810825763759e-06
1458.7594914,0.1808529,1.54893e-07,1.1175e-09,1.06935426465426e-09,4.14885339885254e-13,6.98666202568324e-13,4.90516081968725e-13,2.34594647898086e-06
1468.8540904,0.1821044,1.5597e-07,1.09300000000001e-09,1.06935093600094e-09,2.02994325495208e-12,4.36738881488792e-13,3.78886340270917e-13,1.81206510564352e-06
1478.92516356666,0.183352983333333,1.57079e-07,1.05108333333351e-09,1.07341415116416e-09,4.90234585234899e-12,2.43429331333922e-13,2.38838513233339e-13,1.1422711502464e-06
1489.0489346,0.1846081,1.58072166666667e-07,1.01508333333351e-09,1.07915562770563e-09,3.14457411956846e-12,2.56080935497199e-13,6.31746387996387e-14,3.02139576867837e-07
1499.118529,0.1858565,1.59109166666667e-07,1.05241666666651e-09,1.0797032994033e-09,1.89923364919686e-13,3.25626935002779e-13,-1.32318968120971e-13,-6.32829847535079e-07
1509.245392,0.187112,1.60177e-07,1.10141666666648e-09,1.07953547443547e-09,-9.79864279864158e-13,1.01439346814508e-13,-3.34104307436201e-13,-1.59789016599922e-06
1519.323859,0.1883615,1.61312e-07,1.13799999999999e-09,1.07774357084357e-09,-9.8911313911287e-13,-4.3870718484623e-13,-5.37934511249896e-13,-2.57273027119515e-06
1529.4555616,0.1896176,1.62453e-07,1.10950000000001e-09,1.07755724815725e-09,-9.93181818178053e-13,-9.7327652975598e-13,-7.41443818736194e-13,-3.54603565482528e-06
1539.5380616,0.1908676,1.63531e-07,1.08749999999999e-09,1.07575720720721e-09,-3.03151398150871e-12,-1.25658279166883e-12,-9.37199252806524e-13,-4.4822572960312e-06
1549.6608916,0.1921226,1.64628e-07,1.05199999999999e-09,1.07149422019423e-09,-4.20146542646781e-12,-1.32041740479621e-12,-1.10414841873524e-12,-5.28070982873376e-06
1559.7280662,0.1933707,1.65635e-07,1.03233333333351e-09,1.06735427635428e-09,-3.07318357318726e-12,-1.263768439069e-12,-1.22856099090108e-12,-5.87572647822256e-06
1569.8226652,0.1946222,1.66692666666667e-07,1.0505e-09,1.06534785304786e-09,3.11223236224028e-13,-1.29952707579487e-12,-1.31780461980468e-12,-6.30254383384847e-06
1579.9168609,0.19587365,1.67736e-07,1.09216666666649e-09,1.06797672282673e-09,2.20815783315428e-12,-1.51777502532506e-12,-1.39715730027215e-12,-6.6820566534755e-06
1590.01979476666,0.197126183333333,1.68877e-07,1.08975000000001e-09,1.06976416871416e-09,-1.3955890956023e-12,-1.73005497999302e-12,-1.47698449879118e-12,-7.06383890726216e-06
1600.0854906,0.1983741,1.699155e-07,1.0909166666665e-09,1.06518554463552e-09,-6.54719492220083e-12,-1.86250506182523e-12,-1.52832419773495e-12,-7.3093765978628e-06
1610.191382,0.199627,1.71058833333333e-07,1.10774999999999e-09,1.05666977886976e-09,-6.28923306421982e-12,-1.9864197520668e-12,-1.51951252011319e-12,-7.26723379184569e-06
1620.26366506666,0.200875733333333,1.72131e-07,1.05708333333352e-09,1.05260707850708e-09,-1.32280332279477e-12,-2.04062409726845e-12,-1.45746031473029e-12,-6.97046237479704e-06
1630.37345503334,0.202129116666667,1.73173e-07,1.05749999999999e-09,1.05402417222417e-09,1.39202644201999e-12,-1.99026095605119e-12,-1.36971333666862e-12,-6.5508029145021e-06
1640.479212,0.203382,1.74246e-07,1.083e-09,1.05539113139112e-09,7.3569673569189e-13,-1.94121501931693e-12,-1.2711686879337e-12,-6.07950242055248e-06
1650.565745,0.2046325,1.75339e-07,9.70250000000009e-10,1.05549556569556e-09,-1.56539429038697e-12,-1.70109608309216e-12,-1.1623159264234e-12,-5.55890225680757e-06
1660.6571176,0.2058836,1.761865e-07,9.61999999999993e-10,1.05226034281035e-09,-4.2922370422221e-12,-1.19040520623048e-12,-1.03422159087133e-12,-4.94627717373245e-06
1670.7662354,0.2071369,1.77263e-07,1.06875000000001e-09,1.04691109161111e-09,-4.30256230256116e-12,-8.02694974699792e-13,-8.71338254906272e-13,-4.16726991476913e-06
1680.84134156666,0.208385983333333,1.78324e-07,1.04450000000001e-09,1.04365521820523e-09,-1.78163098164169e-12,-5.54334916962803e-13,-6.71249291202735e-13,-3.21032269705656e-06
1690.9647093,0.20964105,1.79352e-07,9.87999999999982e-10,1.04334782964783e-09,1.62560840059997e-12,-2.43729275446246e-13,-4.52299261988143e-13,-2.16317038342155e-06
1701.058905,0.2108925,1.803e-07,9.86499999999994e-10,1.04690643500643e-09,3.59145314144992e-12,1.60281639280637e-13,-2.44730445349688e-13,-1.17044995602025e-06
1711.117207,0.2121395,1.81325e-07,1.09300000000001e-09,1.05053073593073e-09,2.75202995203703e-12,4.82230034755034e-13,-6.77954230633577e-14,-3.24238979868232e-07
1721.20374,0.21339,1.82486e-07,1.14050000000001e-09,1.0524104949105e-09,2.49502749506708e-13,4.96772404752331e-13,8.68457125061776e-14,4.15349059812154e-07
1731.30909366666,0.214642833333333,1.83606e-07,1.10500000000001e-09,1.05102974142974e-09,-2.37655025155016e-12,3.7358237376984e-13,2.37975092815212e-13,1.13814174824667e-06
1741.392938,0.215893,1.84696e-07,1.02524999999999e-09,1.0476573944074e-09,-2.19405639405446e-12,4.17386846533118e-13,3.98079671473865e-13,1.90385929835327e-06
1751.548032,0.217152,1.856565e-07,9.7449999999998e-10,1.04664162864163e-09,1.80414180406165e-13,7.51046587605936e-13,5.58491101586112e-13,2.6710443988901e-06
1761.61574433334,0.218400166666667,1.86645e-07,1.03525e-09,1.04801822276821e-09,2.00044167543095e-12,1.17529043338531e-12,6.99025487939155e-13,3.34316537710031e-06
1771.688834,0.219649,1.87727e-07,1.10733333333351e-09,1.0506425119925e-09,3.5732362232301e-12,1.30250390496479e-12,8.08981459672125e-13,3.86904176364929e-06
1781.7794,0.2209,1.88859666666667e-07,1.1235e-09,1.05516469521467e-09,4.27569030068671e-12,1.05298696924904e-12,8.82424382952237e-13,4.22029052716287e-06
1791.86862166666,0.222150833333333,1.89974e-07,1.06333333333299e-09,1.05919389259387e-09,2.85271440271815e-12,7.79510497423261e-13,9.16103489028572e-13,4.38136451274534e-06
1801.94977733334,0.223400666666667,1.90986333333333e-07,1.02100000000001e-09,1.06087012402011e-09,1.75639113139608e-12,7.51695991027791e-13,9.16998976589452e-13,4.38564727934086e-06
1812.11831466666,0.224661333333333,1.92016e-07,1.03033333333352e-09,1.06270667485666e-09,2.50395167895616e-12,9.18875548795187e-13,8.92900750521056e-13,4.27039489379635e-06
1822.198126,0.225911,1.93047e-07,1.041e-09,1.06587802737802e-09,5.62568737572581e-13,1.09496455335888e-12,8.40253572607281e-13,4.01860404290439e-06
1832.27256,0.22716,1.94098e-07,1.0809166666665e-09,1.06383181233181e-09,-1.92991692991695e-12,1.08048002593675e-12,7.69547341463018e-13,3.68044380699704e-06
1842.371192,0.228412,1.95208833333333e-07,1.09441666666649e-09,1.06201819351819e-09,2.85840060840358e-13,8.36039309699515e-13,6.98385779589677e-13,3.34010590238541e-06
1852.44293733334,0.229660666666667,1.96286833333333e-07,1.08308333333348e-09,1.06440349245349e-09,1.55559845559598e-12,5.14343338384589e-13,6.19359711682783e-13,2.9621551428307e-06
1862.528126,0.230911,1.97375e-07,1.07225000000001e-09,1.06512939042938e-09,-8.21396396398761e-13,2.09333290706914e-13,5.27780496020145e-13,2.52416758966156e-06
1872.69397466666,0.232171333333333,1.98431333333333e-07,1.03333333333351e-09,1.06276069966069e-09,-3.67241137241023e-12,1.22114130103938e-13,4.37520784985844e-13,2.09249071080186e-06
1882.773786,0.233421,1.99441666666667e-07,1.01149999999998e-09,1.05778456768456e-09,-2.67973850473954e-12,3.43183947510855e-13,3.67308521809604e-13,1.75669293039376e-06
1892.856286,0.234671,2.00454333333333e-07,1.03233333333299e-09,1.05740122265121e-09,2.04362056861793e-12,5.4495251680395e-13,3.17400276458974e-13,1.51800132219509e-06
1902.94819633334,0.235922166666667,2.01506333333333e-07,1.07675000000001e-09,1.06187180882179e-09,4.13932666433221e-12,4.71063239900234e-13,2.63226791789247e-13,1.25891074333988e-06
1913.021286,0.237171,2.02607833333333e-07,1.11050000000002e-09,1.06567987597987e-09,1.22257517258639e-12,1.41126263292384e-13,1.89710629525819e-13,9.0731170642783e-07
1923.10244166666,0.238420833333333,2.03727333333333e-07,1.08049999999999e-09,1.06431695916697e-09,-2.67909207908395e-12,-1.95167326797218e-13,1.10163960951149e-13,5.26871117592452e-07
1933.194352,0.239672,2.04768833333333e-07,1.0763333333335e-09,1.06032169182171e-09,-3.2998742248677e-12,-3.74118372905423e-13,4.99647050805189e-14,2.38961632993786e-07
1943.34810166666,0.240930833333333,2.0588e-07,1.05708333333352e-09,1.05771721071723e-09,-2.59678834675582e-13,-4.09716885793302e-13,2.12096513793248e-14,1.0143746311851e-07
1953.431946,0.242181,2.06883e-07,1.01849999999999e-09,1.05980233415236e-09,2.66158008658128e-12,-2.86078378250763e-13,1.00640632485197e-14,4.81324764059638e-08
1963.52385633334,0.243432166666667,2.07917e-07,1.05425e-09,1.06304037089039e-09,2.35425295424672e-12,-9.61495509949383e-14,-6.2348091945656e-15,-2.98186526696616e-08
1973.617111,0.2446835,2.089915e-07,1.06875e-09,1.06451084006085e-09,8.61738036727277e-13,-1.56464543930254e-14,-3.19204778048871e-14,-1.52663154719025e-07
1983.679446,0.245931,2.100545e-07,1.07125e-09,1.06476384696385e-09,-1.15164970165203e-12,-3.57186363609478e-14,-5.87058207695107e-14,-2.8076696889766e-07
1993.737748,0.247178,2.11134e-07,1.0761666666665e-09,1.06220754065754e-09,-2.35246285246254e-12,1.13945383161951e-14,-7.41860205983473e-14,-3.54802707209487e-07
2003.91704,0.24844,2.12206833333333e-07,1.084e-09,1.06005892125892e-09,-9.18333918332371e-13,2.4790784571692e-14,-6.74550583886167e-14,-3.22611148815123e-07
2013.98609666666,0.249688333333333,2.13302e-07,1.047e-09,1.06037087282088e-09,7.11843336848884e-13,-2.51589246793538e-14,-4.3154167191294e-14,-2.0638949526271e-07
2024.08338433334,0.250940166666667,2.14300833333333e-07,1.03949999999999e-09,1.06148260793262e-09,1.3809026559073e-12,9.16821805789364e-14,-1.47940063653356e-14,-7.07539434863877e-08
2034.16319566666,0.252189833333333,2.15381e-07,1.04908333333351e-09,1.06313267813269e-09,2.99641102140813e-12,2.99771849361697e-13,7.61463232956396e-15,3.64178067935668e-08
2044.238974,0.253439,2.16399e-07,1.0495e-09,1.06747542997544e-09,1.64682637182581e-12,3.51574295916259e-13,1.22127811217775e-14,5.84089531911098e-08
2054.180319,0.2546715,2.1748e-07,1.09025000000001e-09,1.06642633087635e-09,-3.38186498186084e-12,1.31317529323578e-13,6.59782673149999e-15,3.15548234984782e-08
2064.258786,0.255921,2.185795e-07,1.0915833333335e-09,1.06071170001172e-09,-4.19056686557735e-12,-1.4367062590389e-13,2.03510324370876e-14,9.73310246991146e-08
2074.46899766666,0.257186833333333,2.19663166666667e-07,1.04308333333349e-09,1.05804519714519e-09,-7.12068562079587e-13,-1.37674537256827e-13,5.97815461299152e-14,2.85911742360464e-07
2084.625436,0.258446,2.20665666666667e-07,1.0344166666665e-09,1.05928756288756e-09,2.41458406458637e-12,1.10539221874692e-13,1.05975673351754e-13,5.06840176899693e-07
2094.732134,0.259699,2.21732e-07,1.0751666666665e-09,1.06287436527436e-09,2.61936644436757e-12,2.68364420702573e-13,1.37404314624352e-13,6.57151069942553e-07
2104.79178033334,0.260946166666667,2.22816e-07,1.0721666666665e-09,1.06452629577629e-09,1.36336141335901e-12,1.97089646113172e-13,1.47468322758468e-13,7.0528328275789e-07
2114.88637933334,0.262197666666667,2.23876333333333e-07,1.08941666666651e-09,1.06560108810108e-09,9.48870948934168e-14,1.75171408867706e-14,1.42161508246992e-13,6.79902865529092e-07
2124.99038866666,0.263450333333333,2.24994833333333e-07,1.0575833333335e-09,1.06471606996608e-09,-1.71241663740588e-12,-8.12623959444451e-14,1.28802790851843e-13,6.16013347552293e-07
2135.13203933334,0.264707666666667,2.259915e-07,1.061e-09,1.06217625482627e-09,-2.1485199485241e-12,-3.1883793873925e-14,1.18084703695319e-13,5.64752930716743e-07
2145.225294,0.265959,2.27116833333333e-07,1.04925000000001e-09,1.06041903006903e-09,-4.63882063888247e-13,5.40238266280526e-14,1.16743291639197e-13,5.58337481752681e-07
2155.251332,0.267202,2.2809e-07,1.02283333333348e-09,1.06124849069849e-09,1.56643559144393e-12,1.95008396369706e-13,1.19025010230503e-13,5.69250048928493e-07
2165.41986933334,0.268462666666667,2.291625e-07,1.08533333333351e-09,1.06355190125192e-09,1.83889083889575e-12,3.08996449051393e-13,1.1593201643086e-13,5.54457469886722e-07
2175.48758166666,0.269710833333333,2.30260666666667e-07,1.08558333333351e-09,1.06492627237629e-09,1.6041096291044e-12,2.45352351456032e-13,1.08706355611234e-13,5.19899961618945e-07
2185.547228,0.270958,2.31333666666667e-07,1.0721666666665e-09,1.06676012051013e-09,6.93942318936017e-13,1.06547557958389e-13,9.41783391444693e-14,4.50418143734418e-07
2195.702322,0.272217,2.32405e-07,1.07733333333299e-09,1.06631415701416e-09,-1.33385105885986e-12,-6.28406252762588e-15,7.08101550241402e-14,3.38657263158931e-07
2205.77406733334,0.273465666666667,2.33488333333333e-07,1.06299999999999e-09,1.06409241839241e-09,-2.49014274014917e-12,-5.43545862467205e-14,5.18389725503842e-14,2.47925520893142e-07
2215.85119,0.274715,2.34531e-07,9.83083333333511e-10,1.06133387153386e-09,-1.70932490932609e-12,1.27951865108381e-13,4.80878827772316e-14,2.2998552632589e-07
2225.921591,0.2759635,2.354545e-07,1.05550000000001e-09,1.06067376857376e-09,1.05157657657698e-12,3.56135029879904e-13,5.59195330245542e-14,2.67441244900042e-07
2236.01753433334,0.277215166666667,2.36642e-07,1.14175e-09,1.06343702468701e-09,2.94745524746071e-12,2.38997262591783e-13,5.72608114348941e-14,2.73856054688624e-07
2246.10137866666,0.278465333333333,2.37738e-07,1.09558333333349e-09,1.06656867906868e-09,1.60399262900277e-12,-3.7634090902154e-14,3.98774466602796e-14,1.90718223157859e-07
2256.197322,0.279717,2.38833166666667e-07,1.048e-09,1.06664500994502e-09,-1.06358371358013e-12,-1.84790083557037e-13,1.39547274678034e-14,6.67400009329728e-08
2266.376614,0.280979,2.39834e-07,1.02791666666651e-09,1.06444151164152e-09,-1.52250497250948e-12,-1.52862553034815e-13,-3.70469528369071e-15,-1.77181078785208e-08
2276.442982,0.282227,2.40889e-07,1.04449999999998e-09,1.0636e-09,-6.17304317310607e-13,-4.45630764304586e-14,-1.35964544711871e-14,-6.50265213839383e-08
2286.541614,0.283479,2.41923e-07,1.0550833333335e-09,1.0632069030069e-09,3.64856089844582e-13,3.31018652953198e-14,-2.38021056357391e-14,-1.13836157388317e-07
2296.63218,0.28473,2.42999166666667e-07,1.08541666666651e-09,1.06432971217969e-09,1.17024394523922e-12,6.28909513325102e-14,-3.90236317395336e-14,-1.86634760493422e-07
2306.702581,0.2859785,2.44093833333333e-07,1.08491666666649e-09,1.06554739089737e-09,1.2473148473218e-12,5.34246722824084e-15,-5.95122216572321e-14,-2.84623668795458e-07
2316.79718,0.28723,2.45169e-07,1.103416666667e-09,1.06682434187433e-09,1.05792968292965e-12,-1.29291847653804e-13,-7.94197381041232e-14,-3.79833530063198e-07
2326.96034,0.28849,2.46300666666667e-07,1.06199999999999e-09,1.06766325026323e-09,-1.34994734995122e-12,-2.35439581636388e-13,-9.76020844588626e-14,-4.66792577846734e-07
2337.050906,0.289741,2.47293e-07,1.02583333333301e-09,1.06412444717443e-09,-3.4879168129066e-12,-2.37079791039568e-13,-1.06443857515865e-13,-5.09079318554137e-07
2347.12399566666,0.290989833333333,2.48352333333333e-07,1.04741666666652e-09,1.06068741663742e-09,-1.81164443662497e-12,-1.86158802585017e-13,-9.78959702977052e-14,-4.68198118815112e-07
2357.191708,0.292238,2.49387833333333e-07,1.04475000000001e-09,1.06050115830118e-09,7.55642330648813e-13,-5.83803789590709e-14,-8.25945468540667e-14,-3.9501739799771e-07
2367.306472,0.293492,2.50441833333333e-07,1.05875e-09,1.06219870129872e-09,2.14997074996073e-12,7.49116889376751e-14,-7.11228897269631e-14,-3.40152950868084e-07
2377.384939,0.2947415,2.51505333333333e-07,1.09058333333347e-09,1.0648010998011e-09,2.19336609335727e-12,9.88754851420604e-14,-6.61743286710869e-14,-3.16485919731285e-07
2387.463406,0.295991,2.52623e-07,1.11883333333351e-09,1.06658543348543e-09,-7.50529425524622e-13,-1.13470955624122e-15,-6.6057774539757e-14,-3.15928486929273e-07
2397.64000933334,0.297252666666667,2.53743e-07,1.07500000000003e-09,1.06330004095005e-09,-3.03391833391559e-12,-1.69578341269768e-13,-5.45175395394228e-14,-2.60736058666805e-07
2407.70637733334,0.298500666666667,2.54773e-07,1.03424999999999e-09,1.0605175968176e-09,-7.77088452091992e-13,-2.41443998483264e-13,-2.28888317889471e-14,-1.09468325947138e-07
2417.815764,0.299754,2.558115e-07,1.02449999999998e-09,1.06174586404587e-09,1.11689774190491e-12,-1.45871738549808e-13,1.0190927716581e-14,4.8739219514083e-08
2427.886165,0.3010025,2.56822e-07,1.03924999999999e-09,1.06275139230141e-09,1.18207558207927e-12,-1.04003983008853e-14,3.11558333929904e-14,1.49006159705606e-07
2437.956566,0.302251,2.5789e-07,1.075e-09,1.06411001521003e-09,5.79045279039141e-13,3.87249562161808e-14,4.33938427502277e-14,2.07535769675002e-07
2448.047132,0.303502,2.58972e-07,1.0865e-09,1.06390948285949e-09,-2.72013572016417e-13,8.07851970670969e-14,5.58989629652993e-14,2.67342866355779e-07
2458.218358,0.304763,2.60063e-07,1.0815e-09,1.06356598806599e-09,-3.40517140513303e-13,1.05648887823508e-13,7.4899448807018e-14,3.58214755163999e-07
2468.14625966666,0.305993833333333,2.61135e-07,1.07183333333351e-09,1.06322844857846e-09,-3.67190242189036e-13,9.95256667819295e-14,9.92008192365965e-14,4.74438700696766e-07
2478.092982,0.307227,2.62206666666667e-07,1.03800000000001e-09,1.06283160758162e-09,-4.67149292156136e-13,1.44650182379599e-13,1.25489007087488e-13,6.00164816505377e-07
2488.175482,0.308477,2.63211e-07,1.03066666666648e-09,1.06229414999415e-09,3.26251901258386e-13,2.07198375113813e-13,1.50027455777205e-13,7.17522614586633e-07
2498.52416,0.30976,2.64268e-07,1.0158333333335e-09,1.06348411138413e-09,1.16658769159887e-12,3.20084846232901e-13,1.67667794136101e-13,8.01889450216135e-07
2508.62144766666,0.311011833333333,2.65242666666667e-07,1.07958333333351e-09,1.06462732537735e-09,1.22218907217555e-12,3.61694863733757e-13,1.75722281814582e-13,8.40410913026262e-07
2518.76982,0.31227,2.66427166666667e-07,1.15216666666647e-09,1.06592848952848e-09,1.03664736162926e-12,2.07565094505842e-13,1.76293195582192e-13,8.43141370175701e-07
2528.868452,0.313522,2.67547e-07,1.1004166666665e-09,1.06670062010061e-09,-4.35740610742702e-13,9.24991483704534e-14,1.74542706585052e-13,8.34769466276336e-07
2538.89449,0.314765,2.68628e-07,1.05000000000003e-09,1.065057008307e-09,-1.40975780975516e-12,1.06553372442732e-13,1.77503812805813e-13,8.48931278636497e-07
2548.985056,0.316016,2.69647e-07,1.03e-09,1.0638811044811e-09,-1.35813735813626e-12,1.86505731341692e-13,1.84325412948204e-13,8.81556322795758e-07
2559.03260333334,0.317261666666667,2.70688e-07,1.02650000000001e-09,1.06234073359073e-09,-4.05557505557115e-13,2.92510585347181e-13,1.93136185626579e-13,9.23694800822769e-07
2569.02637733334,0.318500666666667,2.717e-07,1.04516666666651e-09,1.06306998946998e-09,1.52072949573018e-12,2.79315812349275e-13,2.00016174681748e-13,9.56599096304012e-07
2579.248688,0.319768,2.72778333333333e-07,1.09483333333349e-09,1.06538219258219e-09,2.46757341757655e-12,1.46617769323055e-13,1.96155922035125e-13,9.38137018428859e-07
2589.452178,0.321033,2.73889666666667e-07,1.10799999999999e-09,1.06800513630514e-09,1.55302445302547e-12,9.25835818803691e-14,1.80582283454423e-13,8.63654399129849e-07
2599.316896,0.322256,2.74994333333333e-07,1.09266666666649e-09,1.06848824148824e-09,1.18041418038569e-13,1.38230035863923e-13,1.6058456918235e-13,7.68013156959065e-07
2609.33217933334,0.323497666666667,2.76075e-07,1.03958333333352e-09,1.06824121914121e-09,-5.66675441681157e-13,1.84972560413172e-13,1.40887338385968e-13,6.73809009672021e-07
2619.425434,0.324749,2.770735e-07,1.0415e-09,1.06735489060488e-09,-1.57012694513099e-12,1.87219064505719e-13,1.20181402034067e-13,5.74780618423799e-07
2629.745881,0.3260285,2.78158e-07,1.04774999999999e-09,1.06510096525095e-09,-9.6778109277795e-13,1.28002744348606e-13,1.04561100235917e-13,5.00074827215255e-07
2639.79477266666,0.327274333333333,2.79169e-07,1.04950000000001e-09,1.06541932841932e-09,6.15382590385095e-13,7.32243002300599e-14,9.50588315061718e-14,4.54629194159952e-07
2649.971376,0.328536,2.80257e-07,1.0835e-09,1.06633173043172e-09,5.90066690071207e-13,5.0938418555264e-14,8.52507380333123e-14,4.07720921028885e-07
2660.041777,0.3297845,2.81336e-07,1.1e-09,1.06659946179946e-09,7.77120627121774e-13,1.58902694548512e-14,7.62931678747373e-14,3.6488036809657e-07
2670.124277,0.3310345,2.82457e-07,1.09641666666649e-09,1.06788597168596e-09,-1.82157482160753e-13,-1.37841685816052e-14,6.71303184947339e-14,3.21058044974814e-07
2680.21349866666,0.332285333333333,2.83528833333333e-07,1.06599999999996e-09,1.06623514683514e-09,-1.17138469637795e-12,1.03365053152757e-14,6.19797768284002e-14,2.96425019614088e-07
2690.26239033334,0.333531166666667,2.84589e-07,1.013166666667e-09,1.06554320229321e-09,4.27354627358207e-13,8.50430898422235e-14,6.3620928933559e-14,3.04274007943108e-07
2700.26960766666,0.334771833333333,2.85555166666667e-07,1.02650000000001e-09,1.06708985608986e-09,5.16845091839094e-13,1.08576911026997e-13,6.03791396487284e-14,2.88769798320005e-07
2710.57257833334,0.336049166666667,2.86642e-07,1.07041666666652e-09,1.06657689247689e-09,-9.58347958370241e-14,6.3792465570405e-14,5.14288076656425e-14,2.45963862748725e-07
2720.68062066666,0.337302333333333,2.87696e-07,1.07191666666653e-09,1.06689818649818e-09,9.94003744023608e-14,7.45047012163299e-14,4.35474440554232e-14,2.08270384612894e-07
2730.724135,0.3385475,2.88785833333333e-07,1.12449999999999e-09,1.06677569322569e-09,1.36632736634456e-13,3.78760678015859e-14,4.01306201956352e-14,1.9192905310956e-07
2740.842932,0.339802,2.89945e-07,1.12858333333346e-09,1.06717145197145e-09,1.80926055924051e-13,-6.11016043543209e-14,4.32703589584095e-14,2.0694519501848e-07
2750.9093,0.34105,2.91043e-07,1.06574999999998e-09,1.06713754533754e-09,1.34152334156717e-13,-7.8339094017346e-14,4.84821724933871e-14,2.31871259750982e-07
2760.999866,0.342301,2.920765e-07,1.00616666666652e-09,1.06743975663976e-09,-4.62881712817484e-14,-4.00429779203462e-15,4.99685252604017e-14,2.38979903419312e-07
2771.090432,0.343552,2.93055333333333e-07,1.02125e-09,1.06704496899498e-09,-6.02492102500907e-13,9.29258273482086e-14,4.97131344468775e-14,2.37758469093762e-07
2781.245526,0.344811,2.94119e-07,1.03275e-09,1.06623477243476e-09,-4.57956007959908e-13,1.74794683276089e-13,5.54793830479473e-14,2.65336179794531e-07
2791.31996,0.34606,2.95120833333333e-07,1.07858333333351e-09,1.06612905697906e-09,1.27506727508837e-13,2.45547541657165e-13,6.88129527352532e-14,3.29105426125124e-07
2801.410526,0.347311,2.96276166666667e-07,1.13874999999999e-09,1.06648978588978e-09,8.43213993216474e-13,1.78288679657365e-13,8.35861237606419e-14,3.99759722333505e-07
2811.47823833334,0.348559166666667,2.97398333333333e-07,1.09341666666651e-09,1.06781548496549e-09,7.56917631925563e-13,5.00819292396937e-14,9.42657845895855e-14,4.50836361080626e-07
2821.59434666666,0.349813333333333,2.98463e-07,1.07833333333353e-09,1.06800362115363e-09,-1.02667602668078e-13,2.07287577542623e-14,1.02873218524069e-13,4.92002349462939e-07
2831.64996,0.35106,2.99555e-07,1.05616666666649e-09,1.06761014976015e-09,-1.37641862644367e-13,1.81456263782938e-14,1.14518295849106e-13,5.47696197539203e-07
2841.81984166666,0.352320833333333,3.00575333333333e-07,1.00549999999999e-09,1.06772833742834e-09,4.76582426580285e-13,8.37415479323042e-14,1.26054775596751e-13,6.02870665897505e-07
2851.89562,0.35357,3.01566e-07,1.03283333333349e-09,1.06856331461331e-09,3.10623610621705e-13,1.47383060558947e-13,1.32078489865993e-13,6.31679734141706e-07
2861.98349733334,0.354820666666667,3.02641e-07,1.06349999999998e-09,1.06834958464959e-09,-5.73853398844932e-13,1.02917970391914e-13,1.36894985364809e-13,6.54715147396913e-07
2872.05927566666,0.356069833333333,3.03693e-07,1.10300000000001e-09,1.06741560781562e-09,7.25260325267202e-13,1.16763938978329e-13,1.46415622702644e-13,7.00248630316993e-07
2882.110856,0.357316,3.04847e-07,1.13100000000004e-09,1.06980010530012e-09,1.14856674856713e-12,1.60119196794494e-13,1.53818562547389e-13,7.3565399479186e-07
2892.20411066666,0.358567333333333,3.05955e-07,1.07425000000001e-09,1.06971274131276e-09,-1.48271323271733e-12,1.67490105193524e-13,1.57328460899493e-13,7.52440465171488e-07
2902.28123333334,0.359816666666667,3.069955e-07,1.05649999999999e-09,1.06683467883469e-09,-1.167503217513e-12,1.76937728298463e-13,1.68587264517703e-13,8.0628691725858e-07
2912.422884,0.361074,3.08068e-07,1.02175000000001e-09,1.06737773487773e-09,8.70159120156321e-13,1.94443523993359e-13,1.84360729335718e-13,8.81725227257782e-07
2922.50000666666,0.362323333333333,3.09039e-07,1.02949999999999e-09,1.068574997075e-09,1.28376915877113e-12,2.17023611271745e-13,1.94360241353675e-13,9.29548980387141e-07
2932.608049,0.3635765,3.10127e-07,1.06691666666647e-09,1.06994527319527e-09,9.08070083062515e-13,2.41195454136543e-13,1.95876919532731e-13,9.368026586348e-07
2942.710714,0.364829,3.11172833333333e-07,1.11299999999999e-09,1.07039113724112e-09,1.33815958808431e-13,2.78823314546759e-13,1.91248112470573e-13,9.14664885728827e-07
2952.79590266666,0.366079333333333,3.12353e-07,1.13308333333351e-09,1.07021290511289e-09,-8.50277875278607e-13,2.30755333289617e-13,1.85806660492212e-13,8.88640550180144e-07
2962.859582,0.367327,3.13439e-07,1.07350000000001e-09,1.06869058149057e-09,-1.72531590030852e-12,1.39890537540063e-13,1.86664139449035e-13,8.92741536495385e-07
2972.91116233334,0.368573166666667,3.145e-07,1.05558333333349e-09,1.06676227331227e-09,-9.62091962017167e-14,1.41332727017896e-13,2.0054863199295e-13,9.5914563127063e-07
2982.992318,0.369823,3.15550166666667e-07,1.02441666666649e-09,1.06849816309816e-09,1.77125307124238e-12,2.12311267085755e-13,2.1554091006106e-13,1.03084783072681e-06
2993.10170466666,0.371076333333333,3.16548833333333e-07,1.03616666666652e-09,1.07030477945476e-09,1.40002047501488e-12,2.36967741766017e-13,2.17748482029238e-13,1.04140578361809e-06
3003.21378,0.37233,3.176225e-07,1.08058333333352e-09,1.07129820404819e-09,1.21876974377525e-12,1.53941243190353e-13,2.0996008144468e-13,1.00415691125717e-06
3013.28552533334,0.373578666666667,3.1871e-07,1.09824999999998e-09,1.07274231894231e-09,1.22724347725111e-13,1.01950035898776e-13,1.9405686979407e-13,9.28098072928161e-07
3023.37878,0.37483,3.19819e-07,1.095e-09,1.07154365274364e-09,-8.9633204632733e-13,1.72435354354948e-13,1.76891514043917e-13,8.46002893253516e-07
3033.53656266666,0.376089333333333,3.209e-07,1.1014166666665e-09,1.07094965484965e-09,2.66461916465902e-13,2.08384990383308e-13,1.64148667365107e-13,7.85058843920077e-07
3043.644605,0.3773425,3.22021833333333e-07,1.0605e-09,1.07207657657658e-09,4.15461565461462e-13,1.68361866331391e-13,1.49299342023105e-13,7.1404033141485e-07
3053.686775,0.3785875,3.23021e-07,9.66750000000031e-10,1.07178057798058e-09,-8.84696384679489e-14,2.54170307572271e-13,1.32888571538816e-13,6.35554037794337e-07
3063.81901533334,0.379843666666667,3.23955333333333e-07,1.04441666666649e-09,1.07189963729964e-09,1.13767988773263e-13,3.30397301433872e-13,1.17767865441579e-13,5.63237617329291e-07
3073.976798,0.381103,3.25109833333333e-07,1.11499999999999e-09,1.07200811395812e-09,2.24833274839514e-13,1.71796705994254e-13,1.02848498033262e-13,4.91884121028644e-07
3084.043166,0.382351,3.26185333333333e-07,1.10908333333351e-09,1.07234930384932e-09,6.32970632954285e-14,-1.34368576969485e-14,8.69863715834321e-14,4.16021777138154e-07
3094.1176,0.3836,3.27328e-07,1.12899999999998e-09,1.07213470808471e-09,-4.8145548149558e-14,-7.66681923078014e-14,7.06889159583423e-14,3.38077424148594e-07
3104.288826,0.384861,3.28443333333333e-07,1.08075e-09,1.07225301275302e-09,-2.04799929804977e-13,-1.14517080054274e-14,5.53066328714042e-14,2.6450998329802e-07
3114.339062,0.386107,3.294895e-07,1.0293333333335e-09,1.0717251082251e-09,-9.20515970525173e-13,1.27263330098496e-13,4.23346533778091e-14,2.0247008137213e-07
3124.461892,0.387362,3.30502e-07,1.03200000000001e-09,1.07041198081197e-09,2.58032058028952e-13,2.20314069956413e-13,3.67536841047649e-14,1.75778489196702e-07
3134.52826,0.38861,3.315535e-07,1.05500000000001e-09,1.07224117234116e-09,1.40216450217132e-12,1.62001739150128e-13,3.33508830342316e-14,1.59504223207195e-07
3144.61076,0.38986,3.32612e-07,1.10941666666648e-09,1.07321630981631e-09,-1.19737919724279e-13,-8.45790808877417e-14,2.44843617020322e-14,1.17099121183632e-07
3154.701326,0.391111,3.33772333333333e-07,1.10574999999998e-09,1.07200169650171e-09,-1.15958523458432e-12,-2.45367216714028e-13,1.6550033655874e-14,7.91523348759191e-08
3164.852387,0.3923695,3.348235e-07,1.07791666666701e-09,1.07089713934714e-09,-2.10989236001932e-13,-1.80055898047789e-13,1.6772419612193e-14,8.02159198844013e-08
3174.963118,0.393623,3.35928166666667e-07,1.09025000000003e-09,1.07157971802971e-09,1.66761729261418e-12,-7.48520901278504e-14,2.06320751884942e-14,9.86751422058418e-08
3185.045618,0.394873,3.37004e-07,1.05791666666651e-09,1.07423237393237e-09,1.20585585586029e-12,4.21923667958848e-14,1.78176794862182e-14,8.52149888471305e-08
3195.120052,0.396122,3.38044e-07,1.05299999999998e-09,1.07399142974143e-09,-1.04862817361986e-12,1.02615418110754e-13,1.16858913512817e-14,5.58890455930864e-08
3205.18373133334,0.397369666666667,3.3911e-07,1.04499999999997e-09,1.07213511758513e-09,-6.20580320572753e-13,4.84792793783914e-14,1.50940773439987e-14,7.21890655582546e-08
3215.285052,0.398622,3.40134e-07,1.0175e-09,1.07275026910029e-09,7.32449982425113e-14,3.15760322327737e-14,2.67833797440192e-14,1.28094424862701e-07
3225.343354,0.399869,3.41145e-07,1.0885e-09,1.07228160758162e-09,-1.84556862057176e-12,5.86171641596493e-14,4.13917134491252e-14,1.97960368669729e-07
3235.482316,0.401126,3.42311e-07,1.1315e-09,1.06905913185914e-09,-1.43383935884012e-12,6.26696358991709e-14,6.76396602787445e-14,3.23494027420082e-07
3245.564816,0.402376,3.43408e-07,1.0966666666665e-09,1.06941392886394e-09,1.31351936351619e-12,6.574246409862e-14,1.03283009629834e-13,4.93962219968771e-07
3255.655382,0.403627,3.44504333333333e-07,1.07641666666652e-09,1.07168617058617e-09,2.35254767754824e-12,1.07835619805577e-13,1.31256226281009e-13,6.27747169170043e-07
3265.729816,0.404876,3.45560833333333e-07,1.0418333333335e-09,1.07411902421903e-09,2.0570434070448e-12,1.65359105556037e-13,1.46683295882343e-13,7.01528806393814e-07
3275.820382,0.406127,3.46588e-07,1.0165e-09,1.07580025740026e-09,-1.97437697456149e-14,2.18621793035581e-13,1.55889478210906e-13,7.45558374052159e-07
3285.919014,0.407379,3.47593833333333e-07,1.05150000000001e-09,1.07407953667954e-09,-2.19151749151536e-12,2.58773431388324e-13,1.71993396432015e-13,8.22577113370506e-07
3296.04722133334,0.408634666666667,3.48691e-07,1.1260833333335e-09,1.07141722241723e-09,-2.46465718965437e-12,2.03452046768347e-13,2.05254553738498e-13,9.81652213531947e-07
3306.11358933334,0.409882666666667,3.49846e-07,1.09983333333349e-09,1.06915022230023e-09,-4.63455013455335e-13,1.70233131458786e-13,2.54901202024929e-13,1.21909270533662e-06
3316.162481,0.4111285,3.50890666666667e-07,1.07391666666648e-09,1.07049031239032e-09,3.00840938340822e-12,2.60409208011296e-13,3.04531652663985e-13,1.4564557301321e-06
3326.23825933334,0.412377666666667,3.51993833333333e-07,1.1111666666665e-09,1.07516704106705e-09,3.19148531648185e-12,2.98419204191774e-13,3.31296061492248e-13,1.58445942452814e-06
3336.28580666666,0.413623333333333,3.53113e-07,1.07408333333352e-09,1.07687328302329e-09,4.44919269922582e-13,2.44201974193511e-13,3.38680084221332e-13,1.61977431584115e-06
3346.38309433334,0.414875166666667,3.54142e-07,1.0253333333335e-09,1.07605687960689e-09,-5.24874224867781e-13,2.55191932551801e-13,3.46408762136793e-13,1.65673755804553e-06
3356.59465033334,0.416141166666667,3.55163666666667e-07,1.00308333333349e-09,1.07582353457355e-09,-8.92915642921316e-13,4.12468860370231e-13,3.59485025095275e-13,1.7192762069774e-06
3366.69462666666,0.417393333333333,3.56148166666667e-07,1.08525000000002e-09,1.07427104832105e-09,-7.73964548974364e-13,5.40220700041526e-13,3.78373337125864e-13,1.80961161234109e-06
3376.81207933334,0.418647666666667,3.57334166666667e-07,1.13841666666649e-09,1.0742756054756e-09,7.03741078737425e-13,5.00971052921187e-13,4.01861108248632e-13,1.92194443075433e-06
3386.897268,0.419898,3.58425e-07,1.10991666666647e-09,1.07567853047853e-09,1.11293436293833e-12,4.53832634925367e-13,4.18482439541259e-13,2.00143775432776e-06
3396.838613,0.4211305,3.59554e-07,1.1068333333335e-09,1.07650147420148e-09,4.96238446239601e-13,4.41848646200249e-13,4.2090083932984e-13,2.01300401418619e-06
3406.91573566667,0.422379833333333,3.60638666666667e-07,1.06300000000001e-09,1.07667100737101e-09,6.59459459454581e-13,3.39710850369865e-13,4.14453314152375e-13,1.98216802420701e-06
3417.08292866666,0.423640333333333,3.6168e-07,1.02916666666651e-09,1.07782039312039e-09,1.04202644202216e-12,2.78330592515942e-13,4.08275594870458e-13,1.95262241025002e-06
3427.231301,0.4248985,3.62697e-07,1.04550000000001e-09,1.07875506025505e-09,4.00283725281534e-13,3.70612455571868e-13,4.05576700134329e-13,1.93971465281636e-06
3437.3259,0.42615,3.63771e-07,1.0375e-09,1.07862096057095e-09,-1.47183222174538e-13,5.33238849065149e-13,4.05727119110336e-13,1.940434047919e-06
3447.39898966666,0.427398833333333,3.64772e-07,1.08524999999999e-09,1.0784606938107e-09,-3.27708552702112e-13,6.69806965412283e-13,4.03465675021276e-13,1.92961844575393e-06
3457.482834,0.428649,3.659415e-07,1.13699999999999e-09,1.07796554346555e-09,-4.21133146137881e-13,6.33634958525974e-13,3.93871535443811e-13,1.88373343038344e-06
3467.55861233334,0.429898166666667,3.67046e-07,1.11825e-09,1.07761842751843e-09,8.84354159356158e-13,4.15937908501649e-13,3.79134996213569e-13,1.81325432971707e-06
3477.639768,0.431148,3.68178e-07,1.1105e-09,1.07973425178426e-09,1.70114075114412e-12,1.26617661933327e-13,3.56668101408956e-13,1.70580396326022e-06
3487.89972,0.43242,3.69267e-07,1.04000000000001e-09,1.08102070902071e-09,3.73318123308832e-13,1.49936582157039e-14,3.27437393994004e-13,1.56600492779741e-06
3497.978187,0.4336695,3.70258e-07,1.00316666666649e-09,1.08048088803088e-09,1.90926640913814e-13,2.15631973524157e-13,3.01252783181917e-13,1.44077418043526e-06
3508.06472,0.43492,3.71273333333333e-07,1.06699999999999e-09,1.08140256230254e-09,1.16042471042284e-12,4.1554499056939e-13,2.78147478087767e-13,1.33027054737628e-06
3518.14856433334,0.436170166666667,3.72392e-07,1.10725000000002e-09,1.08280173745172e-09,4.62709137712697e-13,3.8478080219036e-13,2.47265543369237e-13,1.18257433785287e-06
3528.237786,0.437421,3.73487833333333e-07,1.12074999999999e-09,1.08232798057797e-09,-1.11382648881642e-12,2.72908782249452e-13,2.07843758638476e-13,9.94035367401407e-07
3538.31490866666,0.438670333333333,3.746335e-07,1.13408333333348e-09,1.08057408447409e-09,-9.10360360345415e-13,1.55474528081069e-13,1.71704736148006e-13,8.21196564186116e-07
3548.39472,0.43992,3.75756e-07,1.09858333333351e-09,1.08050725985728e-09,5.69673569672712e-13,-6.90771852974827e-15,1.40536870643035e-13,6.72132859597124e-07
3558.574012,0.441182,3.76830666666667e-07,1.04900000000003e-09,1.08171343161343e-09,1.04127471626715e-12,-4.41971777639364e-14,1.06519922860171e-13,5.09443109331253e-07
3568.648446,0.442431,3.77854e-07,1.0076666666665e-09,1.08258980928981e-09,9.72177372182583e-13,1.37472324379725e-13,6.94471577984095e-14,3.32138580775002e-07
3578.714814,0.443679,3.78846e-07,1.07683333333349e-09,1.0836577863578e-09,9.95255645258216e-13,2.86267531177506e-13,3.21136926590506e-14,1.53587225760677e-07
3588.837644,0.444934,3.80007666666667e-07,1.11133333333349e-09,1.08458032058033e-09,-9.26933427039976e-14,2.11947854209176e-13,-8.61994996418937e-15,-4.12258476548187e-08
3598.88788,0.44618,3.81068666666667e-07,1.10049999999999e-09,1.08347239967239e-09,-1.36649116649707e-12,2.36306333403441e-14,-4.85988195300332e-14,-2.32429136882767e-07
3608.97038,0.44743,3.82208666666667e-07,1.1169166666665e-09,1.08184733824733e-09,-2.12783432783287e-12,-1.56349425305798e-13,-7.74299505019314e-14,-3.70317154574455e-07
3619.13354,0.44869,3.833025e-07,1.084083333333e-09,1.07921673101673e-09,-1.88826781327063e-12,-2.14540416435622e-13,-8.80752966105263e-14,-4.21229679441648e-07
3629.23082766667,0.449941833333333,3.84376833333333e-07,1.04874999999999e-09,1.07807080262079e-09,-6.83573183858319e-15,-1.38670615019022e-13,-7.9442908394117e-14,-3.79944344493603e-07
3639.306606,0.451191,3.854e-07,1.06000000000001e-09,1.07920305955305e-09,1.92014449514908e-12,-8.97832417791299e-14,-6.12275985202396e-14,-2.92827645096798e-07
3649.397172,0.452442,3.86496833333333e-07,1.0766666666665e-09,1.08191109161109e-09,3.25097402597597e-12,-6.20790300663569e-14,-4.59421116102337e-14,-2.19723142483726e-07
3659.475639,0.4536915,3.87553333333333e-07,1.07908333333347e-09,1.085705007605e-09,1.12583070082992e-12,-3.51476651108522e-14,-4.19486270453729e-14,-2.0062386847787e-07
3669.562172,0.454942,3.88655e-07,1.10133333333351e-09,1.08416275301275e-09,-2.74287469287613e-12,-1.06780676688112e-13,-3.99274850721652e-14,-1.9095753730166e-07
3679.71054433334,0.456200166666667,3.89756e-07,1.11725000000003e-09,1.08021925821925e-09,-2.56886041886039e-12,-2.35665360856447e-13,-1.86770321612311e-14,-8.93249364232792e-08
3689.80648766666,0.457451833333333,3.908895e-07,1.07825000000001e-09,1.07902503217503e-09,1.35875160877313e-13,-2.14465131766716e-13,2.38492269384117e-14,1.1406152014023e-07
3699.898398,0.458703,3.919125e-07,1.0618333333335e-09,1.080491008541e-09,1.1630074880024e-12,-8.81106910478017e-14,7.27561317546306e-14,3.47964108391712e-07
3709.96342166666,0.459950833333333,3.93013166666667e-07,1.04241666666648e-09,1.08135104715103e-09,9.40215865217092e-13,-3.39249547459374e-14,1.23094127439726e-13,5.8871104427695e-07
3720.043233,0.4612005,3.93997333333333e-07,1.06741666666649e-09,1.08237144027144e-09,2.19787644788681e-12,1.39399184106423e-14,1.7248716598095e-13,8.24938619908891e-07
3730.113634,0.462449,3.95148e-07,1.10083333333349e-09,1.08574680004681e-09,1.0770562770592e-12,1.18609707578045e-13,2.16393708851435e-13,1.0349264336373e-06
3740.20688866666,0.463700333333333,3.96199e-07,1.09816666666651e-09,1.08452555282556e-09,-3.88763893763964e-12,2.47278118858093e-13,2.57935420387148e-13,1.23360418446027e-06
3750.383492,0.464962,3.97344333333333e-07,1.1051666666665e-09,1.07797152217153e-09,-4.83915701414583e-12,3.78276858225674e-13,3.06323435598577e-13,1.4650251267758e-06
3760.46464766667,0.466211833333333,3.98409333333333e-07,1.06833333333349e-09,1.07484723879726e-09,-3.8449163438905e-14,5.14591939448708e-13,3.61113491009134e-13,1.7270645222176e-06
3770.53773733334,0.467460666666667,3.99481e-07,1.06883333333351e-09,1.07789462384465e-09,3.76886919386753e-12,6.01091666107131e-13,4.1213747617937e-13,1.9710922773796e-06
3780.618893,0.4687105,4.00547e-07,1.08349999999997e-09,1.082384977185e-09,4.24894114894094e-12,6.14002326925312e-13,4.51791972864678e-13,2.16074421804846e-06
3790.71618066666,0.469962333333333,4.01648e-07,1.0885e-09,1.08639250614253e-09,1.66722241721694e-12,5.6094713311261e-13,4.76959787906955e-13,2.28111202912022e-06
3800.783893,0.4712105,4.02724e-07,1.09858333333351e-09,1.08571942201943e-09,-1.82851585352899e-12,4.79528469958914e-13,4.90089083086446e-13,2.34390431041344e-06
3810.951086,0.472471,4.03845166666667e-07,1.11150000000003e-09,1.08273547443547e-09,-2.0535070785136e-12,4.51557229303946e-13,4.95688087364727e-13,2.37068215696174e-06
3821.03089733334,0.473720666666667,4.04947e-07,1.07141666666652e-09,1.08161240786241e-09,-6.47010647012518e-13,5.01668660575975e-13,4.92025526612226e-13,2.35316556205847e-06
3831.12549633334,0.474972166666667,4.05988e-07,1.04058333333347e-09,1.08144145314145e-09,4.86018486014963e-13,6.2485461327493e-13,4.77375814850165e-13,2.28310172319644e-06
3841.19724166666,0.476220833333333,4.07028166666667e-07,1.08800000000002e-09,1.08258444483444e-09,2.07122382122198e-12,6.68695934525004e-13,4.50805258210132e-13,2.1560251479615e-06
3851.26764266666,0.477469333333333,4.08164e-07,1.09249999999998e-09,1.08558390078389e-09,4.12006844507683e-12,5.21446088264487e-13,4.06597681359281e-13,1.94459760650091e-06
3861.36627466667,0.478721333333333,4.09213166666667e-07,1.07966666666651e-09,1.09082458172459e-09,2.65301642363127e-12,3.29920922698477e-13,3.39857515135013e-13,1.62540550716745e-06
3871.446086,0.479971,4.10323333333333e-07,1.05449999999999e-09,1.09088993363115e-09,-1.48143942113082e-14,2.37523787813991e-13,2.53764613374536e-13,1.21365684657387e-06
3880.810712,0.481132,4.11322166666667e-07,1.0878333333335e-09,1.09079495293617e-09,-1.75146995735021e-13,1.32639800259304e-13,1.54045671303773e-13,7.36740167105001e-07
3891.67695833334,0.482479166666667,4.12499e-07,1.11641666666654e-09,1.09053963963968e-09,-3.3547959724219e-13,1.52689600300573e-14,4.07006889237297e-14,1.94655468765664e-07
3901.596794,0.483709,4.13555e-07,1.03499999999998e-09,1.09012399374168e-09,-4.95812198755976e-13,-1.14588732871268e-13,-8.6270333763941e-14,-4.1259724843624e-07
3911.67257233334,0.484958166666667,4.14569e-07,1.0848333333335e-09,1.08954801524217e-09,-6.56144800259837e-13,-2.569332784455e-13,-2.26867396762548e-13,-1.08501798451653e-06
3921.82497766667,0.486216833333333,4.15724666666667e-07,1.1649166666665e-09,1.08881170414116e-09,-8.16477401770314e-13,-4.11764676690984e-13,-3.81090500070435e-13,-1.8226067394673e-06
3931.89537866667,0.487465333333333,4.16898833333333e-07,1.165583333333e-09,1.08791506043863e-09,-9.76810003280792e-13,-5.79082927609373e-13,-5.48939643687605e-13,-2.62536351328855e-06
3942.071982,0.488727,4.18055833333333e-07,1.0675833333335e-09,1.0868580841346e-09,-1.13714260478465e-12,-7.58888031199841e-13,-7.30414827614056e-13,-3.49328830598027e-06
3952.10743033334,0.489971166666667,4.19034e-07,1.0165833333335e-09,1.08564077522906e-09,-1.29747520629513e-12,-9.51179987463215e-13,-9.25516051849788e-13,-4.42638111754246e-06
3962.277312,0.491232,4.20089e-07,1.03491666666649e-09,1.08426313372201e-09,-1.45780780780561e-12,-1.15595879639784e-12,-1.13424331639315e-12,-5.42464194796724e-06
3972.408208,0.492488,4.21103833333333e-07,1.11399999999997e-09,1.08272515961345e-09,-1.61814040930947e-12,-1.37322445800537e-12,-1.35659662124744e-12,-6.48807079727036e-06
3982.50684,0.49374,4.22317e-07,1.14058333333353e-09,1.08102685290339e-09,-1.77847301081664e-12,-1.60297697228498e-12,-1.59257596641102e-12,-7.61666766544401e-06
3992.52212333334,0.494981666666667,4.23385e-07,1.11200000000002e-09,1.07916821359182e-09,-1.93880561233042e-12,-1.84521633923667e-12,-1.84218135188388e-12,-8.81043255248812e-06
4002.71217,0.496245,4.24541e-07,1.10841666666648e-09,1.07714924167873e-09,-2.09913821383428e-12,-2.09994255886044e-12,-2.10541277766602e-12,-1.00693654584027e-05
4012.81349066667,0.497497333333333,4.25601833333333e-07,1.07983333333349e-09,1.07496993716415e-09,-2.25947081534476e-12,-2.36715563115712e-12,-2.38227024375578e-12,-1.13934663831798e-05
4022.9175,0.49875,4.26700666666667e-07,1.05433333333348e-09,1.07263030004804e-09,-2.41980341685855e-12,-2.64685555612504e-12,-2.67275375015648e-12,-1.27827353268353e-05
4032.99327833334,0.499999166666667,4.277105e-07,1.00983333333299e-09,1.07013033033043e-09,-2.49996971760882e-12,-2.93904233376587e-12,-2.97686329686564e-12,-1.42371722893574e-05
