Wnmbr,Voltage,Current,DerivativeY1,DerivativeY1_1,DerivativeY2,DerivativeY2_1,DerivativeY2_2,Alpha
-4033,-0.5,-4.0657325e-07,1.43525000000002e-09,1.32067393822395e-09,-2.34440703308363e-11,-2.60098168819747e-11,-2.62717814536398e-11,NaN
-4022.9175,-0.49875,-4.05138e-07,1.35300000000003e-09,1.29722986789311e-09,-2.29680192224322e-11,-2.445403169087e-11,-2.46540528248821e-11,NaN
-4012.835,-0.4975,-4.0386725e-07,1.2515e-09,1.27473789977908e-09,-2.2015917005624e-11,-2.29474033006412e-11,-2.30894406163973e-11,NaN
-4002.7525,-0.49625,-4.02635e-07,1.22662499999995e-09,1.25319803388186e-09,-2.10638147888158e-11,-2.14899317112884e-11,-2.15779448281855e-11,NaN
-3992.58934,-0.49499,-4.01414e-07,1.2225e-09,1.23261027020145e-09,-2.01117125720077e-11,-2.00816169228115e-11,-2.01195654602466e-11,NaN
-3982.50684,-0.49374,-4.0019e-07,1.16356250000005e-09,1.21297460873785e-09,-1.91596103551995e-11,-1.87224589352106e-11,-1.87143025125807e-11,NaN
-3972.42434,-0.49249,-3.99086875e-07,1.12649999999999e-09,1.19429104949105e-09,-1.82075081383912e-11,-1.74124577484855e-11,-1.73621559851878e-11,NaN
-3962.34184,-0.49124,-3.97937e-07,1.16374999999999e-09,1.17655959246106e-09,-1.7255405921583e-11,-1.61516133626364e-11,-1.60631258780678e-11,NaN
-3952.25934,-0.48999,-3.96759375e-07,1.1515e-09,1.15978023764788e-09,-1.63033037047749e-11,-1.49399257776633e-11,-1.48172121912207e-11,NaN
-3942.17684,-0.48874,-3.95634e-07,1.12212499999998e-09,1.14395298505151e-09,-1.53512014879668e-11,-1.3777394993566e-11,-1.36244149246466e-11,NaN
-3932.01368,-0.48748,-3.94515125e-07,1.10675e-09,1.12907783467195e-09,-1.43990992711585e-11,-1.26640210103447e-11,-1.24847340783454e-11,NaN
-3921.93118,-0.48623,-3.934205e-07,1.08906250000001e-09,1.1151547865092e-09,-1.34469970543505e-11,-1.15998038279994e-11,-1.13981696523172e-11,NaN
-3911.84868,-0.48498,-3.92337e-07,1.08775000000001e-09,1.10218384056325e-09,-1.24948948375423e-11,-1.058474344653e-11,-1.0364721646562e-11,NaN
-3901.76618,-0.48373,-3.91245e-07,1.08962499999998e-09,1.09016499683411e-09,-1.1542792620734e-11,-9.61883986593645e-12,-9.38439006107967e-12,NaN
-3891.68368,-0.48248,-3.9015775e-07,1.08000000000001e-09,1.07909825532178e-09,-1.05906904039259e-11,-8.70209308621889e-12,-8.45717489587032e-12,NaN
-3881.60118,-0.48123,-3.89085e-07,1.05412500000003e-09,1.06898361602626e-09,-9.63858818711779e-12,-7.83450310737726e-12,-7.58307615093392e-12,NaN
-3871.43802,-0.47997,-3.880495e-07,1.04631249999999e-09,1.05982107894755e-09,-8.68648597030959e-12,-7.01606992941156e-12,-6.76209382627047e-12,NaN
-3861.35552,-0.47872,-3.86992375e-07,1.05062499999999e-09,1.05161064408564e-09,-4.67075358398828e-12,-6.2467935523218e-12,-5.99422792187996e-12,NaN
-3851.27302,-0.47747,-3.8594825e-07,1.063375e-09,1.05047957177957e-09,-1.12776851526712e-12,-5.38686240866194e-12,-5.26033081292727e-12,NaN
-3841.19052,-0.47622,-3.84865625e-07,1.069125e-09,1.04935510705511e-09,-1.32312653562505e-12,-4.57695195172938e-12,-4.59010629282497e-12,NaN
-3831.10802,-0.47497,-3.8381e-07,1.04793749999998e-09,1.04783331870832e-09,-1.32190022814989e-12,-3.80241249353648e-12,-3.98539861977289e-12,NaN
-3821.02552,-0.47372,-3.8276975e-07,1.0635e-09,1.04671130659881e-09,-5.3942172692211e-13,-3.15440844094742e-12,-3.44730471737098e-12,NaN
-3810.94302,-0.47247,-3.81683e-07,1.07562499999999e-09,1.04675447525448e-09,-1.34261802386769e-12,-2.62372172429008e-12,-2.97421970514915e-12,NaN
-3800.77986,-0.47121,-3.806185e-07,1.04187499999999e-09,1.04402607055107e-09,-3.71411021411e-12,-2.14200322341062e-12,-2.55927053511619e-12,NaN
-3790.69736,-0.46996,-3.7959925e-07,1.00268750000003e-09,1.03932625482626e-09,-3.4718607406112e-12,-1.70380030090366e-12,-2.19371117098496e-12,NaN
-3780.61486,-0.46871,-3.78613125e-07,1.0158125e-09,1.03708234906985e-09,-2.06067041067147e-12,-1.3538096229894e-12,-1.8751787045042e-12,NaN
-3770.53236,-0.46746,-3.77567625e-07,1.0410625e-09,1.03520491400491e-09,-2.02773780273864e-12,-1.13162365046516e-12,-1.60448018791125e-12,NaN
-3760.44986,-0.46621,-3.76531e-07,1.05062500000002e-09,1.03302687346437e-09,-1.38720823095785e-12,-1.02010816052705e-12,-1.37929808520068e-12,NaN
-3750.36736,-0.46496,-3.75466375e-07,1.04899999999997e-09,1.032430497543e-09,-4.74216830466488e-13,-9.63169962000266e-13,-1.19839124141845e-12,NaN
-3740.2042,-0.4637,-3.74433e-07,1.03574999999998e-09,1.03207843980344e-09,2.76632151637398e-15,-9.30824920907455e-13,-1.06111760028373e-12,NaN
-3730.1217,-0.46245,-3.73394875e-07,1.02881250000001e-09,1.03243603018603e-09,1.54747279747599e-13,-9.37615782958e-13,-9.65408482792719e-13,NaN
-3720.0392,-0.4612,-3.72375375e-07,1.03981250000002e-09,1.03238793436293e-09,-7.04549842049459e-13,-1.00166882838044e-12,-9.07578753622725e-13,NaN
-3709.9567,-0.45995,-3.7131525e-07,1.04206250000001e-09,1.03102693050193e-09,-1.63943488943436e-12,-1.10302865630979e-12,-8.8034762724559e-13,NaN
-3699.8742,-0.4587,-3.7029125e-07,1.01212500000001e-09,1.02910906458407e-09,-2.16313838188826e-12,-1.19838608035872e-12,-8.77868611303531e-13,NaN
-3689.7917,-0.45745,-3.69291e-07,1.00612500000001e-09,1.02670065373815e-09,-1.89154966654939e-12,-1.32687209335206e-12,-8.96198630901919e-13,NaN
-3679.7092,-0.4562,-3.68279e-07,1.053875e-09,1.02532596525097e-09,-1.16149526149471e-12,-1.42334652069223e-12,-9.32280849351595e-13,NaN
-3669.54604,-0.45494,-3.6718325e-07,1.047125e-09,1.02437766321517e-09,-1.95271586521632e-12,-1.42301964006523e-12,-9.76781538584823e-13,NaN
-3659.46354,-0.45369,-3.6618475e-07,1.00193749999998e-09,1.02142053352053e-09,-3.00781633906733e-12,-1.35882207935125e-12,-1.01994103509272e-12,NaN
-3649.38104,-0.45244,-3.65179375e-07,9.93374999999972e-10,1.01836203053703e-09,-1.99751667251679e-12,-1.21872077835834e-12,-1.05040315981354e-12,NaN
-3639.29854,-0.45119,-3.64198e-07,9.85124999999982e-10,1.0174255001755e-09,-9.46599684099759e-13,-1.04179297515111e-12,-1.06894043279135e-12,NaN
-3629.21604,-0.44994,-3.63209125e-07,1.01050000000002e-09,1.01646883116883e-09,-1.43878115128144e-12,-9.50934462819727e-13,-1.07731977068383e-12,NaN
-3619.13354,-0.44869,-3.62177e-07,1.0351875e-09,1.01454793787294e-09,-2.26125614250482e-12,-1.01747533526447e-12,-1.0721878683093e-12,NaN
-3608.97038,-0.44743,-3.6113875e-07,1.03700000000001e-09,1.01194631888382e-09,-2.13690110565055e-12,-1.11159410200522e-12,-1.05216641026246e-12,NaN
-3598.88788,-0.44618,-3.60103e-07,1.04462500000004e-09,1.01027413566164e-09,-8.73929448930053e-13,-1.14753859063446e-12,-1.01940177219137e-12,NaN
-3588.80538,-0.44493,-3.590495e-07,1.04793749999998e-09,1.01019845998596e-09,3.6871489996443e-13,-1.18298944559573e-12,-9.79938565605468e-13,NaN
-3578.72288,-0.44368,-3.58007125e-07,1.01187499999998e-09,1.01101156546157e-09,5.2771147771022e-13,-1.18234664755866e-12,-9.40801190414824e-13,NaN
-3568.64038,-0.44243,-3.5702575e-07,9.93562500000017e-10,1.01125388294138e-09,-3.66817304326092e-14,-1.11270220111972e-12,-9.03810203161818e-13,NaN
-3558.55788,-0.44118,-3.5602e-07,9.74375000000003e-10,1.0109382020007e-09,-3.34204984205249e-13,-9.87131229409353e-13,-8.68021682326206e-13,NaN
-3548.39472,-0.43992,-3.55077e-07,9.84874999999975e-10,1.01058547297297e-09,-1.56059143558548e-13,-8.30154233176439e-13,-8.35482046497027e-13,NaN
-3538.31222,-0.43867,-3.5405025e-07,1.010625e-09,1.01062608371358e-09,-3.57342488591512e-13,-7.29341585896965e-13,-8.09367525346435e-13,NaN
-3528.22972,-0.43742,-3.5305575e-07,1.00100000000002e-09,1.00987078799579e-09,-1.67203404703388e-12,-6.65451533184042e-13,-7.89732914792921e-13,NaN
-3518.14722,-0.43617,-3.5204825e-07,1.002875e-09,1.00728201561952e-09,-2.2020621270622e-12,-6.00439971209083e-13,-7.73165911957101e-13,NaN
-3508.06472,-0.43492,-3.5105e-07,9.78624999999988e-10,1.00546666374166e-09,-3.93398999648179e-13,-5.12048370872912e-13,-7.61309519573902e-13,NaN
-3497.98222,-0.43367,-3.50091e-07,9.76749999999989e-10,1.00649521762022e-09,8.87280624781372e-13,-3.79119291731945e-13,-7.58386836434973e-13,NaN
-3487.89972,-0.43242,-3.490965e-07,1.03650000000002e-09,1.00724122499123e-09,-3.60387416637985e-13,-3.41867942955525e-13,-7.63358330559503e-13,NaN
-3477.73656,-0.43116,-3.48018e-07,1.03125000000001e-09,1.00577444278694e-09,-2.16746665496784e-12,-4.57518311863246e-13,-7.69497884242609e-13,NaN
-3467.65406,-0.42991,-3.47034e-07,1.00649999999999e-09,1.00290629168129e-09,-2.46260091260202e-12,-5.65769425664119e-13,-7.67676201934516e-13,NaN
-3457.57156,-0.42866,-3.46005e-07,1.03300000000001e-09,1.00084924096174e-09,-1.35539004913962e-12,-6.52683390291327e-13,-7.55685402690417e-13,NaN
-3447.48906,-0.42741,-3.44968e-07,1.03749999999997e-09,1.00019551158301e-09,-3.10839329587992e-13,-7.85511445334191e-13,-7.3952378613495e-13,NaN
-3437.40656,-0.42616,-3.4393e-07,1.01749999999998e-09,1.00022756230256e-09,2.07017813267818e-13,-9.23518750952368e-13,-7.26522547006679e-13,NaN
-3427.32406,-0.42491,-3.42933e-07,1.00381250000001e-09,1.00060954720955e-09,1.49980256230215e-13,-1.03634929404434e-12,-7.19311724113185e-13,NaN
-3417.1609,-0.42365,-3.41922375e-07,9.88312500000004e-10,1.00052752281502e-09,2.21002983503606e-13,-1.08367377015261e-12,-7.14424363979852e-13,NaN
-3407.0784,-0.4224,-3.40956375e-07,9.75250000000027e-10,1.00105155317655e-09,1.32410494910393e-13,-1.03178898389261e-12,-7.09227694034249e-13,NaN
-3396.9959,-0.42115,-3.39971875e-07,9.86937500000019e-10,1.00079234380484e-09,-3.2709283959255e-13,-9.49074938821233e-13,-7.02108683024901e-13,NaN
-3386.9134,-0.4199,-3.389825e-07,9.87312499999977e-10,1.00039736749737e-09,-8.66841435590362e-13,-8.78552104609864e-13,-6.90669334340097e-13,NaN
-3376.8309,-0.41865,-3.3799725e-07,9.78687500000003e-10,9.99058660933664e-10,-1.18210117585145e-12,-7.71821234591019e-13,-6.71215590160819e-13,NaN
-3366.7484,-0.4174,-3.37025125e-07,9.78125000000001e-10,9.98033165145666e-10,-5.10038610040031e-13,-6.25655454193069e-13,-6.40886098169539e-13,NaN
-3356.6659,-0.41615,-3.36041e-07,1.00262499999999e-09,9.98038583713584e-10,-5.23484117234431e-13,-5.07589115773525e-13,-6.02661199019414e-13,NaN
-3346.50274,-0.41489,-3.35019875e-07,1.02187500000002e-09,9.96986196911197e-10,-1.35131405756352e-12,-4.79332096782935e-13,-5.56454522914553e-13,NaN
-3336.42024,-0.41364,-3.3399725e-07,9.98937500000006e-10,9.95335955598457e-10,-2.1841040716042e-12,-4.86715105803404e-13,-4.98105689247827e-13,NaN
-3326.33774,-0.41239,-3.33022e-07,9.82249999999982e-10,9.92617988767989e-10,-3.15774833274884e-12,-3.98485352942606e-13,-4.23259036807567e-13,NaN
-3316.25524,-0.41114,-3.3203275e-07,9.8900000000001e-10,9.89020458932959e-10,-2.41691602316554e-12,-2.31559091136959e-13,-3.27051150562763e-13,NaN
-3306.17274,-0.40989,-3.31044e-07,9.97750000000013e-10,9.87784156721658e-10,-4.91477272726317e-13,-1.28189200862501e-13,-2.14410380259133e-13,NaN
-3296.09024,-0.40864,-3.3003725e-07,1.021375e-09,9.88037504387506e-10,9.99363811867403e-14,-1.37827853300882e-13,-9.81373725581559e-14,NaN
-3285.92708,-0.40738,-3.2900125e-07,9.90187500000003e-10,9.87984029484032e-10,8.60543173043801e-13,-1.35232033685585e-13,1.69581132715784e-14,NaN
-3275.84458,-0.40613,-3.28056875e-07,9.74624999999984e-10,9.89758590733594e-10,1.94717444717453e-12,-4.30716473154161e-14,1.27495534816654e-13,NaN
-3265.7640965,-0.40488025,-3.27052e-07,9.81437499999973e-10,9.91878378378381e-10,1.62794401544266e-12,8.07758236587765e-14,2.26056580222304e-13,NaN
-3255.67958,-0.40363,-3.26094e-07,9.78312500000019e-10,9.93014478764479e-10,1.29831519831451e-12,2.37054708037035e-13,3.09358511540147e-13,NaN
-3245.59708,-0.40238,-3.25095375e-07,1.00556250000003e-09,9.9447500877501e-10,1.26353764478747e-12,3.72313323007351e-13,3.75799600899072e-13,NaN
-3235.51458,-0.40113,-3.24082875e-07,1.01049999999999e-09,9.95541554054054e-10,6.59000965250775e-13,4.41330710984431e-13,4.2527576158653e-13,NaN
-3225.35142,-0.39987,-3.23074375e-07,1.00393749999999e-09,9.95793010705511e-10,6.62484643734946e-13,4.95248003492883e-13,4.61344185191203e-13,NaN
-3215.26892,-0.39862,-3.22075e-07,9.89562499999986e-10,9.96866523341524e-10,9.14774921024437e-13,5.62651596053597e-13,4.84650978228008e-13,NaN
-3205.18642,-0.39737,-3.2109525e-07,9.85062499999994e-10,9.9762256054756e-10,9.51518076511665e-14,6.1854829938545e-13,4.94293213607974e-13,NaN
-3195.10392,-0.39612,-3.20104875e-07,9.78125000000001e-10,9.97056826956826e-10,-5.56603194103133e-13,6.68798259006259e-13,4.93782351602243e-13,NaN
-3185.02142,-0.39487,-3.19139e-07,9.73437500000017e-10,9.96509354159354e-10,-4.09112846612797e-14,7.64969824010678e-13,4.86929953984443e-13,NaN
-3174.93892,-0.39362,-3.18158e-07,9.85687500000011e-10,9.96975004387504e-10,7.55440505440607e-13,8.46637982439052e-13,4.72817591981976e-13,NaN
-3164.85642,-0.39237,-3.17167625e-07,1.002e-09,9.98020235170235e-10,9.17308704809224e-13,8.37161426958614e-13,4.46677370044067e-13,NaN
-3154.69326,-0.39111,-3.16154e-07,1.00225000000001e-09,9.98809621797122e-10,4.70809933309689e-13,7.32481055498191e-13,4.05738520126555e-13,NaN
-3144.61076,-0.38986,-3.15163125e-07,1.0188125e-09,9.98961855036854e-10,2.12826869076543e-13,5.26919379629814e-13,3.54271024652466e-13,NaN
-3134.52826,-0.38861,-3.14116375e-07,1.0340625e-09,9.99235275535275e-10,7.78101965602495e-13,2.85698246451875e-13,2.97294474134233e-13,NaN
-3124.44576,-0.38736,-3.13095e-07,1.0111875e-09,1.00051805896806e-09,1.68499912249918e-12,1.06759177661169e-13,2.32031461731347e-13,NaN
-3114.36326,-0.38611,-3.12094e-07,1.00187499999999e-09,1.00260527378027e-09,8.54688048438631e-13,-4.08905528175505e-14,1.52667951763975e-13,NaN
-3104.28076,-0.38486,-3.1109125e-07,9.91999999999987e-10,1.00222743506494e-09,-6.30631361880646e-13,-1.63683453616718e-13,6.30050181957118e-14,NaN
-3094.1176,-0.3836,-3.1011e-07,9.99124999999998e-10,1.00134401105651e-09,-7.76939276940425e-13,-2.26234790036035e-13,-2.8777840048525e-14,NaN
-3084.0351,-0.38235,-3.09093e-07,1.0140625e-09,1.00067355651106e-09,-1.33804843804976e-12,-2.82465238460231e-13,-1.1889441193701e-13,NaN
-3073.9526,-0.3811,-3.08081875e-07,1.00049999999998e-09,9.98667914180413e-10,-1.20758599508559e-12,-3.38480278745179e-13,-2.00619509216735e-13,NaN
-3063.8701,-0.37985,-3.07092e-07,9.94937500000002e-10,9.98258384520885e-10,3.63452088453255e-13,-3.7364908216291e-13,-2.72318558374811e-13,NaN
-3053.7876,-0.3786,-3.06092e-07,9.96875000000016e-10,9.99394818357319e-10,8.83772815023159e-13,-4.13485789998952e-13,-3.39706682799944e-13,NaN
-3043.7051,-0.37735,-3.0509825e-07,9.83500000000017e-10,1.00002593015093e-09,2.67872499121766e-13,-4.37423703470071e-13,-4.03695119520363e-13,NaN
-3033.62360825,-0.376100125,-3.04125e-07,9.85312500000001e-10,9.99930563355563e-10,-1.48273517024304e-13,-4.43442893789035e-13,-4.61068771352173e-13,NaN
-3023.45944,-0.37484,-3.03127625e-07,1.003e-09,9.99729383116882e-10,-7.54058441559067e-13,-4.82851206867075e-13,-5.09574816665408e-13,NaN
-3013.37694,-0.37359,-3.02119e-07,9.97812500000002e-10,9.98422446472445e-10,-1.749931993682e-12,-5.55746656841747e-13,-5.45757137844767e-13,NaN
-3003.29444,-0.37234,-3.01132e-07,9.96874999999989e-10,9.96229519129518e-10,-2.1121424183919e-12,-6.18315724230468e-13,-5.63359341767307e-13,NaN
-2993.21194,-0.37109,-3.0012525e-07,1.00856250000001e-09,9.94198161635661e-10,-1.58535670410578e-12,-6.51335532003247e-13,-5.60350264944327e-13,NaN
-2983.12944,-0.36984,-2.99114875e-07,9.97124999999996e-10,9.93058805721307e-10,-1.05100912600806e-12,-6.55375799221803e-13,-5.4144227445531e-13,NaN
-2973.04694,-0.36859,-2.98131e-07,9.92937499999999e-10,9.92096143383645e-10,-6.7140224640209e-13,-6.47905828601635e-13,-5.12749550313177e-13,NaN
-2962.88378,-0.36733,-2.97129e-07,9.92374999999997e-10,9.91716001228503e-10,-1.26820814317104e-14,-6.34638063844328e-13,-4.80444390730048e-13,NaN
-2952.80128,-0.36608,-2.9614625e-07,9.72500000000004e-10,9.92070779220781e-10,-7.7878202872292e-16,-5.63702163419989e-13,-4.50131452281531e-13,NaN
-2942.71878,-0.36483,-2.95184e-07,9.74750000000014e-10,9.91714443664445e-10,-2.96073183573805e-13,-4.20352293810067e-13,-4.22016229387047e-13,NaN
-2932.63628,-0.36358,-2.9419675e-07,1.00168749999998e-09,9.91478632853634e-10,-8.69076869074289e-14,-3.13594767661492e-13,-3.95818348763658e-13,NaN
-2922.55378,-0.36233,-2.93180625e-07,9.94937499999975e-10,9.9154062829063e-10,-5.89461214460339e-14,-2.68641425051402e-13,-3.73411429091158e-13,NaN
-2912.47128,-0.36108,-2.92206875e-07,9.9081250000002e-10,9.91360740610742e-10,-4.06546156553403e-14,-2.33930422065191e-13,-3.54736926667296e-13,NaN
-2902.30812,-0.35982,-2.91199e-07,1.01593750000003e-09,9.9145931905932e-10,6.03720603713433e-14,-2.78966062337896e-13,-3.40867303048813e-13,NaN
-2892.22562,-0.35857,-2.90175e-07,1.00900000000001e-09,9.91481484731484e-10,-5.49491049497775e-14,-3.49444834547539e-13,-3.32395418823984e-13,NaN
-2882.14312,-0.35732,-2.89181e-07,9.80374999999984e-10,9.9134942084942e-10,-2.65297034046504e-13,-3.18790265555339e-13,-3.27924283870745e-13,NaN
-2872.06062,-0.35607,-2.8821425e-07,9.84499999999992e-10,9.90950890663391e-10,-4.73554317303041e-13,-2.36224699237987e-13,-3.26495514342229e-13,NaN
-2861.97812,-0.35482,-2.87212e-07,9.83749999999997e-10,9.90402312214814e-10,-4.51390838890514e-13,-1.63354138841133e-13,-3.26893669815759e-13,NaN
-2851.89562,-0.35357,-2.8624675e-07,9.74500000000007e-10,9.9004810898561e-10,-3.5533301158301e-13,-1.06341065433341e-13,-3.29249833083034e-13,NaN
-2841.81312,-0.35232,-2.85263e-07,9.84625000000022e-10,9.89691646191648e-10,-2.64410758161031e-13,-9.89377489975254e-14,-3.35357142299385e-13,NaN
-2831.64996,-0.35106,-2.842775e-07,9.92750000000008e-10,9.89519287469288e-10,7.42804492751057e-15,-1.6553584934522e-13,-3.46913298760221e-13,NaN
-2821.56746,-0.34981,-2.832775e-07,9.95937500000003e-10,9.89706502281503e-10,3.94434450684082e-13,-2.78818430130444e-13,-3.64609254722025e-13,NaN
-2811.48496,-0.34856,-2.82285625e-07,9.89749999999978e-10,9.90308156370656e-10,3.51083713583578e-13,-3.75481739357778e-13,-3.87887518749945e-13,NaN
-2801.40246,-0.34731,-2.81298e-07,9.85062499999994e-10,9.9040866970867e-10,1.90417690420932e-14,-4.46159883832357e-13,-4.14863680051095e-13,NaN
-2791.31996,-0.34606,-2.803155e-07,9.90000000000011e-10,9.90346239908741e-10,-1.57368813618995e-13,-5.20429884107091e-13,-4.44599154826675e-13,NaN
-2781.23746,-0.34481,-2.79318e-07,9.96749999999986e-10,9.90093932081432e-10,-7.74043524043761e-13,-5.63880407595349e-13,-4.76653432852121e-13,NaN
-2771.0743,-0.34355,-2.78322e-07,9.99750000000015e-10,9.88798152860653e-10,-1.32133862758776e-12,-5.97122965377633e-13,-5.05911808340398e-13,NaN
-2760.9918,-0.3423,-2.773185e-07,9.92000000000013e-10,9.87451254826257e-10,-1.06459722709735e-12,-6.53264151572817e-13,-5.25870813553101e-13,NaN
-2750.9093,-0.34105,-2.76338e-07,9.73249999999972e-10,9.86668958406458e-10,-1.1535187785207e-12,-6.81707657980088e-13,-5.35880451773485e-13,NaN
-2740.8268,-0.3398,-2.75372e-07,9.82562500000004e-10,9.85144217269215e-10,-1.36258555633554e-12,-6.71837271389335e-13,-5.36144941354828e-13,NaN
-2730.7443,-0.33855,-2.74372875e-07,9.94000000000016e-10,9.83943787293787e-10,-3.55460249208764e-13,-6.33637987582845e-13,-5.26149049583978e-13,NaN
-2720.6618,-0.3373,-2.73384e-07,9.86187499999998e-10,9.84433296770798e-10,2.36604949104988e-13,-5.78482255509359e-13,-5.11808518887607e-13,NaN
-2710.5793,-0.33605,-2.724005e-07,9.843125e-10,9.84416997191997e-10,-4.56096437346765e-13,-5.28999968398965e-13,-4.95896367951835e-13,NaN
-2700.41614,-0.33479,-2.71415375e-07,9.9318749999998e-10,9.83521103896104e-10,-9.13149350649799e-13,-5.03902806659949e-13,-4.73142849080356e-13,NaN
-2690.33364,-0.33354,-2.70414125e-07,9.82187499999994e-10,9.82590698490698e-10,-1.16593102843125e-12,-4.93601756252207e-13,-4.40732899598157e-13,NaN
-2680.25114,-0.33229,-2.69451e-07,9.74062500000008e-10,9.81189241839242e-10,-1.24725342225301e-12,-4.59362322822674e-13,-3.980885218705e-13,NaN
-2670.16864,-0.33104,-2.68466e-07,9.90499999999998e-10,9.80096191646192e-10,-8.1452702702689e-13,-4.11546305003561e-13,-3.44981292645861e-13,NaN
-2660.08614,-0.32979,-2.6747e-07,9.83000000000003e-10,9.79560187785188e-10,-2.99326518076375e-13,-3.61077641302186e-13,-2.84421851429119e-13,NaN
-2650.00364,-0.32854,-2.665e-07,9.72500000000004e-10,9.79497538610039e-10,1.35782292032568e-13,-2.89338742566124e-13,-2.21109361065931e-13,NaN
-2639.84048,-0.32728,-2.65525e-07,9.74000000000019e-10,9.79831752369253e-10,2.82401719900465e-14,-1.96488831160217e-13,-1.59438341432441e-13,NaN
-2629.75798,-0.32603,-2.64552e-07,9.74437499999992e-10,9.79554018954019e-10,-2.13524482275233e-13,-1.04678718253718e-13,-1.00393249559001e-13,NaN
-2619.67548,-0.32478,-2.63576125e-07,9.72187499999983e-10,9.79404703404702e-10,2.17758424008425e-13,-4.20511449031194e-15,-4.32496198990807e-14,NaN
-2609.59298,-0.32353,-2.62607625e-07,9.73750000000012e-10,9.79989535802036e-10,3.44195331695904e-13,1.15688753488006e-13,8.96858252763364e-15,NaN
-2599.51048,-0.32228,-2.61628625e-07,9.73312500000014e-10,9.80093094068094e-10,4.18989118988886e-13,2.04298024862266e-13,5.49789769633335e-14,NaN
-2589.42798,-0.32103,-2.60661e-07,9.68812499999969e-10,9.80827514040014e-10,9.98740786241137e-13,2.52198064391447e-13,9.45742865007194e-14,NaN
-2579.26482,-0.31977,-2.59691e-07,9.79937500000011e-10,9.82090575640577e-10,9.54861354862101e-13,2.84491304363733e-13,1.24834626974812e-13,NaN
-2569.18232,-0.31852,-2.58701125e-07,9.94500000000029e-10,9.82737236749738e-10,4.18355124605141e-13,2.747651745743e-13,1.45536748200978e-13,NaN
-2559.09982,-0.31727,-2.57702e-07,9.86374999999964e-10,9.82927285889787e-10,-3.92308704805341e-14,2.3888533549112e-13,1.59717195426543e-13,NaN
-2549.01732,-0.31602,-2.56728375e-07,9.76375000000006e-10,9.82658775008777e-10,-2.25467269217055e-13,2.47087232704154e-13,1.71696303069139e-13,NaN
-2538.93482,-0.31477,-2.5574925e-07,9.88687500000015e-10,9.82476351351353e-10,-1.12050280800671e-13,2.74055590989638e-13,1.8343413639814e-13,NaN
-2528.85232,-0.31352,-2.54751e-07,9.84374999999988e-10,9.82434674447175e-10,3.80120217619504e-13,2.67273677000348e-13,1.93346987956338e-13,NaN
-2518.76982,-0.31227,-2.537805e-07,9.89875000000008e-10,9.83236591786592e-10,6.97553966303484e-13,2.50472707166256e-13,1.98226619751964e-13,NaN
-2508.60666,-0.31101,-2.5277125e-07,1.00374999999999e-09,9.83829782379782e-10,2.90759915759596e-13,2.17748754096566e-13,1.9710153380286e-13,NaN
-2498.52416,-0.30976,-2.51773e-07,9.8924999999999e-10,9.83818111618111e-10,1.20366795366328e-13,1.6383715856779e-13,1.92208009936199e-13,NaN
-2488.44166,-0.30851,-2.5079275e-07,9.85687500000011e-10,9.84070515970515e-10,2.04207616707364e-13,1.21008663388464e-13,1.85008710451487e-13,NaN
-2478.35916,-0.30726,-2.49801625e-07,9.83875000000001e-10,9.84226526851526e-10,7.56888381888421e-14,9.05243127803813e-14,1.77537600461422e-13,NaN
-2468.27766825,-0.306010125,-2.48825e-07,9.79812500000008e-10,9.84221893646893e-10,1.51013513514891e-13,7.94163170010061e-14,1.72368049365864e-13,NaN
-2458.19416,-0.30476,-2.47842e-07,9.90499999999998e-10,9.84528553878555e-10,4.08799140050454e-13,6.89830180633766e-14,1.69921142441209e-13,NaN
-2448.031,-0.3035,-2.46844e-07,9.8468750000001e-10,9.85039491926994e-10,9.040233415187e-14,2.96879863753459e-14,1.69204878960774e-13,NaN
-2437.9485,-0.30225,-2.45872625e-07,9.71874999999987e-10,9.84709358546859e-10,-5.27922077922817e-13,2.17329595119137e-14,1.72638988832807e-13,NaN
-2427.866,-0.301,-2.4490025e-07,9.91999999999987e-10,9.83983647771148e-10,-6.20845033344772e-13,5.18889135017093e-14,1.84741619756084e-13,NaN
-2417.7835,-0.29975,-2.43888625e-07,9.86125000000036e-10,9.8346766848017e-10,-6.05214548964929e-13,8.51596715872959e-14,2.04974418733747e-13,NaN
-2407.701,-0.2985,-2.42928e-07,9.67999999999986e-10,9.82773218673218e-10,-3.8607844857928e-13,1.53805662323061e-13,2.30350593679239e-13,NaN
-2397.6185,-0.29725,-2.41952625e-07,9.57999999999975e-10,9.82695511583011e-10,2.30291330292083e-13,2.54211710685038e-13,2.58912771794276e-13,NaN
-2387.45534,-0.29599,-2.41012e-07,9.71812499999999e-10,9.83233801333802e-10,4.07261319761598e-13,3.29832400874469e-13,2.86703722679195e-13,NaN
-2377.37284,-0.29474,-2.40009e-07,9.96375000000002e-10,9.83510034222534e-10,2.64465601965071e-13,3.35976372649828e-13,3.10857206522638e-13,NaN
-2367.29034,-0.29349,-2.3901925e-07,9.92500000000001e-10,9.83762732537733e-10,5.26759389259506e-13,3.08149093466822e-13,3.33030300867747e-13,NaN
-2357.20784,-0.29224,-2.38024e-07,9.91062500000014e-10,9.84563553001053e-10,7.7299491049512e-13,3.07760539065866e-13,3.53169490277394e-13,NaN
-2347.12534,-0.29099,-2.37037125e-07,9.83749999999997e-10,9.85308722358723e-10,5.2147902772952e-13,3.61884115737231e-13,3.68221072852058e-13,NaN
-2337.04284,-0.28974,-2.360565e-07,9.790625e-10,9.85606511056512e-10,4.39202351702093e-13,4.32377166817323e-13,3.78400191681571e-13,NaN
-2326.96034,-0.28849,-2.35079e-07,9.83750000000011e-10,9.86187127062127e-10,5.85797648296567e-13,4.83650626336627e-13,3.84509139059541e-13,NaN
-2316.79718,-0.28723,-2.34089e-07,9.96375000000002e-10,9.86778106353105e-10,5.33097139347074e-13,5.2402132287083e-13,3.84601261105266e-13,NaN
-2306.71468,-0.28598,-2.3308625e-07,9.96375000000015e-10,9.87253321340821e-10,6.56616356616315e-13,5.24558640158718e-13,3.77404197201594e-13,NaN
-2296.63218,-0.28473,-2.3209625e-07,9.91374999999996e-10,9.88091339066338e-10,6.77367058617201e-13,4.8412060136116e-13,3.62017108093476e-13,NaN
-2286.54968,-0.28348,-2.311035e-07,9.84124999999968e-10,9.88608055458055e-10,6.20998595999103e-13,4.56155553462455e-13,3.38819380034059e-13,NaN
-2276.46718,-0.28223,-2.30128e-07,9.76249999999989e-10,9.89333336258336e-10,1.11723631098674e-12,4.62714140552483e-13,3.07998134689546e-13,NaN
-2266.38468,-0.28098,-2.29151e-07,9.90500000000012e-10,9.90842528080029e-10,9.44541944542242e-13,4.37382529613641e-13,2.65896957340344e-13,NaN
-2256.22152,-0.27972,-2.28147e-07,1.00143750000001e-09,9.91222420147421e-10,2.5522990522951e-13,3.32553577912063e-13,2.14422451531992e-13,NaN
-2246.13902,-0.27847,-2.27148125e-07,9.97000000000006e-10,9.91352987890488e-10,2.56451825202004e-13,2.01481215475201e-13,1.59790884578221e-13,NaN
-2236.05652,-0.27722,-2.26153e-07,9.95562499999993e-10,9.91735323797825e-10,8.79080379082955e-14,8.27675470607551e-14,1.02674909417917e-13,NaN
-2225.97402,-0.27597,-2.25157e-07,9.91000000000012e-10,9.91528803966305e-10,-6.59887241137902e-13,-2.41788570706653e-14,4.41339392236567e-14,NaN
-2215.89152,-0.27472,-2.24171e-07,9.93000000000001e-10,9.90415549315549e-10,-7.69846876097556e-13,-9.92057006202188e-14,-1.12394275745463e-14,NaN
-2205.80902,-0.27347,-2.23171e-07,9.93999999999976e-10,9.89989110214109e-10,2.39246226746008e-13,-1.52733553834775e-13,-6.26308241526524e-14,NaN
-2195.72652,-0.27222,-2.22183e-07,9.83562500000005e-10,9.90894041769041e-10,8.29233941733962e-13,-2.14492024936895e-13,-1.14298492256854e-13,NaN
-2185.56336,-0.27096,-2.21203875e-07,9.80500000000014e-10,9.91647578097577e-10,2.75245700246167e-13,-2.5882901558139e-13,-1.67831559091708e-13,NaN
-2175.48086,-0.26971,-2.20222e-07,9.74812499999989e-10,9.91444533169533e-10,-6.58230958230682e-13,-2.61380253285742e-13,-2.19556830155328e-13,NaN
-2165.39836,-0.26846,-2.1925425e-07,9.89624999999987e-10,9.90331116181116e-10,-9.21902421902755e-13,-2.76156627007279e-13,-2.63095559865067e-13,NaN
-2155.31586,-0.26721,-2.1824275e-07,1.00262500000002e-09,9.89600728325728e-10,-1.14118550368523e-12,-3.34270600572698e-13,-2.95115009492013e-13,NaN
-2145.23336,-0.26596,-2.17249e-07,9.94125000000006e-10,9.88048745173746e-10,-1.45048262548181e-12,-3.87727891813494e-13,-3.1382347567142e-13,NaN
-2135.15086,-0.26471,-2.162545e-07,9.95875000000001e-10,9.86699763074764e-10,-7.69996051245298e-13,-4.17241448478273e-13,-3.17080853040793e-13,NaN
-2124.9877,-0.26345,-2.1525725e-07,9.86250000000013e-10,9.86508753071255e-10,-6.96647946645492e-14,-4.19798507287549e-13,-3.08037427393332e-13,NaN
-2114.9052,-0.2622,-2.14282e-07,9.88249999999989e-10,9.86560433485435e-10,-3.47646103896679e-13,-4.08078668708284e-13,-2.91312119307492e-13,NaN
-2104.8227,-0.26095,-2.1328075e-07,9.94749999999997e-10,9.85813460863462e-10,-1.0353237978248e-12,-3.9107325040981e-13,-2.6619325786485e-13,NaN
-2094.7402,-0.2597,-2.122925e-07,9.69374999999998e-10,9.84489785889786e-10,-8.13495963496129e-13,-3.02957011789415e-13,-2.29348958776577e-13,NaN
-2084.6577,-0.25845,-2.11342e-07,9.76249999999989e-10,9.84186468936469e-10,2.78510003510352e-13,-2.02070665062417e-13,-1.83169234495651e-13,NaN
-2074.5752,-0.2572,-2.1034e-07,1.0011875e-09,9.85046805896806e-10,7.75032906283014e-13,-1.83111763643014e-13,-1.35515972853159e-13,NaN
-2064.41204,-0.25594,-2.09339625e-07,9.92750000000008e-10,9.85736534749035e-10,4.81967356967247e-13,-1.57423936782405e-13,-9.13710215913244e-14,NaN
-2054.32954,-0.25469,-2.083545e-07,9.85812500000001e-10,9.86010740610741e-10,3.63270007020049e-13,-8.90826319690944e-14,-5.09406421599891e-14,NaN
-2044.24704,-0.25344,-2.07368e-07,9.89625000000001e-10,9.86463074763075e-10,2.48870217620575e-13,-5.2356070451858e-14,-1.46535460251322e-14,NaN
-2034.16454,-0.25219,-2.0637525e-07,9.79499999999999e-10,9.86508481045982e-10,-3.40470340495091e-15,-1.93432923882322e-14,1.77638131418827e-14,NaN
-2024.08204,-0.25094,-2.05409e-07,9.67375000000009e-10,9.86456265356266e-10,1.03470515970533e-13,7.8667846482826e-14,4.78687929253763e-14,NaN
-2013.99954,-0.24969,-2.044405e-07,9.62062499999994e-10,9.86715422077923e-10,4.87693050202363e-14,2.13716025562212e-13,7.44725599213987e-14,NaN
-2003.91704,-0.24844,-2.03484875e-07,9.79249999999992e-10,9.86553803966306e-10,-6.06783081782749e-13,3.23523212223581e-13,9.6917766894108e-14,NaN
-1993.75388,-0.24718,-2.02482e-07,9.92812500000009e-10,9.85501855914357e-10,-5.77424096175126e-13,3.69783867129398e-13,1.17598965916766e-13,NaN
-1983.67138,-0.24593,-2.0149925e-07,9.76875000000006e-10,9.85398955773956e-10,4.63835995085186e-13,3.8104664386861e-13,1.34822368039611e-13,NaN
-1973.58888,-0.24468,-2.0052825e-07,9.99124999999998e-10,9.86429527904528e-10,8.32357844858311e-13,3.46450306592372e-13,1.43016746902395e-13,NaN
-1963.50638,-0.24343,-1.99501e-07,1.0129375e-09,9.87063671463672e-10,5.81241224991678e-13,2.47725288109156e-13,1.40607192138055e-13,NaN
-1953.42388,-0.24218,-1.98502375e-07,9.92625000000004e-10,9.87592010354511e-10,3.81859863110259e-13,1.66848583111757e-13,1.28496217817376e-13,NaN
-1943.34138,-0.24093,-1.9751575e-07,9.83687499999996e-10,9.87827391189893e-10,3.67793524043611e-13,1.36177476662316e-13,1.07661073428457e-13,NaN
-1933.17822,-0.23967,-1.96535e-07,9.95375000000001e-10,9.88327597402598e-10,5.01704545453597e-13,8.59345732388882e-14,7.84492174130596e-14,NaN
-1923.09572,-0.23842,-1.95525e-07,1.0015e-09,9.888308002808e-10,-3.76572920323387e-13,-2.71430990793366e-14,4.13425772119317e-14,NaN
-1913.01322,-0.23717,-1.94532e-07,9.92937499999999e-10,9.87574451561952e-10,-6.69840294840226e-13,-1.44227114844912e-13,1.9171355318813e-15,NaN
-1902.93072,-0.23592,-1.93539125e-07,9.77937500000009e-10,9.8749111969112e-10,7.80045630045342e-13,-1.91236654533024e-13,-3.87440638182872e-14,NaN
-1892.84822,-0.23467,-1.92576125e-07,9.77562499999999e-10,9.89134542822042e-10,9.99605124605035e-13,-1.79186592568955e-13,-8.70185959125224e-14,NaN
-1882.76572,-0.23342,-1.91584e-07,9.86562500000009e-10,9.8949032994033e-10,8.3018164268336e-14,-1.77355978051009e-13,-1.41648124377178e-13,NaN
-1872.68322,-0.23217,-1.90603e-07,9.78062499999999e-10,9.89300579150579e-10,3.93252018253732e-14,-1.82104752845424e-13,-1.96425372992623e-13,NaN
-1862.52006,-0.23091,-1.89627875e-07,9.89999999999998e-10,9.89568980343981e-10,-1.83445945945794e-13,-1.85763780891065e-13,-2.50728150177601e-13,NaN
-1852.43756,-0.22966,-1.88623e-07,9.96937500000004e-10,9.88933687258687e-10,-8.91448753948599e-13,-2.27254656113968e-13,-3.0335768350766e-13,NaN
-1842.35506,-0.22841,-1.87634e-07,9.80187499999992e-10,9.87786082836083e-10,-1.28188399438354e-12,-2.77711930938118e-13,-3.48747305920514e-13,NaN
-1832.27256,-0.22716,-1.86662625e-07,9.84062499999993e-10,9.8636991926992e-10,-1.40912162162194e-12,-3.23234251862272e-13,-3.8287944687099e-13,NaN
-1822.19006,-0.22591,-1.85665875e-07,9.97312499999988e-10,9.84967839592839e-10,-1.2020577395583e-12,-4.06287514317484e-13,-4.04108534877265e-13,NaN
-1812.10756,-0.22466,-1.84668e-07,9.90312500000006e-10,9.83965803790804e-10,-1.10386977886929e-12,-4.85549038038501e-13,-4.1270694484745e-13,NaN
-1801.9444,-0.2234,-1.8368525e-07,9.78500000000011e-10,9.82760100035101e-10,-7.04955686205312e-13,-4.99407003294788e-13,-4.09144729996586e-13,NaN
-1791.8619,-0.22215,-1.82711e-07,9.80187499999992e-10,9.82555892418393e-10,1.18282730782301e-13,-4.85301861379853e-13,-3.95945828273464e-13,NaN
-1781.7794,-0.2209,-1.81724875e-07,9.85687499999998e-10,9.82996665496665e-10,1.88316075815716e-13,-4.74861026221969e-13,-3.7742974624591e-13,NaN
-1771.6969,-0.21965,-1.80739625e-07,9.83687499999996e-10,9.82932524570025e-10,-3.57599157598899e-13,-4.60124796086462e-13,-3.53486898460243e-13,NaN
-1761.6144,-0.2184,-1.797575e-07,9.78312500000006e-10,9.82281467181468e-10,-2.66909441909231e-13,-4.30953468921988e-13,-3.21966757663062e-13,NaN
-1751.5319,-0.21715,-1.78783e-07,9.8506250000002e-10,9.82398705686206e-10,3.81888381888099e-13,-3.93760535400571e-13,-2.84963332380643e-13,NaN
-1741.36874,-0.21589,-1.77787375e-07,1.0015e-09,9.83045243945244e-10,6.14768339768079e-13,-3.94308856715869e-13,-2.47221920626888e-13,NaN
-1731.28624,-0.21464,-1.7678e-07,9.78187499999989e-10,9.83628242365742e-10,1.31256581256745e-13,-3.76320566439917e-13,-2.11149029094959e-13,NaN
-1721.20374,-0.21339,-1.75831e-07,9.58500000000002e-10,9.83307757107757e-10,-6.43464812214841e-13,-2.52652118272965e-13,-1.74401346943488e-13,NaN
-1711.12124,-0.21214,-1.74863e-07,9.78250000000004e-10,9.82341312741313e-10,-6.65724815724675e-13,-1.05384005964945e-13,-1.32445969662806e-13,NaN
-1701.03874,-0.21089,-1.738745e-07,9.84000000000004e-10,9.81976307476308e-10,-6.36804580554335e-13,-1.24537055916736e-14,-8.50414276061232e-14,NaN
-1690.932042,-0.209637,-1.72895e-07,9.76624999999999e-10,9.81067703580204e-10,-8.19884169884042e-13,7.35977274174757e-14,-3.29108382495398e-14,NaN
-1680.833510825,-0.2083850125,-1.7192125e-07,9.86499999999994e-10,9.8033653913654e-10,-2.14818796068509e-13,1.60670577300097e-13,2.39587179392601e-14,NaN
-1670.7432473,-0.20713405,-1.70922e-07,9.82937500000001e-10,9.80638065988067e-10,2.10600210600212e-13,2.20492521006749e-13,8.18463459967786e-14,NaN
-1660.644312825,-0.2058820125,-1.69955375e-07,9.76374999999992e-10,9.8075773955774e-10,2.20237363987104e-13,2.70862361600378e-13,1.38165092302591e-13,NaN
-1650.55384765,-0.204631025,-1.6896925e-07,9.87937500000007e-10,9.81078540716041e-10,5.57388557388535e-13,3.03601722371933e-13,1.91822741751962e-13,NaN
-1640.455316475,-0.2033790375,-1.679795e-07,9.93625000000005e-10,9.81872516672517e-10,5.64026851526949e-13,3.06704017691204e-13,2.38520664961219e-13,NaN
-1630.364548825,-0.2021280125,-1.66982e-07,9.82687499999981e-10,9.82206594419095e-10,2.46027114776932e-13,2.93445923769747e-13,2.76618900062642e-13,NaN
-1620.265916825,-0.2008760125,-1.66014125e-07,9.81062500000003e-10,9.82364570902071e-10,2.86271498771071e-13,2.88220719283432e-13,3.08191290340425e-13,NaN
-1610.175350825,-0.1996250125,-1.65019875e-07,9.85000000000019e-10,9.82779137416637e-10,5.00609863109236e-13,3.0205315539339e-13,3.33123726197898e-13,NaN
-1600.076920475,-0.1983730375,-1.64044125e-07,9.80937499999999e-10,9.8336579062829e-10,5.58421814671867e-13,3.07527332042509e-13,3.50066583018759e-13,NaN
-1589.97818765,-0.197121025,-1.63058e-07,9.8637499999999e-10,9.83895981045981e-10,5.39143120393562e-13,2.94172048661785e-13,3.5839995159795e-13,NaN
-1579.88742,-0.19587,-1.62071375e-07,9.81500000000001e-10,9.84444076869077e-10,8.75620831871276e-13,2.93668307409545e-13,3.57892050044947e-13,NaN
-1569.788888825,-0.1946180125,-1.61095e-07,9.78187500000003e-10,9.85647222709723e-10,1.24789838539899e-12,3.16774277360015e-13,3.47146668799286e-13,NaN
-1559.6986253,-0.19336705,-1.60115e-07,9.72687499999996e-10,9.86939873639875e-10,6.82276676026474e-13,3.6313783579885e-13,3.24076298381803e-13,NaN
-1549.59979165,-0.192115025,-1.59149625e-07,9.76999999999996e-10,9.87011776061776e-10,-2.23780273780457e-13,4.06532008269017e-13,2.91966773481717e-13,NaN
-1539.509024,-0.190864,-1.58161e-07,9.90312500000006e-10,9.86492313092314e-10,-3.54220779220458e-13,3.93746823409849e-13,2.57831480571946e-13,NaN
-1529.4107953,-0.18961205,-1.57169e-07,9.86500000000007e-10,9.86303334503335e-10,1.60494910494881e-13,3.49745753437817e-13,2.23680269033711e-13,NaN
-1519.311860825,-0.1883600125,-1.56188e-07,9.92e-10,9.86813302913304e-10,4.2234994734986e-13,2.92533794717878e-13,1.87537245991421e-13,NaN
-1509.221194,-0.187109,-1.55185e-07,1.004e-09,9.87148034398035e-10,2.97683397683237e-13,2.06898615137911e-13,1.49526186675902e-13,NaN
-1499.122662825,-0.1858570125,-1.5418e-07,9.93937500000001e-10,9.8740866970867e-10,1.65457177957071e-13,1.34246863388703e-13,1.10517233360684e-13,NaN
-1489.03219765,-0.184606025,-1.53197125e-07,9.84124999999994e-10,9.87478948753949e-10,-3.22646103896154e-13,7.47727640791431e-14,7.07948473001893e-14,NaN
-1478.933464825,-0.1833540125,-1.5221175e-07,9.82562500000004e-10,9.86763377500878e-10,-5.49021586521601e-13,8.22487563144557e-15,3.32591464520821e-14,NaN
-1468.84299965,-0.182103025,-1.51232e-07,9.86937499999993e-10,9.86380905580906e-10,-1.39858283608148e-13,-3.57418655452742e-14,1.57818711024379e-16,NaN
-1458.744166,-0.180851,-1.50237875e-07,9.95562499999993e-10,9.86483660933662e-10,-4.9725780975989e-14,-7.95326748801173e-14,-2.97179344535633e-14,NaN
-1448.645634825,-0.1795990125,-1.49240875e-07,9.90562500000013e-10,9.86281454018954e-10,-1.74853018603435e-13,-1.40667268114575e-13,-5.76328724363578e-14,NaN
-1438.555270475,-0.1783480375,-1.4825675e-07,9.86062500000008e-10,9.86133954896455e-10,4.82471919974528e-14,-1.93141898359947e-13,-8.32605057592381e-14,NaN
-1428.456336,-0.177096,-1.4726875e-07,9.87875000000005e-10,9.86377948402949e-10,3.56282906283221e-13,-2.32334076103431e-13,-1.06608221451071e-13,NaN
-1418.36577,-0.175845,-1.46281e-07,9.88249999999989e-10,9.86846520709021e-10,2.48850473850538e-13,-2.63205203010469e-13,-1.29174503528152e-13,NaN
-1408.267238825,-0.1745930125,-1.4529225e-07,9.81500000000001e-10,9.8687564935065e-10,-9.37390312390088e-14,-2.77680868977869e-13,-1.5096827431826e-13,NaN
-1398.176572,-0.173342,-1.44318e-07,9.69625000000004e-10,9.86659042646543e-10,-7.02571077571989e-14,-2.41839850915427e-13,-1.70183525697386e-13,NaN
-1388.07814165,-0.172090025,-1.43353e-07,9.84499999999992e-10,9.86735135135136e-10,-3.59661284661352e-13,-1.78600717203718e-13,-1.86224392259259e-13,NaN
-1377.987676475,-0.1708390375,-1.42349e-07,9.92500000000001e-10,9.8593972007722e-10,-8.95594945594976e-13,-1.62637466872707e-13,-1.97162923583967e-13,NaN
-1367.888742,-0.169587,-1.41368e-07,9.8299999999999e-10,9.84943945243946e-10,-7.02132327132224e-13,-1.87976964077325e-13,-2.00892884785982e-13,NaN
-1357.79031165,-0.168335025,-1.40383e-07,9.90999999999999e-10,9.84535455422956e-10,-3.71847578097306e-13,-2.04753820501405e-13,-1.98983176436917e-13,NaN
-1347.69974565,-0.167084025,-1.39386e-07,9.79375000000009e-10,9.84200250087751e-10,-3.62653562653357e-13,-1.95438290282058e-13,-1.93064732624533e-13,NaN
-1337.600912,-0.165832,-1.3842425e-07,9.72000000000004e-10,9.83810148297649e-10,-2.17868111618263e-13,-1.6126699437991e-13,-1.83381727493283e-13,NaN
-1327.510346,-0.164581,-1.37442e-07,9.80062500000001e-10,9.83764513864515e-10,-1.64926289926691e-13,-1.04916713339408e-13,-1.7004461870437e-13,NaN
-1317.411814825,-0.1633290125,-1.36464125e-07,9.79437499999997e-10,9.83480295717796e-10,-1.39268164268276e-13,-3.99577519825887e-14,-1.52608736546054e-13,NaN
-1307.321148,-0.162078,-1.35483125e-07,9.89562499999999e-10,9.83485977535978e-10,3.52996665499323e-14,-1.9536380927659e-14,-1.3275188271147e-13,NaN
-1297.222616825,-0.1608260125,-1.34485e-07,9.94562500000005e-10,9.83550895050896e-10,-8.95774833276334e-14,-5.42666990973467e-14,-1.1326690566053e-13,NaN
-1287.123984825,-0.1595740125,-1.33494e-07,9.93000000000001e-10,9.83306822569323e-10,3.25706388203387e-14,-8.97266674087597e-14,-9.47073400591502e-14,NaN
-1277.03351965,-0.158323025,-1.32499e-07,9.92e-10,9.83616036328536e-10,2.4790057915043e-13,-1.16063798564271e-13,-7.87947821725791e-14,NaN
-1266.934686,-0.157071,-1.3151e-07,9.89562499999999e-10,9.83802623727624e-10,2.04587135837327e-13,-1.45881589772925e-13,-6.72599271170763e-14,NaN
-1256.84412,-0.15582,-1.30519875e-07,9.83937500000003e-10,9.84025210600211e-10,2.68888206388769e-13,-1.53518986266935e-13,-6.00502704762552e-14,NaN
-1246.745588825,-0.1545680125,-1.29542125e-07,9.71625000000007e-10,9.84340400140401e-10,3.55379080379454e-13,-1.21175508214433e-13,-5.7705930996852e-14,NaN
-1236.655022825,-0.1533170125,-1.28576625e-07,9.84624999999995e-10,9.8473596876097e-10,1.73060723060694e-13,-9.30079655150259e-14,-6.1109154622982e-14,NaN
-1226.55649165,-0.152065025,-1.27572875e-07,9.848125e-10,9.84686521586523e-10,-5.10639698139966e-13,-8.42116464664152e-14,-6.93488017114103e-14,NaN
-1216.465623175,-0.1508139875,-1.26607e-07,9.70937500000001e-10,9.8371468936469e-10,-6.17179273429567e-13,-5.01510756824388e-14,-7.78779727888071e-14,NaN
-1206.36729365,-0.149562025,-1.25631e-07,9.8e-10,9.83452163039663e-10,1.65566865566702e-13,-1.12423436585967e-14,-8.40448748786538e-14,NaN
-1196.268560825,-0.1483100125,-1.24647e-07,9.85062499999994e-10,9.84045823095823e-10,4.15643646893221e-13,2.24149886755377e-15,-9.11162641536055e-14,NaN
-1186.177994825,-0.1470590125,-1.23660875e-07,9.83812499999999e-10,9.8428345033345e-10,1.2355212355181e-13,9.76219396655397e-15,-1.01268371853663e-13,NaN
-1176.079362825,-0.1458070125,-1.22679375e-07,9.77750000000004e-10,9.84292927342927e-10,6.84165496665798e-14,2.52496493538565e-14,-1.12469597953915e-13,NaN
-1165.98889765,-0.144556025,-1.21705375e-07,9.8443749999999e-10,9.84420283432783e-10,-1.35957792207544e-13,2.64304463821679e-14,-1.22941056016251e-13,NaN
-1155.890164825,-0.1433040125,-1.207105e-07,9.93187500000006e-10,9.84021011758512e-10,-7.5311951561923e-13,-2.07835950240322e-14,-1.31116495089751e-13,NaN
-1145.799598825,-0.1420530125,-1.19719e-07,9.95375000000014e-10,9.82914044401545e-10,-1.24020050895063e-12,-1.02427109630372e-13,-1.33266857046455e-13,NaN
-1135.700866,-0.140801,-1.1871975e-07,9.80999999999994e-10,9.81540610740611e-10,-9.45908652158886e-13,-1.67916755104638e-13,-1.26042093169045e-13,NaN
-1125.602334825,-0.1395490125,-1.17757e-07,9.75874999999992e-10,9.81022227097227e-10,-6.92150754651336e-14,-2.04297513453885e-13,-1.1104105503411e-13,NaN
-1115.5120713,-0.13829805,-1.16768e-07,9.865e-10,9.8140218058968e-10,3.91852404352555e-13,-2.25768501824196e-13,-9.30544525312135e-14,NaN
-1105.413036,-0.137046,-1.15784e-07,9.84499999999998e-10,9.81805931905932e-10,4.40696296946558e-13,-2.18647667135146e-13,-7.39752067815654e-14,NaN
-1095.32247,-0.135795,-1.14799e-07,9.85000000000005e-10,9.82283573183574e-10,5.7974069849074e-13,-1.97445438110425e-13,-5.35412770254016e-14,NaN
-1085.223938825,-0.1345430125,-1.13814e-07,9.80500000000007e-10,9.82965413302913e-10,4.80436117936207e-13,-1.7828933307595e-13,-3.22826214182607e-14,NaN
-1075.13347365,-0.133292025,-1.12838e-07,9.79999999999993e-10,9.83244445419446e-10,4.68212530715231e-14,-1.38200864232115e-13,-8.78862591540972e-15,NaN
-1065.03464,-0.13204,-1.11854e-07,9.78499999999991e-10,9.83059055809056e-10,2.15588803088705e-13,-6.47169199417057e-14,1.94534656648736e-14,NaN
-1054.93620965,-0.130788025,-1.10881e-07,9.81500000000001e-10,9.83675623025623e-10,5.02174008423878e-13,1.63791172162889e-14,5.10801715221775e-14,NaN
-1044.8458453,-0.12953705,-1.09891e-07,9.89312500000005e-10,9.84063403825904e-10,4.2084942085068e-14,5.83085084875551e-14,8.45294221642169e-14,NaN
-1034.74681,-0.128285,-1.08902375e-07,9.87000000000001e-10,9.83759792909794e-10,-4.30620393119901e-13,8.52652148919638e-14,1.21916071283011e-13,NaN
-1024.656244,-0.127034,-1.07917e-07,9.756875e-10,9.83202163039664e-10,-6.66072306072456e-13,1.62308300770247e-13,1.65487301402486e-13,NaN
-1014.557712825,-0.1257820125,-1.06951e-07,9.73000000000005e-10,9.82427648297649e-10,-7.15453448579016e-13,2.67743874634235e-13,2.16005885557035e-13,NaN
-1004.466945175,-0.1245309875,-1.05971e-07,9.86312500000002e-10,9.81771256142506e-10,-9.1047494734995e-13,3.4768512869169e-13,2.7289353275834e-13,NaN
-994.36861565,-0.123279025,-1.04978375e-07,9.71312499999998e-10,9.80606698402949e-10,-8.77058178308445e-13,4.24846251297139e-13,3.3595435421155e-13,NaN
-984.27804965,-0.122028025,-1.04028375e-07,9.70687500000001e-10,9.80017139785889e-10,2.80426465425991e-13,5.09759130167148e-13,4.04039134551737e-13,NaN
-974.179115175,-0.1207759875,-1.03037e-07,9.92874999999991e-10,9.81167551333801e-10,1.36103918041442e-12,5.50355461421927e-13,4.70665516257298e-13,NaN
-964.08078565,-0.119524025,-1.02042625e-07,1.001375e-09,9.82739218146718e-10,1.38743265180793e-12,5.3175367466198e-13,5.28928687440022e-13,NaN
-953.9904213,-0.11827305,-1.0103425e-07,9.96125000000008e-10,9.83942416637417e-10,1.250911942787e-12,5.0152519474727e-13,5.76759317404795e-13,NaN
-943.891486825,-0.1170210125,-1.00050375e-07,9.84375000000001e-10,9.85241042032292e-10,1.0883660933664e-12,5.13995891053596e-13,6.1330790552353e-13,NaN
-933.80082,-0.11577,-9.90655e-08,9.85437499999998e-10,9.86119148824149e-10,7.68016189891181e-13,5.58424272197842e-13,6.38333327392431e-13,NaN
-923.702288825,-0.1145180125,-9.80795e-08,9.85874999999996e-10,9.86777074412075e-10,8.83590733590263e-13,5.98626416121313e-13,6.526278185673e-13,NaN
-913.611722825,-0.1132670125,-9.709375e-08,9.80812500000002e-10,9.8788633029133e-10,1.18753948753977e-12,6.39551713445971e-13,6.54800753631062e-13,NaN
-903.51299,-0.112015,-9.6117875e-08,9.85562500000001e-10,9.89152153387154e-10,1.08259828009863e-12,6.60757505004124e-13,6.42589318149726e-13,NaN
-893.4147613,-0.11076305,-9.5122625e-08,9.82749999999996e-10,9.90051526851527e-10,6.42076167075795e-13,6.56478537511285e-13,6.16710506024078e-13,NaN
-883.323792,-0.109512,-9.4152375e-08,9.7425e-10,9.90436305721306e-10,4.1649526149535e-13,6.77998555973613e-13,5.80168734014569e-13,NaN
-873.225260825,-0.1082600125,-9.3174125e-08,9.78187500000003e-10,9.90884517374518e-10,6.45601526851475e-13,7.17736316253181e-13,5.34796903603872e-13,NaN
-863.13479565,-0.107009025,-9.2196e-08,9.77375e-10,9.91727508775009e-10,8.1786065286045e-13,7.34952603772123e-13,4.79977813878724e-13,NaN
-853.035962,-0.105757,-9.1219375e-08,9.90312499999993e-10,9.92520238680239e-10,4.13513732888802e-13,7.00122595281124e-13,4.15327455503832e-13,NaN
-842.945496825,-0.1045060125,-9.0215375e-08,1.00401875e-09,9.92554536240786e-10,5.95340470356094e-15,5.98740935345166e-13,3.44425729516525e-13,NaN
-832.845453275,-0.1032538375,-8.92113375e-08,1.00614375e-09,9.92532145489646e-10,2.85913039663226e-13,4.64591377825498e-13,2.71022342295409e-13,NaN
-822.75156005,-0.102002425,-8.82030875e-08,1.01862499999999e-09,9.93126362320113e-10,2.61459283959113e-13,2.9575001273597e-13,1.94974669915465e-13,NaN
-812.649802475,-0.1007500375,-8.71740875e-08,1.0202125e-09,9.93055064057564e-10,-2.75873552123271e-13,8.29144321451719e-14,1.16557759003286e-13,NaN
-802.5516746,-0.0994981,-8.61626625e-08,9.95181250000006e-10,9.92574615215866e-10,-2.01229378729415e-13,-9.06878444783681e-14,3.7384117839072e-14,NaN
-792.457378075,-0.0982466375,-8.5183725e-08,9.91556250000012e-10,9.92652605300105e-10,2.57837618462283e-13,-1.95708089800412e-13,-4.21982571461677e-14,NaN
-782.362375775,-0.0969950875,-8.417955e-08,9.86781250000002e-10,9.93090290452791e-10,4.36160933661202e-13,-2.83492657914136e-13,-1.2280746482623e-13,NaN
-772.266970175,-0.0957434875,-8.32101625e-08,9.75349999999993e-10,9.93524927167428e-10,5.47178834680995e-14,-3.58213862872212e-13,-2.04778883824323e-13,NaN
-762.16783405,-0.094491425,-8.222885e-08,9.93331249999992e-10,9.93199726219727e-10,-4.28511319761134e-13,-4.40486762257067e-13,-2.85428570790779e-13,NaN
-752.0746466,-0.0932401,-8.12235e-08,9.98450000000005e-10,9.92667904527905e-10,-4.76187258687434e-13,-5.36383414737519e-13,-3.61186124343055e-13,NaN
-741.975913775,-0.0919880875,-8.023195e-08,9.89550000000007e-10,9.92247351702352e-10,-5.19544796419947e-13,-5.99419709932534e-13,-4.30967900823999e-13,NaN
-731.8741562,-0.0907357,-7.92444e-08,9.79074999999999e-10,9.91628814935066e-10,-2.76189452439324e-13,-6.10383755912597e-13,-4.93387554253577e-13,NaN
-721.783892675,-0.0894847375,-7.82738e-08,9.83099999999995e-10,9.91694972797473e-10,-2.60332134082221e-13,-6.01922748475663e-13,-5.48687535597493e-13,NaN
-711.68354665,-0.088232525,-7.72782e-08,9.90899999999994e-10,9.91108150666901e-10,-9.5867585117594e-13,-6.05180529527589e-13,-5.97080801879866e-13,NaN
-701.596912825,-0.0869820125,-7.6292e-08,9.90950000000003e-10,9.89777621095122e-10,-1.44889939452436e-12,-6.14241654655574e-13,-6.3468524484708e-13,NaN
-691.49959155,-0.085730175,-7.52963e-08,9.89300000000006e-10,9.88210351877852e-10,-1.86470603720591e-12,-6.2298044592939e-13,-6.58363299969499e-13,NaN
-681.411647,-0.0844795,-7.43134e-08,9.88218750000002e-10,9.8604820902071e-10,-1.75494822744826e-12,-6.17390335567592e-13,-6.66906875456216e-13,NaN
-671.31482985,-0.083227725,-7.33198625e-08,9.93112499999999e-10,9.84700455422956e-10,-1.03317260442304e-12,-6.17600825713274e-13,-6.61131134656483e-13,NaN
-661.2111566,-0.0819751,-7.2327175e-08,9.88100000000001e-10,9.83981863811864e-10,-8.06973060723018e-13,-6.40936037054521e-13,-6.44757237705896e-13,NaN
-651.11756585,-0.080723725,-7.13436625e-08,9.83387499999999e-10,9.8308650930151e-10,-6.62441426816337e-13,-6.49946374255088e-13,-6.2069759142243e-13,NaN
-641.018833025,-0.0794717125,-7.03604e-08,9.78475e-10,9.82656980958231e-10,1.57811951557182e-14,-6.27674980635865e-13,-5.91479709009233e-13,NaN
-630.9321992,-0.0782212,-6.93867125e-08,9.79050000000001e-10,9.83118071691821e-10,1.64178439803295e-13,-5.85696755840161e-13,-5.62328652487341e-13,NaN
-620.832659775,-0.0769690875,-6.84023e-08,9.83718750000003e-10,9.82985337837838e-10,-1.46556467180905e-13,-5.49308000990799e-13,-5.35216085418332e-13,NaN
-610.74239625,-0.075718125,-6.7419275e-08,9.84599999999997e-10,9.82824958757459e-10,-1.91917778167489e-13,-5.28719310184545e-13,-5.08648532939792e-13,NaN
-600.645679925,-0.0744663625,-6.64331e-08,9.80387499999996e-10,9.82601502281503e-10,-3.17998639873886e-13,-4.93819366998787e-13,-4.8271283563383e-13,NaN
-590.5590461,-0.07321585,-6.54585e-08,9.85099999999998e-10,9.82188961477712e-10,2.01243857493302e-14,-4.5407908374247e-13,-4.57265500349039e-13,NaN
-580.457288525,-0.0719634625,-6.44629e-08,9.89600000000003e-10,9.82641751053001e-10,3.90385003509928e-13,-4.3247600518663e-13,-4.34261381019226e-13,NaN
-570.359664775,-0.0707115875,-6.34793e-08,9.86456250000001e-10,9.82969731484732e-10,1.10644524394507e-13,-4.05083230496219e-13,-4.15672543107963e-13,NaN
-560.2675864,-0.0694604,-6.24899875e-08,9.83424999999996e-10,9.8286304010179e-10,-4.76379870129631e-13,-3.72716808875808e-13,-4.00270192525396e-13,NaN
-550.1721808,-0.0682088,-6.151245e-08,9.66912500000005e-10,9.82016971744472e-10,-7.89331124956087e-13,-3.16601073825124e-13,-3.85241431079515e-13,NaN
-540.0795983,-0.06695755,-6.05561625e-08,9.72875000000005e-10,9.81284377851878e-10,-8.11905931906153e-13,-2.44533368811172e-13,-3.68369840337326e-13,NaN
-529.980563,-0.0657055,-5.95667e-08,9.74943750000002e-10,9.8039315988066e-10,-8.3384433134447e-13,-2.03319445647364e-13,-3.48770829561794e-13,NaN
-519.8867706,-0.0644541,-5.8606275e-08,9.77749999999997e-10,9.79616689189189e-10,-4.7401697964183e-13,-1.85014451321397e-13,-3.25775989259926e-13,NaN
-509.79076005,-0.063202425,-5.76112e-08,9.86137499999996e-10,9.79445125921376e-10,-3.51362978237494e-13,-1.92953534988704e-13,-3.00564920988276e-13,NaN
-499.689607425,-0.0619501125,-5.6634e-08,9.77156250000004e-10,9.78913963232714e-10,-3.33457572832616e-13,-2.27547868889462e-13,-2.73403432552656e-13,NaN
-489.606300825,-0.0607000125,-5.56568875e-08,9.75756250000001e-10,9.78778210775711e-10,3.36249561246513e-14,-2.55798339364239e-13,-2.44586661766537e-13,NaN
-479.5055515,-0.05944775,-5.46824875e-08,9.85293749999999e-10,9.78981213144964e-10,2.91799754299607e-13,-2.75883709373301e-13,-2.17020543269454e-13,NaN
-469.414884675,-0.0581967375,-5.36863e-08,9.95543750000001e-10,9.7936181028431e-10,-1.34567830817761e-13,-3.11064300193501e-13,-1.92780870193535e-13,NaN
-459.3199832,-0.0569452,-5.26914e-08,9.87799999999998e-10,9.78712077483328e-10,-1.0734411196908e-12,-3.19980921624803e-13,-1.70060961356338e-13,NaN
-449.2302238,-0.0556943,-5.17107e-08,9.83237500000001e-10,9.77214928044929e-10,-9.89198402948502e-13,-2.89333758382788e-13,-1.4450201311022e-13,NaN
-439.1275588,-0.0544418,-5.0724925e-08,9.82318750000004e-10,9.76733680677431e-10,-5.00616444366846e-14,-2.51285207096977e-13,-1.15933024950665e-13,NaN
-429.0248938,-0.0531893,-4.97460625e-08,9.79493750000003e-10,9.77114804756055e-10,1.72154922779893e-13,-2.09089970420598e-13,-8.79402551860387e-14,NaN
-418.936243475,-0.0519385375,-4.87659375e-08,9.68824999999998e-10,9.77077990522991e-10,4.2348631098449e-14,-1.69892225259063e-13,-6.11265066099653e-14,NaN
-408.837409825,-0.0506865125,-4.78084125e-08,9.61668749999995e-10,9.77199502018252e-10,2.27721349596233e-13,-1.03349345126845e-13,-3.51619767872389e-14,NaN
-398.7431133,-0.04943505,-4.68426e-08,9.682875e-10,9.77533433222183e-10,2.36328975079153e-13,-1.33397101425751e-14,-1.04988109120112e-14,NaN
-388.6448846,-0.0481831,-4.58718375e-08,9.69062500000002e-10,9.7767215996841e-10,2.46259213759204e-13,7.54123382013307e-14,1.3940548580219e-14,NaN
-378.554822725,-0.0469321625,-4.4904475e-08,9.7365625e-10,9.78025951649702e-10,1.05795454545255e-13,1.53348084978305e-13,3.73941879069989e-14,NaN
-368.4605262,-0.0456807,-4.3924525e-08,9.72699999999999e-10,9.77883750877501e-10,-1.00334547209473e-13,2.05082432521765e-13,5.95934773656789e-14,NaN
-358.37238,-0.04443,-4.2959075e-08,9.85325000000003e-10,9.77825282555283e-10,-6.06938838187066e-14,2.22015325434245e-13,8.19905114332179e-14,NaN
-348.269715,-0.0431775,-4.1953875e-08,9.87131250000001e-10,9.77762363109864e-10,-1.93626711126592e-13,2.02054168939208e-13,1.04622721262142e-13,NaN
-338.1718896,-0.0419256,-4.09848125e-08,9.74137499999999e-10,9.7743802913303e-10,-3.67811074061181e-13,1.89267571824164e-13,1.27513091967068e-13,NaN
-328.084045875,-0.0406749375,-4.00056e-08,9.83356249999998e-10,9.77026740961741e-10,-5.50416812915671e-14,1.80212465046279e-13,1.50417577134827e-13,NaN
-317.98934605,-0.039423425,-3.90181e-08,9.8295e-10,9.77327945770446e-10,2.90150710775778e-13,1.55142232543368e-13,1.71011766573974e-13,NaN
-307.899385,-0.0381725,-3.80397e-08,9.72562500000003e-10,9.77607042383293e-10,2.54950421200265e-13,1.54668217642037e-13,1.87003809489609e-13,NaN
-297.79934145,-0.036920325,-3.7072975e-08,9.621125e-10,9.77837846612847e-10,7.81750833625912e-13,2.06310495446419e-13,1.97788383379583e-13,NaN
-287.7134134,-0.0356699,-3.6115475e-08,9.793625e-10,9.79170544050545e-10,1.09844572657087e-12,2.48772667627933e-13,2.00546227768656e-13,NaN
-277.60812695,-0.034417075,-3.511425e-08,1.00305625e-09,9.80034738065989e-10,6.60142155142033e-13,2.04732267629222e-13,1.93801506718043e-13,NaN
-267.508990825,-0.0331650125,-3.41093625e-08,9.89518749999999e-10,9.80490828360829e-10,3.72766979641814e-13,1.32982643285217e-13,1.7963729260764e-13,NaN
-257.420038025,-0.0319142125,-3.31352125e-08,9.72031249999998e-10,9.80780272025272e-10,3.18456914707016e-13,1.1230829541098e-13,1.61083597583357e-13,NaN
-247.3221118,-0.0306623,-3.21653e-08,9.770375e-10,9.81127742190243e-10,3.06716391716511e-13,1.14782565292668e-13,1.4019411054349e-13,NaN
-237.23174745,-0.029411325,-3.11811375e-08,9.78706250000002e-10,9.81393704808705e-10,3.690527378003e-14,1.15664394537944e-13,1.16894253588221e-13,NaN
-227.1369468,-0.0281598,-3.02078875e-08,9.8086875e-10,9.81201552737803e-10,-6.31576869077163e-14,1.07269307668126e-13,9.34015887673942e-14,NaN
-217.042851925,-0.0269083625,-2.92194e-08,9.86225e-10,9.8126738943489e-10,-2.63471612846278e-13,7.16664448376893e-14,7.15369229475108e-14,NaN
-206.9461356,-0.0256566,-2.82354375e-08,9.81400000000003e-10,9.8067460951211e-10,-7.67052693927676e-13,5.14909938348738e-14,5.24343013028107e-14,NaN
-196.85375475,-0.024405375,-2.72566e-08,9.75243749999998e-10,9.79733284047035e-10,-8.46609336609573e-13,6.61900490568619e-14,3.8407679309404e-14,NaN
-186.7593574,-0.0231539,-2.628495e-08,9.75699999999999e-10,9.78981390838891e-10,-4.36532774657735e-13,7.91728658864264e-14,2.98174238253262e-14,NaN
-176.6631452,-0.0219022,-2.53052e-08,9.75425000000002e-10,9.78860218497719e-10,1.52171595296594e-13,7.21241743206293e-14,2.4749366176475e-14,NaN
-166.572680025,-0.0206512125,-2.43341e-08,9.8365e-10,9.79285734029484e-10,2.2941361003867e-13,4.00604816170555e-14,1.91357810233954e-14,NaN
-156.47334225,-0.019399125,-2.33379e-08,9.98143749999999e-10,9.79319045717796e-10,2.15304273429363e-13,-2.91843990015588e-14,1.07212981972495e-14,NaN
-146.379045725,-0.0181476625,-2.23378125e-08,9.75300000000002e-10,9.79716342576343e-10,6.19719419094049e-13,-9.98919744059421e-14,-6.79471873039947e-16,NaN
-136.2835393,-0.01689605,-2.13873e-08,9.71856249999999e-10,9.80558484555984e-10,5.15303615303674e-13,-1.37639781839563e-13,-1.63983539674833e-14,NaN
-126.1909568,-0.0156448,-2.03941e-08,9.8215e-10,9.8074694980695e-10,-3.98649526149382e-13,-1.72297436884331e-13,-3.52256950199988e-14,NaN
-116.09131655,-0.014392675,-1.9423e-08,9.68993750000001e-10,9.79761185503686e-10,-7.74577702702946e-13,-1.71098021606674e-13,-5.18604514388412e-14,NaN
-105.998229925,-0.0131413625,-1.84561125e-08,9.737875e-10,9.79197794401544e-10,-5.71472446378248e-16,-1.09026475793852e-13,-6.46768510398017e-14,NaN
-95.90474,-0.01189,-1.7475425e-08,9.80475000000001e-10,9.79760042558793e-10,4.74493243243292e-13,-3.68554188405018e-14,-7.82196110969896e-14,NaN
-85.805402225,-0.0106379125,-1.64951625e-08,9.8625625e-10,9.80146780888031e-10,1.19912469287268e-13,-7.28084310863512e-15,-9.45141569275424e-14,NaN
-75.7107024,-0.0093864,-1.55029125e-08,9.84975000000001e-10,9.79999867497368e-10,-2.4524043524038e-13,-9.80034869956958e-15,-1.10019305140438e-13,NaN
-65.612877,-0.0081345,-1.45252125e-08,9.75550000000001e-10,9.7965630001755e-10,-4.51066821691717e-13,-4.9231073762893e-15,-1.23067559117447e-13,NaN
-55.522613475,-0.0068835375,-1.35518125e-08,9.74175000000001e-10,9.79097733853984e-10,-1.31827614952775e-13,-1.19816805598711e-14,-1.35427045394818e-13,NaN
-45.424384775,-0.0056315875,-1.25768625e-08,9.6875625e-10,9.79392644787645e-10,6.09877149877074e-13,-1.89345493532555e-14,-1.49542683702647e-13,NaN
-35.324139575,-0.0043793875,-1.16143e-08,9.80675e-10,9.80317488153738e-10,4.44689364689572e-13,-3.0523165191546e-14,-1.67849153315292e-13,NaN
-25.227927375,-0.0031276875,-1.06155125e-08,9.933e-10,9.80282023517024e-10,-5.00621928746877e-13,-9.13602659471279e-14,-1.87436634707484e-13,NaN
-15.1310094,-0.0018759,-9.6277e-09,9.89356249999999e-10,9.79316244296244e-10,-8.9455949455959e-13,-1.86503546609678e-13,-2.01524044709386e-13,NaN
-5.0468962,-0.0006257,-8.6368e-09,9.8965e-10,9.78492904527905e-10,-6.50981484731519e-13,-2.83311208612224e-13,-2.06901040838997e-13,NaN
5.052239925,0.0006263625,-7.6484e-09,9.82006250000001e-10,9.78014281326781e-10,-3.97674622674328e-13,-3.36400288272426e-13,-2.04882459781925e-13,NaN
15.149460375,0.0018781875,-6.6727875e-09,9.7815e-10,9.77697555282556e-10,1.72703141453236e-13,-3.33102594174716e-13,-1.97887332081375e-13,NaN
25.242547,0.0031295,-5.6921e-09,9.7780625e-10,9.78359687609688e-10,5.48852228852025e-13,-3.13086612616829e-13,-1.89035763229535e-13,NaN
35.337146,0.004381,-4.717175e-09,9.655125e-10,9.7879525974026e-10,2.56378553878766e-13,-2.65486626381503e-13,-1.80202019169207e-13,NaN
45.43597965,0.005633025,-3.761075e-09,9.656875e-10,9.78872444717445e-10,2.81405098280096e-13,-2.02339995184063e-13,-1.70602883236819e-13,NaN
55.530881125,0.0068845625,-2.7858e-09,9.7656875e-10,9.7935806993682e-10,1.66804361179213e-13,-1.85287724237029e-13,-1.60952777686248e-13,NaN
65.6217496,0.0081356,-1.8079375e-09,9.81125e-10,9.79206053439804e-10,-7.54158696033666e-13,-1.94135473722948e-13,-1.50182434283619e-13,NaN
75.71695355,0.009387175,-8.2355e-10,9.8248125e-10,9.77849752544753e-10,-1.47574455949463e-12,-1.76013915041768e-13,-1.32684147280254e-13,NaN
85.8149806,0.0106391,1.57025e-10,9.780625e-10,9.76254564320815e-10,-9.18665101790242e-13,-1.41520645140847e-13,-1.04570623731407e-13,NaN
95.9176456,0.0118916,1.132575e-09,9.723125e-10,9.76012422341172e-10,-2.20770007019912e-13,-1.41711214615208e-13,-6.96751283645158e-14,NaN
106.003372,0.013142,2.10165e-09,9.797125e-10,9.75813024306775e-10,-3.08103720603684e-13,-1.58172951665302e-13,-3.23561336330245e-14,-1.54746726070987e-07
116.1028106,0.0143941,3.092e-09,9.87225e-10,9.75396214899965e-10,-2.38659178659198e-13,-1.28518731979495e-13,7.88656807233348e-15,3.77183690415949e-08
126.200636,0.015646,4.0761e-09,9.6945e-10,9.75335705949456e-10,-3.29265751140764e-13,-3.05087370012011e-14,4.92204936916895e-14,2.35402361134167e-07
136.29140365,0.016897025,5.0309e-09,9.57e-10,9.74737683397684e-10,-4.83585468585541e-13,1.29272714659987e-13,8.98586931809257e-14,4.29758967387036e-07
146.39043895,0.018149075,5.9901e-09,9.721e-10,9.74368535012285e-10,4.85567304318452e-14,2.71156972617662e-13,1.29217102598301e-13,6.17994838513613e-07
156.483122275,0.0194003375,6.9751e-09,9.88200000000001e-10,9.74834796858547e-10,7.36149964899989e-13,3.12705301694604e-13,1.63594704450473e-13,7.8240945606748e-07
166.580544375,0.0206521875,7.9665e-09,9.872125e-10,9.75840834942085e-10,1.36656239031224e-12,2.7932994796841e-13,1.8817042109223e-13,8.9994549218023e-07
176.673328525,0.0219034625,8.949525e-09,9.794e-10,9.77567921639172e-10,1.32112188487193e-12,2.44207309027889e-13,1.98703931232506e-13,9.50323149372855e-07
186.771557225,0.0231554125,9.9253e-09,9.8508125e-10,9.78483078711829e-10,4.10842839592984e-13,2.23805749826811e-13,1.95302268373187e-13,9.34054327002199e-07
196.8684752,0.0244072,1.09196875e-08,9.8165e-10,9.78389607318358e-10,1.69620261495339e-13,2.17208463100178e-13,1.82321619000415e-13,8.71972960436767e-07
206.9566214,0.0256579,1.18886e-08,9.6500625e-10,9.7882231923482e-10,1.08727843102917e-13,2.29426206703841e-13,1.61270225570084e-13,7.71292383161271e-07
217.060798775,0.0269105875,1.28497e-08,9.64856250000001e-10,9.78607063004564e-10,-1.81349376974293e-13,2.38774429729159e-13,1.33583559537926e-13,6.38877893442255e-07
227.14965075,0.028161375,1.38183125e-08,9.6125e-10,9.78459620480871e-10,-3.80988943512533e-15,2.54969722354308e-13,1.01078619958132e-13,4.83419486756283e-07
237.2505009,0.02941365,1.47722e-08,9.5725625e-10,9.78599443225693e-10,9.36962530711627e-14,2.7584722980768e-13,6.23215557924451e-14,2.9805961465952e-07
247.3402603,0.03066455,1.5732825e-08,9.869875e-10,9.78647012987014e-10,1.87175324675531e-13,2.25333351541466e-13,1.68428303476708e-14,8.05526668801647e-08
257.439396425,0.0319166125,1.6746175e-08,1.0043875e-09,9.78973793875044e-10,4.52509213759087e-13,8.08885298684854e-14,-3.40787115653371e-14,-1.62985142269004e-07
267.533088,0.033168,1.77416e-08,9.85162500000001e-10,9.79552031414532e-10,1.2364702527202e-12,-4.30370087920141e-14,-8.99062266550543e-14,-4.29986301393738e-07
277.625166375,0.0344191875,1.87165e-08,9.87450000000001e-10,9.81446734380485e-10,1.63076320638801e-12,-1.2270034276743e-13,-1.54306859796868e-13,-7.37989329463282e-07
287.726319,0.0356715,1.97165e-08,9.86200000000001e-10,9.82813557827308e-10,5.2816492629003e-13,-2.31110914047289e-13,-2.28297226749201e-13,-1.091856301844e-06
297.817590775,0.0369225875,2.06889e-08,9.7645e-10,9.82503064233065e-10,-9.27561644436303e-13,-3.3600559723281e-13,-3.04093302363156e-13,-1.45435927217162e-06
307.914811225,0.0381744125,2.16694e-08,9.81699999999999e-10,9.80958434538435e-10,-2.00476746226752e-12,-4.23518021200704e-13,-3.72147587705267e-13,-1.77983628902519e-06
318.006083,0.0394255,2.26523e-08,9.89056250000001e-10,9.7849352930853e-10,-2.20173043173059e-12,-5.25092056602727e-13,-4.24494488367094e-13,-2.03019103132088e-06
328.1022952,0.0406772,2.36475125e-08,9.8721875e-10,9.76554973674974e-10,-1.28316163566181e-12,-6.20526822605379e-13,-4.58357732660505e-13,-2.19214567794155e-06
338.1944744,0.0419284,2.46267375e-08,9.749875e-10,9.75927206037206e-10,-3.10116049490849e-13,-6.73342089620663e-13,-4.78136937123527e-13,-2.28674187319948e-06
348.29371135,0.043180475,2.55974875e-08,9.58418750000002e-10,9.75934741575992e-10,-2.81625131625036e-13,-6.53791909106193e-13,-4.88859489819264e-13,-2.3380236469617e-06
358.3917384,0.0444324,2.6543575e-08,9.67837500000002e-10,9.75363955773956e-10,-6.01304624429707e-13,-5.97510253408354e-13,-4.90644789815229e-13,-2.34656203824675e-06
368.4814978,0.0456833,2.75331625e-08,9.88462499999999e-10,9.74732132327133e-10,-4.92230607230365e-13,-5.77675897114529e-13,-4.81250059157297e-13,-2.30163071770881e-06
378.58113805,0.046935425,2.85205e-08,9.77718749999998e-10,9.74379494559495e-10,-5.39155844155847e-13,-5.63974335994553e-13,-4.59559895378705e-13,-2.1978951518112e-06
388.668376825,0.0481860125,2.94886e-08,9.7906875e-10,9.73653820638821e-10,-7.61556686556754e-13,-5.36347184715994e-13,-4.25203623217342e-13,-2.03358254582207e-06
398.76831955,0.049438175,3.04786375e-08,9.73825e-10,9.72856381186382e-10,-9.74741356616601e-13,-5.06978566525159e-13,-3.78129637168646e-13,-1.80844609080657e-06
408.85928885,0.050689225,3.143625e-08,9.75081250000001e-10,9.71704337925588e-10,-1.35399767462297e-12,-4.63864821174627e-13,-3.17426079768264e-13,-1.51812472932648e-06
418.960239825,0.0519415125,3.24288e-08,9.82206250000002e-10,9.70148385837136e-10,-8.89354817479605e-13,-4.17350205271779e-13,-2.42446969193114e-13,-1.1595289830975e-06
429.0515116,0.0531926,3.34006625e-08,9.789e-10,9.69925628290629e-10,3.00163215163337e-13,-3.52717922230088e-13,-1.58028715580625e-13,-7.55789509298641e-07
439.1501436,0.0544446,3.43866e-08,9.68075e-10,9.70748712267463e-10,2.25831432081502e-13,-2.49996732610551e-13,-7.23220548009013e-14,-3.45888088178224e-07
449.2415162,0.0556957,3.53368125e-08,9.21881249999999e-10,9.70377291154792e-10,-1.63251579501514e-13,-4.69857116276608e-14,1.39824306636295e-14,6.6872494478228e-08
459.3369218,0.0569473,3.62303625e-08,9.2669375e-10,9.7042220910846e-10,4.73177869427691e-13,2.27217325751227e-13,1.0316848602966e-13,4.93414498402722e-07
469.4375703,0.05819955,3.71902e-08,9.67718750000002e-10,9.71323646893647e-10,6.15110784485454e-13,4.30941014877655e-13,1.91634447533565e-13,9.16512575160528e-07
479.527733,0.0594505,3.81658e-08,9.79575e-10,9.7165243067743e-10,2.23731133731054e-13,5.34847515172548e-13,2.74075787716848e-13,1.31079724560232e-06
489.625860875,0.0607024375,3.914935e-08,9.879e-10,9.71771109161109e-10,4.25628071253392e-13,5.62309443215383e-13,3.45963014681674e-13,1.65460572239061e-06
499.714612025,0.0619532125,4.01416e-08,9.91924999999999e-10,9.72503686819937e-10,9.95053527553878e-13,5.44899225030276e-13,4.04148076374992e-13,1.93288210440214e-06
509.81153,0.063205,4.11332e-08,9.82081249999999e-10,9.73761216216217e-10,1.13442326254811e-12,5.48666874301815e-13,4.47346302402802e-13,2.13948231583949e-06
519.908447975,0.0644567875,4.21057625e-08,9.699e-10,9.74772533345033e-10,6.61684362934067e-13,5.98863452424159e-13,4.76613071604255e-13,2.279453820716e-06
530.0039544,0.0657084,4.3073e-08,9.77337500000003e-10,9.75084584942085e-10,3.16072306072659e-13,6.49478359023443e-13,4.95974091318409e-13,2.37205000195761e-06
540.099057525,0.0669599625,4.40604375e-08,9.88700000000004e-10,9.75404677957179e-10,6.82707309582254e-13,6.56644370623937e-13,5.08409542739397e-13,2.43152390005799e-06
550.190631775,0.0682110875,4.50504e-08,9.84331249999995e-10,9.7644999956125e-10,9.36956388205916e-13,6.39512822323723e-13,5.12672672669707e-13,2.45191278233338e-06
560.28916295,0.069463075,4.60291e-08,9.77331249999997e-10,9.77278590733591e-10,8.7993023868038e-13,6.21568977605863e-13,5.07886670973437e-13,2.42902320900339e-06
570.3819471,0.07071435,4.70050625e-08,9.76093750000004e-10,9.7820986003861e-10,7.92786942787062e-13,5.89087464738285e-13,4.94320807609088e-13,2.36414299291303e-06
580.4725131,0.07196535,4.79812875e-08,9.772125e-10,9.78864164619165e-10,8.60922911547852e-13,5.26819255424648e-13,4.7238221265474e-13,2.25921927791397e-06
590.5788078,0.0732183,4.89594875e-08,9.78018749999999e-10,9.79931705861706e-10,1.1666277641281e-12,4.32938035132307e-13,4.41736404392484e-13,2.11265236883362e-06
600.66997875,0.074469375,4.9937325e-08,9.75412500000005e-10,9.81197420147421e-10,1.1832432432433e-12,3.47314315686072e-13,4.01095549085155e-13,1.91828306084205e-06
610.767501675,0.0757212375,5.09103125e-08,9.73349999999997e-10,9.82298192348193e-10,9.07490347490134e-13,3.09095690962488e-13,3.51977206453389e-13,1.68336924825534e-06
620.8617982,0.0769727,5.1884025e-08,9.88637499999999e-10,9.83012400842401e-10,-3.67941382941237e-13,2.51964620575283e-13,2.9772163852482e-13,1.42388609729262e-06
630.9596236,0.0782246,5.28875875e-08,9.87737500000003e-10,9.8156230958231e-10,-1.50966391716411e-12,1.26556005500216e-13,2.46196589516363e-13,1.17746194986087e-06
641.047467325,0.0794752625,5.38595e-08,9.70706249999999e-10,9.79993073008073e-10,-1.01048087048109e-12,-1.26476135117676e-14,2.04307921935977e-13,9.77124844041629e-07
651.14458695,0.080727075,5.4829e-08,9.75150000000002e-10,9.79541347841348e-10,-3.60810810810787e-13,-9.02649698908595e-14,1.6954952389918e-13,8.10889027343904e-07
661.2369678,0.0819783,5.58098e-08,9.88049999999998e-10,9.79271451386451e-10,-1.15629826254919e-13,-8.76828430929949e-14,1.37398741356769e-13,6.57124415184547e-07
671.334692375,0.0832301875,5.68051e-08,9.87418749999998e-10,9.79310088188838e-10,1.38198490698551e-13,-5.34008396442035e-14,1.0574967489976e-13,5.05759314737983e-07
681.4346351,0.08448235,5.77846375e-08,9.79206250000002e-10,9.79547848367849e-10,6.9845998596127e-14,-7.52221045888212e-15,7.25867241444899e-14,3.47153898082343e-07
691.523487075,0.0857331375,5.87635125e-08,9.74781249999998e-10,9.7944978018603e-10,-3.51056511056371e-13,3.8593665241408e-14,3.76100964784972e-14,1.79874374462378e-07
701.62101,0.086985,5.97342e-08,9.712875e-10,9.78845735345736e-10,-6.04471305721075e-13,5.67454453731242e-14,4.23611174814199e-15,2.02596648824182e-08
711.7107694,0.0882359,6.07060875e-08,9.76418749999999e-10,9.78240837574588e-10,-2.06386890136514e-13,4.24389215498993e-14,-2.51492083639301e-14,-1.202788226101e-07
721.810308825,0.0894880125,6.16870375e-08,9.81781250000003e-10,9.78432961565463e-10,2.64376755001401e-13,1.50333525486344e-14,-5.28262259769603e-14,-2.52647167715897e-07
731.904807,0.0907395,6.266965e-08,9.79531250000007e-10,9.78769591084591e-10,7.1675368549802e-14,-1.0617006872564e-14,-8.10915650065411e-14,-3.87829223944327e-07
742.0010192,0.0919912,6.36461e-08,9.80425e-10,9.78576312302562e-10,-7.53525359773842e-14,-3.94315209742349e-14,-1.1013950146603e-13,-5.2675413744623e-07
752.0972314,0.0932429,6.46305e-08,9.83499999999997e-10,9.78618886012636e-10,6.58568796070791e-14,-8.67162279819538e-14,-1.41310914489476e-13,-6.75834808427929e-07
762.192637,0.0944945,6.56131e-08,9.75706249999995e-10,9.78708026061776e-10,-8.33932958937773e-15,-1.20573704806875e-13,-1.76516476414416e-13,-8.44209235025468e-07
772.29227725,0.095746625,6.65819125e-08,9.79349999999998e-10,9.78602207353458e-10,-2.10386100386169e-13,-1.18592281229376e-13,-2.16818944136821e-13,-1.03696016761088e-06
782.3786086,0.0969971,6.75718e-08,9.82525000000001e-10,9.78287253861004e-10,-4.29299534924372e-13,-1.23015574608736e-13,-2.61406960709761e-13,-1.25020720339451e-06
792.47865215,0.098249275,6.85469625e-08,9.8155625e-10,9.77743608283609e-10,-2.0624824499828e-13,-1.51238075459139e-13,-3.07335017838334e-13,-1.46986312879203e-06
802.5702264,0.0995004,6.95349125e-08,9.77293750000003e-10,9.77874757371008e-10,9.87034924534803e-13,-2.35374555397488e-13,-3.55084075808873e-13,-1.69822818865113e-06
812.6688584,0.1007524,7.050155e-08,9.67993750000003e-10,9.79717678132678e-10,2.32059011934023e-12,-3.68069919386956e-13,-4.11269150106066e-13,-1.96693941355075e-06
822.76446565,0.102004025,7.14709e-08,9.71275000000001e-10,9.82515937609688e-10,1.5799710424712e-12,-4.68815856733475e-13,-4.8262545645333e-13,-2.3082087047768e-06
832.8576531,0.10325535,7.24441e-08,9.75581250000005e-10,9.82877620217621e-10,-5.8959262021787e-13,-5.29273160633145e-13,-5.64588784294019e-13,-2.70020722923226e-06
842.9558818,0.1045073,7.34220625e-08,9.77200000000001e-10,9.81336752369252e-10,-1.49415913478437e-12,-6.00141792345321e-13,-6.4458814512632e-13,-3.08281286799544e-06
853.04463295,0.105758075,7.43985e-08,9.79543749999999e-10,9.79889301948052e-10,-1.56354751667232e-12,-6.6874631822319e-13,-7.15170453245276e-13,-3.42038042856436e-06
863.147398775,0.1070105875,7.538115e-08,9.80199999999997e-10,9.78209657335908e-10,-1.6848721042472e-12,-7.06588605828238e-13,-7.72388624760845e-13,-3.69403255320404e-06
873.2348392,0.1082612,7.63589e-08,9.79324999999993e-10,9.76519557739558e-10,-1.80095691470696e-12,-7.623029505097e-13,-8.13667470482471e-13,-3.89145311969877e-06
883.335185225,0.1095134125,7.73398e-08,9.86437499999999e-10,9.74607743506494e-10,-1.77504848192355e-12,-8.57882331305758e-13,-8.38789050950132e-13,-4.01159980889194e-06
893.4200042,0.1107637,7.8331775e-08,9.81900000000003e-10,9.72969460775711e-10,-1.38948073885571e-12,-9.36143513004659e-13,-8.4835578029675e-13,-4.05735373185402e-06
903.5186362,0.1120157,7.93036e-08,9.76412500000009e-10,9.71828782028782e-10,-1.26574785012236e-12,-9.78191726642042e-13,-8.43180904414795e-13,-4.03260432546206e-06
913.6229144,0.1132684,8.02846e-08,9.82500000000003e-10,9.70437965075466e-10,-1.25674271674269e-12,-1.00505621948538e-12,-8.23203241916705e-13,-3.93705898307989e-06
923.7134804,0.1145194,8.12686e-08,9.75199999999992e-10,9.69315296595297e-10,-8.50341347841298e-13,-9.99144887607205e-13,-7.88317728903253e-13,-3.77021522518947e-06
933.807776925,0.1157708625,8.2235e-08,9.73331249999996e-10,9.68737282379783e-10,-9.60826386451403e-13,-9.60070635848386e-13,-7.40842053495236e-13,-3.54315764715113e-06
943.89723385,0.117021725,8.32152625e-08,9.77387500000006e-10,9.67393643822394e-10,-1.33918436293476e-12,-9.13941494684881e-13,-6.808578787088e-13,-3.256276811216e-06
953.9964708,0.1182738,8.4189775e-08,9.78906250000003e-10,9.66058913653914e-10,-9.39371270621577e-13,-8.69025564058393e-13,-6.05414649336201e-13,-2.89546136639053e-06
964.08865,0.119525,8.5173075e-08,9.81249999999995e-10,9.65514901281151e-10,-2.81318225693357e-13,-8.30915406759343e-13,-5.15716623975475e-13,-2.46647081031749e-06
974.1905084,0.1207774,8.6152275e-08,9.82262500000001e-10,9.65496277202527e-10,6.13774570027201e-14,-7.83454948029974e-13,-4.16059433843121e-13,-1.98984946620623e-06
984.2851074,0.1220289,8.71376e-08,9.39268750000002e-10,9.65637656195156e-10,6.63879870129947e-14,-6.3202929931997e-13,-3.11746433105157e-13,-1.49096120180727e-06
994.37506845,0.123279825,8.80308125e-08,8.81574999999995e-10,9.65629053176553e-10,-3.22482888732702e-13,-2.94270138968495e-13,-2.07401680668715e-13,-9.91921081459072e-07
1004.466743525,0.1245309625,8.890075e-08,9.20906250000003e-10,9.64992690417691e-10,-7.12442743067296e-13,7.34916885051632e-14,-1.0254225263687e-13,-4.90419469132856e-07
1014.557612,0.125782,8.9872625e-08,9.72625000000008e-10,9.64204167690418e-10,-1.80374692874672e-13,3.01943329089902e-13,4.93851204987413e-15,2.36189706733111e-08
1024.65604235,0.127033975,9.0846e-08,9.74187499999998e-10,9.64631941031942e-10,2.80071296946434e-13,4.40717801092461e-13,1.11363319384094e-13,5.32607179663058e-07
1034.746305875,0.1282849375,9.1821e-08,9.75000000000001e-10,9.64764310284311e-10,-2.23251140751059e-13,5.36442869071847e-13,2.1325992017346e-13,1.01993874865568e-06
1044.845442,0.129537,9.2796e-08,9.72499999999998e-10,9.6418543875044e-10,-6.77843102845401e-14,5.99638032674471e-13,3.12020453859757e-13,1.49227173585101e-06
1054.9356047,0.13078795,9.3766e-08,9.74687499999999e-10,9.64628741663742e-10,8.10693664443504e-13,6.45325017131139e-13,4.04583071773638e-13,1.93496251717827e-06
1065.034539175,0.1320399875,9.4745375e-08,9.74500000000007e-10,9.65806826079327e-10,1.19421551421552e-12,6.74059709407062e-13,4.84515009061211e-13,2.31724569551014e-06
1075.133171175,0.1332919875,9.5715e-08,9.70249999999995e-10,9.67017172692173e-10,1.39726877851899e-12,7.00114061869928e-13,5.48847116480544e-13,2.62492099186347e-06
1085.223535525,0.1345429625,9.6685875e-08,9.76624999999999e-10,9.68601363636365e-10,1.48618330993365e-12,7.13431886835717e-13,5.95692962883572e-13,2.84896634422578e-06
1095.322369175,0.1357949875,9.766825e-08,9.74625000000004e-10,9.69989539312041e-10,1.10010003510012e-12,7.01901760188523e-13,6.24429531085247e-13,2.98640210519031e-06
1105.412733525,0.1370459625,9.8635125e-08,9.67812499999994e-10,9.70801563706565e-10,8.88387372762031e-13,7.00896778854116e-13,6.37641766394642e-13,3.04959105667003e-06
1115.511365525,0.1382979625,9.9603875e-08,9.80937499999999e-10,9.71766314057565e-10,1.05530229905209e-12,6.89050522813724e-13,6.37419407883917e-13,3.04852760292308e-06
1125.6018307,0.13954895,1.00597e-07,9.90062500000006e-10,9.72912168304669e-10,1.28564430501923e-12,6.14836260184251e-13,6.23672725676834e-13,2.98278260106312e-06
1135.700866,0.140801,1.01584e-07,9.81500000000008e-10,9.74337602667603e-10,1.62545630045618e-12,5.26752898047454e-13,5.95642385404917e-13,2.84872445193656e-06
1145.79929635,0.142052975,1.0256e-07,9.728125e-10,9.76163080905581e-10,2.11899482274477e-12,4.79908313154949e-13,5.52492520698514e-13,2.6423555337755e-06
1155.88986235,0.143303975,1.03529625e-07,9.66562499999999e-10,9.78575592313093e-10,1.54517484204963e-12,4.64864010279355e-13,4.93910225260831e-13,2.36217933820397e-06
1165.988696,0.144556,1.04493125e-07,9.586875e-10,9.79253430589681e-10,-8.69366444366519e-13,4.63785239591221e-13,4.26025631494578e-13,2.03751388975668e-06
1176.079161175,0.1458069875,1.05447e-07,9.74937499999992e-10,9.7683685942436e-10,-2.12573468760966e-12,4.32123459168111e-13,3.63867198121489e-13,1.74023442579843e-06
1186.17728905,0.147058925,1.06443e-07,9.86125000000003e-10,9.75001961214461e-10,-1.30843278343268e-12,3.36319214259957e-13,3.15237814984957e-13,1.50765911514545e-06
1196.26846,0.14831,1.0741925e-07,9.61750000000005e-10,9.74219993857494e-10,-5.80499736749632e-13,2.5767821725571e-13,2.76998865649365e-13,1.32477718354044e-06
1206.367092,0.149562,1.083665e-07,9.71875e-10,9.73840961740962e-10,-7.44032994036788e-14,2.0993015779855e-13,2.46607702565678e-13,1.17942814270542e-06
1216.4653207,0.15081395,1.09363e-07,9.95249999999997e-10,9.74071187258687e-10,1.95274657774497e-13,1.10375961909088e-13,2.21897611283498e-13,1.0612494452689e-06
1226.55629,0.152065,1.10357e-07,9.77499999999997e-10,9.74231511056511e-10,8.02167427168221e-14,8.62090973399061e-15,2.01530709421933e-13,9.63842523322288e-07
1236.654922,0.153317,1.11318e-07,9.72000000000004e-10,9.74231620744121e-10,2.69787644787187e-14,-3.94537789888249e-14,1.8602213570245e-13,8.89671083794326e-07
1246.7450847,0.15456795,1.12301e-07,9.70749999999996e-10,9.74285468585468e-10,2.43725868725283e-14,-4.7478321447127e-14,1.75104463334642e-13,8.37456128991766e-07
1256.844019175,0.1558199875,1.132595e-07,9.57312499999995e-10,9.74280365917866e-10,4.46077571076202e-14,-1.82241957146742e-15,1.68512539648103e-13,8.05929537447449e-07
1266.934686,0.157071,1.14215625e-07,9.6875e-10,9.74374684099684e-10,2.61745349245452e-13,6.3562057853862e-14,1.66130854388679e-13,7.94538868815421e-07
1277.03311635,0.158322975,1.15197e-07,9.78687499999997e-10,9.74803856616357e-10,9.98486310988906e-14,9.53739469836043e-14,1.66539194190705e-13,7.96491798303372e-07
1287.123783175,0.1595739875,1.16173e-07,9.77000000000003e-10,9.74574381361881e-10,-1.10760354510675e-13,1.06734273468755e-13,1.69839707125874e-13,8.12276860167223e-07
1297.222213525,0.1608259625,1.17151e-07,9.81187500000006e-10,9.74582335907335e-10,5.89599420849362e-13,1.2641996252592e-13,1.75816188799079e-13,8.40860033386899e-07
1307.32094635,0.162077975,1.18135375e-07,9.81999999999995e-10,9.7575358020358e-10,1.08778080028119e-12,1.67086355726882e-13,1.79973809137561e-13,8.60744304570944e-07
1317.411714,0.163329,1.19115e-07,9.81374999999998e-10,9.76757897507898e-10,7.02266146016e-13,2.29984274038572e-13,1.79348157713399e-13,8.577520586293e-07
1327.51014435,0.164580975,1.20098125e-07,9.74500000000007e-10,9.77158112495612e-10,2.23216479466268e-13,3.27158761530619e-13,1.7577209413639e-13,8.40649145869691e-07
1337.600811175,0.1658319875,1.21064e-07,9.69874999999998e-10,9.7720433046683e-10,-2.72532028781572e-13,4.24274103138071e-13,1.71549388463694e-13,8.20453597000276e-07
1347.69934235,0.167083975,1.22037875e-07,9.65999999999997e-10,9.76613048438049e-10,-2.47058178307796e-13,4.26396458900525e-13,1.67720108975827e-13,8.0213965162352e-07
1357.78990835,0.168334975,1.22996e-07,9.70125000000005e-10,9.76710214110214e-10,5.60499297999111e-13,3.56951217142114e-13,1.62651505060603e-13,7.77898502463753e-07
1367.8883387,0.16958695,1.23978125e-07,9.915e-10,9.77734047034047e-10,5.16420235170644e-13,2.8020547719482e-13,1.51738564882109e-13,7.25706179870956e-07
1377.987374,0.170839,1.24979e-07,9.87499999999995e-10,9.77743054580556e-10,1.55107055107317e-13,2.03351547765019e-13,1.34578934722754e-13,6.4363838345665e-07
1388.07794,0.17209,1.25953125e-07,9.75875000000005e-10,9.78044261144262e-10,7.76969989469802e-13,1.52654576291881e-13,1.12372868623873e-13,5.37435458635914e-07
1398.17637035,0.173341975,1.2693075e-07,9.74562499999995e-10,9.79296994559495e-10,9.58007195506887e-13,1.16933763067528e-13,8.17307758629949e-14,3.90886319344758e-07
1408.267138,0.174593,1.2790225e-07,9.80625000000004e-10,9.79960275535276e-10,6.86164004914133e-13,6.22520653457309e-14,4.17852886710911e-14,1.99842684948697e-07
1418.365669175,0.1758449875,1.28892e-07,9.8037500000001e-10,9.80669322569324e-10,3.26469813970316e-13,2.76215962435733e-16,-5.37505413441899e-15,-2.57067806428734e-08
1428.45613435,0.177095975,1.29863e-07,9.77499999999997e-10,9.80613215163216e-10,-6.16909441909648e-13,-5.63711233033702e-14,-5.65533343541934e-14,-2.7047246865049e-07
1438.55476635,0.178347975,1.30847e-07,9.82000000000002e-10,9.79435503685504e-10,-1.00349025974074e-12,-1.22672356695687e-13,-1.06064609784996e-13,-5.07265525058676e-07
1448.645534,0.179599,1.31827e-07,9.72499999999991e-10,9.78606234643735e-10,-6.35986310986468e-13,-1.85466439764877e-13,-1.51460479060048e-13,-7.2437620420023e-07
1458.74396435,0.180850975,1.32792e-07,9.79624999999989e-10,9.78163531063531e-10,-3.63590294840416e-13,-2.44830554703742e-13,-1.94125316419217e-13,-9.28425426352777e-07
1468.842798,0.182103,1.3378625e-07,9.8900000000001e-10,9.77879054054054e-10,-3.19627500877225e-13,-3.14893349609035e-13,-2.34934347748308e-13,-1.12359905444843e-06
1478.9329607,0.18335395,1.3477e-07,9.75375000000004e-10,9.77524276061777e-10,-4.36712442962213e-13,-3.54862393447868e-13,-2.72454558448453e-13,-1.30304354040564e-06
1489.0315927,0.18460595,1.35737e-07,9.72875000000002e-10,9.7700562916813e-10,-3.71632590383289e-13,-3.5279932081618e-13,-3.03296065206682e-13,-1.45054639881457e-06
1499.122461175,0.1858569875,1.3671575e-07,9.78500000000011e-10,9.7678101088101e-10,-2.5481967356955e-13,-3.57130667149581e-13,-3.24580796409462e-13,-1.5523429393496e-06
1509.2207907,0.18710895,1.37694e-07,9.79499999999999e-10,9.7649598982099e-10,-3.85527816777105e-13,-3.82384370240288e-13,-3.33650162787685e-13,-1.59571816985415e-06
1519.31176,0.18836,1.3867475e-07,9.83999999999991e-10,9.76009955247456e-10,-6.02750965251042e-13,-4.14413964935285e-13,-3.28968925954169e-13,-1.57332964586776e-06
1529.410392,0.189612,1.39662e-07,9.83249999999997e-10,9.75290487890488e-10,-7.87254299754418e-13,-4.37453588550514e-13,-3.13506250382484e-13,-1.49937771922058e-06
1539.5086207,0.19086395,1.4064125e-07,9.74312500000002e-10,9.74435446647947e-10,-4.47575903825913e-13,-4.23316572317139e-13,-2.90645627217217e-13,-1.39004430408234e-06
1549.59959,0.192115,1.41610625e-07,9.71375e-10,9.74395336082837e-10,-5.37644787650985e-14,-3.88153259054924e-13,-2.62373191400912e-13,-1.25482830670001e-06
1559.698222,0.193367,1.42584e-07,9.69874999999998e-10,9.74327917690417e-10,-3.02112583362683e-13,-3.46418285972553e-13,-2.29720436145926e-13,-1.09866295548052e-06
1569.78858635,0.194617975,1.43550375e-07,9.71125000000006e-10,9.73791110916111e-10,-4.73848280097932e-13,-2.73667782110271e-13,-1.9113377146658e-13,-9.14118037448861e-07
1579.8870167,0.19586995,1.4452625e-07,9.67812500000007e-10,9.73380221130221e-10,-1.97108634608747e-13,-1.82056969088019e-13,-1.46741452324949e-13,-7.0180694590193e-07
1589.977986,0.197121,1.45486e-07,9.56874999999983e-10,9.73396893646894e-10,-9.39781502277919e-14,-7.50719193436411e-14,-9.92169588620599e-14,-4.74515890209852e-07
1600.076315525,0.1983729625,1.4644e-07,9.68312499999995e-10,9.73192264829766e-10,-2.45156195156251e-13,1.91870842959017e-14,-4.99164395219808e-14,-2.38730797713821e-07
1610.174947525,0.1996249625,1.47422625e-07,9.76562500000011e-10,9.72906581256581e-10,-7.57502632536974e-15,5.88622381834871e-14,7.07235888496399e-16,3.38243251020017e-09
1620.26561435,0.200875975,1.48393125e-07,9.761875e-10,9.73177114777115e-10,2.23534573534685e-13,8.58817089700619e-14,5.06603285920667e-14,2.42288528049015e-07
1630.364145525,0.2021279625,1.49375e-07,9.76312500000004e-10,9.73353650403651e-10,1.01355738855474e-13,1.35754164417719e-13,9.79440809116538e-14,4.68428213055736e-07
1640.454913175,0.2033789875,1.5034575e-07,9.70500000000002e-10,9.73379826254826e-10,2.01316251315843e-13,2.08318101552529e-13,1.41520325793218e-13,6.76836340750173e-07
1650.553646,0.204631,1.51316e-07,9.76312499999991e-10,9.73756282906282e-10,3.71046858546594e-13,2.79197085619049e-13,1.79472212592333e-13,8.58345364572027e-07
1660.643909525,0.2058819625,1.52298375e-07,9.83562500000005e-10,9.74121919971919e-10,2.42023517023583e-13,3.13677573067247e-13,2.10530282863351e-13,1.00688396152037e-06
1670.742844,0.207134,1.53283125e-07,9.79187500000004e-10,9.74240329940329e-10,3.81291681292065e-13,3.22240302860654e-13,2.35329281894696e-13,1.12548786993115e-06
1680.83320835,0.208384975,1.5425675e-07,9.74437499999992e-10,9.74884503334503e-10,7.12438574939138e-13,3.2665128478572e-13,2.53002026000257e-13,1.21000968956645e-06
1690.93184035,0.209636975,1.55232e-07,9.72624999999995e-10,9.75665207090208e-10,5.8140575640597e-13,3.23243102947856e-13,2.61346306964754e-13,1.24991712026621e-06
1701.03874,0.21089,1.56202e-07,9.70500000000002e-10,9.76047314847315e-10,4.95085995085531e-13,3.06434810955715e-13,2.60060877072331e-13,1.24376941208506e-06
1711.12124,0.21214,1.57173e-07,9.74312500000002e-10,9.76655379080379e-10,6.55387855387349e-13,2.83026874904329e-13,2.49664785375372e-13,1.19404897353439e-06
1721.20374,0.21339,1.58150625e-07,9.77999999999997e-10,9.7735809055809e-10,4.36499648999733e-13,2.74107914867021e-13,2.3041080891194e-13,1.1019647382745e-06
1731.28624,0.21464,1.59129e-07,9.79187500000017e-10,9.77528378378378e-10,9.95634433138701e-14,2.64596562272505e-13,2.02800030144303e-13,9.69913187646667e-07
1741.36874,0.21589,1.60109e-07,9.81374999999998e-10,9.77557217444718e-10,1.81815988066325e-13,2.18212250583669e-13,1.68491363590877e-13,8.0582826065202e-07
1751.5319,0.21715,1.6109175e-07,9.77999999999984e-10,9.77892010354511e-10,2.4971700596742e-13,1.61809813681553e-13,1.29972948894138e-13,6.2160975558066e-07
1761.6144,0.2184,1.62065e-07,9.74687499999999e-10,9.78056651456652e-10,-9.53909266411904e-14,1.20907175129758e-13,8.88075905101911e-14,4.24731954613957e-07
1771.6969,0.21965,1.63041125e-07,9.81500000000001e-10,9.77701228501228e-10,1.09753422247649e-14,7.40892638923295e-14,4.7298524320979e-14,2.2621033370903e-07
1781.7794,0.2209,1.64028e-07,9.83187500000008e-10,9.78078602141102e-10,3.91501404001673e-13,9.12747845494232e-15,5.86824527786016e-15,2.80655208941138e-08
1791.8619,0.22215,1.650075e-07,9.76999999999996e-10,9.78484231309232e-10,1.7653343278325e-13,-5.64450295749991e-14,-3.73492896707659e-14,-1.78627037555837e-07
1801.9444,0.2234,1.65982e-07,9.69249999999994e-10,9.78431669006668e-10,-2.14136539136679e-13,-1.08385621379546e-13,-8.11484587825876e-14,-3.88101324612376e-07
1812.10756,0.22466,1.66946e-07,9.79499999999999e-10,9.78055958230958e-10,-7.42747455246868e-13,-1.67237991605207e-13,-1.22032744852407e-13,-5.83634866685425e-07
1822.19006,0.22591,1.67941e-07,9.85000000000005e-10,9.76946174096175e-10,-9.95586170586066e-13,-2.29271129106075e-13,-1.5575114447065e-13,-7.44896777903109e-07
1832.27256,0.22716,1.68916e-07,9.7462500000001e-10,9.76064785889786e-10,-5.82735170234696e-13,-2.62390758686784e-13,-1.80292488007349e-13,-8.62268420904713e-07
1842.35506,0.22841,1.6989025e-07,9.77499999999997e-10,9.75780703755705e-10,-1.0931028431029e-13,-2.82647893856192e-13,-1.97247875282946e-13,-9.43359403527133e-07
1852.43756,0.22966,1.70871e-07,9.70374999999999e-10,9.75846165321166e-10,1.92786942778916e-14,-2.95381771710286e-13,-2.08392740416178e-13,-9.96660932425199e-07
1862.52006,0.23091,1.71831e-07,9.67249999999992e-10,9.75819261144261e-10,-6.6031941030672e-15,-2.83384331308559e-13,-2.13957536504681e-13,-1.0232751745876e-06
1872.68322,0.23217,1.728055e-07,9.82749999999996e-10,9.7583295893296e-10,-5.61819936815072e-14,-2.78549815992714e-13,-2.14078846493573e-13,-1.02385535279535e-06
1882.76572,0.23342,1.737965e-07,9.81062500000016e-10,9.75706897156898e-10,-3.44447613197942e-13,-2.87335915189947e-13,-2.09418657200164e-13,-1.00156749095731e-06
1892.84822,0.23467,1.74767625e-07,9.7125000000001e-10,9.75144063706564e-10,-6.6883116883166e-13,-2.66834721431527e-13,-1.99190380131858e-13,-9.52649644108886e-07
1902.93072,0.23592,1.75739e-07,9.80187499999992e-10,9.74369234819235e-10,-5.04997367496346e-13,-2.23340278854982e-13,-1.8149705956467e-13,-8.68029415309291e-07
1913.01322,0.23717,1.76728e-07,9.82312499999997e-10,9.74134068971571e-10,-2.39689364680059e-14,-1.9290337982293e-13,-1.57133730340549e-13,-7.51509145106974e-07
1923.09572,0.23842,1.77703625e-07,9.75999999999995e-10,9.74321296946299e-10,-9.36052123558522e-14,-1.67285993120921e-13,-1.29476697331533e-13,-6.19236378542114e-07
1933.17822,0.23967,1.7868e-07,9.74687499999999e-10,9.73946858546859e-10,-3.41777816778151e-13,-1.2813222228803e-13,-9.89303817057091e-14,-4.73145303809913e-07
1943.34138,0.24093,1.79653e-07,9.71000000000016e-10,9.73637741312742e-10,-2.31131537381319e-13,-8.83287393641717e-14,-6.39841528364848e-14,-3.0601116573971e-07
1953.42287175,0.242179875,1.80622e-07,9.58187499999993e-10,9.73484595472097e-10,-5.57125307123641e-14,-2.79651988203438e-14,-2.54332109200291e-14,-1.21637095704487e-07
1963.50638,0.24343,1.81569375e-07,9.59874999999987e-10,9.73526316251318e-10,1.68732449982146e-13,6.22085783857455e-14,1.37707425555706e-14,6.58600730918594e-08
1973.58888,0.24468,1.8254175e-07,9.6681250000002e-10,9.73822060372061e-10,1.50100912600324e-13,1.45979084001181e-13,5.04999121131001e-14,2.41521318801783e-07
1983.67138,0.24593,1.83503e-07,9.73124999999995e-10,9.73826518076518e-10,2.87153387153056e-13,2.01425788004377e-13,8.36712166054195e-14,4.00166688112876e-07
1993.75388,0.24718,1.84488e-07,9.848125e-10,9.74396367146367e-10,6.20722183221989e-13,2.06059432774053e-13,1.11983058817155e-13,5.35571150864654e-07
2003.91704,0.24844,1.85472625e-07,9.876875e-10,9.75067962442962e-10,3.17054229554534e-13,1.79819081587665e-13,1.34226090640913e-13,6.41950868282627e-07
2013.99954,0.24969,1.86463375e-07,9.85187499999984e-10,9.75030475605476e-10,5.28694278718229e-15,1.64720045957793e-13,1.52200329568652e-13,7.27914619676162e-07
2024.08204,0.25094,1.87443e-07,9.75437500000019e-10,9.75078536328537e-10,5.31699719200845e-14,1.72257761709346e-13,1.66946015293372e-13,7.98437464446562e-07
2034.16454,0.25219,1.8841425e-07,9.72500000000004e-10,9.75136815549316e-10,-3.94875394876109e-14,1.88662009669741e-13,1.77348269671687e-13,8.48187376690677e-07
2044.24704,0.25344,1.89388e-07,9.67374999999995e-10,9.74999561249562e-10,2.06256581256251e-13,2.07852829427425e-13,1.8295546546155e-13,8.750044000335e-07
2054.32954,0.25469,1.90349e-07,9.64499999999995e-10,9.75549328711829e-10,7.30881449631385e-13,2.34478477111826e-13,1.82439894292002e-13,8.72538624874792e-07
2064.41204,0.25594,1.91317e-07,9.76000000000008e-10,9.76461324148824e-10,5.67054229554818e-13,2.3571226444379e-13,1.7409940943888e-13,8.32649349490296e-07
2074.5752,0.2572,1.92301e-07,9.86312500000002e-10,9.76683437170938e-10,6.8671024921706e-14,1.98605684215928e-13,1.59917641998407e-13,7.64823505209773e-07
2084.6577,0.25845,1.93289625e-07,9.77499999999984e-10,9.76598666198668e-10,1.54968848718502e-13,1.68335036025916e-13,1.43058116987203e-13,6.84190994286623e-07
2094.7402,0.2597,1.94256e-07,9.70687500000007e-10,9.76993374868375e-10,4.93015093014656e-13,1.68697982123809e-13,1.23171096331552e-13,5.89079156368292e-07
2104.8227,0.26095,1.95231e-07,9.81687500000007e-10,9.77584696384697e-10,4.50136012635866e-13,1.52317824472983e-13,9.87959441042329e-14,4.7250234136807e-07
2114.9052,0.2622,1.96219375e-07,9.78312499999993e-10,9.77893646893647e-10,2.0952965952979e-13,9.18759069921807e-14,7.09517179811626e-14,3.39334303388169e-07
2124.9877,0.26345,1.97187625e-07,9.83687499999996e-10,9.78003755703757e-10,-1.67034485784244e-13,1.19722574509619e-14,4.12587898403763e-14,1.97324647062669e-07
2135.15086,0.26471,1.9818675e-07,9.85187499999997e-10,9.77559577922079e-10,-5.14316426816786e-13,-5.32784734096023e-14,1.16858266103179e-14,5.588873596239e-08
2145.23336,0.26596,1.99158e-07,9.75625000000011e-10,9.76975122850123e-10,-6.49278255528295e-13,-7.69326554882436e-14,-1.53834623031089e-14,-7.3573080580086e-08
2155.31586,0.26721,2.00138e-07,9.73500000000006e-10,9.76261021411022e-10,-5.27119164619122e-13,-8.24013573820559e-14,-3.79583568087817e-14,-1.81539967346347e-07
2165.39836,0.26846,2.01105e-07,9.68874999999997e-10,9.75920884520885e-10,-6.49460336960777e-14,-8.14764928634304e-14,-5.57062854276234e-14,-2.66421365088634e-07
2175.47985175,0.269709875,2.0207575e-07,9.72500000000004e-10,9.7613112934363e-10,1.91604510354563e-13,-7.29831512440228e-14,-7.19614599107539e-14,-3.44163503920997e-07
2185.56336,0.27096,2.0305e-07,9.80125000000003e-10,9.76304093541594e-10,1.79688048437183e-13,-9.5261395160542e-14,-8.91030822524952e-14,-4.26145175990194e-07
2195.72652,0.27222,2.04036e-07,9.82937500000001e-10,9.76490505440504e-10,5.67304317304905e-14,-1.50005173836366e-13,-1.0649966399713e-13,-5.09346219116709e-07
2205.80902,0.27347,2.05015875e-07,9.76249999999989e-10,9.76417554405055e-10,-4.08323095808191e-14,-1.92024138265815e-13,-1.22800471312155e-13,-5.87306601927698e-07
2215.89152,0.27472,2.059885e-07,9.75750000000002e-10,9.76408840821343e-10,-1.68609599859363e-13,-2.09035104470376e-13,-1.36994544841751e-13,-6.5519130141707e-07
2225.97402,0.27597,2.06967375e-07,9.74875000000004e-10,9.76080335205336e-10,-5.0120436995487e-13,-2.02832415135034e-13,-1.47910746253792e-13,-7.07399221213788e-07
2236.05652,0.27722,2.0793825e-07,9.64875000000006e-10,9.75406432081433e-10,-3.84198402948275e-13,-1.66618125632329e-13,-1.53774993207872e-13,-7.35445619689823e-07
2246.13902,0.27847,2.08897125e-07,9.68874999999997e-10,9.7531193839944e-10,-2.19506844509774e-14,-1.38121833497032e-13,-1.55947947694944e-13,-7.4583801071495e-07
2256.22152,0.27972,2.09876e-07,9.85624999999983e-10,9.75362530712531e-10,-2.28191909442954e-13,-1.50558739828662e-13,-1.56841426442972e-13,-7.50111169944649e-07
2266.38468,0.28098,2.10868375e-07,9.80500000000014e-10,9.74855554580554e-10,-6.73446823446869e-13,-1.62030079491905e-13,-1.55131668040228e-13,-7.41934064540221e-07
2276.46718,0.28223,2.11837e-07,9.70812499999998e-10,9.74015637065637e-10,-5.49537118286568e-13,-1.34810355705443e-13,-1.48938889447055e-13,-7.12316427790263e-07
2286.54968,0.28348,2.1281e-07,9.75499999999995e-10,9.73756480343981e-10,1.00320287820295e-13,-1.00163852729731e-13,-1.3972738290206e-13,-6.68261396488113e-07
2296.63218,0.28473,2.13788e-07,9.75875000000005e-10,9.74216277641278e-10,6.88996138995852e-13,-8.44379663861066e-14,-1.31070559957249e-13,-6.26859199795539e-07
2306.71468,0.28598,2.1476175e-07,9.72499999999991e-10,9.75134472621972e-10,6.57884345383805e-13,-7.61196709455451e-14,-1.25712366559925e-13,-6.01233057460511e-07
2316.79718,0.28723,2.15733e-07,9.71625000000007e-10,9.75532046332045e-10,-5.55019305145529e-16,-6.87454628061387e-14,-1.22959585020283e-13,-5.88067580531788e-07
2326.96034,0.28849,2.16705e-07,9.7750000000001e-10,9.75133362583362e-10,-4.91661547911163e-13,-8.87933565206785e-14,-1.19315764914654e-13,-5.70640614809215e-07
2337.04284,0.28974,2.17688e-07,9.73000000000005e-10,9.74548723236223e-10,-6.14140926640393e-13,-1.29958545244662e-13,-1.12788332651623e-13,-5.39422460507762e-07
2347.12534,0.29099,2.18651e-07,9.7149999999999e-10,9.73905080730081e-10,-4.84768778518347e-13,-1.37814313021878e-13,-1.02823827824388e-13,-4.9176613307316e-07
2357.20784,0.29224,2.19631e-07,9.77750000000004e-10,9.73579185679186e-10,4.91839241821339e-15,-1.17143226284618e-13,-8.94195579900426e-14,-4.27658755604552e-07
2367.29034,0.29349,2.206065e-07,9.78687500000016e-10,9.73914917514918e-10,5.97088890838212e-13,-9.48967729097375e-14,-7.52751666975487e-14,-3.60011666814363e-07
2377.37284,0.29474,2.21588375e-07,9.76937499999981e-10,9.74773363460863e-10,5.30642330642023e-13,-7.16666091727769e-14,-6.43682596462706e-14,-3.07848198308251e-07
2387.45534,0.29599,2.22560375e-07,9.71687499999982e-10,9.74976202176202e-10,-6.95112320110448e-14,-4.90885690371428e-14,-5.68205042640581e-14,-2.71750237784626e-07
2397.6185,0.29725,2.2353175e-07,9.71187500000008e-10,9.74634340996841e-10,-3.99749912249829e-13,-3.69735958783704e-14,-4.95274984702878e-14,-2.36870644857898e-07
2407.701,0.2985,2.2450275e-07,9.72437500000003e-10,9.74176702351702e-10,-5.58606089855886e-13,-4.78100259263669e-14,-4.05436629072408e-14,-1.9390447477376e-07
2417.7835,0.29975,2.25476625e-07,9.6718749999999e-10,9.73517128817129e-10,-4.70529133028777e-13,-4.51651106142278e-14,-2.92354704559409e-14,-1.39821815224065e-07
2427.866,0.301,2.26437125e-07,9.74312500000015e-10,9.73235644085644e-10,6.27698315191619e-14,-2.18940634677075e-14,-1.70125884652776e-14,-8.13645535295885e-08
2437.9485,0.30225,2.2742525e-07,9.80937500000012e-10,9.73642668480167e-10,2.55826605826165e-13,-2.56448759799895e-14,-6.95040201071345e-15,-3.32410530947165e-08
2448.031,0.3035,2.28399e-07,9.83374999999987e-10,9.73747297297297e-10,-1.43052386801949e-13,-4.69260845497314e-14,8.40049944021742e-16,4.01763016706051e-09
2458.19416,0.30476,2.29392e-07,9.83187499999995e-10,9.73356563706563e-10,-2.13741663741097e-13,-5.38436837676875e-14,9.45186947629916e-15,4.52045931475177e-08
2468.27666,0.30601,2.30365375e-07,9.63687499999999e-10,9.73319813969815e-10,1.38070375571272e-13,-2.68364003564097e-14,1.92529947283225e-14,9.20795400050206e-08
2478.35916,0.30726,2.31319375e-07,9.555625e-10,9.73632704457706e-10,3.64623552123128e-14,3.94549256536901e-14,2.73857781038316e-14,1.30975460496586e-07
2488.44166,0.30851,2.322765e-07,9.68312500000008e-10,9.73392738680239e-10,-3.62877325377762e-13,1.01521123900984e-13,3.38424487645303e-14,1.61855189743406e-07
2498.52416,0.30976,2.33256e-07,9.78812500000007e-10,9.7290694980695e-10,-1.549885924843e-14,1.2065199701215e-13,4.07542748143551e-14,1.94911749112133e-07
2508.60666,0.31101,2.34234125e-07,9.8299999999999e-10,9.73361740961742e-10,5.62521937522419e-13,1.04996423467833e-13,4.57765655729558e-14,2.1893140056631e-07
2518.76982,0.31227,2.35222e-07,9.80937499999986e-10,9.74031993681995e-10,3.36293436293488e-13,7.23709781107578e-14,4.54106019903849e-14,2.17181139954015e-07
2528.85131175,0.313519875,2.36196e-07,9.77250000000003e-10,9.74034327834329e-10,3.59226921729933e-14,3.63292622919423e-14,4.17779072402134e-14,1.99807382453195e-07
2538.93482,0.31477,2.371765e-07,9.69500000000001e-10,9.74103839066341e-10,9.36578624083552e-14,2.09502512135353e-14,3.73224180031394e-14,1.7849852088458e-07
2549.01732,0.31602,2.38135e-07,9.59250000000023e-10,9.74221643559146e-10,3.6326342575758e-14,5.4975759384755e-14,3.167802495098e-14,1.51503597591643e-07
2559.09982,0.31727,2.39095e-07,9.66125000000001e-10,9.74176491751493e-10,-2.42848367947081e-15,9.84770066741662e-14,2.56539327682841e-14,1.22692721935272e-07
2569.18232,0.31852,2.4006725e-07,9.78499999999985e-10,9.74216786591787e-10,1.37370568620942e-13,8.65100781391662e-14,2.02040453526137e-14,9.66280429907612e-08
2579.26482,0.31977,2.41052e-07,9.82687500000008e-10,9.74451232888735e-10,3.39581870831818e-13,3.77587528017519e-14,1.42799133160677e-14,6.82952375985846e-08
2589.42798,0.32103,2.42032625e-07,9.77999999999997e-10,9.74895950333451e-10,9.83459108448645e-14,-6.78492456575431e-15,6.29351354830778e-15,3.00994126223416e-08
2599.51048,0.32228,2.43008e-07,9.71187500000008e-10,9.74647924710424e-10,-5.94397156897363e-14,-2.93608285456904e-14,-1.98911389626814e-15,-9.51315341693458e-09
2609.59298,0.32353,2.43975e-07,9.72000000000017e-10,9.74777070902071e-10,3.79845998596305e-13,-2.35630966252716e-14,-8.7231024190085e-15,-4.17191854822146e-08
2619.67548,0.32478,2.44952e-07,9.76500000000009e-10,9.75407616707617e-10,3.10551948051951e-13,-1.8089736954449e-14,-1.60676462866472e-14,-7.68452648491823e-08
2629.75798,0.32603,2.45928e-07,9.8e-10,9.75398174798175e-10,-5.05857318355722e-14,-4.92649973803287e-14,-2.47225091755145e-14,-1.18238087361156e-07
2639.84048,0.32728,2.46912e-07,9.77499999999984e-10,9.75306445243946e-10,-3.2727930852914e-13,-8.34098137925678e-14,-3.27038679618961e-14,-1.56409803296025e-07
2650.00364,0.32854,2.47883e-07,9.70062499999977e-10,9.74743616181117e-10,-6.98238416989126e-13,-6.5800366425255e-14,-3.73757624719538e-14,-1.78753646604996e-07
2660.08614,0.32979,2.48852125e-07,9.79750000000019e-10,9.73909968409968e-10,-6.2213276588323e-13,-4.71483687047538e-14,-3.68141377296689e-14,-1.76067615228851e-07
2670.16864,0.33104,2.498425e-07,9.86437500000005e-10,9.7349935064935e-10,-2.97751404000842e-13,-7.88628846821921e-14,-3.17411493960711e-14,-1.51805497111644e-07
2680.25114,0.33229,2.50825e-07,9.71749999999984e-10,9.73314465601966e-10,-7.55177255174576e-14,-9.17061857252165e-14,-2.33965132354783e-14,-1.1189636764794e-07
2690.33364,0.33354,2.51786e-07,9.60000000000004e-10,9.73348315198316e-10,5.98477535973329e-14,-4.91196313054838e-14,-1.26734931073819e-14,-6.06123583396526e-08
2700.41614,0.33479,2.52745e-07,9.70937500000001e-10,9.73434161109161e-10,1.56379431379329e-13,-2.04804723868465e-14,-8.55078331297558e-16,-4.08950506272745e-09
2710.5793,0.33605,2.53727875e-07,9.75499999999981e-10,9.73661074061074e-10,1.4574850824887e-13,-1.5128707880081e-14,1.08871394318535e-14,5.20689277175602e-08
2720.6618,0.3373,2.54696e-07,9.77125e-10,9.73725658125658e-10,-3.47751404001271e-13,8.89079130446698e-15,2.27182244330593e-14,1.08652377723327e-07
2730.7443,0.33855,2.55682125e-07,9.81750000000022e-10,9.72965571253072e-10,-5.90316777817262e-13,2.57570588770927e-14,3.75950060301569e-14,1.79802202752924e-07
2740.8268,0.3398,2.566595e-07,9.75874999999992e-10,9.72545024570024e-10,1.27463583712685e-13,2.74639228250459e-14,5.63576160276546e-14,2.69536424480087e-07
2750.9093,0.34105,2.57633875e-07,9.69624999999978e-10,9.73220498420497e-10,7.35802035801549e-13,5.01252540872481e-14,7.46101221349248e-14,3.56831018906162e-07
2760.9918,0.3423,2.5859875e-07,9.63062500000022e-10,9.74016628641627e-10,5.37061249561485e-13,9.49483609676838e-14,8.86708583145942e-14,4.2407801802632e-07
2771.0743,0.34355,2.5956e-07,9.70625000000006e-10,9.7429462091962e-10,4.86705861711856e-14,1.18635539420111e-13,9.83740950575759e-14,4.70484802449276e-07
2781.23746,0.34481,2.6054e-07,9.66499999999998e-10,9.74113969813969e-10,-1.62271849771072e-13,1.25637407058588e-13,1.05215993668385e-13,5.03206926240102e-07
2791.31996,0.34606,2.61493e-07,9.59500000000016e-10,9.73970077220078e-10,5.91260091267721e-14,1.62154048128123e-13,1.10746506577945e-13,5.2965720537278e-07
2801.40246,0.34731,2.62459e-07,9.77999999999997e-10,9.74232221832223e-10,6.13487188487644e-13,2.01512158700249e-13,1.14749773702744e-13,5.48803265534863e-07
2811.48496,0.34856,2.63449e-07,9.84999999999979e-10,9.75197051597053e-10,7.3338452088421e-13,2.07758777596071e-13,1.14320467960756e-13,5.46750064160137e-07
2821.56746,0.34981,2.64429e-07,9.78999999999999e-10,9.75698990873991e-10,-6.22148122150504e-14,1.82881331419956e-13,1.08700447216891e-13,5.19871704080783e-07
2831.64996,0.35106,2.65407e-07,9.74000000000019e-10,9.75072621972623e-10,-2.36651017899985e-13,1.55132792463489e-13,1.02438971402103e-13,4.89925515401362e-07
2841.81312,0.35232,2.66377e-07,9.73375000000002e-10,9.75225688838191e-10,4.93155493156146e-13,1.51825639189602e-13,9.69095199425136e-14,4.63480312768543e-07
2851.89562,0.35357,2.6735375e-07,9.78999999999999e-10,9.76058932958935e-10,4.42512723761688e-13,1.43321526085171e-13,8.88166350379657e-14,4.2477521105114e-07
2861.97812,0.35482,2.68335e-07,9.81749999999995e-10,9.76110714285715e-10,-1.97689978941023e-13,1.15693661825621e-13,7.89751258550802e-14,3.77707123654731e-07
2872.06062,0.35607,2.6931725e-07,9.83000000000003e-10,9.75663553001053e-10,-4.31730431725436e-14,8.55369888025843e-14,7.06882114346645e-14,3.38074054687526e-07
2882.14312,0.35732,2.70301e-07,9.79374999999982e-10,9.7602436819937e-10,2.48032204282153e-13,6.13825018624644e-14,6.26699449441912e-14,2.99725823646132e-07
2892.22562,0.35857,2.71276e-07,9.76062499999984e-10,9.76159617409618e-10,-1.22935679186566e-13,3.98599719273889e-14,5.3282196305742e-14,2.54827895375288e-07
2902.30812,0.35982,2.72253125e-07,9.83500000000017e-10,9.75778496840996e-10,-5.01952439447185e-14,-8.24498992889499e-15,4.48146721960642e-14,2.14331040937698e-07
2912.47128,0.36108,2.73243e-07,9.80937500000012e-10,9.76059226921728e-10,2.70024570025053e-13,-6.9868758332304e-14,3.79595757350144e-14,1.81545796993547e-07
2922.55378,0.36233,2.74215e-07,9.66437500000009e-10,9.76318545981047e-10,-5.82156019660161e-14,-8.95646018672614e-14,3.20083960737233e-14,1.53083633396068e-07
2932.63628,0.36358,2.75175875e-07,9.66875000000008e-10,9.75942795717796e-10,-3.94682344682839e-13,-6.60679010118599e-14,2.83811880512253e-14,1.3573611676673e-07
2942.71878,0.36483,2.7614875e-07,9.74562499999995e-10,9.75529181291681e-10,-1.84027290277967e-13,-3.89016913807576e-14,2.82115634420004e-14,1.34924868635654e-07
2952.80128,0.36608,2.77125e-07,9.78874999999995e-10,9.7557474113724e-10,1.28751316251867e-14,-2.80032133350268e-14,2.97972258857693e-14,1.42508471627592e-07
2962.88378,0.36733,2.781065e-07,9.78999999999999e-10,9.75554931554931e-10,-2.30102667602095e-13,-2.50394550452405e-14,3.20646131331152e-14,1.5335249759316e-07
2973.04694,0.36859,2.79083e-07,9.7425e-10,9.75114535802036e-10,-3.53983853983729e-13,-1.37519892381621e-14,3.73187521671867e-14,1.78480988625676e-07
2983.12944,0.36984,2.80055e-07,9.60125000000007e-10,9.74846963846964e-10,5.21038083532531e-14,3.25964071313104e-14,4.67976891528899e-14,2.23815035079039e-07
2993.21194,0.37109,2.8100325e-07,9.66312500000006e-10,9.75218743418742e-10,5.29957879957106e-13,9.89236322905457e-14,5.82798707949585e-14,2.78729816845454e-07
3003.29444,0.37234,2.81987625e-07,9.85312499999974e-10,9.75906879606878e-10,1.7049842049848e-13,1.18636514249838e-13,6.81073262795354e-14,3.25730690902126e-07
3013.37694,0.37359,2.82973875e-07,9.79187499999991e-10,9.75559740259739e-10,-5.89132151631135e-13,1.11559125941394e-13,7.66834276366928e-14,3.66746827827661e-07
3023.45944,0.37484,2.83946e-07,9.72937500000003e-10,9.74728615303616e-10,-4.45752895751933e-13,1.27160940159868e-13,8.75935190188082e-14,4.18925525742126e-07
3033.6226,0.3761,2.8491975e-07,9.78062500000012e-10,9.74668234468236e-10,9.51934889432958e-14,1.36663410560433e-13,9.99131756798145e-14,4.77845622816504e-07
3043.7051,0.37735,2.85902125e-07,9.76187500000014e-10,9.74919002281502e-10,3.22477184977031e-13,1.25416812454805e-13,1.11029738077532e-13,5.31011790805588e-07
3053.7876,0.3786,2.86872125e-07,9.6443749999998e-10,9.7531318883819e-10,3.83119076869119e-13,1.37375558117071e-13,1.20109808646923e-13,5.74438215267893e-07
3063.8701,0.37985,2.87831e-07,9.71937500000002e-10,9.75685240435241e-10,4.39805633554599e-13,1.72989981213086e-13,1.26482481190219e-13,6.04916214388004e-07
3073.9526,0.3811,2.88816e-07,9.87437500000006e-10,9.76192800105299e-10,6.51456651456747e-13,1.81699938035939e-13,1.29261617235833e-13,6.18207734606158e-07
3084.0351,0.38235,2.89805875e-07,9.80624999999991e-10,9.76988153738154e-10,7.3242585117692e-13,1.69785667715691e-13,1.26381815039002e-13,6.04434767577836e-07
3094.1176,0.3836,2.9077725e-07,9.77562499999999e-10,9.77657651807653e-10,5.17519305019424e-13,1.5571607490449e-13,1.16553338247772e-13,5.57429009011083e-07
3104.28076,0.38486,2.91761e-07,9.87562499999983e-10,9.78023192348193e-10,2.82063882063561e-13,1.24707675782704e-13,1.01178563919919e-13,4.83897479617004e-07
3114.36326,0.38611,2.92752375e-07,9.81937500000013e-10,9.7822177957178e-10,1.70511583011529e-13,8.844334378169e-14,8.23389255410096e-14,3.93794861283089e-07
3124.44576,0.38736,2.93724875e-07,9.77312500000018e-10,9.78364215514216e-10,1.15297034047078e-13,7.29242575061444e-14,6.10102226186234e-14,2.91788021219503e-07
3134.52826,0.38861,2.94707e-07,9.72124999999994e-10,9.78452373639874e-10,2.3236223235934e-14,6.77264774632294e-14,3.75023609123288e-14,1.7935911740679e-07
3144.61076,0.38986,2.95669125e-07,9.69500000000001e-10,9.78410687960688e-10,-3.5769129519489e-14,4.1332865928385e-14,1.25929028993169e-14,6.02269269097765e-08
3154.69326,0.39111,2.96646e-07,9.814375e-10,9.78380835380835e-10,-3.17181467181322e-13,-9.03550425835586e-15,-1.27609903306679e-14,-6.10308233205856e-08
3164.85642,0.39237,2.97632e-07,9.75500000000008e-10,9.77776325026325e-10,-6.62061249560489e-13,-4.32157508851376e-14,-3.5971312892977e-14,-1.72036713835977e-07
3174.93892,0.39362,2.98597e-07,9.61500000000018e-10,9.77056712881714e-10,-4.77380221130395e-13,-2.4651798781399e-14,-5.43840386746603e-14,-2.60097576270114e-07
3185.02142,0.39487,2.99555e-07,9.78999999999999e-10,9.76821564584064e-10,-1.95114513865037e-13,-1.89551628776923e-14,-6.93009199203407e-14,-3.31439182227716e-07
3195.10392,0.39612,3.00555e-07,9.91499999999973e-10,9.76666483853984e-10,-8.59731484708727e-15,-8.14576496947919e-14,-8.23794875308271e-14,-3.93988853408304e-07
3205.18642,0.39737,3.01538e-07,9.8206249999999e-10,9.7680436995437e-10,2.28428834678959e-13,-1.4333302738353e-13,-9.37347186304148e-14,-4.48296480406332e-07
3215.26892,0.39862,3.02519125e-07,9.79875000000023e-10,9.77123341523342e-10,1.41558441558724e-13,-1.78080615749939e-13,-1.0437713564372e-13,-4.99194996556922e-07
3225.35142,0.39987,3.0349775e-07,9.80437499999999e-10,9.77087486837488e-10,-3.20450157950028e-13,-2.08820563359871e-13,-1.14380406322199e-13,-5.47036725888778e-07
3235.51458,0.40113,3.0448e-07,9.79624999999989e-10,9.76482441207442e-10,-7.09279571779752e-13,-2.28077059238005e-13,-1.21159192235631e-13,-5.79457006344322e-07
3245.59708,0.40238,3.05457e-07,9.73500000000006e-10,9.75668927693928e-10,-6.29907423657204e-13,-2.28827907540203e-13,-1.22356301929895e-13,-5.85182313577759e-07
3255.67958,0.40363,3.06427e-07,9.7449999999998e-10,9.75222626360127e-10,-2.16244734995059e-13,-2.11542324371367e-13,-1.18554038414805e-13,-5.66997575027328e-07
3265.76208,0.40488,3.07406e-07,9.76312499999991e-10,9.75236438223938e-10,1.93004124253466e-13,-1.83824628692935e-13,-1.12143510996838e-13,-5.36338530854443e-07
3275.84458,0.40613,3.08379625e-07,9.66875000000008e-10,9.75608634608634e-10,3.80947262197242e-13,-1.4719695958414e-13,-1.05396534923269e-13,-5.04070384415634e-07
3285.92708,0.40738,3.0933975e-07,9.65687500000015e-10,9.75998332748333e-10,1.87925587925483e-13,-1.02512980329268e-13,-9.93450156940914e-14,-4.75128335928263e-07
3296.09024,0.40864,3.10311e-07,9.70937500000001e-10,9.75984485784485e-10,-1.64654264653892e-13,-5.59815190737994e-14,-9.30887830712079e-14,-4.45207223384038e-07
3306.17274,0.40989,3.11281625e-07,9.75999999999995e-10,9.75669024219025e-10,-3.01722095471933e-13,-1.47207626809997e-14,-8.46301575881215e-14,-4.04752927595364e-07
3316.25524,0.41114,3.12263e-07,9.80687500000005e-10,9.75381041593541e-10,-1.48367848368522e-13,1.2033471068212e-14,-7.30016366962067e-14,-3.49138262460119e-07
3326.33774,0.41239,3.13243e-07,9.76625000000012e-10,9.75372288522288e-10,2.07276676026949e-13,3.31943828608743e-14,-6.00977262207889e-14,-2.87423908012469e-07
3336.42024,0.41364,3.1421625e-07,9.72937500000003e-10,9.75795594945595e-10,2.5116707616791e-13,4.10800914669883e-14,-4.90288632763653e-14,-2.34485867843486e-07
3346.50274,0.41489,3.15188875e-07,9.77749999999991e-10,9.75874622674624e-10,-4.50272025271697e-13,2.17776299738657e-14,-4.03175074128598e-14,-1.92822861539764e-07
3356.6659,0.41615,3.1617175e-07,9.86875000000004e-10,9.74895050895052e-10,-5.51939276938908e-13,-7.42185591351961e-15,-3.01736472137205e-14,-1.44308747543881e-07
3366.7484,0.4174,3.17162625e-07,9.82749999999996e-10,9.74770744120746e-10,1.67242892242512e-13,-2.83289257061651e-14,-1.78236344974977e-14,-8.52434693358586e-08
3376.8309,0.41865,3.1813725e-07,9.69249999999994e-10,9.75229536679537e-10,2.04122060371155e-13,-2.25637817473113e-14,-7.65081693011343e-15,-3.65908635788034e-08
3386.9134,0.4199,3.19101125e-07,9.6743750000001e-10,9.75178988241488e-10,1.02808002808017e-13,1.22610556486144e-14,-4.46916374629734e-16,-2.13742613953351e-09
3396.9959,0.42115,3.20072125e-07,9.72062500000006e-10,9.75435152685153e-10,3.53200684451312e-13,3.84951816300338e-14,4.27109574129544e-15,2.04269796322825e-08
3407.0784,0.4224,3.2104525e-07,9.70312499999984e-10,9.75885389610391e-10,3.3776763776833e-13,3.24892402191436e-14,5.13348055799231e-15,2.45514287556154e-08
3417.1609,0.42365,3.2201275e-07,9.79874999999996e-10,9.7611068796069e-10,1.43458230957698e-13,-1.65618434528661e-15,2.37054923192412e-15,1.13374093700719e-08
3427.32406,0.42491,3.23005e-07,9.900625e-10,9.76172306072306e-10,1.28132678131363e-13,-5.21186487139521e-14,-2.49186110555807e-15,-1.19175965917995e-08
3437.40656,0.42616,3.23992875e-07,9.76500000000009e-10,9.76366953316952e-10,2.18951825201424e-13,-7.49409285443999e-14,-8.30012299546176e-15,-3.9696240413078e-08
3447.48906,0.42741,3.24958e-07,9.64000000000008e-10,9.76610209722709e-10,2.35587048087689e-14,-4.62192951693645e-14,-1.43180881634298e-14,-6.84778129555338e-08
3457.57156,0.42866,3.25920875e-07,9.73187499999984e-10,9.7641407072657e-10,-3.02797034047394e-13,-3.5299083653782e-15,-1.90779913734799e-14,-9.12425674383821e-08
3467.65406,0.42991,3.26904375e-07,9.79562500000001e-10,9.76004615654614e-10,-4.7180370305367e-13,1.4175961071316e-14,-2.13753505759637e-14,-1.02229937537218e-07
3477.73656,0.43116,3.2788e-07,9.84812499999987e-10,9.75470463320463e-10,-4.54580554580311e-13,8.62714263888738e-16,-2.06377644054307e-14,-9.87023515042338e-08
3487.89972,0.43242,3.28874e-07,9.80500000000014e-10,9.75095454545453e-10,-2.39040014040104e-13,-3.3002120385832e-14,-1.62301632341556e-14,-7.76225198155268e-08
3497.98222,0.43367,3.29841e-07,9.69500000000028e-10,9.74992383292382e-10,-1.74065461564945e-13,-5.50148824025687e-14,-8.69168128678529e-15,-4.15689105020166e-08
3508.06472,0.43492,3.30813e-07,9.69249999999968e-10,9.74747323622324e-10,-1.93363899613391e-13,-3.92505923823545e-14,1.28179758064429e-15,6.1303362552553e-09
3518.14722,0.43617,3.317795e-07,9.70249999999995e-10,9.74605655493156e-10,-2.3817567567176e-14,1.26582643221103e-15,1.26172613821719e-14,6.03434240016917e-08
3528.22972,0.43742,3.327535e-07,9.78250000000004e-10,9.74699688487189e-10,3.14105826606609e-13,1.10142025165868e-14,2.33023514326018e-14,1.11446028590704e-07
3538.31222,0.43867,3.33736e-07,9.7425e-10,9.75233867146369e-10,4.49442786942628e-13,-8.53352786387078e-15,3.17647290519604e-14,1.51918269378941e-07
3548.39472,0.43992,3.34702e-07,9.75500000000008e-10,9.75598574061075e-10,8.7627237626556e-14,-5.41336743985106e-15,3.75976874435796e-14,1.79815026904076e-07
3558.55788,0.44118,3.35687e-07,9.81874999999999e-10,9.75409121621622e-10,-3.3127413127417e-13,-1.22012800973813e-15,4.23530470481432e-14,2.02558051099815e-07
3568.64038,0.44243,3.3666575e-07,9.74875000000017e-10,9.74936025798526e-10,-2.15327746577624e-13,4.25074530595826e-15,4.81613641022542e-14,2.30336958749911e-07
3578.72288,0.44368,3.3763675e-07,9.7162499999998e-10,9.74978466128467e-10,5.5580905580848e-14,3.88552602189381e-14,5.46872977232818e-14,2.61547945633087e-07
3588.80538,0.44493,3.38609e-07,9.77124999999973e-10,9.75047187609688e-10,2.42833011583027e-13,7.91257319233577e-14,6.00592580569518e-14,2.87239929837596e-07
3598.88788,0.44618,3.39591e-07,9.75500000000034e-10,9.75464132151633e-10,6.4966435591504e-13,1.04016162278864e-13,6.23882922421233e-14,2.98378788984068e-07
3608.97038,0.44743,3.4056e-07,9.72750000000011e-10,9.76346516321518e-10,4.52566690066977e-13,1.23494044020595e-13,5.96432616379448e-14,2.85250381746692e-07
3619.13354,0.44869,3.415365e-07,9.72812499999973e-10,9.76369265531767e-10,-3.3619910494989e-13,1.42840459098421e-13,5.29143923942287e-14,2.53068833189789e-07
3629.21604,0.44994,3.42505625e-07,9.7175000000001e-10,9.75674118111618e-10,-5.21610652860623e-13,1.43862942432704e-13,4.59429835151211e-14,2.19727312463623e-07
3639.29854,0.45119,3.4348e-07,9.72000000000017e-10,9.75326044226045e-10,-1.45447964196886e-13,1.30082238063995e-13,4.01596624303377e-14,1.92067950753789e-07
3649.38104,0.45244,3.44449625e-07,9.77999999999997e-10,9.75383222183224e-10,2.4812214812216e-13,1.09155782401205e-13,3.42238955508521e-14,1.63679500460597e-07
3659.46354,0.45369,3.45436e-07,9.79687500000004e-10,9.7582228852229e-10,6.5199631449586e-13,6.94369604478165e-14,2.6181171234326e-14,1.25214297207646e-07
3669.54604,0.45494,3.46409e-07,9.8e-10,9.76687214812216e-10,6.38693401193453e-13,2.38661364248475e-14,1.42293205139293e-14,6.80532720231401e-08
3679.7092,0.4562,3.47396e-07,9.81499999999988e-10,9.77099675324677e-10,2.26805458054618e-13,-1.68381530483036e-14,-1.26743188313133e-15,-6.06163074541071e-09
3689.7917,0.45745,3.48372e-07,9.75937500000007e-10,9.77140825728325e-10,-2.67773780274473e-13,-5.17984611485742e-14,-1.77488790448879e-14,-8.48859432581595e-08
3699.8742,0.4587,3.49347875e-07,9.74999999999994e-10,9.76564127764128e-10,-3.96373727623545e-13,-7.58809349580717e-14,-3.24975570233103e-14,-1.55423098807136e-07
3709.9567,0.45995,3.50322e-07,9.75624999999985e-10,9.76348078273078e-10,-4.22538610038815e-14,-8.32501922554148e-14,-4.62975813217566e-14,-2.21423215017097e-07
3720.0392,0.4612,3.51299125e-07,9.78500000000011e-10,9.7647962004212e-10,7.68515268517396e-14,-7.92901689860312e-14,-6.02407645857377e-14,-2.88108004540485e-07
3730.1217,0.46245,3.52279e-07,9.7893750000001e-10,9.76501781326782e-10,1.49675324675674e-13,-8.63362756768938e-14,-7.32379082102359e-14,-3.5026825665765e-07
3740.2042,0.4637,3.53257e-07,9.83125000000007e-10,9.76778970691471e-10,7.0375570376494e-14,-1.11388542676383e-13,-8.49953105852557e-14,-4.06499311494701e-07
3750.36736,0.46496,3.5424525e-07,9.74812500000002e-10,9.76642532467535e-10,-3.51428132677678e-13,-1.33250740449912e-13,-9.5204117893549e-14,-4.55324042099582e-07
3760.44986,0.46621,3.55206625e-07,9.699375e-10,9.76076114426116e-10,-5.37491224992724e-13,-1.42842906491392e-13,-1.02172921571464e-13,-4.88653103167871e-07
3770.53236,0.46746,3.56185125e-07,9.69249999999994e-10,9.75567550017549e-10,-4.44120744121133e-13,-1.40787857546219e-13,-1.04998577100655e-13,-5.02167107872698e-07
3780.61486,0.46871,3.57145125e-07,9.69374999999971e-10,9.75187872937874e-10,-4.03685503684435e-13,-1.13660475352578e-13,-1.03731639961802e-13,-4.96107843295575e-07
3790.69736,0.46996,3.58123875e-07,9.77437500000022e-10,9.7476017901018e-10,-3.4600956476053e-13,-8.57138562042996e-14,-9.81158013394935e-14,-4.69249484667143e-07
3800.77986,0.47121,3.591e-07,9.81250000000034e-10,9.74495853808353e-10,-1.18673218674292e-13,-8.81743292404697e-14,-8.77011388525264e-14,-4.19440229294691e-07
3810.94302,0.47247,3.60086375e-07,9.81999999999976e-10,9.74522832572832e-10,-1.47411372410598e-13,-1.01136134995836e-13,-7.29383899481343e-14,-3.48835778012816e-07
3821.02552,0.47372,3.61064e-07,9.80562499999976e-10,9.74201031063531e-10,-2.93875043875108e-13,-9.94940066294409e-14,-5.43443734750546e-14,-2.59907873141565e-07
3831.10802,0.47497,3.620475e-07,9.79874999999996e-10,9.73935082485082e-10,1.39018076516327e-14,-7.78553272819137e-14,-3.22656051660382e-14,-1.54313763837574e-07
3841.19052,0.47622,3.6302375e-07,9.66875000000008e-10,9.74228834678835e-10,3.35451035451681e-13,-3.07085763636683e-14,-7.74253420459007e-15,-3.70295114132569e-08
3851.27302,0.47747,3.6398125e-07,9.63187500000025e-10,9.74605984555985e-10,3.34485784485748e-13,2.67507232831725e-14,1.85469446296652e-14,8.87027786636162e-08
3861.35552,0.47872,3.64950125e-07,9.66875000000008e-10,9.74897806247806e-10,2.09226921722443e-13,7.5635417152368e-14,4.63320822772662e-14,2.21588219586925e-07
3871.43802,0.47997,3.65915e-07,9.80062499999988e-10,9.7502443839943e-10,1.41359541356393e-13,1.03412506264065e-13,7.10651482328018e-14,3.39876795896009e-07
3881.60118,0.48123,3.6691025e-07,9.80687500000005e-10,9.75180525330519e-10,1.70814320814016e-13,1.32079156729525e-13,9.76137734413411e-14,4.66848481675979e-07
3891.68368,0.48248,3.67876375e-07,9.685e-10,9.75366067041058e-10,2.0026910026802e-13,1.61635368548431e-13,1.2597795790144e-13,6.0250327691993e-07
3901.76618,0.48373,3.6884725e-07,9.70374999999999e-10,9.75581063531055e-10,2.29723879724505e-13,1.92081141720887e-13,1.56157701613717e-13,7.4684118163082e-07
3911.84868,0.48498,3.69817125e-07,9.70374999999999e-10,9.75825514800507e-10,2.59178659177682e-13,2.23416476246893e-13,1.88153004577658e-13,8.9986219580619e-07
3921.93118,0.48623,3.70788e-07,9.72937499999977e-10,9.7609942084941e-10,2.88633438632513e-13,2.55641372126345e-13,2.21963866793467e-13,1.06156631944702e-06
3932.01368,0.48748,3.71763e-07,9.79499999999986e-10,9.76402781677772e-10,3.18088218088999e-13,2.88755829359243e-13,2.57590288261457e-13,1.23195355255479e-06
3942.17684,0.48874,3.72747e-07,9.85500000000019e-10,9.76735597285588e-10,3.47542997541349e-13,3.22759847945691e-13,2.95032268981108e-13,1.41102389512704e-06
3952.25934,0.48999,3.73734e-07,9.83749999999997e-10,9.77097867672855e-10,3.7699777699618e-13,3.57653427885688e-13,3.34289808952836e-13,1.59877734716574e-06
3962.34184,0.49124,3.747145e-07,9.83999999999978e-10,9.77489592839581e-10,4.06452556452666e-13,3.93436569179132e-13,3.7536290817633e-13,1.7952139086694e-06
3972.42434,0.49249,3.75702e-07,9.81250000000034e-10,9.7791077278576e-10,4.35907335905843e-13,4.30109271826022e-13,4.18251566651589e-13,2.00033357963803e-06
3982.50684,0.49374,3.76677e-07,9.72500000000004e-10,9.78361407511392e-10,4.65362115360674e-13,4.67671535826462e-13,4.62955784379028e-13,2.21413636007361e-06
3992.58934,0.49499,3.77647e-07,9.79499999999986e-10,9.78841497016481e-10,4.94816894816332e-13,5.06123361180503e-13,5.09475561358233e-13,2.43662224997416e-06
4002.7525,0.49625,3.78636e-07,9.85500000000019e-10,9.79351041301025e-10,5.24271674269509e-13,5.45464747887886e-13,5.57810897589411e-13,2.66779124934066e-06
4012.835,0.4975,3.79618e-07,9.75999999999995e-10,9.7989004036502e-10,5.53726453723513e-13,5.8569569594882e-13,6.07961793072354e-13,2.90764335817213e-06
4022.9175,0.49875,3.80588e-07,9.74999999999994e-10,9.80458494208472e-10,5.83181233179999e-13,6.26816205363251e-13,6.59928247807374e-13,3.15617857647005e-06
4033,0.5,3.81568e-07,9.8e-10,9.8105640283138e-10,5.97908622908242e-13,6.68826276131232e-13,7.13710261794056e-13,3.41339690423244e-06
