wvnmbr,Voltage,Current,DerivativeY1,DerivativeY1_1,DerivativeY2,DerivativeY2_1,DerivativeY2_2,Alpha
-4033,-0.5,-4.81571e-07,1.45787499999998e-09,1.39641547619048e-09,-1.42210784313726e-11,-1.59348980855374e-11,-1.58087677487053e-11,NaN
-4022.9175,-0.49875,-4.80113125e-07,1.44368749999997e-09,1.3821943977591e-09,-1.39417860325948e-11,-1.4948198985285e-11,-1.48583837354537e-11,NaN
-4012.835,-0.4975,-4.78683625e-07,1.33668750000004e-09,1.36853190412529e-09,-1.33832012350394e-11,-1.39975761877806e-11,-1.39405971305891e-11,NaN
-4002.7525,-0.49625,-4.7743975e-07,1.30512500000003e-09,1.35542799528902e-09,-1.2824616437484e-11,-1.30830296930241e-11,-1.30554079341115e-11,NaN
-3992.58934,-0.49499,-4.76073375e-07,1.38649999999997e-09,1.34288267125032e-09,-1.22660316399287e-11,-1.22045595010154e-11,-1.22028161460208e-11,NaN
-3982.50684,-0.49374,-4.7466675e-07,1.35293750000001e-09,1.33089593200917e-09,-1.17074468423732e-11,-1.13621656117548e-11,-1.13828217663171e-11,NaN
-3972.42434,-0.49249,-4.733675e-07,1.27793750000001e-09,1.31946777756557e-09,-1.11488620448179e-11,-1.0555848025242e-11,-1.05954247950005e-11,NaN
-3962.34184,-0.49124,-4.72110875e-07,1.26425000000001e-09,1.30859820791953e-09,-1.05902772472626e-11,-9.78560674147711e-12,-9.84062523207076e-12,NaN
-3952.25934,-0.48999,-4.70839e-07,1.23618749999999e-09,1.29828722307105e-09,-1.00316924497071e-11,-9.05144176046016e-12,-9.11842307752805e-12,NaN
-3942.17684,-0.48874,-4.696385e-07,1.26649999999997e-09,1.28853482302012e-09,-9.47310765215171e-12,-8.35335308219113e-12,-8.42881833137232e-12,NaN
-3932.01368,-0.48748,-4.68306e-07,1.28262500000002e-09,1.27934100776674e-09,-8.91452285459636e-12,-7.69134070667002e-12,-7.77181099360358e-12,NaN
-3921.93118,-0.48623,-4.6707325e-07,1.25862500000001e-09,1.27070577731092e-09,-8.35593805704091e-12,-7.06540463389682e-12,-7.14740106422183e-12,NaN
-3911.84868,-0.48498,-4.6578875e-07,1.2670625e-09,1.26262913165266e-09,-7.79735325948556e-12,-6.47554486387153e-12,-6.55558854322707e-12,NaN
-3901.76618,-0.48373,-4.64539125e-07,1.23437499999998e-09,1.25511107079195e-09,-7.2387684619301e-12,-5.92176139659416e-12,-5.99637343061929e-12,NaN
-3891.68368,-0.48248,-4.6332e-07,1.21943749999998e-09,1.2481515947288e-09,-6.68018366437475e-12,-5.4040542320647e-12,-5.46975572639849e-12,NaN
-3881.60118,-0.48123,-4.6210025e-07,1.23450000000004e-09,1.2417507034632e-09,-6.1215988668194e-12,-4.92242337028316e-12,-4.97573543056468e-12,NaN
-3871.43802,-0.47997,-4.60851e-07,1.24062500000002e-09,1.23590839699516e-09,-5.56301406926415e-12,-4.47686881124954e-12,-4.51431254311786e-12,NaN
-3861.35552,-0.47872,-4.59619e-07,1.22925e-09,1.23062467532468e-09,-2.828160852794e-12,-4.06739055496383e-12,-4.08548706405803e-12,NaN
-3851.27302,-0.47747,-4.583925e-07,1.23750000000001e-09,1.23025207528957e-09,1.98051948050728e-13,-3.6517374568979e-12,-3.70811564094552e-12,NaN
-3841.19052,-0.47622,-4.57144e-07,1.27281249999997e-09,1.23102077922078e-09,-7.55877062126871e-13,-3.30987848136235e-12,-3.37144408962194e-12,NaN
-3831.10802,-0.47497,-4.55846875e-07,1.25818749999999e-09,1.22874032116532e-09,-2.96154133028964e-12,-3.0364775537346e-12,-3.07280175410235e-12,NaN
-3821.02552,-0.47372,-4.54627625e-07,1.22856250000002e-09,1.2250976965602e-09,-1.70466830466751e-12,-2.79303672375063e-12,-2.80702104648831e-12,NaN
-3810.94302,-0.47247,-4.5338975e-07,1.2325625e-09,1.22533098455599e-09,3.1586521586492e-13,-2.55730816466468e-12,-2.57491917211342e-12,NaN
-3800.77986,-0.47121,-4.521625e-07,1.22943750000002e-09,1.22572942699193e-09,-2.59314671814444e-13,-2.33172619699245e-12,-2.37834740424586e-12,NaN
-3790.69736,-0.46996,-4.50930875e-07,1.2235e-09,1.22481235521236e-09,-9.57289838538883e-13,-2.13069685169608e-12,-2.21243562189144e-12,NaN
-3780.61486,-0.46871,-4.497155e-07,1.19893749999997e-09,1.22381484731485e-09,-2.22045454545431e-12,-1.93865007711265e-12,-2.07139257923607e-12,NaN
-3770.53236,-0.46746,-4.48533e-07,1.19424999999998e-09,1.22037144612145e-09,-3.24505528255596e-12,-1.75104770856582e-12,-1.94905058518842e-12,NaN
-3760.44986,-0.46621,-4.47327e-07,1.19549999999999e-09,1.21732473674974e-09,-2.51122981747952e-12,-1.60144351548289e-12,-1.83936938603267e-12,NaN
-3750.36736,-0.46496,-4.46142e-07,1.22168750000001e-09,1.21534898648649e-09,-2.62328887328758e-12,-1.53104343885758e-12,-1.74107601522711e-12,NaN
-3740.2042,-0.4637,-4.44883625e-07,1.24600000000004e-09,1.21207815900316e-09,-3.5011297823783e-12,-1.53272013327843e-12,-1.65096377743731e-12,NaN
-3730.1217,-0.46245,-4.4365e-07,1.22381249999999e-09,1.20834672692173e-09,-3.9942435942448e-12,-1.53828646020526e-12,-1.56185120374726e-12,NaN
-3720.0392,-0.4612,-4.42436e-07,1.21050000000001e-09,1.20408967181467e-09,-3.89523955774225e-12,-1.52475522456387e-12,-1.47029234286215e-12,NaN
-3709.9567,-0.45995,-4.41229e-07,1.20700000000002e-09,1.20055624780625e-09,-2.73223499473456e-12,-1.51324307635693e-12,-1.37741691280209e-12,NaN
-3699.8742,-0.4587,-4.40022e-07,1.20199999999996e-09,1.1986252018252e-09,-1.45825289575116e-12,-1.53250277402103e-12,-1.28552940242977e-12,NaN
-3689.7917,-0.45745,-4.38825e-07,1.19250000000002e-09,1.19763974201475e-09,-1.36132634257575e-12,-1.60240113189661e-12,-1.19727994748942e-12,NaN
-3679.7092,-0.4562,-4.37637e-07,1.19543750000003e-09,1.19590254914005e-09,-1.72388338013387e-12,-1.59998353707956e-12,-1.1123852725147e-12,NaN
-3669.54604,-0.45494,-4.36434125e-07,1.19549999999999e-09,1.19419197525448e-09,-9.6678439803616e-13,-1.46125262079874e-12,-1.02638048530821e-12,NaN
-3659.46354,-0.45369,-4.35246e-07,1.18506250000001e-09,1.19396898034398e-09,1.15974903473663e-13,-1.32502993574715e-12,-9.41343960009273e-13,NaN
-3649.38104,-0.45244,-4.34064e-07,1.19349999999999e-09,1.19442392506142e-09,4.48431467181491e-13,-1.25604481417648e-12,-8.6160583090618e-13,NaN
-3639.29854,-0.45119,-4.32859e-07,1.20543749999999e-09,1.19486584327834e-09,2.24602930853053e-13,-1.111060387276e-12,-7.90347414127452e-13,NaN
-3629.21604,-0.44994,-4.31653125e-07,1.19881250000002e-09,1.19487313092313e-09,-5.91633029125185e-14,-8.35054532259972e-13,-7.26094709790386e-13,NaN
-3619.13354,-0.44869,-4.30461375e-07,1.1665625e-09,1.19474751667252e-09,-8.37925587912964e-14,-5.67169264252313e-13,-6.64389321943823e-13,NaN
-3608.97038,-0.44743,-4.2932e-07,1.1491875e-09,1.19470554580555e-09,-5.61080642331491e-13,-3.36706771855305e-13,-6.05241708374284e-13,NaN
-3598.88788,-0.44618,-4.28163e-07,1.16837500000001e-09,1.19362535538786e-09,-1.32380659880917e-12,-1.67960641760416e-13,-5.48011190520086e-13,NaN
-3588.80538,-0.44493,-4.2698325e-07,1.18693749999998e-09,1.19205793260793e-09,-1.41386232011375e-12,-7.91963710520832e-14,-4.88295906944646e-13,NaN
-3578.72288,-0.44368,-4.25789125e-07,1.186125e-09,1.19079763074763e-09,-3.89564320813954e-13,3.12774635596404e-14,-4.25550046114486e-13,NaN
-3568.64038,-0.44243,-4.24611e-07,1.20262499999998e-09,1.1912788039663e-09,8.05616005617666e-13,1.16974573172271e-13,-3.6603208549642e-13,NaN
-3558.55788,-0.44118,-4.23383875e-07,1.23837499999996e-09,1.19240886275886e-09,5.68916725167218e-13,6.07215867742144e-14,-3.163246828213e-13,NaN
-3548.39472,-0.43992,-4.2213425e-07,1.23631250000005e-09,1.19241663741664e-09,-3.39724464724846e-13,-8.34683208322454e-14,-2.76218133240503e-13,NaN
-3538.31222,-0.43867,-4.2091125e-07,1.21262500000002e-09,1.19172941382941e-09,-9.25342225342019e-13,-2.20031079670528e-13,-2.42135658960099e-13,NaN
-3528.22972,-0.43742,-4.19709e-07,1.19249999999996e-09,1.19056595296595e-09,-8.5318752193852e-13,-3.14310045915936e-13,-2.1260844828566e-13,NaN
-3518.14722,-0.43617,-4.1852625e-07,1.17731249999998e-09,1.19002303878554e-09,-1.35771323272297e-13,-3.44015164964498e-13,-1.90854109099088e-13,NaN
-3508.06472,-0.43492,-4.17354375e-07,1.1828125e-09,1.19029441031941e-09,4.82129694630208e-13,-3.69841087640108e-13,-1.84438702664353e-13,NaN
-3497.98222,-0.43367,-4.16160625e-07,1.19237500000004e-09,1.1909872981748e-09,8.09902597402844e-13,-4.50776502497556e-13,-1.95076843890251e-13,NaN
-3487.89972,-0.43242,-4.14969625e-07,1.20531250000001e-09,1.19191421551421e-09,6.83702614953335e-13,-5.2357715126926e-13,-2.17994108451816e-13,NaN
-3477.73656,-0.43116,-4.1375e-07,1.190875e-09,1.1923547034047e-09,2.51974376975714e-13,-5.3429645697239e-13,-2.51481575762352e-13,NaN
-3467.65406,-0.42991,-4.12587875e-07,1.16675000000002e-09,1.19241816426817e-09,-3.69004475254593e-13,-4.59403314803456e-13,-2.95793042337997e-13,NaN
-3457.57156,-0.42866,-4.114165e-07,1.18212499999999e-09,1.19161669445419e-09,-1.27220296595309e-12,-3.7323506606852e-13,-3.43120905499655e-13,NaN
-3447.48906,-0.42741,-4.10223625e-07,1.18724999999998e-09,1.18987375833626e-09,-1.47709503334423e-12,-3.55535934199869e-13,-3.81948057024505e-13,NaN
-3437.40656,-0.42616,-4.09042e-07,1.18424999999997e-09,1.18866250438751e-09,-1.2904154966657e-12,-3.27039894318971e-13,-4.11018535446248e-13,NaN
-3427.32406,-0.42491,-4.07855125e-07,1.18450000000003e-09,1.18729292734293e-09,-1.36398517023538e-12,-2.85874991729884e-13,-4.31423942061454e-13,NaN
-3417.1609,-0.42365,-4.06673e-07,1.18856250000003e-09,1.18593453404703e-09,-1.08640093015016e-12,-3.23393121255455e-13,-4.43437613696473e-13,NaN
-3407.0784,-0.4224,-4.05478e-07,1.17899999999999e-09,1.18512012548263e-09,-1.49960293085282e-12,-4.03524142239087e-13,-4.48562433983631e-13,NaN
-3396.9959,-0.42115,-4.04315e-07,1.16149999999998e-09,1.18293532818533e-09,-1.69777992278046e-12,-4.19923858241726e-13,-4.41382214592367e-13,NaN
-3386.9134,-0.4199,-4.03155e-07,1.17499999999998e-09,1.18172456563707e-09,1.25337837836631e-13,-3.57840891226643e-13,-4.21124326628986e-13,NaN
-3376.8309,-0.41865,-4.01965e-07,1.18825e-09,1.183186003861e-09,1.24808485433455e-12,-3.08824878637412e-13,-3.98437555013695e-13,NaN
-3366.7484,-0.4174,-4.007785e-07,1.1995e-09,1.18422073534574e-09,6.90360652862303e-13,-3.39764422892609e-13,-3.79373993922596e-13,NaN
-3356.6659,-0.41615,-3.99566e-07,1.2174375e-09,1.18456672516673e-09,3.7539487539487e-13,-4.41232382067638e-13,-3.62503370935037e-13,NaN
-3346.50274,-0.41489,-3.98343625e-07,1.208375e-09,1.18497152509653e-09,-1.70961302213426e-13,-5.46980942060718e-13,-3.4734125210378e-13,NaN
-3336.42024,-0.41364,-3.9714925e-07,1.18331250000001e-09,1.1842248025623e-09,-4.30221130222072e-13,-5.76123628631544e-13,-3.32543640122359e-13,NaN
-3326.33774,-0.41239,-3.95977e-07,1.17412500000001e-09,1.18411108283608e-09,2.1877193752296e-13,-5.14986303255511e-13,-3.18381844103084e-13,NaN
-3316.25524,-0.41114,-3.94801e-07,1.16450000000001e-09,1.18466234643735e-09,7.10385222886349e-13,-4.00650627168383e-13,-3.08980158292314e-13,NaN
-3306.17274,-0.40989,-3.93648e-07,1.15774999999998e-09,1.18553185328185e-09,5.62269656020175e-13,-2.71970683247104e-13,-3.06064446962996e-13,NaN
-3296.09024,-0.40864,-3.924855e-07,1.16799999999997e-09,1.18578688574939e-09,-9.18352930852413e-13,-1.58111398813374e-13,-3.06124045729056e-13,NaN
-3285.92708,-0.40738,-3.91312e-07,1.20275000000001e-09,1.18369514742015e-09,-1.48873727623655e-12,-1.13898613659429e-13,-2.99428203398559e-13,NaN
-3275.84458,-0.40613,-3.9008e-07,1.230375e-09,1.18280941119691e-09,-2.18276149526376e-13,-1.6213895027732e-13,-2.83811892947333e-13,NaN
-3265.76308825,-0.404880125,-3.8885125e-07,1.19049999999999e-09,1.1832585951211e-09,-4.11278080029856e-13,-1.92330297983125e-13,-2.67283641400383e-13,NaN
-3255.67958,-0.40363,-3.87699e-07,1.16468750000003e-09,1.18198685503685e-09,-1.32340075465114e-12,-1.71215404011962e-13,-2.49631231560288e-13,NaN
-3245.59708,-0.40238,-3.86521875e-07,1.16837500000001e-09,1.18061179361179e-09,-5.97036240784985e-13,-1.44649356008617e-13,-2.26702673605958e-13,NaN
-3235.51458,-0.40113,-3.8536225e-07,1.16443749999997e-09,1.18079278255528e-09,2.59893822406039e-14,-1.19735110082163e-13,-2.01605540514883e-13,NaN
-3225.35142,-0.39987,-3.84193e-07,1.19162500000002e-09,1.18066377237628e-09,-5.86991049491014e-13,-1.73594825412103e-13,-1.7719182309171e-13,NaN
-3215.26892,-0.39862,-3.82979e-07,1.18725e-09,1.1796188004563e-09,-1.23036591786719e-12,-2.58643825781826e-13,-1.50703208854076e-13,NaN
-3205.18642,-0.39737,-3.818185e-07,1.167e-09,1.17820304054054e-09,-1.08881844506884e-12,-2.38066639030588e-13,-1.18786497199369e-13,NaN
-3195.10392,-0.39612,-3.80645e-07,1.18650000000001e-09,1.17744116356616e-09,-3.74627062128692e-14,-1.77457173398775e-13,-8.30311380521744e-14,NaN
-3185.02142,-0.39487,-3.794455e-07,1.19099999999997e-09,1.17812811512811e-09,1.23121928746875e-12,-1.7120193857774e-13,-5.07133191239703e-14,NaN
-3174.93892,-0.39362,-3.78263e-07,1.17412500000001e-09,1.1799036021411e-09,1.77392506142467e-12,-1.65831861899743e-13,-3.04325796325951e-14,NaN
-3164.85642,-0.39237,-3.7709725e-07,1.18456250000002e-09,1.18167596525096e-09,1.14754080379119e-12,-1.43025543868921e-13,-2.54315345580212e-14,NaN
-3154.69326,-0.39111,-3.75893875e-07,1.17268749999998e-09,1.18219868374868e-09,2.5607669358897e-14,-1.13827773250981e-13,-3.02681219093292e-14,NaN
-3144.61076,-0.38986,-3.74751875e-07,1.16343749999999e-09,1.18172718058968e-09,-6.40590996840166e-13,-5.04661034255671e-14,-3.70215432286621e-14,NaN
-3134.52826,-0.38861,-3.73567e-07,1.16868750000001e-09,1.180917501755e-09,-9.47672428922339e-13,5.68826265421058e-14,-4.13511579389294e-14,NaN
-3124.44576,-0.38736,-3.724145e-07,1.16937499999999e-09,1.17983183573184e-09,-9.87410056161588e-13,1.52631141412689e-13,-4.12950242663661e-14,NaN
-3114.36326,-0.38611,-3.7122825e-07,1.19975e-09,1.17894268164268e-09,6.72428922415508e-14,1.15011920952607e-13,-3.65994872292725e-14,NaN
-3104.28076,-0.38486,-3.70015e-07,1.18831249999999e-09,1.17996632151632e-09,1.49691558441629e-12,3.54691662085283e-14,-3.24774763507789e-14,NaN
-3094.1176,-0.3836,-3.68851625e-07,1.1609375e-09,1.18193651281151e-09,9.97134959635089e-13,7.5282656615676e-14,-3.53640783349372e-14,NaN
-3084.0351,-0.38235,-3.67693125e-07,1.1983125e-09,1.18196059143559e-09,-1.58961477711891e-13,1.346486382074e-13,-4.18488386356148e-14,NaN
-3073.9526,-0.3811,-3.66455e-07,1.20750000000001e-09,1.18161858985609e-09,-7.67163917163063e-13,1.19242051456025e-13,-4.53529394862259e-14,NaN
-3063.8701,-0.37985,-3.65278125e-07,1.17968750000002e-09,1.18042626360126e-09,-9.53463934713184e-13,8.3778154718887e-14,-4.18616602016008e-14,NaN
-3053.7876,-0.3786,-3.64095625e-07,1.17637499999997e-09,1.17971166198666e-09,4.89250614249676e-14,3.66214151056805e-14,-3.13892666953392e-14,NaN
-3043.7071165,-0.37735025,-3.62925375e-07,1.174625e-09,1.18052411372411e-09,2.19763513513232e-13,-5.06221949384028e-14,-2.1908540807872e-14,NaN
-3033.6226,-0.3761,-3.61746375e-07,1.19281250000001e-09,1.18015118901369e-09,-6.54712179712302e-13,-1.65183257849822e-13,-1.6267998666807e-14,NaN
-3023.45944,-0.37484,-3.6053975e-07,1.19318749999999e-09,1.17921468936469e-09,-3.6282906282885e-13,-2.7530227133188e-13,-9.56474475849085e-15,NaN
-3013.37694,-0.37359,-3.5936e-07,1.173875e-09,1.17942553088803e-09,7.37451737451676e-13,-3.16458621444468e-13,-2.81429349876855e-15,NaN
-3003.29444,-0.37234,-3.58192e-07,1.171e-09,1.18068959283959e-09,8.97332397332539e-13,-2.43847697048303e-13,-1.62183387708681e-15,NaN
-2993.21194,-0.37109,-3.57018e-07,1.16750000000001e-09,1.1812201956827e-09,1.93548174799375e-13,-1.02755787655697e-13,-5.36890942421615e-15,NaN
-2983.12944,-0.36984,-3.55857e-07,1.17293749999999e-09,1.18107668918919e-09,-2.51254826254312e-13,-3.18927493720707e-15,-9.99306861730685e-15,NaN
-2973.04694,-0.36859,-3.54672125e-07,1.18631249999999e-09,1.18071768603019e-09,-4.72795279046114e-13,1.53732612762931e-14,-1.36047465495921e-14,NaN
-2962.88378,-0.36733,-3.53484375e-07,1.18256249999999e-09,1.1801310986311e-09,-1.01412557037541e-12,4.03029684982511e-15,-1.39473228307454e-14,NaN
-2952.80128,-0.36608,-3.52307e-07,1.1761875e-09,1.17868943488944e-09,-8.91334678834033e-13,-1.46742679164927e-14,-5.77369903617975e-15,NaN
-2942.71878,-0.36483,-3.51132e-07,1.17500000000004e-09,1.17834842927343e-09,7.61626886626827e-13,-2.83779077495658e-14,1.08127930277307e-14,NaN
-2932.63628,-0.36358,-3.49957e-07,1.163e-09,1.18021268866269e-09,1.18472929097921e-12,3.65673065040578e-14,2.43686542249768e-14,NaN
-2922.55378,-0.36233,-3.48806e-07,1.17587499999998e-09,1.18071788785539e-09,-3.91837048087245e-13,1.8535959687191e-13,3.21297751185905e-14,NaN
-2912.47128,-0.36108,-3.4760525e-07,1.19137500000001e-09,1.17942901456652e-09,-1.32246182871244e-12,2.92917267221362e-13,4.48433125011365e-14,NaN
-2902.30812,-0.35982,-3.4642325e-07,1.17487500000001e-09,1.17807296419797e-09,-1.02089768339781e-12,3.07747020192956e-13,6.74199288653349e-14,NaN
-2892.22562,-0.35857,-3.452555e-07,1.19649999999999e-09,1.17738721919972e-09,-2.22051597050593e-13,2.24363049864003e-13,9.56985729963048e-14,NaN
-2882.14312,-0.35732,-3.4403025e-07,1.17999999999999e-09,1.17762886100386e-09,7.11951561950977e-13,1.13344118575709e-13,1.24496773159896e-13,NaN
-2872.06062,-0.35607,-3.428955e-07,1.1695625e-09,1.17881112232362e-09,1.26940373815249e-12,7.95885780616416e-14,1.48921488845091e-13,NaN
-2861.97812,-0.35482,-3.41691125e-07,1.19625000000001e-09,1.18016766848017e-09,1.38831607581619e-12,4.73226986221332e-14,1.64369289932592e-13,NaN
-2851.89562,-0.35357,-3.40503e-07,1.19225000000001e-09,1.18158775447526e-09,1.47203624078618e-12,-2.12619426670166e-14,1.67546184765884e-13,NaN
-2841.81312,-0.35232,-3.39306625e-07,1.18650000000001e-09,1.18311174096174e-09,1.05256010881028e-12,-2.91660093368778e-14,1.55729406463369e-13,NaN
-2831.64996,-0.35106,-3.3813e-07,1.167875e-09,1.18369287469288e-09,-9.75649350650181e-14,5.64439885243494e-14,1.3303578237491e-13,NaN
-2821.56746,-0.34981,-3.36970875e-07,1.16474999999999e-09,1.18291661109161e-09,-9.28036153036576e-13,1.50326292956875e-13,1.11470687024613e-13,NaN
-2811.48496,-0.34856,-3.358005e-07,1.18993749999998e-09,1.1818368023868e-09,-3.91402685152829e-13,1.84730644498903e-13,9.84878959573309e-14,NaN
-2801.40246,-0.34731,-3.34591e-07,1.18475000000001e-09,1.18213380572131e-09,5.49936381186361e-13,1.89420307335289e-13,8.93769125528508e-14,NaN
-2791.31996,-0.34606,-3.33431e-07,1.17750000000003e-09,1.18293667514918e-09,6.49677518427365e-13,1.84203689359737e-13,7.70406423212238e-14,NaN
-2781.23746,-0.34481,-3.32236e-07,1.20074999999998e-09,1.18343316075816e-09,4.0716260091203e-13,1.10817890262292e-13,6.01736849075227e-14,NaN
-2771.0743,-0.34355,-3.310295e-07,1.17399999999998e-09,1.183751000351e-09,-2.07485082483149e-14,3.50100658497574e-14,3.79729562073237e-14,NaN
-2760.9918,-0.3423,-3.29888e-07,1.14825000000001e-09,1.18339166374166e-09,-1.15180984555901e-12,9.92040574235496e-14,1.10908586345864e-14,NaN
-2750.9093,-0.34105,-3.28733e-07,1.16549999999999e-09,1.18144738065988e-09,-1.92603545103556e-12,1.9126009049005e-13,-1.11728596956945e-14,NaN
-2740.8268,-0.3398,-3.27557e-07,1.175625e-09,1.17953959283959e-09,-1.61254168129247e-12,1.53479203660409e-13,-1.9659710606575e-14,NaN
-2730.7443,-0.33855,-3.2638175e-07,1.21937500000002e-09,1.1782222972973e-09,-7.959634959635e-13,8.43838169738701e-15,-1.55060926227779e-14,NaN
-2720.6618,-0.3373,-3.2511825e-07,1.23218749999999e-09,1.17794766584767e-09,7.97639522639724e-13,-1.49901560510136e-13,-5.14824382997519e-15,NaN
-2710.5793,-0.33605,-3.23917375e-07,1.195625e-09,1.17981757634258e-09,1.34578799578756e-12,-2.47616854072142e-13,2.41677791613745e-15,NaN
-2700.41614,-0.33479,-3.22727e-07,1.16968750000001e-09,1.18063924183924e-09,7.22918129167939e-13,-2.66754713310057e-13,4.10726974743441e-15,NaN
-2690.33364,-0.33354,-3.21578e-07,1.1569375e-09,1.18126341260091e-09,1.15022376272445e-12,-2.31295984249244e-13,2.96964568897752e-15,NaN
-2680.25114,-0.33229,-3.20413125e-07,1.16925000000001e-09,1.18293968936469e-09,1.38642286767369e-12,-1.57081335676471e-13,-3.54512198869966e-15,NaN
-2670.16864,-0.33104,-3.192395e-07,1.1673125e-09,1.18403625833626e-09,3.08388908389014e-13,-1.70202226221745e-14,-1.81913842079499e-14,NaN
-2660.08614,-0.32979,-3.180785e-07,1.16737499999998e-09,1.18355646718147e-09,-8.52406546156709e-13,1.08824211810828e-13,-3.50741760804816e-14,NaN
-2650.00364,-0.32854,-3.1690475e-07,1.19425000000001e-09,1.18233144524395e-09,-9.55482186732901e-13,8.22622453106982e-14,-4.66669857650508e-14,NaN
-2639.84048,-0.32728,-3.1569e-07,1.19937500000002e-09,1.181645502808e-09,-3.26711126712084e-13,-4.51319787192303e-14,-5.28876227805609e-14,NaN
-2629.75798,-0.32603,-3.14506e-07,1.171e-09,1.18167802299052e-09,-1.71119252368867e-13,-9.72808858132848e-14,-5.62130499397952e-14,NaN
-2619.67548,-0.32478,-3.13348e-07,1.16912499999998e-09,1.18130326430326e-09,-3.50054843803837e-13,-4.83098826434206e-14,-5.55919817877527e-14,NaN
-2609.59298,-0.32353,-3.1216775e-07,1.17049999999999e-09,1.18097791330291e-09,4.82055107055407e-13,1.96517681350198e-14,-5.00238368213767e-14,NaN
-2599.51048,-0.32228,-3.11007e-07,1.16437500000001e-09,1.18226737451737e-09,4.92637767637367e-13,1.17948236010701e-13,-4.48864484778219e-14,NaN
-2589.42798,-0.32103,-3.09839e-07,1.17468750000001e-09,1.18196318883819e-09,-1.28393295893295e-12,2.29169961170632e-13,-4.02831634305035e-14,NaN
-2579.26482,-0.31977,-3.08657625e-07,1.19812499999999e-09,1.17969950859951e-09,-1.67477623727642e-12,2.21651949148458e-13,-2.44285799957567e-14,NaN
-2569.18232,-0.31852,-3.0744275e-07,1.21406249999999e-09,1.17861363636364e-09,-4.0862144612208e-13,9.42111045349836e-14,5.19131512371374e-15,NaN
-2559.09982,-0.31727,-3.062295e-07,1.22737500000003e-09,1.17888226570726e-09,1.00589241839288e-12,-4.86690449229492e-14,3.68020564551965e-14,NaN
-2549.01732,-0.31602,-3.04988e-07,1.19475e-09,1.18062542120042e-09,1.642288961039e-12,-1.46604279814174e-13,5.9960111306117e-14,NaN
-2538.93482,-0.31477,-3.0384e-07,1.16649999999999e-09,1.18216684362934e-09,1.20682256932218e-12,-1.51511303837523e-13,7.48622974855351e-14,NaN
-2528.85232,-0.31352,-3.02655e-07,1.17200000000001e-09,1.18303906633907e-09,5.6033476658513e-13,-1.32215109437777e-13,8.58924111732699e-14,NaN
-2518.76982,-0.31227,-3.01496e-07,1.15912499999999e-09,1.18328751316251e-09,1.57640838891277e-13,-1.17986889939709e-13,9.45664307443608e-14,NaN
-2508.60666,-0.31101,-3.0033675e-07,1.15443749999998e-09,1.18335434801685e-09,-3.29225166725179e-13,-3.57347968736892e-14,1.02575778869381e-13,NaN
-2498.52416,-0.30976,-2.99187125e-07,1.16099999999999e-09,1.18262906282906e-09,-1.6832528957534e-12,9.06116174957675e-14,1.12811799080342e-13,NaN
-2488.44166,-0.30851,-2.9801475e-07,1.19356250000001e-09,1.17998784222534e-09,-1.9084898209902e-12,1.55735008780132e-13,1.31212882421572e-13,NaN
-2478.35916,-0.30726,-2.968e-07,1.1953125e-09,1.17881208318708e-09,4.64099245349976e-13,1.57770517134961e-13,1.58402438883899e-13,NaN
-2468.27666,-0.30601,-2.95624125e-07,1.17693750000002e-09,1.18091604071604e-09,2.26539575289669e-12,1.95732780069529e-13,1.81932540203899e-13,NaN
-2458.19416,-0.30476,-2.94446125e-07,1.18406250000001e-09,1.18334287469288e-09,1.39777114777122e-12,2.64168658163559e-13,1.92275950995389e-13,NaN
-2448.031,-0.3035,-2.93256e-07,1.19193749999999e-09,1.18371158301158e-09,2.27323183573086e-13,2.97259219180138e-13,1.9413655079417e-13,NaN
-2437.9485,-0.30225,-2.9206225e-07,1.18550000000001e-09,1.18379752106002e-09,8.22920322919093e-14,3.00644763405023e-13,1.93905867229637e-13,NaN
-2427.866,-0.301,-2.90885e-07,1.17275e-09,1.18387616707617e-09,-8.28753510003308e-13,3.55544425691954e-13,1.92841713771206e-13,NaN
-2417.7835,-0.29975,-2.8971675e-07,1.18399999999999e-09,1.18214001404002e-09,-1.87587530712443e-12,3.99245508945082e-13,1.96139581707248e-13,NaN
-2407.701,-0.2985,-2.88517e-07,1.20112499999999e-09,1.18012441646192e-09,-7.60736223236005e-13,2.93850371593543e-13,2.09204920863022e-13,NaN
-2397.6185,-0.29725,-2.873145e-07,1.18700000000002e-09,1.18061854159354e-09,8.48742979991904e-13,1.40383704121921e-13,2.23757105156965e-13,NaN
-2387.45534,-0.29599,-2.86143e-07,1.15925e-09,1.1818219024219e-09,1.31185942435972e-12,1.12321977586988e-13,2.28424357546179e-13,NaN
-2377.37284,-0.29474,-2.84996e-07,1.16749999999999e-09,1.18324226044226e-09,1.01769919270042e-12,2.02164614174952e-13,2.21028090027236e-13,NaN
-2367.29034,-0.29349,-2.83808e-07,1.19800000000001e-09,1.1838573008073e-09,5.99653387153307e-13,2.47026387150509e-13,2.04300840650231e-13,NaN
-2357.20784,-0.29224,-2.826e-07,1.19037500000001e-09,1.18444156721657e-09,1.03986486486459e-12,2.0920632740651e-13,1.81695271869725e-13,NaN
-2347.12534,-0.29099,-2.8142725e-07,1.18112499999999e-09,1.18593703053703e-09,1.0440242190237e-12,1.81533816401263e-13,1.50048159761129e-13,NaN
-2337.04284,-0.28974,-2.8023775e-07,1.16562499999999e-09,1.18652961565462e-09,2.63324850824472e-13,1.56915065892287e-13,1.06327374474884e-13,NaN
-2326.96034,-0.28849,-2.79096e-07,1.19043750000002e-09,1.18646368023868e-09,-2.2655317655351e-13,1.02131748240398e-13,5.55974578042067e-14,NaN
-2316.79718,-0.28723,-2.77856875e-07,1.23850000000001e-09,1.18607650930151e-09,3.2159090909011e-13,-2.36628645325924e-14,3.89721669837144e-15,NaN
-2306.71468,-0.28598,-2.76619e-07,1.21193749999998e-09,1.18710686205686e-09,6.33979027728779e-13,-1.80350917498337e-13,-4.915219612558e-14,NaN
-2296.63218,-0.28473,-2.75433e-07,1.16249999999998e-09,1.18734446735697e-09,-6.26022288522013e-13,-2.08870113823332e-13,-1.03681478219026e-13,NaN
-2286.54968,-0.28348,-2.74294e-07,1.15700000000002e-09,1.18585481747982e-09,-1.22251009126008e-12,-1.27346675432992e-13,-1.52857775616975e-13,NaN
-2276.46718,-0.28223,-2.73119e-07,1.17181250000001e-09,1.18489944717445e-09,-6.45601526851475e-13,-8.61916967043159e-14,-1.93168166822507e-13,NaN
-2266.38468,-0.28098,-2.71950375e-07,1.16949999999999e-09,1.18456361442611e-09,-4.14500702000257e-13,-8.66936185821574e-14,-2.2760716060089e-13,NaN
-2256.22152,-0.27972,-2.7078e-07,1.1626875e-09,1.18407044577045e-09,-1.00996840996887e-12,-7.90538757204216e-14,-2.57799505667047e-13,NaN
-2246.13902,-0.27847,-2.69625e-07,1.193e-09,1.18254367760618e-09,-9.00623025623958e-13,-1.4426848258957e-13,-2.78889266176971e-13,NaN
-2236.05652,-0.27722,-2.68394e-07,1.21124999999998e-09,1.1822691997192e-09,6.1573578448555e-13,-3.22177566784142e-13,-2.90640414097765e-13,NaN
-2225.97402,-0.27597,-2.672025e-07,1.1805e-09,1.18377514917515e-09,1.1293216918219e-12,-4.46437653362557e-13,-3.03842334397968e-13,NaN
-2215.89152,-0.27472,-2.66033e-07,1.18625000000003e-09,1.18452784310284e-09,-8.43576693576588e-13,-4.54589896315236e-13,-3.23308936041129e-13,NaN
-2205.80902,-0.27347,-2.6483e-07,1.20949999999998e-09,1.182087995788e-09,-2.64258950508911e-12,-4.59069081526257e-13,-3.38030399752581e-13,NaN
-2195.72652,-0.27222,-2.63614e-07,1.21162499999999e-09,1.17924266409266e-09,-1.14144875394847e-12,-5.18496397010416e-13,-3.35791368196475e-13,NaN
-2185.56336,-0.27096,-2.6240675e-07,1.18825e-09,1.1798050982801e-09,7.10898560898124e-13,-5.92324980617387e-13,-3.2201906179686e-13,NaN
-2175.48086,-0.26971,-2.612375e-07,1.166875e-09,1.18066446121446e-09,2.56826956826411e-13,-5.66334638486286e-13,-3.07935030086337e-13,NaN
-2165.39836,-0.26846,-2.60073e-07,1.16481250000001e-09,1.18031875219375e-09,-4.02838715340071e-14,-4.4205595822172e-13,-2.93903780830652e-13,NaN
-2155.31586,-0.26721,-2.58907875e-07,1.16199999999999e-09,1.18058389347139e-09,2.18543787293724e-13,-3.11800415428415e-13,-2.78486809209455e-13,NaN
-2145.23336,-0.26596,-2.57749e-07,1.16243749999999e-09,1.18075583976834e-09,3.38853545103648e-13,-2.10096017815343e-13,-2.61736626212229e-13,NaN
-2135.15086,-0.26471,-2.56583e-07,1.15287500000001e-09,1.1812616005616e-09,4.32533345033474e-13,-9.84051376890656e-14,-2.44252903661131e-13,NaN
-2124.9877,-0.26345,-2.5544325e-07,1.1703125e-09,1.18162090645841e-09,-3.94247981748112e-13,-3.76936384787545e-15,-2.27320560572036e-13,NaN
-2114.9052,-0.2622,-2.54242375e-07,1.193e-09,1.1804731045981e-09,-9.6404220779207e-13,-1.05438609680802e-14,-2.06460750270569e-13,NaN
-2104.8227,-0.26095,-2.5305725e-07,1.18975000000002e-09,1.17969282204282e-09,-5.60045191294967e-13,-5.72766721765858e-14,-1.78453647642812e-13,NaN
-2094.7402,-0.2597,-2.51862875e-07,1.18637499999998e-09,1.17935301421551e-09,-6.41062653562914e-13,-5.69990487939014e-14,-1.46833240336474e-13,NaN
-2084.6577,-0.25845,-2.506845e-07,1.18649999999998e-09,1.1784106967357e-09,-1.09866181116174e-12,-3.46685208863392e-14,-1.12635061178058e-13,NaN
-2074.5752,-0.2572,-2.49489875e-07,1.19975000000003e-09,1.17715569059319e-09,-5.68326605826106e-13,-5.98852195586387e-14,-7.35463927092951e-14,NaN
-2064.41204,-0.25594,-2.48285e-07,1.1829375e-09,1.17727404352404e-09,7.24570024569914e-13,-8.86738979739793e-14,-3.29877387093551e-14,NaN
-2054.32954,-0.25469,-2.47124e-07,1.15787499999999e-09,1.17860483064233e-09,4.40786240786152e-13,-1.07030864128674e-14,1.4822571210737e-15,NaN
-2044.24704,-0.25344,-2.4596925e-07,1.15775000000001e-09,1.17815561600562e-09,-6.17113460862568e-13,1.29817204462799e-13,3.00500559132026e-14,NaN
-2034.16454,-0.25219,-2.448085e-07,1.20112499999999e-09,1.1773706037206e-09,4.26487363995672e-14,1.36180008602014e-13,5.63975463979352e-14,NaN
-2024.08204,-0.25094,-2.43567e-07,1.22162499999997e-09,1.17824091347841e-09,1.67189803439764e-12,-3.7678569272366e-14,7.92675867092585e-14,NaN
-2013.99954,-0.24969,-2.4236525e-07,1.177375e-09,1.1807143997894e-09,2.47239162864148e-12,-1.48308264702785e-13,9.33408552191638e-14,NaN
-2003.91704,-0.24844,-2.4121225e-07,1.16212500000002e-09,1.1831856967357e-09,1.42532686907738e-12,-8.05864359305995e-14,9.4248942524969e-14,NaN
-1993.75388,-0.24718,-2.40041e-07,1.1781875e-09,1.18356505352755e-09,-3.6945638820627e-13,2.58794782577062e-14,8.81950836037113e-14,NaN
-1983.67138,-0.24593,-2.38855875e-07,1.13924999999999e-09,1.18244678395929e-09,-1.28545761670783e-12,1.26664864797274e-13,8.59372872430954e-14,NaN
-1973.58888,-0.24468,-2.377625e-07,1.15543750000001e-09,1.18099413829414e-09,-1.41573139698158e-12,2.14522205238383e-13,9.11432320893094e-14,NaN
-1963.50638,-0.24343,-2.36545e-07,1.20531250000001e-09,1.17961532116532e-09,-1.386675149175e-12,2.32844382904149e-13,1.02754424546629e-13,NaN
-1953.42388,-0.24218,-2.35351875e-07,1.201875e-09,1.17822078799579e-09,-7.18293699543376e-13,2.0422117100081e-13,1.2145493405237e-13,NaN
-1943.34138,-0.24093,-2.3414125e-07,1.19493749999999e-09,1.17817873376624e-09,4.83055458055549e-13,1.56708457402174e-13,1.44742724598465e-13,NaN
-1933.17822,-0.23967,-2.32962e-07,1.176625e-09,1.1791868989119e-09,8.69465163215777e-13,1.36718837569168e-13,1.65264514728364e-13,NaN
-1923.09572,-0.23842,-2.31788e-07,1.17512500000001e-09,1.17991766409267e-09,3.62587750087909e-13,1.73718592768249e-13,1.81141785340619e-13,NaN
-1913.01322,-0.23717,-2.3061175e-07,1.18331250000001e-09,1.17991207441208e-09,7.27382414875184e-14,2.04173536470763e-13,1.95513943918041e-13,NaN
-1902.93072,-0.23592,-2.29421375e-07,1.179375e-09,1.18006314057564e-09,5.31416725166845e-13,1.87492187346863e-13,2.09008582073899e-13,NaN
-1892.84822,-0.23467,-2.28253e-07,1.1755e-09,1.18097490786241e-09,6.67565373815707e-13,1.58047063122434e-13,2.16996093107568e-13,NaN
-1882.76572,-0.23342,-2.27070375e-07,1.169e-09,1.18139827132327e-09,-2.4791812916831e-13,1.45382343363977e-13,2.167832472666e-13,NaN
-1872.68322,-0.23217,-2.25915e-07,1.18268750000001e-09,1.18047907160407e-09,-1.0902729027722e-12,1.27098479129749e-13,2.15839505073973e-13,NaN
-1862.52006,-0.23091,-2.24705e-07,1.20031249999999e-09,1.17921772551773e-09,-3.1699719194488e-15,1.05963774706188e-13,2.22166426157666e-13,NaN
-1852.43756,-0.22966,-2.23514375e-07,1.19499999999999e-09,1.18047273166023e-09,2.24871226746109e-12,1.03312769094539e-13,2.28397381403356e-13,NaN
-1842.35506,-0.22841,-2.22315e-07,1.16918750000001e-09,1.18371515005265e-09,2.38392418392248e-12,1.57998125431351e-13,2.19138598321183e-13,NaN
-1832.27256,-0.22716,-2.21176e-07,1.14568749999999e-09,1.18524058002808e-09,3.56416725166171e-13,2.9698104308572e-13,1.92019862236812e-13,NaN
-1822.19006,-0.22591,-2.20023625e-07,1.1665e-09,1.18442798350298e-09,-1.02679668304654e-12,4.06260496284088e-13,1.5790831274221e-13,NaN
-1812.10756,-0.22466,-2.18843e-07,1.1968125e-09,1.18318698666199e-09,-1.58712486837499e-12,3.8257617933459e-13,1.25616607596146e-13,NaN
-1801.9444,-0.2234,-2.1763e-07,1.2035e-09,1.18125373376623e-09,-1.46661547911554e-12,2.85621681035332e-13,9.84487584468717e-14,NaN
-1791.8619,-0.22215,-2.16436e-07,1.204e-09,1.18025375570376e-09,1.54321691822019e-13,1.78932804007307e-13,7.57019798457011e-14,NaN
-1781.7794,-0.2209,-2.15222e-07,1.19312499999999e-09,1.18156237714988e-09,1.71096217971234e-12,5.80646768966575e-14,5.1080066297332e-14,NaN
-1771.6969,-0.21965,-2.1404975e-07,1.17375e-09,1.18367568006318e-09,1.80790847665799e-12,-2.4013588758724e-14,1.82375449572153e-14,NaN
-1761.6144,-0.2184,-2.128745e-07,1.16881250000001e-09,1.18517819410319e-09,7.11240786240583e-13,-3.81826119059176e-14,-2.34607885647747e-14,NaN
-1751.5319,-0.21715,-2.11712125e-07,1.17149999999999e-09,1.18509816163566e-09,-4.67918567918065e-13,-6.12908750935742e-14,-6.86899140566696e-14,NaN
-1741.36874,-0.21589,-2.105315e-07,1.1865625e-09,1.18424235696736e-09,-8.37410056159474e-13,-1.29578248253229e-13,-1.11609583673323e-13,NaN
-1731.28624,-0.21464,-2.09339e-07,1.1860625e-09,1.18342334152334e-09,-7.58770621270446e-13,-2.0660191850829e-13,-1.51276085919656e-13,NaN
-1721.20374,-0.21339,-2.08159375e-07,1.186625e-09,1.18272481572482e-09,-4.24137855387873e-13,-2.36900056130467e-13,-1.8999412275568e-13,NaN
-1711.12124,-0.21214,-2.0696575e-07,1.18568750000001e-09,1.18257506581257e-09,4.12675500175464e-13,-2.1434022390714e-13,-2.29308842211855e-13,NaN
-1701.03874,-0.21089,-2.05788e-07,1.190875e-09,1.18355016672517e-09,4.66332485082675e-13,-2.50840862366813e-13,-2.70506769352382e-13,NaN
-1690.932042,-0.209637,-2.04584e-07,1.19506249999998e-09,1.18350773078273e-09,-6.62142418392177e-13,-4.01643157815412e-13,-3.11938368551941e-13,NaN
-1680.833712475,-0.2083850375,-2.03397875e-07,1.18068749999999e-09,1.18222588188838e-09,-8.03040540540749e-13,-5.25664825649727e-13,-3.47416125448221e-13,NaN
-1670.743146475,-0.2071340375,-2.02222625e-07,1.16012500000001e-09,1.18190164970165e-09,-5.13348982099419e-13,-5.0079102992655e-13,-3.76112484008946e-13,NaN
-1660.64441365,-0.205882025,-2.01077625e-07,1.15443750000001e-09,1.18119918392418e-09,-1.3770862583363e-12,-3.68393749119834e-13,-3.97695855171562e-13,NaN
-1650.553746825,-0.2046310125,-1.9991375e-07,1.18800000000001e-09,1.17914747718498e-09,-1.57313750438695e-12,-2.80335672267931e-13,-4.05807465634942e-13,NaN
-1640.4554173,-0.20337905,-1.98701625e-07,1.2173125e-09,1.17805290891541e-09,-3.34082134081846e-13,-3.23035629276877e-13,-4.01438516396868e-13,NaN
-1630.36464965,-0.202128025,-1.97479125e-07,1.1948125e-09,1.17847931291681e-09,2.79674885924579e-13,-4.34695554628016e-13,-3.91946651842659e-13,NaN
-1620.26601765,-0.200876025,-1.96312e-07,1.1804375e-09,1.17861225868726e-09,9.56190768687725e-14,-5.37580248517898e-13,-3.78558641251193e-13,NaN
-1610.17525,-0.199625,-1.9511825e-07,1.17393749999999e-09,1.17867055107055e-09,1.10815198314819e-13,-5.53916712230617e-13,-3.60187173487715e-13,NaN
-1600.07681965,-0.198373025,-1.93964125e-07,1.15200000000001e-09,1.17883388908389e-09,-4.65522990523127e-13,-4.46003625381495e-13,-3.39167303728611e-13,NaN
-1589.97818765,-0.197121025,-1.9281425e-07,1.156125e-09,1.17773950508951e-09,-1.09214417339354e-12,-3.07508828447369e-13,-3.14334361919419e-13,NaN
-1579.88742,-0.19587,-1.91651875e-07,1.17112499999999e-09,1.1766496007371e-09,-5.10179010178522e-13,-2.37086267422424e-13,-2.83022056025724e-13,NaN
-1569.789090475,-0.1946180375,-1.90472e-07,1.18574999999999e-09,1.17671914706915e-09,2.07237188486874e-13,-2.24555721829378e-13,-2.49099638766921e-13,NaN
-1559.69842365,-0.193367025,-1.89280375e-07,1.19550000000001e-09,1.17706407511408e-09,3.03139259388716e-13,-2.22240378783491e-13,-2.1635788622608e-13,NaN
-1549.59979165,-0.192115025,-1.88081e-07,1.1925625e-09,1.17732542558793e-09,-1.69298438048699e-13,-2.01567829493452e-13,-1.84324930188995e-13,NaN
-1539.509024,-0.190864,-1.8689525e-07,1.17562499999999e-09,1.17672547823798e-09,-1.22790233415217e-12,-1.47511265059987e-13,-1.49140069853912e-13,NaN
-1529.41059365,-0.189612025,-1.8572975e-07,1.13275000000001e-09,1.17486962091962e-09,-9.37063443312938e-13,-2.24589445706581e-14,-1.04975106336694e-13,NaN
-1519.312264125,-0.1883600625,-1.8462975e-07,1.158875e-09,1.17485135135135e-09,7.47523253772985e-13,9.10372195893333e-14,-5.60683675779175e-14,NaN
-1509.221294825,-0.1871090125,-1.83412e-07,1.20987499999999e-09,1.17636466742717e-09,1.43912557037441e-12,6.6043766965599e-14,-1.51408293731341e-14,NaN
-1499.122662825,-0.1858570125,-1.8221e-07,1.19362500000001e-09,1.1777296024921e-09,9.49221217971258e-13,2.88008393023574e-14,1.3351890498233e-14,NaN
-1489.03219765,-0.184606025,-1.8102475e-07,1.17900000000001e-09,1.17826310986311e-09,-6.34119427868925e-13,4.71405957839786e-14,3.56558219639122e-14,NaN
-1478.93356565,-0.183354025,-1.79852e-07,1.18006249999999e-09,1.17646136363636e-09,-1.42266804141765e-12,3.2466015090199e-14,6.24890555474671e-14,NaN
-1468.843100475,-0.1821030375,-1.78664625e-07,1.16981249999998e-09,1.17541777378027e-09,7.84727097231996e-14,5.11952827845105e-14,9.6225104888322e-14,NaN
-1458.744166,-0.180851,-1.77512375e-07,1.1604375e-09,1.17661830905581e-09,1.02612758862756e-12,1.40546315907062e-13,1.27831613946976e-13,NaN
-1448.64573565,-0.179599025,-1.7634375e-07,1.1761875e-09,1.17747002895753e-09,8.61927430677498e-13,1.91788191554853e-13,1.51184843333207e-13,NaN
-1438.554968,-0.178348,-1.7516e-07,1.18575e-09,1.17834216391716e-09,5.38623201123039e-13,1.87360769039482e-13,1.65103748294825e-13,NaN
-1428.456336,-0.177096,-1.7397225e-07,1.17900000000001e-09,1.17854727535978e-09,-4.64630133380148e-13,1.90064437639917e-13,1.72330725610848e-13,NaN
-1418.365870825,-0.1758450125,-1.72802e-07,1.19212500000001e-09,1.1774129036504e-09,-6.596788346786e-13,1.71328276373887e-13,1.79217202842197e-13,NaN
-1408.26733965,-0.174593025,-1.71588e-07,1.18799999999998e-09,1.17722791769042e-09,2.3186863811874e-13,1.33961289521603e-13,1.85899023635952e-13,NaN
-1398.17677365,-0.173342025,-1.70426e-07,1.15949999999999e-09,1.17787664092664e-09,6.8002369252353e-13,1.68740095235873e-13,1.88565202537567e-13,NaN
-1388.07794,-0.17209,-1.69269e-07,1.16300000000001e-09,1.17858796507547e-09,6.55896805896774e-13,2.45149064268109e-13,1.87293163915099e-13,NaN
-1377.987474825,-0.1708390125,-1.681e-07,1.16206250000001e-09,1.17918843453844e-09,2.98826342576821e-13,2.92790280616726e-13,1.82900238500259e-13,NaN
-1367.888842825,-0.1695870125,-1.66944875e-07,1.18350000000001e-09,1.17918561776062e-09,-2.35128553878713e-13,2.79288533130213e-13,1.76517780889976e-13,NaN
-1357.790210825,-0.1683350125,-1.65733e-07,1.22093749999999e-09,1.17871817743068e-09,-1.18483678483699e-12,1.54630713503984e-13,1.70497326440289e-13,NaN
-1347.69974565,-0.167084025,-1.64503e-07,1.19449999999999e-09,1.17681594419095e-09,-9.57250350999945e-13,2.48566314795664e-14,1.69435705839938e-13,NaN
-1337.601012825,-0.1658320125,-1.63344e-07,1.16787500000001e-09,1.17680367672868e-09,1.24113504738492e-12,2.57666106695928e-14,1.72175558817514e-13,NaN
-1327.510346,-0.164581,-1.6216725e-07,1.15493750000001e-09,1.17929821428571e-09,1.66712881712861e-12,1.2476712669793e-13,1.67745689050202e-13,NaN
-1317.411814825,-0.1633290125,-1.61034125e-07,1.14362499999999e-09,1.18013793436294e-09,8.84079940330271e-13,2.32888463693886e-13,1.54854451574126e-13,NaN
-1307.321248825,-0.1620780125,-1.5988e-07,1.1824375e-09,1.18106637416638e-09,7.65599771849351e-13,2.25190035150466e-13,1.37656498220569e-13,NaN
-1297.222616825,-0.1608260125,-1.5866925e-07,1.2005e-09,1.18166913390663e-09,-6.21930940681744e-13,1.24509218594811e-13,1.14627412616908e-13,NaN
-1287.124186475,-0.1595740375,-1.57479e-07,1.18968749999999e-09,1.17982251228501e-09,-1.64568927693953e-12,8.15662535954508e-14,9.18393831784012e-14,NaN
-1277.033418825,-0.1583230125,-1.56289875e-07,1.1865e-09,1.17837775535275e-09,-4.72325816075833e-13,7.59723031585824e-14,7.59556960535856e-14,NaN
-1266.934786825,-0.1570710125,-1.55106e-07,1.17581250000001e-09,1.17887786065286e-09,7.19120744120804e-13,6.53913515312248e-14,6.22526980347224e-14,NaN
-1256.84472495,-0.155820075,-1.5393825e-07,1.18593750000001e-09,1.179815996841e-09,8.03637241137611e-13,4.70296418194573e-14,4.59459651086101e-14,NaN
-1246.745488,-0.154568,-1.52734125e-07,1.19462499999999e-09,1.18048513513514e-09,8.91308353808867e-13,-1.39445638779732e-16,2.78759564211504e-14,NaN
-1236.655022825,-0.1533170125,-1.51549e-07,1.17106250000001e-09,1.18159861354861e-09,6.48585029834437e-13,1.43276904900365e-15,7.28958790188734e-15,NaN
-1226.556390825,-0.1520650125,-1.50392e-07,1.158375e-09,1.1817823051948e-09,-7.55159705160418e-13,5.57606977797897e-14,-1.54278027286798e-14,NaN
-1216.465824825,-0.1508140125,-1.4923225e-07,1.167e-09,1.18008829413829e-09,-1.42300368550364e-12,6.67209543205148e-14,-3.32152299900263e-14,NaN
-1206.36729365,-0.149562025,-1.48058e-07,1.181875e-09,1.1789362978238e-09,-9.71772990522792e-13,4.42985592476427e-14,-4.21765948535668e-14,NaN
-1196.268762475,-0.1483100375,-1.468685e-07,1.20156249999999e-09,1.17814474815725e-09,-1.98308617058322e-13,4.08231241596597e-15,-4.50300227582977e-14,NaN
-1186.177894,-0.147059,-1.45654875e-07,1.20425000000001e-09,1.17853968058968e-09,1.24434450684444e-12,-6.55000461388247e-14,-4.54429342665832e-14,NaN
-1176.079262,-0.145807,-1.4446e-07,1.1933125e-09,1.18063343717094e-09,1.70329940329943e-12,-1.71273622144944e-13,-4.88185531884074e-14,NaN
-1165.988696,-0.144556,-1.4326825e-07,1.16556249999999e-09,1.18194627939628e-09,5.52669796420787e-13,-2.52000709084716e-13,-5.67973069237077e-14,NaN
-1155.890164825,-0.1433040125,-1.42128875e-07,1.153625e-09,1.18173877676378e-09,-8.60047385046493e-13,-2.03766699774887e-13,-6.32654022627045e-14,NaN
-1145.799598825,-0.1420530125,-1.40961e-07,1.1784375e-09,1.18022618462619e-09,-1.64100122850147e-12,-1.24181736591723e-13,-6.09871452370954e-14,NaN
-1135.700866,-0.140801,-1.39772e-07,1.16150000000001e-09,1.17845677430678e-09,-8.79161547912058e-13,-6.57496264537283e-14,-4.77405717129654e-14,NaN
-1125.602234,-0.139549,-1.38638e-07,1.16650000000001e-09,1.17846786153036e-09,5.71253071249355e-14,1.74366713253831e-14,-3.11618506678261e-14,NaN
-1115.511668,-0.138298,-1.37439e-07,1.216e-09,1.17857102492103e-09,-3.37179712196849e-15,4.26771412163236e-15,-1.83502195132199e-14,NaN
-1105.41323765,-0.137046025,-1.36206e-07,1.201875e-09,1.17846111793612e-09,2.2830817830792e-13,-9.19108644218268e-14,-7.64809325741187e-15,NaN
-1095.322570825,-0.1357950125,-1.3503525e-07,1.17099999999999e-09,1.17902764127764e-09,5.27799227798897e-13,-1.09249568734024e-13,5.16225906310015e-16,NaN
-1085.223838,-0.134543,-1.33864e-07,1.167625e-09,1.17951671639172e-09,7.41994998245276e-13,-5.46904775046095e-14,3.99550105151841e-15,NaN
-1075.13347365,-0.133292025,-1.327e-07,1.164e-09,1.18051163127413e-09,5.781458406461e-13,7.88825579192373e-15,1.99465945399506e-15,NaN
-1065.03464,-0.13204,-1.31536e-07,1.1644375e-09,1.18067300807301e-09,-1.0083998771496e-12,8.73262018497662e-14,-5.15071578033191e-15,NaN
-1054.936310475,-0.1307880375,-1.30371125e-07,1.18400000000002e-09,1.17849483151983e-09,-1.84040014039973e-12,1.53272153339729e-13,-1.00277618025024e-14,NaN
-1044.8458453,-0.12953705,-1.29168e-07,1.201875e-09,1.17699220779221e-09,-6.10437872937787e-13,1.33882809711557e-13,-7.72241081132313e-15,NaN
-1034.74681,-0.128285,-1.27967375e-07,1.19275e-09,1.17727395577396e-09,3.01956826956711e-13,7.05688503080834e-14,-4.68999086621779e-15,NaN
-1024.656244,-0.127034,-1.267825e-07,1.18018750000001e-09,1.17759612144612e-09,6.51594857844426e-13,4.99317764473301e-14,-6.55979954373092e-15,NaN
-1014.55781365,-0.125782025,-1.25607e-07,1.1703125e-09,1.17857714548965e-09,1.06878729378698e-12,6.03803319650782e-14,-1.5164510655993e-14,NaN
-1004.467046,-0.124531,-1.24441875e-07,1.17200000000001e-09,1.1797336960337e-09,1.05316997191998e-12,7.17398304300285e-14,-3.10506232241715e-14,NaN
-994.368514825,-0.1232790125,-1.23263e-07,1.16943749999999e-09,1.18068348543349e-09,5.90573446823511e-13,8.4563076004252e-14,-5.33382252197691e-14,NaN
-984.27804965,-0.122028025,-1.22103e-07,1.17743749999998e-09,1.18091484292734e-09,-1.58759652509681e-13,6.6546264639862e-14,-7.99377657180776e-14,NaN
-974.179316825,-0.1207760125,-1.20908125e-07,1.1915e-09,1.18036596612847e-09,-1.276983151986e-13,-2.25241553445077e-14,-1.04049619924414e-13,NaN
-964.08078565,-0.119524025,-1.1972e-07,1.179125e-09,1.18065944629695e-09,-1.04416023166119e-13,-1.53316663054759e-13,-1.22308966854131e-13,NaN
-953.990118825,-0.1182730125,-1.18549875e-07,1.17000000000001e-09,1.18015713408213e-09,-6.67929536679224e-13,-2.32498321706383e-13,-1.33942724216656e-13,NaN
-943.891486825,-0.1170210125,-1.1738e-07,1.188875e-09,1.17932358722359e-09,1.47435503685778e-13,-2.64076028721154e-13,-1.35536239246716e-13,NaN
-933.80082,-0.11577,-1.16172125e-07,1.19e-09,1.18045200508951e-09,8.82877764127815e-13,-2.99975663226183e-13,-1.3182396565424e-13,NaN
-923.70238965,-0.114518025,-1.15e-07,1.17406250000001e-09,1.18108934275184e-09,3.36411898908647e-14,-2.93497482890741e-13,-1.28305599397172e-13,NaN
-913.611722825,-0.1132670125,-1.13824e-07,1.162375e-09,1.18051928746929e-09,-5.06381625131801e-13,-2.28437927038658e-13,-1.20914156385416e-13,NaN
-903.51319165,-0.112015025,-1.1267525e-07,1.15549999999999e-09,1.18007657950158e-09,-5.57717620217532e-13,-1.28666275451394e-13,-1.05852615712362e-13,NaN
-893.414660475,-0.1107630375,-1.11513e-07,1.1845e-09,1.17940385222885e-09,-8.06557125307386e-13,-4.59936179906355e-14,-8.24684633320381e-14,NaN
-883.323892825,-0.1095120125,-1.1030625e-07,1.223875e-09,1.17846346525096e-09,-6.97707528957299e-13,-8.57820010617395e-14,-4.94036782459905e-14,NaN
-873.22536165,-0.108260025,-1.0906525e-07,1.200625e-09,1.17800843717094e-09,-2.15288259037755e-13,-1.98921351219478e-13,-6.45431352599761e-15,NaN
-863.134896475,-0.1070090375,-1.07905e-07,1.163125e-09,1.17803288873289e-09,-1.85875745875691e-13,-2.10311655170481e-13,4.34120703239135e-14,NaN
-853.03576035,-0.105756975,-1.06739e-07,1.17150000000001e-09,1.17763668567919e-09,-1.23795125482612e-12,-1.09170883947947e-13,9.85165386749501e-14,NaN
-842.945698475,-0.1045060375,-1.05562e-07,1.1775e-09,1.17555698622324e-09,-1.74237210424692e-12,4.67194534213806e-14,1.62914082839291e-13,NaN
-832.847066475,-0.1032540375,-1.04384e-07,1.18287500000001e-09,1.17415194147069e-09,-4.23305545805019e-13,2.15786109823313e-13,2.37537294632519e-13,NaN
-822.756198,-0.102003,-1.0319625e-07,1.1835e-09,1.17471037513163e-09,5.18039224289016e-13,3.40572686394562e-13,3.14985366860956e-13,NaN
-812.657868475,-0.1007510375,-1.02017e-07,1.17231249999999e-09,1.17518801991927e-09,6.74412074411045e-13,4.38940401042856e-13,3.8963178816075e-13,NaN
-802.559236475,-0.0994990375,-1.00851625e-07,1.1708125e-09,1.17605919928045e-09,1.23491773429244e-12,5.18324581999729e-13,4.58298392731374e-13,NaN
-792.46856965,-0.098248025,-9.9675375e-08,1.1696875e-09,1.17765785538786e-09,1.52310415935432e-12,5.77292316224697e-13,5.15038981865476e-13,NaN
-782.369836825,-0.0969960125,-9.851225e-08,1.1651875e-09,1.17910540759916e-09,1.12413302913311e-12,6.19875521279854e-13,5.5451177361301e-13,NaN
-772.279472475,-0.0957450375,-9.7345e-08,1.1701875e-09,1.17990612144612e-09,1.14785823973352e-12,6.23788070940753e-13,5.76637130600596e-13,NaN
-762.18073965,-0.094493025,-9.6171875e-08,1.17581250000001e-09,1.18140112407862e-09,1.54287096349599e-12,6.44525115205495e-13,5.81629984171957e-13,NaN
-752.089972,-0.093242,-9.4993375e-08,1.1819375e-09,1.18299186337311e-09,1.14856638294141e-12,6.93499368454997e-13,5.6754047682124e-13,NaN
-741.99154165,-0.091990025,-9.3808e-08,1.1828125e-09,1.18369825684451e-09,3.36060240435602e-13,7.0719972770057e-13,5.3653042159355e-13,NaN
-731.89290965,-0.090738025,-9.262775e-08,1.174125e-09,1.18366398385398e-09,-1.12440110565329e-13,6.97518238650889e-13,4.93171527075008e-13,NaN
-721.80234365,-0.089487025,-9.145975e-08,1.17062499999999e-09,1.18347337662338e-09,2.72060372060168e-13,6.8153795984402e-13,4.41471556202383e-13,NaN
-711.703610825,-0.0882350125,-9.02865e-08,1.17106250000001e-09,1.18420810459811e-09,1.68383643383649e-12,6.54052472596618e-13,3.81783873972687e-13,NaN
-701.612944,-0.086984,-8.9117625e-08,1.17681250000001e-09,1.18684104949105e-09,2.66638030887985e-12,6.09586533475399e-13,3.05936257509774e-13,NaN
-691.514614475,-0.0857320375,-8.7932875e-08,1.189e-09,1.18954086521586e-09,1.63479027728982e-12,5.30041134647718e-13,2.06852871393631e-13,NaN
-681.424048475,-0.0844810375,-8.6739625e-08,1.19973125e-09,1.19011063004563e-09,-8.72867672864228e-14,3.97015159528331e-13,9.01642521149053e-14,NaN
-671.32249255,-0.083228675,-8.55334125e-08,1.24035625000001e-09,1.18936629168129e-09,-1.26073183573133e-12,1.40153100433267e-13,-3.33360578719074e-14,NaN
-661.21619785,-0.081975725,-8.42589125e-08,1.2291e-09,1.18758916637417e-09,-1.45944454194442e-12,-1.9416375878872e-13,-1.52373685492536e-13,NaN
-651.128555775,-0.0807250875,-8.30752125e-08,1.19034999999999e-09,1.1864474025974e-09,-5.63995480870756e-13,-4.30121945425258e-13,-2.5894712850026e-13,NaN
-641.024882525,-0.0794724625,-8.18782125e-08,1.18846250000001e-09,1.18646117541243e-09,-4.23313882063817e-13,-5.77268548871603e-13,-3.54576781749216e-13,NaN
-630.9301827,-0.07822095,-8.06982875e-08,1.18600625e-09,1.18560077483328e-09,-9.52496489996334e-13,-7.11717916670606e-13,-4.39733277349721e-13,NaN
-620.8287276,-0.0769686,-7.95062e-08,1.1842875e-09,1.18455618243243e-09,-8.12689978940199e-13,-8.16140818208434e-13,-5.11931978013435e-13,NaN
-610.7365484,-0.0757174,-7.83297125e-08,1.1753e-09,1.1839753948754e-09,-7.22412908037875e-13,-8.81098016016412e-13,-5.71997937293249e-13,NaN
-600.63852135,-0.074465475,-7.71556e-08,1.17700625e-09,1.18311135661636e-09,-7.62815242190453e-13,-9.26285372279056e-13,-6.22153844705882e-13,NaN
-590.556223,-0.0732155,-7.59757e-08,1.17721875e-09,1.18244976439101e-09,-6.62901676026812e-13,-9.41970505236595e-13,-6.63865118216611e-13,NaN
-580.453558,-0.071963,-7.48011625e-08,1.17649375e-09,1.1817855532643e-09,-6.58599289223701e-13,-9.136303485819e-13,-6.94030998894936e-13,NaN
-570.358454875,-0.0707114375,-7.36227125e-08,1.17988125e-09,1.18113256581257e-09,-7.76348938223672e-13,-8.78073875194176e-13,-7.09073929571792e-13,NaN
-560.26617485,-0.069460225,-7.24414e-08,1.18078125e-09,1.18023285538786e-09,-1.10839329589368e-12,-8.62857275852854e-13,-7.09723672731549e-13,NaN
-550.15867025,-0.068207125,-7.126115e-08,1.1684e-09,1.17891577922078e-09,-1.52830313267853e-12,-8.70927530840003e-13,-6.96341294513094e-13,NaN
-540.075162,-0.066957,-7.01046e-08,1.167975e-09,1.1771762491225e-09,-2.20851921726914e-12,-8.66846119718204e-13,-6.67678489788068e-13,NaN
-529.9757234,-0.0657049,-6.89252e-08,1.1649e-09,1.17449874078624e-09,-2.54614974552457e-12,-7.6103423436152e-13,-6.2168797831813e-13,NaN
-519.8948366,-0.0644551,-6.77748e-08,1.141e-09,1.17208394963145e-09,-1.93891738329214e-12,-5.27312915426886e-13,-5.58113256679649e-13,NaN
-509.7897518,-0.0632023,-6.66432e-08,1.1429e-09,1.17062090601966e-09,-1.04459130396607e-12,-2.63840938628421e-13,-4.80415903092683e-13,NaN
-499.69333795,-0.061950575,-6.5489e-08,1.17245e-09,1.16999476702352e-09,6.30358897858842e-13,-5.71778270466563e-14,-3.9490933520553e-13,NaN
-489.601864525,-0.0606994625,-6.42983e-08,1.2038e-09,1.17188162381537e-09,1.9542102492103e-12,1.92414388531891e-14,-3.14823490940183e-13,NaN
-479.506458925,-0.0594478625,-6.30814e-08,1.20119375e-09,1.17390318752194e-09,1.16420410670392e-12,-2.51527166613988e-14,-2.5042774410435e-13,NaN
-469.4121624,-0.0581964,-6.18959125e-08,1.1788e-09,1.17421003202878e-09,2.74141804141586e-13,-4.15995151753845e-14,-1.98015590348564e-13,NaN
-459.3135304,-0.0569444,-6.07238e-08,1.1883125e-09,1.17445147113022e-09,4.14054931554911e-13,-3.73779847966133e-14,-1.52909135691599e-13,NaN
-449.2294172,-0.0556942,-5.95192875e-08,1.19125e-09,1.17503814189189e-09,7.27650052650079e-13,-8.24420237726752e-14,-1.16483205631446e-13,NaN
-439.1279621,-0.05444185,-5.83413e-08,1.17729375e-09,1.17590677123552e-09,7.23324631449677e-13,-1.09676864429119e-13,-9.05289893359786e-14,NaN
-429.0321532,-0.0531902,-5.71647e-08,1.17385625e-09,1.17648479115479e-09,4.44698578448551e-13,-7.5232090804632e-14,-7.47058806826056e-14,NaN
-418.94017565,-0.051939025,-5.59935875e-08,1.16716875e-09,1.17679616839242e-09,2.54581212706135e-13,-1.40441721744978e-14,-6.91746389337924e-14,NaN
-408.8445684,-0.0506874,-5.48303625e-08,1.16634375e-09,1.1769939535802e-09,1.28759652509734e-13,1.95456652503545e-14,-7.36468006869137e-14,NaN
-398.750776,-0.049436,-5.36609e-08,1.16758124999999e-09,1.17705368769744e-09,6.10883204635266e-14,2.40549247172598e-14,-8.43776329236221e-14,NaN
-388.652144,-0.048184,-5.24952e-08,1.1715e-09,1.17711613022113e-09,4.75291769039778e-14,3.16929309034663e-14,-9.89071047084276e-14,NaN
-378.56137635,-0.046932975,-5.13179e-08,1.16909375e-09,1.17714874605125e-09,3.29802781677474e-13,3.78067509447359e-14,-1.17248413647436e-13,NaN
-368.45830805,-0.045680425,-5.01570125e-08,1.17015e-09,1.17777573578449e-09,7.01594857845165e-13,1.31679517583024e-14,-1.41215660342853e-13,NaN
-358.372279175,-0.0444299875,-4.89776e-08,1.18955625e-09,1.17855193576694e-09,2.66910538785568e-13,-8.28274896569722e-14,-1.72947604458339e-13,NaN
-348.2672952,-0.0431772,-4.77779e-08,1.18986875e-09,1.17830955686206e-09,-1.0948745173749e-12,-2.35322006508496e-13,-2.08544276126745e-13,NaN
-338.16705,-0.041925,-4.65978625e-08,1.181925e-09,1.17636218673219e-09,-2.54457441207444e-12,-3.90410600678782e-13,-2.36192933880354e-13,NaN
-328.0801137,-0.04067445,-4.541405e-08,1.17668125e-09,1.17322040803791e-09,-3.32155471217955e-12,-5.06708744384023e-13,-2.44051090382691e-13,NaN
-317.9794652,-0.0394222,-4.42445e-08,1.168275e-09,1.16971907730783e-09,-2.15388118638116e-12,-4.96474280307586e-13,-2.27061449183162e-13,NaN
-307.891319,-0.0381715,-4.30775e-08,1.167e-09,1.16891264566515e-09,7.21672077922127e-14,-3.81991804714668e-13,-1.92243680647433e-13,NaN
-297.7951068,-0.0369198,-4.19105e-08,1.1760375e-09,1.16986341172341e-09,3.84514961390006e-13,-3.05853541823302e-13,-1.52561046032009e-13,NaN
-287.704238325,-0.0356687625,-4.0725425e-08,1.18008125e-09,1.16968167558793e-09,2.70664926290148e-13,-2.92997906718435e-13,-1.102857560527e-13,NaN
-277.603489,-0.0344165,-3.95503375e-08,1.1731625e-09,1.17040474157599e-09,1.14797867672871e-12,-2.76038256466438e-13,-6.57293620806304e-14,NaN
-267.5056636,-0.0331646,-3.83791e-08,1.16606875e-09,1.17197763294138e-09,1.18091303966305e-12,-2.17967624575855e-13,-2.48745580644189e-14,NaN
-257.4167108,-0.0319138,-3.72182e-08,1.16216875e-09,1.17276656765532e-09,-1.56502281501905e-14,-1.43232075296651e-13,1.14557772488925e-14,NaN
-247.315659,-0.0306615,-3.60547625e-08,1.1678375e-09,1.17194633248508e-09,-8.23700859951073e-13,-4.85708320771884e-14,4.91047316797856e-14,NaN
-237.233058175,-0.0294114875,-3.4882525e-08,1.17000625e-09,1.17111916593542e-09,-2.58905975780859e-13,7.73625449083979e-14,9.15176156193537e-14,NaN
-227.132006375,-0.0281591875,-3.371475e-08,1.1725125e-09,1.17142852053352e-09,4.3124407686895e-13,1.78118211580537e-13,1.34929920696946e-13,NaN
-217.04496925,-0.026908625,-3.25375e-08,1.1773625e-09,1.17198165408915e-09,2.99436425061129e-13,2.44222767396313e-13,1.75257728690578e-13,NaN
-206.948656225,-0.0256569125,-3.1360025e-08,1.18255625e-09,1.17202739338364e-09,-9.52472358720327e-14,2.96040925729247e-13,2.12965548148886e-13,NaN
-196.853048975,-0.0244052875,-3.01723875e-08,1.1552125e-09,1.17179115961741e-09,-7.84143559140946e-14,3.6606610122634e-13,2.4947974650127e-13,NaN
-186.7553244,-0.0231534,-2.90496e-08,1.14288125e-09,1.17187056467182e-09,5.26243638118486e-13,5.07078828715904e-13,2.83422382693316e-13,NaN
-176.65528085,-0.021901225,-2.7886625e-08,1.154775e-09,1.17284364689365e-09,1.1093510881011e-12,7.00390187649056e-13,3.10147115931101e-13,NaN
-166.570966,-0.020651,-2.674005e-08,1.160575e-09,1.17408926684802e-09,1.50830203580223e-12,8.16770018416116e-13,3.23952073047227e-13,NaN
-156.4739472,-0.0193992,-2.5565475e-08,1.18058125e-09,1.17586025096525e-09,1.44118133555623e-12,7.43841804163353e-13,3.19095267349894e-13,NaN
-146.3813647,-0.01814795,-2.43788875e-08,1.221425e-09,1.17697162951913e-09,2.73293480168262e-13,5.02903193758225e-13,2.94888014406851e-13,NaN
-136.28212775,-0.016895875,-2.3122625e-08,1.2046625e-09,1.17640683792559e-09,-5.86018339768427e-13,2.55969807486343e-13,2.6100255991037e-13,NaN
-126.1917634,-0.0156449,-2.19695625e-08,1.17280625e-09,1.17579959283959e-09,-2.10706826956678e-13,1.36920070065159e-13,2.26533039508196e-13,NaN
-116.09413965,-0.014393025,-2.07770125e-08,1.18168125e-09,1.17598542427167e-09,5.92797472797853e-13,5.91415911422433e-14,1.91188041820073e-13,NaN
-105.9904664,-0.0131404,-1.96062e-08,1.1735375e-09,1.17698518778519e-09,9.14892286767188e-13,-1.58508084650581e-14,1.50906029076457e-13,NaN
-95.90474,-0.01189,-1.84299375e-08,1.15885625e-09,1.17781520884521e-09,6.13459108458809e-13,-1.89198251872804e-14,1.04463969329134e-13,NaN
-85.802377475,-0.0106375375,-1.72884875e-08,1.16248125e-09,1.17821210600211e-09,5.54462091962184e-13,6.79397520650077e-15,5.40063756874922e-14,NaN
-75.713424675,-0.0093867375,-1.6104975e-08,1.19923125e-09,1.17892413302913e-09,2.44879782380378e-14,-4.57212160769747e-14,2.86064029931856e-16,NaN
-65.6177166,-0.0081351,-1.4890025e-08,1.1989875e-09,1.17826108195858e-09,-9.53803088803098e-13,-1.62129300200892e-13,-5.27531436825371e-14,NaN
-55.5206978,-0.0068833,-1.3707e-08,1.1728e-09,1.17701652685153e-09,-6.8788895226412e-13,-2.29216753697047e-13,-9.80228264120404e-14,NaN
-45.4212592,-0.0056312,-1.2544425e-08,1.16436875e-09,1.17688530405405e-09,-2.70678308177181e-14,-2.31233544040319e-13,-1.35234356900367e-13,NaN
-35.3226272,-0.0043792,-1.13782625e-08,1.17745e-09,1.17696239118989e-09,3.54640224640328e-13,-2.35955539965822e-13,-1.66613483197179e-13,NaN
-25.2296414,-0.0031279,-1.0189525e-08,1.18155e-09,1.17759458450333e-09,3.69788961038677e-13,-2.75153521473555e-13,-1.93211276204302e-13,NaN
-15.132723425,-0.0018761125,-9.0151625e-09,1.1744625e-09,1.17770196911197e-09,-8.22028562653382e-13,-3.23159166862658e-13,-2.14355309716043e-13,NaN
-5.0440731,-0.00062535,-7.8406e-09,1.17413125e-09,1.17595052737803e-09,-2.82634126009108e-12,-3.58524852956239e-13,-2.22954548024401e-13,NaN
5.05556715,0.000626775,-6.6669e-09,1.17175e-09,1.17204928659179e-09,-3.32830576518087e-12,-3.53600558828531e-13,-2.07301172208547e-13,NaN
15.144217475,0.0018775375,-5.4971e-09,1.1512125e-09,1.16929391584767e-09,-1.49091896279391e-12,-2.43886566564197e-13,-1.66317515022247e-13,NaN
25.247689075,0.0031301375,-4.364475e-09,1.15738125e-09,1.1690674486662e-09,7.7609950859947e-13,-8.17593153232318e-14,-1.14606948712517e-13,NaN
35.343699625,0.0043818125,-3.1823375e-09,1.1874375e-09,1.17084611486487e-09,1.67751053001051e-12,-4.96940705151319e-15,-6.73895055355013e-14,NaN
45.435778,0.005633,-1.9896e-09,1.189725e-09,1.17242246972622e-09,9.8936710249209e-13,-1.51972900253753e-14,-2.93449275141584e-14,NaN
55.5368298,0.0068853,-8.028875e-10,1.18310625e-09,1.17282484906985e-09,5.82328448578456e-13,-4.10089189386492e-14,2.93292130504272e-15,NaN
65.628504875,0.0081364375,3.766125e-10,1.16994375e-09,1.17358712662338e-09,6.11000570375639e-13,-2.98363946122296e-14,2.9040516200091e-14,NaN
75.727641,0.0093885,1.537e-09,1.16589375e-09,1.1740468502106e-09,5.94032994032399e-14,2.27765189758957e-14,4.76865904998542e-14,NaN
85.8149806,0.0106391,2.7084e-09,1.16521875e-09,1.17370593322218e-09,-3.23965207090288e-13,8.96687540910387e-14,6.42988355454294e-14,NaN
95.916839,0.0118915,3.8674375e-09,1.14605e-09,1.17339891979642e-09,4.55107932607693e-13,1.94030142001123e-13,8.34239671354915e-14,NaN
106.00518685,0.013142225,5.0005e-09,1.17788125e-09,1.1746161490874e-09,1.21739755177257e-12,2.71492592109245e-13,1.00816775648689e-13,4.82167187885034e-07
116.1084568,0.0143948,6.2232e-09,1.19588125e-09,1.17583371489997e-09,6.99317084942293e-13,2.50339065784656e-13,1.11091651724076e-13,5.31307899549929e-07
126.205778075,0.0156466375,7.3922625e-09,1.1748e-09,1.17601478325728e-09,-7.94484906984344e-14,2.19328120924726e-13,1.15689887239051e-13,5.53299460708505e-07
136.296747375,0.0168976875,8.5728e-09,1.17505625e-09,1.17567481791857e-09,-1.43762943137944e-13,2.24565807237354e-13,1.17364445592764e-13,5.6130821805235e-07
146.3946736,0.0181496,9.742375e-09,1.16815e-09,1.17572725737101e-09,2.42459634959602e-13,2.63156958588118e-13,1.15649756643296e-13,5.53107531772285e-07
156.4852396,0.0194006,1.09091e-08,1.1467625e-09,1.17615973718849e-09,4.74881318006348e-13,3.38436160378938e-13,1.07833299432649e-13,5.15724475547452e-07
166.5842749,0.02065265,1.20359e-08,1.1653625e-09,1.17667702000702e-09,9.83451210951259e-13,3.65603640245699e-13,9.16082796990771e-14,4.38126555082543e-07
176.67463925,0.021903625,1.3239825e-08,1.22571875e-09,1.17812663961039e-09,1.07766167953645e-12,2.04957380623229e-13,6.47782184824868e-14,3.09808871003198e-07
186.772767125,0.0231555625,1.44873375e-08,1.21165e-09,1.17883234336609e-09,-5.88379694629956e-13,-6.69834126615812e-14,2.90071986000935e-14,1.38730080261317e-07
196.8660554,0.0244069,1.5663125e-08,1.175475e-09,1.17694988022113e-09,-1.84214834152327e-12,-2.31810857688876e-13,-4.4587323114934e-15,-2.13243719245337e-08
206.96206595,0.025658575,1.68382875e-08,1.1759125e-09,1.17514804668305e-09,-1.22073578448547e-12,-2.70033497340875e-13,-2.80774840211523e-14,-1.34283619231598e-07
217.0608996,0.0269106,1.801495e-08,1.17375e-09,1.17450840865216e-09,-2.95963276588017e-13,-2.67868360792626e-13,-4.62673661377441e-14,-2.21278707615298e-07
227.1494491,0.02816135,1.91857875e-08,1.17201875e-09,1.17455612012987e-09,3.61607142856977e-13,-2.58533268817982e-13,-6.49739854625676e-14,-3.10745147864454e-07
237.2505009,0.02941365,2.03589875e-08,1.17201875e-09,1.17523162293787e-09,5.02550675675488e-13,-2.12235345735346e-13,-8.72777904895118e-14,-4.17415519732448e-07
247.3406636,0.0306646,2.1529825e-08,1.17035625e-09,1.17556122148122e-09,1.9703755703746e-13,-1.3268480980066e-13,-1.12115305221889e-13,-5.36203633669904e-07
257.438489,0.0319165,2.26997e-08,1.1702375e-09,1.17562569805195e-09,-1.86790759915574e-13,-1.00083726735425e-13,-1.36258466944292e-13,-6.51670928864005e-07
267.53127315,0.033167775,2.38703e-08,1.16685625e-09,1.17518763996139e-09,-1.08543875043853e-12,-1.40501385136219e-13,-1.571373097167e-13,-7.51526263862478e-07
277.6321233,0.03442005,2.50334125e-08,1.16736875e-09,1.17345482055107e-09,-1.16090931028434e-12,-1.7262773982634e-13,-1.70189171068545e-13,-8.13948209458259e-07
287.7255124,0.0356714,2.62050375e-08,1.17269375e-09,1.17286582134082e-09,-7.6638294138394e-14,-1.70174366539245e-13,-1.75723958782319e-13,-8.40418933306743e-07
297.818599025,0.0369227125,2.73788e-08,1.17363125e-09,1.17330154396279e-09,2.88097578097492e-13,-1.78555128091738e-13,-1.78545569259304e-13,-8.53913592109715e-07
307.9163236,0.0381746,2.85523e-08,1.17591875e-09,1.17344201649702e-09,1.25263030888051e-13,-2.00543543647945e-13,-1.78956596473166e-13,-8.55879374436881e-07
318.003159075,0.0394251375,2.97306375e-08,1.17995e-09,1.17355207002457e-09,-1.68917163917134e-13,-2.22110602933361e-13,-1.77422323255575e-13,-8.48541546004924e-07
328.099169625,0.0406768125,3.09122e-08,1.17798125e-09,1.17310418216918e-09,-1.00218717093729e-12,-2.25374235798065e-13,-1.74549890254876e-13,-8.34803822958103e-07
338.1960876,0.0419286,3.20866e-08,1.16985625e-09,1.1715476956827e-09,-1.39980563355549e-12,-1.93145593704325e-13,-1.6768790250941e-13,-8.01985620697178e-07
348.2931064,0.0431804,3.32519125e-08,1.14290625e-09,1.17030457090207e-09,3.73972885222907e-13,-9.25199386124889e-14,-1.55512475648231e-13,-7.43755318317626e-07
358.392545,0.0444325,3.43724125e-08,1.15e-09,1.17229564145314e-09,1.94659244471719e-12,3.34455683649391e-14,-1.4714353038457e-13,-7.03729927926204e-07
368.482606875,0.0456834375,3.55519125e-08,1.18465e-09,1.17419775579151e-09,9.96407730782739e-13,3.15748312666347e-14,-1.51154492273629e-13,-7.22912789134747e-07
378.57771,0.046935,3.67417125e-08,1.1869e-09,1.17428845691471e-09,3.39333538083436e-13,-7.34637062218397e-14,-1.61652821405881e-13,-7.73122189332474e-07
388.668578475,0.0481860375,3.79257125e-08,1.19400625e-09,1.17487642286767e-09,7.31970428220489e-13,-1.54157097713126e-13,-1.72701808593613e-13,-8.25965171534671e-07
398.7685212,0.0494382,3.9129725e-08,1.18914375e-09,1.17575239777115e-09,3.51207441207782e-13,-1.88770131283862e-13,-1.84426761593329e-13,-8.82041033707226e-07
408.861607825,0.0506895125,4.0304e-08,1.1731875e-09,1.17557883775009e-09,-8.01259871884991e-13,-1.72598726564217e-13,-1.94089050531799e-13,-9.28251980804256e-07
418.956005175,0.0519409875,4.14761e-08,1.16749375e-09,1.17414987802738e-09,-1.76418348543399e-12,-1.36579778289536e-13,-1.95386012944411e-13,-9.34454844516748e-07
429.0498984,0.0531924,4.26389875e-08,1.16555e-09,1.17205047077922e-09,-1.60057893120404e-12,-1.14813137189163e-13,-1.83830310908447e-13,-8.79188443475181e-07
439.145001525,0.0544439625,4.38072e-08,1.172525e-09,1.17094872016497e-09,-6.06817304316778e-13,-1.16111805084907e-13,-1.61459947036825e-13,-7.72199746697859e-07
449.243230225,0.0556959125,4.49840375e-08,1.1782e-09,1.17083683617059e-09,-5.13469638468286e-14,-1.64981746888335e-13,-1.34847056118391e-13,-6.44920703174913e-07
459.3328888,0.0569468,4.61636e-08,1.18090625e-09,1.17084602623728e-09,2.24449587574361e-13,-2.16113421562266e-13,-1.0635313739766e-13,-5.08645439727939e-07
469.43494885,0.058199225,4.734585e-08,1.1798e-09,1.17128573534574e-09,3.83607625482932e-13,-2.50979151838881e-13,-7.69541159640311e-14,-3.68041424175801e-07
479.526018975,0.0594502875,4.85232e-08,1.168175e-09,1.17161324148824e-09,1.57524789400089e-13,-2.99878029472439e-13,-5.03136751646942e-14,-2.40630620352885e-07
489.62696995,0.060702575,4.96822e-08,1.16710000000001e-09,1.17160078492454e-09,1.66664838539765e-13,-3.04612921842604e-13,-2.8034983321169e-14,-1.34080355014287e-07
499.717636775,0.0619535875,5.08574e-08,1.1706e-09,1.17194657116532e-09,2.6905800280766e-13,-2.38370578060869e-13,-1.06527305990558e-14,-5.09478419954843e-08
509.812437425,0.0632051125,5.20234e-08,1.1685e-09,1.17213890093015e-09,-1.35623464373741e-13,-1.50568167526852e-13,2.24745570638453e-15,1.07487012044478e-08
519.9093554,0.0644569,5.31944e-08,1.17308125e-09,1.17167532423657e-09,-1.10590382590404e-12,-9.92277796080128e-14,1.36914510892089e-14,6.54808530353469e-08
529.9999214,0.0657079,5.43695625e-08,1.16199375e-09,1.16992709327834e-09,-1.57969024219029e-12,-1.70779167648779e-14,2.92613757755056e-14,1.39945710230679e-07
540.1005699,0.06696015,5.55183875e-08,1.15900625e-09,1.16851594375219e-09,-3.40059670059346e-13,1.26382312378955e-13,5.11052719041076e-14,2.44416517802254e-07
550.190631775,0.0682110875,5.6687575e-08,1.1684e-09,1.16924697393822e-09,6.36920630045523e-13,2.07235906747601e-13,7.03068660537467e-14,3.36250228952702e-07
560.291078625,0.0694633125,5.78551875e-08,1.1555125e-09,1.16978978501228e-09,5.31707397332207e-13,2.60341138029611e-13,7.8586917854048e-14,3.75850476693273e-07
570.3815438,0.0707143,5.89986e-08,1.14106875e-09,1.17031038873289e-09,3.81900228150412e-13,3.65488647420946e-13,7.57955998701677e-14,3.62500695031237e-07
580.481688175,0.0719664875,6.0137325e-08,1.1584e-09,1.17055358546859e-09,-6.56677781636399e-15,4.29868806580963e-13,6.42775799652416e-14,3.07414512877242e-07
590.5735649,0.07321765,6.13154e-08,1.18901875000001e-09,1.17029725517726e-09,-1.52075070199804e-13,3.84816374178715e-13,4.74366942783544e-14,2.26871146548651e-07
600.664433375,0.0744686875,6.25153625e-08,1.21146875e-09,1.17024943532819e-09,3.88574938570049e-14,2.52078149723021e-13,2.61798661340263e-14,1.25208055423604e-07
610.764073625,0.0757208125,6.37383375e-08,1.19708125e-09,1.17037497016497e-09,3.28304887679559e-13,8.68975138419495e-14,-1.09759269351692e-15,-5.24935636029831e-09
620.85675695,0.076972075,6.4909525e-08,1.17324375e-09,1.17090604510355e-09,5.52414443664653e-13,-4.56758291074368e-14,-3.64087739867736e-14,-1.74128919067178e-07
630.957909575,0.0782243875,6.6084825e-08,1.1688875e-09,1.1714797990523e-09,3.95532643032785e-13,-1.6263049317397e-13,-8.23668797206054e-14,-3.93928555185504e-07
641.0501896,0.0794756,6.72473e-08,1.1612875e-09,1.17169711038961e-09,1.17642637767623e-12,-2.56815363836071e-13,-1.38220525176319e-13,-6.61054685625874e-07
651.15184635,0.080727975,6.84074e-08,1.16195e-09,1.17383265180765e-09,2.41120371182841e-12,-2.95344608701123e-13,-2.05647621348938e-13,-9.83532102103616e-07
661.2401942,0.0819787,6.95712e-08,1.17130625e-09,1.17651951781327e-09,1.86337421024928e-12,-3.2207537694032e-13,-2.89677818413401e-13,-1.38541565328148e-06
671.334289075,0.0832301375,7.07500125e-08,1.16809375e-09,1.17755940022815e-09,1.48805940681162e-13,-3.4766535723241e-13,-3.85776352265496e-13,-1.84501733692194e-06
681.4326186,0.0844821,7.19073875e-08,1.17119375e-09,1.17681712969463e-09,-1.62208954896441e-12,-3.73316634472077e-13,-4.82520194389973e-13,-2.30770527751726e-06
691.5239912,0.0857332,7.30924e-08,1.18015625e-09,1.17431522113022e-09,-2.09893624956109e-12,-4.40129298830271e-13,-5.69849218771664e-13,-2.72536582890796e-06
701.620304225,0.0869849125,7.42677e-08,1.1811e-09,1.17261925719551e-09,-1.77621950684441e-12,-5.73261223279341e-13,-6.44932369139993e-13,-3.08445915675649e-06
711.715609,0.0882365,7.54546e-08,1.174275e-09,1.17076278211653e-09,-1.80863789926271e-12,-7.32275967203704e-13,-7.05477717360151e-13,-3.3740238656355e-06
721.814543475,0.0894885375,7.661625e-08,1.15506875e-09,1.16900198139698e-09,-1.27523473148465e-12,-8.17394813039622e-13,-7.46681201061323e-13,-3.57108400507589e-06
731.90299215,0.090739275,7.77647375e-08,1.161275e-09,1.16821231265356e-09,-1.38713408213422e-12,-8.29261130786003e-13,-7.70576418168218e-13,-3.68536547819582e-06
742.0018258,0.0919913,7.89388e-08,1.17275625e-09,1.16622771323271e-09,-2.4762616268868e-12,-8.29103671970044e-13,-7.76336076800405e-13,-3.71291167165411e-06
752.096928925,0.0932428625,8.011025e-08,1.18174999999999e-09,1.16325978939979e-09,-2.26128027378041e-12,-8.44759896047717e-13,-7.57206145666433e-13,-3.62142069666555e-06
762.1910238,0.0944943,8.13023e-08,1.18347499999999e-09,1.16170515268515e-09,-1.22671310108815e-12,-8.8886954460258e-13,-7.14464692088242e-13,-3.41700504911768e-06
772.2860261,0.09574585,8.24772e-08,1.17485000000001e-09,1.16080636319761e-09,-5.57509433134386e-13,-9.26715526735808e-13,-6.54700266184109e-13,-3.13117518609791e-06
782.37881025,0.096997125,8.3652e-08,1.16728125000001e-09,1.16059013381888e-09,9.73806598923726e-16,-9.25885299793601e-13,-5.82365817769025e-13,-2.78522782411273e-06
792.4772406,0.0982491,8.48117625e-08,1.1621375e-09,1.16080831081081e-09,1.18769963145274e-13,-8.78602887717084e-13,-5.01630537699527e-13,-2.39910257160643e-06
802.570932175,0.0995004875,8.5976275e-08,1.16585625e-09,1.16082767374517e-09,4.66018339768328e-13,-7.94474788836102e-13,-4.15026339083179e-13,-1.9849085782239e-06
812.6660353,0.10075205,8.7143475e-08,1.1797375e-09,1.16174034749035e-09,5.37364864864773e-13,-7.1002162483713e-13,-3.26175381873038e-13,-1.55996921765366e-06
822.760331825,0.1020035125,8.833575e-08,1.13269375e-09,1.1619024034749e-09,-3.24687609687458e-13,-5.38244325042572e-13,-2.3651724405709e-13,-1.13116942809913e-06
832.849889575,0.1032543875,8.94088625e-08,1.09345625e-09,1.16109097227097e-09,-7.35987846613288e-13,-1.98637024210669e-13,-1.4210103579352e-13,-6.7961364944727e-07
842.94519435,0.104505975,9.05226625e-08,1.11213125e-09,1.16043042778168e-09,-7.40898780274331e-13,1.71862570149215e-13,-4.12860385415711e-14,-1.97454966937949e-07
853.0355587,0.10575695,9.1633125e-08,1.14741875e-09,1.15960917471042e-09,-5.70627193751973e-13,4.40884936750294e-13,6.58564367371821e-14,3.14965567003914e-07
863.13439235,0.107008975,9.28175e-08,1.1879375e-09,1.15928917339417e-09,1.39626404001825e-13,5.65454653748414e-13,1.77684495543076e-13,8.49795413466885e-07
873.225059175,0.1082599875,9.4009e-08,1.1805e-09,1.15988842751843e-09,8.71623376623533e-13,6.21925309444547e-13,2.88221059479179e-13,1.3784485453352e-06
883.323691175,0.1095119875,9.51785e-08,1.1771875e-09,1.16103242014742e-09,1.05730080730074e-12,6.79657227136018e-13,3.8982110053573e-13,1.86436178517088e-06
893.414358,0.110763,9.6363375e-08,1.1726875e-09,1.16200302913303e-09,6.86908783783537e-13,7.22577173599564e-13,4.77796638971442e-13,2.2851143602982e-06
903.51299,0.112015,9.7523875e-08,1.15831250000001e-09,1.16240623771499e-09,2.52821165321421e-13,7.87487120649519e-13,5.52950694085003e-13,2.64454679779784e-06
913.611521175,0.1132669875,9.868e-08,1.17125e-09,1.16250867146367e-09,2.16969770095045e-13,8.30454331946775e-13,6.17569699950534e-13,2.95359421715473e-06
923.70198635,0.114517975,9.9866375e-08,1.17612499999999e-09,1.16284017725518e-09,8.31982274482108e-13,7.81539140358369e-13,6.71963817092714e-13,3.21373999479124e-06
933.800719175,0.1157699875,1.0103225e-07,1.1548125e-09,1.16417263601264e-09,1.61590645840617e-12,7.23583745123224e-13,7.12849554138129e-13,3.40928047631279e-06
943.890881875,0.1170209375,1.02176e-07,1.17037500000001e-09,1.16607199017199e-09,1.88701869076897e-12,6.94245715168406e-13,7.35119070417395e-13,3.51578685851798e-06
953.990018,0.118273,1.03373e-07,1.19e-09,1.16794667339417e-09,1.73462903650447e-12,6.37779908657942e-13,7.36450617370073e-13,3.52215512655252e-06
964.080281525,0.1195239625,1.04556e-07,1.18162499999999e-09,1.169541248245e-09,1.48427430677374e-12,5.80585665615065e-13,7.17286676739024e-13,3.43050149744751e-06
974.179115175,0.1207759875,1.0573625e-07,1.1705e-09,1.17091522200772e-09,1.39716501403932e-12,5.52061013138093e-13,6.7935173074356e-13,3.2490734948605e-06
984.277545525,0.1220279625,1.06897e-07,1.1443125e-09,1.17233557827308e-09,1.8174929799928e-12,5.77339546577554e-13,6.24520728776879e-13,2.98683826806333e-06
994.36821235,0.123278975,1.08024875e-07,1.1485e-09,1.17455020796771e-09,1.19963517901045e-12,6.27373629155143e-13,5.52732464825473e-13,2.64350309264357e-06
1004.46684435,0.124530975,1.09194e-07,1.1688125e-09,1.1747348486311e-09,-9.32288302912913e-13,6.1353877478949e-13,4.70033790594214e-13,2.24798769414624e-06
1014.55741035,0.125781975,1.103625e-07,1.17718750000001e-09,1.17268563136188e-09,-1.97720537908021e-12,5.36578432269676e-13,3.90613125127322e-13,1.8681497288698e-06
1024.65604235,0.127033975,1.11548375e-07,1.183e-09,1.17078043787294e-09,-1.45950574763063e-12,4.12431188423214e-13,3.22237070043363e-13,1.54113381325087e-06
1034.7464067,0.12828495,1.127285e-07,1.17993749999999e-09,1.16976661986662e-09,-2.23590294840353e-13,2.6847469403274e-13,2.63539229676393e-13,1.26040501149579e-06
1044.845442,0.129537,1.1390825e-07,1.17324999999999e-09,1.17033325728326e-09,4.71516321516389e-13,1.62601065740031e-13,2.08906734791289e-13,9.99119166393121e-07
1054.935705525,0.1307879625,1.15075e-07,1.166875e-09,1.17070965250965e-09,3.83566602316584e-13,1.06033458840482e-13,1.56128595444904e-13,7.46701978214758e-07
1065.034337525,0.1320399625,1.16242e-07,1.16800000000001e-09,1.17110039048789e-09,2.93324412073864e-13,6.57429059490051e-14,1.07041642282494e-13,5.11938289177145e-07
1075.13307035,0.133291975,1.17411e-07,1.1615e-09,1.1712963013338e-09,-1.16911635661652e-13,2.10038507319138e-14,6.28164767817347e-14,3.00426628086557e-07
1085.223838,0.134543,1.18565e-07,1.173e-09,1.17086656721657e-09,-1.82175763425216e-13,-4.6808775433832e-14,2.67970710790996e-14,1.28159905160911e-07
1095.3220667,0.13579495,1.19757e-07,1.182875e-09,1.17093194980695e-09,2.5681379431357e-13,-1.48208258586099e-13,-9.13170179986781e-16,-4.36733564341504e-09
1105.412733525,0.1370459625,1.2093075e-07,1.1755e-09,1.17138019480519e-09,-7.01123201124278e-14,-2.28528182747124e-13,-2.5225259448437e-14,-1.20642545188177e-07
1115.511365525,0.1382979625,1.22108e-07,1.17081249999999e-09,1.17079172516673e-09,-4.00381712880899e-13,-2.52408164004507e-13,-4.62806931527333e-14,-2.21342445513072e-07
1125.602234,0.139549,1.23272375e-07,1.16756249999999e-09,1.17057943137943e-09,5.04628817128825e-13,-2.39898246180908e-13,-6.24698022428399e-14,-2.98768619422278e-07
1135.700563525,0.1408009625,1.24443125e-07,1.16881250000001e-09,1.17180098280098e-09,1.05162995787917e-12,-2.0923636151411e-13,-7.76400014987957e-14,-3.71321746298588e-07
1145.799397175,0.1420529875,1.2561e-07,1.16956250000002e-09,1.17268269129519e-09,5.65250965250462e-13,-1.66386471006177e-13,-9.28242857902317e-14,-4.43942236388065e-07
1155.88986235,0.143303975,1.2678225e-07,1.1733125e-09,1.17293148473148e-09,-4.24328711828675e-13,-1.08678905303923e-13,-1.04188701611334e-13,-4.98293790315076e-07
1165.988696,0.144556,1.27956625e-07,1.17275e-09,1.17183403387153e-09,-1.19360521235495e-12,-1.48658795503113e-14,-1.06281976069686e-13,-5.08305102941976e-07
1176.07906035,0.145806975,1.2912775e-07,1.1718125e-09,1.17054427430677e-09,-1.01316909441894e-12,7.79935300711478e-14,-9.61823461480583e-14,-4.60002525055931e-07
1186.1774907,0.14705895,1.3030025e-07,1.17012499999999e-09,1.1698076956827e-09,-4.65516409266345e-13,8.75565515127206e-14,-7.74381357693779e-14,-3.7035630150572e-07
1196.26825835,0.148309975,1.31468e-07,1.166375e-09,1.16961324148824e-09,2.33279220779153e-13,3.90228171480588e-14,-5.46985185299698e-14,-2.61601610360725e-07
1206.367092,0.149562,1.32633e-07,1.1685e-09,1.17027425412425e-09,6.3822393822431e-13,1.4705944805561e-15,-3.27409471953989e-14,-1.56587138760603e-07
1216.46552235,0.150813975,1.33805e-07,1.171e-09,1.17088968936469e-09,3.6799534924551e-13,8.05952369663419e-15,-1.44385574055466e-14,-6.90539702004403e-08
1226.556390825,0.1520650125,1.34975e-07,1.17199999999999e-09,1.17101024482275e-09,-3.45581783082999e-14,3.76572143385462e-14,2.00320635237899e-15,9.58055212007343e-09
1236.654821175,0.1533169875,1.36149e-07,1.171e-09,1.17082057300807e-09,-1.47055984555608e-13,5.89701629373998e-14,1.88278570616809e-14,9.00462729036913e-08
1246.745185525,0.1545679625,1.37317e-07,1.17275000000001e-09,1.17071613285363e-09,-3.93703931203547e-13,6.69340365742621e-14,3.5294279157653e-14,1.68798726406167e-07
1256.844019175,0.1558199875,1.384945e-07,1.17206249999999e-09,1.17003316514567e-09,-4.06715075465289e-13,4.3241067817194e-14,5.02984234617318e-14,2.40557677425674e-07
1266.93448435,0.157070975,1.39661125e-07,1.17225e-09,1.1699027027027e-09,2.5844594594592e-13,1.52994045930026e-14,6.23617544886355e-14,2.98251869293474e-07
1277.033015525,0.1583229625,1.40839e-07,1.1690625e-09,1.17055005703756e-09,5.23130923131495e-13,1.793551286397e-14,6.7623579786434e-14,3.23417120717728e-07
1287.12368235,0.159573975,1.4199925e-07,1.16999999999999e-09,1.17094896454897e-09,3.56133731133515e-13,1.14760721310994e-14,6.53389688250507e-14,3.12490720467634e-07
1297.22231435,0.160825975,1.43179e-07,1.17487499999999e-09,1.17126232449983e-09,2.75625219374166e-13,-8.17133714375694e-15,5.80481841169744e-14,2.7762175012466e-07
1307.3207447,0.16207795,1.44349e-07,1.1633125e-09,1.17150021498771e-09,2.16986223235657e-13,3.69299567650225e-14,4.71652604339137e-14,2.25572984683935e-07
1317.411613175,0.1633289875,1.45505625e-07,1.16550000000001e-09,1.1716962969463e-09,1.47615391365689e-13,1.165438091004e-13,3.36795531470669e-14,1.61076123746842e-07
1327.51014435,0.164580975,1.4668e-07,1.17018750000001e-09,1.17179544577045e-09,1.42916374166635e-13,1.47112026338891e-13,1.90100086172436e-14,9.0917432517252e-08
1337.60071035,0.165831975,1.47846e-07,1.17193749999999e-09,1.17198212969463e-09,2.33917602667317e-13,1.10591931168362e-13,3.99222045194859e-15,1.90932282484498e-08
1347.69934235,0.167083975,1.49023875e-07,1.17437499999999e-09,1.17226328097578e-09,1.41926991927383e-13,3.33196384880499e-14,-9.58837746012921e-15,-4.58574574180093e-08
1357.78990835,0.168334975,1.5019475e-07,1.179875e-09,1.17226598367848e-09,4.03496841000754e-14,-3.10362436815116e-14,-1.99417180463946e-14,-9.53734341349307e-08
1367.888237875,0.1695869375,1.51383625e-07,1.17812500000002e-09,1.17234398034398e-09,-5.25008775011996e-14,-6.77166883542351e-14,-2.94095345729927e-14,-1.40654295783878e-07
1377.987374,0.170839,1.52551e-07,1.16668750000002e-09,1.17216098192348e-09,-3.4204984205033e-13,-6.45519882156325e-14,-4.03695017777602e-14,-1.93071530241462e-07
1388.077839175,0.1720899875,1.53717e-07,1.16618749999999e-09,1.17165988065988e-09,-5.15503246753415e-13,-4.13119080103939e-14,-5.19211323173511e-14,-2.4831845890907e-07
1398.1761687,0.17334195,1.54883375e-07,1.17206249999999e-09,1.17112997542998e-09,-4.81206124956094e-13,-4.99254165835196e-14,-6.18487174872273e-14,-2.95798214069348e-07
1408.267138,0.174593,1.56061125e-07,1.173125e-09,1.17069746840997e-09,-3.85431291681866e-13,-8.7339481096124e-14,-6.93300060858811e-14,-3.31578289975953e-07
1418.365669175,0.1758449875,1.57229625e-07,1.171625e-09,1.17035911284661e-09,-1.38919357668931e-13,-1.10573816273215e-13,-7.48685676645574e-14,-3.58067062743535e-07
1428.456033525,0.1770959625,1.58404375e-07,1.1776875e-09,1.17041962969463e-09,2.35448841699597e-13,-1.27660054435239e-13,-7.9012065590673e-14,-3.77883791955393e-07
1438.554665525,0.1783479625,1.59585e-07,1.17675e-09,1.17083001053001e-09,3.11115742365623e-13,-1.53253432140333e-13,-8.38615014710363e-14,-4.01076746165826e-07
1448.64533235,0.179598975,1.60757875e-07,1.17099999999999e-09,1.17104186117936e-09,1.12682081432155e-13,-1.48349841273669e-13,-8.99182003742907e-14,-4.30043567007477e-07
1458.74396435,0.180850975,1.61927e-07,1.17156249999998e-09,1.17105537469288e-09,4.72907160405628e-14,-1.27262348799656e-13,-9.54489695013497e-14,-4.56495071528194e-07
1468.842697175,0.1821029875,1.63101e-07,1.16912500000001e-09,1.17113644261144e-09,-4.43949631454505e-14,-1.211125334352e-13,-1.01221038168604e-13,-4.84100617328106e-07
1478.933061525,0.1833539625,1.6426525e-07,1.16600000000001e-09,1.17096658476658e-09,-7.4064145314168e-13,-1.13024387779099e-13,-1.07637445481225e-13,-5.14787782736294e-07
1489.031895175,0.1846059875,1.65433e-07,1.165875e-09,1.16965515970516e-09,-1.00503246753236e-12,-1.0303588615145e-13,-1.08921828141334e-13,-5.20930482415076e-07
1499.122562,0.185857,1.66597e-07,1.167e-09,1.16895651983152e-09,-2.58356002105603e-13,-1.03640017015304e-13,-1.0182340652122e-13,-4.86981509449313e-07
1509.22099235,0.187108975,1.67767e-07,1.16781250000001e-09,1.16913844770095e-09,4.06987100737675e-13,-9.41921438630445e-14,-9.02213556376881e-14,-4.31493440006334e-07
1519.311659175,0.1883599875,1.68932625e-07,1.16431250000001e-09,1.169770494033e-09,5.31914706914449e-13,-6.28579698455183e-14,-7.90842533926755e-14,-3.7822903796497e-07
1529.410392,0.189612,1.70095625e-07,1.16918749999999e-09,1.17020227711478e-09,2.27149877149234e-13,-3.870034265966e-14,-7.10193393858906e-14,-3.39657710106433e-07
1539.50882235,0.190863975,1.71271e-07,1.16487499999999e-09,1.17022479378729e-09,-5.15729203230805e-14,-2.12746290071974e-14,-6.4990067548584e-14,-3.1082206218888e-07
1549.59959,0.192115,1.72425375e-07,1.165e-09,1.17009913127413e-09,-3.76092488591906e-13,-6.04721506050294e-15,-5.92405702185539e-14,-2.83324466262649e-07
1559.698222,0.193367,1.73601e-07,1.17331250000002e-09,1.16947260881011e-09,-4.22893997893495e-13,-1.06784095113799e-14,-5.10907458196454e-14,-2.44347045224391e-07
1569.788687175,0.1946179875,1.74772e-07,1.17768749999999e-09,1.16925334327834e-09,1.71152158652056e-13,-3.00674613065503e-14,-3.76992659191151e-14,-1.80300837004464e-07
1579.886915875,0.1958699375,1.75956375e-07,1.1788125e-09,1.16981491312741e-09,6.17701386451316e-13,-4.45257568222198e-14,-2.15380162988697e-14,-1.03007904038072e-07
1589.977683525,0.1971209625,1.77129625e-07,1.17793750000002e-09,1.17048874605125e-09,2.93098455598232e-13,-4.9854509800177e-14,-9.06038278971232e-15,-4.33322655160154e-08
1600.076517175,0.1983729875,1.7831225e-07,1.17174999999999e-09,1.17040111003861e-09,-1.46639171639278e-13,-5.08223803319106e-14,-6.62338283510368e-15,-3.16770483418002e-08
1610.174947525,0.1996249625,1.79473125e-07,1.16218749999999e-09,1.17019546770797e-09,-1.12091962091662e-13,-3.27071591997972e-14,-1.47385066249206e-14,-7.04885099452724e-08
1620.265816,0.200876,1.80636625e-07,1.16537500000001e-09,1.17017692611443e-09,-2.25340031590164e-13,-7.13375657480284e-15,-2.29360937839557e-14,-1.0969436157544e-07
1630.364347175,0.2021279875,1.81803875e-07,1.16531250000001e-09,1.16974478764479e-09,-2.93554756055568e-13,1.20319338246772e-14,-2.20788641134675e-14,-1.05594567499192e-07
1640.455014,0.203379,1.8296725e-07,1.1625625e-09,1.16958981660232e-09,-1.63083538084949e-14,4.71244447166012e-14,-1.24797187887722e-14,-5.96856115984757e-08
1650.553646,0.204631,1.84129e-07,1.1731875e-09,1.16971217093717e-09,-3.56133731132067e-14,8.43466028057159e-14,2.41615846190036e-15,1.15555404699582e-08
1660.643707875,0.2058819375,1.85313625e-07,1.191125e-09,1.16951858985609e-09,-5.19634082136241e-14,5.60089972638317e-14,2.06673462882683e-14,9.88438300743267e-08
1670.742844,0.207134,1.8651125e-07,1.18162500000001e-09,1.16960824412074e-09,2.34687609687203e-13,-8.88575252735871e-15,4.08736619705236e-14,1.95482731163374e-07
1680.83341,0.208385,1.87676875e-07,1.1655e-09,1.16998796507546e-09,1.20836258335782e-13,-2.71708333738725e-14,6.04425771912587e-14,2.89073195262542e-07
1690.932042,0.209637,1.8884225e-07,1.15337499999998e-09,1.16984991663741e-09,-2.23749561249115e-13,6.64008209642231e-15,7.89283924229249e-14,3.77483615935728e-07
1701.03874,0.21089,1.89983625e-07,1.15662499999999e-09,1.16954046595297e-09,-1.03266497015649e-13,5.76039242554438e-14,9.71115600552407e-14,4.64446591568542e-07
1711.12124,0.21214,1.911555e-07,1.17181250000001e-09,1.16964338364338e-09,6.54396279450534e-15,8.86204484993585e-14,1.13303725866486e-13,5.41887384578846e-07
1721.20374,0.21339,1.9232725e-07,1.17731250000001e-09,1.16955355387855e-09,9.02948402965676e-15,9.57970923520134e-14,1.26398750799979e-13,6.04515764695552e-07
1731.28624,0.21464,1.93510125e-07,1.18068749999999e-09,1.16966144261144e-09,1.94967532467488e-13,7.08426507869847e-14,1.35801454336485e-13,6.49485216391885e-07
1741.36874,0.21589,1.94688625e-07,1.1711875e-09,1.16994348894349e-09,3.53354247104506e-13,-1.38255833485683e-14,1.39822842241833e-13,6.68717941156593e-07
1751.5319,0.21715,1.958525e-07,1.15668749999999e-09,1.17036815110565e-09,2.35716479466324e-13,-9.50958063711524e-14,1.37683695990936e-13,6.58487241695781e-07
1761.6144,0.2184,1.97002e-07,1.15125e-09,1.17041492190242e-09,4.54523517025147e-14,-6.95407619638794e-14,1.30441747646021e-13,6.23851836567927e-07
1771.6969,0.21965,1.98155e-07,1.16493750000001e-09,1.17045905580906e-09,1.45061863811898e-13,1.4213312239644e-13,1.19096194925371e-13,5.69590497469166e-07
1781.7794,0.2209,1.99331875e-07,1.1755e-09,1.17070504563005e-09,1.27051158301083e-13,4.33462578114249e-13,1.02429561455697e-13,4.89880511309855e-07
1791.8619,0.22215,2.00506e-07,1.1740625e-09,1.17071315812566e-09,1.45132063882385e-13,5.11270264141078e-13,8.02094606814182e-14,3.83610464128522e-07
1801.9444,0.2234,2.0168e-07,1.18168750000001e-09,1.17099530975781e-09,2.06570287820146e-13,3.87886812797379e-13,5.33978067994106e-14,2.55380815127616e-07
1812.10756,0.22466,2.02869375e-07,1.1795e-09,1.1711262987013e-09,-2.04604685854794e-13,2.45068168173668e-13,2.3229445741979e-14,1.11097349200769e-07
1822.19006,0.22591,2.04039e-07,1.172625e-09,1.1705861003861e-09,-4.31734819234817e-13,1.27910884164892e-13,-7.40434276328714e-15,-3.54120740852863e-08
1832.27256,0.22716,2.05214625e-07,1.1776875e-09,1.17026282906283e-09,2.6407072657042e-13,2.42036989080763e-14,-3.67130484287505e-14,-1.75584144659242e-07
1842.35506,0.22841,2.06394375e-07,1.171e-09,1.17111424183924e-09,7.33224376974026e-13,-7.34884479118695e-14,-6.82844342380848e-14,-3.26577728964753e-07
1852.43756,0.22966,2.07556625e-07,1.16343750000001e-09,1.17172927781678e-09,3.3972665847721e-13,-1.44967842934667e-13,-1.05082570052808e-13,-5.02568813296038e-07
1862.52006,0.23091,2.0872125e-07,1.17518750000001e-09,1.1717936951562e-09,-2.0434801684782e-13,-2.1414759814252e-13,-1.44849094603738e-13,-6.92756539409182e-07
1872.68322,0.23217,2.09907e-07,1.17587500000001e-09,1.17132058178308e-09,-4.73446823447428e-13,-2.92768640471947e-13,-1.83913569024284e-13,-8.79586634463967e-07
1882.76572,0.23342,2.11073e-07,1.17081249999999e-09,1.1708468015093e-09,-3.42464461213676e-13,-3.46712792238089e-13,-2.19552482397178e-13,-1.05003361146476e-06
1892.84822,0.23467,2.12248625e-07,1.16974999999998e-09,1.17063565286065e-09,-1.18600824850511e-13,-3.83816227446078e-13,-2.50860759172294e-13,-1.19976884821532e-06
1902.93072,0.23592,2.134125e-07,1.1621875e-09,1.1706095998596e-09,2.51063969813096e-13,-4.07444745011058e-13,-2.77976258189766e-13,-1.32945166960323e-06
1913.01322,0.23717,2.14573e-07,1.16375e-09,1.17113778080028e-09,1.73773692523659e-12,-4.07128369908311e-13,-3.03130407545223e-13,-1.44975412304237e-06
1923.09572,0.23842,2.1574e-07,1.16437499999999e-09,1.17408507371007e-09,2.81126491751465e-12,-3.99360100118234e-13,-3.34794640276526e-13,-1.60119175784425e-06
1933.17822,0.23967,2.1690175e-07,1.176625e-09,1.17676031063531e-09,1.40072613197603e-12,-4.10420962950789e-13,-3.77804185394234e-13,-1.80688958232025e-06
1943.34138,0.24093,2.1809325e-07,1.1805625e-09,1.17688652597403e-09,-3.5101636539131e-12,-4.3781213590181e-13,-4.22027946039441e-13,-2.01839452453646e-06
1953.4218635,0.24217975,2.19262875e-07,1.172875e-09,1.16973998332748e-09,-7.36527509652442e-12,-4.30047550291045e-13,-4.37970747111991e-13,-2.09464270357909e-06
1963.50638,0.24343,2.20439e-07,1.16793749999999e-09,1.16215597578098e-09,-3.96599025974046e-12,-3.81170395054605e-13,-4.03038765225211e-13,-1.92757670325101e-06
1973.58888,0.24468,2.2159875e-07,1.16125e-09,1.161808002808e-09,1.14941646191675e-13,-3.19511171488526e-13,-3.36356793976223e-13,-1.60866292771237e-06
1983.67138,0.24593,2.227615e-07,1.16062500000001e-09,1.16238585907336e-09,6.6081081081119e-13,-2.64869974944507e-13,-2.62274747359537e-13,-1.2543574873717e-06
1993.75388,0.24718,2.2392e-07,1.1703125e-09,1.16312962442963e-09,5.90211477710395e-13,-2.37320635617382e-13,-1.85579256891779e-13,-8.87552967743291e-07
2003.91704,0.24844,2.25102125e-07,1.176e-09,1.16356628202878e-09,5.11225429974282e-13,-2.2909308128286e-13,-1.07623311635403e-13,-5.14720186082362e-07
2013.99954,0.24969,2.26272e-07,1.17093750000002e-09,1.16415207528957e-09,5.9383116883112e-13,-1.90359340613372e-13,-3.00672469404674e-14,-1.43799876671801e-07
2024.08204,0.25094,2.27444e-07,1.17206250000002e-09,1.16475394436644e-09,5.44675763425896e-13,-1.12219331390549e-13,4.5208038371336e-14,2.16212357428129e-07
2034.16454,0.25219,2.28616125e-07,1.17024999999998e-09,1.16524142681643e-09,6.80275974027326e-13,-2.66030017552554e-14,1.17752712422585e-13,5.63165146368885e-07
2044.24704,0.25344,2.297845e-07,1.167375e-09,1.1661144963145e-09,8.22040628292368e-13,5.1656081626212e-14,1.86148367254586e-13,8.90274799913237e-07
2054.32954,0.25469,2.30950875e-07,1.16524999999999e-09,1.16688550807301e-09,5.75506756756514e-13,1.15567029116455e-13,2.48082977497589e-13,1.18648380542325e-06
2064.41204,0.25594,2.32115e-07,1.17212499999998e-09,1.16726550982801e-09,4.71542646542382e-13,1.65477392201713e-13,3.0311732486129e-13,1.44969155368443e-06
2074.5752,0.2572,2.33295125e-07,1.17550000000002e-09,1.1678285933661e-09,3.08619252369581e-13,2.12732450567718e-13,3.50684484904582e-13,1.67718666693496e-06
2084.6577,0.25845,2.34466e-07,1.16906250000002e-09,1.16788274833275e-09,4.86310986302832e-14,2.93235112114976e-13,3.90544441568783e-13,1.86782124228548e-06
2094.7402,0.2597,2.3563325e-07,1.09437499999999e-09,1.16792585556336e-09,1.75155756404992e-13,5.36983571637358e-13,4.23113968368779e-13,2.02358854437242e-06
2104.8227,0.26095,2.3665475e-07,1.0591875e-09,1.16823305984556e-09,7.41016584766811e-13,9.5800018828222e-13,4.47429527509267e-13,2.13988034895736e-06
2114.9052,0.2622,2.37751625e-07,1.08287500000001e-09,1.16940788873289e-09,1.28175236925265e-12,1.34057996247523e-12,4.60426142187977e-13,2.2020380713338e-06
2124.9877,0.26345,2.388205e-07,1.26681249999998e-09,1.17079656458407e-09,9.12131449631466e-13,1.28377557226663e-12,4.59405659558558e-13,2.19715750223658e-06
2135.15086,0.26471,2.4028525e-07,1.32574999999999e-09,1.17123215163215e-09,1.21176289925359e-13,7.53173056109175e-13,4.47114799862471e-13,2.13837512977704e-06
2145.23336,0.26596,2.41472e-07,1.18187500000001e-09,1.17103891716392e-09,-1.25403650404664e-13,3.68890597416389e-13,4.27715812513857e-13,2.04559736419671e-06
2155.31586,0.26721,2.42649e-07,1.17199999999998e-09,1.17098134433134e-09,1.49324324324792e-13,2.74793492380829e-13,4.01955471979652e-13,1.92239573555486e-06
2165.39836,0.26846,2.43816e-07,1.169e-09,1.17133756581257e-09,4.48874605125055e-13,2.14019229989787e-13,3.6846508536658e-13,1.76222432131843e-06
2175.47985175,0.269709875,2.44987e-07,1.17100000000003e-09,1.17187909354159e-09,7.34466040715937e-13,1.57023369797956e-13,3.2571608868252e-13,1.55777259804683e-06
2185.56336,0.27096,2.46158e-07,1.17500000000001e-09,1.172806497894e-09,9.0186249561247e-13,1.04457379668251e-13,2.72887683885926e-13,1.30511500988921e-06
2195.72652,0.27222,2.47337e-07,1.17e-09,1.17368281853282e-09,8.01388645138568e-13,5.73300888488882e-14,2.11537478014205e-13,1.01170098180707e-06
2205.80902,0.27347,2.48498e-07,1.16350000000001e-09,1.17440927518427e-09,5.34694190944284e-13,6.76308714464747e-15,1.44581545307971e-13,6.91476955820731e-07
2215.89152,0.27472,2.49664e-07,1.16456249999997e-09,1.17475220691471e-09,2.45206651457527e-13,-4.57992944204108e-14,7.45424879526088e-14,3.56507551077694e-07
2225.97402,0.27597,2.50827125e-07,1.16849999999999e-09,1.17489968848719e-09,2.25651544401798e-13,-9.20942146727362e-14,3.20520848511808e-15,1.53292579723039e-08
2236.05652,0.27722,2.52001e-07,1.17425000000001e-09,1.17520351000351e-09,6.20491839240388e-13,-1.38886330187195e-13,-6.93840344788975e-14,-3.31836686638205e-07
2246.13902,0.27847,2.53175625e-07,1.16999999999998e-09,1.17614067216567e-09,9.88952263951761e-13,-1.85284977881006e-13,-1.44236133820678e-13,-6.89824987838025e-07
2256.22152,0.27972,2.54341e-07,1.17400000000001e-09,1.17718141453141e-09,7.58250702001267e-13,-2.38703097439347e-13,-2.20718796988912e-13,-1.05561163777306e-06
2266.38468,0.28098,2.55523625e-07,1.17531250000003e-09,1.17765717356967e-09,-1.45601307476281e-12,-3.00216400987176e-13,-2.94083844517557e-13,-1.40648795204049e-06
2276.46718,0.28223,2.56691625e-07,1.16868749999998e-09,1.17426938838189e-09,-4.77933046682979e-12,-3.48120432390741e-13,-3.49633208340097e-13,-1.67215882249612e-06
2286.54968,0.28348,2.57861e-07,1.15918749999998e-09,1.16809851263601e-09,-6.19239864864765e-12,-3.5267681350071e-13,-3.68776308267504e-13,-1.76371277867067e-06
2296.63218,0.28473,2.5901e-07,1.1575e-09,1.16188459108459e-09,-2.24079282204338e-12,-3.12451906545326e-13,-3.45006629726996e-13,-1.65003170738998e-06
2306.71468,0.28598,2.60176e-07,1.17300000000001e-09,1.16361692699193e-09,3.70299227799128e-12,-2.976441026457e-13,-3.02629972612982e-13,-1.44736073858383e-06
2316.79718,0.28723,2.61356e-07,1.18600000000002e-09,1.16929057564058e-09,3.05793699543704e-12,-3.35417686567533e-13,-2.76795980271588e-13,-1.32380686216846e-06
2326.96034,0.28849,2.62548e-07,1.178375e-09,1.1697328009828e-09,2.18918918918131e-13,-3.73506441607931e-13,-2.648932508787e-13,-1.26688076507204e-06
2337.04284,0.28974,2.6371275e-07,1.16624999999998e-09,1.16972841347841e-09,1.27654440153486e-14,-3.75178261115367e-13,-2.51148741947242e-13,-1.20114615713898e-06
2347.12534,0.29099,2.648805e-07,1.16968750000001e-09,1.16975833187083e-09,-9.22253422237818e-14,-3.52036553563301e-13,-2.343558310934e-13,-1.12083223566409e-06
2357.20784,0.29224,2.66052125e-07,1.16674999999999e-09,1.16954396279396e-09,-2.71231133729963e-13,-3.13502524732249e-13,-2.14711294147255e-13,-1.02688010244339e-06
2367.29034,0.29349,2.67214e-07,1.162375e-09,1.16921586960337e-09,-3.3299403299437e-13,-2.59277003033511e-13,-1.91820314807556e-13,-9.17401505601355e-07
2377.37284,0.29474,2.68376875e-07,1.16593750000004e-09,1.16887797472798e-09,-3.06195156195149e-13,-1.99142055626354e-13,-1.65682340283521e-13,-7.9239380135597e-07
2387.45534,0.29599,2.69545875e-07,1.17356249999998e-09,1.16860347929098e-09,-6.36670761665595e-14,-1.49634513954475e-13,-1.37454236688049e-13,-6.57389827638495e-07
2397.6185,0.29725,2.70724e-07,1.17656249999996e-09,1.16875064057564e-09,1.0356045980992e-13,-1.10962366516006e-13,-1.09174742052721e-13,-5.22140070686926e-07
2407.701,0.2985,2.71899e-07,1.17093750000002e-09,1.1688106002106e-09,5.23166023167669e-14,-5.08064002061309e-14,-8.13446208770593e-14,-3.89039491151153e-07
2417.7835,0.29975,2.73065875e-07,1.16175000000001e-09,1.16885527378028e-09,7.80800280797748e-14,6.22533586507289e-14,-5.33096302942123e-14,-2.54959101407102e-07
2427.866,0.301,2.742225e-07,1.16162500000001e-09,1.16896676026676e-09,2.06870831869545e-13,2.10688733159664e-13,-2.60903684554726e-14,-1.24780023047912e-07
2437.9485,0.30225,2.75389125e-07,1.16781250000001e-09,1.16926901544402e-09,2.26061776062172e-13,3.40187576361536e-13,-2.23458804865132e-15,-1.06871602326802e-08
2448.031,0.3035,2.76558125e-07,1.17206249999999e-09,1.16941888381889e-09,9.1132853633749e-14,3.59210198081606e-13,1.70571345155465e-14,8.15775998569615e-08
2458.19416,0.30476,2.7773325e-07,1.17493749999999e-09,1.16945128115128e-09,-2.62357406107519e-13,2.03155874001266e-13,3.25181435129708e-14,1.55521555931599e-07
2468.27666,0.30601,2.78908e-07,1.16937499999999e-09,1.16889416900667e-09,-5.98587223587716e-13,-7.74998818808363e-14,4.65114322097215e-14,2.22445980133451e-07
2478.35916,0.30726,2.80072e-07,1.16600000000003e-09,1.16825410670411e-09,-1.49613899614541e-13,-2.26779589335842e-13,6.15228608371854e-14,2.94239769221321e-07
2488.44166,0.30851,2.8124e-07,1.166e-09,1.16859494120744e-09,5.17657511407412e-13,-9.82800895022202e-14,7.51137331272038e-14,3.59239593217062e-07
2498.52416,0.30976,2.82404e-07,1.166e-09,1.16928942172692e-09,4.51129782380363e-13,3.74354804310382e-14,8.28684185761654e-14,3.96327219277313e-07
2508.60666,0.31101,2.83572e-07,1.16793750000001e-09,1.1694972007722e-09,-2.70050895056423e-14,5.78644197384867e-14,8.45636115822029e-14,4.04434664088796e-07
2518.76881175,0.312269875,2.84739875e-07,1.16349999999998e-09,1.16923541154791e-09,-2.23117760618665e-13,6.97990110263607e-14,8.28256355832355e-14,3.961226049633e-07
2528.85232,0.31352,2.85899e-07,1.17087499999997e-09,1.16905096525096e-09,-1.36629080379516e-13,7.86172163145055e-14,7.92282602082483e-14,3.78917766213361e-07
2538.93482,0.31477,2.87081625e-07,1.1805e-09,1.16896215338715e-09,-7.57612320114862e-14,6.8198702604583e-14,7.39667177271873e-14,3.53753867390896e-07
2549.01732,0.31602,2.8826e-07,1.17975000000003e-09,1.16889944278694e-09,-1.3463057211867e-14,4.48177451620941e-14,6.69646388984335e-14,3.20265664296856e-07
2559.09982,0.31727,2.89441125e-07,1.17293749999999e-09,1.16893522727273e-09,2.76452263952421e-13,2.49360699491607e-14,5.8700202886077e-14,2.80740100759499e-07
2569.18232,0.31852,2.90605875e-07,1.16193749999998e-09,1.16945234731485e-09,5.54218585467018e-13,3.37074684657207e-14,4.87106541522581e-14,2.32963998119495e-07
2579.26482,0.31977,2.91765e-07,1.16525e-09,1.17004366444366e-09,3.09700772200688e-13,4.8313953982641e-14,3.61648971454222e-14,1.72962551565063e-07
2589.42798,0.32103,2.92936375e-07,1.17149999999999e-09,1.17007174885925e-09,-3.19875394874845e-13,3.14454855737665e-14,2.36436095778148e-14,1.13078132763462e-07
2599.51048,0.32228,2.94108e-07,1.16625000000001e-09,1.16940391365391e-09,-5.71669884169613e-13,1.83101766324704e-14,1.68813880651864e-14,8.07370733552393e-08
2609.59298,0.32353,2.95268875e-07,1.16556250000003e-09,1.16892840909091e-09,-8.76908564402599e-14,4.09772433745564e-14,1.95809564467051e-14,9.36480525711983e-08
2619.67548,0.32478,2.96439125e-07,1.17181249999999e-09,1.16922853194103e-09,3.24927606177249e-13,6.97675278721353e-14,3.04596937937469e-14,1.45676796404876e-07
2629.75798,0.32603,2.976125e-07,1.16912499999998e-09,1.16957826430326e-09,3.72915935415157e-13,7.90397470014327e-14,4.43445796424001e-14,2.12082772202783e-07
2639.84048,0.32728,2.98777375e-07,1.17224999999999e-09,1.16997436381186e-09,4.19344506844083e-13,6.13808868483198e-14,5.35234763997995e-14,2.55981843651215e-07
2650.00364,0.32854,2.99957e-07,1.16975e-09,1.17041695331695e-09,1.24271674272385e-13,2.10741522431393e-14,5.01957903633604e-14,2.40066823476941e-07
2660.08614,0.32979,3.01116875e-07,1.15981250000003e-09,1.17022290716041e-09,-3.01044226042454e-13,6.37617609462839e-15,3.77313955170039e-14,1.80454500298714e-07
2670.16864,0.33104,3.02276625e-07,1.1655625e-09,1.16981486486487e-09,-2.94561688310942e-13,3.50777415266161e-14,2.89713056560881e-14,1.38558418355204e-07
2680.25114,0.33229,3.03448e-07,1.17312499999998e-09,1.16963378378379e-09,-5.23407335901889e-14,5.93604915903824e-14,2.58185875790793e-14,1.23480201465162e-07
2690.33364,0.33354,3.04622875e-07,1.1743125e-09,1.16971018339769e-09,-4.13302913301806e-14,4.85000751837412e-14,2.31781578421227e-14,1.10852059244935e-07
2700.41614,0.33479,3.05796625e-07,1.17768750000002e-09,1.16955112320112e-09,-1.04374341875437e-13,1.60404855005448e-14,2.02325081468466e-14,9.6764169397962e-08
2710.5793,0.33605,3.0697825e-07,1.1741875e-09,1.16950143471393e-09,1.134849947343e-13,-1.12518344664395e-14,1.7222457906694e-14,8.23682769450583e-08
2720.6618,0.3373,3.08145e-07,1.16837499999999e-09,1.16977809319059e-09,3.23762723763331e-13,-1.75900039004655e-14,1.38728056132907e-14,6.63482007592164e-08
2730.7443,0.33855,3.09315e-07,1.16768750000001e-09,1.17014896016146e-09,2.44616532117242e-13,-1.76666567898937e-14,9.6879097060965e-15,4.63334812030702e-08
2740.8268,0.3398,3.10480375e-07,1.16300000000002e-09,1.17026732625483e-09,-2.53709634960086e-13,-2.93964688168997e-15,4.60948853902299e-15,2.20453799692404e-08
2750.9093,0.34105,3.11641e-07,1.16431249999999e-09,1.16964154089154e-09,-3.17865917866446e-13,3.82945066658993e-14,1.09656565583778e-15,5.24444444096329e-09
2760.9918,0.3423,3.12809e-07,1.17299999999998e-09,1.16963159441909e-09,3.75833625833188e-13,6.2165790130913e-14,-3.24642459216578e-16,-1.55263784842711e-09
2771.0743,0.34355,3.13987e-07,1.1815e-09,1.17039320814321e-09,4.28986047736323e-13,2.74709451421404e-14,-3.53384922230261e-15,-1.69010180197081e-08
2781.23746,0.34481,3.15172e-07,1.1775e-09,1.17048956651457e-09,-2.2637767637626e-13,-3.33878377700021e-14,-8.98123115905936e-15,-4.29537142389795e-08
2791.31996,0.34606,3.16342e-07,1.16450000000001e-09,1.16994045279046e-09,-3.93269568269234e-13,-5.12064258751021e-14,-1.26804858471292e-14,-6.06458018775744e-08
2801.40246,0.34731,3.17501e-07,1.16631250000002e-09,1.16970302737803e-09,-1.1080642330743e-13,-3.212562483055e-14,-1.28281102386924e-14,-6.1351831576355e-08
2811.48496,0.34856,3.18674625e-07,1.16850000000001e-09,1.16971883994384e-09,1.33375745875189e-13,-1.80414822602261e-14,-1.06017590670819e-14,-5.07040651034352e-08
2821.56746,0.34981,3.19838e-07,1.16125e-09,1.16996977886978e-09,2.41257897508012e-13,-2.26824397959249e-15,-8.05390085616376e-15,-3.85186562686093e-08
2831.64996,0.35106,3.20997125e-07,1.17124999999998e-09,1.17020135573886e-09,1.07713232741203e-15,8.29050601320431e-15,-6.97461763437402e-15,-3.33568669470062e-08
2841.81312,0.35232,3.221805e-07,1.17643749999998e-09,1.16997193313443e-09,-3.62085380834957e-13,-8.17409115374862e-15,-6.22744723011449e-15,-2.97834432744606e-08
2851.89562,0.35357,3.2335e-07,1.17124999999998e-09,1.16947718497719e-09,-2.94702088452019e-13,-3.09478574133649e-14,-2.85180429861051e-15,-1.36390640368329e-08
2861.97812,0.35482,3.24523e-07,1.166e-09,1.16938252895753e-09,6.79777992271244e-14,-3.10291779360491e-14,3.34827169419043e-15,1.60134733200412e-08
2872.06062,0.35607,3.25682e-07,1.16450000000001e-09,1.16961314057564e-09,4.00682256931746e-13,-1.1936922101496e-14,9.89282197747558e-15,4.73134964140136e-08
2882.14312,0.35732,3.26852e-07,1.1674375e-09,1.17018389347139e-09,4.2097446472469e-13,8.34049599706986e-15,1.46307935893953e-14,6.9973360644934e-08
2892.22562,0.35857,3.28016875e-07,1.171e-09,1.17045508950509e-09,6.06791856806268e-15,2.14045302452557e-14,1.74841617441973e-14,8.36199039939871e-08
2902.30812,0.35982,3.29194e-07,1.17156250000001e-09,1.17019602930853e-09,-1.29431379431746e-13,3.23449355231537e-14,2.06262799124421e-14,9.86474256682013e-08
2912.47128,0.36108,3.3036e-07,1.17349999999999e-09,1.17019622674623e-09,-2.14397595647347e-13,4.56297516410037e-14,2.46726735772384e-14,1.17999743195488e-07
2922.55378,0.36233,3.31541e-07,1.1815e-09,1.16976723411724e-09,-5.54065022814651e-13,2.81436080851904e-14,2.98806595719911e-14,1.42907502300827e-07
2932.63628,0.36358,3.32723e-07,1.17050000000002e-09,1.1690880967006e-09,-4.05071955072978e-13,1.44661332701699e-15,3.81053732145455e-14,1.82243089286957e-07
2942.71878,0.36483,3.33882e-07,1.15656250000002e-09,1.16895709020709e-09,3.24745524744353e-13,3.43944278353941e-14,4.85798467828818e-14,2.32338397657261e-07
2952.80128,0.36608,3.35036125e-07,1.16381249999998e-09,1.16973758775009e-09,7.04387504386912e-13,8.97315829843626e-14,5.67995820028457e-14,2.71650174796219e-07
2962.88378,0.36733,3.36209625e-07,1.17731249999998e-09,1.17036586521586e-09,2.148034398032e-13,9.78249902578702e-14,6.05111902266599e-14,2.89401344562286e-07
2973.04694,0.36859,3.3739075e-07,1.17825000000002e-09,1.17016719462969e-09,-2.11705861704844e-13,7.45326525499687e-14,6.27116650368159e-14,2.99925354523902e-07
2983.12944,0.36984,3.38566125e-07,1.17112500000001e-09,1.16994245349245e-09,1.21819059335002e-14,5.87573246220677e-14,6.56147177789901e-14,3.13809519812561e-07
2993.21194,0.37109,3.39733e-07,1.16893749999999e-09,1.17019155844156e-09,1.5055940680992e-13,6.07275375482897e-14,6.81956621269016e-14,3.26153166693877e-07
3003.29444,0.37234,3.40904e-07,1.16649999999999e-09,1.17024357230607e-09,8.68440680934147e-14,7.56509379433768e-14,6.97866905552706e-14,3.33762433090425e-07
3013.37694,0.37359,3.42066e-07,1.16450000000001e-09,1.17036524657775e-09,3.19895138644572e-13,8.45633576885664e-14,7.01386674562858e-14,3.35445800877889e-07
3023.45944,0.37484,3.43233e-07,1.1740625e-09,1.17088336258336e-09,4.93524043524184e-13,6.79871321842391e-14,6.71238315907757e-14,3.21027020651536e-07
3033.6226,0.3761,3.44414125e-07,1.17299999999998e-09,1.17135229466479e-09,2.43355124605397e-13,4.36362013187882e-14,5.97368745362228e-14,2.85698095608022e-07
3043.7051,0.37735,3.45579e-07,1.16762500000002e-09,1.17137007283257e-09,-2.27954984204984e-13,3.96767059153678e-14,5.06634788249993e-14,2.42303594380431e-07
3053.7876,0.3786,3.46749375e-07,1.16350000000001e-09,1.17089638469638e-09,-4.61578624079167e-13,6.02480433794728e-14,4.27856103404483e-14,2.04626832063014e-07
3063.8701,0.37985,3.47906e-07,1.16749999999999e-09,1.17044691558441e-09,-1.86172779922817e-13,8.50268315375308e-14,3.62316391036527e-14,1.73281752234861e-07
3073.9526,0.3811,3.49084375e-07,1.17493749999999e-09,1.17052403913654e-09,1.10984117234459e-13,7.64129926310693e-14,2.8992621695093e-14,1.38660364628706e-07
3084.0351,0.38235,3.50255875e-07,1.1683125e-09,1.17066888381888e-09,7.44603369607036e-14,5.27935745561773e-14,1.98798240138077e-14,9.50774191964716e-08
3094.1176,0.3836,3.51421e-07,1.17249999999999e-09,1.17067295981046e-09,3.38133994383693e-13,3.27538570923919e-14,1.00998706077644e-14,4.83037289936558e-08
3104.28076,0.38486,3.52600875e-07,1.1795e-09,1.17134515180765e-09,5.09222534222459e-13,-4.480063943712e-15,-9.83849848673385e-16,-4.70536884148141e-09
3114.36326,0.38611,3.5378e-07,1.17725000000002e-09,1.17169140487891e-09,-1.4854115478979e-13,-4.20034851166966e-14,-1.43028254711086e-14,-6.84048174705194e-08
3124.44576,0.38736,3.54955375e-07,1.167e-09,1.17104806949807e-09,-6.3219111969149e-13,-3.85285004830585e-14,-2.59751837023929e-14,-1.24229139446227e-07
3134.52826,0.38861,3.56114e-07,1.16850000000001e-09,1.17042702263952e-09,-3.0313048438174e-13,-1.81921677025225e-14,-3.31728012975553e-14,-1.5865252794483e-07
3144.61076,0.38986,3.57292375e-07,1.17556250000001e-09,1.17044180852931e-09,1.41769041769253e-13,-3.51253464881727e-14,-3.82140282803978e-14,-1.82762743949729e-07
3154.69326,0.39111,3.58465125e-07,1.17856249999999e-09,1.17071056072306e-09,2.17403036153952e-13,-7.44759827486421e-14,-4.35768960662454e-14,-2.08411242055956e-07
3164.85642,0.39237,3.596495e-07,1.16993749999999e-09,1.17087661460162e-09,7.85823973329343e-14,-9.87503155491048e-14,-4.9246916825884e-14,-2.35528732645532e-07
3174.93892,0.39362,3.60805e-07,1.1646875e-09,1.17086772551773e-09,-7.6461038961196e-14,-1.04607683340906e-13,-5.39877909853872e-14,-2.58202478625765e-07
3185.02142,0.39487,3.61978875e-07,1.17100000000003e-09,1.17072369252369e-09,-1.92905405405139e-13,-1.05461598109826e-13,-5.66106754962205e-14,-2.70746708894968e-07
3195.10392,0.39612,3.63147e-07,1.16749999999999e-09,1.17048191470692e-09,-6.21270621266836e-14,-7.95192761285525e-14,-5.63977085235297e-14,-2.6972817119949e-07
3205.18642,0.39737,3.64313875e-07,1.16293749999998e-09,1.17059943839944e-09,8.1287293787038e-14,-3.03623210054736e-14,-5.41523750845628e-14,-2.58989619969648e-07
3215.26892,0.39862,3.65472875e-07,1.16606249999999e-09,1.17064448929449e-09,-7.92822042823339e-14,-1.47158879156311e-14,-5.15370232625912e-14,-2.46481415603697e-07
3225.35142,0.39987,3.66646e-07,1.17456250000001e-09,1.17044087399088e-09,-3.21663302913375e-13,-4.64441101857113e-14,-4.85800837928346e-14,-2.32339531183122e-07
3235.51458,0.40113,3.67822e-07,1.1771875e-09,1.17000116268866e-09,-3.88076956826684e-13,-8.35921887514328e-14,-4.34173875383007e-14,-2.07648375183177e-07
3245.59708,0.40238,3.69000375e-07,1.16875e-09,1.16966472007722e-09,-1.94761319760964e-14,-7.99952835482714e-14,-3.49265562786339e-14,-1.6704005176738e-07
3255.67958,0.40363,3.701595e-07,1.167125e-09,1.16996221042471e-09,2.10207528956581e-13,-3.97122634890383e-14,-2.52696590478951e-14,-1.20854891098629e-07
3265.76208,0.40488,3.71334625e-07,1.17268749999998e-09,1.17008513513514e-09,3.05414180410753e-14,-1.05193465381239e-14,-1.56511619203612e-14,-7.48533830973797e-08
3275.84458,0.40613,3.72504875e-07,1.16700000000003e-09,1.17002329326079e-09,-2.01298701300858e-14,1.00213695641741e-14,-5.28314904503076e-15,-2.52672345631906e-08
3285.92708,0.40738,3.73668625e-07,1.16387499999999e-09,1.17004487539488e-09,-1.57401719904045e-14,4.47847985307724e-14,5.53805336119505e-15,2.64863421622372e-08
3296.09024,0.40864,3.74832625e-07,1.1701875e-09,1.16999181291681e-09,-3.08467883467407e-13,5.60847246038932e-14,1.67328688154494e-14,8.00267638999754e-08
3306.17274,0.40989,3.76009e-07,1.17462500000003e-09,1.16942793962794e-09,-2.59373903123212e-13,3.51489356766368e-14,2.98142461807298e-14,1.42589873038273e-07
3316.25524,0.41114,3.77181875e-07,1.1745e-09,1.16947306511057e-09,2.53156809407718e-13,2.62938416253045e-14,4.43187204466086e-14,2.11959097788128e-07
3326.33774,0.41239,3.78358e-07,1.1724375e-09,1.16993425324676e-09,4.55850737100372e-13,4.36080564557503e-14,5.68971423673103e-14,2.72116767843658e-07
3336.42024,0.41364,3.7952675e-07,1.169e-09,1.17038476658477e-09,4.2613416988312e-13,6.91441523573586e-14,6.5984236234246e-14,3.15576781989872e-07
3346.50274,0.41489,3.80696e-07,1.17062499999999e-09,1.17078652158652e-09,2.48953580203696e-13,8.79914109633489e-14,7.21178650068933e-14,3.44911528293838e-07
3356.6659,0.41615,3.81868e-07,1.17062499999999e-09,1.17088267374517e-09,1.49859599859797e-13,9.83944278046104e-14,7.63065138247672e-14,3.64944196553234e-07
3366.7484,0.4174,3.8303725e-07,1.1693125e-09,1.17108624078624e-09,-1.97213934714477e-13,8.9390298591658e-14,7.84637218651624e-14,3.75261278485559e-07
3376.8309,0.41865,3.84206625e-07,1.169875e-09,1.17048824587575e-09,-5.54773604773714e-13,6.80051237241483e-14,8.05325406146989e-14,3.85155629026821e-07
3386.9134,0.4199,3.85377e-07,1.17137499999999e-09,1.16997669357669e-09,1.26952439449654e-14,6.85349215779728e-14,8.51295836874729e-14,4.07141487200957e-07
3396.9959,0.42115,3.86549375e-07,1.17206250000002e-09,1.17051363636364e-09,7.69305019304632e-13,8.86148888889651e-14,8.88635407203202e-14,4.24999542575444e-07
3407.0784,0.4224,3.87721125e-07,1.1724375e-09,1.1715153036153e-09,7.86146454896284e-13,9.5478543517199e-14,8.70490586786039e-14,4.16321584984627e-07
3417.1609,0.42365,3.8889425e-07,1.17306249999997e-09,1.17208592927343e-09,1.39759564758993e-13,8.60891275084384e-14,7.99746154413035e-14,3.82487291241017e-07
3427.32406,0.42491,3.9006725e-07,1.16537500000001e-09,1.17179482274482e-09,-4.97292909792755e-13,9.56507981100118e-14,7.1457502945858e-14,3.41753274958451e-07
3437.40656,0.42616,3.91225e-07,1.16087500000002e-09,1.17109134345384e-09,-3.90792822043436e-13,1.17678736826211e-13,6.48260342069957e-14,3.10037554903023e-07
3447.48906,0.42741,3.92389e-07,1.16749999999999e-09,1.17101323710073e-09,8.16339066331914e-14,1.21459152287911e-13,5.98527156165314e-14,2.8625211816602e-07
3457.57156,0.42866,3.9356e-07,1.1743125e-09,1.17125461126711e-09,6.24736749740779e-14,1.03272164427819e-13,5.49531149114476e-14,2.62819245228662e-07
3467.65406,0.42991,3.94737625e-07,1.17775000000001e-09,1.17113818445068e-09,1.53058090558844e-14,6.64371975178451e-14,5.05586221997769e-14,2.41802106172846e-07
3477.73656,0.43116,3.959155e-07,1.1826875e-09,1.17128522288522e-09,1.99881537382421e-13,1.66719237665728e-14,4.63989854520523e-14,2.21908191292424e-07
3487.89972,0.43242,3.97103e-07,1.17099999999998e-09,1.17153794752545e-09,1.56028431029688e-13,-1.45274750174164e-14,4.1422816583941e-14,1.98109122792761e-07
3497.98222,0.43367,3.982575e-07,1.16849999999999e-09,1.17159727974728e-09,-2.78584591083395e-14,-8.66156907112134e-15,3.67357205883659e-14,1.75692576726967e-07
3508.06472,0.43492,3.9944e-07,1.17375000000003e-09,1.17148223060723e-09,-1.29470866970683e-13,5.41734699447997e-15,3.39074668159555e-14,1.62166145641526e-07
3518.14722,0.43617,4.00605e-07,1.16737499999998e-09,1.17133833801334e-09,-1.16378553878805e-13,1.51691781038152e-14,3.25353598147775e-14,1.55603894766327e-07
3528.22972,0.43742,4.0177475e-07,1.16749999999999e-09,1.17124947349947e-09,-1.15505440505864e-13,1.52630979559982e-14,3.17329011435517e-14,1.51766048947421e-07
3538.31222,0.43867,4.0294e-07,1.17012500000003e-09,1.17110732713233e-09,1.82171375921315e-13,2.01709395735561e-14,3.15254699105013e-14,1.50773986528484e-07
3548.39472,0.43992,4.04115e-07,1.18718750000001e-09,1.17161381625132e-09,6.72415759915798e-13,7.2986634452121e-15,3.07293060158554e-14,1.46966246162787e-07
3558.55788,0.44118,4.05314375e-07,1.18299999999997e-09,1.17245215865216e-09,4.46125833626871e-13,-4.2571141481595e-14,2.79067305181382e-14,1.3346697204327e-07
3568.64038,0.44243,4.06481e-07,1.1598125e-09,1.17250606791857e-09,-1.55477799226686e-13,-4.5568486895105e-14,2.44952163954977e-14,1.17151034934989e-07
3578.72187175,0.443679875,4.07634e-07,1.15300000000001e-09,1.17214120305371e-09,-2.33167339416744e-13,1.95413411639725e-14,2.27887428443906e-14,1.08989639690564e-07
3588.80538,0.44493,4.08787e-07,1.16350000000001e-09,1.17203973323974e-09,-1.0239777114847e-13,7.94663209989622e-14,2.27215132683352e-14,1.08668106935516e-07
3598.88788,0.44618,4.09961e-07,1.1755e-09,1.17193640751141e-09,-3.26292120042769e-13,9.51143549349416e-14,2.34922942072617e-14,1.12354450556469e-07
3608.97038,0.44743,4.11138e-07,1.18549999999998e-09,1.17138714899965e-09,-5.06418918917961e-13,7.28746763965527e-14,2.64441478204231e-14,1.26472011315067e-07
3619.13354,0.44869,4.12332e-07,1.17950000000003e-09,1.17092356967357e-09,-3.7294006668951e-13,4.58547314391071e-14,3.27035103523082e-14,1.564080929893e-07
3629.21604,0.44994,4.13497e-07,1.16650000000001e-09,1.17064126886627e-09,2.49802562300735e-14,4.97140851733202e-14,4.14038385528288e-14,1.98018358296138e-07
3639.29854,0.45119,4.14665e-07,1.169e-09,1.17097353018603e-09,5.20893295893136e-13,6.82069618620305e-14,5.07302621614502e-14,2.42622992946066e-07
3649.38104,0.45244,4.15835e-07,1.167e-09,1.17168305545806e-09,6.22611003860796e-13,7.99584171151532e-14,5.85473109260949e-14,2.80008878342193e-07
3659.46354,0.45369,4.16999e-07,1.16824999999998e-09,1.17221875219375e-09,2.487605300096e-13,8.43435284725078e-14,6.34913259431185e-14,3.03654167554045e-07
3669.54604,0.45494,4.181715e-07,1.17349999999999e-09,1.17218057651808e-09,-1.24412074413048e-13,6.85677892065619e-14,6.64630988134971e-14,3.17866994325421e-07
3679.7092,0.4562,4.19346e-07,1.177375e-09,1.17196992804493e-09,-7.83630221136718e-14,3.63195583456385e-14,6.94827048968309e-14,3.32308588637017e-07
3689.7917,0.45745,4.2052625e-07,1.17600000000001e-09,1.17202385047385e-09,8.91277641262532e-14,2.10709700634427e-14,7.2824245080042e-14,3.48289867774114e-07
3699.8742,0.4587,4.21698e-07,1.17737500000002e-09,1.17214818357318e-09,2.56146893646015e-13,2.51537517311628e-14,7.58700142438918e-14,3.62856589862091e-07
3709.9567,0.45995,4.22881e-07,1.180375e-09,1.17253614426114e-09,1.33191470693444e-13,2.60988559045182e-14,7.81268464572987e-14,3.73650135230559e-07
3720.0392,0.4612,4.2405875e-07,1.16350000000001e-09,1.17241456651457e-09,2.16354422606345e-13,3.82718309901541e-14,7.96982011651723e-14,3.81165309920389e-07
3730.1217,0.46245,4.25208e-07,1.15175e-09,1.17296885310635e-09,7.08722358721622e-13,7.4766007079393e-14,7.96368253613471e-14,3.80871773467312e-07
3740.2042,0.4637,4.2636225e-07,1.16799999999997e-09,1.17383201123201e-09,1.90718234467022e-13,1.06536489285359e-13,7.58220637157956e-14,3.62627261249457e-07
3750.36736,0.46496,4.27544e-07,1.17924999999999e-09,1.17335028957529e-09,-6.35328185328267e-13,1.12433048779679e-13,6.97859512793641e-14,3.33758897423046e-07
3760.44986,0.46621,4.2872075e-07,1.1755e-09,1.17256135486135e-09,-4.65384784134312e-13,1.10666569056054e-13,6.4686091386716e-14,3.09368263153859e-07
3770.53236,0.46746,4.29895e-07,1.1780625e-09,1.17241952000702e-09,-3.82063882062455e-14,1.10278474434338e-13,6.095010090444e-14,2.91500482586452e-07
3780.61486,0.46871,4.31076875e-07,1.1825e-09,1.17248494208494e-09,1.59740259740097e-13,9.51891214772235e-14,5.70600865635032e-14,2.72896066173276e-07
3790.69736,0.46996,4.3226e-07,1.17543749999998e-09,1.1727390005265e-09,2.96489996490342e-13,6.44841899897101e-14,5.12865698633419e-14,2.45283594998592e-07
3800.77986,0.47121,4.3342775e-07,1.1765e-09,1.17307792207792e-09,2.59893822402937e-14,3.09939772199593e-14,4.30596638532973e-14,2.05937522776639e-07
3810.94302,0.47247,4.34613e-07,1.16849999999999e-09,1.17279097929098e-09,-3.92751842751386e-13,9.08554389692865e-15,3.34991125246345e-14,1.60213146856948e-07
3821.02552,0.47372,4.3576475e-07,1.162125e-09,1.17229241839242e-09,-4.08621446121873e-13,8.45629990540765e-15,2.33132050480178e-14,1.11497937186172e-07
3831.10802,0.47497,4.3693725e-07,1.17193750000002e-09,1.17197373639874e-09,-1.11942786943921e-13,1.60825245527982e-14,1.23570621870245e-14,5.9098993068378e-08
3841.19052,0.47622,4.38108625e-07,1.1755e-09,1.17206853281853e-09,3.91194278693733e-13,1.01701017476393e-14,3.90060445678827e-16,1.86550647933352e-09
3851.27302,0.47747,4.3928825e-07,1.17768749999999e-09,1.17275612495612e-09,7.56146893647099e-13,-1.36601407883234e-14,-1.35368721478707e-14,-6.47415624463381e-08
3861.35552,0.47872,4.40464e-07,1.17812500000004e-09,1.17358082660583e-09,3.72756436726428e-13,-3.98096905332919e-14,-3.04384284884933e-14,-1.45575092771055e-07
3871.43802,0.47997,4.416445e-07,1.17012500000003e-09,1.17350163782958e-09,-9.10806337278824e-14,-5.81994331178677e-14,-4.76053369184147e-14,-2.27677698305462e-07
3881.60118,0.48123,4.4280425e-07,1.16074999999999e-09,1.17339866533837e-09,-1.14864348687056e-13,-7.76162804779544e-14,-6.61486598744986e-14,-3.16363155921515e-07
3891.68368,0.48248,4.43966e-07,1.17262499999997e-09,1.1732719091322e-09,-1.38648063648712e-13,-9.8060232613085e-14,-8.60683973567591e-14,-4.11631465619283e-07
3901.76618,0.48373,4.451495e-07,1.1765e-09,1.17312136921107e-09,-1.62431778608299e-13,-1.19531289523311e-13,-1.07364549365041e-13,-5.13482627398022e-07
3911.84868,0.48498,4.46319e-07,1.16912500000001e-09,1.17294704557499e-09,-1.86215493566646e-13,-1.42029451208426e-13,-1.30037115899448e-13,-6.2191664125823e-07
3921.93118,0.48623,4.4748775e-07,1.1775e-09,1.17274893822394e-09,-2.09999208527061e-13,-1.65554717668688e-13,-1.5408609695998e-13,-7.36933507199904e-07
3932.01368,0.48748,4.48674e-07,1.17443750000001e-09,1.17252704715793e-09,-2.33782923487062e-13,-1.90107088903994e-13,-1.79511492546688e-13,-8.5853322522329e-07
3942.17684,0.48874,4.49836625e-07,1.165e-09,1.17228137237697e-09,-2.57566638448303e-13,-2.15686564914396e-13,-2.06313302659469e-13,-9.86715795327895e-07
3952.25934,0.48999,4.51004e-07,1.16975e-09,1.17201191388104e-09,-2.81350353407891e-13,-2.4229314569979e-13,-2.34491527298324e-13,-1.12148121751372e-06
3962.34184,0.49124,4.52176125e-07,1.17799999999999e-09,1.17171867167015e-09,-3.05134068366651e-13,-2.69926831260279e-13,-2.64046166463304e-13,-1.26282949178102e-06
3972.42434,0.49249,4.5336e-07,1.17393749999999e-09,1.1714016457443e-09,-3.28917783326652e-13,-2.98587621595761e-13,-2.94977220154511e-13,-1.41076061813027e-06
3982.50684,0.49374,4.54524e-07,1.1765e-09,1.1710608361035e-09,-3.5270149828624e-13,-3.28275516706338e-13,-3.27284688371741e-13,-1.5652745965605e-06
3992.58934,0.49499,4.55713e-07,1.18487499999999e-09,1.17069624274773e-09,-3.76485213245827e-13,-3.58990516591855e-13,-3.60968571115043e-13,-1.72637142707194e-06
4002.7525,0.49625,4.5689375e-07,1.18000000000001e-09,1.170307865677e-09,-4.00268928207896e-13,-3.9073262125252e-13,-3.96028868384522e-13,-1.89405110966511e-06
4012.835,0.4975,4.58073e-07,1.17062500000002e-09,1.16989570489131e-09,-4.24052643168311e-13,-4.23501830688177e-13,-4.32465580180074e-13,-2.06831364433948e-06
4022.9175,0.49875,4.59235e-07,1.15899999999999e-09,1.16945976039067e-09,-4.47836358125417e-13,-4.57298144898929e-13,-4.70278706501855e-13,-2.24915903109583e-06
4033,0.5,4.60391e-07,1.15599999999999e-09,1.16900003217506e-09,-4.59728215604797e-13,-4.92121563884726e-13,-5.09468247349657e-13,-2.43658726993314e-06
