wvnmbr,Voltage,Current,DerivativeY1,DerivativeY1_1,DerivativeY2,DerivativeY2_1,DerivativeY2_2,Alpha
-4033.01109075,-0.500001375,-5.69404e-07,1.86099999999991e-09,1.70938338159587e-09,-2.4761703194789e-11,-2.77259345022153e-11,-2.80191292692055e-11,NaN
-4022.925566,-0.498751,-5.67543e-07,1.77849999999997e-09,1.68462167840108e-09,-2.42205662547551e-11,-2.5911970211417e-11,-2.61340835172561e-11,NaN
-4012.8450825,-0.49750125,-5.65847e-07,1.65800000000003e-09,1.66094224908635e-09,-2.31382923746873e-11,-2.41591668705746e-11,-2.43150028633381e-11,NaN
-4002.75754125,-0.496250625,-5.64227e-07,1.61312500000009e-09,1.6383450936517e-09,-2.20560184946195e-11,-2.24675244796881e-11,-2.25618873074516e-11,NaN
-3992.5994225,-0.49499125,-5.6262075e-07,1.54756250000001e-09,1.61683021209712e-09,-2.09737446145515e-11,-2.08370430387574e-11,-2.08747368495965e-11,NaN
-3982.5169225,-0.49374125,-5.61131875e-07,1.50687499999996e-09,1.5963976044226e-09,-1.98914707344836e-11,-1.92677225477827e-11,-1.92535514897728e-11,NaN
-3972.4344225,-0.49249125,-5.59607e-07,1.51343749999999e-09,1.57704727062815e-09,-1.88091968544159e-11,-1.77595630067639e-11,-1.76983312279806e-11,NaN
-3962.345873,-0.4912405,-5.58105e-07,1.51199999999997e-09,1.55877921071377e-09,-1.77269229743481e-11,-1.6312564415701e-11,-1.62090760642198e-11,NaN
-3952.2694225,-0.48999125,-5.56583e-07,1.50806249999998e-09,1.54159342467945e-09,-1.66446490942801e-11,-1.4926726774594e-11,-1.47857859984905e-11,NaN
-3942.188939,-0.4887415,-5.55088875e-07,1.50250000000002e-09,1.52548991252521e-09,-1.55623752142122e-11,-1.36020500834428e-11,-1.34284610307927e-11,NaN
-3932.021746,-0.487481,-5.53578e-07,1.47868750000004e-09,1.51046867425103e-09,-1.44801013341443e-11,-1.23385343422476e-11,-1.21371011611262e-11,NaN
-3921.943279,-0.4862315,-5.521315e-07,1.45450000000002e-09,1.49652970985692e-09,-1.33978274540767e-11,-1.11361795510083e-11,-1.09117063894913e-11,NaN
-3911.856746,-0.484981,-5.50669e-07,1.47068750000003e-09,1.48367301934288e-09,-1.23155535740088e-11,-9.99498570972488e-12,-9.75227671588773e-12,NaN
-3901.77928725,-0.483731625,-5.49190125e-07,1.47243750000003e-09,1.4718986027089e-09,-1.12332796939407e-11,-8.91495281839736e-12,-8.65881214031565e-12,NaN
-3891.6897295,-0.48248075,-5.47724125e-07,1.46018749999995e-09,1.46120645995499e-09,-1.01510058138729e-11,-7.89608087702573e-12,-7.63131266277501e-12,NaN
-3881.6112625,-0.48123125,-5.4626975e-07,1.47806249999994e-09,1.45159659108115e-09,-9.06873193380515e-12,-6.93836988561001e-12,-6.66977828326581e-12,NaN
-3871.4521355,-0.47997175,-5.44768e-07,1.4771875e-09,1.44306899608738e-09,-7.98645805373733e-12,-6.04181984415018e-12,-5.77420900178807e-12,NaN
-3861.35854475,-0.478720375,-5.43315375e-07,1.45400000000001e-09,1.43562367497368e-09,-2.1774802304235e-12,-5.20643075264626e-12,-4.94460481834176e-12,NaN
-3851.28411075,-0.477471375,-5.4186e-07,1.43768750000002e-09,1.43871403562654e-09,3.04652509652188e-12,-4.22488551760628e-12,-4.15968031898217e-12,NaN
-3841.202619,-0.4762215,-5.4044e-07,1.43218750000003e-09,1.44171672516672e-09,1.90374912249777e-12,-3.3449670487639e-12,-3.46044126083389e-12,NaN
-3831.11911075,-0.474971375,-5.38995625e-07,1.44449999999996e-09,1.44252153387153e-09,1.1302167427187e-12,-2.58671511528526e-12,-2.84436961836826e-12,NaN
-3821.037619,-0.4737215,-5.37551e-07,1.44625000000001e-09,1.44397715865216e-09,5.89853896106349e-13,-1.96494743445825e-12,-2.31042305962584e-12,NaN
-3810.951086,-0.472471,-5.36103125e-07,1.45650000000002e-09,1.44370124166374e-09,-1.40603281853284e-12,-1.45515063946279e-12,-1.8559498288759e-12,NaN
-3800.78893425,-0.471211125,-5.34638e-07,1.45956249999996e-09,1.4411650930151e-09,-2.54987934363016e-12,-1.04638197287655e-12,-1.47220443044464e-12,NaN
-3790.709459,-0.4699615,-5.33184e-07,1.44706249999999e-09,1.43860148297648e-09,-1.95992234117437e-12,-7.02894884001107e-13,-1.15057324255673e-12,NaN
-3780.62191775,-0.468710875,-5.31743875e-07,1.425e-09,1.43724524833275e-09,-1.02013645138935e-12,-3.87477095638387e-13,-8.87557465206124e-13,NaN
-3770.53538475,-0.467460375,-5.30334e-07,1.41743750000004e-09,1.43656121007371e-09,-6.23589417340605e-13,-1.41121008878043e-13,-6.81828908026778e-13,NaN
-3760.4599425,-0.46621125,-5.28909e-07,1.381625e-09,1.43599806949807e-09,-8.2068927693731e-13,3.21168168561011e-14,-5.30190429162694e-13,NaN
-3750.37845075,-0.464961375,-5.2757075e-07,1.44368749999997e-09,1.43491983151983e-09,-1.66049491049234e-12,8.78930390922124e-14,-4.27930514467038e-13,NaN
-3740.21327425,-0.463701125,-5.26021625e-07,1.49637500000004e-09,1.43267707967708e-09,-1.78988022112847e-12,-4.79571652264794e-14,-3.67651436021864e-13,NaN
-3730.1277495,-0.46245075,-5.24578e-07,1.43281250000002e-09,1.43134007107757e-09,-1.25314145313992e-12,-2.53181944309214e-13,-3.44013573308249e-13,NaN
-3720.0452495,-0.46120075,-5.23156e-07,1.41499999999999e-09,1.4301707967708e-09,-1.18711609336655e-12,-4.42823603839286e-13,-3.54710375745982e-13,NaN
-3709.9627495,-0.45995075,-5.21748e-07,1.41925e-09,1.42896583889084e-09,6.8392418389022e-14,-6.55612838519599e-13,-3.95126467734719e-13,NaN
-3699.882266,-0.458701,-5.203175e-07,1.43849999999995e-09,1.43030758160758e-09,1.19185021059795e-12,-9.36585521002013e-13,-4.63200734787435e-13,NaN
-3689.795733,-0.4574505,-5.18871e-07,1.43843749999999e-09,1.43134953931204e-09,-4.61699280447621e-13,-1.30055698242603e-12,-5.56504317786068e-13,NaN
-3679.71625775,-0.456200875,-5.17440625e-07,1.43350000000002e-09,1.42938418304668e-09,-2.27449763074671e-12,-1.47565294720159e-12,-6.64011779246802e-13,NaN
-3669.554106,-0.454941,-5.16004e-07,1.4378125e-09,1.42680054405054e-09,-2.68006756756812e-12,-1.41672477756326e-12,-7.64107181190794e-13,NaN
-3659.4695895,-0.45369075,-5.14565e-07,1.42900000000001e-09,1.42402404791155e-09,-2.18752193752188e-12,-1.35033769738848e-12,-8.49369631194888e-13,NaN
-3649.3870895,-0.45244075,-5.13146e-07,1.40549999999999e-09,1.4224255001755e-09,-1.17004431379371e-12,-1.22253799341637e-12,-9.17709187331034e-13,NaN
-3639.30559775,-0.451190875,-5.11754e-07,1.4e-09,1.42168395928396e-09,-5.13544226042364e-13,-1.04704493047806e-12,-9.71562676713255e-13,NaN
-3629.2220895,-0.44994075,-5.10346e-07,1.42112499999997e-09,1.42139841172341e-09,3.65237802737559e-14,-9.65169626247913e-13,-1.01122231791399e-12,NaN
-3619.141606,-0.448691,-5.0891175e-07,1.44006250000001e-09,1.42175700684451e-09,-2.14222095473922e-13,-9.96482683879856e-13,-1.03664020105664e-12,NaN
-3608.98147075,-0.447431375,-5.07465875e-07,1.42487500000002e-09,1.42096996753247e-09,-1.54550061425147e-12,-1.03162002662745e-12,-1.04419927865072e-12,NaN
-3598.89493775,-0.446180875,-5.06062e-07,1.41693750000003e-09,1.418666005616e-09,-2.159834591084e-12,-1.00548832585045e-12,-1.02605365507441e-12,NaN
-3588.81042125,-0.444930625,-5.04632e-07,1.41950000000001e-09,1.4166502983503e-09,-2.78396586521463e-12,-9.42722502375294e-13,-9.80540752840874e-13,NaN
-3578.72288,-0.44368,-5.03223e-07,1.41549999999995e-09,1.41309807388558e-09,-2.30191953317044e-12,-8.68408388354164e-13,-9.07827139741842e-13,NaN
-3568.64743775,-0.442430875,-5.01801e-07,1.42049999999998e-09,1.41204645928396e-09,4.68861881361183e-13,-8.48938624496263e-13,-8.12990297987977e-13,NaN
-3558.561913,-0.4411805,-5.00382e-07,1.4176875e-09,1.4140357976483e-09,9.55817830819404e-13,-8.4483278911221e-13,-7.11405372846757e-13,NaN
-3548.3967365,-0.43992025,-4.98965625e-07,1.421e-09,1.4139580949456e-09,-5.80561161810351e-13,-7.78088784454319e-13,-6.10069752509429e-13,NaN
-3538.3142365,-0.43867025,-4.9754e-07,1.41381250000002e-09,1.41287467532468e-09,-1.42428264303285e-12,-6.91316099470418e-13,-5.07800211971452e-13,NaN
-3528.23476125,-0.437420625,-4.96138e-07,1.37150000000006e-09,1.41110952965953e-09,-1.13918699543865e-12,-5.11582357384318e-13,-4.0577999597959e-13,NaN
-3518.15024475,-0.436170375,-4.94797e-07,1.37493749999998e-09,1.4105963013338e-09,-1.51366707618344e-13,-2.23534776046682e-13,-3.10618866463921e-13,NaN
-3508.06371175,-0.434919875,-4.93388125e-07,1.42449999999993e-09,1.41080679624429e-09,3.32550895052358e-13,-3.19488830943788e-14,-2.33520150378084e-13,NaN
-3497.98726125,-0.433670625,-4.91948e-07,1.42806250000005e-09,1.4112614031239e-09,8.57715426466604e-13,1.34334795199203e-14,-1.72234621788919e-13,NaN
-3487.90072825,-0.432420125,-4.90532e-07,1.43050000000005e-09,1.41252222709723e-09,9.65393559142785e-13,-1.66104639008078e-14,-1.20322587191573e-13,NaN
-3477.7385765,-0.43116025,-4.89087e-07,1.41868749999997e-09,1.41319219024219e-09,-2.16229378729336e-13,-4.63860759307341e-14,-7.82866802375997e-14,NaN
-3467.662126,-0.429911,-4.87694625e-07,1.40212499999998e-09,1.41208976833977e-09,-1.33978150228083e-12,1.19482432182762e-15,-3.98566484857085e-14,NaN
-3457.57660125,-0.428660625,-4.8628275e-07,1.40362499999997e-09,1.41051262723763e-09,-1.1037600912608e-12,9.21880350400921e-14,5.45845200051085e-16,NaN
-3447.4951095,-0.42741075,-4.84887375e-07,1.395375e-09,1.40988224815725e-09,2.05686205686004e-13,2.17195665817317e-13,3.90631652190262e-14,NaN
-3437.40756825,-0.426160125,-4.83492e-07,1.41418750000001e-09,1.410923999649e-09,8.75732713233995e-13,3.10683003069908e-13,6.69423245266692e-14,NaN
-3427.320027,-0.4249095,-4.82059e-07,1.43300000000001e-09,1.41163371358372e-09,6.19300631802029e-13,2.80756030300642e-13,8.01000837770379e-14,NaN
-3417.1609,-0.42365,-4.80626e-07,1.42118749999999e-09,1.4121626009126e-09,4.99648999650616e-13,1.95989604771679e-13,8.0504860943971e-14,NaN
-3407.08747425,-0.422401125,-4.79216625e-07,1.41449999999998e-09,1.41263301158302e-09,3.36887943137468e-13,6.55370149829663e-14,7.04355833099248e-14,NaN
-3397.00295775,-0.421150875,-4.77797e-07,1.41450000000003e-09,1.41283637679888e-09,9.68425324673521e-13,-7.0774587796326e-14,5.17225670658767e-14,NaN
-3386.9194495,-0.41990075,-4.76387625e-07,1.40856250000001e-09,1.41456986223236e-09,1.36187697437586e-12,-7.1104086141895e-14,1.99368263835283e-14,NaN
-3376.83795775,-0.418650875,-4.74979875e-07,1.40281249999998e-09,1.41556013074763e-09,5.65630484379081e-13,-1.97148534872623e-14,-2.67667115132668e-14,NaN
-3366.7544495,-0.41740075,-4.73582e-07,1.40693749999999e-09,1.41570112320112e-09,1.71768603018541e-13,-3.49089516608688e-14,-8.21343613774724e-14,NaN
-3356.669933,-0.4161505,-4.72166e-07,1.42731250000003e-09,1.41590366795367e-09,-7.40417690415724e-13,-1.24615981714945e-13,-1.43152700424175e-13,NaN
-3346.50576475,-0.414890375,-4.70727375e-07,1.42350000000004e-09,1.41422028782029e-09,-2.11351790101728e-12,-2.3709520875286e-13,-2.02369725295732e-13,NaN
-3336.4262895,-0.41364075,-4.69319e-07,1.41362500000001e-09,1.41167663215163e-09,-1.67950157950385e-12,-3.01479239635354e-13,-2.48440384712889e-13,NaN
-3326.34681425,-0.412391125,-4.67900125e-07,1.40737499999997e-09,1.41086128466128e-09,-4.96658915408907e-13,-3.35965046759362e-13,-2.822772150532e-13,NaN
-3316.2612895,-0.41114075,-4.6650425e-07,1.39506250000001e-09,1.41068331432082e-09,4.07849245352311e-13,-3.23648120115446e-13,-3.11061821280348e-13,NaN
-3306.18383075,-0.409891375,-4.6511e-07,1.40112500000003e-09,1.41167698315199e-09,5.72850122850805e-13,-2.84928246978263e-13,-3.407201819787e-13,NaN
-3296.0962895,-0.40864075,-4.63702e-07,1.41912499999997e-09,1.41182901456652e-09,-4.77351702353485e-13,-3.18948997271353e-13,-3.72029711433081e-13,NaN
-3285.93010475,-0.407380375,-4.6227175e-07,1.424e-09,1.41072227974728e-09,-1.11635222885384e-12,-4.25999206306849e-13,-3.98391197292683e-13,NaN
-3275.84760475,-0.406130375,-4.60854e-07,1.42531250000002e-09,1.40959631010881e-09,-1.62629650754717e-12,-5.42697565056864e-13,-4.14618056656219e-13,NaN
-3265.77518725,-0.404881625,-4.59421125e-07,1.41149999999997e-09,1.40746968673219e-09,-1.38961258336235e-12,-5.93494168299967e-13,-4.15671714725721e-13,NaN
-3255.68663775,-0.403630875,-4.58031e-07,1.40856249999998e-09,1.40681708494208e-09,-9.47679010178191e-14,-5.74066915032257e-13,-4.01819973126029e-13,NaN
-3245.6031295,-0.40238075,-4.56604e-07,1.40549999999999e-09,1.40728015093015e-09,2.65000877500489e-13,-5.40042641337408e-13,-3.80301060652283e-13,NaN
-3235.518613,-0.4011305,-4.5522e-07,1.40968749999999e-09,1.40734708669709e-09,2.34479203228728e-13,-5.0760301195003e-13,-3.54388694869788e-13,NaN
-3225.355453,-0.3998705,-4.53784625e-07,1.41318750000001e-09,1.40774910933661e-09,3.28117321867459e-13,-4.85854001009555e-13,-3.28235164301097e-13,NaN
-3215.2749695,-0.39862075,-4.52393625e-07,1.38006249999999e-09,1.40800332134082e-09,-2.16694454193441e-13,-3.93042815913405e-13,-3.03550119264134e-13,NaN
-3205.19751075,-0.397371375,-4.510245e-07,1.38931250000001e-09,1.40731572042822e-09,-7.78167778167529e-13,-2.42329305135017e-13,-2.72561956042487e-13,NaN
-3195.11299425,-0.396121125,-4.49615e-07,1.41225000000002e-09,1.40644698578449e-09,-8.3375526500547e-13,-1.37033905352589e-13,-2.32202220446419e-13,NaN
-3185.0315025,-0.39487125,-4.482e-07,1.40549999999999e-09,1.40564820989821e-09,-2.76022288522526e-13,-4.14917220774823e-14,-1.85913565617276e-13,NaN
-3174.94597775,-0.393620875,-4.46804e-07,1.40006249999999e-09,1.40589494120744e-09,2.7220515970494e-13,2.4892683706342e-14,-1.38079840820837e-13,NaN
-3164.86146125,-0.392370625,-4.45399875e-07,1.41150000000003e-09,1.40619262021762e-09,9.35898560906465e-14,8.23110299296601e-16,-9.2023665859178e-14,NaN
-3154.70031775,-0.391110875,-4.43981e-07,1.41875000000001e-09,1.40608212091962e-09,-1.43910143815076e-15,-4.38163754416162e-14,-4.72595764397937e-14,NaN
-3144.6248755,-0.38986175,-4.42562375e-07,1.41312499999996e-09,1.40618974201474e-09,-3.62401281150699e-13,-4.04346924977883e-14,-3.50451106255463e-15,NaN
-3134.536326,-0.388611,-4.4115475e-07,1.39118749999998e-09,1.40535731835732e-09,-6.51320638820399e-13,3.95819553788652e-14,4.17739171537625e-14,NaN
-3124.4558425,-0.38736125,-4.3978e-07,1.39887500000002e-09,1.4048871007371e-09,-1.15062302569021e-14,1.56428532312389e-13,9.03149364419571e-14,NaN
-3114.3773755,-0.38611175,-4.38357e-07,1.41050000000002e-09,1.40533430589681e-09,5.29964461213785e-13,2.23246929270666e-13,1.36673541732253e-13,NaN
-3104.2908425,-0.38486125,-4.36959e-07,1.4109375e-09,1.40594702965953e-09,9.43313443314103e-13,2.41647403484482e-13,1.73955398617336e-13,NaN
-3094.125666,-0.383601,-4.35535125e-07,1.42537500000001e-09,1.40722093278344e-09,9.24045717796172e-13,2.02826174067781e-13,1.97607219038226e-13,NaN
-3084.0492155,-0.38235175,-4.3410825e-07,1.41056249999999e-09,1.40779512109512e-09,3.50859950859691e-13,1.58100366911714e-13,2.0922487879547e-13,NaN
-3073.964699,-0.3811015,-4.32714e-07,1.40681250000002e-09,1.40792265268515e-09,8.69340119341457e-14,1.63388581289502e-13,2.13731705228117e-13,NaN
-3063.8761495,-0.37985075,-4.31294625e-07,1.40856250000001e-09,1.40796898911899e-09,2.79306335555714e-13,1.78040172938684e-13,2.12332342042508e-13,NaN
-3053.795666,-0.378601,-4.29896875e-07,1.39431249999999e-09,1.40848126535627e-09,6.88228325726779e-13,2.2098982314569e-13,2.04025375453287e-13,NaN
-3043.717199,-0.3773515,-4.28506e-07,1.39543749999999e-09,1.40934544577044e-09,2.40215865211293e-14,2.70317390280828e-13,1.87128971077305e-13,NaN
-3033.63570725,-0.376101625,-4.27106e-07,1.41081249999999e-09,1.40852930852931e-09,-5.95081607581557e-13,2.55735484798684e-13,1.66572527973791e-13,NaN
-3023.46448125,-0.374840625,-4.25684375e-07,1.40899999999998e-09,1.40815528255528e-09,-4.84226921729455e-14,2.16097228144427e-13,1.47516293021843e-13,NaN
-3013.389039,-0.3735915,-4.24288e-07,1.41093749999997e-09,1.40843246314496e-09,6.84450684917762e-16,1.80115813175667e-13,1.27908615892738e-13,NaN
-3003.306539,-0.3723415,-4.228625e-07,1.41012500000004e-09,1.40815665145665e-09,-2.27832134082098e-13,1.42163525537949e-13,1.08059763446345e-13,NaN
-2993.21698125,-0.371090625,-4.2146775e-07,1.41075000000003e-09,1.4079767988768e-09,1.95910845911227e-13,1.16168982090245e-13,8.78923211671905e-14,NaN
-2983.13649775,-0.369840875,-4.20041e-07,1.41487499999999e-09,1.40854847314847e-09,7.81912513164229e-13,8.85265831635889e-14,6.2212546772973e-14,NaN
-2973.059039,-0.3685915,-4.18638e-07,1.40499999999995e-09,1.40954062390313e-09,8.05857318356952e-13,5.51674357298932e-14,2.76021502615985e-14,NaN
-2962.88680475,-0.367330375,-4.17231e-07,1.41299999999999e-09,1.41016018778519e-09,6.25482625460876e-14,-1.40926987429479e-14,-1.34286664640354e-14,NaN
-2952.8073295,-0.36608075,-4.15812e-07,1.40856250000004e-09,1.40966572042822e-09,-5.31495700246478e-13,-1.19857852865878e-13,-5.39887616742684e-14,NaN
-2942.7288625,-0.36483125,-4.14413875e-07,1.4054375e-09,1.40909719638469e-09,-5.21435152684923e-13,-2.00918819803485e-13,-8.950195128479e-14,NaN
-2932.640313,-0.3635805,-4.13001125e-07,1.41031250000001e-09,1.40862285012285e-09,-3.51237276236773e-13,-2.33588722638398e-13,-1.20713944368503e-13,NaN
-2922.557813,-0.3623305,-4.1159325e-07,1.4005625e-09,1.40839472183222e-09,5.84393646904207e-14,-2.06213521804986e-13,-1.49592553505549e-13,NaN
-2912.4732965,-0.36108025,-4.102e-07,1.40506249999999e-09,1.40873972885223e-09,1.25723938230098e-14,-1.70127543936309e-13,-1.79240940384334e-13,NaN
-2902.320219,-0.3598215,-4.08783125e-07,1.41425e-09,1.40841986661987e-09,-9.63671463665671e-14,-1.86264013987684e-13,-2.09175637691028e-13,NaN
-2892.23267775,-0.358570875,-4.073715e-07,1.41537499999997e-09,1.4085469945595e-09,3.95028957536437e-14,-2.21719776054503e-13,-2.36605754781895e-13,NaN
-2882.14816125,-0.357320625,-4.05952375e-07,1.41056250000001e-09,1.40849887241137e-09,-6.8657204282204e-13,-2.38771380344191e-13,-2.60697332397798e-13,NaN
-2872.068686,-0.356071,-4.04550375e-07,1.40768750000004e-09,1.40717385047385e-09,-8.89270358020353e-13,-2.24673715513015e-13,-2.77382875949839e-13,NaN
-2861.9841695,-0.35482075,-4.03137e-07,1.41118749999998e-09,1.40672033169533e-09,-5.88210775718174e-14,-2.42017747201144e-13,-2.85749727663696e-13,NaN
-2851.90469425,-0.353571125,-4.01728e-07,1.4034375e-09,1.40705620831871e-09,-2.07098982100126e-13,-2.9933503775074e-13,-2.90553208805382e-13,NaN
-2841.82219425,-0.352321125,-4.00330125e-07,1.40850000000002e-09,1.40630613373113e-09,-7.02533783784795e-13,-3.29737133662705e-13,-2.91296362984704e-13,NaN
-2831.658026,-0.351061,-3.98911e-07,1.41587499999999e-09,1.40565114075114e-09,-4.14654264654796e-13,-3.53023513974307e-13,-2.8608197249762e-13,NaN
-2821.571493,-0.3498105,-3.97498375e-07,1.40749999999999e-09,1.40547682520182e-09,-2.32318357316604e-13,-3.83194485888e-13,-2.76176323025108e-13,NaN
-2811.49605075,-0.348561375,-3.96096e-07,1.39918749999999e-09,1.40518650403651e-09,-3.98968936467294e-13,-3.73945128136095e-13,-2.61460059564326e-13,NaN
-2801.414559,-0.3473115,-3.947e-07,1.39549999999998e-09,1.40467888732889e-09,-4.49659968411698e-13,-2.9767486630498e-13,-2.41205233352057e-13,NaN
-2791.3219765,-0.34606025,-3.93305e-07,1.3976875e-09,1.40428718409968e-09,-7.98876798890658e-14,-2.09898873028766e-13,-2.15976288486296e-13,NaN
-2781.24048475,-0.344810375,-3.91904625e-07,1.39731250000002e-09,1.40451911196911e-09,3.99670937171746e-13,-1.72582535902957e-13,-1.88715109122083e-13,NaN
-2771.0722835,-0.34354975,-3.90510375e-07,1.40081250000001e-09,1.40508652597403e-09,5.07689101439056e-13,-1.66783973144149e-13,-1.63177091614121e-13,NaN
-2760.99684125,-0.342300625,-3.89103e-07,1.40868750000001e-09,1.40553449017199e-09,8.37442962446593e-14,-1.60705410912575e-13,-1.4107200105377e-13,NaN
-2750.913333,-0.3410505,-3.87693e-07,1.40406249999999e-09,1.40525401456652e-09,-7.77799227797733e-13,-1.34569686228651e-13,-1.20085634415481e-13,NaN
-2740.82982475,-0.339800375,-3.86294875e-07,1.40799999999998e-09,1.40397889171639e-09,-9.46340821340938e-13,-7.90141011218411e-14,-9.41634586478577e-14,NaN
-2730.7503495,-0.33855075,-3.84877e-07,1.4128125e-09,1.40336133292383e-09,-2.35286504037669e-13,-3.34793399517325e-14,-6.22143292368132e-14,NaN
-2720.6638165,-0.33730025,-3.8346925e-07,1.399e-09,1.40350831870832e-09,5.6625131624864e-14,7.24667867929306e-15,-2.93821882635269e-14,NaN
-2710.58635775,-0.336050875,-3.82079e-07,1.40362499999999e-09,1.40347458318708e-09,-5.1827395577276e-14,5.6148103329263e-14,2.93784535421373e-15,NaN
-2700.4221895,-0.33479075,-3.80662e-07,1.41887499999999e-09,1.40340466391716e-09,-1.81723850473436e-13,5.63615986151627e-14,3.60627288138728e-14,NaN
-2690.337673,-0.3335405,-3.7924125e-07,1.39650000000001e-09,1.40311113548614e-09,5.71823446824772e-14,5.78680831279988e-14,7.00385532855285e-14,NaN
-2680.25618125,-0.332290625,-3.77869e-07,1.38825000000002e-09,1.40351902860653e-09,4.44726219726935e-13,1.23449651531586e-13,1.01868855004028e-13,NaN
-2670.176706,-0.331041,-3.7646475e-07,1.4105e-09,1.40400058792559e-09,4.83375745876537e-13,1.61671448517802e-13,1.27790399231777e-13,NaN
-2660.09521425,-0.329791125,-3.75048e-07,1.412625e-09,1.40448578009828e-09,5.77661021410407e-13,1.5413807668811e-13,1.46730987305189e-13,NaN
-2650.011706,-0.328541,-3.736395e-07,1.40200000000003e-09,1.40515590996841e-09,7.16622060372294e-13,1.64213427802347e-13,1.57880841389578e-13,NaN
-2639.84350475,-0.327280375,-3.72244e-07,1.40574999999997e-09,1.40591902421903e-09,4.27189364689888e-13,1.77332565348095e-13,1.60717271762452e-13,NaN
-2629.76705425,-0.326031125,-3.70828e-07,1.41843749999999e-09,1.40601028869779e-09,-3.50710775711639e-13,1.6319241425908e-13,1.57820011509293e-13,NaN
-2619.68455425,-0.324781125,-3.69407125e-07,1.40900000000004e-09,1.4052176026676e-09,-4.21353983855066e-13,1.41406481753031e-13,1.54879757471646e-13,NaN
-2609.60003775,-0.323530875,-3.6801e-07,1.40318749999997e-09,1.40516758073008e-09,1.65990259740538e-13,1.31279576615056e-13,1.52764971944219e-13,NaN
-2599.51955425,-0.322281125,-3.6660075e-07,1.3895e-09,1.40554958318708e-09,3.87383731134687e-13,1.44800659305176e-13,1.46692662214022e-13,NaN
-2589.432013,-0.3210305,-3.65231e-07,1.38418750000003e-09,1.40594234819235e-09,4.14314233064701e-13,2.01756116418141e-13,1.34531576934255e-13,NaN
-2579.27591075,-0.319771375,-3.63832375e-07,1.40356249999998e-09,1.40637821165321e-09,1.15424271673969e-13,2.450901386518e-13,1.17236099788321e-13,NaN
-2569.19139425,-0.318521125,-3.62423875e-07,1.41881249999998e-09,1.4061731967357e-09,-1.68703931204616e-13,1.99492942786181e-13,9.75625172944155e-14,NaN
-2559.10687775,-0.317270875,-3.6099475e-07,1.40993750000002e-09,1.4060408037908e-09,5.06296068792386e-14,1.22332127367639e-13,7.8232287548298e-14,NaN
-2549.02841075,-0.316021375,-3.59604e-07,1.40287500000003e-09,1.40627445594946e-09,1.02141102140669e-13,9.52667300823238e-14,5.8502122940967e-14,NaN
-2538.93986125,-0.314770625,-3.58189e-07,1.41149999999997e-09,1.40624508599509e-09,1.06506669006618e-13,6.046718975232e-14,3.8122930628336e-14,NaN
-2528.86139425,-0.313521125,-3.56781e-07,1.411625e-09,1.40648746928747e-09,5.42580730080668e-13,-1.39885625815915e-14,1.71189093148369e-14,NaN
-2518.77284475,-0.312270375,-3.5536575e-07,1.41781250000003e-09,1.40733024745525e-09,2.07658388907725e-13,-8.28008454317028e-14,-7.35899254827365e-15,NaN
-2508.60968475,-0.311010375,-3.53945375e-07,1.40843749999998e-09,1.40690278606529e-09,-6.4446296946324e-13,-1.33455312320829e-13,-3.37369112521139e-14,NaN
-2498.528193,-0.3097605,-3.52548875e-07,1.39912499999998e-09,1.40604132151632e-09,-3.28955335205468e-13,-1.60396301449334e-13,-5.68318754004261e-14,NaN
-2488.44871775,-0.308510875,-3.51147125e-07,1.40318750000002e-09,1.40624487539487e-09,7.8360828360894e-14,-1.53132242308233e-13,-7.76768903887234e-14,NaN
-2478.3652095,-0.30726075,-3.497425e-07,1.40856250000001e-09,1.40619804317304e-09,-2.24888118637763e-13,-1.25560554429042e-13,-9.78158048854797e-14,NaN
-2468.2827095,-0.30601075,-3.4833e-07,1.39981249999998e-09,1.4057950991576e-09,-2.84400228150454e-13,-9.5941240736378e-14,-1.14756252401307e-13,NaN
-2458.2042425,-0.30476125,-3.46942875e-07,1.40624999999999e-09,1.40562924271674e-09,5.06800631799978e-14,-8.90584397103648e-14,-1.28476389863987e-13,NaN
-2448.0289835,-0.30349975,-3.455175e-07,1.42381250000001e-09,1.40589645928396e-09,5.83055458067471e-14,-1.46520373605217e-13,-1.41343405271151e-13,NaN
-2437.95959075,-0.302251375,-3.4409525e-07,1.40937500000002e-09,1.40574585380836e-09,8.10306247814087e-14,-2.08722466061413e-13,-1.53777837699115e-13,NaN
-2427.86700825,-0.301000125,-3.4269875e-07,1.39562499999998e-09,1.40605852053352e-09,5.35187785187056e-14,-2.00613457198189e-13,-1.66340575318932e-13,NaN
-2417.7895495,-0.29975075,-3.41304e-07,1.39374999999999e-09,1.40585289136539e-09,-8.46114864864966e-13,-1.61382431637661e-13,-1.77722985931899e-13,NaN
-2407.709066,-0.298501,-3.3991125e-07,1.39750000000001e-09,1.40436629080379e-09,-1.15143910143943e-12,-1.3270480266778e-13,-1.81763532691876e-13,NaN
-2397.6205165,-0.29725025,-3.38509e-07,1.40712500000001e-09,1.40355001316251e-09,-2.25919182169869e-13,-1.40695334436397e-13,-1.76973684692266e-13,NaN
-2387.45836475,-0.295990375,-3.37097e-07,1.4105e-09,1.40391445243945e-09,8.53128290628925e-14,-1.76807728808289e-13,-1.69301939846906e-13,NaN
-2377.37586475,-0.294740375,-3.35688e-07,1.4095e-09,1.40372063882064e-09,-6.07664970163597e-13,-1.9791257125178e-13,-1.62004331334687e-13,NaN
-2367.294373,-0.2934905,-3.34278e-07,1.402e-09,1.40269912249912e-09,-2.85468585468409e-13,-2.07488342389973e-13,-1.52251692063271e-13,NaN
-2357.211873,-0.2922405,-3.32884e-07,1.39749999999998e-09,1.4031497016497e-09,5.74916637415711e-13,-1.92440546466385e-13,-1.42171230073125e-13,NaN
-2347.12836475,-0.290990375,-3.31483e-07,1.3984375e-09,1.40384895577396e-09,4.21952878203465e-13,-1.39449331854842e-13,-1.36963522934679e-13,NaN
-2337.04788125,-0.289740625,-3.30087125e-07,1.40550000000002e-09,1.40399360740611e-09,3.17216567217289e-13,-1.05855434610217e-13,-1.35459455991149e-13,NaN
-2326.96538125,-0.288490625,-3.28672e-07,1.40356250000001e-09,1.40448338890839e-09,3.00039487538306e-13,-1.1204722217536e-13,-1.365101396084e-13,NaN
-2316.801213,-0.2872305,-3.2728e-07,1.398125e-09,1.40459368638119e-09,-3.39228676729192e-13,-1.02652981451729e-13,-1.40248545587272e-13,NaN
-2306.71468,-0.28598,-3.2587575e-07,1.4071875e-09,1.40380493155493e-09,-7.12969462968276e-13,-9.17392492437371e-14,-1.43377349695061e-13,NaN
-2296.636213,-0.2847305,-3.24465625e-07,1.40593750000002e-09,1.40316774745525e-09,-6.02766321515214e-13,-1.18845388411164e-13,-1.43282049648007e-13,NaN
-2286.553713,-0.2834805,-3.23063875e-07,1.40381250000001e-09,1.4025993989119e-09,-2.86716830467619e-13,-1.42771929945234e-13,-1.39889092394398e-13,NaN
-2276.471213,-0.2822305,-3.21658e-07,1.40887499999998e-09,1.40259431379431e-09,5.23865830114484e-13,-1.3664721698874e-13,-1.35231300867917e-13,NaN
-2266.38972125,-0.280980625,-3.20246125e-07,1.4135e-09,1.40364713057213e-09,6.62304756055345e-13,-1.26334455840528e-13,-1.34276474549686e-13,NaN
-2256.22454475,-0.279720375,-3.18831e-07,1.39749999999998e-09,1.40391892330643e-09,-3.46060021059738e-13,-8.40979207818897e-14,-1.36973307316691e-13,NaN
-2246.143053,-0.2784705,-3.17451125e-07,1.390375e-09,1.40295501053001e-09,-9.14222095473e-13,-3.09598137862809e-14,-1.37088358609387e-13,NaN
-2236.06156125,-0.277220625,-3.1605025e-07,1.40806250000002e-09,1.40209047911548e-09,-7.07213057213398e-13,-6.0802320858999e-14,-1.32176415361053e-13,NaN
-2225.9841025,-0.27597125,-3.14635e-07,1.409625e-09,1.40154058441558e-09,-1.30681818181769e-13,-1.34981268944631e-13,-1.23851402104602e-13,NaN
-2215.90059425,-0.274721125,-3.13231e-07,1.39874999999999e-09,1.40182911547912e-09,3.31614162864058e-13,-1.70106128941843e-13,-1.15910998400485e-13,NaN
-2205.8191025,-0.27347125,-3.118375e-07,1.40449999999999e-09,1.40220381274131e-09,3.50219375219473e-13,-1.7916546047526e-13,-1.11545660060477e-13,NaN
-2195.7325695,-0.27222075,-3.10422e-07,1.41899999999999e-09,1.40252955422955e-09,3.12414443664662e-13,-2.20720921025476e-13,-1.09840647237464e-13,NaN
-2185.5653765,-0.27096025,-3.089995e-07,1.39450000000001e-09,1.40282864162864e-09,-1.40880572132036e-13,-2.31942664973627e-13,-1.09725405824292e-13,NaN
-2175.48186825,-0.269710125,-3.07633e-07,1.38675e-09,1.40224779308529e-09,-5.22847929099252e-13,-1.6537220390163e-13,-1.08550880573554e-13,NaN
-2165.406426,-0.268461,-3.06226e-07,1.40668749999999e-09,1.40178294577044e-09,-3.46233327482143e-13,-1.2257592615621e-13,-1.02904064543257e-13,NaN
-2155.32493425,-0.267211125,-3.04819625e-07,1.3905e-09,1.40155532643033e-09,-3.50155756405149e-13,-9.44691148951585e-14,-9.35305474214988e-14,NaN
-2145.2434425,-0.26596125,-3.03445e-07,1.38581250000002e-09,1.40108263425763e-09,-5.82634257634522e-13,-3.94133330668528e-14,-8.2574125873015e-14,NaN
-2135.15590125,-0.264710625,-3.02048e-07,1.40856250000001e-09,1.40039005791506e-09,-2.81048174797489e-13,-2.07476567739522e-14,-6.96339271902537e-14,NaN
-2124.995766,-0.263451,-3.00627875e-07,1.41349999999998e-09,1.40052053790804e-09,3.829677079686e-13,-3.94938444652968e-14,-5.54553494803179e-14,NaN
-2114.9112495,-0.26220075,-2.99221e-07,1.40518749999997e-09,1.40115599333099e-09,3.68037030537433e-13,-5.62030754171275e-14,-4.35311079917469e-14,NaN
-2104.8327825,-0.26095125,-2.978175e-07,1.39800000000002e-09,1.40125661196911e-09,1.16477272727029e-13,-4.48144330505167e-14,-3.39443511161564e-14,NaN
-2094.74725775,-0.259700875,-2.96425e-07,1.39218750000001e-09,1.40138894787645e-09,1.53134871884252e-13,2.01481060704388e-14,-2.41338330509597e-14,NaN
-2084.66879075,-0.258451375,-2.95033125e-07,1.39787499999999e-09,1.40156288171288e-09,-5.2550895050969e-13,7.67446109619953e-14,-1.37162189241383e-14,NaN
-2074.58024125,-0.257200625,-2.9362925e-07,1.4140625e-09,1.40033792997543e-09,-9.09788522288929e-13,5.15185682451715e-14,2.82120534807579e-16,NaN
-2064.41909775,-0.255940875,-2.92205e-07,1.4105e-09,1.3997433046683e-09,-4.06217093709103e-14,-8.68869336566443e-15,1.90993999345892e-14,NaN
-2054.333573,-0.2546905,-2.9080825e-07,1.40649999999999e-09,1.40025668655669e-09,5.51891014391961e-13,-4.92491018011705e-14,3.60626156037362e-14,NaN
-2044.25611425,-0.253441125,-2.89392e-07,1.39593750000001e-09,1.40084708669709e-09,5.96316690066789e-13,-4.16917357587915e-14,4.67090519911e-14,NaN
-2034.17563075,-0.252191375,-2.88016375e-07,1.39725e-09,1.40144931993682e-09,4.79181291680628e-13,1.24802773286295e-14,5.17856896216051e-14,NaN
-2024.09111425,-0.250941125,-2.865975e-07,1.39818749999999e-09,1.40180544928045e-09,6.61817743067598e-13,6.43556864337572e-14,5.28511101043476e-14,NaN
-2014.01063075,-0.249691375,-2.8522e-07,1.3900625e-09,1.40277295542296e-09,3.0780975781055e-13,1.0793007368311e-13,4.81324774068946e-14,NaN
-2003.93418025,-0.248442125,-2.83817375e-07,1.40400000000003e-09,1.40242106879607e-09,-6.31802825552277e-13,1.18114592189766e-13,3.88708010896694e-14,NaN
-1993.7720285,-0.24718225,-2.82412e-07,1.4013125e-09,1.40150934977185e-09,-1.83856177605962e-13,8.9219646847315e-14,3.07516520878501e-14,NaN
-1983.67238825,-0.245930125,-2.8101475e-07,1.40287499999997e-09,1.40205335644086e-09,1.92446911196887e-13,5.82693384993001e-14,2.19475779834922e-14,NaN
-1973.59392125,-0.244680625,-2.7960625e-07,1.40837500000002e-09,1.40189424359425e-09,-3.45669533169402e-13,2.99524153666566e-14,1.04651441679154e-14,NaN
-1963.5124295,-0.24343075,-2.78198e-07,1.409625e-09,1.40136201737452e-09,-1.75043875043617e-13,-2.5548005303893e-15,-8.1824532442665e-16,NaN
-1953.431946,-0.242181,-2.76787e-07,1.40043749999997e-09,1.40154415584416e-09,2.18245436995138e-13,-2.24850352065502e-14,-1.22827207529972e-14,NaN
-1943.34843775,-0.240930875,-2.75397125e-07,1.3861875e-09,1.40179850824851e-09,1.80422955422033e-13,-3.10593453001684e-15,-2.54613094233378e-14,NaN
-1933.1842695,-0.23967075,-2.74014625e-07,1.39406250000001e-09,1.401905001755e-09,-2.77272727272756e-13,1.79968019421522e-14,-4.02212794183626e-14,NaN
-1923.10479425,-0.238421125,-2.72609e-07,1.39831249999999e-09,1.40124396279396e-09,-8.10975342224907e-13,6.02990251339927e-15,-5.40014787160756e-14,NaN
-1913.02431075,-0.237171375,-2.71218e-07,1.40500000000003e-09,1.40028305107055e-09,-4.5145884520874e-13,-1.53414688865503e-14,-6.30984447333762e-14,NaN
-1902.93979425,-0.235921125,-2.69799e-07,1.427e-09,1.40034104510355e-09,5.49089592840343e-13,-8.02017087767145e-14,-6.90449601613536e-14,NaN
-1892.8583025,-0.23467125,-2.68364e-07,1.40749999999999e-09,1.40138123025623e-09,8.52457002456952e-13,-1.71525343543718e-13,-7.78133875962587e-14,NaN
-1882.77277775,-0.233420875,-2.66984e-07,1.399e-09,1.40204595910846e-09,5.92874692873816e-13,-2.03294520834128e-13,-9.15866164989382e-14,NaN
-1872.69027775,-0.232170875,-2.65566e-07,1.40006249999999e-09,1.40256697964198e-09,1.51193401189839e-14,-1.91416459052118e-13,-1.08650551897009e-13,NaN
-1862.52308475,-0.230910375,-2.64183875e-07,1.38737500000002e-09,1.4020761977887e-09,-6.77347314847473e-13,-1.67273277674368e-13,-1.24728856209202e-13,NaN
-1852.4395765,-0.22966025,-2.6279125e-07,1.39618750000001e-09,1.40121228501229e-09,-6.98155054404764e-13,-1.54168071263679e-13,-1.35060786055325e-13,NaN
-1842.36211775,-0.228410875,-2.613915e-07,1.39849999999998e-09,1.40067988767989e-09,-6.12949719199242e-13,-1.35632325469265e-13,-1.39405129238858e-13,NaN
-1832.27961775,-0.227160875,-2.5999425e-07,1.40693749999999e-09,1.39998638557389e-09,-3.7083187083144e-13,-1.19431644930168e-13,-1.38448167595273e-13,NaN
-1822.198126,-0.225911,-2.58577625e-07,1.411625e-09,1.39993822393823e-09,5.41176728675175e-14,-1.53527998746126e-13,-1.39043760775778e-13,NaN
-1812.111593,-0.2246605,-2.57171e-07,1.39731249999999e-09,1.40009462091962e-09,2.27224464723519e-13,-1.59436217082365e-13,-1.3952863025885e-13,NaN
-1801.9504495,-0.22340075,-2.55783e-07,1.39518749999999e-09,1.40039267286767e-09,1.38509126009073e-13,-1.18197097600412e-13,-1.2766111579642e-13,NaN
-1791.869966,-0.222151,-2.54380625e-07,1.39331250000001e-09,1.40037163917164e-09,-1.10376447876191e-13,-9.52736532224993e-14,-1.10238380980112e-13,NaN
-1781.78847425,-0.220901125,-2.52996375e-07,1.39631250000002e-09,1.40017191997192e-09,-2.6904176904248e-13,-8.36424831962771e-14,-9.67108041882756e-14,NaN
-1771.70395775,-0.219650875,-2.51588e-07,1.40168750000001e-09,1.39983355563356e-09,-6.19228237978971e-13,-6.92303852219735e-14,-8.54692591860094e-14,NaN
-1761.62347425,-0.218401125,-2.50193e-07,1.399e-09,1.39893346349596e-09,-7.36363636363787e-13,-5.65604953232888e-14,-7.39437493707832e-14,NaN
-1751.54702375,-0.217151875,-2.4879e-07,1.41099999999999e-09,1.39836082836083e-09,-2.52718058968159e-13,-7.69097646967746e-14,-6.11734256079354e-14,NaN
-1741.3788225,-0.21589125,-2.47371e-07,1.41356250000002e-09,1.39842802737803e-09,6.0119778870029e-14,-1.28207010372735e-13,-4.91636146241998e-14,NaN
-1731.29531425,-0.214641125,-2.45962875e-07,1.39437499999998e-09,1.39848106791857e-09,4.57743945244735e-13,-1.41950951335426e-13,-3.82650980371349e-14,NaN
-1721.2138225,-0.21339125,-2.4458225e-07,1.38574999999998e-09,1.39934351526852e-09,6.76199982450299e-13,-8.51623003938973e-14,-3.07201577739371e-14,NaN
-1711.1272895,-0.21214075,-2.43191375e-07,1.39050000000003e-09,1.39983346788347e-09,1.57855826606121e-13,-3.00673920050752e-15,-2.91558760756751e-14,NaN
-1701.05184725,-0.210891625,-2.4180125e-07,1.38918750000001e-09,1.39965922692173e-09,-1.87155580905596e-13,6.62294806784123e-14,-2.95949090222896e-14,NaN
-1690.947669875,-0.2096389375,-2.40413e-07,1.401125e-09,1.39945915672166e-09,-3.19219462969732e-13,9.1476775918252e-14,-2.8382592214097e-14,NaN
-1680.843391675,-0.2083862375,-2.38999e-07,1.412e-09,1.39902078799579e-09,-4.94011056503763e-14,5.86983856078351e-14,-2.53265761896325e-14,NaN
-1670.75675785,-0.207135725,-2.37589e-07,1.40712499999998e-09,1.39936035451036e-09,2.35854685854932e-13,2.25698486386666e-14,-2.24577421973101e-14,NaN
-1660.65288295,-0.205883075,-2.3618475e-07,1.40199999999999e-09,1.3994924973675e-09,1.79255879255441e-13,-8.51516194057013e-17,-1.99546162243106e-14,NaN
-1650.562216125,-0.2046320625,-2.34785e-07,1.39987500000001e-09,1.39971886626887e-09,5.03277465777283e-13,1.26693935209287e-13,-1.66432316265987e-14,NaN
-1640.4634833,-0.20338005,-2.33385e-07,1.39150000000002e-09,1.40049905229905e-09,3.31756756756568e-13,2.01799862716935e-13,-1.53918777427985e-14,NaN
-1630.372816475,-0.2021290375,-2.32002e-07,1.387e-09,1.40038237978238e-09,-3.64803439804073e-13,-4.29166542951717e-14,-1.53035676010951e-14,NaN
-1620.27408365,-0.200877025,-2.30611e-07,1.3995e-09,1.39976944541945e-09,-6.08312127062251e-13,-1.90195613240968e-13,-1.25724985190166e-14,NaN
-1610.1865424,-0.1996264,-2.29203e-07,1.40868750000001e-09,1.39916575552826e-09,-3.51746226745887e-13,-1.4212028220847e-13,-7.05139244617153e-15,NaN
-1600.092649175,-0.1983749875,-2.27793625e-07,1.406375e-09,1.39906595296595e-09,-3.34656897155788e-14,-1.12909175517598e-13,-4.7806201010123e-18,NaN
-1589.9896817,-0.19712245,-2.2639025e-07,1.4048125e-09,1.39909882414882e-09,7.34555984561424e-14,-9.59078128502548e-14,7.48478982196339e-15,NaN
-1579.897804975,-0.1958712875,-2.24984e-07,1.40312499999999e-09,1.39921286416287e-09,4.90095208845191e-13,-8.87189124756031e-14,1.45882831076393e-14,NaN
-1569.79584575,-0.194618875,-2.23584e-07,1.39006249999999e-09,1.40007901456652e-09,7.21516321516569e-13,-6.00600901760497e-14,1.87153299810071e-14,NaN
-1559.70769955,-0.193368175,-2.22203875e-07,1.39512500000001e-09,1.4006558968059e-09,1.64884608634769e-13,-2.76748914074597e-14,1.82594990926086e-14,NaN
-1549.61592365,-0.192117025,-2.2079375e-07,1.4024375e-09,1.40040878378378e-09,-5.05010530011979e-13,1.1186416298659e-14,1.56967357043302e-14,NaN
-1539.519005675,-0.1908652375,-2.19399e-07,1.3965625e-09,1.39964587574587e-09,-7.55071955072051e-13,7.53419011688757e-14,1.48640693612029e-14,NaN
-1529.421180275,-0.1896133375,-2.18000625e-07,1.40499999999999e-09,1.39889863987364e-09,-6.73622323621432e-13,9.78050011635913e-14,1.79470346159121e-14,NaN
-1519.322548275,-0.1883613375,-2.16589e-07,1.40881249999999e-09,1.39829863109863e-09,-2.1262285012321e-13,7.09949116653063e-14,2.50869452370361e-14,NaN
-1509.2365194,-0.1871109,-2.15183e-07,1.40150000000001e-09,1.39847339417339e-09,4.39961389961088e-13,4.54066828483038e-14,3.31743297062573e-14,NaN
-1499.125284275,-0.1858573375,-2.13786e-07,1.3885e-09,1.39917855387855e-09,4.77338539838369e-13,5.54065678091769e-14,3.81108128602577e-14,NaN
-1489.04147355,-0.184607175,-2.12406e-07,1.39218749999998e-09,1.39942807125307e-09,1.85205335204932e-13,8.11420900303542e-14,3.99794321282995e-14,NaN
-1478.938909375,-0.1833546875,-2.11001625e-07,1.39800000000001e-09,1.39954896454896e-09,-3.64981133731155e-12,8.26636388215414e-14,3.95701752220669e-14,NaN
-1468.858425875,-0.1821049375,-2.0961e-07,1.3913125e-09,1.39212844857845e-09,-2.94441909441925e-12,9.6648073545263e-14,5.76239685695588e-14,NaN
-1458.747291575,-0.1808513875,-2.08219e-07,1.3981875e-09,1.39366012636013e-09,5.09153431028434e-12,1.1255927581573e-13,8.9268214742373e-14,NaN
-1448.660758575,-0.1796008875,-2.06813625e-07,1.40800000000001e-09,1.40231151719902e-09,4.15023911898944e-12,8.67308692488659e-14,8.79676837520159e-14,NaN
-1438.563336475,-0.1783490375,-2.05403e-07,1.40681249999999e-09,1.4019606045981e-09,-6.33906633901689e-14,3.37693181094255e-14,5.88262231142806e-14,NaN
-1428.468435,-0.1770975,-2.04e-07,1.39750000000001e-09,1.40218473587224e-09,1.42596086346681e-13,-1.25110205054925e-14,2.66175363848525e-14,NaN
-1418.374138475,-0.1758460375,-2.02608e-07,1.39925000000001e-09,1.4022457967708e-09,-7.80602843100474e-14,-3.87137886896613e-14,-8.74067623370434e-15,NaN
-1408.271473475,-0.1745935375,-2.012015e-07,1.39406249999999e-09,1.40202861530362e-09,-2.52549140049036e-13,-4.93553654943283e-14,-4.63661911150172e-14,NaN
-1398.183528925,-0.1733428625,-1.99819875e-07,1.38781249999999e-09,1.4017406984907e-09,-5.76926114425867e-13,-3.35381457546711e-14,-8.56432706710867e-14,NaN
-1388.08943405,-0.172091425,-1.98425875e-07,1.3994375e-09,1.40087476307476e-09,-5.91088978589099e-13,-1.79096336721142e-14,-1.24341966902539e-13,NaN
-1377.99544,-0.17084,-1.97021e-07,1.4015e-09,1.40055852053352e-09,-4.55223323973513e-13,-3.29911011122746e-14,-1.61929232611968e-13,NaN
-1367.8911618,-0.1695873,-1.95622875e-07,1.4035e-09,1.39996431642682e-09,-8.7149438399411e-13,-6.93000661528735e-14,-1.97013371258778e-13,NaN
-1357.797671875,-0.1683359375,-1.94214e-07,1.40643749999999e-09,1.39881553176553e-09,-4.97779922779985e-13,-1.24311074954255e-13,-2.2514410897523e-13,NaN
-1347.709122375,-0.1670851875,-1.9281e-07,1.4e-09,1.39896875658126e-09,2.75721744471266e-13,-1.89041726845276e-13,-2.47979040248084e-13,NaN
-1337.61240605,-0.165833425,-1.91414e-07,1.39150000000002e-09,1.39936697525448e-09,1.03687697437741e-13,-2.2212201087592e-13,-2.69281375307231e-13,NaN
-1327.516496325,-0.1645817625,-1.90027e-07,1.3895e-09,1.39917613197613e-09,-5.69237012986965e-13,-2.18546022010381e-13,-2.88330259693838e-13,NaN
-1317.42401465,-0.163330525,-1.88635e-07,1.3965e-09,1.3982285012285e-09,-8.09764391014959e-13,-2.26098816208501e-13,-3.01955343768669e-13,NaN
-1307.333247,-0.1620795,-1.87234e-07,1.39524999999999e-09,1.3975566031941e-09,-3.93015093014935e-13,-2.46793703116555e-13,-3.08764122178522e-13,NaN
-1297.2293721,-0.16082685,-1.858445e-07,1.596e-09,1.39744247104247e-09,-3.28797385047235e-13,-6.37794420486634e-13,-3.10571240995844e-13,NaN
-1287.136688775,-0.1595755875,-1.84042e-07,1.40556250000002e-09,1.39689900842401e-09,-4.95671726922226e-13,-1.03923071062734e-12,-3.06723645024251e-13,NaN
-1277.0357378,-0.1583233,-1.83033375e-07,1.2035625e-09,1.39645112758863e-09,-2.80008336258098e-13,-6.95663847432127e-13,-2.96125046666286e-13,NaN
-1266.94053385,-0.157071725,-1.81634875e-07,1.3941875e-09,1.39633899175149e-09,-1.619866619845e-14,-3.14936798684725e-13,-2.80317644918744e-13,NaN
-1256.85480745,-0.155821325,-1.80245e-07,1.3894375e-09,1.39641873025623e-09,-3.33889083888266e-15,-2.62744813812854e-13,-2.61007865713444e-13,NaN
-1246.754864725,-0.1545691625,-1.78856e-07,1.39112499999999e-09,1.39633231396981e-09,-1.87032730782503e-13,-1.97931926475791e-13,-2.38776581313264e-13,NaN
-1236.661878925,-0.1533178625,-1.7746275e-07,1.39700000000001e-09,1.39604466479467e-09,-4.82774657774844e-13,-1.40403696604165e-13,-2.12991607453777e-13,NaN
-1226.564456825,-0.1520660125,-1.76062e-07,1.39868749999999e-09,1.39536676465426e-09,-7.12201649701685e-13,-8.70074845373742e-14,-1.82538107635604e-13,NaN
-1216.474495775,-0.1508150875,-1.74665375e-07,1.39899999999999e-09,1.39462026149526e-09,-3.84487978238128e-13,-4.51396318266669e-14,-1.45969742300762e-13,NaN
-1206.37132665,-0.149562525,-1.73264e-07,1.38862500000002e-09,1.39459778869779e-09,-7.63140575643708e-14,1.04012301151183e-14,-1.04059942467789e-13,NaN
-1196.27229135,-0.148310475,-1.71888125e-07,1.4019375e-09,1.39446763338013e-09,-2.52553527553557e-13,6.54388473056866e-14,-5.87551618776182e-14,NaN
-1186.177389875,-0.1470589375,-1.70460125e-07,1.41199999999999e-09,1.39409268164268e-09,-2.2316821691839e-13,6.41837426161008e-14,-1.06234232740576e-14,NaN
-1176.089646975,-0.1458082875,-1.69064125e-07,1.39212500000001e-09,1.3940212969463e-09,-7.79484029485689e-14,7.31972648461225e-14,3.89189513628761e-14,NaN
-1165.99656035,-0.144556975,-1.67675875e-07,1.3910625e-09,1.39393678483678e-09,-4.7966391716375e-13,1.29033445719596e-13,8.77227400127452e-14,NaN
-1155.897625875,-0.1433049375,-1.66282e-07,1.3989375e-09,1.39306196911197e-09,-7.36644436644286e-13,1.7556958292442e-13,1.36738458041277e-13,NaN
-1145.806051625,-0.1420538125,-1.64878e-07,1.404e-09,1.3924634959635e-09,-3.70132063882144e-13,1.88433501080109e-13,1.86917415133633e-13,NaN
-1135.7053023,-0.14080155,-1.63474e-07,1.4005e-09,1.3923217049842e-09,-2.38109863110034e-13,1.8973834811896e-13,2.35545660018782e-13,NaN
-1125.61332475,-0.139550375,-1.62077e-07,1.39212499999999e-09,1.39198727623728e-09,4.76770796770782e-12,2.14666892166074e-13,2.80984424240323e-13,NaN
-1115.519633175,-0.1382989875,-1.6068975e-07,1.393e-09,1.40185712091962e-09,6.33843234468278e-12,2.44836669643683e-13,2.94667571304483e-13,NaN
-1105.424429225,-0.1370474125,-1.59291e-07,1.3958125e-09,1.40466414092664e-09,-2.13316953316917e-12,2.59822738662711e-13,2.67563424518305e-13,NaN
-1095.330435175,-0.1357959875,-1.57898125e-07,1.39931249999999e-09,1.39759078185328e-09,-3.46797999297981e-12,2.68293784090621e-13,2.46103975513067e-13,NaN
-1085.23331555,-0.134544175,-1.56492375e-07,1.396625e-09,1.39772818094068e-09,9.63408213412978e-14,2.77485036746715e-13,2.37922152421579e-13,NaN
-1075.139220675,-0.1332927375,-1.55104875e-07,1.3916875e-09,1.39778346349596e-09,1.22777729027402e-13,2.92120339343151e-13,2.26047638502935e-13,NaN
-1065.03927795,-0.132040575,-1.53709e-07,1.39781250000001e-09,1.39797373639874e-09,1.95610301859967e-13,3.00173960622048e-13,2.11100962574822e-13,NaN
-1054.948006175,-0.1307894875,-1.5230925e-07,1.4024375e-09,1.39817468409968e-09,1.90678746929222e-13,2.86435334561102e-13,1.92853490890899e-13,NaN
-1044.85209645,-0.129537825,-1.50904125e-07,1.396625e-09,1.39835509389259e-09,1.17865917866178e-13,2.54463724532708e-13,1.74079314193689e-13,NaN
-1034.758808175,-0.1282864875,-1.49516e-07,1.3890625e-09,1.39841041593542e-09,-3.666308353803e-13,2.32298603846602e-13,1.54824289099222e-13,NaN
-1024.66733475,-0.127035375,-1.48126e-07,1.39275e-09,1.39762183222183e-09,-4.38436732186418e-13,2.14853424551207e-13,1.3572881953173e-13,NaN
-1014.56991265,-0.125783525,-1.467305e-07,1.40212500000001e-09,1.39753354247104e-09,2.80688399437874e-13,1.68995261803334e-13,1.16961268810049e-13,NaN
-1004.4799516,-0.1245326,-1.4532175e-07,1.40175e-09,1.39818320902071e-09,3.34417778167729e-13,1.04701055871677e-13,9.40168621199776e-14,NaN
-994.376782475,-0.1232800375,-1.43927e-07,1.39837499999999e-09,1.39820237802738e-09,6.01526851525978e-14,4.15701543009605e-14,6.64955248853611e-14,NaN
-984.290249475,-0.1220295375,-1.42525e-07,1.41000000000001e-09,1.39830351439102e-09,2.10657248156823e-13,-5.1810318190601e-14,3.70204808324267e-14,NaN
-974.191315,-0.1207775,-1.41107e-07,1.40218750000001e-09,1.39862369252369e-09,3.42635573885784e-13,-1.67190404199864e-13,5.63285176362341e-15,NaN
-964.085121125,-0.1195245625,-1.39720625e-07,1.398e-09,1.39898878553879e-09,2.57169182169387e-13,-2.6219657319431e-13,-2.9235842784662e-14,NaN
-953.9960675,-0.11827375,-1.38311e-07,1.40124999999999e-09,1.39913803088803e-09,-3.06291681293387e-14,-3.63796445791941e-13,-6.75891082265157e-14,NaN
-943.903787475,-0.1170225375,-1.36918125e-07,1.39350000000001e-09,1.39892752720253e-09,-2.55982362232137e-13,-2.26062871320927e-13,-1.05328729464208e-13,NaN
-933.81070085,-0.115771225,-1.35524e-07,1.3985625e-09,1.39862606616357e-09,-2.92758424007931e-13,4.9702826889518e-14,-1.39356512809431e-13,NaN
-923.709548225,-0.1145189125,-1.34121e-07,1.4029375e-09,1.39834201035451e-09,-1.25423394173875e-13,2.42270510877454e-15,-1.69440580707136e-13,NaN
-913.620393775,-0.1132680875,-1.32718125e-07,1.3996875e-09,1.39837521937522e-09,3.48280098275978e-14,-1.16331160207158e-13,-1.95698818698692e-13,NaN
-903.527206325,-0.1120167625,-1.31321625e-07,1.3950625e-09,1.39841166637417e-09,-1.26906370656519e-13,-1.31597785399131e-13,-2.18423737720986e-13,NaN
-893.42464215,-0.110764275,-1.29928e-07,1.38993750000001e-09,1.39812140663391e-09,-2.72898385398694e-13,-1.37047120657578e-13,-2.3702077400024e-13,NaN
-883.333168725,-0.1095131625,-1.2854175e-07,1.39262500000001e-09,1.39786586960337e-09,-2.65351877851785e-13,-1.27504889487973e-13,-2.50915558312364e-13,NaN
-873.233931775,-0.1082610875,-1.2714275e-07,1.39349999999999e-09,1.3975907028782e-09,-3.65174183924062e-13,-1.76321348721712e-13,-2.60499586009481e-13,NaN
-863.14326495,-0.107010075,-1.2575475e-07,1.39631249999999e-09,1.39713552123552e-09,-5.95377764127675e-13,-2.38514832074914e-13,-2.65940462273891e-13,NaN
-853.049573375,-0.1057586875,-1.24350125e-07,1.40537499999999e-09,1.39639994734995e-09,-6.78053703054069e-13,-3.02855402115947e-13,-2.66129221261083e-13,NaN
-842.963443675,-0.1045082375,-1.22944e-07,1.40356250000001e-09,1.39577941382941e-09,-4.25662513162543e-13,-3.69391993240299e-13,-2.60352080991928e-13,NaN
-832.8612828,-0.1032558,-1.21543e-07,1.4001875e-09,1.39554862232362e-09,-1.40145665145326e-13,-3.84919641725238e-13,-2.50032213334204e-13,NaN
-822.763759875,-0.1020039375,-1.20143625e-07,1.39631249999999e-09,1.39549912249912e-09,-1.26377676377883e-13,-3.73038276763823e-13,-2.36912341108326e-13,NaN
-812.66946335,-0.100752475,-1.18750375e-07,1.39031250000001e-09,1.39529586697087e-09,6.02843102840105e-14,-3.54210950209912e-13,-2.21594988981179e-13,NaN
-802.56760495,-0.099500075,-1.17363e-07,1.39018750000001e-09,1.39561969111969e-09,1.35571691821625e-13,-3.14976716489062e-13,-2.06164739729254e-13,NaN
-792.481172775,-0.0982495875,-1.1597e-07,1.39374999999999e-09,1.39556701035451e-09,-1.78939978939596e-13,-2.4054037648269e-13,-1.92126622033722e-13,NaN
-782.38526305,-0.096997925,-1.145755e-07,1.396e-09,1.39526181116181e-09,-6.44831519826832e-14,-1.44340416054901e-13,-1.78533347181086e-13,NaN
-772.288345075,-0.0957461375,-1.13178e-07,1.3953125e-09,1.39543804405054e-09,-1.73679361181301e-14,-8.86091793429321e-14,-1.67169486697564e-13,NaN
-762.19203205,-0.094494425,-1.11784875e-07,1.39662499999999e-09,1.39522707528958e-09,-4.54786767293349e-14,-7.70085480104445e-14,-1.47948570117494e-13,NaN
-752.106809775,-0.0932440875,-1.1038475e-07,1.39825e-09,1.39534708669709e-09,-3.72649175149025e-13,-7.19400551244742e-14,-1.12269469257185e-13,NaN
-742.004749725,-0.0919916625,-1.08988375e-07,1.394125e-09,1.39448177693928e-09,-9.3442238504673e-13,-5.94352095424671e-14,-7.05038968240163e-14,NaN
-731.904907825,-0.0907395125,-1.075965e-07,1.390125e-09,1.39347824192699e-09,-3.7018734643736e-13,-2.49205252475205e-14,-2.44661258643819e-14,NaN
-721.813736875,-0.0894884375,-1.06208125e-07,1.38993750000001e-09,1.3937414022464e-09,-6.12091303966344e-13,2.10149937765258e-14,2.67005481815127e-14,NaN
-711.720952725,-0.0882371625,-1.04816625e-07,1.39306250000001e-09,1.39225405931906e-09,-9.89316207440671e-13,6.79015273381748e-14,8.33060535966487e-14,NaN
-701.625345475,-0.0869855375,-1.03422e-07,1.3988125e-09,1.39176276983152e-09,4.30403650403869e-13,1.18943653401752e-13,1.46405006260235e-13,NaN
-691.5260077,-0.08573345,-1.02019e-07,1.3985e-09,1.39311486661987e-09,1.01055216742688e-12,1.65767554853209e-13,2.06895130056884e-13,NaN
-681.43443345,-0.084482325,-1.00625e-07,1.3965e-09,1.39378387416638e-09,8.90838232712908e-13,2.023317143509e-13,2.60433677786731e-13,NaN
-671.3335833,-0.08323005,-9.9226e-08,1.3955e-09,1.39489654308529e-09,1.09784244471723e-12,2.31262910196998e-13,3.06546709663792e-13,NaN
-661.244126375,-0.0819791875,-9.7834e-08,1.3955e-09,1.39597955905581e-09,9.38211653211948e-13,2.64256064242529e-13,3.43568036912703e-13,NaN
-651.144082825,-0.0807270125,-9.6435e-08,1.391375e-09,1.39677296639172e-09,7.02338539838128e-13,3.13651800998924e-13,3.72975166158636e-13,NaN
-641.05523085,-0.079476225,-9.505125e-08,1.391e-09,1.39738423613549e-09,5.14498946998583e-13,3.71956680347311e-13,3.95625026426361e-13,NaN
-630.954279875,-0.0782239375,-9.3653e-08,1.391125e-09,1.39780196428571e-09,3.6728457353522e-13,4.38369541029735e-13,4.11218686448012e-13,NaN
-620.855849525,-0.0769719625,-9.2269e-08,1.39400000000001e-09,1.39811880528256e-09,-2.05634433134301e-13,4.97873830881731e-13,4.20374668219431e-13,NaN
-610.764073625,-0.0757208125,-9.0865e-08,1.396875e-09,1.39739069541945e-09,-8.4126996314532e-13,5.2783234281581e-13,4.26951258623668e-13,NaN
-600.6713903,-0.07446955,-8.947525e-08,1.38943749999999e-09,1.39643626535627e-09,-2.85519261144187e-13,5.60635965757926e-13,4.34996562961978e-13,NaN
-590.577295425,-0.0732181125,-8.8086125e-08,1.38962500000001e-09,1.39681965689716e-09,5.45805326430171e-13,5.99663023739243e-13,4.41069625862774e-13,NaN
-580.4834022,-0.0719667,-8.6696e-08,1.3850625e-09,1.39752787600913e-09,7.99491049490717e-13,6.33366906987044e-13,4.3979620759793e-13,NaN
-570.383157,-0.0707145,-8.5316e-08,1.41551874999999e-09,1.39841863899614e-09,9.99285933660901e-13,6.08291191782257e-13,4.29025295503058e-13,NaN
-560.29722895,-0.069464075,-8.38649625e-08,1.42427499999999e-09,1.39952644787645e-09,8.9684889434872e-13,5.01543736996843e-13,4.07130061830919e-13,NaN
-550.18811115,-0.068210775,-8.246745e-08,1.39465625e-09,1.40021233678484e-09,6.54225605475628e-13,4.23027898429423e-13,3.74668479013828e-13,NaN
-540.101477325,-0.0669602625,-8.107565e-08,1.43443125e-09,1.4008348990874e-09,5.66215119340472e-13,3.07634102354466e-13,3.33351155190443e-13,NaN
-530.0031478,-0.0657083,-7.95985875e-08,1.42115e-09,1.40134476702352e-09,5.02725078975161e-13,1.35273843753236e-13,2.8437736767764e-13,NaN
-519.910162,-0.064457,-7.823335e-08,1.37854375000001e-09,1.40184034924535e-09,4.89109775359595e-13,7.18431718512299e-14,2.28749796019049e-13,NaN
-509.81495805,-0.063205425,-7.68415e-08,1.39313125e-09,1.40232298657424e-09,4.11117497367463e-13,6.58622968273003e-14,1.67471888967909e-13,NaN
-499.718040075,-0.0619536375,-7.54470875e-08,1.39146875e-09,1.40266258424008e-09,3.37470384345461e-13,4.14488201078248e-14,1.0158150165989e-13,NaN
-489.6231386,-0.0607021,-7.40585625e-08,1.3908125e-09,1.40299792734293e-09,3.23380572130655e-13,2.31263583091496e-14,3.14086885363987e-14,NaN
-479.521381025,-0.0594497125,-7.26654625e-08,1.3945125e-09,1.40330934538435e-09,8.52518427520049e-14,-2.7023780673776e-15,-4.22001133984083e-14,NaN
-469.435251325,-0.0581992625,-7.12695375e-08,1.3948625e-09,1.40316843102843e-09,-3.01089856089687e-13,-3.61030036340503e-14,-1.16715772039979e-13,NaN
-459.33067065,-0.056946525,-6.98757375e-08,1.39155000000001e-09,1.40270716567217e-09,-5.5579567392093e-13,-6.57042663729365e-14,-1.89187334486063e-13,NaN
-449.2467591,-0.05569635,-6.84864375e-08,1.39045e-09,1.40205683968059e-09,-5.64540189540378e-13,-9.38572256329721e-14,-2.5694465760255e-13,NaN
-439.14389245,-0.054443825,-6.70948375e-08,1.41931875e-09,1.40157808529309e-09,-4.46230914355824e-13,-1.79749176954051e-13,-3.18915143291277e-13,NaN
-429.040521675,-0.0531912375,-6.56478e-08,1.43461875e-09,1.40116437785188e-09,-6.90622148122286e-13,-3.50826883645395e-13,-3.75454487063281e-13,NaN
-418.96679345,-0.051942325,-6.42256e-08,1.40889375e-09,1.40019684099684e-09,-1.14702571077534e-12,-5.0385884114009e-13,-4.24299170259647e-13,NaN
-408.841241175,-0.0506869875,-6.28300125e-08,1.40415e-09,1.39887032643033e-09,-1.50632941382902e-12,-5.95040230781785e-13,-4.62103388723851e-13,NaN
-398.76912615,-0.049438275,-6.14173e-08,1.40238125e-09,1.39718418216918e-09,-9.2234007546515e-13,-6.53451229893394e-13,-4.87050915406275e-13,NaN
-388.668981775,-0.0481860875,-6.002525e-08,1.3919e-09,1.3970256462794e-09,6.2431554931393e-14,-6.64737057863061e-13,-5.02558519425273e-13,NaN
-378.581440525,-0.0469354625,-5.86335e-08,1.394025e-09,1.39730904527905e-09,-2.97367497367805e-13,-6.49903670146667e-13,-5.13956212889094e-13,NaN
-368.475045,-0.0456825,-5.72372e-08,1.39085625e-09,1.39643091128466e-09,9.248925061425e-14,-6.37822218168236e-13,-5.19175887633902e-13,NaN
-358.4070638,-0.0444343,-5.58517875e-08,1.3923e-09,1.39749402378027e-09,8.79838539838358e-13,-6.25122963375596e-13,-5.20904514674986e-13,NaN
-348.290989075,-0.0431801375,-5.44526e-08,1.3961125e-09,1.39819058836434e-09,-3.15495568620544e-13,-6.01067706122768e-13,-5.24445283486107e-13,NaN
-338.1827787,-0.04192695,-5.30595625e-08,1.3950375e-09,1.39686303264303e-09,-1.15128904878882e-12,-5.71174160454364e-13,-5.23761185250991e-13,NaN
-328.052286,-0.040671,-5.1662525e-08,1.39483125e-09,1.39588801026676e-09,-9.15449938574736e-13,-5.43556892441402e-13,-5.14587541079126e-13,NaN
-317.96172,-0.03942,-5.02699e-08,1.3915125e-09,1.39503213276588e-09,-8.33533696033947e-13,-4.99608115115211e-13,-4.97673055813115e-13,NaN
-307.90361965,-0.038173025,-4.88795e-08,1.3887e-09,1.39422094287469e-09,-7.40587486837924e-13,-4.35089703227931e-13,-4.72691124115146e-13,NaN
-297.791376275,-0.0369193375,-4.74925e-08,1.39115e-09,1.39355095779221e-09,-7.37689540189413e-13,-3.71401763822969e-13,-4.40694445665437e-13,NaN
-287.724806625,-0.0356713125,-4.60972e-08,1.39448125e-09,1.39274556379431e-09,-1.02756866444336e-12,-3.25011206754965e-13,-4.02697154294228e-13,NaN
-277.635753,-0.0344205,-4.47035375e-08,1.39585e-09,1.39149582046332e-09,-1.32905712530696e-12,-2.91963259201512e-13,-3.58149483106659e-13,NaN
-267.502134725,-0.0331641625,-4.33055e-08,1.39155625e-09,1.3900874495437e-09,-7.1711170586172e-13,-2.50254167251387e-13,-3.06586678407193e-13,NaN
-257.431935375,-0.0319156875,-4.1920425e-08,1.3897125e-09,1.3900615970516e-09,5.74443225693015e-13,-1.90571926674075e-13,-2.52407020035276e-13,NaN
-247.34449495,-0.030665075,-4.0526075e-08,1.3913125e-09,1.39123633599509e-09,8.57741532116337e-13,-1.44852822220254e-13,-2.03503426859927e-13,NaN
-237.255038025,-0.0294142125,-3.91378e-08,1.3958375e-09,1.39177708011583e-09,5.82573490698653e-13,-1.41727543908626e-13,-1.61884171448605e-13,NaN
-227.151163125,-0.0281615625,-3.77344e-08,1.3955e-09,1.39240148297648e-09,5.06509082134021e-13,-1.66677609596423e-13,-1.26587586259952e-13,NaN
-217.0584798,-0.0269103,-3.63468e-08,1.38905e-09,1.3927900982801e-09,3.58318708317716e-14,-1.59653846463015e-13,-9.78605325060725e-14,NaN
-206.9832392,-0.0256612,-3.49563e-08,1.39145625e-09,1.39247314671815e-09,-3.42059494559244e-13,-1.09010484225835e-13,-7.34370581634581e-14,NaN
-196.89610125,-0.024410625,-3.35638875e-08,1.39035e-09,1.39210597929098e-09,-2.63416330291372e-13,-8.36058503528299e-14,-5.12859869811185e-14,NaN
-186.8142062,-0.0231607,-3.21756e-08,1.387825e-09,1.39194631405756e-09,-1.06798218673402e-13,-4.28175523675872e-14,-3.183249202968e-14,NaN
-176.72384185,-0.021909725,-3.07882375e-08,1.39015e-09,1.39189238285363e-09,-1.71754563004589e-13,4.71091268284192e-14,-1.57394416860036e-14,NaN
-166.6000036,-0.0206546,-2.93953e-08,1.39510625e-09,1.39160280493155e-09,-5.12403474901558e-14,9.35435326060186e-14,-1.97246508130512e-15,NaN
-156.48624785,-0.019400725,-2.7998025e-08,1.3993e-09,1.39178990215865e-09,2.48148473148774e-13,9.53671547294519e-14,9.14580953480574e-15,NaN
-146.398000825,-0.0181500125,-2.65967e-08,1.3942625e-09,1.39209910187785e-09,1.27766102141186e-13,9.09116360466699e-14,1.59648040069655e-14,NaN
-136.29382345,-0.016897325,-2.52095e-08,1.3903e-09,1.39204543436294e-09,-8.79977623728698e-14,7.52492766393069e-14,1.95538773803839e-14,NaN
-126.18672215,-0.015644275,-2.38161e-08,1.3880125e-09,1.39192310635311e-09,-9.30901193403035e-14,6.57426426525769e-14,2.17158278620258e-14,NaN
-116.1157162,-0.0143957,-2.2433475e-08,1.38931875e-09,1.39185925412425e-09,7.15090821339084e-14,6.05071417914649e-14,2.28723609389305e-14,NaN
-105.998431575,-0.0131413875,-2.10374625e-08,1.3947375e-09,1.39206612451737e-09,2.24126009126326e-13,3.08627376567781e-14,2.22387752085956e-14,NaN
-95.916738175,-0.0118914875,-1.9644e-08,1.39603125e-09,1.39230750614251e-09,6.19750351002788e-14,-3.08572740356321e-14,1.92340775164651e-14,NaN
-85.8137707,-0.01063895,-1.82454e-08,1.39560625e-09,1.39219007458758e-09,-2.50748946999293e-13,-8.17719534148717e-14,1.51264723251101e-14,NaN
-75.72380965,-0.009388025,-1.68527875e-08,1.3919e-09,1.39180600824851e-09,-2.52911328536138e-13,-8.03606656427605e-14,1.20845619878133e-14,NaN
-65.616607525,-0.0081349625,-1.54616e-08,1.38771875e-09,1.3916842519305e-09,1.45069322569482e-13,-6.20976374959746e-14,9.99862181692746e-15,NaN
-55.5364265,-0.00688525,-1.407735e-08,1.3826e-09,1.39209614689365e-09,2.36800851175783e-13,-4.04637373763359e-14,5.94021168843952e-15,NaN
-45.44565885,-0.005634225,-1.26964e-08,1.3872e-09,1.39215785363285e-09,-1.57304536679406e-13,-2.09205902054114e-15,-1.47212727994786e-15,NaN
-35.3508582,-0.0043827,-1.130295e-08,1.3941e-09,1.39178153782029e-09,-2.83540057915334e-13,1.89122630793721e-14,-9.4955498335737e-15,NaN
-25.2594856,-0.0031316,-9.9082e-09,1.398875e-09,1.39159077351702e-09,-5.11444805198714e-14,1.01664832764765e-14,-1.55588493256952e-14,NaN
-15.142402625,-0.0018773125,-8.5052e-09,1.39184375e-09,1.39167924885925e-09,3.65242190244149e-14,-1.2561726288563e-15,-2.14577015506631e-14,NaN
-5.073614825,-0.0006290125,-7.1245125e-09,1.3903e-09,1.39166382195507e-09,-9.79133029129802e-14,-5.81044924598233e-15,-2.63288862345857e-14,NaN
5.03903185,0.000624725,-5.7246e-09,1.401125e-09,1.39148342225342e-09,-1.38157028782061e-13,-3.21811979405669e-14,-2.69914154876766e-14,NaN
15.143209225,0.0018774125,-4.3222625e-09,1.39098125e-09,1.39138750789751e-09,-8.23955773956237e-14,-5.36161888932788e-14,-2.6068588024176e-14,NaN
25.266039225,0.0031324125,-2.9426375e-09,1.38791875e-09,1.39131863109863e-09,8.72464022464772e-14,-4.05494184993738e-14,-2.56552696534675e-14,NaN
35.373443,0.0043855,-1.546425e-09,1.39284375e-09,1.391562000702e-09,3.00296595296559e-13,-3.06310128214394e-14,-2.55536973808636e-14,NaN
45.420150125,0.0056310625,-1.5695e-10,1.3910125e-09,1.39191922428922e-09,1.35894392769272e-13,-3.29918142627936e-14,-2.63872492000995e-14,NaN
55.51525325,0.006882625,1.2356e-09,1.391175e-09,1.39183378948754e-09,-1.37840250965311e-13,-3.48496116881612e-14,-2.69310888285036e-14,NaN
65.61509515,0.008134775,2.6254e-09,1.38765e-09,1.39164354378729e-09,-1.28753071253365e-13,-2.44483844528343e-14,-2.57028769085927e-14,NaN
75.692453075,0.0093841375,4.0109e-09,1.38795e-09,1.39157628334503e-09,-3.83702614952725e-14,-3.00676511905501e-15,-2.32034118839355e-14,NaN
85.7923958,0.0106363,5.4013e-09,1.392025e-09,1.3915668032643e-09,1.68888206390393e-14,8.33887165028561e-15,-2.11218203517604e-14,NaN
95.88356675,0.011887375,6.79495e-09,1.39679375e-09,1.39161006098631e-09,6.40509828008375e-14,-2.2055860892972e-15,-1.8932367004092e-14,NaN
105.9896598,0.0131403,8.1948875e-09,1.3927125e-09,1.39169490522991e-09,1.79215733590825e-13,-1.56621800571428e-14,-1.52278673762356e-14,-7.28289309298224e-08
116.06752185,0.014389725,9.580375e-09,1.38435625e-09,1.39196849245349e-09,5.94362056863257e-14,1.42327654701596e-15,-1.21775015411345e-14,-5.82402247619476e-08
126.148207,0.0156395,1.09636e-08,1.39231875e-09,1.39181377764128e-09,-2.76870173745295e-13,2.23861675307886e-14,-9.51283128859695e-15,-4.54961496411158e-08
136.25994625,0.016893125,1.23650125e-08,1.3971e-09,1.391414752106e-09,-3.40290672165591e-13,7.01833439370005e-15,-4.80197675840718e-15,-2.29659758010778e-08
146.3648294,0.0181459,1.37578e-08,1.39614375e-09,1.39113319629695e-09,-1.1599376974383e-13,-2.55638824026887e-14,5.58697576057361e-16,2.67203188549173e-09
156.436037,0.0193945,1.51573e-08,1.388375e-09,1.39118276456651e-09,-6.94506844506095e-14,-3.8898352827076e-14,4.98632304531654e-15,2.38476319558617e-08
166.510168525,0.0206434625,1.653455e-08,1.38615e-09,1.39099429492805e-09,-1.38793655668416e-13,-5.18855757181888e-14,8.73232506628325e-15,4.17632937952677e-08
176.6175723,0.02189655,1.79296e-08,1.3904875e-09,1.39090517725518e-09,3.00276193400946e-13,-7.58823102075283e-14,1.18731356273706e-14,5.67845616961203e-08
186.7254802,0.0231497,1.9315525e-08,1.3938e-09,1.39159484731485e-09,3.79591962091941e-13,-6.2830793436947e-14,1.25536032825357e-14,6.00389722208229e-08
196.8249188,0.0244018,2.07172e-08,1.4004125e-09,1.39166436117936e-09,-4.2525886275647e-14,-2.99804845221384e-14,1.06072422311661e-14,5.0730288931664e-08
206.947244675,0.0256567375,2.211635e-08,1.3906e-09,1.3915097955423e-09,-4.29466479466667e-14,3.04036317697955e-15,8.00573282562654e-15,3.82882874269095e-08
217.0310554,0.0269069,2.34984e-08,1.38271875e-09,1.39157846788347e-09,3.91747104246204e-14,4.909010443279e-14,4.83064029420892e-15,2.31030622766514e-08
227.11214385,0.028156725,2.48817875e-08,1.3883e-09,1.39158814496315e-09,1.02360477359104e-14,8.08577730931291e-14,2.05134829125087e-16,9.81079617554764e-10
237.21964845,0.029409825,2.6275e-08,1.3906375e-09,1.39159893997894e-09,-1.23172385047448e-13,8.54118285024019e-14,-6.5887508735236e-15,-3.15114172211998e-08
247.2890412,0.0306582,2.76630625e-08,1.3934875e-09,1.39134180019305e-09,-2.25631800631657e-13,7.02804956657158e-14,-1.5102391719971e-14,-7.22288299650787e-08
257.3788006,0.0319091,2.9061975e-08,1.39536875e-09,1.39114767637768e-09,-1.51801509301249e-13,4.24266717577339e-14,-2.46492542868928e-14,-1.17887737893835e-07
267.4782392,0.0331612,3.04538e-08,1.3961625e-09,1.39103819717445e-09,1.45211038961605e-14,-1.63006588433336e-14,-3.59596483257109e-14,-1.71980926775139e-07
277.603489,0.0344165,3.18543e-08,1.393e-09,1.39117671858547e-09,2.87809319055997e-14,-8.09034676346427e-14,-5.06407859591657e-14,-2.42195063282966e-07
287.6746966,0.0356651,3.32398e-08,1.3829375e-09,1.39109575903826e-09,-3.28084634959703e-13,-8.54804138046763e-14,-6.87564354319559e-14,-3.2883512597892e-07
297.797022475,0.0369200375,3.4620175e-08,1.38364375e-09,1.39052054931555e-09,-3.50724815724764e-13,-8.78325251229066e-14,-8.7497126438934e-14,-4.18464517751423e-07
307.860769025,0.0381677125,3.60070875e-08,1.39084375e-09,1.39039430940681e-09,9.85821779572594e-14,-1.26221510666597e-13,-1.0744779617224e-13,-5.13880764302017e-07
317.9568804,0.0394194,3.74018625e-08,1.3951875e-09,1.39071771367146e-09,4.02248376623629e-13,-1.47716128342948e-13,-1.32487653978889e-13,-6.33636605985991e-07
328.069325425,0.0406731125,3.87974625e-08,1.39464375e-09,1.39119880616006e-09,2.45511363636429e-13,-1.63123388543131e-13,-1.63487556953481e-13,-7.81897011516648e-07
338.159286475,0.0419240375,4.019115e-08,1.39521875e-09,1.39120873639874e-09,4.25456739206367e-13,-1.93601259058239e-13,-1.99123029159792e-13,-9.52327530764223e-07
348.2523731,0.04317535,4.15879e-08,1.39179375e-09,1.39204971963847e-09,6.97408739908468e-13,-2.27240955888913e-13,-2.40626450651675e-13,-1.15082215529062e-06
358.3558447,0.04442795,4.29747375e-08,1.38483125e-09,1.39260355387855e-09,-1.71269524394497e-13,-2.4834275084176e-13,-2.8889617124899e-13,-1.38167734075604e-06
368.4395546,0.0456781,4.43575625e-08,1.38928125e-09,1.39170718058968e-09,-7.47372104247278e-13,-2.700215376261e-13,-3.38663039073832e-13,-1.6196927955705e-06
378.556032625,0.0469323125,4.57533e-08,1.39061875e-09,1.39110880967006e-09,-8.02163039663183e-13,-3.09148631246463e-13,-3.85062114721681e-13,-1.84160141823413e-06
388.659907525,0.0481849625,4.71388e-08,1.3899e-09,1.39010285451035e-09,-1.09115522990505e-12,-3.58218454998462e-13,-4.25457797408669e-13,-2.03479816151972e-06
398.787375475,0.0494405375,4.85331e-08,1.38925e-09,1.38892649921025e-09,-1.14469221656711e-12,-4.06753175974153e-13,-4.58064277356377e-13,-2.19074219605224e-06
408.82521,0.050685,4.99173e-08,1.38884375e-09,1.38781347007722e-09,-1.04289663039687e-12,-4.45037985469909e-13,-4.82872373501952e-13,-2.30938961240064e-06
418.9270684,0.0519374,5.13107875e-08,1.39075e-09,1.38684070594946e-09,-8.07492321867345e-13,-4.84640299885382e-13,-4.9997264298085e-13,-2.39117350990841e-06
429.0119882,0.0531877,5.26988e-08,1.388225e-09,1.38619848543349e-09,-5.57811951561751e-13,-5.29027735649796e-13,-5.10345958305644e-13,-2.44078501798351e-06
439.109007,0.0544395,5.40872375e-08,1.3894e-09,1.38572508204633e-09,2.5735082485121e-13,-5.64796840929079e-13,-5.15039569111361e-13,-2.46323272183694e-06
449.20542085,0.055691225,5.54776e-08,1.38888125e-09,1.38671318708319e-09,6.71244954370156e-13,-5.83590093206053e-13,-5.18261377442243e-13,-2.47864137037594e-06
459.31211885,0.056944225,5.6865e-08,1.39075e-09,1.38706757195507e-09,-4.60970515970756e-13,-6.03252866893004e-13,-5.22061856822629e-13,-2.49681757610823e-06
469.389073475,0.0581935375,5.82591e-08,1.39364375e-09,1.38579124605125e-09,-6.71542427167527e-13,-6.57896370534381e-13,-5.19821641752998e-13,-2.48610350403608e-06
479.4890162,0.0594457,5.96522875e-08,1.39083125e-09,1.38572448710074e-09,-2.3378488065998e-13,-6.91557289118559e-13,-5.10291287268333e-13,-2.44052354780507e-06
489.5795822,0.0606967,6.10407625e-08,1.3855e-09,1.38532367628993e-09,-8.27928220428103e-13,-6.59619499695749e-13,-4.9583995334947e-13,-2.37140847254094e-06
499.6782142,0.0619487,6.24232875e-08,1.38044374999999e-09,1.38406863065988e-09,-9.56136144260876e-13,-6.08988967297562e-13,-4.72499394545559e-13,-2.25977971304398e-06
509.759101,0.0631985,6.380165e-08,1.3815875e-09,1.3834114040014e-09,-7.02428703053878e-13,-5.51432843862939e-13,-4.39046525621194e-13,-2.0997877312318e-06
519.8585396,0.0644506,6.51864625e-08,1.3529125e-09,1.38266377325377e-09,-8.12802518427459e-13,-4.3580190400747e-13,-3.96919950081813e-13,-1.89831280473911e-06
529.983890225,0.0657059125,6.6507475e-08,1.35353125e-09,1.38178579896455e-09,-7.16620963495957e-13,-2.69301418163371e-13,-3.45866855339472e-13,-1.65414582988443e-06
540.079900775,0.0669575875,6.7893525e-08,1.38650625000001e-09,1.38123053132678e-09,-5.48938443313706e-13,-1.44736160157168e-13,-2.86807939764561e-13,-1.37169014670007e-06
550.1713742,0.0682087,6.92804875e-08,1.388875e-09,1.38068792207792e-09,-4.94259608634815e-13,-7.78991629214453e-14,-2.21230298760828e-13,-1.05805795059526e-06
560.2748458,0.0694613,7.0671275e-08,1.39160625e-09,1.38024201210951e-09,-1.9383906633893e-13,-4.79935653836979e-14,-1.50177750893599e-13,-7.18241417317213e-07
570.362992,0.070712,7.20637e-08,1.38814375e-09,1.38030024394524e-09,3.60876623382543e-14,-2.70975908026998e-14,-7.58817611729405e-14,-3.62912770827107e-07
580.4624306,0.0719641,7.34475625e-08,1.3924375e-09,1.38031418743419e-09,-4.04692435943635e-14,-1.83363147006753e-15,-4.05817878119189e-16,-1.94086811274395e-09
590.56408735,0.073216475,7.4848575e-08,1.39353125000001e-09,1.38021930545806e-09,2.19528782023077e-14,1.01088604827219e-14,7.57491658715756e-14,3.62278619385796e-07
600.654855,0.0744675,7.6234625e-08,1.39125625e-09,1.38035809319059e-09,1.9285889785907e-13,2.91983722712677e-14,1.50987147231698e-13,7.22112443282034e-07
610.7510672,0.0757192,7.76310875e-08,1.39228749999999e-09,1.38060502325377e-09,2.5162995788027e-13,6.16925476551588e-14,2.22937354091626e-13,1.0662221282643e-06
620.8363903,0.07696955,7.90192e-08,1.35801874999999e-09,1.38086135310635e-09,2.44378510003762e-13,1.67779321835076e-13,2.90303804771913e-13,1.38840950108306e-06
630.9390553,0.07822205,8.0347125e-08,1.3646375e-09,1.38109378027378e-09,5.6448710073701e-13,3.33573741859666e-13,3.5297607985003e-13,1.68814646884797e-06
641.02538665,0.079472525,8.1748475e-08,1.39065000000001e-09,1.38199032730783e-09,1.41143361705812e-12,4.26392934143645e-13,4.08371333480804e-13,1.95308029056037e-06
651.1310764,0.0807254,8.3128425e-08,1.3595125e-09,1.3839166475079e-09,1.32302408739901e-12,5.0801776083029e-13,4.49938640435749e-13,2.15188045425793e-06
661.21256815,0.081975275,8.44675e-08,1.3690375e-09,1.38463637548263e-09,5.9077176202231e-13,6.20568692964751e-13,4.78302969244891e-13,2.28753593986687e-06
671.3097886,0.0832271,8.58665e-08,1.39475e-09,1.38509819103194e-09,8.2699039136543e-13,6.58989933395538e-13,4.98697980983115e-13,2.38507730035403e-06
681.415579175,0.0844799875,8.7257e-08,1.38475e-09,1.38629035626536e-09,9.38572744822196e-13,6.62849926652145e-13,5.10298356482884e-13,2.44055735709205e-06
691.502112175,0.0857304875,8.8636e-08,1.3915e-09,1.38697533652159e-09,9.03716216218722e-14,6.65985986227844e-13,5.12522042189559e-13,2.4511923756892e-06
701.6068945,0.08698325,9.004e-08,1.3965e-09,1.3864710995086e-09,-6.56076035450904e-13,6.3274937803392e-13,5.09733695683676e-13,2.43785680544367e-06
711.6950407,0.08823395,9.1429e-08,1.38500000000001e-09,1.38566318445068e-09,-5.4904067216565e-13,6.02592763377482e-13,5.06366163277559e-13,2.42175121567528e-06
721.792160325,0.0894857625,9.281e-08,1.39093750000001e-09,1.38537301816427e-09,1.2834064584073e-13,5.78683254677537e-13,5.02322195835453e-13,2.40241050182173e-06
731.880306525,0.0907364625,9.4210875e-08,1.393875e-09,1.38591986574237e-09,9.55717137591975e-13,5.28520026516559e-13,4.94268470997311e-13,2.36389268737844e-06
741.9856938,0.0919893,9.559775e-08,1.38443749999999e-09,1.38728445243945e-09,9.40734687609726e-13,4.79862455356455e-13,4.78071477289295e-13,2.28642880442706e-06
752.07605815,0.093240275,9.697975e-08,1.386625e-09,1.38780133511759e-09,7.39097929097773e-13,4.39325082258384e-13,4.53756330491199e-13,2.17013897191443e-06
762.169951375,0.0944916875,9.8371e-08,1.39143750000001e-09,1.38876264829765e-09,1.10127127939622e-12,3.80402853306962e-13,4.22285034409064e-13,2.01962407760857e-06
772.270599875,0.0957439375,9.9762625e-08,1.3915e-09,1.39000387767638e-09,1.20228216040766e-12,3.14934761182326e-13,3.82079168470346e-13,1.82733515355383e-06
782.3544106,0.0969941,1.01154e-07,1.3896875e-09,1.39116721261846e-09,1.2269120744118e-12,2.57089086959803e-13,3.33759412109984e-13,1.59624066661297e-06
792.4518327,0.09824595,1.02542e-07,1.394e-09,1.3924577018252e-09,4.37742848367192e-13,1.96910046981511e-13,2.77913561320202e-13,1.32915181500966e-06
802.54985975,0.099497875,1.03942e-07,1.39868749999999e-09,1.3920426983152e-09,-5.05888030887995e-13,1.16085088509594e-13,2.19179317899302e-13,1.04824891169231e-06
812.646979375,0.1007496875,1.05339375e-07,1.3891875e-09,1.39144592576343e-09,-8.16782204279303e-14,5.75166202177083e-14,1.63856425376382e-13,7.83661164843566e-07
822.746216325,0.1020017625,1.06720375e-07,1.36868750000002e-09,1.39187934187434e-09,-3.38996577746714e-13,9.06684445478398e-14,1.10791910163352e-13,5.29874352955162e-07
832.832346025,0.1032522125,1.0807675e-07,1.3955625e-09,1.39076793260793e-09,-1.03085424710427e-12,1.13595625989131e-13,6.25168204181192e-14,2.98993488956222e-07
842.933397825,0.1045045125,1.095115e-07,1.40137499999999e-09,1.38981763338013e-09,-3.3143032642987e-13,6.38570054722809e-14,2.3611382575557e-14,1.12924003622229e-07
853.02648445,0.105755825,1.108795e-07,1.38075e-09,1.39010507195507e-09,-5.36745349248845e-14,4.16709595011154e-14,-9.48793099577199e-15,-4.53770612841269e-08
863.121385925,0.1070073625,1.12273e-07,1.39325000000001e-09,1.38971028431028e-09,-1.47850122850674e-13,4.15137567897413e-14,-3.76962138060962e-14,-1.80286239942199e-07
873.215984925,0.1082588625,1.13666e-07,1.38874999999999e-09,1.38980937170937e-09,2.77367058617078e-13,8.71904239121091e-15,-5.98309162142622e-14,-2.86147860155167e-07
883.3088699,0.10951015,1.150505e-07,1.3876875e-09,1.39026501842752e-09,-3.09538434557786e-15,-5.69042229506284e-14,-7.78791630268879e-14,-3.72465562302507e-07
893.408207675,0.1107622375,1.16441375e-07,1.40675e-09,1.38980318094068e-09,-3.48396367146217e-13,-1.46325991314183e-13,-9.06417427368432e-14,-4.33503987002294e-07
903.50754545,0.112014325,1.17864e-07,1.39331250000001e-09,1.38956822569323e-09,-2.99776237272999e-14,-2.11001133359057e-13,-9.67119135096134e-14,-4.62535238524238e-07
913.604866725,0.1132661625,1.19228e-07,1.377125e-09,1.38974322569323e-09,-1.84275184278688e-14,-2.10092106237403e-13,-9.85996010560784e-14,-4.71563309398636e-07
923.687770025,0.1145162125,1.2061825e-07,1.39343749999999e-09,1.38953137065637e-09,-1.79113285363448e-13,-2.08573220210123e-13,-9.69764229790763e-14,-4.63800283812974e-07
933.788620175,0.1157684875,1.22014875e-07,1.38937500000001e-09,1.3893849991225e-09,-5.75421200406449e-15,-2.1632648197854e-13,-9.21583667735054e-14,-4.40757406308069e-07
943.8740441,0.11701885,1.23397e-07,1.385625e-09,1.38951986223236e-09,6.46674271677364e-14,-1.89365898923721e-13,-8.61058072053876e-14,-4.11810382286636e-07
953.9795322,0.1182717,1.24786125e-07,1.38631249999999e-09,1.38951433397683e-09,-5.94989469987118e-14,-1.52962963379845e-13,-7.75932089483862e-14,-3.71097955840108e-07
964.06908995,0.119522575,1.26169625e-07,1.38543750000001e-09,1.38940086433836e-09,-4.40966128467614e-14,-9.27283682942836e-14,-6.64576080856664e-14,-3.17840734322752e-07
974.170040925,0.1207748625,1.27557e-07,1.3871875e-09,1.38942614075114e-09,4.07643032642788e-13,-2.59724117912553e-14,-5.4787377608183e-14,-2.62026588560875e-07
984.263833325,0.1220262625,1.28944e-07,1.39093749999999e-09,1.39021615040365e-09,2.82000263250374e-13,1.12752561939612e-14,-4.52886912545766e-14,-2.16598088608845e-07
994.359440575,0.1232778875,1.30338875e-07,1.39075000000001e-09,1.38999014127764e-09,-9.4646147771084e-13,5.58673823591935e-14,-3.80965864890812e-14,-1.82201065817345e-07
1004.46281135,0.124530475,1.317255e-07,1.3925e-09,1.38832322744823e-09,-7.51695770445251e-13,6.98303725815485e-14,-2.70329366632076e-14,-1.29287957954471e-07
1014.556906225,0.1257819125,1.33123875e-07,1.39199999999999e-09,1.38848674973675e-09,3.44987276237572e-13,4.1379477210328e-14,-1.31547767715371e-14,-6.29141497769166e-08
1024.6453549,0.12703265,1.345095e-07,1.3865625e-09,1.3890132020007e-09,1.52764127764056e-13,4.92139538717935e-14,-2.45505067456995e-15,-1.1741546704465e-08
1034.736223375,0.1282836875,1.35897e-07,1.39225000000001e-09,1.38879227799228e-09,-2.90277290283298e-14,6.26004392001871e-14,6.95337843439013e-15,3.32552881644745e-08
1044.837476825,0.1295360125,1.37294e-07,1.3869375e-09,1.38895514654265e-09,-1.88048438053642e-14,6.02033707615046e-14,1.61499528663683e-14,7.72389050130658e-08
1054.929857675,0.1307872375,1.38670875e-07,1.38356249999998e-09,1.38875466830467e-09,-1.4362056862066e-13,7.47073573074273e-14,2.39158356110626e-14,1.14380083357256e-07
1065.0253641,0.13203885,1.40061125e-07,1.39337500000002e-09,1.38866790540541e-09,3.25824850825163e-13,6.53186903621506e-14,2.84737947569095e-14,1.36179018402611e-07
1075.131557975,0.1332917875,1.41457625e-07,1.39481250000002e-09,1.38940631800632e-09,4.19443225693444e-13,2.33637251301417e-14,2.48301812943795e-14,1.18753040973119e-07
1085.216074475,0.1345420375,1.4285075e-07,1.38968749999999e-09,1.38950679185679e-09,-1.38965426465582e-13,2.85656165525931e-15,1.329382344675e-14,6.35791556148913e-08
1095.307850375,0.1357931875,1.44237e-07,1.3889375e-09,1.38912838715339e-09,4.39079501578069e-14,-1.0993431864364e-14,-1.06608122865294e-15,-5.0986493544271e-09
1105.40678485,0.137045225,1.45628625e-07,1.388e-09,1.38959460775711e-09,3.17501755002206e-13,-1.69277508466876e-14,-1.87178803008379e-14,-8.95202970909639e-08
1115.511163875,0.1382979375,1.47013e-07,1.385125e-09,1.38976339066339e-09,1.86903299403662e-13,-1.21251093874683e-15,-4.08084709326384e-14,-1.95170947938705e-07
1125.594067175,0.1395479875,1.48398875e-07,1.3880625e-09,1.38996841435592e-09,4.84457265706713e-13,-3.43695474978368e-14,-6.55624868253374e-14,-3.1355971959944e-07
1135.6976396,0.1408006,1.49789125e-07,1.3886875e-09,1.39073230519481e-09,4.37798350298048e-13,-8.78470682292298e-14,-9.33285842355592e-14,-4.46354098517892e-07
1145.7950617,0.14205245,1.5117625e-07,1.3904375e-09,1.39084401105651e-09,-2.17723323973182e-13,-1.18452771603039e-13,-1.22567126109022e-13,-5.86190603130105e-07
1155.885526875,0.1433034375,1.5257e-07,1.377875e-09,1.39029685854686e-09,-5.73264742014977e-13,-1.27653811520142e-13,-1.49897148548184e-13,-7.1689940610001e-07
1165.9818399,0.14455515,1.53932e-07,1.39225e-09,1.38969748157248e-09,-5.31186381186382e-13,-1.28800380685738e-13,-1.73732120254875e-13,-8.30892749045054e-07
1176.074119925,0.1458063625,1.553545e-07,1.40500000000001e-09,1.38923448578449e-09,-2.08965865215394e-13,-1.90770832314354e-13,-1.92692766351235e-13,-9.21574099940689e-07
1186.170937075,0.1470581375,1.56742e-07,1.3893125e-09,1.38927954984205e-09,-1.28316953316829e-13,-2.42058192014292e-13,-2.08298554557926e-13,-9.96210478320516e-07
1196.261906375,0.1483091875,1.58133125e-07,1.38899999999999e-09,1.38897785187785e-09,-5.38173481923623e-13,-2.31074844325928e-13,-2.21843296533634e-13,-1.0609896790739e-06
1206.3602359,0.14956115,1.5952e-07,1.38550000000001e-09,1.3882032028782e-09,-5.8040540540562e-13,-2.41579485563273e-13,-2.30192117165727e-13,-1.10091882122739e-06
1216.463203375,0.1508136875,1.60904125e-07,1.3875e-09,1.38781704106704e-09,-4.54187872938024e-13,-2.57346900891083e-13,-2.32485132964908e-13,-1.11188541852782e-06
1226.559415575,0.1520653875,1.62295e-07,1.3919375e-09,1.38729482713233e-09,-5.01812039312002e-13,-2.83303784181716e-13,-2.29198151564287e-13,-1.09616507269876e-06
1236.64786425,0.153316125,1.63688e-07,1.38800000000001e-09,1.38681341698842e-09,-2.48519217269383e-13,-3.18963516076127e-13,-2.19200860337876e-13,-1.04835194074636e-06
1246.73601045,0.154566825,1.65071e-07,1.39e-09,1.38679778869779e-09,1.48095823096137e-13,-2.80190954539871e-13,-2.04319970506372e-13,-9.7718246763917e-07
1256.84412,0.15582,1.66468e-07,1.39549999999999e-09,1.38710960863461e-09,-2.12377149871854e-14,-2.31053509104138e-13,-1.87558927770961e-13,-8.97020958904596e-07
1266.927124125,0.1570700625,1.67862e-07,1.390375e-09,1.38675531326781e-09,-1.50862144612304e-13,-2.36127467890351e-13,-1.67895249945696e-13,-8.02977282348981e-07
1277.024546225,0.1583219125,1.6924875e-07,1.3855e-09,1.38680788434538e-09,-5.8038785538805e-13,-2.2864113783866e-13,-1.44832173173685e-13,-6.92675610830667e-07
1287.12085925,0.159573625,1.70633e-07,1.38824999999999e-09,1.38559453755704e-09,-1.12370129870141e-12,-1.99193023365962e-13,-1.16305492190909e-13,-5.56243658304347e-07
1297.21102195,0.160824575,1.7202525e-07,1.38200000000001e-09,1.38456048174798e-09,-2.89355914388535e-15,-1.64557400138266e-13,-7.9565864183963e-14,-3.80532393923301e-07
1307.315602625,0.1620773125,1.73397e-07,1.36431250000001e-09,1.38558875043875e-09,4.84628378378718e-13,-8.7997850230645e-14,-4.14787192239696e-14,-1.98376483245072e-07
1317.3947754,0.1633269,1.74753875e-07,1.37200000000001e-09,1.38552973850474e-09,1.02810196560691e-13,1.49638031657703e-14,-5.7361687516094e-15,-2.74338505511754e-08
1327.50570805,0.164580425,1.76141e-07,1.38587499999999e-09,1.38579437083187e-09,2.17304317304591e-13,8.74427068003299e-14,2.9256494374007e-14,1.39922364397425e-07
1337.590728675,0.1658307375,1.77525625e-07,1.39125e-09,1.38596434713935e-09,1.14502895752633e-13,1.21829724388899e-13,6.29091027409339e-14,3.00869621804466e-07
1347.696216775,0.1670835875,1.789235e-07,1.38931250000001e-09,1.38602337662338e-09,3.29102316601776e-13,1.50432478263227e-13,9.55467665269301e-14,4.56962796433144e-07
1357.78143905,0.168333925,1.8030425e-07,1.37925e-09,1.38662255177255e-09,1.49251930501941e-13,2.01717027896768e-13,1.24735745000384e-13,5.96562258697489e-07
1367.880373525,0.1695859625,1.81682e-07,1.38674999999999e-09,1.38632188048438e-09,-2.33660933661274e-13,2.50563771521507e-13,1.51348425901489e-13,7.2384029778973e-07
1377.9817278,0.1708383,1.8307775e-07,1.39349999999999e-09,1.38615522990523e-09,1.74596349596152e-13,2.65944134579561e-13,1.78207296342254e-13,8.52295765115128e-07
1388.065740175,0.1720884875,1.84469e-07,1.39212500000002e-09,1.38667107318357e-09,2.30188223938097e-13,2.6910729485661e-13,2.01814008361802e-13,9.65197431295575e-07
1398.1676994,0.1733409,1.85862e-07,1.39168750000001e-09,1.38661560635311e-09,6.27617146367273e-13,2.65666593125706e-13,2.21411579654087e-13,1.05892494617172e-06
1408.25483735,0.174591475,1.87252375e-07,1.38706249999999e-09,1.38792630747631e-09,9.54990786241356e-13,2.48407513163071e-13,2.34482269489788e-13,1.12143694103812e-06
1418.35306605,0.175843425,1.88636125e-07,1.3858125e-09,1.38852558792559e-09,-1.49980256230112e-13,2.44417037420233e-13,2.38206635137305e-13,1.13924912456972e-06
1428.442926275,0.1770943375,1.90024e-07,1.38012499999999e-09,1.38762634696385e-09,-2.28483678484033e-13,2.70270582277396e-13,2.40180487525849e-13,1.1486892881671e-06
1438.5452888,0.1783468,1.91396375e-07,1.391375e-09,1.38806862056862e-09,5.84373903123312e-13,2.87081946754647e-13,2.4210533332653e-13,1.15789507243123e-06
1448.63444325,0.179597625,1.9280675e-07,1.38150000000001e-09,1.38879509477009e-09,6.53393734643639e-13,2.92746664757464e-13,2.3825446009197e-13,1.13947785261377e-06
1458.7352934,0.1808499,1.94159375e-07,1.41312499999999e-09,1.38937540803791e-09,6.61501842751753e-13,2.44794509715105e-13,2.27842262389393e-13,1.08968038534058e-06
1468.832614675,0.1821017375,1.95633e-07,1.41287500000001e-09,1.3901180984556e-09,6.70860389610096e-13,1.28675490966206e-13,2.11339218902896e-13,1.01075278605733e-06
1478.926003775,0.1833530875,1.96985125e-07,1.368e-09,1.39071712881713e-09,2.09810459810495e-13,9.6971812540419e-14,1.88703461059614e-13,9.02494813763371e-07
1489.024434125,0.1846050625,1.98369e-07,1.39149999999999e-09,1.39053771937522e-09,-3.39759564759158e-13,1.13837809070376e-13,1.63004801686174e-13,7.79588181977354e-07
1499.11429435,0.185855975,1.99768125e-07,1.38637499999999e-09,1.39003760968761e-09,-3.48174798174487e-13,1.02178083767311e-13,1.69231310475239e-13,8.09367137055491e-07
1509.2179676,0.1871086,2.0114175e-07,1.37243749999999e-09,1.38984136977887e-09,3.05194805193972e-14,1.1675255282234e-13,2.97277561322442e-13,1.42176224980298e-06
1519.30228245,0.188358825,2.02513e-07,1.38612500000001e-09,1.39009864864865e-09,6.32261319762908e-14,1.30431917543749e-13,3.55101918240766e-13,1.69831352202105e-06
1529.404846625,0.1896113125,2.03914e-07,1.3895e-09,1.38996782204282e-09,-2.85536591786324e-13,1.28032425428555e-13,8.29868884910485e-14,3.96893814522406e-07
1539.4985382,0.1908627,2.05292e-07,1.3995e-09,1.38952757546508e-09,-2.8557827307804e-13,8.89478528857425e-14,-2.69057538722571e-13,-1.28679692432534e-06
1549.595456175,0.1921144875,2.06713e-07,1.4e-09,1.38939666549667e-09,-7.18782906281419e-14,2.04027307064011e-14,-4.55527493028744e-13,-2.17860974926791e-06
1559.68834115,0.193365775,2.08092e-07,1.3813125e-09,1.38938381888382e-09,-1.5838890838628e-14,-6.21090624247991e-15,-5.07958061695415e-13,-2.42936464289111e-06
1569.780016225,0.1946169125,2.09475625e-07,1.39650000000001e-09,1.38936498771499e-09,1.06921288171721e-13,-3.61690540090838e-14,-4.57847678767855e-13,-2.18970628975931e-06
1579.87915235,0.195868975,2.10885e-07,1.36818749999998e-09,1.38959766146016e-09,2.64757371007081e-13,-3.11115413571933e-14,-3.34031353072047e-13,-1.59754125382283e-06
1589.97012165,0.197120025,2.12212e-07,1.3773125e-09,1.389894502457e-09,1.14472183222015e-13,2.53901888195823e-14,-1.62728822034327e-13,-7.78268279294607e-07
1600.065426425,0.1983716125,2.13639625e-07,1.41750000000001e-09,1.38982660582661e-09,-2.64913127413157e-13,-2.35486335687102e-14,3.49726884084263e-14,1.67260683692474e-07
1610.16335265,0.199623525,2.15047e-07,1.3991875e-09,1.38936467620218e-09,-3.35174622674774e-13,-1.12822622637838e-13,2.4307505387775e-13,1.16253286637185e-06
1620.2557335,0.20087475,2.16438e-07,1.39093750000001e-09,1.38915625658126e-09,-3.6925456300437e-13,-1.35315934350198e-13,4.46781188551276e-13,2.13677959741915e-06
1630.35053415,0.202126275,2.17828875e-07,1.39018749999999e-09,1.38862616707617e-09,2.93054580554566e-13,-1.30937191573378e-13,6.34273798061884e-13,3.0334833820351e-06
1640.446645525,0.2033779625,2.19218375e-07,1.38931250000001e-09,1.38974236574237e-09,1.2570200070204e-12,-1.07928687668979e-13,7.92066091458041e-13,3.78814217653846e-06
1650.5338843,0.20462855,2.206075e-07,1.3853125e-09,1.39114020709021e-09,4.14452439452689e-13,-6.12260524497665e-14,9.047258326537e-13,4.32694963443074e-06
1660.63392785,0.205880725,2.21989e-07,1.37975e-09,1.39057127062127e-09,-2.19895138645576e-13,-1.6523571601707e-14,9.69515160387807e-13,4.63681163663734e-06
1670.73296315,0.207132775,2.23367e-07,1.387625e-09,1.39070041681292e-09,3.29326079323182e-14,-8.417799192071e-13,9.86103234743694e-13,4.71614590529593e-06
1680.82635225,0.208384125,2.2476425e-07,1.39175e-09,1.39063713583714e-09,-5.7223587223627e-13,-4.35607360107142e-12,9.51451848165308e-13,4.55042188252973e-06
1690.93103375,0.209636875,2.261505e-07,1.38637500000001e-09,1.38955594506845e-09,-8.82469726220115e-13,-3.796556514691e-12,8.68372896457528e-13,4.15308776566644e-06
1701.0246245,0.21088825,2.27537e-07,1.39406250000001e-09,1.3888721963847e-09,-4.78472709723012e-13,4.0332757748403e-12,7.39284224627879e-13,3.53570716126377e-06
1711.11418225,0.212139125,2.28938625e-07,1.39062500000001e-09,1.388598999649e-09,1.76599245349319e-13,7.67930258300028e-12,5.64985381005253e-13,2.70210399611208e-06
1721.1936575,0.21338875,2.3031825e-07,1.38918749999998e-09,1.38922539487539e-09,5.23383204633947e-13,5.78240746123372e-12,3.45081441129942e-13,1.65038950105624e-06
1731.278174,0.214639,2.31717e-07,1.39387499999999e-09,1.38964576605827e-09,-2.88478413470746e-14,3.97445845598529e-12,8.12596883837834e-14,3.88633292270268e-07
1741.360674,0.215889,2.33106e-07,1.394875e-09,1.3891676991927e-09,1.27011670762042e-13,2.33567960949147e-12,-2.18803551134989e-13,-1.04645176629777e-06
1751.5258505,0.21714925,2.3450675e-07,1.39e-09,1.38989978939979e-09,-2.24881537382428e-13,8.84805530990589e-13,-5.50461715748114e-13,-2.63264298836055e-06
1761.60532575,0.218398875,2.35886e-07,1.382875e-09,1.38871793611794e-09,-1.08203975079101e-12,-3.70823540271602e-13,-9.0450672512429e-13,-4.3259017288553e-06
1771.6969,0.21965,2.372725e-07,1.388e-09,1.38773570989821e-09,2.49330905581192e-13,-1.45002790261831e-12,-1.26908649351905e-12,-6.06954409943893e-06
1781.77032575,0.220898875,2.38662e-07,1.38925000000001e-09,1.3892165979291e-09,1.25836697086732e-12,-2.38480237673075e-12,-1.64477688208016e-12,-7.86632421864424e-06
1791.853834,0.222149,2.40051e-07,1.3939375e-09,1.39025244383994e-09,8.44555107054846e-13,-3.18336965064815e-12,-2.02833085979589e-12,-9.70071280771947e-06
1801.93532575,0.223398875,2.41449875e-07,1.39125e-09,1.39090570814321e-09,6.4440154440221e-13,-3.8713337093949e-12,-2.40786965981433e-12,-1.15158983730251e-05
1812.0934445,0.22465825,2.428335e-07,1.38637499999999e-09,1.39154124692875e-09,5.42225342225884e-13,-4.41409872559401e-12,-2.77358208419452e-12,-1.32649577939738e-05
1822.18098575,0.225908875,2.44222625e-07,1.38524999999999e-09,1.39199015882766e-09,2.76162688662362e-13,-4.73882524700924e-12,-3.11591957588152e-12,-1.49022240585638e-05
1832.26751875,0.227159375,2.45604e-07,1.38543750000001e-09,1.39209357230607e-09,-6.16444366795441e-16,-4.93121870826939e-12,-3.23533142701732e-12,-1.54733242161698e-05
1842.3449775,0.22840875,2.469935e-07,1.389625e-09,1.39198892593893e-09,2.27809867497361e-11,-5.02906254477597e-12,-3.13488553387185e-12,-1.49929308141697e-05
1852.43050225,0.229659125,2.4838325e-07,1.3889375e-09,1.43765554580555e-09,1.02291005616005e-10,-5.01235417346072e-12,-3.47600558722439e-12,-1.66243745475949e-05
1862.51098575,0.230908875,2.49771375e-07,1.3968125e-09,1.59657093717094e-09,2.42664706914711e-11,-4.93803970646812e-12,-4.90298780922689e-12,-2.34490721310851e-05
1872.6812035,0.23216975,2.51176875e-07,1.40081250000001e-09,1.48618848718849e-09,-1.66651656282906e-10,-4.80495246310713e-12,-6.54756843315606e-12,-3.13144577237899e-05
1882.75664575,0.233418875,2.52573e-07,1.39631250000002e-09,1.26326762460512e-09,-1.09164524833274e-10,-4.57272696611029e-12,-6.85814533413254e-12,-3.27998255110687e-05
1892.84721175,0.234669875,2.539695e-07,1.3869375e-09,1.26785943752194e-09,6.4547450859952e-12,-4.21348777184525e-12,-6.02075833710166e-12,-2.87949311774427e-05
1902.9327365,0.23592025,2.55346875e-07,1.39518749999999e-09,1.27617711477712e-09,8.60860170235042e-12,-3.7513976365197e-12,-4.79418816890266e-12,-2.29287260251866e-05
1913.00414575,0.237168875,2.56759875e-07,1.39956249999997e-09,1.28507664092664e-09,9.00846349596307e-12,-3.23870721744317e-12,-3.30271472761595e-12,-1.57955921755545e-05
1923.09471175,0.238419875,2.58146e-07,1.3870625e-09,1.29419404176904e-09,8.97190461565501e-12,-2.63350365864575e-12,-1.6486417406322e-12,-7.8848083247627e-06
1933.170154,0.239669,2.59534e-07,1.40200000000003e-09,1.30302045015795e-09,8.64468673218648e-12,-1.9902542704324e-12,7.94649271441967e-14,3.80049651559202e-07
1943.33835525,0.240929625,2.6095e-07,1.40468750000001e-09,1.31148341523341e-09,8.2001294313796e-12,-1.34628999882475e-12,1.80542478269829e-12,8.63464026507878e-06
1953.42287175,0.242179875,2.62343375e-07,1.39106249999998e-09,1.31942070902071e-09,7.96344111969201e-12,-5.69036360199079e-13,3.46430717563446e-12,1.65684256225996e-05
1963.50537175,0.243429875,2.63732125e-07,1.38731250000001e-09,1.3274102974728e-09,8.00014259389259e-12,3.18634685943431e-13,4.99905832945402e-12,2.39085398365192e-05
1973.5828305,0.24467925,2.65118e-07,1.3881875e-09,1.33542099420849e-09,8.60680282555224e-12,1.23118962276516e-12,6.36046787676476e-12,3.04196289758315e-05
1983.66633875,0.245929375,2.665085e-07,1.38681249999997e-09,1.3446239031239e-09,9.22707090207081e-12,2.18394582560912e-12,7.50438868471437e-12,3.58905545790687e-05
1993.7558965,0.24718025,2.67891625e-07,1.38918750000001e-09,1.35387513601264e-09,8.53972007721943e-12,3.17728405901543e-12,8.39576351888308e-12,4.01536516120495e-05
2003.9150235,0.24843975,2.69286875e-07,1.39218750000001e-09,1.36170334327834e-09,7.71309231309217e-12,-9.06904805230446e-13,9.01704678806277e-12,4.31250063776915e-05
2013.9894575,0.24968875,2.70676e-07,1.3889375e-09,1.36930132063882e-09,7.49159354159426e-12,-6.23315281476033e-12,9.35651379110836e-12,4.47485442183443e-05
2024.08506475,0.250940375,2.7206475e-07,1.60000000000023e-10,1.37668653036153e-09,7.48194980694965e-12,3.49418865233977e-12,9.40580591627502e-12,4.49842891647936e-05
2034.16151525,0.252189625,2.70996e-07,-3.27587500000001e-09,1.38426522025272e-09,7.80581563706521e-12,2.98921961208917e-11,9.16365240321329e-12,4.38261636675418e-05
2044.24401525,0.253439625,2.65513e-07,2.54737499999999e-09,1.39229816163566e-09,8.23898297648316e-12,4.52251256132188e-11,8.63169291755601e-12,4.12820096057027e-05
2054.32651525,0.254689625,2.7609075e-07,6.06506250000001e-09,1.40074318620569e-09,8.40206870832006e-12,3.27160487587721e-11,7.81612130581118e-12,3.73814497234448e-05
2064.4059905,0.25593925,2.77643125e-07,1.47362499999999e-09,1.4091022990523e-09,8.16715075465187e-12,1.75615675941791e-11,6.73051983265657e-12,3.21894426779227e-05
2074.57217525,0.257199625,2.79038e-07,1.39793750000001e-09,1.41707748771499e-09,8.16157643032606e-12,1.14967742602659e-11,5.39674983379096e-12,2.58105426833481e-05
2084.65265875,0.258449375,2.80439e-07,1.3895e-09,1.42542545191295e-09,8.33712486837365e-12,6.15633153304489e-12,3.84026438398693e-12,1.83664818364592e-05
2094.7341505,0.25969925,2.81817e-07,1.38481249999999e-09,1.43375173745174e-09,8.0413851351345e-12,1.39061595417954e-12,2.08835382788428e-12,9.98777917683786e-06
2104.81765875,0.260949375,2.83208625e-07,1.38500000000001e-09,1.44150822218322e-09,8.34283081783181e-12,-2.84028540200127e-12,1.75601879886247e-13,8.39835077716833e-07
2114.89612575,0.262198875,2.84587e-07,1.38268750000001e-09,1.4504373990874e-09,8.79971700596829e-12,-6.56855688820626e-12,-1.86424784175189e-12,-8.91596793881339e-06
2124.98265875,0.263449375,2.85974e-07,1.39793749999998e-09,1.45910765619516e-09,8.27392725517634e-12,-9.84463439491118e-12,-3.99589853201783e-12,-1.91108190661722e-05
2135.1407775,0.26470875,2.87382875e-07,1.39899999999997e-09,1.46698525359775e-09,8.05105519480386e-12,-1.26736721374282e-11,-6.17153863529336e-12,-2.95160543427074e-05
2145.22831875,0.265959375,2.88772e-07,1.40606250000002e-09,1.47520976658477e-09,8.37328667953771e-12,-1.50463142266576e-11,-8.34354160988101e-12,-3.99038946559527e-05
2155.311827,0.2672095,2.90195e-07,1.37537500000001e-09,1.48373182695683e-09,8.39379826254908e-12,-1.6907028711804e-11,-1.0467845738753e-11,-5.00636100549057e-05
2165.39735175,0.268459875,2.9152275e-07,1.36187500000001e-09,1.49199736310986e-09,8.32817874692784e-12,-1.82264488104673e-11,-1.24960932702239e-11,-5.97639243358534e-05
2175.47380225,0.269709125,2.9291875e-07,1.38743750000001e-09,1.50038818445068e-09,1.45923598192348e-10,-1.91378024046973e-11,-1.43783814966291e-11,-6.87661723751826e-05
2185.55630225,0.270959125,2.94297625e-07,1.39062499999998e-09,1.78384455949456e-09,2.22784904791155e-10,-1.96936176268828e-11,-1.68199404154908e-11,-8.04431932914777e-05
2195.722487,0.2722195,2.957e-07,1.3996875e-09,1.94595799403299e-09,-8.81322635135129e-11,-1.98664323185944e-11,-2.01546109359554e-11,-9.63916175197867e-05
2205.79591275,0.273468375,2.97097e-07,1.39550000000001e-09,1.60758003246753e-09,-4.60545208845208e-10,-1.96611397402746e-11,-2.25293297816363e-11,-0.000107748968520869
2215.883454,0.274719,2.98491e-07,1.3939375e-09,1.02486757634258e-09,-3.80838397244647e-10,-1.90723659684401e-11,-2.17805692927547e-11,-0.000104167940095783
2225.96897875,0.275969375,2.99884875e-07,1.3905e-09,8.45903237978239e-10,9.41499868374866e-12,-1.80849754869561e-11,-1.8355197879828e-11,-8.77857289904817e-05
2236.04946225,0.277219125,3.01272e-07,1.38956249999999e-09,1.04369757371007e-09,1.13354580554581e-10,-1.67091405659693e-11,-1.45105930063883e-11,-6.93984882914223e-05
2246.13397875,0.278469375,3.02664e-07,1.3885e-09,1.0726123990874e-09,2.73793699543704e-11,-1.49911643357093e-11,-1.09332124082175e-11,-5.22892767349533e-05
2256.21446225,0.279719125,3.04049e-07,1.38700000000001e-09,1.09845631361882e-09,2.54505747630749e-11,-1.29303573737054e-11,-7.23993602701999e-12,-3.46257809987913e-05
2266.37358925,0.280978625,3.05438e-07,1.393375e-09,1.12351354861355e-09,2.49787754475249e-11,-1.05284185376727e-11,-3.50358485264003e-12,-1.67562753821914e-05
2276.4570975,0.28222875,3.0683575e-07,1.39574999999999e-09,1.14841386451387e-09,2.46764149701647e-11,-7.83225818952576e-12,2.00411652940508e-13,9.58490514063299e-07
2286.541614,0.283479,3.082295e-07,1.38412499999998e-09,1.17286637855388e-09,2.44456015268514e-11,-4.80315351361949e-12,3.80075913971568e-12,1.81775437116837e-05
2296.62310575,0.284728875,3.09604e-07,1.39625e-09,1.19730506756757e-09,2.49350627413129e-11,-1.45493798680655e-12,7.23007447506305e-12,3.45786170546494e-05
2306.710647,0.2859795,3.11022e-07,1.40612500000004e-09,1.22273650403651e-09,2.55382787820282e-11,2.10605170636189e-12,1.04226634523876e-11,4.9847520859245e-05
2316.78608925,0.287228625,3.1241625e-07,1.39687500000002e-09,1.24838162513162e-09,2.60417076167075e-11,5.9163312733981e-12,1.3319795991956e-11,6.37033721354417e-05
2326.94723275,0.288488375,3.1381575e-07,1.39062499999998e-09,1.27481991926992e-09,2.56431203931211e-11,1.00220627486123e-11,1.58700496059457e-11,7.59002372458272e-05
2337.02973275,0.289738375,3.151975e-07,1.39449999999998e-09,1.29966786591787e-09,2.42166659354156e-11,1.43734319285701e-11,1.8033536996166e-11,8.62473508512287e-05
2347.1192905,0.29098925,3.1660475e-07,1.39375000000001e-09,1.32325325114075e-09,2.40924776237274e-11,1.89596347785291e-11,1.97826874522614e-11,9.46128530325545e-05
2357.19674925,0.292238625,3.17985e-07,-6.02337499999999e-09,1.34785282116532e-09,2.46364799052294e-11,3.73623072259316e-11,2.10887409390344e-11,0.000100859195795382
2367.28328225,0.293489125,3.04558e-07,-5.07093750000002e-09,1.37252621095121e-09,2.48310766935767e-11,6.7138916564235e-11,2.19264932568871e-11,0.000104865837315547
2377.36981525,0.294739625,3.07843125e-07,4.91562500000001e-09,1.39751497455248e-09,2.51024460336972e-11,7.3678555388693e-11,2.22806190317874e-11,0.00010655948232594
2387.4452575,0.29598875,3.1438925e-07,7.8654375e-09,1.4227311030186e-09,2.54259038259041e-11,4.81062710486249e-11,2.21429971622541e-11,0.000105901290775998
2397.606401,0.2972485,3.23574e-07,5.286375e-09,1.44836678220428e-09,2.53673810986303e-11,1.97863569523879e-11,2.1513942052239e-11,0.000102892766336795
2407.68990925,0.298498625,3.24962e-07,1.38912500000002e-09,1.47346586521587e-09,2.50234709547202e-11,1.14760581727332e-11,2.04044129295005e-11,9.75863227063067e-05
2417.7693845,0.29974825,3.2635225e-07,1.37868749999998e-09,1.49841372411372e-09,2.50241312741311e-11,1.16655328515507e-11,1.88342803235678e-11,9.0076992851846e-05
2427.853901,0.3009985,3.27719375e-07,1.38387499999998e-09,1.52351412776413e-09,2.49146454896454e-11,8.7727907253732e-12,1.68293368046884e-11,8.04881325441619e-05
2437.93942575,0.302248875,3.2912e-07,1.39387500000002e-09,1.54824301509301e-09,2.47367190242196e-11,5.89183762697893e-12,1.44245140621271e-11,6.89868063840861e-05
2448.01789275,0.303498375,3.30507125e-07,1.39231250000001e-09,1.57298756581257e-09,2.48855168480176e-11,3.09123782556083e-12,1.1663302020412e-11,5.578100966284e-05
2458.18710225,0.304759125,3.31904625e-07,1.402875e-09,1.59801404878905e-09,2.44170015795003e-11,3.8618916830656e-13,8.59504848684031e-12,4.11067536327145e-05
2468.26556925,0.306008625,3.33312875e-07,1.40162500000002e-09,1.62182156897157e-09,2.41688531063519e-11,-2.19165205571757e-12,5.28162043533686e-12,2.52599238211763e-05
2478.34806925,0.307258625,3.34707875e-07,1.39506249999998e-09,1.64635175500175e-09,2.52593080905589e-11,-4.56803955262061e-12,1.79264170798527e-12,8.57350382079912e-06
2488.43056925,0.308508625,3.36103e-07,1.39356249999999e-09,1.67234018515269e-09,2.56333757458767e-11,-6.73811717079187e-12,-1.80295796215243e-12,-8.62284242768553e-06
2498.51911875,0.309759375,3.37495e-07,1.38437499999999e-09,1.69761850649351e-09,2.52049161986661e-11,-8.68251534671732e-12,-5.42437229963025e-12,-2.59426501286664e-05
2508.59960225,0.311009125,3.3887175e-07,1.3889375e-09,1.72275001755002e-09,2.53646915584411e-11,-1.04205505809801e-11,-8.97721464709514e-12,-4.29345048339333e-05
2518.75872925,0.312268625,3.40272875e-07,1.39862500000001e-09,1.74834788961039e-09,2.54396081958579e-11,-1.20096677461047e-11,-1.23623468317024e-11,-5.9124267455968e-05
2528.844254,0.313519,3.41669e-07,1.39693750000001e-09,1.77362923394173e-09,-1.57940362846613e-10,-1.33612932025191e-11,-1.5472958875334e-11,-7.40011076646409e-05
2538.92977875,0.314769375,3.4306675e-07,1.39856250000003e-09,1.43246716391716e-09,-3.65706432081432e-10,-1.44189965511043e-11,-1.71878800069724e-11,-8.22029043811724e-05
2549.01026225,0.316019125,3.44466125e-07,1.40293749999996e-09,1.04221636977887e-09,-1.88243925500176e-10,-1.51879738289137e-11,-1.62936660319196e-11,-7.79262288483111e-05
2559.08872925,0.317268625,3.45872625e-07,1.39643749999997e-09,1.05597931291681e-09,1.0444342971218e-10,-1.56351777698504e-11,-1.38632553277219e-11,-6.63025254804091e-05
2569.17526225,0.318519125,3.47259e-07,1.38468750000001e-09,1.25110322920323e-09,1.69751930501931e-10,-1.5736710334681e-11,-1.19164264297053e-11,-5.6991604663808e-05
2579.2587705,0.31976925,3.48642e-07,1.39200000000002e-09,1.39548317392067e-09,7.21988197613206e-11,-1.55048641071771e-11,-1.1009095942999e-11,-5.26521979882561e-05
2589.41890575,0.321028875,3.50043e-07,1.39350000000001e-09,1.39550086872587e-09,-2.14522639522908e-13,-1.49366806484167e-11,-1.0314248576862e-11,-4.93290149328183e-05
2599.50140575,0.322278875,3.51429e-07,1.38675e-09,1.39505412864163e-09,-4.1548789048911e-13,-1.39980638666945e-11,-9.3740567779337e-12,-4.48324454596829e-05
2609.5828975,0.32352875,3.528165e-07,1.39100000000002e-09,1.39466989294489e-09,-2.23205510705894e-13,-1.26837257530707e-11,-8.3307768087211e-12,-3.9842845606927e-05
2619.663381,0.3247785,3.54211e-07,1.39612499999997e-09,1.39460771762022e-09,-3.01311863812179e-14,-1.09745281610944e-11,-7.21459702335958e-12,-3.45045944595458e-05
2629.74890575,0.326028875,3.5560875e-07,1.39249999999998e-09,1.39460963057213e-09,3.5978852228876e-13,-8.83391356305254e-12,-6.05358686346265e-12,-2.89519371730822e-05
2639.83342225,0.327279125,3.56996e-07,1.41037500000002e-09,1.39532729466479e-09,4.80471217972071e-13,-6.29705466922852e-12,-4.87660633145881e-12,-2.33228998461074e-05
2650.0016235,0.32853975,3.584295e-07,1.4090625e-09,1.39557057300807e-09,-2.55637943130593e-14,-3.34063908228741e-12,-3.71045679346594e-12,-1.77456629252719e-05
2660.08513175,0.329789875,3.59814125e-07,1.38824999999999e-09,1.39527616707617e-09,-4.39101439100678e-14,1.6472280643575e-13,-2.5756400926317e-12,-1.23182787038907e-05
2670.1666235,0.33103975,3.61206e-07,1.39718750000001e-09,1.39548275272025e-09,-3.93317830818456e-14,4.20074795923304e-12,-1.49416804267324e-12,-7.14602107365463e-06
2680.25013175,0.332289875,3.626085e-07,1.3948125e-09,1.39519750351e-09,-5.2257371007171e-14,8.71674265098412e-12,-4.87473945858902e-13,-2.33139713236866e-06
2690.32859875,0.333539375,3.63995625e-07,1.38643749999998e-09,1.39537823797824e-09,4.66352228852713e-13,1.37674254382978e-11,4.23946291204562e-13,2.02756921880443e-06
2700.4100905,0.33478925,3.65381375e-07,1.39168750000002e-09,1.39613020796771e-09,4.78128290628189e-13,1.93768186250348e-11,1.21711648010723e-12,5.8209918613824e-06
2710.575267,0.3360495,3.66779e-07,1.40181250000001e-09,1.3963344945595e-09,2.67098104598702e-13,1.65050715879323e-11,1.87614511747008e-12,8.97286795311777e-06
2720.65675875,0.337299375,3.68185e-07,1.39793749999998e-09,1.39666440417691e-09,3.02941821691959e-13,1.58190292964555e-12,2.39071280557177e-12,1.14338438527346e-05
2730.74732475,0.338550375,3.69574875e-07,1.39000000000001e-09,1.39694037820288e-09,9.03409090892895e-14,-9.16827487208326e-12,2.75244194180207e-12,1.31638527651403e-05
2740.81772575,0.339798875,3.70965e-07,1.394125e-09,1.39684508599509e-09,-2.04464285714337e-13,-8.00806018775136e-12,2.97367031220942e-12,1.42219014931755e-05
2750.9032505,0.34104925,3.72363125e-07,1.40049999999999e-09,1.39653144963145e-09,-1.8128948753933e-13,-2.53633140476155e-12,3.04096592058738e-12,1.45437500549831e-05
2760.98675875,0.342299375,3.73766e-07,1.3984375e-09,1.39648250702001e-09,-1.45746314496196e-13,1.14793599257942e-13,2.91802846659394e-12,1.39557883184928e-05
2771.06925875,0.343549375,3.7516e-07,1.39662500000001e-09,1.39623995700246e-09,-1.96827834326697e-13,7.05482977530423e-14,2.63796502798078e-12,1.26163544816472e-05
2781.23443525,0.344809625,3.7655925e-07,1.397e-09,1.39608885135135e-09,-7.62701825200841e-14,2.82102539534686e-14,2.24783998542758e-12,1.07505390607406e-05
2791.31693525,0.346059625,3.77954e-07,1.39837500000001e-09,1.39608741663742e-09,-8.61859424366613e-14,8.84108545342033e-15,1.7635008548976e-12,8.4341345234233e-06
2801.40145175,0.347309875,3.79356e-07,1.39500000000002e-09,1.39591647946648e-09,-2.3950728325833e-13,3.8869401872524e-15,1.20871972427046e-12,5.7808334639022e-06
2811.47790225,0.348559125,3.80744e-07,1.3885e-09,1.3956084020709e-09,2.08540277289607e-13,3.33736228100727e-14,6.15241354338742e-13,2.94245865118529e-06
2821.57048475,0.349810375,3.82133e-07,1.4e-09,1.39633356002106e-09,7.7275359775418e-13,7.52032899104396e-14,1.83562859654758e-14,8.77909328783625e-08
2831.6439105,0.35105925,3.83544e-07,1.40956249999999e-09,1.39715390926641e-09,1.76276763777001e-13,5.49120287658522e-14,-5.37892419675799e-13,-2.57252896366686e-06
2841.81009525,0.352319625,3.84952125e-07,1.3985625e-09,1.39668611354861e-09,-2.41984029483921e-13,2.1260602237168e-14,-9.92201103439571e-13,-4.74530962514577e-06
2851.8855375,0.35356875,3.86341125e-07,1.399875e-09,1.39666994120744e-09,1.14329589330125e-13,7.91917222062114e-15,-1.27535249776112e-12,-6.09951194581405e-06
2861.97912825,0.354820125,3.87751875e-07,1.39074999999998e-09,1.39691477272727e-09,2.28869778868814e-13,8.83638116784969e-15,-1.31377065185385e-12,-6.28325094364885e-06
2872.0545705,0.35606925,3.89122625e-07,1.3840625e-09,1.39712768076518e-09,1.49300193048372e-13,5.46317765767174e-14,-1.02219310674161e-12,-4.88874964093813e-06
2882.131021,0.3573185,3.9052e-07,1.39368750000002e-09,1.39721337311337e-09,1.75743681994361e-13,1.05364353672076e-13,-3.02637758297507e-13,-1.44739797446634e-06
2892.21856225,0.358569125,3.9191e-07,1.39225e-09,1.39747916812917e-09,2.91586960338575e-13,1.39627674899294e-13,5.08454062999846e-13,2.43173682304274e-06
2902.2980375,0.35981875,3.933045e-07,1.39950000000001e-09,1.39779654703405e-09,-1.60442260441964e-13,1.69393136070497e-13,7.91966863551584e-13,3.78766760829018e-06
2912.4611975,0.36107875,3.94709e-07,1.40475e-09,1.39715828360828e-09,-8.40158827658795e-13,-2.4114603154623e-13,5.7301606848888e-13,2.74051163190334e-06
2922.53663975,0.362327875,3.96114e-07,1.39831249999997e-09,1.39611622937873e-09,-4.72790891541902e-13,-4.04904134800155e-13,3.03313324405431e-13,1.45062894280858e-06
2932.632247,0.3635795,3.97505625e-07,1.39793750000004e-09,1.3962127018252e-09,4.64331783081149e-13,4.76260376470979e-13,2.02777454310778e-13,9.69805216268938e-07
2942.71172225,0.364829125,3.98909875e-07,1.40437499999999e-09,1.39704489294489e-09,8.31100824851092e-13,9.78258951094117e-13,1.94029236551484e-13,9.2796591394188e-07
2952.797247,0.3660795,4.00314375e-07,1.39456249999997e-09,1.3978749034749e-09,6.75096525096066e-13,7.56990448269031e-13,1.75200036869204e-13,8.37913219809236e-07
2962.87470575,0.367328875,4.01699e-07,1.39218750000004e-09,1.39839508599508e-09,3.35483941733837e-13,5.66725045988068e-13,1.46999822412212e-13,7.0304262892797e-07
2973.034841,0.3685885,4.0309875e-07,1.40018749999999e-09,1.39854587135837e-09,1.68289312040237e-13,3.8244645797041e-13,1.12788777107517e-13,5.39424586166386e-07
2983.1233905,0.36983925,4.04499375e-07,1.39993750000001e-09,1.39873166461917e-09,-2.7227755352655e-13,2.0645028903629e-13,7.46966423602616e-14,3.57244811288208e-07
2993.2058905,0.37108925,4.05898625e-07,1.39531250000002e-09,1.39800131625132e-09,-4.79951298700204e-13,8.5852930544898e-14,3.60110679254607e-14,1.72226846600029e-07
3003.2924235,0.37233975,4.0729e-07,1.39512499999997e-09,1.39777176202176e-09,4.7627018252031e-13,1.5580650708386e-14,-1.17006493479177e-15,-5.59596273161281e-09
3013.36988225,0.373589125,4.08688875e-07,1.4060625e-09,1.39895385661636e-09,9.05999912248769e-13,-8.47077142828765e-14,-4.18030373425955e-14,-1.9992756989937e-07
3023.451374,0.374839,4.10102125e-07,1.4060625e-09,1.39958376184626e-09,5.76217532466804e-13,-2.1257473449191e-13,-8.76576746745782e-14,-4.19232357139287e-07
3033.6165505,0.37609925,4.11501e-07,1.39893749999998e-09,1.40010629168129e-09,2.66946735696735e-13,-3.07506021614702e-13,-1.35980486504941e-13,-6.50341457197544e-07
3043.6990505,0.37734925,4.129e-07,1.38850000000003e-09,1.40011765531766e-09,-2.73541154790759e-13,-3.54614229947111e-13,-1.84213772443353e-13,-8.81022389946471e-07
3053.78054225,0.378599125,4.14278e-07,1.39250000000006e-09,1.39955920937171e-09,-4.0451035451074e-13,-3.75464321781488e-13,-2.27421939013489e-13,-1.08767014310799e-06
3063.86304225,0.379849125,4.15685e-07,1.39774999999996e-09,1.39930863460863e-09,-2.77393383643692e-13,-3.85172280310961e-13,-2.62605206725791e-13,-1.2559379452103e-06
3073.9425175,0.38109875,4.170735e-07,1.39299999999997e-09,1.39900442260442e-09,-1.62056862055918e-13,-3.72534365601616e-13,-2.89481514710272e-13,-1.38447680948391e-06
3084.031067,0.3823495,4.18471e-07,1.40725000000001e-09,1.39898452088452e-09,1.14391080203587e-11,-3.86326689541776e-13,-3.08087730048954e-13,-1.47346305675587e-06
3094.1115505,0.38359925,4.19888e-07,1.4244375e-09,1.42188263864514e-09,7.95350342225231e-12,-4.6288557000464e-13,-3.81906806420651e-13,-1.82651081331616e-06
3104.27168575,0.384858875,4.21319875e-07,1.40950000000002e-09,1.41489152772903e-09,-1.80494076869076e-11,-5.15886122654639e-13,-4.88595201189847e-13,-2.33675965786449e-06
3114.3491445,0.38610825,4.22707e-07,1.39118749999998e-09,1.38578382327132e-09,-1.3887425412424e-11,-4.79008752339678e-13,-4.78734520210785e-13,-2.28959987926897e-06
3124.43063625,0.387358125,4.2410225e-07,1.3865e-09,1.38711667690418e-09,1.09426772551702e-12,-3.80366591776711e-13,-3.73714196537023e-13,-1.78732876604663e-06
3134.51716925,0.388608625,4.2548e-07,1.39106250000003e-09,1.38797235872236e-09,8.79047472796767e-13,-2.71770038467227e-13,-2.60284222264447e-13,-1.24483758474301e-06
3144.606727,0.3898595,4.26884375e-07,1.4003125e-09,1.38887477184977e-09,1.11556028431093e-12,-1.95604656779367e-13,-1.4145470614576e-13,-6.76522507653635e-07
3154.68418575,0.391108875,4.28280625e-07,1.3958125e-09,1.39020347929098e-09,1.15154659529784e-12,-1.35008612691286e-13,-2.16515048711157e-14,-1.03550675470553e-07
3164.85137875,0.392369375,4.29676e-07,1.41018749999998e-09,1.39117786504037e-09,6.51823008073662e-13,-9.61822294584737e-14,9.57989168307574e-14,4.5816873266884e-07
3174.92581275,0.393618375,4.31101e-07,1.41249999999997e-09,1.39150712530713e-09,4.18129168128062e-13,-7.24256482017957e-14,2.12207428752744e-13,1.01490509403486e-06
3185.009321,0.3948685,4.32501e-07,1.39200000000002e-09,1.39201412337662e-09,9.22847929096687e-13,2.68708854634309e-14,3.28456024939854e-13,1.57087664101669e-06
3195.095854,0.396119,4.33885e-07,1.39381250000003e-09,1.39335282116532e-09,1.554538873288e-12,1.82844124335435e-13,4.39191949193723e-13,2.10048323527433e-06
3205.17331275,0.397368375,4.35288625e-07,1.39706250000001e-09,1.3951232011232e-09,1.62161504036403e-12,3.29053988911282e-13,5.37776514158449e-13,2.57197463293171e-06
3215.26387875,0.398619375,4.36679125e-07,1.39887499999997e-09,1.39659605124605e-09,1.07691733941801e-12,4.63199476616342e-13,6.22265339492293e-13,2.97605162365879e-06
3225.339321,0.3998685,4.38086375e-07,1.40293749999999e-09,1.39727703580204e-09,6.96946296947904e-13,5.60099087374373e-13,6.9394427667734e-13,3.3188639319351e-06
3235.49945625,0.401128125,4.39485e-07,1.40381250000004e-09,1.39798994383995e-09,7.03259915760188e-13,6.20362207352222e-13,7.52718995744275e-13,3.59996041442914e-06
3245.589014,0.402379,4.40894e-07,1.403e-09,1.39868355563356e-09,5.27202527201933e-13,6.78122343395888e-13,7.97966291950909e-13,3.81636052672174e-06
3255.671514,0.403629,4.42291e-07,1.40368749999998e-09,1.39904434889435e-09,8.8657643032621e-13,7.51189930768077e-13,8.31255515911982e-13,3.97556985870948e-06
3265.75098925,0.404878625,4.43701375e-07,7.93625000000017e-10,1.40045670849421e-09,1.8725824850821e-12,1.97379982242987e-12,8.50361421859694e-13,4.06694593063332e-06
3275.828448,0.406128,4.4387825e-07,1.40381250000001e-09,1.40278951386451e-09,1.97388338013219e-12,3.14937608070578e-12,8.48708936393443e-13,4.05904273927299e-06
3285.9210305,0.40737925,4.46509e-07,2.01237499999999e-09,1.40440447525447e-09,1.15352755352643e-12,1.9530601957593e-12,8.25207888260245e-13,3.94664642211422e-06
3296.08116575,0.408638875,4.47903e-07,1.40199999999998e-09,1.40509656897157e-09,3.57897507897692e-13,6.96553651339962e-13,7.85845653621307e-13,3.75839225644973e-06
3306.1626575,0.40988875,4.49313e-07,1.404e-09,1.40512027027027e-09,1.30848543350183e-13,5.72764986168744e-13,7.36955878746279e-13,3.52457159400394e-06
3316.24414925,0.411138625,4.50711e-07,1.39900000000003e-09,1.40535826605827e-09,6.86212267463356e-13,4.60588876085463e-13,6.80499892484958e-13,3.25456470318893e-06
3326.3316905,0.41238925,4.52111e-07,1.39499999999997e-09,1.4064926948052e-09,1.08108766233781e-12,3.77558894815842e-13,6.1407924366896e-13,2.93690073059068e-06
3336.41318225,0.413639125,4.53501e-07,1.40249999999996e-09,1.40752044138294e-09,1.33743857493819e-12,3.06797676202918e-13,5.37510584874538e-13,2.57070279722605e-06
3346.49366575,0.414888875,4.54916e-07,1.41437500000003e-09,1.40916757195507e-09,1.6315724815714e-12,1.90744803895314e-13,4.52054369272936e-13,2.1619991573923e-06
3356.657834,0.416149,4.5632975e-07,1.41200000000001e-09,1.41078358634609e-09,1.01945200070081e-12,3.74794618904981e-14,3.58334003071964e-13,1.71377131903983e-06
3366.736301,0.4173985,4.5774e-07,1.405625e-09,1.41120647595647e-09,3.19015444015365e-13,-8.58415008570055e-14,2.61635753378283e-13,1.25130142920048e-06
3376.8288835,0.41864975,4.59141e-07,1.39700000000002e-09,1.41142161723412e-09,3.21226746228248e-13,-1.40866985804903e-13,1.67598425640183e-13,8.01557687844353e-07
3386.901301,0.4198985,4.60534e-07,1.39587499999999e-09,1.41184892944893e-09,3.09086521586567e-13,-1.61558659316505e-13,7.8797054816596e-14,3.76855479557633e-07
3396.99085875,0.421149375,4.6193275e-07,1.40099999999997e-09,1.41203979027729e-09,5.6114426114323e-13,-1.94354161817993e-13,-2.33244151048946e-15,-1.1155155050167e-08
3407.07335875,0.422399375,4.63336e-07,1.40112500000003e-09,1.41297121797122e-09,1.23060503685639e-12,-2.19162095694896e-13,-7.68195307740283e-14,-3.67397755875788e-07
3417.1548505,0.42364925,4.64735e-07,1.40549999999999e-09,1.414501000351e-09,1.47030756405922e-12,-2.30414547553811e-13,-1.47031974173464e-13,-7.03196398220915e-07
3427.3139775,0.42490875,4.66147e-07,1.40806249999997e-09,1.41591183309934e-09,1.30229247104352e-12,-2.64132718665806e-13,-2.11843834694742e-13,-1.01316616593137e-06
3437.40555175,0.426159875,4.67551125e-07,1.3975625e-09,1.41710558529309e-09,-1.42189430501923e-11,-2.82045763164381e-13,-2.68010140985614e-13,-1.28178763080076e-06
3447.47998575,0.427408875,4.68942125e-07,1.39593750000001e-09,1.38747394699895e-09,-1.83579940329946e-11,-2.18622098163791e-13,-2.27309424321663e-13,-1.08713202936448e-06
3457.56853525,0.428659625,4.70343e-07,1.40143750000005e-09,1.3803895972271e-09,8.21648385398289e-12,-1.03399765498601e-13,-6.88578734175093e-14,-3.29320264170697e-07
3467.645994,0.429909,4.71745e-07,1.40500000000001e-09,1.40390691470692e-09,1.22778891716396e-11,-1.72343374564095e-14,5.39430859708116e-14,2.57988672034316e-07
3477.7224445,0.43115825,4.73153e-07,1.41468749999997e-09,1.40494537557038e-09,7.9140487890635e-13,1.2326170125282e-14,1.13940814217512e-13,5.44934328866362e-07
3487.8936705,0.43241925,4.74574375e-07,1.41399999999999e-09,1.40548972446473e-09,4.81824763075357e-13,3.72793821420746e-14,1.73357793147924e-13,8.29102488968332e-07
3497.97516225,0.433669125,4.75981e-07,1.402e-09,1.40590902509653e-09,1.34242277991761e-13,1.22171113040764e-13,2.33494115368927e-13,1.11671098654704e-06
3508.060687,0.4349195,4.77378375e-07,1.39781250000001e-09,1.40575820902071e-09,-4.32191119709524e-14,2.3864196652105e-13,2.95148088892769e-13,1.41157781644368e-06
3518.143187,0.4361695,4.78776625e-07,1.39625e-09,1.40582258687259e-09,5.94724025973272e-13,3.43732089464825e-13,3.57279306122179e-13,1.70872711623651e-06
3528.22467875,0.437419375,4.80170875e-07,1.40068750000001e-09,1.40694765707266e-09,1.41579282204241e-12,4.51306593416477e-13,4.1475047041711e-13,1.9835892063427e-06
3538.3102035,0.43866975,4.81578e-07,1.40856250000004e-09,1.40865417251667e-09,1.58396147770995e-12,5.50448008550182e-13,4.62449326102403e-13,2.21171416831584e-06
3548.386654,0.439919,4.82988e-07,1.41506250000001e-09,1.41011558002808e-09,1.09700552825586e-12,6.2877466981726e-13,4.99294164928033e-13,2.3879286148732e-06
3558.5518305,0.44117925,4.84408125e-07,1.41449999999998e-09,1.41084818357318e-09,8.31192962443153e-13,6.93840255230785e-13,5.27676816407062e-13,2.52367173064247e-06
3568.6383635,0.44242975,4.85817e-07,1.42468750000003e-09,1.41177796595297e-09,9.52790452789054e-13,7.40240003881742e-13,5.48765411111784e-13,2.62453022705636e-06
3578.71985525,0.443679625,4.872575e-07,1.41499999999999e-09,1.41275376447876e-09,6.13781151282122e-13,8.19416122188625e-13,5.61166752044646e-13,2.68384098803961e-06
3588.801347,0.4449295,4.88647e-07,1.40281249999998e-09,1.41300552825553e-09,4.02145489648592e-13,9.67140322892902e-13,5.6519230629802e-13,2.70309363881662e-06
3598.8818305,0.44617925,4.90063125e-07,1.404e-09,1.41355805545806e-09,8.57166988417104e-13,1.14352253400062e-12,5.61287444694931e-13,2.68441821375837e-06
3608.966347,0.4474295,4.91455e-07,1.40993749999994e-09,1.41471986223236e-09,1.07877764127495e-12,1.32152866597317e-12,5.47051325374953e-13,2.6163324257063e-06
3619.1355565,0.44869025,4.92883e-07,1.43056250000001e-09,1.41571561074061e-09,5.55644524392224e-13,7.22352849971355e-13,5.22132799222531e-13,2.49715686584689e-06
3629.20696575,0.449938875,4.94316125e-07,1.42850000000005e-09,1.41583115128115e-09,-1.70151807651707e-13,-2.72540964260404e-13,4.91012808954085e-13,2.34832212978041e-06
3639.2924905,0.45118925,4.9574e-07,1.40806250000002e-09,1.41537530712531e-09,-1.08037908035176e-13,-1.62128469085409e-13,4.58136458039219e-13,2.19108740801366e-06
3649.377007,0.4524395,4.9713225e-07,1.40312499999995e-09,1.41561507546508e-09,5.02801421552081e-13,2.80848630821335e-13,4.2317714648952e-13,2.02389070060205e-06
3659.45849875,0.453689375,4.9854625e-07,1.41643749999996e-09,1.41638090996841e-09,4.03828097575808e-13,2.91497724904322e-13,3.83097984307882e-13,1.8322077510377e-06
3669.54099875,0.454939375,4.99965125e-07,1.41531250000001e-09,1.41642273166023e-09,-5.08029133029357e-13,2.50360937763851e-13,3.38058256889517e-13,1.61680035903682e-06
3679.705167,0.4561995,5.01376875e-07,1.42518749999999e-09,1.41536485170235e-09,-9.63991751491001e-13,1.79660425794988e-13,2.92849757141935e-13,1.40058579502665e-06
3689.78867525,0.457449625,5.028155e-07,1.43056250000001e-09,1.41449474815725e-09,-4.2688443313576e-13,1.06160093265989e-13,2.50779721846146e-13,1.19938127839461e-06
3699.8681505,0.45869925,5.04238e-07,1.42268749999998e-09,1.41451108283608e-09,8.28580203581524e-14,6.69426442022378e-14,2.10200555366868e-13,1.0053070039285e-06
3709.94762575,0.459948875,5.05660875e-07,1.40993750000005e-09,1.41466046419796e-09,-2.3710073708358e-14,6.69854816014024e-14,1.72472894322259e-13,8.24870364149934e-07
3720.031134,0.461199,5.07057875e-07,1.40918750000003e-09,1.41446366268866e-09,-1.32263513512223e-13,8.47382321377348e-14,1.38514877416542e-13,6.62462457209549e-07
3730.113634,0.462449,5.0847925e-07,1.41606249999998e-09,1.41439593717094e-09,2.31339943841035e-13,9.06725641374297e-14,1.08592132074564e-13,5.19353675139219e-07
3740.19714225,0.463699125,5.0989e-07,1.40700000000003e-09,1.41492634257635e-09,8.44598982099753e-13,9.01491350992444e-14,8.31371625924712e-14,3.97612516746601e-07
3750.359294,0.464959,5.1129325e-07,1.40675000000003e-09,1.41608513513514e-09,6.10845910846831e-13,9.929877151541e-14,6.21956174096145e-14,2.97457300654678e-07
3760.43675275,0.466208375,5.127035e-07,1.42212499999995e-09,1.41614803439804e-09,-2.71257458759575e-14,9.72814687535231e-14,4.81545097797201e-14,2.30304177207357e-07
3770.524294,0.467459,5.141375e-07,1.42024999999992e-09,1.41603088364339e-09,-1.2683617058779e-13,8.64125455908284e-14,4.56261328092333e-14,2.1821193952242e-07
3780.60780225,0.468709125,5.15544e-07,1.4081875e-09,1.41589436205686e-09,3.660714285605e-14,9.70721832361441e-14,5.82039648866933e-14,2.78366788588533e-07
3790.693327,0.4699595,5.16953875e-07,1.39650000000006e-09,1.4161040979291e-09,7.92157335906598e-13,1.23765591306864e-13,8.86294755884834e-14,4.23880100640573e-07
3800.771794,0.471209,5.18337e-07,1.40856250000004e-09,1.41747867672868e-09,1.23258599508633e-12,1.33086135481652e-13,1.01363012982993e-13,4.84779627309967e-07
3810.93596225,0.472469125,5.19771e-07,1.425e-09,1.41856926991927e-09,4.72929097932062e-13,1.08897434794532e-13,6.97329375649111e-14,3.33505353571314e-07
3821.01846225,0.473719125,5.21187e-07,1.41149999999995e-09,1.41842453492454e-09,-7.10885398384145e-13,8.09839736495065e-14,3.55974348054321e-14,1.70248601243371e-07
3831.10499525,0.474969625,5.22594e-07,1.4073125e-09,1.4171474991225e-09,-7.59860916113491e-13,7.70840542108981e-14,1.63510007424097e-14,7.82004383332638e-08
3841.18346225,0.476219125,5.24001625e-07,1.42500000000005e-09,1.41690481309231e-09,1.18989118962944e-14,7.00308674375447e-14,-3.94559397247535e-15,-1.88702320422734e-08
3851.2589045,0.47746825,5.25444e-07,1.44318749999996e-09,1.4171712969463e-09,2.95610301858343e-13,1.88160866701348e-14,-2.77352788813469e-14,-1.32646985954268e-07
3861.34846225,0.478719125,5.26888e-07,1.43831250000001e-09,1.41749603369603e-09,5.95341760698913e-14,-6.64601490857658e-14,-5.70071089710103e-14,-2.72642695078745e-07
3871.4319705,0.47996925,5.28320625e-07,1.41431250000004e-09,1.41729036529844e-09,-2.30349400210734e-13,-1.06320806214332e-13,-9.53465411239987e-14,-4.56005196679994e-07
3881.60017175,0.481229875,5.29716625e-07,1.40981249999997e-09,1.41703533489561e-09,-2.79711405444043e-13,-1.49439158991856e-13,-1.37304806215623e-13,-6.56675160161675e-07
3891.67258925,0.482478625,5.3114025e-07,1.42262500000002e-09,1.41673094248755e-09,-3.2907341068852e-13,-1.95815207415465e-13,-1.82881904245355e-13,-8.74652585521263e-07
3901.7601305,0.48372925,5.32561875e-07,1.42737499999999e-09,1.41637718807423e-09,-3.78435415931342e-13,-2.45448951485368e-13,-2.32077835213608e-13,-1.10993747276073e-06
3911.844647,0.4849795,5.33995e-07,1.41356249999996e-09,1.41597407165568e-09,-4.27797421174163e-13,-2.98340391201357e-13,-2.84892599120382e-13,-1.36252982188009e-06
3921.92815525,0.486229625,5.35389e-07,1.40850000000002e-09,1.41552159323188e-09,-4.7715942641864e-13,-3.5448952656364e-13,-3.41326195965057e-13,-1.63242963287636e-06
3932.009647,0.4874795,5.36812e-07,1.42549999999996e-09,1.41501975280285e-09,-5.26521431661461e-13,-4.13896357572215e-13,-4.01378625747839e-13,-1.91963690575053e-06
3942.17179875,0.488739375,5.3824e-07,1.41668750000002e-09,1.41446855036856e-09,-5.75883436909246e-13,-4.76560884226877e-13,-4.65049888469143e-13,-2.2241516405046e-06
3952.25026575,0.489988875,5.39645375e-07,1.41412500000005e-09,1.41386798592903e-09,-6.25245442148759e-13,-5.42483106527833e-13,-5.32339984128553e-13,-2.54597383713656e-06
3962.3357905,0.49123925,5.4106825e-07,1.40737499999997e-09,1.41321805948426e-09,-6.74607447391581e-13,-6.11663024474874e-13,-6.03248912726278e-13,-2.88510349564742e-06
3972.42434,0.49249,5.42460125e-07,1.39787500000002e-09,1.41251877103425e-09,-7.23969452636057e-13,-6.84100638068209e-13,-6.77776674262318e-13,-3.24154061603717e-06
3982.50179875,0.493739375,5.43864e-07,1.4015625e-09,1.41177012057899e-09,-7.73331457880534e-13,-7.59795947307837e-13,-7.55923268737085e-13,-3.6152851983078e-06
3992.58631525,0.494989625,5.4526325e-07,1.40749999999994e-09,1.41097210811848e-09,-8.22693463126664e-13,-8.38748952193758e-13,-8.37688696149546e-13,-4.00633724245435e-06
4002.7525,0.49625,5.46679e-07,1.42649999999999e-09,1.41012473365274e-09,-8.72055468364523e-13,-9.20959652725765e-13,-9.23072956500322e-13,-4.4146967484798e-06
4012.8289505,0.49749925,5.4811625e-07,1.41556250000002e-09,1.40922799718176e-09,-9.21417473608999e-13,-1.00642804890407e-12,-1.01207604978941e-12,-4.84036371638413e-06
4022.9074175,0.49874875,5.49510125e-07,1.40037500000004e-09,1.40828189870552e-09,-9.70779478853475e-13,-1.09515414072845e-12,-1.10469797601682e-12,-5.2833381461674e-06
4032.9899175,0.49999875,5.50917e-07,1.40687500000006e-09,1.40728643822405e-09,-9.9546048147075e-13,-1.18713792819913e-12,-1.20093873518253e-12,-5.74362003782949e-06
