wvnmbr,Voltage,Current,DerivativeY1,DerivativeY1_1,DerivativeY2,DerivativeY2_1,DerivativeY2_2,Alpha
-4033,-0.5,-3.44e-07,1.09099999999999e-09,1.02441366366365e-09,-1.35983029247699e-11,-1.51315479264396e-11,-1.5237262720647e-11,NaN
-4022.9175,-0.49875,-3.42909e-07,1.06025000000002e-09,1.01081536073888e-09,-1.33167002755204e-11,-1.42009915780697e-11,-1.42834690471987e-11,NaN
-4012.835,-0.4975,-3.418795e-07,9.98500000000007e-10,9.97780263112606e-10,-1.27534949770212e-11,-1.33005774088245e-11,-1.33610454987934e-11,NaN
-4002.7525,-0.49625,-3.40912e-07,9.63750000000001e-10,9.85308370784835e-10,-1.21902896785219e-11,-1.24303054187041e-11,-1.24699920754311e-11,NaN
-3992.58934,-0.49499,-3.39952e-07,9.49999999999992e-10,9.73399683755562e-10,-1.16270843800229e-11,-1.15901756077084e-11,-1.16103087771118e-11,NaN
-3982.50684,-0.49374,-3.39012e-07,9.32999999999973e-10,9.62054202024789e-10,-1.10638790815238e-11,-1.07801879758376e-11,-1.07819956038356e-11,NaN
-3972.42434,-0.49249,-3.38086e-07,9.09000000000025e-10,9.51271925592515e-10,-1.05006737830246e-11,-1.00003425230915e-11,-9.98505255560246e-12,NaN
-3962.34184,-0.49124,-3.37194e-07,9.13500000000017e-10,9.4105285445874e-10,-9.93746848452537e-12,-9.25063924947016e-12,-9.21947963241232e-12,NaN
-3952.25934,-0.48999,-3.36259e-07,9.1924999999999e-10,9.31396988623464e-10,-9.37426318602618e-12,-8.53107815497363e-12,-8.48527683426521e-12,NaN
-3942.17684,-0.48874,-3.353555e-07,9.15499999999993e-10,9.22304328086687e-10,-8.81105788752714e-12,-7.84165923960188e-12,-7.78244416116114e-12,NaN
-3932.01368,-0.48748,-3.34428e-07,9.03416666666511e-10,9.1377487284841e-10,-8.24785258902795e-12,-7.1823825033549e-12,-7.11098161310009e-12,NaN
-3921.93118,-0.48623,-3.33548666666667e-07,8.85749999999992e-10,9.05808622908631e-10,-7.6846472905287e-12,-6.5532479462327e-12,-6.47088919008208e-12,NaN
-3911.84868,-0.48498,-3.326565e-07,8.81833333333482e-10,8.98405578267352e-10,-7.12144199202961e-12,-5.95425556823528e-12,-5.86216689210711e-12,NaN
-3901.76618,-0.48373,-3.31785e-07,8.74750000000006e-10,8.91565738924572e-10,-6.55823669353053e-12,-5.38540536936264e-12,-5.28481471917516e-12,NaN
-3891.68368,-0.48248,-3.30907e-07,8.9600000000001e-10,8.85289104880291e-10,-5.99503139503128e-12,-4.84669734961477e-12,-4.73883267128625e-12,NaN
-3881.60118,-0.48123,-3.29993e-07,8.98000000000013e-10,8.79575676134509e-10,-5.43182609653209e-12,-4.33813150899168e-12,-4.22422074844037e-12,NaN
-3871.43802,-0.47997,-3.29111e-07,8.75249999999993e-10,8.74425452687227e-10,-4.86862079803295e-12,-3.85970784749337e-12,-3.74097895063752e-12,NaN
-3861.35552,-0.47872,-3.282425e-07,8.79916666666498e-10,8.69838434538444e-10,-2.2284570093372e-12,-3.41142636511983e-12,-3.2891072778777e-12,NaN
-3851.27302,-0.47747,-3.27351166666667e-07,8.83499999999983e-10,8.69968538668553e-10,3.7540365039864e-13,-2.92327701484283e-12,-2.85917060809777e-12,NaN
-3841.19052,-0.47622,-3.264755e-07,8.68249999999985e-10,8.70589241839241e-10,-3.66005616110547e-14,-2.47176917493915e-12,-2.4689409516806e-12,NaN
-3831.10802,-0.47497,-3.25614666666667e-07,8.72750000000004e-10,8.6989533754533e-10,-9.48204048202714e-13,-2.05184405674103e-12,-2.11658294038202e-12,NaN
-3821.02552,-0.47372,-3.2473e-07,8.81833333333535e-10,8.68692833742835e-10,-9.38905463903548e-13,-1.69992876534118e-12,-1.79974744154531e-12,NaN
-3810.94302,-0.47247,-3.23851e-07,8.70000000000034e-10,8.68017526617523e-10,-7.8379255879451e-13,-1.38756849047402e-12,-1.51861247327335e-12,NaN
-3800.77986,-0.47121,-3.2299e-07,8.58499999999981e-10,8.67125248625246e-10,-1.32173862173657e-12,-1.08839251730408e-12,-1.27255716566108e-12,NaN
-3790.69736,-0.46996,-3.22134e-07,8.6833333333348e-10,8.6537404937405e-10,-1.43554756054509e-12,-8.30903058505429e-13,-1.05851678652428e-12,NaN
-3780.61486,-0.46871,-3.21253333333333e-07,8.67666666666504e-10,8.64254153504156e-10,-7.16827541822413e-13,-6.29213681053752e-13,-8.74797430563851e-13,NaN
-3770.53236,-0.46746,-3.20398666666667e-07,8.57666666666492e-10,8.63940394290405e-10,-4.30820755815761e-13,-4.78153462202902e-13,-7.2141493950251e-13,NaN
-3760.44986,-0.46621,-3.19538e-07,8.57416666666988e-10,8.63392511992525e-10,-6.04554229560361e-13,-3.64672585319656e-13,-5.96649272947948e-13,NaN
-3750.36736,-0.46496,-3.18683833333333e-07,8.60750000000017e-10,8.62731285831285e-10,-7.74277524285162e-13,-2.91930400764843e-13,-4.9803522642546e-13,NaN
-3740.2042,-0.4637,-3.178165e-07,8.60416666666489e-10,8.61843956943954e-10,-8.15806715800303e-13,-2.73672935169737e-13,-4.23601406834582e-13,NaN
-3730.1217,-0.46245,-3.16963e-07,8.55499999999978e-10,8.61099672399684e-10,-1.04227799227104e-12,-2.87141124208821e-13,-3.70674246962379e-13,NaN
-3720.0392,-0.4612,-3.161055e-07,8.5800000000002e-10,8.59759400959412e-10,-1.01426231426269e-12,-3.2116393656044e-13,-3.35719747419219e-13,NaN
-3709.9567,-0.45995,-3.15247e-07,8.57750000000013e-10,8.59071147771159e-10,-3.59400959400576e-13,-3.76235265447888e-13,-3.16475082472278e-13,NaN
-3699.8742,-0.4587,-3.1439e-07,8.64000000000001e-10,8.59040599040611e-10,-3.94264069263365e-13,-4.63276913793518e-13,-3.12259340019598e-13,NaN
-3689.7917,-0.45745,-3.13519e-07,8.58666666666494e-10,8.58282619632632e-10,-6.52506727510859e-13,-5.86525003737564e-13,-3.20593438470574e-13,NaN
-3679.7092,-0.4562,-3.12672666666667e-07,8.60166666666482e-10,8.57735585585589e-10,-3.4406224406538e-13,-6.33507439691849e-13,-3.38339726317208e-13,NaN
-3669.54604,-0.45494,-3.11798666666667e-07,8.61416666666993e-10,8.57594495144501e-10,-5.72270972273013e-13,-5.8220686470792e-13,-3.60302861448899e-13,NaN
-3659.46354,-0.45369,-3.10949833333333e-07,8.64083333333521e-10,8.56591043641043e-10,-7.85699660707707e-13,-5.53060945234709e-13,-3.82944017596399e-13,NaN
-3649.38104,-0.45244,-3.100705e-07,8.63916666666506e-10,8.56023095823086e-10,-1.27088452089621e-13,-5.60762555552917e-13,-4.0301459200567e-13,NaN
-3639.29854,-0.45119,-3.09222e-07,8.54083333333484e-10,8.56336866736864e-10,-5.96759096687151e-14,-5.42706014763907e-13,-4.21968478907277e-13,NaN
-3629.21604,-0.44994,-3.08362333333333e-07,8.53999999999989e-10,8.55903744003748e-10,-7.13791388789067e-13,-5.06328125659226e-13,-4.38332377455639e-13,NaN
-3619.13354,-0.44869,-3.07514e-07,8.57750000000013e-10,8.54909283959286e-10,-8.2509652509513e-13,-5.06828445304683e-13,-4.47300908717078e-13,NaN
-3608.97038,-0.44743,-3.06646833333333e-07,8.53500000000028e-10,8.54253550953558e-10,-5.89101439103102e-13,-5.14657127441769e-13,-4.47223911089787e-13,NaN
-3598.88788,-0.44618,-3.05807e-07,8.47416666666501e-10,8.5373108108108e-10,-4.04779454791468e-13,-4.8175863968342e-13,-4.3878011903294e-13,NaN
-3588.80538,-0.44493,-3.04952e-07,8.57999999999967e-10,8.53443992043975e-10,-4.9464724464804e-13,-4.3845237838614e-13,-4.23522121343045e-13,NaN
-3578.72288,-0.44368,-3.04091e-07,8.57583333333501e-10,8.52741786591784e-10,-4.99903474895195e-13,-3.99146026865285e-13,-4.01618589935382e-13,NaN
-3568.64038,-0.44243,-3.03236833333333e-07,8.49500000000024e-10,8.52444185094185e-10,-9.61185211171425e-14,-3.50091135659519e-13,-3.73258860654946e-13,NaN
-3558.55788,-0.44118,-3.02392e-07,8.41916666666481e-10,8.52549549549549e-10,-1.29577629579041e-13,-3.06004675365331e-13,-3.4177514465355e-13,NaN
-3548.39472,-0.43992,-3.01553e-07,8.47000000000008e-10,8.52185029835027e-10,-4.21264771270069e-13,-2.91227846619815e-13,-3.09164664245929e-13,NaN
-3538.31222,-0.43867,-3.00698e-07,8.56000000000018e-10,8.51707020007009e-10,-7.25865800868764e-13,-2.80676301743697e-13,-2.75709279426341e-13,NaN
-3528.22972,-0.43742,-2.99841e-07,8.49999999999985e-10,8.50733298233289e-10,-7.49888849890091e-13,-2.33059096804342e-13,-2.41413386509918e-13,NaN
-3518.14722,-0.43617,-2.98998e-07,8.47999999999982e-10,8.50207242307229e-10,-5.69591669593614e-13,-1.85864544007707e-13,-2.08312261807432e-13,NaN
-3508.06472,-0.43492,-2.98145e-07,8.49499999999997e-10,8.49594114894102e-10,-4.93348543351173e-13,-1.58823482100041e-13,-1.80568915403918e-13,NaN
-3497.98222,-0.43367,-2.97299e-07,8.46916666666513e-10,8.49220545220527e-10,-1.91988416985998e-13,-1.22928482333212e-13,-1.56997278418984e-13,NaN
-3487.89972,-0.43242,-2.96451166666667e-07,8.54500000000029e-10,8.4921013806013e-10,3.16888966897071e-13,-1.10641978902207e-13,-1.34382857932724e-13,NaN
-3477.73656,-0.43116,-2.9559e-07,8.5108333333348e-10,8.49854323154321e-10,5.82394407390418e-13,-1.19049152492157e-13,-1.14918645120249e-13,NaN
-3467.65406,-0.42991,-2.94749e-07,8.42499999999989e-10,8.50374926874911e-10,1.41845091845907e-13,-7.89951398337616e-14,-1.01451170338788e-13,NaN
-3457.57156,-0.42866,-2.93905e-07,8.50916666666518e-10,8.50138013338013e-10,-6.73247923169265e-14,-3.21400953811055e-14,-9.22896715498012e-14,NaN
-3447.48906,-0.42741,-2.93047166666667e-07,8.53999999999989e-10,8.50240277290277e-10,2.58491283488647e-13,-3.90971533401557e-14,-8.62832936203236e-14,NaN
-3437.40656,-0.42616,-2.92197e-07,8.58500000000008e-10,8.5065499590499e-10,2.51553176552329e-13,-6.90974217129756e-14,-8.58172401853146e-14,NaN
-3427.32406,-0.42491,-2.91330166666667e-07,8.59500000000009e-10,8.50743383643382e-10,-1.53942903946083e-14,-9.41096841376878e-14,-9.14206889167128e-14,NaN
-3417.1609,-0.42365,-2.90478e-07,8.45583333333487e-10,8.50624207324201e-10,9.59693459643341e-14,-9.62208403683976e-14,-1.0083405322079e-13,NaN
-3407.0784,-0.4224,-2.89639e-07,8.54500000000003e-10,8.5093532233531e-10,1.05651105653366e-13,-1.01681970519334e-13,-1.13453356734682e-13,NaN
-3396.9959,-0.42115,-2.88769e-07,8.4900000000001e-10,8.50835509535508e-10,-3.1807359306226e-13,-1.25454960641455e-13,-1.28780230810172e-13,NaN
-3386.9134,-0.4199,-2.87941e-07,8.38166666666483e-10,8.50299175149186e-10,-3.79396279393322e-13,-1.1879339573822e-13,-1.442492133516e-13,NaN
-3376.8309,-0.41865,-2.87092666666667e-07,8.41500000000015e-10,8.50076716976721e-10,-7.26073476098234e-14,-9.51633997583473e-14,-1.59200753491624e-13,NaN
-3366.7484,-0.4174,-2.86258e-07,8.44833333333519e-10,8.50153960453966e-10,-9.54837954841776e-14,-9.15642098398194e-14,-1.75961205107768e-13,NaN
-3356.6659,-0.41615,-2.85403e-07,8.56999999999993e-10,8.49885749385753e-10,-4.13446238446638e-13,-1.30303301755786e-13,-1.94107706580109e-13,NaN
-3346.50274,-0.41489,-2.84544e-07,8.56333333333466e-10,8.49327067977073e-10,-5.25646425641789e-13,-1.92449148993114e-13,-2.10147657536274e-13,NaN
-3336.42024,-0.41364,-2.83690333333333e-07,8.56666666666491e-10,8.48834456534469e-10,-4.49195624192005e-13,-2.45063062816385e-13,-2.23353195169268e-13,NaN
-3326.33774,-0.41239,-2.82830666666667e-07,8.55666666666517e-10,8.48428676728689e-10,-4.64935064938774e-13,-2.92887708675404e-13,-2.34374642223461e-13,NaN
-3316.25524,-0.41114,-2.81979e-07,8.51249999999993e-10,8.47904586404591e-10,-2.20083070086189e-13,-3.34452755257922e-13,-2.42326714406292e-13,NaN
-3306.17274,-0.40989,-2.81128166666667e-07,8.40000000000026e-10,8.47988510588516e-10,-3.53457353451875e-14,-3.47815883580608e-13,-2.48619611572768e-13,NaN
-3296.09024,-0.40864,-2.80299e-07,8.43583333333511e-10,8.47833894933901e-10,-5.79001404000231e-13,-3.32098426050753e-13,-2.54735355014879e-13,NaN
-3285.92708,-0.40738,-2.79441e-07,8.52916666666467e-10,8.46830507780516e-10,-7.39186264180935e-13,-3.29374894739836e-13,-2.56542179516269e-13,NaN
-3275.84458,-0.40613,-2.78593166666667e-07,8.45499999999993e-10,8.46355522405539e-10,-2.42628992623646e-13,-3.30459738591649e-13,-2.52453507581233e-13,NaN
-3265.76342433334,-0.404880166666667,-2.7775e-07,8.41583333333509e-10,8.46345249795269e-10,8.53837603780494e-14,-3.07928211085082e-13,-2.46422035169146e-13,NaN
-3255.67958,-0.40363,-2.7691e-07,8.44500000000018e-10,8.46526289926295e-10,1.74128349113868e-13,-2.77342221194714e-13,-2.40495836835828e-13,NaN
-3245.59708,-0.40238,-2.76061e-07,8.41499999999988e-10,8.46693506493496e-10,-1.96030771030771e-13,-2.5044416841952e-13,-2.33947048347421e-13,NaN
-3235.51458,-0.40113,-2.75227e-07,8.40583333333482e-10,8.46134228384234e-10,-2.88572013564505e-13,-2.10545601648871e-13,-2.24274560123304e-13,NaN
-3225.35142,-0.39987,-2.74379833333333e-07,8.51250000000019e-10,8.46116362466367e-10,7.08406458377032e-14,-1.66157301586888e-13,-2.1151290307984e-13,NaN
-3215.26892,-0.39862,-2.735245e-07,8.55916666666497e-10,8.46275909675909e-10,-2.3369895870172e-13,-1.54676401865729e-13,-1.97970441079901e-13,NaN
-3205.18642,-0.39737,-2.72668e-07,8.39750000000019e-10,8.45648964548964e-10,-7.21598221598355e-13,-1.51241890329882e-13,-1.81776154791082e-13,NaN
-3195.10392,-0.39612,-2.71845e-07,8.32999999999992e-10,8.44832713232712e-10,-7.16690066686384e-13,-1.11249079122632e-13,-1.60803763952172e-13,NaN
-3185.02142,-0.39487,-2.71002e-07,8.48583333333464e-10,8.44215584415591e-10,-2.16593541590216e-13,-7.35463039366437e-14,-1.35940737873458e-13,NaN
-3174.93892,-0.39362,-2.70147833333333e-07,8.51000000000012e-10,8.44399526149532e-10,2.01468351471063e-13,-6.8649830355218e-14,-1.10479640239377e-13,NaN
-3164.85642,-0.39237,-2.693e-07,8.47916666666514e-10,8.44618521118533e-10,1.15493740493995e-13,-6.96619345489893e-14,-8.70774532887595e-14,NaN
-3154.69326,-0.39111,-2.68452e-07,8.47250000000015e-10,8.4463051363052e-10,3.72177372110951e-14,-6.68561489520589e-14,-6.56008695475732e-14,NaN
-3144.61076,-0.38986,-2.676055e-07,8.47000000000008e-10,8.44692956592956e-10,2.08280683275879e-13,-6.79954986784124e-14,-4.604080393965e-14,NaN
-3134.52826,-0.38861,-2.66758e-07,8.39749999999993e-10,8.45047074997072e-10,2.12653562655379e-13,-5.20431193687743e-14,-2.95495279276461e-14,NaN
-3124.44576,-0.38736,-2.65926e-07,8.41083333333495e-10,8.45118263718266e-10,4.13712413762436e-14,-1.54097661141163e-14,-1.65633686040459e-14,NaN
-3114.36326,-0.38611,-2.65075833333333e-07,8.515e-10,8.45129817479824e-10,1.06630981624067e-13,-1.8332462095952e-14,-6.21360350348866e-15,NaN
-3104.28076,-0.38486,-2.64223e-07,8.47833333332967e-10,8.45331525681514e-10,1.08421083407775e-13,-4.38466683693465e-14,1.44575125268166e-15,NaN
-3094.1176,-0.3836,-2.63380166666667e-07,8.40416666666493e-10,8.4534665964664e-10,1.05534105531425e-14,-2.70730747239712e-14,6.6864739860411e-15,NaN
-3084.0351,-0.38235,-2.62542166666667e-07,8.41083333333548e-10,8.45352632502621e-10,-3.02620802538982e-14,1.73010834777691e-14,1.0475555406603e-14,NaN
-3073.9526,-0.3811,-2.61698e-07,8.44666666667007e-10,8.45286135486132e-10,-1.10954135950373e-13,5.18070368278471e-14,1.32077384494464e-14,NaN
-3063.8701,-0.37985,-2.60852833333333e-07,8.49416666666476e-10,8.4513072423072e-10,-2.51599976597372e-13,4.97095818081528e-14,1.49883155404326e-14,NaN
-3053.7876,-0.3786,-2.59999166666667e-07,8.47250000000015e-10,8.44782935532937e-10,-3.0113782613373e-13,3.99247215745355e-14,1.67114719219985e-14,NaN
-3043.7051,-0.37735,-2.59158333333333e-07,8.38083333333518e-10,8.44528448578452e-10,7.57078507053688e-14,6.03013962436879e-14,1.90262323895817e-14,NaN
-3033.6226,-0.3761,-2.58323e-07,8.43166666666489e-10,8.44934351234348e-10,2.41344916341782e-13,6.60775084499228e-14,1.95244859737789e-14,NaN
-3023.45944,-0.37484,-2.57472e-07,8.48999999999984e-10,8.45011138411136e-10,-2.83479583482525e-13,3.7701781978516e-14,1.69087309705889e-14,NaN
-3013.37694,-0.37359,-2.56625e-07,8.47249999999988e-10,8.44367392067383e-10,-2.67409617408889e-13,2.51012560279923e-15,1.41924398369566e-14,NaN
-3003.29444,-0.37234,-2.557775e-07,8.41500000000015e-10,8.44476319176318e-10,1.80074880087676e-13,-1.24744615101925e-14,1.18102563988465e-14,NaN
-2993.21194,-0.37109,-2.54942e-07,8.41750000000022e-10,8.44727541827558e-10,2.07528957533536e-13,-6.97830853091984e-15,7.73959158333838e-15,NaN
-2983.12944,-0.36984,-2.54094e-07,8.49999999999985e-10,8.44891377091385e-10,1.81774306765923e-13,-1.46761341071571e-14,1.77309311657305e-15,NaN
-2973.04694,-0.36859,-2.53242e-07,8.52500000000001e-10,8.4509109044109e-10,2.47566397559575e-13,-4.05955225870733e-14,-5.91390210444262e-15,NaN
-2962.88378,-0.36733,-2.52389e-07,8.44499999999992e-10,8.45386509886504e-10,9.58581958564182e-14,-5.63132493118396e-14,-1.54954214534918e-14,NaN
-2952.80128,-0.36608,-2.51553e-07,8.38916666666478e-10,8.45282806832803e-10,-2.07836082827465e-13,-4.69636510728424e-14,-2.60677127669377e-14,NaN
-2942.71878,-0.36483,-2.50711166666667e-07,8.41500000000015e-10,8.4497083772085e-10,1.07643032651639e-13,-2.93606243384891e-14,-3.60672542258018e-14,NaN
-2932.63628,-0.36358,-2.4987e-07,8.47083333333502e-10,8.45498092898106e-10,3.87369837362855e-13,-2.22908622902215e-14,-4.80890740564751e-14,NaN
-2922.55378,-0.36233,-2.49017e-07,8.45583333333487e-10,8.45745577395575e-10,-1.90596115609486e-13,-3.01941758421239e-14,-6.38929753554261e-14,NaN
-2912.47128,-0.36108,-2.48178833333333e-07,8.41000000000001e-10,8.45116900666887e-10,-6.24687024689601e-13,-4.14082029780109e-14,-7.94016961624839e-14,NaN
-2902.30812,-0.35982,-2.47335e-07,8.44416666666497e-10,8.44496203346196e-10,-3.8818298817238e-13,-5.38446989975904e-14,-9.09251728280163e-14,NaN
-2892.22562,-0.35857,-2.4649e-07,8.42499999999989e-10,8.44340534690543e-10,7.70621270657843e-14,-7.22496120492649e-14,-9.88945197164364e-14,NaN
-2882.14312,-0.35732,-2.4565e-07,8.44500000000018e-10,8.44650327600328e-10,1.58151983148259e-13,-9.80294371308578e-14,-1.0678066261978e-13,NaN
-2872.06062,-0.35607,-2.44801e-07,8.54500000000003e-10,8.44656838656839e-10,-1.92397917393171e-13,-1.32793083342739e-13,-1.15250392301523e-13,NaN
-2861.97812,-0.35482,-2.43941e-07,8.48000000000009e-10,8.44265531765541e-10,-2.11392886388773e-13,-1.43844020159025e-13,-1.21592871121944e-13,NaN
-2851.89562,-0.35357,-2.43105e-07,8.4e-10,8.44234052884062e-10,-5.46975546990272e-14,-1.30665372561467e-13,-1.26271437859734e-13,NaN
-2841.81312,-0.35232,-2.42261e-07,8.47083333333502e-10,8.44156136656143e-10,-1.01763776772273e-13,-1.44995991648609e-13,-1.30902649181333e-13,NaN
-2831.64996,-0.35106,-2.41410833333333e-07,8.44000000000004e-10,8.44030525330517e-10,-2.44193869200225e-13,-1.64957375655324e-13,-1.35244875764937e-13,NaN
-2821.56746,-0.34981,-2.40573e-07,8.44083333332969e-10,8.43667748917743e-10,-3.84164034155221e-13,-1.66419128053513e-13,-1.38118583427761e-13,NaN
-2811.48496,-0.34856,-2.39722666666667e-07,8.44000000000004e-10,8.43262197262207e-10,-1.83450333440803e-13,-1.67163508956985e-13,-1.3853268229326e-13,NaN
-2801.40246,-0.34731,-2.38885e-07,8.42833333333517e-10,8.43300848250861e-10,2.06844506841898e-13,-1.66290591987233e-13,-1.37552291376674e-13,NaN
-2791.31996,-0.34606,-2.38037e-07,8.40083333333494e-10,8.4367588627589e-10,2.6248683747509e-13,-1.62872775042493e-13,-1.37016780740049e-13,NaN
-2781.23746,-0.34481,-2.37204833333333e-07,8.405e-10,8.43825821925811e-10,-2.30759330767284e-13,-1.58528745089884e-13,-1.36903682520714e-13,NaN
-2771.0743,-0.34355,-2.36356e-07,8.44916666666511e-10,8.43214367614356e-10,-6.57888732887189e-13,-1.60087964663593e-13,-1.34779259826084e-13,NaN
-2760.9918,-0.3423,-2.35515e-07,8.35000000000007e-10,8.42510044460037e-10,-4.48321048319797e-13,-1.29936900427934e-13,-1.28621160513702e-13,NaN
-2750.9093,-0.34105,-2.34686e-07,8.36999999999996e-10,8.42317725517716e-10,-1.01877851871795e-13,-7.12487676279464e-14,-1.19066627549876e-13,NaN
-2740.8268,-0.3398,-2.33841e-07,8.49750000000004e-10,8.42306288756293e-10,-8.33625833555594e-14,-5.47439968450031e-14,-1.08096864915695e-13,NaN
-2730.7443,-0.33855,-2.329865e-07,8.50999999999999e-10,8.42151000351005e-10,-6.97466947566236e-14,-8.94917578986467e-14,-9.66108976796261e-14,NaN
-2720.6618,-0.3373,-2.32139e-07,8.44249999999985e-10,8.4216679536678e-10,1.05504855380133e-14,-1.20534170420047e-13,-8.52260672557563e-14,NaN
-2710.5793,-0.33605,-2.31298e-07,8.38000000000011e-10,8.42172101322081e-10,4.65367965401686e-14,-1.02257125477242e-13,-7.49337586859486e-14,NaN
-2700.41614,-0.33479,-2.30463e-07,8.43000000000003e-10,8.4225986895986e-10,2.06900081910357e-13,-6.79852247205822e-14,-6.62394482328609e-14,NaN
-2690.33364,-0.33354,-2.29612e-07,8.42249999999996e-10,8.42585901485902e-10,7.99520299533339e-14,-5.65314898477873e-14,-5.92913674166757e-14,NaN
-2680.25114,-0.33229,-2.287785e-07,8.36666666666508e-10,8.42419773019767e-10,-2.59406809406298e-13,-3.92544291762233e-14,-5.20938718439394e-14,NaN
-2670.16864,-0.33104,-2.27938666666667e-07,8.4299999999999e-10,8.42067087867089e-10,-1.70296595289033e-13,-1.41994674573769e-14,-4.31038495874662e-14,NaN
-2660.08614,-0.32979,-2.270925e-07,8.43416666666999e-10,8.42079179829189e-10,-9.78384228358954e-14,-4.85611511200096e-15,-3.43924219147447e-14,NaN
-2650.00364,-0.32854,-2.26251833333333e-07,8.4325000000001e-10,8.41871411021417e-10,-7.58658008675826e-14,-8.8587581079833e-15,-2.63781701454122e-14,NaN
-2639.84048,-0.32728,-2.25406e-07,8.43833333333002e-10,8.41927448227454e-10,2.70562770505032e-14,-1.86929111600249e-14,-1.81846875180383e-14,NaN
-2629.75798,-0.32603,-2.24564166666667e-07,8.42166666666501e-10,8.41925523575518e-10,8.14847314791939e-14,-1.85739402326853e-14,-1.03686924582512e-14,NaN
-2619.67548,-0.32478,-2.23721666666667e-07,8.38083333333479e-10,8.42090417690412e-10,2.44179244187238e-13,4.47068658529451e-15,-3.54599823379793e-15,NaN
-2609.59298,-0.32353,-2.22888e-07,8.34916666667003e-10,8.42413882063893e-10,2.36749736758703e-13,3.86857075843007e-14,1.72348781832374e-15,NaN
-2599.51048,-0.32228,-2.22051833333333e-07,8.45916666666512e-10,8.4256391716393e-10,1.55800280797918e-13,4.49476686280892e-14,4.99750594836991e-15,NaN
-2589.42798,-0.32103,-2.21196166666667e-07,8.51416666666505e-10,8.42725482625489e-10,-2.49912249915432e-13,1.10707350515109e-14,5.61507789307524e-15,NaN
-2579.26482,-0.31977,-2.20349e-07,8.47083333333502e-10,8.42064092664099e-10,-6.40751140751022e-13,-2.57978771435724e-14,6.60055164801817e-15,NaN
-2569.18232,-0.31852,-2.19502e-07,8.42666666666502e-10,8.41443980343987e-10,-2.82932607932292e-13,-3.89610917315568e-14,1.10948054738921e-14,NaN
-2559.09982,-0.31727,-2.18663666666667e-07,8.41000000000001e-10,8.41498227448234e-10,4.39908739909102e-13,-3.90936108930861e-14,1.68520433053717e-14,NaN
-2549.01732,-0.31602,-2.1782e-07,8.39416666666994e-10,8.42323797823805e-10,6.48429273428878e-13,-2.80029457827308e-14,1.98612425290718e-14,NaN
-2538.93482,-0.31477,-2.16984833333333e-07,8.3633333333351e-10,8.42795085995092e-10,5.87399087393027e-14,9.52387521764642e-16,1.89196501688756e-14,NaN
-2528.85232,-0.31352,-2.16147333333333e-07,8.34416666666486e-10,8.42441277641283e-10,-1.84257634260705e-13,3.58362241464532e-14,1.73296010918762e-14,NaN
-2518.76982,-0.31227,-2.15316e-07,8.39166666666485e-10,8.42426570726571e-10,-1.99192699382716e-15,6.32399038728003e-14,1.68794588691383e-14,NaN
-2508.60666,-0.31101,-2.14469e-07,8.46833333333509e-10,8.42437293787296e-10,-2.10386685388771e-13,6.2222667525726e-14,1.61191178638553e-14,NaN
-2498.52416,-0.30976,-2.13622333333333e-07,8.44666666666517e-10,8.42005797355793e-10,-3.1297823798185e-13,4.39311343220913e-14,1.5604827893653e-14,NaN
-2488.44166,-0.30851,-2.12779666666667e-07,8.44250000000011e-10,8.41811337311332e-10,-3.03147303041265e-14,3.98884418876424e-14,1.65151687263085e-14,NaN
-2478.35916,-0.30726,-2.11933833333333e-07,8.48333333333484e-10,8.41945167895185e-10,1.38288288300315e-13,3.00504640519281e-14,1.78520292716861e-14,NaN
-2468.27666,-0.30601,-2.11083e-07,8.43833333332976e-10,8.42087913887933e-10,1.08862758856052e-13,7.62888770243246e-15,1.8424478624534e-14,NaN
-2458.19416,-0.30476,-2.10246166666667e-07,8.46333333333508e-10,8.42162893412897e-10,4.16988416859663e-14,-1.00299927276453e-14,1.8237329674266e-14,NaN
-2448.031,-0.3035,-2.09390333333333e-07,8.4208333333351e-10,8.42171311571305e-10,-8.30379080416823e-14,-1.79969896193327e-14,1.78326132304739e-14,NaN
-2437.9485,-0.30225,-2.08562e-07,8.34166666666492e-10,8.41996817596814e-10,-2.42690417682555e-13,-1.26296215717571e-14,1.78264474657107e-14,NaN
-2427.866,-0.301,-2.07722e-07,8.35999999999995e-10,8.4168593073594e-10,-1.02541827538386e-13,5.96898457919364e-15,1.86831209989826e-14,NaN
-2417.7835,-0.29975,-2.0689e-07,8.39000000000012e-10,8.41791733941737e-10,3.34942084934708e-13,3.90290205874267e-14,1.90909316221713e-14,NaN
-2407.701,-0.2985,-2.06044e-07,8.48000000000009e-10,8.42355814905809e-10,6.0257692757492e-13,3.9384445505703e-14,1.63584344903639e-14,NaN
-2397.6185,-0.29725,-2.05194e-07,8.48999999999997e-10,8.42996887796887e-10,4.70448695443776e-13,-9.8821773468676e-17,9.1111197456112e-15,NaN
-2387.45534,-0.29599,-2.04346e-07,8.47999999999996e-10,8.43296712296697e-10,2.49891774883715e-13,-3.01392605295805e-14,-1.54999544466256e-15,NaN
-2377.37284,-0.29474,-2.03498e-07,8.32999999999992e-10,8.43496671346654e-10,-1.69942668972436e-15,-2.51575440052145e-14,-1.38108129764415e-14,NaN
-2367.29034,-0.29349,-2.0268e-07,8.33500000000006e-10,8.43293313443317e-10,-4.23853398834495e-13,6.12280174527232e-15,-2.58550559082938e-14,NaN
-2357.20784,-0.29224,-2.01831e-07,8.45500000000006e-10,8.42648964548985e-10,-6.88054288049881e-13,1.16548274371111e-14,-3.57314445399069e-14,NaN
-2347.12534,-0.29099,-2.00989e-07,8.42833333333504e-10,8.41917204867217e-10,-4.86626886635842e-13,-4.03168399369873e-15,-4.23619705154763e-14,NaN
-2337.04284,-0.28974,-2.00145333333333e-07,8.41749999999995e-10,8.41675710775713e-10,3.02737802719187e-14,-6.02786984740948e-15,-4.63029672264317e-14,NaN
-2326.96034,-0.28849,-1.993055e-07,8.4625e-10,8.41977752427761e-10,9.38223938178907e-14,-1.30997105064423e-14,-5.01708506727294e-14,NaN
-2316.79718,-0.28723,-1.98452833333333e-07,8.47750000000002e-10,8.41863355563349e-10,-2.20720720731078e-13,-3.87257898780648e-14,-5.44879618263986e-14,NaN
-2306.71468,-0.28598,-1.9761e-07,8.41416666666494e-10,8.41536310986299e-10,-9.04235404181761e-14,-5.80674966655957e-14,-5.7084400889006e-14,NaN
-2296.63218,-0.28473,-1.9677e-07,8.41000000000001e-10,8.41682508482513e-10,2.22858897862222e-13,-6.53543212400597e-14,-5.83871920851931e-14,NaN
-2286.54968,-0.28348,-1.95928e-07,8.43500000000017e-10,8.41982028782023e-10,2.81391131385032e-13,-8.32070783384212e-14,-6.03144352567843e-14,NaN
-2276.46718,-0.28223,-1.95083e-07,8.43999999999991e-10,8.42245290745283e-10,1.91067041069779e-13,-1.10386067121759e-13,-6.36194018961535e-14,NaN
-2266.38468,-0.28098,-1.9424e-07,8.43999999999991e-10,8.42364162864163e-10,1.32648882646389e-13,-1.30893179262685e-13,-6.81202583601584e-14,NaN
-2256.22152,-0.27972,-1.93395e-07,8.42500000000016e-10,8.42510588510576e-10,-1.12823212829224e-13,-1.45648966671633e-13,-7.31515307023104e-14,NaN
-2246.13902,-0.27847,-1.92555e-07,8.43249999999984e-10,8.42138516438505e-10,-5.66573066571738e-13,-1.52293183196215e-13,-7.70367345989036e-14,NaN
-2236.05652,-0.27722,-1.917085e-07,8.39499999999999e-10,8.41377442377432e-10,-3.43763893765036e-13,-1.36158038533728e-13,-7.70692888574002e-14,NaN
-2225.97402,-0.27597,-1.90876e-07,8.33750000000013e-10,8.41450988650974e-10,3.2476307479377e-14,-9.00149061182852e-14,-7.47804669634434e-14,NaN
-2215.89152,-0.27472,-1.90041e-07,8.3608333333349e-10,8.41442394992391e-10,5.83450333536982e-14,-3.77238261722659e-14,-7.28127730762266e-14,NaN
-2205.80902,-0.27347,-1.89203833333333e-07,8.35000000000007e-10,8.41567678717682e-10,8.16075818812019e-16,-4.08093718239426e-15,-7.08295998696265e-14,NaN
-2195.72652,-0.27222,-1.88371e-07,8.41416666666507e-10,8.41444027144029e-10,-2.77319527320695e-13,5.9468410031075e-15,-6.7787527154463e-14,NaN
-2185.56336,-0.27096,-1.87521e-07,8.48416666666475e-10,8.41013039663041e-10,-2.19579969580656e-13,-6.5270624052481e-15,-6.23595019518185e-14,NaN
-2175.48086,-0.26971,-1.86674166666667e-07,8.48500000000009e-10,8.41004867204867e-10,6.51105651446974e-15,-3.4587038660657e-14,-5.59229913021217e-14,NaN
-2165.39836,-0.26846,-1.85824e-07,8.41000000000001e-10,8.41026061776069e-10,-1.52214227213117e-13,-5.40015091318315e-14,-4.99352732274451e-14,NaN
-2155.31586,-0.26721,-1.84992166666667e-07,8.34999999999994e-10,8.40700438750441e-10,-3.14142389143549e-13,-3.57995635623485e-14,-4.26892936323213e-14,NaN
-2145.23336,-0.26596,-1.84154e-07,8.42583333333524e-10,8.40397776997782e-10,-9.2333567327115e-14,-1.89528019299978e-14,-3.32691501830972e-14,NaN
-2135.15086,-0.26471,-1.83307e-07,8.48833333333498e-10,8.40515771615787e-10,7.62840762698928e-15,-4.09645312643135e-14,-2.33975547689513e-14,NaN
-2124.9877,-0.26345,-1.82456333333333e-07,8.44416666666484e-10,8.40413033813036e-10,-7.38592488621123e-14,-6.62757296044708e-14,-1.42872945365465e-14,NaN
-2114.9052,-0.2622,-1.81618166666667e-07,8.37166666666496e-10,8.40368053118063e-10,2.24172224178384e-13,-6.64179533283628e-14,-6.24656387193328e-15,NaN
-2104.8227,-0.26095,-1.80782e-07,8.40583333333508e-10,8.40861378261393e-10,5.25353925352265e-13,-4.59724288748296e-14,-7.76527630923425e-16,NaN
-2094.7402,-0.2597,-1.79937e-07,8.4e-10,8.41418760968767e-10,3.86667836663262e-13,-1.59241374771624e-14,6.92985276516428e-16,NaN
-2084.6577,-0.25845,-1.79102e-07,8.28333333333501e-10,8.4163471393472e-10,1.30124605124208e-13,2.12034724843252e-14,-1.51878202039981e-15,NaN
-2074.5752,-0.2572,-1.78280333333333e-07,8.38000000000011e-10,8.41679010179015e-10,6.40663390653711e-14,4.41612555641981e-14,-6.25464443972512e-15,NaN
-2064.41204,-0.25594,-1.77426e-07,8.49500000000011e-10,8.4176284661285e-10,1.95682695673822e-14,2.64023369537517e-14,-1.27049115677857e-14,NaN
-2054.32954,-0.25469,-1.76581333333333e-07,8.40583333333495e-10,8.4171814671815e-10,-3.09871884872383e-13,1.17222281684946e-14,-1.96637458693165e-14,NaN
-2044.24704,-0.25344,-1.75744833333333e-07,8.45916666666486e-10,8.41143102843106e-10,-5.31051831048732e-13,1.10680164089016e-14,-2.47040456841458e-14,NaN
-2034.16454,-0.25219,-1.748895e-07,8.44916666666498e-10,8.40656043056053e-10,-2.99122499120974e-13,3.90338508175197e-16,-2.66273304105927e-14,NaN
-2024.08204,-0.25094,-1.74055e-07,8.35000000000007e-10,8.40544857844864e-10,3.96571896532144e-14,-5.8818693888048e-15,-2.67268800108031e-14,NaN
-2013.99954,-0.24969,-1.732195e-07,8.38999999999999e-10,8.40735357435359e-10,1.49417924414725e-13,-1.37346190946677e-14,-2.66564431587484e-14,NaN
-2003.91704,-0.24844,-1.72377e-07,8.4e-10,8.40843693693693e-10,1.68509418506858e-13,-1.05658678424089e-14,-2.67952969743431e-14,NaN
-1993.75388,-0.24718,-1.715395e-07,8.36499999999996e-10,8.41072376272373e-10,5.63472563445536e-14,6.97246057881004e-15,-2.7798858824695e-14,NaN
-1983.67138,-0.24593,-1.70704e-07,8.43333333333505e-10,8.40956388206382e-10,-3.98089973093148e-13,-2.91091588943366e-15,-2.96040921426503e-14,NaN
-1973.58888,-0.24468,-1.69852833333333e-07,8.49500000000011e-10,8.40276196326187e-10,-3.75900900899816e-13,-4.82588889806868e-14,-2.89488076104313e-14,NaN
-1963.50638,-0.24343,-1.69005e-07,8.44416666666497e-10,8.40204586404583e-10,1.92003042006636e-13,-8.85414730097457e-14,-2.56145180539484e-14,NaN
-1953.42388,-0.24218,-1.68164e-07,8.45083333333487e-10,8.406602024102e-10,4.68989118987195e-13,-1.08638057858833e-13,-2.3555734138371e-14,NaN
-1943.34138,-0.24093,-1.67314833333333e-07,8.44166666666504e-10,8.41142564642557e-10,3.45948870942258e-13,-1.16483097631023e-13,-2.44252950937388e-14,NaN
-1933.17822,-0.23967,-1.66475666666667e-07,8.33666666666518e-10,8.41352100152084e-10,6.80443430433431e-14,-1.0194280727067e-13,-2.68395059973424e-14,NaN
-1923.09572,-0.23842,-1.656475e-07,8.3083333333349e-10,8.41278653328644e-10,-1.80355680352407e-13,-6.19872753229909e-14,-2.85513237746908e-14,NaN
-1913.01322,-0.23717,-1.64814e-07,8.37749999999991e-10,8.4099138879138e-10,-4.23426348421745e-13,-1.84434516333891e-14,-2.77654203756773e-14,NaN
-1902.93072,-0.23592,-1.63972e-07,8.40500000000014e-10,8.404318006318e-10,-4.3165730664835e-13,7.04356720577776e-15,-2.34644297001101e-14,NaN
-1892.84822,-0.23467,-1.63133e-07,8.41000000000001e-10,8.40128074178083e-10,-7.90335790252062e-14,2.21507272389595e-14,-1.63698300731777e-14,NaN
-1882.76572,-0.23342,-1.6229e-07,8.40499999999987e-10,8.4027373347375e-10,-4.99297999260649e-14,3.45558252159164e-14,-8.94626393296119e-15,NaN
-1872.68322,-0.23217,-1.61452e-07,8.46750000000014e-10,8.40028214578231e-10,-3.39563589593514e-14,2.76597036201196e-14,-1.10954566579436e-15,NaN
-1862.52006,-0.23091,-1.605965e-07,8.47000000000008e-10,8.40205820755831e-10,2.95603720600526e-13,7.39451334838889e-15,7.50097429660585e-15,NaN
-1852.43756,-0.22966,-1.59758e-07,8.35583333333489e-10,8.40619422019432e-10,2.38153738149099e-13,6.9521301152732e-15,1.52606126915214e-14,NaN
-1842.35506,-0.22841,-1.58925333333333e-07,8.31999999999991e-10,8.40682128232129e-10,5.87340586802997e-15,3.04794150634225e-14,2.20634746523274e-14,NaN
-1832.27256,-0.22716,-1.58094e-07,8.40666666666513e-10,8.40631168831168e-10,-2.93737568739079e-13,4.49364930427948e-14,2.81949689686881e-14,NaN
-1822.19006,-0.22591,-1.57244e-07,8.4e-10,8.40094653094651e-10,-5.38288288289219e-13,5.60068876479591e-14,3.50145196938191e-14,NaN
-1812.10756,-0.22466,-1.56414e-07,8.41749999999995e-10,8.39554592254589e-10,-1.63504738501716e-13,6.95407644791334e-14,4.39744843644996e-14,NaN
-1801.9444,-0.2234,-1.555605e-07,8.49500000000011e-10,8.39767643617648e-10,4.9582894583341e-13,4.08585940029743e-14,5.27965893570444e-14,NaN
-1791.8619,-0.22215,-1.54715e-07,8.44000000000004e-10,8.40546250146256e-10,7.22139347137045e-13,-4.47942073622611e-16,5.75867876292033e-14,NaN
-1781.7794,-0.2209,-1.538725e-07,8.39583333333494e-10,8.41211922311922e-10,5.11375336375173e-13,4.73979486013313e-15,5.72023297210396e-14,NaN
-1771.6969,-0.21965,-1.53035833333333e-07,8.35249999999988e-10,8.41569000819007e-10,2.26822276825191e-13,4.36849677587829e-14,5.2795355728177e-14,NaN
-1761.6144,-0.2184,-1.52202e-07,8.32500000000005e-10,8.41665566865572e-10,4.71598221576461e-14,8.12464163304329e-14,4.56964623015841e-14,NaN
-1751.5319,-0.21715,-1.51370833333333e-07,8.41000000000014e-10,8.41663320463322e-10,-1.67468117472284e-13,9.52013857815822e-14,3.72896012205683e-14,NaN
-1741.36874,-0.21589,-1.5052e-07,8.4625e-10,8.41330630630628e-10,-3.37071487078368e-13,8.22333351090765e-14,2.9177002600643e-14,NaN
-1731.28624,-0.21464,-1.49678333333333e-07,8.39749999999993e-10,8.40989177489165e-10,-1.68099918104285e-13,5.50453000694791e-14,2.23514404179577e-14,NaN
-1721.20374,-0.21339,-1.488405e-07,8.411666666665e-10,8.40994430794419e-10,2.39967240001418e-14,3.11093062799085e-14,1.60247934553094e-14,NaN
-1711.12124,-0.21214,-1.47996e-07,8.43416666666496e-10,8.41037170937165e-10,8.01918801965584e-14,1.93784694237014e-14,9.12925502235668e-15,NaN
-1701.03874,-0.21089,-1.47153666666667e-07,8.45833333333507e-10,8.41154814554812e-10,2.07564057557406e-13,-1.65415331995642e-16,1.4585087910565e-15,NaN
-1690.93217643334,-0.209637016666667,-1.46304333333333e-07,8.43000000000003e-10,8.4145229905228e-10,2.42260442249455e-13,-2.18827279774883e-14,-7.35663117395015e-15,NaN
-1680.83341,-0.208385,-1.45467666666667e-07,8.37666666666483e-10,8.41639335439311e-10,-9.16988416935297e-14,-1.99038151434824e-14,-1.75005491164033e-14,NaN
-1670.74311286666,-0.207134033333333,-1.44629e-07,8.34333333333494e-10,8.41268901368893e-10,-4.3301743300573e-13,-1.17010851929124e-14,-2.78642991154222e-14,NaN
-1660.64434643334,-0.205882016666667,-1.43799e-07,8.38750000000018e-10,8.407733005733e-10,-1.79761904765143e-13,-1.25527786949805e-14,-3.6584037592211e-14,NaN
-1650.55378043334,-0.204631016666667,-1.429515e-07,8.52e-10,8.40909377559363e-10,-7.40113490208476e-14,-3.83135184657631e-14,-4.35779525860735e-14,NaN
-1640.45514843334,-0.203379016666667,-1.42095e-07,8.50749999999992e-10,8.40625277875258e-10,-2.54878904877543e-13,-9.10877844603108e-14,-4.87433403024921e-14,NaN
-1630.364448,-0.202128,-1.4125e-07,8.41000000000014e-10,8.40399619749608e-10,2.22724347725555e-13,-1.28727840971599e-13,-5.16973777799218e-14,NaN
-1620.26595043334,-0.200876016666667,-1.40413e-07,8.34499999999994e-10,8.41070726570709e-10,5.32488007483282e-13,-1.21896955872503e-13,-5.58713583956906e-14,NaN
-1610.17538443334,-0.199625016666667,-1.39581e-07,8.3149999999999e-10,8.41464595764574e-10,6.6684216688393e-14,-8.88628040351277e-14,-6.34378521221528e-14,NaN
-1600.07675243334,-0.198373016666667,-1.3875e-07,8.39000000000012e-10,8.41204095004086e-10,-4.06616356607708e-13,-6.24323275044416e-14,-7.11685746847237e-14,NaN
-1589.97812043334,-0.197121016666667,-1.37903e-07,8.45916666666499e-10,8.40651363051359e-10,-5.12931437923064e-13,-5.43638573435486e-14,-7.53825493975239e-14,NaN
-1579.88742,-0.19587,-1.37058166666667e-07,8.37666666666496e-10,8.4017823212824e-10,-2.85638235627292e-13,-5.49309896408191e-14,-7.54195577491595e-14,NaN
-1569.78892243334,-0.194618016666667,-1.36227666666667e-07,8.39583333333494e-10,8.40080086580104e-10,6.03398853461627e-14,-6.11452217010733e-14,-7.23097039209246e-14,NaN
-1559.69835643334,-0.193367016666667,-1.35379e-07,8.45333333333507e-10,8.40298911898932e-10,9.8478998481231e-14,-7.81988273438999e-14,-6.73964266541106e-14,NaN
-1549.59985886666,-0.192115033333333,-1.34537e-07,8.4e-10,8.40277044577067e-10,-9.98946998968341e-14,-8.81194882054917e-14,-6.1714031766901e-14,NaN
-1539.509024,-0.190864,-1.33699e-07,8.39166666666485e-10,8.40099122499138e-10,-1.34120159127349e-13,-7.60901324695578e-14,-5.53958901596527e-14,NaN
-1529.41052643334,-0.189612016666667,-1.32858666666667e-07,8.35916666666501e-10,8.40008804258812e-10,4.75546975537971e-14,-5.1237433316715e-14,-4.82699628947911e-14,NaN
-1519.31189443334,-0.188360016666667,-1.32027166666667e-07,8.37666666667012e-10,8.40194231894246e-10,1.27609102609105e-13,-2.81492353521596e-14,-4.17671926917665e-14,NaN
-1509.221194,-0.187109,-1.31183333333333e-07,8.42083333333497e-10,8.4026402246403e-10,-4.39891189954915e-14,-1.1462929381637e-14,-3.61993223785694e-14,NaN
-1499.12269643334,-0.185857016666667,-1.30343e-07,8.44666666666491e-10,8.40106253656255e-10,-2.00690300686855e-13,8.68771247577861e-16,-2.85479496744775e-14,NaN
-1489.031996,-0.184606,-1.29494e-07,8.42916666666509e-10,8.39862641862657e-10,-2.40639990633109e-13,-1.11451091775838e-15,-1.78685784631773e-14,NaN
-1478.93349843334,-0.183354016666667,-1.28657166666667e-07,8.35083333333502e-10,8.39624973674989e-10,-2.80507780508898e-14,-9.64254143984622e-15,-5.44585356822208e-15,NaN
-1468.84306686666,-0.182103033333333,-1.27823833333333e-07,8.43583333333498e-10,8.39806540306555e-10,2.80750555750088e-13,-2.2451784679964e-14,6.91429705329988e-15,NaN
-1458.744166,-0.180851,-1.2697e-07,8.44916666666498e-10,8.40186474786489e-10,2.82830232830059e-13,-4.13996583559906e-14,1.66212704101113e-14,NaN
-1448.645534,-0.179599,-1.26134e-07,8.32583333333499e-10,8.40372200772215e-10,-1.12554112555785e-14,-2.36754720254222e-14,2.28542921730898e-14,NaN
-1438.554968,-0.178348,-1.25304833333333e-07,8.330833333335e-10,8.40163963963978e-10,-2.5837720837801e-13,3.34445924753872e-14,2.71907832461449e-14,NaN
-1428.456336,-0.177096,-1.24467833333333e-07,8.43749999999997e-10,8.39855446355459e-10,-1.90660465660726e-13,6.99718663768843e-14,3.02809262059628e-14,NaN
-1418.36603886666,-0.175845033333333,-1.23617333333333e-07,8.46750000000001e-10,8.39782643032656e-10,6.19252369210103e-14,6.47259788654471e-14,3.07223105207149e-14,NaN
-1408.267138,-0.174593,-1.22774333333333e-07,8.41166666666513e-10,8.39979296829301e-10,1.84283959276978e-13,5.05963677460754e-14,2.91802879295701e-14,NaN
-1398.176572,-0.173342,-1.21935e-07,8.39666666666512e-10,8.4015121095121e-10,1.57871182869466e-13,4.11742401130912e-14,2.78865724103734e-14,NaN
-1388.07794,-0.17209,-1.21095e-07,8.37749999999991e-10,8.4029503919504e-10,2.45436995433235e-13,3.46762043316841e-14,2.66631433136814e-14,NaN
-1377.98791173334,-0.170839066666667,-1.202595e-07,8.36499999999996e-10,8.40642084942077e-10,2.60693810690005e-13,3.15987055735641e-14,2.3732898438255e-14,NaN
-1367.888742,-0.169587,-1.19422e-07,8.41000000000001e-10,8.4081642681642e-10,-4.00725400759124e-14,2.68622125061851e-14,1.83770796736287e-14,NaN
-1357.79011,-0.168335,-1.185775e-07,8.41999999999995e-10,8.40561939861925e-10,-3.10357435369186e-13,2.43119247345963e-14,1.15870962647372e-14,NaN
-1347.69981286666,-0.167084033333333,-1.17738e-07,8.39250000000006e-10,8.40195711945682e-10,-1.55867555864494e-13,4.51379153763683e-14,4.23006335417348e-15,NaN
-1337.600912,-0.165832,-1.16899e-07,8.40083333333507e-10,8.40250204750196e-10,1.00646425661718e-13,7.1047602990065e-14,-4.47073074979463e-15,NaN
-1327.510346,-0.164581,-1.16057833333333e-07,8.39999999999993e-10,8.40397004797005e-10,-8.97156897143812e-14,4.67028745677018e-14,-1.50321928627258e-14,NaN
-1317.41184843334,-0.163329016666667,-1.15219e-07,8.36916666666495e-10,8.40070773370767e-10,-1.94971919976353e-13,-3.51133940204193e-15,-2.6134590525442e-14,NaN
-1307.321148,-0.162078,-1.14384e-07,8.39500000000006e-10,8.40007060957052e-10,1.29255879256718e-13,-4.5201692267526e-14,-3.75264160987318e-14,NaN
-1297.22265043334,-0.160826016666667,-1.1354e-07,8.44999999999999e-10,8.40329285129281e-10,3.81569556575374e-13,-8.48162586875202e-14,-5.05364433750375e-14,NaN
-1287.123884,-0.159574,-1.12694e-07,8.43499999999997e-10,8.40770200070203e-10,4.12428337427633e-13,-1.11292606368367e-13,-6.59792518311322e-14,NaN
-1277.033318,-0.158323,-1.11853e-07,8.405e-10,8.41154141804136e-10,1.02647127645305e-13,-1.2135897221026e-13,-8.34410394857342e-14,NaN
-1266.934686,-0.157071,-1.11013e-07,8.43000000000003e-10,8.40975494325494e-10,-4.46191646184358e-13,-1.30723825596684e-13,-9.96269514686221e-14,NaN
-1256.84438886666,-0.155820033333333,-1.10167e-07,8.40750000000001e-10,8.40261758511767e-10,-4.69910494904396e-13,-1.23414682848496e-13,-1.10151515575598e-13,NaN
-1246.745488,-0.154568,-1.093315e-07,8.41499999999995e-10,8.40035673335685e-10,-8.4266409263617e-14,-7.30363173239779e-14,-1.14384602031845e-13,NaN
-1236.654922,-0.153317,-1.08484e-07,8.43250000000003e-10,8.4009322569324e-10,-1.3249093249193e-13,-3.93981766944753e-14,-1.14231452823926e-13,NaN
-1226.55682773334,-0.152065066666667,-1.07645e-07,8.35666666666501e-10,8.39770691470701e-10,-1.6164151164723e-13,-6.39278278465282e-14,-1.09530159253453e-13,NaN
-1216.465724,-0.150814,-1.06812666666667e-07,8.36499999999996e-10,8.39769942669945e-10,7.86679536635084e-14,-9.9321069346374e-14,-9.97553499408203e-14,NaN
-1206.367092,-0.149562,-1.05972e-07,8.37166666667005e-10,8.39928027378028e-10,8.96864396847877e-14,-1.14268871771331e-13,-8.53327050178845e-14,NaN
-1196.26859443334,-0.148310016666667,-1.05138333333333e-07,8.35500000000001e-10,8.39949315549315e-10,-6.06967356978865e-14,-1.10251478178861e-13,-6.59672115679876e-14,NaN
-1186.177894,-0.147059,-1.04301e-07,8.44500000000005e-10,8.39806633906632e-10,-2.12600912601997e-13,-1.05293771893966e-13,-4.06378990059581e-14,NaN
-1176.079262,-0.145807,-1.03449333333333e-07,8.44333333333506e-10,8.39524113724111e-10,-7.08941733943056e-13,-1.00473324200469e-13,-8.56042328276989e-15,NaN
-1165.98896486666,-0.144556033333333,-1.02612333333333e-07,8.35166666666493e-10,8.38388750438746e-10,-9.37030537026957e-13,-6.62798209760923e-14,3.28984437009353e-14,NaN
-1155.89019843334,-0.143304016666667,-1.01779e-07,8.35999999999989e-10,8.37650052650057e-10,-3.61041885991512e-14,-6.95675131207485e-15,8.51931540052507e-14,NaN
-1145.79963243334,-0.142053016666667,-1.00940333333333e-07,8.51499999999993e-10,8.38316542061548e-10,4.68350298347339e-13,3.60703003962994e-14,1.42863021105688e-13,NaN
-1135.70100043334,-0.140801016666667,-1.00076e-07,8.47249999999856e-10,8.38586753246752e-10,3.02936410433039e-13,7.09337292684085e-14,2.00955485026988e-13,NaN
-1125.602234,-0.139549,-9.92458333333333e-08,8.29500000000008e-10,8.38922414882414e-10,5.69365859366152e-13,1.42465657857126e-13,2.57950492796207e-13,NaN
-1115.51193686666,-0.138298033333333,-9.8417e-08,8.323333333333e-10,8.39725484965484e-10,8.12891657891396e-13,2.48275223329456e-13,3.12679289379731e-13,NaN
-1105.413036,-0.137046,-9.75811666666667e-08,8.34333333333349e-10,8.40548198198197e-10,7.32751257750098e-13,3.60444106776678e-13,3.64655971950718e-13,NaN
-1095.32273886666,-0.135795033333333,-9.67483333333333e-08,8.33083333333354e-10,8.41190987480984e-10,6.47692465191001e-13,4.55833614498452e-13,4.13738608345802e-13,NaN
-1085.22397243334,-0.134543016666667,-9.5915e-08,8.43666666666655e-10,8.41843583128579e-10,5.60954135948288e-14,5.13768683581579e-13,4.59290416158757e-13,NaN
-1075.13340643334,-0.133292016666667,-9.5061e-08,8.43666666666649e-10,8.41303178308174e-10,-1.11237480987527e-12,5.56322080377894e-13,5.0291666225569e-13,NaN
-1065.03464,-0.13204,-9.42276666666667e-08,8.42499999999996e-10,8.39618833508828e-10,-7.6847051597143e-13,6.11658156828355e-13,5.49643115802515e-13,NaN
-1054.936008,-0.130788,-9.3376e-08,8.48499999999996e-10,8.39766237276231e-10,7.33153153148211e-13,6.57041229831438e-13,5.96703201459813e-13,NaN
-1044.84557643334,-0.129537016666667,-9.25306666666667e-08,8.41000000000001e-10,8.41085139815125e-10,1.28832514331869e-12,6.93390880102022e-13,6.34437742887761e-13,NaN
-1034.74681,-0.128285,-9.1694e-08,8.34333333333355e-10,8.42342887562868e-10,1.30440271440723e-12,7.41690530584075e-13,6.59197901733363e-13,NaN
-1024.656244,-0.127034,-9.0862e-08,8.33750000000006e-10,8.43693945243939e-10,1.27843629344302e-12,7.87049495156396e-13,6.70072476684557e-13,NaN
-1014.55774643334,-0.125782016666667,-9.00265e-08,8.41000000000001e-10,8.44899760149754e-10,1.29517550017647e-12,8.02360637070537e-13,6.6500168119072e-13,NaN
-1004.467046,-0.124531,-8.918e-08,8.46833333333343e-10,8.46284296244292e-10,1.26214431965066e-12,7.88239015058737e-13,6.44139900561306e-13,NaN
-994.368414,-0.123279,-8.83328333333333e-08,8.69083333333348e-10,8.47424048789056e-10,8.68198198201754e-13,7.14205147467202e-13,6.08626154867472e-13,NaN
-984.277848,-0.122028,-8.74418333333333e-08,8.68291666666653e-10,8.48020692640696e-10,6.25816368315187e-13,5.77393095383463e-13,5.60226366801485e-13,NaN
-974.179484866664,-0.120776033333333,-8.659625e-08,8.38549999999994e-10,8.48675681525686e-10,9.00811395812904e-13,4.74647816712214e-13,5.00154233705113e-13,NaN
-964.080584,-0.119524,-8.57647333333333e-08,8.43558333333348e-10,8.49822315432321e-10,1.07900520650323e-12,4.20847174110917e-13,4.2750311886167e-13,NaN
-953.989749133336,-0.118272966666667,-8.49091333333333e-08,8.44166666666649e-10,8.50833691938693e-10,6.19543699541107e-13,3.76893584389961e-13,3.43574471318321e-13,NaN
-943.891923733336,-0.117021066666667,-8.40764e-08,8.38783333333305e-10,8.51061402831404e-10,7.47288522281279e-14,3.30855810210276e-13,2.52828732083849e-13,NaN
-933.801088866664,-0.115770033333333,-8.32315666666667e-08,8.36316666666655e-10,8.50983149643149e-10,-1.02861822862622e-13,2.79158894454992e-13,1.58639610185096e-13,NaN
-923.702053566664,-0.114517983333333,-8.24037666666667e-08,8.36058333333353e-10,8.50855679185678e-10,-1.48604773604166e-13,2.19835472620871e-13,6.29383603657334e-14,NaN
-913.611890866664,-0.113267033333333,-8.155945e-08,8.37008333333351e-10,8.50685940095941e-10,-6.79185679175802e-14,1.49165405599716e-13,-3.29773109136174e-14,NaN
-903.513124433336,-0.112015016666667,-8.072975e-08,8.65341666666639e-10,8.50719842049843e-10,-4.59003159005353e-14,2.55593336385627e-14,-1.28882024007116e-13,NaN
-893.415030166664,-0.110763083333333,-7.98287666666667e-08,9.04524999999998e-10,8.50594139464139e-10,-2.47285012285676e-13,-2.17660603727596e-13,-2.23602176857402e-13,NaN
-883.325136333336,-0.109512166666667,-7.89207e-08,8.76800000000004e-10,8.50225272025272e-10,-3.48791388791675e-13,-4.69705436168438e-13,-3.14374325389098e-13,NaN
-873.226638766664,-0.108260183333333,-7.80751666666667e-08,8.45216666666653e-10,8.49896556686556e-10,-4.95241605242042e-13,-6.02839452574943e-13,-3.99319899764284e-13,NaN
-863.1354006,-0.1070091,-7.72302666666667e-08,8.44933333333346e-10,8.49234788814788e-10,-9.00920205920131e-13,-6.94044353927566e-13,-4.76428090953556e-13,NaN
-853.036096433336,-0.105757016666667,-7.63853e-08,8.40283333333353e-10,8.48094716274716e-10,-1.24640458640399e-12,-7.64139853373763e-13,-5.42368660404784e-13,NaN
-842.945127133336,-0.104505966666667,-7.55497e-08,8.37583333333352e-10,8.4674197964198e-10,-1.16100795600789e-12,-7.69291556981974e-13,-5.94596994458012e-13,NaN
-832.8475706,-0.1032541,-7.47101333333333e-08,8.38858333333345e-10,8.457727003627e-10,-1.09493009242976e-12,-7.65250613573404e-13,-6.33048810544268e-13,NaN
-822.7545848,-0.1020028,-7.38719833333333e-08,8.42866666666652e-10,8.4455211945712e-10,-6.76873171871732e-13,-7.76640544388693e-13,-6.57682809230087e-13,NaN
-812.6583726,-0.1007511,-7.30244e-08,8.4424166666665e-10,8.44418954018957e-10,1.49111969112661e-13,-7.85936342737295e-13,-6.70966095013966e-13,NaN
-802.5601439,-0.09949915,-7.21835e-08,8.39949999999997e-10,8.44850343395346e-10,4.31116181114107e-14,-7.72636250660784e-13,-6.77993073716377e-13,NaN
-792.4691746,-0.0982481,-7.13445e-08,8.42275e-10,8.44505177255179e-10,-7.30189832689823e-13,-7.18001333386416e-13,-6.78354303623418e-13,NaN
-782.3705426,-0.0969961,-7.049895e-08,8.41300000000004e-10,8.43389963729966e-10,-1.40696706446701e-12,-6.62697112363922e-13,-6.67652854348827e-13,NaN
-772.2799766,-0.0957451,-6.96619e-08,8.38225e-10,8.41691243126245e-10,-1.43362700362726e-12,-6.35130352935031e-13,-6.42950389445229e-13,NaN
-762.180538,-0.094493,-6.88225e-08,8.42600000000001e-10,8.40522709722711e-10,-1.27692786942903e-12,-6.05372449277359e-13,-6.05533503605979e-13,NaN
-752.090106433334,-0.0932420166666667,-6.79767e-08,8.41133333333352e-10,8.39137387387387e-10,-1.32586258336363e-12,-5.58151173391336e-13,-5.56830027164619e-13,NaN
-741.9909367,-0.09198995,-6.71402333333333e-08,8.35199999999998e-10,8.37870984555984e-10,-1.28477126477097e-12,-4.98055842546094e-13,-4.97131821927049e-13,NaN
-731.892976866667,-0.0907380333333333,-6.63063e-08,8.35966666666649e-10,8.36567844857845e-10,-7.74031531531678e-13,-4.24309492947634e-13,-4.28018173011284e-13,NaN
-721.8029486,-0.0894871,-6.54683e-08,8.36350000000001e-10,8.36322921492921e-10,7.56472446471755e-13,-3.41294671550213e-13,-3.53749321435873e-13,NaN
-711.7039133,-0.08823505,-6.46336e-08,8.37700000000001e-10,8.38080789750789e-10,1.39621475371437e-12,-2.57197333777235e-13,-2.84574341660521e-13,NaN
-701.6121374,-0.0869839,-6.37929e-08,8.411e-10,8.39115351000349e-10,4.16208611207909e-13,-1.74364742916239e-13,-2.25301061755999e-13,NaN
-691.515387466666,-0.0857321333333333,-6.29514e-08,8.39850000000005e-10,8.38913206973205e-10,4.3184889434928e-13,-9.95675117164481e-14,-1.71144077888434e-13,NaN
-681.425090333334,-0.0844811666666667,-6.21132e-08,8.40750000000001e-10,8.39979048789048e-10,4.96826956828056e-13,-4.68500340221523e-14,-1.23491643962e-13,NaN
-671.325651733334,-0.0832290666666667,-6.12699e-08,8.40549999999996e-10,8.39906860886861e-10,-6.34629402128923e-13,-1.82839212970278e-14,-8.30288442970339e-14,NaN
-661.226482,-0.081977,-6.04321e-08,8.34308333333351e-10,8.3870978998479e-10,-5.52489469989235e-13,8.29525613998044e-15,-4.32020534717092e-14,NaN
-651.1371259,-0.08072615,-5.96012833333333e-08,8.43766666666651e-10,8.38801881946882e-10,1.95472387972607e-13,2.34954870355793e-14,-5.06609772847261e-15,NaN
-641.0352675,-0.07947375,-5.87445666666667e-08,8.44091666666648e-10,8.39100734760735e-10,2.47246109745722e-13,4.03278898505437e-14,2.69935469853498e-14,NaN
-630.9459114,-0.0782229,-5.79131e-08,8.35800000000001e-10,8.39296374166374e-10,-1.53950801451224e-13,1.04821776481563e-13,5.24033010592008e-14,NaN
-620.8597817,-0.07697245,-5.70729666666667e-08,8.2275e-10,8.38792833157833e-10,-5.7039165789159e-13,1.88608236463378e-13,7.28003727525096e-14,NaN
-610.7579233,-0.07572005,-5.62676e-08,8.41908333333348e-10,8.38155590850591e-10,-3.7612612612416e-14,2.18069712234448e-13,9.12030868725078e-14,NaN
-600.6580814,-0.0744679,-5.538915e-08,8.58216666666654e-10,8.38717607932608e-10,6.69350356850585e-13,1.77141596917445e-13,1.05647932728831e-13,NaN
-590.5691286,-0.0732171,-5.45511666666667e-08,8.41841666666649e-10,8.39494291564292e-10,5.36310108809905e-13,1.43799809678889e-13,1.12257278285793e-13,NaN
-580.4704966,-0.0719651,-5.37054666666667e-08,8.42233333333349e-10,8.39790228150228e-10,2.46764654264753e-13,1.18678104506268e-13,1.12114735173962e-13,NaN
-570.3718646,-0.0707131,-5.28667e-08,8.35708333333354e-10,8.39987820872821e-10,9.51333801338296e-14,6.8855048744039e-14,1.0718008296344e-13,NaN
-560.2796854,-0.0694619,-5.203405e-08,8.32749999999998e-10,8.39980494910496e-10,2.08391833389379e-14,1.32164543437244e-14,9.82560841489723e-14,NaN
-550.1806501,-0.06820985,-5.12012e-08,8.36124999999999e-10,8.40029499239499e-10,-1.28928278931486e-14,-3.72543453592739e-14,8.63883747079737e-14,NaN
-540.091562866667,-0.0669590333333333,-5.03618e-08,8.39525000000001e-10,8.39954709254709e-10,-1.27729612729494e-13,-2.69785493283021e-14,7.27712808910902e-14,NaN
-529.9942752,-0.0657072,-4.952215e-08,8.4273333333335e-10,8.3977404001404e-10,-1.5332982332967e-13,2.04403610075612e-14,5.88128478028302e-14,NaN
-519.9016927,-0.06445595,-4.86763333333333e-08,8.47175000000001e-10,8.3964804960805e-10,-1.01934596934343e-13,1.9971452628449e-14,4.57255687093003e-14,NaN
-509.814218666666,-0.0632053333333333,-4.78278e-08,8.16683333333301e-10,8.39570170820172e-10,-5.57341757339303e-14,5.67056197385753e-14,3.38339861927912e-14,NaN
-499.708596133334,-0.0619524666666667,-4.70429666666667e-08,8.35624999999998e-10,8.39536581256582e-10,-8.65098865062816e-15,1.07756183542467e-13,2.25483919697137e-14,NaN
-489.614266,-0.060701,-4.615655e-08,8.61633333333349e-10,8.3955286884287e-10,-1.08197905697346e-13,4.56386985464144e-14,1.11453379518701e-14,NaN
-479.5148274,-0.0594489,-4.53197e-08,8.35075000000001e-10,8.39320185445187e-10,-4.70749970777912e-15,-1.35109453219529e-14,1.60031350440579e-17,NaN
-469.425068,-0.058198,-4.44864e-08,8.33050000000001e-10,8.39543453843455e-10,2.51946004445163e-13,-7.39206451738777e-15,-1.11246685417873e-14,NaN
-459.3276459,-0.05694615,-4.36536e-08,8.36725000000001e-10,8.39824077454078e-10,1.59330759326616e-14,6.73593040735167e-16,-2.22193525938934e-14,NaN
-449.239230833334,-0.0556954166666667,-4.281295e-08,8.50749999999999e-10,8.3957531999532e-10,-4.97530127530423e-13,-2.06518378155929e-14,-3.00025201894554e-14,NaN
-439.1388512,-0.0544432,-4.19521e-08,8.6135e-10,8.38829017199017e-10,-1.0839914589897e-13,-8.5276384542826e-14,-3.18127964279607e-14,NaN
-429.0394126,-0.0531911,-4.109025e-08,8.35516666666655e-10,8.39358521703522e-10,7.03552123552236e-13,-1.11330295519147e-13,-3.08035812273619e-14,NaN
-418.9496532,-0.0519402,-4.02810666666667e-08,8.24674999999998e-10,8.40236121446121e-10,2.82199894699237e-13,-7.04475229013486e-14,-3.16723546051915e-14,NaN
-408.849542433334,-0.0506880166666667,-3.94409e-08,8.38158333333347e-10,8.39922921492921e-10,-9.31045981051735e-14,-4.3890192474455e-14,-3.24826299788652e-14,NaN
-398.758976433334,-0.0494370166666667,-3.860475e-08,8.39550000000002e-10,8.40049912249911e-10,5.11193986198321e-14,-3.89237065604408e-14,-3.2045111180178e-14,NaN
-388.658865666667,-0.0481848333333333,-3.77618e-08,8.37875000000001e-10,8.4002516029016e-10,-1.88812448811024e-13,-3.10108332498384e-14,-3.24663261369477e-14,NaN
-378.5692407,-0.04693395,-3.6929e-08,8.35500000000001e-10,8.39672287352289e-10,-1.86417456417086e-13,-1.94377945613291e-14,-3.41745819633577e-14,NaN
-368.470877566667,-0.0456819833333333,-3.60908e-08,8.3695e-10,8.39652325377326e-10,-1.66793904294488e-13,-7.13609261415317e-15,-3.73214040138311e-14,NaN
-358.381790333334,-0.0444311666666667,-3.52551e-08,8.39799999999999e-10,8.393386995437e-10,-1.65103837603536e-13,-6.11807950364222e-15,-3.90249235718499e-14,NaN
-348.283292766666,-0.0431791833333333,-3.44112e-08,8.42400000000001e-10,8.39322117702119e-10,2.16219433719897e-13,-1.6040766758544e-14,-3.74265750320063e-14,NaN
-338.183182,-0.041927,-3.35703e-08,8.40949999999998e-10,8.3977113841114e-10,-5.67135252136113e-13,-2.42512827200161e-14,-3.55064797660744e-14,NaN
-328.090330633334,-0.0406757166666667,-3.27293e-08,8.41550000000001e-10,8.38187847197847e-10,-9.02866795368078e-13,-2.53067974275003e-14,-2.94946871452361e-14,NaN
-317.994252866666,-0.0394240333333333,-3.18872e-08,8.41016666666651e-10,8.37965404820404e-10,5.44616824617239e-13,-2.22855704687056e-14,-1.81197821477759e-14,NaN
-307.903686866666,-0.0381730333333333,-3.10472666666667e-08,8.4025e-10,8.39277080847081e-10,5.5709049959187e-13,-2.19184332183965e-14,-1.01629988997996e-14,NaN
-297.8035761,-0.03692085,-3.02067e-08,8.38933333333353e-10,8.39079585819587e-10,-2.14410904410529e-13,-1.95077995011869e-14,-5.53819863623361e-15,NaN
-287.71422,-0.03567,-2.93694e-08,8.38999999999997e-10,8.3884825903826e-10,-2.04515619516053e-13,-9.81920414205594e-15,1.11421673350627e-16,NaN
-277.6163946,-0.0344181,-2.85287e-08,8.4365e-10,8.38670554580555e-10,7.67418392416431e-14,-1.50336191355338e-14,6.23542455834814e-15,NaN
-267.518838066666,-0.0331662333333333,-2.76821e-08,8.39750000000003e-10,8.39001742716744e-10,6.68808061308552e-13,-4.44452782567627e-14,1.09909314529411e-14,NaN
-257.4284065,-0.03191525,-2.68492e-08,8.2495e-10,8.40008170703172e-10,3.50664853164656e-13,-3.86754161111653e-14,1.14743189255079e-14,NaN
-247.3313877,-0.03066345,-2.60322e-08,8.3315e-10,8.39703072423073e-10,-4.37070317070816e-13,1.6648718257363e-14,9.62304395040449e-15,NaN
-237.2379986,-0.0294121,-2.51829e-08,8.4795e-10,8.39134030069031e-10,-1.56650579149828e-13,3.76398401085707e-14,9.43584771570471e-15,NaN
-227.138291133334,-0.0281599666666667,-2.43363e-08,8.40433333333351e-10,8.39389771264773e-10,1.73378085878236e-13,3.54063919393007e-14,9.29901679023603e-15,NaN
-217.047725133334,-0.0269089666666667,-2.35020333333333e-08,8.37349999999999e-10,8.39480786240787e-10,3.98446823442029e-14,4.96275008876618e-14,7.87892501742231e-15,NaN
-206.950840766666,-0.0256571833333333,-2.26616e-08,8.40558333333298e-10,8.39469460629462e-10,-1.03443898443859e-13,5.62252120426623e-14,6.02235981103518e-15,NaN
-196.862156833334,-0.0244064166666667,-2.18209166666667e-08,8.34300000000003e-10,8.39273898443899e-10,-1.8339856089851e-13,5.6722916002681e-14,4.40049943879285e-15,NaN
-186.758281933334,-0.0231537666666667,-2.0993e-08,8.44058333333352e-10,8.39102663507665e-10,-8.1707031707175e-14,4.20076892156224e-14,3.75430245995552e-15,NaN
-176.6591122,-0.0219017,-2.01328e-08,8.419e-10,8.39110484380485e-10,1.24315549315482e-13,2.38257570110423e-14,3.73772333318922e-15,NaN
-166.571234866666,-0.0206510333333333,-1.93092e-08,8.37199999999999e-10,8.39351294606296e-10,1.46029601029636e-13,3.19114566194058e-14,3.19011516762073e-15,NaN
-156.4739472,-0.0193992,-1.84584e-08,8.53483333333349e-10,8.39402543582544e-10,3.35190710190595e-14,-9.88096160058052e-15,1.66405928903983e-15,NaN
-146.3841878,-0.0181483,-1.76022333333333e-08,8.3863333333335e-10,8.39418332748334e-10,-1.84354159360596e-14,-6.73290772437774e-14,-3.91110029332571e-16,NaN
-136.283404866666,-0.0168960333333333,-1.67811333333333e-08,8.29816666666651e-10,8.39365672750672e-10,-8.54560079567122e-14,-3.73476041445478e-14,-2.64295596014682e-15,NaN
-126.1933766,-0.0156451,-1.59426e-08,8.39416666666652e-10,8.3924742073242e-10,-6.45194220191495e-14,-1.48180125808233e-14,-5.05087610459942e-15,NaN
-116.093400266666,-0.0143929333333333,-1.51023e-08,8.36175000000001e-10,8.39236633906634e-10,6.14958464961471e-14,-3.50428240551769e-14,-7.6195402615701e-15,NaN
-105.9940961,-0.01314085,-1.427025e-08,8.3635833333335e-10,8.39370412425412e-10,2.60418275418086e-13,-4.19768484941456e-14,-9.85956076892224e-15,NaN
-95.9052777333336,-0.0118900666666667,-1.34295833333333e-08,8.39325e-10,8.3975747045747e-10,3.23759506259412e-13,-3.71411565961514e-14,-1.24495717599812e-14,NaN
-85.8069146,-0.0106381,-1.25916e-08,8.39091666666649e-10,8.40017931437931e-10,-1.77882297882213e-13,-1.67713241748583e-14,-1.74643567593702e-14,NaN
-75.7160797333334,-0.00938706666666667,-1.17514e-08,8.47808333333351e-10,8.39401705861706e-10,-5.40303907803897e-13,-1.32832024998347e-14,-2.26938851848661e-14,NaN
-65.6193298,-0.0081353,-1.08959833333333e-08,8.42316666666651e-10,8.38937323622324e-10,-1.09035626535708e-13,-3.78917924069412e-14,-2.46857234474777e-14,NaN
-55.5248652333334,-0.00688381666666667,-1.00667666666667e-08,8.34091666666649e-10,8.39183634608634e-10,9.45422370424029e-14,-3.32598773211058e-14,-2.58192098992268e-14,NaN
-45.4278464333334,-0.00563201666666667,-9.2278e-09,8.3828333333335e-10,8.39126408096408e-10,-1.41139873639448e-13,-1.12587279150682e-14,-2.73120802256133e-14,NaN
-35.3298866,-0.0043801,-8.3902e-09,8.38583333333335e-10,8.38901354861355e-10,-2.65370597871198e-13,2.3391775078038e-16,-2.69831296954693e-14,NaN
-25.2407993666666,-0.00312928333333333,-7.55063333333333e-09,8.39691666666666e-10,8.38595666900666e-10,-2.27305487306417e-13,4.33201824218795e-15,-2.37997981123523e-14,NaN
-15.1404197333334,-0.00187706666666667,-6.71081666666667e-09,8.39766666666665e-10,8.38446743886743e-10,9.3741956242299e-14,-5.84630773869309e-15,-1.83072657663425e-14,NaN
-5.04904713333334,-0.000625966666666667,-5.8711e-09,8.37983333333335e-10,8.38783150813151e-10,1.81986076986361e-13,-2.10328185122374e-14,-1.31634293855554e-14,NaN
5.04958486666666,0.000626033333333333,-5.03485e-09,8.348e-10,8.38810716040715e-10,-3.2847782849413e-15,-2.38864450004427e-14,-9.33427225563404e-15,NaN
15.1396131333334,0.00187696666666667,-4.2015e-09,8.37575e-10,8.38776581256581e-10,3.84231894232102e-13,-1.64754174909569e-14,-5.68900902961784e-15,NaN
25.2373041,0.00312885,-3.3597e-09,8.39425e-10,8.3957917982918e-10,2.95224640225461e-13,-1.20728558372789e-14,-5.47078892464071e-15,NaN
35.3314998,0.0043803,-2.52265e-09,8.41508333333335e-10,8.39367030537032e-10,-3.64161109160806e-13,-1.03525279232222e-14,-8.7982920840718e-15,NaN
45.4269054,0.0056319,-1.67668333333333e-09,8.43708333333334e-10,8.38850857610858e-10,-9.59342459348811e-14,-1.19158450067547e-14,-9.79056633145748e-15,NaN
55.5272850333334,0.00688411666666667,-8.35233333333333e-10,8.40916666666665e-10,8.39175162045162e-10,1.86313033813139e-13,-1.12182871881237e-14,-8.98282309345529e-15,NaN
65.6177166,0.0081351,5.15e-12,8.37566666666667e-10,8.39223483678484e-10,-1.72857435356891e-13,-1.31606570536288e-14,-9.67330993712692e-15,NaN
75.7152731333334,0.00938696666666667,8.399e-10,8.36325e-10,8.38829447174448e-10,-2.46051538551448e-13,-1.40058092262635e-14,-1.08648217365472e-14,NaN
85.8011339666664,0.0106373833333333,1.6778e-09,8.35216666666665e-10,8.38731380601381e-10,6.80902655901708e-14,6.87995968687203e-15,-1.20158288537521e-14,NaN
95.9058154666664,0.0118901333333333,2.51033333333333e-09,8.38258333333335e-10,8.38965627705628e-10,3.56626301626644e-13,1.11851237533377e-14,-1.37282869783835e-14,NaN
105.995306,0.013141,3.35431666666667e-09,8.40025e-10,8.39444633204635e-10,3.12574587574174e-13,-9.28005103245882e-15,-1.66828622949968e-14,-7.97876022804195e-08
116.094475733334,0.0143930666666667,4.19038333333333e-09,8.38675e-10,8.39590776880777e-10,-1.46088686089564e-13,7.79722372560451e-16,-2.15228316718956e-14,-1.02935281909066e-07
126.1933766,0.0156451,5.03166666666667e-09,8.39608333333336e-10,8.39152455832455e-10,-2.77700655200524e-13,2.37604805555178e-14,-2.58198883233819e-14,-1.23486422416174e-07
136.283136,0.016896,5.8696e-09,8.40616666666666e-10,8.39035375570376e-10,-2.00093015092924e-13,1.6899440678701e-14,-2.76086585490956e-14,-1.32041410452196e-07
146.380826966666,0.0181478833333333,6.7129e-09,8.469e-10,8.3875226980227e-10,-2.3347753597759e-13,-2.4910038511458e-14,-2.70781145779758e-14,-1.29504026242493e-07
156.469779766666,0.0193986833333333,7.5634e-09,8.37199999999999e-10,8.3856842049842e-10,-5.29630279629443e-14,-7.02667122593677e-14,-2.47140935542986e-14,-1.1819783873795e-07
166.5701594,0.0206509,8.3873e-09,8.34616666666665e-10,8.38646343746344e-10,1.50212062711755e-13,-7.66335656539627e-14,-2.2035038658978e-14,-1.0538496749946e-07
176.661532,0.021902,9.23263333333333e-09,8.40150000000001e-10,8.38868844623844e-10,1.21102433601691e-13,-6.62951415630016e-14,-2.01747720192221e-14,-9.64880400919318e-08
186.761105033334,0.0231541166666667,1.00676e-08,8.36783333333335e-10,8.38888548613547e-10,-3.89069264070364e-14,-5.23834164059361e-14,-1.83517572882284e-14,-8.77692739871793e-08
196.858796,0.024406,1.09062e-08,8.3445e-10,8.3879103077103e-10,-6.18643968638235e-14,-8.49661202738112e-15,-1.5183855517275e-14,-7.26184394304457e-08
206.946404466666,0.0256566333333333,1.17365e-08,8.45600000000001e-10,8.38764819819819e-10,-5.60895635896442e-14,1.84154147674498e-14,-1.06957205246427e-14,-5.11534459874216e-08
217.039928,0.026908,1.25974e-08,8.4425e-10,8.38678851643851e-10,-6.87413712414989e-14,-8.67336021088676e-15,-4.77887161881682e-15,-2.28554729595587e-08
227.1377534,0.0281599,1.3425e-08,8.32900000000001e-10,8.38627337077336e-10,-1.40593190592584e-13,-3.08286242326013e-14,2.72277717883152e-15,1.30219778118029e-08
237.2367887,0.02941195,1.42632e-08,8.3411666666665e-10,8.38397665262665e-10,4.42459342463945e-14,-2.04975157289481e-14,1.14932950082089e-14,5.49679326479556e-08
247.3301778,0.0306633,1.50932333333333e-08,8.43749999999999e-10,8.38715828945829e-10,3.2868755118747e-13,-2.29289353238994e-14,1.96620893796712e-14,9.40360796419057e-08
257.427465466666,0.0319151333333333,1.59507e-08,8.4028333333335e-10,8.3905504036504e-10,3.48438048440828e-14,-2.77645423157284e-14,2.55868084189053e-14,1.22371692438243e-07
267.5201824,0.0331664,1.67738e-08,8.31391666666652e-10,8.38785516555517e-10,-4.85532935525449e-14,4.14532096252485e-15,3.15578785458623e-14,1.50928984349776e-07
277.6147814,0.0344179,1.76134833333333e-08,8.33900000000001e-10,8.38957933777935e-10,7.80107055106579e-14,4.8873418029432e-14,3.74462129278033e-14,1.79090583567755e-07
287.7158332,0.0356702,1.84416e-08,8.37058333333351e-10,8.38941537966539e-10,-3.20379080379826e-13,8.83510658942439e-14,4.15020562928335e-14,1.98488095313552e-07
297.807877966666,0.0369213833333333,1.92876e-08,8.42691666666652e-10,8.38317175617176e-10,-5.32084649584972e-13,1.03784208848746e-13,4.62016426109638e-14,2.20964377704609e-07
307.9001916,0.0381726,2.01269833333333e-08,8.39399999999999e-10,8.37877368667369e-10,-1.65759915759816e-13,9.33741087366445e-14,5.31143702834462e-14,2.54025249181699e-07
317.993984,0.039424,2.09664e-08,8.4435e-10,8.37985655785656e-10,5.30494910494849e-13,7.59309338741762e-14,5.98501087803806e-14,2.86239650688777e-07
328.091540533334,0.0406758666666667,2.18156833333333e-08,8.44850000000001e-10,8.38938358488358e-10,7.70175500175481e-13,5.8343956155529e-14,6.21269006081957e-14,2.97128655082675e-07
338.175116,0.041926,2.26561e-08,8.40024999999999e-10,8.39526006786007e-10,3.12180882181314e-13,5.72214148160535e-14,5.80172430079535e-14,2.77473770907604e-07
348.283964933334,0.0431792666666667,2.34957333333333e-08,8.34308333333349e-10,8.39562720252721e-10,9.59143559148134e-14,7.50803380338246e-14,4.94504487543167e-14,2.36502146216297e-07
358.3820592,0.0444312,2.43247166666667e-08,8.33683333333348e-10,8.39717835497837e-10,-1.71032526032417e-13,8.73399676998326e-14,3.76074844890509e-14,1.79861882338939e-07
368.4726252,0.0456822,2.51631e-08,8.37441666666653e-10,8.39220655200656e-10,-5.343512343509e-13,7.69883641555181e-14,2.39199976716494e-14,1.1439998886441e-07
378.569644,0.046934,2.59996e-08,8.37050000000002e-10,8.38649133029135e-10,-2.40047092546853e-13,6.05515400093354e-14,1.19337928855645e-14,5.70746616266128e-08
388.66021,0.048185,2.68372e-08,8.4103333333335e-10,8.38740561015563e-10,3.7194512694472e-13,3.2252674832411e-14,1.10180635077849e-15,5.269508634158e-09
398.754809,0.0494365,2.76816666666667e-08,8.4465e-10,8.39393023283024e-10,5.99349186848968e-13,-1.42453252828351e-14,-1.28154058318172e-14,-6.12910713695605e-08
408.847660366667,0.0506877833333333,2.85265e-08,8.49266666666649e-10,8.39939259389261e-10,2.53170703170245e-13,-6.50948510586353e-14,-3.10331732208324e-14,-1.48419524099633e-07
418.945754633334,0.0519397166666667,2.93802e-08,8.34e-10,8.39899364689365e-10,2.51305428805256e-13,-8.45942024040739e-14,-5.14336660357914e-14,-2.45987098432046e-07
429.0430423,0.05319155,3.01945e-08,8.29650000000003e-10,8.40441870246871e-10,2.23046098047102e-13,-6.40771129743779e-14,-7.39754418394733e-14,-3.53795591406177e-07
439.1384479,0.05444315,3.10395e-08,8.40741666666653e-10,8.40345456885459e-10,-3.88234175734198e-13,-6.89520401572603e-14,-9.79238933803626e-14,-4.68331663993039e-07
449.236407733334,0.0556950666666667,3.18759833333333e-08,8.32216666666648e-10,8.39665401895403e-10,-4.77910962912605e-13,-8.5677546835616e-14,-1.18729477313019e-13,-5.67836630627482e-07
459.3272426,0.0569461,3.27039333333333e-08,8.37308333333347e-10,8.39389634959634e-10,-4.41214753715539e-13,-9.04583899082653e-14,-1.34460028184809e-13,-6.43069700014304e-07
469.4194218,0.0581973,3.35506e-08,8.51883333333351e-10,8.38782972387972e-10,-4.37662337662424e-13,-1.28233899763363e-13,-1.46062829746535e-13,-6.98561359657341e-07
479.5132142,0.0594487,3.44077e-08,8.5225e-10,8.38514310284309e-10,-9.54519129523364e-14,-1.97889609588818e-13,-1.5518050504395e-13,-7.42167632818891e-07
489.614266,0.060701,3.52551e-08,8.43099999999999e-10,8.38592068562067e-10,8.41880191880848e-14,-2.54066134326374e-13,-1.62289005102874e-13,-7.76164807013745e-07
499.7076551,0.06195235,3.60939e-08,8.30233333333349e-10,8.38682686322685e-10,1.00596700601855e-14,-2.57011951485938e-13,-1.66067363317425e-13,-7.94235215865946e-07
509.8058838,0.0632043,3.69155666666667e-08,8.2685e-10,8.38612187902187e-10,-2.67597987597886e-13,-2.23116023767627e-13,-1.65519130438093e-13,-7.9161323253001e-07
519.902096,0.064456,3.77476e-08,8.33816666666652e-10,8.38147490347489e-10,-6.11123786123213e-13,-1.90262433562175e-13,-1.60979145624076e-13,-7.69900261680363e-07
529.996695,0.0657075,3.85832e-08,8.35000000000001e-10,8.37389940329941e-10,-6.32852755351861e-13,-1.56097464793505e-13,-1.53003163944096e-13,-7.31754262341329e-07
540.085916666667,0.0669583333333333,3.94176e-08,8.47449999999999e-10,8.36881784836786e-10,-3.72469287469372e-13,-1.39348538502622e-13,-1.41578646896884e-13,-6.77115267767706e-07
550.180515666667,0.0682098333333333,4.02781e-08,8.48491666666648e-10,8.36645001755002e-10,-3.35882180882127e-13,-1.6654324928411e-13,-1.27238087521462e-13,-6.08529983798296e-07
560.281433033334,0.0694621166666667,4.11145833333333e-08,8.46900000000002e-10,8.36210020475021e-10,-9.5478822978243e-14,-1.93053797836342e-13,-1.09950443196039e-13,-5.25849945720187e-07
570.374418833334,0.0707134166666667,4.19719e-08,8.34558333333351e-10,8.36454044109046e-10,3.73699251199363e-13,-1.72948313216683e-13,-9.04274530315657e-14,-4.32479123194445e-07
580.4704966,0.0719651,4.27837e-08,8.22549999999999e-10,8.3695741897742e-10,5.33390370890677e-13,-1.12688848517118e-13,-7.01857763564105e-14,-3.35671104313268e-07
590.568322,0.073217,4.3617e-08,8.32675000000004e-10,8.37520824850827e-10,8.79963729971962e-14,-5.21334140752663e-14,-5.05041076615304e-14,-2.41541384468189e-07
600.6584847,0.07446795,4.444905e-08,8.26266666666647e-10,8.37133411723414e-10,-5.45778343278035e-13,1.44051628427107e-14,-2.99720129730349e-14,-1.43344409871036e-07
610.757788866666,0.0757200333333333,4.52695333333333e-08,8.36766666666646e-10,8.36429268164271e-10,-2.84060196560514e-13,7.84641706546682e-14,-6.01846731827532e-15,-2.8783974130882e-08
620.844725166667,0.0769705833333333,4.61225833333333e-08,8.40950000000002e-10,8.36565291330293e-10,-1.12089622091233e-13,8.63217175914198e-14,1.8748012664743e-14,8.9664408396597e-08
630.945642533334,0.0782228666666667,4.69514333333333e-08,8.31916666666705e-10,8.36205088920088e-10,-2.7198432198548e-13,7.07418673728623e-14,4.33766616124502e-14,2.07453599016066e-07
641.032713266667,0.0794734333333333,4.77864166666667e-08,8.4145833333335e-10,8.36021322686322e-10,7.71840996853364e-14,8.29749905371069e-14,6.96182983328648e-14,3.32957078983266e-07
651.135647133334,0.0807259666666667,4.863435e-08,8.40374999999997e-10,8.36359457119459e-10,6.21000351000964e-13,1.24751719796956e-13,9.5321293629271e-14,4.55884447792166e-07
661.226482,0.081977,4.94671666666667e-08,8.2873333333335e-10,8.37263323388324e-10,7.98906341405423e-13,1.63524992645839e-13,1.16420787977504e-13,5.56795072935889e-07
671.322425333334,0.0832286666666667,5.02918166666667e-08,8.3231666666665e-10,8.3795726980227e-10,5.05740610740045e-13,1.65367632046878e-13,1.30765126217735e-13,6.25398429736993e-07
681.4233427,0.08448095,5.11318e-08,8.37725000000003e-10,8.38274804609804e-10,1.80902948402856e-13,1.3327092740504e-13,1.39864177355631e-13,6.68915630831279e-07
691.514312,0.085732,5.19672666666667e-08,8.44425000000001e-10,8.38319075699076e-10,-6.78299403293431e-14,1.14243102444556e-13,1.46376269613079e-13,7.00060419888639e-07
701.6117341,0.08698385,5.282065e-08,8.47741666666651e-10,8.38139144729146e-10,-2.85257985256897e-13,1.27723174375973e-13,1.51008709760117e-13,7.22215568417951e-07
711.703241133334,0.0882349666666667,5.366275e-08,8.42158333333348e-10,8.37748559728562e-10,-2.01437931437661e-13,1.42799802122174e-13,1.53831104132436e-13,7.35713976285563e-07
721.802142,0.089487,5.45049666666667e-08,8.39600000000001e-10,8.3773626886627e-10,4.09641687140119e-13,1.50147098612541e-13,1.54789246845901e-13,7.40296397958657e-07
731.893245733334,0.0907380666666667,5.534195e-08,8.44541666666653e-10,8.38567843102842e-10,7.5652451152269e-13,1.46173460804569e-13,1.50469652320403e-13,7.19637467619319e-07
741.992012166667,0.0919900833333333,5.619405e-08,8.33008333333347e-10,8.39249317889316e-10,4.80826313326587e-13,1.37221903945354e-13,1.37904086203191e-13,6.59541281841348e-07
752.0867456,0.0932416,5.70079666666667e-08,8.29958333333347e-10,8.39529495729495e-10,-2.31879606870738e-14,1.30623195804924e-13,1.18284754755414e-13,5.65709696656328e-07
762.1793281,0.09449285,5.78539666666667e-08,8.34083333333302e-10,8.39202941967942e-10,-2.95445770445499e-13,1.32386743968832e-13,9.49626103539386e-14,4.54169006040576e-07
772.280648766667,0.0957451833333333,5.86761333333333e-08,8.42191666666652e-10,8.38938604188604e-10,-4.5729027728975e-13,1.17829607727656e-13,7.00789828182329e-14,3.3516035260894e-07
782.369467133334,0.0969959666666667,5.953835e-08,8.452e-10,8.38288361413362e-10,-4.66799461799549e-13,7.20663800102817e-14,4.42273003402399e-14,2.11521871192452e-07
792.4699812,0.0982482,6.03665333333333e-08,8.36816666666655e-10,8.38005005265005e-10,1.97353457352323e-13,5.19247861935734e-14,1.67819860656765e-14,8.0261672488018e-08
802.558934,0.099499,6.12119833333333e-08,8.39341666666703e-10,8.38683068328067e-10,6.78476073475575e-13,3.10749268092499e-14,-1.57280645337436e-14,-7.52211782048607e-08
812.6571627,0.10075095,6.20452166666667e-08,8.39724999999995e-10,8.39361957411956e-10,5.30036855041909e-14,-3.57721469743735e-14,-5.53692914691544e-14,-2.64809654852478e-07
822.7553914,0.1020029,6.28914333333333e-08,8.451833333333e-10,8.38789075699075e-10,-8.6779250029252e-13,-1.13276494848965e-13,-9.87192351867803e-14,-4.72135472632427e-07
832.8459574,0.1032539,6.37355833333333e-08,8.37308333333347e-10,8.37626372411371e-10,-7.55457762958323e-13,-1.62052444635052e-13,-1.40680476840081e-13,-6.72819671843866e-07
842.944051666664,0.104505833333333,6.456605e-08,8.35483333333351e-10,8.37278160173159e-10,2.1890546390554e-13,-1.74763464900342e-13,-1.811713516624e-13,-8.66471681863652e-07
853.035827566664,0.105756983333333,6.540655e-08,8.29708333333353e-10,8.38064183339182e-10,1.15461974962013e-12,-1.8167002234011e-13,-2.24607264158584e-13,-1.07420865467149e-06
863.134594,0.107009,6.62254666666667e-08,8.27608333333346e-10,8.39587399672399e-10,8.14990639991366e-13,-2.15935905003381e-13,-2.75744177307902e-13,-1.31877650016823e-06
873.225025566664,0.108259983333333,6.70617666666667e-08,8.36133333333301e-10,8.39694164619165e-10,-3.61883116881778e-13,-2.70930748866901e-13,-3.32178540361464e-13,-1.58867997564178e-06
883.324060866664,0.109512033333333,6.78977333333333e-08,8.41683333333303e-10,8.38863633438635e-10,-7.84982449982288e-13,-3.31868167274132e-13,-3.85712817560518e-13,-1.84471347528943e-06
893.414223566664,0.110762983333333,6.87451333333333e-08,8.4845e-10,8.38124199719201e-10,-7.25413887914606e-13,-4.20076015045599e-13,-4.32658294795974e-13,-2.06923532293727e-06
903.514468766664,0.112015183333333,6.95946333333333e-08,8.33816666666698e-10,8.37412805662806e-10,-7.54188896688533e-13,-4.93066649307473e-13,-4.73026274774898e-13,-2.26229957501038e-06
913.6108154,0.1132669,7.04127666666667e-08,8.38266666666701e-10,8.36615821925823e-10,-6.72212472212202e-13,-5.12087088456111e-13,-5.06486451192009e-13,-2.42232650570091e-06
923.701246966664,0.114517883333333,7.12711666666667e-08,8.3629166666665e-10,8.36068380718382e-10,-3.65642038142616e-13,-5.10254301869309e-13,-5.32376089753602e-13,-2.54614651621288e-06
933.799744533336,0.115769866666667,7.208535e-08,8.35524999999999e-10,8.35884537849538e-10,-3.62147244647627e-13,-5.317052487383e-13,-5.50799541279228e-13,-2.63425867568326e-06
943.891386,0.117021,7.29422166666667e-08,8.41699999999999e-10,8.35344086229086e-10,-4.27314262314384e-13,-5.89734835620381e-13,-5.60241538163958e-13,-2.67941605208849e-06
953.9948576,0.1182736,7.376875e-08,8.43183333333298e-10,8.35029909324909e-10,-5.01163273663482e-13,-6.44789418515921e-13,-5.60820505469521e-13,-2.68218502615858e-06
964.078029766664,0.119523683333333,7.46285833333333e-08,8.4491666666665e-10,8.34341759681759e-10,-1.15126184626244e-12,-6.69976861306831e-13,-5.53912366037684e-13,-2.6491460984411e-06
974.179888166664,0.120776083333333,7.54585833333333e-08,8.26100000000003e-10,8.32727385632385e-10,-1.32279542529527e-12,-6.49287048021103e-13,-5.34324804296357e-13,-2.5554664553304e-06
984.2794612,0.1220282,7.62807833333333e-08,8.11033333333353e-10,8.31696168831169e-10,-6.91254533753839e-13,-5.80658175164384e-13,-4.99921716740541e-13,-2.39092994962867e-06
994.366263066664,0.123278733333333,7.708065e-08,8.46899999999996e-10,8.31344876564877e-10,-1.71106236106366e-13,-5.37413462664437e-13,-4.55625925721491e-13,-2.17908051432017e-06
1004.46650826666,0.124530933333333,7.79745833333333e-08,8.65708333333348e-10,8.31353956358956e-10,-1.61560489060506e-13,-5.62220020260142e-13,-4.04325159854358e-13,-1.93372902539041e-06
1014.55707426666,0.125781933333333,7.88120666666667e-08,8.37966666666704e-10,8.31021755586756e-10,-6.38908388908038e-13,-5.74593333568231e-13,-3.46182620426124e-13,-1.65565601073364e-06
1024.65610956666,0.127033983333333,7.96505166666667e-08,8.08641666666651e-10,8.3007613958114e-10,-9.99073066572398e-13,-4.94284112710621e-13,-2.79936994204737e-13,-1.33882910271831e-06
1034.74775103334,0.128285116666667,8.042935e-08,7.84375000000006e-10,8.29023609453611e-10,-6.94714812213084e-13,-2.91129386606087e-13,-2.04328022613597e-13,-9.77220977717203e-07
1044.84597973334,0.129537066666667,8.12192666666667e-08,8.14691666666647e-10,8.28686709956714e-10,-4.58113373113109e-13,-7.06867838080641e-14,-1.21773525686728e-13,-5.82395122849569e-07
1054.93614243334,0.130788016666667,8.20587333333333e-08,8.4040833333329e-10,8.28107382707385e-10,-5.75384930387198e-13,4.21346818983723e-14,-3.48084962181179e-14,-1.66475416695346e-07
1065.03410226666,0.132039933333333,8.29000833333333e-08,8.36291666666703e-10,8.2753594009594e-10,1.78407043405745e-13,1.01045731440468e-13,5.55689742003331e-14,2.65764659218984e-07
1075.1324654,0.1332919,8.37313166666667e-08,8.3480000000001e-10,8.28464196794196e-10,7.58355563356338e-13,1.75283810190104e-13,1.44016710585492e-13,6.88775572365397e-07
1085.22330026666,0.134542933333333,8.45696833333333e-08,8.45108333333299e-10,8.29052651222652e-10,3.29168129172807e-13,2.52101895418426e-13,2.26753379638539e-13,1.0844726852278e-06
1095.3216634,0.1357949,8.54215333333333e-08,8.29483333333351e-10,8.29122533052542e-10,-5.46650871655664e-14,3.26549463308825e-13,3.04917903642328e-13,1.45830301741983e-06
1105.4134393,0.13704605,8.622865e-08,8.13141666666709e-10,8.28943321048321e-10,2.39838247330791e-13,4.2506721379511e-13,3.79681041467631e-13,1.81586585049737e-06
1115.51139913334,0.138297966666667,8.70478166666667e-08,8.19674999999989e-10,8.29602209547204e-10,1.12717503217645e-12,5.18727144926046e-13,4.48402078315307e-13,2.14453167889929e-06
1125.60196513334,0.139548966666667,8.7868e-08,8.19591666666647e-10,8.31197671112674e-10,1.27131391131751e-12,6.18162130478514e-13,5.04896420356123e-13,2.41472201039885e-06
1135.700866,0.140801,8.8687e-08,8.32000000000011e-10,8.32144837369839e-10,8.54143559141908e-13,7.31825216362733e-13,5.47419525289566e-13,2.61809338181966e-06
1145.799498,0.142053,8.9532e-08,8.49500000000004e-10,8.32905958230958e-10,7.35537615533623e-13,7.49526863086766e-13,5.77678168627694e-13,2.76280863256723e-06
1155.88992956666,0.143303983333333,9.0386e-08,8.43583333333353e-10,8.33615912600906e-10,4.88235053236219e-13,6.94634349521281e-13,5.96192805930892e-13,2.85135689793035e-06
1165.988696,0.144556,9.12191666666667e-08,8.30999999999996e-10,8.3388242833743e-10,8.26867906875089e-13,6.7364155788297e-13,6.03908295509783e-13,2.88825706548157e-06
1176.07899313334,0.145806966666667,9.2048e-08,8.29916666666646e-10,8.35269648414656e-10,1.81369164619056e-12,6.73818305902737e-13,5.99136835949914e-13,2.86543704149959e-06
1186.1774907,0.14705895,9.2879e-08,8.31749999999997e-10,8.37509811629811e-10,1.97575991575668e-12,6.76111698254276e-13,5.77562328086759e-13,2.76225461258885e-06
1196.26832556666,0.148309983333333,9.37115e-08,8.4708333333335e-10,8.39221168246169e-10,1.15972826722899e-12,6.61113707050162e-13,5.38882834340992e-13,2.57726572945692e-06
1206.36682313334,0.149561966666667,9.45731666666667e-08,8.47749999999995e-10,8.39829268164269e-10,-4.86875219375228e-13,5.94828415118793e-13,4.88420252780151e-13,2.33592294807898e-06
1216.4653207,0.15081395,9.5407e-08,8.29083333333296e-10,8.38247417807419e-10,-1.18819205569238e-12,5.18381537463934e-13,4.36796142542772e-13,2.08902502955239e-06
1226.55642443334,0.152065016666667,9.62313333333333e-08,8.4350000000001e-10,8.37452884052885e-10,5.86202761190948e-14,4.32125199858813e-13,3.89454861937126e-13,1.86261020926452e-06
1236.65478756666,0.153316983333333,9.7094e-08,8.54666666666694e-10,8.38364658359657e-10,8.75183397680075e-13,3.04752704257681e-13,3.40868410393473e-13,1.63024022362096e-06
1246.74521913334,0.154567966666667,9.79406666666667e-08,8.32499999999991e-10,8.39203250848245e-10,5.65387855386422e-13,2.10728176696133e-13,2.87152171060046e-13,1.37333647028718e-06
1256.84398556666,0.155819983333333,9.8759e-08,8.26666666666656e-10,8.3949543407043e-10,3.7449017199113e-13,1.66635630835757e-13,2.30787687983867e-13,1.1037672034011e-06
1266.93441713334,0.157070966666667,9.9594e-08,8.44416666666504e-10,8.39952231192227e-10,3.70427635425557e-13,1.12373615131712e-13,1.74686606851839e-13,8.35457684943578e-07
1277.03318356666,0.158322983333333,1.00447833333333e-07,8.53583333333503e-10,8.40236289341281e-10,-4.18728793692231e-14,1.81747072737963e-14,1.19892470729229e-13,5.73398773052834e-07
1287.12374956666,0.159573983333333,1.01301166666667e-07,8.37083333333504e-10,8.39868485433489e-10,-1.1842196091259e-13,-7.64026922877715e-14,6.89165067601532e-14,3.29600684505081e-07
1297.2221127,0.16082595,1.02122e-07,8.21416666666491e-10,8.39999445419456e-10,-6.02085234585124e-13,-9.99066657539427e-14,2.29794147701828e-14,1.09901548900874e-07
1307.32128243334,0.162078016666667,1.02944e-07,8.39499999999999e-10,8.38664314964318e-10,-1.5039581139611e-12,-1.08683786731966e-13,-1.46988720296619e-14,-7.02989531853395e-08
1317.411714,0.163329,1.03801e-07,8.52000000000013e-10,8.36991529191534e-10,-5.0465075464373e-13,-1.55051858792236e-13,-3.8501478614485e-14,-1.84137506417102e-07
1327.51007713334,0.164580966666667,1.04648e-07,8.38083333333499e-10,8.37655013455031e-10,6.04902304908211e-13,-1.87847286079629e-13,-5.41215851679341e-14,-2.58842363846641e-07
1337.60064313334,0.165831966666667,1.05477166666667e-07,8.28666666666499e-10,8.3820133380135e-10,1.84971334963429e-13,-1.95057917583157e-13,-6.85413878154597e-14,-3.27806637378286e-07
1347.699544,0.167084,1.06305333333333e-07,8.36416666666495e-10,8.38024956124958e-10,1.37182637081481e-14,-1.77477154997531e-13,-7.92759652938368e-14,-3.79145920970524e-07
1357.78997556666,0.168334983333333,1.0715e-07,8.43333333333498e-10,8.38228770328766e-10,-2.11202761200914e-13,-1.20714792440806e-13,-8.47525269723715e-14,-4.05338172476559e-07
1367.88847313334,0.169586966666667,1.07992e-07,8.34500000000007e-10,8.37602550602556e-10,-6.312244062129e-13,-3.70227231763896e-14,-8.34493614053102e-14,-3.99105641503657e-07
1377.987374,0.170839,1.08819e-07,8.26999999999998e-10,8.36966321516341e-10,-2.75611325605849e-13,3.99467319495174e-14,-7.33001824520742e-14,-3.50566089988181e-07
1388.0775367,0.17208995,1.09646e-07,8.43000000000003e-10,8.37051327951344e-10,-1.59974259981135e-13,3.59270584970934e-14,-5.75274229550559e-14,-2.75131153263311e-07
1398.17630313334,0.173341966666667,1.10505e-07,8.47500000000002e-10,8.36646372996378e-10,-1.49760149853188e-14,-3.21521547710728e-14,-3.89856558835082e-14,-1.8645313683417e-07
1408.267138,0.174593,1.11341e-07,8.31999999999997e-10,8.37021375921374e-10,6.21574821575311e-13,-4.46121339143851e-14,-2.04296135381226e-14,-9.77068473562385e-08
1418.36577,0.175845,1.12169e-07,8.28333333333494e-10,8.37889522639529e-10,5.58353808360517e-13,1.08598429964089e-14,-5.77167850228155e-15,-2.76036797935205e-08
1428.45579826666,0.177095933333333,1.12997666666667e-07,8.38499999999998e-10,8.38138083538095e-10,3.79343629319467e-14,5.94079469844019e-14,6.2761349755364e-15,3.00162977090871e-08
1438.55443026666,0.178347933333333,1.13846e-07,8.48000000000009e-10,8.37965391365393e-10,-1.71226746236008e-13,7.5728195585531e-14,1.73146373691903e-14,8.28091352439536e-08
1448.64539956666,0.179598983333333,1.14693666666667e-07,8.38583333333499e-10,8.37795630045623e-10,2.81002106000424e-13,9.49484456358553e-14,2.77246657505753e-14,1.32596227502751e-07
1458.74349383334,0.180850916666667,1.15523166666667e-07,8.32666666666504e-10,8.38527395577394e-10,5.8545396046027e-13,1.13897457075093e-13,3.6069463334571e-14,1.72506128991427e-07
1468.84252913334,0.182102966666667,1.16359e-07,8.18416666666501e-10,8.38966537966543e-10,-5.65139815114164e-14,1.38271591397071e-13,3.83023696929577e-14,1.83185246357624e-07
1478.93282626666,0.183353933333333,1.1716e-07,8.45833333333488e-10,8.38414367614371e-10,-6.40780390801863e-14,1.29790482645001e-13,3.70135888528611e-14,1.77021511904988e-07
1489.03172713334,0.184605966666667,1.18050666666667e-07,8.68000000000005e-10,8.38838381888383e-10,6.63057213055232e-13,2.81097805633585e-14,3.43435843068163e-14,1.64251924945643e-07
1499.122562,0.185857,1.18896e-07,8.35583333333019e-10,8.39740482040481e-10,5.1371533871411e-13,-3.04411269919696e-14,2.64356082842823e-14,1.26431170055263e-07
1509.2207907,0.18710895,1.19721833333333e-07,8.33499999999992e-10,8.39865812565811e-10,-2.15663390670383e-13,3.96014041258985e-15,1.20269936870608e-14,5.75204045902908e-08
1519.31176,0.18836,1.20563e-07,8.36416666666991e-10,8.39309155259141e-10,-4.53878553882373e-13,2.27450728419371e-14,-2.65084792212598e-15,-1.26779683232112e-08
1529.410392,0.189612,1.21394666666667e-07,8.215833333335e-10,8.38958055458046e-10,-1.59763659756079e-13,3.88791971921881e-14,-1.38383384187653e-14,-6.61833576549645e-08
1539.50888956666,0.190863983333333,1.22206166666667e-07,8.38166666666497e-10,8.38989627939628e-10,-1.71285246282736e-13,3.42084260354975e-14,-2.68145212393269e-14,-1.28243362448955e-07
1549.5991867,0.19211495,1.23071e-07,8.5658333333301e-10,8.38615484965481e-10,-4.86615186622888e-13,-3.78621505774113e-14,-3.86951318905548e-14,-1.85063674259175e-07
1559.69835643334,0.193367016666667,1.23919333333333e-07,8.46749999999988e-10,8.38016397566383e-10,-2.47949572959057e-13,-1.06899881287067e-13,-4.37148558844664e-14,-2.09071049882231e-07
1569.78865356666,0.194617983333333,1.247645e-07,8.40833333333502e-10,8.38119585819563e-10,3.21390546386599e-13,-1.44014219600376e-13,-4.59188737875828e-14,-2.19612005071048e-07
1579.88742,0.19587,1.25601e-07,8.3633333333351e-10,8.38659178659156e-10,1.83380133383448e-13,-1.4496216387101e-13,-4.90796882643334e-14,-2.34728943872899e-07
1589.977986,0.197121,1.26437166666667e-07,8.38666666666497e-10,8.38486346086329e-10,-4.94530244524031e-13,-1.13074208258827e-13,-5.30283011508949e-14,-2.53613614199932e-07
1600.076618,0.198373,1.27278333333333e-07,8.31416666666509e-10,8.37670118170108e-10,-5.80674505674612e-13,-9.5268186115387e-14,-5.53574588894021e-14,-2.64753064253662e-07
1610.17498113334,0.199624966666667,1.281e-07,8.30833333333504e-10,8.3732499707498e-10,6.46425646407001e-14,-7.36357186769698e-14,-5.36767350524352e-14,-2.56714819815994e-07
1620.26554713334,0.200875966666667,1.2894e-07,8.47999999999996e-10,8.37799403299389e-10,1.67479817486582e-13,-7.87115118786278e-14,-4.89774583920096e-14,-2.34240018396568e-07
1630.36431356666,0.202127983333333,1.29796e-07,8.40999999999988e-10,8.37659956709953e-10,-1.51088101084161e-13,-1.14246206725227e-13,-4.13401246319046e-14,-1.97713639543892e-07
1640.45487956666,0.203378983333333,1.30622e-07,8.33000000000005e-10,8.37497227097221e-10,-4.16476541483743e-13,-8.16001689979144e-14,-3.05386616200582e-14,-1.4605446861767e-07
1650.553646,0.204631,1.31462e-07,8.36916666666515e-10,8.36827003626986e-10,-2.98827073827798e-13,-4.46337740267324e-14,-1.67607456157891e-14,-8.0160087727687e-08
1660.64394313334,0.205881966666667,1.32295833333333e-07,8.28499999999987e-10,8.36899572949565e-10,7.62987012994754e-13,-4.23922470591261e-14,-1.95296826209009e-15,-9.34028299260478e-09
1670.742844,0.207134,1.33119e-07,8.29499999999988e-10,8.38352977652975e-10,6.88130338127724e-13,1.04293727720854e-14,6.9402266160097e-15,3.31923881635247e-08
1680.83341,0.208385,1.33954833333333e-07,8.34083333333501e-10,8.38275833625821e-10,-3.00298350300384e-13,1.14392698348449e-13,1.10426422767745e-14,5.2812636975878e-08
1690.93177313334,0.209636966666667,1.34787166666667e-07,8.39083333333506e-10,8.37752380952375e-10,-3.3876506375112e-13,1.02165940745585e-13,1.70669682553532e-14,8.16246307864718e-08
1701.03874,0.21089,1.35633e-07,8.41333333332999e-10,8.37598303498318e-10,-5.37943137928219e-13,9.44558083985117e-15,2.47082365093789e-14,1.18169826783986e-07
1711.12124,0.21214,1.36469833333333e-07,8.40916666666493e-10,8.36676494676518e-10,-4.31122031126632e-13,8.28729134394275e-14,3.39062945257905e-14,1.62160539036389e-07
1721.20374,0.21339,1.37314833333333e-07,8.43000000000003e-10,8.36736059436065e-10,6.38048438033928e-13,1.53634631839425e-13,4.32575572000709e-14,2.0688396921773e-07
1731.28624,0.21464,1.38155833333333e-07,8.39583333333507e-10,8.37952591552586e-10,1.03082953082716e-12,1.07483351509181e-13,4.65388707336916e-14,2.22577207856786e-07
1741.36874,0.21589,1.38994e-07,8.38583333333506e-10,8.38797718497719e-10,5.4795834796509e-13,7.15708101432757e-14,4.20955714127622e-14,2.01326645887124e-07
1751.5319,0.21715,1.39833e-07,8.34499999999994e-10,8.39048508248516e-10,-1.45416520408415e-13,3.82356719111917e-14,3.2178370390182e-14,1.53896554040001e-07
1761.6144,0.2184,1.40663e-07,8.35166666666493e-10,8.38506885456903e-10,-2.73748098743349e-13,3.94489294494617e-14,2.01636694794593e-14,9.64349409887184e-08
1771.6969,0.21965,1.41503333333333e-07,8.44749999999999e-10,8.3850101205103e-10,1.1742131741704e-13,6.08441022523582e-14,8.20388315729445e-15,3.92359629261909e-08
1781.7794,0.2209,1.423525e-07,8.44333333333506e-10,8.38741728091737e-10,-4.66248391253178e-13,3.30589748355879e-14,-5.41394306864121e-15,-2.58927711978493e-08
1791.8619,0.22215,1.43192e-07,8.36750000000003e-10,8.37568515268523e-10,-1.68085293085146e-13,-3.50966326879149e-15,-1.86205423326161e-14,-8.90547676777292e-08
1801.9444,0.2234,1.44026e-07,8.43500000000004e-10,8.38405557505566e-10,1.14130689130466e-12,-3.92558145748814e-14,-3.27723779597054e-14,-1.56737459807287e-07
1812.10756,0.22466,1.44879e-07,8.37999999999998e-10,8.39851129051133e-10,1.60304785300662e-13,-8.43979292661399e-14,-5.35094530052592e-14,-2.55914775242544e-07
1822.19006,0.22591,1.45702e-07,8.30583333333497e-10,8.38726167076168e-10,-5.74081549081303e-13,-1.22179304383784e-13,-7.46048966600599e-14,-3.56806027504634e-07
1832.27256,0.22716,1.46540166666667e-07,8.3750000000001e-10,8.3870296595297e-10,1.43234468239239e-13,-1.50698929706075e-13,-9.24822034898524e-14,-4.42306190603642e-07
1842.35506,0.22841,1.47377e-07,8.31749999999997e-10,8.39012636012646e-10,-2.31385281386398e-13,-1.22904059124301e-13,-1.1129010819057e-13,-5.32257039172291e-07
1852.43756,0.22966,1.48203666666667e-07,8.37999999999998e-10,8.38240195390197e-10,-1.65435532935866e-12,-8.9632321075813e-14,-1.27906265459426e-13,-6.11725617414646e-07
1862.52006,0.23091,1.49053e-07,8.46666666666493e-10,8.35703925353929e-10,1.84798759805805e-13,-1.20960632561897e-13,-1.33590778989253e-13,-6.38912421252949e-07
1872.68322,0.23217,1.49897e-07,8.41916666666494e-10,8.38609792909809e-10,2.07508482509202e-12,-1.61468941602108e-13,-1.38769372499639e-13,-6.63679607606969e-07
1882.76572,0.23342,1.50736833333333e-07,8.43500000000004e-10,8.39854095004113e-10,-1.48037615538023e-12,-2.07594857258817e-13,-1.53668512442992e-13,-7.34936363857788e-07
1892.84822,0.23467,1.51584e-07,8.34916666667003e-10,8.35649040599048e-10,-1.94425821926569e-12,-2.48826065835322e-13,-1.57239631648037e-13,-7.52015629621047e-07
1902.93072,0.23592,1.52406666666667e-07,8.26750000000005e-10,8.35965578565582e-10,1.4566807066723e-13,-2.217537496207e-13,-1.46775231142814e-13,-7.0196849676998e-07
1913.01322,0.23717,1.532375e-07,8.26166666666496e-10,8.35940376740383e-10,1.18954018954946e-13,-1.57433335498716e-13,-1.35153402094802e-13,-6.46385836105575e-07
1923.09572,0.23842,1.54059e-07,8.33749999999999e-10,8.36203486603491e-10,8.02509652512438e-13,-1.11937602019045e-13,-1.22666764107236e-13,-5.86667132686781e-07
1933.17822,0.23967,1.54905e-07,8.49250000000004e-10,8.37545396045408e-10,8.78670878656963e-14,-1.07210601196815e-13,-1.12525642694738e-13,-5.38166117235703e-07
1943.34138,0.24093,1.557575e-07,8.41416666666507e-10,8.36379220779223e-10,-1.23881771382122e-12,-1.16297402141984e-13,-1.00754123286107e-13,-4.81867546150946e-07
1953.42253566666,0.242179833333333,1.56587833333333e-07,8.26750000000005e-10,8.35067760617765e-10,-5.56572481572876e-13,-9.03011130866735e-14,-8.08577697347073e-14,-3.86711072644252e-07
1963.50638,0.24343,1.57411e-07,8.58583333333502e-10,8.35266075816077e-10,2.06812331806998e-13,-1.00613501551215e-13,-5.70798230438578e-14,-2.72990458035842e-07
1973.58888,0.24468,1.58305e-07,8.31500000000003e-10,8.35481385281379e-10,4.52963027965962e-13,-1.05627207279218e-13,-3.31894994570714e-14,-1.58732388707733e-07
1983.67138,0.24593,1.59074e-07,8.07083333333497e-10,8.36172001872009e-10,5.23985023989564e-13,-1.86680257467549e-15,-1.06615298011737e-14,-5.09899251360481e-08
1993.75388,0.24718,1.59919166666667e-07,8.57333333333494e-10,8.36529355329358e-10,1.18898443895689e-13,4.51606201332587e-14,9.05514079475508e-15,4.33071951053504e-08
2003.91704,0.24844,1.60788666666667e-07,8.37916666666503e-10,8.364097987598e-10,-5.98455598454856e-14,2.54553513948514e-14,2.65778332427402e-14,1.27111376378323e-07
2013.99954,0.24969,1.61595e-07,8.176666666665e-10,8.36409664209667e-10,-2.75710775706394e-13,7.58390019245908e-14,4.2138772111118e-14,2.01533257922738e-07
2024.08204,0.25094,1.62424e-07,8.38833333333499e-10,8.35858377208388e-10,-3.33374283371123e-13,1.24531535062465e-13,5.82905127942333e-14,2.78780713363725e-07
2034.16454,0.25219,1.63272666666667e-07,8.90333333333505e-10,8.35742915642925e-10,2.58637533626688e-13,3.70057943176784e-14,7.55791934722801e-14,3.61465707910905e-07
2044.24569566666,0.253439833333333,1.64204666666667e-07,7.65500000000008e-10,8.36375652275641e-10,4.78305253291317e-13,8.29710617099595e-14,8.95479866271743e-14,4.28272979521268e-07
2054.32954,0.25469,1.64803666666667e-07,7.90333333332994e-10,8.36699526149508e-10,4.32467532463218e-13,3.09211329479339e-13,9.88518467744673e-14,4.72769701964844e-07
2064.41204,0.25594,1.65785333333333e-07,9.23749999999982e-10,8.37240587340567e-10,4.10848835856109e-13,2.27370754192243e-13,1.03389082763609e-13,4.94469526260739e-07
2074.5752,0.2572,1.66651166666667e-07,8.33999999999993e-10,8.3752122382122e-10,-2.78840528713608e-14,6.34098275495972e-14,1.02755376664224e-13,4.91438757959332e-07
2084.6577,0.25845,1.67453333333333e-07,8.39250000000006e-10,8.37184819234825e-10,-3.07774657777116e-13,6.20454107059034e-14,1.00117972516052e-13,4.78825085946336e-07
2094.7402,0.2597,1.68329666666667e-07,8.31333333333504e-10,8.36905674505666e-10,-1.77977652984397e-13,6.73198804958597e-14,9.7828357512364e-14,4.67874753320002e-07
2104.8227,0.26095,1.69116e-07,7.95166666666501e-10,8.36828863928856e-10,1.60304785308882e-13,1.52563759622139e-13,9.51304321055469e-14,4.54971631809137e-07
2114.9052,0.2622,1.6992e-07,8.49499999999997e-10,8.37226284076283e-10,4.00204750206863e-13,1.91579168936209e-13,8.97491702634508e-14,4.29235162129547e-07
2124.9877,0.26345,1.70815e-07,8.699166666665e-10,8.3762927342927e-10,3.68053118014066e-14,9.27032104974588e-14,8.07665136372247e-14,3.86274630438901e-07
2135.15086,0.26471,1.71659833333333e-07,8.41833333333503e-10,8.37299894699886e-10,3.12287937287043e-13,1.65421923411445e-14,7.12292970078495e-14,3.40661855254932e-07
2145.23336,0.26596,1.72498666666667e-07,8.35083333333489e-10,8.38253849303844e-10,5.22455247455052e-13,-3.7622543661056e-15,5.92501852902493e-14,2.83370451388149e-07
2155.31586,0.26721,1.7333e-07,8.30333333333e-10,8.38344805194796e-10,-5.57265707267665e-13,-2.0297978228576e-15,4.38452025139664e-14,2.09694446805926e-07
2165.39836,0.26846,1.74159333333333e-07,8.32000000000017e-10,8.37139317889308e-10,-1.12972387967815e-13,1.43053184797863e-14,3.24149093090152e-14,1.55027827130073e-07
2175.48086,0.26971,1.74994e-07,8.33833333333507e-10,8.38118860418861e-10,7.56747981750964e-13,1.23688558676237e-14,2.23625883505414e-14,1.06951509502589e-07
2185.56336,0.27096,1.75827e-07,8.36749999999989e-10,8.3865281385281e-10,-1.12361062366238e-13,7.86309779988265e-16,8.71512538053624e-15,4.16810344286516e-08
2195.72652,0.27222,1.766675e-07,8.44166666666504e-10,8.37894138294128e-10,-5.44220194219538e-13,-2.08431934354496e-14,-3.45888475832103e-15,-1.65424923224049e-08
2205.80902,0.27347,1.77515333333333e-07,8.41250000000008e-10,8.37564373464371e-10,9.96162396168116e-13,-4.98044578545698e-14,-1.18770668196872e-14,-5.68033630506779e-08
2215.89152,0.27472,1.7835e-07,8.34166666666982e-10,8.39886463086465e-10,-4.07950157945144e-13,-4.38609354834806e-14,-2.47122153292206e-14,-1.18188855922359e-07
2225.97402,0.27597,1.79183666666667e-07,8.38499999999998e-10,8.36748473148481e-10,-2.8507605007595e-12,-2.37255578481643e-14,-3.29976668357752e-14,-1.57814928345012e-07
2236.05652,0.27722,1.80027e-07,8.3700000000001e-10,8.34184942084946e-10,5.41344916339289e-13,-1.7687308707575e-14,-2.21918762876456e-14,-1.06135060506131e-07
2246.13902,0.27847,1.80857666666667e-07,8.34999999999994e-10,8.3783116298116e-10,1.86104188603902e-12,-1.11072586772668e-14,-1.23587966269739e-14,-5.91072882159621e-08
2256.22152,0.27972,1.81697e-07,8.39666666666498e-10,8.37907025857024e-10,1.90303615308589e-13,-1.50218189407593e-14,-1.21515116343884e-14,-5.81159252079445e-08
2266.38468,0.28098,1.82537e-07,8.34833333333508e-10,8.38211770211777e-10,4.70837720917461e-14,-2.9023944080386e-14,-1.20930364367076e-14,-5.78362612190364e-08
2276.46583566666,0.282229833333333,1.83366666666667e-07,8.35000000000007e-10,8.38001193401207e-10,-1.18381303381239e-12,-3.34455877391005e-14,-1.11084984211917e-14,-5.31276011448299e-08
2286.54968,0.28348,1.84207e-07,8.40916666666493e-10,8.35844144144152e-10,-1.01540306540618e-12,-1.8643041349206e-14,-2.39323883009413e-15,-1.14459248395806e-08
2296.63218,0.28473,1.850485e-07,8.35666666666507e-10,8.35970387270395e-10,6.50950625945805e-13,7.33115977656776e-15,1.2822718939183e-14,6.13260471004404e-08
2306.71468,0.28598,1.85878333333333e-07,8.36999999999996e-10,8.37146045396044e-10,7.35837135835655e-13,1.0710052729638e-15,2.49090552011354e-14,1.1913026400543e-07
2316.79718,0.28723,1.867225e-07,8.41250000000008e-10,8.37442061542066e-10,2.64402714412891e-13,2.19757492352427e-15,3.33012141474498e-14,1.59266676357369e-07
2326.96034,0.28849,1.87560833333333e-07,8.37250000000017e-10,8.37674850824869e-10,1.12402012400566e-13,3.19341495092435e-14,4.03152488951053e-14,1.92812059933112e-07
2337.04284,0.28974,1.88397e-07,8.38083333333492e-10,8.37666865566867e-10,-3.45472095607992e-14,1.24247050452295e-14,4.61569334825166e-14,2.20750551438123e-07
2347.12534,0.29099,1.89237e-07,8.35999999999995e-10,8.37605756405748e-10,5.69264069244652e-14,1.50894176168702e-14,5.12506136488177e-14,2.45111630494346e-07
2357.20784,0.29224,1.90069e-07,8.28499999999987e-10,8.37780718380716e-10,1.14282789282548e-13,8.0113535903751e-14,5.44295316798545e-14,2.60315151512348e-07
2367.29034,0.29349,1.90894e-07,8.33999999999993e-10,8.37834321984313e-10,8.94992394889998e-14,1.15695596496381e-13,5.50539740913769e-14,2.63301615219629e-07
2377.37284,0.29474,1.91737e-07,8.43000000000003e-10,8.37959716859694e-10,1.15420615417685e-13,1.15187018055027e-13,5.32868577028013e-14,2.54850189013398e-07
2387.45534,0.29599,1.9258e-07,8.42333333333503e-10,8.38065163215148e-10,-1.52182052170514e-13,1.69954289463024e-13,4.88451969829266e-14,2.33607463831388e-07
2397.6185,0.29725,1.93421666666667e-07,8.43500000000004e-10,8.37655352755353e-10,-2.41418041412043e-13,1.47168229002447e-13,4.36950666735149e-14,2.08976405829854e-07
2407.701,0.2985,1.94267e-07,8.38666666666497e-10,8.37582327132324e-10,1.35916110920274e-13,-2.14447148981345e-14,3.87618174833188e-14,1.85382605355003e-07
2417.7835,0.29975,1.95099e-07,8.32083333333512e-10,8.37927184977194e-10,2.66037791045379e-13,-3.3577508963623e-14,3.20629075747228e-14,1.53344340574761e-07
2427.866,0.301,1.95931166666667e-07,8.35999999999995e-10,8.38114402714415e-10,1.77255177254535e-13,5.2200140999209e-14,2.26238354456244e-14,1.08200952131247e-07
2437.9485,0.30225,1.96771e-07,8.35416666666487e-10,8.38281695331703e-10,1.10255060263014e-13,7.30833218649379e-14,1.00687391703967e-14,4.81548395105929e-08
2448.031,0.3035,1.97602e-07,8.39000000000012e-10,8.38334912834941e-10,-6.47888147787411e-14,8.00668465322647e-14,-5.58785740125366e-15,-2.67245353973001e-08
2458.19416,0.30476,1.98449e-07,8.41999999999989e-10,8.38152117702145e-10,-2.39566514577284e-13,1.37621328075388e-14,-2.2850082776761e-14,-1.09283004584509e-07
2468.27666,0.30601,1.99286e-07,8.39499999999999e-10,8.37855779805786e-10,-2.66318591329652e-13,-7.20019763122114e-14,-3.96882787872109e-14,-1.89813507243183e-07
2478.35916,0.30726,2.00128e-07,8.42500000000016e-10,8.37619480519486e-10,1.57999883000587e-13,-9.20443782799456e-14,-5.4699541828864e-14,-2.61606504398915e-07
2488.44166,0.30851,2.00971e-07,8.41249999999995e-10,8.38171779571787e-10,3.81903006902276e-13,-1.02527190617721e-13,-7.06805713792089e-14,-3.38037515291869e-07
2498.52416,0.30976,2.018105e-07,8.36666666666482e-10,8.3838328653329e-10,1.1045396044994e-13,-1.27587623087231e-13,-8.85999499467286e-14,-4.23738891049572e-07
2508.60666,0.31101,2.02644333333333e-07,8.35750000000002e-10,8.38392687492687e-10,2.09579384578847e-13,-1.41549397149237e-13,-1.05456369804101e-13,-5.04356551237005e-07
2518.76982,0.31227,2.03482e-07,8.3633333333351e-10,8.38802445302448e-10,7.14490464523265e-14,-1.48927970104475e-13,-1.22886577345209e-13,-5.8771841339013e-07
2528.85232,0.31352,2.04317e-07,8.29999999999988e-10,8.38535585585592e-10,-4.86433836437557e-13,-1.43095801331199e-13,-1.39039661991959e-13,-6.64972296483282e-07
2538.93482,0.31477,2.05142e-07,8.33333333333506e-10,8.37829577629573e-10,-7.55835380845547e-13,-1.28612274508556e-13,-1.48638590877555e-13,-7.1088021724048e-07
2549.01732,0.31602,2.05983666666667e-07,8.3958333333352e-10,8.37023914823901e-10,-6.28852228854055e-13,-1.28488792159243e-13,-1.51551771756727e-13,-7.24812821445216e-07
2559.09982,0.31727,2.06821166666667e-07,8.39166666666511e-10,8.36571873171865e-10,-4.40385515380008e-13,-1.35581591814786e-13,-1.49016953914937e-13,-7.12689779593177e-07
2569.18232,0.31852,2.07662e-07,8.45499999999993e-10,8.36143143793141e-10,1.15011115011959e-14,-1.59569011652802e-13,-1.38149941162452e-13,-6.60717109907379e-07
2579.26482,0.31977,2.08512166666667e-07,8.43583333333498e-10,8.36594875394867e-10,5.98838773833348e-13,-1.934150449197e-13,-1.23083851946809e-13,-5.88661900615173e-07
2589.42798,0.32103,2.09349166666667e-07,8.3241666666651e-10,8.37340821340808e-10,1.18711243712567e-13,-1.93873659095257e-13,-1.13817265362477e-13,-5.44343443037933e-07
2599.51048,0.32228,2.10177e-07,8.31999999999977e-10,8.36832297882292e-10,-5.67392067386706e-13,-1.62133486252481e-13,-1.03994994563491e-13,-4.97367365303653e-07
2609.59298,0.32353,2.11013166666667e-07,8.35999999999995e-10,8.36206037206034e-10,-5.86746811746214e-13,-1.18664632779864e-13,-8.66688499384748e-14,-4.14503195357923e-07
2619.67548,0.32478,2.11849e-07,8.32833333333016e-10,8.356588042588e-10,-4.93547443549162e-13,-7.39458188849074e-14,-6.3997904917725e-14,-3.06076936563033e-07
2629.75798,0.32603,2.12678833333333e-07,8.36999999999996e-10,8.35218942318936e-10,-2.52609102610953e-13,-4.57970270548955e-14,-3.66437524570046e-14,-1.75252729142196e-07
2639.84048,0.32728,2.13523e-07,8.4691666666699e-10,8.35153586053578e-10,5.3416403415232e-14,-3.87128369083635e-14,-8.61771700173907e-15,-4.12151682691869e-08
2650.00364,0.32854,2.14372666666667e-07,8.42416666666508e-10,8.35325775125766e-10,1.92751842747757e-13,-4.69691992362252e-14,1.73106505402701e-14,8.27900678012918e-08
2660.08614,0.32979,2.15207833333333e-07,8.2366666666652e-10,8.35539089739074e-10,3.48821223814357e-13,-1.57902255240529e-14,4.27702608345343e-14,2.04553421382555e-07
2670.16864,0.33104,2.1602e-07,8.33749999999986e-10,8.36023417573395e-10,5.0257692757065e-13,5.99336924744562e-14,6.73026854811609e-14,3.21882408822943e-07
2680.25114,0.33229,2.16875333333333e-07,8.33999999999993e-10,8.36544243594215e-10,2.79112554112656e-13,1.17155108686583e-13,8.92411147831478e-14,4.26805331571576e-07
2690.33364,0.33354,2.17688e-07,8.23250000000014e-10,8.3658164268162e-10,5.65958816023533e-14,1.80173759343321e-13,1.09103093450591e-13,5.21797403459348e-07
2700.41614,0.33479,2.18521833333333e-07,8.34666666666493e-10,8.3665743535742e-10,-1.51462501462761e-13,2.34023530742223e-13,1.26936217982826e-13,6.07086259917864e-07
2710.5793,0.33605,2.19357333333333e-07,8.35583333333489e-10,8.36278717678695e-10,-3.16631566629349e-13,2.43115769175009e-13,1.43000530031029e-13,6.83915578409269e-07
2720.6618,0.3373,2.20193e-07,8.42333333333503e-10,8.36024172224161e-10,2.09137710719377e-15,2.30935359881119e-13,1.58010881019166e-13,7.55704213569924e-07
2730.7443,0.33855,2.21042e-07,8.45416666666512e-10,8.36282900432909e-10,2.9467064467549e-13,2.09669554136343e-13,1.70633785909944e-13,8.1607462826495e-07
2740.8268,0.3398,2.21883833333333e-07,8.48500000000009e-10,8.36613513513512e-10,5.59722709719496e-13,1.75180652043013e-13,1.7970154414605e-13,8.59442167655022e-07
2750.9093,0.34105,2.22739e-07,8.31583333333485e-10,8.37402345852348e-10,8.58105183113253e-13,1.55564346513749e-13,1.83326095771911e-13,8.76776979778705e-07
2760.9918,0.3423,2.23547e-07,8.17499999999988e-10,8.38329723879738e-10,6.59450684456291e-13,1.97328883634224e-13,1.79327227012507e-13,8.57651955277207e-07
2771.0743,0.34355,2.24374e-07,8.36999999999996e-10,8.38721247221261e-10,2.13022113026933e-13,2.29793613068039e-13,1.68804898500463e-13,8.07327775436997e-07
2781.23746,0.34481,2.25221e-07,8.43999999999991e-10,8.38755768105792e-10,-7.64303264269073e-14,2.06914514106029e-13,1.54502717668826e-13,7.3892604102482e-07
2791.31996,0.34606,2.26062e-07,8.43166666666516e-10,8.38568386568407e-10,-1.74730899735301e-13,1.73799225623907e-13,1.38584882380915e-13,6.62797263560898e-07
2801.40246,0.34731,2.26907333333333e-07,8.4650000000002e-10,8.38406306306322e-10,1.44933894933048e-14,1.34064913423815e-13,1.21485766651377e-13,5.81018883984847e-07
2811.48496,0.34856,2.27755e-07,8.43999999999991e-10,8.38597373347394e-10,3.28530478536294e-13,9.3096352451604e-14,1.02298205322129e-13,4.89252286323226e-07
2821.56746,0.34981,2.28595333333333e-07,8.37999999999984e-10,8.39063367263394e-10,7.20621270618434e-13,6.38818302114533e-14,8.08265592730426e-14,3.86561805218899e-07
2831.64996,0.35106,2.29431e-07,8.41833333333503e-10,8.4003861588863e-10,3.37872937863978e-13,3.75431207448591e-14,5.5827098992406e-14,2.66999169094116e-07
2841.81312,0.35232,2.30279e-07,8.36083333333516e-10,8.39739113139122e-10,-4.39197964194883e-13,1.84736055492396e-14,2.9367631082656e-14,1.40453887786616e-07
2851.89562,0.35357,2.31103166666667e-07,8.30000000000002e-10,8.39160219960241e-10,-3.42623142616475e-13,1.28775219846308e-14,6.28914189935353e-15,3.00785047360386e-08
2861.97812,0.35482,2.31939e-07,8.39416666666492e-10,8.39053866853889e-10,-4.57616707617947e-13,-4.72539735939901e-15,-1.3129125828975e-14,-6.27914713559674e-08
2872.06062,0.35607,2.32782e-07,8.39500000000012e-10,8.38244986545005e-10,-4.77351702363618e-13,-2.79004437847268e-14,-2.78802109014703e-14,-1.33340139093988e-07
2882.14312,0.35732,2.33618e-07,8.43833333333505e-10,8.38099163449162e-10,-1.37738387750669e-13,-5.2920756385566e-14,-3.7655828528522e-14,-1.80093092962497e-07
2892.22562,0.35857,2.34469666666667e-07,8.44499999999978e-10,8.37969509769503e-10,-1.26579501581644e-13,-9.37759732381891e-14,-4.50798635274805e-14,-2.15599347305342e-07
2902.30812,0.35982,2.35307e-07,8.39666666666485e-10,8.37846004445999e-10,-1.3969813971823e-14,-1.27174799326613e-13,-5.10947108764786e-14,-2.4436600853968e-07
2912.47128,0.36108,2.36149e-07,8.38333333333512e-10,8.3794157014156e-10,3.59898209899218e-13,-1.49731725591403e-13,-5.58141988621036e-14,-2.66937472818756e-07
2922.55378,0.36233,2.36983666666667e-07,8.35000000000007e-10,8.38565800865797e-10,4.9771849772397e-13,-1.53403622726381e-13,-6.06235377553853e-14,-2.89938658830104e-07
2932.63628,0.36358,2.37819e-07,8.30500000000015e-10,8.38937007137008e-10,-2.52626652627541e-13,-1.20665471328915e-13,-6.5511714427213e-14,-3.13316895086671e-07
2942.71878,0.36483,2.38644666666667e-07,8.30000000000002e-10,8.38060547560542e-10,-5.55232830235116e-13,-7.48950446541846e-14,-6.58335460420274e-14,-3.14856089766218e-07
2952.80128,0.36608,2.39479e-07,8.3516666666648e-10,8.37826541476538e-10,-1.36518661514668e-13,-4.7509389886463e-14,-6.06656551214121e-14,-2.90140089711101e-07
2962.88378,0.36733,2.40315e-07,8.44083333333499e-10,8.37787510237513e-10,-1.43819468819786e-13,-4.5470244990026e-14,-5.27573936970643e-14,-2.52317969855525e-07
2973.04694,0.36859,2.41167166666667e-07,8.40916666666506e-10,8.37538902538898e-10,-1.16072891077216e-13,-3.9789016428893e-14,-4.2121937508733e-14,-2.01452744606984e-07
2983.12944,0.36984,2.41996833333333e-07,8.36416666666488e-10,8.37555364455358e-10,-3.96045396324544e-15,-1.56375576206485e-14,-2.90208075949369e-14,-1.38795166758394e-07
2993.21194,0.37109,2.4284e-07,8.41583333333483e-10,8.37530981630971e-10,-4.32958933029261e-14,2.50900241883718e-15,-1.39752663265621e-14,-6.68382302574709e-08
3003.29444,0.37234,2.4368e-07,8.26333333333512e-10,8.37468772668752e-10,2.51813501804264e-14,4.13670802502305e-14,2.51226659687504e-15,1.20151880720111e-08
3013.37694,0.37359,2.44492666666667e-07,8.34000000000019e-10,8.37581344331332e-10,6.94600444720776e-14,8.54127974806385e-14,1.92916260807723e-14,9.22642986471719e-08
3023.45944,0.37484,2.45348e-07,8.49333333333008e-10,8.37607692757697e-10,1.4967239972553e-14,8.11773326717171e-14,3.53749622109673e-14,1.69184601878539e-07
3033.6226,0.3761,2.46191333333333e-07,8.39416666666518e-10,8.37611278811277e-10,1.87799812794757e-13,6.80649199130252e-14,5.00884911566735e-14,2.39553653358004e-07
3043.7051,0.37735,2.47026833333333e-07,8.43249999999984e-10,8.37983292383286e-10,1.73239148236996e-13,5.10533992005578e-14,6.24756320858768e-14,2.9879650128028e-07
3053.7876,0.3786,2.47877833333333e-07,8.37083333333491e-10,8.37957757107751e-10,-3.4047033969376e-15,3.12108413581977e-14,7.26707936530838e-14,3.47555969645183e-07
3063.8701,0.37985,2.48701e-07,8.36083333333516e-10,8.37976482976492e-10,1.24175149185366e-13,3.76790464215441e-14,8.03831449487496e-14,3.84441128015759e-07
3073.9526,0.3811,2.4955e-07,8.43083333333498e-10,8.38206107406122e-10,2.46840996835522e-13,5.02972324527041e-14,8.38619486342964e-14,4.01078884772722e-07
3084.0351,0.38235,2.50387166666667e-07,8.43999999999978e-10,8.38470164970163e-10,3.8501813501117e-13,5.74560291671395e-14,8.29148313381707e-14,3.96549193356469e-07
3094.1176,0.3836,2.51238e-07,8.37916666666503e-10,8.38976143676144e-10,4.10606060612489e-13,8.25881066527287e-14,7.69794765316048e-14,3.68162713846806e-07
3104.28076,0.38486,2.52063e-07,8.25500000000023e-10,8.39291377091388e-10,1.06914706920987e-13,1.25877446463892e-13,6.62643753406224e-14,3.1691657771602e-07
3114.36326,0.38611,2.52889e-07,8.34083333333487e-10,8.39189973089986e-10,-2.15370890372432e-13,1.33976924324408e-13,5.37337034224939e-14,2.56987277238014e-07
3124.44576,0.38736,2.53731166666667e-07,8.3425e-10,8.38860635310643e-10,-1.76038376040953e-13,1.22509063607282e-13,4.14831425632868e-14,1.98397638346154e-07
3134.52826,0.38861,2.545575e-07,8.36416666666515e-10,8.38837896337905e-10,1.32561132567896e-13,1.20520570028966e-13,2.91656817182111e-14,1.3948804300014e-07
3144.61076,0.38986,2.55404e-07,8.42249999999982e-10,8.39125757575779e-10,-8.40324090270763e-14,9.86528300989402e-14,1.56542571097335e-14,7.48681861769863e-08
3154.69326,0.39111,2.56242e-07,8.42499999999989e-10,8.3866983151985e-10,-4.23941148951916e-13,5.82275665005284e-14,2.44458792477092e-15,1.16915074662957e-08
3164.85642,0.39237,2.57089e-07,8.44500000000018e-10,8.38277875277875e-10,2.10102959967256e-14,5.09047201379312e-15,-8.71560409437231e-15,-4.16833239296067e-08
3174.93892,0.39362,2.57931e-07,8.41583333333509e-10,8.38711852111844e-10,1.06481806482787e-13,-4.83655108303036e-14,-1.98944241406919e-14,-9.51472458902656e-08
3185.02142,0.39487,2.58772166666667e-07,8.42999999999977e-10,8.38490838890841e-10,-2.5096232595269e-13,-9.22363929677851e-14,-3.08856005517407e-14,-1.47713741769195e-07
3195.10392,0.39612,2.59617e-07,8.40416666666493e-10,8.38209927459938e-10,7.49444249416448e-14,-1.20589695169375e-13,-4.0312901256544e-14,-1.92800832096515e-07
3205.18642,0.39737,2.60453e-07,8.32833333333506e-10,8.38640727740724e-10,3.41692991680822e-13,-1.25909828679997e-13,-5.04170828627279e-14,-2.41125178908699e-07
3215.26892,0.39862,2.61282666666667e-07,8.30749999999983e-10,8.388933134433e-10,2.99912249904849e-13,-1.22398098710342e-13,-6.18165415012217e-14,-2.95644328918886e-07
3225.35142,0.39987,2.621145e-07,8.39500000000012e-10,8.39240552240534e-10,2.89838539837846e-13,-1.32373277355464e-13,-7.42114036854065e-14,-3.54924104582379e-07
3235.51458,0.40113,2.62961666666667e-07,8.44916666666511e-10,8.39472990522976e-10,-5.24160524114185e-14,-1.45967578853885e-13,-8.72986531743863e-14,-4.17515297790543e-07
3245.59708,0.40238,2.63804333333333e-07,8.44166666666517e-10,8.39135720135711e-10,-2.90558090551855e-13,-1.44447815094064e-13,-9.89140968485839e-14,-4.73067419710619e-07
3255.67958,0.40363,2.6465e-07,8.40833333333515e-10,8.38891874341872e-10,-1.52538902535421e-13,-1.39887870439679e-13,-1.07893809526653e-13,-5.1601387164921e-07
3265.76208,0.40488,2.65486e-07,8.33833333333481e-10,8.3883064233064e-10,-2.1317128817421e-13,-1.1503932542832e-13,-1.14375139276571e-13,-5.47011535670557e-07
3275.84458,0.40613,2.66317666666667e-07,8.33166666666478e-10,8.38465531765524e-10,-4.78378378380965e-13,-7.0568945820237e-14,-1.1730801867518e-13,-5.61038350185643e-07
3285.92708,0.40738,2.67152333333333e-07,8.35749999999988e-10,8.37873885573878e-10,-5.1059728559324e-13,-4.56383966208208e-14,-1.14722234263559e-13,-5.48671555173543e-07
3296.09024,0.40864,2.67989166666667e-07,8.37833333333512e-10,8.37444337194337e-10,-6.22648297641735e-13,-4.22031990601187e-14,-1.06961636300673e-13,-5.11555651872784e-07
3306.17274,0.40989,2.68828e-07,8.33416666666511e-10,8.36628588978595e-10,-6.94117819118178e-13,-3.81946237197487e-14,-9.43218034586276e-14,-4.51104277410828e-07
3316.25524,0.41114,2.69656e-07,8.34166666666505e-10,8.36056101556101e-10,-4.15078390082918e-13,-2.72972800485088e-14,-7.67346856260407e-14,-3.66991974733238e-07
3326.33774,0.41239,2.70496333333333e-07,8.50666666666511e-10,8.35798432198429e-10,-2.9832104835532e-14,-4.79605029519348e-14,-5.60875154644307e-14,-2.68244639177712e-07
3336.42024,0.41364,2.71357333333333e-07,8.47833333333496e-10,8.3599643734643e-10,4.4527904527346e-13,-9.59946699842914e-14,-3.46889220777919e-14,-1.65903540372048e-07
3346.50274,0.41489,2.72192e-07,8.34666666666969e-10,8.36688990288976e-10,5.70515970517259e-13,-1.02621996440506e-13,-1.58088823403545e-14,-7.56076981495215e-08
3356.6659,0.41615,2.73026666666667e-07,8.31749999999984e-10,8.37137469287464e-10,5.88943488949057e-13,-8.1429184559946e-14,-1.044825920409e-15,-4.99699353239087e-09
3366.7484,0.4174,2.738555e-07,8.37166666666535e-10,8.37866877266874e-10,4.33225108222999e-13,-6.82300223116439e-14,1.01671505019447e-14,4.86255024006051e-08
3376.8309,0.41865,2.74701e-07,8.36250000000002e-10,8.3800391950391e-10,-1.00590850589743e-13,-3.69774717893272e-14,1.95165766017728e-14,9.33401489650003e-08
3386.9134,0.4199,2.75528e-07,8.30750000000009e-10,8.37665695565695e-10,-1.41397566392238e-13,1.03320797194589e-14,2.96758666740981e-14,1.41928058006556e-07
3396.9959,0.42115,2.763625e-07,8.31249999999996e-10,8.37721124371126e-10,2.20428220430801e-13,5.67875724684153e-14,4.09723611599161e-14,1.95954770764816e-07
3407.0784,0.4224,2.771905e-07,8.25749999999977e-10,8.38106552006556e-10,2.14429039427444e-13,1.00948875671595e-13,5.05251438235936e-14,2.41641992199795e-07
3417.1609,0.42365,2.78014e-07,8.35750000000015e-10,8.38149982449981e-10,4.34187434152658e-14,1.28492632339442e-13,5.74663144008916e-14,2.74838894960786e-07
3427.32406,0.42491,2.78862e-07,8.41500000000015e-10,8.38193389493387e-10,1.7874400374924e-13,1.4237593418886e-13,6.37211668013663e-14,3.04753406441317e-07
3437.40656,0.42616,2.79697e-07,8.41000000000001e-10,8.38507470457479e-10,-4.38282438230599e-14,1.59735648728493e-13,6.95057743201408e-14,3.32418920661543e-07
3447.48906,0.42741,2.80544e-07,8.44499999999992e-10,8.38105733005741e-10,-4.1816719317771e-13,1.7888503980803e-13,7.71777314708615e-14,3.69110889643251e-07
3457.57156,0.42866,2.81386e-07,8.36499999999983e-10,8.37671136071124e-10,-2.74265824274743e-13,1.8190782550861e-13,8.96777123938146e-14,4.28893407100852e-07
3467.65406,0.42991,2.82217e-07,8.38999999999999e-10,8.37557201357191e-10,-1.4810459809179e-13,1.61642717576127e-13,1.05434663911804e-13,5.04252740447758e-07
3477.73656,0.43116,2.83064e-07,8.48666666666535e-10,8.3737492687494e-10,-2.02144027135511e-13,1.18743208069701e-13,1.22413542905836e-13,5.85456074767042e-07
3487.89972,0.43242,2.83914333333333e-07,8.46999999999981e-10,8.3715291330292e-10,-7.24347724454791e-14,6.86808008894104e-14,1.40130932013948e-13,6.70191413979751e-07
3497.98222,0.43367,2.84758e-07,8.48249999999989e-10,8.37230057330049e-10,5.44498069486045e-13,2.67964413165346e-14,1.57328629786793e-13,7.52441272893358e-07
3508.06472,0.43492,2.85610833333333e-07,8.4050000000004e-10,8.38241909441892e-10,1.00499590499403e-12,2.71971227839459e-15,1.69645256724938e-13,8.11346879988834e-07
3518.14722,0.43617,2.86439e-07,8.31583333333498e-10,8.39240049140037e-10,6.67824967831347e-13,2.96119856829469e-14,1.73191727039091e-13,8.28308259752174e-07
3528.22972,0.43742,2.87274e-07,8.33999999999993e-10,8.39577559377555e-10,2.42058617064099e-13,9.00140096244366e-14,1.69602304376309e-13,8.11141455712782e-07
3538.31222,0.43867,2.88107e-07,8.27999999999986e-10,8.39724166374165e-10,7.74482274521681e-14,1.47645739990674e-13,1.61353728431295e-13,7.71691744671411e-07
3548.39472,0.43992,2.8893e-07,8.38999999999999e-10,8.39732455832459e-10,-5.92985842929775e-14,1.80373749872184e-13,1.49046876974746e-13,7.1283288987922e-07
3558.55788,0.44118,2.89785e-07,8.43000000000003e-10,8.3960556920558e-10,-1.55712530709603e-13,1.67419402463387e-13,1.34419514112691e-13,6.42875937060696e-07
3568.64038,0.44243,2.90616e-07,8.29499999999975e-10,8.3942103077104e-10,-1.40792090800033e-13,1.45780412956719e-13,1.19253996125012e-13,5.70345198858753e-07
3578.72288,0.44368,2.91444e-07,8.27000000000012e-10,8.39323985023979e-10,-4.53580203646032e-14,1.72821914898454e-13,1.04484177941603e-13,4.9970693798158e-07
3588.80538,0.44493,2.9227e-07,8.40500000000014e-10,8.39330314730311e-10,2.88697788749566e-14,2.18336239856451e-13,9.08037355804294e-14,4.34278735384662e-07
3598.88788,0.44618,2.93125e-07,8.42916666666509e-10,8.39381724581729e-10,7.15631215646183e-14,2.35711061127396e-13,7.8201836704659e-14,3.74008784239673e-07
3608.97038,0.44743,2.93955833333333e-07,8.35166666666507e-10,8.3947344097344e-10,8.11161811152915e-14,2.50366652659741e-13,6.66505677965721e-14,3.1876358511404e-07
3619.13354,0.44869,2.94795333333333e-07,8.45583333333487e-10,8.3954395694396e-10,-8.38305838240397e-14,2.2740695215751e-13,5.6835427246013e-14,2.71821608567888e-07
3629.21604,0.44994,2.95647e-07,8.4691666666699e-10,8.39305779805792e-10,-1.15005264997779e-13,1.45375910000658e-13,4.9696440548911e-14,2.37678628712183e-07
3639.29854,0.45119,2.96489166666667e-07,8.43000000000003e-10,8.39313946413964e-10,2.52120627122854e-13,6.31755254718656e-14,4.50271019209187e-14,2.15347009187002e-07
3649.38104,0.45244,2.97333e-07,8.48333333333007e-10,8.39810021060038e-10,5.91880191875653e-13,-1.37831987832562e-14,4.12856795626257e-14,1.97453250082123e-07
3659.46354,0.45369,2.98185833333333e-07,8.46499999999994e-10,8.40497706797716e-10,6.20732420726215e-13,-1.01843158405876e-13,3.66875068430947e-14,1.75461989249583e-07
3669.54604,0.45494,2.99026e-07,8.40083333333494e-10,8.4105148590149e-10,6.63352638345564e-13,-1.73438389089081e-13,3.04772300724378e-14,1.45760665563833e-07
3679.7092,0.4562,2.99866e-07,8.35500000000008e-10,8.41824412074407e-10,6.73768573763608e-13,-1.86738063842836e-13,2.25157596922573e-14,1.07684068093404e-07
3689.7917,0.45745,3.00697e-07,8.34999999999994e-10,8.42399023049017e-10,2.6980226983414e-14,-1.40184477489148e-13,1.33035317732152e-14,6.3625586741464e-08
3699.8742,0.4587,3.01536e-07,8.37333333333498e-10,8.41878372528374e-10,-6.63586638579571e-13,-8.22450583154353e-14,7.09406667111504e-15,3.39281449488111e-08
3709.9567,0.45995,3.02371666666667e-07,8.36999999999996e-10,8.41071849771858e-10,-6.81557856558428e-13,-3.74642619749633e-14,5.86538967261615e-15,2.80518636516425e-08
3720.0392,0.4612,3.0321e-07,8.45166666666491e-10,8.40515256815257e-10,-3.10038610045191e-13,1.4958765581986e-15,1.01839964357365e-14,4.87060699100441e-08
3730.1217,0.46245,3.04062e-07,8.49166666666496e-10,8.40451772551768e-10,2.04258804263495e-13,3.35766607624436e-14,1.94600597254001e-14,9.30698508606092e-08
3740.2042,0.4637,3.04908333333333e-07,8.4575e-10,8.40923774423784e-10,3.64557739563109e-13,5.86047910617281e-14,3.17296048597857e-14,1.51750284112019e-07
3750.36736,0.46496,3.057535e-07,8.43166666667019e-10,8.41180888030894e-10,-4.56704106706378e-13,8.03624676081649e-14,4.62231828691475e-14,2.21067396330705e-07
3760.44986,0.46621,3.06594666666667e-07,8.31249999999996e-10,8.40010366210371e-10,-1.09217561717638e-12,1.02512806178667e-13,6.48241441039011e-14,3.10028515279527e-07
3770.53236,0.46746,3.07416e-07,8.3566666666652e-10,8.38996536796541e-10,-8.77650052654468e-13,1.24778806546799e-13,8.84904762267887e-14,4.23215321084642e-07
3780.61486,0.46871,3.08266e-07,8.39333333333526e-10,8.38255066105062e-10,-9.09207909220607e-13,1.46189075971347e-13,1.16091797557778e-13,5.55221640493721e-07
3790.69736,0.46996,3.09094666666667e-07,8.39499999999986e-10,8.371781209781e-10,-4.20820170829979e-13,1.65359264170535e-13,1.47376533258919e-13,7.04844289499178e-07
3800.77986,0.47121,3.09945e-07,8.52666666666487e-10,8.37413425763402e-10,5.39607464620905e-13,1.73552134647963e-13,1.80310351976693e-13,8.62353857279836e-07
3810.94302,0.47247,3.108e-07,8.40916666666506e-10,8.38257335907342e-10,7.77027027045593e-13,1.75008065997915e-13,2.11289042205326e-13,1.01051281054721e-06
3821.02552,0.47372,3.11626833333333e-07,8.29999999999988e-10,8.38967479817493e-10,9.51316251307853e-13,1.88667318062844e-13,2.38803885749946e-13,1.14210554054322e-06
3831.10802,0.47497,3.1246e-07,8.33999999999993e-10,8.40159968409958e-10,1.40535568033908e-12,2.17637784274613e-13,2.61530042740541e-13,1.2507958565852e-06
3841.19052,0.47622,3.13294833333333e-07,8.36500000000009e-10,8.41778191178172e-10,1.46246928746864e-12,2.50960462435452e-13,2.77327844034511e-13,1.32635055842592e-06
3851.27302,0.47747,3.14133e-07,8.33833333333481e-10,8.43084906984895e-10,1.07258102258496e-12,2.8992376376585e-13,2.85205863744549e-13,1.36402804399567e-06
3861.35552,0.47872,3.149625e-07,8.30250000000022e-10,8.43923353223341e-10,4.97633385875745e-13,3.33143871956873e-13,2.86379813462176e-13,1.36964258612345e-06
3871.43802,0.47997,3.157935e-07,8.4575e-10,8.44080173756646e-10,1.39924913461541e-13,3.2955651992775e-13,2.74444318977953e-13,1.3125597864163e-06
3881.60118,0.48123,3.16654e-07,8.56416666666484e-10,8.44203203050265e-10,1.06133673783145e-13,3.19263297287368e-13,2.57859623611663e-13,1.23324167814274e-06
3891.68368,0.48248,3.17506333333333e-07,8.45333333333507e-10,8.44292441104213e-10,7.23424341097113e-14,3.02264204039404e-13,2.36625727364264e-13,1.13168826130735e-06
3901.76618,0.48373,3.18344666666667e-07,8.44333333333479e-10,8.44347887918484e-10,3.85511944346234e-14,2.78559240181791e-13,2.10742630235339e-13,1.00789953590814e-06
3911.84868,0.48498,3.19195e-07,8.36083333333013e-10,8.44369543493082e-10,4.75995476118985e-15,2.48148405715356e-13,1.80210332225097e-13,8.61875501946116e-07
3921.93118,0.48623,3.20016833333333e-07,8.23500000000021e-10,8.44357407828006e-10,-2.90312849122437e-14,2.11031700640098e-13,1.45028833333331e-13,6.93616159420279e-07
3932.01368,0.48748,3.20842e-07,8.49750000000004e-10,8.44311480923257e-10,-6.28225245856772e-14,1.67209124954778e-13,1.05198133560453e-13,5.03121508332601e-07
3942.17684,0.48874,3.21716333333333e-07,8.61999999999998e-10,8.44231762778835e-10,-9.66137642582836e-14,1.16680678661463e-13,6.07182329056377e-14,2.90391548679137e-07
3952.25934,0.48999,3.22566e-07,8.64499999999988e-10,8.44118253394741e-10,-1.30405003931717e-13,5.94463617589116e-14,1.15891313699182e-14,5.54262804648262e-08
3962.34184,0.49124,3.23445333333333e-07,8.71083333333503e-10,8.43970952770972e-10,-1.64196243605151e-13,-4.49382575246163e-15,-4.21891710475325e-14,-2.01774296314286e-07
3972.42434,0.49249,3.24308166666667e-07,8.56333333333519e-10,8.4378986090753e-10,-1.97987483277757e-13,-7.51398838730707e-14,-1.00616674346094e-13,-4.81210181655232e-07
3982.50684,0.49374,3.25158e-07,8.46833333332992e-10,8.43574977804416e-10,-2.31778722952018e-13,-1.52491812603743e-13,-1.63693378526387e-13,-7.82881375560981e-07
3992.58934,0.49499,3.26001833333333e-07,8.47666666666481e-10,8.43326303461626e-10,-2.65569962623797e-13,-2.36549611941996e-13,-2.31419283587584e-13,-1.10678787802758e-06
4002.7525,0.49625,3.26853333333333e-07,8.43083333333524e-10,8.43043837879168e-10,-2.99361202296403e-13,-3.27313281889899e-13,-3.03794389530719e-13,-1.45292968905996e-06
4012.835,0.4975,3.27688e-07,8.30833333333504e-10,8.42727581057034e-10,-3.33152441971491e-13,-4.24782822446624e-13,-3.80818696354965e-13,-1.82130680865418e-06
4022.9175,0.49875,3.28515e-07,8.27999999999986e-10,8.42377532995225e-10,-3.66943681644097e-13,-5.28958233612998e-13,-4.62492204060942e-13,-2.2119192368132e-06
4033,0.5,3.29344e-07,8.29000000000014e-10,8.41993693693745e-10,-3.83839301479987e-13,-6.39839515387781e-13,-5.48814912647823e-13,-2.62476697353307e-06
