wvnmbr,Voltage,Current,DerivativeY1,DerivativeY1_1,DerivativeY2,DerivativeY2_1,DerivativeY2_2,Alpha
-4032.9899175,-0.49999875,-3.21594625e-07,8.95624999999974e-10,8.64596766409262e-10,-4.19400219547217e-12,-4.79862684579484e-12,-4.82971295115395e-12,NaN
-4022.909434,-0.498749,-3.20699e-07,8.79874999999989e-10,8.6040276421379e-10,-4.11203737637509e-12,-4.49136677487852e-12,-4.51563268766556e-12,NaN
-4012.8329835,-0.49749975,-3.19834875e-07,8.71499999999996e-10,8.56372691656512e-10,-3.94810773818078e-12,-4.19476651427255e-12,-4.21253089350721e-12,NaN
-4002.73737625,-0.496248125,-3.18956e-07,8.77437500000014e-10,8.52506548737428e-10,-3.78417809998642e-12,-3.90882606397694e-12,-3.9204075686789e-12,NaN
-3992.581274,-0.494989,-3.1808e-07,8.35000000000021e-10,8.48804335456539e-10,-3.62024846179211e-12,-3.63354542399168e-12,-3.63926271318064e-12,NaN
-3982.49574925,-0.493738625,-3.17286e-07,7.77062499999996e-10,8.45266051813844e-10,-3.4563188235978e-12,-3.36892459431678e-12,-3.36909632701242e-12,NaN
-3972.40921625,-0.492488125,-3.16525875e-07,7.89562499999997e-10,8.41891697809343e-10,-3.29238918540349e-12,-3.11496357495224e-12,-3.10990841017423e-12,NaN
-3962.33881525,-0.491239625,-3.15706875e-07,8.36437499999994e-10,8.38681273443037e-10,-3.12845954720912e-12,-2.87166236589805e-12,-2.8616989626661e-12,NaN
-3952.25026575,-0.489988875,-3.14853e-07,8.52687499999993e-10,8.35634778714925e-10,-2.96452990901481e-12,-2.63902096715422e-12,-2.624467984488e-12,NaN
-3942.1667575,-0.48873875,-3.140015e-07,8.68000000000005e-10,8.32752213625007e-10,-2.80060027082055e-12,-2.41703937872074e-12,-2.39821547563994e-12,NaN
-3932.00460575,-0.487478875,-3.13117e-07,8.44250000000011e-10,8.30033578173284e-10,-2.63667063262624e-12,-2.20571760059762e-12,-2.18294143612193e-12,NaN
-3921.915048,-0.486228,-3.12313e-07,8.07500000000003e-10,8.27478872359755e-10,-2.47274099443188e-12,-2.00505563278485e-12,-1.97864586593396e-12,NaN
-3911.84162225,-0.484979125,-3.11502e-07,7.90999999999997e-10,8.2508809618442e-10,-2.30881135623751e-12,-1.81505347528244e-12,-1.78532876507603e-12,NaN
-3901.75508925,-0.483728625,-3.10731e-07,7.89250000000002e-10,8.2286124964728e-10,-2.14488171804325e-12,-1.63571112809039e-12,-1.60299013354814e-12,NaN
-3891.667548,-0.482478,-3.099235e-07,8.04499999999999e-10,8.20798332748334e-10,-1.98095207984899e-12,-1.46702859120869e-12,-1.43162997135029e-12,NaN
-3881.597147,-0.4812295,-3.09122e-07,8.35250000000001e-10,8.18899345487582e-10,-1.81702244165463e-12,-1.30900586463735e-12,-1.27124827848249e-12,NaN
-3871.42491275,-0.479968375,-3.08253e-07,8.53875000000012e-10,8.17164287865024e-10,-1.65309280346027e-12,-1.16164294837636e-12,-1.12184505494473e-12,NaN
-3861.339388,-0.478718,-3.0741425e-07,8.25687499999989e-10,8.15593159880661e-10,-5.32970977088635e-13,-1.02493984242573e-12,-9.83420300737004e-13,NaN
-3851.27302,-0.47747,-3.06601625e-07,8.04687499999991e-10,8.16098345910847e-10,1.66749297998551e-13,-8.37015626478904e-13,-8.53503701942264e-13,NaN
-3841.17741275,-0.476218375,-3.05804875e-07,7.92000000000025e-10,8.15926658476659e-10,-3.73725429976566e-13,-6.86583245864706e-13,-7.37983252773989e-13,NaN
-3831.1060035,-0.47496975,-3.05017625e-07,8.03687500000017e-10,8.15350895050894e-10,-3.51197788704349e-14,-5.77795197038022e-13,-6.3623698799117e-13,NaN
-3821.01644575,-0.473718875,-3.041975e-07,8.26312499999979e-10,8.15856418918918e-10,5.60598016848421e-13,-5.15932905251107e-13,-5.47390317503353e-13,NaN
-3810.926888,-0.472468,-3.03365e-07,8.40749999999968e-10,8.16472091084591e-10,4.26048613559525e-14,-4.68230491796477e-13,-4.71418792763582e-13,NaN
-3800.759695,-0.4712075,-3.02516e-07,8.33999999999993e-10,8.1594162864163e-10,-7.84847753597452e-13,-3.96670539851114e-13,-4.08020832658106e-13,NaN
-3790.6953435,-0.46995975,-3.01697e-07,8.19312500000024e-10,8.14902395577396e-10,-6.15163215163662e-13,-3.03367163187742e-13,-3.55320646807734e-13,NaN
-3780.598728,-0.468708,-3.00877375e-07,8.08375000000027e-10,8.14711302211302e-10,-1.2041505791493e-13,-2.17078319800595e-13,-3.11882037975523e-13,NaN
-3770.51723625,-0.467458125,-3.0008025e-07,7.89687499999974e-10,8.14661565461566e-10,1.69471744472034e-13,-1.52246953390881e-13,-2.78222534544127e-13,NaN
-3760.44481875,-0.466209375,-2.99298e-07,7.88124999999971e-10,8.15050245700246e-10,4.13346788350642e-14,-1.09162932165136e-13,-2.55153756157965e-13,NaN
-3750.3492115,-0.46495775,-2.98504e-07,8.22812500000015e-10,8.14744234819236e-10,-6.97788697788314e-13,-1.23272784900077e-13,-2.41214333806327e-13,NaN
-3740.20520825,-0.463700125,-2.97652375e-07,8.50375000000021e-10,8.1365466830467e-10,-6.73769305019653e-13,-1.94562909764478e-13,-2.32527263538439e-13,NaN
-3730.11464225,-0.462449125,-2.9680325e-07,8.39874999999996e-10,8.13396696209197e-10,-6.20853808356917e-14,-2.42920257825989e-13,-2.27925393003498e-13,NaN
-3720.0392,-0.4612,-2.95972625e-07,8.23875000000005e-10,8.13530497542998e-10,-8.54488416996024e-14,-2.62356026751645e-13,-2.28445548753719e-13,NaN
-3709.9466175,-0.45994875,-2.951555e-07,7.80312500000007e-10,8.13225798525798e-10,-2.8069278694374e-13,-2.63728001327317e-13,-2.3317439174923e-13,NaN
-3699.8721835,-0.45869975,-2.94412e-07,7.74749999999999e-10,8.12969111969111e-10,-3.58496402245883e-13,-2.6501733922563e-13,-2.40414109910929e-13,NaN
-3689.78665875,-0.457449375,-2.93606e-07,8.04937499999998e-10,8.12508805721306e-10,-9.45847227096254e-13,-3.37439997940111e-13,-2.48943385438668e-13,NaN
-3679.6870185,-0.45619725,-2.92802125e-07,8.05062499999975e-10,8.11077417514918e-10,-1.25158608283608e-12,-3.94350726043325e-13,-2.5717715421322e-13,NaN
-3669.54604,-0.45494,-2.91995875e-07,8.21562500000007e-10,8.10005633555634e-10,-9.51781326780901e-13,-3.78392529427442e-13,-2.61488208550403e-13,NaN
-3659.45446575,-0.453688875,-2.91159e-07,8.41875000000025e-10,8.09173854861356e-10,-3.64134345383172e-13,-3.64177300884916e-13,-2.62254666895976e-13,NaN
-3649.372974,-0.452439,-2.90312125e-07,8.45687500000011e-10,8.09277364864868e-10,5.47224903474855e-13,-3.5728321631892e-13,-2.60029247131467e-13,NaN
-3639.286441,-0.4511885,-2.89467625e-07,8.15125000000001e-10,8.10268304668306e-10,8.48946998945392e-13,-3.35448792880459e-13,-2.57801031666307e-13,NaN
-3629.203941,-0.4499385,-2.88681875e-07,7.73999999999978e-10,8.10975258862758e-10,1.94682344681227e-13,-2.99931982747974e-13,-2.57030811955589e-13,NaN
-3619.1234575,-0.44868875,-2.87919625e-07,7.76687500000012e-10,8.10657669357669e-10,-6.34209371708984e-13,-2.87862747897913e-13,-2.54971657638642e-13,NaN
-3608.954248,-0.447428,-2.871285e-07,7.93812500000009e-10,8.0970684011934e-10,-9.57974289222922e-13,-2.94104479092279e-13,-2.48339143156266e-13,NaN
-3598.88888825,-0.446180125,-2.86332e-07,8.11249999999974e-10,8.08741720779223e-10,-9.86164004913243e-13,-2.70823151725727e-13,-2.35261615792662e-13,NaN
-3588.789248,-0.444928,-2.85506e-07,8.31375e-10,8.07734512109514e-10,-9.99012811514039e-13,-1.99867252197042e-13,-2.15235420856125e-13,NaN
-3578.710781,-0.4436785,-2.8466925e-07,8.42499999999989e-10,8.06743695156195e-10,-3.95906458418037e-14,-1.27431635012367e-13,-1.89213608300904e-13,NaN
-3568.632314,-0.442429,-2.83821e-07,8.34562499999995e-10,8.0765533081783e-10,1.24260047385128e-12,-1.19100342456288e-13,-1.61585423109177e-13,NaN
-3558.561913,-0.4411805,-2.83000125e-07,7.94687500000006e-10,8.09228896103897e-10,7.72343366093909e-13,-1.22900989718653e-13,-1.37420580046324e-13,NaN
-3548.38362925,-0.439918625,-2.82231625e-07,7.67562499999999e-10,8.09200017550018e-10,-1.93708318718141e-14,-8.3255638828579e-14,-1.15419658147723e-13,NaN
-3538.3061705,-0.43866925,-2.81465e-07,7.76312500000028e-10,8.09190154440154e-10,-7.66479466479541e-13,-3.92657216494386e-14,-9.35498501804035e-14,NaN
-3528.213588,-0.437418,-2.80679e-07,8.01062500000023e-10,8.07667058617059e-10,-1.24476131976046e-12,-1.18271850573459e-14,-6.97699770822595e-14,NaN
-3518.13411275,-0.436168375,-2.79862875e-07,8.35499999999981e-10,8.06700631800633e-10,8.32770270272084e-14,5.36971431227014e-15,-4.36241527976665e-14,NaN
-3508.052621,-0.4349185,-2.79008e-07,8.46249999999987e-10,8.07833612671113e-10,8.08421814670548e-13,-1.95089373878385e-15,-2.25321391255618e-14,NaN
-3497.9802035,-0.43366975,-2.78170375e-07,8.24499999999995e-10,8.08317475429974e-10,1.25723938214588e-14,-1.5425072790372e-14,-8.87418608944476e-15,NaN
-3487.90476125,-0.432420625,-2.77359e-07,8.02499999999997e-10,8.07858757458756e-10,-4.50495787995119e-13,-2.63568504389743e-14,2.06100625836914e-15,NaN
-3477.72345275,-0.431158375,-2.76565375e-07,7.82500000000001e-10,8.07416483853984e-10,7.62131449637831e-14,-4.40919566094236e-14,1.21416925736451e-14,NaN
-3467.645994,-0.429909,-2.75794e-07,7.76000000000007e-10,8.08011183748684e-10,6.2934582309662e-13,-2.35923955754214e-14,2.07727923235539e-14,NaN
-3457.563494,-0.428659,-2.75013375e-07,7.96500000000017e-10,8.08675175500177e-10,1.13050631801279e-13,3.54384134833888e-14,2.56834299378759e-14,NaN
-3447.480994,-0.427409,-2.74201e-07,8.21187499999997e-10,8.08237285012286e-10,-1.57673745173743e-13,7.79606078798468e-14,2.76220950691601e-14,NaN
-3437.40656,-0.42616,-2.73371e-07,8.30937500000001e-10,8.08359828009829e-10,3.84790716041028e-13,8.96438810991889e-14,2.83197306694344e-14,NaN
-3427.32103525,-0.424909625,-2.72539125e-07,8.27124999999988e-10,8.09006866444368e-10,2.86631274131203e-13,6.88454184413413e-14,2.49124813161853e-14,NaN
-3417.144768,-0.423648,-2.7171675e-07,8.08499999999977e-10,8.08933090558092e-10,-4.50265444015845e-13,2.21803115538426e-14,1.75203003790021e-14,NaN
-3407.07537525,-0.422399625,-2.70922125e-07,7.98375000000015e-10,8.08106335556337e-10,-6.33856177606048e-13,-2.50101065062337e-14,1.06697532910863e-14,NaN
-3396.98279275,-0.421148375,-2.7012e-07,7.81562500000015e-10,8.0766537820288e-10,4.79334854328342e-14,-3.28873547288793e-14,5.77195000013679e-15,NaN
-3386.905334,-0.419899,-2.69359e-07,7.95437499999974e-10,8.08202202527202e-10,3.10503685502936e-13,1.08807731025636e-14,-6.44681278530354e-16,NaN
-3376.82787525,-0.418649625,-2.68529125e-07,8.34500000000007e-10,8.08286385573886e-10,-6.75873113374079e-14,3.71123557482798e-14,-9.32284203334731e-15,NaN
-3366.740334,-0.417399,-2.6769e-07,8.32062500000032e-10,8.08067027904528e-10,-1.58755265004953e-13,3.43708247866861e-14,-1.72435949419758e-14,NaN
-3356.65480925,-0.416148625,-2.66865e-07,8.27999999999986e-10,8.07968875043876e-10,4.84117234127268e-14,-1.23594264539131e-14,-2.44124783710014e-14,NaN
-3346.49164925,-0.414888625,-2.66034e-07,8.01999999999983e-10,8.08163851351353e-10,2.39430501930234e-13,-9.19828188777876e-14,-3.29326300932355e-14,NaN
-3336.41318225,-0.413639125,-2.65261e-07,7.71000000000001e-10,8.08447736047736e-10,1.63368725867798e-13,-9.62317619034883e-14,-4.28243181102363e-14,NaN
-3326.3276575,-0.41238875,-2.64492e-07,7.74500000000018e-10,8.08490588803089e-10,-2.7407643032628e-13,-4.55906743618229e-14,-5.25789108414654e-14,NaN
-3316.247174,-0.411139,-2.63712e-07,8.09500000000005e-10,8.07899583187084e-10,-4.047209547207e-13,-3.37192862374405e-14,-5.98642991324421e-14,NaN
-3306.16971525,-0.409889625,-2.62873e-07,8.41000000000001e-10,8.07681146893647e-10,1.45724376974052e-13,-7.18765898352177e-14,-6.43651490206916e-14,NaN
-3296.0801575,-0.40863875,-2.6203e-07,8.40187500000018e-10,8.08191031941032e-10,2.79637592136765e-13,-1.17198121218055e-13,-6.93097312326587e-14,NaN
-3285.92708,-0.40738,-2.61192625e-07,8.20812499999986e-10,8.08240422077921e-10,-5.46332046330531e-14,-9.86446022577788e-14,-7.44109117103836e-14,NaN
-3275.84458,-0.40613,-2.60388375e-07,8.02312499999979e-10,8.08081765531766e-10,-1.70487451737124e-13,-7.31662144359681e-14,-7.75663981298041e-14,NaN
-3265.754014,-0.404879,-2.59588e-07,7.77000000000008e-10,8.07899447174447e-10,-3.80558968059115e-13,-1.09684845205634e-13,-7.95014261454677e-14,NaN
-3255.66243975,-0.403627875,-2.58834375e-07,7.64375000000003e-10,8.07320647595647e-10,-2.22920322920047e-13,-1.04797059210866e-13,-7.96797176308379e-14,NaN
-3245.59708,-0.40238,-2.5805925e-07,7.87812500000002e-10,8.07453606528606e-10,8.08068620564872e-14,-6.78714705460628e-14,-7.90489519475917e-14,NaN
-3235.50147275,-0.401128375,-2.5725875e-07,8.29687499999993e-10,8.0748226131976e-10,-2.07612320112212e-13,-7.34818797454305e-14,-7.98214415878019e-14,NaN
-3225.3453705,-0.39986925,-2.56399875e-07,8.49437499999982e-10,8.07038381888382e-10,-3.91161372410286e-13,-9.59282976752859e-14,-8.10968458238275e-14,NaN
-3215.2669035,-0.39861975,-2.55559875e-07,8.37937500000009e-10,8.0669993857494e-10,-2.13862320112653e-13,-9.40938891749458e-14,-8.19080836519626e-14,NaN
-3205.17936225,-0.397369125,-2.54724e-07,8.15999999999999e-10,8.06610657248157e-10,7.94577044541043e-15,-8.54792493064047e-14,-8.16859815398953e-14,NaN
-3195.099887,-0.3961195,-2.53927875e-07,7.86124999999995e-10,8.06715830115831e-10,4.24337486845163e-14,-9.95805074560188e-14,-8.06775092836305e-14,NaN
-3185.02142,-0.39487,-2.5315175e-07,7.73312499999999e-10,8.06695524745526e-10,2.89274745524484e-13,-9.89723166490435e-14,-7.9163901215478e-14,NaN
-3174.934887,-0.3936195,-2.5238125e-07,7.75875000000003e-10,8.07294379606879e-10,4.08889083888444e-13,-4.77480048788648e-14,-8.02240106720176e-14,NaN
-3164.8423045,-0.39236825,-2.516e-07,8.06375000000025e-10,8.07513302913303e-10,-1.37655756405704e-13,1.71392867708739e-14,-8.55531673472198e-14,NaN
-3154.68821875,-0.391109375,-2.507685e-07,8.36312499999991e-10,8.07019068094068e-10,-6.71062214811427e-13,3.56644063037568e-14,-8.96660155220099e-14,NaN
-3144.606727,-0.3898595,-2.49927375e-07,8.47249999999988e-10,8.0617117848368e-10,-6.11148648647922e-13,-1.39207370611973e-14,-8.92536475393558e-14,NaN
-3134.51716925,-0.388608625,-2.49074e-07,8.2668749999999e-10,8.05796770796772e-10,-3.65040365042353e-14,-8.95571093832359e-14,-8.56425441862627e-14,NaN
-3124.4356775,-0.38735875,-2.48274e-07,7.84625000000006e-10,8.06098170410671e-10,7.28661372411268e-13,-1.14650767894807e-13,-8.16902551569213e-14,NaN
-3114.355194,-0.386109,-2.4750475e-07,7.72000000000029e-10,8.07254093541595e-10,2.82489469990899e-14,-1.09442720568133e-13,-8.09315505006059e-14,NaN
-3104.2827765,-0.38486025,-2.4673e-07,7.82249999999994e-10,8.0615466830467e-10,-5.97003334503657e-13,-9.95042794569545e-14,-7.76619005330389e-14,NaN
-3094.109534,-0.383599,-2.4594025e-07,8.03562500000013e-10,8.06060086872587e-10,5.99256318006291e-13,-6.65649453523167e-14,-6.65107582750489e-14,NaN
-3084.02602575,-0.382348875,-2.45122875e-07,8.30625000000006e-10,8.07353180940682e-10,3.80912162162671e-13,-6.14059530658782e-14,-5.36087763098287e-14,NaN
-3073.936468,-0.381098,-2.44279e-07,8.21937499999991e-10,8.06821911196913e-10,-3.30126798876375e-13,-6.54838414790873e-14,-3.94232538015764e-14,NaN
-3063.8701,-0.37985,-2.43479e-07,8.11500000000007e-10,8.06692927342929e-10,-1.3618594243616e-13,-5.00161395174872e-14,-2.18217624885204e-14,NaN
-3053.77650925,-0.378598625,-2.42656e-07,8.12624999999985e-10,8.0654953931204e-10,-8.48214285723815e-14,-6.85109920461954e-14,-2.65224252690487e-15,NaN
-3043.7071165,-0.37735025,-2.4185375e-07,7.85999999999991e-10,8.06523284485785e-10,-4.4776676027054e-14,-8.1700586998614e-14,1.76395533920735e-14,NaN
-3033.60949275,-0.376098375,-2.41084e-07,7.8187500000001e-10,8.06459985959986e-10,1.5025447525481e-13,-4.75412100470421e-14,4.05916342256304e-14,NaN
-3023.451374,-0.374839,-2.4029e-07,8.16249999999979e-10,8.06823793436294e-10,4.42767199017124e-13,-3.13291899122201e-15,6.73026489424329e-14,NaN
-3013.364841,-0.3735885,-2.394515e-07,8.28687500000018e-10,8.07345520358021e-10,6.95660758154985e-14,3.44619532066099e-14,9.59921515082628e-14,NaN
-3003.29141525,-0.372339625,-2.38632625e-07,8.22250000000013e-10,8.06962925587925e-10,-1.03338671463729e-12,1.08103452024852e-13,1.26807431861097e-13,NaN
-2993.20689875,-0.371089375,-2.37807e-07,8.10187499999984e-10,8.05278746928746e-10,-1.43728501228508e-12,1.90326262926562e-13,1.63676727909616e-13,NaN
-2983.12238225,-0.369839125,-2.3701225e-07,7.87687499999998e-10,8.04088355563355e-10,-6.16156984907125e-13,2.20430045654546e-13,2.07309700468512e-13,NaN
-2973.03383275,-0.368588375,-2.36231625e-07,7.83374999999985e-10,8.04046432958932e-10,5.72264391013438e-13,2.36916935933204e-13,2.52166210128987e-13,NaN
-2962.867648,-0.367328,-2.354455e-07,7.98249999999999e-10,8.05232884345382e-10,1.26732844857771e-12,2.54470000712139e-13,2.91494752382971e-13,NaN
-2952.793214,-0.366079,-2.34635125e-07,8.1975000000001e-10,8.06581089856087e-10,9.58184889434899e-13,2.86801496365413e-13,3.22595958797946e-13,NaN
-2942.710714,-0.364829,-2.33806e-07,8.11375000000017e-10,8.07149254124252e-10,7.05128992629681e-13,3.96235359379901e-13,3.48001600730844e-13,NaN
-2932.63325525,-0.363579625,-2.33012375e-07,8.59687500000001e-10,8.07991347841347e-10,4.71060021060449e-13,4.48336756993324e-13,3.67756220715522e-13,NaN
-2922.53663975,-0.362327875,-2.32086625e-07,8.3006249999999e-10,8.08091374166373e-10,-1.63449894699692e-13,3.77823643052283e-13,3.80443221600585e-13,NaN
-2912.46422225,-0.361079125,-2.3135225e-07,7.64562499999995e-10,8.07664448051947e-10,1.97797472798238e-13,3.66697397164329e-13,3.87491490692339e-13,NaN
-2902.296021,-0.3598185,-2.305575e-07,7.72749999999996e-10,8.08486969111969e-10,5.87493418744225e-13,3.9849484775481e-13,3.84605428638847e-13,NaN
-2892.22057875,-0.358569375,-2.2980675e-07,7.6724999999999e-10,8.08839434889436e-10,5.61229817480629e-13,4.18044442324192e-13,3.70652136806539e-13,NaN
-2882.126988,-0.357318,-2.29023e-07,8.03875000000008e-10,8.0960942874693e-10,1.27302781677769e-12,4.40330966750518e-13,3.49004310412459e-13,NaN
-2872.052554,-0.356069,-2.28199e-07,8.34000000000006e-10,8.11385490522991e-10,1.17732318357271e-12,4.48023219677455e-13,3.15395482896607e-13,NaN
-2861.961988,-0.354818,-2.27355e-07,8.43499999999991e-10,8.11964075114076e-10,3.05499736749961e-13,4.31357497861684e-13,2.69487719253636e-13,NaN
-2851.871422,-0.353567,-2.26512e-07,8.25812499999992e-10,8.11996489996491e-10,2.53836872586098e-13,3.79211197244058e-13,2.14898336522738e-13,NaN
-2841.805054,-0.352319,-2.25703375e-07,7.91499999999998e-10,8.12471748859248e-10,4.64831958582099e-13,3.21625942751575e-13,1.51406721726205e-13,NaN
-2831.641894,-0.351059,-2.24929e-07,7.87187499999998e-10,8.12926153913655e-10,-1.24403299401471e-13,2.47914539084008e-13,7.89585121686733e-14,NaN
-2821.555361,-0.3498085,-2.24129e-07,8.08125000000007e-10,8.12222942260445e-10,-2.47689978939487e-13,1.04815736212006e-13,3.01965416742489e-15,NaN
-2811.4869765,-0.34856025,-2.2331275e-07,8.25000000000009e-10,8.12430773955776e-10,3.90935415935119e-13,-7.25779848488057e-14,-7.2209446184219e-14,NaN
-2801.3964105,-0.34730925,-2.22479e-07,8.38812500000007e-10,8.13004813092315e-10,2.88061600553589e-14,-1.97821655816021e-13,-1.48093367827544e-13,NaN
-2791.31088575,-0.346058875,-2.21635125e-07,8.39625000000016e-10,8.12488386275887e-10,-2.49561249562224e-13,-2.62548696062629e-13,-2.23287778810974e-13,NaN
-2781.233427,-0.3448095,-2.2079975e-07,8.31312499999998e-10,8.12505690593191e-10,-2.91793173043031e-13,-3.22313355963808e-13,-2.98397114659992e-13,NaN
-2771.0642175,-0.34354875,-2.199725e-07,8.10124999999996e-10,8.11904799929801e-10,-1.58050851175779e-12,-4.23557510834703e-13,-3.72807437203341e-13,NaN
-2760.98474225,-0.342299125,-2.191795e-07,7.78250000000003e-10,8.09344673569675e-10,-1.32340294840227e-12,-5.21681323097698e-13,-4.36402967392499e-13,NaN
-2750.9032505,-0.34104925,-2.18416e-07,7.89375000000005e-10,8.09257994032996e-10,6.73699104948701e-13,-5.98276687607707e-13,-4.87579873339247e-13,NaN
-2740.8207505,-0.33979925,-2.1760075e-07,8.16375000000009e-10,8.10692071779573e-10,6.16407072656282e-13,-6.95444229044323e-13,-5.34771560618711e-13,NaN
-2730.720102,-0.338547,-2.1678325e-07,8.18874999999999e-10,8.10490808178309e-10,-5.0300763425752e-13,-7.23085086723353e-13,-5.76253363897713e-13,NaN
-2720.65272575,-0.337298875,-2.15963e-07,8.3018749999998e-10,8.09686056511058e-10,-1.21657818532826e-12,-7.27379204258035e-13,-6.07090569293887e-13,NaN
-2710.571234,-0.336049,-2.15122875e-07,8.15937499999997e-10,8.08057651807652e-10,-1.58488285363289e-12,-7.86880974721497e-13,-6.27185650177614e-13,NaN
-2700.4100905,-0.33478925,-2.14331125e-07,7.92937500000011e-10,8.06516290803792e-10,-1.7057915057909e-12,-7.77134967335103e-13,-6.37417881437813e-13,NaN
-2690.33364,-0.33354,-2.13537e-07,7.85562499999993e-10,8.04646068796071e-10,-1.57070463320476e-12,-7.40686929493614e-13,-6.35776729268849e-13,NaN
-2680.239041,-0.3322885,-2.1276e-07,7.79312500000005e-10,8.03374881537382e-10,-8.42238504739593e-13,-7.18599238326854e-13,-6.19231106116645e-13,NaN
-2670.16561525,-0.331039625,-2.11978375e-07,7.94250000000021e-10,8.02961591786591e-10,-4.69598982099586e-13,-6.45561858360352e-13,-5.88634027414159e-13,NaN
-2660.074041,-0.3297885,-2.111715e-07,8.09249999999985e-10,8.02435683573183e-10,-4.57248157248048e-13,-5.29036135664938e-13,-5.45909866781076e-13,NaN
-2649.99254925,-0.328538625,-2.10359875e-07,8.39249999999979e-10,8.02047095472095e-10,-8.91957704459265e-14,-4.50229242099242e-13,-4.94352895755934e-13,NaN
-2639.824348,-0.327278,-2.09493e-07,8.13437499999994e-10,8.02257292032291e-10,1.38206388179806e-15,-4.122184220113e-13,-4.41104952690073e-13,NaN
-2629.74688925,-0.326028625,-2.08733e-07,7.75812500000001e-10,8.02049859599859e-10,-7.40299227798859e-13,-3.55523733580463e-13,-3.90455937472609e-13,NaN
-2619.667414,-0.324779,-2.07941375e-07,7.82000000000013e-10,8.00776693576694e-10,-1.18999210249163e-12,-3.13551419764997e-13,-3.38194970415221e-13,NaN
-2609.584914,-0.323529,-2.07169e-07,7.70562500000002e-10,7.99669875394876e-10,-5.1953316953312e-13,-2.24051172222955e-13,-2.78836578085664e-13,NaN
-2599.498381,-0.3222785,-2.0640025e-07,8.006875e-10,7.99737627237627e-10,5.53277465777195e-13,-8.68932939221409e-14,-2.13230911173259e-13,NaN
-2589.41688925,-0.321028625,-2.05567625e-07,8.44687499999997e-10,8.0077643032643e-10,7.58277027027054e-13,-5.67405670349818e-14,-1.48272403351515e-13,NaN
-2579.260787,-0.3197695,-2.04710875e-07,8.55749999999998e-10,8.01254181291681e-10,4.74986837487098e-13,-9.13490066775697e-14,-8.77662126808874e-14,NaN
-2569.174254,-0.318519,-2.03856125e-07,8.08500000000017e-10,8.01726404001404e-10,6.22825991576364e-13,-4.56658060237748e-14,-3.33487075762111e-14,NaN
-2559.09074575,-0.317268875,-2.03093875e-07,7.73562500000006e-10,8.02499833274834e-10,-5.10530010529611e-13,3.23483988642786e-14,1.06456063966022e-14,NaN
-2549.0032045,-0.31601825,-2.02309e-07,7.75437499999991e-10,8.00705343980345e-10,-6.02603983854424e-13,6.28801078774786e-14,5.02863275919471e-14,NaN
-2538.92574575,-0.314768875,-2.01543e-07,7.68312500000006e-10,8.01294625307125e-10,9.92012548262147e-13,1.01488030352108e-13,8.82626535881076e-14,NaN
-2528.8382045,-0.31351825,-2.00772375e-07,7.88499999999994e-10,8.02689369076869e-10,7.2326474201492e-13,1.92733191623153e-13,1.16819933523762e-13,NaN
-2518.75671275,-0.312268375,-1.99966e-07,8.30374999999986e-10,8.02741154791155e-10,6.84481396981334e-13,2.52622663165024e-13,1.3886819089392e-13,NaN
-2508.60666,-0.31101,-1.99111625e-07,8.43687500000009e-10,8.04058331870832e-10,6.84931116181111e-13,2.24404765190226e-13,1.59597915702984e-13,NaN
-2498.516094,-0.309759,-1.98278625e-07,8.21375000000015e-10,8.04111017023517e-10,-2.80629168128537e-13,1.61003632003584e-13,1.68656562464517e-13,NaN
-2488.4235115,-0.30850775,-1.97468875e-07,7.89937499999994e-10,8.03497073534575e-10,-1.02220077220023e-12,1.0811460558785e-13,1.55299219607302e-13,NaN
-2478.351094,-0.307259,-1.9669875e-07,7.69937499999985e-10,8.02066615479117e-10,-7.86019217269807e-13,9.00595363863464e-14,1.35302310724541e-13,NaN
-2468.26960225,-0.306009125,-1.95929e-07,7.63375000000002e-10,8.01925035100035e-10,4.90808178299057e-14,1.44874851557903e-13,1.2271913192541e-13,NaN
-2458.186094,-0.304759,-1.95172e-07,7.84437500000001e-10,8.02164777114777e-10,5.24203667953351e-13,2.39747164708092e-13,1.14823223725102e-13,NaN
-2448.010835,-0.3034975,-1.94360125e-07,8.32249999999998e-10,8.02973442435942e-10,9.34770972271211e-13,2.57181989554748e-13,1.08233636451642e-13,NaN
-2437.940434,-0.302249,-1.935075e-07,8.500625e-10,8.04034319059319e-10,-2.23703492452981e-13,1.6284794665411e-13,9.58009340918496e-14,NaN
-2427.85692575,-0.300998875,-1.9266e-07,8.34500000000007e-10,8.02526035451036e-10,-1.54799271674232e-12,3.72815059775239e-14,7.86958380664885e-14,NaN
-2417.767368,-0.299748,-1.918385e-07,7.99312500000002e-10,8.00938333625834e-10,-7.88353369603663e-13,-2.57428295951028e-14,6.49518720946269e-14,NaN
-2407.6828515,-0.29849775,-1.91061375e-07,7.72749999999996e-10,8.00949328711829e-10,6.99385749384957e-13,-4.39320424697449e-14,5.33564711625817e-14,NaN
-2397.602368,-0.297248,-1.90293e-07,7.69187500000004e-10,8.02337105124604e-10,1.13042076167079e-12,-3.69085761127473e-14,3.86485960309773e-14,NaN
-2387.447274,-0.295989,-1.89523e-07,7.81374999999996e-10,8.0321017023517e-10,9.16222797473441e-13,2.59747919777363e-14,2.0697043009874e-14,NaN
-2377.352675,-0.2947375,-1.8873025e-07,8.52e-10,8.04169550719551e-10,1.34551377676394e-12,-7.35034451996883e-15,1.1799062798454e-16,NaN
-2367.26715025,-0.293487125,-1.87819e-07,8.24375000000005e-10,8.05901197788698e-10,5.524899087401e-13,-1.15905135533092e-13,-2.68606590558587e-14,NaN
-2357.19876575,-0.292238875,-1.870815e-07,7.99999999999994e-10,8.05274530537031e-10,-1.51590250965217e-12,-1.3773507460024e-13,-6.00359702367033e-14,NaN
-2347.117274,-0.290989,-1.86219e-07,8.09437500000003e-10,8.02869392769394e-10,-1.79776676026728e-12,-1.85126765612497e-13,-9.0950964456493e-14,NaN
-2337.03779875,-0.289739375,-1.85462625e-07,7.64500000000007e-10,8.01678997016497e-10,-3.39428308178883e-13,-3.60690955402294e-13,-1.15987348357088e-13,NaN
-2326.9542905,-0.28848925,-1.8469e-07,7.72374999999999e-10,8.02190536153036e-10,9.85913917164293e-13,-3.29377492900275e-13,-1.37967064000365e-13,NaN
-2316.7911305,-0.28722925,-1.83917875e-07,7.92999999999999e-10,8.03650824850825e-10,1.25076123201128e-12,6.99887745184074e-14,-1.59366201589533e-13,NaN
-2306.71568825,-0.285980125,-1.83104e-07,8.2956249999999e-10,8.04692058617059e-10,5.58428395927822e-13,2.44643456362954e-13,-1.83118340467738e-13,NaN
-2296.616048,-0.284728,-1.8225875e-07,8.46000000000007e-10,8.04767681642681e-10,-9.31109599859494e-13,7.17872194969684e-14,-2.1012474980602e-13,NaN
-2286.54463875,-0.283479375,-1.81412e-07,8.27875000000009e-10,8.0282983941734e-10,-2.26056949806945e-12,-1.22887244617709e-13,-2.3418370137316e-13,NaN
-2276.4530645,-0.28222825,-1.80603e-07,7.74124999999995e-10,8.00246542646542e-10,-1.89600298350345e-12,-2.58874326073833e-13,-2.48333790526094e-13,NaN
-2266.36955625,-0.280978125,-1.7986375e-07,7.56999999999998e-10,7.99037833450333e-10,-3.19541944541998e-13,-2.49688635184008e-13,-2.54233311490164e-13,NaN
-2256.205388,-0.279718,-1.79089e-07,7.89374999999992e-10,7.99607458757458e-10,9.3249605124633e-13,-1.93061213709665e-13,-2.5809301319166e-13,NaN
-2246.13599525,-0.278469625,-1.78285e-07,8.16499999999986e-10,8.00902825552825e-10,7.99973674973891e-13,-2.41872785534522e-13,-2.62189611019887e-13,NaN
-2236.05652,-0.27722,-1.77456e-07,8.35500000000008e-10,8.01207406107406e-10,2.96709371709553e-13,-3.68224573788296e-13,-2.63353378834969e-13,NaN
-2225.9639375,-0.27596875,-1.76614e-07,8.37687500000015e-10,8.01496244296244e-10,-4.1740084240046e-13,-4.64848316165425e-13,-2.6216556827515e-13,NaN
-2215.86833025,-0.274717125,-1.75780625e-07,8.18000000000001e-10,8.00372604422605e-10,-1.69800149175162e-12,-4.8745050374525e-13,-2.59295173059577e-13,NaN
-2205.7989375,-0.27346875,-1.74978e-07,7.76124999999997e-10,7.98100241312741e-10,-9.13243681993967e-13,-4.67612810453236e-13,-2.48327666318238e-13,NaN
-2195.7124045,-0.27221825,-1.74228375e-07,7.39249999999998e-10,7.98546117058617e-10,5.84014127764111e-13,-3.67326187527515e-13,-2.31212002248927e-13,NaN
-2185.559327,-0.2709595,-1.734995e-07,7.63937499999991e-10,7.99268269568269e-10,4.00859950860016e-13,-2.10255419591951e-13,-2.13496421549321e-13,NaN
-2175.472794,-0.269709,-1.727005e-07,8.15249999999992e-10,7.99347836960337e-10,1.24515838890851e-12,-1.40503731088022e-13,-1.94317437620014e-13,NaN
-2165.3923105,-0.26845925,-1.71869e-07,8.37875000000007e-10,8.01758586346086e-10,5.34486881361883e-12,-1.50446779001862e-13,-1.80743968334698e-13,NaN
-2155.31081875,-0.267209375,-1.7102475e-07,8.30562500000004e-10,8.10037574587575e-10,1.71512811512865e-12,-1.77377701048656e-13,-1.93809199546891e-13,NaN
-2145.22428575,-0.265958875,-1.70207875e-07,7.98375000000002e-10,8.05188842576344e-10,-8.7715689715687e-12,-1.95019093267095e-13,-2.10018848954678e-13,NaN
-2135.13573625,-0.264708125,-1.69428e-07,7.73312500000012e-10,7.92494436644437e-10,-6.60266540891585e-12,-1.39636557247075e-13,-1.72510403598109e-13,NaN
-2124.97257625,-0.263448125,-1.6866125e-07,7.59812499999997e-10,7.91983511758512e-10,7.59845559845545e-13,-8.04052298434333e-15,-9.55739628394965e-14,NaN
-2114.90419175,-0.262199875,-1.67908375e-07,7.81562499999988e-10,7.94014127764129e-10,2.62209108459182e-12,9.27504564298589e-14,-1.77521828469394e-14,NaN
-2104.81362575,-0.260948875,-1.67098125e-07,8.07875000000013e-10,7.97227693927696e-10,2.67834985960018e-12,1.11623265280283e-13,5.28131562985161e-14,NaN
-2094.74120825,-0.259700125,-1.66292625e-07,8.30562500000004e-10,7.99370827483329e-10,4.50675675675495e-13,1.12258351227267e-13,1.12013686331571e-13,NaN
-2084.65265875,-0.258449375,-1.65437e-07,8.25812499999992e-10,7.98129045279047e-10,-1.82247279747312e-12,1.40374640206121e-13,1.67280524576112e-13,NaN
-2074.567134,-0.257199,-1.64641e-07,8.098125e-10,7.95725881888383e-10,-1.29889434889499e-12,1.66809226935569e-13,2.28944427179385e-13,NaN
-2064.39086675,-0.255937375,-1.63817375e-07,8.04000000000012e-10,7.95531256581257e-10,9.76518076517928e-13,1.55688888239323e-13,2.92874398123968e-13,NaN
-2054.32651525,-0.254689625,-1.63033e-07,7.69687499999991e-10,7.97678918041419e-10,2.29985301860342e-12,1.91934810278053e-13,3.45554186912114e-13,NaN
-2044.23393275,-0.253438375,-1.62278e-07,7.8356249999999e-10,8.00130962618464e-10,1.9226373288876e-12,2.81316309220821e-13,3.81439752869255e-13,NaN
-2034.156474,-0.252189,-1.61465875e-07,8.14437500000009e-10,8.01524192699194e-10,1.54121402246381e-12,2.97938709166305e-13,4.05662512931839e-13,NaN
-2024.0759905,-0.25093925,-1.60649125e-07,8.32437500000003e-10,8.03213390663391e-10,7.81855475605395e-13,2.60246988006668e-13,4.18582632116799e-13,NaN
-2013.99954,-0.24969,-1.59801e-07,8.15250000000005e-10,8.03087903650405e-10,-1.06520709020721e-12,2.43472536162866e-13,4.21453279612985e-13,NaN
-2003.9150235,-0.24843975,-1.59018625e-07,8.12499999999995e-10,8.01082976482977e-10,-1.56695112320181e-12,2.7052537616104e-13,4.21241531681281e-13,NaN
-1993.745814,-0.247179,-1.58176e-07,7.65312500000003e-10,7.99954001404001e-10,-7.46617234117526e-13,4.48256675721071e-13,4.18995532190612e-13,NaN
-1983.66432225,-0.245929125,-1.57488e-07,5.38625000000005e-10,7.99589742014742e-10,8.57474113724267e-13,1.05399567021532e-12,4.14940820788899e-13,NaN
-1973.57375625,-0.244678125,-1.5709875e-07,8.08999999999991e-10,8.01668949631449e-10,2.56788785538809e-12,1.41710713201537e-12,4.05039973190378e-13,NaN
-1963.490248,-0.243428,-1.5587e-07,1.045375e-09,8.04725517725518e-10,2.12302342927389e-12,8.3380598064429e-13,3.79201279310665e-13,NaN
-1953.407748,-0.242178,-1.55008e-07,8.43000000000003e-10,8.05914996489997e-10,2.41494822744844e-13,2.61420442918254e-13,3.36387841198717e-13,NaN
-1943.337347,-0.2409295,-1.54184e-07,8.18749999999996e-10,8.05208507371008e-10,-6.61269305019907e-13,1.34052502950295e-13,2.8544702331818e-13,NaN
-1933.1641045,-0.23966825,-1.533705e-07,7.8306249999999e-10,8.04592457879957e-10,-7.69923657423688e-13,9.6607971539523e-14,2.32264968518797e-13,NaN
-1923.09572,-0.23842,-1.52617875e-07,7.43750000000003e-10,8.0366866005616e-10,-8.46009564759081e-13,1.67051999919715e-13,1.76910221278158e-13,NaN
-1913.0071705,-0.23716925,-1.51883e-07,7.85375000000001e-10,8.02900438750439e-10,-4.66262285012189e-13,2.00509087262393e-13,1.20263601658689e-13,NaN
-1902.92164575,-0.235918875,-1.51047125e-07,8.405e-10,8.02736135486136e-10,9.19469550719021e-13,2.40237962899979e-14,6.57470614701582e-14,NaN
-1892.84116225,-0.234669125,-1.50202e-07,8.25750000000003e-10,8.04739377851877e-10,2.30408037908034e-12,-2.25233372112944e-13,8.29735365676488e-15,NaN
-1882.757654,-0.233419,-1.49395625e-07,8.00499999999995e-10,8.07344296244296e-10,1.29047253422278e-12,-3.12180327415898e-13,-6.12579612726775e-14,NaN
-1872.68322,-0.23217,-1.48601e-07,8.064375e-10,8.07320322920323e-10,-6.81087662337894e-13,-2.81729644320407e-13,-1.36451596496594e-13,NaN
-1862.5220765,-0.23091025,-1.4778275e-07,8.23312500000002e-10,8.05982120919621e-10,-8.9550500175502e-13,-3.16565615258951e-13,-2.06196408350438e-13,NaN
-1852.429494,-0.229659,-1.46954375e-07,7.73062500000005e-10,8.05529312916813e-10,6.31640487890763e-13,-3.26886133619585e-13,-2.71110451491228e-13,NaN
-1842.35606825,-0.228410125,-1.46236625e-07,7.55937499999995e-10,8.07245401895402e-10,1.8147529835035e-12,-2.63414149552216e-13,-3.36866195656173e-13,NaN
-1832.256428,-0.227158,-1.454425e-07,8.04312500000007e-10,8.0915881888382e-10,1.00747630747626e-12,-2.59995407057478e-13,-4.05592660092839e-13,NaN
-1822.181994,-0.225909,-1.44628e-07,8.37250000000003e-10,8.09260354510355e-10,-1.65432169182212e-12,-3.46980183603111e-13,-4.70888825608646e-13,NaN
-1812.10251875,-0.224659375,-1.43768e-07,8.62499999999999e-10,8.05850175500176e-10,-8.01132414882393e-12,-5.47959728839009e-13,-5.14524540155538e-13,NaN
-1801.94944125,-0.223400625,-1.42903e-07,8.18000000000001e-10,7.93237706212707e-10,-7.06164004913984e-12,-7.25010658293863e-13,-5.0148954062854e-13,NaN
-1791.853834,-0.222149,-1.42132e-07,7.62999999999992e-10,7.91726895401896e-10,3.02390751140779e-12,-6.74662998390652e-13,-4.42236150056839e-13,NaN
-1781.771334,-0.220899,-1.41377e-07,7.65999999999995e-10,7.99285521235522e-10,3.77534661284716e-12,-4.79189450683834e-13,-3.97086299766755e-13,NaN
-1771.70194125,-0.219650625,-1.406e-07,7.78000000000009e-10,7.9927758862759e-10,5.01412776412673e-13,-3.3136225512366e-13,-3.69206125260044e-13,NaN
-1761.6144,-0.2184,-1.39821e-07,7.82500000000001e-10,8.00288346788348e-10,8.44364250613837e-13,-2.84617968489103e-13,-3.35045799932054e-13,NaN
-1751.52282575,-0.217148875,-1.39035e-07,8.12499999999995e-10,8.00966317128818e-10,-9.37372762373138e-13,-2.92745905683823e-13,-2.9782936634075e-13,NaN
-1741.35764925,-0.215888625,-1.38196e-07,8.43749999999997e-10,7.98413601263602e-10,-2.35481967356994e-12,-3.37700276100166e-13,-2.5313325188638e-13,NaN
-1731.278174,-0.214639,-1.373475e-07,8.44000000000004e-10,7.96256677781678e-10,-3.21621621621659e-13,-4.44553711492995e-13,-1.94090419111506e-13,NaN
-1721.20474825,-0.213390125,-1.36508e-07,7.8525000000001e-10,7.97770358020358e-10,1.62654878904869e-12,-4.32062448925431e-13,-1.33553099941968e-13,NaN
-1711.12124,-0.21214,-1.35777e-07,7.57999999999999e-10,7.99509775359775e-10,3.28689891189554e-13,-1.97864693245598e-13,-8.43927492161754e-14,NaN
-1701.0326905,-0.21088925,-1.34992e-07,7.69874999999996e-10,7.98427737802737e-10,-6.88829413829609e-13,5.54909332501026e-15,-3.7719899651068e-14,NaN
-1690.923875175,-0.2096359875,-1.3423725e-07,8.02999999999998e-10,7.98132116532116e-10,1.11610433485441e-12,6.35504845134915e-14,1.33937762602478e-14,NaN
-1680.8229242,-0.2083837,-1.33386e-07,8.14625000000001e-10,8.00659946472446e-10,9.81127149877286e-13,9.43249931530442e-14,5.99174678169955e-14,NaN
-1670.7299384,-0.2071324,-1.32608e-07,7.88562499999996e-10,8.00094370831871e-10,-1.14704940329949e-12,2.25387570792933e-13,1.02362548908036e-13,NaN
-1660.626970925,-0.2058798625,-1.31808875e-07,7.66999999999996e-10,7.98365847665847e-10,-2.03290189540216e-12,4.733463862487e-13,1.46861148685174e-13,NaN
-1650.5443701,-0.20462985,-1.31074e-07,8.06937500000014e-10,7.96028567041066e-10,-1.19618725868705e-12,6.79234354920098e-13,1.94485237643983e-13,NaN
-1640.445435625,-0.2033778125,-1.30195e-07,8.46000000000007e-10,7.95973473148473e-10,2.14126667251697e-12,6.63372310100933e-13,2.42157437190995e-13,NaN
-1630.3539622,-0.2021267,-1.29382e-07,7.95374999999999e-10,8.003111003861e-10,4.1245480870483e-12,3.22404535820152e-13,2.72301474750977e-13,NaN
-1620.2480708,-0.2008738,-1.2860425e-07,7.61999999999991e-10,8.0422256932257e-10,1.88706124956128e-12,4.19993769712674e-14,2.75526978827669e-13,NaN
-1610.1655708,-0.1996238,-1.27858e-07,8.17624999999991e-10,8.04085222885223e-10,-1.16219726219756e-12,1.8239445534024e-13,2.6589903519098e-13,NaN
-1600.06472065,-0.198371525,-1.26969e-07,8.38999999999999e-10,8.01898174798175e-10,-2.01932256932259e-12,2.88283528202854e-13,2.58752401969517e-13,NaN
-1589.970424125,-0.1971200625,-1.2618e-07,8.06000000000001e-10,8.00046577746578e-10,-9.96487802737469e-13,1.96207788635024e-13,2.5762505612423e-13,NaN
-1579.884899375,-0.1958696875,-1.25357e-07,7.75499999999993e-10,7.999051991927e-10,-1.16924798174804e-13,2.36932135579109e-13,2.55787090659375e-13,NaN
-1569.78173025,-0.194617125,-1.24629e-07,7.96562500000005e-10,7.99812728150228e-10,5.62282818532499e-13,3.00388664204125e-13,2.46729487318963e-13,NaN
-1559.6796702,-0.1933647,-1.23763875e-07,8.20500000000004e-10,8.01029764829765e-10,2.69806949806943e-12,1.71186978250494e-13,2.2937698980027e-13,NaN
-1549.5899108,-0.1921138,-1.22988e-07,7.95124999999992e-10,8.05208867146367e-10,2.05727448227484e-12,7.80240577538572e-14,1.95296883172166e-13,NaN
-1539.49148045,-0.190861825,-1.22173625e-07,7.80375000000008e-10,8.05144313794314e-10,-1.1212969462965e-12,1.44836146192393e-13,1.47405992126737e-13,NaN
-1529.3966798,-0.1896103,-1.2142725e-07,8.24937500000008e-10,8.02966273253774e-10,-1.21068357318354e-12,1.2044564786058e-13,1.05002249167632e-13,NaN
-1519.29744285,-0.188358225,-1.2052375e-07,8.19624999999993e-10,8.02722946647947e-10,1.988482800979e-13,2.03471955885466e-14,7.07703600782826e-14,NaN
-1509.2058686,-0.1871071,-1.19788e-07,7.73875000000001e-10,8.0336396981397e-10,5.564189189187e-13,4.8162100592369e-14,3.51430866775262e-14,NaN
-1499.113991875,-0.1858559375,-1.18976e-07,7.89750000000002e-10,8.03835784485785e-10,-1.87524131274048e-13,8.55866238127802e-14,-3.31052942095775e-15,NaN
-1489.014956575,-0.1846038875,-1.182085e-07,7.85937500000003e-10,8.02988921551422e-10,-1.56250219375217e-12,5.69930082368837e-14,-3.56152986600321e-14,NaN
-1478.913904775,-0.1833515875,-1.17404125e-07,8.46875000000004e-10,8.0071078009828e-10,-1.29839197964183e-12,-7.49869816322931e-14,-5.04310647345752e-14,NaN
-1468.8298924,-0.1821014,-1.1651475e-07,8.44687499999997e-10,8.00392137592138e-10,1.20777465777507e-12,-2.90422877498151e-13,-4.72207323549787e-14,NaN
-1458.7223878,-0.1808483,-1.1571475e-07,7.85375000000001e-10,8.0312632941383e-10,1.47666286416337e-12,-2.84747997394509e-13,-4.13249612747453e-14,NaN
-1448.6358548,-0.1795978,-1.14944e-07,7.53374999999998e-10,8.03345463320465e-10,-1.12858678483685e-12,-6.35859484542863e-14,-5.02274638207274e-14,NaN
-1438.536920325,-0.1783457625,-1.14208e-07,7.80999999999999e-10,8.00869155844157e-10,-1.94998683748724e-12,8.29724268834781e-14,-6.71267255535335e-14,NaN
-1428.43798585,-0.177093725,-1.13382e-07,8.22500000000006e-10,7.9944548964549e-10,2.49302386802369e-13,5.99513921802447e-14,-7.15946948613738e-14,NaN
-1418.353166875,-0.1758434375,-1.12563e-07,8.25312499999998e-10,8.01367760617761e-10,2.54380265005274e-12,-7.50129872593995e-14,-6.93307615871658e-14,NaN
-1408.263105,-0.1745925,-1.11731375e-07,7.85062499999999e-10,8.04533094945596e-10,3.66900666900373e-13,-1.63587706998109e-13,-7.53960719143145e-14,NaN
-1398.1612466,-0.1733401,-1.10992875e-07,8.11687499999999e-10,8.02101561951562e-10,-2.26815549315586e-12,-1.65770072008654e-13,-7.84645815680986e-14,NaN
-1388.0666476,-0.1720886,-1.10108e-07,8.24749999999996e-10,7.99996783959284e-10,-4.5823095822969e-14,-1.93797167597184e-13,-6.85862163119631e-14,NaN
-1377.97870305,-0.170837925,-1.09343375e-07,7.6700000000001e-10,8.02009915759916e-10,8.23819761319838e-13,-1.03645865686505e-13,-6.07469279214312e-14,NaN
-1367.8774496,-0.1695856,-1.08574e-07,8.07499999999996e-10,8.01644423481924e-10,-8.23021235521284e-13,5.47198360536195e-14,-5.65358017077505e-14,NaN
-1357.780733275,-0.1683338375,-1.07728375e-07,8.25999999999991e-10,8.00363873288874e-10,1.31074499824573e-13,3.50415265201205e-14,-4.40195406674489e-14,NaN
-1347.6910747,-0.16708295,-1.06922e-07,7.83187500000007e-10,8.01906572481573e-10,9.30199192699151e-13,-3.1365804397557e-14,-3.09147669737801e-14,NaN
-1337.592846,-0.165831,-1.06162e-07,7.86500000000005e-10,8.02224271674272e-10,-1.09332221832071e-13,1.28436689528093e-14,-2.22029330534796e-14,NaN
-1327.4998602,-0.1645797,-1.05349e-07,8.02000000000003e-10,8.01687908037909e-10,-2.63107669357471e-13,9.42453264530703e-14,-1.08053290717703e-14,NaN
-1317.39497705,-0.163326925,-1.04558e-07,8.07562499999998e-10,8.01698056335557e-10,-1.10247235872234e-12,1.04212444194399e-13,2.63420868294186e-15,NaN
-1307.300983,-0.1620755,-1.03733875e-07,8.14999999999998e-10,7.99482963320464e-10,-2.63998332748344e-13,1.2909631208084e-14,1.93565907926798e-14,NaN
-1297.2112236,-0.1608246,-1.02928e-07,8.07250000000009e-10,8.0117005967006e-10,2.28105694980668e-12,-8.82559842542228e-14,3.2236606062988e-14,NaN
-1287.1085586,-0.1595721,-1.02119375e-07,7.79499999999997e-10,8.04045077220077e-10,9.93734643734401e-13,-2.15451718602491e-14,3.00204234187208e-14,NaN
-1277.0139596,-0.1583206,-1.01369e-07,7.87562499999995e-10,8.03157528957529e-10,-1.24363811863821e-12,1.13828260665725e-13,2.49175134691801e-14,NaN
-1266.9354926,-0.1570711,-1.0054425e-07,8.09500000000005e-10,8.01557800982801e-10,-1.25684450684444e-12,8.21461977446301e-14,3.06439376620538e-14,NaN
-1256.835146575,-0.1558188875,-9.975e-08,8.44125000000001e-10,8.0064383994384e-10,-4.74934187433922e-13,-4.45960175690254e-14,4.51330239991042e-14,NaN
-1246.722197425,-0.1545651125,-9.8856e-08,8.00687499999993e-10,8.00607932607933e-10,9.06190768690863e-13,-5.46919408274514e-14,6.17380978693167e-14,NaN
-1236.6452428,-0.1533158,-9.8148625e-08,7.35e-10,8.02456221481222e-10,6.36942786942686e-13,1.16216530071391e-13,7.25271767793089e-14,NaN
-1226.5478207,-0.15206395,-9.7386e-08,8.25812500000005e-10,8.01881818181819e-10,-6.834700772203e-13,1.86016290161591e-13,7.72099085501884e-14,NaN
-1216.4520118,-0.1508123,-9.6497e-08,8.44500000000005e-10,8.01089281326781e-10,6.22034047033714e-13,5.52342195834991e-14,8.19970615883323e-14,NaN
-1206.354993,-0.1495605,-9.5697e-08,7.76999999999995e-10,8.03125886275886e-10,6.37940944190826e-13,5.45766429409355e-14,8.24244766051988e-14,NaN
-1196.2515214,-0.1483079,-9.4943e-08,8.05499999999994e-10,8.02365163215163e-10,-9.42841786591562e-13,1.03942749581984e-13,8.15109217532338e-14,NaN
-1186.15954385,-0.147056725,-9.4086e-08,8.09500000000005e-10,8.01240202702703e-10,6.18287118284598e-14,2.93486026699282e-14,8.82639750469612e-14,NaN
-1176.06252505,-0.145804925,-9.3324e-08,7.87500000000006e-10,8.0248882063882e-10,8.93868462618148e-13,4.11197579563562e-14,9.43265919218343e-14,NaN
-1165.977302775,-0.1445545875,-9.2511e-08,8.165e-10,8.03027939627939e-10,-3.17146367146182e-13,8.38056330628127e-14,9.29073860537287e-14,NaN
-1155.888954925,-0.1433038625,-9.1691e-08,7.89562499999991e-10,8.01854527904528e-10,-8.72279747279563e-13,8.5592044513596e-14,9.22718917156581e-14,NaN
-1145.794960875,-0.1420524375,-9.0931875e-08,7.82499999999994e-10,8.0128338013338e-10,-1.77474552470592e-15,1.26645388682091e-13,9.77901740242973e-14,NaN
-1135.6867505,-0.14079925,-9.0126e-08,8.270625e-10,8.01850978413478e-10,8.71909003159264e-13,7.15538774143036e-14,1.03203427303806e-13,NaN
-1125.580959925,-0.1395463625,-8.927775e-08,8.05250000000007e-10,8.03027198139699e-10,1.24959634959664e-12,4.30296132060295e-14,1.00099475956899e-13,NaN
-1115.50098055,-0.138296675,-8.85155e-08,7.86375000000002e-10,8.04350171112672e-10,-1.83507371009098e-14,1.51575256834588e-13,8.54913147048921e-14,NaN
-1105.40557495,-0.137045075,-8.7705e-08,8.19124999999999e-10,8.02990496665497e-10,-1.1547757985259e-12,1.81316338327159e-13,6.97453552499979e-14,NaN
-1095.3111776,-0.1357936,-8.687725e-08,7.96500000000003e-10,8.0204061951562e-10,3.83906633926428e-15,1.308288862817e-13,6.04001692641356e-14,NaN
-1085.2109324,-0.1345414,-8.6112e-08,7.96625e-10,8.02998174798175e-10,1.09424798174807e-12,8.96544383680469e-14,4.65259834401191e-14,NaN
-1075.1260126,-0.1332911,-8.5284e-08,8.18937499999994e-10,8.04229115479116e-10,5.26362320112232e-13,3.68188574230609e-14,2.12751740666982e-14,NaN
-1065.027279775,-0.1320390875,-8.4474125e-08,7.83812499999997e-10,8.040508994384e-10,-1.11561951561986e-12,2.42320205645637e-14,-6.08322537855181e-15,NaN
-1054.92612715,-0.130786775,-8.3716375e-08,7.97625000000001e-10,8.01997876447876e-10,-8.14248420498342e-13,3.0459737925135e-14,-2.50944178133928e-14,NaN
-1044.8317298,-0.1295353,-8.2878875e-08,8.31999999999997e-10,8.02422402597403e-10,9.61565461566117e-13,-4.68158978210215e-14,-4.0439033653586e-14,NaN
-1034.734811825,-0.1282835125,-8.2052375e-08,7.8593750000001e-10,8.03921007371008e-10,-6.34389259388223e-14,-6.6651360092446e-14,-6.18634291896986e-14,NaN
-1024.6425318,-0.1270323,-8.1307e-08,7.87187500000004e-10,8.02295524745525e-10,-3.31239031239288e-13,-2.88548992392299e-14,-8.35222252529793e-14,NaN
-1014.5418833,-0.12578005,-8.0478e-08,8.34499999999994e-10,8.0325852930853e-10,9.65707265707093e-13,-1.02261614366282e-13,-1.0363965226564e-13,NaN
-1004.4484942,-0.1245287,-7.9638e-08,8.07250000000002e-10,8.0422693927694e-10,-9.86113548612949e-14,-1.56125153246941e-13,-1.27927046461542e-13,NaN
-994.352282,-0.123277,-7.88635e-08,7.79000000000003e-10,8.03061306598807e-10,9.45638820640725e-14,-1.09733693113834e-13,-1.49311071034971e-13,NaN
-984.268269625,-0.1220268125,-7.808e-08,8.15749999999999e-10,8.04416067041068e-10,1.21880484380418e-13,-1.44209696652666e-13,-1.67533256245093e-13,NaN
-974.185366325,-0.1207767625,-7.7232e-08,8.19000000000002e-10,8.03305067567568e-10,-1.17416198666215e-12,-2.67845891965328e-13,-1.83489780721761e-13,NaN
-964.0709048,-0.1195228,-7.6442e-08,8.004375e-10,8.02067743067743e-10,-1.92999736749875e-13,-3.24875887526405e-13,-1.92517963607771e-13,NaN
-953.977919,-0.1182715,-7.5631125e-08,7.94499999999995e-10,8.02919068094068e-10,-2.58794752544645e-13,-2.97258989563766e-13,-2.00299025560259e-13,NaN
-943.867188,-0.117018,-7.4853e-08,7.81687500000005e-10,8.01550153562654e-10,-7.77652246402149e-13,-2.17420517485902e-13,-2.01760424031574e-13,NaN
-933.79255235,-0.115768975,-7.406775e-08,8.12250000000001e-10,8.01363763601264e-10,1.54516935766825e-13,-1.98364262595594e-13,-1.90696448728513e-13,NaN
-923.6804098,-0.1145153,-7.32285e-08,8.07374999999993e-10,8.01859187434188e-10,-2.41648385398348e-13,-2.59496840719657e-13,-1.73727694844668e-13,NaN
-913.59730485,-0.113265225,-7.2453e-08,7.81249999999999e-10,8.00880466830467e-10,-9.84062390312318e-13,-2.16500615821437e-13,-1.52041870535078e-13,NaN
-903.495748925,-0.1120128625,-7.1666e-08,8.15250000000005e-10,7.99891062653563e-10,-3.57570638820749e-13,-1.05921892596612e-13,-1.25293866772118e-13,NaN
-893.3917732,-0.1107602,-7.08225e-08,8.14000000000003e-10,8.00165325552826e-10,1.30830993330855e-13,-9.43022431189524e-14,-9.65482268513953e-14,NaN
-883.3052402,-0.1095097,-7.0038e-08,7.80625000000002e-10,8.00152724640225e-10,-3.65542734292773e-13,-1.22492707718268e-13,-6.56037605772175e-14,NaN
-873.2098346,-0.1082581,-6.926125e-08,8.04499999999999e-10,7.9943424008424e-10,2.64202351702246e-13,-1.07200407063119e-13,-3.03194236126352e-14,NaN
-863.119369425,-0.1070071125,-6.8429e-08,8.08624999999994e-10,8.00681129343629e-10,3.40795015795061e-13,-6.22658791314468e-14,3.53105109692072e-15,NaN
-853.0295092,-0.1057562,-6.7644e-08,8.19499999999996e-10,8.0011583011583e-10,-8.41398297648083e-13,-2.80098095296223e-14,3.53892036579135e-14,NaN
-842.9401531,-0.10450535,-6.679e-08,7.84500000000003e-10,7.98998332748333e-10,4.70077220078031e-14,3.76409807262873e-14,7.06244157668492e-14,NaN
-832.8403112,-0.1032532,-6.6075e-08,7.84812500000005e-10,8.00209845559846e-10,6.02132327132193e-13,1.31710144181195e-13,1.03915989806723e-13,NaN
-822.74551055,-0.102001675,-6.5220375e-08,8.10125000000002e-10,8.00202597402598e-10,-7.43383643383753e-13,1.54452862802732e-13,1.34352873660191e-13,NaN
-812.645567825,-0.1007495125,-6.445475e-08,7.78437500000001e-10,7.98723078273078e-10,-6.17475429976512e-14,2.20676156160555e-13,1.67833772525047e-13,NaN
-802.549153975,-0.0994977875,-6.36635e-08,8.06624999999998e-10,8.00079102316602e-10,1.53659178659177e-12,2.90126989068741e-13,1.96911695291151e-13,NaN
-792.4546558,-0.0982463,-6.28415e-08,7.98249999999999e-10,8.01796261846262e-10,1.13077176202203e-12,3.05801180323394e-13,2.09914612351724e-13,NaN
-782.3644931,-0.09699535,-6.2067e-08,7.93437499999998e-10,8.02340645840646e-10,3.75026325026367e-13,3.62147560350446e-13,2.08195465902014e-13,NaN
-772.2606182,-0.0957427,-6.1254625e-08,8.30312499999997e-10,8.02546314496315e-10,-1.17800105300058e-13,3.11925893587889e-13,1.98447636742938e-13,NaN
-762.1740852,-0.0944922,-6.0406375e-08,7.83812500000004e-10,8.02105045630046e-10,2.34795103545245e-13,2.45587373338348e-13,1.85355222133003e-13,NaN
-752.083620025,-0.0932412125,-5.9687e-08,7.979375e-10,8.03015904703405e-10,9.77900140399933e-13,2.65152066682429e-13,1.67661702757454e-13,NaN
-741.98226575,-0.091988875,-5.88105e-08,8.124375e-10,8.04060845910846e-10,-3.66777816777952e-13,2.24694784466198e-13,1.3970380884103e-13,NaN
-731.8890783,-0.09073755,-5.8062125e-08,8.14750000000004e-10,8.02282349069849e-10,-8.7092839592828e-13,1.55406018023605e-13,1.07910296905723e-13,NaN
-721.786715775,-0.0894850875,-5.7181e-08,8.126875e-10,8.02318989118989e-10,1.14168348543366e-12,1.15412828126496e-13,8.04257851352521e-14,NaN
-711.691411,-0.0882335,-5.643675e-08,7.82812499999996e-10,8.04565716040717e-10,5.95597139347351e-13,9.13248241209811e-14,4.77178538242476e-14,NaN
-701.5919724,-0.0869814,-5.5615375e-08,8.07875e-10,8.03510183397684e-10,-3.67826430326387e-13,2.10974827090098e-14,6.3883140861975e-15,NaN
-691.5135054,-0.0857319,-5.4821e-08,8.00937500000003e-10,8.03830063180064e-10,7.77402158651958e-13,-2.55736902999288e-14,-3.69043698366768e-14,NaN
-681.414167625,-0.0844798125,-5.40135e-08,7.98499999999999e-10,8.05064987714988e-10,2.52965952965727e-13,-2.21831407164135e-14,-8.12463316867256e-14,NaN
-671.319568625,-0.0832283125,-5.3224e-08,8.08749999999997e-10,8.04335995085995e-10,-9.17936117936187e-13,-9.32133150424675e-14,-1.25004596837851e-13,NaN
-661.217105275,-0.0819758375,-5.2396e-08,8.06000000000001e-10,8.03229115479116e-10,-3.9090470340476e-13,-1.78551843269289e-13,-1.63401911335142e-13,NaN
-651.1246236,-0.0807246,-5.1612e-08,8.15000000000001e-10,8.03554185679186e-10,3.13509126009127e-13,-2.6445992639219e-13,-1.95785128416067e-13,NaN
-641.041619475,-0.0794745375,-5.0766e-08,8.23312500000002e-10,8.03856133731134e-10,-5.32289838539838e-13,-4.20300731778452e-13,-2.25597911820526e-13,NaN
-630.927460425,-0.0782206125,-4.9965375e-08,7.94500000000001e-10,8.02489606002106e-10,-7.17359161109198e-13,-5.13291922827746e-13,-2.47391246186916e-13,NaN
-620.8315507,-0.07696895,-4.9177e-08,7.90875e-10,8.02421415408916e-10,-1.16286635661639e-12,-4.45350329520243e-13,-2.59302079426528e-13,NaN
-610.7409847,-0.07571795,-4.8383625e-08,8.00000000000001e-10,8.00163873288873e-10,-1.70199631449639e-12,-3.40325429624327e-13,-2.61849765911184e-13,NaN
-600.642756,-0.074466,-4.7577e-08,8.00312499999996e-10,7.99017422779923e-10,5.12418831168832e-13,-2.86980150338797e-13,-2.52696764734342e-13,NaN
-590.540595125,-0.0732135625,-4.6783e-08,7.978125e-10,8.01188710951211e-10,3.80841962092029e-13,-2.63838670709073e-13,-2.42173785435577e-13,NaN
-580.46908505,-0.071964925,-4.5981375e-08,7.93750000000004e-10,7.99779106704107e-10,-8.08717971217907e-13,-2.52714441009467e-13,-2.2821310324722e-13,NaN
-570.3637986,-0.0707121,-4.51955e-08,7.845e-10,7.99571275008775e-10,1.0299885924887e-13,-1.84534122433223e-13,-2.02898951021828e-13,NaN
-560.2623435,-0.06945975,-4.4412375e-08,8.22499999999996e-10,7.99985104422605e-10,-1.23440242190125e-13,-1.5023895676389e-13,-1.71899662656018e-13,NaN
-550.1689544,-0.0682084,-4.35505e-08,8.185625e-10,7.99324394524395e-10,-4.32899701649614e-13,-2.21334345914118e-13,-1.36128267810735e-13,NaN
-540.068810025,-0.0669562125,-4.277525e-08,7.66937500000001e-10,7.99119305019305e-10,-4.58452527202764e-13,-1.51738830035996e-13,-9.41223229397524e-14,NaN
-529.971387925,-0.0657043625,-4.2016625e-08,8.04624999999999e-10,7.98407489469989e-10,4.33024745524709e-14,-1.54620446528024e-14,-4.71301248644492e-14,NaN
-519.887274725,-0.0644541625,-4.1166e-08,7.93312500000001e-10,7.9920590996841e-10,1.58130045630251e-13,3.28665595750319e-14,7.74487052632105e-16,NaN
-509.795398,-0.063203,-4.043e-08,7.72499999999999e-10,7.9872374956125e-10,-9.29839417339484e-13,1.14440333543994e-13,5.14661056571293e-14,NaN
-499.68325545,-0.061949325,-3.9621e-08,8.33499999999999e-10,7.97346231133731e-10,-6.46518515268651e-13,1.76323219162967e-13,1.10627963548469e-13,NaN
-489.6070066,-0.0607001,-3.8763e-08,8.14187499999999e-10,7.97430712530713e-10,4.70285626535679e-13,1.7911423529112e-13,1.72275409340632e-13,NaN
-479.5003086,-0.0594471,-3.7992625e-08,7.74500000000002e-10,7.98286802386803e-10,1.42927342927345e-12,2.22126130771863e-13,2.28497271319714e-13,NaN
-469.40954095,-0.058196075,-3.7214e-08,7.94500000000001e-10,8.0028925938926e-10,2.21520489645478e-12,3.06800004860303e-13,2.73029081889421e-13,NaN
-459.3058677,-0.05694345,-3.6403625e-08,7.983125e-10,8.02717212179712e-10,1.87630747630757e-12,3.35072463261708e-13,2.99449950468368e-13,NaN
-449.219738,-0.055693,-3.5617375e-08,7.921875e-10,8.04041874341875e-10,1.88634169884288e-13,3.46531620123504e-13,3.10839880505909e-13,NaN
-439.1299786,-0.0544421,-3.481925e-08,8.390625e-10,8.03094480519481e-10,-8.30179448929393e-13,3.26150674415952e-13,3.19658879052238e-13,NaN
-429.02469215,-0.053189275,-3.393925e-08,8.13625000000003e-10,8.02381515444016e-10,-3.55188223938342e-13,2.94911966441581e-13,3.31376119346603e-13,NaN
-418.9294882,-0.0519377,-3.3192e-08,7.73750000000001e-10,8.02384104071604e-10,-1.88759213759228e-13,4.10093370297601e-13,3.40955529727221e-13,NaN
-408.8425519,-0.05068715,-3.239175e-08,8.09062499999999e-10,8.02003997016497e-10,5.05802474552716e-13,4.67701652766278e-13,3.47021189723366e-13,NaN
-398.74049185,-0.049434725,-3.1573875e-08,7.91874999999998e-10,8.0339570902071e-10,1.98699543699524e-13,4.19023802157402e-13,3.46542503830498e-13,NaN
-388.6529506,-0.0481841,-3.0808e-08,7.89937499999998e-10,8.02401396103896e-10,-2.75375131625267e-13,4.30793769090809e-13,3.41644647254064e-13,NaN
-378.5623846,-0.0469331,-2.9994e-08,8.22125000000001e-10,8.02844958757459e-10,1.69428022990525e-12,4.15397645282307e-13,3.34429127987379e-13,NaN
-368.46556745,-0.045681325,-2.916375e-08,8.18500000000002e-10,8.05789956563707e-10,8.1292207792216e-13,3.66559305430183e-13,3.13614220290976e-13,NaN
-358.36814535,-0.044429475,-2.8357e-08,8.01812500000001e-10,8.04470802913303e-10,-1.09730080730072e-12,3.38376934182553e-13,2.85064231170822e-13,NaN
-348.2802008,-0.0431788,-2.7560125e-08,7.88062499999999e-10,8.03595354949106e-10,-1.73464373464389e-13,3.36668143906068e-13,2.60365058001874e-13,NaN
-338.175116,-0.041926,-2.6780875e-08,8.11124999999998e-10,8.04123874166375e-10,2.71417163916979e-13,2.85928826439757e-13,2.35520688845792e-13,NaN
-328.0942292,-0.0406762,-2.5937875e-08,8.34937500000002e-10,8.04138189276939e-10,4.58020138645072e-13,1.10329436252041e-13,2.08418229231557e-13,NaN
-317.994689775,-0.0394240875,-2.5111e-08,8.184375e-10,8.05039914443665e-10,7.31043787293674e-13,-6.24822319470573e-14,1.78648940699501e-13,NaN
-307.892629725,-0.0381716625,-2.4301e-08,8.00999999999999e-10,8.05600276851527e-10,2.56564803439716e-13,-1.22308606586521e-13,1.4555807697262e-13,NaN
-297.789964725,-0.0369191625,-2.3509e-08,7.82500000000001e-10,8.05553044050544e-10,-1.54646367144529e-14,-6.30617739365614e-14,1.12575497681102e-13,NaN
-287.705448225,-0.0356689125,-2.2736e-08,7.80000000000001e-10,8.05569347578098e-10,4.4369998245001e-13,6.36532068637505e-14,8.30170044416199e-14,NaN
-277.603791475,-0.0344165375,-2.1949e-08,7.72062500000001e-10,8.06440444015444e-10,5.67901237276217e-13,1.72133473750917e-13,5.31765408831875e-14,NaN
-267.498908325,-0.0331637625,-2.1191875e-08,8.17437500000001e-10,8.0670515005265e-10,7.06239689364617e-13,1.50877530938598e-13,2.03223288092517e-14,NaN
-257.4013854,-0.0319119,-2.0314125e-08,8.255e-10,8.07852923394173e-10,1.66314935065944e-14,3.56232964039626e-14,-1.58173057319606e-14,NaN
-247.3164656,-0.0306616,-1.9540875e-08,8.140625e-10,8.06738413039664e-10,-1.68982625482613e-12,-2.30808496629446e-14,-5.24081627386319e-14,NaN
-237.2275128,-0.0294108,-1.8686e-08,8.245625e-10,8.04473270884521e-10,-8.06196472446556e-13,-9.16525691125154e-14,-7.92291896629969e-14,NaN
-227.130494,-0.028159,-1.789175e-08,7.76999999999999e-10,8.0512602009477e-10,2.54771191646135e-13,-1.12780058871096e-13,-1.00054210558506e-13,NaN
-217.0338785,-0.02690725,-1.7132e-08,8.179125e-10,8.04982813267813e-10,-4.47643910144087e-13,-1.2124202713913e-13,-1.23490524252529e-13,NaN
-206.94270755,-0.025656175,-1.6255925e-08,8.2843125e-10,8.04230732274482e-10,-2.21894743769783e-13,-2.12922657352929e-13,-1.46283094308434e-13,NaN
-196.8390343,-0.02440355,-1.54751375e-08,7.70387499999999e-10,8.04539023780274e-10,6.42784749037237e-14,-1.58385477280386e-13,-1.67851404080975e-13,NaN
-186.748972425,-0.0231526125,-1.471515e-08,8.1175e-10,8.0435928922429e-10,-7.48202000701818e-13,-8.14212561851475e-14,-1.88894271771485e-13,NaN
-176.65528085,-0.021901225,-1.38516375e-08,8.40762500000001e-10,8.0304261977887e-10,-1.28782796595305e-12,-1.81008924128468e-13,-2.06300075503728e-13,NaN
-166.558867,-0.0206495,-1.3033625e-08,8.0005e-10,8.01783633292384e-10,-2.92927562302746e-13,-2.74589616586624e-13,-2.1754429443424e-13,NaN
-156.4747538,-0.0193993,-1.22515375e-08,7.8106875e-10,8.02456764654265e-10,1.52268975956481e-12,-2.76077539368643e-13,-2.28283830927782e-13,NaN
-146.38035645,-0.018147825,-1.14714875e-08,8.1985e-10,8.04829012811513e-10,1.9149877149879e-12,-2.58815485759094e-13,-2.49808085190955e-13,NaN
-136.2613578,-0.0168933,-1.06118375e-08,8.1818125e-10,8.06286740084241e-10,6.19392769392746e-13,-2.68093152077397e-13,-2.85499850101006e-13,NaN
-126.1715984,-0.0156424,-9.835125e-09,7.895375e-10,8.06067798350299e-10,-1.11265422077927e-12,-3.10034004298623e-13,-3.3040547625586e-13,NaN
-116.0907116,-0.0143926,-9.0327625e-09,7.99325e-10,8.04061431642682e-10,-1.89093344155844e-12,-3.75528245056148e-13,-3.73881063935964e-13,NaN
-105.9944994,-0.0131409,-8.236475e-09,7.7599375e-10,8.02285931467182e-10,-1.77435832748332e-12,-3.96851470456149e-13,-4.05639843347962e-13,NaN
-95.90574825,-0.011890125,-7.480775e-09,7.72806250000001e-10,8.00512714987715e-10,-4.49924096174032e-13,-3.506940433183e-13,-4.21858946379282e-13,NaN
-85.80953605,-0.010638425,-6.6908625e-09,7.9728125e-10,8.01386083274834e-10,6.92579194454183e-13,-3.07298809038199e-13,-4.31324354499191e-13,NaN
-75.728750075,-0.0093886375,-5.8862125e-09,8.34775e-10,8.01897873376624e-10,-2.25521235521276e-13,-3.35199390221589e-13,-4.44003705465529e-13,NaN
-65.60218955,-0.008133175,-5.0213125e-09,8.2665e-10,8.00935040803791e-10,8.81199543699227e-14,-4.51573109590832e-13,-4.5581778124906e-13,NaN
-55.54711395,-0.006886575,-4.2329125e-09,7.9195625e-10,8.02074113285364e-10,-2.87416637416553e-13,-5.26863062122629e-13,-4.66740535020223e-13,NaN
-45.4164196,-0.0056306,-3.4374e-09,7.880875e-10,8.00360207528958e-10,-9.3754782379792e-13,-4.98472758726007e-13,-4.72408147621466e-13,NaN
-35.31677935,-0.004378475,-2.6567375e-09,7.9256875e-10,8.00199017637768e-10,4.81138338013197e-13,-4.66765283853838e-13,-4.69674816391953e-13,NaN
-25.229943875,-0.0031279375,-1.8522625e-09,7.9824375e-10,8.01322484204984e-10,-7.3774833274835e-13,-4.5548030624998e-13,-4.69075076430783e-13,NaN
-15.118002975,-0.0018742875,-1.06025e-09,8.110125e-10,7.98723520972271e-10,-2.11791944541953e-12,-4.54736774993012e-13,-4.61884698683586e-13,NaN
-5.0549622,-0.0006267,-2.302375e-10,8.2706875e-10,7.97086645314145e-10,-1.93727404352264e-13,-5.10825702823072e-13,-4.37310722029331e-13,NaN
5.0243114,0.0006229,5.938875e-10,8.1411875e-10,7.98336066163567e-10,5.66073622323834e-13,-6.1162357565499e-13,-4.07434592954485e-13,NaN
15.1463348,0.0018778,1.398e-09,7.9026875e-10,7.98218792558793e-10,-1.09033037908045e-12,-6.41098788026227e-13,-3.77392376031371e-13,NaN
25.2070566,0.0031251,2.174425e-09,7.738375e-10,7.96155405405406e-10,-1.48764478764497e-12,-5.41267924179745e-13,-3.38361077684985e-13,NaN
35.33775095,0.004381075,2.945675e-09,7.7785e-10,7.95243502983503e-10,-5.81005396630355e-13,-3.59232259975326e-13,-2.87489808255783e-13,NaN
45.41621795,0.005630575,3.730125e-09,7.9780625e-10,7.94993394612145e-10,-8.8578229203104e-14,-1.51731396488589e-13,-2.27571308749727e-13,NaN
55.5340067,0.00688495,4.5412875e-09,8.2023125e-10,7.95066346525097e-10,4.40109029483954e-13,-2.33529256784809e-14,-1.64009640506889e-13,NaN
65.6298156,0.0081366,5.3705875e-09,8.10093750000001e-10,7.95873612671113e-10,1.91627106001971e-13,-2.12388259549594e-14,-1.03637099070371e-13,NaN
75.716852725,0.0093871625,6.161475e-09,7.94125e-10,7.95449600737101e-10,-1.057110170235e-12,-1.02234102603973e-13,-4.30196387075774e-14,NaN
85.7722308,0.0106338,6.9588375e-09,7.69456249999999e-10,7.93759392330643e-10,-7.3386999824496e-13,-1.04620857157887e-13,2.48052576622609e-14,NaN
95.8982872,0.0118892,7.7003875e-09,7.840375e-10,7.93981860740611e-10,5.16249561249401e-13,3.37607834046982e-14,9.69837554441716e-14,NaN
106.0049852,0.0131422,8.5269125e-09,8.10975e-10,7.94791891453142e-10,1.0522385047386e-12,1.45082144708251e-13,1.67033118537535e-13,7.98854045179515e-07
116.111380725,0.0143951625,9.3223375e-09,7.75825e-10,7.96086337750088e-10,1.10156217093722e-12,2.56817221064068e-13,2.29053989455986e-13,1.09547560174602e-06
126.19317495,0.015645075,1.00785625e-08,7.89800000000001e-10,7.96995015795016e-10,-2.87148999649775e-14,3.21695439712042e-13,2.81896346942465e-13,1.34819992015962e-06
136.2887822,0.0168967,1.09019375e-08,7.91337500000001e-10,7.96028907950158e-10,-8.16719682344573e-13,3.24837910772995e-13,3.32147561953586e-13,1.58853181803889e-06
146.387918325,0.0181487625,1.16612375e-08,7.742125e-10,7.95361576430327e-10,-2.15447306072326e-13,4.91181180599972e-13,3.82021169733952e-13,1.82705776829281e-06
156.4876594,0.0194009,1.24503625e-08,7.99725000000002e-10,7.95598013338014e-10,4.73678922428873e-13,6.28243013503718e-13,4.27323252313429e-13,2.04371990236857e-06
166.587803775,0.0206530875,1.32606875e-08,8.1986875e-10,7.96308934275185e-10,1.26440615128123e-12,5.52585189272844e-13,4.65165968871564e-13,2.22470680764661e-06
176.6808904,0.0219044,1.40901e-08,7.91887499999999e-10,7.98126825640576e-10,2.04601285538779e-12,5.56231876788663e-13,4.90833545529581e-13,2.34746478296756e-06
186.768532475,0.0231550375,1.48444625e-08,7.8708125e-10,8.0040095998596e-10,1.75737342049841e-12,6.60681715847804e-13,4.98028187898503e-13,2.38187394212327e-06
196.8676686,0.0244071,1.56642625e-08,8.12e-10,8.01641572481573e-10,1.19237583362591e-12,6.35599473348568e-13,4.87790801710082e-13,2.33291252991778e-06
206.968216275,0.0256593375,1.64684625e-08,8.31637500000001e-10,8.02785711653212e-10,4.23828536328448e-13,5.32494051212424e-13,4.65268343143486e-13,2.22519642372972e-06
217.047994,0.026909,1.73275375e-08,8.2976875e-10,8.0248922955423e-10,-1.15772091084595e-12,4.25959628429974e-13,4.3745589056962e-13,2.09218034620253e-06
227.1599349,0.02816265,1.8128e-08,7.9973125e-10,8.0047026983152e-10,-1.41863526676016e-12,3.70203597128359e-13,4.14379860273386e-13,1.98181672304663e-06
237.247576975,0.0294132875,1.8927e-08,7.90125000000001e-10,7.99651959020709e-10,2.07434845559943e-13,4.22153412871653e-13,3.97122952095633e-13,1.89928368393564e-06
247.342780925,0.0306648625,1.970825e-08,7.89687500000001e-10,8.0088513952264e-10,2.10191295191298e-12,4.20669803195863e-13,3.75856916380547e-13,1.79757655660262e-06
257.4417154,0.0319169,2.0506375e-08,8.08875000000001e-10,8.03855784924535e-10,1.8346961653212e-12,2.98147242845425e-13,3.37270502478226e-13,1.61303283793934e-06
267.5338946,0.0331681,2.1326e-08,7.83749999999999e-10,8.04554531853282e-10,-4.46380308880447e-14,2.11341995094488e-13,2.82738394142154e-13,1.352227102419e-06
277.6337365,0.03442025,2.2073875e-08,8.11749999999999e-10,8.03766508862759e-10,-3.6991575991584e-13,1.8029897666887e-13,2.25850985438434e-13,1.08015688687947e-06
287.7376114,0.0356729,2.29495e-08,8.039375e-10,8.03814700333451e-10,-2.05799403299304e-13,1.61319628031407e-13,1.6956445321465e-13,8.10960428417891e-07
297.811541275,0.0369218375,2.368175e-08,7.79375000000001e-10,8.03354910056161e-10,4.79953492453344e-13,1.71598284348727e-13,1.15658382987714e-13,5.5314878820211e-07
307.9219698,0.0381753,2.450825e-08,8.16625e-10,8.04774607318357e-10,1.28980475605463e-12,1.07423399640443e-13,5.9081483727126e-14,2.82563617825385e-07
318.0125358,0.0394263,2.5315e-08,8.16875e-10,8.0593451956827e-10,-1.20368681993661e-12,-3.53899345475056e-14,-7.04295921298636e-15,-3.36837179751522e-08
328.1160074,0.0406789,2.6142e-08,8.03500000000001e-10,8.02367233678484e-10,-2.34025974025964e-12,-1.3724102056957e-13,-6.28404559869082e-14,-3.00541311241735e-07
338.193970275,0.0419283375,2.6922e-08,8.085e-10,8.01254000087751e-10,5.07095691470534e-13,-2.11260300009209e-13,-1.01377771538655e-13,-4.84850211706611e-07
348.2890734,0.0431799,2.7759e-08,8.0675e-10,8.03381425061425e-10,3.12008160757995e-13,-2.62618671336782e-13,-1.42399448221694e-13,-6.81040839321145e-07
358.3836724,0.0444314,2.85355e-08,7.890625e-10,8.01878016409267e-10,-1.44989579677085e-12,-2.43908207309766e-13,-1.80699532877084e-13,-8.64215157238228e-07
368.4851275,0.04568375,2.9337125e-08,7.87375000000001e-10,8.00481633467884e-10,-5.08532818532788e-13,-1.92490019929048e-13,-2.04205299882303e-13,-9.76634042915362e-07
378.5825496,0.0469356,3.011025e-08,7.61875000000002e-10,8.00860950772201e-10,4.7155273780273e-13,-1.0899282922547e-13,-2.20975806841758e-13,-1.05684081533015e-06
388.6698892,0.0481862,3.0860875e-08,7.861875e-10,8.01424738943489e-10,1.33133226570727e-12,-5.21912031907936e-14,-2.34664699506031e-13,-1.12230943242015e-06
398.7701344,0.0494384,3.1682625e-08,8.48562499999998e-10,8.03523615303616e-10,7.2638535451036e-13,-1.58643648479897e-13,-2.47764082816838e-13,-1.18495865695009e-06
408.857776475,0.0506890375,3.2558e-08,8.616875e-10,8.0287750965251e-10,-1.41886714636721e-12,-3.66030763428248e-13,-2.57111915407183e-13,-1.22966568238218e-06
418.958626625,0.0519413125,3.3406e-08,8.19500000000003e-10,8.00685881010881e-10,-7.5205554580559e-13,-4.96069717152126e-13,-2.52090657964161e-13,-1.20565097287207e-06
429.0555446,0.0531931,3.4197e-08,7.60499999999999e-10,8.01373398560899e-10,5.63441119691185e-13,-4.11043645535366e-13,-2.38636837520552e-13,-1.14130661422873e-06
439.1517568,0.0544448,3.4927e-08,7.73874999999998e-10,8.01812763250264e-10,-2.65788434538256e-13,-2.51258283174e-13,-2.2310886804105e-13,-1.06704241237024e-06
449.2568416,0.0556976,3.574475e-08,8.14500000000001e-10,8.00841821691822e-10,-5.78299403299346e-13,-2.15760517551792e-13,-2.03744849692141e-13,-9.74431889831979e-07
459.333796225,0.0569469125,3.6556e-08,8.26624999999998e-10,8.00656164443665e-10,-3.31190768690945e-13,-2.33690794393623e-13,-1.79834397566075e-13,-8.6007755357688e-07
469.4347472,0.0581992,3.7398e-08,8.05e-10,8.0017944015444e-10,-9.10185591435841e-13,-2.60954754634851e-13,-1.46030259572365e-13,-6.98405589259137e-07
479.5454782,0.0594527,3.8166e-08,7.65000000000004e-10,7.98835793260793e-10,-3.99148824148756e-13,-1.76522815561819e-13,-1.02985318553984e-13,-4.92538480040793e-07
489.638968125,0.0607040625,3.8928e-08,7.57999999999999e-10,7.99381142506143e-10,4.82283257283557e-13,7.01629676980967e-14,-6.10087496346205e-14,-2.91780976513402e-07
499.7217706,0.0619541,3.9682e-08,8.45499999999996e-10,7.9980035977536e-10,-6.91031941038619e-15,8.55698638694006e-14,-2.07092026064284e-14,-9.90440124655271e-08
509.8083036,0.0632046,4.0619e-08,8.18000000000001e-10,7.99367321867322e-10,8.31432081406914e-15,-5.714140532394e-14,2.06136086679128e-14,9.85868240639308e-08
519.916917275,0.0644578375,4.1318e-08,7.61125000000003e-10,7.99816988416988e-10,5.4058441558449e-13,6.07236127878759e-14,5.8205452669234e-14,2.7837390407025e-07
530.0120204,0.0657094,4.214125e-08,8.14500000000001e-10,8.00448490698491e-10,2.33886890136957e-13,1.67030190942848e-13,9.36474017236342e-14,4.47878877808685e-07
540.1025864,0.0669604,4.2947e-08,8.05875000000001e-10,8.00284762197262e-10,-2.98082660582721e-13,1.25652067190643e-13,1.2953423739269e-13,6.19511570138952e-07
550.1947656,0.0682116,4.3753e-08,7.86999999999999e-10,7.99852325377325e-10,-1.41409705159697e-12,1.60274073939362e-13,1.63756566409295e-13,7.83183578479237e-07
560.2909778,0.0694633,4.4521e-08,8.06499999999998e-10,7.97456568094068e-10,-1.723225254475e-12,2.01749491995073e-13,2.04015988831864e-13,9.7572864223935e-07
570.391223,0.0707155,4.5366e-08,7.74375000000001e-10,7.96405874868375e-10,2.5289794664807e-13,2.9173180838118e-13,2.49840035203137e-13,1.19488712488457e-06
580.48320055,0.071966675,4.606975e-08,8.10000000000002e-10,7.97962363987365e-10,2.41010222885209e-12,3.61069407947802e-13,2.84984572024017e-13,1.36296969228878e-06
590.5812276,0.0732186,4.6986e-08,8.42125000000002e-10,8.0122607932608e-10,2.82578097578092e-12,2.92032915276601e-13,3.0211426859506e-13,1.44489432806333e-06
600.67239855,0.074469675,4.7754e-08,7.73562500000002e-10,8.03613925938926e-10,5.10468585468736e-13,3.08816812805934e-13,3.00071561007876e-13,1.43512485699419e-06
610.7651827,0.07572095,4.8533125e-08,7.92937499999998e-10,8.02247016497017e-10,-1.00701781326796e-12,3.43178939276701e-13,2.87836479893691e-13,1.37660925166548e-06
620.85877345,0.076972325,4.9339875e-08,7.97749999999995e-10,8.0159989031239e-10,1.61477711477453e-13,3.47489199716755e-13,2.76939137441489e-13,1.32449152689408e-06
630.968798675,0.0782257375,5.0128625e-08,8.07062499999997e-10,8.02569971919972e-10,1.24786986661996e-12,3.76957262011264e-13,2.6102664553406e-13,1.24838830472811e-06
641.0477698,0.0794753,5.0954e-08,8.10187500000004e-10,8.0409563004563e-10,2.01785494910499e-12,2.73976372896197e-13,2.32003913634433e-13,1.10958393477338e-06
651.1544678,0.0807283,5.1749e-08,8.04875000000003e-10,8.06605681818182e-10,4.84573534573644e-13,1.85008901444052e-13,1.89366587222753e-13,9.05666286717514e-07
661.242614,0.081979,5.256375e-08,7.97124999999997e-10,8.05064777114778e-10,-2.52848148473113e-12,2.48709444151701e-13,1.43203397280719e-13,6.84885813081699e-07
671.33318,0.08323,5.334325e-08,8.04624999999999e-10,8.0154871884872e-10,1.95353632853303e-14,2.21295433847651e-13,1.06723514209809e-13,5.10416807090391e-07
681.436147475,0.0844825375,5.4173e-08,8.16375000000003e-10,8.05103847841348e-10,2.39529659529618e-12,1.14287191468661e-13,6.54278479581417e-14,3.12915794582417e-07
691.5292341,0.08573385,5.4976e-08,8.05000000000003e-10,8.06339312039312e-10,-8.99583187083326e-13,9.86125161870945e-14,9.78397509668644e-15,4.67929243754569e-08
701.6282694,0.0869859,5.5783e-08,8.01499999999999e-10,8.03304681467182e-10,-1.02500877500853e-12,3.48565395406203e-14,-4.16144192726629e-14,-1.99025483477953e-07
711.7188354,0.0882369,5.6579e-08,8.01499999999999e-10,8.04289294489295e-10,3.55109248859278e-13,-4.93995035729167e-14,-8.79564127226956e-14,-4.20661104325935e-07
721.810208,0.089488,5.7386e-08,8.02500000000004e-10,8.040148999649e-10,-8.61091611091595e-13,-5.86057867810481e-14,-1.34998007182112e-13,-6.45642643044883e-07
731.911158975,0.0907402875,5.8184e-08,8.17e-10,8.02567111267112e-10,-2.44629694629722e-13,-2.21428571120606e-13,-1.78048697886385e-13,-8.51537250760972e-07
741.9897268,0.0919898,5.902e-08,8.03874999999999e-10,8.03525640575641e-10,-3.69401544401764e-13,-4.31210211541504e-13,-2.19236539676416e-13,-1.04852258106112e-06
752.098945425,0.0932431125,5.979175e-08,8.10749999999996e-10,8.01828308178308e-10,-3.0289355914346e-13,-4.63626781659448e-13,-2.51818654903221e-13,-1.20435008866758e-06
762.1837644,0.0944934,6.06415e-08,8.00000000000001e-10,8.02919853457354e-10,7.30065373815571e-13,-4.72781104279897e-13,-2.75945211673598e-13,-1.31973796887373e-06
772.31042575,0.095748875,6.139175e-08,7.8725e-10,8.03288438925939e-10,-9.50820463320472e-13,-4.17469504457507e-13,-3.01411832987235e-13,-1.44153485341721e-06
782.3745756,0.0969966,6.2216e-08,8.121875e-10,8.01018212530713e-10,-2.59244471744578e-13,-3.44341829989443e-13,-3.2093017865102e-13,-1.53488346311357e-06
792.4796604,0.0982494,6.3016125e-08,8.00500000000008e-10,8.0276994998245e-10,-4.57417076167172e-13,-4.31594419402457e-13,-3.3384930143876e-13,-1.59667057209842e-06
802.579099,0.0995015,6.3817e-08,8.009375e-10,8.00103378378379e-10,-1.79401325026361e-12,-4.85477108530871e-13,-3.36559222788643e-13,-1.6096310655109e-06
812.673698,0.100753,6.4618e-08,8.05937499999999e-10,7.99181923481923e-10,1.3430348367847e-12,-3.93082420494283e-13,-3.25262403571779e-13,-1.55560279969112e-06
822.7658772,0.1020042,6.5428875e-08,7.60500000000002e-10,8.02789448051948e-10,5.18677606177903e-13,-2.71808681462115e-13,-3.16810386449056e-13,-1.51518010910418e-06
832.8677356,0.1032566,6.6139e-08,8.05062499999995e-10,8.00219278694279e-10,-3.08734204984209e-12,-2.42640065649058e-13,-3.05504480168626e-13,-1.46110838341517e-06
842.9445894,0.1045059,6.7039e-08,8.38312499999993e-10,7.96614763952264e-10,-5.98038785538836e-13,-3.14908779949158e-13,-2.7276661182622e-13,-1.30453596960366e-06
853.044028,0.105758,6.7815625e-08,7.60500000000002e-10,7.99023201123201e-10,8.9320594945589e-13,-2.38836235328432e-13,-2.33637912980572e-13,-1.11739871425491e-06
863.1382237,0.10700945,6.856e-08,7.87750000000007e-10,7.98401175851176e-10,-1.24036504036518e-12,-7.96476592194695e-14,-1.97319615918439e-13,-9.43702510914273e-07
873.2461316,0.1082626,6.9391125e-08,8.29000000000001e-10,7.96542471042471e-10,3.97321428571547e-13,-6.92721949509811e-14,-1.48981940323759e-13,-7.12522323287543e-07
883.3326646,0.1095131,7.0218e-08,7.86937499999998e-10,7.99195818708319e-10,8.95777027026941e-13,-5.11981147191096e-14,-9.58669110001213e-14,-4.58493922174493e-07
893.4296834,0.1107649,7.0965e-08,8.08999999999998e-10,7.98334025096525e-10,-1.43253773253784e-12,-2.91073672374131e-14,-4.73007280359492e-14,-2.26220873215409e-07
903.5218626,0.1120161,7.1836e-08,8.19499999999996e-10,7.96330743243243e-10,7.04227360477607e-13,-3.58345082625289e-14,5.8230192540169e-15,2.78492225192113e-08
913.6160583,0.11326755,7.2604e-08,7.81125000000003e-10,7.9974247981748e-10,1.33597534222553e-12,3.69360338205045e-14,5.41090411104816e-14,2.5878237052839e-07
923.712572975,0.1145192875,7.339825e-08,8.04812500000001e-10,7.99002693927694e-10,-9.92686030186174e-13,3.3360430112828e-14,9.03693299800907e-14,4.32201143383042e-07
933.810600025,0.1157712125,7.4213625e-08,7.68437499999996e-10,7.97757107757108e-10,9.84062390312215e-13,3.9881033334476e-14,1.23844121286308e-13,5.92297971369299e-07
943.8946124,0.1170214,7.4935125e-08,8.22687499999998e-10,8.00970818708319e-10,9.27597402597379e-13,1.57668174475455e-13,1.50896620271858e-13,7.21679488256712e-07
954.01078795,0.118275575,7.5859e-08,8.23562500000003e-10,7.99612302562302e-10,-1.35143471393477e-12,2.11789291279986e-13,1.76168623051845e-13,8.42545588508824e-07
964.0979259,0.11952615,7.658225e-08,7.38437500000002e-10,7.98267949280449e-10,7.51895401895665e-13,2.97091098297309e-13,2.05450691288235e-13,9.82590262682863e-07
974.195045525,0.1207779625,7.7335875e-08,8.40874999999997e-10,8.01116093366094e-10,1.36508862758899e-12,2.85520671105614e-13,2.23425228070417e-13,1.06855543859765e-06
984.2867206,0.1220291,7.8264e-08,8.17750000000008e-10,8.00998126535627e-10,-6.09457265707268e-13,2.03759232393474e-13,2.28966633327598e-13,1.09505781156677e-06
994.3877724,0.1232814,7.8971375e-08,7.06500000000001e-10,7.99897178834679e-10,-9.71634784134803e-14,3.86238800852749e-13,2.35909814448004e-13,1.12826432996871e-06
1004.474809525,0.1245319625,7.9677e-08,8.38999999999992e-10,8.008037995788e-10,1.0775776588278e-12,4.57853256319885e-13,2.4412734055547e-13,1.16756554178703e-06
1014.5745506,0.1257841,8.0649375e-08,8.71000000000002e-10,8.02052334152335e-10,4.03799578799467e-13,2.20596014981832e-13,2.41550916056079e-13,1.15524351157255e-06
1024.6808453,0.12703705,8.1419e-08,7.398125e-10,8.01611398736399e-10,-8.82063882063849e-13,2.10831387883035e-13,2.25568389030739e-13,1.07880533884266e-06
1034.7718146,0.1282881,8.2129e-08,8.18500000000002e-10,8.00288206388207e-10,-2.02149877149485e-13,3.31209161712883e-13,2.12282925420519e-13,1.01526616505466e-06
1044.870749075,0.1295401375,8.3056e-08,8.47937500000001e-10,8.012070989821e-10,2.46869515619824e-13,1.73419748740944e-13,2.0532511411351e-13,9.81989676195048e-07
1054.9497202,0.1307897,8.3824875e-08,7.37937500000002e-10,8.00781945419447e-10,-2.71674271674095e-13,8.80871552721666e-14,1.94819213031832e-13,9.31744062326153e-07
1065.0499654,0.1320419,8.4531875e-08,8.12750000000002e-10,8.00663750438752e-10,1.08595340470326e-12,1.76651091359788e-13,1.78153878750161e-13,8.52040289674683e-07
1075.140833875,0.1332929375,8.5450375e-08,8.49437500000002e-10,8.02953852228853e-10,7.66143822393554e-13,1.1660240684724e-13,1.51568128049383e-13,7.24891047192701e-07
1085.23997,0.134545,8.623075e-08,7.38812499999999e-10,8.02196038083539e-10,-5.75763425763539e-13,7.92275879376622e-14,1.22056069482092e-13,5.83746419262179e-07
1095.332048375,0.1357961875,8.6928e-08,8.19124999999993e-10,8.01802325377326e-10,1.0657884345386e-12,1.01208734204535e-13,9.81245763439754e-14,4.69291452079882e-07
1105.42654655,0.137047675,8.7869e-08,8.49687500000003e-10,8.04327614952616e-10,1.10541418041426e-12,3.77186965345152e-14,6.68491736257395e-14,3.19713439079624e-07
1115.52679175,0.138299875,8.8627375e-08,7.34500000000006e-10,8.04013153738155e-10,-2.89176026676312e-13,6.20362159919593e-14,2.78433129085905e-14,1.33163670432389e-07
1125.60203235,0.139548975,8.9338e-08,8.19812499999998e-10,8.03749262899263e-10,-6.78106353106624e-13,4.18509779899276e-14,-6.73196137200921e-15,-3.21963369965658e-08
1135.71115015,0.140802275,9.0267e-08,8.55000000000004e-10,8.02656941031941e-10,-1.15831651456658e-12,-1.07894756043733e-13,-3.6712032998941e-14,-1.75579288255805e-07
1145.8132102,0.1420547,9.1048e-08,7.47812500000003e-10,8.0143262987013e-10,7.18671024920872e-13,-8.77934989413518e-14,-6.08072059974314e-14,-2.90817072161628e-07
1155.9086158,0.1433063,9.1762625e-08,8.11499999999994e-10,8.04094283081783e-10,8.94230431730386e-13,-2.1662468070917e-14,-8.49385180335964e-14,-4.06227694943287e-07
1166.009365125,0.1445585625,9.2671e-08,8.48812500000005e-10,8.03221090733591e-10,-2.43224815724788e-12,-1.38751032272495e-13,-1.09392132734065e-13,-5.23179765249876e-07
1176.0986204,0.1458094,9.346025e-08,7.51500000000005e-10,7.99229786767287e-10,-9.04330466830568e-13,-2.26952317175273e-13,-1.20445360230546e-13,-5.76043027189568e-07
1186.188077325,0.1470602625,9.4174e-08,7.71812499999997e-10,8.0141242979993e-10,2.52216347841319e-12,-1.02081471505901e-13,-1.27350958052448e-13,-6.09069799381273e-07
1196.274408675,0.1483107375,9.5003875e-08,8.54000000000002e-10,8.04274113724114e-10,-5.72194190943986e-13,6.59804998907083e-15,-1.43531092423293e-13,-6.86453050720097e-07
1206.386147925,0.1495643625,9.5882e-08,8.04499999999999e-10,8.00268041418042e-10,-2.57000702000684e-12,-1.15686199064228e-13,-1.494198056991e-13,-7.14616462039174e-07
1216.483771675,0.1508162375,9.6612875e-08,7.67562499999999e-10,7.991340996841e-10,1.5195046507545e-12,-2.4290551859661e-13,-1.37640281563695e-13,-6.58279607478541e-07
1226.5635494,0.1520659,9.7417125e-08,8.43187499999995e-10,8.03307050719551e-10,1.76667909792892e-12,-2.88133310155099e-13,-1.35454832034249e-13,-6.47827457555104e-07
1236.663492125,0.1533180625,9.829925e-08,8.01812499999998e-10,8.02667457879958e-10,-1.64093980343997e-12,-2.6006532900091e-13,-1.448140082436e-13,-6.92588735078087e-07
1246.756679575,0.1545693875,9.902075e-08,7.61187500000001e-10,8.00025171112671e-10,-1.02737144612147e-12,-1.05932090425739e-13,-1.4451138741471e-13,-6.91141418070352e-07
1256.8570256,0.1558216,9.9821625e-08,8.47124999999998e-10,8.00612714987715e-10,3.34005352755559e-13,-1.19000759350846e-13,-1.36091529561625e-13,-6.50872532686033e-07
1266.94618005,0.157072425,1.00715e-07,8.07375000000006e-10,8.00693181818182e-10,-1.31675587925905e-13,-2.60717426576032e-13,-1.26365092953239e-13,-6.04354792385056e-07
1277.0470302,0.1583247,1.01436375e-07,7.54937499999994e-10,8.00349363811863e-10,-5.48808792559069e-13,-1.72606880315243e-13,-1.14472262099658e-13,-5.47476036128799e-07
1287.148787775,0.1595770875,1.02224875e-07,7.69312499999994e-10,7.99595564233064e-10,-8.26937083186732e-13,-2.87059860466585e-14,-1.01382513916909e-13,-4.84872892646086e-07
1297.241168625,0.1608283125,1.02975e-07,8.19062500000004e-10,7.9869548964549e-10,3.54745085995141e-13,-1.36006780872992e-14,-8.63003698450262e-14,-4.12740899258821e-07
1307.333347825,0.1620795125,1.03863e-07,8.56000000000005e-10,8.00305054405054e-10,1.25579150579159e-12,-4.04145102854982e-14,-7.35047082523167e-14,-3.51544256858906e-07
1317.4254262,0.1633307,1.04687e-07,7.71562500000003e-10,8.01207072657073e-10,-5.92174885924417e-13,-4.66807688459962e-14,-6.47090744597602e-14,-3.09478182198853e-07
1327.5236549,0.16458265,1.05406125e-07,7.71624999999998e-10,7.99120704633205e-10,-9.73589417339627e-13,1.05244509197604e-14,-4.92374523813635e-14,-2.35483467910869e-07
1337.61643905,0.165833925,1.0623025e-07,8.40000000000006e-10,7.99259893822394e-10,1.50564891189864e-12,2.32847876275184e-15,-2.90061205899144e-14,-1.3872492456046e-07
1347.7124496,0.1670856,1.07086125e-07,7.94374999999998e-10,8.02132002457003e-10,1.70071296946333e-12,-5.0273797367944e-14,-2.06932579907047e-14,-9.89677556077181e-08
1357.799083425,0.1683361125,1.07819e-07,7.68937499999997e-10,8.0266131976132e-10,-1.99097270972255e-12,5.04591702753429e-14,-2.58929214808046e-14,-1.23835711429935e-07
1367.908907,0.1695895,1.08624e-07,7.94750000000001e-10,7.98150057037558e-10,-2.7346108283606e-12,1.66905575238321e-13,-2.23371910309736e-14,-1.06830044061178e-07
1378.0123786,0.1708421,1.094085e-07,8.27499999999992e-10,7.97192098104599e-10,1.09083011583048e-12,1.93467703594175e-14,-2.56683452447311e-16,-1.22761651170453e-09
1388.0932654,0.1720919,1.10279e-07,8.42624999999999e-10,8.00331717269219e-10,2.23986925236922e-12,-2.02472252307254e-13,2.00434690783535e-14,9.58600695051689e-08
1398.192704,0.173344,1.1109375e-07,7.57125000000002e-10,8.01671836609338e-10,1.29621577746564e-12,-8.26535894498241e-14,2.69850250202244e-14,1.29058815314117e-07
1408.269053675,0.1745932375,1.1179325e-07,7.42125000000005e-10,8.0292414882415e-10,-8.84900403650761e-13,1.78526052782365e-13,2.35040960039444e-14,1.12410893931908e-07
1418.383212725,0.1758471625,1.12578e-07,8.55875000000008e-10,7.99902035802036e-10,-2.8748442435947e-12,1.55676551790505e-13,2.05938751891271e-14,9.84924465566948e-08
1428.47307295,0.177098075,1.13505e-07,8.39374999999996e-10,7.9717446033696e-10,6.79350210599968e-13,-1.19310705047955e-15,3.06376302349228e-14,1.46527796775718e-07
1438.567167825,0.1783495125,1.1425675e-07,7.34437499999998e-10,8.01260736223236e-10,2.90617760617765e-12,-1.3792312082082e-14,3.97801679432515e-14,1.90252977119898e-07
1448.6568264,0.1796004,1.14973875e-07,8.10125000000009e-10,8.02986815549316e-10,-3.38710951211086e-13,1.46386281060455e-14,3.77863725933098e-14,1.80717434141916e-07
1458.76332275,0.180853375,1.15877e-07,8.71062499999997e-10,8.00583314320814e-10,-1.52590601965634e-12,-2.62263170244611e-14,4.10382891718806e-14,1.96270078648125e-07
1468.85893,0.182105,1.16716e-07,7.60749999999996e-10,7.99935003510003e-10,2.6787908038072e-14,-5.01844261062506e-15,5.13795378579928e-14,2.45728224538226e-07
1478.942740725,0.1833551625,1.173985e-07,7.70500000000007e-10,8.0063689013689e-10,6.2102053352073e-13,8.87361635759605e-14,5.74898050468244e-14,2.74951241528291e-07
1489.03945705,0.184606925,1.18257e-07,8.32749999999992e-10,8.01177044577045e-10,-5.4813969813946e-13,7.97146560571622e-14,5.98239585191e-14,2.86114584221783e-07
1499.152708675,0.1858607375,1.19064e-07,7.99687499999992e-10,7.99540610740611e-10,-2.9510793260782e-13,-4.73708207211472e-14,6.56792165203118e-14,3.14117992053665e-07
1509.25365965,0.187113025,1.19856375e-07,8.06000000000014e-10,8.00586828711829e-10,1.89462530712519e-12,-9.76952103729179e-14,7.62072854087895e-14,3.64469625868124e-07
1519.3222458,0.1883613,1.20676e-07,7.86812500000001e-10,8.03329861354861e-10,-3.79813092313064e-13,6.46769393816439e-14,8.23266831258182e-14,3.93736310601739e-07
1529.418155525,0.1896129625,1.2143e-07,7.32499999999997e-10,7.99827202527203e-10,-3.4210556335557e-12,3.19673039138199e-13,9.01481119465184e-14,4.31143144092044e-07
1539.5275758,0.1908663,1.22141e-07,8.57687499999998e-10,7.9648775008775e-10,-6.75447525447569e-13,3.02521460887112e-13,1.13652480365085e-13,5.43555340876493e-07
1549.6286276,0.1921186,1.23145375e-07,8.79999999999992e-10,7.98476307476308e-10,3.04085644085625e-12,2.82817728930705e-14,1.41539313996262e-13,6.76927153895166e-07
1559.7127408,0.1933688,1.23901e-07,7.46437499999998e-10,8.02569462969463e-10,3.23569015443986e-12,-6.09404704204767e-14,1.49720924909124e-13,7.16056597391463e-07
1569.8000804,0.1946194,1.2463825e-07,7.29124999999996e-10,8.04947687785187e-10,-3.92686030185835e-13,8.44994126997391e-14,1.35382930824372e-13,6.47483582203518e-07
1579.896796725,0.1958711625,1.2535925e-07,7.98249999999999e-10,8.01784090909091e-10,-3.54454852579843e-12,2.59730362676217e-13,1.2470258945897e-13,5.96403688716813e-07
1589.981111575,0.1971213875,1.2623475e-07,8.73375000000008e-10,7.97858590733591e-10,-9.4801246051202e-13,2.68674963510941e-13,1.34351825346548e-13,6.42552208179143e-07
1600.10303415,0.198376275,1.27106e-07,8.3606250000001e-10,7.99888065988067e-10,2.67342488592539e-12,1.1363097927993e-13,1.4748578778075e-13,7.05366811125326e-07
1610.190877875,0.1996269375,1.27906875e-07,7.64124999999996e-10,8.03205440505441e-10,1.11603194103141e-12,1.05309106691206e-13,1.46902277103445e-13,7.02576107886041e-07
1620.281948,0.200878,1.2863425e-07,7.78562499999998e-10,8.0212012987013e-10,-1.68418743418923e-13,1.90497153065644e-13,1.38307421353798e-13,6.61470276039904e-07
1630.3950988,0.2021318,1.29464e-07,8.16000000000012e-10,8.02868603018603e-10,1.00890663390692e-12,1.1243074072534e-13,1.26355893445803e-13,6.04310794740797e-07
1640.48102685,0.203382225,1.3026625e-07,7.77499999999995e-10,8.04137943137943e-10,-9.50454106704126e-13,5.6837041310976e-14,1.07930120656711e-13,5.16187533575574e-07
1650.575726675,0.2046337375,1.31019e-07,7.88874999999991e-10,8.00967694805195e-10,-1.98799578799538e-12,1.62820802031491e-13,9.10135668050041e-14,4.35282276023933e-07
1660.652177175,0.2058829875,1.31844e-07,8.448125e-10,8.00161951561953e-10,1.42302123552173e-12,2.37512186143296e-13,8.12067056999316e-14,3.8837989682576e-07
1670.750607525,0.2071349625,1.32708625e-07,8.24499999999995e-10,8.03813737276239e-10,3.01236837486812e-12,1.53293295597646e-13,6.79495849590412e-14,3.24976275891067e-07
1680.847424675,0.2083867375,1.33493e-07,7.49875e-10,8.06186688311689e-10,1.14413829413794e-12,8.8733023330288e-14,4.14762084466703e-14,1.98364475179728e-07
1690.9344618,0.2096373,1.34208375e-07,7.68500000000011e-10,8.06102013864515e-10,-1.36846042471059e-12,1.78186868662937e-13,6.63179782603952e-15,3.17172939506238e-08
1701.046806,0.210891,1.3503e-07,8.798125e-10,8.03449767462268e-10,-3.63946340821333e-12,6.72561653291847e-14,-2.09262123626591e-14,-1.00081885212717e-07
1711.12628125,0.212140625,1.35968e-07,8.65249999999995e-10,7.98823087048088e-10,-1.83111179361146e-12,-2.73138432246897e-13,-2.95431287262518e-14,-1.41293224342943e-07
1721.21684725,0.213391625,1.367605e-07,7.64500000000007e-10,7.99787543875045e-10,2.86885310635277e-12,-3.61038721412544e-13,-3.17174481804201e-14,-1.51692143471574e-07
1731.298339,0.2146415,1.37497e-07,7.35687500000006e-10,8.04560793260793e-10,2.9297867672863e-12,-1.31119947532308e-13,-4.75943476231937e-14,-2.27625140806579e-07
1741.384872,0.215892,1.38231875e-07,7.89499999999995e-10,8.05647117409617e-10,-6.58849596349583e-13,1.06002622215276e-13,-7.20014121121321e-14,-3.44354579666719e-07
1751.5379495,0.21715075,1.39076e-07,8.36437499999994e-10,8.03243094068094e-10,-2.26020752895757e-12,9.0984337302301e-14,-8.80411444894387e-14,-4.21066343210359e-07
1761.525674,0.218389,1.3990475e-07,8.34000000000006e-10,8.01126702351702e-10,-9.95327307827194e-13,-1.54168624899185e-13,-9.00486896842488e-14,-4.30667646315973e-07
1771.56885225,0.219634125,1.40744e-07,8.1424999999999e-10,8.0125243945244e-10,1.60510266760603e-13,-3.11416234055779e-13,-8.79297844424886e-14,-4.20533751681467e-07
1781.682608,0.220888,1.4153325e-07,7.78937499999995e-10,8.01447722885223e-10,-1.86271498773005e-14,-2.3384737210508e-13,-9.18825241101846e-14,-4.39438158787839e-07
1791.85887525,0.222149625,1.42301875e-07,7.63375000000015e-10,8.01215185152685e-10,6.02393383643119e-13,-1.40014801243759e-13,-9.54286037484397e-14,-4.56397670101233e-07
1801.91717725,0.223396625,1.4306e-07,7.79562499999999e-10,8.0265250965251e-10,1.85296595296627e-12,-8.78177600387519e-14,-9.36923730242367e-14,-4.48093957942002e-07
1812.083362,0.224657,1.43861e-07,8.42562500000004e-10,8.04921117058618e-10,1.29964461214644e-13,-1.51107251182198e-14,-9.37010034645867e-14,-4.48135233961067e-07
1822.1719115,0.22590775,1.44745125e-07,8.53000000000001e-10,8.02912438574939e-10,-2.69388601263606e-12,-6.48014935318189e-14,-9.05724708583355e-14,-4.33172686713778e-07
1832.24937025,0.227157125,1.45567e-07,8.04874999999983e-10,7.99533345033346e-10,-1.96018559143575e-12,-1.77304900046266e-13,-7.32697302649435e-14,-3.50420449093208e-07
1842.33590325,0.228407625,1.46354875e-07,7.56812499999993e-10,7.98992067392068e-10,3.5770445770406e-13,-1.42925192295577e-13,-4.68762314045021e-14,-2.24190671934575e-07
1852.42243625,0.229658125,1.47080625e-07,7.42750000000002e-10,8.00248753948754e-10,1.15095208845076e-13,1.0359303499022e-14,-2.44787407460518e-14,-1.17072238350683e-07
1862.507961,0.2309085,1.47840375e-07,7.98375000000015e-10,7.99222257809758e-10,-1.17802737802735e-12,1.42716505246327e-13,-4.20832745778908e-15,-2.01267834937739e-08
1872.69229425,0.232171125,1.48677375e-07,8.43687500000009e-10,7.97892699192699e-10,1.5018230080732e-12,1.58477375815868e-13,2.7004066985163e-14,1.29149885581214e-07
1882.7596705,0.23341925,1.4952775e-07,8.33812499999988e-10,8.02225903825904e-10,4.04398911898938e-12,4.03912836165054e-14,5.56320079896188e-14,2.66066125167742e-07
1892.8583025,0.23467125,1.50345e-07,8.35624999999998e-10,8.05980677430678e-10,9.81368462618381e-13,-5.21771195634713e-14,6.07539083350473e-14,2.90562170298052e-07
1902.93072,0.23592,1.51199e-07,7.91062500000012e-10,8.04188640751141e-10,-2.68768646893643e-12,2.68095772891369e-14,5.44385736460943e-14,2.60358395698712e-07
1913.01624475,0.237170375,1.51927125e-07,7.355e-10,8.00605304492805e-10,-2.54106923481899e-12,1.47901693197826e-13,5.75233219825283e-14,2.7511153991644e-07
1923.10479425,0.238421125,1.5267e-07,7.66937499999995e-10,7.99106502281503e-10,-2.6534310284331e-13,1.32159403686235e-13,7.35903563879144e-14,3.51953878376982e-07
1933.1721705,0.23966925,1.53461e-07,8.15499999999998e-10,8.00074618287118e-10,1.60039048789036e-12,4.53332855517776e-14,9.11414257795915e-14,4.35893775467612e-07
1943.349446,0.240931,1.54301e-07,8.57999999999994e-10,8.02307283257284e-10,2.01559757809742e-12,3.77168887102456e-14,9.6600439004138e-14,4.62002099585008e-07
1953.435979,0.2421815,1.55177e-07,8.48687500000001e-10,8.04105813443313e-10,7.73940417689982e-13,9.17101686674861e-14,8.96881276578738e-14,4.2894321923331e-07
1963.522512,0.243432,1.55998375e-07,7.9100000000001e-10,8.03855164092664e-10,-6.41916023165973e-13,1.33198762049259e-13,8.01257591418708e-14,3.83210152417643e-07
1973.54855,0.244675,1.56759e-07,7.48249999999995e-10,8.02821981396981e-10,-1.08445068445063e-12,1.78113706988748e-13,6.93027324459868e-14,3.31447850828632e-07
1983.5403075,0.24591375,1.57494875e-07,7.49937500000002e-10,8.01686262723762e-10,-4.80956037205954e-13,2.38608257736036e-13,5.59030526720995e-14,2.67362425823085e-07
1993.616758,0.247163,1.58258875e-07,8.02562499999999e-10,8.01860069322569e-10,4.20215426466159e-13,1.89097186040443e-13,4.40882738750727e-14,2.10856962011217e-07
2003.88780075,0.248436375,1.591e-07,8.47374999999992e-10,8.02526693576695e-10,5.64489733239929e-13,1.96056463624521e-14,3.19679931062895e-14,1.52890401812689e-07
2013.995507,0.2496895,1.59953625e-07,8.55500000000004e-10,8.02989048789049e-10,6.29927167426466e-13,-7.27391305391854e-14,1.58992904678736e-14,7.6040084846352e-08
2024.0840565,0.25094025,1.60811e-07,8.11187499999999e-10,8.03786547911548e-10,1.92008160757741e-13,-2.35683114258699e-14,-2.76156221930861e-15,-1.32074714836499e-08
2034.156474,0.252189,1.61576e-07,7.83500000000002e-10,8.03373065110565e-10,-6.41867760617268e-13,-6.91208981222958e-15,-2.02318667885472e-14,-9.67611020321823e-08
2044.26418025,0.253442125,1.62378e-07,7.92000000000012e-10,8.02502812390313e-10,-6.14369076868285e-13,-1.51853541961924e-13,-3.27479906672265e-14,-1.56620824930214e-07
2054.361804,0.254694,1.6316e-07,7.71499999999988e-10,8.02144326956828e-10,-6.37734731484715e-13,-2.10802956269354e-13,-4.13698466544662e-14,-1.97855788347447e-07
2064.444304,0.255944,1.63921e-07,7.83937499999988e-10,8.01227342927344e-10,-3.46507546507979e-13,-6.18613422948069e-14,-4.97896479274724e-14,-2.3812440313139e-07
2074.5731835,0.25719975,1.64727875e-07,8.16500000000013e-10,8.01451311863812e-10,5.22525447525487e-13,3.01983013382011e-14,-5.77655148071192e-14,-2.76269853425353e-07
2084.66677425,0.258451125,1.65554e-07,8.19937500000002e-10,8.02272393822395e-10,5.97637328887712e-13,-2.27899293391412e-14,-6.19677782203313e-14,-2.96367634966802e-07
2094.72507625,0.259698125,1.6636775e-07,8.18812499999997e-10,8.02646586521588e-10,7.30475605475687e-13,-1.06241548240473e-13,-6.3961937965716e-14,-3.05904920705598e-07
2104.818667,0.2609495,1.67191625e-07,8.15125000000001e-10,8.03733345033346e-10,5.63658301158031e-13,-1.60237818753948e-13,-7.15015685796181e-14,-3.41964023641652e-07
2114.92435675,0.262202375,1.67998e-07,7.92874999999996e-10,8.03773903123904e-10,-4.81256581257215e-13,-1.72488985654545e-13,-8.43947510614574e-14,-4.03627070293927e-07
2125.003832,0.263452,1.68777375e-07,7.86000000000005e-10,8.02770831870831e-10,-1.13335161460197e-12,-1.45131965783037e-13,-9.1936057455239e-14,-4.39694187829404e-07
2135.166992,0.264712,1.6957e-07,7.93687500000005e-10,8.015071998947e-10,-1.37187609687561e-12,-1.13602920812022e-13,-8.7993329019701e-14,-4.20837660529005e-07
2145.245459,0.2659615,1.7036475e-07,7.84062500000004e-10,8.0002707967708e-10,-1.08764478764443e-12,-6.40225729015845e-14,-7.4152348486599e-14,-3.54641666675039e-07
2155.323926,0.267211,1.71138125e-07,7.89625000000012e-10,7.99331910319411e-10,3.89566514566628e-14,1.17204804577084e-14,-5.35805636135678e-14,-2.56254869456194e-07
2165.39936825,0.268460125,1.71944e-07,8.26437499999996e-10,8.00104992979994e-10,1.41685459810451e-12,4.30152804349383e-14,-3.05631961066001e-14,-1.46171807466348e-07
2175.4909425,0.26971125,1.72791e-07,8.48687499999988e-10,8.0216561951562e-10,1.45939803439767e-12,-4.28424665084949e-15,-1.27893481914001e-14,-6.11664478719135e-08
2185.56336,0.27096,1.73641375e-07,8.22687499999998e-10,8.03023789048789e-10,-8.02189364691347e-14,-7.02246162003637e-14,-2.89264025608089e-15,-1.3834366442126e-08
2195.74366025,0.272222125,1.74436375e-07,7.57312500000007e-10,8.02005181642682e-10,-1.54991883116868e-12,-3.83614372830305e-14,8.05893855501617e-15,3.85427496109469e-08
2205.825152,0.273472,1.75156e-07,7.41312500000002e-10,7.99923951386452e-10,-1.41632590382562e-12,6.97373443366971e-14,2.87231596238469e-14,1.37371632983616e-07
2215.903619,0.2747215,1.75919e-07,7.87812499999989e-10,7.9917252983503e-10,7.93997893998148e-13,1.33941162749931e-13,5.28850669900261e-14,2.52928581256647e-07
2225.97402,0.27597,1.76731625e-07,8.285e-10,8.01511947174448e-10,1.88097797472806e-12,1.36813861766484e-13,6.42751246006694e-14,3.07402769829288e-07
2236.05752825,0.277220125,1.77576e-07,8.53374999999998e-10,8.02934485784486e-10,7.37201649701331e-13,6.76764693073173e-14,6.38902770148322e-14,3.05562194418763e-07
2246.15011075,0.278471375,1.78438375e-07,8.52562500000002e-10,8.02986350473851e-10,-1.99543699543915e-13,-3.65813820925131e-14,6.70178735571393e-14,3.20520264838492e-07
2256.2437015,0.27972275,1.79281125e-07,8.04687500000004e-10,8.02535398385399e-10,-8.68258599508334e-13,-6.77870602901164e-14,7.77263488186004e-14,3.71734711741132e-07
2266.3826635,0.28097975,1.8004775e-07,7.3943749999999e-10,8.01249833274834e-10,-1.02019787644769e-12,1.69320699744018e-14,9.14226357702248e-14,4.37238692814119e-07
2276.483312,0.282232,1.8076e-07,7.18624999999998e-10,8.00495002632503e-10,1.55164092664652e-14,1.99343902080441e-13,1.02890768653423e-13,4.92086284864197e-07
2286.557746,0.283481,1.81485e-07,7.72500000000003e-10,8.01280866093367e-10,1.26600561600536e-12,3.35902528286757e-13,1.07448623200133e-13,5.1388471965281e-07
2296.640246,0.284731,1.82305e-07,8.53000000000015e-10,8.03027013864514e-10,1.68203097578049e-12,3.00080679722246e-13,1.03794211579259e-13,4.96407098857326e-07
2306.7247625,0.28598125,1.83191e-07,8.84250000000004e-10,8.04644928044928e-10,1.12990084240078e-12,1.61481692263959e-13,9.47483767919824e-14,4.53144410744264e-07
2316.81230375,0.287231875,1.840735e-07,8.56499999999992e-10,8.05286815549316e-10,-6.29889873639479e-13,1.96534743182738e-14,8.43918172722146e-14,4.03613039127983e-07
2326.96538125,0.288490625,1.84904e-07,7.920625e-10,8.03385148297649e-10,-2.36536284661223e-12,-6.32636886440597e-14,7.86319905909539e-14,3.76066041956736e-07
2337.04284,0.28974,1.85657625e-07,7.31999999999996e-10,8.00556089856091e-10,-1.50070419445407e-12,-1.7849730608141e-14,8.14128944760997e-14,3.89366017059607e-07
2347.13239775,0.290990875,1.86368e-07,7.25625000000006e-10,8.00383739908741e-10,1.1874429624421e-12,1.28503389451104e-13,8.65830373794116e-14,4.14092787466751e-07
2357.223972,0.292242,1.87108875e-07,7.92812500000007e-10,8.02930975780975e-10,2.42544313794291e-12,2.19407550924319e-13,8.38720550974472e-14,4.01127220031269e-07
2367.306472,0.293492,1.87953625e-07,8.67500000000005e-10,8.05234626184626e-10,8.39799052300111e-13,1.42218661945763e-13,7.19336172139597e-14,3.44030343197199e-07
2377.39199675,0.294742375,1.88843875e-07,8.77624999999993e-10,8.04610573885575e-10,-1.34197964197943e-12,-4.03915505012245e-14,6.09380007531785e-14,2.9144261229781e-07
2387.48054625,0.295993125,1.89708875e-07,8.32749999999998e-10,8.02550666900668e-10,-1.64914663039719e-12,-1.42527095958107e-13,5.90583181018366e-14,2.82452825704436e-07
2397.6185,0.29725,1.90509375e-07,7.63562500000007e-10,8.01312280624781e-10,-6.98141891891767e-13,-4.66443747358113e-14,6.36957977225363e-14,3.04632076064304e-07
2407.72822275,0.298503375,1.91236e-07,7.44312499999992e-10,8.01154383116884e-10,7.99151017901139e-13,1.18582205908477e-13,6.88800882517525e-14,3.29426509030121e-07
2417.807698,0.299753,1.91998e-07,7.68499999999998e-10,8.02910582660583e-10,2.18135749385719e-12,1.77149230189355e-13,6.78191441468208e-14,3.24352428528273e-07
2427.866,0.301,1.92773e-07,8.08500000000004e-10,8.05517098104598e-10,1.92123552123556e-12,1.14468205361947e-13,5.63724630562437e-14,2.69607432008122e-07
2437.956566,0.302251,1.93615e-07,8.42875e-10,8.06753053703055e-10,-3.77285889785887e-13,-9.27694174095548e-15,3.90315367606906e-14,1.86672567116346e-07
2448.0370495,0.30350075,1.9445875e-07,8.46437499999992e-10,8.04762526325027e-10,-2.82552211302225e-12,-9.16921658852959e-14,2.68746890081919e-14,1.28531121343526e-07
2458.19920125,0.304760625,1.95307875e-07,8.19624999999993e-10,8.0110200947701e-10,-2.50004826254859e-12,-6.38199302594552e-14,2.9946266833755e-14,1.43221276161437e-07
2468.27666,0.30601,1.96098e-07,7.73562500000006e-10,7.9976242979993e-10,1.80501930501977e-13,4.42752968503421e-14,4.42972565955439e-14,2.11856444587384e-07
2478.37831675,0.307262375,1.96855e-07,7.55062500000011e-10,8.01463013338014e-10,2.0358086170593e-12,1.56663543771749e-13,5.58450309601935e-14,2.67084930679186e-07
2488.46081675,0.308512375,1.97608125e-07,7.71000000000001e-10,8.03834047034048e-10,2.09480958230932e-12,2.05114008585389e-13,5.81898689266251e-14,2.78299373127337e-07
2498.53726725,0.309761625,1.98397e-07,8.14437499999996e-10,8.05652632502633e-10,1.04817699192686e-12,1.3869246162986e-13,5.33095776864548e-14,2.54958849804784e-07
2508.622792,0.311012,1.99237e-07,8.45124999999996e-10,8.05930401017902e-10,-1.04292734292697e-12,-8.72193737412575e-15,4.50670592232513e-14,2.15538109328593e-07
2518.785952,0.312272,2.0008725e-07,8.31687500000009e-10,8.03566777816779e-10,-2.35961740961737e-12,-7.2721916553129e-14,4.11970071975988e-14,1.97029164858081e-07
2528.85232,0.31352,2.00900375e-07,8.04812500000021e-10,8.01211166198667e-10,-1.14321911196933e-12,2.70725962419319e-14,4.70353030526038e-14,2.24951449382018e-07
2538.942886,0.314771,2.01696875e-07,7.92937499999984e-10,8.0128033959284e-10,1.47222709722688e-12,1.55175856380992e-13,5.66539774388576e-14,2.70953805142362e-07
2549.01732,0.31602,2.0248625e-07,7.89062499999983e-10,8.04155620393121e-10,2.8171024921022e-12,1.55447297371194e-13,5.81190391165904e-14,2.77960621861954e-07
2559.1179685,0.31727225,2.03275e-07,7.87125000000023e-10,8.06914544577044e-10,1.15726570726573e-12,4.36981207251204e-14,4.63762862574974e-14,2.21799629927161e-07
2569.174254,0.318519,2.040605e-07,8.006875e-10,8.06470151807652e-10,-1.4633577571071e-12,-5.70985662948688e-14,3.08050855425812e-14,1.47328669986258e-07
2579.289018,0.319773,2.04876375e-07,8.19187499999981e-10,8.0398782906283e-10,-2.20135354510375e-12,-8.69889587659712e-14,2.52541037826694e-14,1.20780496351897e-07
2589.432013,0.3210305,2.05698875e-07,8.13937500000008e-10,8.02067444717445e-10,-9.68056774307293e-13,-3.42287332472924e-14,3.09130302388795e-14,1.47844927229424e-07
2599.506447,0.3222795,2.0650425e-07,8.10437500000004e-10,8.02051715514216e-10,9.96441733941697e-13,7.99800172197824e-14,3.70546072113021e-14,1.77217686662749e-07
2609.584914,0.323529,2.0731975e-07,8.035625e-10,8.04060328185328e-10,2.01208099333104e-12,1.71367121264843e-13,3.39038941731291e-14,1.62149059088878e-07
2619.65632325,0.324777625,2.08111375e-07,8.055e-10,8.06075877500878e-10,1.0137021762023e-12,1.33634199298413e-13,1.96835320856706e-14,9.41386317140768e-08
2629.737815,0.3260275,2.0893075e-07,8.02374999999994e-10,8.06087732537733e-10,-6.83586346086507e-13,-3.16521108501461e-14,1.93024489961172e-15,9.23160604162127e-09
2639.80015,0.327275,2.09716125e-07,7.81500000000013e-10,8.04708704808705e-10,-1.48983195858247e-12,-1.41397091354178e-13,-1.01922472971114e-14,-4.87455305514023e-08
2649.9330625,0.32853125,2.1049375e-07,7.87437499999991e-10,8.03108068620568e-10,-1.15915452790521e-12,-8.2791812778273e-14,-1.33374821970722e-14,-6.37879583338236e-08
2660.098239,0.3297915,2.11291e-07,8.21624999999995e-10,8.02390395752894e-10,2.45897683396333e-14,2.64337729852059e-14,-1.05412554200717e-14,-5.04146998351255e-08
2670.15754925,0.331038625,2.12137e-07,8.33125000000009e-10,8.03157248157247e-10,1.2048459985964e-12,7.08224674967619e-14,-8.60355507289094e-15,-4.11474373051306e-08
2680.267272,0.332292,2.1295725e-07,8.17499999999988e-10,8.04800087750087e-10,1.27661898911923e-12,5.6165378607939e-14,-1.38404236152837e-14,-6.61933303339655e-08
2690.22172425,0.333526125,2.13772e-07,8.10374999999989e-10,8.05710486135486e-10,-2.45654176903752e-13,-3.09040547500495e-14,-2.73573590566718e-14,-1.30839543314517e-07
2700.206424,0.334764,2.14578e-07,7.79499999999997e-10,8.0430877939628e-10,-1.75037951912879e-12,-1.41095770673566e-13,-3.94699837500024e-14,-1.88769487500011e-07
2710.32824575,0.336018875,2.15331e-07,7.68000000000011e-10,8.02209727097228e-10,-1.08272200772221e-12,-1.48091382768771e-13,-3.96883553723159e-14,-1.89813873519772e-07
2720.55190075,0.337286375,2.16114e-07,7.75125000000009e-10,8.02143335380835e-10,7.36019217268137e-13,-2.21527595969193e-14,-3.11927516753555e-14,-1.49182725403874e-07
2730.687838,0.338543,2.1688125e-07,8.04000000000012e-10,8.03681765531764e-10,1.41369340119369e-12,1.19052591501355e-13,-2.59043005712025e-14,-1.23890133166621e-07
2740.754206,0.339791,2.17722e-07,8.57249999999986e-10,8.04970722183223e-10,7.18877237628378e-13,9.7614609961577e-14,-3.08586705061951e-14,-1.47584945899194e-07
2750.852838,0.341043,2.1859575e-07,8.48999999999984e-10,8.05119520007021e-10,-2.95208845208925e-13,-7.9304813866814e-14,-4.30004344560706e-14,-2.05654251746425e-07
2760.93634625,0.342293125,2.1942e-07,8.09812500000014e-10,8.04380304492805e-10,-9.27336346086659e-13,-2.22234103065877e-13,-5.45483964306049e-14,-2.60883635102893e-07
2771.00876375,0.343541875,2.20215375e-07,7.71625000000005e-10,8.03264847314848e-10,-8.21231133730959e-13,-2.03916598885415e-13,-5.94355333918892e-14,-2.84256898830774e-07
2781.189064,0.344804,2.2096325e-07,7.46562500000001e-10,8.02737842225343e-10,-7.80953843452907e-14,-5.06140567262783e-14,-5.62217822832671e-14,-2.68886784833017e-07
2791.227201,0.3460485,2.217085e-07,7.74562499999993e-10,8.03108656546157e-10,1.01683266058307e-12,1.02499071986642e-13,-4.70859160461698e-14,-2.2519351152516e-07
2801.394394,0.347309,2.22512375e-07,8.37749999999991e-10,8.04771507546509e-10,1.44483590733656e-12,1.14922692757968e-13,-3.91836042530242e-14,-1.87399846427507e-07
2811.49605075,0.348561375,2.23384e-07,8.66249999999996e-10,8.0599832836083e-10,-1.24339680589215e-13,-1.53284218669485e-16,-3.9892537651046e-14,-1.90790397461524e-07
2821.5735095,0.34981075,2.24244875e-07,8.37250000000017e-10,8.0452282818533e-10,-2.058570989821e-12,-1.28810537242401e-13,-4.38841372202595e-14,-2.09880656270806e-07
2831.658026,0.351061,2.250585e-07,7.89062500000023e-10,8.01881186381188e-10,-1.62554185679239e-12,-1.73385583187316e-13,-3.87850683977667e-14,-1.85493805380623e-07
2841.82017775,0.352320875,2.25823e-07,7.47749999999994e-10,8.01271744471746e-10,3.58542471042379e-13,-9.09050018598567e-14,-2.31728562112647e-14,-1.10826703619092e-07
2851.911752,0.353572,2.26554e-07,7.51499999999992e-10,8.02598271323273e-10,1.42434626184614e-12,5.80341471657287e-14,-5.87177242458087e-15,-2.80823898566911e-08
2861.97812,0.35482,2.27326e-07,7.98499999999992e-10,8.04120436995438e-10,1.45934757809692e-12,1.57838841003908e-13,8.10610527170957e-15,3.87683295603501e-08
2872.07171075,0.356071375,2.28151e-07,8.55999999999991e-10,8.05516966479467e-10,4.66764654264004e-13,8.84940487945502e-14,1.81609759202355e-14,8.6856841357648e-08
2882.155219,0.3573215,2.29038e-07,8.66187500000008e-10,8.05053966303966e-10,-1.38004343629378e-12,-9.30272494360839e-14,2.55161041000866e-14,1.2203354134824e-07
2892.229653,0.3585705,2.29883375e-07,8.16000000000012e-10,8.02756879606879e-10,-2.37087135837146e-12,-1.75868780693295e-13,3.57562622207145e-14,1.71008210620808e-07
2902.316186,0.359821,2.3067e-07,7.6700000000001e-10,8.00312223587223e-10,-1.26756756756758e-12,-8.60172301872117e-14,5.49242851159029e-14,2.62681363597797e-07
2912.48640375,0.361081875,2.31417375e-07,7.53499999999994e-10,8.00221744471744e-10,1.52379343629334e-12,7.89456301810258e-14,8.08921430012855e-14,3.86875466527887e-07
2922.55680475,0.362330375,2.32177e-07,7.8018749999999e-10,8.0335981045981e-10,3.21079326079285e-12,1.93027736388918e-13,1.01387783221046e-13,4.84898093665872e-07
2932.644346,0.363581,2.3297775e-07,8.20375000000001e-10,8.0664333099333e-10,1.89464724464759e-12,1.91253163653949e-13,1.07588785605228e-13,5.14555061590221e-07
2942.72785425,0.364831125,2.3381775e-07,8.34562500000009e-10,8.07149104949105e-10,-9.88520094769191e-13,1.20074899889704e-13,1.05541078089844e-13,5.04761677820993e-07
2952.8073295,0.36608075,2.34646875e-07,8.27625000000002e-10,8.04666290803791e-10,-2.73606089856036e-12,8.28330409972554e-14,1.09047039884377e-13,5.21529321186151e-07
2962.88882125,0.367330625,2.35473e-07,8.040625e-10,8.01676983151984e-10,-1.95745656370688e-12,9.94428466953311e-14,1.25172312913814e-13,5.98650192196502e-07
2973.063072,0.368592,2.36255e-07,7.71499999999988e-10,8.00751377676378e-10,6.00043875043023e-13,1.74347797703799e-13,1.48277956658462e-13,7.09155444888297e-07
2983.1314565,0.36984025,2.37016e-07,7.69312499999981e-10,8.0287707090207e-10,2.39572437697381e-12,2.90016275038695e-13,1.65506988234466e-13,7.91555161121359e-07
2993.228072,0.371092,2.37793625e-07,8.03499999999998e-10,8.05542826430325e-10,2.27864382239366e-12,3.13336536463113e-13,1.70262596191761e-13,8.14299373091031e-07
3003.30351425,0.372341125,2.38623e-07,8.35937500000007e-10,8.07434358546858e-10,6.63028694279614e-13,1.89725773583763e-13,1.65860357996753e-13,7.93245190419253e-07
3013.380973,0.3735905,2.394655e-07,8.31500000000003e-10,8.06868883818885e-10,-1.4365566865551e-12,6.84289962265445e-14,1.61090611378833e-13,7.70433358768332e-07
3023.471539,0.3748415,2.40286e-07,8.09124999999995e-10,8.04561245173747e-10,-2.18180063180029e-12,9.40810938017155e-14,1.64046560155451e-13,7.84570505091287e-07
3033.63167425,0.376101125,2.4108375e-07,7.94437499999999e-10,8.02505282555284e-10,-1.07599815724919e-12,1.991127620661e-13,1.74485598598739e-13,8.34496341124404e-07
3043.6990505,0.37734925,2.41874875e-07,7.90124999999999e-10,8.02409248859249e-10,1.58018603018542e-12,2.51160271300313e-13,1.84538598566742e-13,8.82575906188766e-07
3053.8057485,0.37860225,2.42664e-07,7.97562500000006e-10,8.05665654615655e-10,3.06389303264275e-12,2.22469430998803e-13,1.80978567788806e-13,8.6554967203342e-07
3063.88925675,0.379852375,2.4347e-07,8.22000000000006e-10,8.08537034924534e-10,1.65312390312372e-12,1.27588588164264e-13,1.58579759817467e-13,7.58424938257451e-07
3073.95965775,0.381100875,2.44308e-07,8.29000000000014e-10,8.08971902421902e-10,-5.19976307475753e-13,7.68389279839366e-15,1.28130060680171e-13,6.12795942383426e-07
3084.0371165,0.38235025,2.45128e-07,8.01125000000012e-10,8.07497082309583e-10,-1.67332397332326e-12,-3.30468161040968e-14,1.02754185824774e-13,4.91433062640223e-07
3094.129699,0.3836015,2.4591025e-07,7.82500000000001e-10,8.05625254475256e-10,-1.35408915408884e-12,7.69444138151381e-14,8.73130604895593e-14,4.17584202341371e-07
3104.288826,0.384861,2.46693e-07,7.78062499999997e-10,8.04788904001405e-10,2.07831695331164e-13,2.4768458657529e-13,7.77641574265824e-14,3.71915535518438e-07
3114.36426825,0.386110125,2.47466375e-07,8.08437499999989e-10,8.06040917865918e-10,1.19709108459045e-12,2.92325437847866e-13,6.45899435194291e-14,3.08908425527704e-07
3124.4477765,0.38736025,2.48309875e-07,8.42937499999988e-10,8.07183086170586e-10,4.59365128115471e-13,1.36957826734893e-13,4.31025960749196e-14,2.06142850793094e-07
3134.504062,0.388607,2.4915225e-07,8.25374999999993e-10,8.06959648122149e-10,-2.01088101087795e-13,-8.11902777337578e-14,1.86072642190924e-14,8.89912636565289e-08
3144.57547125,0.389855625,2.49960625e-07,7.93500000000013e-10,8.06780909968411e-10,-4.83298964549888e-13,-1.68369937398955e-13,-3.65599826217838e-15,-1.74852090799836e-08
3154.67410325,0.391107625,2.5073925e-07,7.80187500000003e-10,8.05993050193049e-10,-8.82713232713575e-13,-6.90154223012665e-14,-2.09886594160326e-14,-1.00380545033199e-07
3164.8140735,0.39236475,2.51521e-07,8.06062500000003e-10,8.05015483502983e-10,-2.96448315197489e-13,7.90889352528769e-14,-3.06992197784847e-14,-1.46822355462318e-07
3174.914722,0.393617,2.52351375e-07,8.10000000000019e-10,8.05400153562654e-10,9.53850035100188e-13,1.29105236625761e-13,-3.65759254570294e-14,-1.74928339142315e-07
3185.01839525,0.394869625,2.53141e-07,8.25999999999984e-10,8.06923183573184e-10,1.04577044576989e-12,2.296643637677e-14,-4.77080768020163e-14,-2.28169062966165e-07
3195.1180355,0.39612175,2.54003375e-07,8.20499999999964e-10,8.07491694454194e-10,-5.75906019656618e-13,-1.86024685248474e-13,-6.61537503179106e-14,-3.16387501520442e-07
3205.198519,0.3973715,2.54782e-07,8.04312500000007e-10,8.05771371533871e-10,-1.4594397156898e-12,-3.40114019057376e-13,-8.23544553520229e-14,-3.93869134292283e-07
3215.285052,0.398622,2.55612e-07,7.94500000000014e-10,8.04572815022814e-10,-2.93326605826642e-14,-3.41486671596293e-13,-9.00079120329644e-14,-4.30472622766351e-07
3225.36251075,0.399871375,2.56371e-07,7.73499999999991e-10,8.05712706212705e-10,1.29518252018205e-12,-1.69137205655247e-13,-9.48619096270406e-14,-4.53687393868455e-07
3235.52163775,0.401130875,2.57159e-07,8.04000000000012e-10,8.07163180063179e-10,1.18417207792196e-12,3.38615119121649e-14,-1.0137770576042e-13,-4.84849897115052e-07
3245.61018725,0.402381625,2.57979e-07,8.24125000000012e-10,8.08081050368549e-10,4.04756054756667e-13,8.19134501079635e-14,-1.07970182473605e-13,-5.16379133569415e-07
3255.68663775,0.403630875,2.5880725e-07,8.21499999999992e-10,8.07972692172692e-10,-1.03691865566758e-12,-1.06110059554524e-14,-1.13837329320723e-13,-5.4443940109911e-07
3265.7721625,0.40488125,2.59622e-07,8.07187499999981e-10,8.06007213057214e-10,-2.27786942786852e-12,-1.36587071680052e-13,-1.17435954424846e-13,-5.61650216814481e-07
3275.85567075,0.406131375,2.60421625e-07,7.97499999999991e-10,8.03416953316955e-10,-1.97594550719511e-12,-2.04239943174544e-13,-1.13711497600463e-13,-5.43837597219606e-07
3285.93817075,0.407381375,2.61217e-07,7.82687500000019e-10,8.02055322042824e-10,1.25923569673843e-13,-1.46461362364171e-13,-9.94898149911674e-14,-4.75820854305583e-07
3296.106372,0.408642,2.61987e-07,8.01687500000014e-10,8.03668800456303e-10,2.42932388557337e-12,-2.96579971898976e-14,-8.02597260157585e-14,-3.83850863553628e-07
3306.188872,0.409892,2.62820375e-07,8.38062499999986e-10,8.06913969813971e-10,2.28555633555496e-12,7.15893813969393e-15,-6.56632707081733e-14,-3.14041729473872e-07
3316.25826475,0.411140375,2.63663125e-07,8.23812500000016e-10,8.08239913127412e-10,-4.43947437697281e-13,-2.44037980601944e-14,-5.76019627750142e-14,-2.75487648054416e-07
3326.34479775,0.412390875,2.64468e-07,8.02312500000031e-10,8.06026074938576e-10,-2.97934582309496e-12,-5.3764634459982e-14,-4.75028278785846e-14,-2.27187437680187e-07
3336.43334725,0.413641625,2.6526775e-07,7.9143749999997e-10,8.02281221481223e-10,-2.73663785538796e-12,-8.205029373636e-14,-2.51757905357178e-14,-1.20405954736042e-07
3346.518872,0.414892,2.66050875e-07,7.82374999999971e-10,8.005527992278e-10,-3.06285100034588e-13,-9.50794589517726e-14,8.98881595293716e-15,4.29899893401342e-08
3356.6679165,0.41615025,2.668325e-07,7.85750000000011e-10,8.01668651281153e-10,2.51112671112719e-12,-4.73706029628256e-14,4.53252877541316e-14,2.16773115345847e-07
3366.7484,0.4174,2.67622375e-07,8.09312500000013e-10,8.05575052650054e-10,3.60941777816656e-12,3.82779531924373e-14,7.2497148210589e-14,3.46725491441947e-07
3376.838966,0.418651,2.68451125e-07,8.51750000000006e-10,8.08887486837486e-10,1.82742190242092e-12,5.0455735578583e-14,8.50880736183258e-14,4.06942960783297e-07
3386.937598,0.419903,2.69325875e-07,8.34437499999992e-10,8.09229896454896e-10,-1.04254124254059e-12,1.16568967564829e-14,8.83518055244779e-14,4.22552113377938e-07
3397.012032,0.421152,2.7012e-07,7.70562500000002e-10,8.06802404352405e-10,-3.0003202878201e-12,8.28858952559824e-14,9.19101883480041e-14,4.39570466012193e-07
3407.08747425,0.422401125,2.70867e-07,7.54812500000017e-10,8.03229255879256e-10,-2.34096393471392e-12,2.11023393329345e-13,1.04689818705522e-13,5.00690437287279e-07
3417.17400725,0.423651625,2.71629625e-07,7.82500000000001e-10,8.02120476482977e-10,2.84459459460463e-13,2.41445073927354e-13,1.2656089946536e-13,6.05291258312591e-07
3427.33313425,0.424911125,2.72432e-07,8.18312499999997e-10,8.03798174798177e-10,1.93569015444101e-12,1.93390759487476e-13,1.47955205566698e-13,7.07611852710295e-07
3437.41765075,0.426161375,2.7326625e-07,8.44499999999992e-10,8.05991856791859e-10,1.83504519129505e-12,1.49932370831696e-13,1.61579392957383e-13,7.7277100979618e-07
3447.4870435,0.42740975,2.74121e-07,8.48374999999993e-10,8.07468265180767e-10,7.36977886976926e-13,1.39414189007416e-13,1.65511467439301e-13,7.91576583405353e-07
3457.579626,0.428661,2.74963e-07,8.14999999999998e-10,8.07465812565813e-10,-8.14792471043372e-13,1.55929933787935e-13,1.61940912935827e-13,7.74500018388738e-07
3467.658093,0.4299105,2.75751e-07,7.67624999999987e-10,8.0583868023868e-10,-1.31469813969863e-12,2.1643761363006e-13,1.56571673800542e-13,7.48821048611288e-07
3477.7547085,0.43116225,2.7649825e-07,7.57125000000015e-10,8.04836416286416e-10,-1.53810547560953e-13,3.07067987437418e-13,1.52908726683389e-13,7.31302605877078e-07
3487.915852,0.432422,2.7726525e-07,7.82687500000019e-10,8.05531059143558e-10,9.48685942435995e-13,3.40732940384924e-13,1.48698931056112e-13,7.11168800703144e-07
3497.9882695,0.43367075,2.78063625e-07,8.36374999999979e-10,8.06733788171288e-10,7.75291769042455e-13,2.4834678264863e-13,1.40300270989085e-13,6.71001296034754e-07
3508.080852,0.434922,2.78938e-07,8.67000000000004e-10,8.07081642681643e-10,3.01404001403827e-13,6.19922808874572e-14,1.27299403857876e-13,6.08823235842016e-07
3518.15629425,0.436171125,2.79797625e-07,8.58187500000012e-10,8.07336596174096e-10,4.45415057914461e-13,-8.02403223573613e-14,1.08843250231288e-13,5.20554675019203e-07
3528.23677775,0.437420875,2.80654375e-07,8.02499999999997e-10,8.07972472797472e-10,4.74484468234507e-13,-8.73348627433981e-14,8.37555071503219e-14,4.00569816805887e-07
3538.31726125,0.438670625,2.81402625e-07,7.47312499999996e-10,8.08285565110565e-10,9.43532818566453e-15,2.18334429105543e-14,5.51276525887041e-14,2.63653990641628e-07
3548.4007695,0.43992075,2.82149e-07,7.43312500000018e-10,8.07991343453844e-10,1.64555545805565e-13,1.41213571701388e-13,2.67030181102185e-14,1.27710086614088e-07
3558.56292125,0.441180625,2.8288925e-07,7.87500000000006e-10,8.08614676202176e-10,1.95496226745762e-13,1.56052227349066e-13,-3.84234111286813e-15,-1.8376414018065e-08
3568.65348725,0.442431625,2.83724e-07,8.44374999999988e-10,8.08382335907335e-10,-1.35078316953304e-12,5.9084295955939e-14,-3.83475539006948e-14,-1.83401344742453e-07
3578.739012,0.443682,2.84578e-07,8.57187500000011e-10,8.0591310986311e-10,-1.61801289926212e-12,-8.75958160734316e-14,-6.84408275992281e-14,-3.273256972137e-07
3588.813446,0.444931,2.85438375e-07,8.36874999999993e-10,8.05146310108811e-10,7.80677430677964e-13,-1.83002998040804e-13,-8.94257112128409e-14,-4.27688184061413e-07
3598.8858635,0.44617975,2.8625175e-07,7.96812499999986e-10,8.07474464724466e-10,2.53622104247105e-12,-1.86802331669825e-13,-1.08472592798696e-13,-5.18781965558981e-07
3608.99155325,0.447432625,2.87032e-07,7.81624999999977e-10,8.10218752193753e-10,1.45195463320444e-12,-1.6124589924643e-13,-1.31744021829569e-13,-6.30080104402287e-07
3619.14261425,0.448691125,2.87815e-07,7.78999999999984e-10,8.10378373990875e-10,-1.01409924534978e-12,-1.47717363496853e-13,-1.56893254584654e-13,-7.50359043665737e-07
3629.22914725,0.449941625,2.8859e-07,7.98000000000005e-10,8.08190553703053e-10,-2.51914487539514e-12,-1.52664221255193e-13,-1.77513334581452e-13,-8.48976817563466e-07
3639.30761425,0.451191125,2.89411e-07,8.17187500000019e-10,8.05340084240084e-10,-2.4736596174099e-12,-1.69533590727273e-13,-1.8897120841862e-13,-9.03775344610791e-07
3649.39414725,0.452441625,2.90224375e-07,8.21500000000019e-10,8.03243234468234e-10,-1.02471481221509e-12,-1.88380488045611e-13,-1.88553066567542e-13,-9.0177553575781e-07
3659.479672,0.453692,2.91054e-07,8.27374999999995e-10,8.03290654615654e-10,8.24631449632008e-13,-2.17463875084449e-13,-1.76477364751194e-13,-8.44022179244841e-07
3669.54906475,0.454940375,2.91879125e-07,8.12124999999998e-10,8.04892497367498e-10,1.68806598806624e-12,-2.32514673268364e-13,-1.57694034902992e-13,-7.54188862579527e-07
3679.713233,0.4562005,2.9267825e-07,8.14437500000022e-10,8.06666786591787e-10,1.2855058792555e-12,-2.44990203498812e-13,-1.39404180138966e-13,-6.66715644142881e-07
3689.807832,0.457452,2.93508e-07,8.03750000000005e-10,8.07463509126009e-10,-1.98262548262188e-13,-2.43263352014761e-13,-1.26382660689344e-13,-6.04438811992515e-07
3699.898398,0.458703,2.9428575e-07,7.75312499999974e-10,8.06270261495262e-10,-1.68426640926587e-12,-1.95237087282748e-13,-1.15500079542898e-13,-5.52391684770382e-07
3709.96375775,0.459950875,2.95058625e-07,7.70125000000003e-10,8.04094976307477e-10,-1.80659441909432e-12,-1.36250985676395e-13,-1.01923832415577e-13,-4.87461807204933e-07
3720.047266,0.461201,2.95826e-07,7.99187499999998e-10,8.02657072657074e-10,-3.81627325376811e-13,-9.06961861588134e-14,-8.01749692742922e-14,-3.83445505224876e-07
3730.1217,0.46245,2.96657e-07,8.29875000000011e-10,8.03331721656723e-10,1.21625570375574e-12,-3.43365215888972e-14,-4.85756538890754e-14,-2.32318344686882e-07
3740.21327425,0.463701125,2.9748575e-07,8.53500000000002e-10,8.05089584064585e-10,1.51213583713571e-12,2.80909481372067e-14,-1.09693073306701e-14,-5.2461904624944e-08
3750.3734095,0.46496075,2.98364e-07,8.54124999999993e-10,8.06355993330995e-10,4.457419269928e-13,1.86700337246203e-14,2.71058585421646e-14,1.29636714766874e-07
3760.4599425,0.46621125,2.99194e-07,7.89999999999996e-10,8.05981067918571e-10,-9.28185328184887e-13,-1.99851532291724e-14,6.16770268888736e-14,2.949770851207e-07
3770.5424425,0.46746125,2.99944e-07,7.18999999999995e-10,8.04499622674625e-10,-1.03621007371012e-12,3.87411903106234e-14,9.29889787140798e-14,4.44729898197773e-07
3780.26499725,0.468666625,3.00632e-07,7.17937500000005e-10,8.0390864777115e-10,9.75737100736996e-14,1.92628207692e-13,1.23792552203471e-13,5.92051336625296e-07
3790.25373,0.469905,3.01379875e-07,7.98437500000004e-10,8.04694770094772e-10,9.73214285713048e-13,3.2441280093707e-13,1.54846720128094e-13,7.40571270177841e-07
3800.481418,0.471173,3.02228875e-07,8.79062500000006e-10,8.05855076342577e-10,9.6798218673094e-13,3.53171166552274e-13,1.8520928883006e-13,8.857835552742e-07
3810.90974775,0.472465875,3.03138e-07,8.92062499999994e-10,8.06630734468234e-10,-1.88171288171203e-13,2.949247349876e-13,2.13449167054812e-13,1.02084384243606e-06
3820.960992,0.473712,3.04013e-07,8.4e-10,8.05478733766234e-10,-1.12151851526802e-12,2.05570908373537e-13,2.38200754517874e-13,1.13922099986809e-06
3831.059624,0.474964,3.04818e-07,7.65187500000013e-10,8.04387697437698e-10,-9.94954369953341e-14,1.52862435923949e-13,2.58408465723255e-13,1.23586657519818e-06
3841.14111575,0.476213875,3.05543375e-07,7.25874999999999e-10,8.05279742892243e-10,9.12497806247606e-13,1.73342368360279e-13,2.72554128200128e-13,1.30351974356583e-06
3851.23269,0.477465,3.0626975e-07,7.57812499999994e-10,8.06212693050193e-10,1.23633950509021e-12,2.41388671515501e-13,2.80158603706643e-13,1.33988897424916e-06
3861.327289,0.4787165,3.07059e-07,8.19937500000015e-10,8.07752421902424e-10,8.87534626873885e-13,3.05208165370996e-13,2.80331652789139e-13,1.34071660029588e-06
3871.4118055,0.47996675,3.07909625e-07,8.88499999999989e-10,8.07987762303941e-10,2.11699710595939e-13,2.981254793093e-13,2.65871134006972e-13,1.27155759742465e-06
3881.609246,0.481231,3.08836e-07,8.86687500000005e-10,8.08175821323616e-10,1.64418328757642e-13,2.83936309380356e-13,2.45866431194885e-13,1.17588293180162e-06
3891.691746,0.482481,3.09683e-07,8.18499999999989e-10,8.08316598961456e-10,1.17136946918001e-13,2.62640655584818e-13,2.20317544353262e-13,1.05369260342864e-06
3901.75912225,0.483729125,3.10473e-07,7.39124999999995e-10,8.08410095217452e-10,6.98555650750518e-14,2.34238517921446e-13,1.89224473481277e-13,9.0498661230176e-07
3911.86582025,0.484982125,3.1116125e-07,7.24125000000031e-10,8.08456310091607e-10,2.25741832378925e-14,1.98729896391066e-13,1.52587218579758e-13,7.2976495842493e-07
3921.94227075,0.486231375,3.1192125e-07,7.79374999999994e-10,8.08455243583928e-10,-2.47071986017483e-14,1.56114790994093e-13,1.10405779648496e-13,5.28027641797155e-07
3932.021746,0.487481,3.1272e-07,8.45374999999989e-10,8.08406895694403e-10,-7.19885804446979e-14,1.06393201729285e-13,6.26801566866651e-14,2.99774662414485e-07
3942.184906,0.488741,3.13612e-07,8.79187500000009e-10,8.08311266423038e-10,-1.1926996228103e-13,4.95651285974693e-14,9.41034969550611e-15,4.50060202828553e-08
3952.27446375,0.489991875,3.14478375e-07,8.36499999999983e-10,8.08168355769841e-10,-1.66551344120671e-13,-1.43694284017671e-14,-4.94036413260151e-14,-2.36278284602681e-07
3962.3438565,0.49124025,3.15285e-07,7.85624999999981e-10,8.07978163734797e-10,-2.13832725964447e-13,-8.54104692671836e-14,-1.13761816377071e-13,-5.44078252238166e-07
3972.428373,0.4924905,3.16049625e-07,7.56562500000013e-10,8.07740690317912e-10,-2.6111410780078e-13,-1.63557994000435e-13,-1.83664175458076e-13,-8.78393882625581e-07
3982.510873,0.4937405,3.16798125e-07,7.66687500000001e-10,8.07455935519195e-10,-3.08395489641248e-13,-2.48812002601107e-13,-2.59110718569444e-13,-1.23922517576691e-06
3992.605472,0.494992,3.17583e-07,8.28937499999999e-10,8.0712389933863e-10,-3.5567687148337e-13,-3.41172495068786e-13,-3.40101445710346e-13,-1.62657213165818e-06
4002.76157425,0.496251125,3.18456e-07,8.44499999999992e-10,8.06744581776228e-10,-4.02958253320529e-13,-4.40639471403059e-13,-4.2663635688161e-13,-2.04043475030335e-06
4012.835,0.4975,3.19272e-07,8.16437499999998e-10,8.06317982831989e-10,-4.50239635160997e-13,-5.47212931605167e-13,-5.18715452082203e-13,-2.48081303169749e-06
4022.925566,0.498751,3.20088875e-07,8.055e-10,8.05844102505906e-10,-4.9752101700312e-13,-6.60892875674282e-13,-6.16338731312951e-13,-2.94770697584455e-06
4033.012099,0.5000015,3.20883e-07,7.94124999999978e-10,8.05322940797982e-10,-5.21161707924181e-13,-7.8167930360999e-13,-7.19506194573855e-13,-3.44111658274452e-06
