wvnmbr,Voltage,Current,DerivativeY1,DerivativeY1_1,DerivativeY2,DerivativeY2_1,DerivativeY2_2,Alpha
-4032.85380375,-0.499981875,-3.57375e-07,9.9800000000002e-10,9.6039094272845e-10,-6.78502630782135e-12,-7.51828894185885e-12,-7.55399471316277e-12,NaN
-4022.780378,-0.498733,-3.56377e-07,9.47000000000015e-10,9.53605916420629e-10,-6.60052228508189e-12,-6.94132995136525e-12,-6.9643494133556e-12,NaN
-4012.689812,-0.497482,-3.55481e-07,9.29812500000004e-10,9.47189898158286e-10,-6.23151423960318e-12,-6.38600261953475e-12,-6.39761487818907e-12,NaN
-4002.607312,-0.496232,-3.54517375e-07,9.38062499999994e-10,9.41142887941422e-10,-5.86250619412456e-12,-5.85230694636735e-12,-5.85379110766316e-12,NaN
-3992.452218,-0.494973,-3.53604875e-07,8.93687499999986e-10,9.35464885770037e-10,-5.493498148646e-12,-5.34024293186305e-12,-5.33287810177789e-12,NaN
-3982.38282525,-0.493724625,-3.5273e-07,9.05874999999992e-10,9.3015589164413e-10,-5.12449010316733e-12,-4.84981057602186e-12,-4.83487586053325e-12,NaN
-3972.28419325,-0.492472625,-3.51793125e-07,9.49062500000006e-10,9.25215905563703e-10,-4.75548205768851e-12,-4.38100987884377e-12,-4.35978438392923e-12,NaN
-3962.14019,-0.491215,-3.50831875e-07,9.54062500000012e-10,9.20644927528753e-10,-4.38647401220985e-12,-3.93384084032878e-12,-3.90760367196585e-12,NaN
-3951.86309775,-0.489940875,-3.49885e-07,9.28062500000009e-10,9.16442957539283e-10,-4.01746596673118e-12,-3.5083034604769e-12,-3.4783337246431e-12,NaN
-3941.8542,-0.4887,-3.4897575e-07,8.96499999999971e-10,9.12609995595291e-10,-3.64845792125247e-12,-3.10439773928812e-12,-3.07197454196098e-12,NaN
-3931.820096,-0.487456,-3.48092e-07,8.61812500000006e-10,9.09146041696778e-10,-3.27944987577385e-12,-2.72212367676244e-12,-2.68852612391948e-12,NaN
-3921.7073485,-0.48620225,-3.47252125e-07,8.71187500000027e-10,9.06051095843743e-10,-2.91044183029524e-12,-2.36148127289987e-12,-2.32798847051862e-12,NaN
-3911.638964,-0.484954,-3.46349625e-07,9.30062499999984e-10,9.03325158036187e-10,-2.54143378481647e-12,-2.0224705277004e-12,-1.99036158175839e-12,NaN
-3901.4576555,-0.48369175,-3.45392e-07,9.65250000000016e-10,9.0096822827411e-10,-2.17242573933776e-12,-1.70509144116404e-12,-1.67564545763879e-12,NaN
-3891.32373475,-0.482435375,-3.44419125e-07,9.42437500000008e-10,8.98980306557512e-10,-1.80341769385914e-12,-1.40934401329077e-12,-1.38384009815982e-12,NaN
-3881.367266,-0.481201,-3.43507125e-07,8.81562499999996e-10,8.97361392886392e-10,-1.43440964838043e-12,-1.13522824408062e-12,-1.11494550332148e-12,NaN
-3871.24746075,-0.479946375,-3.42656e-07,8.51812499999995e-10,8.96111487260751e-10,-1.06540160290171e-12,-8.8274413353356e-13,-8.68961673123767e-13,NaN
-3861.20529075,-0.478701375,-3.418035e-07,8.57312499999988e-10,8.95230589680589e-10,1.23771898808717e-12,-6.51891681649607e-13,-6.45888607566687e-13,NaN
-3851.119766,-0.477451,-3.40941375e-07,8.91250000000012e-10,8.98586925236925e-10,3.81022946648014e-12,-2.30511944018461e-13,-4.42017098608648e-13,NaN
-3841.06650525,-0.476204625,-3.40021e-07,9.35687500000007e-10,9.02851048613549e-10,3.71766628641646e-12,4.81772572323662e-14,-2.77967740280672e-13,NaN
-3830.978964,-0.474954,-3.3907e-07,9.71687499999995e-10,9.06022257809758e-10,1.9837311337309e-12,6.78911936222152e-14,-1.57351302433554e-13,NaN
-3820.89545575,-0.473703875,-3.38077625e-07,9.56687500000005e-10,9.06818510881011e-10,-2.19260047385075e-12,-7.65003697631893e-14,-7.05306901046761e-14,NaN
-3810.82203,-0.472455,-3.37156625e-07,8.65312499999997e-10,9.01637056862057e-10,-5.35082265707279e-12,-1.16972830070997e-13,1.94608594355197e-15,NaN
-3800.65887,-0.471195,-3.36347e-07,8.19624999999993e-10,8.96116865566865e-10,-2.99990347490392e-12,6.82755010799621e-14,7.46461282254206e-14,NaN
-3790.5904855,-0.46994675,-3.35517375e-07,8.49312500000005e-10,8.95637249912249e-10,1.89323446823481e-12,3.47013995532993e-13,1.4409035235943e-13,NaN
-3780.4918535,-0.46869475,-3.34648375e-07,9.09187499999991e-10,8.99903334503335e-10,4.6459064584074e-12,5.34159613552377e-13,1.9454944128269e-13,NaN
-3770.41137,-0.467445,-3.33699e-07,9.74187499999985e-10,9.04929062829064e-10,3.4110323797819e-12,4.87990338001513e-13,2.1252684206334e-13,NaN
-3760.324837,-0.4661945,-3.327e-07,9.86000000000007e-10,9.06725399262899e-10,-7.93574499824932e-13,2.2944965772239e-13,2.00623810353347e-13,NaN
-3750.238304,-0.464944,-3.31727e-07,9.19125000000013e-10,9.03341913829414e-10,-4.8398517023512e-12,-1.68270188563109e-14,1.77350311204921e-13,NaN
-3740.091276,-0.463686,-3.3086175e-07,8.27062499999974e-10,8.97045695858196e-10,-4.90174842049882e-12,-8.08873317329841e-14,1.62805668766093e-13,NaN
-3730.00071,-0.462435,-3.30072875e-07,7.97749999999998e-10,8.93538416988416e-10,-4.10339154089657e-13,3.6511165834094e-14,1.61674693680331e-13,NaN
-3719.934342,-0.461187,-3.2926625e-07,8.55937500000029e-10,8.96225017550017e-10,4.25191514566569e-12,1.96686230532427e-13,1.59763228854711e-13,NaN
-3709.83571,-0.459935,-3.28361e-07,9.48312499999985e-10,9.02042247279748e-10,4.52800982801009e-12,1.92793556383887e-13,1.39968055570546e-13,NaN
-3699.745144,-0.458684,-3.27369625e-07,1.00225000000001e-09,9.05281037206037e-10,1.25232318357221e-12,-5.47400874034452e-14,9.82954544980663e-14,NaN
-3689.662644,-0.457434,-3.263565e-07,9.80812500000009e-10,9.04546893646892e-10,-2.55922911547951e-12,-4.28416198977854e-13,4.35029429351025e-14,NaN
-3679.576111,-0.4561835,-3.25408e-07,8.88187499999993e-10,9.00162578975078e-10,-4.94313794313725e-12,-6.00845452537284e-13,-8.38835042256638e-15,NaN
-3669.416984,-0.454924,-3.24580125e-07,8.17125000000004e-10,8.94660617760618e-10,-3.6064474376967e-12,-3.77618343421239e-13,-3.12740217974596e-14,NaN
-3659.350616,-0.453676,-3.2377375e-07,8.07062500000004e-10,8.92949684099685e-10,1.56064189189229e-12,5.51235608400512e-14,-2.82992438967146e-14,NaN
-3649.2701325,-0.45242625,-3.22966e-07,8.58750000000014e-10,8.97781901544402e-10,5.85552606177611e-12,4.04557474059034e-13,-2.69539807434768e-14,NaN
-3639.169484,-0.451174,-3.2205625e-07,9.58937499999987e-10,9.04660736223237e-10,4.24319498069505e-12,3.74594399936587e-13,-5.13741868818302e-14,NaN
-3629.10009125,-0.449925625,-3.21048125e-07,9.99562499999997e-10,9.06268291505792e-10,-1.25173745173748e-12,-2.56265152983648e-14,-9.71478958907868e-14,NaN
-3619.0145665,-0.44867525,-3.20057125e-07,9.52062500000009e-10,9.02157261319762e-10,-4.95147858897866e-12,-4.22253372818993e-13,-1.37968187279088e-13,NaN
-3608.8393075,-0.44741375,-3.19144e-07,8.60187499999988e-10,8.96365334327835e-10,-4.75805765180757e-12,-4.74372801550794e-13,-1.51605461408195e-13,NaN
-3598.76689,-0.446165,-3.1833675e-07,8.07562499999991e-10,8.92641146016147e-10,-5.4764610389674e-13,-1.25752946573337e-13,-1.35743473778823e-13,NaN
-3588.692456,-0.444916,-3.17528875e-07,8.31375e-10,8.95270042120041e-10,4.54981133731089e-12,3.16408704149677e-13,-1.10872246407655e-13,NaN
-3578.59483225,-0.443664125,-3.16674e-07,9.02312499999986e-10,9.01740768690769e-10,5.24332441207502e-12,4.46017736390335e-13,-1.03512572122566e-13,NaN
-3568.527456,-0.442416,-3.1572425e-07,9.82000000000002e-10,9.05756690944192e-10,1.54240961740949e-12,1.14218054471314e-13,-1.2058637064256e-13,NaN
-3558.4429395,-0.44116575,-3.1471e-07,1.00118750000002e-09,9.04825587925588e-10,-3.32672648297671e-12,-4.10103787655939e-13,-1.48453388318699e-13,NaN
-3548.28078775,-0.439905875,-3.13721875e-07,9.215e-10,8.99103237978238e-10,-5.93097797472791e-12,-6.72236988901121e-13,-1.647651115786e-13,NaN
-3538.175098,-0.438653,-3.12867e-07,8.33312499999987e-10,8.92963631976132e-10,-3.62440549315605e-12,-5.02991818913572e-13,-1.55253460572817e-13,NaN
-3528.10973825,-0.437405125,-3.1205525e-07,8.13750000000016e-10,8.91854426991926e-10,1.75026763776763e-12,-1.1784956844448e-13,-1.29849961183579e-13,NaN
-3518.02623,-0.436155,-3.112395e-07,8.47875000000032e-10,8.96464167251667e-10,5.79829545454596e-12,2.014564637287e-13,-1.14022106632543e-13,NaN
-3507.935664,-0.434904,-3.103595e-07,9.2174999999998e-10,9.03451017901018e-10,4.92277114777101e-12,2.2870422827287e-13,-1.29074795086942e-13,NaN
-3497.85013925,-0.433653625,-3.09396e-07,9.90249999999991e-10,9.06309709547209e-10,-4.35714285714331e-13,-1.25780907096291e-13,-1.70943639115922e-13,NaN
-3487.75957325,-0.432402625,-3.08379e-07,9.72375000000001e-10,9.02579589329589e-10,-5.16360565110523e-12,-5.65207741017658e-13,-2.08315125780362e-13,NaN
-3477.61557,-0.431145,-3.0745125e-07,8.77124999999992e-10,8.95982498244999e-10,-5.60625219375147e-12,-6.49445767026916e-13,-2.13234332313469e-13,NaN
-3467.5229875,-0.42989375,-3.0662475e-07,8.17437499999999e-10,8.91367084942086e-10,-1.89022244647194e-12,-3.08812277768052e-13,-1.83091669263815e-13,NaN
-3457.398141,-0.4286385,-3.05816375e-07,8.31375e-10,8.92202053352055e-10,2.77650272025286e-12,1.20594173431116e-13,-1.41933571332175e-13,NaN
-3447.174486,-0.427371,-3.04962e-07,8.93187499999999e-10,8.96920090382592e-10,5.0381537381545e-12,2.65204057146397e-13,-1.19659180455821e-13,NaN
-3437.1302995,-0.42612575,-3.0403e-07,9.50375000000003e-10,9.02278360828364e-10,2.86360784485777e-12,4.01526529663692e-14,-1.28222504547744e-13,NaN
-3427.10526975,-0.424882875,-3.0306125e-07,9.73500000000006e-10,9.02647306072308e-10,-2.79525710775829e-12,-3.45733676974445e-13,-1.51460379740331e-13,NaN
-3416.9854645,-0.42362825,-3.02083e-07,9.14125000000008e-10,8.96687846612847e-10,-6.29766146016242e-12,-5.38666783872139e-13,-1.54070018721731e-13,NaN
-3406.892882,-0.422377,-3.01233e-07,8.54687499999995e-10,8.90051983151983e-10,-4.18424008424074e-12,-3.58654340392272e-13,-1.16962722576707e-13,NaN
-3396.82550575,-0.421128875,-3.00373625e-07,8.47062499999996e-10,8.88319366444366e-10,1.52711697086717e-12,9.54548857980585e-15,-5.73326776291769e-14,NaN
-3386.744014,-0.419879,-2.99538875e-07,8.49812499999993e-10,8.93106217093717e-10,5.7203865391369e-12,2.92263342263775e-13,-1.30524337212043e-14,NaN
-3376.665547,-0.4186295,-2.98674e-07,9.01874999999987e-10,8.99760139522639e-10,4.87651149526095e-12,2.79042807320249e-13,-7.89558917319617e-15,NaN
-3366.579014,-0.417379,-2.97735125e-07,9.58000000000028e-10,9.02859240084239e-10,8.04315110564919e-13,-3.22289467858279e-14,-3.21970717544761e-14,NaN
-3356.528778,-0.416133,-2.96758e-07,9.48625000000007e-10,9.01368769743769e-10,-3.03341742716676e-12,-3.39746540077872e-13,-5.82030690545187e-14,NaN
-3346.38175,-0.414875,-2.95837875e-07,8.96999999999985e-10,8.96792405229905e-10,-5.03646016145926e-12,-3.77693217746864e-13,-6.36435786986969e-14,NaN
-3336.275052,-0.413622,-2.94964e-07,8.37937500000009e-10,8.91295849420851e-10,-3.28016628641658e-12,-9.73054359717763e-14,-4.08664066960971e-14,NaN
-3326.21675,-0.412375,-2.94162e-07,8.35625000000011e-10,8.90232072657072e-10,2.12875570375468e-12,3.04186089907658e-13,-4.33086472581351e-15,NaN
-3316.1322335,-0.41112475,-2.9329275e-07,8.97937499999998e-10,8.9555336082836e-10,5.35292207792182e-12,4.46437110814791e-13,1.23154751024445e-14,NaN
-3306.02049425,-0.409871125,-2.92366125e-07,9.36624999999994e-10,9.00937916812916e-10,3.14464066339073e-12,2.18970602149637e-13,-8.13839905756042e-15,NaN
-3295.912788,-0.408618,-2.914195e-07,9.33749999999994e-10,9.01842642155141e-10,-1.15424491049449e-12,-1.24886807314976e-13,-4.72739440757188e-14,NaN
-3285.76576,-0.40736,-2.90498625e-07,9.16624999999997e-10,8.98629426991927e-10,-4.11913610038555e-12,-3.13259915297988e-13,-7.44022313653192e-14,NaN
-3275.699392,-0.406112,-2.8958625e-07,8.90812499999986e-10,8.9360436995437e-10,-3.53357537732546e-12,-2.47292633360113e-13,-7.28642262550931e-14,NaN
-3265.63604875,-0.404864375,-2.88717e-07,8.42124999999979e-10,8.91562276237276e-10,1.47810635310237e-13,3.93824907129164e-14,-5.24914840302118e-14,NaN
-3255.53943325,-0.403612625,-2.87902e-07,8.56437500000017e-10,8.93899991224991e-10,3.27608371358365e-12,3.03494245762748e-13,-3.97502466738011e-14,NaN
-3245.29158025,-0.402342125,-2.87004125e-07,9.33500000000013e-10,8.98114443664443e-10,3.15660538785562e-12,2.04256564870929e-13,-5.33250561505885e-14,NaN
-3235.038686,-0.401071,-2.86035e-07,9.65562500000011e-10,9.00213202000702e-10,6.47872060371989e-13,-2.09028177172181e-13,-8.76081521737914e-14,NaN
-3224.738404,-0.399794,-2.85073e-07,9.25812499999999e-10,8.99410187785187e-10,-1.80791944542018e-12,-5.55050568413564e-13,-1.19293676002038e-13,NaN
-3215.0612205,-0.39859425,-2.84183375e-07,8.63999999999974e-10,8.96597363109862e-10,-3.18179624429633e-12,-5.46409149676048e-13,-1.30371653795555e-13,NaN
-3204.98477,-0.397345,-2.83345e-07,8.55312500000012e-10,8.93046595296595e-10,-2.02566251316262e-12,-2.47302947922395e-13,-1.18407119116615e-13,NaN
-3194.90227,-0.396095,-2.8247275e-07,8.67500000000018e-10,8.92546038083536e-10,9.47753597753148e-13,6.24072597998058e-14,-9.82812362164621e-14,NaN
-3184.827836,-0.394846,-2.8161e-07,8.74937499999972e-10,8.94942102492101e-10,2.30925324675353e-12,1.99552071376448e-13,-9.11462505991469e-14,NaN
-3174.75239375,-0.393596875,-2.80722875e-07,9.05624999999985e-10,8.97164544577044e-10,1.68759213759273e-12,1.11568609511418e-13,-1.0230585000671e-13,NaN
-3164.678968,-0.392348,-2.7979875e-07,9.51312500000015e-10,8.98317286767286e-10,-4.39494120743224e-13,-1.76376516437778e-13,-1.20769427988067e-13,NaN
-3154.54504725,-0.391091625,-2.7882025e-07,9.30000000000022e-10,8.96285556335557e-10,-3.0460556335548e-12,-4.45529178151437e-13,-1.27313533056583e-13,NaN
-3144.5038855,-0.38984675,-2.7793875e-07,8.66125000000006e-10,8.92225175500177e-10,-2.36321296946286e-12,-3.82559845313348e-13,-1.0677368696848e-13,NaN
-3134.41432775,-0.388595875,-2.77088e-07,8.61687500000003e-10,8.91559130396631e-10,6.26618989119236e-13,-6.01030624626039e-14,-6.89146475571545e-14,NaN
-3124.3106545,-0.38734325,-2.76215375e-07,8.71499999999996e-10,8.93478413478415e-10,1.80172867672938e-12,1.90014287340592e-13,-3.75219220207119e-14,NaN
-3114.234204,-0.386094,-2.75345e-07,8.90687499999983e-10,8.9516258775009e-10,1.28136188136221e-12,2.16940668651458e-13,-2.33015766073447e-14,NaN
-3104.17086075,-0.384846375,-2.74434e-07,9.30874999999994e-10,8.9604113724114e-10,3.5883424008351e-13,2.4482374275432e-14,-2.0247973141178e-14,NaN
-3093.992577,-0.3835845,-2.7348325e-07,9.215e-10,8.95880256230257e-10,-1.57176202176364e-12,-2.01563867957228e-13,-1.59448516883715e-14,NaN
-3083.9120935,-0.38233475,-2.72591e-07,8.85125000000001e-10,8.92897613197612e-10,-2.6107186732188e-12,-2.23905473504807e-13,3.80727996799625e-15,NaN
-3073.839676,-0.381086,-2.71713e-07,8.79062500000006e-10,8.9065881888382e-10,-5.61117936113308e-14,-3.3290351703732e-14,4.23390145057977e-14,NaN
-3063.76423375,-0.379836875,-2.70832875e-07,8.78312499999985e-10,8.9278538961039e-10,2.95880352755359e-12,1.92299534940022e-13,7.88870309985348e-14,NaN
-3053.69181625,-0.378588125,-2.69956375e-07,8.79437500000016e-10,8.96576425938927e-10,2.82655537030616e-12,2.8265085607623e-13,9.03344010909545e-14,NaN
-3043.592176,-0.377336,-2.69074e-07,9.05687500000026e-10,8.98438500351002e-10,2.54747279747423e-13,2.15131460349926e-13,7.74160302875116e-14,NaN
-3033.51068425,-0.376086125,-2.68145e-07,9.16499999999967e-10,8.97085920498422e-10,-1.54159792909804e-12,6.38682967587412e-14,6.02671434838648e-14,NaN
-3023.35559025,-0.374827125,-2.67241e-07,8.94000000000008e-10,8.95355304492806e-10,-1.56221261846227e-12,-3.20425585462245e-14,5.46822881074503e-14,NaN
-3013.272082,-0.373577,-2.66357e-07,8.91000000000031e-10,8.93961495261497e-10,-1.10396411021449e-12,1.56007348213549e-14,6.25738431825451e-14,NaN
-3003.1996645,-0.37232825,-2.65459e-07,9.02500000000004e-10,8.93147376272377e-10,-7.71016146022923e-14,1.23048818894102e-13,7.68774245349159e-14,NaN
-2993.08994175,-0.371074875,-2.64552e-07,8.83499999999983e-10,8.93807292032292e-10,1.72594111969082e-12,2.17820855777863e-13,8.49300597197189e-14,NaN
-2983.00945825,-0.369825125,-2.63692e-07,8.88499999999989e-10,8.96599258511759e-10,2.43814496314502e-12,2.25358717830941e-13,7.4484632385674e-14,NaN
-2972.934016,-0.368576,-2.62775e-07,9.1900000000001e-10,8.98683581958583e-10,2.70088188838447e-13,7.43327269572216e-14,4.55540437625308e-14,NaN
-2962.7769055,-0.36731675,-2.61854e-07,8.97000000000011e-10,8.97139434889436e-10,-1.7378663566159e-12,-7.10438271803205e-14,1.71677813727244e-14,NaN
-2952.688356,-0.366066,-2.60981e-07,8.78749999999984e-10,8.95207849245351e-10,-1.48898736398721e-12,-5.81988513702627e-14,4.90217798369655e-15,NaN
-2942.5917405,-0.36481425,-2.600965e-07,8.89124999999979e-10,8.94161460161461e-10,-5.15437434188381e-13,2.26348303659944e-14,4.69576412297019e-15,NaN
-2932.418498,-0.363553,-2.5920275e-07,8.99249999999994e-10,8.94176974376974e-10,1.01730870480786e-12,5.84889276267934e-14,3.84535847534286e-15,NaN
-2922.335998,-0.362303,-2.58298e-07,9.02125000000021e-10,8.96196077571077e-10,1.69267506142555e-12,4.04099871057577e-14,-9.82841315518773e-15,NaN
-2912.3119765,-0.36106025,-2.573985e-07,9.14812500000013e-10,8.97562324499825e-10,4.06927869427717e-13,-5.64771353579714e-14,-3.60278460704333e-14,NaN
-2902.18410525,-0.359804625,-2.56468375e-07,9.01874999999987e-10,8.97009933309932e-10,-1.07576781326863e-12,-2.08543887702889e-13,-6.07905668542288e-14,NaN
-2892.09757225,-0.358554125,-2.5559475e-07,8.74375000000022e-10,8.95410788873288e-10,-1.45301202176213e-12,-2.37377477284542e-13,-7.21174205548811e-14,NaN
-2882.00095675,-0.357302375,-2.54719625e-07,8.77374999999999e-10,8.94103909266408e-10,-4.96520709020453e-13,-9.47538158815038e-14,-6.96428758844966e-14,NaN
-2871.903333,-0.3560505,-2.5384e-07,8.94999999999983e-10,8.94417747455247e-10,6.48255967006629e-13,2.57264193430067e-14,-6.41829203587796e-14,NaN
-2861.849064,-0.354804,-2.52929625e-07,9.11187499999993e-10,8.95400421200421e-10,7.52612758862324e-13,-1.05646852128056e-14,-6.55947242142436e-14,NaN
-2851.7343,-0.35355,-2.52017625e-07,9.05562499999996e-10,8.95922972972972e-10,-2.24552474555189e-14,-1.05556027091192e-13,-7.35079417457376e-14,NaN
-2841.66490725,-0.352301625,-2.511185e-07,9.02750000000011e-10,8.9535551070551e-10,-6.69173394172465e-13,-1.7305606543753e-13,-7.9712223011671e-14,NaN
-2831.5027555,-0.35104175,-2.50212125e-07,8.8949999999999e-10,8.94584626184627e-10,-4.00789750789375e-13,-1.94987747789971e-13,-7.5394127641242e-14,NaN
-2821.45151125,-0.349795625,-2.493395e-07,8.8087499999999e-10,8.94553931203932e-10,-2.25857757108064e-13,-1.29369123223471e-13,-6.03314847259784e-14,NaN
-2811.359937,-0.3485445,-2.48450375e-07,8.82250000000001e-10,8.9413291067041e-10,-1.55616005616277e-13,-2.41971575370247e-15,-4.0060569054505e-14,NaN
-2801.29659375,-0.347296875,-2.47575e-07,8.87937500000013e-10,8.94242699192699e-10,5.13553001053113e-13,9.25476947445831e-14,-2.16323782923542e-14,NaN
-2791.215102,-0.346047,-2.466745e-07,9.11375000000011e-10,8.95160016672517e-10,4.22481572482255e-13,4.83929929723006e-14,-1.3183070151612e-14,NaN
-2781.132602,-0.344797,-2.4575225e-07,9.12249999999982e-10,8.95087662337663e-10,-5.69864426113979e-13,-7.24324490644741e-14,-1.18797591209348e-14,NaN
-2770.99364,-0.34354,-2.4485e-07,8.95625e-10,8.94020287820289e-10,-8.59290540540844e-13,-1.12936319678002e-13,-4.38757136365999e-15,NaN
-2760.89601625,-0.342288125,-2.43961e-07,8.84000000000023e-10,8.93369081256582e-10,-1.44019831526864e-14,-3.26723268193181e-14,1.46299206354517e-14,NaN
-2750.8185575,-0.34103875,-2.43082e-07,8.77562499999991e-10,8.93991483853983e-10,6.68690768690687e-13,1.24338264237371e-13,3.70069387485888e-14,NaN
-2740.71891725,-0.339786625,-2.42205875e-07,8.88999999999976e-10,8.94706462793963e-10,5.95485257985873e-13,2.14956738344422e-13,5.36369060832488e-14,NaN
-2730.639442,-0.338537,-2.41304e-07,8.99937500000026e-10,8.95182454369955e-10,3.66780010529799e-13,1.47327645768411e-13,5.91275634505324e-14,NaN
-2720.5468595,-0.33728575,-2.40406e-07,9.1900000000001e-10,8.95440022815023e-10,-3.67286767286395e-13,2.65956394026625e-15,5.15337102326774e-14,NaN
-2710.466376,-0.336036,-2.39466e-07,9.12562499999978e-10,8.94447880835382e-10,-1.18023429273349e-12,-9.0755678253062e-14,4.05642582565518e-14,NaN
-2700.30422425,-0.334776125,-2.38580875e-07,8.6975e-10,8.93079554229556e-10,-1.52044577044877e-13,-2.32577660521535e-14,4.02295409594728e-14,NaN
-2690.236848,-0.333528,-2.377265e-07,8.72437500000008e-10,8.94143791681293e-10,1.61353106353095e-12,1.58094271376158e-13,4.7909275078792e-14,NaN
-2680.1281335,-0.33227475,-2.36836e-07,8.95250000000003e-10,8.96306616356618e-10,1.47276017901009e-12,2.56763810336102e-13,4.81035076128964e-14,NaN
-2670.071848,-0.331028,-2.35936e-07,9.02249999999984e-10,8.97089312039313e-10,6.71764215513915e-13,1.86538270434328e-13,3.5295987458157e-14,NaN
-2659.9711995,-0.32977575,-2.350315e-07,9.06000000000008e-10,8.97650144787645e-10,-2.9398253773253e-13,1.04631680017639e-14,1.15990048976333e-14,NaN
-2649.890716,-0.328526,-2.34124e-07,9.03562500000021e-10,8.96501346963848e-10,-1.81883775008812e-12,-1.3444952466495e-13,-1.72282390318963e-14,NaN
-2639.7255395,-0.32726575,-2.33224375e-07,8.93999999999995e-10,8.94012469287469e-10,-1.73494208494243e-12,-1.54415910282892e-13,-3.80888097876892e-14,NaN
-2629.62186625,-0.326013125,-2.32336e-07,8.81875000000004e-10,8.93031462793963e-10,1.05021498771868e-13,-6.84557931135961e-14,-4.48564374669892e-14,NaN
-2619.56356425,-0.324766125,-2.31460625e-07,8.93999999999995e-10,8.94222512285013e-10,1.89072042822074e-12,6.24465010907212e-14,-4.5527174814297e-14,NaN
-2609.455858,-0.323513,-2.30548e-07,8.99312499999996e-10,8.96812903650404e-10,2.04727755352689e-12,1.17997119647235e-13,-5.46131749108536e-14,NaN
-2599.39049825,-0.322265125,-2.29662e-07,9.04187499999998e-10,8.98317067392067e-10,2.87835644085248e-13,-8.90584218460655e-15,-7.84615372035305e-14,NaN
-2589.27170125,-0.321010625,-2.28739625e-07,9.04187499999985e-10,8.97388574938575e-10,-2.13227009476905e-12,-2.27995219422002e-13,-1.0878801416607e-13,NaN
-2579.127698,-0.319753,-2.27853625e-07,8.83875000000007e-10,8.94052527202529e-10,-3.06900666900603e-12,-3.27742900959383e-13,-1.30180611239896e-13,NaN
-2569.037132,-0.318502,-2.26971875e-07,8.826875e-10,8.91250561600563e-10,-1.01059582309702e-12,-2.67473151984401e-13,-1.32454337894358e-13,NaN
-2558.793312,-0.317232,-2.2608825e-07,9.04437500000005e-10,8.92031335556335e-10,1.8721744471743e-12,-1.46838245603171e-13,-1.22214219869755e-13,NaN
-2548.484964,-0.315954,-2.25163e-07,9.03125000000009e-10,8.94994910494911e-10,2.80334547209668e-12,-3.76094447492814e-14,-1.16386456201139e-13,NaN
-2538.547652,-0.314722,-2.24282e-07,9.05499999999995e-10,8.97638026500528e-10,1.48888645138631e-12,-4.3677086114384e-14,-1.24470890646874e-13,NaN
-2528.634538,-0.313493,-2.23352e-07,9.16000000000007e-10,8.97972683397684e-10,-1.62474333099409e-12,-2.14683120850186e-13,-1.4185040162518e-13,NaN
-2518.5701865,-0.31224525,-2.2245e-07,8.73937499999997e-10,8.9438853983854e-10,-3.91166198666211e-12,-3.51614374924294e-13,-1.5215065939752e-13,NaN
-2508.413076,-0.310986,-2.21604125e-07,8.58249999999987e-10,8.9014935942436e-10,-2.5736310986307e-12,-2.77407261031725e-13,-1.4084461217915e-13,NaN
-2498.3124275,-0.30973375,-2.207335e-07,8.81562500000009e-10,8.89241277641278e-10,4.60503685503861e-13,-1.14911401825623e-13,-1.12146198949607e-13,NaN
-2488.256142,-0.308487,-2.19841e-07,8.83687500000015e-10,8.91070366795367e-10,2.70420981045977e-12,4.97504717375629e-14,-8.22456266513715e-14,NaN
-2478.125246,-0.307231,-2.18966125e-07,9.12187499999994e-10,8.94649697262198e-10,2.93526456651455e-12,1.47688843948482e-13,-6.55388248033641e-14,NaN
-2468.07501,-0.305985,-2.18016625e-07,9.41499999999996e-10,8.96940895928397e-10,6.14033432783333e-13,2.75522881489717e-14,-6.45650982464889e-14,NaN
-2457.976378,-0.304733,-2.17083125e-07,9.13000000000003e-10,8.95877764127765e-10,-2.0607230607231e-12,-1.97249090497631e-13,-6.77241799978787e-14,NaN
-2447.805152,-0.303472,-2.16190625e-07,8.62749999999992e-10,8.9281944980695e-10,-3.11989513864491e-12,-2.77647767882958e-13,-6.16413545484071e-14,NaN
-2437.795246,-0.302231,-2.15357625e-07,8.42687500000008e-10,8.89637973850475e-10,-2.00630045630016e-12,-1.39913379667695e-13,-3.9105171818088e-14,NaN
-2427.74803475,-0.300985375,-2.1450525e-07,8.62062500000013e-10,8.8880684889435e-10,1.18172604422564e-12,1.01560421556408e-13,-4.96899721401028e-15,NaN
-2417.638312,-0.299732,-2.136335e-07,9.02124999999994e-10,8.92001425938926e-10,3.56487583362517e-12,2.63167731967213e-13,2.25679783735756e-14,NaN
-2407.604208,-0.298488,-2.12701e-07,9.55812499999981e-10,8.959366005616e-10,2.36159617409608e-12,2.02782631359285e-13,2.92412525895744e-14,NaN
-2397.513642,-0.297237,-2.11721875e-07,9.49625000000008e-10,8.96724618287118e-10,-3.18287118287246e-13,-2.8072308289937e-14,2.03344362128474e-14,NaN
-2387.318218,-0.295973,-2.1080175e-07,8.79437500000016e-10,8.95300026325026e-10,-1.95972270972261e-12,-1.90714599877567e-13,1.0047495355839e-14,NaN
-2377.259916,-0.294726,-2.09963e-07,8.27062499999987e-10,8.92805172867673e-10,-2.39177342927276e-12,-1.23587552072649e-13,8.64767568575592e-15,NaN
-2367.16632525,-0.293474625,-2.09147625e-07,8.40687499999992e-10,8.9051647946648e-10,-8.60562916812804e-13,1.02229190878278e-13,2.01293387691834e-14,NaN
-2357.078784,-0.292224,-2.08281625e-07,8.86312500000008e-10,8.91084047034047e-10,2.17846832221813e-12,2.96729965567723e-13,3.57971935683073e-14,NaN
-2346.996284,-0.290974,-2.07375e-07,9.40437500000006e-10,8.94873416110917e-10,2.9738526676025e-12,2.89876066322149e-13,3.83535359086467e-14,NaN
-2336.901685,-0.2897225,-2.0640075e-07,9.69500000000001e-10,8.97031752369252e-10,5.19195331694304e-13,5.68535331837662e-14,2.3479980081913e-14,NaN
-2326.831284,-0.288474,-2.05436e-07,9.26499999999992e-10,8.95911806774305e-10,-1.3669291856793e-12,-1.87775373111931e-13,4.4526989260741e-15,NaN
-2316.6620745,-0.28721325,-2.0454775e-07,8.71187499999987e-10,8.94297893997894e-10,-2.42659485784394e-12,-2.6043693091036e-13,-8.29013924066165e-15,NaN
-2306.59369,-0.285965,-2.03693625e-07,8.2275e-10,8.91058617058617e-10,-2.40505001754985e-12,-1.24533557925106e-13,-8.24657034059196e-15,NaN
-2296.495058,-0.284713,-2.0290225e-07,8.34812500000015e-10,8.89487793962794e-10,6.82447788697445e-13,1.10611266064057e-13,4.92183714275776e-15,NaN
-2286.408525,-0.2834625,-2.02024e-07,8.97625000000002e-10,8.92423512636012e-10,3.32273824148805e-12,2.24414169141259e-13,1.44608225963504e-14,NaN
-2276.362322,-0.282217,-2.01107e-07,9.37937500000003e-10,8.9613327044577e-10,2.38860565110552e-12,1.42339418417415e-13,6.21039903336906e-15,NaN
-2266.2616735,-0.28096475,-2.00148125e-07,9.68312499999995e-10,8.97200723938223e-10,-3.49982449982382e-13,-7.71610310206989e-14,-1.44823807042458e-14,NaN
-2256.092464,-0.279704,-1.99170375e-07,9.35562499999991e-10,8.95433305545805e-10,-2.4448161635658e-12,-2.92768752430836e-13,-3.27255847877875e-14,NaN
-2246.001898,-0.278453,-1.98277e-07,8.47250000000015e-10,8.92311091611092e-10,-2.69449587574566e-12,-3.05572926606117e-13,-3.72285115953371e-14,NaN
-2235.94863725,-0.277206625,-1.97475875e-07,8.14499999999997e-10,8.90044313794314e-10,-5.9878904878946e-13,-9.69590930897441e-14,-2.725385650837e-14,NaN
-2225.85605475,-0.275955375,-1.96648e-07,8.50437499999997e-10,8.91113513513513e-10,1.94533608283606e-12,1.22049806937484e-13,-1.38186050695646e-14,NaN
-2215.766497,-0.2747045,-1.95775e-07,8.92437500000005e-10,8.93934985959986e-10,2.47564715689833e-12,2.02018029947995e-13,-9.82840473626839e-15,NaN
-2205.69307125,-0.273455625,-1.94863125e-07,9.47499999999989e-10,8.96064807827309e-10,5.36855036855012e-13,1.22945579483834e-13,-1.91808247218501e-14,NaN
-2195.60553,-0.272205,-1.9388e-07,9.62062499999994e-10,8.95008696033696e-10,-1.74454194454295e-12,-7.0412062584709e-14,-3.1447847371831e-14,NaN
-2185.434304,-0.270944,-1.92939e-07,9.13312499999999e-10,8.92575723938224e-10,-2.25104861354881e-12,-2.0995057412389e-13,-3.3491250255381e-14,NaN
-2175.3417215,-0.26969275,-1.92053375e-07,8.49999999999998e-10,8.90506598806599e-10,-1.09824719199684e-12,-1.47527412277231e-13,-2.25887377388503e-14,NaN
-2165.2632545,-0.26844325,-1.91239e-07,8.31375000000013e-10,8.9037922955423e-10,1.16486267111304e-12,3.95101726346023e-14,-5.9010478722255e-15,NaN
-2155.19487,-0.267195,-1.90390625e-07,8.73000000000011e-10,8.92836324148825e-10,2.3616246928747e-12,1.58685168578132e-13,3.94867755884604e-15,NaN
-2145.104304,-0.265944,-1.89493e-07,8.99749999999995e-10,8.95102478939979e-10,1.61063969813963e-12,1.69633318286345e-13,2.34571505264143e-15,NaN
-2135.02987,-0.264695,-1.88591125e-07,9.45062499999988e-10,8.96057603545104e-10,-4.45182520182616e-13,6.01448849738141e-14,-4.42552080322662e-15,NaN
-2124.858644,-0.263434,-1.87602875e-07,9.51187499999998e-10,8.94212113899614e-10,-2.109351965602e-12,-1.29222659117736e-13,-5.5079932029488e-15,NaN
-2114.77311925,-0.262183625,-1.8668875e-07,8.92562500000008e-10,8.918388996139e-10,-1.60002851877823e-12,-1.81986457010549e-13,5.59539278417246e-15,NaN
-2104.677512,-0.260932,-1.8581775e-07,8.48875000000007e-10,8.91012056862058e-10,-1.09095296594929e-13,-4.54179258860497e-14,2.45421997014405e-14,NaN
-2094.611144,-0.259684,-1.84991e-07,8.45687499999998e-10,8.9162070902071e-10,1.52657730782707e-12,1.07035588743657e-13,4.21173304180899e-14,NaN
-2084.52763575,-0.258433875,-1.84126375e-07,8.70499999999995e-10,8.94065211477712e-10,2.34557739557656e-12,1.64744291193038e-13,4.98066291868051e-14,NaN
-2074.446144,-0.257184,-1.8325e-07,9.0893750000001e-10,8.96311863811863e-10,1.11822569322569e-12,1.14969521859628e-13,4.62343280098038e-14,NaN
-2064.2930665,-0.25592525,-1.823085e-07,9.33562500000002e-10,8.96301662864163e-10,-1.03192567567492e-12,2.24814693001827e-15,3.83012896621518e-14,NaN
-2054.18334375,-0.254671875,-1.81382875e-07,9.30250000000003e-10,8.94248012460513e-10,-2.09968190593161e-12,-8.76691964297711e-14,3.54169020971837e-14,NaN
-2044.11495925,-0.253423625,-1.80448e-07,9.07124999999987e-10,8.921022990523e-10,-1.77001140751122e-12,-1.00688354623981e-13,4.1722091885199e-14,NaN
-2034.02842625,-0.252173125,-1.79568625e-07,8.55812499999986e-10,8.90707989645491e-10,-2.69585819585701e-13,2.81248409937938e-15,5.37431192022676e-14,NaN
-2023.9348355,-0.25092175,-1.78736375e-07,8.55687500000009e-10,8.91563127413128e-10,1.5548503861001e-12,1.07630953530874e-13,6.40553567153318e-14,NaN
-2013.88560775,-0.249675875,-1.7785725e-07,8.76687500000007e-10,8.93817690417691e-10,1.84468015092973e-12,1.21887221486621e-13,6.32936624694184e-14,NaN
-2003.79605,-0.248425,-1.76983e-07,9.0412500000001e-10,8.95252487714988e-10,6.97648297647858e-13,1.00200250073853e-13,5.03601781520832e-14,NaN
-1993.608692,-0.247162,-1.76049e-07,9.24187499999994e-10,8.95212987012987e-10,-6.94770094770161e-13,6.46119348620217e-14,3.53670300735445e-14,NaN
-1983.55039,-0.245915,-1.75134625e-07,9.18437500000008e-10,8.93862947525448e-10,-1.3499517374513e-12,5.86549811927279e-14,2.61534581882775e-14,NaN
-1973.4658735,-0.24466475,-1.74212125e-07,9.00312499999997e-10,8.92513083538084e-10,-1.15449499824468e-12,8.25049049496017e-14,2.19335117928421e-14,NaN
-1963.36421675,-0.243412375,-1.73334e-07,8.76249999999981e-10,8.91553957528958e-10,-9.36271498775303e-14,8.74768655779289e-14,1.98309745186576e-14,NaN
-1953.294824,-0.242164,-1.72459625e-07,8.75125000000003e-10,8.92325829238329e-10,1.26881361881324e-12,4.8202310245129e-14,1.36948502830295e-14,NaN
-1943.23148075,-0.240916375,-1.7158375e-07,8.75812500000009e-10,8.94091584766585e-10,1.26198446823449e-12,-5.46939058873499e-15,-2.48272997818224e-15,NaN
-1933.049164,-0.239654,-1.70708e-07,8.91562499999994e-10,8.94849798174798e-10,2.47231484731442e-13,-4.11993219372963e-14,-2.49164458769481e-14,NaN
-1922.982796,-0.238406,-1.69800625e-07,9.06499999999996e-10,8.94586047736048e-10,-2.50168918919149e-13,-5.82058196326052e-14,-4.72807217291487e-14,NaN
-1912.89122175,-0.237154875,-1.68895e-07,9.16312500000015e-10,8.9434946033696e-10,-5.89882414882225e-13,-5.75227030636623e-14,-6.88239379564851e-14,NaN
-1902.793598,-0.235903,-1.67968e-07,9.11250000000008e-10,8.93406282906283e-10,-7.44524394523628e-13,-8.74362031606199e-14,-8.96708322414891e-14,NaN
-1892.703032,-0.234652,-1.670725e-07,8.75687500000006e-10,8.92860411547913e-10,-4.21790540540141e-13,-1.18772877085526e-13,-1.10759004836629e-13,NaN
-1882.620532,-0.233402,-1.66216625e-07,8.66749999999997e-10,8.92562701825203e-10,6.91371972621889e-13,-1.27330234534585e-13,-1.35484454336908e-13,NaN
-1872.56223,-0.232155,-1.65339e-07,8.81812499999989e-10,8.94243155493156e-10,1.98127193752164e-12,-1.66884130829404e-13,-1.68943284350004e-13,NaN
-1862.407136,-0.230896,-1.64453e-07,8.985e-10,8.96525245700246e-10,7.91003422252847e-13,-2.32892964851542e-13,-2.12876709080133e-13,NaN
-1852.308504,-0.229644,-1.63542e-07,9.11499999999988e-10,8.95825162337662e-10,-7.65492277992291e-13,-2.97480916434904e-13,-2.58713838966429e-13,NaN
-1842.23911125,-0.228395625,-1.6263e-07,9.16750000000001e-10,8.94994261144262e-10,-1.4331146893642e-12,-3.01221042162999e-13,-3.00800708045165e-13,NaN
-1832.14047925,-0.227143625,-1.617085e-07,9.05000000000007e-10,8.92958932958934e-10,-2.19447174447167e-12,-2.64639537485256e-13,-3.35989157847944e-13,NaN
-1822.044872,-0.225892,-1.6082e-07,8.71624999999999e-10,8.90605317655318e-10,-1.76252413127479e-12,-2.65063278008181e-13,-3.60191483771106e-13,NaN
-1811.9885865,-0.22464525,-1.5996525e-07,8.60875000000007e-10,8.89433884696384e-10,-4.88914970165137e-13,-2.88291519189667e-13,-3.75711483912696e-13,NaN
-1801.82341,-0.223385,-1.5909825e-07,8.84687499999989e-10,8.89627487714988e-10,5.63710951211724e-13,-3.20169154695314e-13,-3.86654179346953e-13,NaN
-1791.71368725,-0.222131625,-1.58195875e-07,8.99625000000005e-10,8.90561306598808e-10,1.11609336609347e-12,-3.80543361079055e-13,-3.95398224072932e-13,NaN
-1781.64933575,-0.220883875,-1.57299e-07,9.16937500000006e-10,8.91859674447175e-10,5.59128202877584e-13,-4.41284559489619e-13,-4.05019772496916e-13,NaN
-1771.559778,-0.219633,-1.56362e-07,9.23249999999995e-10,8.91679563004563e-10,-1.16668787293804e-12,-4.93216688138599e-13,-4.17460429759918e-13,NaN
-1761.485344,-0.218384,-1.554525e-07,9.02000000000004e-10,8.89526298701299e-10,-2.01253510003514e-12,-5.38476388357943e-13,-4.25028024209884e-13,NaN
-1751.402844,-0.217134,-1.54558e-07,8.74375000000009e-10,8.87654492804492e-10,-1.67624166374201e-12,-5.28047473382708e-13,-4.1941934031198e-13,NaN
-1741.2296015,-0.21587275,-1.5370375e-07,8.48250000000003e-10,8.86173815373815e-10,-4.84049227799323e-13,-4.58885279896655e-13,-4.02278494609661e-13,NaN
-1731.141052,-0.214622,-1.528615e-07,8.69437499999992e-10,8.86686394348894e-10,1.89886144261178e-12,-4.28334368737197e-13,-3.80349857107172e-13,NaN
-1721.066618,-0.213373,-1.51964875e-07,8.94249999999989e-10,8.89971538259038e-10,1.83980343980427e-12,-4.75110249407374e-13,-3.61652700179729e-13,NaN
-1710.984118,-0.212123,-1.51073e-07,9.25937500000003e-10,8.90366001228502e-10,-5.40902509651976e-13,-5.34899444066656e-13,-3.42414636366508e-13,NaN
-1700.90060975,-0.210872875,-1.50113e-07,8.92562500000008e-10,8.88889733239734e-10,-1.54064145314177e-12,-4.73841372974352e-13,-3.11673257250496e-13,NaN
-1690.7618494,-0.2096159,-1.49287875e-07,8.58499999999994e-10,8.87284718322219e-10,-1.49815724815758e-12,-2.65672753342053e-13,-2.69747721449188e-13,NaN
-1680.6825758,-0.2083663,-1.48396e-07,8.65562500000004e-10,8.85893418743419e-10,-5.30752018252275e-13,-6.57953538284065e-14,-2.22950689941197e-13,NaN
-1670.5928164,-0.2071154,-1.4755675e-07,8.48999999999997e-10,8.86223214285714e-10,8.76469813966453e-14,8.5147991339203e-14,-1.74273953797538e-13,NaN
-1660.48712665,-0.205862525,-1.46698e-07,8.84124999999987e-10,8.86068712706213e-10,5.40299227800814e-14,1.15773916349584e-13,-1.18251302394214e-13,NaN
-1650.4132976,-0.2046136,-1.457885e-07,9.2237500000001e-10,8.86331274131274e-10,3.12366181116319e-13,3.25224186231865e-15,-5.05738720605579e-14,NaN
-1640.3203118,-0.2033623,-1.4485325e-07,9.31750000000018e-10,8.86693445068445e-10,-4.2639083889061e-13,-1.08269572273605e-13,2.39002782313323e-14,NaN
-1630.226821875,-0.2021109375,-1.43925e-07,9.114375e-10,8.85478492453493e-10,-1.2768932081431e-12,-1.15072797768494e-13,1.02796555394388e-13,NaN
-1620.1319204,-0.2008594,-1.43030375e-07,8.82999999999982e-10,8.84139658652159e-10,-9.59788522288789e-13,-1.89547969698643e-14,1.86242959881402e-13,NaN
-1610.043875025,-0.1996087125,-1.42159e-07,8.41687499999993e-10,8.83558915408916e-10,-8.31585644086888e-14,1.76704103932134e-13,2.6989205558134e-13,NaN
-1599.9443356,-0.1983566,-1.41347e-07,8.59625000000012e-10,8.83973341523342e-10,1.58939978939982e-12,4.30641400472952e-13,3.51876043496117e-13,NaN
-1589.856290225,-0.1971059125,-1.4043975e-07,8.99187500000006e-10,8.86737714987715e-10,2.49634959634973e-12,5.21785913563732e-13,4.25548294117875e-13,NaN
-1579.7486848,-0.1958528,-1.39548625e-07,9.10874999999997e-10,8.88966040716041e-10,1.01385135135154e-12,4.15239039832312e-13,4.8291362776626e-13,NaN
-1569.6436,-0.1946,-1.38618e-07,9.27249999999999e-10,8.88765417690418e-10,-7.04172516672171e-13,3.22177373512026e-13,5.32524876179864e-13,NaN
-1559.5635198,-0.1933503,-1.37694125e-07,9.03562500000007e-10,8.87557695682697e-10,-3.11651017900783e-13,3.90940686176681e-13,5.83905946653558e-13,NaN
-1549.4495624,-0.1920964,-1.36810875e-07,8.34687499999999e-10,8.88142115654617e-10,1.38402729027699e-12,6.49843401667666e-13,6.29111479660152e-13,NaN
-1539.34992215,-0.190844275,-1.3602475e-07,8.54937499999989e-10,8.90325750263251e-10,2.45062521937483e-12,8.67007795312446e-13,6.55802496948403e-13,NaN
-1529.262885025,-0.1895937125,-1.35101e-07,8.78437500000002e-10,8.93043366093366e-10,1.36426158301146e-12,8.61665362838163e-13,6.64056685631394e-13,NaN
-1519.142474825,-0.1883390125,-1.34267875e-07,8.91500000000005e-10,8.93054273429274e-10,-1.99210249210655e-13,8.00325635832394e-13,6.63076135633031e-13,NaN
-1509.06612515,-0.187089775,-1.33318e-07,9.06624999999999e-10,8.92644945594945e-10,-9.21641365391364e-13,8.22314607072415e-13,6.58258936035383e-13,NaN
-1498.99169115,-0.185840775,-1.32454625e-07,8.86562500000001e-10,8.91210990698491e-10,-1.63667953667908e-12,8.92336518568095e-13,6.54183960649794e-13,NaN
-1488.871381775,-0.1845860875,-1.31544875e-07,9.13812499999999e-10,8.89371586521587e-10,2.1250877500854e-14,8.75166422245642e-13,6.54816867864854e-13,NaN
-1478.76135655,-0.183332675,-1.30627e-07,9.04937500000006e-10,8.91253492453493e-10,2.47100078975069e-12,7.66222045021148e-13,6.45070123321432e-13,NaN
-1468.7024496,-0.1820856,-1.29735e-07,8.69000000000006e-10,8.94313588101088e-10,3.09182388557404e-12,6.95566009010143e-13,6.11116027004902e-13,NaN
-1458.5856691,-0.18083135,-1.28889e-07,8.85499999999985e-10,8.97437140224641e-10,2.29201474201491e-12,6.16859330572447e-13,5.54827821368004e-13,NaN
-1448.4688886,-0.1795771,-1.27964e-07,9.10249999999993e-10,8.98897617585118e-10,1.35083801333791e-12,4.72254905750447e-13,4.81274027933505e-13,NaN
-1438.381549,-0.1783265,-1.270685e-07,9.15000000000005e-10,9.00138816251316e-10,-1.43153299403829e-13,3.33498088717463e-13,3.96428295117255e-13,NaN
-1428.278884,-0.177074,-1.26134e-07,9.22750000000008e-10,8.98611310986311e-10,-2.28918260793278e-12,1.65120926489368e-13,3.12368224007682e-13,NaN
-1418.17964705,-0.175821925,-1.25223e-07,8.87500000000001e-10,8.95560451035451e-10,-8.69083450333088e-13,1.00369229053398e-13,2.41876513284455e-13,NaN
-1408.0961388,-0.1745718,-1.24359e-07,8.84499999999997e-10,8.96873144085644e-10,2.55721305721304e-12,2.10288976685498e-13,1.74349676803639e-13,NaN
-1397.97955995,-0.173317575,-1.23454e-07,9.16375000000004e-10,9.00674877149877e-10,2.62880396630384e-12,1.70856192143911e-13,9.20565439282587e-14,NaN
-1387.898572325,-0.1720677625,-1.2252625e-07,9.12499999999989e-10,9.02130752018252e-10,-1.08456914706662e-13,-7.01737106773733e-14,-2.82265455274884e-15,NaN
-1377.808006325,-0.1708167625,-1.21629e-07,8.84937499999996e-10,9.00457963320464e-10,-2.54345823095792e-12,-2.12578707886216e-13,-9.36579686568053e-14,NaN
-1367.71754115,-0.169565775,-1.20756375e-07,8.65000000000002e-10,8.97043835556336e-10,-1.90705510705528e-12,-1.66203423152737e-13,-1.63557606877012e-13,NaN
-1357.6239504,-0.1683144,-1.19899e-07,8.85125000000001e-10,8.96643853106353e-10,7.77516233766008e-13,-1.45233792229204e-13,-2.18404676935688e-13,NaN
-1347.54568505,-0.167064925,-1.18986125e-07,9.24000000000009e-10,8.98598868023868e-10,8.84215952966257e-13,-2.31874432735255e-13,-2.7485933109893e-13,NaN
-1337.45995865,-0.165814525,-1.18051e-07,9.0150000000001e-10,8.98412285012286e-10,-1.72224025974037e-12,-2.81344017181185e-13,-3.29715152791549e-13,NaN
-1327.3921791,-0.16456635,-1.17183125e-07,9.30499999999997e-10,8.95154387504387e-10,-2.9905273780278e-12,-4.12491142138431e-13,-3.67798194703546e-13,NaN
-1317.2689458,-0.1633113,-1.1619e-07,9.22062499999995e-10,8.9243123025623e-10,-1.12837618462616e-12,-6.86435024709872e-13,-3.84071613235274e-13,NaN
-1307.192999425,-0.1620621125,-1.15339e-07,8.61437499999996e-10,8.92897635135135e-10,8.34463846964327e-13,-7.39679065065164e-13,-3.8836370126417e-13,NaN
-1297.0926534,-0.1608099,-1.14467125e-07,8.65562499999997e-10,8.94100157950159e-10,3.01680414181096e-13,-6.01750408658522e-13,-3.86972551209783e-13,NaN
-1286.981216625,-0.1595563125,-1.13607875e-07,8.76437500000006e-10,8.93500995963497e-10,-3.99245349245597e-13,-4.93149760909482e-13,-3.79173405436393e-13,NaN
-1276.91051315,-0.158307775,-1.1271425e-07,9.02125000000001e-10,8.93301667251667e-10,-1.6596832221917e-13,-3.75545937987121e-13,-3.7067664052041e-13,NaN
-1266.7943376,-0.1570536,-1.11803625e-07,8.79999999999992e-10,8.93169059319059e-10,-5.39336170586107e-13,-2.40415909851635e-13,-3.63291912219875e-13,NaN
-1256.6973188,-0.1558018,-1.1095425e-07,8.92812500000002e-10,8.92222994910495e-10,7.62554843805153e-13,-2.17757772889814e-13,-3.50208915731058e-13,NaN
-1246.6035264,-0.1545504,-1.10018e-07,9.40500000000001e-10,8.94694169006669e-10,2.35345735345662e-13,-3.82542306692007e-13,-3.39355462928696e-13,NaN
-1236.509734,-0.153299,-1.0907325e-07,8.78375e-10,8.92693686381187e-10,-2.82272727272706e-12,-4.33052401278505e-13,-3.27366502502078e-13,NaN
-1226.427334825,-0.1520490125,-1.0826125e-07,8.2262500000001e-10,8.89048714461215e-10,-9.32535538785423e-13,-2.36852482277173e-13,-2.94638420973758e-13,NaN
-1216.324468175,-0.1507964875,-1.07428e-07,8.90625000000001e-10,8.90828615303616e-10,2.22557256932221e-12,-3.94538675088948e-14,-2.5193766292578e-13,NaN
-1206.2404558,-0.1495463,-1.0648e-07,9.55062499999993e-10,8.9349985959986e-10,5.15816953316535e-13,-3.38268415413873e-14,-2.19023486567921e-13,NaN
-1196.1506964,-0.1482954,-1.05517875e-07,9.34437499999999e-10,8.91860249210249e-10,-2.34343629343649e-12,-1.98066454382683e-13,-1.90087790428122e-13,NaN
-1186.041881075,-0.1470421375,-1.04611125e-07,8.72625e-10,8.88812987012987e-10,-5.76772551772311e-13,-2.11722789249092e-13,-1.51809971286904e-13,NaN
-1175.951718375,-0.1457911875,-1.03772625e-07,8.18812499999997e-10,8.90706704106704e-10,1.53755703755734e-12,1.57246380070322e-14,-1.11883454442857e-13,NaN
-1165.84733935,-0.144538475,-1.029735e-07,8.635e-10,8.91888101088101e-10,-5.52007283256772e-13,1.71744563683429e-13,-7.79708751970801e-14,NaN
-1155.7593948,-0.1432878,-1.02045625e-07,9.55687500000004e-10,8.89602689540191e-10,4.80580905581289e-13,7.26168395960562e-14,-3.9264033111022e-14,NaN
-1145.66983705,-0.142036925,-1.01062125e-07,9.38375000000002e-10,8.92849262899264e-10,3.24819892944885e-12,-1.09815778716284e-13,-7.35477859958959e-15,NaN
-1135.5451922,-0.1407817,-1.00168875e-07,8.99062500000002e-10,8.96099087399088e-10,-4.37653562655552e-14,-1.61457298879213e-13,-1.47682594459416e-15,NaN
-1125.4626922,-0.1395317,-9.9264e-08,8.74124999999995e-10,8.92761732186733e-10,-2.02520401895426e-12,-1.6854728235914e-13,-2.18936414959509e-15,NaN
-1115.3729328,-0.1382808,-9.8420625e-08,8.70999999999995e-10,8.9204867936118e-10,-2.52450421200347e-13,-1.64966410720141e-13,4.72727317701547e-15,NaN
-1105.263915825,-0.1370275125,-9.7522e-08,8.65312500000004e-10,8.92256831344332e-10,-5.48661811161624e-13,-2.39766695031361e-14,1.02055940514178e-14,NaN
-1095.1797018,-0.1357773,-9.669e-08,8.83562500000005e-10,8.90951355738857e-10,-1.57250351000387e-12,1.10877326547724e-13,1.83420861700935e-14,NaN
-1085.08853085,-0.134526225,-9.5754875e-08,9.13687499999996e-10,8.89111824324324e-10,-4.21062214812333e-13,7.3393305749398e-14,3.97021905016053e-14,NaN
-1074.980018,-0.133273,-9.4862625e-08,8.45250000000006e-10,8.90109231309232e-10,1.77660802035823e-12,1.56870418838664e-13,6.32473389926851e-14,NaN
-1064.889452,-0.132022,-9.4064375e-08,9.13750000000004e-10,8.92665040365041e-10,5.2239820989782e-13,2.59549316596501e-13,6.86316384677947e-14,NaN
-1054.784266375,-0.1307691875,-9.3035125e-08,9.59437499999995e-10,8.91154027729028e-10,-1.60505440505438e-12,7.54592959405852e-14,6.32439708669834e-14,NaN
-1044.700556475,-0.1295190375,-9.21455e-08,8.735625e-10,8.89454931554932e-10,-1.06608459108415e-12,-3.90442247506159e-14,6.28143712568625e-14,NaN
-1034.595471675,-0.1282662375,-9.1288e-08,8.45312500000001e-10,8.89021858546859e-10,1.21158959283956e-12,6.40810609992656e-14,7.03133945705892e-14,NaN
-1024.522449225,-0.1270174125,-9.0454875e-08,9.16500000000007e-10,8.91878110740611e-10,3.12340075465066e-12,9.35719669608265e-14,7.7231537308821e-14,NaN
-1014.41020585,-0.125763725,-8.9455e-08,9.33375000000003e-10,8.95268660056161e-10,1.98396367146223e-13,-2.81888834653776e-14,6.7808790908293e-14,NaN
-1004.327201725,-0.1245136625,-8.8588125e-08,8.29999999999995e-10,8.92274903474904e-10,-3.24017199017212e-12,-3.81327677624062e-15,5.31875425609993e-14,NaN
-994.227259,-0.1232615,-8.7795e-08,8.77562499999998e-10,8.88788316075816e-10,-1.85299885924894e-12,9.63680694524116e-14,5.35062749251627e-14,NaN
-984.12963525,-0.122009625,-8.6833e-08,9.47250000000002e-10,8.88568905756406e-10,1.42535758160774e-12,-4.72846077229736e-14,6.25363454499985e-14,NaN
-974.038161825,-0.1207585125,-8.59005e-08,8.57499999999993e-10,8.91639031239032e-10,2.01231133731146e-12,-5.53887843252812e-14,6.55360789916718e-14,NaN
-963.94447025,-0.119507125,-8.5118e-08,8.48312499999998e-10,8.92593528431029e-10,6.70551070550878e-13,2.12374724660609e-13,5.76258716570813e-14,NaN
-953.832428525,-0.1182534625,-8.4203875e-08,9.43000000000004e-10,8.92980133380134e-10,1.92793085293079e-12,2.30418486605743e-13,4.2001928649544e-14,NaN
-943.7514409,-0.11700365,-8.3232e-08,8.85125000000001e-10,8.9644939013689e-10,1.82320989820972e-12,8.93225399082618e-14,1.37969868469382e-14,NaN
-933.65099405,-0.115751425,-8.2433625e-08,8.64000000000001e-10,8.96626553176553e-10,-2.16477930852929e-12,1.39673237030199e-13,-2.43207674382226e-14,NaN
-923.5578066,-0.1145001,-8.1504e-08,9.25125e-10,8.92119831519832e-10,-2.55687302562284e-12,1.32188745295106e-13,-4.73000324572562e-14,NaN
-913.4640142,-0.1132487,-8.0583375e-08,9.24499999999996e-10,8.91512807125307e-10,7.1996533871482e-13,-1.10125761984303e-13,-5.21732519341852e-14,NaN
-903.368709425,-0.1119971125,-7.9655e-08,8.71062499999997e-10,8.93559762197261e-10,-7.47183222183356e-13,-2.42371183856785e-13,-6.11352875517443e-14,NaN
-893.270682375,-0.1107451875,-7.884125e-08,8.85500000000005e-10,8.90018440680941e-10,-1.93046463671403e-12,-1.11125298932405e-13,-6.38926631278027e-14,NaN
-883.18848485,-0.109495225,-7.7884e-08,9.27125000000003e-10,8.89698832923833e-10,1.24549183924192e-12,-4.33323043462502e-14,-5.0173461806571e-14,NaN
-873.0767456,-0.1082416,-7.6987e-08,8.64874999999998e-10,8.92509424359424e-10,1.35761232011205e-12,-7.30959450650434e-14,-4.1778834173517e-14,NaN
-862.985373,-0.1069905,-7.615425e-08,8.88250000000002e-10,8.92414057564057e-10,-2.15900315900546e-13,-1.29344602017436e-13,-3.97583325189549e-14,NaN
-852.89884,-0.10574,-7.52105e-08,8.82624999999998e-10,8.92077623727623e-10,1.58796946297185e-13,-1.6286106127275e-13,-3.17825373673063e-14,NaN
-842.79476345,-0.104487325,-7.4389e-08,8.589375e-10,8.92731651456652e-10,6.61330730081092e-13,-4.15258440482888e-15,-2.01957742897013e-14,NaN
-832.697038875,-0.1032354375,-7.3492625e-08,9.53812499999998e-10,8.93400285187786e-10,-1.53831168831156e-12,4.89302321814032e-14,-8.91137578111554e-15,NaN
-822.6223024,-0.1019864,-7.2481375e-08,9.09812500000001e-10,8.89655028080029e-10,-1.5028891716391e-12,-1.1216050541338e-13,1.34372445094256e-14,NaN
-812.50935325,-0.100732625,-7.1673e-08,8.61375000000001e-10,8.90394506844507e-10,2.32901456651475e-12,-1.75893758821958e-13,4.44770697619585e-14,NaN
-802.41152785,-0.099480725,-7.0758625e-08,8.74374999999996e-10,8.94313057213058e-10,6.05365917865966e-13,-1.44451035882198e-13,6.16508755844211e-14,NaN
-792.336388075,-0.0982316375,-6.992425e-08,9.23812500000004e-10,8.91605238680239e-10,-2.82529835029868e-12,-1.10598425876102e-13,7.61409488372984e-14,NaN
-782.2221282,-0.0969777,-6.8911e-08,9.13125e-10,8.88662460512461e-10,-2.4874956124964e-13,-3.80667933401019e-14,1.08086370220648e-13,NaN
-772.139527375,-0.0957276875,-6.8098e-08,8.06250000000001e-10,8.9110773955774e-10,1.3956761144262e-12,2.29684077969895e-13,1.41579008794203e-13,NaN
-762.0309137,-0.09447445,-6.72985e-08,8.58e-10,8.91453812741313e-10,-1.59643515268505e-12,5.18508129003046e-13,1.66330413176224e-13,NaN
-751.961016825,-0.0932260125,-6.6382e-08,9.60249999999997e-10,8.8791486925237e-10,-9.96520709020606e-13,3.98390433774361e-13,1.98219481352162e-13,NaN
-741.8308266,-0.0919701,-6.5378e-08,8.93e-10,8.89460771323272e-10,3.51891233766221e-12,1.88959611674626e-13,2.32823852153387e-13,NaN
-731.74973815,-0.090720275,-6.4596e-08,8.58750000000008e-10,8.94952693927694e-10,2.68633511758505e-12,3.22673508165338e-13,2.43590134698835e-13,NaN
-721.6706662,-0.0894707,-6.36605e-08,9.15312500000001e-10,8.94833441558442e-10,-8.45623464373421e-13,3.66903569675994e-13,2.3378190872388e-13,NaN
-711.54219,-0.088215,-6.2765375e-08,9.11249999999995e-10,8.93261446998948e-10,-5.45441382941416e-13,1.97921174856915e-13,2.25141489095734e-13,NaN
-701.4701758,-0.0869663,-6.1838e-08,9.00687500000001e-10,8.93742558792559e-10,-7.83816690066846e-13,2.14491829046923e-13,2.14689877592046e-13,NaN
-691.357932425,-0.0857126125,-6.0964e-08,8.90562500000006e-10,8.91693813618814e-10,-1.89147507897511e-13,2.93873027532618e-13,1.98323147880842e-13,NaN
-681.268576325,-0.0844617625,-6.0056875e-08,8.53125000000001e-10,8.93364263776764e-10,1.75178571428577e-12,3.1243015705936e-13,1.72202041844731e-13,NaN
-671.1775062,-0.0832107,-5.925775e-08,8.92937499999995e-10,8.95197385047385e-10,2.08033520532856e-14,3.31822287499673e-13,1.29841001439097e-13,NaN
-661.068690875,-0.0819574375,-5.8271e-08,9.24000000000002e-10,8.93405870480871e-10,4.35021060027814e-15,2.67099767968905e-13,8.65297593046832e-14,NaN
-650.981754575,-0.0807068875,-5.740975e-08,9.305e-10,8.95206085468586e-10,1.26140970515982e-12,2.28875335245727e-14,4.34966141118008e-14,NaN
-640.8791904,-0.0794544,-5.641e-08,8.63874999999997e-10,8.9592868989119e-10,-2.69491488241534e-13,-1.29740152555188e-13,-1.25276831229061e-14,NaN
-630.797497,-0.0782045,-5.5682e-08,8.55874999999998e-10,8.94667102492103e-10,6.9883073008038e-13,-1.15433769720353e-14,-7.82795767076358e-14,NaN
-620.72326465,-0.076955525,-5.469825e-08,9.22312500000002e-10,8.97326351351351e-10,2.00774175149155e-12,-2.36747747049554e-14,-1.53746171095883e-13,NaN
-610.592671125,-0.0756995625,-5.3837375e-08,9.14625000000002e-10,8.98682585995086e-10,3.98626711126903e-13,-2.19148193666442e-13,-2.37178896038086e-13,NaN
-600.4967614,-0.0744479,-5.2869e-08,8.86687499999998e-10,8.98123604773605e-10,-2.94610170235137e-12,-2.85787639120386e-13,-3.170503204697e-13,NaN
-590.432510725,-0.0732001625,-5.2064e-08,8.80812500000001e-10,8.92790382590383e-10,-4.0055874868375e-12,-2.93068009952444e-13,-3.75810100913008e-13,NaN
-580.3220822,-0.0719467,-5.1107375e-08,9.51e-10,8.9011242979993e-10,1.09056467181426e-12,-5.15783724092776e-13,-4.08638982048865e-13,NaN
-570.2266766,-0.0706951,-5.0162e-08,9.03312499999997e-10,8.94971511934012e-10,2.65675456300445e-12,-7.40906467184537e-13,-4.44386083506429e-13,NaN
-560.14478155,-0.069445175,-4.930075e-08,8.09000000000001e-10,8.95425938925939e-10,-2.26904835029822e-12,-6.22862092467217e-13,-4.91028162351286e-13,NaN
-550.064398875,-0.0681954375,-4.8544e-08,8.72937500000002e-10,8.90433415233415e-10,-2.32914619164585e-12,-4.77793165065892e-13,-5.1837616216774e-13,NaN
-539.927453375,-0.0669386875,-4.7554875e-08,9.18499999999999e-10,8.90767646542647e-10,8.50574763074979e-13,-5.59782103811573e-13,-5.26307863883834e-13,NaN
-529.85554,-0.06569,-4.6707e-08,9.24937500000002e-10,8.92134564759565e-10,-3.14976746226979e-13,-6.21060850512396e-13,-5.3277248021856e-13,NaN
-519.785139,-0.0644415,-4.5705e-08,9.32687500000001e-10,8.90137693050193e-10,-1.55246797121801e-12,-6.88408925203406e-13,-5.26201311405265e-13,NaN
-509.6550496,-0.0631856,-4.4841625e-08,8.665e-10,8.89029628817129e-10,-2.01659573534546e-12,-7.0797320240448e-13,-4.98576850260916e-13,NaN
-499.537764975,-0.0619312875,-4.3972e-08,8.43875000000001e-10,8.86104501579502e-10,-2.19156063531068e-12,-5.36464502610053e-13,-4.53103797276784e-13,NaN
-489.4868232,-0.0606852,-4.3153875e-08,8.90749999999998e-10,8.84646507546508e-10,2.06265356265295e-13,-4.68712308241863e-13,-3.90975354906643e-13,NaN
-479.384662325,-0.0594327625,-4.21905e-08,9.07874999999997e-10,8.86517032292033e-10,2.54935942435958e-12,-4.90876286282594e-13,-3.2064283640229e-13,NaN
-469.300952425,-0.0581826125,-4.1338125e-08,9.04062500000001e-10,8.89745226395227e-10,5.25076781326603e-13,-4.19734762223411e-13,-2.55101173904198e-13,NaN
-459.193246175,-0.0569294875,-4.0382375e-08,9.03062500000003e-10,8.87567185854686e-10,-1.97775974025978e-12,-3.31003104163177e-13,-1.87364194200347e-13,NaN
-449.077877225,-0.0556754125,-3.9532e-08,8.07375000000002e-10,8.85789706914707e-10,-5.32640838890772e-13,-1.04675179852248e-13,-1.02938941361754e-13,NaN
-438.9831774,-0.0544239,-3.8767625e-08,8.75e-10,8.86501904176905e-10,-8.02913303127168e-16,1.62368411335937e-13,-1.13045531410571e-14,NaN
-428.882629725,-0.0531716625,-3.7782e-08,9.18812499999998e-10,8.85788101088101e-10,-9.07252544752604e-13,2.64469321010821e-13,7.94825115645722e-14,NaN
-418.814951,-0.0519235,-3.693e-08,9.22562499999999e-10,8.84687399087399e-10,-6.14384433134318e-13,2.05149427203536e-13,1.75105356204344e-13,NaN
-408.7155124,-0.0506714,-3.5936875e-08,9.00687500000001e-10,8.84559332221833e-10,1.59910494910499e-12,1.13414610848555e-13,2.74898519144094e-13,NaN
-398.62172,-0.04942,-3.5128625e-08,8.23437500000003e-10,8.87885608985609e-10,2.52924491049496e-12,3.2851921257217e-13,3.62714952974361e-13,NaN
-388.538715875,-0.0481699375,-3.429e-08,8.535625e-10,8.89617822042822e-10,-2.1029747279726e-13,6.72720778419949e-13,4.30981928786152e-13,NaN
-378.434437675,-0.0469172375,-3.34215e-08,9.441875e-10,8.87465014040015e-10,-8.81899350649299e-13,6.94829346191904e-13,4.95480545257573e-13,NaN
-368.35869295,-0.045668075,-3.2401625e-08,8.82124999999998e-10,8.87854023341524e-10,1.27640400140382e-12,6.3909553933254e-13,5.59646731781816e-13,NaN
-358.253305675,-0.0444152375,-3.165725e-08,8.53999999999999e-10,8.90017822042822e-10,1.35692128817128e-12,7.74769124991491e-13,6.09689571994307e-13,NaN
-348.161529775,-0.0431640875,-3.0693625e-08,9.26250000000002e-10,8.90567865917866e-10,1.53302035802047e-12,8.23416468553929e-13,6.47890737056744e-13,NaN
-338.065922525,-0.0419124625,-2.980475e-08,9.043125e-10,8.93083862758863e-10,1.30083494208483e-12,7.49469732626175e-13,6.74817846012253e-13,NaN
-327.9571072,-0.0406592,-2.8885e-08,9.08125000000001e-10,8.93169535802036e-10,-9.12782116532342e-13,6.7417205335882e-13,6.88270301381937e-13,NaN
-317.836999475,-0.0394045375,-2.79885e-08,9.13999999999999e-10,8.91258298525799e-10,-1.00991356616214e-13,6.06520509373083e-13,6.97722408978225e-13,NaN
-307.7630696,-0.0381556,-2.7057e-08,8.72750000000001e-10,8.92967553088804e-10,2.31784090909092e-12,6.3368710696491e-13,6.96761719411708e-13,NaN
-297.6575815,-0.03690275,-2.6243e-08,8.49562500000001e-10,8.95893980343981e-10,2.2415369427868e-12,7.53076013321002e-13,6.76098086028788e-13,NaN
-287.5625792,-0.0356512,-2.5357875e-08,9.07499999999999e-10,8.97450626974377e-10,8.68755703755757e-13,7.50722368316652e-13,6.41109322638848e-13,NaN
-277.4631406,-0.0343991,-2.4428e-08,8.83125000000001e-10,8.97631491751492e-10,-1.39807893120396e-12,6.49904861933911e-13,5.97271219240612e-13,NaN
-267.37600265,-0.033148525,-2.3591625e-08,8.90250000000002e-10,8.94654469111969e-10,-9.88346349596231e-13,6.24535274426463e-13,5.5487523967232e-13,NaN
-257.296426575,-0.0318988875,-2.26475e-08,9.29312499999998e-10,8.956547990523e-10,1.7110725254476e-12,5.47707435324572e-13,5.12791299582182e-13,NaN
-247.1857964,-0.0306454,-2.1733e-08,9.235e-10,8.98076614162865e-10,2.3411227623727e-12,3.84313683894666e-13,4.59077788802181e-13,NaN
-237.082425625,-0.0293928125,-2.08005e-08,8.98500000000002e-10,9.00337044577045e-10,1.53347578097556e-12,2.28973166845513e-13,3.87620120961537e-13,NaN
-227.002547075,-0.0281431375,-1.9936e-08,8.9725e-10,9.01143565724816e-10,-9.54859599859672e-13,1.58641318082071e-13,2.98691363751895e-13,NaN
-216.89736145,-0.026890325,-1.9006e-08,8.99125000000001e-10,8.98427325377326e-10,-2.44471020533496e-12,1.79509863306982e-13,2.13294374417651e-13,NaN
-206.796612125,-0.0256380625,-1.813775e-08,8.85624999999999e-10,8.96254145314146e-10,-2.83606089856008e-13,1.46393721445808e-13,1.42522484478734e-13,NaN
-196.70130735,-0.024386475,-1.723475e-08,8.7225e-10,8.97860113197614e-10,8.12277992277964e-13,7.01399450042092e-14,6.62367395083832e-14,NaN
-186.610035575,-0.0231353875,-1.639325e-08,8.71875e-10,8.97878701298702e-10,-7.58546200421449e-13,7.60703428604577e-14,-2.22289217744759e-14,NaN
-176.51735225,-0.021884125,-1.5491e-08,9.266875e-10,8.96343020796771e-10,-3.9202351702487e-14,1.07660630401184e-14,-1.07734812997614e-13,NaN
-166.4193252,-0.0206322,-1.4539875e-08,9.06937500000001e-10,8.97800296595297e-10,1.39083494208519e-12,-1.31854068339222e-13,-1.922495907192e-13,NaN
-156.31323215,-0.019379275,-1.3677125e-08,9.038625e-10,8.99124690680941e-10,5.87593015093146e-13,-2.31615229848547e-13,-2.86125217346866e-13,NaN
-146.2252876,-0.0181286,-1.273215e-08,9.23431250000001e-10,8.98975482625483e-10,-5.42757765882846e-13,-3.81154260619429e-13,-3.86036292635054e-13,NaN
-136.0879388,-0.0168718,-1.18302625e-08,8.814625e-10,8.98039175149175e-10,-1.0632818532817e-12,-4.91496117343523e-13,-4.8429551302119e-13,NaN
-126.022679875,-0.0156239375,-1.0969225e-08,8.66525000000001e-10,8.9684891891892e-10,-9.40388513513353e-13,-4.845998735832e-13,-5.73815899598013e-13,NaN
-115.875651875,-0.0143659375,-1.00972125e-08,8.950125e-10,8.96158398122149e-10,2.36201298699018e-14,-5.03741143770808e-13,-6.47593406433343e-13,NaN
-105.769458,-0.013113,-9.1792e-09,9.3575625e-10,8.96896159178659e-10,-6.19495656370885e-13,-6.28368505030494e-13,-7.11052022129428e-13,NaN
-95.670826,-0.011861,-8.2257e-09,9.110625e-10,8.94919406809407e-10,-1.76656019656e-12,-8.53715224723395e-13,-7.69708010896871e-13,NaN
-85.556062,-0.010607,-7.357075e-09,8.6944375e-10,8.93363038785539e-10,-5.8362363987367e-13,-9.79851193160958e-13,-8.167459058555e-13,NaN
-75.421133,-0.0093505,-6.4868125e-09,8.738e-10,8.9375215952966e-10,2.1087772025263e-13,-9.3508837037522e-13,-8.53847643845574e-13,NaN
-65.359907075,-0.0081031375,-5.609475e-09,8.843375e-10,8.93784794226045e-10,-8.82853632819652e-15,-8.68885797403434e-13,-8.87012255446507e-13,NaN
-55.2512934,-0.0068499,-4.7181375e-09,9.010875e-10,8.93734502457003e-10,2.6524240961738e-13,-8.30586100792679e-13,-9.12310630779952e-13,NaN
-45.016346,-0.005581,-3.8073e-09,8.9821875e-10,8.94315279045279e-10,-4.86698183573411e-13,-9.50219603757702e-13,-9.24448229422735e-13,NaN
-34.9354592,-0.0043312,-2.9217e-09,9.0065e-10,8.92761106089856e-10,-2.09144348894349e-12,-1.14139574171524e-12,-9.19270303243113e-13,NaN
-24.804059075,-0.0030751375,-2.006e-09,9.06225e-10,8.90132392067392e-10,-2.63973609161114e-12,-1.13301005534692e-12,-8.94159715386937e-13,NaN
-14.6938322,-0.0018217,-1.10925e-09,8.8589375e-10,8.87481633906634e-10,-3.17228808353824e-12,-1.00369682717365e-12,-8.48244630131738e-13,NaN
-4.6290774,-0.0005739,-2.342125e-10,8.82475e-10,8.83787815900316e-10,-1.70907994032996e-12,-9.72491767631117e-13,-7.74303735885894e-13,NaN
5.428418,0.000673,6.557e-10,8.79025e-10,8.84063474025974e-10,6.1517418392419e-13,-9.15641942342821e-13,-6.8105307293791e-13,NaN
15.533603625,0.0019258125,1.5238375e-09,8.582e-10,8.85018164268164e-10,-2.95279045265401e-16,-6.74828754795162e-13,-5.82613124653234e-13,NaN
25.6127764,0.0031754,2.3721e-09,8.9453125e-10,8.84062883467884e-10,-1.01095976658464e-12,-4.43249328152812e-13,-4.73960436500181e-13,NaN
35.70072095,0.004426075,3.3129e-09,9.2865e-10,8.82996244734995e-10,-1.46074412074405e-12,-3.35925368442574e-13,-3.52029069313715e-13,NaN
45.797638925,0.0056778625,4.2294e-09,8.98618750000001e-10,8.81141395226396e-10,-1.73059319059325e-12,-2.62559229707611e-13,-2.17995591689939e-13,NaN
55.849689775,0.0069240875,5.1101375e-09,8.481875e-10,8.79535058353809e-10,-6.68175675675707e-13,-2.05073126993e-13,-7.20738673824877e-14,NaN
65.9209982,0.0081727,5.925775e-09,8.5634375e-10,8.79805043875044e-10,1.19346239908737e-12,-8.65750507496709e-14,7.95454734668369e-14,NaN
76.004808925,0.0094228625,6.822825e-09,8.8955e-10,8.81921983151983e-10,1.89199675324687e-12,1.04001318653729e-13,2.25951959351109e-13,NaN
86.047987175,0.0106679875,7.704875e-09,8.82925000000001e-10,8.83589037381538e-10,1.78161855036965e-13,2.51245107986501e-13,3.578101192542e-13,NaN
96.1838236,0.0119246,8.588675e-09,8.77981250000001e-10,8.82278306862057e-10,-8.75501930502097e-13,4.22816409445047e-13,4.78388747543697e-13,NaN
106.223271325,0.0131692625,9.4608375e-09,8.87674999999999e-10,8.81838033520534e-10,-5.76680414179888e-14,6.74746366980038e-13,5.92061056207157e-13,2.83159635577336e-06
116.294075625,0.0144178125,1.0364025e-08,8.6640625e-10,8.82162970779221e-10,7.02499561249732e-13,8.55238375254003e-13,6.94949667988024e-13,3.32367232516011e-06
126.357620525,0.0156654625,1.119365e-08,8.42768750000001e-10,8.83243032643033e-10,2.73304383116874e-12,1.00254709632528e-12,7.84100332004072e-13,3.75004506610643e-06
136.4476824,0.0169164,1.20495625e-08,8.90700000000001e-10,8.87629058441559e-10,3.54068796068799e-12,1.16872207631432e-12,8.45033846712663e-13,4.04146622340839e-06
146.550448225,0.0181689125,1.297505e-08,9.0621875e-10,8.90324408564409e-10,1.55571472446457e-12,1.23567005871526e-12,8.69841635018761e-13,4.16011216748103e-06
156.6179253,0.01941705,1.3862e-08,8.937875e-10,8.90740487890488e-10,2.97494076868811e-13,1.212244464876e-12,8.71940337140539e-13,4.17014943849823e-06
166.7109111,0.02066835,1.4762625e-08,9.17250000000001e-10,8.90919396718147e-10,1.35405888030898e-12,1.04874871177697e-12,8.56786443311565e-13,4.09767429409879e-06
176.7978474,0.0219189,1.56965e-08,8.8575e-10,8.93448605651106e-10,1.91063531063546e-12,9.54914501569023e-13,8.1493541451387e-13,3.89751719984894e-06
186.92128235,0.023173975,1.6534125e-08,8.5225e-10,8.94740667339418e-10,-4.71885310635189e-13,1.06847143104777e-12,7.49582891372893e-13,3.5849616543921e-06
196.9934982,0.0244227,1.7401e-08,8.941875e-10,8.92504835029835e-10,-8.95996182871184e-13,1.07119773683007e-12,6.77768485452221e-13,3.2415014521628e-06
207.0937434,0.0256749,1.83225e-08,9.308125e-10,8.92948674973675e-10,9.68862320112202e-13,8.68095681029394e-13,6.02187833189034e-13,2.88002876742581e-06
217.1915688,0.0269268,1.9262625e-08,9.2225e-10,8.9444255967006e-10,1.42432849245339e-12,6.0838594234971e-13,5.15888585195531e-13,2.46729323354384e-06
227.275782825,0.0281770125,2.0167e-08,9.041875e-10,8.95797331958582e-10,2.18006581256585e-12,3.67060718856478e-13,4.15218626046173e-13,1.98582821152517e-06
237.38540475,0.029430375,2.1071e-08,8.88375e-10,8.98802691295192e-10,2.21332814145315e-12,1.64257231512748e-13,2.94818548163507e-13,1.41000175208634e-06
247.464980825,0.0306800125,2.194375e-08,8.94e-10,9.00223988241488e-10,9.73047560548409e-14,2.91481158956471e-14,1.59703549713019e-13,7.63799585584004e-07
257.57863575,0.031933875,2.2859e-08,8.90624999999999e-10,8.98997300807301e-10,-5.04069849069713e-13,-8.67393596011604e-14,2.47211347540592e-14,1.18231514041153e-07
267.6548846,0.0331831,2.3725e-08,9.23999999999999e-10,8.99215848543349e-10,-4.32014522639599e-13,-2.86347593513134e-13,-1.08283305286217e-13,-5.1787667745582e-07
277.75129845,0.034434825,2.4707e-08,9.11000000000001e-10,8.98133271762022e-10,-1.97572832572831e-12,-4.97499058372873e-13,-2.34720646135015e-13,-1.12257700325442e-06
287.851342,0.035687,2.5547e-08,9.05500000000003e-10,8.95264391891892e-10,-9.81357713232665e-13,-6.38931815055595e-13,-3.4064575983707e-13,-1.62917537313381e-06
297.949974,0.036939,2.6518e-08,9.098125e-10,8.96170556335557e-10,-8.6458187083291e-14,-7.67101769157582e-13,-4.32952141619276e-13,-2.07064067730958e-06
308.040640825,0.0381900125,2.7366625e-08,8.25999999999999e-10,8.95091475517726e-10,-1.56778036153052e-12,-7.45902313608525e-13,-5.14552483715017e-13,-2.46090318298486e-06
318.147137175,0.0394429875,2.817e-08,8.56687500000001e-10,8.93034995612496e-10,-1.71821889259376e-12,-6.43085287756831e-13,-5.7144095191026e-13,-2.73297846565777e-06
328.2345776,0.0406936,2.908e-08,9.1925e-10,8.91655037732538e-10,-1.28971832221813e-12,-6.75256948581087e-13,-6.03606110107027e-13,-2.88681183094665e-06
338.3049786,0.0419421,3.00085e-08,9.145625e-10,8.90455558968059e-10,4.352399964898e-13,-7.10185651234406e-13,-6.17598098907696e-13,-2.9537300382542e-06
348.413995575,0.0431953875,3.0909125e-08,8.53750000000002e-10,8.92525517725518e-10,-5.1406853281839e-13,-5.95209816065478e-13,-6.22079169440714e-13,-2.97516124515124e-06
358.5127284,0.0444474,3.1716e-08,8.68937500000001e-10,8.89427421902423e-10,-3.88508248508251e-12,-4.91000634933029e-13,-6.08105254923787e-13,-2.90832948007029e-06
368.59663995,0.045697575,3.2647e-08,9.26874999999996e-10,8.84755352755353e-10,-2.84650754650787e-12,-5.56231056083544e-13,-5.60938865027669e-13,-2.68275109361059e-06
378.718764175,0.0469524875,3.356975e-08,9.04437500000002e-10,8.83734406809407e-10,4.22988329238282e-13,-6.50532817824393e-13,-4.89680621052586e-13,-2.34195079633845e-06
388.813464,0.048204,3.4455875e-08,9.27437500000001e-10,8.85601329413829e-10,1.13492014742015e-12,-6.73279560568251e-13,-4.06890830498474e-13,-1.94599962412314e-06
398.88769635,0.049452975,3.5424625e-08,9.16062499999998e-10,8.86004247104247e-10,1.00923569673732e-13,-6.08286547665136e-13,-3.18454734435443e-13,-1.52304438208255e-06
408.994596,0.050706,3.6288e-08,8.151875e-10,8.85803176553177e-10,-1.69359863109677e-13,-3.67438950794751e-13,-2.28067083063209e-13,-1.09075561465013e-06
419.0738696,0.0519556,3.7055e-08,8.300625e-10,8.85665527378028e-10,9.05142155141757e-14,-7.87088251578178e-14,-1.36275076660282e-13,-6.51750366636131e-07
429.1741148,0.0532078,3.7948125e-08,9.15125000000002e-10,8.85984204984205e-10,8.3358195858198e-13,4.02383797200559e-14,-4.12729742236991e-14,-1.97392485417691e-07
439.269016275,0.0544593375,3.888525e-08,8.75437499999999e-10,8.87332691295192e-10,1.63987583362582e-12,1.55499694861332e-13,5.03493188048949e-14,2.40801089936454e-07
449.373496125,0.0557120625,3.9699e-08,8.96874999999998e-10,8.89263956651457e-10,1.04937916812901e-12,2.68158762223584e-13,1.28465030539326e-13,6.14397972144603e-07
459.4724306,0.0569641,4.0679e-08,9.56000000000002e-10,8.8943144963145e-10,1.76893208143486e-13,2.08716841924568e-13,1.94767352519957e-13,9.31496033791099e-07
469.56279495,0.058215075,4.1611e-08,8.45375000000003e-10,8.89617743067744e-10,7.28205071955225e-13,3.12764813563891e-13,2.54799001649615e-13,1.21860392093294e-06
479.6499329,0.05946565,4.236975e-08,8.43687499999999e-10,8.9088785977536e-10,-2.66907248157332e-13,5.55795137594858e-13,3.04972357660672e-13,1.45856344968147e-06
489.7497748,0.0607178,4.3298375e-08,9.01687499999999e-10,8.89083928571429e-10,-6.6234863109865e-13,5.839139542783e-13,3.49132315634776e-13,1.66976324868806e-06
499.845987,0.0619695,4.4173125e-08,9.06812499999998e-10,8.89563162513163e-10,1.28408871533856e-12,5.55082030654709e-13,3.89905957939866e-13,1.86476762492979e-06
509.9478454,0.0632219,4.5112e-08,8.94937500000004e-10,8.91652106002106e-10,6.23025623025796e-13,6.08163590649846e-13,4.16949127048363e-13,1.99410452066608e-06
520.036899025,0.0644727125,4.5963e-08,8.39437500000001e-10,8.90809213759215e-10,-1.71701474201458e-12,7.29720620691604e-13,4.32286196909397e-13,2.06745572434929e-06
530.13885825,0.065725125,4.6790875e-08,9.29249999999995e-10,8.88218076518077e-10,-7.55214548964458e-13,6.94866358526001e-13,4.47655143010037e-13,2.14095937961322e-06
540.223677225,0.0669754125,4.78215e-08,9.37937500000003e-10,8.89298784661286e-10,1.12795937170937e-12,5.00808346785894e-13,4.56894526700477e-13,2.18514773639359e-06
550.3294678,0.0682283,4.866675e-08,8.96250000000004e-10,8.90473995261496e-10,1.63581519831498e-12,3.88783220292068e-13,4.50454511381542e-13,2.15434766312911e-06
560.4349559,0.06948115,4.9614e-08,8.68125000000002e-10,8.92570415057916e-10,2.4562851000353e-12,3.18275316685702e-13,4.27573290724325e-13,2.04491573824677e-06
570.504147,0.0707295,5.0403e-08,9.0125e-10,8.95386565461566e-10,1.82543655668646e-12,2.50904759153234e-13,3.83321794620529e-13,1.83327814818514e-06
580.6035856,0.0719816,5.14165e-08,9.07062499999998e-10,8.96221288171289e-10,-8.48609161109574e-13,2.06056532616689e-13,3.21799793000636e-13,1.53904248826391e-06
590.69677305,0.073232925,5.2217125e-08,8.93750000000001e-10,8.93689347139347e-10,-1.61044884169888e-12,1.35460837496175e-13,2.62881652522298e-13,1.25726007728056e-06
600.820208,0.074488,5.3204e-08,8.88625000000002e-10,8.93000390487891e-10,4.6944103194125e-13,1.6208835075526e-14,2.12923585510495e-13,1.01833019157193e-06
610.907850075,0.0757386375,5.3994375e-08,8.563125e-10,8.9462822920323e-10,6.58103720604412e-14,1.62792060874627e-14,1.57296104370186e-13,7.52285716553064e-07
620.997609475,0.0769895375,5.4916625e-08,8.738125e-10,8.93132011232012e-10,1.85683573183533e-13,1.37754867650427e-13,9.8543411999552e-14,4.71294579128292e-07
631.092006825,0.0782410125,5.5742e-08,9.10687499999999e-10,8.94999596349597e-10,2.77910670410664e-12,1.6425206402124e-13,4.13965432312607e-14,1.97983467627769e-07
641.18710995,0.079492575,5.6738e-08,9.17374999999998e-10,8.98690224640225e-10,-4.42655317655749e-14,6.0302747812813e-14,-2.48345676443061e-14,-1.1877401916842e-07
651.291085675,0.0807452375,5.757675e-08,9.08562499999996e-10,8.94911065286066e-10,-2.9628356440854e-12,-2.37693097933644e-14,-8.59131811454472e-14,-4.10889127217356e-07
661.35775615,0.081993275,5.8555125e-08,8.93125e-10,8.92764553352054e-10,-1.13686819936923e-13,-9.71207463691944e-14,-1.28219917200404e-13,-6.13225690958454e-07
671.4775614,0.0832479,5.9363e-08,8.51437500000008e-10,8.94683691646192e-10,6.71615040364777e-13,-1.62252578324922e-13,-1.65653154112885e-13,-7.92254215322493e-07
681.567623275,0.0844988375,6.0258e-08,8.66812499999999e-10,8.94107783432784e-10,-1.35354510354525e-12,-1.24653237771919e-13,-2.01448025783029e-13,-9.63447079831878e-07
691.6707924,0.0857514,6.1096625e-08,9.41999999999996e-10,8.91976601439101e-10,-1.81799096174123e-12,-1.53969807193763e-13,-2.26635541095747e-13,-1.08390910958836e-06
701.747142075,0.0870006375,6.2142e-08,9.33375000000003e-10,8.90471801509301e-10,6.84654703404772e-13,-3.32206171649389e-13,-2.35245201628464e-13,-1.12508574691874e-06
711.8547475,0.08825375,6.2963375e-08,8.55187499999996e-10,8.93345910845911e-10,5.30418567918756e-13,-3.84495364306682e-13,-2.36039544446678e-13,-1.12888477778846e-06
721.9497498,0.0895053,6.3852375e-08,9.09812500000001e-10,8.91532638645139e-10,-1.51311425061407e-12,-3.89545300851863e-13,-2.33360175074387e-13,-1.11607040252968e-06
732.04576035,0.090756975,6.4783e-08,8.72750000000004e-10,8.90319682344683e-10,1.48431467181451e-13,-4.39199671921212e-13,-2.24215940815812e-13,-1.07233710824954e-06
742.13834285,0.092008225,6.5597875e-08,8.82499999999995e-10,8.91829501579502e-10,1.07973411723427e-12,-3.12315923015691e-13,-2.16742784192535e-13,-1.03659592439908e-06
752.2335468,0.0932598,6.6548e-08,9.31062500000005e-10,8.92479150579151e-10,-2.90873990873697e-13,-1.51541709597136e-13,-2.11202712334735e-13,-1.01009992855743e-06
762.3249194,0.0945109,6.746e-08,9.09875000000003e-10,8.91247753597754e-10,-1.31925675675785e-13,-2.26643943685458e-13,-1.99984133240917e-13,-9.56445854630473e-07
772.441195775,0.0957650875,6.836775e-08,8.59999999999996e-10,8.922152992278e-10,1.31334678834652e-12,-3.57210833892581e-13,-1.86449742281154e-13,-8.91716158735954e-07
782.5116976,0.0970136,6.918e-08,8.78625000000001e-10,8.93874447174447e-10,-5.87969462969685e-13,-2.61445822991093e-13,-1.79522089061525e-13,-8.58583904207293e-07
792.6046834,0.0982649,7.0125e-08,9.12999999999997e-10,8.9103936030186e-10,-2.81826518076509e-12,-1.62351022280797e-13,-1.69481182903749e-13,-8.10562179104886e-07
802.716221,0.0995185,7.1006e-08,8.51249999999999e-10,8.88237916812917e-10,-1.45798525798495e-12,-1.1729437296168e-13,-1.43617822640646e-13,-6.86867847411785e-07
812.7850088,0.1007668,7.18275e-08,8.68750000000006e-10,8.8812338978589e-10,7.86365830115753e-13,4.66027564307859e-14,-1.07809125182342e-13,-5.15608859567723e-07
822.9086454,0.1020219,7.27435e-08,9.37999999999998e-10,8.89810648473149e-10,1.31395445770428e-12,8.17723149181572e-14,-7.28207055381049e-14,-3.48272939530067e-07
832.99175035,0.103271975,7.37035e-08,8.91249999999998e-10,8.90751298701299e-10,3.76107844858197e-13,-1.49340406706903e-14,-4.03597336085665e-14,-1.93024812910535e-07
843.077779225,0.1045224125,7.4526e-08,8.41374999999998e-10,8.90562864162865e-10,-3.4867497367461e-13,3.64914134583396e-14,-1.19947485217969e-14,-5.73661885825069e-08
853.171974925,0.1057738625,7.538625e-08,9.01937500000002e-10,8.9005394875395e-10,-8.82458757458604e-13,1.36103581170711e-13,8.07301849459402e-15,3.86100884524062e-08
863.2672797,0.10702545,7.6329875e-08,9.36375000000006e-10,8.88797946647948e-10,1.98207704457424e-13,1.34197240852633e-13,2.58337607595576e-14,1.23552768850058e-07
873.3590556,0.1082766,7.7259e-08,8.60562499999998e-10,8.90450364162865e-10,1.40293304668274e-12,8.83208860547133e-14,4.45010813588755e-14,2.12831258672883e-07
883.4673668,0.1095298,7.8051e-08,8.330625e-10,8.91603812741313e-10,-8.47200772200853e-13,1.07829602450506e-13,5.96579121914559e-14,2.85320449611311e-07
893.5530932,0.1107802,7.8925125e-08,9.64624999999999e-10,8.88755962618463e-10,-1.72369691120028e-13,3.85330760234102e-14,7.75463217411973e-14,3.70873712675291e-07
903.672394325,0.1120347625,7.998025e-08,9.32437500000004e-10,8.91259073359073e-10,2.02162600912593e-12,-8.07712975530808e-14,8.8177109757402e-14,4.21716611883227e-07
913.7543902,0.1132847,8.079e-08,8.35875000000005e-10,8.92799214636715e-10,-4.46200421200484e-13,6.92431291585861e-15,7.6376022092353e-14,3.6527662739821e-07
923.8401166,0.1145351,8.1652e-08,8.7681249999999e-10,8.90366672516672e-10,-1.488882063882e-12,1.17459326032482e-13,6.2767370422769e-14,3.00191771587156e-07
933.9480245,0.11578825,8.2543625e-08,9.33937499999992e-10,8.89821450508951e-10,1.53422692172745e-12,6.94608252992721e-14,6.40704022362226e-14,3.06423662868891e-07
944.0272981,0.11703785,8.3519875e-08,8.75875000000004e-10,8.93435126360127e-10,2.30652641277661e-12,4.97178263333108e-14,6.17023024595153e-14,2.95097968284638e-07
954.123409475,0.1182895375,8.4295375e-08,8.46062500000008e-10,8.94434503334504e-10,-8.10938048438385e-13,1.77596974627063e-13,4.58655241702214e-14,2.19356854727146e-07
964.229099225,0.1195424125,8.5212e-08,9.09187500000004e-10,8.9181325026325e-10,-1.53829194454224e-12,2.01912165426961e-13,3.4251998164263e-14,1.63813904263866e-07
974.314623975,0.1207927875,8.611375e-08,9.25687499999996e-10,8.91357919445419e-10,-3.65365040365329e-13,4.95540462923374e-14,2.64092886274862e-14,1.26305293435804e-07
984.42848055,0.122046675,8.7063375e-08,9.06687500000001e-10,8.9108252018252e-10,-1.24256318006197e-13,-7.926761925667e-14,1.34818070916188e-14,6.44782078294812e-08
994.526406775,0.1232985875,8.7927125e-08,8.77375000000006e-10,8.91109406809407e-10,5.78360828361151e-13,-1.20625833687463e-13,1.93948153556139e-15,9.27578125703273e-09
1004.625240425,0.1245506125,8.8818125e-08,8.89437499999995e-10,8.92239241839242e-10,5.24473499473528e-13,-1.34194623904213e-13,-9.10241621130481e-15,-4.35332949236317e-08
1014.697859575,0.1257993875,8.9706e-08,9.04437499999992e-10,8.92158353808354e-10,-4.5565768690762e-13,-1.21442313295598e-13,-2.26624304442517e-14,-1.08385536907291e-07
1024.811413675,0.1270532375,9.0627e-08,8.623125e-10,8.91327926465427e-10,-8.61297823797912e-13,-4.0246816448755e-15,-3.55221354054129e-14,-1.69888473678062e-07
1034.88856995,0.128302575,9.1430625e-08,8.79687499999997e-10,8.90435758160758e-10,-8.15108371358235e-13,1.02895689447136e-13,-4.64077201293566e-14,-2.21949965836053e-07
1045.006762,0.129557,9.2386375e-08,8.886875e-10,8.8969770972271e-10,-9.09639347139377e-13,7.76111355323495e-14,-5.2904054569777e-14,-2.53019391420673e-07
1055.071617625,0.1308048125,9.3208e-08,9.06937500000008e-10,8.8861647946648e-10,-2.06447437697777e-13,-4.92652494806735e-14,-5.47081962967531e-14,-2.61647895332297e-07
1065.18930555,0.132059175,9.420025e-08,9.30750000000003e-10,8.89284814847315e-10,2.19861135486127e-12,-2.83341528731585e-13,-5.92940286501188e-14,-2.83580137022307e-07
1075.2695874,0.1333089,9.50695e-08,8.59624999999999e-10,8.93013702176202e-10,1.7558814496316e-12,-2.81849893819021e-13,-7.78579620222488e-14,-3.72364166193364e-07
1085.3835448,0.1345628,9.59195e-08,8.32250000000004e-10,8.92796577746578e-10,-1.57357625482604e-12,6.6423324441466e-14,-1.02612644382992e-13,-4.90756125309962e-07
1095.4571722,0.1358117,9.6734e-08,9.27812500000002e-10,8.8986654966655e-10,-1.4270072832572e-12,1.82717464676004e-13,-1.11056504306721e-13,-5.31139803206057e-07
1105.5598372,0.1370642,9.7775125e-08,9.50999999999993e-10,8.89942563180064e-10,9.52722446472275e-13,-3.57135602129775e-14,-1.01093685664595e-13,-4.8349154013502e-07
1115.6616956,0.1383166,9.8636e-08,8.43437499999995e-10,8.91771994559495e-10,6.40461565461221e-13,-8.81543680201139e-14,-8.61251055782998e-14,-4.11902678852738e-07
1125.7421791,0.13956635,9.9462e-08,8.38999999999999e-10,8.91223486310986e-10,-1.24499166374165e-12,4.99095025244301e-15,-6.79051397780487e-14,-3.24763711981972e-07
1135.841718525,0.1408184625,1.00314e-07,9.35312500000004e-10,8.89282011232011e-10,-9.06873025622796e-13,-9.70929372298414e-14,-3.87811963724368e-14,-1.85475286998611e-07
1145.9333936,0.1420696,1.01332625e-07,9.33500000000007e-10,8.8940974025974e-10,4.53593366093475e-13,-1.87744138823938e-13,-2.63031545569915e-15,-1.25797695707351e-08
1156.039285,0.1433225,1.02181e-07,8.67687500000003e-10,8.90189197964198e-10,8.42938311688166e-13,-1.08147995127691e-13,3.38633992144562e-14,1.61955387547399e-07
1166.137917,0.1445745,1.03068e-07,8.61499999999998e-10,8.91095616883117e-10,1.22098982098999e-12,-3.73460061424899e-15,7.28073030143512e-14,3.48208840503419e-07
1176.2038817,0.14582245,1.03904e-07,9.06499999999996e-10,8.92631177606178e-10,1.78416769041783e-12,4.30371001457164e-14,1.14013369859145e-13,5.45281334108954e-07
1186.3226787,0.14707695,1.04881e-07,8.97937499999998e-10,8.94663952263952e-10,7.88438925938373e-13,2.3554006221165e-14,1.52641102956228e-13,7.30022666312395e-07
1196.412942225,0.1483279125,1.05699875e-07,8.54312499999998e-10,8.94208055458055e-10,-2.68594243594271e-12,7.5230293313846e-14,1.90993367644252e-13,9.13446540907292e-07
1206.5114734,0.1495799,1.06589625e-07,9.07937500000002e-10,8.89292067392067e-10,-4.14653167778148e-12,1.90136198515915e-13,2.42251208038227e-13,1.15859273409587e-06
1216.6141384,0.1508324,1.0751575e-07,9.586875e-10,8.85914992102492e-10,-7.73201123201024e-13,1.74794561921665e-13,3.09682807797788e-13,1.48109168946768e-06
1226.6982516,0.1520826,1.08507e-07,9.03874999999996e-10,8.87745665145665e-10,3.43401851526852e-12,8.62508339185094e-14,3.78164290840138e-13,1.80861182575718e-06
1236.797992675,0.1533347375,1.093235e-07,8.12812500000004e-10,8.92783029133029e-10,4.94786767286786e-12,2.41889604506807e-13,4.30242469586154e-13,2.05768137628161e-06
1246.895213125,0.1545865625,1.10132625e-07,8.59250000000002e-10,8.97641400491401e-10,7.54751667251529e-13,6.36871160202188e-13,4.55226471930422e-13,2.1771700831455e-06
1256.9844684,0.1558374,1.11042e-07,9.37687499999996e-10,8.94292532467532e-10,-5.59979817479817e-12,8.51786717913925e-13,4.72416132179443e-13,2.25938150172777e-06
1267.072312125,0.1570880625,1.12008e-07,9.12374999999999e-10,8.86441804141804e-10,-3.78142769392734e-12,7.49263792471999e-13,5.13374061850426e-13,2.45526725232812e-06
1277.1736664,0.1583404,1.1286675e-07,8.73999999999999e-10,8.86729677079677e-10,2.55435240435218e-12,6.01631879511463e-13,5.6264259543927e-13,2.69089936949216e-06
1287.261006,0.159591,1.13756e-07,8.91874999999996e-10,8.91550508950509e-10,2.47236749736739e-12,5.83002468737438e-13,5.85887073949704e-13,2.80206861454206e-06
1297.36629245,0.160843825,1.146505e-07,8.93500000000001e-10,8.91674412074412e-10,9.01088101088424e-13,6.17515859234495e-13,5.87754945397356e-13,2.81100191276996e-06
1307.463412075,0.1620956375,1.15543e-07,8.8712500000001e-10,8.93352685152686e-10,3.10754212004225e-12,6.36260378935042e-13,5.77586876768013e-13,2.76237201932528e-06
1317.56597625,0.163348125,1.1642475e-07,8.98312500000001e-10,8.97889496314497e-10,2.54455949455984e-12,6.61625129469155e-13,5.41684692895532e-13,2.59066592254385e-06
1327.6547274,0.1645989,1.17339625e-07,9.10499999999994e-10,8.98441804141805e-10,-2.77996665496301e-13,6.39850829316926e-13,4.82654971110763e-13,2.30834986183408e-06
1337.7372274,0.1658489,1.1824575e-07,8.99375000000004e-10,8.97333502983504e-10,-9.66036328536297e-13,5.23664991910032e-13,4.13204861173614e-13,1.97619716213468e-06
1347.857335125,0.1671035625,1.19138375e-07,8.51124999999996e-10,8.96509731484733e-10,1.05288039663044e-12,4.36379909400335e-13,3.34602489949666e-13,1.60027277802014e-06
1357.933583975,0.1683527875,1.19948e-07,8.36312500000004e-10,8.99439263776765e-10,3.18996797121799e-12,4.63500523174176e-13,2.40347267315135e-13,1.1494869306376e-06
1368.0250574,0.1696039,1.20811e-07,9.0606250000001e-10,9.02889667427169e-10,1.0264698139697e-12,4.56708324036802e-13,1.24614792601473e-13,5.95983790702697e-07
1378.114111025,0.1708547125,1.21760125e-07,9.81000000000001e-10,9.01492203404704e-10,-1.22818313443313e-12,2.2468366355169e-13,3.54440439921147e-16,1.69514993005766e-09
1388.1876376,0.1721036,1.22773e-07,9.81937499999987e-10,9.00433301158302e-10,1.46382283257275e-12,-1.51807216445228e-13,-1.19605496971779e-13,-5.7202628986503e-07
1398.292218275,0.1733563375,1.23724e-07,8.76874999999999e-10,9.0441984906985e-10,3.29381361881298e-12,-3.80813735608374e-13,-2.48127524362992e-13,-1.18669685564909e-06
1408.406175675,0.1746102375,1.2452675e-07,8.06500000000002e-10,9.07020928395928e-10,-1.88125877500872e-12,-3.49810954155447e-13,-3.95445901411338e-13,-1.89126300674988e-06
1418.5004722,0.1758617,1.25337e-07,8.19500000000003e-10,9.00657331519832e-10,-6.11026456651418e-12,-1.99191650134085e-13,-5.34005907826568e-13,-2.55394129830098e-06
1428.568554225,0.1771099125,1.2616575e-07,9.37000000000017e-10,8.948003992629e-10,-3.26279176904213e-12,-2.8487606863226e-13,-6.33143777295556e-13,-3.02807893489179e-06
1438.575637125,0.1783505625,1.27211e-07,1.02668749999999e-09,8.94131747981748e-10,3.39450245700302e-13,-7.88222273775179e-13,-6.99201544026169e-13,-3.34400738447298e-06
1448.6640858,0.1796013,1.28219125e-07,9.55999999999999e-10,8.95479299754301e-10,1.27676816426831e-12,-1.21861045518431e-12,-7.53976315047577e-13,-3.60597368066232e-06
1458.85648505,0.180864925,1.29123e-07,8.93937500000006e-10,8.96685284310285e-10,7.98056335556261e-13,-1.24590725721262e-12,-8.07029941174983e-13,-3.85970841431514e-06
1468.956226125,0.1821170625,1.30007e-07,8.94999999999996e-10,8.97075412425413e-10,-5.85244822744924e-13,-1.23610596665494e-12,-8.53741662978405e-13,-4.08311230120107e-06
1479.0555639,0.18336915,1.30913e-07,8.28437499999998e-10,8.95514794664795e-10,-2.74273868023854e-12,-1.27685989221624e-12,-8.85139180399342e-13,-4.23327434104033e-06
1489.153086825,0.1846210125,1.31663875e-07,8.37499999999997e-10,8.91589935064936e-10,-3.8553461740961e-12,-1.16634227280559e-12,-8.91640358072307e-13,-4.26436692991103e-06
1499.2177408,0.1858688,1.32588e-07,9.37312499999999e-10,8.87804102316603e-10,-2.35723280098296e-12,-1.08787980387847e-12,-8.65798653953127e-13,-4.14077617108017e-06
1509.31980085,0.187121225,1.335385e-07,9.21625000000003e-10,8.8687546946297e-10,1.23944805194977e-13,-1.11256342615773e-12,-8.118295229995e-13,-3.88266293608456e-06
1519.4141982,0.1883727,1.3443125e-07,9.04812500000002e-10,8.88051991926993e-10,2.28244559494061e-13,-1.10119419676551e-12,-7.44154965847033e-13,-3.55900201057277e-06
1529.474415875,0.1896199375,1.35348125e-07,8.54124999999993e-10,8.87331958581958e-10,-1.54915101790142e-12,-9.32030742468659e-13,-6.66946266194641e-13,-3.18974301223524e-06
1539.609849,0.1908765,1.361395e-07,8.184375e-10,8.8495368989119e-10,-1.73993506493456e-12,-6.03907444570851e-13,-5.73145934543526e-13,-2.74113273042556e-06
1549.729351775,0.1921310875,1.36985e-07,8.67749999999998e-10,8.83852088452089e-10,-4.14621358371244e-13,-4.16223818195126e-13,-4.63331624836783e-13,-2.21593385791505e-06
1559.827278,0.193383,1.37875e-07,9.08249999999991e-10,8.84124447174447e-10,6.57625482624984e-13,-4.0180927298203e-13,-3.46528153576771e-13,-1.65730856058456e-06
1569.867733975,0.1946277875,1.388015e-07,8.49125000000013e-10,8.85167339417339e-10,6.96604071599241e-14,-1.59718796851098e-13,-2.30806896324823e-13,-1.10385906937959e-06
1580.0188958,0.1958863,1.3957325e-07,8.22250000000013e-10,8.84263767988767e-10,-1.53664443664464e-12,3.42508306844018e-13,-1.15019571653639e-13,-5.50093603560882e-07
1590.09514465,0.197135525,1.40446e-07,9.26062499999993e-10,8.8209405054405e-10,-1.98514171639173e-12,5.58703823402819e-13,7.48364122108189e-15,3.57913275790873e-08
1600.211219375,0.1983896875,1.41425375e-07,9.59500000000003e-10,8.80293484555984e-10,5.47209547216267e-14,3.83527152199482e-13,1.39711642041527e-13,6.68186114111651e-07
1610.276075,0.1996375,1.42365e-07,9.33812500000009e-10,8.82203492453493e-10,3.40924008424056e-12,2.17356495342152e-13,2.68562026068018e-13,1.28442708119487e-06
1620.378437525,0.2008899625,1.43293e-07,8.73124999999988e-10,8.87111964724465e-10,3.24403957528932e-12,2.4477522456198e-13,3.68433647937473e-13,1.76207396839661e-06
1630.4910842,0.2021437,1.4411125e-07,8.25499999999997e-10,8.88691571604072e-10,6.0164092664101e-13,4.54767056011393e-13,4.38821306429395e-13,2.09871059596667e-06
1640.5727776,0.2033936,1.44944e-07,8.43375e-10,8.88315246577747e-10,5.49686293436429e-13,7.35303726338777e-13,4.98823323246797e-13,2.38567676335425e-06
1650.682702,0.204647,1.45798e-07,8.82999999999996e-10,8.89790944190945e-10,8.71661109160921e-13,9.28453526980664e-13,5.45653739907935e-13,2.60964832129882e-06
1660.7894,0.2059,1.4671e-07,9.37000000000004e-10,8.90058568796069e-10,3.64829764829756e-13,9.11657583911457e-13,5.70064666991256e-13,2.72639623343644e-06
1670.8831924,0.2071514,1.47672e-07,9.61687499999997e-10,8.90520603720604e-10,1.73193006318023e-12,6.98204556973873e-13,5.77560462526514e-13,2.7622456903442e-06
1680.956920625,0.2084003125,1.48633375e-07,9.25062499999992e-10,8.93522428922429e-10,2.29042646542669e-12,4.72685546313179e-13,5.67790533858335e-13,2.71551994453986e-06
1691.0707772,0.2096542,1.49522125e-07,8.69312500000002e-10,8.95101456651457e-10,1.13638776763811e-12,4.31760118610851e-13,5.38487389724834e-13,2.57537447259703e-06
1701.15973,0.210905,1.50372e-07,8.50500000000012e-10,8.95795204457705e-10,-3.48339329589399e-13,4.91519812731714e-13,4.9357380066688e-13,2.36057035101551e-06
1711.24223,0.212155,1.51223125e-07,8.47562499999997e-10,8.94404777992279e-10,-1.50358678483712e-12,5.03031257942686e-13,4.41164447634279e-13,2.10991692346829e-06
1721.316664,0.213404,1.52067125e-07,8.71937499999995e-10,8.92788030888031e-10,1.07059494559296e-13,4.97029968148844e-13,3.88735082269856e-13,1.85916778476888e-06
1731.399164,0.214654,1.52967e-07,9.3243750000001e-10,8.94618896981397e-10,2.31622499122453e-12,4.29623401356071e-13,3.26817798817364e-13,1.56304164651783e-06
1741.48973,0.215905,1.53932e-07,9.565e-10,8.9742048087048e-10,2.12199455949374e-13,2.84503066386637e-13,2.46081351970783e-13,1.17691081377331e-06
1751.65289,0.217165,1.5488e-07,9.215e-10,8.95043295893296e-10,-3.69672472797425e-12,1.23623586127086e-13,1.68318012760214e-13,8.04999191461893e-07
1761.743456,0.218416,1.55775e-07,8.67062500000006e-10,8.90027031414532e-10,-2.75394656019645e-12,-9.25320825290551e-15,1.22088070662746e-13,5.83899468387046e-07
1771.81789,0.219665,1.56614125e-07,8.36999999999996e-10,8.89535402772903e-10,9.04242716743029e-13,-1.04260478358485e-13,9.56723967530115e-14,4.57563636644838e-07
1781.89333225,0.220914125,1.57449e-07,8.49937499999996e-10,8.91835516848018e-10,2.86042251667312e-12,-1.43765792397813e-13,6.01217797544842e-14,2.87538946651881e-07
1791.98289,0.222165,1.58314e-07,8.89937500000002e-10,8.95256247806249e-10,2.31777597402566e-12,-9.28302471010473e-14,5.58545165971287e-15,2.67130296768876e-08
1802.05631575,0.223413875,1.59228875e-07,9.32687500000004e-10,8.96471068796069e-10,-4.99243155494091e-13,-9.42426254198083e-14,-5.89027672772752e-14,-2.81708886978273e-07
1812.22855,0.224675,1.60179375e-07,9.41062499999997e-10,8.94257761495261e-10,-2.76856133731135e-12,-2.38630627232358e-13,-1.12953096305609e-13,-5.40210460592043e-07
1822.32214075,0.225926375,1.61111e-07,9.12062500000004e-10,8.90933946121446e-10,-2.824675324675e-12,-3.34442245165315e-13,-1.41848259784629e-13,-6.78404720709095e-07
1832.385484,0.227174,1.620035e-07,8.66000000000003e-10,8.88608410845911e-10,-1.03970910845856e-12,-2.93648894589145e-13,-1.46117946098656e-13,-6.98824959602268e-07
1842.47605,0.228425,1.62843e-07,8.44749999999999e-10,8.88854527904529e-10,1.62221832221876e-12,-2.18557995939542e-13,-1.3953861314696e-13,-6.67358584615896e-07
1852.554517,0.2296745,1.63693e-07,8.76874999999999e-10,8.91852847490349e-10,3.18981221481161e-12,-1.33120374794187e-13,-1.39607033029455e-13,-6.67685810140872e-07
1862.63802525,0.230924625,1.6459675e-07,9.06999999999996e-10,8.95234152334153e-10,1.6716238153732e-12,-8.76001165668243e-14,-1.52864488080713e-13,-7.31091029951236e-07
1872.78505325,0.232182625,1.65507e-07,9.26187499999997e-10,8.95196095121095e-10,-4.57592576342871e-13,-1.12416853480763e-13,-1.6631255155492e-13,-7.95407855262661e-07
1882.894776,0.233436,1.66449125e-07,9.32999999999999e-10,8.94318967181467e-10,-1.73222183222208e-12,-1.6925135037798e-13,-1.67667564955692e-13,-8.01888354135918e-07
1892.961144,0.234684,1.67373e-07,8.93624999999998e-10,8.91731651456651e-10,-2.73168655668646e-12,-1.93346336814151e-13,-1.54701543245254e-13,-7.39876945955563e-07
1903.05171,0.235935,1.68236375e-07,8.42000000000002e-10,8.88855594068094e-10,-9.04086960336488e-13,-5.60008462693205e-14,-1.26216653808939e-13,-6.03644866042752e-07
1913.11706975,0.237182875,1.69057e-07,8.45187500000011e-10,8.89923477535978e-10,2.08082879957893e-12,2.03301634935975e-13,-9.24929364558126e-14,-4.42357522179973e-07
1923.21671,0.238435,1.6992675e-07,8.97312499999994e-10,8.93017251667252e-10,2.50153782028776e-12,2.57063678935821e-13,-6.69077342082772e-14,-3.19993511430891e-07
1933.331474,0.239689,1.70851625e-07,9.20625000000002e-10,8.94926553176553e-10,2.84237890488371e-13,-2.31873606978733e-14,-5.10228803160171e-14,-2.44022471076603e-07
1943.470436,0.240946,1.71768e-07,9.21625000000003e-10,8.93585727448228e-10,-1.95949017198963e-12,-2.87602124439149e-13,-3.68554845399032e-14,-1.76265360843015e-07
1953.54487,0.242195,1.72694875e-07,9.10499999999987e-10,8.91007572832574e-10,-2.25862144612151e-12,-2.92032877084166e-13,-1.79721867410166e-14,-8.59539365874707e-08
1963.635436,0.243446,1.73589e-07,8.740625e-10,8.89068484555985e-10,-1.12922955422995e-12,-6.54414337618367e-14,5.47645988240577e-15,2.61917646549841e-08
1973.717936,0.244696,1.74443e-07,8.61312500000019e-10,8.88749113724114e-10,7.38291944542049e-13,2.00559452393899e-13,3.17390972432547e-14,1.5179568246774e-07
1983.808502,0.245947,1.75311625e-07,8.74812500000008e-10,8.9054506844507e-10,2.36430765180815e-12,2.57634305374717e-13,5.29698826738414e-14,2.53334221483589e-07
1993.891002,0.247197,1.76192625e-07,9.00749999999996e-10,8.93477729027731e-10,1.90117585117575e-12,1.03825498339774e-13,5.94261650933334e-14,2.84212093924638e-07
2004.046096,0.248456,1.77113125e-07,9.12187499999994e-10,8.94347420147421e-10,-6.35345735345785e-13,-9.80806571763924e-14,5.51575443728341e-14,2.63796951348337e-07
2014.12053,0.249705,1.78017e-07,9.16687499999986e-10,8.92207037557039e-10,-2.22064978939968e-12,-1.91299758365345e-13,5.31717709751524e-14,2.5429977422899e-07
2024.211096,0.250956,1.789465e-07,8.970625e-10,8.89906120568622e-10,-1.30920279045324e-12,-8.98814934910264e-14,5.84292145609004e-14,2.79444069639089e-07
2034.27847225,0.252204125,1.79811125e-07,8.62625000000002e-10,8.89588631976133e-10,6.94517813267761e-13,1.49743130175324e-13,6.8544474103218e-14,3.27821397884956e-07
2044.36803,0.253455,1.8067175e-07,8.82937500000007e-10,8.91295156195157e-10,2.1182432432431e-12,2.95247689945824e-13,7.66827454996726e-14,3.66743565433217e-07
2054.434398,0.254703,1.81577e-07,8.70812500000017e-10,8.93825118462619e-10,2.13864513864464e-12,2.80652624260431e-13,7.47095921991724e-14,3.5730674530039e-07
2064.496733,0.2559505,1.82413375e-07,8.92687499999998e-10,8.95572446472447e-10,3.18194980694823e-13,1.60671793450331e-13,6.09743398737755e-14,2.9161640809197e-07
2074.65888475,0.257210375,1.83362375e-07,9.17999999999996e-10,8.94461508424008e-10,-2.31264698139666e-12,-4.44096550476968e-14,4.34049675821226e-14,2.0758897539276e-07
2084.718195,0.2584575,1.84249375e-07,8.92812500000002e-10,8.90947152509653e-10,-3.37367058617009e-12,-1.13608197521527e-13,3.73467831280531e-14,1.78615049742863e-07
2094.81380225,0.259709125,1.85148e-07,8.83312500000004e-10,8.87714167251668e-10,-8.53536328536573e-13,3.96438171884472e-14,5.23378735932313e-14,2.50311569358932e-07
2104.919492,0.260962,1.86016e-07,8.88000000000001e-10,8.8924007985258e-10,2.88766891891867e-12,2.21383089378295e-13,7.38746733942375e-14,3.53313655363745e-07
2114.99896725,0.262211625,1.86924e-07,9.13124999999993e-10,8.93489505089506e-10,3.46968453843434e-12,2.30096765492821e-13,7.56859724554895e-14,3.61976390004515e-07
2125.100624,0.263464,1.8784225e-07,9.0581249999999e-10,8.96179448929449e-10,1.46770796770758e-12,6.99790305317753e-14,5.37533630267708e-14,2.57081301432382e-07
2135.2456355,0.26472175,1.88735625e-07,8.91437500000004e-10,8.96424921024921e-10,-1.48076298701284e-12,-1.00037881611289e-13,2.34661264667956e-14,1.1222930049337e-07
2145.31402,0.26597,1.89625125e-07,8.85375000000008e-10,8.93217922955423e-10,-2.83338232713192e-12,-1.72660188878662e-13,3.6281819605867e-15,1.73521745941103e-08
2155.412652,0.267222,1.90506375e-07,8.80937499999992e-10,8.90758156370657e-10,-1.04491268866236e-12,-1.08982203395224e-13,1.88525868686594e-15,9.01645458935884e-09
2165.495152,0.268472,1.91387e-07,8.7081249999999e-10,8.91128097578098e-10,1.1950355387855e-12,4.80974456562071e-14,6.54263864560082e-15,3.12908804789604e-08
2175.569586,0.269721,1.92248e-07,8.98000000000013e-10,8.93148227448228e-10,1.90508950508904e-12,1.59374831907263e-13,3.98318404020971e-15,1.90500106270899e-08
2185.696449,0.2709765,1.93183e-07,9.27687499999998e-10,8.94938276588276e-10,9.63680238679419e-13,9.73685556661695e-14,-9.17654999032256e-15,-4.38878477798035e-08
2195.859609,0.2722365,1.94103375e-07,9.06937499999995e-10,8.95075587925587e-10,-8.873310810812e-13,-6.72356865099789e-14,-2.61547285555254e-14,-1.25087832222078e-07
2205.94311725,0.273486625,1.94996875e-07,8.84312500000005e-10,8.93163614426114e-10,-2.35662074412053e-12,-1.86241964044658e-13,-3.57570943598378e-14,-1.71012190416616e-07
2216.004444,0.274734,1.95872e-07,8.60937499999995e-10,8.90362346437346e-10,-1.52884126009148e-12,-1.84118356480525e-13,-3.12962832147984e-14,-1.49677876244688e-07
2226.103076,0.275986,1.9671875e-07,8.58500000000008e-10,8.90105931905931e-10,9.72512285012267e-14,-3.85648246765811e-14,-1.84311809364925e-14,-8.81491262180076e-08
2236.185576,0.277236,1.97589e-07,8.8975000000001e-10,8.90556848894348e-10,1.20777685152681e-12,1.47511035443641e-13,-4.93380025059047e-15,-2.35964359810849e-08
2246.268076,0.278486,1.9849825e-07,9.28937499999993e-10,8.92521485608985e-10,2.02731879606907e-12,2.00123692665358e-13,3.76696323784588e-15,1.80159111375238e-08
2256.36771625,0.279738125,1.99446875e-07,9.38812499999988e-10,8.94611486486486e-10,4.99208055458589e-13,5.56807395549278e-14,2.22364727108473e-15,1.06348347747531e-08
2266.5117195,0.28099575,2.00375875e-07,9.33562500000002e-10,8.93519901719902e-10,-1.7508445945944e-12,-1.88181073122214e-13,-1.02992413533299e-15,-4.9257241255056e-09
2276.58817,0.282245,2.01314e-07,8.70312500000003e-10,8.91109797297297e-10,-1.86588276588235e-12,-3.01881316758839e-13,6.50498990540171e-15,3.11108212867038e-08
2286.6807525,0.28349625,2.021165e-07,8.20437500000002e-10,8.89788136188137e-10,1.27406546157004e-13,-1.60804183969707e-13,2.3724817808587e-14,1.13466519954112e-07
2296.761236,0.284746,2.02954875e-07,8.49500000000011e-10,8.91364610389611e-10,1.9010771323267e-12,6.6249946715489e-14,3.85133158355388e-14,1.84194119213446e-07
2306.8457525,0.28599625,2.038155e-07,8.97624999999989e-10,8.93590290452791e-10,1.74708889083831e-12,2.05182515562481e-13,4.09984723611071e-14,1.96079650422686e-07
2316.9443845,0.28724825,2.04750125e-07,9.51749999999988e-10,8.94858788171288e-10,3.74348455598542e-13,1.79555309567189e-13,3.32338145217988e-14,1.58944330321646e-07
2327.0954455,0.28850675,2.05719e-07,9.28499999999994e-10,8.94338987363988e-10,-1.17439233064194e-12,6.20913616399508e-14,2.46760793264887e-14,1.18016031561468e-07
2337.159797,0.2897545,2.06607125e-07,8.70812500000003e-10,8.92510003510004e-10,-1.74543260793269e-12,3.38223032695729e-14,2.37357390066954e-14,1.13518751771152e-07
2347.254396,0.291006,2.07460625e-07,8.46937500000006e-10,8.90848122148122e-10,-9.14943839943406e-13,1.05939701336892e-13,3.1891472964899e-14,1.52524435919082e-07
2357.336896,0.292256,2.08301e-07,8.5618750000001e-10,8.90680115830117e-10,7.6938618813663e-13,1.78185124903369e-13,4.31175277875931e-14,2.06214263331967e-07
2367.42242075,0.293506375,2.09173e-07,9.02500000000004e-10,8.92386894524396e-10,1.5041088978584e-12,1.63965539502583e-13,4.71196055974365e-14,2.25354635466001e-07
2377.526094,0.294759,2.10106e-07,9.44499999999986e-10,8.93688333625834e-10,1.21244076868995e-12,6.45441549262846e-14,4.00146969794859e-14,1.91374637727976e-07
2387.588429,0.2960065,2.11062e-07,9.41999999999996e-10,8.94811776061775e-10,4.9494120744076e-13,-3.35462354565548e-14,2.63785448334999e-14,1.26158257899347e-07
2397.747556,0.297266,2.1199e-07,9.06000000000008e-10,8.94678216040716e-10,-1.16633906633854e-12,-5.38983530888551e-14,1.26687496683236e-14,6.0589672326765e-08
2407.846188,0.298518,2.12874e-07,8.70750000000015e-10,8.92479097929098e-10,-1.93622542997487e-12,-2.96379283230198e-14,7.20516357243571e-15,3.44594779551273e-08
2417.920622,0.299767,2.137315e-07,8.43312500000012e-10,8.90805765180766e-10,-6.34343190592864e-13,9.85501230710748e-15,1.22754340956698e-14,5.87085978488556e-08
2428.003122,0.301017,2.14560625e-07,8.56999999999993e-10,8.91210411547913e-10,1.15038829413791e-12,5.918915115071e-14,1.88381167121791e-14,9.00953407973783e-08
2438.09267975,0.302267875,2.154455e-07,9.06749999999989e-10,8.93106541769042e-10,2.04505747630713e-12,5.62479109681437e-15,1.57599952191233e-14,7.53738901784158e-08
2448.15199,0.303515,2.16374125e-07,9.35000000000002e-10,8.95300526500527e-10,1.35616883116875e-12,-1.3191240998154e-13,-1.13399755956734e-15,-5.4234665892351e-09
2458.339348,0.304778,2.173155e-07,9.22437499999986e-10,8.95818879431379e-10,-5.03871972622038e-13,-1.93289433238565e-13,-2.40964810116275e-14,-1.15244039620827e-07
2468.405716,0.306026,2.18219e-07,8.84999999999998e-10,8.94292782555283e-10,-1.32836302211235e-12,-1.10406954969046e-13,-3.98930246652958e-14,-1.9079272666011e-07
2478.500315,0.3072775,2.190855e-07,8.61500000000011e-10,8.93162153387155e-10,-8.85742804492568e-13,5.08328866261588e-14,-4.55069531976704e-14,-2.17641950075815e-07
2488.570716,0.308526,2.19942e-07,8.62562500000014e-10,8.92521296946298e-10,-1.13342400842772e-13,1.44224649587908e-13,-4.57666894386239e-14,-2.18884166880375e-07
2498.669348,0.309778,2.20810625e-07,8.93250000000001e-10,8.92935468585469e-10,7.4697262197019e-14,8.21337650448562e-14,-4.6773124313192e-14,-2.23697551063092e-07
2508.751848,0.311028,2.217285e-07,9.21187499999991e-10,8.92670691470692e-10,-8.80240873991213e-13,-7.4863974119826e-14,-4.97169233650042e-14,-2.37776590006542e-07
2518.91198325,0.312287625,2.22653e-07,9.08749999999992e-10,8.91174986837487e-10,-1.26285538785605e-12,-1.78972618184131e-13,-4.6099126991839e-14,-2.20474085613143e-07
2528.98843375,0.313536875,2.23546e-07,9.01999999999991e-10,8.9014498069498e-10,-3.15397946648038e-13,-1.5963714645699e-13,-3.04566287421058e-14,-1.45662137462245e-07
2539.071942,0.314787,2.24457e-07,8.94999999999996e-10,8.90544190944191e-10,1.36086346086437e-12,-4.39546511302756e-14,-7.94314787378841e-15,-3.79889680920315e-08
2549.146376,0.316036,2.25336e-07,8.90500000000004e-10,8.92866707616708e-10,2.02800105300157e-12,6.03522181954303e-14,9.24890650662709e-15,4.42339006838687e-08
2559.236942,0.317287,2.26238e-07,8.69312500000028e-10,8.94600193050194e-10,4.2119822744775e-13,7.95189213090397e-14,1.45975474758199e-14,6.98143574930517e-08
2569.327508,0.318538,2.27074625e-07,8.61999999999998e-10,8.93709104071604e-10,-1.26074938575003e-12,4.76179266929933e-14,1.56659507405439e-14,7.49241122373839e-08
2579.410008,0.319788,2.27962e-07,8.94187499999987e-10,8.92078694278694e-10,-1.27426948051924e-12,-3.20358365321695e-14,2.29413635404635e-14,1.09719564758738e-07
2589.5711515,0.32104775,2.28863e-07,9.105e-10,8.91160565110565e-10,-6.2114118989027e-13,-9.77372757444361e-14,3.84972683889597e-14,1.84117370555894e-07
2599.651635,0.3222975,2.29783e-07,9.10874999999997e-10,8.90836411898913e-10,4.09196209196694e-13,-5.26645626767625e-14,5.89850560265699e-14,2.82102441866204e-07
2609.730102,0.323547,2.3068475e-07,9.01500000000003e-10,8.91978957528959e-10,1.99916856791866e-12,6.75698797470234e-14,7.79388180994706e-14,3.72750869171381e-07
2619.812602,0.324797,2.31586e-07,9.05062499999996e-10,8.9483474903475e-10,2.10941558441596e-12,1.5982514201102e-13,8.40326838469588e-14,4.01895444485455e-07
2629.903168,0.326048,2.32494875e-07,8.84625000000014e-10,8.96197788697791e-10,-4.02772902775864e-14,1.59525362116173e-13,7.44364895935693e-14,3.56000602404027e-07
2639.977602,0.327297,2.3335525e-07,8.63937499999999e-10,8.94754194454195e-10,-2.00531984907057e-12,9.48694508772123e-14,6.18755816114267e-14,2.95926694663345e-07
2650.140762,0.328557,2.3422275e-07,8.58312499999989e-10,8.9218714899965e-10,-2.43503202878167e-12,8.37860149583424e-14,6.07047644433496e-14,2.90327134294281e-07
2660.20612175,0.329804875,2.35071875e-07,8.83125000000012e-10,8.89884130396632e-10,-9.59240084239599e-13,1.56889958094315e-13,7.6248949783662e-14,3.64668890269688e-07
2670.321894,0.331059,2.35989e-07,9.25124999999994e-10,8.9026866883117e-10,1.74751886626893e-12,2.46681372224052e-13,9.95671611178716e-14,4.76190770563734e-07
2680.37213,0.332305,2.36922125e-07,9.43249999999991e-10,8.9337916812917e-10,3.00179887679838e-12,2.66316113792809e-13,1.12502390721738e-13,5.38054912147443e-07
2690.4768115,0.33355775,2.378755e-07,9.28437500000006e-10,8.96272266584767e-10,1.39372586872522e-12,1.3912125155582e-13,1.05209732863057e-13,5.03176983258099e-07
2700.512932,0.334802,2.38779e-07,8.87750000000021e-10,8.9616661986662e-10,-1.03350956476017e-12,-5.53263533257878e-14,8.48814324146568e-14,4.0595467676575e-07
2710.61963,0.336055,2.39651e-07,8.43000000000003e-10,8.94205247455247e-10,-2.11982932608009e-12,-1.48051217468737e-13,6.65182964538706e-14,3.18130983040251e-07
2720.694064,0.337304,2.40465e-07,8.22749999999974e-10,8.9192696121446e-10,-1.31130221130226e-12,-2.75669381632991e-14,6.19380894086156e-14,2.96225644997727e-07
2730.849158,0.338563,2.412965e-07,8.74687499999991e-10,8.91582643032642e-10,6.85569498070567e-13,1.94281896279057e-13,6.92275422293427e-14,3.31088245444682e-07
2740.9740045,0.33981825,2.42214375e-07,9.54750000000017e-10,8.93298100210601e-10,1.7713759213768e-12,2.51974816494752e-13,7.36469641927203e-14,3.52224611356488e-07
2751.0645705,0.34106925,2.43206e-07,9.64812500000017e-10,8.95125394875396e-10,1.60905800280778e-12,1.11437435604101e-13,6.50676421805401e-14,3.11193071298235e-07
2761.13597975,0.342317875,2.44144e-07,9.26999999999993e-10,8.96516216216217e-10,3.11848455597695e-13,-8.20983566988065e-14,4.19518902571034e-14,2.00639475142668e-07
2771.219488,0.343568,2.4506e-07,8.77500000000003e-10,8.95749091786591e-10,-1.5667931730442e-12,-2.2012124650472e-13,1.23125404877805e-14,5.88860632024285e-08
2781.37357375,0.344826875,2.45899e-07,8.33062500000007e-10,8.93382629870128e-10,-2.01525754650779e-12,-1.98897453873807e-13,-8.47988549720156e-15,-4.05559741170509e-08
2791.465148,0.346078,2.46726125e-07,8.20249999999984e-10,8.91718576693576e-10,-3.63283169532994e-13,1.9159460574451e-14,-1.37418624618643e-14,-6.57219509045684e-08
2801.47606225,0.347319125,2.475395e-07,8.79187499999983e-10,8.92656063531062e-10,1.81215338715368e-12,2.56030058054995e-13,-1.16936365966797e-14,-5.59260880710768e-08
2811.581752,0.348572,2.484845e-07,9.49187500000009e-10,8.95342883467883e-10,2.15155317655369e-12,2.76559684043102e-13,-1.63789794785076e-14,-7.8334249679819e-08
2821.696516,0.349826,2.49437875e-07,9.59187499999994e-10,8.9695916988417e-10,1.33816690066388e-13,7.94443349665007e-14,-3.39961077375434e-14,-1.62590080483903e-07
2831.77095,0.351075,2.50402875e-07,9.39812499999989e-10,8.95610516848016e-10,-1.99252149877131e-12,-1.98461555697756e-13,-5.53152967711115e-14,-2.64551419340098e-07
2841.93411,0.352335,2.513175e-07,8.72062499999998e-10,8.92974126886627e-10,-2.39577483327416e-12,-3.59429194457133e-13,-6.59994152219828e-14,-3.15649377148613e-07
2852.01661,0.353585,2.52147e-07,8.20437500000002e-10,8.90818967181467e-10,-1.06850868725895e-12,-2.50410026375995e-13,-5.84827440189471e-14,-2.79700080090617e-07
2862.107176,0.354836,2.52958375e-07,8.39000000000025e-10,8.90837109512109e-10,1.32940724815699e-12,1.97058289961032e-14,-3.75594451717305e-14,-1.79632129082189e-07
2872.1836265,0.35608525,2.53825e-07,8.95812499999992e-10,8.93477781677781e-10,2.77883029133133e-12,2.019002410865e-13,-2.14436672340978e-14,-1.02556669380468e-07
2882.247978,0.357333,2.5475e-07,9.44312500000007e-10,8.96394770094772e-10,1.71738109863206e-12,1.62410936125058e-13,-2.55166784678003e-14,-1.22036288324262e-07
2892.330478,0.358583,2.55713625e-07,9.64000000000008e-10,8.96912543875046e-10,-1.45780098280181e-12,-8.04107520314615e-14,-4.68869355355199e-14,-2.2424186560466e-07
2902.44625025,0.359837125,2.56678e-07,9.29187499999987e-10,8.93479168129168e-10,-3.40251404001502e-12,-3.28208472771475e-13,-6.39108166863739e-14,-3.05660427630484e-07
2912.600336,0.361096,2.57572e-07,8.5499999999999e-10,8.90107515795016e-10,-1.53190812565766e-12,-3.31900009005959e-13,-5.87389655910299e-14,-2.80925487609273e-07
2922.6727535,0.36234475,2.58388e-07,8.20499999999991e-10,8.90415351877853e-10,1.28237100737222e-12,-1.17399745293612e-13,-3.92039380782185e-14,-1.87497095156697e-07
2932.74819575,0.363593875,2.59213e-07,8.40312499999995e-10,8.9267225780976e-10,2.72695902070961e-12,1.38652012042859e-13,-2.2915079340525e-14,-1.09593857715554e-07
2942.823638,0.364843,2.60068625e-07,9.03687500000024e-10,8.95869269919272e-10,2.53013557388563e-12,2.52333431299014e-13,-2.14955538827451e-14,-1.02804822917477e-07
2952.918237,0.3660945,2.61020375e-07,9.57312500000022e-10,8.97732528957531e-10,1.28446384696446e-13,1.08092384395059e-13,-3.69675828741886e-14,-1.76801483311337e-07
2962.988638,0.367343,2.6198325e-07,9.52874999999992e-10,8.96126162688665e-10,-2.99137636012717e-12,-1.5230424800366e-13,-5.59892702940684e-14,-2.67774770971632e-07
2973.175996,0.368606,2.62926125e-07,9.08874999999995e-10,8.91749776237277e-10,-3.69108239733353e-12,-2.70469059639433e-13,-5.81268374873339e-14,-2.77997918417684e-07
2983.266562,0.369857,2.63801e-07,8.42437500000001e-10,8.88743997893998e-10,-1.14099684099648e-12,-1.33413980458642e-13,-3.57402725533502e-14,-1.70931738298631e-07
2993.324864,0.371104,2.64611e-07,8.23750000000001e-10,8.89467782555284e-10,1.84367321867368e-12,1.36051716833909e-13,-2.91954333479953e-15,-1.39630333403456e-08
3003.399298,0.372353,2.654485e-07,8.63937500000012e-10,8.92431344331345e-10,3.44537118287042e-12,2.94937704059644e-13,1.95766851071084e-14,9.3627624425301e-08
3013.501963,0.3736055,2.66338875e-07,9.10749999999994e-10,8.96358524921025e-10,2.52664531414535e-12,2.24098730829913e-13,1.866474799261e-14,8.92661860516131e-08
3023.576397,0.3748545,2.6727e-07,9.55937499999984e-10,8.97484634959636e-10,-7.63631976131996e-13,-2.9160875078861e-14,-1.43170641323786e-15,-6.84729154157237e-09
3033.74359,0.376115,2.6825075e-07,9.52000000000021e-10,8.94831260968761e-10,-3.19587355212413e-12,-2.9544285612045e-13,-1.90609362339854e-14,-9.11609993799302e-08
3043.818024,0.377364,2.69174e-07,8.96625000000001e-10,8.91092887855388e-10,-2.99390575640568e-12,-3.36926243479599e-13,-1.63825339313314e-14,-7.83512492368023e-08
3053.90959825,0.378615125,2.70044e-07,8.4743749999998e-10,8.88843449455949e-10,-6.56747981747728e-13,-9.98693475423238e-14,5.53965839445468e-15,2.64940184082615e-08
3063.97394975,0.379862875,2.70868875e-07,8.35999999999995e-10,8.89779391891892e-10,2.93366312741364e-12,2.0957979797087e-13,3.02748438298001e-14,1.44792731359914e-07
3074.0715735,0.38111475,2.71716e-07,8.80562500000021e-10,8.94710775710777e-10,4.4297034047039e-12,2.84034767514918e-13,3.57765806649142e-14,1.7110538578872e-07
3084.164156,0.382366,2.7263e-07,9.19937499999996e-10,8.986387987013e-10,1.44301509301495e-12,7.05987386532688e-14,1.53720421571259e-14,7.35184624906021e-08
3094.23556525,0.383614625,2.73555875e-07,9.28562499999996e-10,8.97596805896807e-10,-2.39996270621359e-12,-1.4495429279966e-13,-1.19549688475614e-14,-5.7175937966598e-08
3104.4037665,0.38487525,2.74487125e-07,9.20562499999987e-10,8.93838873288873e-10,-3.97396674271835e-12,-1.94156960205157e-13,-2.44188897790389e-14,-1.16785994595403e-07
3114.480217,0.3861245,2.75397e-07,8.77562499999991e-10,8.8964887241137e-10,-2.56669884169961e-12,-5.74400619775721e-14,-1.2816199643578e-14,-6.12948678605904e-08
3124.56977475,0.387375375,2.7624225e-07,8.54500000000003e-10,8.88705475605474e-10,1.27492321867447e-12,1.88447710495866e-13,1.36792589937398e-14,6.54225430135382e-08
3134.64017575,0.388623875,2.77106e-07,8.72187500000002e-10,8.92198718848719e-10,3.79277597402663e-12,3.14422175836325e-13,3.07763446882504e-14,1.47191213726415e-07
3144.715618,0.389873,2.77986625e-07,9.03500000000032e-10,8.96291027553527e-10,2.71203492453456e-12,1.90247032359147e-13,2.4450022836828e-14,1.16934891828308e-07
3154.80517575,0.391123875,2.78913e-07,9.23187500000006e-10,8.97622788697788e-10,-5.88987363986881e-13,-8.71241644338588e-14,3.7777213399686e-15,1.80673629302846e-08
3164.95825325,0.392382625,2.79833e-07,9.19187499999975e-10,8.95113052825553e-10,-3.34887679887629e-12,-2.79329023527937e-13,-8.7438566378476e-15,-4.18184447897059e-08
3175.035712,0.393632,2.80751375e-07,8.97937499999998e-10,8.90925035100035e-10,-3.38954457704468e-12,-2.47635231848134e-13,3.28138942512552e-15,1.56936015984264e-08
3185.14241,0.394885,2.81628875e-07,8.69437500000005e-10,8.88333963671464e-10,-9.75875307125295e-13,-1.91553091544757e-14,3.58826484805442e-14,1.71612666646081e-07
3195.208778,0.396133,2.8249025e-07,8.63562499999975e-10,8.88973284485785e-10,2.53172385047421e-12,2.31292633791283e-13,6.98260141853984e-14,3.33950502625818e-07
3205.31245125,0.397385625,2.83356e-07,8.81312500000015e-10,8.93397411372412e-10,4.70875965251046e-12,2.75535078875273e-13,8.27308216601223e-14,3.9566914707015e-07
3215.385877,0.3986345,2.84252875e-07,9.07437500000022e-10,8.98390803790806e-10,2.94713495963517e-12,9.37845259172748e-14,6.57515087197879e-14,3.14463737355507e-07
3225.47241,0.399885,2.85170875e-07,9.28562499999996e-10,8.99291681291683e-10,-1.34700333450378e-12,-1.4844179021391e-13,3.56469869697658e-14,1.70485589855402e-07
3235.63557,0.401145,2.8611e-07,9.18062499999997e-10,8.95696797121798e-10,-4.28722358722415e-12,-2.55799003973376e-13,2.0851767736293e-14,9.97258456953143e-08
3245.734202,0.402397,2.87007e-07,8.60437499999995e-10,8.90717234117234e-10,-2.96130879255981e-12,-7.98364158490293e-14,3.65525390999168e-14,1.74816491347428e-07
3255.816702,0.403647,2.87830875e-07,8.54499999999977e-10,8.89774179536678e-10,8.45568620568037e-13,2.47357574123231e-13,6.7640534257001e-14,3.23498207316092e-07
3265.891136,0.404896,2.88716e-07,8.91062499999993e-10,8.9240837135837e-10,2.55910626535678e-12,4.02811152756038e-13,8.5573243966155e-14,4.09263340707698e-07
3275.977669,0.4061465,2.89613e-07,9.06500000000009e-10,8.94892392067392e-10,2.09442348192345e-12,2.97402500997753e-13,8.19237015655991e-14,3.91809007487648e-07
3286.05311125,0.407395625,2.90529e-07,9.24687500000021e-10,8.96597218322217e-10,4.14882414872762e-14,2.73149725181521e-14,6.63682442180069e-14,3.17413341912207e-07
3296.219296,0.408656,2.91462375e-07,9.12625000000019e-10,8.94975368550367e-10,-2.27704018954065e-12,-1.873707565025e-13,5.71840369824771e-14,2.7348887252489e-07
3306.309862,0.409907,2.9235425e-07,8.72312499999979e-10,8.92043137943136e-10,-2.09335512460472e-12,-1.15258940375598e-13,6.91343213417037e-14,3.30642406416844e-07
3316.4064775,0.41115875,2.93207e-07,8.64250000000007e-10,8.90788658301157e-10,-4.52088452073488e-14,1.60906169653631e-13,9.63221893829693e-14,4.60671340527244e-07
3326.466796,0.412406,2.9408275e-07,8.9168750000001e-10,8.91952720252721e-10,2.19845559845679e-12,3.80837167869518e-13,1.18705830991714e-13,5.67723539525589e-07
3336.54123,0.413655,2.94990375e-07,9.13249999999984e-10,8.95185569498071e-10,2.73838627588616e-12,3.55029656696111e-13,1.18843288070423e-13,5.68380942945501e-07
3346.643895,0.4149075,2.9590925e-07,9.23812499999997e-10,8.97429492804494e-10,1.06473762723744e-12,9.07867300492925e-14,9.67267185210319e-14,4.62606045100587e-07
3356.7929395,0.41616575,2.96838e-07,9.19812500000019e-10,8.97315044752546e-10,-1.26950465075437e-12,-2.10968882321893e-13,6.86381975439963e-14,3.28269640427808e-07
3366.8915715,0.41741775,2.97748875e-07,8.91499999999992e-10,8.94890483502985e-10,-2.39658871533843e-12,-3.37445649770071e-13,5.36364956640873e-14,2.56522370567374e-07
3376.96096425,0.418666125,2.98621e-07,8.52562499999963e-10,8.92521867321869e-10,-1.11013732888735e-12,-1.57755645204212e-13,5.80299902531846e-14,2.77534735993492e-07
3386.905334,0.419899,2.99454e-07,8.38999999999999e-10,8.9267020884521e-10,1.19500263250252e-12,2.21293395483193e-13,6.87030379176521e-14,3.28579746562684e-07
3396.503874,0.421089,3.00299e-07,8.79062500000006e-10,8.94911872586874e-10,2.41662864162877e-12,4.75095444621791e-13,6.72773482132567e-14,3.21761230585141e-07
3406.570242,0.422337,3.01212125e-07,9.33499999999987e-10,8.97503466128468e-10,1.58025184275268e-12,3.87609149528445e-13,4.57083131649771e-14,2.18604976006412e-07
3416.9411015,0.42362275,3.02166e-07,9.54375000000007e-10,8.98072376272379e-10,-1.13751974376935e-12,2.71256004984517e-14,1.20827627865811e-14,5.77871263706053e-08
3427.392621,0.4249185,3.03120875e-07,9.04437500000045e-10,8.95228426640929e-10,-2.71385135135253e-12,-2.52075753889921e-13,-1.20163489488062e-14,-5.74694949725514e-08
3437.4731045,0.42616825,3.03974875e-07,8.57750000000013e-10,8.92644673569674e-10,-1.43647113022179e-12,-2.02240820151981e-13,-1.29914756696065e-14,-6.21331445068137e-08
3447.54854675,0.427417375,3.04836375e-07,8.69437499999979e-10,8.92355484380485e-10,5.93247630747876e-13,2.30715590722955e-14,-3.40865641170165e-16,-1.63022697950948e-09
3457.676418,0.428673,3.0571375e-07,8.83812500000005e-10,8.9383116883117e-10,2.39134564759621e-12,2.08862177660831e-13,7.30816647653549e-15,3.49521005399523e-08
3467.73371175,0.429919875,3.06604e-07,9.23125000000018e-10,8.97138175675678e-10,2.17495173745238e-12,1.86728437256116e-13,-5.13974979567302e-15,-2.45814120662623e-08
3477.809154,0.431169,3.0756e-07,9.32500000000012e-10,8.98181072306075e-10,-7.38212969463812e-13,-5.49978840188162e-14,-3.47667014569011e-14,-1.66275528706918e-07
3487.827126,0.432411,3.08469e-07,9.09499999999986e-10,8.9566174973675e-10,-2.83567041067099e-12,-2.91297863992495e-13,-5.87135503505226e-14,-2.80803936459021e-07
3498.05985525,0.433679625,3.09379e-07,8.82187499999986e-10,8.92509731484733e-10,-2.43722578097553e-12,-3.45039803396905e-13,-5.99644595045157e-14,-2.86786545456379e-07
3508.20889975,0.434937875,3.10233375e-07,8.50562500000013e-10,8.90787298174799e-10,-1.08963671466308e-14,-1.81014230544933e-13,-3.95948793096192e-14,-1.89366814089483e-07
3518.22788,0.43618,3.11080125e-07,8.67312499999999e-10,8.92487938750439e-10,2.63803088803072e-12,6.08277486719891e-14,-1.65162049997769e-14,-7.89905456511069e-08
3528.3244955,0.43743175,3.11968e-07,9.03249999999999e-10,8.96063359950861e-10,3.33654352404341e-12,1.71509725167406e-13,-1.14538802219404e-14,-5.47794271484106e-08
3538.42816875,0.438684375,3.12886625e-07,9.32999999999999e-10,8.99161025798526e-10,1.65256669006693e-12,6.92613490830625e-14,-2.97569532272514e-14,-1.42315863260768e-07
3548.4894955,0.43993175,3.13834e-07,9.28249999999974e-10,8.99368493330994e-10,-1.9140882765885e-12,-1.3376915455989e-13,-6.22655659074513e-14,-2.9779183694868e-07
3558.6768535,0.44119475,3.14743125e-07,8.83812500000005e-10,8.95332849245349e-10,-4.30609643734738e-12,-2.3487059587893e-13,-8.77101696897114e-14,-4.19483420255141e-07
3568.75632875,0.442444375,3.15601625e-07,8.53062500000029e-10,8.907563004563e-10,-3.08510661635719e-12,-1.50215593711246e-13,-8.85597372816905e-14,-4.23546569608085e-07
3578.84286175,0.443694875,3.1644925e-07,8.6218749999999e-10,8.89162636012635e-10,5.27669796418918e-13,4.33963381939573e-14,-6.76412607053831e-14,-3.23501681634441e-07
3588.898139,0.4449415,3.17326e-07,9.0449999999998e-10,8.91811640049138e-10,3.83933397683331e-12,1.7865635134456e-13,-4.45316557975679e-14,-2.12977484249238e-07
3598.988705,0.4461925,3.1825825e-07,9.32375000000009e-10,8.96841303966301e-10,3.24213320463393e-12,1.09869163202398e-13,-3.91814577519551e-14,-1.87389580552829e-07
3609.09237825,0.447445125,3.1919075e-07,9.18750000000003e-10,8.98295906458405e-10,-6.11980080728683e-13,-9.24838078141572e-14,-5.02674154030503e-14,-2.40409378014588e-07
3619.25453,0.448705,3.2009575e-07,8.99124999999991e-10,8.95617343804844e-10,-3.09840952965954e-12,-2.19430283556277e-13,-5.72981184166592e-14,-2.74034479384022e-07
3629.328964,0.449954,3.20989e-07,8.71124999999985e-10,8.92099087399086e-10,-2.83352492102567e-12,-1.69916329875498e-13,-4.5962476184369e-14,-2.19820538273069e-07
3639.4013815,0.45120275,3.21838e-07,8.41499999999988e-10,8.89950293962793e-10,-1.12829062828721e-13,5.79232266197743e-14,-1.56888992149872e-14,-7.50338658108083e-08
3649.485898,0.452453,3.22672e-07,8.79875000000015e-10,8.91873429273429e-10,2.79328931203996e-12,2.6622171622797e-13,2.05448850136731e-14,9.8258145717567e-08
3659.57142275,0.453703375,3.2359775e-07,9.25000000000017e-10,8.95536872586873e-10,3.05885179010243e-12,2.28945508057956e-13,4.61291129554632e-14,2.2061749674352e-07
3669.650898,0.454953,3.24522e-07,9.34624999999991e-10,8.97991132853634e-10,1.07928439803454e-12,9.30766135576026e-15,5.76372452487807e-14,2.75656390320255e-07
3679.822124,0.456214,3.25467e-07,9.35062500000017e-10,8.97695441382942e-10,-1.58845208845218e-12,-2.34581195996999e-13,6.45324217454943e-14,3.08633321391494e-07
3689.896558,0.457463,3.26392125e-07,8.8231249999999e-10,8.94814228676729e-10,-2.81767506142465e-12,-2.91727228924441e-13,8.15595096372485e-14,3.90067220004232e-07
3699.99519,0.458715,3.27231625e-07,8.46937499999993e-10,8.92060091260092e-10,-1.47936556686542e-12,-1.224252574739e-13,1.11398339174854e-13,5.32774665618867e-07
3710.053492,0.459962,3.28086e-07,8.48875000000033e-10,8.91855497542999e-10,1.12253861003851e-12,1.13814643880367e-13,1.50027974828541e-13,7.17525097006066e-07
3720.16019,0.461215,3.28929375e-07,8.84187499999989e-10,8.94305168480169e-10,2.34944498069444e-12,3.08436675042868e-13,1.87731547556286e-13,8.97846531790933e-07
3730.2285745,0.46246325,3.29854375e-07,9.44312499999981e-10,8.96554387504387e-10,1.26404659529627e-12,3.47219916826199e-13,2.1752352868837e-13,1.04032991981394e-06
3740.309058,0.463713,3.30818e-07,9.43625000000001e-10,8.96833261670762e-10,-7.04951298700118e-13,2.41311834944478e-13,2.40937357550241e-13,1.15230910132724e-06
3750.4823005,0.46497425,3.31741625e-07,9.12562500000004e-10,8.95144484906987e-10,-1.89720077220035e-12,1.35065400204579e-13,2.64731605338737e-13,1.266107677707e-06
3760.546652,0.466222,3.32643125e-07,8.69000000000006e-10,8.93038860126361e-10,-1.22426509301599e-12,1.57928800812782e-13,2.94134448418083e-13,1.40672997069518e-06
3770.588822,0.467467,3.33479625e-07,8.35812500000003e-10,8.92695954720955e-10,8.73389785889337e-13,3.38493150794467e-13,3.27521272051701e-13,1.56640608372553e-06
3780.719718,0.468723,3.3431475e-07,8.67187499999996e-10,8.9478563969814e-10,2.34565637065604e-12,5.26050180026486e-13,3.55396252871807e-13,1.6997212093869e-06
3790.7760035,0.46996975,3.35214e-07,9.12499999999989e-10,8.97387267462267e-10,1.8492541242539e-12,5.53746137479479e-13,3.69139003134091e-13,1.76544740629348e-06
3800.864553,0.4712205,3.3613975e-07,9.45187500000005e-10,8.98484147946648e-10,-1.75188662688646e-13,4.4035723667897e-13,3.68622579694557e-13,1.76297755506092e-06
3811.06703475,0.472485375,3.37104375e-07,9.35125000000005e-10,8.9703689013689e-10,-2.54203887328929e-12,2.88119210725304e-13,3.59519099375062e-13,1.71943917092421e-06
3821.10618,0.47373,3.3801e-07,8.85812500000007e-10,8.93400070200069e-10,-2.34785670410663e-12,2.18790345623241e-13,3.49781326682083e-13,1.67286721456648e-06
3831.156416,0.474976,3.38876e-07,8.56937500000004e-10,8.92341176728677e-10,4.32234994736284e-13,2.74283303088925e-13,3.39945169332364e-13,1.62582472289391e-06
3841.214718,0.476223,3.39723875e-07,8.59499999999982e-10,8.94264540189542e-10,2.52668260793326e-12,3.61484822302926e-13,3.1930640141962e-13,1.52711757200688e-06
3851.27302,0.47747,3.40595e-07,8.92062499999994e-10,8.97394541944543e-10,3.5760222885224e-12,3.74663269233646e-13,2.7725724915481e-13,1.3260129307404e-06
3861.39282525,0.478724625,3.41508e-07,9.16000000000007e-10,9.01416584766587e-10,1.99889529523791e-12,2.52906651887962e-13,2.08629496013693e-13,9.97793241804619e-07
3871.474317,0.4799745,3.42427e-07,9.27375000000003e-10,9.01392332535019e-10,-1.0967393097526e-13,1.68249674960899e-13,1.13809032810515e-13,5.44304069963333e-07
3881.6152955,0.48123175,3.4336275e-07,9.07125e-10,9.01197236904636e-10,-2.80517329779674e-13,6.7505389030416e-14,5.22730249488298e-15,2.50001423668316e-08
3891.659482,0.482477,3.4424125e-07,8.80937500000005e-10,9.0083129787546e-10,-4.51360728569716e-13,-4.93262058957504e-14,-1.17115694932492e-13,-5.60118540981483e-07
3901.77727075,0.483731375,3.45124625e-07,8.88000000000001e-10,9.00294515447497e-10,-6.2220412735314e-13,-1.82245109819254e-13,-2.53219959474919e-13,-1.21105198009744e-06
3911.897076,0.484986,3.4601725e-07,8.91499999999992e-10,8.99586889620753e-10,-7.93047526129947e-13,-3.31251322736787e-13,-4.03085491129917e-13,-1.92780017496917e-06
3921.999741,0.4862385,3.46907625e-07,8.99437499999986e-10,8.98708420395237e-10,-9.6389092491668e-13,-4.96344844651657e-13,-5.6671228989583e-13,-2.71036312558875e-06
3932.074175,0.4874875,3.47816125e-07,9.10187500000018e-10,8.9765910777092e-10,-1.13473432370672e-12,-6.77525675561383e-13,-7.44100355776796e-13,-3.55874083197598e-06
3942.233302,0.488747,3.48728e-07,9.12000000000002e-10,8.96438951747823e-10,-1.30557772248353e-12,-8.74793815467619e-13,-9.35249688771159e-13,-4.47293329412293e-06
3952.315802,0.489997,3.49640125e-07,8.91000000000005e-10,8.95047952325953e-10,-1.47642112126695e-12,-1.08814926436788e-12,-1.14016028887809e-12,-5.45294051202565e-06
3962.398302,0.491247,3.5051e-07,8.69625000000023e-10,8.93486109505289e-10,-1.64726452005699e-12,-1.31759202226383e-12,-1.35883215609594e-12,-6.49876248567624e-06
3972.480802,0.492497,3.51379375e-07,8.83999999999997e-10,8.91753423285839e-10,-1.8181079188338e-12,-1.56312208915795e-12,-1.59126529042884e-12,-7.61039921509445e-06
3982.555236,0.493746,3.52278e-07,9.13812499999986e-10,8.89849893667622e-10,-1.98895131761723e-12,-1.82473946504526e-12,-1.83745969187514e-12,-8.78785070027241e-06
3992.653868,0.494998,3.53207e-07,9.31687500000003e-10,8.87775520650605e-10,-2.15979471641058e-12,-2.10244414992991e-12,-2.09741536043236e-12,-1.00311169411982e-05
4002.821061,0.4962585,3.54141375e-07,9.05874999999992e-10,8.85530304234801e-10,-2.330638115194e-12,-2.39623614380942e-12,-2.37113229610462e-12,-1.13401979378917e-05
4012.947924,0.497514,3.5501875e-07,8.81812499999976e-10,8.83114244420217e-10,-2.5014815139675e-12,-2.70611544668544e-12,-2.65861049888946e-12,-1.27150936903409e-05
4023.054622,0.498767,3.55905e-07,8.66187499999995e-10,8.80527341206866e-10,-2.67232491275092e-12,-3.03208205855548e-12,-2.9598499687877e-12,-1.41558041985499e-05
4033.129056,0.500016,3.56751125e-07,8.46124999999984e-10,8.77769594594715e-10,-2.75774661215091e-12,-3.37413597942287e-12,-3.27485070579685e-12,-1.56623294625067e-05
