wvnmbr,Voltage,Current,DerivativeY1,DerivativeY1_1,DerivativeY2,DerivativeY2_1,DerivativeY2_2,Alpha
-4032.967736,-0.499996,-3.45591e-07,1.27149999999995e-09,1.13906779279278e-09,-2.36437561511083e-11,-2.71266115671305e-11,-2.7076813021145e-11,NaN
-4022.86809575,-0.498743875,-3.443195e-07,1.20081249999999e-09,1.11542403664168e-09,-2.31202907452899e-11,-2.5225970947047e-11,-2.52001519106604e-11,NaN
-4012.786604,-0.497494,-3.43189375e-07,1.05375000000002e-09,1.09282721130221e-09,-2.20733599336532e-11,-2.33963015692809e-11,-2.33909977209224e-11,NaN
-4002.72326075,-0.496246375,-3.42212e-07,9.86187499999998e-10,1.07127731677437e-09,-2.10264291220165e-11,-2.16376034338321e-11,-2.16493504519311e-11,NaN
-3992.5550595,-0.49498575,-3.41217e-07,1.0294375e-09,1.05077435305817e-09,-1.997949831038e-11,-1.99498765407006e-11,-1.99752101036865e-11,NaN
-3982.4644935,-0.49373475,-3.40153125e-07,1.07468750000001e-09,1.03131832015361e-09,-1.89325674987433e-11,-1.83331208898865e-11,-1.83685766761886e-11,NaN
-3972.375944,-0.492484,-3.39067625e-07,9.7462500000001e-10,1.01290921806069e-09,-1.78856366871065e-11,-1.67873364813897e-11,-1.68294501694373e-11,NaN
-3962.30151,-0.491235,-3.38203875e-07,8.99062499999976e-10,9.95547046779397e-10,-1.683870587547e-11,-1.53125233152103e-11,-1.53578305834327e-11,NaN
-3952.21901,-0.489985,-3.372695e-07,9.56437499999998e-10,9.79231806309745e-10,-1.57917750638334e-11,-1.39086813913483e-11,-1.39537179181748e-11,NaN
-3942.152642,-0.488737,-3.36291e-07,9.21812500000021e-10,9.6396349665173e-10,-1.47448442521966e-11,-1.25758107098035e-11,-1.26171121736636e-11,NaN
-3931.97335,-0.487475,-3.35425875e-07,9.06999999999996e-10,9.49742117805352e-10,-1.369791344056e-11,-1.13139112705762e-11,-1.1348013349899e-11,NaN
-3921.8968995,-0.48622575,-3.34477e-07,9.28437499999993e-10,9.3656766977061e-10,-1.26509826289234e-11,-1.01229830736662e-11,-1.01464214468812e-11,NaN
-3911.82952325,-0.484977625,-3.33569e-07,9.37500000000018e-10,9.24440152547505e-10,-1.16040518172867e-11,-9.0030261190735e-12,-9.01233646460994e-12,NaN
-3901.72585,-0.483725,-3.32602e-07,9.44062500000027e-10,9.13359566136037e-10,-1.05571210056501e-11,-7.95404040679819e-12,-7.9457584030854e-12,NaN
-3891.64335,-0.482475,-3.31680875e-07,8.93999999999982e-10,9.03325910536205e-10,-9.51019019401343e-12,-6.97602593684023e-12,-6.94668726230754e-12,NaN
-3881.54774275,-0.481223375,-3.30814e-07,8.28249999999993e-10,8.9433918574801e-10,-8.46325938237674e-12,-6.06898270919961e-12,-6.01512304227635e-12,NaN
-3871.40878075,-0.479966375,-3.30024375e-07,8.07000000000015e-10,8.86399391771452e-10,-7.41632857074006e-12,-5.23291072387634e-12,-5.15106574299184e-12,NaN
-3861.307124,-0.478714,-3.292e-07,8.68874999999976e-10,8.7950652860653e-10,-2.53244421847379e-12,-4.46780998087043e-12,-4.35451536445401e-12,NaN
-3851.228657,-0.4774645,-3.28286625e-07,9.09499999999986e-10,8.81334503334504e-10,3.41902202527113e-12,-3.70303498042899e-12,-3.63640758494931e-12,NaN
-3841.154223,-0.4762155,-3.27381e-07,9.6168750000001e-10,8.86344572657072e-10,2.48214505089463e-12,-3.05943531390545e-12,-3.00821226884058e-12,NaN
-3831.07676425,-0.474966125,-3.2636325e-07,9.93937500000001e-10,8.86298793436293e-10,-7.56241224991059e-13,-2.47218560538453e-12,-2.46764058816997e-12,NaN
-3821.009388,-0.473718,-3.25393125e-07,9.19625000000001e-10,8.8483209020709e-10,-1.13781370656419e-12,-1.91969156301029e-12,-2.00076129348944e-12,NaN
-3810.89563225,-0.472464125,-3.24524e-07,8.92062499999994e-10,8.84023166023165e-10,3.15213671462985e-13,-1.40704106897365e-12,-1.60017256398296e-12,NaN
-3800.723398,-0.471203,-3.23609e-07,8.50000000000011e-10,8.85462517550016e-10,-2.18903562652719e-13,-9.86183386197317e-13,-1.26342390117839e-12,NaN
-3790.64392275,-0.469953375,-3.22824e-07,7.92437499999997e-10,8.8358535889786e-10,-3.25804010178933e-12,-5.79928347024804e-13,-9.82461884271393e-13,NaN
-3780.5644475,-0.46870375,-3.22024125e-07,8.59250000000002e-10,8.78946437346437e-10,-1.82996226746347e-12,-2.66599556341895e-13,-7.468234338012e-13,NaN
-3770.49102175,-0.467454875,-3.211055e-07,9.12749999999996e-10,8.79925434362933e-10,1.07517330642248e-12,-1.42860748598404e-13,-5.60761561985413e-13,NaN
-3760.397431,-0.4662035,-3.20198625e-07,8.81937500000006e-10,8.81096783959282e-10,6.6001886626978e-13,-2.48206268635744e-14,-4.30527068736902e-13,NaN
-3750.3209805,-0.46495425,-3.19341625e-07,9.07750000000017e-10,8.81245472095472e-10,3.99835468586348e-13,1.2410315495349e-13,-3.48739864745817e-13,NaN
-3740.16387,-0.463695,-3.18383125e-07,9.22312499999982e-10,8.81896454896455e-10,1.73227448227143e-13,8.20957972289379e-14,-3.06170497882191e-13,NaN
-3730.08137,-0.462445,-3.17497e-07,8.29062499999976e-10,8.81591926991927e-10,-7.03266497016609e-13,-1.17407163751074e-13,-2.93431942535705e-13,NaN
-3719.99382875,-0.461194375,-3.16725e-07,8.33125000000022e-10,8.80489921902422e-10,-1.73783345033364e-12,-3.05266949990564e-13,-3.01188518639568e-13,NaN
-3709.92141125,-0.459945625,-3.1583075e-07,9.30687500000002e-10,8.78116260091259e-10,-3.44671814671786e-12,-5.94151335974557e-13,-3.26228924709457e-13,NaN
-3699.8197545,-0.45869325,-3.14863625e-07,8.82124999999998e-10,8.73596485608986e-10,-4.7779966654952e-12,-9.35231969294598e-13,-3.63070250093197e-13,NaN
-3689.7211225,-0.45744125,-3.140665e-07,8.89812500000012e-10,8.68560266760269e-10,-3.24572218322238e-12,-1.20672455861826e-12,-4.0574143166131e-13,NaN
-3679.67189475,-0.456195375,-3.13084e-07,9.0374999999996e-10,8.67105041242541e-10,-1.00824850826128e-13,-1.33156025723677e-12,-4.5648203872232e-13,NaN
-3669.493611,-0.4549335,-3.12259e-07,8.33312500000014e-10,8.68358617058617e-10,9.1049710424732e-13,-1.12720092481627e-12,-5.12855808796291e-13,NaN
-3659.41211925,-0.453683625,-3.11417375e-07,8.4362500000002e-10,8.68926035451036e-10,9.23407335907543e-13,-8.37822361605234e-13,-5.7042227384749e-13,NaN
-3649.34373475,-0.452435375,-3.1057175e-07,8.20374999999987e-10,8.70205431730432e-10,2.69449806949456e-13,-7.43699166087657e-13,-6.22847634941928e-13,NaN
-3639.2279625,-0.45118125,-3.09776625e-07,8.61625000000014e-10,8.69464935064935e-10,-5.20325114075718e-13,-7.25384740706288e-13,-6.65078211127723e-13,NaN
-3629.155545,-0.4499325,-3.088485e-07,8.93812500000016e-10,8.6916478150228e-10,-1.91865566865903e-13,-6.66327552720608e-13,-6.94272503389014e-13,NaN
-3619.05187175,-0.448679875,-3.07989e-07,9.11749999999969e-10,8.69081203931203e-10,-1.84501140751083e-12,-6.98206821720765e-13,-7.14903812362829e-13,NaN
-3608.913918,-0.447423,-3.07025e-07,9.21312499999981e-10,8.65474758687259e-10,-1.88977492102417e-12,-9.09815726047654e-13,-7.20409524688152e-13,NaN
-3598.82032725,-0.446171625,-3.06146375e-07,8.59500000000035e-10,8.65301654089155e-10,7.22402597403334e-13,-9.55278710633663e-13,-7.05483404324242e-13,NaN
-3588.71967875,-0.444919375,-3.05306e-07,8.21937500000017e-10,8.66919563882065e-10,-7.26649701649626e-13,-7.21703534280452e-13,-6.79263761122326e-13,NaN
-3578.6482695,-0.44367075,-3.045025e-07,8.21499999999966e-10,8.63848354685856e-10,-3.56143822393785e-12,-4.87058665107195e-13,-6.35550017178109e-13,NaN
-3568.575852,-0.442422,-3.03663e-07,8.24749999999976e-10,8.5979668743419e-10,-1.19639347139362e-12,-3.04950919087431e-13,-5.60890720393411e-13,NaN
-3558.49032725,-0.441171625,-3.02853e-07,8.61000000000024e-10,8.61455567743068e-10,1.18050851175679e-12,-2.01460587274449e-13,-4.70940745476784e-13,NaN
-3548.3322085,-0.43991225,-3.01941e-07,9.06125000000025e-10,8.62157704457703e-10,-1.13151544402383e-13,-2.05530721555251e-13,-3.88290651650475e-13,NaN
-3538.239626,-0.438661,-3.0104075e-07,9.06500000000009e-10,8.61229264654264e-10,1.35329282204306e-12,-1.91158893140397e-13,-3.14653897422689e-13,NaN
-3528.173258,-0.437413,-3.00128e-07,8.92874999999977e-10,8.64864290101789e-10,2.12967269217294e-12,-2.1879068936772e-13,-2.56153444845714e-13,NaN
-3518.082692,-0.436162,-2.99255e-07,8.66999999999977e-10,8.65488610038609e-10,2.41071428582175e-14,-3.21338200234276e-13,-2.16690942525326e-13,NaN
-3507.99313425,-0.434911125,-2.98394e-07,8.24500000000022e-10,8.64912504387506e-10,4.56168831169306e-13,-3.07861204956223e-13,-1.89650105697191e-13,NaN
-3497.9156755,-0.43366175,-2.97606e-07,7.84500000000003e-10,8.66400947700948e-10,-9.0976439101499e-13,-1.81281822573992e-13,-1.72736097190282e-13,NaN
-3487.835192,-0.432412,-2.96825e-07,8.54062499999978e-10,8.63092975605476e-10,-3.25763864513862e-12,-1.07110094543419e-13,-1.51254433310256e-13,NaN
-3477.659933,-0.4311505,-2.95897875e-07,9.0175000000001e-10,8.59885670410671e-10,-2.08824587574648e-12,-9.68630718863073e-14,-1.14231098665789e-13,NaN
-3467.57440825,-0.429900125,-2.950215e-07,9.09500000000012e-10,8.58916483853983e-10,-9.9826693576742e-13,-1.16188427713079e-13,-7.55302278777169e-14,NaN
-3457.4929165,-0.42865025,-2.94078875e-07,8.91250000000012e-10,8.57889136539136e-10,-3.77941821691e-13,-1.22668478936505e-13,-4.32291136642242e-14,NaN
-3447.424532,-0.427402,-2.93239e-07,8.44562500000007e-10,8.58160600210601e-10,1.84953492453481e-12,1.27604146324689e-14,-1.12866657929359e-14,NaN
-3437.350098,-0.426153,-2.9238975e-07,8.48812499999992e-10,8.61588206388206e-10,3.65936732186618e-12,1.17148829169204e-13,1.31432426789663e-14,NaN
-3427.259532,-0.424902,-2.91541375e-07,8.12249999999975e-10,8.65479334854333e-10,1.54713934713983e-12,1.1069888679051e-13,1.38811988938732e-14,NaN
-3417.072174,-0.423639,-2.9076525e-07,8.13187499999988e-10,8.64682485082485e-10,-1.93492892242691e-12,1.92931292605405e-13,4.39423398163262e-16,NaN
-3407.017905,-0.4223925,-2.89915e-07,8.96625000000001e-10,8.61609477009479e-10,-2.47261319761331e-12,1.62197095105733e-13,-6.32501477013099e-15,NaN
-3396.919273,-0.4211405,-2.88972e-07,9.72562499999993e-10,8.59737258687259e-10,-1.6141738329258e-12,-1.64931728491091e-13,-6.08255340383393e-15,NaN
-3386.824674,-0.419889,-2.87969875e-07,8.85500000000012e-10,8.58381129343628e-10,2.29023341522887e-13,-3.77508344420218e-13,-3.97197629359181e-15,NaN
-3376.76536375,-0.418641875,-2.87201e-07,8.11437500000019e-10,8.60195305370304e-10,2.52254080379198e-12,-2.65980882585281e-13,-5.81966458522684e-15,NaN
-3366.675806,-0.417391,-2.86347e-07,8.30000000000015e-10,8.63426210951212e-10,1.61471568971692e-12,-1.19068206489153e-13,-1.90004943472689e-14,NaN
-3356.601372,-0.416142,-2.85541e-07,8.13500000000009e-10,8.63424736749738e-10,7.32568445068138e-13,4.14307747288983e-14,-3.46173693714909e-14,NaN
-3346.4321625,-0.41488125,-2.8472e-07,8.35874999999992e-10,8.64891347841348e-10,3.03198490697846e-13,1.83107323316152e-13,-5.00281260584343e-14,NaN
-3336.36478625,-0.413633125,-2.8386925e-07,8.76499999999975e-10,8.64031133731134e-10,-2.1447152509647e-12,1.51663248242788e-13,-7.17832588499851e-14,NaN
-3326.269179,-0.4123815,-2.82967e-07,8.53624999999979e-10,8.60601917339419e-10,-2.69101439101375e-12,1.27438954090533e-13,-9.20366598987554e-14,NaN
-3316.190712,-0.411132,-2.82162e-07,9.01500000000003e-10,8.58649104949106e-10,-7.02382414882725e-13,6.80360533972698e-14,-1.09179739483983e-13,NaN
-3306.096113,-0.4098805,-2.81164e-07,9.16000000000007e-10,8.59197152509653e-10,1.29249517374484e-12,-1.48831476526173e-13,-1.31864169017703e-13,NaN
-3296.0236955,-0.40863175,-2.8033e-07,8.35000000000021e-10,8.61234095296596e-10,2.13115128115137e-12,-2.40642953116584e-13,-1.64144093987691e-13,NaN
-3285.85347775,-0.407370875,-2.79494e-07,8.67000000000004e-10,8.63459455071956e-10,1.67053790803845e-12,-2.24231971284007e-13,-2.01349764675277e-13,NaN
-3275.771986,-0.406121,-2.78596e-07,8.74499999999999e-10,8.64575171112673e-10,-1.2391650579139e-12,-3.14540212332377e-13,-2.32895285385655e-13,NaN
-3265.705618,-0.404873,-2.77745e-07,8.26437500000009e-10,8.60981124956128e-10,-2.95691470691426e-12,-3.49939770144649e-13,-2.45688028840148e-13,NaN
-3255.619085,-0.4036225,-2.76943125e-07,8.31500000000003e-10,8.58661341698844e-10,-1.47650930150997e-12,-2.17026189104625e-13,-2.37748841619448e-13,NaN
-3245.5426345,-0.40237325,-2.76082e-07,8.87062499999989e-10,8.58028106353108e-10,-1.37344901719997e-12,-1.5873491308345e-13,-2.24272067555275e-13,NaN
-3235.45307675,-0.401122375,-2.75169e-07,9.07249999999977e-10,8.55914443664445e-10,-2.97718497719463e-13,-3.02461834563887e-13,-2.09018177165618e-13,NaN
-3225.294958,-0.399863,-2.742675e-07,8.75687500000019e-10,8.57432669357669e-10,3.74986618111531e-12,-4.31816771163935e-13,-1.95519718466299e-13,NaN
-3215.2185075,-0.39861375,-2.73417625e-07,8.55875000000014e-10,8.63414176026675e-10,3.89720735345774e-12,-4.58630615374344e-13,-2.03367756080634e-13,NaN
-3205.14609,-0.397365,-2.7255575e-07,8.02312500000005e-10,8.65227084064585e-10,-8.56965163214894e-13,-3.78546756906011e-13,-2.2561588230838e-13,NaN
-3195.055524,-0.396114,-2.71813e-07,8.03249999999991e-10,8.61700245700245e-10,-3.45820682695734e-12,-1.7850750652892e-13,-2.37669535912901e-13,NaN
-3184.98411475,-0.394865375,-2.7094925e-07,8.87250000000007e-10,8.5831067041067e-10,-3.02399087399019e-12,-1.295100602135e-13,-2.33813936997666e-13,NaN
-3174.88548275,-0.393613375,-2.700385e-07,8.54125000000019e-10,8.55652263952265e-10,-1.92133643383516e-12,-1.87885784067031e-13,-2.14593274638293e-13,NaN
-3164.81609,-0.392365,-2.69241e-07,8.92312499999975e-10,8.54467997543e-10,2.06528606528534e-13,-1.98371960825627e-13,-1.87415166161046e-13,NaN
-3154.66200425,-0.391106125,-2.68253875e-07,9.18499999999996e-10,8.56065321165322e-10,8.51592664091296e-13,-3.05852713710864e-13,-1.65260743433562e-13,NaN
-3144.558331,-0.3898535,-2.67404e-07,8.31687499999995e-10,8.56171182871182e-10,5.96121446120586e-13,-3.37337491088008e-13,-1.46920173544964e-13,NaN
-3134.48793,-0.388605,-2.665905e-07,8.20187499999996e-10,8.57257564057563e-10,1.76651237276237e-12,-1.70711301010166e-13,-1.29770721128982e-13,NaN
-3124.421562,-0.387357,-2.65763625e-07,8.26750000000005e-10,8.59704207616707e-10,-4.87660143909661e-13,1.01194969237188e-13,-1.20586076925964e-13,NaN
-3114.314864,-0.386104,-2.64937e-07,8.3462500000001e-10,8.56282243769744e-10,-2.7832638645138e-12,2.97507070981462e-13,-1.11481533932495e-13,NaN
-3104.24345475,-0.384855375,-2.64094375e-07,8.49499999999997e-10,8.54137679887679e-10,-2.71020533521243e-13,2.76148510817204e-13,-9.58875476676433e-14,NaN
-3094.085336,-0.383596,-2.63238e-07,9.23312499999983e-10,8.55740202702701e-10,1.05669313794309e-12,7.37247720808136e-14,-9.08770130672872e-14,NaN
-3083.98166275,-0.382343375,-2.6224775e-07,9.11000000000001e-10,8.56251066163566e-10,-3.78729378725716e-14,-2.46782752065617e-13,-1.03989604240061e-13,NaN
-3073.9263855,-0.38109675,-2.61416e-07,8.29374999999998e-10,8.55664456826956e-10,5.0686205686199e-13,-3.69671839465911e-13,-1.20912503089501e-13,NaN
-3063.837836,-0.379846,-2.60589e-07,8.43624999999994e-10,8.57264790277289e-10,2.16494603369574e-12,-3.06801513305421e-13,-1.36660194408229e-13,NaN
-3053.755336,-0.378596,-2.5972875e-07,8.34250000000026e-10,8.59994348894348e-10,1.22308266058306e-12,-2.41476773300143e-13,-1.60170760827544e-13,NaN
-3043.6788855,-0.37734675,-2.589205e-07,8.18187499999993e-10,8.59710955598456e-10,-7.99030361530049e-13,-2.31229101218263e-14,-1.9044514352265e-13,NaN
-3033.58227,-0.376095,-2.58092375e-07,8.40749999999968e-10,8.58396288171288e-10,-2.02866137241131e-12,1.21603903896448e-13,-2.22594697857103e-13,NaN
-3023.42818425,-0.374836125,-2.57239e-07,8.91687500000037e-10,8.55653632853633e-10,-2.76488460863386e-12,2.37390737441853e-15,-2.51792066895811e-13,NaN
-3013.360808,-0.373588,-2.56309e-07,9.09000000000025e-10,8.5286651895402e-10,1.64066339066384e-13,-2.31558220720228e-13,-2.72288825945965e-13,NaN
-3003.2722585,-0.37233725,-2.55421e-07,8.73999999999985e-10,8.55981765531766e-10,2.64641760266775e-12,-4.59430420925689e-13,-2.96380521801874e-13,NaN
-2993.1736265,-0.37108525,-2.54561e-07,8.52499999999974e-10,8.58159354159355e-10,2.03687916812972e-12,-5.25356338352903e-13,-3.2995300547105e-13,NaN
-2983.097176,-0.369836,-2.53716e-07,8.20000000000004e-10,8.60055523868025e-10,2.27145489645467e-12,-4.33037138183963e-13,-3.64132115118946e-13,NaN
-2973.0287915,-0.36858775,-2.52921e-07,8.22000000000006e-10,8.62702263952265e-10,-4.46452702702935e-13,-3.32495235499693e-13,-3.99279856415841e-13,NaN
-2962.859582,-0.367327,-2.52072e-07,8.45187499999997e-10,8.59162618462619e-10,-4.20821121446122e-12,-3.1554519323557e-13,-4.261686492432e-13,NaN
-2952.76095,-0.366075,-2.51230625e-07,8.38312499999993e-10,8.54285841523342e-10,-5.97843980343986e-12,-3.32306983379266e-13,-4.31833968101104e-13,NaN
-2942.702648,-0.364828,-2.50395375e-07,9.03312499999987e-10,8.4720573885574e-10,-4.19610608985581e-12,-4.69246087374758e-13,-4.05865418829028e-13,NaN
-2932.60905725,-0.363576625,-2.49424e-07,9.1937500000002e-10,8.45893629343631e-10,6.77968146718584e-13,-7.10821731369234e-13,-3.51475165561189e-13,NaN
-2922.5436975,-0.36232875,-2.48556625e-07,8.51125000000016e-10,8.48561675149177e-10,2.78523604773583e-12,-6.99287798850822e-13,-2.910342239574e-13,NaN
-2912.463214,-0.361079,-2.4772175e-07,8.19749999999997e-10,8.51464101439102e-10,4.43815373815292e-12,-4.30054180982186e-13,-2.36426207336369e-13,NaN
-2902.29097975,-0.359817875,-2.46917125e-07,8.33062500000007e-10,8.57437982625483e-10,1.67029220779154e-12,-2.43850586887674e-13,-1.970087248035e-13,NaN
-2892.21856225,-0.358569125,-2.46055625e-07,8.31062500000005e-10,8.54804685854685e-10,-3.09778650403653e-12,-1.85231074101812e-13,-1.6233447204369e-13,NaN
-2882.126988,-0.357318,-2.45255e-07,8.29312499999983e-10,8.5124240961741e-10,-3.13891058266024e-12,-1.15193864553386e-13,-1.15417427302229e-13,NaN
-2872.04751275,-0.356068375,-2.44397e-07,8.7799999999999e-10,8.48526864689365e-10,-2.88885135135124e-12,-8.09454180286862e-14,-5.77665595918351e-14,NaN
-2861.961988,-0.354818,-2.43499e-07,8.94500000000022e-10,8.45464706914707e-10,-1.66593541594389e-13,-8.02286082288631e-14,1.71075659483804e-14,NaN
-2851.863356,-0.353566,-2.42608e-07,8.74937499999998e-10,8.48193677606176e-10,2.19259828009828e-12,-8.3238343221765e-14,9.98981336985709e-14,NaN
-2841.788922,-0.352317,-2.41749125e-07,8.64999999999975e-10,8.49849903474904e-10,2.53997235872392e-12,-6.16700133772352e-14,1.75954969388759e-13,NaN
-2831.617696,-0.351056,-2.40878e-07,8.01062500000023e-10,8.53273622323624e-10,2.81019217269274e-12,1.61755565400656e-13,2.43236379056683e-13,NaN
-2821.551328,-0.349808,-2.40147e-07,7.74000000000004e-10,8.55470287820289e-10,-1.12304756055538e-13,4.85790958777902e-13,2.94864297165319e-13,NaN
-2811.464795,-0.3485575,-2.3933e-07,8.05749999999981e-10,8.53049012811513e-10,-2.20737100737199e-12,7.09461941194537e-13,3.36639694114538e-13,NaN
-2801.378262,-0.347307,-2.385355e-07,8.18500000000015e-10,8.51055545805545e-10,-2.17262855387869e-12,8.6722115415294e-13,3.79082477740824e-13,NaN
-2791.311894,-0.346059,-2.37693e-07,8.82749999999989e-10,8.48703755703756e-10,-5.77222270971882e-13,8.71658934967088e-13,4.23051302596555e-13,NaN
-2781.221328,-0.344808,-2.3677e-07,9.07999999999997e-10,8.49901101263601e-10,2.03724113724124e-12,7.58235268272566e-13,4.58515635907556e-13,NaN
-2771.042036,-0.343546,-2.35877e-07,9.83562500000005e-10,8.52778237978238e-10,3.67419489294424e-12,5.04161615672257e-13,4.75204275823118e-13,NaN
-2760.943404,-0.342294,-2.34802875e-07,8.70062499999996e-10,8.5724949104949e-10,4.55331475956448e-12,2.343789086366e-13,4.70628317596392e-13,NaN
-2750.87804425,-0.341046125,-2.34136875e-07,7.78437499999995e-10,8.61884867497367e-10,1.57367058617124e-12,2.55176823664965e-13,4.41011337416885e-13,NaN
-2740.8046185,-0.33979725,-2.33246e-07,8.42249999999996e-10,8.60396832221832e-10,-3.29679273429251e-12,3.55718782559856e-13,3.99211867735725e-13,NaN
-2730.720102,-0.338547,-2.32452375e-07,7.62000000000017e-10,8.55291282028782e-10,-3.29152553527526e-12,5.12391402413384e-13,3.67348474416521e-13,NaN
-2720.6436515,-0.33729775,-2.31722e-07,8.76687500000007e-10,8.53813781151282e-10,-2.01011319760992e-13,5.81641789819667e-13,3.39065301339849e-13,NaN
-2710.555102,-0.336047,-2.30699e-07,9.21937499999985e-10,8.5488925938926e-10,1.83997893997878e-12,4.0415558450924e-13,2.98035757963345e-13,NaN
-2700.395975,-0.3347875,-2.29878125e-07,9.0606250000001e-10,8.57493739031239e-10,2.92506142506115e-12,2.19194694898922e-13,2.42585673377291e-13,NaN
-2690.317508,-0.333538,-2.28886875e-07,9.03749999999999e-10,8.60739382239382e-10,2.52619559494562e-12,1.4526292285626e-14,1.74426044803214e-13,NaN
-2680.21081,-0.332285,-2.28070625e-07,7.79562499999999e-10,8.62546130221131e-10,1.51296946296971e-12,-3.32590866155397e-14,9.83923679594728e-14,NaN
-2670.15351625,-0.331038125,-2.2732775e-07,8.45812500000001e-10,8.63765321165322e-10,-4.17396454896972e-13,-2.17424635645904e-15,1.5534470387254e-14,NaN
-2660.053876,-0.329786,-2.26379e-07,8.30374999999986e-10,8.61711337311337e-10,-3.17892242892233e-12,-9.7853778847082e-14,-7.04108188377997e-14,NaN
-2649.971376,-0.328536,-2.25667e-07,8.28187500000005e-10,8.57407476307477e-10,-3.68469199719123e-12,-1.11678978269803e-13,-1.44796487435794e-13,NaN
-2639.812249,-0.3272765,-2.24722625e-07,9.24000000000002e-10,8.54341953316954e-10,-2.10998376623379e-12,-1.53082105560972e-13,-2.00897505591121e-13,NaN
-2629.73479025,-0.326027125,-2.23819e-07,8.92312500000014e-10,8.5318750877501e-10,5.7542120042351e-14,-3.10233518106443e-13,-2.40786521483362e-13,NaN
-2619.643216,-0.324776,-2.22938e-07,9.05124999999998e-10,8.54457037557039e-10,1.49033652158649e-12,-5.03416460191669e-13,-2.69777997945074e-13,NaN
-2609.55265,-0.323525,-2.2200875e-07,8.44062499999993e-10,8.56168181818182e-10,1.14007107756721e-13,-5.64749228328994e-13,-2.95144873922498e-13,NaN
-2599.478216,-0.322276,-2.21249875e-07,7.80874999999996e-10,8.54685051772552e-10,2.19269919269582e-13,-4.03849201951588e-13,-3.13946164836225e-13,NaN
-2589.40680675,-0.321027375,-2.20447e-07,7.93562500000002e-10,8.56606721656722e-10,1.01453580203543e-12,-2.86681353589933e-13,-3.31872418941432e-13,NaN
-2579.21944875,-0.319764375,-2.1966275e-07,8.07500000000003e-10,8.56714123376623e-10,-1.58154176904154e-12,-2.16956587638454e-13,-3.59533367938447e-13,NaN
-2569.14199,-0.318515,-2.18832e-07,8.90875000000001e-10,8.53443638118639e-10,-1.37544752544747e-12,-2.23455907998763e-13,-3.86164090509569e-13,NaN
-2559.075622,-0.317267,-2.17881e-07,9.60000000000004e-10,8.53963228325728e-10,-2.91683485433348e-13,-4.90927489167255e-13,-4.04870361575247e-13,NaN
-2548.98404775,-0.316015875,-2.16912e-07,9.02999999999992e-10,8.52860271147772e-10,-2.24357230607022e-13,-6.95735901372991e-13,-4.10244676373587e-13,NaN
-2538.89449,-0.314765,-2.16075e-07,8.38812500000007e-10,8.53514513864514e-10,6.18789487538998e-13,-6.27544913784399e-13,-4.01903572889611e-13,NaN
-2528.8099735,-0.31351475,-2.15234375e-07,7.80499999999998e-10,8.5409785012285e-10,-7.07638645138978e-14,-4.48577067492496e-13,-3.91652681899494e-13,NaN
-2518.70831675,-0.312262375,-2.14514e-07,7.94312499999996e-10,8.53372986135486e-10,-3.42876886626828e-13,-2.74576908747683e-13,-3.79987176510654e-13,NaN
-2508.56633,-0.311005,-2.1364575e-07,8.43687500000009e-10,8.53412096349596e-10,-2.14320156195155e-12,-2.02990682382149e-13,-3.69253343156294e-13,NaN
-2498.47072275,-0.309753375,-2.12826625e-07,8.44875000000002e-10,8.49086583011583e-10,-1.97920542295492e-12,-1.38400482992038e-13,-3.55854513635112e-13,NaN
-2488.409396,-0.308506,-2.11956e-07,9.25812499999999e-10,8.49453685503686e-10,1.96932256932252e-12,-1.20447684993214e-13,-3.37658039246169e-13,NaN
-2478.3127805,-0.30725425,-2.10975e-07,9.29624999999999e-10,8.53025228150228e-10,1.62140444015397e-12,-2.14686307142495e-13,-3.26549917699957e-13,NaN
-2468.260528,-0.306008,-2.1009675e-07,8.66062500000005e-10,8.52696494383994e-10,-2.82686907690758e-14,-3.06457531421565e-13,-3.16505978429741e-13,NaN
-2458.145764,-0.304754,-2.09242875e-07,8.30874999999986e-10,8.5296869076869e-10,2.85505879256223e-13,-3.83953363831385e-13,-2.99586832381758e-13,NaN
-2447.99067,-0.303495,-2.08435e-07,7.54937499999994e-10,8.53267506142507e-10,6.46696209196819e-13,-3.36670117790212e-13,-2.81746759850886e-13,NaN
-2437.9182525,-0.30224625,-2.07733e-07,7.81312500000008e-10,8.54262083187084e-10,-1.36566119691139e-12,-2.0654711505181e-13,-2.7161500585161e-13,NaN
-2427.82567,-0.300995,-2.06872375e-07,8.85812499999994e-10,8.50536183748684e-10,-4.58291505791547e-12,-2.47675486007334e-13,-2.60519983071448e-13,NaN
-2417.71594725,-0.299741625,-2.05961375e-07,9.22687500000019e-10,8.45096253071253e-10,-2.0005572130573e-12,-3.54717832801369e-13,-2.29994104350756e-13,NaN
-2407.652604,-0.298494,-2.05027e-07,8.87062500000002e-10,8.46535069322569e-10,1.17883029133043e-12,-2.99855525440384e-13,-1.92495259714558e-13,NaN
-2397.586236,-0.297246,-2.0418725e-07,8.72999999999984e-10,8.47453913653914e-10,1.40605475605477e-12,-2.09646347742153e-13,-1.57092483375844e-13,NaN
-2387.4210595,-0.29598575,-2.03281e-07,8.356875e-10,8.49347178834679e-10,3.1910341347842e-12,-1.53667663375007e-13,-1.21137442633117e-13,NaN
-2377.32746875,-0.294734375,-2.02515875e-07,7.6149999999999e-10,8.53835981923482e-10,1.59081256581255e-12,-1.07319800312923e-13,-1.01695980402053e-13,NaN
-2367.25001,-0.293485,-2.01758e-07,8.04500000000012e-10,8.52528803966304e-10,-2.19738504738487e-12,-1.0868888663767e-13,-9.67030380211786e-14,NaN
-2357.16751,-0.292235,-2.00906875e-07,8.58000000000007e-10,8.49441211828712e-10,-3.19976088101086e-12,-8.44937301961528e-14,-8.77326372748089e-14,NaN
-2347.08501,-0.290985,-2.00042e-07,8.97437499999997e-10,8.46129282204282e-10,-1.9124912249917e-12,-9.84432755589167e-14,-6.97141143823879e-14,NaN
-2336.98133675,-0.289732375,-1.99112e-07,9.0700000000001e-10,8.45616229378729e-10,9.05920937170842e-13,-1.35242210724372e-13,-4.61760848151938e-14,NaN
-2326.928076,-0.288486,-1.98228e-07,8.94999999999996e-10,8.47941124078624e-10,1.16467400842465e-12,-1.37391282138098e-13,-2.31990814493568e-14,NaN
-2316.73769325,-0.287222625,-1.97322e-07,8.44874999999989e-10,8.47945577395578e-10,1.0283366970873e-12,-1.0664456477367e-13,3.75109400855632e-15,NaN
-2306.64712725,-0.285971625,-1.9653825e-07,7.31499999999996e-10,8.49997797472799e-10,8.41584766584725e-13,9.84694046953524e-14,3.38984238051438e-14,NaN
-2296.5817675,-0.28472375,-1.95859e-07,7.86625000000009e-10,8.49628746928748e-10,-4.88484994735242e-13,2.82592997382873e-13,6.16127366691149e-14,NaN
-2286.501284,-0.283474,-1.94965e-07,8.6912500000001e-10,8.49020827483328e-10,-3.60981923483826e-14,2.64776473976615e-13,8.47841209038904e-14,NaN
-2276.40567675,-0.282222375,-1.9412075e-07,8.57499999999993e-10,8.49556550544051e-10,-1.14312697437721e-12,2.25947930872034e-13,9.56909346256812e-14,NaN
-2266.33325925,-0.280973625,-1.9325e-07,8.73374999999995e-10,8.46734573534574e-10,-1.72268778518778e-12,2.96844999957562e-13,1.01828451486953e-13,NaN
-2256.173124,-0.279714,-1.92374e-07,9.47125000000005e-10,8.46111174973675e-10,1.15638820638852e-12,2.53653562684424e-13,1.14339348480253e-13,NaN
-2246.082558,-0.278463,-1.9135575e-07,9.39187499999998e-10,8.49047349947351e-10,3.64452658827693e-12,-4.20319814111266e-14,1.21297931152935e-13,NaN
-2236.00509925,-0.277213625,-1.90495625e-07,7.73875000000001e-10,8.53400228150229e-10,1.69968848718837e-12,-1.11366607977692e-13,1.12739099502963e-13,NaN
-2225.9155415,-0.27596275,-1.89808e-07,7.59625000000005e-10,8.52446726921727e-10,-1.74008424008448e-12,1.33396211142846e-14,1.03451829809377e-13,NaN
-2215.843124,-0.274714,-1.88976375e-07,7.983125e-10,8.4992005967006e-10,-1.5693116005613e-12,2.51887101211443e-14,1.02043722145774e-13,NaN
-2205.740459,-0.2734615,-1.88211375e-07,8.165e-10,8.49308103720605e-10,-7.65073271323545e-13,1.47055216396203e-13,9.84149390502778e-14,NaN
-2195.661992,-0.272212,-1.87343375e-07,9.24812499999998e-10,8.48389913127413e-10,3.48095823095474e-13,2.36298109008669e-13,8.71730911831676e-14,NaN
-2185.498832,-0.270952,-1.8636175e-07,9.31812499999993e-10,8.50004295366796e-10,8.97578097578622e-13,1.35950494689935e-13,6.76191571212101e-14,NaN
-2175.41734025,-0.269702125,-1.8547975e-07,8.83937500000008e-10,8.50185069322571e-10,1.58146937521946e-12,2.11751575528227e-14,4.62667678330919e-14,NaN
-2165.32879075,-0.268451375,-1.84593875e-07,8.13375000000006e-10,8.53167234117235e-10,2.37533345033327e-12,7.36385430659686e-15,2.39218329157185e-14,NaN
-2155.2654475,-0.26720375,-1.83853e-07,7.69937499999998e-10,8.54935736223237e-10,-2.95358020358011e-13,6.89954268928577e-14,-2.80608442289093e-15,NaN
-2145.176898,-0.265953,-1.83054e-07,8.04874999999996e-10,8.52576518076519e-10,-1.82021981397018e-12,3.79856965816424e-14,-2.76521669812556e-14,NaN
-2135.098431,-0.2647035,-1.8224325e-07,8.40874999999997e-10,8.51295296595297e-10,-2.57704457704505e-12,-2.63933518882752e-14,-4.92812968944791e-14,NaN
-2124.9130895,-0.26344075,-1.8137225e-07,9.35125000000005e-10,8.47422428922429e-10,-2.63977930852892e-12,-1.05419968100752e-13,-5.92049460326762e-14,NaN
-2114.82353175,-0.262189875,-1.80373e-07,9.13187500000008e-10,8.46015737978239e-10,3.90748946999718e-13,-1.83734098107164e-13,-5.59494225659305e-14,NaN
-2104.758172,-0.260942,-1.79545875e-07,8.62499999999999e-10,8.48203926816428e-10,1.60393339768315e-12,-9.34152398833566e-14,-5.56052152166833e-14,NaN
-2094.667606,-0.259691,-1.78648e-07,8.49937499999996e-10,8.49223604773605e-10,-1.65819147069981e-13,-4.04293982322044e-14,-5.90532428225649e-14,NaN
-2084.5992215,-0.25844275,-1.77846e-07,7.92562500000001e-10,8.47872288522288e-10,4.91047297297094e-13,-1.50145074857752e-13,-5.1515381537838e-14,NaN
-2074.502606,-0.257191,-1.77062875e-07,7.91999999999985e-10,8.50205699368199e-10,2.79330686205711e-12,-1.60430707091406e-13,-3.72492310219757e-14,NaN
-2064.347512,-0.255932,-1.76262e-07,7.95437500000014e-10,8.53458902246402e-10,-5.44408125658083e-13,-8.31969885674671e-15,-3.80672817598768e-14,NaN
-2054.273078,-0.254683,-1.75472e-07,8.99500000000014e-10,8.49116883116883e-10,-2.49344945594953e-12,-3.12597527646982e-14,-4.38675553979201e-14,NaN
-2044.16537175,-0.253429875,-1.74463e-07,9.53999999999983e-10,8.48472003334503e-10,3.84071165321022e-13,-2.33870216850238e-13,-4.54541361960315e-14,NaN
-2034.09497075,-0.252181375,-1.73564e-07,8.95312499999991e-10,8.49885025447525e-10,3.71068796068893e-13,-2.46366738879022e-13,-5.43664679876452e-14,NaN
-2023.993314,-0.250929,-1.72672375e-07,8.14500000000011e-10,8.49214140926641e-10,3.39924096174639e-13,-1.1003657922007e-13,-5.97595565071947e-14,NaN
-2013.926946,-0.249681,-1.71935e-07,7.60749999999996e-10,8.50564873639874e-10,1.11344989469978e-12,4.22185170302947e-14,-5.55726845659981e-14,NaN
-2003.828314,-0.248429,-1.71150875e-07,8.2524999999999e-10,8.51441040716041e-10,-1.91503597754131e-13,9.99299905837769e-14,-5.14759911197886e-14,NaN
-1993.66414575,-0.247168875,-1.702845e-07,7.96500000000003e-10,8.50181866444366e-10,-2.38282072657068e-12,1.08765546457331e-13,-5.00154138400415e-14,NaN
-1983.60987675,-0.245922375,-1.69557875e-07,8.41750000000008e-10,8.46675399262899e-10,-2.13770401895363e-12,1.73030296818952e-13,-4.37152403841398e-14,NaN
-1973.50822,-0.24467,-1.68601e-07,9.56312500000008e-10,8.45906458406459e-10,3.07171375921301e-13,1.17674452040931e-13,-3.19927344954591e-14,NaN
-1963.45294275,-0.243423375,-1.6764525e-07,9.12500000000003e-10,8.47289742014742e-10,1.53922867672832e-12,4.62068039489841e-14,-2.64285862771204e-14,NaN
-1953.359352,-0.242172,-1.66776e-07,8.51062500000001e-10,8.48984915759916e-10,2.55255352755364e-12,-3.85062637362008e-14,-2.81716423191786e-14,NaN
-1943.268786,-0.240921,-1.65943125e-07,8.17312499999982e-10,8.52394849069849e-10,1.87077263952298e-12,-1.48425885394992e-13,-3.72336899326717e-14,NaN
-1933.09756,-0.23966,-1.65141375e-07,7.96062499999991e-10,8.52726461038962e-10,-1.67962004211973e-12,-6.03512002449714e-14,-5.14527354696079e-14,NaN
-1923.023126,-0.238411,-1.64351e-07,7.99687500000012e-10,8.4903560898561e-10,-2.74516277641266e-12,5.29577539230368e-14,-5.49849028253958e-14,NaN
-1912.9265105,-0.23715925,-1.63542e-07,8.70812500000017e-10,8.47236135486136e-10,-4.15810372060549e-13,-5.83796841576088e-14,-4.86807690888404e-14,NaN
-1902.862159,-0.2359115,-1.62609375e-07,8.84499999999997e-10,8.48203988241489e-10,1.61460161426383e-15,-2.13428354347994e-13,-5.01120170772491e-14,NaN
-1892.76251875,-0.234659375,-1.61773e-07,8.94187499999987e-10,8.47239364689365e-10,-6.85795454545268e-13,-1.73033141535666e-13,-5.61284091181123e-14,NaN
-1882.6911095,-0.23341075,-1.60821e-07,9.25500000000004e-10,8.46832397332398e-10,2.50745875745921e-12,-1.85940548037304e-13,-5.59986354825814e-14,NaN
-1872.60256,-0.23216,-1.59922e-07,8.06000000000001e-10,8.52254282204283e-10,4.23339987714982e-12,-2.14438323053599e-13,-6.71339649976844e-14,NaN
-1862.431334,-0.230899,-1.59209e-07,7.5600000000001e-10,8.55299197086698e-10,1.08924183924009e-13,-4.56727139177097e-14,-9.87694349293761e-14,NaN
-1852.37404025,-0.229652125,-1.5841e-07,7.87499999999993e-10,8.52472130572131e-10,-3.40043216918206e-12,3.81904093127275e-14,-1.2686277607287e-13,NaN
-1842.26129275,-0.228398375,-1.57634e-07,8.45249999999986e-10,8.48498332748334e-10,-3.75955817830862e-12,-1.46471938266846e-14,-1.35394590591944e-13,NaN
-1832.1979495,-0.22715075,-1.567195e-07,8.92000000000006e-10,8.44953014215514e-10,-1.56113329238389e-12,-4.22018770079104e-14,-1.26493041718776e-13,NaN
-1822.1114165,-0.22590025,-1.5585e-07,9.2906250000001e-10,8.45376066163566e-10,5.41503597753618e-13,-5.92966839707045e-14,-1.11266287904794e-13,NaN
-1812.0208505,-0.22464925,-1.54861375e-07,9.34500000000001e-10,8.46036021411021e-10,9.19759126009029e-13,-1.8583536081519e-13,-9.5950150234175e-14,NaN
-1801.879872,-0.223392,-1.53981e-07,8.17687499999993e-10,8.47215584415584e-10,1.82392067392094e-12,-2.70506595671105e-13,-8.08783717056563e-14,NaN
-1791.82157,-0.222145,-1.53226e-07,7.6700000000001e-10,8.49683862758863e-10,8.35468585469353e-13,-1.67293031454133e-13,-6.9915913362223e-14,NaN
-1781.69369875,-0.220889375,-1.52447e-07,7.62875000000002e-10,8.48886521586523e-10,-9.10297472796079e-14,-4.9694718707562e-14,-5.62142328206199e-14,NaN
-1771.61724825,-0.219640125,-1.5170025e-07,8.10499999999993e-10,8.49501803264304e-10,-3.75691031941454e-13,6.67995316134886e-14,-4.23183166367214e-14,NaN
-1761.53374,-0.21839,-1.50826e-07,8.82124999999998e-10,8.4813513952264e-10,-2.72165452790471e-12,1.35070144167643e-13,-3.27141017299914e-14,NaN
-1751.459306,-0.217141,-1.49936e-07,9.58000000000001e-10,8.44058494208494e-10,-2.54054054054009e-12,-8.95599017394936e-15,-1.06560854586746e-14,NaN
-1741.28808,-0.21588,-1.4891e-07,9.31625000000001e-10,8.43054058441559e-10,9.51164882415502e-13,-1.99141226481935e-13,2.39584438939931e-14,NaN
-1731.229778,-0.214633,-1.4807275e-07,8.07500000000003e-10,8.45960823973325e-10,3.34185459810453e-12,-1.74351692711179e-13,4.60444498760485e-14,NaN
-1721.139212,-0.213382,-1.47295e-07,8.25374999999993e-10,8.49737767637769e-10,2.42716742716681e-12,-1.29857278748097e-13,4.54771412686404e-14,NaN
-1711.064778,-0.212133,-1.46422e-07,7.86500000000005e-10,8.50815158827659e-10,1.18099991224963e-12,-1.47904278267986e-13,3.88023825443351e-14,NaN
-1700.966146,-0.210881,-1.45722e-07,7.278125e-10,8.52099767462268e-10,-7.85635310635374e-13,1.17798106821893e-13,3.18924905780784e-14,NaN
-1690.877697325,-0.2096302625,-1.44966375e-07,8.42812499999998e-10,8.49243888206388e-10,-3.39876711126678e-12,4.7107177384293e-13,3.02439371340128e-14,NaN
-1680.762731675,-0.2083762375,-1.44036375e-07,9.59687499999995e-10,8.45302233239734e-10,-2.08858151983128e-12,4.65414791338381e-13,4.58420804901924e-14,NaN
-1670.6678302,-0.2071247,-1.43047e-07,9.37687499999996e-10,8.45066725166726e-10,1.07144392769326e-12,2.0622401423914e-13,6.36191650599049e-14,NaN
-1660.5829104,-0.2058744,-1.42161e-07,8.72812500000019e-10,8.47445121095121e-10,1.95583538083537e-12,-2.10582369519734e-14,6.57373150921775e-14,NaN
-1650.4915378,-0.2046233,-1.41301375e-07,8.28437499999998e-10,8.48978395928396e-10,1.0063158125664e-12,-9.81992650183771e-14,5.60544928615959e-14,NaN
-1640.4114576,-0.2033736,-1.40504125e-07,7.67187500000002e-10,8.49457752720254e-10,1.34165277290274e-12,-7.48656307146785e-14,4.53300763121877e-14,NaN
-1630.2966936,-0.2021196,-1.39767e-07,7.67562500000012e-10,8.51661701474202e-10,1.53016409265939e-13,4.54127247913633e-14,3.06592433957399e-14,NaN
-1620.20713585,-0.200868725,-1.38969e-07,8.55999999999991e-10,8.49763785538785e-10,-2.40230563355546e-12,1.74278790375582e-13,1.51882673309263e-14,NaN
-1610.1050758,-0.1996163,-1.38055e-07,9.25624999999994e-10,8.46857090207091e-10,-1.8768252018247e-12,1.20217131108626e-13,9.79496096305914e-15,NaN
-1600.005334725,-0.1983641625,-1.3711775e-07,8.53875000000012e-10,8.46010135135136e-10,-5.77483327483739e-13,7.41745465670062e-14,7.92053303640538e-15,NaN
-1589.9223306,-0.1971141,-1.3634725e-07,8.66375e-10,8.45702123552124e-10,5.61964724464444e-13,7.01261225018943e-14,4.46418160470168e-15,NaN
-1579.8374108,-0.1958638,-1.35385e-07,9.07187499999988e-10,8.47134064584065e-10,2.48506274131292e-12,-1.63997330968258e-13,-4.27013352246484e-15,NaN
-1569.7424085,-0.19461225,-1.34532875e-07,8.29499999999988e-10,8.50672249034749e-10,2.61610652860636e-12,-4.13737281473352e-13,-2.66962126673998e-14,NaN
-1559.6453897,-0.19336045,-1.33726e-07,7.93937499999999e-10,8.52366277641278e-10,-1.89195770446009e-13,-3.22186594663323e-13,-5.80807078058093e-14,NaN
-1549.555227,-0.1921095,-1.32945e-07,7.77187500000013e-10,8.50293857493857e-10,-4.33935152685568e-13,-1.72381003303996e-14,-8.20123345444867e-14,NaN
-1539.4662742,-0.1908587,-1.32171625e-07,8.52437499999999e-10,8.51498407335906e-10,1.34724903474935e-13,1.4750542624489e-13,-1.02027873389371e-13,NaN
-1529.37994285,-0.189608225,-1.31240125e-07,9.06999999999996e-10,8.50563307300807e-10,-3.52728150228088e-12,1.44769783224926e-13,-1.28898618813831e-13,NaN
-1519.275463,-0.1883555,-1.30357625e-07,9.06875000000006e-10,8.44443844331345e-10,-3.8912732537733e-12,-3.84618945013213e-14,-1.41253381120475e-13,NaN
-1509.1655386,-0.1871021,-1.29426375e-07,8.75312499999995e-10,8.42780760793261e-10,6.06789663039221e-13,-3.5591267852939e-13,-1.29142062768187e-13,NaN
-1499.07961055,-0.185851675,-1.28607e-07,7.93687500000005e-10,8.45657423657423e-10,3.19471963846934e-12,-4.23294855017365e-13,-1.11530720119825e-13,NaN
-1488.99791715,-0.184601775,-1.27839e-07,7.59750000000008e-10,8.49170200070199e-10,1.84568927693949e-12,-1.77232054691258e-13,-1.00598158690425e-13,NaN
-1478.876397875,-0.1833469375,-1.270875e-07,8.13999999999984e-10,8.49348802211302e-10,3.97529835033693e-14,6.55305150391079e-14,-9.55852380376802e-14,NaN
-1468.794402,-0.182097,-1.26211e-07,8.95937499999995e-10,8.49249706037206e-10,-4.53990435240336e-13,1.01228710516659e-13,-9.05447344132497e-14,NaN
-1458.701315375,-0.1808456875,-1.25295625e-07,9.00875000000013e-10,8.48440821340821e-10,-2.59630352755322e-12,7.27043465153718e-14,-8.6566047613463e-14,NaN
-1448.608127925,-0.1795943625,-1.2440925e-07,9.04312500000002e-10,8.440570989821e-10,-2.17269217269218e-12,-4.12504710907601e-14,-7.59373177049765e-14,NaN
-1438.5235106,-0.1783441,-1.23487e-07,8.73124999999988e-10,8.44095436995437e-10,1.41371533871521e-12,-2.68696861916392e-13,-5.44925293796722e-14,NaN
-1428.4087466,-0.1770901,-1.22663e-07,7.91999999999998e-10,8.4688452965953e-10,7.81138118638425e-13,-3.39295235123969e-13,-3.61834157320417e-14,NaN
-1418.3117278,-0.1758383,-1.21903e-07,7.92000000000012e-10,8.45657713232714e-10,-4.46748859248743e-13,-2.52685724954901e-13,-1.55320721890706e-14,NaN
-1408.231345125,-0.1745885625,-1.21079e-07,8.07687499999995e-10,8.45991031941033e-10,2.42109292734279e-12,-5.71995371082615e-14,1.16303650366183e-14,NaN
-1398.1338222,-0.1733367,-1.20287625e-07,8.49499999999997e-10,8.504998990874e-10,2.94324324324289e-12,1.73684585220256e-13,2.46021735645653e-14,NaN
-1388.0408364,-0.1720854,-1.1938e-07,9.02812500000006e-10,8.51877518427518e-10,-1.62658169533188e-12,2.40737932653564e-13,1.69612181974226e-14,NaN
-1377.97426675,-0.170837375,-1.18482e-07,8.87312500000009e-10,8.47246735696736e-10,-4.52041067041041e-12,1.0211257751055e-13,1.17749476997397e-14,NaN
-1367.868476175,-0.1695844875,-1.17605375e-07,8.23062500000009e-10,8.42836697086698e-10,-2.29309406809401e-12,4.21767254734867e-14,2.84626093815939e-14,NaN
-1357.7505866,-0.1683301,-1.16835875e-07,8.14062499999985e-10,8.42660547560548e-10,7.53167778167832e-13,1.81195199931596e-13,5.86403454298851e-14,NaN
-1347.6664734,-0.1670799,-1.1597725e-07,8.4443749999999e-10,8.44343032643033e-10,3.79607976483001e-12,1.55293662028955e-13,9.00581700379358e-14,NaN
-1337.560582,-0.165827,-1.15147e-07,8.3437500000001e-10,8.50252707090208e-10,4.99965338715331e-12,5.63119431226849e-14,1.05961769824551e-13,NaN
-1327.4748556,-0.1645766,-1.143085e-07,8.59500000000002e-10,8.5434233941734e-10,4.32879957879731e-13,8.32618823598037e-14,9.2256183435428e-14,NaN
-1317.3701741,-0.16332385,-1.13428e-07,8.54000000000002e-10,8.51118467005967e-10,-4.50790189540173e-12,1.15516032732579e-13,6.92788508242832e-14,NaN
-1307.284145225,-0.1620734125,-1.126005e-07,8.90999999999998e-10,8.45326535626536e-10,-4.41757414882414e-12,9.62756911558907e-14,6.37755056999307e-14,NaN
-1297.184706625,-0.1608213125,-1.11646e-07,8.63249999999993e-10,8.42283318708319e-10,-8.27832134082592e-13,3.25586157649941e-14,7.70550377574541e-14,NaN
-1287.079521,-0.1595685,-1.10874e-07,8.00124999999998e-10,8.43670871358371e-10,1.52867672867682e-12,8.2846163162054e-14,9.24316808639516e-14,NaN
-1276.9913748,-0.1583178,-1.1004575e-07,8.54500000000003e-10,8.45340672165673e-10,3.3169204106708e-12,7.55641710016022e-14,1.02335842335972e-13,NaN
-1266.89455765,-0.157066025,-1.09165e-07,8.26875000000008e-10,8.50304712179713e-10,4.18138162513153e-12,4.20096907636261e-15,9.87280597954793e-14,NaN
-1256.8029834,-0.1558149,-1.08392e-07,8.39999999999993e-10,8.53703435415936e-10,1.16909880659839e-12,8.79666056245521e-14,7.08158027365601e-14,NaN
-1246.7027382,-0.1545627,-1.07485e-07,8.76500000000001e-10,8.5264290979291e-10,-1.70445551070524e-12,4.50757273401257e-14,2.85567685451317e-14,NaN
-1236.602392175,-0.1533104875,-1.06639e-07,8.62625000000009e-10,8.50294524394525e-10,-3.98737495612453e-12,-8.32998813202348e-14,-1.35527818851357e-14,NaN
-1226.5248326,-0.1520611,-1.0575975e-07,8.15499999999998e-10,8.4466815988066e-10,-3.53734643734681e-12,-4.75974925352333e-16,-3.83622945531077e-14,NaN
-1216.417328,-0.150808,-1.05008e-07,8.07374999999999e-10,8.43219831519832e-10,8.02303439803225e-13,1.81575742401454e-13,-4.20179544237149e-14,NaN
-1206.324644675,-0.1495567375,-1.04145e-07,9.04937499999992e-10,8.46272766760267e-10,3.87752500877523e-12,1.61985299380859e-13,-4.33577415266341e-14,NaN
-1196.2265168,-0.1483048,-1.03198125e-07,8.77937500000001e-10,8.50974881537382e-10,2.70240435240471e-12,-8.27134684896271e-14,-6.21207125672864e-14,NaN
-1186.1367574,-0.1470539,-1.02389125e-07,8.48750000000003e-10,8.51677575465076e-10,-1.16436688311712e-12,-2.66687959794757e-13,-9.43842041723532e-14,NaN
-1176.0344957,-0.14580145,-1.01500625e-07,8.71437499999994e-10,8.48646147771148e-10,-1.915507634258e-12,-3.41685734010234e-13,-1.15813884725713e-13,NaN
-1165.9314274,-0.1445489,-1.0064625e-07,7.836875e-10,8.4784656019656e-10,-2.24652070902042e-12,-2.21536370209139e-13,-1.29079839419003e-13,NaN
-1155.85033895,-0.143299075,-9.993325e-08,7.90437500000001e-10,8.44153106353107e-10,-1.73467883467872e-12,8.27380553003733e-14,-1.375506234945e-13,NaN
-1145.761688625,-0.1420483125,-9.9065375e-08,8.72125000000006e-10,8.44377202527203e-10,1.19319059319041e-12,1.58601550660163e-13,-1.37419929652513e-13,NaN
-1135.6702152,-0.1407972,-9.8189e-08,8.87812500000003e-10,8.46539487539488e-10,2.27767857142855e-12,-7.79892934421014e-14,-1.38951549250391e-13,NaN
-1125.545772,-0.139542,-9.728975e-08,8.69e-10,8.4893255967006e-10,2.46862934362928e-12,-3.53027166121241e-13,-1.47463916278674e-13,NaN
-1115.4515763,-0.13829055,-9.6451e-08,8.52374999999997e-10,8.51476746226746e-10,-4.50280800280844e-13,-4.56360716340108e-13,-1.65037311995366e-13,NaN
-1105.3735126,-0.1370411,-9.5585e-08,8.67625000000001e-10,8.48031998069498e-10,-2.06639171639162e-12,-4.52838024795755e-13,-1.76811335463066e-13,NaN
-1095.2748806,-0.1357891,-9.471575e-08,8.069375e-10,8.47343962793963e-10,-1.34617628992636e-12,-3.44495894380076e-13,-1.78685538987057e-13,NaN
-1085.173526325,-0.1345367625,-9.3971125e-08,8.14125e-10,8.45339645489646e-10,-1.96553834678848e-12,-9.22044172636497e-14,-1.75920929819248e-13,NaN
-1075.0840694,-0.1332859,-9.30875e-08,8.26062500000005e-10,8.43412886100386e-10,4.47507897507894e-13,1.05162292385848e-13,-1.60094407233354e-13,NaN
-1064.9910836,-0.1320346,-9.2319e-08,8.36874999999993e-10,8.46234661284661e-10,1.5535911723414e-12,1.54342996705206e-13,-1.43612145222912e-13,NaN
-1054.8799493,-0.13078105,-9.141375e-08,9.2499999999999e-10,8.46520068445069e-10,3.03395928398998e-14,-7.69239069677674e-14,-1.34351166057696e-13,NaN
-1044.778796675,-0.1295287375,-9.0469e-08,8.78937500000003e-10,8.46295340470341e-10,-1.10422516672526e-12,-3.76518895498354e-13,-1.22935170537066e-13,NaN
-1034.6879282,-0.1282777,-8.9655875e-08,8.37500000000004e-10,8.44311618111618e-10,-1.02754694629717e-12,-3.98364596162956e-13,-1.02163242421386e-13,NaN
-1024.5884896,-0.1270256,-8.8794e-08,7.865625e-10,8.44240246577747e-10,4.13164706914697e-13,-1.3442791362631e-13,-7.53645688315373e-14,NaN
-1014.506493725,-0.1257756625,-8.808275e-08,8.03000000000004e-10,8.45137947525448e-10,3.85786679536598e-13,1.74461928258465e-13,-5.3995321563968e-14,NaN
-1004.4085675,-0.12452375,-8.7188e-08,8.70375000000004e-10,8.4501181993682e-10,8.25383906633807e-13,1.71735167586347e-13,-3.73572396699496e-14,NaN
-994.310842925,-0.1232718625,-8.6342e-08,8.47499999999995e-10,8.46788715338715e-10,8.96981396981037e-14,6.6815689302949e-14,-2.61438174454463e-14,NaN
-984.218260425,-0.1220206125,-8.5493e-08,9.11499999999995e-10,8.45191216216216e-10,-1.96268646893668e-12,-8.62083267163894e-14,-1.48410382937577e-14,NaN
-974.125677925,-0.1207693625,-8.4519e-08,8.5500000000001e-10,8.42863342400842e-10,-7.17528080027908e-13,-2.55078351680654e-13,8.79490087657498e-15,NaN
-964.0233154,-0.1195169,-8.3783e-08,8.00812500000003e-10,8.4375616005616e-10,1.21795586170637e-12,-1.80607551546484e-13,3.6618446205648e-14,NaN
-953.92730485,-0.118265225,-8.2917375e-08,8.30499999999996e-10,8.45299254124255e-10,1.35505001754989e-12,9.7696246033354e-15,5.13450960715497e-14,NaN
-943.830891,-0.1170135,-8.2122e-08,7.99374999999997e-10,8.4646626009126e-10,4.47740435240101e-13,2.55412841216635e-13,4.8176763465818e-14,NaN
-933.741434075,-0.1157626375,-8.1318625e-08,8.68499999999992e-10,8.46194734994735e-10,5.12908037908374e-13,3.08001836098988e-13,3.87324874168222e-14,NaN
-923.6424996,-0.1145106,-8.0385e-08,8.58812500000003e-10,8.47492076167077e-10,6.98293260793373e-13,2.03146843196008e-13,2.72098261862336e-14,NaN
-913.575224175,-0.1132624875,-7.9601e-08,8.64562500000009e-10,8.47591321516322e-10,-6.9824061074087e-13,1.15326241828539e-13,1.39917477888863e-14,NaN
-903.4492686,-0.1120071,-7.8655875e-08,8.78999999999998e-10,8.46095594945595e-10,-1.97489908739878e-12,-4.80623798094761e-14,7.24207688182749e-15,NaN
-893.35769435,-0.110755975,-7.7843e-08,8.069375e-10,8.43641523341524e-10,-1.91271718146707e-12,-6.91921263068965e-14,1.02984957944315e-14,NaN
-883.27842075,-0.109506375,-7.7042e-08,8.53874999999999e-10,8.42270160582661e-10,1.57631186381154e-12,-1.06789069363494e-14,2.1335920284656e-14,NaN
-873.1715211,-0.10825335,-7.613525e-08,8.12999999999996e-10,8.46794147069147e-10,3.27566690066675e-12,5.15383827015464e-14,2.21684517357071e-14,NaN
-863.070166825,-0.1070010125,-7.5416e-08,8.28625000000003e-10,8.48821494383995e-10,1.40029396279413e-12,9.86840151064777e-14,4.39007222594794e-15,NaN
-852.9843396,-0.1057506,-7.4478e-08,8.88000000000001e-10,8.49594734994735e-10,-1.56988197613217e-12,4.4708975709781e-14,-2.06615084803504e-14,NaN
-842.881372125,-0.1044980625,-7.364e-08,8.59312499999997e-10,8.4568173043173e-10,-3.56377237627254e-12,-2.2067543450903e-14,-3.56660434268791e-14,NaN
-832.801291925,-0.1032483625,-7.2759375e-08,8.63375000000003e-10,8.4246719024219e-10,-4.53134871884447e-13,-1.31215644562412e-13,-3.16180048336496e-14,NaN
-822.6981228,-0.1019958,-7.191325e-08,8.48937500000002e-10,8.44775460687961e-10,8.91611091611251e-13,-1.76276091251952e-13,-2.75601228402762e-14,NaN
-812.5962644,-0.1007434,-7.10615e-08,8.32999999999998e-10,8.44250412425413e-10,1.48005659880629e-12,-1.53198305896619e-13,-2.88105003220765e-14,NaN
-802.5097314,-0.0994929,-7.024725e-08,8.36250000000002e-10,8.47735573885574e-10,2.33514829764836e-12,-1.69119926218488e-13,-3.90763305164452e-14,NaN
-792.414628275,-0.0982413375,-6.9389e-08,8.35124999999998e-10,8.4892070902071e-10,-2.09634959634537e-13,-1.69055085248501e-13,-6.23511280404107e-14,NaN
-782.3237598,-0.0969903,-6.8577e-08,8.42875e-10,8.47316303966305e-10,-1.61715514215511e-12,-8.73115507574849e-14,-8.1709830421486e-14,NaN
-772.2081892,-0.0957362,-6.770325e-08,8.41000000000008e-10,8.45686398736399e-10,-2.61164004914013e-12,2.15445438418376e-14,-9.0226733033236e-14,NaN
-762.13113375,-0.094486875,-6.6895e-08,8.64374999999998e-10,8.42093023868025e-10,-1.21734819234841e-12,-1.66308019625302e-14,-8.37825227440202e-14,NaN
-752.049137875,-0.0932369375,-6.59745e-08,8.51062499999994e-10,8.43251702351703e-10,4.60016672516476e-13,-8.10100027400116e-14,-7.17944003622073e-14,NaN
-741.9437506,-0.0919841,-6.5192875e-08,8.12250000000008e-10,8.43013057213058e-10,5.1323051948064e-13,-4.33730731787202e-14,-6.38701793308055e-14,NaN
-731.8596374,-0.0907339,-6.435e-08,8.414375e-10,8.44278163390664e-10,1.50234292734295e-12,8.35062868360869e-15,-5.7550065507836e-14,NaN
-721.7521328,-0.0894808,-6.351e-08,8.71312499999997e-10,8.46017743067743e-10,7.09005352755312e-13,-4.24440136576856e-15,-5.51153691041547e-14,NaN
-711.6502744,-0.0882284,-6.2607375e-08,8.57625000000003e-10,8.45696174096174e-10,3.96733502983471e-13,-1.01588154619041e-13,-5.31901352226574e-14,NaN
-701.5661612,-0.0869782,-6.179475e-08,8.15687499999997e-10,8.4681121007371e-10,-1.08255967005982e-12,-9.28064621764276e-14,-5.36102967495202e-14,NaN
-691.4570434,-0.0857249,-6.0976e-08,8.38874999999995e-10,8.43531054756055e-10,-2.51187039312041e-12,-2.16516727156579e-14,-5.04032624995023e-14,NaN
-681.366174925,-0.0844738625,-6.0117e-08,8.27874999999999e-10,8.4178746928747e-10,-8.30063180062979e-13,3.09924476403811e-14,-3.94661480695061e-14,NaN
-671.289522775,-0.0832245875,-5.932025e-08,8.79625000000005e-10,8.41870928395929e-10,8.64184801684653e-13,-1.07129089405779e-15,-3.04703329407825e-14,NaN
-661.18191735,-0.081971475,-5.835775e-08,8.74312500000004e-10,8.43515838890839e-10,2.43204413829398e-12,-1.41918122669294e-13,-2.83307619471574e-14,NaN
-651.08973815,-0.080720275,-5.7571625e-08,8.08999999999998e-10,8.46735016672517e-10,2.22129255879262e-12,-1.2221846482378e-13,-3.79282045813299e-14,NaN
-640.98666985,-0.079467725,-5.673975e-08,8.508125e-10,8.47958424008424e-10,3.85852492102459e-13,-8.39114427592922e-14,-5.51720810699068e-14,NaN
-630.866058,-0.078213,-5.587e-08,8.29875000000002e-10,8.47506721656722e-10,-1.16998946998936e-12,-2.88590246329979e-14,-7.32585429894652e-14,NaN
-620.8150154,-0.0769669,-5.508e-08,8.34562499999999e-10,8.45618445068445e-10,-1.02974727974735e-12,7.92792813326276e-14,-9.1577793594663e-14,NaN
-610.703780275,-0.0757133375,-5.4200875e-08,8.38749999999998e-10,8.45447227097227e-10,-1.27761056511079e-12,2.83256516329707e-14,-1.11257050708807e-13,NaN
-600.6238009,-0.07446365,-5.34025e-08,8.62749999999999e-10,8.43063223938224e-10,-1.84116356616341e-12,-5.13179539574495e-14,-1.25857691345808e-13,NaN
-590.5287986,-0.0732121,-5.2475375e-08,8.7525e-10,8.417648999649e-10,8.2217225342254e-13,-1.30655382428344e-13,-1.29535058978565e-13,NaN
-580.418370075,-0.0719586375,-5.1652e-08,8.32437499999999e-10,8.44707568445069e-10,2.09539970164961e-12,-1.50532388930053e-13,-1.33866693681506e-13,NaN
-570.333853575,-0.0707083875,-5.08105e-08,8.60000000000003e-10,8.45955699368199e-10,4.83046683046764e-13,-1.01299321000957e-13,-1.41712190185883e-13,NaN
-560.24117025,-0.069457125,-4.9932e-08,8.35750000000002e-10,8.45673661811162e-10,-1.33215163215142e-12,-1.08418460517856e-13,-1.47048219568732e-13,NaN
-550.1278178,-0.0682033,-4.9139e-08,8.45249999999999e-10,8.43291396103897e-10,-1.9249166374168e-12,-1.81833171867807e-13,-1.45908654965931e-13,NaN
-540.05963495,-0.066955075,-4.82415e-08,8.16562500000001e-10,8.41823828536329e-10,-8.04459898209948e-13,-2.32871677986169e-13,-1.38231182411612e-13,NaN
-529.9454759,-0.06570115,-4.7505875e-08,8.18375000000002e-10,8.41682476307477e-10,9.99934187434549e-14,-1.49157872972353e-13,-1.31812223853005e-13,NaN
-519.868117975,-0.0644517875,-4.660475e-08,8.77437500000001e-10,8.42023815373816e-10,1.28613987363981e-12,-1.71885509451316e-13,-1.23950612990769e-13,NaN
-509.768074425,-0.0631996125,-4.5751e-08,8.56499999999999e-10,8.44254756054756e-10,8.88978588978705e-13,-3.080526064086e-13,-1.14841491192309e-13,NaN
-499.663796225,-0.0619469125,-4.489175e-08,8.83687499999998e-10,8.43801772551773e-10,7.65751140751422e-14,-3.39731865577321e-13,-1.04944789293789e-13,NaN
-489.5707096,-0.0606956,-4.3983625e-08,8.295625e-10,8.44407906282907e-10,-7.13123025623125e-14,-2.76962535640571e-13,-9.30696676654637e-14,NaN
-479.471271,-0.0594435,-4.3232625e-08,7.918125e-10,8.43659147946649e-10,-1.46513250263243e-12,-1.35429889189092e-13,-8.22564700412226e-14,NaN
-469.376672,-0.058192,-4.24e-08,8.15937500000001e-10,8.41477641277642e-10,-7.92543436293344e-13,-8.11551912507046e-15,-6.61260903992171e-14,NaN
-459.261202225,-0.0569379125,-4.160075e-08,8.33250000000002e-10,8.42074061074062e-10,-3.76167076167069e-13,5.04359479184021e-14,-4.75383387127299e-14,NaN
-449.1923136,-0.0556896,-4.07335e-08,8.70125000000001e-10,8.40725307125308e-10,-2.17010354510527e-13,6.38087024678799e-14,-2.39009116077193e-14,NaN
-439.091967575,-0.0544373875,-3.98605e-08,8.2875e-10,8.41640040365041e-10,1.52429799929793e-12,1.23621537290361e-13,6.4808406106803e-15,NaN
-428.9998892,-0.0531862,-3.9076e-08,8.91250000000002e-10,8.43773903123903e-10,9.62524131274079e-13,1.32778622390746e-13,3.08811639847023e-14,NaN
-418.9149694,-0.0519359,-3.8078e-08,8.74312500000001e-10,8.43565088627589e-10,-5.33169533169563e-13,4.63101473104745e-14,5.10277056910939e-14,NaN
-408.81048955,-0.050683175,-3.7327375e-08,7.99e-10,8.42707564057564e-10,-1.30899219024209e-12,8.33816971119403e-14,7.23798848781166e-14,NaN
-398.715991375,-0.0494316875,-3.648e-08,8.18999999999999e-10,8.40947104247105e-10,-1.76153913653918e-12,1.60453867385665e-13,9.67296727789142e-14,NaN
-388.614939575,-0.0481793875,-3.5689375e-08,8.034375e-10,8.39184485784486e-10,-5.43649087399243e-13,2.10483708267559e-13,1.26212764868908e-13,NaN
-378.533347,-0.0469295,-3.4873125e-08,8.75937500000002e-10,8.39859806072306e-10,2.6299074236574e-12,1.96514762712539e-13,1.55679294756028e-13,NaN
-368.4286655,-0.04567675,-3.39375e-08,9.01062500000001e-10,8.44444300631801e-10,2.39626623376627e-12,1.04177843740388e-13,1.70026084430322e-13,NaN
-358.34152755,-0.044426175,-3.3071e-08,8.74749999999999e-10,8.44652338539839e-10,-6.01015707265584e-13,7.25120700260864e-14,1.7075564021519e-13,NaN
-348.24733185,-0.043174725,-3.2188e-08,8.2e-10,8.4324226921727e-10,2.77070902071012e-13,6.32144874563099e-14,1.73468526456917e-13,NaN
-338.1404322,-0.0419217,-3.1431e-08,7.81874999999997e-10,8.45206480343981e-10,1.18549271674262e-12,1.39101726314333e-13,1.71251012135081e-13,NaN
-328.04482495,-0.040670075,-3.062425e-08,8.17749999999999e-10,8.45613254650755e-10,1.14013689013711e-13,2.48442630600394e-13,1.55177179848838e-13,NaN
-317.9399418,-0.0394173,-2.97955e-08,8.44625000000002e-10,8.45434507722008e-10,-4.85644085644066e-13,2.62442137456604e-13,1.31608887539431e-13,NaN
-307.847460125,-0.0381660625,-2.8935e-08,8.87375000000001e-10,8.44641966479467e-10,-4.42049842050103e-13,2.0265150627075e-13,1.08962304993393e-13,NaN
-297.76022135,-0.036915475,-2.802075e-08,8.64499999999999e-10,8.44550408037908e-10,3.30530449280328e-13,1.1149073230944e-13,8.78950083652493e-14,NaN
-287.676208975,-0.0356652875,-2.7206e-08,8.40375e-10,8.45303027378027e-10,6.33527114777154e-13,9.41484864234162e-14,6.56828706777347e-14,NaN
-277.5518666,-0.0344101,-2.634e-08,8.661875e-10,8.45817462267462e-10,1.59906984907114e-13,3.27397413094244e-14,4.27090813982672e-14,NaN
-267.4746095,-0.03316075,-2.5473625e-08,8.13500000000001e-10,8.45622841347842e-10,-1.2251096876097e-12,-6.98197849127743e-15,1.95227465472214e-14,NaN
-257.36287025,-0.031907125,-2.4713e-08,7.72812500000003e-10,8.43367242892243e-10,-9.16167953668005e-13,1.09114956126187e-13,2.49957345841804e-15,NaN
-247.267263,-0.0306555,-2.3928e-08,8.43749999999999e-10,8.43790505440506e-10,1.99098367848452e-13,1.60463402546144e-13,-1.05563447361483e-14,NaN
-237.1920224,-0.0294064,-2.30255e-08,8.85499999999998e-10,8.4376543962794e-10,-1.57915057915097e-13,5.1539785193699e-14,-2.58369960944363e-14,NaN
-227.094197,-0.0281545,-2.2157e-08,8.7825e-10,8.43474675324675e-10,6.71018339768381e-13,-9.24095675131e-14,-4.09796700540123e-14,NaN
-216.9979848,-0.0269028,-2.1269e-08,9.22937500000001e-10,8.45107476307477e-10,1.90454984205024e-13,-2.5736164900433e-13,-5.83026111689584e-14,NaN
-206.8920934,-0.0256499,-2.0311125e-08,8.55562500000001e-10,8.43855585293085e-10,-2.51263601263562e-13,-3.93802289535016e-13,-7.44186554220571e-14,NaN
-196.801426575,-0.0243988875,-1.9557875e-08,7.626875e-10,8.4460494910495e-10,5.53779835029941e-13,-2.53216679052512e-13,-8.9246253203065e-14,NaN
-186.7133812,-0.0231482,-1.878575e-08,8.164375e-10,8.44963144963145e-10,-8.78729378728971e-14,-9.97598334922919e-14,-1.04965150488664e-13,NaN
-176.588433875,-0.0218929375,-1.7925e-08,8.446875e-10,8.44429203229204e-10,1.61383380133286e-13,-1.56354263366811e-13,-1.16610858529846e-13,NaN
-166.507345425,-0.0206431125,-1.7096375e-08,8.23937500000001e-10,8.45285911723412e-10,-5.27821165321351e-13,-1.59017595571202e-13,-1.28613556914669e-13,NaN
-156.429483375,-0.0193936875,-1.6277125e-08,8.434375e-10,8.43373560898561e-10,-1.730379080379e-12,-8.05641588354801e-14,-1.37575520778449e-13,NaN
-146.31905485,-0.018140225,-1.54095e-08,9.00562499999999e-10,8.41825153562654e-10,-4.91624254124176e-13,-5.80661982781095e-14,-1.37530529231278e-13,NaN
-136.19824135,-0.016885475,-1.4476e-08,8.778125e-10,8.42390312390313e-10,1.20252939627934e-12,-1.45254533929052e-13,-1.33810834943972e-13,NaN
-126.127941175,-0.0156369875,-1.3653875e-08,8.15e-10,8.44230212355213e-10,5.81710687960614e-13,-1.55903034027812e-13,-1.32258707421474e-13,NaN
-116.030317425,-0.0143851125,-1.2846e-08,7.969375e-10,8.43553733766234e-10,-8.3220866970876e-13,-6.8219720583273e-14,-1.32318565526884e-13,NaN
-105.9311813,-0.01313305,-1.206e-08,8.01375e-10,8.42565795015795e-10,3.48225254475298e-13,-1.00311384990184e-14,-1.28377858960558e-13,NaN
-95.844245,-0.0118825,-1.124325e-08,8.52375e-10,8.44250184275184e-10,-7.22621972621614e-14,1.30277642632861e-14,-1.26359296737157e-13,NaN
-85.7327074,-0.0106289,-1.035525e-08,8.65125e-10,8.42421270621271e-10,-2.09432695682692e-12,-6.10558048053698e-14,-1.24346255302332e-13,NaN
-75.6623064,-0.0093804,-9.513e-09,8.78125000000001e-10,8.40061530361531e-10,-1.25660758160746e-12,-1.44572903783152e-13,-1.12567822882103e-13,NaN
-65.5495589,-0.00812665,-8.599e-09,8.95000000000001e-10,8.39908055458056e-10,1.0482888732887e-12,-2.07747930958257e-13,-9.49617143072838e-14,NaN
-55.459900325,-0.0068757625,-7.723e-09,8.288125e-10,8.42158108108108e-10,1.17085819585799e-12,-2.14966909993229e-13,-8.18807868347189e-14,NaN
-45.359151,-0.0056235,-6.941375e-09,7.83e-10,8.42249771849772e-10,1.08203975078997e-12,-9.08383211871276e-14,-7.54719722807576e-14,NaN
-35.259611575,-0.0043713875,-6.157e-09,8.116875e-10,8.44322187609688e-10,1.64817041067062e-12,-2.26526381822106e-14,-7.46208838873634e-14,NaN
-25.1530144,-0.0031184,-5.318e-09,8.3e-10,8.45546112671113e-10,-1.33678703053703e-12,1.71914156820887e-15,-8.21510697713002e-14,NaN
-15.089973625,-0.0018708125,-4.497e-09,8.8075e-10,8.41648613548614e-10,-1.59390356265361e-12,-1.2306335648733e-14,-8.31881399483436e-14,NaN
-4.9799484,-0.0006174,-3.5565e-09,9.020625e-10,8.42358305545806e-10,3.96538259038199e-13,-1.12536177737983e-13,-7.78123119407513e-14,NaN
5.0993252,0.0006322,-2.692875e-09,8.2175e-10,8.4244169006669e-10,7.21744471744151e-14,-1.03672276799673e-13,-7.84582365877015e-14,NaN
15.202695975,0.0018847875,-1.913e-09,8.31e-10,8.42502654440155e-10,-7.57840470340324e-13,-7.00407392641519e-14,-7.93368117173678e-14,NaN
25.3046552,0.0031372,-1.030875e-09,8.4375e-10,8.4092600912601e-10,-4.63085731835699e-13,-1.12571473047078e-13,-7.2406753711282e-14,NaN
35.375157025,0.0043857125,-2.255e-10,8.129375e-10,8.41576482976483e-10,1.66297604422587e-12,-1.09202854979437e-13,-5.67274973630899e-14,NaN
45.4906268,0.0056398,5.95e-10,8.251875e-10,8.44251961214461e-10,8.64799052300015e-14,-3.36665591838379e-14,-4.39672987519878e-14,NaN
55.5795796,0.0068906,1.424875e-09,8.7175e-10,8.41749442786943e-10,-1.62541900666899e-12,-5.19236889016198e-15,-3.28711473552329e-14,NaN
65.6838578,0.0081433,2.3385e-09,8.64875e-10,8.41001123201123e-10,-7.88169094419282e-13,-4.84221083527975e-14,-1.98080852257221e-14,NaN
75.790656625,0.0093963125,3.154625e-09,8.3325e-10,8.40173104598105e-10,-4.28062478062312e-13,-7.90970867094467e-15,-7.36283870618194e-15,NaN
85.867107125,0.0106455625,4.005e-09,8.626875e-10,8.40144998244999e-10,3.6514127764139e-13,3.61274842145355e-15,7.24495277950063e-15,NaN
95.96503335,0.011897475,4.88e-09,8.19e-10,8.40903387153388e-10,8.21165321165149e-13,-5.05597611669902e-14,2.22887482090881e-14,NaN
106.0485416,0.0131476,5.643e-09,8.2125e-10,8.41787328887329e-10,1.76807651807633e-12,-6.11563576586323e-14,3.9266232196779e-14,1.87795023549813e-07
116.146467825,0.0143995125,6.5225e-09,8.04000000000001e-10,8.4443954018954e-10,4.47672428922444e-13,1.18700801892305e-14,5.18676058784975e-14,2.48062462897162e-07
126.2441924,0.0156514,7.251e-09,8.5425e-10,8.42682673745174e-10,-1.8951474201473e-12,8.50378862312731e-14,5.96485264522234e-14,2.85275561293242e-07
136.34020295,0.016903075,8.231e-09,8.766875e-10,8.40649245349246e-10,-1.38170191295187e-12,7.33560655546341e-14,7.12600170051134e-14,3.40808776980977e-07
146.450026525,0.0181564625,9.004375e-09,8.49375e-10,8.3991926991927e-10,-1.10309319059309e-12,1.11005449221934e-13,8.01321670945788e-14,3.83240799147986e-07
156.5433148,0.0194078,9.92975e-09,8.72125000000001e-10,8.38443058968059e-10,6.51439101439126e-13,7.38957832648667e-14,8.69435440774415e-14,4.1581694993559e-07
166.6242016,0.0206576,1.0748625e-08,8.023125e-10,8.41222148122149e-10,2.61607362232333e-12,8.4188281196002e-14,9.15938225331083e-14,4.38057412114866e-07
176.7236402,0.0219097,1.1534375e-08,8.346875e-10,8.43675206212706e-10,8.85196560196517e-13,2.01075871054366e-13,8.93386142229585e-14,4.27271633240236e-07
186.804527,0.0231595,1.2418e-08,8.05812500000001e-10,8.42992541242542e-10,-3.24912249912043e-13,2.46798314847191e-13,8.59869092103113e-14,4.11241739701489e-07
196.90416725,0.024411625,1.3146e-08,8.58e-10,8.43025381712882e-10,-1.28865391365347e-13,1.9016126781352e-13,8.00162535833444e-14,3.82686430181212e-07
206.9953382,0.0256627,1.4134e-08,8.795e-10,8.42734810459811e-10,-3.39408564408586e-13,3.57506655023368e-14,6.69508386129809e-14,3.20199662931648e-07
217.1020362,0.0269157,1.4905e-08,8.26562500000001e-10,8.42346564584065e-10,-3.14406370656473e-13,4.60135233696094e-15,4.56733750955053e-14,2.18437880891547e-07
227.1885692,0.0281662,1.5787125e-08,8.90500000000001e-10,8.42105997718498e-10,4.43596437346658e-13,-5.58884898122065e-16,2.03671630501709e-14,9.7408171109513e-08
237.293654,0.029419,1.6686e-08,8.259375e-10,8.43233757458758e-10,8.58533696033799e-13,1.90617461238771e-14,-2.83109512575187e-15,-1.35400201666394e-08
247.3729276,0.0306686,1.7439e-08,8.12874999999999e-10,8.43823065110566e-10,1.70766058265931e-13,1.03057388926991e-13,-2.26084925449058e-14,-1.08127573040854e-07
257.4643002,0.0319197,1.831175e-08,8.34999999999999e-10,8.4357528957529e-10,5.59536240786163e-13,1.1025180656149e-13,-3.71608058792743e-14,-1.7772559333566e-07
267.5625289,0.03317165,1.9109e-08,8.31125e-10,8.44942137592138e-10,-2.16303966303983e-13,4.28733261108844e-14,-5.39230945010769e-14,-2.57893060657324e-07
277.6623708,0.0344238,1.9974e-08,8.49000000000002e-10,8.43142681642682e-10,-1.09545673920674e-12,-1.26326061215489e-13,-7.77229292856021e-14,-3.7171835745288e-07
287.7513236,0.0356746,2.0807e-08,8.385e-10,8.42751224113724e-10,-1.11837486837498e-12,-1.82313880801072e-13,-1.06567046427312e-13,-5.09668482913231e-07
297.848241575,0.0369263875,2.1651e-08,8.87249999999999e-10,8.40905931905932e-10,-9.97290716040596e-13,-1.91788582256736e-13,-1.32283465902005e-13,-6.32660054313937e-07
307.941025725,0.0381776625,2.25815e-08,8.44750000000002e-10,8.40756642681643e-10,1.2571494383995e-12,-2.65751278120536e-13,-1.46461920400139e-13,-7.00470054087621e-07
318.020702625,0.0394273125,2.33405e-08,8.28375e-10,8.43420230782731e-10,1.47798350298336e-12,-2.1700815521411e-13,-1.55886397847649e-13,-7.4554364188006e-07
328.132946,0.040681,2.423825e-08,8.57250000000001e-10,8.4371260968761e-10,5.82664970164933e-13,-2.02471982650557e-13,-1.59890613383906e-13,-7.64694237923029e-07
338.21645425,0.041931125,2.5055e-08,8.09500000000002e-10,8.44585560723061e-10,-1.29893603018588e-12,-2.195898501146e-13,-1.60575094117914e-13,-7.67967841433502e-07
348.315187075,0.0431831375,2.585725e-08,8.48500000000001e-10,8.41114737627238e-10,-2.49946691821683e-12,-2.29880271026741e-13,-1.57927058337249e-13,-7.55303322482495e-07
358.436000575,0.0444378875,2.6752e-08,8.49e-10,8.39586626886627e-10,-1.6695419445421e-12,-2.86049038900929e-13,-1.48384176774073e-13,-7.09663454136871e-07
368.49581495,0.045685075,2.755525e-08,8.37874999999999e-10,8.37775653738154e-10,-4.70713408213417e-13,-2.8039125297023e-13,-1.33364536983175e-13,-6.37830394267359e-07
378.6136037,0.04693945,2.842775e-08,8.58687499999999e-10,8.386452000702e-10,2.2187543875045e-12,-2.38379384932558e-13,-1.13563092607662e-13,-5.43127834210557e-07
388.6892476,0.0481886,2.9272625e-08,8.26250000000001e-10,8.42213162513163e-10,2.32145709020705e-12,-1.02901026987103e-13,-9.729079593021e-14,-4.65303806622743e-07
398.7935258,0.0494413,3.008025e-08,8.23312500000001e-10,8.43288114250615e-10,8.44980694980684e-13,6.17022763955928e-14,-8.15877850309085e-14,-3.90202450147823e-07
408.88751985,0.050692725,3.091925e-08,8.36249999999999e-10,8.43903123903124e-10,-1.80542076167068e-12,7.58676170575227e-14,-6.41726972673113e-14,-3.06912899974098e-07
418.980404825,0.0519440125,3.175275e-08,8.49874999999998e-10,8.39677272727273e-10,-3.57243111618117e-12,-2.82604194989866e-14,-4.09605185192498e-14,-1.95898132048586e-07
429.073390625,0.0531953125,3.2619e-08,8.41125000000001e-10,8.36758261670762e-10,-2.42133862758882e-12,-1.18789337079943e-13,-7.91439904399819e-15,-3.7851473688687e-08
439.166578075,0.0544466375,3.3435e-08,8.34000000000003e-10,8.34834595472096e-10,-2.15099596349628e-13,-6.18023516900168e-14,2.85357329283406e-14,1.3647524443989e-07
449.26833565,0.055699025,3.4287e-08,8.66437499999998e-10,8.36328062478063e-10,3.28245656370667e-12,6.19052567631181e-14,6.30865605609972e-14,3.01718333117813e-07
459.354667,0.0569495,3.5167875e-08,8.32000000000001e-10,8.41399508599509e-10,2.89595910845911e-12,2.10771607866226e-13,8.4001901172266e-14,4.01748222997794e-07
469.4666079,0.05820315,3.5951e-08,8.37937500000002e-10,8.42119980694981e-10,1.45451912951917e-12,2.91181642866457e-13,9.60036460532479e-14,4.59147872428577e-07
479.55898875,0.059454375,3.684375e-08,8.44374999999998e-10,8.44308546858547e-10,7.12059055809123e-13,1.90442797445693e-13,1.03538893904599e-13,4.95186014326343e-07
489.6356409,0.06070365,3.763975e-08,8.02625e-10,8.43544098806599e-10,-2.34975210600207e-12,1.48623723650485e-13,1.00803175559612e-13,4.82102143980753e-07
499.7362894,0.0619559,3.8449e-08,8.29500000000001e-10,8.39609042646543e-10,-2.31715294840285e-12,1.35352520500372e-13,9.61547109724027e-14,4.59870356824535e-07
509.8441973,0.06320905,3.929875e-08,8.43625000000001e-10,8.38909792909793e-10,-2.62186293436134e-13,8.68334151902816e-14,8.90672165893571e-14,4.25973644557795e-07
519.9456524,0.0644614,4.013625e-08,8.80125000000002e-10,8.39084670059671e-10,2.31424183924186e-12,7.24567993289417e-14,7.90751348507707e-14,3.78185427547164e-07
530.02835405,0.065711425,4.1059e-08,8.705625e-10,8.43538276588277e-10,2.90308222183213e-12,1.02764962606565e-13,6.32537784244906e-14,3.02518070725825e-07
540.143723,0.0669655,4.1877375e-08,8.46374999999997e-10,8.44890834503335e-10,8.6277202527203e-13,1.27228287659119e-13,3.7832244774305e-14,1.80936822833633e-07
550.224912275,0.0682153375,4.275175e-08,8.31812499999999e-10,8.45263820638821e-10,2.82088013337966e-13,5.96823369822475e-14,1.07507995199689e-14,5.14168672694165e-08
560.3296946,0.0694681,4.3541e-08,7.88875000000001e-10,8.45455010530011e-10,-2.51605826605835e-12,4.74914442894313e-14,-1.91032516247847e-14,-9.13633773359268e-08
570.4138078,0.0707183,4.43295e-08,7.815e-10,8.40231704106705e-10,-4.22068269568271e-12,6.41202178974108e-14,-4.20031223716369e-14,-2.00884498299133e-07
580.5092134,0.0719699,4.5104e-08,8.55750000000001e-10,8.37013645138646e-10,-5.87614075114126e-13,4.78626779811381e-14,-5.10677639164153e-14,-2.4423713177416e-07
590.614399025,0.0732227125,4.6041e-08,9.23562500000004e-10,8.39056475956476e-10,3.19635398385385e-12,-5.36266846384508e-14,-6.3437661277491e-14,-3.03397510457566e-07
600.707284,0.074474,4.6951125e-08,8.93312500000002e-10,8.43406353106353e-10,3.30119340119334e-12,-2.04073310562889e-13,-8.96043808605158e-14,-4.28542691072032e-07
610.796539275,0.0757248375,4.7827625e-08,9.02437499999999e-10,8.45658862758863e-10,9.7392067392073e-13,-2.99509612068868e-13,-1.23554043725264e-13,-5.90910643903437e-07
620.9150338,0.0769793,4.8756e-08,8.20687499999999e-10,8.45354194454195e-10,-1.3745151807653e-12,-3.72642342562069e-13,-1.50933671946881e-13,-7.21856691919866e-07
630.99450905,0.078228925,4.9469e-08,7.35374999999997e-10,8.42909832397332e-10,-3.75277290277317e-12,-3.0341234665604e-13,-1.64175940159178e-13,-7.85189279022156e-07
641.0913262,0.0794807,5.022675e-08,8.06000000000001e-10,8.37848648648648e-10,-3.49465601965604e-12,-2.40620589318401e-13,-1.59559598603565e-13,-7.6311112375618e-07
651.1730196,0.0807306,5.1081e-08,8.19062500000004e-10,8.3592052035802e-10,1.18502106002391e-13,-2.32519064468898e-13,-1.41679909238094e-13,-6.77599565921319e-07
661.271954075,0.0819826375,5.1864875e-08,8.51687499999998e-10,8.38085652860653e-10,1.31178483678492e-12,-1.53363368924546e-13,-1.29392873418057e-13,-6.1883548156462e-07
671.3714935,0.08323475,5.2784375e-08,9.21562499999998e-10,8.3854409003159e-10,1.75852930852924e-12,-1.36737515802117e-13,-1.21286680085004e-13,-5.80066730841323e-07
681.472242825,0.0844870125,5.3708e-08,8.94812499999997e-10,8.41602711477712e-10,2.65628948753952e-12,-1.31311875670007e-13,-1.13425540649394e-13,-5.42469977018841e-07
691.5598849,0.08573765,5.4574e-08,8.29749999999998e-10,8.43856669006669e-10,3.30315461565381e-13,-1.50202914608856e-13,-1.10000637509716e-13,-5.2609000548125e-07
701.6629532,0.0869902,5.53675e-08,7.50562500000003e-10,8.42263342400842e-10,-2.79869032994021e-12,-9.43469118868388e-14,-1.02116091763071e-13,-4.88381308432079e-07
711.743537525,0.0882399625,5.6075125e-08,8.0775e-10,8.38259288346789e-10,-3.29033213408195e-12,1.46959695081904e-14,-7.99561114025474e-14,-3.82398793664357e-07
721.8541677,0.08949345,5.6983e-08,8.12125000000001e-10,8.35682678132679e-10,-8.2333932958939e-13,3.6640466484491e-15,-4.8729441929367e-14,-2.33053852705668e-07
731.950480725,0.0907451625,5.7699375e-08,8.35750000000002e-10,8.3661260968761e-10,8.74258511758481e-13,6.38939095279221e-14,-2.27338702758759e-14,-1.08727205667233e-07
742.0695802,0.0919997,5.86545e-08,9.44812499999998e-10,8.37431195156196e-10,1.32314847314838e-12,1.43102150096039e-14,9.19475754630851e-16,4.39749273953885e-09
752.1561132,0.0932502,5.9589e-08,9.16125e-10,8.39258906633907e-10,1.53595998595977e-12,-1.55891377033858e-13,2.39351724163724e-14,1.14472563730477e-07
762.22671585,0.094498725,6.048675e-08,8.085e-10,8.40503115128115e-10,1.16608459108475e-12,-6.16903984094031e-14,4.45530600726629e-14,2.13079852521431e-07
772.338555925,0.0957523625,6.1206e-08,7.50625000000001e-10,8.41591075816076e-10,-6.35837135834383e-14,1.9658596902894e-13,6.38343688129971e-14,3.05294807366508e-07
782.42357655,0.097002675,6.1988e-08,7.68999999999999e-10,8.40375947700948e-10,-1.27260661635668e-12,3.5755167198876e-13,7.81839294175286e-14,3.73923140692528e-07
792.5320894,0.0982559,6.2744e-08,8.06500000000002e-10,8.39045862583363e-10,-2.35321604071827e-13,3.42018391235682e-13,8.84913877499899e-14,4.2321968054343e-07
802.6170092,0.0995062,6.3601e-08,8.96000000000004e-10,8.39905304492805e-10,3.57592576342427e-13,2.17250714752048e-13,9.10409697607263e-14,4.35413333638256e-07
812.7212874,0.1007589,6.4536e-08,9.49187500000003e-10,8.39761047736048e-10,1.20478896103917e-12,2.22906647581894e-14,8.63708065801831e-14,4.13077770600876e-07
822.816693,0.1020105,6.5499375e-08,9.05000000000001e-10,8.42314882414883e-10,2.13391540891554e-12,-1.51546035808944e-13,7.38428819208424e-14,3.53161609186638e-07
832.900705375,0.1032606875,6.6346e-08,8.21624999999995e-10,8.44028878553879e-10,4.18543787293578e-13,-8.0432572204245e-14,5.46541825814408e-14,2.6138956886776e-07
843.019704025,0.1045152125,6.7142625e-08,8.055e-10,8.4315196998947e-10,-1.58998113373107e-12,2.63507073168304e-14,3.99158345565326e-14,1.90901817444286e-07
853.1117824,0.1057664,6.7957e-08,7.453125e-10,8.40848916286417e-10,-2.55821560196528e-12,8.88069239038806e-14,3.18277584904897e-14,1.52219714519733e-07
863.1696811,0.10701335,6.863325e-08,7.50562499999999e-10,8.38035538785539e-10,-7.85459810459829e-13,2.34590699895183e-13,3.1292240882709e-14,1.49658543352087e-07
873.293721,0.1082685,6.9458125e-08,8.75875000000004e-10,8.39277996665497e-10,2.87502193752194e-13,2.1526864185777e-13,2.72545041893432e-14,1.30347628731641e-07
883.3907398,0.1095203,7.0385e-08,9.54812499999999e-10,8.38610543173044e-10,5.43723674973579e-13,-2.32540672427612e-14,1.51752032771345e-14,7.25770591515128e-08
893.4635606,0.1107691,7.136775e-08,9.32124999999995e-10,8.40365444015444e-10,2.29861793611767e-12,-1.95654990032388e-13,3.02084932585727e-15,1.44475402541e-08
903.5823576,0.1120236,7.224925e-08,8.48999999999997e-10,8.43207779045279e-10,7.13022113022227e-13,-1.47735444665928e-13,-1.36675378578661e-14,-6.53664854071857e-08
913.673629375,0.1132746875,7.306575e-08,7.92999999999999e-10,8.41791488241489e-10,3.3411942786935e-13,-1.06629955723925e-13,-2.71339033443378e-14,-1.29770842081616e-07
923.763993725,0.1145256625,7.383525e-08,7.21250000000004e-10,8.43876017901018e-10,5.95687083186997e-13,-6.06384724412947e-14,-4.10993218445471e-14,-1.96561974039138e-07
933.86272655,0.115777675,7.450825e-08,7.76062500000002e-10,8.42982862407863e-10,-2.99296683046672e-12,1.21721916676285e-14,-6.26058051457566e-14,-2.99419068088401e-07
943.9365556,0.1170266,7.5387375e-08,8.55062499999999e-10,8.37890084240084e-10,-3.61368681993665e-12,-3.77093646560889e-14,-7.34207368668717e-14,-3.51142654580691e-07
954.038111525,0.1182789625,7.6218375e-08,9.11374999999998e-10,8.35755488767989e-10,-9.03562653562581e-13,-1.06251630414463e-13,-6.78951009861987e-14,-3.24715700368776e-07
964.1430955,0.11953175,7.7210125e-08,9.69375000000004e-10,8.36082958932959e-10,1.71741181116149e-12,-1.99987116075622e-13,-5.30406254581052e-14,-2.53672556538764e-07
974.2376945,0.12078325,7.8157125e-08,8.65187500000007e-10,8.39190312390312e-10,2.57872937872934e-12,-2.28362139530089e-13,-4.07041743952569e-14,-1.94672138412098e-07
984.329772875,0.1220344375,7.89405e-08,7.79937499999996e-10,8.41240417690418e-10,1.7792580730083e-12,-1.18084398336252e-13,-3.6497318846117e-14,-1.74552394481429e-07
994.4143902,0.1232847,7.9717e-08,7.45062499999993e-10,8.42748828536329e-10,8.6833976833966e-13,5.68203027276422e-14,-3.76050900029125e-14,-1.79850430448712e-07
1004.516551075,0.1245371375,8.0430625e-08,7.42000000000008e-10,8.42977097227097e-10,-1.91320200070204e-12,1.99763187338221e-13,-4.58664765547866e-14,-2.19361409609849e-07
1014.6148806,0.1257891,8.1201e-08,8.17000000000007e-10,8.38922424534925e-10,-1.95634213759191e-12,1.79416377523596e-13,-4.96778823441433e-14,-2.37589872080685e-07
1024.72016705,0.127041925,8.2064625e-08,9.46499999999995e-10,8.39064412951913e-10,-3.92104685854696e-13,2.96517812251331e-14,-4.80026479584445e-14,-2.29577881540387e-07
1034.8177908,0.1282938,8.3094e-08,9.88249999999996e-10,8.38138215163215e-10,-9.64132151632026e-13,-2.06646894509283e-13,-4.30961323889968e-14,-2.06111937512593e-07
1044.8889984,0.1295424,8.4041125e-08,8.58999999999995e-10,8.37136148648649e-10,1.05068883818919e-12,-2.52166688267921e-13,-2.71978350787033e-14,-1.3007660255032e-07
1055.0013426,0.1307961,8.4812e-08,8.069375e-10,8.40239592839594e-10,3.33898297648295e-12,-9.51147325466815e-14,-1.31836358631098e-14,-6.30521715192208e-08
1065.0781964,0.1320454,8.5655e-08,7.75000000000005e-10,8.43814114601615e-10,1.04611705861667e-12,-1.15968774212513e-14,-1.44321029562969e-14,-6.9023101095333e-08
1075.177735825,0.1332975125,8.6362e-08,7.1775e-10,8.42331826956827e-10,-2.47268339768349e-12,9.66684072949606e-14,-2.30163697015e-14,-1.10078289876739e-07
1085.2746538,0.1345493,8.70905e-08,8.14625000000001e-10,8.38868747806248e-10,-1.20535933660916e-12,1.21028062502725e-13,-2.30786399000172e-14,-1.10376103869647e-07
1095.37348745,0.135801325,8.799125e-08,8.56250000000005e-10,8.39921108283609e-10,-8.94193137942985e-13,1.26523328587223e-13,-1.90802208574086e-14,-9.12532301876063e-08
1105.468590575,0.1370528875,8.8803e-08,9.40874999999998e-10,8.37080361530362e-10,-1.19518252018264e-12,1.44672893606727e-13,-1.24268336392025e-14,-5.94326826222728e-08
1115.531127225,0.1383004125,8.9873e-08,9.71437499999995e-10,8.37530743243244e-10,1.78420937170923e-12,-3.31308758524524e-14,-8.58906008946705e-16,-4.10781134713642e-09
1125.65486465,0.139555525,9.0745875e-08,8.46499999999994e-10,8.40648780273781e-10,1.66534529659507e-12,-1.73134112195173e-13,2.25497907704131e-15,1.07846825423715e-08
1135.7407927,0.14080595,9.1566e-08,7.74062500000006e-10,8.40861433836434e-10,1.27050938925924e-12,-2.07327374417554e-13,-2.78873098837702e-15,-1.33374090748466e-08
1145.8672524,0.1420614,9.2294e-08,7.00500000000007e-10,8.43189799052299e-10,8.43686381186788e-13,-1.04183967458358e-13,-1.56128516647718e-14,-7.46701601358651e-08
1155.9279742,0.1433087,9.2967e-08,7.89749999999996e-10,8.42548806598807e-10,-1.97025930150911e-12,4.24042218110354e-14,-3.35288888610263e-14,-1.603555554223e-07
1166.031344975,0.1445612875,9.38735e-08,8.78000000000003e-10,8.39249280449281e-10,-3.14053834678848e-12,3.01336713503302e-14,-4.19227445220435e-14,-2.0050008249673e-07
1176.1320943,0.14581355,9.4723e-08,9.04750000000007e-10,8.3626772990523e-10,-1.62063223938219e-12,2.67690363789447e-14,-3.41371993332873e-14,-1.63264866376591e-07
1186.21358605,0.147063425,9.5683e-08,9.54562499999999e-10,8.36008015970517e-10,8.04216391716695e-13,-2.56233377842508e-14,-1.31764975942374e-14,-6.30180319724397e-08
1196.3063702,0.1483147,9.6632125e-08,8.51499999999993e-10,8.37876162688664e-10,2.15275754650758e-12,-5.33248680730738e-14,7.78161515971076e-15,3.72164203290515e-08
1206.3860471,0.14956435,9.7386e-08,7.91437500000003e-10,8.40313531063532e-10,3.43978588978569e-12,-5.14776759033958e-14,1.54473626024954e-14,7.38786907075867e-08
1216.5028276,0.1508186,9.8215e-08,7.50999999999998e-10,8.44755734468235e-10,8.86666374166165e-13,-1.24087138362807e-13,9.56956446382549e-16,4.57674822182958e-09
1226.593091125,0.1520695625,9.8888e-08,7.45937499999997e-10,8.42086863811864e-10,-3.20666023166056e-12,-3.80985133490597e-14,-2.20082303270109e-14,-1.05256753737878e-07
1236.6795233,0.15332005,9.9706875e-08,8.1950000000001e-10,8.38342414004914e-10,-1.8732120919621e-12,1.43874898189557e-13,-3.05095738715873e-14,-1.45915353298896e-07
1246.7930774,0.1545739,1.00527e-07,9.60000000000004e-10,8.3834043962794e-10,-6.23271323271206e-13,1.78117217916233e-13,-2.68924763667721e-14,-1.28616191319345e-07
1256.89231435,0.155825975,1.01626875e-07,9.75562499999996e-10,8.37095871358372e-10,1.6163785538774e-13,2.50025388696484e-14,-1.43832993675617e-14,-6.8789692627469e-08
1266.975016,0.157076,1.02478125e-07,8.2718749999999e-10,8.38663715338715e-10,5.43491137241165e-13,-5.4959654055853e-14,-1.0577107194783e-16,-5.05861648446143e-10
1277.06215395,0.158326575,1.0328125e-07,8.16312500000001e-10,8.38182853632854e-10,9.24756493506669e-13,-1.04348505340975e-13,1.18036492970514e-14,5.64522357685067e-08
1287.144049,0.1595765,1.0411075e-07,7.50937500000003e-10,8.40513228325729e-10,2.01457309582324e-12,-1.79288798782949e-13,2.02463400254077e-14,9.68303218606455e-08
1297.274844175,0.1608324875,1.04783125e-07,7.31562499999998e-10,8.422119998245e-10,-1.73523604773985e-13,-5.39928080964795e-14,1.56827992143203e-14,7.50046918945753e-08
1307.361377175,0.1620829875,1.05573875e-07,8.54437500000008e-10,8.40166181116181e-10,-7.57748332748728e-13,6.37633882794046e-14,6.91179194447821e-15,3.30563962562001e-08
1317.458597625,0.1633348125,1.06492e-07,9.04562500000002e-10,8.40696503159003e-10,-1.60938925938925e-12,1.50891668558779e-13,-1.71541250571087e-16,-8.20414676644329e-10
1327.5595486,0.1645871,1.07383e-07,9.12999999999997e-10,8.36947402597402e-10,-1.62134740259777e-12,2.43674793185108e-13,1.66608288436426e-16,7.96822249043777e-10
1337.6388222,0.1658367,1.08318e-07,9.05624999999998e-10,8.37453808353807e-10,1.97449324324313e-12,1.39196772225877e-13,1.06802674124043e-14,5.10795397984553e-08
1347.72958985,0.167087725,1.0919425e-07,8.51937499999998e-10,8.40896389083889e-10,1.81892769392844e-12,-6.17910915581337e-14,1.50689608153959e-14,7.20689430301543e-08
1357.8296334,0.1683399,1.10021875e-07,7.44375000000001e-10,8.41091663741664e-10,3.64263776764237e-13,-2.30680728928797e-13,1.16134040887659e-14,5.55423673810543e-08
1367.91475485,0.169590225,1.10683e-07,7.20062499999998e-10,8.41624916637417e-10,-8.80429536679754e-13,-2.61903534101651e-13,4.7572643727796e-15,2.2752133956772e-08
1378.029216375,0.1708441875,1.11462e-07,8.29000000000001e-10,8.39330804668305e-10,-5.63274394524529e-13,-1.15625058289551e-13,1.83230048353907e-16,8.76317622562164e-10
1388.10354955,0.172093175,1.12341e-07,8.63625000000003e-10,8.40498367848368e-10,3.42361354861499e-13,1.56172174388705e-13,-5.05198195523685e-15,-2.41616528293936e-08
1398.2140789,0.17334665,1.1318925e-07,9.44187499999997e-10,8.40015527378028e-10,-1.50956695331712e-12,3.17761931085957e-13,-1.73520235814102e-14,-8.2987938867614e-08
1408.294864875,0.1745964375,1.14229375e-07,9.469375e-10,8.37479233941734e-10,-1.20564891189901e-12,1.57874794823762e-13,-2.22006430574769e-14,-1.06176988535759e-07
1418.3964208,0.1758488,1.15083125e-07,8.27499999999999e-10,8.3760422955423e-10,5.19217269217481e-13,-4.23727023121255e-14,-1.46914740365162e-14,-7.02635714789905e-08
1428.502413025,0.1771017125,1.15884375e-07,7.57687500000004e-10,8.38517668480169e-10,1.50262153387144e-12,-1.60731877004222e-13,-4.42882313602837e-15,-2.11813280418748e-08
1438.6065904,0.1783544,1.165985e-07,7.40812500000001e-10,8.40609472621973e-10,9.1451167076156e-13,-1.97084569247142e-13,-1.37817415884093e-15,-6.59126771619575e-09
1448.69009865,0.179604525,1.17366e-07,8.09437499999997e-10,8.40346691821692e-10,3.87054668304656e-13,-1.4490593400032e-13,-6.83410579924444e-15,-3.26848538224734e-08
1458.7820762,0.1808557,1.18217375e-07,8.41624999999998e-10,8.41383581958582e-10,4.62796156546415e-13,-2.19828596881593e-14,-2.11212439920421e-14,-1.01014645179332e-07
1468.8855478,0.1821083,1.1904925e-07,9.3531249999999e-10,8.41272284134785e-10,-1.29145533520514e-12,1.47321426415464e-13,-4.27410322022386e-14,-2.04413632271576e-07
1478.9995052,0.1833622,1.20088e-07,9.47812500000005e-10,8.38800671288172e-10,-1.10091040716047e-12,1.23336760997408e-13,-5.72402532658505e-14,-2.73757733010589e-07
1489.068293,0.1846105,1.20944875e-07,8.20500000000004e-10,8.39070463320464e-10,-5.78757897507753e-13,2.12186549849475e-14,-6.1628946623363e-14,-2.9474713602478e-07
1499.168437375,0.1858626875,1.21729e-07,8.09562500000007e-10,8.37643155493156e-10,-1.00085117585095e-12,-1.02244859458745e-13,-5.47521263446207e-14,-2.61857995561229e-07
1509.2792692,0.1871162,1.22564e-07,7.55062500000011e-10,8.37068760968762e-10,6.2682081432098e-13,-2.4893723832826e-13,-3.52037040150261e-14,-1.68365540941429e-07
1519.3674154,0.1883669,1.23239125e-07,7.47e-10,8.38896797121798e-10,1.28238416988408e-12,-1.61883863174708e-13,-1.94276294458008e-14,-9.29147495233951e-08
1529.482986,0.189621,1.24058e-07,8.52937499999986e-10,8.3963352930853e-10,1.79566295191275e-12,1.18347291315748e-14,-1.81575889816546e-14,-8.68406429557394e-08
1539.5699223,0.19087155,1.24945e-07,9.378125e-10,8.42488123025624e-10,1.2748398560899e-12,5.71342807961159e-14,-3.51356008552853e-14,-1.68039830177451e-07
1549.64496125,0.192120625,1.25933625e-07,9.49500000000005e-10,8.4218320902071e-10,-1.13156590031596e-12,-2.19242222089378e-14,-6.36271709947633e-14,-3.04303861279303e-07
1559.7522642,0.1933737,1.26844e-07,8.1662499999999e-10,8.40224991224992e-10,-2.50584196209222e-12,-1.82122575137196e-14,-8.24984420062039e-14,-3.94557766116627e-07
1569.849283,0.1946255,1.27566875e-07,7.83374999999998e-10,8.37171525096525e-10,-2.5496555809057e-12,6.03428738428495e-14,-7.70112917982589e-14,-3.6831487381776e-07
1579.9616272,0.1958792,1.2841075e-07,7.83062500000003e-10,8.3512568006318e-10,2.60067128817174e-13,-4.30969930456222e-14,-4.84867567251247e-14,-2.31893184337553e-07
1590.04029585,0.197128725,1.29133e-07,7.57750000000006e-10,8.3769165935416e-10,2.21982713232734e-12,-1.567979701917e-13,-1.95480617953922e-14,-9.34907303257888e-08
1600.13691135,0.198380475,1.2992625e-07,8.89250000000009e-10,8.39565334327835e-10,1.78421375921391e-12,-1.79755017555567e-13,-7.2453317472559e-15,-3.46515866173108e-08
1610.23634995,0.199632575,1.309115e-07,9.35374999999999e-10,8.41260086872588e-10,9.50555019305075e-13,-1.72787838306019e-13,-1.15718875796961e-14,-5.5343810163764e-08
1620.310683125,0.2008815625,1.31797e-07,8.79749999999999e-10,8.41466444366445e-10,-6.26882239382216e-13,-7.81889118016117e-14,-2.52216481646048e-14,-1.20625273830719e-07
1630.419599275,0.2021348375,1.32671e-07,8.4e-10,8.40006322393823e-10,-2.09932432432405e-12,7.11658415365543e-14,-3.63645624286176e-14,-1.73917472484693e-07
1640.514601575,0.2033863875,1.33477e-07,7.76499999999994e-10,8.37267795717797e-10,-2.27545849420864e-12,1.75879094331603e-13,-3.31222618008723e-14,-1.5841081730852e-07
1650.6197872,0.2046392,1.34224e-07,7.63749999999999e-10,8.35455405405406e-10,3.42466654962007e-14,1.60400336136106e-13,-1.04279386402769e-14,-4.98727500187156e-08
1660.6950278,0.2058883,1.350045e-07,7.91500000000011e-10,8.37336289048789e-10,1.40898122148081e-12,8.65534352757706e-14,1.65584723084381e-14,7.91926936490518e-08
1670.7864004,0.2071394,1.35807e-07,8.93250000000001e-10,8.38273367848367e-10,1.11654308529304e-12,-4.5111596921028e-14,3.62004403465593e-14,1.73132540787892e-07
1680.89733305,0.208392925,1.36791e-07,9.21249999999993e-10,8.39569375219375e-10,1.5620853808361e-12,-2.18231691278402e-13,4.37519847373859e-14,2.09248622657063e-07
1690.988403175,0.2096439875,1.376495e-07,8.98312499999995e-10,8.4139753861004e-10,-3.83533696028639e-14,-2.28227590832924e-13,3.38682216934143e-14,1.61978451577199e-07
1701.099235,0.2108975,1.38587625e-07,8.98062500000001e-10,8.3949266848017e-10,-1.9659749034748e-12,-1.0811695626765e-13,2.09814113616916e-14,1.00345880425482e-07
1711.177702,0.212147,1.39445625e-07,7.20750000000004e-10,8.3746558880309e-10,-4.39239645489907e-13,1.29758538955159e-13,1.96992093769519e-14,9.4213610063683e-08
1721.252136,0.213396,1.40029125e-07,7.02687499999995e-10,8.3861418918919e-10,1.29660187785151e-12,3.85276169453934e-13,2.46705482217336e-14,1.17989578451769e-07
1731.334636,0.214646,1.40851e-07,8.07687500000008e-10,8.40058792558793e-10,-3.54650754651336e-13,3.69035086606147e-13,2.69574298779366e-14,1.28926838546653e-07
1741.425202,0.215897,1.416445e-07,8.70000000000007e-10,8.37904887679887e-10,-1.45462881712932e-12,1.56212714374741e-13,3.19745126396686e-14,1.52921582189719e-07
1751.58533725,0.217156625,1.42591e-07,9.68750000000007e-10,8.37149534924534e-10,6.72764566514678e-13,-1.48157948710412e-13,4.21398481843403e-14,2.01538404359888e-07
1761.678928,0.218408,1.43582e-07,9.25624999999994e-10,8.39250416812917e-10,1.08726746226782e-12,-3.08698830210402e-13,4.34984404003794e-14,2.08036019306162e-07
1771.76646925,0.219658625,1.4444225e-07,8.49937499999996e-10,8.3932406984907e-10,8.63331432081698e-13,-1.60344775454075e-13,3.06351862158579e-14,1.46516107988886e-07
1781.843928,0.220908,1.45281875e-07,7.61375e-10,8.4097707967708e-10,1.78399877149881e-12,8.18932123012207e-14,9.78664322985241e-15,4.68056850123376e-08
1791.926428,0.222158,1.45965e-07,7.26062500000005e-10,8.42892067392068e-10,-3.18855300105285e-13,2.72669027489996e-13,-1.32653315648484e-14,-6.34428900927532e-08
1802.00791975,0.223407875,1.46734e-07,7.92374999999995e-10,8.40339369076869e-10,-2.32252106002121e-12,3.04439077969239e-13,-2.73279442988688e-14,-1.30698864038068e-07
1812.164022,0.224667,1.4754975e-07,8.44749999999985e-10,8.38247025272025e-10,-1.62900359775385e-12,1.29246155443493e-13,-2.61767497823841e-14,-1.25193151133141e-07
1822.2566045,0.22591825,1.484235e-07,9.47500000000003e-10,8.37081361881362e-10,-1.03914092664104e-12,-1.41079715087271e-13,-1.76233197995777e-14,-8.42854425197194e-08
1832.34011275,0.227168375,1.4944475e-07,9.32375000000009e-10,8.36168743418743e-10,8.14408564408008e-14,-2.87776093839207e-13,-8.69980038788151e-15,-4.16077409855203e-08
1842.403456,0.228416,1.5028825e-07,8.55625000000008e-10,8.37244243594243e-10,2.04086521586519e-12,-2.73342705765528e-13,-5.26181824544676e-15,-2.51652176956149e-08
1852.49704675,0.229667375,1.51156e-07,8.30374999999999e-10,8.40250473850474e-10,3.07449982450005e-12,-1.82770186185475e-13,-1.54647847019122e-14,-7.3962013791754e-08
1862.592654,0.230919,1.51949e-07,7.30062499999996e-10,8.43393243243243e-10,1.44339899964933e-12,1.16987482198871e-14,-4.18356333931347e-14,-2.00083464054122e-07
1872.74069025,0.232177125,1.52616125e-07,7.55812499999992e-10,8.43137271849772e-10,-6.07818532818652e-13,1.38914380801053e-13,-7.0722642694621e-14,-3.38238725930796e-07
1882.814116,0.233426,1.53460625e-07,8.41624999999992e-10,8.42177606177606e-10,-2.94228676728693e-12,5.27373752295692e-14,-8.49846091014197e-14,-4.06448130485051e-07
1892.9187975,0.23467875,1.54299375e-07,8.74187500000004e-10,8.37252698315198e-10,-4.46625131625154e-12,-3.18143984617927e-14,-7.54325604308718e-14,-3.60764419451996e-07
1902.979116,0.235926,1.55209e-07,9.27125000000009e-10,8.33245103545103e-10,-1.26195156195171e-12,-5.21267454997543e-14,-4.56361662085876e-14,-2.18259925345419e-07
1913.05355,0.237175,1.56153625e-07,9.14500000000005e-10,8.34728795191295e-10,1.55526500526541e-12,-1.40681596573492e-13,-1.49322186398802e-14,-7.14149587124705e-08
1923.144116,0.238426,1.57038e-07,8.49625000000001e-10,8.36355633555634e-10,3.71154133029189e-12,-2.20625106184031e-13,5.42425327443403e-15,2.5942080877728e-08
1933.21855,0.239675,1.57852875e-07,7.55499999999997e-10,8.42151877851879e-10,3.89839417339432e-12,-1.61528560020121e-13,6.07082305868723e-15,2.90343711502433e-08
1943.373644,0.240934,1.58549e-07,7.29062499999995e-10,8.44152421902423e-10,-5.75471656721942e-13,1.75468067715588e-14,-9.42649046165188e-15,-4.50832152513786e-08
1953.45916875,0.242184375,1.59311e-07,7.97500000000005e-10,8.41000934538435e-10,-3.21814671814696e-12,1.67550753215507e-13,-1.44520062101717e-14,-6.91182905703864e-08
1963.54973475,0.243435375,1.60144e-07,8.558125e-10,8.37716128466129e-10,-3.39500263250268e-12,2.36937896777368e-13,1.31048478713515e-15,6.26753593847246e-09
1973.63626775,0.244685875,1.61022625e-07,9.42374999999993e-10,8.34210929273429e-10,-1.91334020708998e-12,1.38576022899972e-13,3.12354144723533e-14,1.49386764867777e-07
1983.71473475,0.245935375,1.6202875e-07,9.2618750000001e-10,8.33889448051949e-10,9.94583625833869e-13,-6.01647157543365e-14,6.60346211437092e-14,3.15817753296e-07
1993.810342,0.247187,1.62875e-07,8.45624999999996e-10,8.36200096525097e-10,3.02856045981056e-12,-1.21474349623674e-13,9.06435638083408e-14,4.33512696474673e-07
2003.93014725,0.248441625,1.6372e-07,8.01750000000003e-10,8.3994656897157e-10,2.98556072306078e-12,-1.33073558628584e-13,9.54659829324319e-14,4.56576440111631e-07
2014.023738,0.249693,1.644785e-07,7.45500000000012e-10,8.42171217971219e-10,1.38135749385777e-12,-6.78229708354687e-14,8.78929031572097e-14,4.20357362925786e-07
2024.126403,0.2509455,1.65211e-07,7.80750000000005e-10,8.42709283959285e-10,-2.25140400139957e-13,1.40547119487039e-13,7.73125992692359e-14,3.6975590954852e-07
2034.196804,0.252194,1.6604e-07,8.1374999999999e-10,8.41720937170939e-10,-2.20190198315201e-12,3.83803685097076e-13,6.97918245738825e-14,3.33786987092481e-07
2044.28737,0.253445,1.668385e-07,8.96562499999986e-10,8.38305479992981e-10,-2.72150535275567e-12,4.8778196114454e-13,7.36131589184219e-14,3.5206293395767e-07
2054.353738,0.254693,1.67833125e-07,9.56750000000006e-10,8.36277926465427e-10,-3.85863460864022e-13,3.20122490837213e-13,8.73398119685413e-14,4.17712144197371e-07
2064.45237,0.255945,1.68752e-07,8.879375e-10,8.37533753071253e-10,8.53349859599311e-13,3.747883032982e-14,9.60577002452366e-14,4.59406392477219e-07
2074.61250525,0.257204625,1.69609e-07,8.14687500000003e-10,8.37984626184626e-10,1.57396016146006e-12,-1.38458899017021e-13,9.45340032984287e-14,4.52119146209876e-07
2084.68492275,0.258453375,1.70381375e-07,7.49500000000003e-10,8.40681673394173e-10,2.16802386802364e-12,-1.18241206264711e-13,8.74661474160765e-14,4.18316357207322e-07
2094.788596,0.259706,1.71108e-07,7.86062499999993e-10,8.42320673920673e-10,1.02445156195174e-12,-4.55615602132656e-14,7.3460160527891e-14,3.51331202524696e-07
2104.86303,0.260955,1.719535e-07,7.96875000000001e-10,8.42730576518077e-10,-1.31482537732015e-13,1.15190211482295e-13,5.4328865710064e-14,2.59833705569871e-07
2114.937464,0.262204,1.7270175e-07,8.73250000000004e-10,8.42057708845209e-10,-2.71655844155838e-12,3.1864579130373e-13,3.47559785162042e-14,1.66224245077498e-07
2125.003832,0.263452,1.737e-07,9.54875000000008e-10,8.3729745963496e-10,-2.77779703404733e-12,2.17649456818007e-13,2.40725267622192e-14,1.15129475819309e-07
2135.175058,0.264713,1.746115e-07,8.83937500000008e-10,8.36502114777115e-10,5.00285187783209e-14,-2.81315996598155e-14,2.43086869242965e-14,1.16258937464027e-07
2145.27369,0.265965,1.75467875e-07,8.31062500000005e-10,8.37397516672517e-10,2.4782116532113e-12,-1.62769624387805e-13,2.56311165253087e-14,1.22583600773216e-07
2155.331992,0.267212,1.76273625e-07,7.90437499999995e-10,8.41458538083537e-10,3.27571955071925e-12,-2.31674106122656e-13,1.68420054070779e-14,8.05487215121117e-08
2165.42558275,0.268463375,1.7704875e-07,7.54687499999987e-10,8.43948955773955e-10,7.42653123903373e-13,-1.71862635599931e-13,-5.12810670604239e-15,-2.45257277245506e-08
2175.488926,0.269711,1.77783e-07,8.25499999999997e-10,8.42943844331344e-10,-2.16409266408886e-13,-1.23549748848013e-14,-2.95069686704903e-14,-1.41120284945823e-07
2185.59663225,0.270964125,1.7869975e-07,8.79000000000004e-10,8.43516137241137e-10,-1.3389983327478e-12,7.31866869410759e-14,-5.48199070092044e-14,-2.62182163957065e-07
2195.758784,0.272224,1.79541e-07,8.68624999999996e-10,8.40265847665848e-10,-3.10638381888336e-12,9.28695390585681e-14,-7.77060017693173e-14,-3.716373997663e-07
2205.833218,0.273473,1.80437e-07,8.93374999999991e-10,8.37303369603371e-10,-3.02523034398041e-12,5.46227097350943e-14,-8.50496927760751e-14,-4.06759400233403e-07
2215.9177345,0.27472325,1.8132775e-07,8.41125000000004e-10,8.34215386977888e-10,-1.3081805019311e-12,-5.59027246385843e-14,-7.05766429815546e-14,-3.37540466433522e-07
2225.990152,0.275972,1.8211925e-07,8.01124999999999e-10,8.34687008599509e-10,3.50105738855716e-12,-1.88105934838005e-13,-4.35725577120577e-14,-2.08390493405493e-07
2236.07970975,0.277222875,1.8293e-07,7.84375e-10,8.41217501755002e-10,4.54307871182857e-12,-1.97518479108837e-13,-2.77331527968048e-14,-1.32636817723849e-07
2246.171284,0.278474,1.83688e-07,8.31000000000003e-10,8.43773166023166e-10,1.13085731835747e-13,-9.05324388264859e-14,-3.18470323638816e-14,-1.52311893914216e-07
2256.245718,0.279723,1.84592e-07,8.49500000000011e-10,8.41443673218673e-10,-2.49488855738789e-12,-1.62004581607319e-14,-4.18126792609087e-14,-1.99973683421737e-07
2266.40786975,0.280982875,1.85387e-07,8.95000000000009e-10,8.3878338890839e-10,-1.52051377676348e-12,2.21027816254564e-14,-4.56117626347433e-14,-2.18143212600946e-07
2276.49238625,0.282233125,1.86382e-07,8.86812499999995e-10,8.38402645665146e-10,-1.07193752193773e-12,3.22464370513813e-15,-4.57990424440925e-14,-2.1903889864566e-07
2286.57085325,0.283482625,1.87160625e-07,8.10812499999988e-10,8.36639513864514e-10,-1.06758292383324e-12,6.11420527628606e-15,-3.76566841595214e-14,-1.80097185110755e-07
2296.67251,0.284735,1.88003625e-07,8.48562499999998e-10,8.3626747981748e-10,2.25470559845549e-12,-6.56254739397144e-14,-1.62176415929993e-14,-7.75626337056488e-08
2306.738878,0.285983,1.8885775e-07,7.96875000000014e-10,8.41148925061425e-10,3.27214592839642e-12,-1.93693949130883e-13,8.09467971441567e-16,3.87136855906836e-09
2316.82641925,0.287233625,1.89597375e-07,7.98624999999996e-10,8.42811771674273e-10,6.36846261901266e-15,-1.49691390887822e-13,4.96019304987727e-15,2.37226624124565e-08
2327.01176075,0.288496375,1.90455e-07,8.19187500000008e-10,8.41161661986663e-10,-1.03152641277616e-12,1.79754422339522e-14,5.20319357082461e-15,2.48848388169873e-08
2337.07611225,0.289744125,1.9123575e-07,8.68562500000007e-10,8.40748718848721e-10,-1.73927255177298e-12,1.6005987642171e-13,3.31714528700895e-15,1.58646078943906e-08
2347.15256275,0.290993375,1.92192125e-07,8.96249999999991e-10,8.37683116883117e-10,-2.04669401544437e-12,1.71550086973843e-13,4.54169869181593e-15,2.1721167656511e-08
2357.232038,0.292243,1.9302825e-07,8.17437499999999e-10,8.36655330817832e-10,2.34147946648401e-13,1.87379429254132e-13,1.65876231123019e-14,7.9332110537096e-08
2367.322604,0.293494,1.93827e-07,8.26874999999995e-10,8.38151412776414e-10,1.01143603018636e-12,2.10187646278322e-13,3.31294606447468e-14,1.58445246561833e-07
2377.405104,0.294744,1.94682e-07,8.30187499999994e-10,8.38678202878205e-10,1.30468146718126e-12,9.36247274325987e-14,4.77357853458108e-14,2.2830158208866e-07
2387.487604,0.295994,1.95487375e-07,8.53500000000015e-10,8.40760775710777e-10,1.02782774657736e-12,-1.14448153897131e-13,5.83489770663614e-14,2.79060325099989e-07
2397.66185475,0.297255375,1.96389e-07,8.61625000000001e-10,8.40733858371359e-10,5.17817655317286e-13,-2.36343198200948e-13,6.29664082986832e-14,3.01143691863267e-07
2407.73427225,0.298504125,1.97210625e-07,8.02999999999998e-10,8.41796411021411e-10,-4.90849859600233e-13,-7.28406033979126e-14,5.82586986192557e-14,2.78628558613832e-07
2417.8379455,0.29975675,1.97995e-07,8.46750000000014e-10,8.39752158652159e-10,-2.34509257634278e-12,1.80741456979049e-13,5.02325811474055e-14,2.40242779400635e-07
2427.90633,0.301005,1.98904125e-07,9.01624999999994e-10,8.37106225868726e-10,-1.01177606177573e-12,1.83603349706217e-13,5.08503284933001e-14,2.43197223228827e-07
2437.99185475,0.302255375,1.9979825e-07,8.36624999999986e-10,8.37728606528607e-10,9.73821955072196e-13,5.99259334125623e-14,5.7033475400548e-14,2.72768795393925e-07
2448.063264,0.303504,2.00577375e-07,7.91874999999995e-10,8.3905386977887e-10,2.0941624254117e-12,3.73587174305894e-14,6.24054969347655e-14,2.98461072296705e-07
2458.242556,0.304766,2.01382e-07,8.08812499999999e-10,8.41916931379431e-10,1.04010398385342e-12,1.98097286109915e-14,6.32780838375181e-14,3.02634314005521e-07
2468.308924,0.306014,2.02195e-07,8.47187500000013e-10,8.41134077746577e-10,-7.07287644787062e-14,-2.56190026404328e-14,6.3117649253026e-14,3.01867018166646e-07
2478.383358,0.307263,2.03076375e-07,8.26875000000008e-10,8.41775473850473e-10,4.09964022463802e-13,6.02532204496252e-14,6.12535573455058e-14,2.92951796000245e-07
2488.473924,0.308514,2.0384875e-07,8.54749999999997e-10,8.41954005791505e-10,-1.34611705861728e-12,1.79685471375842e-13,5.10398457297009e-14,2.44103610011613e-07
2498.556424,0.309764,2.04785875e-07,8.95499999999997e-10,8.39083239733239e-10,-1.9466633029132e-12,1.59318061234869e-13,4.09469240335154e-14,1.958331149429e-07
2508.64699,0.311015,2.0563975e-07,8.24562499999997e-10,8.38060679185678e-10,-2.24859599842242e-15,1.21008637208115e-13,4.02535518885418e-14,1.92516987293026e-07
2518.826282,0.312277,2.06435e-07,8.2743750000001e-10,8.39078742541242e-10,1.31170366795406e-12,7.05007893503194e-14,4.52658005122475e-14,2.16488611145532e-07
2528.90979025,0.313527125,2.07294625e-07,8.33375000000002e-10,8.40684086521586e-10,6.66117497367531e-13,-5.68043835866387e-14,4.92941295335e-14,2.35754532551522e-07
2538.97414175,0.314774875,2.0810175e-07,8.28437499999985e-10,8.40410977535977e-10,-8.1697086697105e-13,-1.00420200335063e-13,5.49693447452684e-14,2.62896866173023e-07
2549.073782,0.316027,2.089515e-07,8.49749999999991e-10,8.39050144787644e-10,-8.36762899262785e-14,-4.10246324259147e-14,6.47892526718594e-14,3.09861643213241e-07
2559.15325725,0.317276625,2.0980125e-07,8.53687499999994e-10,8.40243624956124e-10,1.41959459459458e-12,2.54995305417534e-14,6.96453859385447e-14,3.33086628401736e-07
2569.238782,0.318527,2.10658875e-07,8.64250000000007e-10,8.41889333976833e-10,7.48051948051982e-13,5.97421303972629e-14,5.9261335977799e-14,2.83423780763387e-07
2579.32833975,0.319777875,2.1152975e-07,7.90562499999998e-10,8.41739728852228e-10,-8.73635486135575e-13,1.2747261498102e-13,3.88191475827486e-14,1.85656792787059e-07
2589.500574,0.321039,2.1224e-07,8.23562499999996e-10,8.40142063004562e-10,-1.10228808353785e-12,1.6928910786413e-13,2.59374436419619e-14,1.24048643505035e-07
2599.5568595,0.32228575,2.13176875e-07,8.78000000000003e-10,8.39535152685153e-10,9.54396279396807e-13,4.71439468579836e-14,2.68259085903626e-14,1.28297823693039e-07
2609.63431825,0.323535125,2.13996e-07,8.23187499999986e-10,8.42050855563356e-10,1.2841501404001e-12,-4.30555253540017e-14,2.9148078005456e-14,1.39403851330442e-07
2619.73496675,0.324787375,2.1482325e-07,8.62000000000011e-10,8.42103452965953e-10,-5.84874078624573e-13,-1.39422466127533e-14,2.55155719417902e-14,1.22030996243344e-07
2629.8164585,0.32603725,2.1572e-07,8.35375000000018e-10,8.40881107406107e-10,-8.75728325728853e-13,6.15721644834286e-14,2.15829950875045e-14,1.03223019983717e-07
2639.872744,0.327284,2.16494e-07,8.47749999999989e-10,8.40351996314495e-10,-8.21917778167362e-13,9.02144356195359e-14,1.75134764336878e-14,8.37601046828547e-08
2650.052036,0.328546,2.174155e-07,8.52999999999988e-10,8.39237271849772e-10,-6.30416374165285e-13,4.64436757475079e-14,1.34061339130906e-14,6.41162926278246e-08
2660.12949475,0.329795375,2.182e-07,8.04250000000019e-10,8.39091163566165e-10,3.48538961039296e-13,6.65698330538112e-14,1.45550468059107e-14,6.96110934195729e-08
2670.192838,0.331043,2.19024e-07,8.62999999999999e-10,8.39934349771851e-10,1.01880484380495e-12,4.6567975025026e-14,1.83127928675547e-14,8.75829224100442e-08
2680.2975195,0.33229575,2.19926e-07,8.33500000000006e-10,8.41128773253774e-10,4.88313882064219e-13,-5.48778542801446e-14,1.9653035833639e-14,9.39927800739257e-08
2690.38506075,0.333546375,2.20691e-07,8.33937500000004e-10,8.40910977535979e-10,-3.06171024920641e-13,-6.73979303852967e-14,1.98511728452408e-14,9.4940391868543e-08
2700.480668,0.334798,2.21593875e-07,8.61874999999982e-10,8.40516431203933e-10,6.50136012636031e-13,-2.60674305369148e-14,1.91564841020511e-14,9.16179674445922e-08
2710.6418115,0.33605775,2.2241475e-07,8.33625000000009e-10,8.42211249561251e-10,8.86751930501392e-13,-2.8686967470267e-14,1.12594549943841e-14,5.38495673644457e-08
2720.72128675,0.337307375,2.23261125e-07,8.65749999999996e-10,8.42289935064936e-10,-5.77790452791058e-13,-8.09328776816997e-14,-2.41378936511142e-15,-1.15442100070546e-08
2730.788663,0.3385555,2.2414625e-07,8.04499999999986e-10,8.41055668655669e-10,-2.97652685152722e-13,-7.72473140895572e-14,-1.10291200356518e-14,-5.27479653878999e-08
2740.891328,0.339808,2.24870125e-07,8.07875000000013e-10,8.41694629694631e-10,5.07074850825607e-13,4.76714306843766e-14,-1.42544554842543e-14,-6.81734827507814e-08
2750.957696,0.341056,2.25762e-07,8.61375000000007e-10,8.4206981835732e-10,-5.88215163214682e-13,1.16892489109927e-13,-1.69843586592009e-14,-8.12295414135695e-08
2761.05733625,0.342308125,2.26592875e-07,8.37062499999998e-10,8.40518199368201e-10,-1.25593629343646e-12,6.66191400405044e-14,-1.4478904869557e-14,-6.92469363326639e-08
2771.11463,0.343555,2.27436125e-07,8.55125000000007e-10,8.39557945770447e-10,1.33790365040137e-13,3.63637826649883e-15,-5.38205989247383e-15,-2.57402864422661e-08
2781.285856,0.344816,2.28303125e-07,8.50812499999994e-10,8.40785780098281e-10,2.81234643734493e-13,6.18881702900058e-15,-1.02288797760892e-15,-4.89207293639049e-09
2791.368356,0.346066,2.2913775e-07,8.55312499999999e-10,8.40120415057916e-10,-5.93644699894788e-13,4.47488152967789e-14,-1.61487320266253e-15,-7.72330662142949e-09
2801.450856,0.347316,2.3001375e-07,8.34312500000015e-10,8.39598490698492e-10,-2.55644524394717e-13,3.74505750478919e-14,5.05633356977918e-15,2.41824648989439e-08
2811.549488,0.348568,2.30806375e-07,8.1975000000001e-10,8.39609126009127e-10,2.31565900315839e-13,2.25323874514929e-14,2.07098830713841e-14,9.90472668631413e-08
2821.60779,0.349815,2.3165325e-07,8.68812499999988e-10,8.40061622499124e-10,1.15969419094427e-12,-4.29925735214429e-14,3.61635675003457e-14,1.72956192392958e-07
2831.68323225,0.351064125,2.32544e-07,8.26374999999994e-10,8.41928514391015e-10,4.45454545454278e-13,-1.1297349827242e-13,4.47089378639993e-14,2.13825355001736e-07
2841.861516,0.352326,2.33306e-07,8.26750000000005e-10,8.40952531590032e-10,-5.1848674973767e-13,-5.82982225695885e-14,5.10951594398285e-14,2.44368153842658e-07
2851.93595,0.353575,2.341975e-07,8.71374999999992e-10,8.4089154089154e-10,2.53569234818802e-13,8.06200096553337e-15,5.69167198265917e-14,2.72210399170656e-07
2862.02550775,0.354825875,2.3504875e-07,8.43624999999994e-10,8.4145967005967e-10,-1.67172692172026e-13,3.42328966792866e-14,5.8452061560477e-14,2.79553337897933e-07
2872.117082,0.356077,2.3588475e-07,8.47750000000002e-10,8.40557195507196e-10,2.70906458411277e-14,3.50572517731456e-14,6.12258354743701e-14,2.92819213138292e-07
2882.175384,0.357324,2.3674425e-07,7.9675000000001e-10,8.41513851351352e-10,7.75138206388537e-13,8.80602815382225e-14,6.69132161666712e-14,3.20019729492775e-07
2892.274016,0.358576,2.3747825e-07,8.17000000000013e-10,8.42107471919973e-10,5.93140136889937e-13,1.86644643622489e-13,6.96458659956733e-14,3.33088924327133e-07
2902.340384,0.359824,2.3837825e-07,8.69312500000015e-10,8.42700131625132e-10,-6.43230080742057e-14,1.42868558068509e-13,6.69708674116164e-14,3.20295452838165e-07
2912.51161,0.361085,2.39216875e-07,8.36562499999984e-10,8.41978825903825e-10,-1.43362802737814e-12,1.01318567961519e-13,6.24221965221923e-14,2.98540939888746e-07
2922.586044,0.362334,2.40051375e-07,8.61062499999986e-10,8.39832875570376e-10,-8.26678220427497e-13,1.55680320670534e-13,6.58245296759636e-14,3.14812968015478e-07
2932.67661,0.363585,2.40939e-07,8.299375e-10,8.4032546946297e-10,2.44809582309064e-13,1.54299905837225e-13,7.63080215167019e-14,3.64951407253792e-07
2942.751044,0.364834,2.4171125e-07,8.37437499999995e-10,8.40322494734994e-10,8.6528167777776e-14,1.03314842571588e-13,8.56730657203545e-14,4.09740749097348e-07
2952.8274945,0.36608325,2.42613875e-07,8.43562500000005e-10,8.40498525798525e-10,7.09299315549531e-13,1.37884173980588e-13,9.30596705044691e-14,4.450679893692e-07
2962.916044,0.367334,2.43398375e-07,8.35062499999983e-10,8.41741093366093e-10,7.22117409617176e-13,1.90002231636574e-13,9.71271292117155e-14,4.64521052751683e-07
2973.05803075,0.368591375,2.44284e-07,8.75062500000001e-10,8.4194276061776e-10,1.40253159003265e-13,5.44093713767589e-14,9.68796406826281e-14,4.63337411960395e-07
2983.153638,0.369843,2.451485e-07,8.43312500000025e-10,8.42021599684099e-10,-1.98065110564396e-13,-1.02370513642023e-13,9.30789728183339e-14,4.45160304783336e-07
2993.244204,0.371094,2.45970625e-07,8.46437499999979e-10,8.41546630396631e-10,8.60898560898739e-13,-9.76591020895927e-14,8.8659648983161e-14,4.24024408180335e-07
3003.32367925,0.372343625,2.46841375e-07,8.18999999999976e-10,8.43743396805897e-10,1.19502457002441e-12,6.24004610938051e-15,7.92572621262862e-14,3.7905647103876e-07
3013.401138,0.373593,2.47608625e-07,8.27812500000021e-10,8.4393667953668e-10,-7.66099947349733e-13,8.77758944072376e-14,6.14299666850433e-14,2.93795492841511e-07
3023.483638,0.374843,2.48497e-07,8.64687500000033e-10,8.42211196911197e-10,-3.94774482274642e-13,1.0615893918675e-13,4.69244275868784e-14,2.24421175415505e-07
3033.638732,0.376102,2.49338e-07,8.23437500000006e-10,8.4314713057213e-10,1.49337486837013e-13,1.1484363605804e-13,3.75922187740239e-14,1.79788872397506e-07
3043.729298,0.377353,2.50143875e-07,8.55437499999989e-10,8.42509871884871e-10,-4.75539663040603e-14,5.89179925994988e-14,2.85024760412652e-14,1.36316189762573e-07
3053.8097815,0.37860275,2.51048875e-07,8.4456249999998e-10,8.43052022639522e-10,-3.38416988417487e-13,4.41835782964267e-15,1.64273448670864e-14,7.85655624078045e-08
3063.886232,0.379852,2.51833e-07,8.24812499999991e-10,8.41833037908036e-10,-1.17023736398781e-12,4.47826195628837e-14,4.21790826613846e-15,2.0172604751097e-08
3073.960666,0.381101,2.526985e-07,8.59937500000008e-10,8.40711547911547e-10,6.45149613900677e-13,9.63686635906139e-14,7.13242736279989e-16,3.41116091264343e-09
3084.051232,0.382352,2.53552875e-07,8.28562500000015e-10,8.43123337135838e-10,9.75770007021271e-13,1.23503655411848e-13,-3.03935949434404e-15,-1.45360671468628e-08
3094.1357485,0.38360225,2.54355625e-07,8.55062499999979e-10,8.42663087925589e-10,-3.44399350648927e-13,5.34047443691697e-14,-9.35762984457064e-15,-4.47538818653378e-08
3104.313024,0.384864,2.55263e-07,8.47687499999987e-10,8.4243453843454e-10,-2.57542120042671e-13,-4.93236906078241e-14,-1.00934748309186e-14,-4.82731404956977e-08
3114.387458,0.386113,2.56051e-07,8.36812500000031e-10,8.42148003685504e-10,-1.07485082485962e-13,-9.78907723313363e-14,-1.08868003717538e-14,-5.2067306125779e-08
3124.46088375,0.387361875,2.56936625e-07,8.52500000000001e-10,8.42219568269568e-10,-1.05786460161415e-12,-1.6982169961419e-13,-1.6970113886777e-14,-8.11614142411074e-08
3134.5464085,0.38861225,2.57756e-07,8.25687499999989e-10,8.40032274482275e-10,-1.6593453843456e-12,-1.59755851319979e-13,-1.75241213356224e-14,-8.38110150834115e-08
3144.62991675,0.389862375,2.58588e-07,8.5762500000001e-10,8.38900877500877e-10,1.80201386451327e-12,-6.75571455121131e-14,-6.69936982939556e-15,-3.2040464401457e-08
3154.717458,0.391113,2.5947125e-07,8.42875e-10,8.43636302211302e-10,3.19746182871291e-12,-1.15021757031924e-14,-3.72516316787185e-15,-1.78159977593871e-08
3164.872552,0.392372,2.6027375e-07,8.36312499999991e-10,8.45295801158303e-10,3.72198578448446e-13,-2.76766625791903e-14,-1.42681330582658e-14,-6.82388972351843e-08
3174.971184,0.393624,2.61143875e-07,8.20125000000007e-10,8.44380699368199e-10,-9.62697437698759e-13,-2.8373441087702e-15,-2.47106890029423e-14,-1.18181556101028e-07
3185.06175,0.394875,2.61914e-07,8.20062499999992e-10,8.43370406282905e-10,-1.29958318708309e-12,9.4681913324051e-14,-3.02905902619732e-14,-1.4486804038335e-07
3195.136184,0.396124,2.62784e-07,8.6074999999999e-10,8.41781532994033e-10,-1.18379914004826e-12,4.64525365351265e-14,-2.99605936570152e-14,-1.43289795750942e-07
3205.218684,0.397374,2.636355e-07,8.49750000000004e-10,8.41002808002808e-10,-4.67308704807845e-13,-3.60204534396198e-14,-2.48451313972411e-14,-1.18824541465066e-07
3215.2951345,0.39862325,2.644835e-07,8.68187499999997e-10,8.40846915584417e-10,6.49539312040152e-13,-4.34780010621394e-14,-1.81516063452952e-14,-8.6812030347064e-08
3225.3736015,0.39987275,2.65371875e-07,8.51249999999993e-10,8.42301886626889e-10,1.01887285012281e-12,1.00760318013029e-14,-1.25432009957262e-14,-5.99892221534731e-08
3235.542811,0.4011335,2.66186e-07,8.35937500000033e-10,8.42884661284663e-10,-2.27325377326278e-13,7.46792329268897e-14,-7.15107518489363e-15,-3.42007943625348e-08
3245.629344,0.402384,2.6704375e-07,8.42625000000019e-10,8.41847235872236e-10,-6.0134915759993e-13,7.33064356210247e-16,2.72797208906002e-15,1.30468230346349e-08
3255.691679,0.4036315,2.6787125e-07,8.07749999999983e-10,8.41681962969463e-10,-8.07667163917108e-13,-9.53369668051277e-15,1.76538160104392e-14,8.44312939629701e-08
3265.794344,0.404884,2.6865925e-07,8.39374999999983e-10,8.40231901544402e-10,-2.70351439101324e-13,3.06683937120905e-14,3.65545733331012e-14,1.74826220288745e-07
3275.872811,0.4061335,2.6955e-07,8.63062499999988e-10,8.4114126009126e-10,8.57469726219539e-13,-2.03662908575456e-14,5.20671692471131e-14,2.49016896399237e-07
3285.951278,0.407383,2.70385375e-07,8.36437500000021e-10,8.41946840996841e-10,8.05324236575191e-13,1.09786061344504e-14,6.07862892422947e-14,2.90717035506627e-07
3296.138636,0.408646,2.71222875e-07,8.30750000000009e-10,8.42751908564411e-10,1.53461521586615e-12,1.30092438203165e-13,6.6520904606386e-14,3.1814345681315e-07
3306.2029875,0.40989375,2.72046875e-07,8.94562499999984e-10,8.45016071428573e-10,6.2311776061734e-13,9.32946309451424e-14,6.66933684171118e-14,3.18968283734013e-07
3316.287504,0.411144,2.73012e-07,8.71687500000014e-10,8.43998144085645e-10,-1.19822964197977e-12,-7.78455810361679e-14,6.88427714535205e-14,3.29248037386402e-07
3326.386136,0.412396,2.7379025e-07,7.72499999999989e-10,8.42619612144614e-10,-1.18340426465418e-12,-1.4496667159924e-14,8.02163486462003e-14,3.83643406568784e-07
3336.4545205,0.41364425,2.74557e-07,8.01374999999992e-10,8.41631335556337e-10,-3.36192523696519e-14,1.50884557382911e-13,9.67669597562639e-14,4.62798503182132e-07
3346.535004,0.414894,2.75393e-07,8.63000000000026e-10,8.42552373639875e-10,1.87190680940943e-13,1.61944737526517e-13,1.0920549537482e-13,5.22287151792617e-07
3356.7001805,0.41615425,2.76283e-07,8.38187499999989e-10,8.42005716918219e-10,-9.74475693225617e-13,1.76896678414235e-13,1.17807880476856e-13,5.63428993584964e-07
3366.792763,0.4174055,2.77069375e-07,8.56999999999993e-10,8.40603422253423e-10,4.67701386450908e-13,1.6997929233441e-13,1.33442897848715e-13,6.38205163624289e-07
3376.86618875,0.418654375,2.77997e-07,8.84312500000019e-10,8.42941119691121e-10,1.81171463671453e-12,1.32488635146917e-13,1.49051636454114e-13,7.12855652606632e-07
3386.9638125,0.41990625,2.78838e-07,8.33562499999994e-10,8.44226851526852e-10,9.64805633555019e-13,1.61786587936494e-13,1.59283644083014e-13,7.61791341266589e-07
3397.040263,0.4211555,2.79664125e-07,8.22999999999981e-10,8.44870730958231e-10,-6.06695331695933e-13,1.88610108064786e-13,1.6609808896953e-13,7.94382164636883e-07
3407.11873,0.422405,2.80484e-07,8.30062500000003e-10,8.43013460863461e-10,-1.5308946121438e-12,1.81789808571181e-13,1.7452659230414e-13,8.34692397976322e-07
3417.21837025,0.423657125,2.8132425e-07,8.44500000000018e-10,8.41808941733943e-10,4.80563355564391e-13,1.50703444620564e-13,1.8731343353469e-13,8.95846856035474e-07
3427.38757975,0.424917875,2.82173e-07,8.62625000000016e-10,8.43974587574589e-10,9.20366795366574e-13,1.20522222363111e-13,1.89442956308313e-13,9.06031530170193e-07
3437.4569725,0.42616625,2.830495e-07,8.68000000000005e-10,8.43649675324676e-10,4.81949806948746e-13,9.3341370109846e-14,1.84333335432214e-13,8.81594212936676e-07
3447.537456,0.427416,2.83909e-07,8.42749999999996e-10,8.44938487188487e-10,1.64233064232947e-12,1.35905147083052e-13,1.78770106936286e-13,8.5498746795615e-07
3457.599791,0.4286635,2.84735e-07,8.39499999999986e-10,8.46934336609335e-10,-9.85301860296591e-14,2.16208502432011e-13,1.66288952364237e-13,7.9529498956809e-07
3467.702456,0.429916,2.85588e-07,8.25437499999982e-10,8.44741426816427e-10,-2.45185810810682e-12,2.53399972322707e-13,1.56473287031252e-13,7.48350503192944e-07
3477.784956,0.431166,2.86385875e-07,7.99312500000002e-10,8.42030620393121e-10,-3.81901544402027e-13,3.18603104073837e-13,1.57075692727207e-13,7.51231573912729e-07
3487.9541655,0.43242675,2.87186625e-07,8.42062500000017e-10,8.43977623727623e-10,1.92894217269208e-12,2.78101260120803e-13,1.5137075860814e-13,7.23947106386757e-07
3498.014484,0.433674,2.8807e-07,8.89187499999994e-10,8.45888504738506e-10,1.97034047034256e-13,1.33049542855585e-13,1.25360007986886e-13,5.99547864285107e-07
3508.096984,0.434924,2.88965e-07,8.79500000000005e-10,8.44371691821692e-10,-1.08329677080339e-13,2.774616348237e-14,9.57983932965657e-14,4.58166228809662e-07
3518.179484,0.436174,2.89829e-07,8.30937500000001e-10,8.45671845384345e-10,1.30679185679206e-12,5.98198682276364e-14,7.28891268627355e-14,3.48600171952213e-07
3528.278116,0.437426,2.90626875e-07,8.42499999999989e-10,8.46985275535276e-10,-4.7279747279672e-14,1.42669239088186e-13,4.88038778623138e-14,2.33409850645849e-07
3538.344484,0.438674,2.91514e-07,8.57062500000008e-10,8.45577285889786e-10,-2.86115742365926e-13,6.19933090019419e-14,2.59022956386987e-14,1.23880544358994e-07
3548.43505,0.439925,2.92341e-07,8.05999999999988e-10,8.46413044050544e-10,1.02564496315281e-13,-1.60929124047478e-14,3.43865172099842e-15,1.64457256221664e-08
3558.59821,0.441185,2.93126e-07,8.12999999999996e-10,8.45782414882416e-10,-1.19285714285746e-12,-3.61030798956011e-14,-2.10657724513109e-14,-1.0074934650627e-07
3568.688776,0.442436,2.93967e-07,8.47500000000022e-10,8.44027329764829e-10,-2.64706914708597e-13,-4.30568493055526e-14,-4.24615143346093e-14,-2.03076807687262e-07
3578.75010275,0.443683375,2.94821e-07,9.02999999999992e-10,8.45253001052999e-10,1.20420542295515e-12,-1.09310798213543e-13,-6.22246617334916e-14,-2.97596208290612e-07
3588.84571,0.444935,2.95773e-07,8.87374999999984e-10,8.4643574061074e-10,8.748881186391e-13,-2.36839960102493e-13,-8.4276047393767e-14,-4.03059357100625e-07
3598.94333375,0.446186875,2.9659575e-07,8.16500000000013e-10,8.47002777290277e-10,4.84656897157385e-13,-1.5868547303911e-13,-1.08984313977001e-13,-5.21229327716092e-07
3609.01071,0.447435,2.97406e-07,8.27625000000002e-10,8.47405054405054e-10,-1.26842751839713e-14,-8.35511290099727e-14,-1.3550547606638e-13,-6.48069668143557e-07
3619.190002,0.448697,2.98251e-07,8.08312500000012e-10,8.46977408739909e-10,-1.56890356265324e-12,-1.01387157791533e-13,-1.62572758488907e-13,-7.77521888425207e-07
3629.272502,0.449947,2.99022625e-07,8.07562500000018e-10,8.44267247279748e-10,-1.78854203229158e-12,-5.63834518981239e-14,-1.83592792754157e-13,-8.78052487085099e-07
3639.33987825,0.451195125,2.99866125e-07,8.80562499999968e-10,8.43400324675326e-10,-1.0468080905577e-12,-1.61565645597325e-13,-1.95183093820228e-13,-9.33484361748917e-07
3649.429436,0.452446,3.0078375e-07,8.96937499999997e-10,8.42173631098632e-10,-9.19857844858441e-13,-3.80251723092552e-13,-1.99292999981001e-13,-9.53140434691744e-07
3659.507903,0.4536955,3.0166e-07,8.68500000000019e-10,8.41560608985609e-10,9.60323797823276e-13,-3.78623607995242e-13,-1.9378646279598e-13,-9.2680482206773e-07
3669.578304,0.454944,3.0252075e-07,8.63499999999987e-10,8.44094278694279e-10,1.91260530010559e-12,-1.80915803220922e-13,-1.85986753579714e-13,-8.89501864946458e-07
3679.74953,0.456205,3.03387e-07,8.39312499999994e-10,8.4538581958582e-10,1.06963408213424e-12,-1.122769586195e-13,-1.82671906339711e-13,-8.73648247711661e-07
3689.83203,0.457455,3.04199375e-07,7.75000000000005e-10,8.46233546858548e-10,-1.21330071955103e-12,-1.37464599871819e-13,-1.81444343556405e-13,-8.67777295269763e-07
3699.89738975,0.458702875,3.04937e-07,8.18687500000007e-10,8.42959218146718e-10,-2.7499034749038e-12,-1.04992682392062e-13,-1.72548063912219e-13,-8.25229870884526e-07
3710.00005475,0.459955375,3.0583675e-07,8.56812500000001e-10,8.4073373990874e-10,-7.26006932256683e-13,-1.11516609250036e-13,-1.52588196294763e-13,-7.29769634453214e-07
3720.07953,0.461205,3.06650625e-07,8.23124999999984e-10,8.41507204282205e-10,5.64176026675931e-13,-1.1878333811271e-13,-1.28134385218761e-13,-6.12816624959292e-07
3730.14690625,0.462453125,3.07483e-07,8.96562499999986e-10,8.41862091962092e-10,1.13046902421887e-12,-9.91149486126823e-14,-9.96936871735208e-14,-4.76795895177708e-07
3740.24453,0.463705,3.0844375e-07,8.9000000000003e-10,8.43768142330643e-10,6.40327746578633e-13,-1.30970351021176e-13,-6.51268110674297e-14,-3.11476052931186e-07
3750.37845075,0.464961375,3.09263e-07,8.06125000000018e-10,8.43142747455249e-10,7.00550631801149e-13,-1.21599692214063e-13,-2.38849217123254e-14,-1.14232234276339e-07
3760.46296725,0.466211625,3.10056e-07,7.96312499999972e-10,8.45169243594245e-10,1.15024570024494e-12,-3.33715777510035e-14,2.10981769814603e-14,1.00904324693941e-07
3770.5424425,0.46746125,3.10855625e-07,8.11500000000007e-10,8.45443238855739e-10,-1.90178571428597e-12,6.35501974764323e-14,6.59496997651003e-14,3.15411607572219e-07
3780.663256,0.468716,3.11679e-07,8.29875000000011e-10,8.41365672165673e-10,-1.71549227799227e-12,1.62378169280949e-13,1.19063476937969e-13,5.69434020138113e-07
3790.729624,0.469964,3.12515375e-07,8.6193750000001e-10,8.42012254299754e-10,-1.427913302949e-14,2.52983924182267e-13,1.81050489537893e-13,8.6589364561601e-07
3800.804058,0.471213,3.13402875e-07,9.04937500000006e-10,8.41337113899614e-10,3.99482274488478e-14,2.7656481662682e-13,2.4803419902655e-13,1.1862505170835e-06
3810.975284,0.472474,3.1432525e-07,8.70624999999972e-10,8.42092150754652e-10,2.41151939276939e-12,2.78395982989798e-13,3.22609487641821e-13,1.54291494089567e-06
3821.04467675,0.473722375,3.15144125e-07,8.68312499999974e-10,8.46160152685153e-10,3.13948095823033e-12,3.01462632332272e-13,3.97599430729623e-13,1.90156249479385e-06
3831.140284,0.474974,3.16061875e-07,8.17437500000025e-10,8.48371112671113e-10,1.06037206036803e-13,3.23257941748096e-13,4.6565689135011e-13,2.2270546977614e-06
3841.222784,0.476224,3.16779e-07,7.64062500000008e-10,8.46372227097226e-10,-2.28143208143238e-12,4.30635790526033e-13,5.34300150090619e-13,2.55534854391166e-06
3851.25991275,0.477468375,3.1759e-07,8.32874999999988e-10,8.43808248508248e-10,-1.22499561249451e-12,6.00953959453202e-13,6.12499210731237e-13,2.92934405132331e-06
3861.367619,0.4787215,3.1844475e-07,8.44000000000004e-10,8.43922235872237e-10,5.83040144848279e-13,7.59022459150711e-13,6.95666231677205e-13,3.32709936889098e-06
3871.4602015,0.47997275,3.19278e-07,9.03750000000013e-10,8.44974328797945e-10,1.07978108937961e-12,8.40429944580162e-13,7.66570916386573e-13,3.66620873054448e-06
3881.609246,0.481231,3.2025225e-07,9.06375000000006e-10,8.46081798050997e-10,1.13515741676975e-12,9.20679213721931e-13,8.38963946504333e-13,4.01243626589029e-06
3891.675614,0.482479,3.2109075e-07,8.63874999999997e-10,8.47244643631484e-10,1.19053374420343e-12,9.99770266577157e-13,9.12845322029382e-13,4.36578197492313e-06
3901.7722295,0.48373075,3.2198e-07,8.16812500000008e-10,8.48462865539403e-10,1.2459100716371e-12,1.07770310314589e-12,9.88215042961873e-13,4.72624585764374e-06
3911.840614,0.484979,3.22724375e-07,7.61187499999982e-10,8.49736463774758e-10,1.30128639906912e-12,1.15447772342803e-12,1.06507310930155e-12,5.09382791405089e-06
3921.923114,0.486229,3.23502375e-07,8.37187499999988e-10,8.51065438337542e-10,1.35666272650113e-12,1.23009412742368e-12,1.14341952104877e-12,5.46852814414629e-06
3932.02477075,0.487481375,3.2439875e-07,8.38125000000001e-10,8.5244978922776e-10,1.41203905393481e-12,1.30455231513289e-12,1.22325427820328e-12,5.85034654792873e-06
3942.1909555,0.48874175,3.25178625e-07,8.83124999999999e-10,8.53889516445411e-10,1.46741538137013e-12,1.3778522865555e-12,1.30457738076518e-12,6.23928312539869e-06
3952.26236475,0.489990375,3.26165e-07,9.34499999999988e-10,8.55384619990501e-10,1.5227917088038e-12,1.44999404169157e-12,1.38738882873437e-12,6.63533787655568e-06
3962.3519225,0.49124125,3.27047625e-07,8.41500000000015e-10,8.56935099863019e-10,1.57816803623251e-12,1.5209775805411e-12,1.471688622111e-12,7.03851080140043e-06
3972.42434,0.49249,3.27848e-07,8.43687500000009e-10,8.58540956062966e-10,1.63354436366453e-12,1.59080290310409e-12,1.55747676089502e-12,7.4488018999327e-06
3982.50684,0.49374,3.28735e-07,7.89999999999996e-10,8.60202188590348e-10,1.6889206910982e-12,1.65947000938053e-12,1.64475324508628e-12,7.86621117215177e-06
3992.59438125,0.494990625,3.29428e-07,7.65999999999995e-10,8.61918797445162e-10,1.74429701853187e-12,1.72697889937048e-12,1.73351807468493e-12,8.29073861805836e-06
4002.7525,0.49625,3.30267e-07,8.24499999999995e-10,8.63690782627412e-10,1.79967334596389e-12,1.79332957307389e-12,1.82377124969107e-12,8.72238423765294e-06
4012.826934,0.497499,3.31077e-07,9.1300000000003e-10,8.6551814413709e-10,1.85504967339591e-12,1.85852203049075e-12,1.9155127701044e-12,9.16114803093409e-06
4022.925566,0.498751,3.32093e-07,9.53437499999994e-10,8.67400881974204e-10,1.91042600082958e-12,1.92255627162112e-12,2.00874263592533e-12,9.60702999790375e-06
4032.983868,0.499998,3.32983875e-07,8.90874999999948e-10,8.69338996138749e-10,1.93811416454559e-12,1.9854322964649e-12,2.10346084715344e-12,1.00600301385599e-05
